Handle,Title,Body (HTML),Vendor,Product Category,Type,Tags,Published,Option1 Name,Option1 Value,Option1 Linked To,Option2 Name,Option2 Value,Option2 Linked To,Option3 Name,Option3 Value,Option3 Linked To,Variant SKU,Variant Grams,Variant Inventory Tracker,Variant Inventory Qty,Variant Inventory Policy,Variant Fulfillment Service,Variant Price,Variant Compare At Price,Variant Requires Shipping,Variant Taxable,Unit Price Total Measure,Unit Price Total Measure Unit,Unit Price Base Measure,Unit Price Base Measure Unit,Variant Barcode,Image Src,Image Position,Image Alt Text,Gift Card,SEO Title,SEO Description,Google Shopping / Google Product Category,Google Shopping / Gender,Google Shopping / Age Group,Google Shopping / MPN,Google Shopping / Condition,Google Shopping / Custom Product,Google Shopping / Custom Label 0,Google Shopping / Custom Label 1,Google Shopping / Custom Label 2,Google Shopping / Custom Label 3,Google Shopping / Custom Label 4,Google: Custom Product (product.metafields.mm-google-shopping.custom_product),Product rating count (product.metafields.reviews.rating_count),Activewear clothing features (product.metafields.shopify.activewear-clothing-features),Activity (product.metafields.shopify.activity),Age group (product.metafields.shopify.age-group),Baby/Toddler clothing features (product.metafields.shopify.baby-toddler-clothing-features),Baby/Toddler sleepwear style (product.metafields.shopify.baby-toddler-sleepwear-style),Care instructions (product.metafields.shopify.care-instructions),Clothing features (product.metafields.shopify.clothing-features),Color (product.metafields.shopify.color-pattern),Dress occasion (product.metafields.shopify.dress-occasion),Dress style (product.metafields.shopify.dress-style),Fabric (product.metafields.shopify.fabric),Fit (product.metafields.shopify.fit),Intimate apparel features (product.metafields.shopify.intimate-apparel-features),Neckline (product.metafields.shopify.neckline),One-piece style (product.metafields.shopify.one-piece-style),Outerwear clothing features (product.metafields.shopify.outerwear-clothing-features),Pants length type (product.metafields.shopify.pants-length-type),Size (product.metafields.shopify.size),Skirt/Dress length type (product.metafields.shopify.skirt-dress-length-type),Sleeve length type (product.metafields.shopify.sleeve-length-type),Target gender (product.metafields.shopify.target-gender),Top length type (product.metafields.shopify.top-length-type),Waist rise (product.metafields.shopify.waist-rise),Complementary products (product.metafields.shopify--discovery--product_recommendation.complementary_products),Related products (product.metafields.shopify--discovery--product_recommendation.related_products),Related products settings (product.metafields.shopify--discovery--product_recommendation.related_products_display),Search product boosts (product.metafields.shopify--discovery--product_search_boost.queries),Variant Image,Variant Weight Unit,Variant Tax Code,Cost per item,Included / Pakistan,Price / Pakistan,Compare At Price / Pakistan,Status
floral-bicycle-printed-women-hoodie-set-copy-3,,,,,,,,,Medium,,,fleece,,,purple,,'10715906,700.0,shopify,99,deny,manual,2199.00,1899.00,true,false,,,,,'10715906,,,,,,,,,,,,,,,,,,,,,,,,,,,,,,,,,,,,,,,,,,,,,,,https://cdn.shopify.com/s/files/1/0618/2368/0740/files/WhatsApp_Image_2024-12-24_at_6.03.16_PM.jpg?v=1735051490,g,,0.00,,,,
floral-bicycle-printed-women-hoodie-set-copy-3,,,,,,,,,Medium,,,fleece,,,brown,,'10715907,700.0,shopify,100,deny,manual,2199.00,1899.00,true,false,,,,,'10715907,,,,,,,,,,,,,,,,,,,,,,,,,,,,,,,,,,,,,,,,,,,,,,,https://cdn.shopify.com/s/files/1/0618/2368/0740/files/WhatsApp_Image_2024-12-24_at_6.03.17_PM.jpg?v=1735051490,g,,0.00,,,,
floral-bicycle-printed-women-hoodie-set-copy-3,,,,,,,,,Medium,,,fleece,,,silver,,'10715908,700.0,shopify,100,deny,manual,2199.00,1899.00,true,false,,,,,'10715908,,,,,,,,,,,,,,,,,,,,,,,,,,,,,,,,,,,,,,,,,,,,,,,https://cdn.shopify.com/s/files/1/0618/2368/0740/files/WhatsApp_Image_2024-12-24_at_6.03.17_PM_2.jpg?v=1735051490,g,,0.00,,,,
floral-bicycle-printed-women-hoodie-set-copy-3,,,,,,,,,Medium,,,fleece,,,navy-blue,,'10715909,700.0,shopify,100,deny,manual,2199.00,1899.00,true,false,,,,,'10715909,,,,,,,,,,,,,,,,,,,,,,,,,,,,,,,,,,,,,,,,,,,,,,,https://cdn.shopify.com/s/files/1/0618/2368/0740/files/WhatsApp_Image_2024-12-24_at_6.03.18_PM.jpg?v=1735051490,g,,0.00,,,,
floral-bicycle-printed-women-hoodie-set-copy-3,,,,,,,,,Medium,,,fleece,,,blue,,'10715910,700.0,shopify,100,deny,manual,2199.00,1899.00,true,false,,,,,'10715910,,,,,,,,,,,,,,,,,,,,,,,,,,,,,,,,,,,,,,,,,,,,,,,https://cdn.shopify.com/s/files/1/0618/2368/0740/files/WhatsApp_Image_2024-12-24_at_6.03.18_PM_1.jpg?v=1735051490,g,,0.00,,,,
floral-bicycle-printed-women-hoodie-set-copy-3,,,,,,,,,Large,,,fleece,,,black,,'10715911,700.0,shopify,100,deny,manual,2299.00,1899.00,true,false,,,,,'10715911,,,,,,,,,,,,,,,,,,,,,,,,,,,,,,,,,,,,,,,,,,,,,,,https://cdn.shopify.com/s/files/1/0618/2368/0740/files/WhatsApp_Image_2024-12-24_at_6.03.14_PM.jpg?v=1735206762,g,,0.00,,,,
floral-bicycle-printed-women-hoodie-set-copy-3,,,,,,,,,Large,,,fleece,,,gray-3,,'10715912,700.0,shopify,100,deny,manual,2299.00,1899.00,true,false,,,,,'10715912,,,,,,,,,,,,,,,,,,,,,,,,,,,,,,,,,,,,,,,,,,,,,,,https://cdn.shopify.com/s/files/1/0618/2368/0740/files/WhatsApp_Image_2024-12-24_at_6.03.14_PM_1.jpg?v=1735206762,g,,0.00,,,,
floral-bicycle-printed-women-hoodie-set-copy-3,,,,,,,,,Large,,,fleece,,,olive-green,,'10715913,700.0,shopify,100,deny,manual,2299.00,1899.00,true,false,,,,,'10715913,,,,,,,,,,,,,,,,,,,,,,,,,,,,,,,,,,,,,,,,,,,,,,,https://cdn.shopify.com/s/files/1/0618/2368/0740/files/WhatsApp_Image_2024-12-24_at_6.03.15_PM.jpg?v=1735206762,g,,0.00,,,,
floral-bicycle-printed-women-hoodie-set-copy-3,,,,,,,,,Large,,,fleece,,,beige,,'10715914,700.0,shopify,100,deny,manual,2299.00,1899.00,true,false,,,,,'10715914,,,,,,,,,,,,,,,,,,,,,,,,,,,,,,,,,,,,,,,,,,,,,,,https://cdn.shopify.com/s/files/1/0618/2368/0740/files/WhatsApp_Image_2024-12-24_at_6.04.37_PM.jpg?v=1735051490,g,,0.00,,,,
floral-bicycle-printed-women-hoodie-set-copy-3,,,,,,,,,Large,,,fleece,,,yellow,,'10715915,700.0,shopify,100,deny,manual,2299.00,1899.00,true,false,,,,,'10715915,,,,,,,,,,,,,,,,,,,,,,,,,,,,,,,,,,,,,,,,,,,,,,,https://cdn.shopify.com/s/files/1/0618/2368/0740/files/WhatsApp_Image_2024-12-24_at_6.03.15_PM_1.jpg?v=1735206732,g,,0.00,,,,
floral-bicycle-printed-women-hoodie-set-copy-3,,,,,,,,,Large,,,fleece,,,purple,,'10715916,700.0,shopify,100,deny,manual,2299.00,1899.00,true,false,,,,,'10715916,,,,,,,,,,,,,,,,,,,,,,,,,,,,,,,,,,,,,,,,,,,,,,,https://cdn.shopify.com/s/files/1/0618/2368/0740/files/WhatsApp_Image_2024-12-24_at_6.03.16_PM.jpg?v=1735051490,g,,0.00,,,,
floral-bicycle-printed-women-hoodie-set-copy-3,,,,,,,,,Large,,,fleece,,,brown,,'10715917,700.0,shopify,100,deny,manual,2299.00,1899.00,true,false,,,,,'10715917,,,,,,,,,,,,,,,,,,,,,,,,,,,,,,,,,,,,,,,,,,,,,,,https://cdn.shopify.com/s/files/1/0618/2368/0740/files/WhatsApp_Image_2024-12-24_at_6.03.17_PM.jpg?v=1735051490,g,,0.00,,,,
floral-bicycle-printed-women-hoodie-set-copy-3,,,,,,,,,Large,,,fleece,,,silver,,'10715918,700.0,shopify,100,deny,manual,2299.00,1899.00,true,false,,,,,'10715918,,,,,,,,,,,,,,,,,,,,,,,,,,,,,,,,,,,,,,,,,,,,,,,https://cdn.shopify.com/s/files/1/0618/2368/0740/files/WhatsApp_Image_2024-12-24_at_6.03.17_PM_2.jpg?v=1735051490,g,,0.00,,,,
floral-bicycle-printed-women-hoodie-set-copy-3,,,,,,,,,Large,,,fleece,,,navy-blue,,'10715919,700.0,shopify,100,deny,manual,2299.00,1899.00,true,false,,,,,'10715919,,,,,,,,,,,,,,,,,,,,,,,,,,,,,,,,,,,,,,,,,,,,,,,https://cdn.shopify.com/s/files/1/0618/2368/0740/files/WhatsApp_Image_2024-12-24_at_6.03.18_PM.jpg?v=1735051490,g,,0.00,,,,
floral-bicycle-printed-women-hoodie-set-copy-3,,,,,,,,,Large,,,fleece,,,blue,,'10715920,700.0,shopify,100,deny,manual,2299.00,1899.00,true,false,,,,,'10715920,,,,,,,,,,,,,,,,,,,,,,,,,,,,,,,,,,,,,,,,,,,,,,,https://cdn.shopify.com/s/files/1/0618/2368/0740/files/WhatsApp_Image_2024-12-24_at_6.03.18_PM_1.jpg?v=1735051490,g,,0.00,,,,
floral-bicycle-printed-women-hoodie-set-copy-3,,,,,,,,,XL,,,fleece,,,black,,'10715921,700.0,shopify,100,deny,manual,2399.00,1899.00,true,false,,,,,'10715921,,,,,,,,,,,,,,,,,,,,,,,,,,,,,,,,,,,,,,,,,,,,,,,https://cdn.shopify.com/s/files/1/0618/2368/0740/files/WhatsApp_Image_2024-12-24_at_6.03.14_PM.jpg?v=1735206762,g,,0.00,,,,
floral-bicycle-printed-women-hoodie-set-copy-3,,,,,,,,,XL,,,fleece,,,gray-3,,'10715922,700.0,shopify,100,deny,manual,2399.00,1899.00,true,false,,,,,'10715922,,,,,,,,,,,,,,,,,,,,,,,,,,,,,,,,,,,,,,,,,,,,,,,https://cdn.shopify.com/s/files/1/0618/2368/0740/files/WhatsApp_Image_2024-12-24_at_6.03.14_PM_1.jpg?v=1735206762,g,,0.00,,,,
floral-bicycle-printed-women-hoodie-set-copy-3,,,,,,,,,XL,,,fleece,,,olive-green,,'10715923,700.0,shopify,100,deny,manual,2399.00,1899.00,true,false,,,,,'10715923,,,,,,,,,,,,,,,,,,,,,,,,,,,,,,,,,,,,,,,,,,,,,,,https://cdn.shopify.com/s/files/1/0618/2368/0740/files/WhatsApp_Image_2024-12-24_at_6.03.15_PM.jpg?v=1735206762,g,,0.00,,,,
floral-bicycle-printed-women-hoodie-set-copy-3,,,,,,,,,XL,,,fleece,,,beige,,'10715924,700.0,shopify,100,deny,manual,2399.00,1899.00,true,false,,,,,'10715924,,,,,,,,,,,,,,,,,,,,,,,,,,,,,,,,,,,,,,,,,,,,,,,https://cdn.shopify.com/s/files/1/0618/2368/0740/files/WhatsApp_Image_2024-12-24_at_6.04.37_PM.jpg?v=1735051490,g,,0.00,,,,
floral-bicycle-printed-women-hoodie-set-copy-3,,,,,,,,,XL,,,fleece,,,yellow,,'10715925,700.0,shopify,100,deny,manual,2399.00,1899.00,true,false,,,,,'10715925,,,,,,,,,,,,,,,,,,,,,,,,,,,,,,,,,,,,,,,,,,,,,,,https://cdn.shopify.com/s/files/1/0618/2368/0740/files/WhatsApp_Image_2024-12-24_at_6.03.15_PM_1.jpg?v=1735206732,g,,0.00,,,,
floral-bicycle-printed-women-hoodie-set-copy-3,,,,,,,,,XL,,,fleece,,,purple,,'10715926,700.0,shopify,100,deny,manual,2399.00,1899.00,true,false,,,,,'10715926,,,,,,,,,,,,,,,,,,,,,,,,,,,,,,,,,,,,,,,,,,,,,,,https://cdn.shopify.com/s/files/1/0618/2368/0740/files/WhatsApp_Image_2024-12-24_at_6.03.16_PM.jpg?v=1735051490,g,,0.00,,,,
floral-bicycle-printed-women-hoodie-set-copy-3,,,,,,,,,XL,,,fleece,,,brown,,'10715927,700.0,shopify,100,deny,manual,2399.00,1899.00,true,false,,,,,'10715927,,,,,,,,,,,,,,,,,,,,,,,,,,,,,,,,,,,,,,,,,,,,,,,https://cdn.shopify.com/s/files/1/0618/2368/0740/files/WhatsApp_Image_2024-12-24_at_6.03.17_PM.jpg?v=1735051490,g,,0.00,,,,
floral-bicycle-printed-women-hoodie-set-copy-3,,,,,,,,,XL,,,fleece,,,silver,,'10715928,700.0,shopify,100,deny,manual,2399.00,1899.00,true,false,,,,,'10715928,,,,,,,,,,,,,,,,,,,,,,,,,,,,,,,,,,,,,,,,,,,,,,,https://cdn.shopify.com/s/files/1/0618/2368/0740/files/WhatsApp_Image_2024-12-24_at_6.03.17_PM_2.jpg?v=1735051490,g,,0.00,,,,
floral-bicycle-printed-women-hoodie-set-copy-3,,,,,,,,,XL,,,fleece,,,navy-blue,,'10715929,700.0,shopify,100,deny,manual,2399.00,1899.00,true,false,,,,,'10715929,,,,,,,,,,,,,,,,,,,,,,,,,,,,,,,,,,,,,,,,,,,,,,,https://cdn.shopify.com/s/files/1/0618/2368/0740/files/WhatsApp_Image_2024-12-24_at_6.03.18_PM.jpg?v=1735051490,g,,0.00,,,,
floral-bicycle-printed-women-hoodie-set-copy-3,,,,,,,,,XL,,,fleece,,,blue,,'10706966,700.0,shopify,100,deny,manual,2399.00,1899.00,true,false,,,,,'10706966,,,,,,,,,,,,,,,,,,,,,,,,,,,,,,,,,,,,,,,,,,,,,,,https://cdn.shopify.com/s/files/1/0618/2368/0740/files/WhatsApp_Image_2024-12-24_at_6.03.18_PM_1.jpg?v=1735051490,g,,0.00,,,,
bts-printed-women-hoodie-set-copy,Multi Butterfly Printed Women Hoodie Set,"<h4>Multi Butterfly Printed Women Hoodie Set</h4>
<ul class=""a-unordered-list a-vertical a-spacing-mini"">
<li>
<p>Pair of Hoodie &amp; Trouser</p>
<p>Fabric: Soft High-Quality Fleece</p>
<p>Full Sleeve &amp; Hoodie</p>
<p>Contrast Trouser</p>
<p>Round Neck</p>
<p>Comfortable Wear </p>
<p>Easy Wash &amp; Press</p>
</li>
</ul>",BBG FASHION,Apparel & Accessories > Clothing,Hoodie Set For Her,"Hoodie Set For Her, wintercollection, woo",false,Size,Small,,Fabric,fleece,product.metafields.shopify.fabric,Color,navy-blue,product.metafields.shopify.color-pattern,'10715852,700.0,shopify,100,deny,manual,2199.00,1899.00,true,false,,,,,'10715852,https://cdn.shopify.com/s/files/1/0618/2368/0740/files/WhatsApp_Image_2024-12-24_at_5.56.22_PM.jpg?v=1735050826,1,Bts Printed Women Hoodie Set Copy - front view - women's wear Pakistan,false,,,,,,,,,,,,,,,,,,,,,,,navy-blue; gray-3; olive-green; beige; yellow; purple; brown; silver; blue; black,,,fleece,,,,,,,,,,,,,,,,,https://cdn.shopify.com/s/files/1/0618/2368/0740/files/WhatsApp_Image_2024-12-24_at_5.56.27_PM.jpg?v=1735050783,g,,0.00,true,,,draft
bts-printed-women-hoodie-set-copy,,,,,,,,,Small,,,fleece,,,gray-3,,'10715853,700.0,shopify,100,deny,manual,2199.00,1899.00,true,false,,,,,'10715853,https://cdn.shopify.com/s/files/1/0618/2368/0740/files/WhatsApp_Image_2024-12-24_at_5.56.23_PM.jpg?v=1735050891,2,Bts Printed Women Hoodie Set Copy - back view - women's wear Pakistan,,,,,,,,,,,,,,,,,,,,,,,,,,,,,,,,,,,,,,,,,,,,https://cdn.shopify.com/s/files/1/0618/2368/0740/files/WhatsApp_Image_2024-12-24_at_5.56.24_PM.jpg?v=1735050784,g,,0.00,,,,
bts-printed-women-hoodie-set-copy,,,,,,,,,Small,,,fleece,,,olive-green,,'10715854,700.0,shopify,100,deny,manual,2199.00,1899.00,true,false,,,,,'10715854,https://cdn.shopify.com/s/files/1/0618/2368/0740/files/WhatsApp_Image_2024-12-20_at_4.49.09_PM.jpg?v=1758896990,3,We See What We Want Printed Women Hoodie Set Copy - back view - women's wear Pakistan,,,,,,,,,,,,,,,,,,,,,,,,,,,,,,,,,,,,,,,,,,,,https://cdn.shopify.com/s/files/1/0618/2368/0740/files/WhatsApp_Image_2024-12-24_at_5.56.25_PM.jpg?v=1735050784,g,,0.00,,,,
bts-printed-women-hoodie-set-copy,,,,,,,,,Small,,,fleece,,,beige,,'10715855,700.0,shopify,100,deny,manual,2199.00,1899.00,true,false,,,,,'10715855,https://cdn.shopify.com/s/files/1/0618/2368/0740/files/WhatsApp_Image_2024-12-24_at_5.56.24_PM.jpg?v=1735050784,4,Bts Printed Women Hoodie Set Copy - detail shot - women's wear Pakistan,,,,,,,,,,,,,,,,,,,,,,,,,,,,,,,,,,,,,,,,,,,,https://cdn.shopify.com/s/files/1/0618/2368/0740/files/WhatsApp_Image_2024-12-24_at_5.56.22_PM.jpg?v=1735050826,g,,0.00,,,,
bts-printed-women-hoodie-set-copy,,,,,,,,,Small,,,fleece,,,yellow,,'10715856,700.0,shopify,100,deny,manual,2199.00,1899.00,true,false,,,,,'10715856,https://cdn.shopify.com/s/files/1/0618/2368/0740/files/WhatsApp_Image_2024-12-24_at_5.56.25_PM_1.jpg?v=1735050784,5,Bts Printed Women Hoodie Set Copy - front view - women's wear Pakistan,,,,,,,,,,,,,,,,,,,,,,,,,,,,,,,,,,,,,,,,,,,,https://cdn.shopify.com/s/files/1/0618/2368/0740/files/WhatsApp_Image_2024-12-24_at_5.56.25_PM_1.jpg?v=1735050784,g,,0.00,,,,
bts-printed-women-hoodie-set-copy,,,,,,,,,Small,,,fleece,,,purple,,'10715857,700.0,shopify,100,deny,manual,2199.00,1899.00,true,false,,,,,'10715857,https://cdn.shopify.com/s/files/1/0618/2368/0740/files/WhatsApp_Image_2024-12-24_at_5.56.25_PM_2.jpg?v=1735050784,6,Bts Printed Women Hoodie Set Copy - back view - women's wear Pakistan,,,,,,,,,,,,,,,,,,,,,,,,,,,,,,,,,,,,,,,,,,,,https://cdn.shopify.com/s/files/1/0618/2368/0740/files/WhatsApp_Image_2024-12-24_at_5.56.25_PM_2.jpg?v=1735050784,g,,0.00,,,,
bts-printed-women-hoodie-set-copy,,,,,,,,,Small,,,fleece,,,brown,,'10715858,700.0,shopify,100,deny,manual,2199.00,1899.00,true,false,,,,,'10715858,https://cdn.shopify.com/s/files/1/0618/2368/0740/files/WhatsApp_Image_2024-12-24_at_5.56.25_PM.jpg?v=1735050784,7,Bts Printed Women Hoodie Set Copy - side view - women's wear Pakistan,,,,,,,,,,,,,,,,,,,,,,,,,,,,,,,,,,,,,,,,,,,,https://cdn.shopify.com/s/files/1/0618/2368/0740/files/WhatsApp_Image_2024-12-24_at_5.56.26_PM.jpg?v=1735050784,g,,0.00,,,,
bts-printed-women-hoodie-set-copy,,,,,,,,,Small,,,fleece,,,silver,,'10715859,700.0,shopify,100,deny,manual,2199.00,1899.00,true,false,,,,,'10715859,https://cdn.shopify.com/s/files/1/0618/2368/0740/files/WhatsApp_Image_2024-12-24_at_5.56.26_PM_1.jpg?v=1735050784,8,Bts Printed Women Hoodie Set Copy - detail shot - women's wear Pakistan,,,,,,,,,,,,,,,,,,,,,,,,,,,,,,,,,,,,,,,,,,,,https://cdn.shopify.com/s/files/1/0618/2368/0740/files/WhatsApp_Image_2024-12-24_at_5.56.26_PM_1.jpg?v=1735050784,g,,0.00,,,,
bts-printed-women-hoodie-set-copy,,,,,,,,,Small,,,fleece,,,blue,,'10715860,700.0,shopify,100,deny,manual,2199.00,1899.00,true,false,,,,,'10715860,https://cdn.shopify.com/s/files/1/0618/2368/0740/files/WhatsApp_Image_2024-12-24_at_5.56.26_PM.jpg?v=1735050784,9,Bts Printed Women Hoodie Set Copy - front view - women's wear Pakistan,,,,,,,,,,,,,,,,,,,,,,,,,,,,,,,,,,,,,,,,,,,,https://cdn.shopify.com/s/files/1/0618/2368/0740/files/WhatsApp_Image_2024-12-24_at_5.56.27_PM_1.jpg?v=1735050783,g,,0.00,,,,
bts-printed-women-hoodie-set-copy,,,,,,,,,Small,,,fleece,,,black,,'10715861,700.0,shopify,98,deny,manual,2199.00,1899.00,true,false,,,,,'10715861,https://cdn.shopify.com/s/files/1/0618/2368/0740/files/WhatsApp_Image_2024-12-24_at_5.56.27_PM_1.jpg?v=1735050783,10,Bts Printed Women Hoodie Set Copy - back view - women's wear Pakistan,,,,,,,,,,,,,,,,,,,,,,,,,,,,,,,,,,,,,,,,,,,,https://cdn.shopify.com/s/files/1/0618/2368/0740/files/WhatsApp_Image_2024-12-24_at_5.56.23_PM.jpg?v=1735050891,g,,0.00,,,,
bts-printed-women-hoodie-set-copy,,,,,,,,,Medium,,,fleece,,,navy-blue,,'10715862,700.0,shopify,100,deny,manual,2199.00,1899.00,true,false,,,,,'10715862,https://cdn.shopify.com/s/files/1/0618/2368/0740/files/WhatsApp_Image_2024-12-24_at_5.56.27_PM.jpg?v=1735050783,11,Bts Printed Women Hoodie Set Copy - side view - women's wear Pakistan,,,,,,,,,,,,,,,,,,,,,,,,,,,,,,,,,,,,,,,,,,,,https://cdn.shopify.com/s/files/1/0618/2368/0740/files/WhatsApp_Image_2024-12-24_at_5.56.27_PM.jpg?v=1735050783,g,,0.00,,,,
bts-printed-women-hoodie-set-copy,,,,,,,,,Medium,,,fleece,,,gray-3,,'10715863,700.0,shopify,100,deny,manual,2199.00,1899.00,true,false,,,,,'10715863,,,,,,,,,,,,,,,,,,,,,,,,,,,,,,,,,,,,,,,,,,,,,,,https://cdn.shopify.com/s/files/1/0618/2368/0740/files/WhatsApp_Image_2024-12-24_at_5.56.24_PM.jpg?v=1735050784,g,,0.00,,,,
bts-printed-women-hoodie-set-copy,,,,,,,,,Medium,,,fleece,,,olive-green,,'10715864,700.0,shopify,100,deny,manual,2199.00,1899.00,true,false,,,,,'10715864,,,,,,,,,,,,,,,,,,,,,,,,,,,,,,,,,,,,,,,,,,,,,,,https://cdn.shopify.com/s/files/1/0618/2368/0740/files/WhatsApp_Image_2024-12-24_at_5.56.25_PM.jpg?v=1735050784,g,,0.00,,,,
bts-printed-women-hoodie-set-copy,,,,,,,,,Medium,,,fleece,,,beige,,'10715865,700.0,shopify,100,deny,manual,2199.00,1899.00,true,false,,,,,'10715865,,,,,,,,,,,,,,,,,,,,,,,,,,,,,,,,,,,,,,,,,,,,,,,https://cdn.shopify.com/s/files/1/0618/2368/0740/files/WhatsApp_Image_2024-12-24_at_5.56.22_PM.jpg?v=1735050826,g,,0.00,,,,
bts-printed-women-hoodie-set-copy,,,,,,,,,Medium,,,fleece,,,yellow,,'10715866,700.0,shopify,100,deny,manual,2199.00,1899.00,true,false,,,,,'10715866,,,,,,,,,,,,,,,,,,,,,,,,,,,,,,,,,,,,,,,,,,,,,,,https://cdn.shopify.com/s/files/1/0618/2368/0740/files/WhatsApp_Image_2024-12-24_at_5.56.25_PM_1.jpg?v=1735050784,g,,0.00,,,,
bts-printed-women-hoodie-set-copy,,,,,,,,,Medium,,,fleece,,,purple,,'10715867,700.0,shopify,100,deny,manual,2199.00,1899.00,true,false,,,,,'10715867,,,,,,,,,,,,,,,,,,,,,,,,,,,,,,,,,,,,,,,,,,,,,,,https://cdn.shopify.com/s/files/1/0618/2368/0740/files/WhatsApp_Image_2024-12-24_at_5.56.25_PM_2.jpg?v=1735050784,g,,0.00,,,,
bts-printed-women-hoodie-set-copy,,,,,,,,,Medium,,,fleece,,,brown,,'10715868,700.0,shopify,100,deny,manual,2199.00,1899.00,true,false,,,,,'10715868,,,,,,,,,,,,,,,,,,,,,,,,,,,,,,,,,,,,,,,,,,,,,,,https://cdn.shopify.com/s/files/1/0618/2368/0740/files/WhatsApp_Image_2024-12-24_at_5.56.26_PM.jpg?v=1735050784,g,,0.00,,,,
bts-printed-women-hoodie-set-copy,,,,,,,,,Medium,,,fleece,,,silver,,'10715869,700.0,shopify,100,deny,manual,2199.00,1899.00,true,false,,,,,'10715869,,,,,,,,,,,,,,,,,,,,,,,,,,,,,,,,,,,,,,,,,,,,,,,https://cdn.shopify.com/s/files/1/0618/2368/0740/files/WhatsApp_Image_2024-12-24_at_5.56.26_PM_1.jpg?v=1735050784,g,,0.00,,,,
bts-printed-women-hoodie-set-copy,,,,,,,,,Medium,,,fleece,,,blue,,'10715870,700.0,shopify,100,deny,manual,2199.00,1899.00,true,false,,,,,'10715870,,,,,,,,,,,,,,,,,,,,,,,,,,,,,,,,,,,,,,,,,,,,,,,https://cdn.shopify.com/s/files/1/0618/2368/0740/files/WhatsApp_Image_2024-12-24_at_5.56.27_PM_1.jpg?v=1735050783,g,,0.00,,,,
bts-printed-women-hoodie-set-copy,,,,,,,,,Medium,,,fleece,,,black,,'10715871,700.0,shopify,100,deny,manual,2199.00,1899.00,true,false,,,,,'10715871,,,,,,,,,,,,,,,,,,,,,,,,,,,,,,,,,,,,,,,,,,,,,,,https://cdn.shopify.com/s/files/1/0618/2368/0740/files/WhatsApp_Image_2024-12-24_at_5.56.23_PM.jpg?v=1735050891,g,,0.00,,,,
bts-printed-women-hoodie-set-copy,,,,,,,,,Large,,,fleece,,,navy-blue,,'10715872,700.0,shopify,100,deny,manual,2299.00,1899.00,true,false,,,,,'10715872,,,,,,,,,,,,,,,,,,,,,,,,,,,,,,,,,,,,,,,,,,,,,,,https://cdn.shopify.com/s/files/1/0618/2368/0740/files/WhatsApp_Image_2024-12-24_at_5.56.27_PM.jpg?v=1735050783,g,,0.00,,,,
bts-printed-women-hoodie-set-copy,,,,,,,,,Large,,,fleece,,,gray-3,,'10715873,700.0,shopify,100,deny,manual,2299.00,1899.00,true,false,,,,,'10715873,,,,,,,,,,,,,,,,,,,,,,,,,,,,,,,,,,,,,,,,,,,,,,,https://cdn.shopify.com/s/files/1/0618/2368/0740/files/WhatsApp_Image_2024-12-24_at_5.56.24_PM.jpg?v=1735050784,g,,0.00,,,,
bts-printed-women-hoodie-set-copy,,,,,,,,,Large,,,fleece,,,olive-green,,'10715874,700.0,shopify,100,deny,manual,2299.00,1899.00,true,false,,,,,'10715874,,,,,,,,,,,,,,,,,,,,,,,,,,,,,,,,,,,,,,,,,,,,,,,https://cdn.shopify.com/s/files/1/0618/2368/0740/files/WhatsApp_Image_2024-12-24_at_5.56.25_PM.jpg?v=1735050784,g,,0.00,,,,
bts-printed-women-hoodie-set-copy,,,,,,,,,Large,,,fleece,,,beige,,'10715875,700.0,shopify,100,deny,manual,2299.00,1899.00,true,false,,,,,'10715875,,,,,,,,,,,,,,,,,,,,,,,,,,,,,,,,,,,,,,,,,,,,,,,https://cdn.shopify.com/s/files/1/0618/2368/0740/files/WhatsApp_Image_2024-12-24_at_5.56.22_PM.jpg?v=1735050826,g,,0.00,,,,
bts-printed-women-hoodie-set-copy,,,,,,,,,Large,,,fleece,,,yellow,,'10715876,700.0,shopify,100,deny,manual,2299.00,1899.00,true,false,,,,,'10715876,,,,,,,,,,,,,,,,,,,,,,,,,,,,,,,,,,,,,,,,,,,,,,,https://cdn.shopify.com/s/files/1/0618/2368/0740/files/WhatsApp_Image_2024-12-24_at_5.56.25_PM_1.jpg?v=1735050784,g,,0.00,,,,
bts-printed-women-hoodie-set-copy,,,,,,,,,Large,,,fleece,,,purple,,'10715877,700.0,shopify,100,deny,manual,2299.00,1899.00,true,false,,,,,'10715877,,,,,,,,,,,,,,,,,,,,,,,,,,,,,,,,,,,,,,,,,,,,,,,https://cdn.shopify.com/s/files/1/0618/2368/0740/files/WhatsApp_Image_2024-12-24_at_5.56.25_PM_2.jpg?v=1735050784,g,,0.00,,,,
bts-printed-women-hoodie-set-copy,,,,,,,,,Large,,,fleece,,,brown,,'10715878,700.0,shopify,100,deny,manual,2299.00,1899.00,true,false,,,,,'10715878,,,,,,,,,,,,,,,,,,,,,,,,,,,,,,,,,,,,,,,,,,,,,,,https://cdn.shopify.com/s/files/1/0618/2368/0740/files/WhatsApp_Image_2024-12-24_at_5.56.26_PM.jpg?v=1735050784,g,,0.00,,,,
bts-printed-women-hoodie-set-copy,,,,,,,,,Large,,,fleece,,,silver,,'10715879,700.0,shopify,100,deny,manual,2299.00,1899.00,true,false,,,,,'10715879,,,,,,,,,,,,,,,,,,,,,,,,,,,,,,,,,,,,,,,,,,,,,,,https://cdn.shopify.com/s/files/1/0618/2368/0740/files/WhatsApp_Image_2024-12-24_at_5.56.26_PM_1.jpg?v=1735050784,g,,0.00,,,,
bts-printed-women-hoodie-set-copy,,,,,,,,,Large,,,fleece,,,blue,,'10715880,700.0,shopify,100,deny,manual,2299.00,1899.00,true,false,,,,,'10715880,,,,,,,,,,,,,,,,,,,,,,,,,,,,,,,,,,,,,,,,,,,,,,,https://cdn.shopify.com/s/files/1/0618/2368/0740/files/WhatsApp_Image_2024-12-24_at_5.56.27_PM_1.jpg?v=1735050783,g,,0.00,,,,
bts-printed-women-hoodie-set-copy,,,,,,,,,Large,,,fleece,,,black,,'10715881,700.0,shopify,100,deny,manual,2299.00,1899.00,true,false,,,,,'10715881,,,,,,,,,,,,,,,,,,,,,,,,,,,,,,,,,,,,,,,,,,,,,,,https://cdn.shopify.com/s/files/1/0618/2368/0740/files/WhatsApp_Image_2024-12-24_at_5.56.23_PM.jpg?v=1735050891,g,,0.00,,,,
bts-printed-women-hoodie-set-copy,,,,,,,,,XL,,,fleece,,,navy-blue,,'10715882,700.0,shopify,100,deny,manual,2399.00,1899.00,true,false,,,,,'10715882,,,,,,,,,,,,,,,,,,,,,,,,,,,,,,,,,,,,,,,,,,,,,,,https://cdn.shopify.com/s/files/1/0618/2368/0740/files/WhatsApp_Image_2024-12-24_at_5.56.27_PM.jpg?v=1735050783,g,,0.00,,,,
bts-printed-women-hoodie-set-copy,,,,,,,,,XL,,,fleece,,,gray-3,,'10715883,700.0,shopify,100,deny,manual,2399.00,1899.00,true,false,,,,,'10715883,,,,,,,,,,,,,,,,,,,,,,,,,,,,,,,,,,,,,,,,,,,,,,,https://cdn.shopify.com/s/files/1/0618/2368/0740/files/WhatsApp_Image_2024-12-24_at_5.56.24_PM.jpg?v=1735050784,g,,0.00,,,,
bts-printed-women-hoodie-set-copy,,,,,,,,,XL,,,fleece,,,olive-green,,'10715884,700.0,shopify,100,deny,manual,2399.00,1899.00,true,false,,,,,'10715884,,,,,,,,,,,,,,,,,,,,,,,,,,,,,,,,,,,,,,,,,,,,,,,https://cdn.shopify.com/s/files/1/0618/2368/0740/files/WhatsApp_Image_2024-12-24_at_5.56.25_PM.jpg?v=1735050784,g,,0.00,,,,
bts-printed-women-hoodie-set-copy,,,,,,,,,XL,,,fleece,,,beige,,'10715885,700.0,shopify,100,deny,manual,2399.00,1899.00,true,false,,,,,'10715885,,,,,,,,,,,,,,,,,,,,,,,,,,,,,,,,,,,,,,,,,,,,,,,https://cdn.shopify.com/s/files/1/0618/2368/0740/files/WhatsApp_Image_2024-12-24_at_5.56.22_PM.jpg?v=1735050826,g,,0.00,,,,
bts-printed-women-hoodie-set-copy,,,,,,,,,XL,,,fleece,,,yellow,,'10715886,700.0,shopify,100,deny,manual,2399.00,1899.00,true,false,,,,,'10715886,,,,,,,,,,,,,,,,,,,,,,,,,,,,,,,,,,,,,,,,,,,,,,,https://cdn.shopify.com/s/files/1/0618/2368/0740/files/WhatsApp_Image_2024-12-24_at_5.56.25_PM_1.jpg?v=1735050784,g,,0.00,,,,
bts-printed-women-hoodie-set-copy,,,,,,,,,XL,,,fleece,,,purple,,'10715887,700.0,shopify,100,deny,manual,2399.00,1899.00,true,false,,,,,'10715887,,,,,,,,,,,,,,,,,,,,,,,,,,,,,,,,,,,,,,,,,,,,,,,https://cdn.shopify.com/s/files/1/0618/2368/0740/files/WhatsApp_Image_2024-12-24_at_5.56.25_PM_2.jpg?v=1735050784,g,,0.00,,,,
bts-printed-women-hoodie-set-copy,,,,,,,,,XL,,,fleece,,,brown,,'10715888,700.0,shopify,100,deny,manual,2399.00,1899.00,true,false,,,,,'10715888,,,,,,,,,,,,,,,,,,,,,,,,,,,,,,,,,,,,,,,,,,,,,,,https://cdn.shopify.com/s/files/1/0618/2368/0740/files/WhatsApp_Image_2024-12-24_at_5.56.26_PM.jpg?v=1735050784,g,,0.00,,,,
bts-printed-women-hoodie-set-copy,,,,,,,,,XL,,,fleece,,,silver,,'10715889,700.0,shopify,100,deny,manual,2399.00,1899.00,true,false,,,,,'10715889,,,,,,,,,,,,,,,,,,,,,,,,,,,,,,,,,,,,,,,,,,,,,,,https://cdn.shopify.com/s/files/1/0618/2368/0740/files/WhatsApp_Image_2024-12-24_at_5.56.26_PM_1.jpg?v=1735050784,g,,0.00,,,,
bts-printed-women-hoodie-set-copy,,,,,,,,,XL,,,fleece,,,blue,,'10715890,700.0,shopify,100,deny,manual,2399.00,1899.00,true,false,,,,,'10715890,,,,,,,,,,,,,,,,,,,,,,,,,,,,,,,,,,,,,,,,,,,,,,,https://cdn.shopify.com/s/files/1/0618/2368/0740/files/WhatsApp_Image_2024-12-24_at_5.56.27_PM_1.jpg?v=1735050783,g,,0.00,,,,
bts-printed-women-hoodie-set-copy,,,,,,,,,XL,,,fleece,,,black,,'10706965,700.0,shopify,100,deny,manual,2399.00,1899.00,true,false,,,,,'10706965,,,,,,,,,,,,,,,,,,,,,,,,,,,,,,,,,,,,,,,,,,,,,,,https://cdn.shopify.com/s/files/1/0618/2368/0740/files/WhatsApp_Image_2024-12-24_at_5.56.23_PM.jpg?v=1735050891,g,,0.00,,,,
floral-bicycle-printed-women-hoodie-set-copy-2,Multi Love Printed Women Hoodie Set,"<h4>Multi Love Printed Women Hoodie Set </h4>
<ul class=""a-unordered-list a-vertical a-spacing-mini"">
<li>
<p>Pair of Hoodie &amp; Trouser</p>
<p>Fabric: Soft High-Quality Fleece</p>
<p>Full Sleeve &amp; Hoodie</p>
<p>Contrast Trouser</p>
<p>Round Neck</p>
<p>Comfortable Wear </p>
<p>Easy Wash &amp; Press</p>
</li>
</ul>",BBG FASHION,Apparel & Accessories > Clothing,Hoodie Set For Her,"Hoodie Set For Her, wintercollection, woo",false,Size,Small,,Fabric,fleece,product.metafields.shopify.fabric,Color,gray-3,product.metafields.shopify.color-pattern,'10715813,700.0,shopify,100,deny,manual,2199.00,1899.00,true,false,,,,,'10715813,https://cdn.shopify.com/s/files/1/0618/2368/0740/files/WhatsApp_Image_2024-12-24_at_5.40.27_PM.jpg?v=1735206592,1,Floral Bicycle Printed Women Hoodie Set Copy 2 - front view - women's wear Pakistan,false,,,,,,,,,,,,,,,,,,,,,,,gray-3; olive-green; beige; yellow; purple; brown; silver; navy-blue; blue; black,,,fleece,,,,,,,,,,,,,,,,,https://cdn.shopify.com/s/files/1/0618/2368/0740/files/WhatsApp_Image_2024-12-24_at_5.40.27_PM.jpg?v=1735206592,g,,0.00,true,,,draft
floral-bicycle-printed-women-hoodie-set-copy-2,,,,,,,,,Small,,,fleece,,,olive-green,,'10715814,700.0,shopify,100,deny,manual,2199.00,1899.00,true,false,,,,,'10715814,https://cdn.shopify.com/s/files/1/0618/2368/0740/files/WhatsApp_Image_2024-12-24_at_5.40.28_PM.jpg?v=1735206592,2,Floral Bicycle Printed Women Hoodie Set Copy 2 - back view - women's wear Pakistan,,,,,,,,,,,,,,,,,,,,,,,,,,,,,,,,,,,,,,,,,,,,https://cdn.shopify.com/s/files/1/0618/2368/0740/files/WhatsApp_Image_2024-12-24_at_5.40.28_PM.jpg?v=1735206592,g,,0.00,,,,
floral-bicycle-printed-women-hoodie-set-copy-2,,,,,,,,,Small,,,fleece,,,beige,,'10715815,700.0,shopify,100,deny,manual,2199.00,1899.00,true,false,,,,,'10715815,https://cdn.shopify.com/s/files/1/0618/2368/0740/files/WhatsApp_Image_2024-12-24_at_5.40.25_PM.jpg?v=1735206592,3,Floral Bicycle Printed Women Hoodie Set Copy 2 - side view - women's wear Pakistan,,,,,,,,,,,,,,,,,,,,,,,,,,,,,,,,,,,,,,,,,,,,https://cdn.shopify.com/s/files/1/0618/2368/0740/files/WhatsApp_Image_2024-12-24_at_5.40.25_PM.jpg?v=1735206592,g,,0.00,,,,
floral-bicycle-printed-women-hoodie-set-copy-2,,,,,,,,,Small,,,fleece,,,yellow,,'10715816,700.0,shopify,100,deny,manual,2199.00,1899.00,true,false,,,,,'10715816,https://cdn.shopify.com/s/files/1/0618/2368/0740/files/WhatsApp_Image_2024-12-24_at_5.40.26_PM.jpg?v=1735206592,4,Floral Bicycle Printed Women Hoodie Set Copy 2 - detail shot - women's wear Pakistan,,,,,,,,,,,,,,,,,,,,,,,,,,,,,,,,,,,,,,,,,,,,https://cdn.shopify.com/s/files/1/0618/2368/0740/files/WhatsApp_Image_2024-12-24_at_5.40.28_PM_1.jpg?v=1735048315,g,,0.00,,,,
floral-bicycle-printed-women-hoodie-set-copy-2,,,,,,,,,Small,,,fleece,,,purple,,'10715817,700.0,shopify,100,deny,manual,2199.00,1899.00,true,false,,,,,'10715817,https://cdn.shopify.com/s/files/1/0618/2368/0740/files/WhatsApp_Image_2024-12-20_at_4.49.09_PM.jpg?v=1758896990,5,We See What We Want Printed Women Hoodie Set Copy - back view - women's wear Pakistan,,,,,,,,,,,,,,,,,,,,,,,,,,,,,,,,,,,,,,,,,,,,https://cdn.shopify.com/s/files/1/0618/2368/0740/files/WhatsApp_Image_2024-12-24_at_5.40.29_PM.jpg?v=1735048315,g,,0.00,,,,
floral-bicycle-printed-women-hoodie-set-copy-2,,,,,,,,,Small,,,fleece,,,brown,,'10715818,700.0,shopify,100,deny,manual,2199.00,1899.00,true,false,,,,,'10715818,https://cdn.shopify.com/s/files/1/0618/2368/0740/files/WhatsApp_Image_2024-12-24_at_5.40.28_PM_1.jpg?v=1735048315,6,Floral Bicycle Printed Women Hoodie Set Copy 2 - back view - women's wear Pakistan,,,,,,,,,,,,,,,,,,,,,,,,,,,,,,,,,,,,,,,,,,,,https://cdn.shopify.com/s/files/1/0618/2368/0740/files/WhatsApp_Image_2024-12-24_at_5.40.30_PM.jpg?v=1735048315,g,,0.00,,,,
floral-bicycle-printed-women-hoodie-set-copy-2,,,,,,,,,Small,,,fleece,,,silver,,'10715819,700.0,shopify,100,deny,manual,2199.00,1899.00,true,false,,,,,'10715819,https://cdn.shopify.com/s/files/1/0618/2368/0740/files/WhatsApp_Image_2024-12-24_at_5.40.29_PM.jpg?v=1735048315,7,Floral Bicycle Printed Women Hoodie Set Copy 2 - side view - women's wear Pakistan,,,,,,,,,,,,,,,,,,,,,,,,,,,,,,,,,,,,,,,,,,,,https://cdn.shopify.com/s/files/1/0618/2368/0740/files/WhatsApp_Image_2024-12-24_at_5.40.31_PM.jpg?v=1735048315,g,,0.00,,,,
floral-bicycle-printed-women-hoodie-set-copy-2,,,,,,,,,Small,,,fleece,,,navy-blue,,'10715820,700.0,shopify,100,deny,manual,2199.00,1899.00,true,false,,,,,'10715820,https://cdn.shopify.com/s/files/1/0618/2368/0740/files/WhatsApp_Image_2024-12-24_at_5.40.30_PM.jpg?v=1735048315,8,Floral Bicycle Printed Women Hoodie Set Copy 2 - detail shot - women's wear Pakistan,,,,,,,,,,,,,,,,,,,,,,,,,,,,,,,,,,,,,,,,,,,,https://cdn.shopify.com/s/files/1/0618/2368/0740/files/WhatsApp_Image_2024-12-24_at_5.40.31_PM_2.jpg?v=1735048315,g,,0.00,,,,
floral-bicycle-printed-women-hoodie-set-copy-2,,,,,,,,,Small,,,fleece,,,blue,,'10715821,700.0,shopify,100,deny,manual,2199.00,1899.00,true,false,,,,,'10715821,https://cdn.shopify.com/s/files/1/0618/2368/0740/files/WhatsApp_Image_2024-12-24_at_5.40.31_PM_1.jpg?v=1735048315,9,Floral Bicycle Printed Women Hoodie Set Copy 2 - front view - women's wear Pakistan,,,,,,,,,,,,,,,,,,,,,,,,,,,,,,,,,,,,,,,,,,,,https://cdn.shopify.com/s/files/1/0618/2368/0740/files/WhatsApp_Image_2024-12-24_at_5.40.31_PM_1.jpg?v=1735048315,g,,0.00,,,,
floral-bicycle-printed-women-hoodie-set-copy-2,,,,,,,,,Small,,,fleece,,,black,,'10715822,700.0,shopify,100,deny,manual,2199.00,1899.00,true,false,,,,,'10715822,https://cdn.shopify.com/s/files/1/0618/2368/0740/files/WhatsApp_Image_2024-12-24_at_5.40.31_PM_2.jpg?v=1735048315,10,Floral Bicycle Printed Women Hoodie Set Copy 2 - back view - women's wear Pakistan,,,,,,,,,,,,,,,,,,,,,,,,,,,,,,,,,,,,,,,,,,,,https://cdn.shopify.com/s/files/1/0618/2368/0740/files/WhatsApp_Image_2024-12-24_at_5.40.26_PM.jpg?v=1735206592,g,,0.00,,,,
floral-bicycle-printed-women-hoodie-set-copy-2,,,,,,,,,Medium,,,fleece,,,gray-3,,'10715823,700.0,shopify,100,deny,manual,2199.00,1899.00,true,false,,,,,'10715823,https://cdn.shopify.com/s/files/1/0618/2368/0740/files/WhatsApp_Image_2024-12-24_at_5.40.31_PM.jpg?v=1735048315,11,Floral Bicycle Printed Women Hoodie Set Copy 2 - side view - women's wear Pakistan,,,,,,,,,,,,,,,,,,,,,,,,,,,,,,,,,,,,,,,,,,,,https://cdn.shopify.com/s/files/1/0618/2368/0740/files/WhatsApp_Image_2024-12-24_at_5.40.27_PM.jpg?v=1735206592,g,,0.00,,,,
floral-bicycle-printed-women-hoodie-set-copy-2,,,,,,,,,Medium,,,fleece,,,olive-green,,'10715824,700.0,shopify,100,deny,manual,2199.00,1899.00,true,false,,,,,'10715824,,,,,,,,,,,,,,,,,,,,,,,,,,,,,,,,,,,,,,,,,,,,,,,https://cdn.shopify.com/s/files/1/0618/2368/0740/files/WhatsApp_Image_2024-12-24_at_5.40.28_PM.jpg?v=1735206592,g,,0.00,,,,
floral-bicycle-printed-women-hoodie-set-copy-2,,,,,,,,,Medium,,,fleece,,,beige,,'10715825,700.0,shopify,100,deny,manual,2199.00,1899.00,true,false,,,,,'10715825,,,,,,,,,,,,,,,,,,,,,,,,,,,,,,,,,,,,,,,,,,,,,,,https://cdn.shopify.com/s/files/1/0618/2368/0740/files/WhatsApp_Image_2024-12-24_at_5.40.25_PM.jpg?v=1735206592,g,,0.00,,,,
floral-bicycle-printed-women-hoodie-set-copy-2,,,,,,,,,Medium,,,fleece,,,yellow,,'10715826,700.0,shopify,100,deny,manual,2199.00,1899.00,true,false,,,,,'10715826,,,,,,,,,,,,,,,,,,,,,,,,,,,,,,,,,,,,,,,,,,,,,,,https://cdn.shopify.com/s/files/1/0618/2368/0740/files/WhatsApp_Image_2024-12-24_at_5.40.28_PM_1.jpg?v=1735048315,g,,0.00,,,,
floral-bicycle-printed-women-hoodie-set-copy-2,,,,,,,,,Medium,,,fleece,,,purple,,'10715827,700.0,shopify,98,deny,manual,2199.00,1899.00,true,false,,,,,'10715827,,,,,,,,,,,,,,,,,,,,,,,,,,,,,,,,,,,,,,,,,,,,,,,https://cdn.shopify.com/s/files/1/0618/2368/0740/files/WhatsApp_Image_2024-12-24_at_5.40.29_PM.jpg?v=1735048315,g,,0.00,,,,
floral-bicycle-printed-women-hoodie-set-copy-2,,,,,,,,,Medium,,,fleece,,,brown,,'10715828,700.0,shopify,100,deny,manual,2199.00,1899.00,true,false,,,,,'10715828,,,,,,,,,,,,,,,,,,,,,,,,,,,,,,,,,,,,,,,,,,,,,,,https://cdn.shopify.com/s/files/1/0618/2368/0740/files/WhatsApp_Image_2024-12-24_at_5.40.30_PM.jpg?v=1735048315,g,,0.00,,,,
floral-bicycle-printed-women-hoodie-set-copy-2,,,,,,,,,Medium,,,fleece,,,silver,,'10715829,700.0,shopify,100,deny,manual,2199.00,1899.00,true,false,,,,,'10715829,,,,,,,,,,,,,,,,,,,,,,,,,,,,,,,,,,,,,,,,,,,,,,,https://cdn.shopify.com/s/files/1/0618/2368/0740/files/WhatsApp_Image_2024-12-24_at_5.40.31_PM.jpg?v=1735048315,g,,0.00,,,,
floral-bicycle-printed-women-hoodie-set-copy-2,,,,,,,,,Medium,,,fleece,,,navy-blue,,'10715830,700.0,shopify,100,deny,manual,2199.00,1899.00,true,false,,,,,'10715830,,,,,,,,,,,,,,,,,,,,,,,,,,,,,,,,,,,,,,,,,,,,,,,https://cdn.shopify.com/s/files/1/0618/2368/0740/files/WhatsApp_Image_2024-12-24_at_5.40.31_PM_2.jpg?v=1735048315,g,,0.00,,,,
floral-bicycle-printed-women-hoodie-set-copy-2,,,,,,,,,Medium,,,fleece,,,blue,,'10715831,700.0,shopify,100,deny,manual,2199.00,1899.00,true,false,,,,,'10715831,,,,,,,,,,,,,,,,,,,,,,,,,,,,,,,,,,,,,,,,,,,,,,,https://cdn.shopify.com/s/files/1/0618/2368/0740/files/WhatsApp_Image_2024-12-24_at_5.40.31_PM_1.jpg?v=1735048315,g,,0.00,,,,
floral-bicycle-printed-women-hoodie-set-copy-2,,,,,,,,,Medium,,,fleece,,,black,,'10715832,700.0,shopify,100,deny,manual,2199.00,1899.00,true,false,,,,,'10715832,,,,,,,,,,,,,,,,,,,,,,,,,,,,,,,,,,,,,,,,,,,,,,,https://cdn.shopify.com/s/files/1/0618/2368/0740/files/WhatsApp_Image_2024-12-24_at_5.40.26_PM.jpg?v=1735206592,g,,0.00,,,,
floral-bicycle-printed-women-hoodie-set-copy-2,,,,,,,,,Large,,,fleece,,,gray-3,,'10715833,700.0,shopify,100,deny,manual,2299.00,1899.00,true,false,,,,,'10715833,,,,,,,,,,,,,,,,,,,,,,,,,,,,,,,,,,,,,,,,,,,,,,,https://cdn.shopify.com/s/files/1/0618/2368/0740/files/WhatsApp_Image_2024-12-24_at_5.40.27_PM.jpg?v=1735206592,g,,0.00,,,,
floral-bicycle-printed-women-hoodie-set-copy-2,,,,,,,,,Large,,,fleece,,,olive-green,,'10715834,700.0,shopify,100,deny,manual,2299.00,1899.00,true,false,,,,,'10715834,,,,,,,,,,,,,,,,,,,,,,,,,,,,,,,,,,,,,,,,,,,,,,,https://cdn.shopify.com/s/files/1/0618/2368/0740/files/WhatsApp_Image_2024-12-24_at_5.40.28_PM.jpg?v=1735206592,g,,0.00,,,,
floral-bicycle-printed-women-hoodie-set-copy-2,,,,,,,,,Large,,,fleece,,,beige,,'10715835,700.0,shopify,100,deny,manual,2299.00,1899.00,true,false,,,,,'10715835,,,,,,,,,,,,,,,,,,,,,,,,,,,,,,,,,,,,,,,,,,,,,,,https://cdn.shopify.com/s/files/1/0618/2368/0740/files/WhatsApp_Image_2024-12-24_at_5.40.25_PM.jpg?v=1735206592,g,,0.00,,,,
floral-bicycle-printed-women-hoodie-set-copy-2,,,,,,,,,Large,,,fleece,,,yellow,,'10715836,700.0,shopify,100,deny,manual,2299.00,1899.00,true,false,,,,,'10715836,,,,,,,,,,,,,,,,,,,,,,,,,,,,,,,,,,,,,,,,,,,,,,,https://cdn.shopify.com/s/files/1/0618/2368/0740/files/WhatsApp_Image_2024-12-24_at_5.40.28_PM_1.jpg?v=1735048315,g,,0.00,,,,
floral-bicycle-printed-women-hoodie-set-copy-2,,,,,,,,,Large,,,fleece,,,purple,,'10715837,700.0,shopify,100,deny,manual,2299.00,1899.00,true,false,,,,,'10715837,,,,,,,,,,,,,,,,,,,,,,,,,,,,,,,,,,,,,,,,,,,,,,,https://cdn.shopify.com/s/files/1/0618/2368/0740/files/WhatsApp_Image_2024-12-24_at_5.40.29_PM.jpg?v=1735048315,g,,0.00,,,,
floral-bicycle-printed-women-hoodie-set-copy-2,,,,,,,,,Large,,,fleece,,,brown,,'10715838,700.0,shopify,100,deny,manual,2299.00,1899.00,true,false,,,,,'10715838,,,,,,,,,,,,,,,,,,,,,,,,,,,,,,,,,,,,,,,,,,,,,,,https://cdn.shopify.com/s/files/1/0618/2368/0740/files/WhatsApp_Image_2024-12-24_at_5.40.30_PM.jpg?v=1735048315,g,,0.00,,,,
floral-bicycle-printed-women-hoodie-set-copy-2,,,,,,,,,Large,,,fleece,,,silver,,'10715839,700.0,shopify,100,deny,manual,2299.00,1899.00,true,false,,,,,'10715839,,,,,,,,,,,,,,,,,,,,,,,,,,,,,,,,,,,,,,,,,,,,,,,https://cdn.shopify.com/s/files/1/0618/2368/0740/files/WhatsApp_Image_2024-12-24_at_5.40.31_PM.jpg?v=1735048315,g,,0.00,,,,
floral-bicycle-printed-women-hoodie-set-copy-2,,,,,,,,,Large,,,fleece,,,navy-blue,,'10715840,700.0,shopify,100,deny,manual,2299.00,1899.00,true,false,,,,,'10715840,,,,,,,,,,,,,,,,,,,,,,,,,,,,,,,,,,,,,,,,,,,,,,,https://cdn.shopify.com/s/files/1/0618/2368/0740/files/WhatsApp_Image_2024-12-24_at_5.40.31_PM_2.jpg?v=1735048315,g,,0.00,,,,
floral-bicycle-printed-women-hoodie-set-copy-2,,,,,,,,,Large,,,fleece,,,blue,,'10715841,700.0,shopify,100,deny,manual,2299.00,1899.00,true,false,,,,,'10715841,,,,,,,,,,,,,,,,,,,,,,,,,,,,,,,,,,,,,,,,,,,,,,,https://cdn.shopify.com/s/files/1/0618/2368/0740/files/WhatsApp_Image_2024-12-24_at_5.40.31_PM_1.jpg?v=1735048315,g,,0.00,,,,
floral-bicycle-printed-women-hoodie-set-copy-2,,,,,,,,,Large,,,fleece,,,black,,'10715842,700.0,shopify,100,deny,manual,2299.00,1899.00,true,false,,,,,'10715842,,,,,,,,,,,,,,,,,,,,,,,,,,,,,,,,,,,,,,,,,,,,,,,https://cdn.shopify.com/s/files/1/0618/2368/0740/files/WhatsApp_Image_2024-12-24_at_5.40.26_PM.jpg?v=1735206592,g,,0.00,,,,
floral-bicycle-printed-women-hoodie-set-copy-2,,,,,,,,,XL,,,fleece,,,gray-3,,'10715843,700.0,shopify,100,deny,manual,2399.00,1899.00,true,false,,,,,'10715843,,,,,,,,,,,,,,,,,,,,,,,,,,,,,,,,,,,,,,,,,,,,,,,https://cdn.shopify.com/s/files/1/0618/2368/0740/files/WhatsApp_Image_2024-12-24_at_5.40.27_PM.jpg?v=1735206592,g,,0.00,,,,
floral-bicycle-printed-women-hoodie-set-copy-2,,,,,,,,,XL,,,fleece,,,olive-green,,'10715844,700.0,shopify,100,deny,manual,2399.00,1899.00,true,false,,,,,'10715844,,,,,,,,,,,,,,,,,,,,,,,,,,,,,,,,,,,,,,,,,,,,,,,https://cdn.shopify.com/s/files/1/0618/2368/0740/files/WhatsApp_Image_2024-12-24_at_5.40.28_PM.jpg?v=1735206592,g,,0.00,,,,
floral-bicycle-printed-women-hoodie-set-copy-2,,,,,,,,,XL,,,fleece,,,beige,,'10715845,700.0,shopify,100,deny,manual,2399.00,1899.00,true,false,,,,,'10715845,,,,,,,,,,,,,,,,,,,,,,,,,,,,,,,,,,,,,,,,,,,,,,,https://cdn.shopify.com/s/files/1/0618/2368/0740/files/WhatsApp_Image_2024-12-24_at_5.40.25_PM.jpg?v=1735206592,g,,0.00,,,,
floral-bicycle-printed-women-hoodie-set-copy-2,,,,,,,,,XL,,,fleece,,,yellow,,'10715846,700.0,shopify,100,deny,manual,2399.00,1899.00,true,false,,,,,'10715846,,,,,,,,,,,,,,,,,,,,,,,,,,,,,,,,,,,,,,,,,,,,,,,https://cdn.shopify.com/s/files/1/0618/2368/0740/files/WhatsApp_Image_2024-12-24_at_5.40.28_PM_1.jpg?v=1735048315,g,,0.00,,,,
floral-bicycle-printed-women-hoodie-set-copy-2,,,,,,,,,XL,,,fleece,,,purple,,'10715847,700.0,shopify,100,deny,manual,2399.00,1899.00,true,false,,,,,'10715847,,,,,,,,,,,,,,,,,,,,,,,,,,,,,,,,,,,,,,,,,,,,,,,https://cdn.shopify.com/s/files/1/0618/2368/0740/files/WhatsApp_Image_2024-12-24_at_5.40.29_PM.jpg?v=1735048315,g,,0.00,,,,
floral-bicycle-printed-women-hoodie-set-copy-2,,,,,,,,,XL,,,fleece,,,brown,,'10715848,700.0,shopify,100,deny,manual,2399.00,1899.00,true,false,,,,,'10715848,,,,,,,,,,,,,,,,,,,,,,,,,,,,,,,,,,,,,,,,,,,,,,,https://cdn.shopify.com/s/files/1/0618/2368/0740/files/WhatsApp_Image_2024-12-24_at_5.40.30_PM.jpg?v=1735048315,g,,0.00,,,,
floral-bicycle-printed-women-hoodie-set-copy-2,,,,,,,,,XL,,,fleece,,,silver,,'10715849,700.0,shopify,100,deny,manual,2399.00,1899.00,true,false,,,,,'10715849,,,,,,,,,,,,,,,,,,,,,,,,,,,,,,,,,,,,,,,,,,,,,,,https://cdn.shopify.com/s/files/1/0618/2368/0740/files/WhatsApp_Image_2024-12-24_at_5.40.31_PM.jpg?v=1735048315,g,,0.00,,,,
floral-bicycle-printed-women-hoodie-set-copy-2,,,,,,,,,XL,,,fleece,,,navy-blue,,'10715850,700.0,shopify,100,deny,manual,2399.00,1899.00,true,false,,,,,'10715850,,,,,,,,,,,,,,,,,,,,,,,,,,,,,,,,,,,,,,,,,,,,,,,https://cdn.shopify.com/s/files/1/0618/2368/0740/files/WhatsApp_Image_2024-12-24_at_5.40.31_PM_2.jpg?v=1735048315,g,,0.00,,,,
floral-bicycle-printed-women-hoodie-set-copy-2,,,,,,,,,XL,,,fleece,,,blue,,'10715851,700.0,shopify,100,deny,manual,2399.00,1899.00,true,false,,,,,'10715851,,,,,,,,,,,,,,,,,,,,,,,,,,,,,,,,,,,,,,,,,,,,,,,https://cdn.shopify.com/s/files/1/0618/2368/0740/files/WhatsApp_Image_2024-12-24_at_5.40.31_PM_1.jpg?v=1735048315,g,,0.00,,,,
floral-bicycle-printed-women-hoodie-set-copy-2,,,,,,,,,XL,,,fleece,,,black,,'10706964,700.0,shopify,100,deny,manual,2399.00,1899.00,true,false,,,,,'10706964,,,,,,,,,,,,,,,,,,,,,,,,,,,,,,,,,,,,,,,,,,,,,,,https://cdn.shopify.com/s/files/1/0618/2368/0740/files/WhatsApp_Image_2024-12-24_at_5.40.26_PM.jpg?v=1735206592,g,,0.00,,,,
multi-flower-pattern-printed-women-hoodie-set-copy,Colourful Love Printed Women Hoodie Set,"<h4>Colourful Love Printed Women Hoodie Set </h4>
<ul class=""a-unordered-list a-vertical a-spacing-mini"">
<li>
<p>Pair of Hoodie &amp; Trouser</p>
<p>Fabric: Soft High-Quality Fleece</p>
<p>Full Sleeve &amp; Hoodie</p>
<p>Contrast Trouser</p>
<p>Round Neck</p>
<p>Comfortable Wear </p>
<p>Easy Wash &amp; Press</p>
</li>
</ul>",BBG FASHION,Apparel & Accessories > Clothing,Hoodie Set For Her,"Hoodie Set For Her, wintercollection, woo",false,Size,Small,,Fabric,fleece,product.metafields.shopify.fabric,Color,yellow,product.metafields.shopify.color-pattern,'10715774,700.0,shopify,100,deny,manual,2199.00,1899.00,true,false,,,,,'10715774,https://cdn.shopify.com/s/files/1/0618/2368/0740/files/WhatsApp_Image_2024-12-24_at_5.22.32_PM.jpg?v=1735047334,1,Multi Flower Pattern Printed Women Hoodie Set Copy - front view - women's wear Pakistan,false,,,,,,,,,,,,,,,,,,,,,,,yellow; gray-3; olive-green; beige; purple; brown; silver; navy-blue; blue; black,,,fleece,,,,,,,,,,,,,,,,,https://cdn.shopify.com/s/files/1/0618/2368/0740/files/WhatsApp_Image_2024-12-24_at_5.22.36_PM.jpg?v=1735047324,g,,0.00,true,,,draft
multi-flower-pattern-printed-women-hoodie-set-copy,,,,,,,,,Small,,,fleece,,,gray-3,,'10715775,700.0,shopify,100,deny,manual,2199.00,1899.00,true,false,,,,,'10715775,https://cdn.shopify.com/s/files/1/0618/2368/0740/files/WhatsApp_Image_2024-12-24_at_5.22.33_PM.jpg?v=1735047334,2,Multi Flower Pattern Printed Women Hoodie Set Copy - back view - women's wear Pakistan,,,,,,,,,,,,,,,,,,,,,,,,,,,,,,,,,,,,,,,,,,,,https://cdn.shopify.com/s/files/1/0618/2368/0740/files/WhatsApp_Image_2024-12-24_at_5.22.33_PM.jpg?v=1735047334,g,,0.00,,,,
multi-flower-pattern-printed-women-hoodie-set-copy,,,,,,,,,Small,,,fleece,,,olive-green,,'10715776,700.0,shopify,99,deny,manual,2199.00,1899.00,true,false,,,,,'10715776,https://cdn.shopify.com/s/files/1/0618/2368/0740/files/WhatsApp_Image_2024-12-20_at_4.49.09_PM.jpg?v=1758896990,3,We See What We Want Printed Women Hoodie Set Copy - back view - women's wear Pakistan,,,,,,,,,,,,,,,,,,,,,,,,,,,,,,,,,,,,,,,,,,,,https://cdn.shopify.com/s/files/1/0618/2368/0740/files/WhatsApp_Image_2024-12-24_at_5.22.34_PM.jpg?v=1735047325,g,,0.00,,,,
multi-flower-pattern-printed-women-hoodie-set-copy,,,,,,,,,Small,,,fleece,,,beige,,'10715777,700.0,shopify,100,deny,manual,2199.00,1899.00,true,false,,,,,'10715777,https://cdn.shopify.com/s/files/1/0618/2368/0740/files/WhatsApp_Image_2024-12-24_at_5.22.34_PM.jpg?v=1735047325,4,Multi Flower Pattern Printed Women Hoodie Set Copy - detail shot - women's wear Pakistan,,,,,,,,,,,,,,,,,,,,,,,,,,,,,,,,,,,,,,,,,,,,https://cdn.shopify.com/s/files/1/0618/2368/0740/files/WhatsApp_Image_2024-12-24_at_5.22.35_PM.jpg?v=1735047324,g,,0.00,,,,
multi-flower-pattern-printed-women-hoodie-set-copy,,,,,,,,,Small,,,fleece,,,purple,,'10715778,700.0,shopify,99,deny,manual,2199.00,1899.00,true,false,,,,,'10715778,https://cdn.shopify.com/s/files/1/0618/2368/0740/files/WhatsApp_Image_2024-12-24_at_5.22.35_PM.jpg?v=1735047324,5,Multi Flower Pattern Printed Women Hoodie Set Copy - front view - women's wear Pakistan,,,,,,,,,,,,,,,,,,,,,,,,,,,,,,,,,,,,,,,,,,,,https://cdn.shopify.com/s/files/1/0618/2368/0740/files/WhatsApp_Image_2024-12-24_at_5.22.37_PM.jpg?v=1735047324,g,,0.00,,,,
multi-flower-pattern-printed-women-hoodie-set-copy,,,,,,,,,Small,,,fleece,,,brown,,'10715779,700.0,shopify,100,deny,manual,2199.00,1899.00,true,false,,,,,'10715779,https://cdn.shopify.com/s/files/1/0618/2368/0740/files/WhatsApp_Image_2024-12-24_at_5.22.36_PM.jpg?v=1735047324,6,Multi Flower Pattern Printed Women Hoodie Set Copy - back view - women's wear Pakistan,,,,,,,,,,,,,,,,,,,,,,,,,,,,,,,,,,,,,,,,,,,,https://cdn.shopify.com/s/files/1/0618/2368/0740/files/WhatsApp_Image_2024-12-24_at_5.22.37_PM_1.jpg?v=1735047324,g,,0.00,,,,
multi-flower-pattern-printed-women-hoodie-set-copy,,,,,,,,,Small,,,fleece,,,silver,,'10715780,700.0,shopify,100,deny,manual,2199.00,1899.00,true,false,,,,,'10715780,https://cdn.shopify.com/s/files/1/0618/2368/0740/files/WhatsApp_Image_2024-12-24_at_5.22.37_PM_1.jpg?v=1735047324,7,Multi Flower Pattern Printed Women Hoodie Set Copy - side view - women's wear Pakistan,,,,,,,,,,,,,,,,,,,,,,,,,,,,,,,,,,,,,,,,,,,,https://cdn.shopify.com/s/files/1/0618/2368/0740/files/WhatsApp_Image_2024-12-24_at_5.22.38_PM.jpg?v=1735047324,g,,0.00,,,,
multi-flower-pattern-printed-women-hoodie-set-copy,,,,,,,,,Small,,,fleece,,,navy-blue,,'10715781,700.0,shopify,100,deny,manual,2199.00,1899.00,true,false,,,,,'10715781,https://cdn.shopify.com/s/files/1/0618/2368/0740/files/WhatsApp_Image_2024-12-24_at_5.22.37_PM.jpg?v=1735047324,8,Multi Flower Pattern Printed Women Hoodie Set Copy - detail shot - women's wear Pakistan,,,,,,,,,,,,,,,,,,,,,,,,,,,,,,,,,,,,,,,,,,,,https://cdn.shopify.com/s/files/1/0618/2368/0740/files/WhatsApp_Image_2024-12-24_at_5.22.38_PM_1.jpg?v=1735047324,g,,0.00,,,,
multi-flower-pattern-printed-women-hoodie-set-copy,,,,,,,,,Small,,,fleece,,,blue,,'10715782,700.0,shopify,100,deny,manual,2199.00,1899.00,true,false,,,,,'10715782,https://cdn.shopify.com/s/files/1/0618/2368/0740/files/WhatsApp_Image_2024-12-24_at_5.22.38_PM_1.jpg?v=1735047324,9,Multi Flower Pattern Printed Women Hoodie Set Copy - front view - women's wear Pakistan,,,,,,,,,,,,,,,,,,,,,,,,,,,,,,,,,,,,,,,,,,,,https://cdn.shopify.com/s/files/1/0618/2368/0740/files/WhatsApp_Image_2024-12-24_at_5.22.39_PM.jpg?v=1735047324,g,,0.00,,,,
multi-flower-pattern-printed-women-hoodie-set-copy,,,,,,,,,Small,,,fleece,,,black,,'10715783,700.0,shopify,100,deny,manual,2199.00,1899.00,true,false,,,,,'10715783,https://cdn.shopify.com/s/files/1/0618/2368/0740/files/WhatsApp_Image_2024-12-24_at_5.22.38_PM.jpg?v=1735047324,10,Multi Flower Pattern Printed Women Hoodie Set Copy - back view - women's wear Pakistan,,,,,,,,,,,,,,,,,,,,,,,,,,,,,,,,,,,,,,,,,,,,https://cdn.shopify.com/s/files/1/0618/2368/0740/files/WhatsApp_Image_2024-12-24_at_5.22.32_PM.jpg?v=1735047334,g,,0.00,,,,
multi-flower-pattern-printed-women-hoodie-set-copy,,,,,,,,,Medium,,,fleece,,,yellow,,'10715784,700.0,shopify,100,deny,manual,2199.00,1899.00,true,false,,,,,'10715784,https://cdn.shopify.com/s/files/1/0618/2368/0740/files/WhatsApp_Image_2024-12-24_at_5.22.39_PM.jpg?v=1735047324,11,Multi Flower Pattern Printed Women Hoodie Set Copy - side view - women's wear Pakistan,,,,,,,,,,,,,,,,,,,,,,,,,,,,,,,,,,,,,,,,,,,,https://cdn.shopify.com/s/files/1/0618/2368/0740/files/WhatsApp_Image_2024-12-24_at_5.22.36_PM.jpg?v=1735047324,g,,0.00,,,,
multi-flower-pattern-printed-women-hoodie-set-copy,,,,,,,,,Medium,,,fleece,,,gray-3,,'10715785,700.0,shopify,100,deny,manual,2199.00,1899.00,true,false,,,,,'10715785,,,,,,,,,,,,,,,,,,,,,,,,,,,,,,,,,,,,,,,,,,,,,,,https://cdn.shopify.com/s/files/1/0618/2368/0740/files/WhatsApp_Image_2024-12-24_at_5.22.33_PM.jpg?v=1735047334,g,,0.00,,,,
multi-flower-pattern-printed-women-hoodie-set-copy,,,,,,,,,Medium,,,fleece,,,olive-green,,'10715786,700.0,shopify,100,deny,manual,2199.00,1899.00,true,false,,,,,'10715786,,,,,,,,,,,,,,,,,,,,,,,,,,,,,,,,,,,,,,,,,,,,,,,https://cdn.shopify.com/s/files/1/0618/2368/0740/files/WhatsApp_Image_2024-12-24_at_5.22.34_PM.jpg?v=1735047325,g,,0.00,,,,
multi-flower-pattern-printed-women-hoodie-set-copy,,,,,,,,,Medium,,,fleece,,,beige,,'10715787,700.0,shopify,100,deny,manual,2199.00,1899.00,true,false,,,,,'10715787,,,,,,,,,,,,,,,,,,,,,,,,,,,,,,,,,,,,,,,,,,,,,,,https://cdn.shopify.com/s/files/1/0618/2368/0740/files/WhatsApp_Image_2024-12-24_at_5.22.35_PM.jpg?v=1735047324,g,,0.00,,,,
multi-flower-pattern-printed-women-hoodie-set-copy,,,,,,,,,Medium,,,fleece,,,purple,,'10715788,700.0,shopify,100,deny,manual,2199.00,1899.00,true,false,,,,,'10715788,,,,,,,,,,,,,,,,,,,,,,,,,,,,,,,,,,,,,,,,,,,,,,,https://cdn.shopify.com/s/files/1/0618/2368/0740/files/WhatsApp_Image_2024-12-24_at_5.22.37_PM.jpg?v=1735047324,g,,0.00,,,,
multi-flower-pattern-printed-women-hoodie-set-copy,,,,,,,,,Medium,,,fleece,,,brown,,'10715789,700.0,shopify,100,deny,manual,2199.00,1899.00,true,false,,,,,'10715789,,,,,,,,,,,,,,,,,,,,,,,,,,,,,,,,,,,,,,,,,,,,,,,https://cdn.shopify.com/s/files/1/0618/2368/0740/files/WhatsApp_Image_2024-12-24_at_5.22.37_PM_1.jpg?v=1735047324,g,,0.00,,,,
multi-flower-pattern-printed-women-hoodie-set-copy,,,,,,,,,Medium,,,fleece,,,silver,,'10715790,700.0,shopify,100,deny,manual,2199.00,1899.00,true,false,,,,,'10715790,,,,,,,,,,,,,,,,,,,,,,,,,,,,,,,,,,,,,,,,,,,,,,,https://cdn.shopify.com/s/files/1/0618/2368/0740/files/WhatsApp_Image_2024-12-24_at_5.22.38_PM.jpg?v=1735047324,g,,0.00,,,,
multi-flower-pattern-printed-women-hoodie-set-copy,,,,,,,,,Medium,,,fleece,,,navy-blue,,'10715791,700.0,shopify,100,deny,manual,2199.00,1899.00,true,false,,,,,'10715791,,,,,,,,,,,,,,,,,,,,,,,,,,,,,,,,,,,,,,,,,,,,,,,https://cdn.shopify.com/s/files/1/0618/2368/0740/files/WhatsApp_Image_2024-12-24_at_5.22.38_PM_1.jpg?v=1735047324,g,,0.00,,,,
multi-flower-pattern-printed-women-hoodie-set-copy,,,,,,,,,Medium,,,fleece,,,blue,,'10715792,700.0,shopify,100,deny,manual,2199.00,1899.00,true,false,,,,,'10715792,,,,,,,,,,,,,,,,,,,,,,,,,,,,,,,,,,,,,,,,,,,,,,,https://cdn.shopify.com/s/files/1/0618/2368/0740/files/WhatsApp_Image_2024-12-24_at_5.22.39_PM.jpg?v=1735047324,g,,0.00,,,,
multi-flower-pattern-printed-women-hoodie-set-copy,,,,,,,,,Medium,,,fleece,,,black,,'10715793,700.0,shopify,99,deny,manual,2199.00,1899.00,true,false,,,,,'10715793,,,,,,,,,,,,,,,,,,,,,,,,,,,,,,,,,,,,,,,,,,,,,,,https://cdn.shopify.com/s/files/1/0618/2368/0740/files/WhatsApp_Image_2024-12-24_at_5.22.32_PM.jpg?v=1735047334,g,,0.00,,,,
multi-flower-pattern-printed-women-hoodie-set-copy,,,,,,,,,Large,,,fleece,,,yellow,,'10715794,700.0,shopify,100,deny,manual,2299.00,1899.00,true,false,,,,,'10715794,,,,,,,,,,,,,,,,,,,,,,,,,,,,,,,,,,,,,,,,,,,,,,,https://cdn.shopify.com/s/files/1/0618/2368/0740/files/WhatsApp_Image_2024-12-24_at_5.22.36_PM.jpg?v=1735047324,g,,0.00,,,,
multi-flower-pattern-printed-women-hoodie-set-copy,,,,,,,,,Large,,,fleece,,,gray-3,,'10715795,700.0,shopify,100,deny,manual,2299.00,1899.00,true,false,,,,,'10715795,,,,,,,,,,,,,,,,,,,,,,,,,,,,,,,,,,,,,,,,,,,,,,,https://cdn.shopify.com/s/files/1/0618/2368/0740/files/WhatsApp_Image_2024-12-24_at_5.22.33_PM.jpg?v=1735047334,g,,0.00,,,,
multi-flower-pattern-printed-women-hoodie-set-copy,,,,,,,,,Large,,,fleece,,,olive-green,,'10715796,700.0,shopify,100,deny,manual,2299.00,1899.00,true,false,,,,,'10715796,,,,,,,,,,,,,,,,,,,,,,,,,,,,,,,,,,,,,,,,,,,,,,,https://cdn.shopify.com/s/files/1/0618/2368/0740/files/WhatsApp_Image_2024-12-24_at_5.22.34_PM.jpg?v=1735047325,g,,0.00,,,,
multi-flower-pattern-printed-women-hoodie-set-copy,,,,,,,,,Large,,,fleece,,,beige,,'10715797,700.0,shopify,100,deny,manual,2299.00,1899.00,true,false,,,,,'10715797,,,,,,,,,,,,,,,,,,,,,,,,,,,,,,,,,,,,,,,,,,,,,,,https://cdn.shopify.com/s/files/1/0618/2368/0740/files/WhatsApp_Image_2024-12-24_at_5.22.35_PM.jpg?v=1735047324,g,,0.00,,,,
multi-flower-pattern-printed-women-hoodie-set-copy,,,,,,,,,Large,,,fleece,,,purple,,'10715798,700.0,shopify,100,deny,manual,2299.00,1899.00,true,false,,,,,'10715798,,,,,,,,,,,,,,,,,,,,,,,,,,,,,,,,,,,,,,,,,,,,,,,https://cdn.shopify.com/s/files/1/0618/2368/0740/files/WhatsApp_Image_2024-12-24_at_5.22.37_PM.jpg?v=1735047324,g,,0.00,,,,
multi-flower-pattern-printed-women-hoodie-set-copy,,,,,,,,,Large,,,fleece,,,brown,,'10715799,700.0,shopify,100,deny,manual,2299.00,1899.00,true,false,,,,,'10715799,,,,,,,,,,,,,,,,,,,,,,,,,,,,,,,,,,,,,,,,,,,,,,,https://cdn.shopify.com/s/files/1/0618/2368/0740/files/WhatsApp_Image_2024-12-24_at_5.22.37_PM_1.jpg?v=1735047324,g,,0.00,,,,
multi-flower-pattern-printed-women-hoodie-set-copy,,,,,,,,,Large,,,fleece,,,silver,,'10715800,700.0,shopify,100,deny,manual,2299.00,1899.00,true,false,,,,,'10715800,,,,,,,,,,,,,,,,,,,,,,,,,,,,,,,,,,,,,,,,,,,,,,,https://cdn.shopify.com/s/files/1/0618/2368/0740/files/WhatsApp_Image_2024-12-24_at_5.22.38_PM.jpg?v=1735047324,g,,0.00,,,,
multi-flower-pattern-printed-women-hoodie-set-copy,,,,,,,,,Large,,,fleece,,,navy-blue,,'10715801,700.0,shopify,100,deny,manual,2299.00,1899.00,true,false,,,,,'10715801,,,,,,,,,,,,,,,,,,,,,,,,,,,,,,,,,,,,,,,,,,,,,,,https://cdn.shopify.com/s/files/1/0618/2368/0740/files/WhatsApp_Image_2024-12-24_at_5.22.38_PM_1.jpg?v=1735047324,g,,0.00,,,,
multi-flower-pattern-printed-women-hoodie-set-copy,,,,,,,,,Large,,,fleece,,,blue,,'10715802,700.0,shopify,100,deny,manual,2299.00,1899.00,true,false,,,,,'10715802,,,,,,,,,,,,,,,,,,,,,,,,,,,,,,,,,,,,,,,,,,,,,,,https://cdn.shopify.com/s/files/1/0618/2368/0740/files/WhatsApp_Image_2024-12-24_at_5.22.39_PM.jpg?v=1735047324,g,,0.00,,,,
multi-flower-pattern-printed-women-hoodie-set-copy,,,,,,,,,Large,,,fleece,,,black,,'10715803,700.0,shopify,100,deny,manual,2299.00,1899.00,true,false,,,,,'10715803,,,,,,,,,,,,,,,,,,,,,,,,,,,,,,,,,,,,,,,,,,,,,,,https://cdn.shopify.com/s/files/1/0618/2368/0740/files/WhatsApp_Image_2024-12-24_at_5.22.32_PM.jpg?v=1735047334,g,,0.00,,,,
multi-flower-pattern-printed-women-hoodie-set-copy,,,,,,,,,XL,,,fleece,,,yellow,,'10715804,700.0,shopify,100,deny,manual,2399.00,1899.00,true,false,,,,,'10715804,,,,,,,,,,,,,,,,,,,,,,,,,,,,,,,,,,,,,,,,,,,,,,,https://cdn.shopify.com/s/files/1/0618/2368/0740/files/WhatsApp_Image_2024-12-24_at_5.22.36_PM.jpg?v=1735047324,g,,0.00,,,,
multi-flower-pattern-printed-women-hoodie-set-copy,,,,,,,,,XL,,,fleece,,,gray-3,,'10715805,700.0,shopify,100,deny,manual,2399.00,1899.00,true,false,,,,,'10715805,,,,,,,,,,,,,,,,,,,,,,,,,,,,,,,,,,,,,,,,,,,,,,,https://cdn.shopify.com/s/files/1/0618/2368/0740/files/WhatsApp_Image_2024-12-24_at_5.22.33_PM.jpg?v=1735047334,g,,0.00,,,,
multi-flower-pattern-printed-women-hoodie-set-copy,,,,,,,,,XL,,,fleece,,,olive-green,,'10715806,700.0,shopify,100,deny,manual,2399.00,1899.00,true,false,,,,,'10715806,,,,,,,,,,,,,,,,,,,,,,,,,,,,,,,,,,,,,,,,,,,,,,,https://cdn.shopify.com/s/files/1/0618/2368/0740/files/WhatsApp_Image_2024-12-24_at_5.22.34_PM.jpg?v=1735047325,g,,0.00,,,,
multi-flower-pattern-printed-women-hoodie-set-copy,,,,,,,,,XL,,,fleece,,,beige,,'10715807,700.0,shopify,100,deny,manual,2399.00,1899.00,true,false,,,,,'10715807,,,,,,,,,,,,,,,,,,,,,,,,,,,,,,,,,,,,,,,,,,,,,,,https://cdn.shopify.com/s/files/1/0618/2368/0740/files/WhatsApp_Image_2024-12-24_at_5.22.35_PM.jpg?v=1735047324,g,,0.00,,,,
multi-flower-pattern-printed-women-hoodie-set-copy,,,,,,,,,XL,,,fleece,,,purple,,'10715808,700.0,shopify,100,deny,manual,2399.00,1899.00,true,false,,,,,'10715808,,,,,,,,,,,,,,,,,,,,,,,,,,,,,,,,,,,,,,,,,,,,,,,https://cdn.shopify.com/s/files/1/0618/2368/0740/files/WhatsApp_Image_2024-12-24_at_5.22.37_PM.jpg?v=1735047324,g,,0.00,,,,
multi-flower-pattern-printed-women-hoodie-set-copy,,,,,,,,,XL,,,fleece,,,brown,,'10715809,700.0,shopify,100,deny,manual,2399.00,1899.00,true,false,,,,,'10715809,,,,,,,,,,,,,,,,,,,,,,,,,,,,,,,,,,,,,,,,,,,,,,,https://cdn.shopify.com/s/files/1/0618/2368/0740/files/WhatsApp_Image_2024-12-24_at_5.22.37_PM_1.jpg?v=1735047324,g,,0.00,,,,
multi-flower-pattern-printed-women-hoodie-set-copy,,,,,,,,,XL,,,fleece,,,silver,,'10715810,700.0,shopify,100,deny,manual,2399.00,1899.00,true,false,,,,,'10715810,,,,,,,,,,,,,,,,,,,,,,,,,,,,,,,,,,,,,,,,,,,,,,,https://cdn.shopify.com/s/files/1/0618/2368/0740/files/WhatsApp_Image_2024-12-24_at_5.22.38_PM.jpg?v=1735047324,g,,0.00,,,,
multi-flower-pattern-printed-women-hoodie-set-copy,,,,,,,,,XL,,,fleece,,,navy-blue,,'10715811,700.0,shopify,100,deny,manual,2399.00,1899.00,true,false,,,,,'10715811,,,,,,,,,,,,,,,,,,,,,,,,,,,,,,,,,,,,,,,,,,,,,,,https://cdn.shopify.com/s/files/1/0618/2368/0740/files/WhatsApp_Image_2024-12-24_at_5.22.38_PM_1.jpg?v=1735047324,g,,0.00,,,,
multi-flower-pattern-printed-women-hoodie-set-copy,,,,,,,,,XL,,,fleece,,,blue,,'10715812,700.0,shopify,100,deny,manual,2399.00,1899.00,true,false,,,,,'10715812,,,,,,,,,,,,,,,,,,,,,,,,,,,,,,,,,,,,,,,,,,,,,,,https://cdn.shopify.com/s/files/1/0618/2368/0740/files/WhatsApp_Image_2024-12-24_at_5.22.39_PM.jpg?v=1735047324,g,,0.00,,,,
multi-flower-pattern-printed-women-hoodie-set-copy,,,,,,,,,XL,,,fleece,,,black,,'10706963,700.0,shopify,100,deny,manual,2399.00,1899.00,true,false,,,,,'10706963,,,,,,,,,,,,,,,,,,,,,,,,,,,,,,,,,,,,,,,,,,,,,,,https://cdn.shopify.com/s/files/1/0618/2368/0740/files/WhatsApp_Image_2024-12-24_at_5.22.32_PM.jpg?v=1735047334,g,,0.00,,,,
floral-bicycle-printed-women-hoodie-set-copy-1,Multi Flower Pattern Printed Women Hoodie Set,"<h4>Multi Flower Pattern Printed Women Hoodie Set</h4>
<ul class=""a-unordered-list a-vertical a-spacing-mini"">
<li>
<p>Pair of Hoodie &amp; Trouser</p>
<p>Fabric: Soft High-Quality Fleece</p>
<p>Full Sleeve &amp; Hoodie</p>
<p>Contrast Trouser</p>
<p>Round Neck</p>
<p>Comfortable Wear </p>
<p>Easy Wash &amp; Press</p>
</li>
</ul>",BBG FASHION,Apparel & Accessories > Clothing,Hoodie Set For Her,"Hoodie Set For Her, wintercollection, woo",false,Size,Small,,Fabric,fleece,product.metafields.shopify.fabric,Color,beige,product.metafields.shopify.color-pattern,'10715735,700.0,shopify,97,deny,manual,2199.00,1899.00,true,false,,,,,'10715735,https://cdn.shopify.com/s/files/1/0618/2368/0740/files/WhatsApp_Image_2024-12-24_at_5.14.25_PM_1.jpg?v=1735045145,1,Floral Bicycle Printed Women Hoodie Set Copy 1 - front view - women's wear Pakistan,false,,,,,,,,,,,,,,,,,,,,,,,beige; gray-3; olive-green; yellow; purple; brown; silver; navy-blue; blue; black,,,fleece,,,,,,,,,,,,,,,,,https://cdn.shopify.com/s/files/1/0618/2368/0740/files/WhatsApp_Image_2024-12-24_at_5.14.26_PM_1.jpg?v=1735045145,g,,0.00,true,,,draft
floral-bicycle-printed-women-hoodie-set-copy-1,,,,,,,,,Small,,,fleece,,,gray-3,,'10715736,700.0,shopify,100,deny,manual,2199.00,1899.00,true,false,,,,,'10715736,https://cdn.shopify.com/s/files/1/0618/2368/0740/files/WhatsApp_Image_2024-12-24_at_5.14.25_PM.jpg?v=1735045145,2,Floral Bicycle Printed Women Hoodie Set Copy 1 - back view - women's wear Pakistan,,,,,,,,,,,,,,,,,,,,,,,,,,,,,,,,,,,,,,,,,,,,https://cdn.shopify.com/s/files/1/0618/2368/0740/files/WhatsApp_Image_2024-12-24_at_5.14.25_PM_1.jpg?v=1735045145,g,,0.00,,,,
floral-bicycle-printed-women-hoodie-set-copy-1,,,,,,,,,Small,,,fleece,,,olive-green,,'10715737,700.0,shopify,100,deny,manual,2199.00,1899.00,true,false,,,,,'10715737,https://cdn.shopify.com/s/files/1/0618/2368/0740/files/WhatsApp_Image_2024-12-24_at_5.14.26_PM_1.jpg?v=1735045145,3,Floral Bicycle Printed Women Hoodie Set Copy 1 - side view - women's wear Pakistan,,,,,,,,,,,,,,,,,,,,,,,,,,,,,,,,,,,,,,,,,,,,https://cdn.shopify.com/s/files/1/0618/2368/0740/files/WhatsApp_Image_2024-12-24_at_5.14.26_PM.jpg?v=1735045136,g,,0.00,,,,
floral-bicycle-printed-women-hoodie-set-copy-1,,,,,,,,,Small,,,fleece,,,yellow,,'10715738,700.0,shopify,100,deny,manual,2199.00,1899.00,true,false,,,,,'10715738,https://cdn.shopify.com/s/files/1/0618/2368/0740/files/WhatsApp_Image_2024-12-20_at_4.49.09_PM.jpg?v=1758896990,4,We See What We Want Printed Women Hoodie Set Copy - back view - women's wear Pakistan,,,,,,,,,,,,,,,,,,,,,,,,,,,,,,,,,,,,,,,,,,,,https://cdn.shopify.com/s/files/1/0618/2368/0740/files/WhatsApp_Image_2024-12-24_at_5.14.27_PM.jpg?v=1735045136,g,,0.00,,,,
floral-bicycle-printed-women-hoodie-set-copy-1,,,,,,,,,Small,,,fleece,,,purple,,'10715739,700.0,shopify,100,deny,manual,2199.00,1899.00,true,false,,,,,'10715739,https://cdn.shopify.com/s/files/1/0618/2368/0740/files/WhatsApp_Image_2024-12-24_at_5.14.26_PM.jpg?v=1735045136,5,Floral Bicycle Printed Women Hoodie Set Copy 1 - front view - women's wear Pakistan,,,,,,,,,,,,,,,,,,,,,,,,,,,,,,,,,,,,,,,,,,,,https://cdn.shopify.com/s/files/1/0618/2368/0740/files/WhatsApp_Image_2024-12-24_at_5.14.28_PM.jpg?v=1735045135,g,,0.00,,,,
floral-bicycle-printed-women-hoodie-set-copy-1,,,,,,,,,Small,,,fleece,,,brown,,'10715740,700.0,shopify,100,deny,manual,2199.00,1899.00,true,false,,,,,'10715740,https://cdn.shopify.com/s/files/1/0618/2368/0740/files/WhatsApp_Image_2024-12-24_at_5.14.27_PM.jpg?v=1735045136,6,Floral Bicycle Printed Women Hoodie Set Copy 1 - back view - women's wear Pakistan,,,,,,,,,,,,,,,,,,,,,,,,,,,,,,,,,,,,,,,,,,,,https://cdn.shopify.com/s/files/1/0618/2368/0740/files/WhatsApp_Image_2024-12-24_at_5.14.29_PM.jpg?v=1735045135,g,,0.00,,,,
floral-bicycle-printed-women-hoodie-set-copy-1,,,,,,,,,Small,,,fleece,,,silver,,'10715741,700.0,shopify,100,deny,manual,2199.00,1899.00,true,false,,,,,'10715741,https://cdn.shopify.com/s/files/1/0618/2368/0740/files/WhatsApp_Image_2024-12-24_at_5.14.28_PM.jpg?v=1735045135,7,Floral Bicycle Printed Women Hoodie Set Copy 1 - side view - women's wear Pakistan,,,,,,,,,,,,,,,,,,,,,,,,,,,,,,,,,,,,,,,,,,,,https://cdn.shopify.com/s/files/1/0618/2368/0740/files/WhatsApp_Image_2024-12-24_at_5.14.29_PM_1.jpg?v=1735045136,g,,0.00,,,,
floral-bicycle-printed-women-hoodie-set-copy-1,,,,,,,,,Small,,,fleece,,,navy-blue,,'10715742,700.0,shopify,100,deny,manual,2199.00,1899.00,true,false,,,,,'10715742,https://cdn.shopify.com/s/files/1/0618/2368/0740/files/WhatsApp_Image_2024-12-24_at_5.14.29_PM_1.jpg?v=1735045136,8,Floral Bicycle Printed Women Hoodie Set Copy 1 - detail shot - women's wear Pakistan,,,,,,,,,,,,,,,,,,,,,,,,,,,,,,,,,,,,,,,,,,,,https://cdn.shopify.com/s/files/1/0618/2368/0740/files/WhatsApp_Image_2024-12-24_at_5.14.30_PM.jpg?v=1735045135,g,,0.00,,,,
floral-bicycle-printed-women-hoodie-set-copy-1,,,,,,,,,Small,,,fleece,,,blue,,'10715743,700.0,shopify,100,deny,manual,2199.00,1899.00,true,false,,,,,'10715743,https://cdn.shopify.com/s/files/1/0618/2368/0740/files/WhatsApp_Image_2024-12-24_at_5.14.29_PM.jpg?v=1735045135,9,Floral Bicycle Printed Women Hoodie Set Copy 1 - front view - women's wear Pakistan,,,,,,,,,,,,,,,,,,,,,,,,,,,,,,,,,,,,,,,,,,,,https://cdn.shopify.com/s/files/1/0618/2368/0740/files/WhatsApp_Image_2024-12-24_at_5.14.30_PM_1.jpg?v=1735045135,g,,0.00,,,,
floral-bicycle-printed-women-hoodie-set-copy-1,,,,,,,,,Small,,,fleece,,,black,,'10715744,700.0,shopify,100,deny,manual,2199.00,1899.00,true,false,,,,,'10715744,https://cdn.shopify.com/s/files/1/0618/2368/0740/files/WhatsApp_Image_2024-12-24_at_5.14.30_PM_1.jpg?v=1735045135,10,Floral Bicycle Printed Women Hoodie Set Copy 1 - back view - women's wear Pakistan,,,,,,,,,,,,,,,,,,,,,,,,,,,,,,,,,,,,,,,,,,,,https://cdn.shopify.com/s/files/1/0618/2368/0740/files/WhatsApp_Image_2024-12-24_at_5.14.25_PM.jpg?v=1735045145,g,,0.00,,,,
floral-bicycle-printed-women-hoodie-set-copy-1,,,,,,,,,Medium,,,fleece,,,beige,,'10715745,700.0,shopify,99,deny,manual,2199.00,1899.00,true,false,,,,,'10715745,https://cdn.shopify.com/s/files/1/0618/2368/0740/files/WhatsApp_Image_2024-12-24_at_5.14.30_PM.jpg?v=1735045135,11,Floral Bicycle Printed Women Hoodie Set Copy 1 - side view - women's wear Pakistan,,,,,,,,,,,,,,,,,,,,,,,,,,,,,,,,,,,,,,,,,,,,https://cdn.shopify.com/s/files/1/0618/2368/0740/files/WhatsApp_Image_2024-12-24_at_5.14.26_PM_1.jpg?v=1735045145,g,,0.00,,,,
floral-bicycle-printed-women-hoodie-set-copy-1,,,,,,,,,Medium,,,fleece,,,gray-3,,'10715746,700.0,shopify,100,deny,manual,2199.00,1899.00,true,false,,,,,'10715746,,,,,,,,,,,,,,,,,,,,,,,,,,,,,,,,,,,,,,,,,,,,,,,https://cdn.shopify.com/s/files/1/0618/2368/0740/files/WhatsApp_Image_2024-12-24_at_5.14.25_PM_1.jpg?v=1735045145,g,,0.00,,,,
floral-bicycle-printed-women-hoodie-set-copy-1,,,,,,,,,Medium,,,fleece,,,olive-green,,'10715747,700.0,shopify,100,deny,manual,2199.00,1899.00,true,false,,,,,'10715747,,,,,,,,,,,,,,,,,,,,,,,,,,,,,,,,,,,,,,,,,,,,,,,https://cdn.shopify.com/s/files/1/0618/2368/0740/files/WhatsApp_Image_2024-12-24_at_5.14.26_PM.jpg?v=1735045136,g,,0.00,,,,
floral-bicycle-printed-women-hoodie-set-copy-1,,,,,,,,,Medium,,,fleece,,,yellow,,'10715748,700.0,shopify,100,deny,manual,2199.00,1899.00,true,false,,,,,'10715748,,,,,,,,,,,,,,,,,,,,,,,,,,,,,,,,,,,,,,,,,,,,,,,https://cdn.shopify.com/s/files/1/0618/2368/0740/files/WhatsApp_Image_2024-12-24_at_5.14.27_PM.jpg?v=1735045136,g,,0.00,,,,
floral-bicycle-printed-women-hoodie-set-copy-1,,,,,,,,,Medium,,,fleece,,,purple,,'10715749,700.0,shopify,100,deny,manual,2199.00,1899.00,true,false,,,,,'10715749,,,,,,,,,,,,,,,,,,,,,,,,,,,,,,,,,,,,,,,,,,,,,,,https://cdn.shopify.com/s/files/1/0618/2368/0740/files/WhatsApp_Image_2024-12-24_at_5.14.28_PM.jpg?v=1735045135,g,,0.00,,,,
floral-bicycle-printed-women-hoodie-set-copy-1,,,,,,,,,Medium,,,fleece,,,brown,,'10715750,700.0,shopify,100,deny,manual,2199.00,1899.00,true,false,,,,,'10715750,,,,,,,,,,,,,,,,,,,,,,,,,,,,,,,,,,,,,,,,,,,,,,,https://cdn.shopify.com/s/files/1/0618/2368/0740/files/WhatsApp_Image_2024-12-24_at_5.14.29_PM.jpg?v=1735045135,g,,0.00,,,,
floral-bicycle-printed-women-hoodie-set-copy-1,,,,,,,,,Medium,,,fleece,,,silver,,'10715751,700.0,shopify,100,deny,manual,2199.00,1899.00,true,false,,,,,'10715751,,,,,,,,,,,,,,,,,,,,,,,,,,,,,,,,,,,,,,,,,,,,,,,https://cdn.shopify.com/s/files/1/0618/2368/0740/files/WhatsApp_Image_2024-12-24_at_5.14.29_PM_1.jpg?v=1735045136,g,,0.00,,,,
floral-bicycle-printed-women-hoodie-set-copy-1,,,,,,,,,Medium,,,fleece,,,navy-blue,,'10715752,700.0,shopify,100,deny,manual,2199.00,1899.00,true,false,,,,,'10715752,,,,,,,,,,,,,,,,,,,,,,,,,,,,,,,,,,,,,,,,,,,,,,,https://cdn.shopify.com/s/files/1/0618/2368/0740/files/WhatsApp_Image_2024-12-24_at_5.14.30_PM.jpg?v=1735045135,g,,0.00,,,,
floral-bicycle-printed-women-hoodie-set-copy-1,,,,,,,,,Medium,,,fleece,,,blue,,'10715753,700.0,shopify,100,deny,manual,2199.00,1899.00,true,false,,,,,'10715753,,,,,,,,,,,,,,,,,,,,,,,,,,,,,,,,,,,,,,,,,,,,,,,https://cdn.shopify.com/s/files/1/0618/2368/0740/files/WhatsApp_Image_2024-12-24_at_5.14.30_PM_1.jpg?v=1735045135,g,,0.00,,,,
floral-bicycle-printed-women-hoodie-set-copy-1,,,,,,,,,Medium,,,fleece,,,black,,'10715754,700.0,shopify,100,deny,manual,2199.00,1899.00,true,false,,,,,'10715754,,,,,,,,,,,,,,,,,,,,,,,,,,,,,,,,,,,,,,,,,,,,,,,https://cdn.shopify.com/s/files/1/0618/2368/0740/files/WhatsApp_Image_2024-12-24_at_5.14.25_PM.jpg?v=1735045145,g,,0.00,,,,
floral-bicycle-printed-women-hoodie-set-copy-1,,,,,,,,,Large,,,fleece,,,beige,,'10715755,700.0,shopify,100,deny,manual,2299.00,1899.00,true,false,,,,,'10715755,,,,,,,,,,,,,,,,,,,,,,,,,,,,,,,,,,,,,,,,,,,,,,,https://cdn.shopify.com/s/files/1/0618/2368/0740/files/WhatsApp_Image_2024-12-24_at_5.14.26_PM_1.jpg?v=1735045145,g,,0.00,,,,
floral-bicycle-printed-women-hoodie-set-copy-1,,,,,,,,,Large,,,fleece,,,gray-3,,'10715756,700.0,shopify,100,deny,manual,2299.00,1899.00,true,false,,,,,'10715756,,,,,,,,,,,,,,,,,,,,,,,,,,,,,,,,,,,,,,,,,,,,,,,https://cdn.shopify.com/s/files/1/0618/2368/0740/files/WhatsApp_Image_2024-12-24_at_5.14.25_PM_1.jpg?v=1735045145,g,,0.00,,,,
floral-bicycle-printed-women-hoodie-set-copy-1,,,,,,,,,Large,,,fleece,,,olive-green,,'10715757,700.0,shopify,100,deny,manual,2299.00,1899.00,true,false,,,,,'10715757,,,,,,,,,,,,,,,,,,,,,,,,,,,,,,,,,,,,,,,,,,,,,,,https://cdn.shopify.com/s/files/1/0618/2368/0740/files/WhatsApp_Image_2024-12-24_at_5.14.26_PM.jpg?v=1735045136,g,,0.00,,,,
floral-bicycle-printed-women-hoodie-set-copy-1,,,,,,,,,Large,,,fleece,,,yellow,,'10715758,700.0,shopify,100,deny,manual,2299.00,1899.00,true,false,,,,,'10715758,,,,,,,,,,,,,,,,,,,,,,,,,,,,,,,,,,,,,,,,,,,,,,,https://cdn.shopify.com/s/files/1/0618/2368/0740/files/WhatsApp_Image_2024-12-24_at_5.14.27_PM.jpg?v=1735045136,g,,0.00,,,,
floral-bicycle-printed-women-hoodie-set-copy-1,,,,,,,,,Large,,,fleece,,,purple,,'10715759,700.0,shopify,100,deny,manual,2299.00,1899.00,true,false,,,,,'10715759,,,,,,,,,,,,,,,,,,,,,,,,,,,,,,,,,,,,,,,,,,,,,,,https://cdn.shopify.com/s/files/1/0618/2368/0740/files/WhatsApp_Image_2024-12-24_at_5.14.28_PM.jpg?v=1735045135,g,,0.00,,,,
floral-bicycle-printed-women-hoodie-set-copy-1,,,,,,,,,Large,,,fleece,,,brown,,'10715760,700.0,shopify,100,deny,manual,2299.00,1899.00,true,false,,,,,'10715760,,,,,,,,,,,,,,,,,,,,,,,,,,,,,,,,,,,,,,,,,,,,,,,https://cdn.shopify.com/s/files/1/0618/2368/0740/files/WhatsApp_Image_2024-12-24_at_5.14.29_PM.jpg?v=1735045135,g,,0.00,,,,
floral-bicycle-printed-women-hoodie-set-copy-1,,,,,,,,,Large,,,fleece,,,silver,,'10715761,700.0,shopify,99,deny,manual,2299.00,1899.00,true,false,,,,,'10715761,,,,,,,,,,,,,,,,,,,,,,,,,,,,,,,,,,,,,,,,,,,,,,,https://cdn.shopify.com/s/files/1/0618/2368/0740/files/WhatsApp_Image_2024-12-24_at_5.14.29_PM_1.jpg?v=1735045136,g,,0.00,,,,
floral-bicycle-printed-women-hoodie-set-copy-1,,,,,,,,,Large,,,fleece,,,navy-blue,,'10715762,700.0,shopify,100,deny,manual,2299.00,1899.00,true,false,,,,,'10715762,,,,,,,,,,,,,,,,,,,,,,,,,,,,,,,,,,,,,,,,,,,,,,,https://cdn.shopify.com/s/files/1/0618/2368/0740/files/WhatsApp_Image_2024-12-24_at_5.14.30_PM.jpg?v=1735045135,g,,0.00,,,,
floral-bicycle-printed-women-hoodie-set-copy-1,,,,,,,,,Large,,,fleece,,,blue,,'10715763,700.0,shopify,100,deny,manual,2299.00,1899.00,true,false,,,,,'10715763,,,,,,,,,,,,,,,,,,,,,,,,,,,,,,,,,,,,,,,,,,,,,,,https://cdn.shopify.com/s/files/1/0618/2368/0740/files/WhatsApp_Image_2024-12-24_at_5.14.30_PM_1.jpg?v=1735045135,g,,0.00,,,,
floral-bicycle-printed-women-hoodie-set-copy-1,,,,,,,,,Large,,,fleece,,,black,,'10715764,700.0,shopify,100,deny,manual,2299.00,1899.00,true,false,,,,,'10715764,,,,,,,,,,,,,,,,,,,,,,,,,,,,,,,,,,,,,,,,,,,,,,,https://cdn.shopify.com/s/files/1/0618/2368/0740/files/WhatsApp_Image_2024-12-24_at_5.14.25_PM.jpg?v=1735045145,g,,0.00,,,,
floral-bicycle-printed-women-hoodie-set-copy-1,,,,,,,,,XL,,,fleece,,,beige,,'10715765,700.0,shopify,100,deny,manual,2399.00,1899.00,true,false,,,,,'10715765,,,,,,,,,,,,,,,,,,,,,,,,,,,,,,,,,,,,,,,,,,,,,,,https://cdn.shopify.com/s/files/1/0618/2368/0740/files/WhatsApp_Image_2024-12-24_at_5.14.26_PM_1.jpg?v=1735045145,g,,0.00,,,,
floral-bicycle-printed-women-hoodie-set-copy-1,,,,,,,,,XL,,,fleece,,,gray-3,,'10715766,700.0,shopify,100,deny,manual,2399.00,1899.00,true,false,,,,,'10715766,,,,,,,,,,,,,,,,,,,,,,,,,,,,,,,,,,,,,,,,,,,,,,,https://cdn.shopify.com/s/files/1/0618/2368/0740/files/WhatsApp_Image_2024-12-24_at_5.14.25_PM_1.jpg?v=1735045145,g,,0.00,,,,
floral-bicycle-printed-women-hoodie-set-copy-1,,,,,,,,,XL,,,fleece,,,olive-green,,'10715767,700.0,shopify,100,deny,manual,2399.00,1899.00,true,false,,,,,'10715767,,,,,,,,,,,,,,,,,,,,,,,,,,,,,,,,,,,,,,,,,,,,,,,https://cdn.shopify.com/s/files/1/0618/2368/0740/files/WhatsApp_Image_2024-12-24_at_5.14.26_PM.jpg?v=1735045136,g,,0.00,,,,
floral-bicycle-printed-women-hoodie-set-copy-1,,,,,,,,,XL,,,fleece,,,yellow,,'10715768,700.0,shopify,100,deny,manual,2399.00,1899.00,true,false,,,,,'10715768,,,,,,,,,,,,,,,,,,,,,,,,,,,,,,,,,,,,,,,,,,,,,,,https://cdn.shopify.com/s/files/1/0618/2368/0740/files/WhatsApp_Image_2024-12-24_at_5.14.27_PM.jpg?v=1735045136,g,,0.00,,,,
floral-bicycle-printed-women-hoodie-set-copy-1,,,,,,,,,XL,,,fleece,,,purple,,'10715769,700.0,shopify,100,deny,manual,2399.00,1899.00,true,false,,,,,'10715769,,,,,,,,,,,,,,,,,,,,,,,,,,,,,,,,,,,,,,,,,,,,,,,https://cdn.shopify.com/s/files/1/0618/2368/0740/files/WhatsApp_Image_2024-12-24_at_5.14.28_PM.jpg?v=1735045135,g,,0.00,,,,
floral-bicycle-printed-women-hoodie-set-copy-1,,,,,,,,,XL,,,fleece,,,brown,,'10715770,700.0,shopify,100,deny,manual,2399.00,1899.00,true,false,,,,,'10715770,,,,,,,,,,,,,,,,,,,,,,,,,,,,,,,,,,,,,,,,,,,,,,,https://cdn.shopify.com/s/files/1/0618/2368/0740/files/WhatsApp_Image_2024-12-24_at_5.14.29_PM.jpg?v=1735045135,g,,0.00,,,,
floral-bicycle-printed-women-hoodie-set-copy-1,,,,,,,,,XL,,,fleece,,,silver,,'10715771,700.0,shopify,100,deny,manual,2399.00,1899.00,true,false,,,,,'10715771,,,,,,,,,,,,,,,,,,,,,,,,,,,,,,,,,,,,,,,,,,,,,,,https://cdn.shopify.com/s/files/1/0618/2368/0740/files/WhatsApp_Image_2024-12-24_at_5.14.29_PM_1.jpg?v=1735045136,g,,0.00,,,,
floral-bicycle-printed-women-hoodie-set-copy-1,,,,,,,,,XL,,,fleece,,,navy-blue,,'10715772,700.0,shopify,100,deny,manual,2399.00,1899.00,true,false,,,,,'10715772,,,,,,,,,,,,,,,,,,,,,,,,,,,,,,,,,,,,,,,,,,,,,,,https://cdn.shopify.com/s/files/1/0618/2368/0740/files/WhatsApp_Image_2024-12-24_at_5.14.30_PM.jpg?v=1735045135,g,,0.00,,,,
floral-bicycle-printed-women-hoodie-set-copy-1,,,,,,,,,XL,,,fleece,,,blue,,'10715773,700.0,shopify,100,deny,manual,2399.00,1899.00,true,false,,,,,'10715773,,,,,,,,,,,,,,,,,,,,,,,,,,,,,,,,,,,,,,,,,,,,,,,https://cdn.shopify.com/s/files/1/0618/2368/0740/files/WhatsApp_Image_2024-12-24_at_5.14.30_PM_1.jpg?v=1735045135,g,,0.00,,,,
floral-bicycle-printed-women-hoodie-set-copy-1,,,,,,,,,XL,,,fleece,,,black,,'10706962,700.0,shopify,100,deny,manual,2399.00,1899.00,true,false,,,,,'10706962,,,,,,,,,,,,,,,,,,,,,,,,,,,,,,,,,,,,,,,,,,,,,,,https://cdn.shopify.com/s/files/1/0618/2368/0740/files/WhatsApp_Image_2024-12-24_at_5.14.25_PM.jpg?v=1735045145,g,,0.00,,,,
black-love-butterfly-printed-poncho-copy,Cyan Red Butterfly Printed Poncho,"<div class=""product__description rte quick-add-hidden"">
<h4>Cyan Red Butterfly Printed Poncho</h4>
<p>Soft and Warm this gorgeous Poncho Top makes a statement.</p>
<p>With the cold seasons coming up, be prepared with this adorable stylish poncho sweater.</p>
<p>Decorated with a large Printed Design.</p>
<p>The bottom edge of the poncho is finished in knotted tassels.</p>
<p>Stretch fit ribbed polo neck and matching sleeves.</p>
<p>Can be worn on it's own or over light clothing.</p>
<p><span>Wear as a shawl - tassel fringe hem will add character to your look </span>With the cold seasons coming up, be prepared with this adorable stylish poncho sweater.</p>
<p>Loose fit, batwing sleeve - also suitable for pregnant women;</p>
<p>One Size.</p>
</div>",BBG FASHION,Uncategorized,poncho,"poncho, wintercollection, woo",true,Title,Default Title,,,,,,,,'10706961,500.0,,92,continue,manual,1499.00,,true,true,,,,,'10706961,https://cdn.shopify.com/s/files/1/0618/2368/0740/files/WhatsApp_Image_2024-12-23_at_10.42.11_AM.jpg?v=1734942457,1,Black Love Butterfly Printed Poncho Copy - front view - unisex wear Pakistan,false,,,,,,,,,,,,,,,,,,,,,,,,,,,,,,,,,,,,,,,,,,,,g,,550.00,true,,,active
black-love-butterfly-printed-poncho-copy,,,,,,,,,,,,,,,,,,,,,,,,,,,,,,,,https://cdn.shopify.com/s/files/1/0618/2368/0740/products/poncho600x600_1_1a7af377-07e7-4a44-9849-90a866de44cd.png?v=1734942457,2,Black Love Butterfly Printed Poncho Copy - back view - unisex wear Pakistan,,,,,,,,,,,,,,,,,,,,,,,,,,,,,,,,,,,,,,,,,,,,,,,,,,,
floral-bicycle-printed-women-hoodie-set-copy,BTS Printed Women Hoodie Set,"<h4>BTS Printed Women Hoodie Set </h4>
<ul class=""a-unordered-list a-vertical a-spacing-mini"">
<li>
<p>Pair of Hoodie &amp; Trouser</p>
<p>Fabric: Soft High-Quality Fleece</p>
<p>Full Sleeve &amp; Hoodie</p>
<p>Contrast Trouser</p>
<p>Round Neck</p>
<p>Comfortable Wear </p>
<p>Easy Wash &amp; Press</p>
</li>
</ul>",BBG FASHION,Apparel & Accessories > Clothing,Hoodie Set For Her,"Hoodie Set For Her, wintercollection, woo",false,Size,Small,,Fabric,fleece,product.metafields.shopify.fabric,Color,gray-3,product.metafields.shopify.color-pattern,'10715696,700.0,shopify,100,deny,manual,2199.00,1899.00,true,false,,,,,'10715696,https://cdn.shopify.com/s/files/1/0618/2368/0740/files/WhatsApp_Image_2024-12-20_at_4.33.11_PM.jpg?v=1734766703,1,Floral Bicycle Printed Women Hoodie Set Copy - front view - women's wear Pakistan,false,,,,,,,,,,,,,,,,,,,,,,,gray-3; olive-green; beige; yellow; purple; brown; silver; navy-blue; blue; black,,,fleece,,,,,,,,,,,,,,,,,https://cdn.shopify.com/s/files/1/0618/2368/0740/files/WhatsApp_Image_2024-12-20_at_4.33.17_PM.jpg?v=1734766465,g,,0.00,true,,,draft
floral-bicycle-printed-women-hoodie-set-copy,,,,,,,,,Small,,,fleece,,,olive-green,,'10715697,700.0,shopify,100,deny,manual,2199.00,1899.00,true,false,,,,,'10715697,https://cdn.shopify.com/s/files/1/0618/2368/0740/files/WhatsApp_Image_2024-12-20_at_4.33.12_PM.jpg?v=1734766703,2,Floral Bicycle Printed Women Hoodie Set Copy - back view - women's wear Pakistan,,,,,,,,,,,,,,,,,,,,,,,,,,,,,,,,,,,,,,,,,,,,https://cdn.shopify.com/s/files/1/0618/2368/0740/files/WhatsApp_Image_2024-12-20_at_4.33.12_PM.jpg?v=1734766703,g,,0.00,,,,
floral-bicycle-printed-women-hoodie-set-copy,,,,,,,,,Small,,,fleece,,,beige,,'10715698,700.0,shopify,100,deny,manual,2199.00,1899.00,true,false,,,,,'10715698,https://cdn.shopify.com/s/files/1/0618/2368/0740/files/WhatsApp_Image_2024-12-20_at_4.33.13_PM.jpg?v=1734766703,3,Floral Bicycle Printed Women Hoodie Set Copy - side view - women's wear Pakistan,,,,,,,,,,,,,,,,,,,,,,,,,,,,,,,,,,,,,,,,,,,,https://cdn.shopify.com/s/files/1/0618/2368/0740/files/WhatsApp_Image_2024-12-20_at_4.33.18_PM.jpg?v=1734766465,g,,0.00,,,,
floral-bicycle-printed-women-hoodie-set-copy,,,,,,,,,Small,,,fleece,,,yellow,,'10715699,700.0,shopify,100,deny,manual,2199.00,1899.00,true,false,,,,,'10715699,https://cdn.shopify.com/s/files/1/0618/2368/0740/files/WhatsApp_Image_2024-12-20_at_4.33.14_PM.jpg?v=1734766703,4,Floral Bicycle Printed Women Hoodie Set Copy - detail shot - women's wear Pakistan,,,,,,,,,,,,,,,,,,,,,,,,,,,,,,,,,,,,,,,,,,,,https://cdn.shopify.com/s/files/1/0618/2368/0740/files/WhatsApp_Image_2024-12-20_at_4.33.14_PM.jpg?v=1734766703,g,,0.00,,,,
floral-bicycle-printed-women-hoodie-set-copy,,,,,,,,,Small,,,fleece,,,purple,,'10715700,700.0,shopify,100,deny,manual,2199.00,1899.00,true,false,,,,,'10715700,https://cdn.shopify.com/s/files/1/0618/2368/0740/files/WhatsApp_Image_2024-12-20_at_4.33.15_PM.jpg?v=1734766703,5,Floral Bicycle Printed Women Hoodie Set Copy - front view - women's wear Pakistan,,,,,,,,,,,,,,,,,,,,,,,,,,,,,,,,,,,,,,,,,,,,https://cdn.shopify.com/s/files/1/0618/2368/0740/files/WhatsApp_Image_2024-12-20_at_4.33.16_PM.jpg?v=1734766466,g,,0.00,,,,
floral-bicycle-printed-women-hoodie-set-copy,,,,,,,,,Small,,,fleece,,,brown,,'10715701,700.0,shopify,100,deny,manual,2199.00,1899.00,true,false,,,,,'10715701,https://cdn.shopify.com/s/files/1/0618/2368/0740/files/WhatsApp_Image_2024-12-20_at_4.49.09_PM.jpg?v=1758896990,6,We See What We Want Printed Women Hoodie Set Copy - back view - women's wear Pakistan,,,,,,,,,,,,,,,,,,,,,,,,,,,,,,,,,,,,,,,,,,,,https://cdn.shopify.com/s/files/1/0618/2368/0740/files/WhatsApp_Image_2024-12-20_at_4.33.19_PM.jpg?v=1734766466,g,,0.00,,,,
floral-bicycle-printed-women-hoodie-set-copy,,,,,,,,,Small,,,fleece,,,silver,,'10715702,700.0,shopify,100,deny,manual,2199.00,1899.00,true,false,,,,,'10715702,https://cdn.shopify.com/s/files/1/0618/2368/0740/files/WhatsApp_Image_2024-12-20_at_4.33.16_PM.jpg?v=1734766466,7,Floral Bicycle Printed Women Hoodie Set Copy - side view - women's wear Pakistan,,,,,,,,,,,,,,,,,,,,,,,,,,,,,,,,,,,,,,,,,,,,https://cdn.shopify.com/s/files/1/0618/2368/0740/files/WhatsApp_Image_2024-12-20_at_4.33.20_PM.jpg?v=1734766466,g,,0.00,,,,
floral-bicycle-printed-women-hoodie-set-copy,,,,,,,,,Small,,,fleece,,,navy-blue,,'10715703,700.0,shopify,100,deny,manual,2199.00,1899.00,true,false,,,,,'10715703,https://cdn.shopify.com/s/files/1/0618/2368/0740/files/WhatsApp_Image_2024-12-20_at_4.33.17_PM.jpg?v=1734766465,8,Floral Bicycle Printed Women Hoodie Set Copy - detail shot - women's wear Pakistan,,,,,,,,,,,,,,,,,,,,,,,,,,,,,,,,,,,,,,,,,,,,https://cdn.shopify.com/s/files/1/0618/2368/0740/files/WhatsApp_Image_2024-12-20_at_4.33.13_PM.jpg?v=1734766703,g,,0.00,,,,
floral-bicycle-printed-women-hoodie-set-copy,,,,,,,,,Small,,,fleece,,,blue,,'10715704,700.0,shopify,100,deny,manual,2199.00,1899.00,true,false,,,,,'10715704,https://cdn.shopify.com/s/files/1/0618/2368/0740/files/WhatsApp_Image_2024-12-20_at_4.33.18_PM.jpg?v=1734766465,9,Floral Bicycle Printed Women Hoodie Set Copy - front view - women's wear Pakistan,,,,,,,,,,,,,,,,,,,,,,,,,,,,,,,,,,,,,,,,,,,,https://cdn.shopify.com/s/files/1/0618/2368/0740/files/WhatsApp_Image_2024-12-20_at_4.33.15_PM.jpg?v=1734766703,g,,0.00,,,,
floral-bicycle-printed-women-hoodie-set-copy,,,,,,,,,Small,,,fleece,,,black,,'10715705,700.0,shopify,98,deny,manual,2199.00,1899.00,true,false,,,,,'10715705,https://cdn.shopify.com/s/files/1/0618/2368/0740/files/WhatsApp_Image_2024-12-20_at_4.33.19_PM.jpg?v=1734766466,10,Floral Bicycle Printed Women Hoodie Set Copy - back view - women's wear Pakistan,,,,,,,,,,,,,,,,,,,,,,,,,,,,,,,,,,,,,,,,,,,,https://cdn.shopify.com/s/files/1/0618/2368/0740/files/WhatsApp_Image_2024-12-20_at_4.33.11_PM.jpg?v=1734766703,g,,0.00,,,,
floral-bicycle-printed-women-hoodie-set-copy,,,,,,,,,Medium,,,fleece,,,gray-3,,'10715706,700.0,shopify,100,deny,manual,2199.00,1899.00,true,false,,,,,'10715706,https://cdn.shopify.com/s/files/1/0618/2368/0740/files/WhatsApp_Image_2024-12-20_at_4.33.20_PM.jpg?v=1734766466,11,Floral Bicycle Printed Women Hoodie Set Copy - side view - women's wear Pakistan,,,,,,,,,,,,,,,,,,,,,,,,,,,,,,,,,,,,,,,,,,,,https://cdn.shopify.com/s/files/1/0618/2368/0740/files/WhatsApp_Image_2024-12-20_at_4.33.17_PM.jpg?v=1734766465,g,,0.00,,,,
floral-bicycle-printed-women-hoodie-set-copy,,,,,,,,,Medium,,,fleece,,,olive-green,,'10715707,700.0,shopify,100,deny,manual,2199.00,1899.00,true,false,,,,,'10715707,,,,,,,,,,,,,,,,,,,,,,,,,,,,,,,,,,,,,,,,,,,,,,,https://cdn.shopify.com/s/files/1/0618/2368/0740/files/WhatsApp_Image_2024-12-20_at_4.33.12_PM.jpg?v=1734766703,g,,0.00,,,,
floral-bicycle-printed-women-hoodie-set-copy,,,,,,,,,Medium,,,fleece,,,beige,,'10715708,700.0,shopify,100,deny,manual,2199.00,1899.00,true,false,,,,,'10715708,,,,,,,,,,,,,,,,,,,,,,,,,,,,,,,,,,,,,,,,,,,,,,,https://cdn.shopify.com/s/files/1/0618/2368/0740/files/WhatsApp_Image_2024-12-20_at_4.33.18_PM.jpg?v=1734766465,g,,0.00,,,,
floral-bicycle-printed-women-hoodie-set-copy,,,,,,,,,Medium,,,fleece,,,yellow,,'10715709,700.0,shopify,100,deny,manual,2199.00,1899.00,true,false,,,,,'10715709,,,,,,,,,,,,,,,,,,,,,,,,,,,,,,,,,,,,,,,,,,,,,,,https://cdn.shopify.com/s/files/1/0618/2368/0740/files/WhatsApp_Image_2024-12-20_at_4.33.14_PM.jpg?v=1734766703,g,,0.00,,,,
floral-bicycle-printed-women-hoodie-set-copy,,,,,,,,,Medium,,,fleece,,,purple,,'10715710,700.0,shopify,99,deny,manual,2199.00,1899.00,true,false,,,,,'10715710,,,,,,,,,,,,,,,,,,,,,,,,,,,,,,,,,,,,,,,,,,,,,,,https://cdn.shopify.com/s/files/1/0618/2368/0740/files/WhatsApp_Image_2024-12-20_at_4.33.16_PM.jpg?v=1734766466,g,,0.00,,,,
floral-bicycle-printed-women-hoodie-set-copy,,,,,,,,,Medium,,,fleece,,,brown,,'10715711,700.0,shopify,99,deny,manual,2199.00,1899.00,true,false,,,,,'10715711,,,,,,,,,,,,,,,,,,,,,,,,,,,,,,,,,,,,,,,,,,,,,,,https://cdn.shopify.com/s/files/1/0618/2368/0740/files/WhatsApp_Image_2024-12-20_at_4.33.19_PM.jpg?v=1734766466,g,,0.00,,,,
floral-bicycle-printed-women-hoodie-set-copy,,,,,,,,,Medium,,,fleece,,,silver,,'10715712,700.0,shopify,100,deny,manual,2199.00,1899.00,true,false,,,,,'10715712,,,,,,,,,,,,,,,,,,,,,,,,,,,,,,,,,,,,,,,,,,,,,,,https://cdn.shopify.com/s/files/1/0618/2368/0740/files/WhatsApp_Image_2024-12-20_at_4.33.20_PM.jpg?v=1734766466,g,,0.00,,,,
floral-bicycle-printed-women-hoodie-set-copy,,,,,,,,,Medium,,,fleece,,,navy-blue,,'10715713,700.0,shopify,100,deny,manual,2199.00,1899.00,true,false,,,,,'10715713,,,,,,,,,,,,,,,,,,,,,,,,,,,,,,,,,,,,,,,,,,,,,,,https://cdn.shopify.com/s/files/1/0618/2368/0740/files/WhatsApp_Image_2024-12-20_at_4.33.13_PM.jpg?v=1734766703,g,,0.00,,,,
floral-bicycle-printed-women-hoodie-set-copy,,,,,,,,,Medium,,,fleece,,,blue,,'10715714,700.0,shopify,100,deny,manual,2199.00,1899.00,true,false,,,,,'10715714,,,,,,,,,,,,,,,,,,,,,,,,,,,,,,,,,,,,,,,,,,,,,,,https://cdn.shopify.com/s/files/1/0618/2368/0740/files/WhatsApp_Image_2024-12-20_at_4.33.15_PM.jpg?v=1734766703,g,,0.00,,,,
floral-bicycle-printed-women-hoodie-set-copy,,,,,,,,,Medium,,,fleece,,,black,,'10715715,700.0,shopify,99,deny,manual,2199.00,1899.00,true,false,,,,,'10715715,,,,,,,,,,,,,,,,,,,,,,,,,,,,,,,,,,,,,,,,,,,,,,,https://cdn.shopify.com/s/files/1/0618/2368/0740/files/WhatsApp_Image_2024-12-20_at_4.33.11_PM.jpg?v=1734766703,g,,0.00,,,,
floral-bicycle-printed-women-hoodie-set-copy,,,,,,,,,Large,,,fleece,,,gray-3,,'10715716,700.0,shopify,100,deny,manual,2299.00,1899.00,true,false,,,,,'10715716,,,,,,,,,,,,,,,,,,,,,,,,,,,,,,,,,,,,,,,,,,,,,,,https://cdn.shopify.com/s/files/1/0618/2368/0740/files/WhatsApp_Image_2024-12-20_at_4.33.17_PM.jpg?v=1734766465,g,,0.00,,,,
floral-bicycle-printed-women-hoodie-set-copy,,,,,,,,,Large,,,fleece,,,olive-green,,'10715717,700.0,shopify,100,deny,manual,2299.00,1899.00,true,false,,,,,'10715717,,,,,,,,,,,,,,,,,,,,,,,,,,,,,,,,,,,,,,,,,,,,,,,https://cdn.shopify.com/s/files/1/0618/2368/0740/files/WhatsApp_Image_2024-12-20_at_4.33.12_PM.jpg?v=1734766703,g,,0.00,,,,
floral-bicycle-printed-women-hoodie-set-copy,,,,,,,,,Large,,,fleece,,,beige,,'10715718,700.0,shopify,100,deny,manual,2299.00,1899.00,true,false,,,,,'10715718,,,,,,,,,,,,,,,,,,,,,,,,,,,,,,,,,,,,,,,,,,,,,,,https://cdn.shopify.com/s/files/1/0618/2368/0740/files/WhatsApp_Image_2024-12-20_at_4.33.18_PM.jpg?v=1734766465,g,,0.00,,,,
floral-bicycle-printed-women-hoodie-set-copy,,,,,,,,,Large,,,fleece,,,yellow,,'10715719,700.0,shopify,100,deny,manual,2299.00,1899.00,true,false,,,,,'10715719,,,,,,,,,,,,,,,,,,,,,,,,,,,,,,,,,,,,,,,,,,,,,,,https://cdn.shopify.com/s/files/1/0618/2368/0740/files/WhatsApp_Image_2024-12-20_at_4.33.14_PM.jpg?v=1734766703,g,,0.00,,,,
floral-bicycle-printed-women-hoodie-set-copy,,,,,,,,,Large,,,fleece,,,purple,,'10715720,700.0,shopify,100,deny,manual,2299.00,1899.00,true,false,,,,,'10715720,,,,,,,,,,,,,,,,,,,,,,,,,,,,,,,,,,,,,,,,,,,,,,,https://cdn.shopify.com/s/files/1/0618/2368/0740/files/WhatsApp_Image_2024-12-20_at_4.33.16_PM.jpg?v=1734766466,g,,0.00,,,,
floral-bicycle-printed-women-hoodie-set-copy,,,,,,,,,Large,,,fleece,,,brown,,'10715721,700.0,shopify,99,deny,manual,2299.00,1899.00,true,false,,,,,'10715721,,,,,,,,,,,,,,,,,,,,,,,,,,,,,,,,,,,,,,,,,,,,,,,https://cdn.shopify.com/s/files/1/0618/2368/0740/files/WhatsApp_Image_2024-12-20_at_4.33.19_PM.jpg?v=1734766466,g,,0.00,,,,
floral-bicycle-printed-women-hoodie-set-copy,,,,,,,,,Large,,,fleece,,,silver,,'10715722,700.0,shopify,100,deny,manual,2299.00,1899.00,true,false,,,,,'10715722,,,,,,,,,,,,,,,,,,,,,,,,,,,,,,,,,,,,,,,,,,,,,,,https://cdn.shopify.com/s/files/1/0618/2368/0740/files/WhatsApp_Image_2024-12-20_at_4.33.20_PM.jpg?v=1734766466,g,,0.00,,,,
floral-bicycle-printed-women-hoodie-set-copy,,,,,,,,,Large,,,fleece,,,navy-blue,,'10715723,700.0,shopify,100,deny,manual,2299.00,1899.00,true,false,,,,,'10715723,,,,,,,,,,,,,,,,,,,,,,,,,,,,,,,,,,,,,,,,,,,,,,,https://cdn.shopify.com/s/files/1/0618/2368/0740/files/WhatsApp_Image_2024-12-20_at_4.33.13_PM.jpg?v=1734766703,g,,0.00,,,,
floral-bicycle-printed-women-hoodie-set-copy,,,,,,,,,Large,,,fleece,,,blue,,'10715724,700.0,shopify,100,deny,manual,2299.00,1899.00,true,false,,,,,'10715724,,,,,,,,,,,,,,,,,,,,,,,,,,,,,,,,,,,,,,,,,,,,,,,https://cdn.shopify.com/s/files/1/0618/2368/0740/files/WhatsApp_Image_2024-12-20_at_4.33.15_PM.jpg?v=1734766703,g,,0.00,,,,
floral-bicycle-printed-women-hoodie-set-copy,,,,,,,,,Large,,,fleece,,,black,,'10715725,700.0,shopify,100,deny,manual,2299.00,1899.00,true,false,,,,,'10715725,,,,,,,,,,,,,,,,,,,,,,,,,,,,,,,,,,,,,,,,,,,,,,,https://cdn.shopify.com/s/files/1/0618/2368/0740/files/WhatsApp_Image_2024-12-20_at_4.33.11_PM.jpg?v=1734766703,g,,0.00,,,,
floral-bicycle-printed-women-hoodie-set-copy,,,,,,,,,XL,,,fleece,,,gray-3,,'10715726,700.0,shopify,100,deny,manual,2399.00,1899.00,true,false,,,,,'10715726,,,,,,,,,,,,,,,,,,,,,,,,,,,,,,,,,,,,,,,,,,,,,,,https://cdn.shopify.com/s/files/1/0618/2368/0740/files/WhatsApp_Image_2024-12-20_at_4.33.17_PM.jpg?v=1734766465,g,,0.00,,,,
floral-bicycle-printed-women-hoodie-set-copy,,,,,,,,,XL,,,fleece,,,olive-green,,'10715727,700.0,shopify,99,deny,manual,2399.00,1899.00,true,false,,,,,'10715727,,,,,,,,,,,,,,,,,,,,,,,,,,,,,,,,,,,,,,,,,,,,,,,https://cdn.shopify.com/s/files/1/0618/2368/0740/files/WhatsApp_Image_2024-12-20_at_4.33.12_PM.jpg?v=1734766703,g,,0.00,,,,
floral-bicycle-printed-women-hoodie-set-copy,,,,,,,,,XL,,,fleece,,,beige,,'10715728,700.0,shopify,99,deny,manual,2399.00,1899.00,true,false,,,,,'10715728,,,,,,,,,,,,,,,,,,,,,,,,,,,,,,,,,,,,,,,,,,,,,,,https://cdn.shopify.com/s/files/1/0618/2368/0740/files/WhatsApp_Image_2024-12-20_at_4.33.18_PM.jpg?v=1734766465,g,,0.00,,,,
floral-bicycle-printed-women-hoodie-set-copy,,,,,,,,,XL,,,fleece,,,yellow,,'10715729,700.0,shopify,100,deny,manual,2399.00,1899.00,true,false,,,,,'10715729,,,,,,,,,,,,,,,,,,,,,,,,,,,,,,,,,,,,,,,,,,,,,,,https://cdn.shopify.com/s/files/1/0618/2368/0740/files/WhatsApp_Image_2024-12-20_at_4.33.14_PM.jpg?v=1734766703,g,,0.00,,,,
floral-bicycle-printed-women-hoodie-set-copy,,,,,,,,,XL,,,fleece,,,purple,,'10715730,700.0,shopify,100,deny,manual,2399.00,1899.00,true,false,,,,,'10715730,,,,,,,,,,,,,,,,,,,,,,,,,,,,,,,,,,,,,,,,,,,,,,,https://cdn.shopify.com/s/files/1/0618/2368/0740/files/WhatsApp_Image_2024-12-20_at_4.33.16_PM.jpg?v=1734766466,g,,0.00,,,,
floral-bicycle-printed-women-hoodie-set-copy,,,,,,,,,XL,,,fleece,,,brown,,'10715731,700.0,shopify,100,deny,manual,2399.00,1899.00,true,false,,,,,'10715731,,,,,,,,,,,,,,,,,,,,,,,,,,,,,,,,,,,,,,,,,,,,,,,https://cdn.shopify.com/s/files/1/0618/2368/0740/files/WhatsApp_Image_2024-12-20_at_4.33.19_PM.jpg?v=1734766466,g,,0.00,,,,
floral-bicycle-printed-women-hoodie-set-copy,,,,,,,,,XL,,,fleece,,,silver,,'10715732,700.0,shopify,100,deny,manual,2399.00,1899.00,true,false,,,,,'10715732,,,,,,,,,,,,,,,,,,,,,,,,,,,,,,,,,,,,,,,,,,,,,,,https://cdn.shopify.com/s/files/1/0618/2368/0740/files/WhatsApp_Image_2024-12-20_at_4.33.20_PM.jpg?v=1734766466,g,,0.00,,,,
floral-bicycle-printed-women-hoodie-set-copy,,,,,,,,,XL,,,fleece,,,navy-blue,,'10715733,700.0,shopify,100,deny,manual,2399.00,1899.00,true,false,,,,,'10715733,,,,,,,,,,,,,,,,,,,,,,,,,,,,,,,,,,,,,,,,,,,,,,,https://cdn.shopify.com/s/files/1/0618/2368/0740/files/WhatsApp_Image_2024-12-20_at_4.33.13_PM.jpg?v=1734766703,g,,0.00,,,,
floral-bicycle-printed-women-hoodie-set-copy,,,,,,,,,XL,,,fleece,,,blue,,'10715734,700.0,shopify,100,deny,manual,2399.00,1899.00,true,false,,,,,'10715734,,,,,,,,,,,,,,,,,,,,,,,,,,,,,,,,,,,,,,,,,,,,,,,https://cdn.shopify.com/s/files/1/0618/2368/0740/files/WhatsApp_Image_2024-12-20_at_4.33.15_PM.jpg?v=1734766703,g,,0.00,,,,
floral-bicycle-printed-women-hoodie-set-copy,,,,,,,,,XL,,,fleece,,,black,,'10706960,700.0,shopify,100,deny,manual,2399.00,1899.00,true,false,,,,,'10706960,,,,,,,,,,,,,,,,,,,,,,,,,,,,,,,,,,,,,,,,,,,,,,,https://cdn.shopify.com/s/files/1/0618/2368/0740/files/WhatsApp_Image_2024-12-20_at_4.33.11_PM.jpg?v=1734766703,g,,0.00,,,,
daisy-flower-printed-women-hoodie-set-copy,Floral Bicycle Printed Women Hoodie Set,"<h4>Floral Bicycle Printed Women Hoodie Set</h4>
<ul class=""a-unordered-list a-vertical a-spacing-mini"">
<li>
<p>Pair of Hoodie &amp; Trouser</p>
<p>Fabric: Soft High-Quality Fleece</p>
<p>Full Sleeve &amp; Hoodie</p>
<p>Contrast Trouser</p>
<p>Round Neck</p>
<p>Comfortable Wear </p>
<p>Easy Wash &amp; Press</p>
</li>
</ul>",BBG FASHION,Apparel & Accessories > Clothing,Hoodie Set For Her,"Hoodie Set For Her, wintercollection, woo",false,Size,Small,,Fabric,fleece,product.metafields.shopify.fabric,Color,gray-3,product.metafields.shopify.color-pattern,'10715657,700.0,shopify,100,deny,manual,2199.00,1899.00,true,false,,,,,'10715657,https://cdn.shopify.com/s/files/1/0618/2368/0740/files/WhatsApp_Image_2024-12-19_at_4.01.28_PM_2.jpg?v=1734684004,1,Daisy Flower Printed Women Hoodie Set Copy - front view - women's wear Pakistan,false,,,,,,,,,,,,,,,,,,,,,,,gray-3; olive-green; beige; yellow; purple; brown; silver; navy-blue; blue; black,,,fleece,,,,,,,,,,,,,,,,,https://cdn.shopify.com/s/files/1/0618/2368/0740/files/WhatsApp_Image_2024-12-19_at_4.01.29_PM.jpg?v=1734683983,g,,0.00,true,,,draft
daisy-flower-printed-women-hoodie-set-copy,,,,,,,,,Small,,,fleece,,,olive-green,,'10715658,700.0,shopify,100,deny,manual,2199.00,1899.00,true,false,,,,,'10715658,https://cdn.shopify.com/s/files/1/0618/2368/0740/files/WhatsApp_Image_2024-12-19_at_4.01.28_PM.jpg?v=1734684004,2,Daisy Flower Printed Women Hoodie Set Copy - back view - women's wear Pakistan,,,,,,,,,,,,,,,,,,,,,,,,,,,,,,,,,,,,,,,,,,,,https://cdn.shopify.com/s/files/1/0618/2368/0740/files/WhatsApp_Image_2024-12-19_at_4.01.31_PM_1.jpg?v=1734683983,g,,0.00,,,,
daisy-flower-printed-women-hoodie-set-copy,,,,,,,,,Small,,,fleece,,,beige,,'10715659,700.0,shopify,100,deny,manual,2199.00,1899.00,true,false,,,,,'10715659,https://cdn.shopify.com/s/files/1/0618/2368/0740/files/WhatsApp_Image_2024-12-19_at_4.01.30_PM_1.jpg?v=1734684004,3,Daisy Flower Printed Women Hoodie Set Copy - side view - women's wear Pakistan,,,,,,,,,,,,,,,,,,,,,,,,,,,,,,,,,,,,,,,,,,,,https://cdn.shopify.com/s/files/1/0618/2368/0740/files/WhatsApp_Image_2024-12-19_at_4.01.28_PM_2.jpg?v=1734684004,g,,0.00,,,,
daisy-flower-printed-women-hoodie-set-copy,,,,,,,,,Small,,,fleece,,,yellow,,'10715660,700.0,shopify,100,deny,manual,2199.00,1899.00,true,false,,,,,'10715660,https://cdn.shopify.com/s/files/1/0618/2368/0740/files/WhatsApp_Image_2024-12-19_at_4.01.31_PM.jpg?v=1734684004,4,Daisy Flower Printed Women Hoodie Set Copy - detail shot - women's wear Pakistan,,,,,,,,,,,,,,,,,,,,,,,,,,,,,,,,,,,,,,,,,,,,https://cdn.shopify.com/s/files/1/0618/2368/0740/files/WhatsApp_Image_2024-12-19_at_4.01.30_PM_2.jpg?v=1734683983,g,,0.00,,,,
daisy-flower-printed-women-hoodie-set-copy,,,,,,,,,Small,,,fleece,,,purple,,'10715661,700.0,shopify,100,deny,manual,2199.00,1899.00,true,false,,,,,'10715661,https://cdn.shopify.com/s/files/1/0618/2368/0740/files/WhatsApp_Image_2024-12-19_at_4.01.32_PM.jpg?v=1734684004,5,Daisy Flower Printed Women Hoodie Set Copy - front view - women's wear Pakistan,,,,,,,,,,,,,,,,,,,,,,,,,,,,,,,,,,,,,,,,,,,,https://cdn.shopify.com/s/files/1/0618/2368/0740/files/WhatsApp_Image_2024-12-19_at_4.01.30_PM.jpg?v=1734683983,g,,0.00,,,,
daisy-flower-printed-women-hoodie-set-copy,,,,,,,,,Small,,,fleece,,,brown,,'10715662,700.0,shopify,100,deny,manual,2199.00,1899.00,true,false,,,,,'10715662,https://cdn.shopify.com/s/files/1/0618/2368/0740/files/WhatsApp_Image_2024-12-19_at_4.01.28_PM_1.jpg?v=1734684004,6,Daisy Flower Printed Women Hoodie Set Copy - back view - women's wear Pakistan,,,,,,,,,,,,,,,,,,,,,,,,,,,,,,,,,,,,,,,,,,,,https://cdn.shopify.com/s/files/1/0618/2368/0740/files/WhatsApp_Image_2024-12-19_at_4.01.28_PM_1.jpg?v=1734684004,g,,0.00,,,,
daisy-flower-printed-women-hoodie-set-copy,,,,,,,,,Small,,,fleece,,,silver,,'10715663,700.0,shopify,100,deny,manual,2199.00,1899.00,true,false,,,,,'10715663,https://cdn.shopify.com/s/files/1/0618/2368/0740/files/WhatsApp_Image_2024-12-19_at_4.01.29_PM.jpg?v=1734683983,7,Daisy Flower Printed Women Hoodie Set Copy - side view - women's wear Pakistan,,,,,,,,,,,,,,,,,,,,,,,,,,,,,,,,,,,,,,,,,,,,https://cdn.shopify.com/s/files/1/0618/2368/0740/files/WhatsApp_Image_2024-12-19_at_4.01.28_PM.jpg?v=1734684004,g,,0.00,,,,
daisy-flower-printed-women-hoodie-set-copy,,,,,,,,,Small,,,fleece,,,navy-blue,,'10715664,700.0,shopify,100,deny,manual,2199.00,1899.00,true,false,,,,,'10715664,https://cdn.shopify.com/s/files/1/0618/2368/0740/files/WhatsApp_Image_2024-12-19_at_4.01.30_PM_2.jpg?v=1734683983,8,Daisy Flower Printed Women Hoodie Set Copy - detail shot - women's wear Pakistan,,,,,,,,,,,,,,,,,,,,,,,,,,,,,,,,,,,,,,,,,,,,https://cdn.shopify.com/s/files/1/0618/2368/0740/files/WhatsApp_Image_2024-12-19_at_4.01.31_PM.jpg?v=1734684004,g,,0.00,,,,
daisy-flower-printed-women-hoodie-set-copy,,,,,,,,,Small,,,fleece,,,blue,,'10715665,700.0,shopify,100,deny,manual,2199.00,1899.00,true,false,,,,,'10715665,https://cdn.shopify.com/s/files/1/0618/2368/0740/files/WhatsApp_Image_2024-12-19_at_4.01.30_PM.jpg?v=1734683983,9,Daisy Flower Printed Women Hoodie Set Copy - front view - women's wear Pakistan,,,,,,,,,,,,,,,,,,,,,,,,,,,,,,,,,,,,,,,,,,,,https://cdn.shopify.com/s/files/1/0618/2368/0740/files/WhatsApp_Image_2024-12-19_at_4.01.30_PM_1.jpg?v=1734684004,g,,0.00,,,,
daisy-flower-printed-women-hoodie-set-copy,,,,,,,,,Small,,,fleece,,,black,,'10715666,700.0,shopify,100,deny,manual,2199.00,1899.00,true,false,,,,,'10715666,https://cdn.shopify.com/s/files/1/0618/2368/0740/files/WhatsApp_Image_2024-12-19_at_4.01.31_PM_1.jpg?v=1734683983,10,Daisy Flower Printed Women Hoodie Set Copy - back view - women's wear Pakistan,,,,,,,,,,,,,,,,,,,,,,,,,,,,,,,,,,,,,,,,,,,,https://cdn.shopify.com/s/files/1/0618/2368/0740/files/WhatsApp_Image_2024-12-19_at_4.01.32_PM.jpg?v=1734684004,g,,0.00,,,,
daisy-flower-printed-women-hoodie-set-copy,,,,,,,,,Medium,,,fleece,,,gray-3,,'10715667,700.0,shopify,100,deny,manual,2199.00,1899.00,true,false,,,,,'10715667,https://cdn.shopify.com/s/files/1/0618/2368/0740/files/WhatsApp_Image_2024-12-20_at_4.49.09_PM.jpg?v=1758896990,11,We See What We Want Printed Women Hoodie Set Copy - back view - women's wear Pakistan,,,,,,,,,,,,,,,,,,,,,,,,,,,,,,,,,,,,,,,,,,,,https://cdn.shopify.com/s/files/1/0618/2368/0740/files/WhatsApp_Image_2024-12-19_at_4.01.29_PM.jpg?v=1734683983,g,,0.00,,,,
daisy-flower-printed-women-hoodie-set-copy,,,,,,,,,Medium,,,fleece,,,olive-green,,'10715668,700.0,shopify,100,deny,manual,2199.00,1899.00,true,false,,,,,'10715668,,,,,,,,,,,,,,,,,,,,,,,,,,,,,,,,,,,,,,,,,,,,,,,https://cdn.shopify.com/s/files/1/0618/2368/0740/files/WhatsApp_Image_2024-12-19_at_4.01.31_PM_1.jpg?v=1734683983,g,,0.00,,,,
daisy-flower-printed-women-hoodie-set-copy,,,,,,,,,Medium,,,fleece,,,beige,,'10715669,700.0,shopify,100,deny,manual,2199.00,1899.00,true,false,,,,,'10715669,,,,,,,,,,,,,,,,,,,,,,,,,,,,,,,,,,,,,,,,,,,,,,,https://cdn.shopify.com/s/files/1/0618/2368/0740/files/WhatsApp_Image_2024-12-19_at_4.01.28_PM_2.jpg?v=1734684004,g,,0.00,,,,
daisy-flower-printed-women-hoodie-set-copy,,,,,,,,,Medium,,,fleece,,,yellow,,'10715670,700.0,shopify,100,deny,manual,2199.00,1899.00,true,false,,,,,'10715670,,,,,,,,,,,,,,,,,,,,,,,,,,,,,,,,,,,,,,,,,,,,,,,https://cdn.shopify.com/s/files/1/0618/2368/0740/files/WhatsApp_Image_2024-12-19_at_4.01.30_PM_2.jpg?v=1734683983,g,,0.00,,,,
daisy-flower-printed-women-hoodie-set-copy,,,,,,,,,Medium,,,fleece,,,purple,,'10715671,700.0,shopify,99,deny,manual,2199.00,1899.00,true,false,,,,,'10715671,,,,,,,,,,,,,,,,,,,,,,,,,,,,,,,,,,,,,,,,,,,,,,,https://cdn.shopify.com/s/files/1/0618/2368/0740/files/WhatsApp_Image_2024-12-19_at_4.01.30_PM.jpg?v=1734683983,g,,0.00,,,,
daisy-flower-printed-women-hoodie-set-copy,,,,,,,,,Medium,,,fleece,,,brown,,'10715672,700.0,shopify,100,deny,manual,2199.00,1899.00,true,false,,,,,'10715672,,,,,,,,,,,,,,,,,,,,,,,,,,,,,,,,,,,,,,,,,,,,,,,https://cdn.shopify.com/s/files/1/0618/2368/0740/files/WhatsApp_Image_2024-12-19_at_4.01.28_PM_1.jpg?v=1734684004,g,,0.00,,,,
daisy-flower-printed-women-hoodie-set-copy,,,,,,,,,Medium,,,fleece,,,silver,,'10715673,700.0,shopify,100,deny,manual,2199.00,1899.00,true,false,,,,,'10715673,,,,,,,,,,,,,,,,,,,,,,,,,,,,,,,,,,,,,,,,,,,,,,,https://cdn.shopify.com/s/files/1/0618/2368/0740/files/WhatsApp_Image_2024-12-19_at_4.01.28_PM.jpg?v=1734684004,g,,0.00,,,,
daisy-flower-printed-women-hoodie-set-copy,,,,,,,,,Medium,,,fleece,,,navy-blue,,'10715674,700.0,shopify,100,deny,manual,2199.00,1899.00,true,false,,,,,'10715674,,,,,,,,,,,,,,,,,,,,,,,,,,,,,,,,,,,,,,,,,,,,,,,https://cdn.shopify.com/s/files/1/0618/2368/0740/files/WhatsApp_Image_2024-12-19_at_4.01.31_PM.jpg?v=1734684004,g,,0.00,,,,
daisy-flower-printed-women-hoodie-set-copy,,,,,,,,,Medium,,,fleece,,,blue,,'10715675,700.0,shopify,100,deny,manual,2199.00,1899.00,true,false,,,,,'10715675,,,,,,,,,,,,,,,,,,,,,,,,,,,,,,,,,,,,,,,,,,,,,,,https://cdn.shopify.com/s/files/1/0618/2368/0740/files/WhatsApp_Image_2024-12-19_at_4.01.30_PM_1.jpg?v=1734684004,g,,0.00,,,,
daisy-flower-printed-women-hoodie-set-copy,,,,,,,,,Medium,,,fleece,,,black,,'10715676,700.0,shopify,100,deny,manual,2199.00,1899.00,true,false,,,,,'10715676,,,,,,,,,,,,,,,,,,,,,,,,,,,,,,,,,,,,,,,,,,,,,,,https://cdn.shopify.com/s/files/1/0618/2368/0740/files/WhatsApp_Image_2024-12-19_at_4.01.32_PM.jpg?v=1734684004,g,,0.00,,,,
daisy-flower-printed-women-hoodie-set-copy,,,,,,,,,Large,,,fleece,,,gray-3,,'10715677,700.0,shopify,100,deny,manual,2299.00,1899.00,true,false,,,,,'10715677,,,,,,,,,,,,,,,,,,,,,,,,,,,,,,,,,,,,,,,,,,,,,,,https://cdn.shopify.com/s/files/1/0618/2368/0740/files/WhatsApp_Image_2024-12-19_at_4.01.29_PM.jpg?v=1734683983,g,,0.00,,,,
daisy-flower-printed-women-hoodie-set-copy,,,,,,,,,Large,,,fleece,,,olive-green,,'10715678,700.0,shopify,100,deny,manual,2299.00,1899.00,true,false,,,,,'10715678,,,,,,,,,,,,,,,,,,,,,,,,,,,,,,,,,,,,,,,,,,,,,,,https://cdn.shopify.com/s/files/1/0618/2368/0740/files/WhatsApp_Image_2024-12-19_at_4.01.31_PM_1.jpg?v=1734683983,g,,0.00,,,,
daisy-flower-printed-women-hoodie-set-copy,,,,,,,,,Large,,,fleece,,,beige,,'10715679,700.0,shopify,100,deny,manual,2299.00,1899.00,true,false,,,,,'10715679,,,,,,,,,,,,,,,,,,,,,,,,,,,,,,,,,,,,,,,,,,,,,,,https://cdn.shopify.com/s/files/1/0618/2368/0740/files/WhatsApp_Image_2024-12-19_at_4.01.28_PM_2.jpg?v=1734684004,g,,0.00,,,,
daisy-flower-printed-women-hoodie-set-copy,,,,,,,,,Large,,,fleece,,,yellow,,'10715680,700.0,shopify,100,deny,manual,2299.00,1899.00,true,false,,,,,'10715680,,,,,,,,,,,,,,,,,,,,,,,,,,,,,,,,,,,,,,,,,,,,,,,https://cdn.shopify.com/s/files/1/0618/2368/0740/files/WhatsApp_Image_2024-12-19_at_4.01.30_PM_2.jpg?v=1734683983,g,,0.00,,,,
daisy-flower-printed-women-hoodie-set-copy,,,,,,,,,Large,,,fleece,,,purple,,'10715681,700.0,shopify,100,deny,manual,2299.00,1899.00,true,false,,,,,'10715681,,,,,,,,,,,,,,,,,,,,,,,,,,,,,,,,,,,,,,,,,,,,,,,https://cdn.shopify.com/s/files/1/0618/2368/0740/files/WhatsApp_Image_2024-12-19_at_4.01.30_PM.jpg?v=1734683983,g,,0.00,,,,
daisy-flower-printed-women-hoodie-set-copy,,,,,,,,,Large,,,fleece,,,brown,,'10715682,700.0,shopify,100,deny,manual,2299.00,1899.00,true,false,,,,,'10715682,,,,,,,,,,,,,,,,,,,,,,,,,,,,,,,,,,,,,,,,,,,,,,,https://cdn.shopify.com/s/files/1/0618/2368/0740/files/WhatsApp_Image_2024-12-19_at_4.01.28_PM_1.jpg?v=1734684004,g,,0.00,,,,
daisy-flower-printed-women-hoodie-set-copy,,,,,,,,,Large,,,fleece,,,silver,,'10715683,700.0,shopify,100,deny,manual,2299.00,1899.00,true,false,,,,,'10715683,,,,,,,,,,,,,,,,,,,,,,,,,,,,,,,,,,,,,,,,,,,,,,,https://cdn.shopify.com/s/files/1/0618/2368/0740/files/WhatsApp_Image_2024-12-19_at_4.01.28_PM.jpg?v=1734684004,g,,0.00,,,,
daisy-flower-printed-women-hoodie-set-copy,,,,,,,,,Large,,,fleece,,,navy-blue,,'10715684,700.0,shopify,100,deny,manual,2299.00,1899.00,true,false,,,,,'10715684,,,,,,,,,,,,,,,,,,,,,,,,,,,,,,,,,,,,,,,,,,,,,,,https://cdn.shopify.com/s/files/1/0618/2368/0740/files/WhatsApp_Image_2024-12-19_at_4.01.31_PM.jpg?v=1734684004,g,,0.00,,,,
daisy-flower-printed-women-hoodie-set-copy,,,,,,,,,Large,,,fleece,,,blue,,'10715685,700.0,shopify,100,deny,manual,2299.00,1899.00,true,false,,,,,'10715685,,,,,,,,,,,,,,,,,,,,,,,,,,,,,,,,,,,,,,,,,,,,,,,https://cdn.shopify.com/s/files/1/0618/2368/0740/files/WhatsApp_Image_2024-12-19_at_4.01.30_PM_1.jpg?v=1734684004,g,,0.00,,,,
daisy-flower-printed-women-hoodie-set-copy,,,,,,,,,Large,,,fleece,,,black,,'10715686,700.0,shopify,100,deny,manual,2299.00,1899.00,true,false,,,,,'10715686,,,,,,,,,,,,,,,,,,,,,,,,,,,,,,,,,,,,,,,,,,,,,,,https://cdn.shopify.com/s/files/1/0618/2368/0740/files/WhatsApp_Image_2024-12-19_at_4.01.32_PM.jpg?v=1734684004,g,,0.00,,,,
daisy-flower-printed-women-hoodie-set-copy,,,,,,,,,XL,,,fleece,,,gray-3,,'10715687,700.0,shopify,100,deny,manual,2399.00,1899.00,true,false,,,,,'10715687,,,,,,,,,,,,,,,,,,,,,,,,,,,,,,,,,,,,,,,,,,,,,,,https://cdn.shopify.com/s/files/1/0618/2368/0740/files/WhatsApp_Image_2024-12-19_at_4.01.29_PM.jpg?v=1734683983,g,,0.00,,,,
daisy-flower-printed-women-hoodie-set-copy,,,,,,,,,XL,,,fleece,,,olive-green,,'10715688,700.0,shopify,100,deny,manual,2399.00,1899.00,true,false,,,,,'10715688,,,,,,,,,,,,,,,,,,,,,,,,,,,,,,,,,,,,,,,,,,,,,,,https://cdn.shopify.com/s/files/1/0618/2368/0740/files/WhatsApp_Image_2024-12-19_at_4.01.31_PM_1.jpg?v=1734683983,g,,0.00,,,,
daisy-flower-printed-women-hoodie-set-copy,,,,,,,,,XL,,,fleece,,,beige,,'10715689,700.0,shopify,100,deny,manual,2399.00,1899.00,true,false,,,,,'10715689,,,,,,,,,,,,,,,,,,,,,,,,,,,,,,,,,,,,,,,,,,,,,,,https://cdn.shopify.com/s/files/1/0618/2368/0740/files/WhatsApp_Image_2024-12-19_at_4.01.28_PM_2.jpg?v=1734684004,g,,0.00,,,,
daisy-flower-printed-women-hoodie-set-copy,,,,,,,,,XL,,,fleece,,,yellow,,'10715690,700.0,shopify,100,deny,manual,2399.00,1899.00,true,false,,,,,'10715690,,,,,,,,,,,,,,,,,,,,,,,,,,,,,,,,,,,,,,,,,,,,,,,https://cdn.shopify.com/s/files/1/0618/2368/0740/files/WhatsApp_Image_2024-12-19_at_4.01.30_PM_2.jpg?v=1734683983,g,,0.00,,,,
daisy-flower-printed-women-hoodie-set-copy,,,,,,,,,XL,,,fleece,,,purple,,'10715691,700.0,shopify,100,deny,manual,2399.00,1899.00,true,false,,,,,'10715691,,,,,,,,,,,,,,,,,,,,,,,,,,,,,,,,,,,,,,,,,,,,,,,https://cdn.shopify.com/s/files/1/0618/2368/0740/files/WhatsApp_Image_2024-12-19_at_4.01.30_PM.jpg?v=1734683983,g,,0.00,,,,
daisy-flower-printed-women-hoodie-set-copy,,,,,,,,,XL,,,fleece,,,brown,,'10715692,700.0,shopify,99,deny,manual,2399.00,1899.00,true,false,,,,,'10715692,,,,,,,,,,,,,,,,,,,,,,,,,,,,,,,,,,,,,,,,,,,,,,,https://cdn.shopify.com/s/files/1/0618/2368/0740/files/WhatsApp_Image_2024-12-19_at_4.01.28_PM_1.jpg?v=1734684004,g,,0.00,,,,
daisy-flower-printed-women-hoodie-set-copy,,,,,,,,,XL,,,fleece,,,silver,,'10715693,700.0,shopify,100,deny,manual,2399.00,1899.00,true,false,,,,,'10715693,,,,,,,,,,,,,,,,,,,,,,,,,,,,,,,,,,,,,,,,,,,,,,,https://cdn.shopify.com/s/files/1/0618/2368/0740/files/WhatsApp_Image_2024-12-19_at_4.01.28_PM.jpg?v=1734684004,g,,0.00,,,,
daisy-flower-printed-women-hoodie-set-copy,,,,,,,,,XL,,,fleece,,,navy-blue,,'10715694,700.0,shopify,100,deny,manual,2399.00,1899.00,true,false,,,,,'10715694,,,,,,,,,,,,,,,,,,,,,,,,,,,,,,,,,,,,,,,,,,,,,,,https://cdn.shopify.com/s/files/1/0618/2368/0740/files/WhatsApp_Image_2024-12-19_at_4.01.31_PM.jpg?v=1734684004,g,,0.00,,,,
daisy-flower-printed-women-hoodie-set-copy,,,,,,,,,XL,,,fleece,,,blue,,'10715695,700.0,shopify,100,deny,manual,2399.00,1899.00,true,false,,,,,'10715695,,,,,,,,,,,,,,,,,,,,,,,,,,,,,,,,,,,,,,,,,,,,,,,https://cdn.shopify.com/s/files/1/0618/2368/0740/files/WhatsApp_Image_2024-12-19_at_4.01.30_PM_1.jpg?v=1734684004,g,,0.00,,,,
daisy-flower-printed-women-hoodie-set-copy,,,,,,,,,XL,,,fleece,,,black,,'10706959,700.0,shopify,100,deny,manual,2399.00,1899.00,true,false,,,,,'10706959,,,,,,,,,,,,,,,,,,,,,,,,,,,,,,,,,,,,,,,,,,,,,,,https://cdn.shopify.com/s/files/1/0618/2368/0740/files/WhatsApp_Image_2024-12-19_at_4.01.32_PM.jpg?v=1734684004,g,,0.00,,,,
golden-lion-hoodie,Golden Lion Hoodie,"<h4>Golden Lion Hoodie</h4>
<p>Elevate your winter wardrobe with our never give up Hoodie! This bold and adventurous hoodie features a printed Golden Lion on a sleek background, perfect for making a statement. Stay warm and stylish with the added benefit of adjustable strings. Take a risk and stand out from the crowd in this must-have winter essential.</p>",BBG FASHION,Apparel & Accessories > Clothing > Clothing Tops > Hoodies,Adult Hoodie,"wintercollection, woo",false,Size,Small,,Color,Yellow,,,,,'10715613,700.0,,-2,deny,manual,1599.00,0.00,true,false,,,,,'10715613,https://cdn.shopify.com/s/files/1/0618/2368/0740/files/70_de5329d6-7aaa-4a04-9e9b-4ea0fb8d0aac.png?v=1734441517,1,Golden Lion Hoodie - front view - unisex wear Pakistan,false,,"Look no further for the perfect casual hoodie – Colorful Standard’s take on the modern classic is thoughtfully crafted for the best fit in soft organic cotton.
",,,,,,,,,,,,,,,,,,,,,,,,,,,,,,,,,,,,,,,,,https://cdn.shopify.com/s/files/1/0618/2368/0740/files/13_fbe40c65-cd29-460b-b401-edccae6ae4b2.png?v=1734441451,g,,0.00,true,,,draft
golden-lion-hoodie,,,,,,,,,Small,,,Blue,,,,,'10715614,700.0,,0,deny,manual,1599.00,0.00,true,false,,,,,'10715614,https://cdn.shopify.com/s/files/1/0618/2368/0740/files/152_91c65805-9176-4f4e-b2f8-d8305ebf1cdd.png?v=1734441517,2,Golden Lion Hoodie - back view - unisex wear Pakistan,,,,,,,,,,,,,,,,,,,,,,,,,,,,,,,,,,,,,,,,,,,,https://cdn.shopify.com/s/files/1/0618/2368/0740/files/70_de5329d6-7aaa-4a04-9e9b-4ea0fb8d0aac.png?v=1734441517,g,,0.00,,,,
golden-lion-hoodie,,,,,,,,,Small,,,Black,,,,,'10715615,700.0,,0,deny,manual,1599.00,0.00,true,false,,,,,'10715615,https://cdn.shopify.com/s/files/1/0618/2368/0740/files/51_5de8e908-5654-4bdc-a202-97af6feec80b.png?v=1734441517,3,Golden Lion Hoodie - side view - unisex wear Pakistan,,,,,,,,,,,,,,,,,,,,,,,,,,,,,,,,,,,,,,,,,,,,https://cdn.shopify.com/s/files/1/0618/2368/0740/files/152_91c65805-9176-4f4e-b2f8-d8305ebf1cdd.png?v=1734441517,g,,0.00,,,,
golden-lion-hoodie,,,,,,,,,Small,,,Olive Green,,,,,'10715616,700.0,,0,deny,manual,1599.00,0.00,true,false,,,,,'10715616,https://cdn.shopify.com/s/files/1/0618/2368/0740/files/hoodiesizechart_8ec3b445-d6a7-4993-8fe3-cf237f05a022.webp?v=1765455802,4,Sun Flower Printed Hoodie size chart - measurements guide,,,,,,,,,,,,,,,,,,,,,,,,,,,,,,,,,,,,,,,,,,,,https://cdn.shopify.com/s/files/1/0618/2368/0740/files/51_5de8e908-5654-4bdc-a202-97af6feec80b.png?v=1734441517,g,,0.00,,,,
golden-lion-hoodie,,,,,,,,,Small,,,Rose Gold,,,,,'10715617,700.0,,0,deny,manual,1599.00,0.00,true,false,,,,,'10715617,https://cdn.shopify.com/s/files/1/0618/2368/0740/files/32_e8ef5f7b-cc9b-442d-80e6-211c9ed143c0.png?v=1734441419,5,Golden Lion Hoodie - front view - unisex wear Pakistan,,,,,,,,,,,,,,,,,,,,,,,,,,,,,,,,,,,,,,,,,,,,https://cdn.shopify.com/s/files/1/0618/2368/0740/files/32_e8ef5f7b-cc9b-442d-80e6-211c9ed143c0.png?v=1734441419,g,,0.00,,,,
golden-lion-hoodie,,,,,,,,,Small,,,Cream,,,,,'10715618,700.0,,0,deny,manual,1599.00,0.00,true,false,,,,,'10715618,https://cdn.shopify.com/s/files/1/0618/2368/0740/files/110_496ae7e4-69fe-4f76-85cd-83ae04fde81c.png?v=1734441435,6,Golden Lion Hoodie - back view - unisex wear Pakistan,,,,,,,,,,,,,,,,,,,,,,,,,,,,,,,,,,,,,,,,,,,,https://cdn.shopify.com/s/files/1/0618/2368/0740/files/110_496ae7e4-69fe-4f76-85cd-83ae04fde81c.png?v=1734441435,g,,0.00,,,,
golden-lion-hoodie,,,,,,,,,Small,,,Grey,,,,,'10715619,700.0,,0,deny,manual,1599.00,0.00,true,false,,,,,'10715619,https://cdn.shopify.com/s/files/1/0618/2368/0740/files/13_fbe40c65-cd29-460b-b401-edccae6ae4b2.png?v=1734441451,7,Golden Lion Hoodie - side view - unisex wear Pakistan,,,,,,,,,,,,,,,,,,,,,,,,,,,,,,,,,,,,,,,,,,,,https://cdn.shopify.com/s/files/1/0618/2368/0740/files/129.png?v=1734441466,g,,0.00,,,,
golden-lion-hoodie,,,,,,,,,Small,,,Mustard,,,,,'10715620,700.0,,0,deny,manual,1599.00,0.00,true,false,,,,,'10715620,https://cdn.shopify.com/s/files/1/0618/2368/0740/files/129.png?v=1734441466,8,Golden Lion Hoodie - detail shot - unisex wear Pakistan,,,,,,,,,,,,,,,,,,,,,,,,,,,,,,,,,,,,,,,,,,,,https://cdn.shopify.com/s/files/1/0618/2368/0740/files/160.png?v=1734441480,g,,0.00,,,,
golden-lion-hoodie,,,,,,,,,Small,,,Silver,,,,,'10715621,700.0,,0,deny,manual,1599.00,0.00,true,false,,,,,'10715621,https://cdn.shopify.com/s/files/1/0618/2368/0740/files/160.png?v=1734441480,9,Golden Lion Hoodie - front view - unisex wear Pakistan,,,,,,,,,,,,,,,,,,,,,,,,,,,,,,,,,,,,,,,,,,,,https://cdn.shopify.com/s/files/1/0618/2368/0740/files/90_4b15cdb2-eaf9-4afd-bff8-9286cc5aab59.png?v=1734441495,g,,0.00,,,,
golden-lion-hoodie,,,,,,,,,Medium,,,Yellow,,,,,'10715622,700.0,,0,deny,manual,1599.00,0.00,true,false,,,,,'10715622,https://cdn.shopify.com/s/files/1/0618/2368/0740/files/90_4b15cdb2-eaf9-4afd-bff8-9286cc5aab59.png?v=1734441495,10,Golden Lion Hoodie - back view - unisex wear Pakistan,,,,,,,,,,,,,,,,,,,,,,,,,,,,,,,,,,,,,,,,,,,,https://cdn.shopify.com/s/files/1/0618/2368/0740/files/13_fbe40c65-cd29-460b-b401-edccae6ae4b2.png?v=1734441451,g,,0.00,,,,
golden-lion-hoodie,,,,,,,,,Medium,,,Blue,,,,,'10715623,700.0,,0,deny,manual,1599.00,0.00,true,false,,,,,'10715623,,,,,,,,,,,,,,,,,,,,,,,,,,,,,,,,,,,,,,,,,,,,,,,https://cdn.shopify.com/s/files/1/0618/2368/0740/files/70_de5329d6-7aaa-4a04-9e9b-4ea0fb8d0aac.png?v=1734441517,g,,0.00,,,,
golden-lion-hoodie,,,,,,,,,Medium,,,Black,,,,,'10715624,700.0,,0,deny,manual,1599.00,0.00,true,false,,,,,'10715624,,,,,,,,,,,,,,,,,,,,,,,,,,,,,,,,,,,,,,,,,,,,,,,https://cdn.shopify.com/s/files/1/0618/2368/0740/files/152_91c65805-9176-4f4e-b2f8-d8305ebf1cdd.png?v=1734441517,g,,0.00,,,,
golden-lion-hoodie,,,,,,,,,Medium,,,Olive Green,,,,,'10715625,700.0,,0,deny,manual,1599.00,0.00,true,false,,,,,'10715625,,,,,,,,,,,,,,,,,,,,,,,,,,,,,,,,,,,,,,,,,,,,,,,https://cdn.shopify.com/s/files/1/0618/2368/0740/files/51_5de8e908-5654-4bdc-a202-97af6feec80b.png?v=1734441517,g,,0.00,,,,
golden-lion-hoodie,,,,,,,,,Medium,,,Rose Gold,,,,,'10715626,700.0,,0,deny,manual,1599.00,0.00,true,false,,,,,'10715626,,,,,,,,,,,,,,,,,,,,,,,,,,,,,,,,,,,,,,,,,,,,,,,https://cdn.shopify.com/s/files/1/0618/2368/0740/files/32_e8ef5f7b-cc9b-442d-80e6-211c9ed143c0.png?v=1734441419,g,,0.00,,,,
golden-lion-hoodie,,,,,,,,,Medium,,,Cream,,,,,'10715627,700.0,,0,deny,manual,1599.00,0.00,true,false,,,,,'10715627,,,,,,,,,,,,,,,,,,,,,,,,,,,,,,,,,,,,,,,,,,,,,,,https://cdn.shopify.com/s/files/1/0618/2368/0740/files/110_496ae7e4-69fe-4f76-85cd-83ae04fde81c.png?v=1734441435,g,,0.00,,,,
golden-lion-hoodie,,,,,,,,,Medium,,,Grey,,,,,'10715628,700.0,,0,deny,manual,1599.00,0.00,true,false,,,,,'10715628,,,,,,,,,,,,,,,,,,,,,,,,,,,,,,,,,,,,,,,,,,,,,,,https://cdn.shopify.com/s/files/1/0618/2368/0740/files/129.png?v=1734441466,g,,0.00,,,,
golden-lion-hoodie,,,,,,,,,Medium,,,Mustard,,,,,'10715629,700.0,,0,deny,manual,1599.00,0.00,true,false,,,,,'10715629,,,,,,,,,,,,,,,,,,,,,,,,,,,,,,,,,,,,,,,,,,,,,,,https://cdn.shopify.com/s/files/1/0618/2368/0740/files/160.png?v=1734441480,g,,0.00,,,,
golden-lion-hoodie,,,,,,,,,Medium,,,Silver,,,,,'10715630,700.0,,0,deny,manual,1599.00,0.00,true,false,,,,,'10715630,,,,,,,,,,,,,,,,,,,,,,,,,,,,,,,,,,,,,,,,,,,,,,,https://cdn.shopify.com/s/files/1/0618/2368/0740/files/90_4b15cdb2-eaf9-4afd-bff8-9286cc5aab59.png?v=1734441495,g,,0.00,,,,
golden-lion-hoodie,,,,,,,,,Large,,,Yellow,,,,,'10715631,700.0,,0,deny,manual,1599.00,0.00,true,false,,,,,'10715631,,,,,,,,,,,,,,,,,,,,,,,,,,,,,,,,,,,,,,,,,,,,,,,https://cdn.shopify.com/s/files/1/0618/2368/0740/files/13_fbe40c65-cd29-460b-b401-edccae6ae4b2.png?v=1734441451,g,,0.00,,,,
golden-lion-hoodie,,,,,,,,,Large,,,Blue,,,,,'10715632,700.0,,0,deny,manual,1599.00,0.00,true,false,,,,,'10715632,,,,,,,,,,,,,,,,,,,,,,,,,,,,,,,,,,,,,,,,,,,,,,,https://cdn.shopify.com/s/files/1/0618/2368/0740/files/70_de5329d6-7aaa-4a04-9e9b-4ea0fb8d0aac.png?v=1734441517,g,,0.00,,,,
golden-lion-hoodie,,,,,,,,,Large,,,Black,,,,,'10715633,700.0,,0,deny,manual,1599.00,0.00,true,false,,,,,'10715633,,,,,,,,,,,,,,,,,,,,,,,,,,,,,,,,,,,,,,,,,,,,,,,https://cdn.shopify.com/s/files/1/0618/2368/0740/files/152_91c65805-9176-4f4e-b2f8-d8305ebf1cdd.png?v=1734441517,g,,0.00,,,,
golden-lion-hoodie,,,,,,,,,Large,,,Olive Green,,,,,'10715634,700.0,,-1,deny,manual,1599.00,0.00,true,false,,,,,'10715634,,,,,,,,,,,,,,,,,,,,,,,,,,,,,,,,,,,,,,,,,,,,,,,https://cdn.shopify.com/s/files/1/0618/2368/0740/files/51_5de8e908-5654-4bdc-a202-97af6feec80b.png?v=1734441517,g,,0.00,,,,
golden-lion-hoodie,,,,,,,,,Large,,,Rose Gold,,,,,'10715635,700.0,,0,deny,manual,1599.00,0.00,true,false,,,,,'10715635,,,,,,,,,,,,,,,,,,,,,,,,,,,,,,,,,,,,,,,,,,,,,,,https://cdn.shopify.com/s/files/1/0618/2368/0740/files/32_e8ef5f7b-cc9b-442d-80e6-211c9ed143c0.png?v=1734441419,g,,0.00,,,,
golden-lion-hoodie,,,,,,,,,Large,,,Cream,,,,,'10715636,700.0,,-1,deny,manual,1599.00,0.00,true,false,,,,,'10715636,,,,,,,,,,,,,,,,,,,,,,,,,,,,,,,,,,,,,,,,,,,,,,,https://cdn.shopify.com/s/files/1/0618/2368/0740/files/110_496ae7e4-69fe-4f76-85cd-83ae04fde81c.png?v=1734441435,g,,0.00,,,,
golden-lion-hoodie,,,,,,,,,Large,,,Grey,,,,,'10715637,700.0,,0,deny,manual,1599.00,0.00,true,false,,,,,'10715637,,,,,,,,,,,,,,,,,,,,,,,,,,,,,,,,,,,,,,,,,,,,,,,https://cdn.shopify.com/s/files/1/0618/2368/0740/files/129.png?v=1734441466,g,,0.00,,,,
golden-lion-hoodie,,,,,,,,,Large,,,Mustard,,,,,'10715638,700.0,,0,deny,manual,1599.00,0.00,true,false,,,,,'10715638,,,,,,,,,,,,,,,,,,,,,,,,,,,,,,,,,,,,,,,,,,,,,,,https://cdn.shopify.com/s/files/1/0618/2368/0740/files/160.png?v=1734441480,g,,0.00,,,,
golden-lion-hoodie,,,,,,,,,Large,,,Silver,,,,,'10715639,700.0,,0,deny,manual,1599.00,0.00,true,false,,,,,'10715639,,,,,,,,,,,,,,,,,,,,,,,,,,,,,,,,,,,,,,,,,,,,,,,https://cdn.shopify.com/s/files/1/0618/2368/0740/files/90_4b15cdb2-eaf9-4afd-bff8-9286cc5aab59.png?v=1734441495,g,,0.00,,,,
golden-lion-hoodie,,,,,,,,,XL,,,Yellow,,,,,'10715640,700.0,,0,deny,manual,1699.00,0.00,true,false,,,,,'10715640,,,,,,,,,,,,,,,,,,,,,,,,,,,,,,,,,,,,,,,,,,,,,,,https://cdn.shopify.com/s/files/1/0618/2368/0740/files/13_fbe40c65-cd29-460b-b401-edccae6ae4b2.png?v=1734441451,g,,0.00,,,,
golden-lion-hoodie,,,,,,,,,XL,,,Blue,,,,,'10715641,700.0,,0,deny,manual,1699.00,0.00,true,false,,,,,'10715641,,,,,,,,,,,,,,,,,,,,,,,,,,,,,,,,,,,,,,,,,,,,,,,https://cdn.shopify.com/s/files/1/0618/2368/0740/files/70_de5329d6-7aaa-4a04-9e9b-4ea0fb8d0aac.png?v=1734441517,g,,0.00,,,,
golden-lion-hoodie,,,,,,,,,XL,,,Black,,,,,'10715642,700.0,,-1,deny,manual,1699.00,0.00,true,false,,,,,'10715642,,,,,,,,,,,,,,,,,,,,,,,,,,,,,,,,,,,,,,,,,,,,,,,https://cdn.shopify.com/s/files/1/0618/2368/0740/files/152_91c65805-9176-4f4e-b2f8-d8305ebf1cdd.png?v=1734441517,g,,0.00,,,,
golden-lion-hoodie,,,,,,,,,XL,,,Olive Green,,,,,'10715643,700.0,,0,deny,manual,1699.00,0.00,true,false,,,,,'10715643,,,,,,,,,,,,,,,,,,,,,,,,,,,,,,,,,,,,,,,,,,,,,,,https://cdn.shopify.com/s/files/1/0618/2368/0740/files/51_5de8e908-5654-4bdc-a202-97af6feec80b.png?v=1734441517,g,,0.00,,,,
golden-lion-hoodie,,,,,,,,,XL,,,Rose Gold,,,,,'10715644,700.0,,0,deny,manual,1699.00,0.00,true,false,,,,,'10715644,,,,,,,,,,,,,,,,,,,,,,,,,,,,,,,,,,,,,,,,,,,,,,,https://cdn.shopify.com/s/files/1/0618/2368/0740/files/32_e8ef5f7b-cc9b-442d-80e6-211c9ed143c0.png?v=1734441419,g,,0.00,,,,
golden-lion-hoodie,,,,,,,,,XL,,,Cream,,,,,'10715645,700.0,,0,deny,manual,1699.00,0.00,true,false,,,,,'10715645,,,,,,,,,,,,,,,,,,,,,,,,,,,,,,,,,,,,,,,,,,,,,,,https://cdn.shopify.com/s/files/1/0618/2368/0740/files/110_496ae7e4-69fe-4f76-85cd-83ae04fde81c.png?v=1734441435,g,,0.00,,,,
golden-lion-hoodie,,,,,,,,,XL,,,Grey,,,,,'10715646,700.0,,0,deny,manual,1699.00,0.00,true,false,,,,,'10715646,,,,,,,,,,,,,,,,,,,,,,,,,,,,,,,,,,,,,,,,,,,,,,,https://cdn.shopify.com/s/files/1/0618/2368/0740/files/129.png?v=1734441466,g,,0.00,,,,
golden-lion-hoodie,,,,,,,,,XL,,,Mustard,,,,,'10715647,700.0,,-1,deny,manual,1699.00,0.00,true,false,,,,,'10715647,,,,,,,,,,,,,,,,,,,,,,,,,,,,,,,,,,,,,,,,,,,,,,,https://cdn.shopify.com/s/files/1/0618/2368/0740/files/160.png?v=1734441480,g,,0.00,,,,
golden-lion-hoodie,,,,,,,,,XL,,,Silver,,,,,'10715648,700.0,,0,deny,manual,1699.00,0.00,true,false,,,,,'10715648,,,,,,,,,,,,,,,,,,,,,,,,,,,,,,,,,,,,,,,,,,,,,,,https://cdn.shopify.com/s/files/1/0618/2368/0740/files/90_4b15cdb2-eaf9-4afd-bff8-9286cc5aab59.png?v=1734441495,g,,0.00,,,,
golden-lion-hoodie,,,,,,,,,XXL,,,Yellow,,,,,'10715649,700.0,,0,deny,manual,1799.00,0.00,true,false,,,,,'10715649,,,,,,,,,,,,,,,,,,,,,,,,,,,,,,,,,,,,,,,,,,,,,,,https://cdn.shopify.com/s/files/1/0618/2368/0740/files/13_fbe40c65-cd29-460b-b401-edccae6ae4b2.png?v=1734441451,g,,0.00,,,,
golden-lion-hoodie,,,,,,,,,XXL,,,Blue,,,,,'10715650,700.0,,0,deny,manual,1799.00,0.00,true,false,,,,,'10715650,,,,,,,,,,,,,,,,,,,,,,,,,,,,,,,,,,,,,,,,,,,,,,,https://cdn.shopify.com/s/files/1/0618/2368/0740/files/70_de5329d6-7aaa-4a04-9e9b-4ea0fb8d0aac.png?v=1734441517,g,,0.00,,,,
golden-lion-hoodie,,,,,,,,,XXL,,,Black,,,,,'10715651,700.0,,0,deny,manual,1799.00,0.00,true,false,,,,,'10715651,,,,,,,,,,,,,,,,,,,,,,,,,,,,,,,,,,,,,,,,,,,,,,,https://cdn.shopify.com/s/files/1/0618/2368/0740/files/152_91c65805-9176-4f4e-b2f8-d8305ebf1cdd.png?v=1734441517,g,,0.00,,,,
golden-lion-hoodie,,,,,,,,,XXL,,,Olive Green,,,,,'10715652,700.0,,0,deny,manual,1799.00,0.00,true,false,,,,,'10715652,,,,,,,,,,,,,,,,,,,,,,,,,,,,,,,,,,,,,,,,,,,,,,,https://cdn.shopify.com/s/files/1/0618/2368/0740/files/51_5de8e908-5654-4bdc-a202-97af6feec80b.png?v=1734441517,g,,0.00,,,,
golden-lion-hoodie,,,,,,,,,XXL,,,Rose Gold,,,,,'10715653,700.0,,0,deny,manual,1799.00,0.00,true,false,,,,,'10715653,,,,,,,,,,,,,,,,,,,,,,,,,,,,,,,,,,,,,,,,,,,,,,,https://cdn.shopify.com/s/files/1/0618/2368/0740/files/32_e8ef5f7b-cc9b-442d-80e6-211c9ed143c0.png?v=1734441419,g,,0.00,,,,
golden-lion-hoodie,,,,,,,,,XXL,,,Cream,,,,,'10715654,700.0,,-1,deny,manual,1799.00,0.00,true,false,,,,,'10715654,,,,,,,,,,,,,,,,,,,,,,,,,,,,,,,,,,,,,,,,,,,,,,,https://cdn.shopify.com/s/files/1/0618/2368/0740/files/110_496ae7e4-69fe-4f76-85cd-83ae04fde81c.png?v=1734441435,g,,0.00,,,,
golden-lion-hoodie,,,,,,,,,XXL,,,Grey,,,,,'10715655,700.0,,0,deny,manual,1799.00,0.00,true,false,,,,,'10715655,,,,,,,,,,,,,,,,,,,,,,,,,,,,,,,,,,,,,,,,,,,,,,,https://cdn.shopify.com/s/files/1/0618/2368/0740/files/129.png?v=1734441466,g,,0.00,,,,
golden-lion-hoodie,,,,,,,,,XXL,,,Mustard,,,,,'10715656,700.0,,0,deny,manual,1799.00,0.00,true,false,,,,,'10715656,,,,,,,,,,,,,,,,,,,,,,,,,,,,,,,,,,,,,,,,,,,,,,,https://cdn.shopify.com/s/files/1/0618/2368/0740/files/160.png?v=1734441480,g,,0.00,,,,
golden-lion-hoodie,,,,,,,,,XXL,,,Silver,,,,,'10706958,700.0,,0,deny,manual,1799.00,0.00,true,false,,,,,'10706958,,,,,,,,,,,,,,,,,,,,,,,,,,,,,,,,,,,,,,,,,,,,,,,https://cdn.shopify.com/s/files/1/0618/2368/0740/files/90_4b15cdb2-eaf9-4afd-bff8-9286cc5aab59.png?v=1734441495,g,,0.00,,,,
printed-zip-up-bomber-jacket-for-women-copy-1,Embroidered Twin Floral Patch Jacket,"<h4>Embroidered Twin Floral Patch Jacket</h4>
<p>Stay cozy in style with our Embroidered Twin Floral Patch Jacket! Made of soft fleece, this colorful jacket features twin embroidered floral patches and comes in a variety of sizes for the perfect fit. Perfect for chilly winter days, this jacket will keep you warm and looking fabulous. Grab yours now!</p>",BBG FASHION,Apparel & Accessories > Clothing > Outerwear > Coats & Jackets,Jacket,"jacket, winter tracksuit, wintercollection, woo",true,Size,Medium,,,,,,,,'10715611,800.0,shopify,95,deny,manual,1899.00,2399.00,true,false,,,,,'10715611,https://cdn.shopify.com/s/files/1/0618/2368/0740/files/WhatsApp_Image_2025-12-16_at_1.26.55_PM_3_-min.jpg?v=1765877088,1,Printed Zip Up Bomber Jacket For Women Copy 1 - front view - women's wear Pakistan,false,,,,,adult,,,,,,,,,,,,,adults,,,,,black; floral,,,fleece,,,round,,pockets-1; lightweight,,s,,long-1,girls,,,,,,,https://cdn.shopify.com/s/files/1/0618/2368/0740/files/WhatsApp_Image_2025-12-16_at_1.26.55_PM_3_-min.jpg?v=1765877088,g,,,true,,,active
printed-zip-up-bomber-jacket-for-women-copy-1,,,,,,,,,Large,,,,,,,,'10715612,800.0,shopify,94,deny,manual,1950.00,2499.00,true,false,,,,,'10715612,https://cdn.shopify.com/s/files/1/0618/2368/0740/files/WhatsApp_Image_2025-12-16_at_1.26.55_PM_1_-min.jpg?v=1765879007,2,Printed Zip Up Bomber Jacket For Women Copy 1 - back view - women's wear Pakistan,,,,,,,,,,,,,,,,,,,,,,,,,,,,,,,,,,,,,,,,,,,,https://cdn.shopify.com/s/files/1/0618/2368/0740/files/WhatsApp_Image_2025-12-16_at_1.26.55_PM_3_-min.jpg?v=1765877088,g,,,,,,
printed-zip-up-bomber-jacket-for-women-copy-1,,,,,,,,,XL,,,,,,,,'10706957,800.0,shopify,100,deny,manual,1999.00,2599.00,true,false,,,,,'10706957,https://cdn.shopify.com/s/files/1/0618/2368/0740/files/WhatsApp_Image_2025-12-16_at_1.26.55_PM_2_-min.jpg?v=1765879007,3,Printed Zip Up Bomber Jacket For Women Copy 1 - side view - women's wear Pakistan,,,,,,,,,,,,,,,,,,,,,,,,,,,,,,,,,,,,,,,,,,,,https://cdn.shopify.com/s/files/1/0618/2368/0740/files/WhatsApp_Image_2025-12-16_at_1.26.55_PM_3_-min.jpg?v=1765877088,g,,,,,,
printed-zip-up-bomber-jacket-for-women-copy-1,,,,,,,,,,,,,,,,,,,,,,,,,,,,,,,,https://cdn.shopify.com/s/files/1/0618/2368/0740/files/WhatsApp_Image_2025-12-16_at_1.26.55_PM_4_-min.jpg?v=1765879007,4,Printed Zip Up Bomber Jacket For Women Copy 1 - detail shot - women's wear Pakistan,,,,,,,,,,,,,,,,,,,,,,,,,,,,,,,,,,,,,,,,,,,,,,,,,,,
printed-zip-up-bomber-jacket-for-women-copy-1,,,,,,,,,,,,,,,,,,,,,,,,,,,,,,,,https://cdn.shopify.com/s/files/1/0618/2368/0740/files/WhatsApp_Image_2025-12-16_at_1.26.55_PM-min.jpg?v=1765879007,5,Printed Zip Up Bomber Jacket For Women Copy 1 - front view - women's wear Pakistan,,,,,,,,,,,,,,,,,,,,,,,,,,,,,,,,,,,,,,,,,,,,,,,,,,,
printed-zip-up-bomber-jacket-for-women-copy-1,,,,,,,,,,,,,,,,,,,,,,,,,,,,,,,,https://cdn.shopify.com/s/files/1/0618/2368/0740/files/WhatsApp_Image_2023-12-16_at_4.56.03_PM.jpg?v=1765879007,6,Printed Zip Up Bomber Jacket For Women Copy 1 - back view - women's wear Pakistan,,,,,,,,,,,,,,,,,,,,,,,,,,,,,,,,,,,,,,,,,,,,,,,,,,,
never-give-up-hoodie,Never Give Up Hoodie,"<h4>Never Give Up Hoodie</h4>
<p>Elevate your winter wardrobe with our never give up Hoodie! This bold and adventurous hoodie features a printed never give up on a sleek black background, perfect for making a statement. Stay warm and stylish with the added benefit of adjustable strings. Take a risk and stand out from the crowd in this must-have winter essential.</p>",BBG FASHION,Apparel & Accessories > Clothing > Clothing Tops > Hoodies,Adult Hoodie,"wintercollection, woo",false,Size,Small,,Color,Cream,,,,,'10715567,700.0,,-3,deny,manual,1599.00,0.00,true,false,,,,,'10715567,https://cdn.shopify.com/s/files/1/0618/2368/0740/files/105_24eb3553-1028-442d-aec8-ae7d0afd62f8.png?v=1733997565,1,Never Give Up Hoodie - front view - unisex wear Pakistan,false,,"Look no further for the perfect casual hoodie – Colorful Standard’s take on the modern classic is thoughtfully crafted for the best fit in soft organic cotton.
",,,,,,,,,,,,,,,,,,,,,,,,,,,,,,,,,,,,,,,,,https://cdn.shopify.com/s/files/1/0618/2368/0740/files/105_24eb3553-1028-442d-aec8-ae7d0afd62f8.png?v=1733997565,g,,0.00,true,,,draft
never-give-up-hoodie,,,,,,,,,Small,,,Black,,,,,'10715568,700.0,,-3,deny,manual,1599.00,0.00,true,false,,,,,'10715568,https://cdn.shopify.com/s/files/1/0618/2368/0740/files/145.png?v=1733997565,2,Never Give Up Hoodie - back view - unisex wear Pakistan,,,,,,,,,,,,,,,,,,,,,,,,,,,,,,,,,,,,,,,,,,,,https://cdn.shopify.com/s/files/1/0618/2368/0740/files/145.png?v=1733997565,g,,0.00,,,,
never-give-up-hoodie,,,,,,,,,Small,,,Yellow,,,,,'10715569,700.0,,0,deny,manual,1599.00,0.00,true,false,,,,,'10715569,https://cdn.shopify.com/s/files/1/0618/2368/0740/files/13_b043fdf0-505e-4c85-8c86-6f234db94e3b.png?v=1733997573,3,Never Give Up Hoodie - side view - unisex wear Pakistan,,,,,,,,,,,,,,,,,,,,,,,,,,,,,,,,,,,,,,,,,,,,https://cdn.shopify.com/s/files/1/0618/2368/0740/files/13_b043fdf0-505e-4c85-8c86-6f234db94e3b.png?v=1733997573,g,,0.00,,,,
never-give-up-hoodie,,,,,,,,,Small,,,Blue,,,,,'10715570,700.0,,0,deny,manual,1599.00,0.00,true,false,,,,,'10715570,https://cdn.shopify.com/s/files/1/0618/2368/0740/files/hoodiesizechart_8ec3b445-d6a7-4993-8fe3-cf237f05a022.webp?v=1765455802,4,Sun Flower Printed Hoodie size chart - measurements guide,,,,,,,,,,,,,,,,,,,,,,,,,,,,,,,,,,,,,,,,,,,,https://cdn.shopify.com/s/files/1/0618/2368/0740/files/67.png?v=1733997327,g,,0.00,,,,
never-give-up-hoodie,,,,,,,,,Small,,,Grey,,,,,'10715571,700.0,,0,deny,manual,1599.00,0.00,true,false,,,,,'10715571,https://cdn.shopify.com/s/files/1/0618/2368/0740/files/67.png?v=1733997327,5,Never Give Up Hoodie - front view - unisex wear Pakistan,,,,,,,,,,,,,,,,,,,,,,,,,,,,,,,,,,,,,,,,,,,,https://cdn.shopify.com/s/files/1/0618/2368/0740/files/123.png?v=1733997361,g,,0.00,,,,
never-give-up-hoodie,,,,,,,,,Small,,,Mustard,,,,,'10715572,700.0,,0,deny,manual,1599.00,0.00,true,false,,,,,'10715572,https://cdn.shopify.com/s/files/1/0618/2368/0740/files/123.png?v=1733997361,6,Never Give Up Hoodie - back view - unisex wear Pakistan,,,,,,,,,,,,,,,,,,,,,,,,,,,,,,,,,,,,,,,,,,,,https://cdn.shopify.com/s/files/1/0618/2368/0740/files/152.png?v=1733997381,g,,0.00,,,,
never-give-up-hoodie,,,,,,,,,Small,,,Rose Gold,,,,,'10715573,700.0,,0,deny,manual,1599.00,0.00,true,false,,,,,'10715573,https://cdn.shopify.com/s/files/1/0618/2368/0740/files/152.png?v=1733997381,7,Never Give Up Hoodie - side view - unisex wear Pakistan,,,,,,,,,,,,,,,,,,,,,,,,,,,,,,,,,,,,,,,,,,,,https://cdn.shopify.com/s/files/1/0618/2368/0740/files/31_ed03ab9d-6d97-4646-ab4d-da2ca668f6c2.png?v=1733997512,g,,0.00,,,,
never-give-up-hoodie,,,,,,,,,Small,,,Silver,,,,,'10715574,700.0,,0,deny,manual,1599.00,0.00,true,false,,,,,'10715574,https://cdn.shopify.com/s/files/1/0618/2368/0740/files/31_ed03ab9d-6d97-4646-ab4d-da2ca668f6c2.png?v=1733997512,8,Never Give Up Hoodie - detail shot - unisex wear Pakistan,,,,,,,,,,,,,,,,,,,,,,,,,,,,,,,,,,,,,,,,,,,,https://cdn.shopify.com/s/files/1/0618/2368/0740/files/86_db8e760d-2375-40ad-b3cc-62b198e2dee0.png?v=1733997529,g,,0.00,,,,
never-give-up-hoodie,,,,,,,,,Small,,,Olive Green,,,,,'10715575,700.0,,-1,deny,manual,1599.00,0.00,true,false,,,,,'10715575,https://cdn.shopify.com/s/files/1/0618/2368/0740/files/86_db8e760d-2375-40ad-b3cc-62b198e2dee0.png?v=1733997529,9,Never Give Up Hoodie - front view - unisex wear Pakistan,,,,,,,,,,,,,,,,,,,,,,,,,,,,,,,,,,,,,,,,,,,,https://cdn.shopify.com/s/files/1/0618/2368/0740/files/49_5c30ad79-aac2-4d6f-bb80-18578da1f6e1.png?v=1733997546,g,,0.00,,,,
never-give-up-hoodie,,,,,,,,,Medium,,,Cream,,,,,'10715576,700.0,,-2,deny,manual,1599.00,0.00,true,false,,,,,'10715576,https://cdn.shopify.com/s/files/1/0618/2368/0740/files/49_5c30ad79-aac2-4d6f-bb80-18578da1f6e1.png?v=1733997546,10,Never Give Up Hoodie - back view - unisex wear Pakistan,,,,,,,,,,,,,,,,,,,,,,,,,,,,,,,,,,,,,,,,,,,,https://cdn.shopify.com/s/files/1/0618/2368/0740/files/105_24eb3553-1028-442d-aec8-ae7d0afd62f8.png?v=1733997565,g,,0.00,,,,
never-give-up-hoodie,,,,,,,,,Medium,,,Black,,,,,'10715577,700.0,,-1,deny,manual,1599.00,0.00,true,false,,,,,'10715577,,,,,,,,,,,,,,,,,,,,,,,,,,,,,,,,,,,,,,,,,,,,,,,https://cdn.shopify.com/s/files/1/0618/2368/0740/files/145.png?v=1733997565,g,,0.00,,,,
never-give-up-hoodie,,,,,,,,,Medium,,,Yellow,,,,,'10715578,700.0,,0,deny,manual,1599.00,0.00,true,false,,,,,'10715578,,,,,,,,,,,,,,,,,,,,,,,,,,,,,,,,,,,,,,,,,,,,,,,https://cdn.shopify.com/s/files/1/0618/2368/0740/files/13_b043fdf0-505e-4c85-8c86-6f234db94e3b.png?v=1733997573,g,,0.00,,,,
never-give-up-hoodie,,,,,,,,,Medium,,,Blue,,,,,'10715579,700.0,,-1,deny,manual,1599.00,0.00,true,false,,,,,'10715579,,,,,,,,,,,,,,,,,,,,,,,,,,,,,,,,,,,,,,,,,,,,,,,https://cdn.shopify.com/s/files/1/0618/2368/0740/files/67.png?v=1733997327,g,,0.00,,,,
never-give-up-hoodie,,,,,,,,,Medium,,,Grey,,,,,'10715580,700.0,,0,deny,manual,1599.00,0.00,true,false,,,,,'10715580,,,,,,,,,,,,,,,,,,,,,,,,,,,,,,,,,,,,,,,,,,,,,,,https://cdn.shopify.com/s/files/1/0618/2368/0740/files/123.png?v=1733997361,g,,0.00,,,,
never-give-up-hoodie,,,,,,,,,Medium,,,Mustard,,,,,'10715581,700.0,,-1,deny,manual,1599.00,0.00,true,false,,,,,'10715581,,,,,,,,,,,,,,,,,,,,,,,,,,,,,,,,,,,,,,,,,,,,,,,https://cdn.shopify.com/s/files/1/0618/2368/0740/files/152.png?v=1733997381,g,,0.00,,,,
never-give-up-hoodie,,,,,,,,,Medium,,,Rose Gold,,,,,'10715582,700.0,,0,deny,manual,1599.00,0.00,true,false,,,,,'10715582,,,,,,,,,,,,,,,,,,,,,,,,,,,,,,,,,,,,,,,,,,,,,,,https://cdn.shopify.com/s/files/1/0618/2368/0740/files/31_ed03ab9d-6d97-4646-ab4d-da2ca668f6c2.png?v=1733997512,g,,0.00,,,,
never-give-up-hoodie,,,,,,,,,Medium,,,Silver,,,,,'10715583,700.0,,0,deny,manual,1599.00,0.00,true,false,,,,,'10715583,,,,,,,,,,,,,,,,,,,,,,,,,,,,,,,,,,,,,,,,,,,,,,,https://cdn.shopify.com/s/files/1/0618/2368/0740/files/86_db8e760d-2375-40ad-b3cc-62b198e2dee0.png?v=1733997529,g,,0.00,,,,
never-give-up-hoodie,,,,,,,,,Medium,,,Olive Green,,,,,'10715584,700.0,,-1,deny,manual,1599.00,0.00,true,false,,,,,'10715584,,,,,,,,,,,,,,,,,,,,,,,,,,,,,,,,,,,,,,,,,,,,,,,https://cdn.shopify.com/s/files/1/0618/2368/0740/files/49_5c30ad79-aac2-4d6f-bb80-18578da1f6e1.png?v=1733997546,g,,0.00,,,,
never-give-up-hoodie,,,,,,,,,Large,,,Cream,,,,,'10715585,700.0,,-4,deny,manual,1599.00,0.00,true,false,,,,,'10715585,,,,,,,,,,,,,,,,,,,,,,,,,,,,,,,,,,,,,,,,,,,,,,,https://cdn.shopify.com/s/files/1/0618/2368/0740/files/105_24eb3553-1028-442d-aec8-ae7d0afd62f8.png?v=1733997565,g,,0.00,,,,
never-give-up-hoodie,,,,,,,,,Large,,,Black,,,,,'10715586,700.0,,-1,deny,manual,1599.00,0.00,true,false,,,,,'10715586,,,,,,,,,,,,,,,,,,,,,,,,,,,,,,,,,,,,,,,,,,,,,,,https://cdn.shopify.com/s/files/1/0618/2368/0740/files/145.png?v=1733997565,g,,0.00,,,,
never-give-up-hoodie,,,,,,,,,Large,,,Yellow,,,,,'10715587,700.0,,-1,deny,manual,1599.00,0.00,true,false,,,,,'10715587,,,,,,,,,,,,,,,,,,,,,,,,,,,,,,,,,,,,,,,,,,,,,,,https://cdn.shopify.com/s/files/1/0618/2368/0740/files/13_b043fdf0-505e-4c85-8c86-6f234db94e3b.png?v=1733997573,g,,0.00,,,,
never-give-up-hoodie,,,,,,,,,Large,,,Blue,,,,,'10715588,700.0,,0,deny,manual,1599.00,0.00,true,false,,,,,'10715588,,,,,,,,,,,,,,,,,,,,,,,,,,,,,,,,,,,,,,,,,,,,,,,https://cdn.shopify.com/s/files/1/0618/2368/0740/files/67.png?v=1733997327,g,,0.00,,,,
never-give-up-hoodie,,,,,,,,,Large,,,Grey,,,,,'10715589,700.0,,0,deny,manual,1599.00,0.00,true,false,,,,,'10715589,,,,,,,,,,,,,,,,,,,,,,,,,,,,,,,,,,,,,,,,,,,,,,,https://cdn.shopify.com/s/files/1/0618/2368/0740/files/123.png?v=1733997361,g,,0.00,,,,
never-give-up-hoodie,,,,,,,,,Large,,,Mustard,,,,,'10715590,700.0,,-3,deny,manual,1599.00,0.00,true,false,,,,,'10715590,,,,,,,,,,,,,,,,,,,,,,,,,,,,,,,,,,,,,,,,,,,,,,,https://cdn.shopify.com/s/files/1/0618/2368/0740/files/152.png?v=1733997381,g,,0.00,,,,
never-give-up-hoodie,,,,,,,,,Large,,,Rose Gold,,,,,'10715591,700.0,,0,deny,manual,1599.00,0.00,true,false,,,,,'10715591,,,,,,,,,,,,,,,,,,,,,,,,,,,,,,,,,,,,,,,,,,,,,,,https://cdn.shopify.com/s/files/1/0618/2368/0740/files/31_ed03ab9d-6d97-4646-ab4d-da2ca668f6c2.png?v=1733997512,g,,0.00,,,,
never-give-up-hoodie,,,,,,,,,Large,,,Silver,,,,,'10715592,700.0,,0,deny,manual,1599.00,0.00,true,false,,,,,'10715592,,,,,,,,,,,,,,,,,,,,,,,,,,,,,,,,,,,,,,,,,,,,,,,https://cdn.shopify.com/s/files/1/0618/2368/0740/files/86_db8e760d-2375-40ad-b3cc-62b198e2dee0.png?v=1733997529,g,,0.00,,,,
never-give-up-hoodie,,,,,,,,,Large,,,Olive Green,,,,,'10715593,700.0,,-2,deny,manual,1599.00,0.00,true,false,,,,,'10715593,,,,,,,,,,,,,,,,,,,,,,,,,,,,,,,,,,,,,,,,,,,,,,,https://cdn.shopify.com/s/files/1/0618/2368/0740/files/49_5c30ad79-aac2-4d6f-bb80-18578da1f6e1.png?v=1733997546,g,,0.00,,,,
never-give-up-hoodie,,,,,,,,,XL,,,Cream,,,,,'10715594,700.0,,-2,deny,manual,1699.00,0.00,true,false,,,,,'10715594,,,,,,,,,,,,,,,,,,,,,,,,,,,,,,,,,,,,,,,,,,,,,,,https://cdn.shopify.com/s/files/1/0618/2368/0740/files/105_24eb3553-1028-442d-aec8-ae7d0afd62f8.png?v=1733997565,g,,0.00,,,,
never-give-up-hoodie,,,,,,,,,XL,,,Black,,,,,'10715595,700.0,,-2,deny,manual,1699.00,0.00,true,false,,,,,'10715595,,,,,,,,,,,,,,,,,,,,,,,,,,,,,,,,,,,,,,,,,,,,,,,https://cdn.shopify.com/s/files/1/0618/2368/0740/files/145.png?v=1733997565,g,,0.00,,,,
never-give-up-hoodie,,,,,,,,,XL,,,Yellow,,,,,'10715596,700.0,,0,deny,manual,1699.00,0.00,true,false,,,,,'10715596,,,,,,,,,,,,,,,,,,,,,,,,,,,,,,,,,,,,,,,,,,,,,,,https://cdn.shopify.com/s/files/1/0618/2368/0740/files/13_b043fdf0-505e-4c85-8c86-6f234db94e3b.png?v=1733997573,g,,0.00,,,,
never-give-up-hoodie,,,,,,,,,XL,,,Blue,,,,,'10715597,700.0,,0,deny,manual,1699.00,0.00,true,false,,,,,'10715597,,,,,,,,,,,,,,,,,,,,,,,,,,,,,,,,,,,,,,,,,,,,,,,https://cdn.shopify.com/s/files/1/0618/2368/0740/files/67.png?v=1733997327,g,,0.00,,,,
never-give-up-hoodie,,,,,,,,,XL,,,Grey,,,,,'10715598,700.0,,0,deny,manual,1699.00,0.00,true,false,,,,,'10715598,,,,,,,,,,,,,,,,,,,,,,,,,,,,,,,,,,,,,,,,,,,,,,,https://cdn.shopify.com/s/files/1/0618/2368/0740/files/123.png?v=1733997361,g,,0.00,,,,
never-give-up-hoodie,,,,,,,,,XL,,,Mustard,,,,,'10715599,700.0,,0,deny,manual,1699.00,0.00,true,false,,,,,'10715599,,,,,,,,,,,,,,,,,,,,,,,,,,,,,,,,,,,,,,,,,,,,,,,https://cdn.shopify.com/s/files/1/0618/2368/0740/files/152.png?v=1733997381,g,,0.00,,,,
never-give-up-hoodie,,,,,,,,,XL,,,Rose Gold,,,,,'10715600,700.0,,0,deny,manual,1699.00,0.00,true,false,,,,,'10715600,,,,,,,,,,,,,,,,,,,,,,,,,,,,,,,,,,,,,,,,,,,,,,,https://cdn.shopify.com/s/files/1/0618/2368/0740/files/31_ed03ab9d-6d97-4646-ab4d-da2ca668f6c2.png?v=1733997512,g,,0.00,,,,
never-give-up-hoodie,,,,,,,,,XL,,,Silver,,,,,'10715601,700.0,,-1,deny,manual,1699.00,0.00,true,false,,,,,'10715601,,,,,,,,,,,,,,,,,,,,,,,,,,,,,,,,,,,,,,,,,,,,,,,https://cdn.shopify.com/s/files/1/0618/2368/0740/files/86_db8e760d-2375-40ad-b3cc-62b198e2dee0.png?v=1733997529,g,,0.00,,,,
never-give-up-hoodie,,,,,,,,,XL,,,Olive Green,,,,,'10715602,700.0,,0,deny,manual,1699.00,0.00,true,false,,,,,'10715602,,,,,,,,,,,,,,,,,,,,,,,,,,,,,,,,,,,,,,,,,,,,,,,https://cdn.shopify.com/s/files/1/0618/2368/0740/files/49_5c30ad79-aac2-4d6f-bb80-18578da1f6e1.png?v=1733997546,g,,0.00,,,,
never-give-up-hoodie,,,,,,,,,XXL,,,Cream,,,,,'10715603,700.0,,-3,deny,manual,1799.00,0.00,true,false,,,,,'10715603,,,,,,,,,,,,,,,,,,,,,,,,,,,,,,,,,,,,,,,,,,,,,,,https://cdn.shopify.com/s/files/1/0618/2368/0740/files/105_24eb3553-1028-442d-aec8-ae7d0afd62f8.png?v=1733997565,g,,0.00,,,,
never-give-up-hoodie,,,,,,,,,XXL,,,Black,,,,,'10715604,700.0,,0,deny,manual,1799.00,0.00,true,false,,,,,'10715604,,,,,,,,,,,,,,,,,,,,,,,,,,,,,,,,,,,,,,,,,,,,,,,https://cdn.shopify.com/s/files/1/0618/2368/0740/files/145.png?v=1733997565,g,,0.00,,,,
never-give-up-hoodie,,,,,,,,,XXL,,,Yellow,,,,,'10715605,700.0,,0,deny,manual,1799.00,0.00,true,false,,,,,'10715605,,,,,,,,,,,,,,,,,,,,,,,,,,,,,,,,,,,,,,,,,,,,,,,https://cdn.shopify.com/s/files/1/0618/2368/0740/files/13_b043fdf0-505e-4c85-8c86-6f234db94e3b.png?v=1733997573,g,,0.00,,,,
never-give-up-hoodie,,,,,,,,,XXL,,,Blue,,,,,'10715606,700.0,,0,deny,manual,1799.00,0.00,true,false,,,,,'10715606,,,,,,,,,,,,,,,,,,,,,,,,,,,,,,,,,,,,,,,,,,,,,,,https://cdn.shopify.com/s/files/1/0618/2368/0740/files/67.png?v=1733997327,g,,0.00,,,,
never-give-up-hoodie,,,,,,,,,XXL,,,Grey,,,,,'10715607,700.0,,-1,deny,manual,1799.00,0.00,true,false,,,,,'10715607,,,,,,,,,,,,,,,,,,,,,,,,,,,,,,,,,,,,,,,,,,,,,,,https://cdn.shopify.com/s/files/1/0618/2368/0740/files/123.png?v=1733997361,g,,0.00,,,,
never-give-up-hoodie,,,,,,,,,XXL,,,Mustard,,,,,'10715608,700.0,,0,deny,manual,1799.00,0.00,true,false,,,,,'10715608,,,,,,,,,,,,,,,,,,,,,,,,,,,,,,,,,,,,,,,,,,,,,,,https://cdn.shopify.com/s/files/1/0618/2368/0740/files/152.png?v=1733997381,g,,0.00,,,,
never-give-up-hoodie,,,,,,,,,XXL,,,Rose Gold,,,,,'10715609,700.0,,0,deny,manual,1799.00,0.00,true,false,,,,,'10715609,,,,,,,,,,,,,,,,,,,,,,,,,,,,,,,,,,,,,,,,,,,,,,,https://cdn.shopify.com/s/files/1/0618/2368/0740/files/31_ed03ab9d-6d97-4646-ab4d-da2ca668f6c2.png?v=1733997512,g,,0.00,,,,
never-give-up-hoodie,,,,,,,,,XXL,,,Silver,,,,,'10715610,700.0,,0,deny,manual,1799.00,0.00,true,false,,,,,'10715610,,,,,,,,,,,,,,,,,,,,,,,,,,,,,,,,,,,,,,,,,,,,,,,https://cdn.shopify.com/s/files/1/0618/2368/0740/files/86_db8e760d-2375-40ad-b3cc-62b198e2dee0.png?v=1733997529,g,,0.00,,,,
never-give-up-hoodie,,,,,,,,,XXL,,,Olive Green,,,,,'10706956,700.0,,0,deny,manual,1799.00,0.00,true,false,,,,,'10706956,,,,,,,,,,,,,,,,,,,,,,,,,,,,,,,,,,,,,,,,,,,,,,,https://cdn.shopify.com/s/files/1/0618/2368/0740/files/49_5c30ad79-aac2-4d6f-bb80-18578da1f6e1.png?v=1733997546,g,,0.00,,,,
adidas-hoodie,Adidas Hoodie,"<h4>Adidas Hoodie</h4>
<p>Elevate your winter wardrobe with our adidas Hoodie! This bold and adventurous hoodie features a printed adidas on a sleek black background, perfect for making a statement. Stay warm and stylish with the added benefit of adjustable strings. Take a risk and stand out from the crowd in this must-have winter essential.</p>",BBG FASHION,Apparel & Accessories > Clothing > Clothing Tops > Hoodies,Adult Hoodie,"wintercollection, woo",false,Size,Small,,Color,Black,,,,,'10715523,700.0,,-3,deny,manual,1599.00,0.00,true,false,,,,,'10715523,https://cdn.shopify.com/s/files/1/0618/2368/0740/files/138.png?v=1733928363,1,Adidas Hoodie - front view - unisex wear Pakistan,false,,"Look no further for the perfect casual hoodie – Colorful Standard’s take on the modern classic is thoughtfully crafted for the best fit in soft organic cotton.
",,,,,,,,,,,,,,,,,,,,,,,,,,,,,,,,,,,,,,,,,https://cdn.shopify.com/s/files/1/0618/2368/0740/files/138.png?v=1733928363,g,,0.00,true,,,draft
adidas-hoodie,,,,,,,,,Small,,,Blue,,,,,'10715524,700.0,,0,deny,manual,1599.00,0.00,true,false,,,,,'10715524,https://cdn.shopify.com/s/files/1/0618/2368/0740/files/hoodiesizechart_8ec3b445-d6a7-4993-8fe3-cf237f05a022.webp?v=1765455802,2,Sun Flower Printed Hoodie size chart - measurements guide,,,,,,,,,,,,,,,,,,,,,,,,,,,,,,,,,,,,,,,,,,,,https://cdn.shopify.com/s/files/1/0618/2368/0740/files/64.png?v=1733928204,g,,0.00,,,,
adidas-hoodie,,,,,,,,,Small,,,Rose Gold,,,,,'10715525,700.0,,0,deny,manual,1599.00,0.00,true,false,,,,,'10715525,https://cdn.shopify.com/s/files/1/0618/2368/0740/files/64.png?v=1733928204,3,Adidas Hoodie - side view - unisex wear Pakistan,,,,,,,,,,,,,,,,,,,,,,,,,,,,,,,,,,,,,,,,,,,,https://cdn.shopify.com/s/files/1/0618/2368/0740/files/30_0a5896f2-1e88-4d56-a7dc-4fd91e955832.png?v=1733928220,g,,0.00,,,,
adidas-hoodie,,,,,,,,,Small,,,Silver,,,,,'10715526,700.0,,0,deny,manual,1599.00,0.00,true,false,,,,,'10715526,https://cdn.shopify.com/s/files/1/0618/2368/0740/files/30_0a5896f2-1e88-4d56-a7dc-4fd91e955832.png?v=1733928220,4,Adidas Hoodie - detail shot - unisex wear Pakistan,,,,,,,,,,,,,,,,,,,,,,,,,,,,,,,,,,,,,,,,,,,,https://cdn.shopify.com/s/files/1/0618/2368/0740/files/82_615f1b63-4aeb-47fe-810f-e7219dfb122f.png?v=1733928234,g,,0.00,,,,
adidas-hoodie,,,,,,,,,Small,,,Cream,,,,,'10715527,700.0,,0,deny,manual,1599.00,0.00,true,false,,,,,'10715527,https://cdn.shopify.com/s/files/1/0618/2368/0740/files/82_615f1b63-4aeb-47fe-810f-e7219dfb122f.png?v=1733928234,5,Adidas Hoodie - front view - unisex wear Pakistan,,,,,,,,,,,,,,,,,,,,,,,,,,,,,,,,,,,,,,,,,,,,https://cdn.shopify.com/s/files/1/0618/2368/0740/files/100.png?v=1733928248,g,,0.00,,,,
adidas-hoodie,,,,,,,,,Small,,,Olive Green,,,,,'10715528,700.0,,0,deny,manual,1599.00,0.00,true,false,,,,,'10715528,https://cdn.shopify.com/s/files/1/0618/2368/0740/files/100.png?v=1733928248,6,Adidas Hoodie - back view - unisex wear Pakistan,,,,,,,,,,,,,,,,,,,,,,,,,,,,,,,,,,,,,,,,,,,,https://cdn.shopify.com/s/files/1/0618/2368/0740/files/47_261a59e5-d2ca-4148-bb00-1e3bc4de7b7e.png?v=1733928262,g,,0.00,,,,
adidas-hoodie,,,,,,,,,Small,,,Grey,,,,,'10715529,700.0,,0,deny,manual,1599.00,0.00,true,false,,,,,'10715529,https://cdn.shopify.com/s/files/1/0618/2368/0740/files/47_261a59e5-d2ca-4148-bb00-1e3bc4de7b7e.png?v=1733928262,7,Adidas Hoodie - side view - unisex wear Pakistan,,,,,,,,,,,,,,,,,,,,,,,,,,,,,,,,,,,,,,,,,,,,https://cdn.shopify.com/s/files/1/0618/2368/0740/files/117_7d2bfe39-f8c6-45e4-8c65-a40bd3ad7108.png?v=1733928278,g,,0.00,,,,
adidas-hoodie,,,,,,,,,Small,,,Yellow,,,,,'10715530,700.0,,-3,deny,manual,1599.00,0.00,true,false,,,,,'10715530,https://cdn.shopify.com/s/files/1/0618/2368/0740/files/117_7d2bfe39-f8c6-45e4-8c65-a40bd3ad7108.png?v=1733928278,8,Adidas Hoodie - detail shot - unisex wear Pakistan,,,,,,,,,,,,,,,,,,,,,,,,,,,,,,,,,,,,,,,,,,,,https://cdn.shopify.com/s/files/1/0618/2368/0740/files/13_ef9ed4ff-c3b3-4042-968b-e4f35302da71.png?v=1733928291,g,,0.00,,,,
adidas-hoodie,,,,,,,,,Small,,,Mustard,,,,,'10715531,700.0,,-1,deny,manual,1599.00,0.00,true,false,,,,,'10715531,https://cdn.shopify.com/s/files/1/0618/2368/0740/files/13_ef9ed4ff-c3b3-4042-968b-e4f35302da71.png?v=1733928291,9,Adidas Hoodie - front view - unisex wear Pakistan,,,,,,,,,,,,,,,,,,,,,,,,,,,,,,,,,,,,,,,,,,,,https://cdn.shopify.com/s/files/1/0618/2368/0740/files/144.png?v=1733928307,g,,0.00,,,,
adidas-hoodie,,,,,,,,,Medium,,,Black,,,,,'10715532,700.0,,0,deny,manual,1599.00,0.00,true,false,,,,,'10715532,https://cdn.shopify.com/s/files/1/0618/2368/0740/files/144.png?v=1733928307,10,Adidas Hoodie - back view - unisex wear Pakistan,,,,,,,,,,,,,,,,,,,,,,,,,,,,,,,,,,,,,,,,,,,,https://cdn.shopify.com/s/files/1/0618/2368/0740/files/138.png?v=1733928363,g,,0.00,,,,
adidas-hoodie,,,,,,,,,Medium,,,Blue,,,,,'10715533,700.0,,-1,deny,manual,1599.00,0.00,true,false,,,,,'10715533,,,,,,,,,,,,,,,,,,,,,,,,,,,,,,,,,,,,,,,,,,,,,,,https://cdn.shopify.com/s/files/1/0618/2368/0740/files/64.png?v=1733928204,g,,0.00,,,,
adidas-hoodie,,,,,,,,,Medium,,,Rose Gold,,,,,'10715534,700.0,,0,deny,manual,1599.00,0.00,true,false,,,,,'10715534,,,,,,,,,,,,,,,,,,,,,,,,,,,,,,,,,,,,,,,,,,,,,,,https://cdn.shopify.com/s/files/1/0618/2368/0740/files/30_0a5896f2-1e88-4d56-a7dc-4fd91e955832.png?v=1733928220,g,,0.00,,,,
adidas-hoodie,,,,,,,,,Medium,,,Silver,,,,,'10715535,700.0,,0,deny,manual,1599.00,0.00,true,false,,,,,'10715535,,,,,,,,,,,,,,,,,,,,,,,,,,,,,,,,,,,,,,,,,,,,,,,https://cdn.shopify.com/s/files/1/0618/2368/0740/files/82_615f1b63-4aeb-47fe-810f-e7219dfb122f.png?v=1733928234,g,,0.00,,,,
adidas-hoodie,,,,,,,,,Medium,,,Cream,,,,,'10715536,700.0,,-1,deny,manual,1599.00,0.00,true,false,,,,,'10715536,,,,,,,,,,,,,,,,,,,,,,,,,,,,,,,,,,,,,,,,,,,,,,,https://cdn.shopify.com/s/files/1/0618/2368/0740/files/100.png?v=1733928248,g,,0.00,,,,
adidas-hoodie,,,,,,,,,Medium,,,Olive Green,,,,,'10715537,700.0,,0,deny,manual,1599.00,0.00,true,false,,,,,'10715537,,,,,,,,,,,,,,,,,,,,,,,,,,,,,,,,,,,,,,,,,,,,,,,https://cdn.shopify.com/s/files/1/0618/2368/0740/files/47_261a59e5-d2ca-4148-bb00-1e3bc4de7b7e.png?v=1733928262,g,,0.00,,,,
adidas-hoodie,,,,,,,,,Medium,,,Grey,,,,,'10715538,700.0,,0,deny,manual,1599.00,0.00,true,false,,,,,'10715538,,,,,,,,,,,,,,,,,,,,,,,,,,,,,,,,,,,,,,,,,,,,,,,https://cdn.shopify.com/s/files/1/0618/2368/0740/files/117_7d2bfe39-f8c6-45e4-8c65-a40bd3ad7108.png?v=1733928278,g,,0.00,,,,
adidas-hoodie,,,,,,,,,Medium,,,Yellow,,,,,'10715539,700.0,,0,deny,manual,1599.00,0.00,true,false,,,,,'10715539,,,,,,,,,,,,,,,,,,,,,,,,,,,,,,,,,,,,,,,,,,,,,,,https://cdn.shopify.com/s/files/1/0618/2368/0740/files/13_ef9ed4ff-c3b3-4042-968b-e4f35302da71.png?v=1733928291,g,,0.00,,,,
adidas-hoodie,,,,,,,,,Medium,,,Mustard,,,,,'10715540,700.0,,0,deny,manual,1599.00,0.00,true,false,,,,,'10715540,,,,,,,,,,,,,,,,,,,,,,,,,,,,,,,,,,,,,,,,,,,,,,,https://cdn.shopify.com/s/files/1/0618/2368/0740/files/144.png?v=1733928307,g,,0.00,,,,
adidas-hoodie,,,,,,,,,Large,,,Black,,,,,'10715541,700.0,,-1,deny,manual,1599.00,0.00,true,false,,,,,'10715541,,,,,,,,,,,,,,,,,,,,,,,,,,,,,,,,,,,,,,,,,,,,,,,https://cdn.shopify.com/s/files/1/0618/2368/0740/files/138.png?v=1733928363,g,,0.00,,,,
adidas-hoodie,,,,,,,,,Large,,,Blue,,,,,'10715542,700.0,,0,deny,manual,1599.00,0.00,true,false,,,,,'10715542,,,,,,,,,,,,,,,,,,,,,,,,,,,,,,,,,,,,,,,,,,,,,,,https://cdn.shopify.com/s/files/1/0618/2368/0740/files/64.png?v=1733928204,g,,0.00,,,,
adidas-hoodie,,,,,,,,,Large,,,Rose Gold,,,,,'10715543,700.0,,0,deny,manual,1599.00,0.00,true,false,,,,,'10715543,,,,,,,,,,,,,,,,,,,,,,,,,,,,,,,,,,,,,,,,,,,,,,,https://cdn.shopify.com/s/files/1/0618/2368/0740/files/30_0a5896f2-1e88-4d56-a7dc-4fd91e955832.png?v=1733928220,g,,0.00,,,,
adidas-hoodie,,,,,,,,,Large,,,Silver,,,,,'10715544,700.0,,0,deny,manual,1599.00,0.00,true,false,,,,,'10715544,,,,,,,,,,,,,,,,,,,,,,,,,,,,,,,,,,,,,,,,,,,,,,,https://cdn.shopify.com/s/files/1/0618/2368/0740/files/82_615f1b63-4aeb-47fe-810f-e7219dfb122f.png?v=1733928234,g,,0.00,,,,
adidas-hoodie,,,,,,,,,Large,,,Cream,,,,,'10715545,700.0,,0,deny,manual,1599.00,0.00,true,false,,,,,'10715545,,,,,,,,,,,,,,,,,,,,,,,,,,,,,,,,,,,,,,,,,,,,,,,https://cdn.shopify.com/s/files/1/0618/2368/0740/files/100.png?v=1733928248,g,,0.00,,,,
adidas-hoodie,,,,,,,,,Large,,,Olive Green,,,,,'10715546,700.0,,0,deny,manual,1599.00,0.00,true,false,,,,,'10715546,,,,,,,,,,,,,,,,,,,,,,,,,,,,,,,,,,,,,,,,,,,,,,,https://cdn.shopify.com/s/files/1/0618/2368/0740/files/47_261a59e5-d2ca-4148-bb00-1e3bc4de7b7e.png?v=1733928262,g,,0.00,,,,
adidas-hoodie,,,,,,,,,Large,,,Grey,,,,,'10715547,700.0,,-2,deny,manual,1599.00,0.00,true,false,,,,,'10715547,,,,,,,,,,,,,,,,,,,,,,,,,,,,,,,,,,,,,,,,,,,,,,,https://cdn.shopify.com/s/files/1/0618/2368/0740/files/117_7d2bfe39-f8c6-45e4-8c65-a40bd3ad7108.png?v=1733928278,g,,0.00,,,,
adidas-hoodie,,,,,,,,,Large,,,Yellow,,,,,'10715548,700.0,,0,deny,manual,1599.00,0.00,true,false,,,,,'10715548,,,,,,,,,,,,,,,,,,,,,,,,,,,,,,,,,,,,,,,,,,,,,,,https://cdn.shopify.com/s/files/1/0618/2368/0740/files/13_ef9ed4ff-c3b3-4042-968b-e4f35302da71.png?v=1733928291,g,,0.00,,,,
adidas-hoodie,,,,,,,,,Large,,,Mustard,,,,,'10715549,700.0,,0,deny,manual,1599.00,0.00,true,false,,,,,'10715549,,,,,,,,,,,,,,,,,,,,,,,,,,,,,,,,,,,,,,,,,,,,,,,https://cdn.shopify.com/s/files/1/0618/2368/0740/files/144.png?v=1733928307,g,,0.00,,,,
adidas-hoodie,,,,,,,,,XL,,,Black,,,,,'10715550,700.0,,0,deny,manual,1699.00,0.00,true,false,,,,,'10715550,,,,,,,,,,,,,,,,,,,,,,,,,,,,,,,,,,,,,,,,,,,,,,,https://cdn.shopify.com/s/files/1/0618/2368/0740/files/138.png?v=1733928363,g,,0.00,,,,
adidas-hoodie,,,,,,,,,XL,,,Blue,,,,,'10715551,700.0,,0,deny,manual,1699.00,0.00,true,false,,,,,'10715551,,,,,,,,,,,,,,,,,,,,,,,,,,,,,,,,,,,,,,,,,,,,,,,https://cdn.shopify.com/s/files/1/0618/2368/0740/files/64.png?v=1733928204,g,,0.00,,,,
adidas-hoodie,,,,,,,,,XL,,,Rose Gold,,,,,'10715552,700.0,,0,deny,manual,1699.00,0.00,true,false,,,,,'10715552,,,,,,,,,,,,,,,,,,,,,,,,,,,,,,,,,,,,,,,,,,,,,,,https://cdn.shopify.com/s/files/1/0618/2368/0740/files/30_0a5896f2-1e88-4d56-a7dc-4fd91e955832.png?v=1733928220,g,,0.00,,,,
adidas-hoodie,,,,,,,,,XL,,,Silver,,,,,'10715553,700.0,,0,deny,manual,1699.00,0.00,true,false,,,,,'10715553,,,,,,,,,,,,,,,,,,,,,,,,,,,,,,,,,,,,,,,,,,,,,,,https://cdn.shopify.com/s/files/1/0618/2368/0740/files/82_615f1b63-4aeb-47fe-810f-e7219dfb122f.png?v=1733928234,g,,0.00,,,,
adidas-hoodie,,,,,,,,,XL,,,Cream,,,,,'10715554,700.0,,0,deny,manual,1699.00,0.00,true,false,,,,,'10715554,,,,,,,,,,,,,,,,,,,,,,,,,,,,,,,,,,,,,,,,,,,,,,,https://cdn.shopify.com/s/files/1/0618/2368/0740/files/100.png?v=1733928248,g,,0.00,,,,
adidas-hoodie,,,,,,,,,XL,,,Olive Green,,,,,'10715555,700.0,,0,deny,manual,1699.00,0.00,true,false,,,,,'10715555,,,,,,,,,,,,,,,,,,,,,,,,,,,,,,,,,,,,,,,,,,,,,,,https://cdn.shopify.com/s/files/1/0618/2368/0740/files/47_261a59e5-d2ca-4148-bb00-1e3bc4de7b7e.png?v=1733928262,g,,0.00,,,,
adidas-hoodie,,,,,,,,,XL,,,Grey,,,,,'10715556,700.0,,0,deny,manual,1699.00,0.00,true,false,,,,,'10715556,,,,,,,,,,,,,,,,,,,,,,,,,,,,,,,,,,,,,,,,,,,,,,,https://cdn.shopify.com/s/files/1/0618/2368/0740/files/117_7d2bfe39-f8c6-45e4-8c65-a40bd3ad7108.png?v=1733928278,g,,0.00,,,,
adidas-hoodie,,,,,,,,,XL,,,Yellow,,,,,'10715557,700.0,,-1,deny,manual,1699.00,0.00,true,false,,,,,'10715557,,,,,,,,,,,,,,,,,,,,,,,,,,,,,,,,,,,,,,,,,,,,,,,https://cdn.shopify.com/s/files/1/0618/2368/0740/files/13_ef9ed4ff-c3b3-4042-968b-e4f35302da71.png?v=1733928291,g,,0.00,,,,
adidas-hoodie,,,,,,,,,XL,,,Mustard,,,,,'10715558,700.0,,0,deny,manual,1699.00,0.00,true,false,,,,,'10715558,,,,,,,,,,,,,,,,,,,,,,,,,,,,,,,,,,,,,,,,,,,,,,,https://cdn.shopify.com/s/files/1/0618/2368/0740/files/144.png?v=1733928307,g,,0.00,,,,
adidas-hoodie,,,,,,,,,XXL,,,Black,,,,,'10715559,700.0,,0,deny,manual,1799.00,0.00,true,false,,,,,'10715559,,,,,,,,,,,,,,,,,,,,,,,,,,,,,,,,,,,,,,,,,,,,,,,https://cdn.shopify.com/s/files/1/0618/2368/0740/files/138.png?v=1733928363,g,,0.00,,,,
adidas-hoodie,,,,,,,,,XXL,,,Blue,,,,,'10715560,700.0,,0,deny,manual,1799.00,0.00,true,false,,,,,'10715560,,,,,,,,,,,,,,,,,,,,,,,,,,,,,,,,,,,,,,,,,,,,,,,https://cdn.shopify.com/s/files/1/0618/2368/0740/files/64.png?v=1733928204,g,,0.00,,,,
adidas-hoodie,,,,,,,,,XXL,,,Rose Gold,,,,,'10715561,700.0,,0,deny,manual,1799.00,0.00,true,false,,,,,'10715561,,,,,,,,,,,,,,,,,,,,,,,,,,,,,,,,,,,,,,,,,,,,,,,https://cdn.shopify.com/s/files/1/0618/2368/0740/files/30_0a5896f2-1e88-4d56-a7dc-4fd91e955832.png?v=1733928220,g,,0.00,,,,
adidas-hoodie,,,,,,,,,XXL,,,Silver,,,,,'10715562,700.0,,0,deny,manual,1799.00,0.00,true,false,,,,,'10715562,,,,,,,,,,,,,,,,,,,,,,,,,,,,,,,,,,,,,,,,,,,,,,,https://cdn.shopify.com/s/files/1/0618/2368/0740/files/82_615f1b63-4aeb-47fe-810f-e7219dfb122f.png?v=1733928234,g,,0.00,,,,
adidas-hoodie,,,,,,,,,XXL,,,Cream,,,,,'10715563,700.0,,-1,deny,manual,1799.00,0.00,true,false,,,,,'10715563,,,,,,,,,,,,,,,,,,,,,,,,,,,,,,,,,,,,,,,,,,,,,,,https://cdn.shopify.com/s/files/1/0618/2368/0740/files/100.png?v=1733928248,g,,0.00,,,,
adidas-hoodie,,,,,,,,,XXL,,,Olive Green,,,,,'10715564,700.0,,0,deny,manual,1799.00,0.00,true,false,,,,,'10715564,,,,,,,,,,,,,,,,,,,,,,,,,,,,,,,,,,,,,,,,,,,,,,,https://cdn.shopify.com/s/files/1/0618/2368/0740/files/47_261a59e5-d2ca-4148-bb00-1e3bc4de7b7e.png?v=1733928262,g,,0.00,,,,
adidas-hoodie,,,,,,,,,XXL,,,Grey,,,,,'10715565,700.0,,0,deny,manual,1799.00,0.00,true,false,,,,,'10715565,,,,,,,,,,,,,,,,,,,,,,,,,,,,,,,,,,,,,,,,,,,,,,,https://cdn.shopify.com/s/files/1/0618/2368/0740/files/117_7d2bfe39-f8c6-45e4-8c65-a40bd3ad7108.png?v=1733928278,g,,0.00,,,,
adidas-hoodie,,,,,,,,,XXL,,,Yellow,,,,,'10715566,700.0,,0,deny,manual,1799.00,0.00,true,false,,,,,'10715566,,,,,,,,,,,,,,,,,,,,,,,,,,,,,,,,,,,,,,,,,,,,,,,https://cdn.shopify.com/s/files/1/0618/2368/0740/files/13_ef9ed4ff-c3b3-4042-968b-e4f35302da71.png?v=1733928291,g,,0.00,,,,
adidas-hoodie,,,,,,,,,XXL,,,Mustard,,,,,'10706955,700.0,,0,deny,manual,1799.00,0.00,true,false,,,,,'10706955,,,,,,,,,,,,,,,,,,,,,,,,,,,,,,,,,,,,,,,,,,,,,,,https://cdn.shopify.com/s/files/1/0618/2368/0740/files/144.png?v=1733928307,g,,0.00,,,,
j-23-hoodie,J 23 Hoodie,"<h4>J 23 Hoodie</h4>
<p>Elevate your winter wardrobe with our j 23 Hoodie! This bold and adventurous hoodie features a printed j 23 on a sleek black background, perfect for making a statement. Stay warm and stylish with the added benefit of adjustable strings. Take a risk and stand out from the crowd in this must-have winter essential.</p>",BBG FASHION,Apparel & Accessories > Clothing > Clothing Tops > Hoodies,Adult Hoodie,"wintercollection, woo",false,Size,Small,,Color,Rose Gold,,,,,'10715479,700.0,,-2,deny,manual,1599.00,0.00,true,false,,,,,'10715479,https://cdn.shopify.com/s/files/1/0618/2368/0740/files/29_97cd5710-b782-4e21-94d1-8eca0f2026ea.png?v=1733926448,1,J 23 Hoodie - front view - unisex wear Pakistan,false,,"Look no further for the perfect casual hoodie – Colorful Standard’s take on the modern classic is thoughtfully crafted for the best fit in soft organic cotton.
",,,,,,,,,,,,,,,,,,,,,,,,,,,,,,,,,,,,,,,,,https://cdn.shopify.com/s/files/1/0618/2368/0740/files/29_97cd5710-b782-4e21-94d1-8eca0f2026ea.png?v=1733926448,g,,0.00,true,,,draft
j-23-hoodie,,,,,,,,,Small,,,Olive Green,,,,,'10715480,700.0,,0,deny,manual,1599.00,0.00,true,false,,,,,'10715480,https://cdn.shopify.com/s/files/1/0618/2368/0740/files/hoodiesizechart_8ec3b445-d6a7-4993-8fe3-cf237f05a022.webp?v=1765455802,2,Sun Flower Printed Hoodie size chart - measurements guide,,,,,,,,,,,,,,,,,,,,,,,,,,,,,,,,,,,,,,,,,,,,https://cdn.shopify.com/s/files/1/0618/2368/0740/files/45_0ff5c54e-7d68-472f-abff-349d5077f9a8.png?v=1733925918,g,,0.00,,,,
j-23-hoodie,,,,,,,,,Small,,,Cream,,,,,'10715481,700.0,,-1,deny,manual,1599.00,0.00,true,false,,,,,'10715481,https://cdn.shopify.com/s/files/1/0618/2368/0740/files/45_0ff5c54e-7d68-472f-abff-349d5077f9a8.png?v=1733925918,3,J 23 Hoodie - side view - unisex wear Pakistan,,,,,,,,,,,,,,,,,,,,,,,,,,,,,,,,,,,,,,,,,,,,https://cdn.shopify.com/s/files/1/0618/2368/0740/files/95_90cc3b1a-e886-498f-a2a1-770e3ac8fa0f.png?v=1733926334,g,,0.00,,,,
j-23-hoodie,,,,,,,,,Small,,,Blue,,,,,'10715482,700.0,,0,deny,manual,1599.00,0.00,true,false,,,,,'10715482,https://cdn.shopify.com/s/files/1/0618/2368/0740/files/95_90cc3b1a-e886-498f-a2a1-770e3ac8fa0f.png?v=1733926334,4,J 23 Hoodie - detail shot - unisex wear Pakistan,,,,,,,,,,,,,,,,,,,,,,,,,,,,,,,,,,,,,,,,,,,,https://cdn.shopify.com/s/files/1/0618/2368/0740/files/61.png?v=1733926349,g,,0.00,,,,
j-23-hoodie,,,,,,,,,Small,,,Silver,,,,,'10715483,700.0,,0,deny,manual,1599.00,0.00,true,false,,,,,'10715483,https://cdn.shopify.com/s/files/1/0618/2368/0740/files/61.png?v=1733926349,5,J 23 Hoodie - front view - unisex wear Pakistan,,,,,,,,,,,,,,,,,,,,,,,,,,,,,,,,,,,,,,,,,,,,https://cdn.shopify.com/s/files/1/0618/2368/0740/files/78_6e6e0501-2e8b-4af0-97ef-b7b8f17545ff.png?v=1733926370,g,,0.00,,,,
j-23-hoodie,,,,,,,,,Small,,,Grey,,,,,'10715484,700.0,,0,deny,manual,1599.00,0.00,true,false,,,,,'10715484,https://cdn.shopify.com/s/files/1/0618/2368/0740/files/78_6e6e0501-2e8b-4af0-97ef-b7b8f17545ff.png?v=1733926370,6,J 23 Hoodie - back view - unisex wear Pakistan,,,,,,,,,,,,,,,,,,,,,,,,,,,,,,,,,,,,,,,,,,,,https://cdn.shopify.com/s/files/1/0618/2368/0740/files/111.png?v=1733926389,g,,0.00,,,,
j-23-hoodie,,,,,,,,,Small,,,Yellow,,,,,'10715485,700.0,,0,deny,manual,1599.00,0.00,true,false,,,,,'10715485,https://cdn.shopify.com/s/files/1/0618/2368/0740/files/111.png?v=1733926389,7,J 23 Hoodie - side view - unisex wear Pakistan,,,,,,,,,,,,,,,,,,,,,,,,,,,,,,,,,,,,,,,,,,,,https://cdn.shopify.com/s/files/1/0618/2368/0740/files/13_08867da1-9666-4a38-9e4f-32b77740c5e9.png?v=1733926403,g,,0.00,,,,
j-23-hoodie,,,,,,,,,Small,,,Black,,,,,'10715486,700.0,,-1,deny,manual,1599.00,0.00,true,false,,,,,'10715486,https://cdn.shopify.com/s/files/1/0618/2368/0740/files/13_08867da1-9666-4a38-9e4f-32b77740c5e9.png?v=1733926403,8,J 23 Hoodie - detail shot - unisex wear Pakistan,,,,,,,,,,,,,,,,,,,,,,,,,,,,,,,,,,,,,,,,,,,,https://cdn.shopify.com/s/files/1/0618/2368/0740/files/131.png?v=1733926418,g,,0.00,,,,
j-23-hoodie,,,,,,,,,Small,,,Mustard,,,,,'10715487,700.0,,0,deny,manual,1599.00,0.00,true,false,,,,,'10715487,https://cdn.shopify.com/s/files/1/0618/2368/0740/files/131.png?v=1733926418,9,J 23 Hoodie - front view - unisex wear Pakistan,,,,,,,,,,,,,,,,,,,,,,,,,,,,,,,,,,,,,,,,,,,,https://cdn.shopify.com/s/files/1/0618/2368/0740/files/136.png?v=1733926432,g,,0.00,,,,
j-23-hoodie,,,,,,,,,Medium,,,Rose Gold,,,,,'10715488,700.0,,-1,deny,manual,1599.00,0.00,true,false,,,,,'10715488,https://cdn.shopify.com/s/files/1/0618/2368/0740/files/136.png?v=1733926432,10,J 23 Hoodie - back view - unisex wear Pakistan,,,,,,,,,,,,,,,,,,,,,,,,,,,,,,,,,,,,,,,,,,,,https://cdn.shopify.com/s/files/1/0618/2368/0740/files/29_97cd5710-b782-4e21-94d1-8eca0f2026ea.png?v=1733926448,g,,0.00,,,,
j-23-hoodie,,,,,,,,,Medium,,,Olive Green,,,,,'10715489,700.0,,0,deny,manual,1599.00,0.00,true,false,,,,,'10715489,,,,,,,,,,,,,,,,,,,,,,,,,,,,,,,,,,,,,,,,,,,,,,,https://cdn.shopify.com/s/files/1/0618/2368/0740/files/45_0ff5c54e-7d68-472f-abff-349d5077f9a8.png?v=1733925918,g,,0.00,,,,
j-23-hoodie,,,,,,,,,Medium,,,Cream,,,,,'10715490,700.0,,0,deny,manual,1599.00,0.00,true,false,,,,,'10715490,,,,,,,,,,,,,,,,,,,,,,,,,,,,,,,,,,,,,,,,,,,,,,,https://cdn.shopify.com/s/files/1/0618/2368/0740/files/95_90cc3b1a-e886-498f-a2a1-770e3ac8fa0f.png?v=1733926334,g,,0.00,,,,
j-23-hoodie,,,,,,,,,Medium,,,Blue,,,,,'10715491,700.0,,0,deny,manual,1599.00,0.00,true,false,,,,,'10715491,,,,,,,,,,,,,,,,,,,,,,,,,,,,,,,,,,,,,,,,,,,,,,,https://cdn.shopify.com/s/files/1/0618/2368/0740/files/61.png?v=1733926349,g,,0.00,,,,
j-23-hoodie,,,,,,,,,Medium,,,Silver,,,,,'10715492,700.0,,0,deny,manual,1599.00,0.00,true,false,,,,,'10715492,,,,,,,,,,,,,,,,,,,,,,,,,,,,,,,,,,,,,,,,,,,,,,,https://cdn.shopify.com/s/files/1/0618/2368/0740/files/78_6e6e0501-2e8b-4af0-97ef-b7b8f17545ff.png?v=1733926370,g,,0.00,,,,
j-23-hoodie,,,,,,,,,Medium,,,Grey,,,,,'10715493,700.0,,0,deny,manual,1599.00,0.00,true,false,,,,,'10715493,,,,,,,,,,,,,,,,,,,,,,,,,,,,,,,,,,,,,,,,,,,,,,,https://cdn.shopify.com/s/files/1/0618/2368/0740/files/111.png?v=1733926389,g,,0.00,,,,
j-23-hoodie,,,,,,,,,Medium,,,Yellow,,,,,'10715494,700.0,,0,deny,manual,1599.00,0.00,true,false,,,,,'10715494,,,,,,,,,,,,,,,,,,,,,,,,,,,,,,,,,,,,,,,,,,,,,,,https://cdn.shopify.com/s/files/1/0618/2368/0740/files/13_08867da1-9666-4a38-9e4f-32b77740c5e9.png?v=1733926403,g,,0.00,,,,
j-23-hoodie,,,,,,,,,Medium,,,Black,,,,,'10715495,700.0,,0,deny,manual,1599.00,0.00,true,false,,,,,'10715495,,,,,,,,,,,,,,,,,,,,,,,,,,,,,,,,,,,,,,,,,,,,,,,https://cdn.shopify.com/s/files/1/0618/2368/0740/files/131.png?v=1733926418,g,,0.00,,,,
j-23-hoodie,,,,,,,,,Medium,,,Mustard,,,,,'10715496,700.0,,0,deny,manual,1599.00,0.00,true,false,,,,,'10715496,,,,,,,,,,,,,,,,,,,,,,,,,,,,,,,,,,,,,,,,,,,,,,,https://cdn.shopify.com/s/files/1/0618/2368/0740/files/136.png?v=1733926432,g,,0.00,,,,
j-23-hoodie,,,,,,,,,Large,,,Rose Gold,,,,,'10715497,700.0,,-1,deny,manual,1599.00,0.00,true,false,,,,,'10715497,,,,,,,,,,,,,,,,,,,,,,,,,,,,,,,,,,,,,,,,,,,,,,,https://cdn.shopify.com/s/files/1/0618/2368/0740/files/29_97cd5710-b782-4e21-94d1-8eca0f2026ea.png?v=1733926448,g,,0.00,,,,
j-23-hoodie,,,,,,,,,Large,,,Olive Green,,,,,'10715498,700.0,,-1,deny,manual,1599.00,0.00,true,false,,,,,'10715498,,,,,,,,,,,,,,,,,,,,,,,,,,,,,,,,,,,,,,,,,,,,,,,https://cdn.shopify.com/s/files/1/0618/2368/0740/files/45_0ff5c54e-7d68-472f-abff-349d5077f9a8.png?v=1733925918,g,,0.00,,,,
j-23-hoodie,,,,,,,,,Large,,,Cream,,,,,'10715499,700.0,,0,deny,manual,1599.00,0.00,true,false,,,,,'10715499,,,,,,,,,,,,,,,,,,,,,,,,,,,,,,,,,,,,,,,,,,,,,,,https://cdn.shopify.com/s/files/1/0618/2368/0740/files/95_90cc3b1a-e886-498f-a2a1-770e3ac8fa0f.png?v=1733926334,g,,0.00,,,,
j-23-hoodie,,,,,,,,,Large,,,Blue,,,,,'10715500,700.0,,0,deny,manual,1599.00,0.00,true,false,,,,,'10715500,,,,,,,,,,,,,,,,,,,,,,,,,,,,,,,,,,,,,,,,,,,,,,,https://cdn.shopify.com/s/files/1/0618/2368/0740/files/61.png?v=1733926349,g,,0.00,,,,
j-23-hoodie,,,,,,,,,Large,,,Silver,,,,,'10715501,700.0,,0,deny,manual,1599.00,0.00,true,false,,,,,'10715501,,,,,,,,,,,,,,,,,,,,,,,,,,,,,,,,,,,,,,,,,,,,,,,https://cdn.shopify.com/s/files/1/0618/2368/0740/files/78_6e6e0501-2e8b-4af0-97ef-b7b8f17545ff.png?v=1733926370,g,,0.00,,,,
j-23-hoodie,,,,,,,,,Large,,,Grey,,,,,'10715502,700.0,,0,deny,manual,1599.00,0.00,true,false,,,,,'10715502,,,,,,,,,,,,,,,,,,,,,,,,,,,,,,,,,,,,,,,,,,,,,,,https://cdn.shopify.com/s/files/1/0618/2368/0740/files/111.png?v=1733926389,g,,0.00,,,,
j-23-hoodie,,,,,,,,,Large,,,Yellow,,,,,'10715503,700.0,,0,deny,manual,1599.00,0.00,true,false,,,,,'10715503,,,,,,,,,,,,,,,,,,,,,,,,,,,,,,,,,,,,,,,,,,,,,,,https://cdn.shopify.com/s/files/1/0618/2368/0740/files/13_08867da1-9666-4a38-9e4f-32b77740c5e9.png?v=1733926403,g,,0.00,,,,
j-23-hoodie,,,,,,,,,Large,,,Black,,,,,'10715504,700.0,,-2,deny,manual,1599.00,0.00,true,false,,,,,'10715504,,,,,,,,,,,,,,,,,,,,,,,,,,,,,,,,,,,,,,,,,,,,,,,https://cdn.shopify.com/s/files/1/0618/2368/0740/files/131.png?v=1733926418,g,,0.00,,,,
j-23-hoodie,,,,,,,,,Large,,,Mustard,,,,,'10715505,700.0,,0,deny,manual,1599.00,0.00,true,false,,,,,'10715505,,,,,,,,,,,,,,,,,,,,,,,,,,,,,,,,,,,,,,,,,,,,,,,https://cdn.shopify.com/s/files/1/0618/2368/0740/files/136.png?v=1733926432,g,,0.00,,,,
j-23-hoodie,,,,,,,,,XL,,,Rose Gold,,,,,'10715506,700.0,,0,deny,manual,1699.00,0.00,true,false,,,,,'10715506,,,,,,,,,,,,,,,,,,,,,,,,,,,,,,,,,,,,,,,,,,,,,,,https://cdn.shopify.com/s/files/1/0618/2368/0740/files/29_97cd5710-b782-4e21-94d1-8eca0f2026ea.png?v=1733926448,g,,0.00,,,,
j-23-hoodie,,,,,,,,,XL,,,Olive Green,,,,,'10715507,700.0,,0,deny,manual,1699.00,0.00,true,false,,,,,'10715507,,,,,,,,,,,,,,,,,,,,,,,,,,,,,,,,,,,,,,,,,,,,,,,https://cdn.shopify.com/s/files/1/0618/2368/0740/files/45_0ff5c54e-7d68-472f-abff-349d5077f9a8.png?v=1733925918,g,,0.00,,,,
j-23-hoodie,,,,,,,,,XL,,,Cream,,,,,'10715508,700.0,,0,deny,manual,1699.00,0.00,true,false,,,,,'10715508,,,,,,,,,,,,,,,,,,,,,,,,,,,,,,,,,,,,,,,,,,,,,,,https://cdn.shopify.com/s/files/1/0618/2368/0740/files/95_90cc3b1a-e886-498f-a2a1-770e3ac8fa0f.png?v=1733926334,g,,0.00,,,,
j-23-hoodie,,,,,,,,,XL,,,Blue,,,,,'10715509,700.0,,-1,deny,manual,1699.00,0.00,true,false,,,,,'10715509,,,,,,,,,,,,,,,,,,,,,,,,,,,,,,,,,,,,,,,,,,,,,,,https://cdn.shopify.com/s/files/1/0618/2368/0740/files/61.png?v=1733926349,g,,0.00,,,,
j-23-hoodie,,,,,,,,,XL,,,Silver,,,,,'10715510,700.0,,0,deny,manual,1699.00,0.00,true,false,,,,,'10715510,,,,,,,,,,,,,,,,,,,,,,,,,,,,,,,,,,,,,,,,,,,,,,,https://cdn.shopify.com/s/files/1/0618/2368/0740/files/78_6e6e0501-2e8b-4af0-97ef-b7b8f17545ff.png?v=1733926370,g,,0.00,,,,
j-23-hoodie,,,,,,,,,XL,,,Grey,,,,,'10715511,700.0,,-1,deny,manual,1699.00,0.00,true,false,,,,,'10715511,,,,,,,,,,,,,,,,,,,,,,,,,,,,,,,,,,,,,,,,,,,,,,,https://cdn.shopify.com/s/files/1/0618/2368/0740/files/111.png?v=1733926389,g,,0.00,,,,
j-23-hoodie,,,,,,,,,XL,,,Yellow,,,,,'10715512,700.0,,0,deny,manual,1699.00,0.00,true,false,,,,,'10715512,,,,,,,,,,,,,,,,,,,,,,,,,,,,,,,,,,,,,,,,,,,,,,,https://cdn.shopify.com/s/files/1/0618/2368/0740/files/13_08867da1-9666-4a38-9e4f-32b77740c5e9.png?v=1733926403,g,,0.00,,,,
j-23-hoodie,,,,,,,,,XL,,,Black,,,,,'10715513,700.0,,0,deny,manual,1699.00,0.00,true,false,,,,,'10715513,,,,,,,,,,,,,,,,,,,,,,,,,,,,,,,,,,,,,,,,,,,,,,,https://cdn.shopify.com/s/files/1/0618/2368/0740/files/131.png?v=1733926418,g,,0.00,,,,
j-23-hoodie,,,,,,,,,XL,,,Mustard,,,,,'10715514,700.0,,0,deny,manual,1699.00,0.00,true,false,,,,,'10715514,,,,,,,,,,,,,,,,,,,,,,,,,,,,,,,,,,,,,,,,,,,,,,,https://cdn.shopify.com/s/files/1/0618/2368/0740/files/136.png?v=1733926432,g,,0.00,,,,
j-23-hoodie,,,,,,,,,XXL,,,Rose Gold,,,,,'10715515,700.0,,0,deny,manual,1799.00,0.00,true,false,,,,,'10715515,,,,,,,,,,,,,,,,,,,,,,,,,,,,,,,,,,,,,,,,,,,,,,,https://cdn.shopify.com/s/files/1/0618/2368/0740/files/29_97cd5710-b782-4e21-94d1-8eca0f2026ea.png?v=1733926448,g,,0.00,,,,
j-23-hoodie,,,,,,,,,XXL,,,Olive Green,,,,,'10715516,700.0,,0,deny,manual,1799.00,0.00,true,false,,,,,'10715516,,,,,,,,,,,,,,,,,,,,,,,,,,,,,,,,,,,,,,,,,,,,,,,https://cdn.shopify.com/s/files/1/0618/2368/0740/files/45_0ff5c54e-7d68-472f-abff-349d5077f9a8.png?v=1733925918,g,,0.00,,,,
j-23-hoodie,,,,,,,,,XXL,,,Cream,,,,,'10715517,700.0,,0,deny,manual,1799.00,0.00,true,false,,,,,'10715517,,,,,,,,,,,,,,,,,,,,,,,,,,,,,,,,,,,,,,,,,,,,,,,https://cdn.shopify.com/s/files/1/0618/2368/0740/files/95_90cc3b1a-e886-498f-a2a1-770e3ac8fa0f.png?v=1733926334,g,,0.00,,,,
j-23-hoodie,,,,,,,,,XXL,,,Blue,,,,,'10715518,700.0,,0,deny,manual,1799.00,0.00,true,false,,,,,'10715518,,,,,,,,,,,,,,,,,,,,,,,,,,,,,,,,,,,,,,,,,,,,,,,https://cdn.shopify.com/s/files/1/0618/2368/0740/files/61.png?v=1733926349,g,,0.00,,,,
j-23-hoodie,,,,,,,,,XXL,,,Silver,,,,,'10715519,700.0,,0,deny,manual,1799.00,0.00,true,false,,,,,'10715519,,,,,,,,,,,,,,,,,,,,,,,,,,,,,,,,,,,,,,,,,,,,,,,https://cdn.shopify.com/s/files/1/0618/2368/0740/files/78_6e6e0501-2e8b-4af0-97ef-b7b8f17545ff.png?v=1733926370,g,,0.00,,,,
j-23-hoodie,,,,,,,,,XXL,,,Grey,,,,,'10715520,700.0,,0,deny,manual,1799.00,0.00,true,false,,,,,'10715520,,,,,,,,,,,,,,,,,,,,,,,,,,,,,,,,,,,,,,,,,,,,,,,https://cdn.shopify.com/s/files/1/0618/2368/0740/files/111.png?v=1733926389,g,,0.00,,,,
j-23-hoodie,,,,,,,,,XXL,,,Yellow,,,,,'10715521,700.0,,0,deny,manual,1799.00,0.00,true,false,,,,,'10715521,,,,,,,,,,,,,,,,,,,,,,,,,,,,,,,,,,,,,,,,,,,,,,,https://cdn.shopify.com/s/files/1/0618/2368/0740/files/13_08867da1-9666-4a38-9e4f-32b77740c5e9.png?v=1733926403,g,,0.00,,,,
j-23-hoodie,,,,,,,,,XXL,,,Black,,,,,'10715522,700.0,,0,deny,manual,1799.00,0.00,true,false,,,,,'10715522,,,,,,,,,,,,,,,,,,,,,,,,,,,,,,,,,,,,,,,,,,,,,,,https://cdn.shopify.com/s/files/1/0618/2368/0740/files/131.png?v=1733926418,g,,0.00,,,,
j-23-hoodie,,,,,,,,,XXL,,,Mustard,,,,,'10706954,700.0,,0,deny,manual,1799.00,0.00,true,false,,,,,'10706954,,,,,,,,,,,,,,,,,,,,,,,,,,,,,,,,,,,,,,,,,,,,,,,https://cdn.shopify.com/s/files/1/0618/2368/0740/files/136.png?v=1733926432,g,,0.00,,,,
multi-dot-bear-printed-sweatshirt-set-copy,Happy Bear Printed Sweatshirt Set,"<h4>Happy Bear Printed Sweatshirt Set</h4>
<p>This Kids Sweatshirt &amp; Pant is perfect for your little one's winter wardrobe! Crafted from breathable knitted Fleece Fabric, this two-piece set features a<strong> ""Happy Bear ""</strong> print on the front of the sweatshirt, and the trousers feature a print on the left leg. Soft and stretchy, this outfit is perfect for everyday wear, keeping your little one warm and comfortable all winter long.</p>
<h4><br></h4>",BBG FASHION CLOTHING STORE,Apparel & Accessories > Clothing > Baby & Toddler Clothing > Baby & Toddler Outfits,Kids Sweatshirt & Pant,"Kids Winter Collection, kidssweatshirtandpant",true,Size,1-2 Years,,Color,pink,product.metafields.shopify.color-pattern,,,,'10715475,500.0,,-8,deny,manual,1599.00,,true,true,,,,,'10715475,https://cdn.shopify.com/s/files/1/0618/2368/0740/files/20250706_2339_Cute_Pink_Outfit_remix_01jzggfmdyfabbs1hhmxg2w66b.png?v=1751827719,1,Multi Dot Bear Printed Sweatshirt Set Copy - front view - unisex wear Pakistan,false,,,5622,,,,,,,,,,,,,,,,,,,,pink,,,fleece,,,,,,,,,,,,,,,,,https://cdn.shopify.com/s/files/1/0618/2368/0740/files/20250706_2339_Cute_Pink_Outfit_remix_01jzggfmdyfabbs1hhmxg2w66b.png?v=1751827719,g,,,true,,,active
multi-dot-bear-printed-sweatshirt-set-copy,,,,,,,,,3 - 4 Years,,,pink,,,,,'10715476,500.0,,-9,deny,manual,1599.00,,true,true,,,,,'10715476,https://cdn.shopify.com/s/files/1/0618/2368/0740/files/kidssizechart_02fa9cf1-6924-4d86-8c13-35c6ba7eeeb5.webp?v=1776676217,2,Unicorn Printed Sweatshirt Set size chart - measurements guide,,,,,,,,,,,,,,,,,,,,,,,,,,,,,,,,,,,,,,,,,,,,https://cdn.shopify.com/s/files/1/0618/2368/0740/files/20250706_2339_Cute_Pink_Outfit_remix_01jzggfmdyfabbs1hhmxg2w66b.png?v=1751827719,g,,,,,,
multi-dot-bear-printed-sweatshirt-set-copy,,,,,,,,,5 - 6 Years,,,pink,,,,,'10715477,500.0,,-12,deny,manual,1599.00,,true,true,,,,,'10715477,,,,,,,,,,,,,,,,,,,,,,,,,,,,,,,,,,,,,,,,,,,,,,,https://cdn.shopify.com/s/files/1/0618/2368/0740/files/20250706_2339_Cute_Pink_Outfit_remix_01jzggfmdyfabbs1hhmxg2w66b.png?v=1751827719,g,,,,,,
multi-dot-bear-printed-sweatshirt-set-copy,,,,,,,,,7 - 8 Years,,,pink,,,,,'10715478,500.0,,-5,deny,manual,1699.00,,true,true,,,,,'10715478,,,,,,,,,,,,,,,,,,,,,,,,,,,,,,,,,,,,,,,,,,,,,,,https://cdn.shopify.com/s/files/1/0618/2368/0740/files/20250706_2339_Cute_Pink_Outfit_remix_01jzggfmdyfabbs1hhmxg2w66b.png?v=1751827719,g,,,,,,
multi-dot-bear-printed-sweatshirt-set-copy,,,,,,,,,9 - 10 Years,,,pink,,,,,'10706953,500.0,,-26,deny,manual,1699.00,,true,true,,,,,'10706953,,,,,,,,,,,,,,,,,,,,,,,,,,,,,,,,,,,,,,,,,,,,,,,https://cdn.shopify.com/s/files/1/0618/2368/0740/files/20250706_2339_Cute_Pink_Outfit_remix_01jzggfmdyfabbs1hhmxg2w66b.png?v=1751827719,g,,,,,,
kal-se-sutta-band-hoodie,Kal Se Sutta Band Hoodie,"<h4>Kal Se Sutta Band Hoodie</h4>
<p>Elevate your winter wardrobe with our kal se sutta band Hoodie! This bold and adventurous hoodie features a printed kal se sutta band on a sleek black background, perfect for making a statement. Stay warm and stylish with the added benefit of adjustable strings. Take a risk and stand out from the crowd in this must-have winter essential.</p>",BBG FASHION,Apparel & Accessories > Clothing > Clothing Tops > Hoodies,Adult Hoodie,"wintercollection, woo",false,Size,Small,,Color,Yellow,,,,,'10715436,700.0,,0,deny,manual,1599.00,0.00,true,false,,,,,'10715436,https://cdn.shopify.com/s/files/1/0618/2368/0740/files/Kal_se_Suuta_Band_Hoodie.png?v=1761135578,1,Kal Se Sutta Band Hoodie - front view - unisex wear Pakistan,false,,"Look no further for the perfect casual hoodie – Colorful Standard’s take on the modern classic is thoughtfully crafted for the best fit in soft organic cotton.
",,,,,,,,,,,,,,,,,,,,,,,,,,,,,,,,,,,,,,,,,https://cdn.shopify.com/s/files/1/0618/2368/0740/files/Kal_se_Suuta_Band_Hoodie.png?v=1761135578,g,,0.00,true,,,draft
kal-se-sutta-band-hoodie,,,,,,,,,Small,,,Silver,,,,,'10715437,700.0,,-1,deny,manual,1599.00,0.00,true,false,,,,,'10715437,https://cdn.shopify.com/s/files/1/0618/2368/0740/files/74.png?v=1761135530,2,Kal Se Sutta Band Hoodie - back view - unisex wear Pakistan,,,,,,,,,,,,,,,,,,,,,,,,,,,,,,,,,,,,,,,,,,,,https://cdn.shopify.com/s/files/1/0618/2368/0740/files/74.png?v=1761135530,g,,0.00,,,,
kal-se-sutta-band-hoodie,,,,,,,,,Small,,,Blue,,,,,'10715438,700.0,,0,deny,manual,1599.00,0.00,true,false,,,,,'10715438,https://cdn.shopify.com/s/files/1/0618/2368/0740/files/New_Design_Hoodies_7.png?v=1761135530,3,Kal Se Sutta Band Hoodie - side view - unisex wear Pakistan,,,,,,,,,,,,,,,,,,,,,,,,,,,,,,,,,,,,,,,,,,,,https://cdn.shopify.com/s/files/1/0618/2368/0740/files/New_Design_Hoodies_7.png?v=1761135530,g,,0.00,,,,
kal-se-sutta-band-hoodie,,,,,,,,,Small,,,Mustard,,,,,'10715439,700.0,,0,deny,manual,1599.00,0.00,true,false,,,,,'10715439,https://cdn.shopify.com/s/files/1/0618/2368/0740/files/128.png?v=1761135530,4,Kal Se Sutta Band Hoodie - detail shot - unisex wear Pakistan,,,,,,,,,,,,,,,,,,,,,,,,,,,,,,,,,,,,,,,,,,,,https://cdn.shopify.com/s/files/1/0618/2368/0740/files/128.png?v=1761135530,g,,0.00,,,,
kal-se-sutta-band-hoodie,,,,,,,,,Small,,,Grey,,,,,'10715440,700.0,,0,deny,manual,1599.00,0.00,true,false,,,,,'10715440,https://cdn.shopify.com/s/files/1/0618/2368/0740/files/105.png?v=1761135530,5,Kal Se Sutta Band Hoodie - front view - unisex wear Pakistan,,,,,,,,,,,,,,,,,,,,,,,,,,,,,,,,,,,,,,,,,,,,https://cdn.shopify.com/s/files/1/0618/2368/0740/files/105.png?v=1761135530,g,,0.00,,,,
kal-se-sutta-band-hoodie,,,,,,,,,Small,,,Rose Gold,,,,,'10715441,700.0,,0,deny,manual,1599.00,0.00,true,false,,,,,'10715441,https://cdn.shopify.com/s/files/1/0618/2368/0740/files/28_f4decbe7-2ec0-4472-bc94-ce04fda38544.png?v=1761135530,6,Kal Se Sutta Band Hoodie - back view - unisex wear Pakistan,,,,,,,,,,,,,,,,,,,,,,,,,,,,,,,,,,,,,,,,,,,,https://cdn.shopify.com/s/files/1/0618/2368/0740/files/28_f4decbe7-2ec0-4472-bc94-ce04fda38544.png?v=1761135530,g,,0.00,,,,
kal-se-sutta-band-hoodie,,,,,,,,,Small,,,Cream,,,,,'10715442,700.0,,-4,deny,manual,1599.00,0.00,true,false,,,,,'10715442,https://cdn.shopify.com/s/files/1/0618/2368/0740/files/90.png?v=1761135530,7,Kal Se Sutta Band Hoodie - side view - unisex wear Pakistan,,,,,,,,,,,,,,,,,,,,,,,,,,,,,,,,,,,,,,,,,,,,https://cdn.shopify.com/s/files/1/0618/2368/0740/files/90.png?v=1761135530,g,,0.00,,,,
kal-se-sutta-band-hoodie,,,,,,,,,Small,,,Olive Green,,,,,'10715443,700.0,,0,deny,manual,1599.00,0.00,true,false,,,,,'10715443,https://cdn.shopify.com/s/files/1/0618/2368/0740/files/43_781f9aba-4b31-4973-9767-e55bbac3a827.png?v=1761135530,8,Kal Se Sutta Band Hoodie - detail shot - unisex wear Pakistan,,,,,,,,,,,,,,,,,,,,,,,,,,,,,,,,,,,,,,,,,,,,https://cdn.shopify.com/s/files/1/0618/2368/0740/files/43_781f9aba-4b31-4973-9767-e55bbac3a827.png?v=1761135530,g,,0.00,,,,
kal-se-sutta-band-hoodie,,,,,,,,,Medium,,,Yellow,,,,,'10715444,700.0,,-2,deny,manual,1599.00,0.00,true,false,,,,,'10715444,https://cdn.shopify.com/s/files/1/0618/2368/0740/files/hoodiesizechart_8ec3b445-d6a7-4993-8fe3-cf237f05a022.webp?v=1765455802,9,Sun Flower Printed Hoodie size chart - measurements guide,,,,,,,,,,,,,,,,,,,,,,,,,,,,,,,,,,,,,,,,,,,,https://cdn.shopify.com/s/files/1/0618/2368/0740/files/Kal_se_Suuta_Band_Hoodie.png?v=1761135578,g,,0.00,,,,
kal-se-sutta-band-hoodie,,,,,,,,,Medium,,,Silver,,,,,'10715445,700.0,,-1,deny,manual,1599.00,0.00,true,false,,,,,'10715445,,,,,,,,,,,,,,,,,,,,,,,,,,,,,,,,,,,,,,,,,,,,,,,https://cdn.shopify.com/s/files/1/0618/2368/0740/files/74.png?v=1761135530,g,,0.00,,,,
kal-se-sutta-band-hoodie,,,,,,,,,Medium,,,Blue,,,,,'10715446,700.0,,0,deny,manual,1599.00,0.00,true,false,,,,,'10715446,,,,,,,,,,,,,,,,,,,,,,,,,,,,,,,,,,,,,,,,,,,,,,,https://cdn.shopify.com/s/files/1/0618/2368/0740/files/New_Design_Hoodies_7.png?v=1761135530,g,,0.00,,,,
kal-se-sutta-band-hoodie,,,,,,,,,Medium,,,Mustard,,,,,'10715447,700.0,,0,deny,manual,1599.00,0.00,true,false,,,,,'10715447,,,,,,,,,,,,,,,,,,,,,,,,,,,,,,,,,,,,,,,,,,,,,,,https://cdn.shopify.com/s/files/1/0618/2368/0740/files/128.png?v=1761135530,g,,0.00,,,,
kal-se-sutta-band-hoodie,,,,,,,,,Medium,,,Grey,,,,,'10715448,700.0,,-1,deny,manual,1599.00,0.00,true,false,,,,,'10715448,,,,,,,,,,,,,,,,,,,,,,,,,,,,,,,,,,,,,,,,,,,,,,,https://cdn.shopify.com/s/files/1/0618/2368/0740/files/105.png?v=1761135530,g,,0.00,,,,
kal-se-sutta-band-hoodie,,,,,,,,,Medium,,,Rose Gold,,,,,'10715449,700.0,,0,deny,manual,1599.00,0.00,true,false,,,,,'10715449,,,,,,,,,,,,,,,,,,,,,,,,,,,,,,,,,,,,,,,,,,,,,,,https://cdn.shopify.com/s/files/1/0618/2368/0740/files/28_f4decbe7-2ec0-4472-bc94-ce04fda38544.png?v=1761135530,g,,0.00,,,,
kal-se-sutta-band-hoodie,,,,,,,,,Medium,,,Cream,,,,,'10715450,700.0,,-4,deny,manual,1599.00,0.00,true,false,,,,,'10715450,,,,,,,,,,,,,,,,,,,,,,,,,,,,,,,,,,,,,,,,,,,,,,,https://cdn.shopify.com/s/files/1/0618/2368/0740/files/90.png?v=1761135530,g,,0.00,,,,
kal-se-sutta-band-hoodie,,,,,,,,,Medium,,,Olive Green,,,,,'10715451,700.0,,-1,deny,manual,1599.00,0.00,true,false,,,,,'10715451,,,,,,,,,,,,,,,,,,,,,,,,,,,,,,,,,,,,,,,,,,,,,,,https://cdn.shopify.com/s/files/1/0618/2368/0740/files/43_781f9aba-4b31-4973-9767-e55bbac3a827.png?v=1761135530,g,,0.00,,,,
kal-se-sutta-band-hoodie,,,,,,,,,Large,,,Yellow,,,,,'10715452,700.0,,0,deny,manual,1599.00,0.00,true,false,,,,,'10715452,,,,,,,,,,,,,,,,,,,,,,,,,,,,,,,,,,,,,,,,,,,,,,,https://cdn.shopify.com/s/files/1/0618/2368/0740/files/Kal_se_Suuta_Band_Hoodie.png?v=1761135578,g,,0.00,,,,
kal-se-sutta-band-hoodie,,,,,,,,,Large,,,Silver,,,,,'10715453,700.0,,0,deny,manual,1599.00,0.00,true,false,,,,,'10715453,,,,,,,,,,,,,,,,,,,,,,,,,,,,,,,,,,,,,,,,,,,,,,,https://cdn.shopify.com/s/files/1/0618/2368/0740/files/74.png?v=1761135530,g,,0.00,,,,
kal-se-sutta-band-hoodie,,,,,,,,,Large,,,Blue,,,,,'10715454,700.0,,-2,deny,manual,1599.00,0.00,true,false,,,,,'10715454,,,,,,,,,,,,,,,,,,,,,,,,,,,,,,,,,,,,,,,,,,,,,,,https://cdn.shopify.com/s/files/1/0618/2368/0740/files/New_Design_Hoodies_7.png?v=1761135530,g,,0.00,,,,
kal-se-sutta-band-hoodie,,,,,,,,,Large,,,Mustard,,,,,'10715455,700.0,,-1,deny,manual,1599.00,0.00,true,false,,,,,'10715455,,,,,,,,,,,,,,,,,,,,,,,,,,,,,,,,,,,,,,,,,,,,,,,https://cdn.shopify.com/s/files/1/0618/2368/0740/files/128.png?v=1761135530,g,,0.00,,,,
kal-se-sutta-band-hoodie,,,,,,,,,Large,,,Grey,,,,,'10715456,700.0,,0,deny,manual,1599.00,0.00,true,false,,,,,'10715456,,,,,,,,,,,,,,,,,,,,,,,,,,,,,,,,,,,,,,,,,,,,,,,https://cdn.shopify.com/s/files/1/0618/2368/0740/files/105.png?v=1761135530,g,,0.00,,,,
kal-se-sutta-band-hoodie,,,,,,,,,Large,,,Rose Gold,,,,,'10715457,700.0,,-1,deny,manual,1599.00,0.00,true,false,,,,,'10715457,,,,,,,,,,,,,,,,,,,,,,,,,,,,,,,,,,,,,,,,,,,,,,,https://cdn.shopify.com/s/files/1/0618/2368/0740/files/28_f4decbe7-2ec0-4472-bc94-ce04fda38544.png?v=1761135530,g,,0.00,,,,
kal-se-sutta-band-hoodie,,,,,,,,,Large,,,Cream,,,,,'10715458,700.0,,-3,deny,manual,1599.00,0.00,true,false,,,,,'10715458,,,,,,,,,,,,,,,,,,,,,,,,,,,,,,,,,,,,,,,,,,,,,,,https://cdn.shopify.com/s/files/1/0618/2368/0740/files/90.png?v=1761135530,g,,0.00,,,,
kal-se-sutta-band-hoodie,,,,,,,,,Large,,,Olive Green,,,,,'10715459,700.0,,0,deny,manual,1599.00,0.00,true,false,,,,,'10715459,,,,,,,,,,,,,,,,,,,,,,,,,,,,,,,,,,,,,,,,,,,,,,,https://cdn.shopify.com/s/files/1/0618/2368/0740/files/43_781f9aba-4b31-4973-9767-e55bbac3a827.png?v=1761135530,g,,0.00,,,,
kal-se-sutta-band-hoodie,,,,,,,,,XL,,,Yellow,,,,,'10715460,700.0,,-1,deny,manual,1699.00,0.00,true,false,,,,,'10715460,,,,,,,,,,,,,,,,,,,,,,,,,,,,,,,,,,,,,,,,,,,,,,,https://cdn.shopify.com/s/files/1/0618/2368/0740/files/Kal_se_Suuta_Band_Hoodie.png?v=1761135578,g,,0.00,,,,
kal-se-sutta-band-hoodie,,,,,,,,,XL,,,Silver,,,,,'10715461,700.0,,-1,deny,manual,1699.00,0.00,true,false,,,,,'10715461,,,,,,,,,,,,,,,,,,,,,,,,,,,,,,,,,,,,,,,,,,,,,,,https://cdn.shopify.com/s/files/1/0618/2368/0740/files/74.png?v=1761135530,g,,0.00,,,,
