Handle,Title,Body (HTML),Vendor,Product Category,Type,Tags,Published,Option1 Name,Option1 Value,Option1 Linked To,Option2 Name,Option2 Value,Option2 Linked To,Option3 Name,Option3 Value,Option3 Linked To,Variant SKU,Variant Grams,Variant Inventory Tracker,Variant Inventory Qty,Variant Inventory Policy,Variant Fulfillment Service,Variant Price,Variant Compare At Price,Variant Requires Shipping,Variant Taxable,Unit Price Total Measure,Unit Price Total Measure Unit,Unit Price Base Measure,Unit Price Base Measure Unit,Variant Barcode,Image Src,Image Position,Image Alt Text,Gift Card,SEO Title,SEO Description,Google Shopping / Google Product Category,Google Shopping / Gender,Google Shopping / Age Group,Google Shopping / MPN,Google Shopping / Condition,Google Shopping / Custom Product,Google Shopping / Custom Label 0,Google Shopping / Custom Label 1,Google Shopping / Custom Label 2,Google Shopping / Custom Label 3,Google Shopping / Custom Label 4,Google: Custom Product (product.metafields.mm-google-shopping.custom_product),Product rating count (product.metafields.reviews.rating_count),Activewear clothing features (product.metafields.shopify.activewear-clothing-features),Activity (product.metafields.shopify.activity),Age group (product.metafields.shopify.age-group),Baby/Toddler clothing features (product.metafields.shopify.baby-toddler-clothing-features),Baby/Toddler sleepwear style (product.metafields.shopify.baby-toddler-sleepwear-style),Care instructions (product.metafields.shopify.care-instructions),Clothing features (product.metafields.shopify.clothing-features),Color (product.metafields.shopify.color-pattern),Dress occasion (product.metafields.shopify.dress-occasion),Dress style (product.metafields.shopify.dress-style),Fabric (product.metafields.shopify.fabric),Fit (product.metafields.shopify.fit),Intimate apparel features (product.metafields.shopify.intimate-apparel-features),Neckline (product.metafields.shopify.neckline),One-piece style (product.metafields.shopify.one-piece-style),Outerwear clothing features (product.metafields.shopify.outerwear-clothing-features),Pants length type (product.metafields.shopify.pants-length-type),Size (product.metafields.shopify.size),Skirt/Dress length type (product.metafields.shopify.skirt-dress-length-type),Sleeve length type (product.metafields.shopify.sleeve-length-type),Target gender (product.metafields.shopify.target-gender),Top length type (product.metafields.shopify.top-length-type),Waist rise (product.metafields.shopify.waist-rise),Complementary products (product.metafields.shopify--discovery--product_recommendation.complementary_products),Related products (product.metafields.shopify--discovery--product_recommendation.related_products),Related products settings (product.metafields.shopify--discovery--product_recommendation.related_products_display),Search product boosts (product.metafields.shopify--discovery--product_search_boost.queries),Variant Image,Variant Weight Unit,Variant Tax Code,Cost per item,Included / Pakistan,Price / Pakistan,Compare At Price / Pakistan,Status
colorful-love-hoodie-copy,,,,,,,,,Small,,,light blue,,,,,'10717325,700.0,,0,deny,manual,1599.00,0.00,true,false,,,,,'10717325,https://cdn.shopify.com/s/files/1/0618/2368/0740/files/WhatsApp_Image_2025-01-10_at_2.41.31_PM.jpg?v=1736586176,8,Colorful Love Hoodie Copy - detail shot - unisex wear Pakistan,,,,,,,,,,,,,,,,,,,,,,,,,,,,,,,,,,,,,,,,,,,,https://cdn.shopify.com/s/files/1/0618/2368/0740/files/WhatsApp_Image_2025-01-10_at_2.41.31_PM_1.jpg?v=1736586176,g,,0.00,,,,
colorful-love-hoodie-copy,,,,,,,,,Small,,,olive green,,,,,'10717326,700.0,,0,deny,manual,1599.00,0.00,true,false,,,,,'10717326,https://cdn.shopify.com/s/files/1/0618/2368/0740/files/WhatsApp_Image_2025-01-10_at_2.41.32_PM_1.jpg?v=1736586176,9,Colorful Love Hoodie Copy - front view - unisex wear Pakistan,,,,,,,,,,,,,,,,,,,,,,,,,,,,,,,,,,,,,,,,,,,,https://cdn.shopify.com/s/files/1/0618/2368/0740/files/WhatsApp_Image_2025-01-10_at_2.41.32_PM_1.jpg?v=1736586176,g,,0.00,,,,
colorful-love-hoodie-copy,,,,,,,,,Small,,,light purple,,,,,'10717327,700.0,,0,deny,manual,1599.00,0.00,true,false,,,,,'10717327,https://cdn.shopify.com/s/files/1/0618/2368/0740/files/WhatsApp_Image_2025-01-10_at_2.41.32_PM.jpg?v=1736586176,10,Colorful Love Hoodie Copy - back view - unisex wear Pakistan,,,,,,,,,,,,,,,,,,,,,,,,,,,,,,,,,,,,,,,,,,,,https://cdn.shopify.com/s/files/1/0618/2368/0740/files/WhatsApp_Image_2025-01-10_at_2.41.33_PM.jpg?v=1736586176,g,,0.00,,,,
colorful-love-hoodie-copy,,,,,,,,,Medium,,,Silver,,,,,'10717328,700.0,,0,deny,manual,1599.00,0.00,true,false,,,,,'10717328,https://cdn.shopify.com/s/files/1/0618/2368/0740/files/WhatsApp_Image_2025-01-10_at_2.41.33_PM.jpg?v=1736586176,11,Colorful Love Hoodie Copy - side view - unisex wear Pakistan,,,,,,,,,,,,,,,,,,,,,,,,,,,,,,,,,,,,,,,,,,,,https://cdn.shopify.com/s/files/1/0618/2368/0740/files/WhatsApp_Image_2025-01-10_at_2.41.28_PM.jpg?v=1736586184,g,,0.00,,,,
colorful-love-hoodie-copy,,,,,,,,,Medium,,,Yellow,,,,,'10717329,700.0,,0,deny,manual,1599.00,0.00,true,false,,,,,'10717329,,,,,,,,,,,,,,,,,,,,,,,,,,,,,,,,,,,,,,,,,,,,,,,https://cdn.shopify.com/s/files/1/0618/2368/0740/files/WhatsApp_Image_2025-01-10_at_2.41.29_PM.jpg?v=1736586184,g,,0.00,,,,
colorful-love-hoodie-copy,,,,,,,,,Medium,,,Cream,,,,,'10717330,700.0,,0,deny,manual,1599.00,0.00,true,false,,,,,'10717330,,,,,,,,,,,,,,,,,,,,,,,,,,,,,,,,,,,,,,,,,,,,,,,https://cdn.shopify.com/s/files/1/0618/2368/0740/files/WhatsApp_Image_2025-01-10_at_2.41.29_PM_1.jpg?v=1736586184,g,,0.00,,,,
colorful-love-hoodie-copy,,,,,,,,,Medium,,,brown,,,,,'10717331,700.0,,0,deny,manual,1599.00,0.00,true,false,,,,,'10717331,,,,,,,,,,,,,,,,,,,,,,,,,,,,,,,,,,,,,,,,,,,,,,,https://cdn.shopify.com/s/files/1/0618/2368/0740/files/WhatsApp_Image_2025-01-10_at_2.41.30_PM.jpg?v=1736586184,g,,0.00,,,,
colorful-love-hoodie-copy,,,,,,,,,Medium,,,grey,,,,,'10717332,700.0,,0,deny,manual,1599.00,0.00,true,false,,,,,'10717332,,,,,,,,,,,,,,,,,,,,,,,,,,,,,,,,,,,,,,,,,,,,,,,https://cdn.shopify.com/s/files/1/0618/2368/0740/files/WhatsApp_Image_2025-01-10_at_2.41.30_PM_1.jpg?v=1736586184,g,,0.00,,,,
colorful-love-hoodie-copy,,,,,,,,,Medium,,,purple,,,,,'10717333,700.0,,0,deny,manual,1599.00,0.00,true,false,,,,,'10717333,,,,,,,,,,,,,,,,,,,,,,,,,,,,,,,,,,,,,,,,,,,,,,,https://cdn.shopify.com/s/files/1/0618/2368/0740/files/WhatsApp_Image_2025-01-10_at_2.41.31_PM.jpg?v=1736586176,g,,0.00,,,,
colorful-love-hoodie-copy,,,,,,,,,Medium,,,blue,,,,,'10717334,700.0,,0,deny,manual,1599.00,0.00,true,false,,,,,'10717334,,,,,,,,,,,,,,,,,,,,,,,,,,,,,,,,,,,,,,,,,,,,,,,https://cdn.shopify.com/s/files/1/0618/2368/0740/files/WhatsApp_Image_2025-01-10_at_2.41.32_PM.jpg?v=1736586176,g,,0.00,,,,
colorful-love-hoodie-copy,,,,,,,,,Medium,,,light blue,,,,,'10717335,700.0,,0,deny,manual,1599.00,0.00,true,false,,,,,'10717335,,,,,,,,,,,,,,,,,,,,,,,,,,,,,,,,,,,,,,,,,,,,,,,https://cdn.shopify.com/s/files/1/0618/2368/0740/files/WhatsApp_Image_2025-01-10_at_2.41.31_PM_1.jpg?v=1736586176,g,,0.00,,,,
colorful-love-hoodie-copy,,,,,,,,,Medium,,,olive green,,,,,'10717336,700.0,,0,deny,manual,1599.00,0.00,true,false,,,,,'10717336,,,,,,,,,,,,,,,,,,,,,,,,,,,,,,,,,,,,,,,,,,,,,,,https://cdn.shopify.com/s/files/1/0618/2368/0740/files/WhatsApp_Image_2025-01-10_at_2.41.32_PM_1.jpg?v=1736586176,g,,0.00,,,,
colorful-love-hoodie-copy,,,,,,,,,Medium,,,light purple,,,,,'10717337,700.0,,0,deny,manual,1599.00,0.00,true,false,,,,,'10717337,,,,,,,,,,,,,,,,,,,,,,,,,,,,,,,,,,,,,,,,,,,,,,,https://cdn.shopify.com/s/files/1/0618/2368/0740/files/WhatsApp_Image_2025-01-10_at_2.41.33_PM.jpg?v=1736586176,g,,0.00,,,,
colorful-love-hoodie-copy,,,,,,,,,Large,,,Silver,,,,,'10717338,700.0,,0,deny,manual,1599.00,0.00,true,false,,,,,'10717338,,,,,,,,,,,,,,,,,,,,,,,,,,,,,,,,,,,,,,,,,,,,,,,https://cdn.shopify.com/s/files/1/0618/2368/0740/files/WhatsApp_Image_2025-01-10_at_2.41.28_PM.jpg?v=1736586184,g,,0.00,,,,
colorful-love-hoodie-copy,,,,,,,,,Large,,,Yellow,,,,,'10717339,700.0,,0,deny,manual,1599.00,0.00,true,false,,,,,'10717339,,,,,,,,,,,,,,,,,,,,,,,,,,,,,,,,,,,,,,,,,,,,,,,https://cdn.shopify.com/s/files/1/0618/2368/0740/files/WhatsApp_Image_2025-01-10_at_2.41.29_PM.jpg?v=1736586184,g,,0.00,,,,
colorful-love-hoodie-copy,,,,,,,,,Large,,,Cream,,,,,'10717340,700.0,,0,deny,manual,1599.00,0.00,true,false,,,,,'10717340,,,,,,,,,,,,,,,,,,,,,,,,,,,,,,,,,,,,,,,,,,,,,,,https://cdn.shopify.com/s/files/1/0618/2368/0740/files/WhatsApp_Image_2025-01-10_at_2.41.29_PM_1.jpg?v=1736586184,g,,0.00,,,,
colorful-love-hoodie-copy,,,,,,,,,Large,,,brown,,,,,'10717341,700.0,,0,deny,manual,1599.00,0.00,true,false,,,,,'10717341,,,,,,,,,,,,,,,,,,,,,,,,,,,,,,,,,,,,,,,,,,,,,,,https://cdn.shopify.com/s/files/1/0618/2368/0740/files/WhatsApp_Image_2025-01-10_at_2.41.30_PM.jpg?v=1736586184,g,,0.00,,,,
colorful-love-hoodie-copy,,,,,,,,,Large,,,grey,,,,,'10717342,700.0,,0,deny,manual,1599.00,0.00,true,false,,,,,'10717342,,,,,,,,,,,,,,,,,,,,,,,,,,,,,,,,,,,,,,,,,,,,,,,https://cdn.shopify.com/s/files/1/0618/2368/0740/files/WhatsApp_Image_2025-01-10_at_2.41.30_PM_1.jpg?v=1736586184,g,,0.00,,,,
colorful-love-hoodie-copy,,,,,,,,,Large,,,purple,,,,,'10717343,700.0,,0,deny,manual,1599.00,0.00,true,false,,,,,'10717343,,,,,,,,,,,,,,,,,,,,,,,,,,,,,,,,,,,,,,,,,,,,,,,https://cdn.shopify.com/s/files/1/0618/2368/0740/files/WhatsApp_Image_2025-01-10_at_2.41.31_PM.jpg?v=1736586176,g,,0.00,,,,
colorful-love-hoodie-copy,,,,,,,,,Large,,,blue,,,,,'10717344,700.0,,-1,deny,manual,1599.00,0.00,true,false,,,,,'10717344,,,,,,,,,,,,,,,,,,,,,,,,,,,,,,,,,,,,,,,,,,,,,,,https://cdn.shopify.com/s/files/1/0618/2368/0740/files/WhatsApp_Image_2025-01-10_at_2.41.32_PM.jpg?v=1736586176,g,,0.00,,,,
colorful-love-hoodie-copy,,,,,,,,,Large,,,light blue,,,,,'10717345,700.0,,0,deny,manual,1599.00,0.00,true,false,,,,,'10717345,,,,,,,,,,,,,,,,,,,,,,,,,,,,,,,,,,,,,,,,,,,,,,,https://cdn.shopify.com/s/files/1/0618/2368/0740/files/WhatsApp_Image_2025-01-10_at_2.41.31_PM_1.jpg?v=1736586176,g,,0.00,,,,
colorful-love-hoodie-copy,,,,,,,,,Large,,,olive green,,,,,'10717346,700.0,,0,deny,manual,1599.00,0.00,true,false,,,,,'10717346,,,,,,,,,,,,,,,,,,,,,,,,,,,,,,,,,,,,,,,,,,,,,,,https://cdn.shopify.com/s/files/1/0618/2368/0740/files/WhatsApp_Image_2025-01-10_at_2.41.32_PM_1.jpg?v=1736586176,g,,0.00,,,,
colorful-love-hoodie-copy,,,,,,,,,Large,,,light purple,,,,,'10717347,700.0,,0,deny,manual,1599.00,0.00,true,false,,,,,'10717347,,,,,,,,,,,,,,,,,,,,,,,,,,,,,,,,,,,,,,,,,,,,,,,https://cdn.shopify.com/s/files/1/0618/2368/0740/files/WhatsApp_Image_2025-01-10_at_2.41.33_PM.jpg?v=1736586176,g,,0.00,,,,
colorful-love-hoodie-copy,,,,,,,,,XL,,,Silver,,,,,'10717348,700.0,,0,deny,manual,1699.00,0.00,true,false,,,,,'10717348,,,,,,,,,,,,,,,,,,,,,,,,,,,,,,,,,,,,,,,,,,,,,,,https://cdn.shopify.com/s/files/1/0618/2368/0740/files/WhatsApp_Image_2025-01-10_at_2.41.28_PM.jpg?v=1736586184,g,,0.00,,,,
colorful-love-hoodie-copy,,,,,,,,,XL,,,Yellow,,,,,'10717349,700.0,,0,deny,manual,1699.00,0.00,true,false,,,,,'10717349,,,,,,,,,,,,,,,,,,,,,,,,,,,,,,,,,,,,,,,,,,,,,,,https://cdn.shopify.com/s/files/1/0618/2368/0740/files/WhatsApp_Image_2025-01-10_at_2.41.29_PM.jpg?v=1736586184,g,,0.00,,,,
colorful-love-hoodie-copy,,,,,,,,,XL,,,Cream,,,,,'10717350,700.0,,0,deny,manual,1699.00,0.00,true,false,,,,,'10717350,,,,,,,,,,,,,,,,,,,,,,,,,,,,,,,,,,,,,,,,,,,,,,,https://cdn.shopify.com/s/files/1/0618/2368/0740/files/WhatsApp_Image_2025-01-10_at_2.41.29_PM_1.jpg?v=1736586184,g,,0.00,,,,
colorful-love-hoodie-copy,,,,,,,,,XL,,,brown,,,,,'10717351,700.0,,0,deny,manual,1699.00,0.00,true,false,,,,,'10717351,,,,,,,,,,,,,,,,,,,,,,,,,,,,,,,,,,,,,,,,,,,,,,,https://cdn.shopify.com/s/files/1/0618/2368/0740/files/WhatsApp_Image_2025-01-10_at_2.41.30_PM.jpg?v=1736586184,g,,0.00,,,,
colorful-love-hoodie-copy,,,,,,,,,XL,,,grey,,,,,'10717352,700.0,,0,deny,manual,1599.00,0.00,true,false,,,,,'10717352,,,,,,,,,,,,,,,,,,,,,,,,,,,,,,,,,,,,,,,,,,,,,,,https://cdn.shopify.com/s/files/1/0618/2368/0740/files/WhatsApp_Image_2025-01-10_at_2.41.30_PM_1.jpg?v=1736586184,g,,0.00,,,,
colorful-love-hoodie-copy,,,,,,,,,XL,,,purple,,,,,'10717353,700.0,,0,deny,manual,1599.00,0.00,true,false,,,,,'10717353,,,,,,,,,,,,,,,,,,,,,,,,,,,,,,,,,,,,,,,,,,,,,,,https://cdn.shopify.com/s/files/1/0618/2368/0740/files/WhatsApp_Image_2025-01-10_at_2.41.31_PM.jpg?v=1736586176,g,,0.00,,,,
colorful-love-hoodie-copy,,,,,,,,,XL,,,blue,,,,,'10717354,700.0,,0,deny,manual,1599.00,0.00,true,false,,,,,'10717354,,,,,,,,,,,,,,,,,,,,,,,,,,,,,,,,,,,,,,,,,,,,,,,https://cdn.shopify.com/s/files/1/0618/2368/0740/files/WhatsApp_Image_2025-01-10_at_2.41.32_PM.jpg?v=1736586176,g,,0.00,,,,
colorful-love-hoodie-copy,,,,,,,,,XL,,,light blue,,,,,'10717355,700.0,,0,deny,manual,1599.00,0.00,true,false,,,,,'10717355,,,,,,,,,,,,,,,,,,,,,,,,,,,,,,,,,,,,,,,,,,,,,,,https://cdn.shopify.com/s/files/1/0618/2368/0740/files/WhatsApp_Image_2025-01-10_at_2.41.31_PM_1.jpg?v=1736586176,g,,0.00,,,,
colorful-love-hoodie-copy,,,,,,,,,XL,,,olive green,,,,,'10717356,700.0,,0,deny,manual,1599.00,0.00,true,false,,,,,'10717356,,,,,,,,,,,,,,,,,,,,,,,,,,,,,,,,,,,,,,,,,,,,,,,https://cdn.shopify.com/s/files/1/0618/2368/0740/files/WhatsApp_Image_2025-01-10_at_2.41.32_PM_1.jpg?v=1736586176,g,,0.00,,,,
colorful-love-hoodie-copy,,,,,,,,,XL,,,light purple,,,,,'10717357,700.0,,0,deny,manual,1599.00,0.00,true,false,,,,,'10717357,,,,,,,,,,,,,,,,,,,,,,,,,,,,,,,,,,,,,,,,,,,,,,,https://cdn.shopify.com/s/files/1/0618/2368/0740/files/WhatsApp_Image_2025-01-10_at_2.41.33_PM.jpg?v=1736586176,g,,0.00,,,,
colorful-love-hoodie-copy,,,,,,,,,XXL,,,Silver,,,,,'10717358,700.0,,0,deny,manual,1799.00,0.00,true,false,,,,,'10717358,,,,,,,,,,,,,,,,,,,,,,,,,,,,,,,,,,,,,,,,,,,,,,,https://cdn.shopify.com/s/files/1/0618/2368/0740/files/WhatsApp_Image_2025-01-10_at_2.41.28_PM.jpg?v=1736586184,g,,0.00,,,,
colorful-love-hoodie-copy,,,,,,,,,XXL,,,Yellow,,,,,'10717359,700.0,,0,deny,manual,1799.00,0.00,true,false,,,,,'10717359,,,,,,,,,,,,,,,,,,,,,,,,,,,,,,,,,,,,,,,,,,,,,,,https://cdn.shopify.com/s/files/1/0618/2368/0740/files/WhatsApp_Image_2025-01-10_at_2.41.29_PM.jpg?v=1736586184,g,,0.00,,,,
colorful-love-hoodie-copy,,,,,,,,,XXL,,,Cream,,,,,'10717360,700.0,,0,deny,manual,1799.00,0.00,true,false,,,,,'10717360,,,,,,,,,,,,,,,,,,,,,,,,,,,,,,,,,,,,,,,,,,,,,,,https://cdn.shopify.com/s/files/1/0618/2368/0740/files/WhatsApp_Image_2025-01-10_at_2.41.29_PM_1.jpg?v=1736586184,g,,0.00,,,,
colorful-love-hoodie-copy,,,,,,,,,XXL,,,brown,,,,,'10717361,700.0,,0,deny,manual,1799.00,0.00,true,false,,,,,'10717361,,,,,,,,,,,,,,,,,,,,,,,,,,,,,,,,,,,,,,,,,,,,,,,https://cdn.shopify.com/s/files/1/0618/2368/0740/files/WhatsApp_Image_2025-01-10_at_2.41.30_PM.jpg?v=1736586184,g,,0.00,,,,
colorful-love-hoodie-copy,,,,,,,,,XXL,,,grey,,,,,'10717362,700.0,,0,deny,manual,1599.00,0.00,true,false,,,,,'10717362,,,,,,,,,,,,,,,,,,,,,,,,,,,,,,,,,,,,,,,,,,,,,,,https://cdn.shopify.com/s/files/1/0618/2368/0740/files/WhatsApp_Image_2025-01-10_at_2.41.30_PM_1.jpg?v=1736586184,g,,0.00,,,,
colorful-love-hoodie-copy,,,,,,,,,XXL,,,purple,,,,,'10717363,700.0,,-1,deny,manual,1599.00,0.00,true,false,,,,,'10717363,,,,,,,,,,,,,,,,,,,,,,,,,,,,,,,,,,,,,,,,,,,,,,,https://cdn.shopify.com/s/files/1/0618/2368/0740/files/WhatsApp_Image_2025-01-10_at_2.41.31_PM.jpg?v=1736586176,g,,0.00,,,,
colorful-love-hoodie-copy,,,,,,,,,XXL,,,blue,,,,,'10717364,700.0,,0,deny,manual,1599.00,0.00,true,false,,,,,'10717364,,,,,,,,,,,,,,,,,,,,,,,,,,,,,,,,,,,,,,,,,,,,,,,https://cdn.shopify.com/s/files/1/0618/2368/0740/files/WhatsApp_Image_2025-01-10_at_2.41.32_PM.jpg?v=1736586176,g,,0.00,,,,
colorful-love-hoodie-copy,,,,,,,,,XXL,,,light blue,,,,,'10717365,700.0,,-1,deny,manual,1599.00,0.00,true,false,,,,,'10717365,,,,,,,,,,,,,,,,,,,,,,,,,,,,,,,,,,,,,,,,,,,,,,,https://cdn.shopify.com/s/files/1/0618/2368/0740/files/WhatsApp_Image_2025-01-10_at_2.41.31_PM_1.jpg?v=1736586176,g,,0.00,,,,
colorful-love-hoodie-copy,,,,,,,,,XXL,,,olive green,,,,,'10717366,700.0,,0,deny,manual,1599.00,0.00,true,false,,,,,'10717366,,,,,,,,,,,,,,,,,,,,,,,,,,,,,,,,,,,,,,,,,,,,,,,https://cdn.shopify.com/s/files/1/0618/2368/0740/files/WhatsApp_Image_2025-01-10_at_2.41.32_PM_1.jpg?v=1736586176,g,,0.00,,,,
colorful-love-hoodie-copy,,,,,,,,,XXL,,,light purple,,,,,'10707009,700.0,,0,deny,manual,1599.00,0.00,true,false,,,,,'10707009,,,,,,,,,,,,,,,,,,,,,,,,,,,,,,,,,,,,,,,,,,,,,,,https://cdn.shopify.com/s/files/1/0618/2368/0740/files/WhatsApp_Image_2025-01-10_at_2.41.33_PM.jpg?v=1736586176,g,,0.00,,,,
chic-geometric-embroidered-hoodie,Chic Geometric Embroidered Hoodie,"<p><span><strong>Chic Geometric Embroidered Hoodie</strong></span></p>
<p><span>Add a pop of color and style to your wardrobe with this chic blue hoodie, featuring stunning geometric embroidery. Made from high-quality, breathable fabric, this hoodie offers both comfort and durability. The drawstring hood is embellished with eye-catching tassels and beads, adding a playful touch. The intricate embroidery on the front pocket and hood sets this hoodie apart, making it perfect for those who love unique and fashionable pieces. Ideal for casual outings, this hoodie ensures you stay stylish and comfortable all day long.</span></p>",BBG FASHION CLOTHING STORE,Apparel & Accessories > Clothing > Clothing Tops > Hoodies,Hoodie For Her,"Hoodie For Her, winter tracksuit, wintercollection",true,Size,m,product.metafields.shopify.size,,,,,,,'10717316,0.5,,-3,deny,manual,2499.00,,true,false,,,,,'10717316,https://cdn.shopify.com/s/files/1/0618/2368/0740/files/10_b7e69354-34ca-4dbf-975c-a75b72fc0d08.png?v=1765455759,1,Chic Geometric Embroidered Hoodie - front view - unisex wear Pakistan,false,,,212,,adult,,,,,,,,,,'1,,universal,adults,,,,,geometric,,,fleece,,,hooded,,,,m; l; xl; xxl,,,unisex; girls,medium,,,,,,https://cdn.shopify.com/s/files/1/0618/2368/0740/files/10_b7e69354-34ca-4dbf-975c-a75b72fc0d08.png?v=1765455759,g,,,true,,,active
chic-geometric-embroidered-hoodie,,,,,,,,,l,,,,,,,,'10717317,0.5,,-1,deny,manual,2599.00,,true,false,,,,,'10717317,https://cdn.shopify.com/s/files/1/0618/2368/0740/files/08.png?v=1765455802,2,Chic Geometric Embroidered Hoodie - back view - unisex wear Pakistan,,,,,,,,,,,,,,,,,,,,,,,,,,,,,,,,,,,,,,,,,,,,https://cdn.shopify.com/s/files/1/0618/2368/0740/files/10_b7e69354-34ca-4dbf-975c-a75b72fc0d08.png?v=1765455759,g,,,,,,
chic-geometric-embroidered-hoodie,,,,,,,,,xl,,,,,,,,'10707008,0.5,,-5,deny,manual,2699.00,,true,false,,,,,'10707008,https://cdn.shopify.com/s/files/1/0618/2368/0740/files/09.png?v=1765455802,3,Chic Geometric Embroidered Hoodie - side view - unisex wear Pakistan,,,,,,,,,,,,,,,,,,,,,,,,,,,,,,,,,,,,,,,,,,,,https://cdn.shopify.com/s/files/1/0618/2368/0740/files/10_b7e69354-34ca-4dbf-975c-a75b72fc0d08.png?v=1765455759,g,,,,,,
chic-geometric-embroidered-hoodie,,,,,,,,,xxl,,,,,,,,'10719350,0.5,,0,deny,manual,2799.00,,true,false,,,,,'10719350,https://cdn.shopify.com/s/files/1/0618/2368/0740/files/07.png?v=1765455802,4,Chic Geometric Embroidered Hoodie - detail shot - unisex wear Pakistan,,,,,,,,,,,,,,,,,,,,,,,,,,,,,,,,,,,,,,,,,,,,https://cdn.shopify.com/s/files/1/0618/2368/0740/files/10_b7e69354-34ca-4dbf-975c-a75b72fc0d08.png?v=1765455759,g,,,,,,
chic-geometric-embroidered-hoodie,,,,,,,,,,,,,,,,,,,,,,,,,,,,,,,,https://cdn.shopify.com/s/files/1/0618/2368/0740/files/06.png?v=1765455802,5,Chic Geometric Embroidered Hoodie - front view - unisex wear Pakistan,,,,,,,,,,,,,,,,,,,,,,,,,,,,,,,,,,,,,,,,,,,,,,,,,,,
chic-geometric-embroidered-hoodie,,,,,,,,,,,,,,,,,,,,,,,,,,,,,,,,https://cdn.shopify.com/s/files/1/0618/2368/0740/files/hoodiesizechart_8ec3b445-d6a7-4993-8fe3-cf237f05a022.webp?v=1765455802,6,Sun Flower Printed Hoodie size chart - measurements guide,,,,,,,,,,,,,,,,,,,,,,,,,,,,,,,,,,,,,,,,,,,,,,,,,,,
white-cow-bulndle-offer,White Cow Bundle Offer,"<h4><span>White Cow Bundle Offer</span></h4>
<p><span>Get ready to moo-ve into a world of cozy fun with our matching white cow-print onesies for adults and kids! Made from the softest fleece, these onesies are udderly perfect for lazy days at home or quirky family photoshoots. The whimsical cow-print pattern adds a touch of barnyard chic to your lounging look, making you and your little one the most adorable duo around.</span></p>",BBG FASHION CLOTHING STORE,Uncategorized,Kids Sweatshirt & Pant,"kidssweatshirtandpant, Pack of 2, winter tracksuit",false,White Cow Kids Sweatshirt & Pant (Size),1 - 2 Years,,White Cow Print Fleece Casual Wear Set (Size),Medium,,,,,'10717299,0.0,shopify,59,deny,manual,3999.00,,true,true,,,,,'10717299,https://cdn.shopify.com/s/files/1/0618/2368/0740/files/bundleoffer_1.png?v=1736260320,1,White Cow Bulndle Offer - front view - unisex wear Pakistan,false,,,,,,,,,,,,,,,,,,,,,,,,,,,,,,,,,,,,,,,,,,,https://cdn.shopify.com/s/files/1/0618/2368/0740/files/bundleoffer_1.png?v=1736260320,g,,,true,,,archived
white-cow-bulndle-offer,,,,,,,,,1 - 2 Years,,,Large,,,,,'10717300,0.0,shopify,59,deny,manual,3999.00,,true,true,,,,,'10717300,https://cdn.shopify.com/s/files/1/0618/2368/0740/files/kidssizechart_1f187f07-9ef0-4a0f-b524-1e9f3451955a.webp?v=1757336899,2,White Cow Kids Sweatshirt Pant size chart - measurements guide,,,,,,,,,,,,,,,,,,,,,,,,,,,,,,,,,,,,,,,,,,,,https://cdn.shopify.com/s/files/1/0618/2368/0740/files/bundleoffer_1.png?v=1736260320,g,,,,,,
white-cow-bulndle-offer,,,,,,,,,1 - 2 Years,,,XL,,,,,'10717301,0.0,shopify,59,deny,manual,3999.00,,true,true,,,,,'10717301,https://cdn.shopify.com/s/files/1/0618/2368/0740/files/Sizechart_ad7dd994-61cc-4add-912f-a571ac9aa35a.jpg?v=1704548948,3,White Cow Print Fleece Casual Wear Set size chart - measurements guide,,,,,,,,,,,,,,,,,,,,,,,,,,,,,,,,,,,,,,,,,,,,https://cdn.shopify.com/s/files/1/0618/2368/0740/files/bundleoffer_1.png?v=1736260320,g,,,,,,
white-cow-bulndle-offer,,,,,,,,,3 - 4 Years,,,Medium,,,,,'10717302,0.0,shopify,61,deny,manual,3999.00,,true,true,,,,,'10717302,,,,,,,,,,,,,,,,,,,,,,,,,,,,,,,,,,,,,,,,,,,,,,,https://cdn.shopify.com/s/files/1/0618/2368/0740/files/bundleoffer_1.png?v=1736260320,g,,,,,,
white-cow-bulndle-offer,,,,,,,,,3 - 4 Years,,,Large,,,,,'10717303,0.0,shopify,61,deny,manual,3999.00,,true,true,,,,,'10717303,,,,,,,,,,,,,,,,,,,,,,,,,,,,,,,,,,,,,,,,,,,,,,,https://cdn.shopify.com/s/files/1/0618/2368/0740/files/bundleoffer_1.png?v=1736260320,g,,,,,,
white-cow-bulndle-offer,,,,,,,,,3 - 4 Years,,,XL,,,,,'10717304,0.0,shopify,61,deny,manual,3999.00,,true,true,,,,,'10717304,,,,,,,,,,,,,,,,,,,,,,,,,,,,,,,,,,,,,,,,,,,,,,,https://cdn.shopify.com/s/files/1/0618/2368/0740/files/bundleoffer_1.png?v=1736260320,g,,,,,,
white-cow-bulndle-offer,,,,,,,,,5 - 6 Years,,,Medium,,,,,'10717305,0.0,shopify,70,deny,manual,3999.00,,true,true,,,,,'10717305,,,,,,,,,,,,,,,,,,,,,,,,,,,,,,,,,,,,,,,,,,,,,,,https://cdn.shopify.com/s/files/1/0618/2368/0740/files/bundleoffer_1.png?v=1736260320,g,,,,,,
white-cow-bulndle-offer,,,,,,,,,5 - 6 Years,,,Large,,,,,'10717306,0.0,shopify,70,deny,manual,3999.00,,true,true,,,,,'10717306,,,,,,,,,,,,,,,,,,,,,,,,,,,,,,,,,,,,,,,,,,,,,,,https://cdn.shopify.com/s/files/1/0618/2368/0740/files/bundleoffer_1.png?v=1736260320,g,,,,,,
white-cow-bulndle-offer,,,,,,,,,5 - 6 Years,,,XL,,,,,'10717307,0.0,shopify,70,deny,manual,3999.00,,true,true,,,,,'10717307,,,,,,,,,,,,,,,,,,,,,,,,,,,,,,,,,,,,,,,,,,,,,,,https://cdn.shopify.com/s/files/1/0618/2368/0740/files/bundleoffer_1.png?v=1736260320,g,,,,,,
white-cow-bulndle-offer,,,,,,,,,7 - 8 Years,,,Medium,,,,,'10717308,0.0,shopify,72,deny,manual,3999.00,,true,true,,,,,'10717308,,,,,,,,,,,,,,,,,,,,,,,,,,,,,,,,,,,,,,,,,,,,,,,https://cdn.shopify.com/s/files/1/0618/2368/0740/files/bundleoffer_1.png?v=1736260320,g,,,,,,
white-cow-bulndle-offer,,,,,,,,,7 - 8 Years,,,Large,,,,,'10717309,0.0,shopify,72,deny,manual,3999.00,,true,true,,,,,'10717309,,,,,,,,,,,,,,,,,,,,,,,,,,,,,,,,,,,,,,,,,,,,,,,https://cdn.shopify.com/s/files/1/0618/2368/0740/files/bundleoffer_1.png?v=1736260320,g,,,,,,
white-cow-bulndle-offer,,,,,,,,,7 - 8 Years,,,XL,,,,,'10717310,0.0,shopify,72,deny,manual,3999.00,,true,true,,,,,'10717310,,,,,,,,,,,,,,,,,,,,,,,,,,,,,,,,,,,,,,,,,,,,,,,https://cdn.shopify.com/s/files/1/0618/2368/0740/files/bundleoffer_1.png?v=1736260320,g,,,,,,
white-cow-bulndle-offer,,,,,,,,,9 - 10 Years,,,Medium,,,,,'10717311,0.0,shopify,74,deny,manual,3999.00,,true,true,,,,,'10717311,,,,,,,,,,,,,,,,,,,,,,,,,,,,,,,,,,,,,,,,,,,,,,,https://cdn.shopify.com/s/files/1/0618/2368/0740/files/bundleoffer_1.png?v=1736260320,g,,,,,,
white-cow-bulndle-offer,,,,,,,,,9 - 10 Years,,,Large,,,,,'10717312,0.0,shopify,81,deny,manual,3999.00,,true,true,,,,,'10717312,,,,,,,,,,,,,,,,,,,,,,,,,,,,,,,,,,,,,,,,,,,,,,,https://cdn.shopify.com/s/files/1/0618/2368/0740/files/bundleoffer_1.png?v=1736260320,g,,,,,,
white-cow-bulndle-offer,,,,,,,,,9 - 10 Years,,,XL,,,,,'10717313,0.0,shopify,75,deny,manual,3999.00,,true,true,,,,,'10717313,,,,,,,,,,,,,,,,,,,,,,,,,,,,,,,,,,,,,,,,,,,,,,,https://cdn.shopify.com/s/files/1/0618/2368/0740/files/bundleoffer_1.png?v=1736260320,g,,,,,,
white-cow-bulndle-offer,,,,,,,,,11 -12 Years,,,Medium,,,,,'10717314,0.0,shopify,74,deny,manual,3999.00,,true,true,,,,,'10717314,,,,,,,,,,,,,,,,,,,,,,,,,,,,,,,,,,,,,,,,,,,,,,,https://cdn.shopify.com/s/files/1/0618/2368/0740/files/bundleoffer_1.png?v=1736260320,g,,,,,,
white-cow-bulndle-offer,,,,,,,,,11 -12 Years,,,Large,,,,,'10717315,0.0,shopify,81,deny,manual,3999.00,,true,true,,,,,'10717315,,,,,,,,,,,,,,,,,,,,,,,,,,,,,,,,,,,,,,,,,,,,,,,https://cdn.shopify.com/s/files/1/0618/2368/0740/files/bundleoffer_1.png?v=1736260320,g,,,,,,
white-cow-bulndle-offer,,,,,,,,,11 -12 Years,,,XL,,,,,'10707007,0.0,shopify,75,deny,manual,3999.00,,true,true,,,,,'10707007,,,,,,,,,,,,,,,,,,,,,,,,,,,,,,,,,,,,,,,,,,,,,,,https://cdn.shopify.com/s/files/1/0618/2368/0740/files/bundleoffer_1.png?v=1736260320,g,,,,,,
we-can-be-heroes-printed-kids-hoodie-set-copy,Kids Winter Hoodie Set | Spiderman Printed,"<h4><strong><span data-sheets-root=""1"">Kids Winter Hoodie Set | Spiderman Printed<br><br></span></strong></h4>
<p data-start=""277"" data-end=""517"">Featuring a bold, web-slinging superhero-inspired design, this outfit brings action and excitement to your child’s everyday look.</p>
<p data-start=""519"" data-end=""808"">Crafted from soft, premium fleece fabric, the hoodie keeps your child warm and cozy during chilly days, while the matching jogger pants provide a comfortable and flexible fit for active play. Perfect for school, playtime, or outings, this set combines comfort with a powerful, heroic vibe.</p>
<p data-start=""810"" data-end=""907"">The striking superhero-inspired print makes it a favorite for kids who love adventure and action.</p>
<p data-start=""909"" data-end=""924"">✨ <strong data-start=""911"" data-end=""924"">Features:</strong></p>
<ul data-start=""925"" data-end=""1153"">
<li data-section-id=""m2jogh"" data-start=""925"" data-end=""968"">Soft fleece fabric for warmth &amp; comfort</li>
<li data-section-id=""z5jx0x"" data-start=""969"" data-end=""1015"">Dynamic superhero-style printed design 🕷️</li>
<li data-section-id=""gklsta"" data-start=""1016"" data-end=""1054"">Cozy hoodie with soft inner lining</li>
<li data-section-id=""1qd8zxj"" data-start=""1055"" data-end=""1103"">Matching jogger pants with elastic waistband</li>
<li data-section-id=""9bnese"" data-start=""1104"" data-end=""1153"">Ideal for daily wear, school &amp; winter outings</li>
</ul>
<p data-start=""1155"" data-end=""1226"">Let your kids stay <strong data-start=""1174"" data-end=""1209"">warm, confident, and hero-ready</strong> all winter long!</p>
<h4><strong><span data-sheets-root=""1""><br></span></strong></h4>",BBG FASHION,Apparel & Accessories > Clothing > Baby & Toddler Clothing,Kids Hoodie Set,Kids Winter Collection,true,Color,blue,product.metafields.shopify.color-pattern,Size,1-2-years,product.metafields.shopify.size,,,,'10717258,500.0,shopify,100,continue,manual,1399.00,0.00,true,false,,,,,'10717258,https://cdn.shopify.com/s/files/1/0618/2368/0740/files/WhatsApp_Image_2025-01-06_at_8.24.40_PM_1.jpg?v=1736251781,1,We Can Be Heroes Printed Kids Hoodie Set Copy - back view - kids wear Pakistan,false,,"Shop Kids Winter Hoodie Set Spiderman Style Printed in soft fleece. Warm, stylish & comfortable superhero outfit for kids. Perfect winter wear in Pakistan. Order now!",182,,,,,,,,,,,,,,,,,,,,blue; red; pink; silver; yellow-1; navy-1; dark-grey,,,fleece,,,,,,,1-2-years; 3-4-years; 5-6-years; 7-8-years; 9-10-years; 11-12-years,,,,,,,,,,https://cdn.shopify.com/s/files/1/0618/2368/0740/files/WhatsApp_Image_2025-01-06_at_8.24.44_PM_1.jpg?v=1736251781,kg,,,true,,,active
we-can-be-heroes-printed-kids-hoodie-set-copy,,,,,,,,,blue,,,3-4-years,,,,,'10717265,500.0,shopify,100,continue,manual,1399.00,0.00,true,false,,,,,'10717265,https://cdn.shopify.com/s/files/1/0618/2368/0740/files/WhatsApp_Image_2025-01-06_at_8.24.39_PM.jpg?v=1736251781,2,We Can Be Heroes Printed Kids Hoodie Set Copy - front view - kids wear Pakistan,,,,,,,,,,,,,,,,,,,,,,,,,,,,,,,,,,,,,,,,,,,,https://cdn.shopify.com/s/files/1/0618/2368/0740/files/WhatsApp_Image_2025-01-06_at_8.24.44_PM_1.jpg?v=1736251781,kg,,,,,,
we-can-be-heroes-printed-kids-hoodie-set-copy,,,,,,,,,blue,,,5-6-years,,,,,'10717272,500.0,shopify,100,continue,manual,1399.00,0.00,true,false,,,,,'10717272,https://cdn.shopify.com/s/files/1/0618/2368/0740/files/WhatsApp_Image_2025-01-06_at_8.24.40_PM.jpg?v=1736251781,3,We Can Be Heroes Printed Kids Hoodie Set Copy - detail shot - kids wear Pakistan,,,,,,,,,,,,,,,,,,,,,,,,,,,,,,,,,,,,,,,,,,,,https://cdn.shopify.com/s/files/1/0618/2368/0740/files/WhatsApp_Image_2025-01-06_at_8.24.44_PM_1.jpg?v=1736251781,kg,,,,,,
we-can-be-heroes-printed-kids-hoodie-set-copy,,,,,,,,,blue,,,7-8-years,,,,,'10717279,500.0,shopify,100,continue,manual,1399.00,0.00,true,false,,,,,'10717279,https://cdn.shopify.com/s/files/1/0618/2368/0740/files/WhatsApp_Image_2025-01-06_at_8.24.42_PM.jpg?v=1736251781,4,We Can Be Heroes Printed Kids Hoodie Set Copy - close-up detail - kids wear Pakistan,,,,,,,,,,,,,,,,,,,,,,,,,,,,,,,,,,,,,,,,,,,,https://cdn.shopify.com/s/files/1/0618/2368/0740/files/WhatsApp_Image_2025-01-06_at_8.24.44_PM_1.jpg?v=1736251781,kg,,,,,,
we-can-be-heroes-printed-kids-hoodie-set-copy,,,,,,,,,blue,,,9-10-years,,,,,'10717286,500.0,shopify,100,continue,manual,1399.00,0.00,true,false,,,,,'10717286,https://cdn.shopify.com/s/files/1/0618/2368/0740/files/WhatsApp_Image_2025-01-06_at_8.24.43_PM.jpg?v=1736251781,5,We Can Be Heroes Printed Kids Hoodie Set Copy - flat lay - kids wear Pakistan,,,,,,,,,,,,,,,,,,,,,,,,,,,,,,,,,,,,,,,,,,,,https://cdn.shopify.com/s/files/1/0618/2368/0740/files/WhatsApp_Image_2025-01-06_at_8.24.44_PM_1.jpg?v=1736251781,kg,,,,,,
we-can-be-heroes-printed-kids-hoodie-set-copy,,,,,,,,,blue,,,11-12-years,,,,,'10717293,500.0,shopify,100,continue,manual,1399.00,0.00,true,false,,,,,'10717293,https://cdn.shopify.com/s/files/1/0618/2368/0740/files/WhatsApp_Image_2025-01-06_at_8.24.44_PM_1.jpg?v=1736251781,6,We Can Be Heroes Printed Kids Hoodie Set Copy - lifestyle view - kids wear Pakistan,,,,,,,,,,,,,,,,,,,,,,,,,,,,,,,,,,,,,,,,,,,,https://cdn.shopify.com/s/files/1/0618/2368/0740/files/WhatsApp_Image_2025-01-06_at_8.24.44_PM_1.jpg?v=1736251781,kg,,,,,,
we-can-be-heroes-printed-kids-hoodie-set-copy,,,,,,,,,red,,,1-2-years,,,,,'10717259,500.0,shopify,100,continue,manual,1399.00,0.00,true,false,,,,,'10717259,https://cdn.shopify.com/s/files/1/0618/2368/0740/files/WhatsApp_Image_2025-01-06_at_8.24.44_PM.jpg?v=1736251781,7,We Can Be Heroes Printed Kids Hoodie Set Copy size chart - measurements guide,,,,,,,,,,,,,,,,,,,,,,,,,,,,,,,,,,,,,,,,,,,,https://cdn.shopify.com/s/files/1/0618/2368/0740/files/WhatsApp_Image_2025-01-06_at_8.24.40_PM.jpg?v=1736251781,kg,,,,,,
we-can-be-heroes-printed-kids-hoodie-set-copy,,,,,,,,,red,,,3-4-years,,,,,'10717266,500.0,shopify,100,continue,manual,1399.00,0.00,true,false,,,,,'10717266,https://cdn.shopify.com/s/files/1/0618/2368/0740/files/kidssizechart_e28feb53-900a-4966-81fe-20382accf994.jpg?v=1776761612,8,We Can Be Heroes Printed Kids Hoodie Set Copy size chart - measurements guide,,,,,,,,,,,,,,,,,,,,,,,,,,,,,,,,,,,,,,,,,,,,https://cdn.shopify.com/s/files/1/0618/2368/0740/files/WhatsApp_Image_2025-01-06_at_8.24.40_PM.jpg?v=1736251781,kg,,,,,,
we-can-be-heroes-printed-kids-hoodie-set-copy,,,,,,,,,red,,,5-6-years,,,,,'10717273,500.0,shopify,100,continue,manual,1399.00,0.00,true,false,,,,,'10717273,,,,,,,,,,,,,,,,,,,,,,,,,,,,,,,,,,,,,,,,,,,,,,,https://cdn.shopify.com/s/files/1/0618/2368/0740/files/WhatsApp_Image_2025-01-06_at_8.24.40_PM.jpg?v=1736251781,kg,,,,,,
we-can-be-heroes-printed-kids-hoodie-set-copy,,,,,,,,,red,,,7-8-years,,,,,'10717280,500.0,shopify,100,continue,manual,1399.00,0.00,true,false,,,,,'10717280,,,,,,,,,,,,,,,,,,,,,,,,,,,,,,,,,,,,,,,,,,,,,,,https://cdn.shopify.com/s/files/1/0618/2368/0740/files/WhatsApp_Image_2025-01-06_at_8.24.40_PM.jpg?v=1736251781,kg,,,,,,
we-can-be-heroes-printed-kids-hoodie-set-copy,,,,,,,,,red,,,9-10-years,,,,,'10717287,500.0,shopify,100,continue,manual,1399.00,0.00,true,false,,,,,'10717287,,,,,,,,,,,,,,,,,,,,,,,,,,,,,,,,,,,,,,,,,,,,,,,https://cdn.shopify.com/s/files/1/0618/2368/0740/files/WhatsApp_Image_2025-01-06_at_8.24.40_PM.jpg?v=1736251781,kg,,,,,,
we-can-be-heroes-printed-kids-hoodie-set-copy,,,,,,,,,red,,,11-12-years,,,,,'10717294,500.0,shopify,100,continue,manual,1399.00,0.00,true,false,,,,,'10717294,,,,,,,,,,,,,,,,,,,,,,,,,,,,,,,,,,,,,,,,,,,,,,,https://cdn.shopify.com/s/files/1/0618/2368/0740/files/WhatsApp_Image_2025-01-06_at_8.24.40_PM.jpg?v=1736251781,kg,,,,,,
we-can-be-heroes-printed-kids-hoodie-set-copy,,,,,,,,,pink,,,1-2-years,,,,,'10717260,500.0,shopify,100,continue,manual,1399.00,0.00,true,false,,,,,'10717260,,,,,,,,,,,,,,,,,,,,,,,,,,,,,,,,,,,,,,,,,,,,,,,https://cdn.shopify.com/s/files/1/0618/2368/0740/files/WhatsApp_Image_2025-01-06_at_8.24.40_PM_1.jpg?v=1736251781,kg,,,,,,
we-can-be-heroes-printed-kids-hoodie-set-copy,,,,,,,,,pink,,,3-4-years,,,,,'10717267,500.0,shopify,100,continue,manual,1399.00,0.00,true,false,,,,,'10717267,,,,,,,,,,,,,,,,,,,,,,,,,,,,,,,,,,,,,,,,,,,,,,,https://cdn.shopify.com/s/files/1/0618/2368/0740/files/WhatsApp_Image_2025-01-06_at_8.24.40_PM_1.jpg?v=1736251781,kg,,,,,,
we-can-be-heroes-printed-kids-hoodie-set-copy,,,,,,,,,pink,,,5-6-years,,,,,'10717274,500.0,shopify,100,continue,manual,1399.00,0.00,true,false,,,,,'10717274,,,,,,,,,,,,,,,,,,,,,,,,,,,,,,,,,,,,,,,,,,,,,,,https://cdn.shopify.com/s/files/1/0618/2368/0740/files/WhatsApp_Image_2025-01-06_at_8.24.40_PM_1.jpg?v=1736251781,kg,,,,,,
we-can-be-heroes-printed-kids-hoodie-set-copy,,,,,,,,,pink,,,7-8-years,,,,,'10717281,500.0,shopify,100,continue,manual,1399.00,0.00,true,false,,,,,'10717281,,,,,,,,,,,,,,,,,,,,,,,,,,,,,,,,,,,,,,,,,,,,,,,https://cdn.shopify.com/s/files/1/0618/2368/0740/files/WhatsApp_Image_2025-01-06_at_8.24.40_PM_1.jpg?v=1736251781,kg,,,,,,
we-can-be-heroes-printed-kids-hoodie-set-copy,,,,,,,,,pink,,,9-10-years,,,,,'10717288,500.0,shopify,100,continue,manual,1399.00,0.00,true,false,,,,,'10717288,,,,,,,,,,,,,,,,,,,,,,,,,,,,,,,,,,,,,,,,,,,,,,,https://cdn.shopify.com/s/files/1/0618/2368/0740/files/WhatsApp_Image_2025-01-06_at_8.24.40_PM_1.jpg?v=1736251781,kg,,,,,,
we-can-be-heroes-printed-kids-hoodie-set-copy,,,,,,,,,pink,,,11-12-years,,,,,'10717295,500.0,shopify,100,continue,manual,1399.00,0.00,true,false,,,,,'10717295,,,,,,,,,,,,,,,,,,,,,,,,,,,,,,,,,,,,,,,,,,,,,,,https://cdn.shopify.com/s/files/1/0618/2368/0740/files/WhatsApp_Image_2025-01-06_at_8.24.40_PM_1.jpg?v=1736251781,kg,,,,,,
we-can-be-heroes-printed-kids-hoodie-set-copy,,,,,,,,,silver,,,1-2-years,,,,,'10717261,500.0,shopify,100,continue,manual,1399.00,0.00,true,false,,,,,'10717261,,,,,,,,,,,,,,,,,,,,,,,,,,,,,,,,,,,,,,,,,,,,,,,https://cdn.shopify.com/s/files/1/0618/2368/0740/files/WhatsApp_Image_2025-01-06_at_8.24.42_PM.jpg?v=1736251781,kg,,,,,,
we-can-be-heroes-printed-kids-hoodie-set-copy,,,,,,,,,silver,,,3-4-years,,,,,'10717268,500.0,shopify,100,continue,manual,1399.00,0.00,true,false,,,,,'10717268,,,,,,,,,,,,,,,,,,,,,,,,,,,,,,,,,,,,,,,,,,,,,,,https://cdn.shopify.com/s/files/1/0618/2368/0740/files/WhatsApp_Image_2025-01-06_at_8.24.42_PM.jpg?v=1736251781,kg,,,,,,
we-can-be-heroes-printed-kids-hoodie-set-copy,,,,,,,,,silver,,,5-6-years,,,,,'10717275,500.0,shopify,100,continue,manual,1399.00,0.00,true,false,,,,,'10717275,,,,,,,,,,,,,,,,,,,,,,,,,,,,,,,,,,,,,,,,,,,,,,,https://cdn.shopify.com/s/files/1/0618/2368/0740/files/WhatsApp_Image_2025-01-06_at_8.24.42_PM.jpg?v=1736251781,kg,,,,,,
we-can-be-heroes-printed-kids-hoodie-set-copy,,,,,,,,,silver,,,7-8-years,,,,,'10717282,500.0,shopify,100,continue,manual,1399.00,0.00,true,false,,,,,'10717282,,,,,,,,,,,,,,,,,,,,,,,,,,,,,,,,,,,,,,,,,,,,,,,https://cdn.shopify.com/s/files/1/0618/2368/0740/files/WhatsApp_Image_2025-01-06_at_8.24.42_PM.jpg?v=1736251781,kg,,,,,,
we-can-be-heroes-printed-kids-hoodie-set-copy,,,,,,,,,silver,,,9-10-years,,,,,'10717289,500.0,shopify,100,continue,manual,1399.00,0.00,true,false,,,,,'10717289,,,,,,,,,,,,,,,,,,,,,,,,,,,,,,,,,,,,,,,,,,,,,,,https://cdn.shopify.com/s/files/1/0618/2368/0740/files/WhatsApp_Image_2025-01-06_at_8.24.42_PM.jpg?v=1736251781,kg,,,,,,
we-can-be-heroes-printed-kids-hoodie-set-copy,,,,,,,,,silver,,,11-12-years,,,,,'10717296,500.0,shopify,99,continue,manual,1399.00,0.00,true,false,,,,,'10717296,,,,,,,,,,,,,,,,,,,,,,,,,,,,,,,,,,,,,,,,,,,,,,,https://cdn.shopify.com/s/files/1/0618/2368/0740/files/WhatsApp_Image_2025-01-06_at_8.24.42_PM.jpg?v=1736251781,kg,,,,,,
we-can-be-heroes-printed-kids-hoodie-set-copy,,,,,,,,,yellow-1,,,1-2-years,,,,,'10717262,500.0,shopify,100,continue,manual,1399.00,0.00,true,false,,,,,'10717262,,,,,,,,,,,,,,,,,,,,,,,,,,,,,,,,,,,,,,,,,,,,,,,https://cdn.shopify.com/s/files/1/0618/2368/0740/files/WhatsApp_Image_2025-01-06_at_8.24.39_PM.jpg?v=1736251781,kg,,,,,,
we-can-be-heroes-printed-kids-hoodie-set-copy,,,,,,,,,yellow-1,,,3-4-years,,,,,'10717269,500.0,shopify,100,continue,manual,1399.00,0.00,true,false,,,,,'10717269,,,,,,,,,,,,,,,,,,,,,,,,,,,,,,,,,,,,,,,,,,,,,,,https://cdn.shopify.com/s/files/1/0618/2368/0740/files/WhatsApp_Image_2025-01-06_at_8.24.39_PM.jpg?v=1736251781,kg,,,,,,
we-can-be-heroes-printed-kids-hoodie-set-copy,,,,,,,,,yellow-1,,,5-6-years,,,,,'10717276,500.0,shopify,100,continue,manual,1399.00,0.00,true,false,,,,,'10717276,,,,,,,,,,,,,,,,,,,,,,,,,,,,,,,,,,,,,,,,,,,,,,,https://cdn.shopify.com/s/files/1/0618/2368/0740/files/WhatsApp_Image_2025-01-06_at_8.24.39_PM.jpg?v=1736251781,kg,,,,,,
we-can-be-heroes-printed-kids-hoodie-set-copy,,,,,,,,,yellow-1,,,7-8-years,,,,,'10717283,500.0,shopify,100,continue,manual,1399.00,0.00,true,false,,,,,'10717283,,,,,,,,,,,,,,,,,,,,,,,,,,,,,,,,,,,,,,,,,,,,,,,https://cdn.shopify.com/s/files/1/0618/2368/0740/files/WhatsApp_Image_2025-01-06_at_8.24.39_PM.jpg?v=1736251781,kg,,,,,,
we-can-be-heroes-printed-kids-hoodie-set-copy,,,,,,,,,yellow-1,,,9-10-years,,,,,'10717290,500.0,shopify,100,continue,manual,1399.00,0.00,true,false,,,,,'10717290,,,,,,,,,,,,,,,,,,,,,,,,,,,,,,,,,,,,,,,,,,,,,,,https://cdn.shopify.com/s/files/1/0618/2368/0740/files/WhatsApp_Image_2025-01-06_at_8.24.39_PM.jpg?v=1736251781,kg,,,,,,
we-can-be-heroes-printed-kids-hoodie-set-copy,,,,,,,,,yellow-1,,,11-12-years,,,,,'10717297,500.0,shopify,100,continue,manual,1399.00,0.00,true,false,,,,,'10717297,,,,,,,,,,,,,,,,,,,,,,,,,,,,,,,,,,,,,,,,,,,,,,,https://cdn.shopify.com/s/files/1/0618/2368/0740/files/WhatsApp_Image_2025-01-06_at_8.24.39_PM.jpg?v=1736251781,kg,,,,,,
we-can-be-heroes-printed-kids-hoodie-set-copy,,,,,,,,,navy-1,,,1-2-years,,,,,'10717263,500.0,shopify,100,continue,manual,1399.00,0.00,true,false,,,,,'10717263,,,,,,,,,,,,,,,,,,,,,,,,,,,,,,,,,,,,,,,,,,,,,,,https://cdn.shopify.com/s/files/1/0618/2368/0740/files/WhatsApp_Image_2025-01-06_at_8.24.44_PM.jpg?v=1736251781,kg,,,,,,
we-can-be-heroes-printed-kids-hoodie-set-copy,,,,,,,,,navy-1,,,3-4-years,,,,,'10717270,500.0,shopify,100,continue,manual,1399.00,0.00,true,false,,,,,'10717270,,,,,,,,,,,,,,,,,,,,,,,,,,,,,,,,,,,,,,,,,,,,,,,https://cdn.shopify.com/s/files/1/0618/2368/0740/files/WhatsApp_Image_2025-01-06_at_8.24.44_PM.jpg?v=1736251781,kg,,,,,,
we-can-be-heroes-printed-kids-hoodie-set-copy,,,,,,,,,navy-1,,,5-6-years,,,,,'10717277,500.0,shopify,99,continue,manual,1399.00,0.00,true,false,,,,,'10717277,,,,,,,,,,,,,,,,,,,,,,,,,,,,,,,,,,,,,,,,,,,,,,,https://cdn.shopify.com/s/files/1/0618/2368/0740/files/WhatsApp_Image_2025-01-06_at_8.24.44_PM.jpg?v=1736251781,kg,,,,,,
we-can-be-heroes-printed-kids-hoodie-set-copy,,,,,,,,,navy-1,,,7-8-years,,,,,'10717284,500.0,shopify,100,continue,manual,1399.00,0.00,true,false,,,,,'10717284,,,,,,,,,,,,,,,,,,,,,,,,,,,,,,,,,,,,,,,,,,,,,,,https://cdn.shopify.com/s/files/1/0618/2368/0740/files/WhatsApp_Image_2025-01-06_at_8.24.44_PM.jpg?v=1736251781,kg,,,,,,
we-can-be-heroes-printed-kids-hoodie-set-copy,,,,,,,,,navy-1,,,9-10-years,,,,,'10717291,500.0,shopify,100,continue,manual,1399.00,0.00,true,false,,,,,'10717291,,,,,,,,,,,,,,,,,,,,,,,,,,,,,,,,,,,,,,,,,,,,,,,https://cdn.shopify.com/s/files/1/0618/2368/0740/files/WhatsApp_Image_2025-01-06_at_8.24.44_PM.jpg?v=1736251781,kg,,,,,,
we-can-be-heroes-printed-kids-hoodie-set-copy,,,,,,,,,navy-1,,,11-12-years,,,,,'10717298,500.0,shopify,99,continue,manual,1399.00,0.00,true,false,,,,,'10717298,,,,,,,,,,,,,,,,,,,,,,,,,,,,,,,,,,,,,,,,,,,,,,,https://cdn.shopify.com/s/files/1/0618/2368/0740/files/WhatsApp_Image_2025-01-06_at_8.24.44_PM.jpg?v=1736251781,kg,,,,,,
we-can-be-heroes-printed-kids-hoodie-set-copy,,,,,,,,,dark-grey,,,1-2-years,,,,,'10717264,500.0,shopify,100,continue,manual,1399.00,0.00,true,false,,,,,'10717264,,,,,,,,,,,,,,,,,,,,,,,,,,,,,,,,,,,,,,,,,,,,,,,https://cdn.shopify.com/s/files/1/0618/2368/0740/files/WhatsApp_Image_2025-01-06_at_8.24.43_PM.jpg?v=1736251781,kg,,,,,,
we-can-be-heroes-printed-kids-hoodie-set-copy,,,,,,,,,dark-grey,,,3-4-years,,,,,'10717271,500.0,shopify,100,continue,manual,1399.00,0.00,true,false,,,,,'10717271,,,,,,,,,,,,,,,,,,,,,,,,,,,,,,,,,,,,,,,,,,,,,,,https://cdn.shopify.com/s/files/1/0618/2368/0740/files/WhatsApp_Image_2025-01-06_at_8.24.43_PM.jpg?v=1736251781,kg,,,,,,
we-can-be-heroes-printed-kids-hoodie-set-copy,,,,,,,,,dark-grey,,,5-6-years,,,,,'10717278,500.0,shopify,100,continue,manual,1399.00,0.00,true,false,,,,,'10717278,,,,,,,,,,,,,,,,,,,,,,,,,,,,,,,,,,,,,,,,,,,,,,,https://cdn.shopify.com/s/files/1/0618/2368/0740/files/WhatsApp_Image_2025-01-06_at_8.24.43_PM.jpg?v=1736251781,kg,,,,,,
we-can-be-heroes-printed-kids-hoodie-set-copy,,,,,,,,,dark-grey,,,7-8-years,,,,,'10717285,500.0,shopify,100,continue,manual,1399.00,0.00,true,false,,,,,'10717285,,,,,,,,,,,,,,,,,,,,,,,,,,,,,,,,,,,,,,,,,,,,,,,https://cdn.shopify.com/s/files/1/0618/2368/0740/files/WhatsApp_Image_2025-01-06_at_8.24.43_PM.jpg?v=1736251781,kg,,,,,,
we-can-be-heroes-printed-kids-hoodie-set-copy,,,,,,,,,dark-grey,,,9-10-years,,,,,'10717292,500.0,shopify,100,continue,manual,1399.00,0.00,true,false,,,,,'10717292,,,,,,,,,,,,,,,,,,,,,,,,,,,,,,,,,,,,,,,,,,,,,,,https://cdn.shopify.com/s/files/1/0618/2368/0740/files/WhatsApp_Image_2025-01-06_at_8.24.43_PM.jpg?v=1736251781,kg,,,,,,
we-can-be-heroes-printed-kids-hoodie-set-copy,,,,,,,,,dark-grey,,,11-12-years,,,,,'10707006,500.0,shopify,100,continue,manual,1399.00,0.00,true,false,,,,,'10707006,,,,,,,,,,,,,,,,,,,,,,,,,,,,,,,,,,,,,,,,,,,,,,,https://cdn.shopify.com/s/files/1/0618/2368/0740/files/WhatsApp_Image_2025-01-06_at_8.24.43_PM.jpg?v=1736251781,kg,,,,,,
street-racing-printed-kids-hoodie-set-copy,Kids Winter Hoodie Set | We Can Be Heroes,"<h4>Kids Winter Hoodie Set | We Can Be Heroes</h4>
<p data-start=""255"" data-end=""506"">Power up your child’s winter style with the fun and comfy <strong data-start=""313"" data-end=""358"">Kids Winter Hoodie Set – We Can Be Heroes</strong>. Designed for active kids with big imaginations, this trendy hoodie set combines warmth, comfort, and a cool heroic vibe perfect for everyday wear.</p>
<p data-start=""508"" data-end=""657"">Made with soft winter-friendly fabric and a relaxed fit, it keeps your little one cozy during chilly days while looking stylish indoors and outdoors.</p>
<h3 data-section-id=""1to4s3t"" data-start=""659"" data-end=""673"">✨ Features</h3>
<ul data-start=""674"" data-end=""863"">
<li data-section-id=""17tiup3"" data-start=""674"" data-end=""703"">Soft &amp; warm winter fabric</li>
<li data-section-id=""1rvvcav"" data-start=""704"" data-end=""740"">Stylish “We Can Be Heroes” print</li>
<li data-section-id=""qw0h2t"" data-start=""741"" data-end=""763"">Cozy hoodie design</li>
<li data-section-id=""101qcok"" data-start=""764"" data-end=""791"">Comfortable relaxed fit</li>
<li data-section-id=""vlgis9"" data-start=""792"" data-end=""828"">Durable &amp; skin-friendly material</li>
<li data-section-id=""81oebf"" data-start=""829"" data-end=""863"">Perfect for winter casual wear</li>
</ul>
<h3 data-section-id=""1mxmt05"" data-start=""865"" data-end=""883"">👦 Perfect For</h3>
<ul data-start=""884"" data-end=""966"">
<li data-section-id=""1997c12"" data-start=""884"" data-end=""902"">Winter outings</li>
<li data-section-id=""14ss5ez"" data-start=""903"" data-end=""924"">School &amp; playtime</li>
<li data-section-id=""h9xy4o"" data-start=""925"" data-end=""942"">Everyday wear</li>
<li data-section-id=""32utco"" data-start=""943"" data-end=""966"">Cozy indoor comfort</li>
</ul>
<h3 data-section-id=""2w2lzc"" data-start=""968"" data-end=""991"">📦 Package Includes</h3>
<ul data-start=""992"" data-end=""1035"">
<li data-section-id=""23xall"" data-start=""992"" data-end=""1012"">1 Printed Hoodie</li>
<li data-section-id=""e2fv02"" data-start=""1013"" data-end=""1035"">1 Matching Trouser</li>
</ul>
<p data-start=""1037"" data-end=""1074"" data-is-last-node="""" data-is-only-node="""">For little heroes with big dreams 🦸✨</p>",BBG FASHION,Apparel & Accessories > Clothing > Baby & Toddler Clothing,Kids Hoodie Set,Kids Winter Collection,true,Size,1-2-years,product.metafields.shopify.size,Color,blue,product.metafields.shopify.color-pattern,,,,'10717217,500.0,shopify,100,continue,manual,1399.00,0.00,true,false,,,,,'10717217,https://cdn.shopify.com/s/files/1/0618/2368/0740/files/WhatsApp_Image_2025-01-06_at_8.22.58_PM_1.jpg?v=1736251432,1,Street Racing Printed Kids Hoodie Set Copy - front view - kids wear Pakistan,false,,"Let your little hero shine with the Kids Winter Hoodie Set – We Can Be Heroes 🦸❄️ Soft warm fabric, stylish hoodie design & cozy fit for winter adventures and everyday comfort.",182,,,,,,,,,,,,,,,,,,,,blue; red; pink; silver; yellow-1; navy-1; dark-grey,,,fleece,,,,,,,1-2-years; 3-4-years; 5-6-years-1; 7-8-years; 9-10-years; 11-12-years,,,,,,,,,,https://cdn.shopify.com/s/files/1/0618/2368/0740/files/WhatsApp_Image_2025-01-06_at_8.23.02_PM.jpg?v=1736251432,kg,,,true,,,active
street-racing-printed-kids-hoodie-set-copy,,,,,,,,,1-2-years,,,red,,,,,'10717218,500.0,shopify,100,continue,manual,1399.00,0.00,true,false,,,,,'10717218,https://cdn.shopify.com/s/files/1/0618/2368/0740/files/WhatsApp_Image_2025-01-06_at_8.22.58_PM.jpg?v=1736251432,2,Street Racing Printed Kids Hoodie Set Copy - back view - kids wear Pakistan,,,,,,,,,,,,,,,,,,,,,,,,,,,,,,,,,,,,,,,,,,,,https://cdn.shopify.com/s/files/1/0618/2368/0740/files/WhatsApp_Image_2025-01-06_at_8.22.58_PM.jpg?v=1736251432,kg,,,,,,
street-racing-printed-kids-hoodie-set-copy,,,,,,,,,1-2-years,,,pink,,,,,'10717219,500.0,shopify,100,continue,manual,1399.00,0.00,true,false,,,,,'10717219,https://cdn.shopify.com/s/files/1/0618/2368/0740/files/WhatsApp_Image_2025-01-06_at_8.23.00_PM.jpg?v=1736251432,3,Street Racing Printed Kids Hoodie Set Copy - side view - kids wear Pakistan,,,,,,,,,,,,,,,,,,,,,,,,,,,,,,,,,,,,,,,,,,,,https://cdn.shopify.com/s/files/1/0618/2368/0740/files/WhatsApp_Image_2025-01-06_at_8.22.58_PM_1.jpg?v=1736251432,kg,,,,,,
street-racing-printed-kids-hoodie-set-copy,,,,,,,,,1-2-years,,,silver,,,,,'10717220,500.0,shopify,100,continue,manual,1399.00,0.00,true,false,,,,,'10717220,https://cdn.shopify.com/s/files/1/0618/2368/0740/files/WhatsApp_Image_2025-01-06_at_8.23.01_PM.jpg?v=1736251432,4,Street Racing Printed Kids Hoodie Set Copy - detail shot - kids wear Pakistan,,,,,,,,,,,,,,,,,,,,,,,,,,,,,,,,,,,,,,,,,,,,https://cdn.shopify.com/s/files/1/0618/2368/0740/files/WhatsApp_Image_2025-01-06_at_8.22.59_PM.jpg?v=1736251432,kg,,,,,,
street-racing-printed-kids-hoodie-set-copy,,,,,,,,,1-2-years,,,yellow-1,,,,,'10717221,500.0,shopify,100,continue,manual,1399.00,0.00,true,false,,,,,'10717221,https://cdn.shopify.com/s/files/1/0618/2368/0740/files/kidssizechart_e28feb53-900a-4966-81fe-20382accf994.jpg?v=1776761612,5,We Can Be Heroes Printed Kids Hoodie Set Copy size chart - measurements guide,,,,,,,,,,,,,,,,,,,,,,,,,,,,,,,,,,,,,,,,,,,,https://cdn.shopify.com/s/files/1/0618/2368/0740/files/WhatsApp_Image_2025-01-06_at_8.22.57_PM.jpg?v=1736251432,kg,,,,,,
street-racing-printed-kids-hoodie-set-copy,,,,,,,,,1-2-years,,,navy-1,,,,,'10717222,500.0,shopify,100,continue,manual,1399.00,0.00,true,false,,,,,'10717222,https://cdn.shopify.com/s/files/1/0618/2368/0740/files/WhatsApp_Image_2025-01-06_at_8.23.02_PM.jpg?v=1736251432,6,Street Racing Printed Kids Hoodie Set Copy - flat lay - kids wear Pakistan,,,,,,,,,,,,,,,,,,,,,,,,,,,,,,,,,,,,,,,,,,,,https://cdn.shopify.com/s/files/1/0618/2368/0740/files/WhatsApp_Image_2025-01-06_at_8.23.01_PM.jpg?v=1736251432,kg,,,,,,
street-racing-printed-kids-hoodie-set-copy,,,,,,,,,1-2-years,,,dark-grey,,,,,'10717223,500.0,shopify,100,continue,manual,1399.00,0.00,true,false,,,,,'10717223,https://cdn.shopify.com/s/files/1/0618/2368/0740/files/WhatsApp_Image_2025-01-06_at_8.22.57_PM.jpg?v=1736251432,7,Street Racing Printed Kids Hoodie Set Copy - lifestyle view - kids wear Pakistan,,,,,,,,,,,,,,,,,,,,,,,,,,,,,,,,,,,,,,,,,,,,https://cdn.shopify.com/s/files/1/0618/2368/0740/files/WhatsApp_Image_2025-01-06_at_8.23.00_PM.jpg?v=1736251432,kg,,,,,,
street-racing-printed-kids-hoodie-set-copy,,,,,,,,,3-4-years,,,blue,,,,,'10717224,500.0,shopify,100,continue,manual,1399.00,0.00,true,false,,,,,'10717224,https://cdn.shopify.com/s/files/1/0618/2368/0740/files/WhatsApp_Image_2025-01-06_at_8.22.59_PM.jpg?v=1736251432,8,Street Racing Printed Kids Hoodie Set Copy size chart - measurements guide,,,,,,,,,,,,,,,,,,,,,,,,,,,,,,,,,,,,,,,,,,,,https://cdn.shopify.com/s/files/1/0618/2368/0740/files/WhatsApp_Image_2025-01-06_at_8.23.02_PM.jpg?v=1736251432,kg,,,,,,
street-racing-printed-kids-hoodie-set-copy,,,,,,,,,3-4-years,,,red,,,,,'10717225,500.0,shopify,100,continue,manual,1399.00,0.00,true,false,,,,,'10717225,,,,,,,,,,,,,,,,,,,,,,,,,,,,,,,,,,,,,,,,,,,,,,,https://cdn.shopify.com/s/files/1/0618/2368/0740/files/WhatsApp_Image_2025-01-06_at_8.22.58_PM.jpg?v=1736251432,kg,,,,,,
street-racing-printed-kids-hoodie-set-copy,,,,,,,,,3-4-years,,,pink,,,,,'10717226,500.0,shopify,100,continue,manual,1399.00,0.00,true,false,,,,,'10717226,,,,,,,,,,,,,,,,,,,,,,,,,,,,,,,,,,,,,,,,,,,,,,,https://cdn.shopify.com/s/files/1/0618/2368/0740/files/WhatsApp_Image_2025-01-06_at_8.22.58_PM_1.jpg?v=1736251432,kg,,,,,,
street-racing-printed-kids-hoodie-set-copy,,,,,,,,,3-4-years,,,silver,,,,,'10717227,500.0,shopify,99,continue,manual,1399.00,0.00,true,false,,,,,'10717227,,,,,,,,,,,,,,,,,,,,,,,,,,,,,,,,,,,,,,,,,,,,,,,https://cdn.shopify.com/s/files/1/0618/2368/0740/files/WhatsApp_Image_2025-01-06_at_8.22.59_PM.jpg?v=1736251432,kg,,,,,,
street-racing-printed-kids-hoodie-set-copy,,,,,,,,,3-4-years,,,yellow-1,,,,,'10717228,500.0,shopify,100,continue,manual,1399.00,0.00,true,false,,,,,'10717228,,,,,,,,,,,,,,,,,,,,,,,,,,,,,,,,,,,,,,,,,,,,,,,https://cdn.shopify.com/s/files/1/0618/2368/0740/files/WhatsApp_Image_2025-01-06_at_8.22.57_PM.jpg?v=1736251432,kg,,,,,,
street-racing-printed-kids-hoodie-set-copy,,,,,,,,,3-4-years,,,navy-1,,,,,'10717229,500.0,shopify,100,continue,manual,1399.00,0.00,true,false,,,,,'10717229,,,,,,,,,,,,,,,,,,,,,,,,,,,,,,,,,,,,,,,,,,,,,,,https://cdn.shopify.com/s/files/1/0618/2368/0740/files/WhatsApp_Image_2025-01-06_at_8.23.01_PM.jpg?v=1736251432,kg,,,,,,
street-racing-printed-kids-hoodie-set-copy,,,,,,,,,3-4-years,,,dark-grey,,,,,'10717230,500.0,shopify,100,continue,manual,1399.00,0.00,true,false,,,,,'10717230,,,,,,,,,,,,,,,,,,,,,,,,,,,,,,,,,,,,,,,,,,,,,,,https://cdn.shopify.com/s/files/1/0618/2368/0740/files/WhatsApp_Image_2025-01-06_at_8.23.00_PM.jpg?v=1736251432,kg,,,,,,
street-racing-printed-kids-hoodie-set-copy,,,,,,,,,5-6-years-1,,,blue,,,,,'10717231,500.0,shopify,100,continue,manual,1399.00,0.00,true,false,,,,,'10717231,,,,,,,,,,,,,,,,,,,,,,,,,,,,,,,,,,,,,,,,,,,,,,,https://cdn.shopify.com/s/files/1/0618/2368/0740/files/WhatsApp_Image_2025-01-06_at_8.23.02_PM.jpg?v=1736251432,kg,,,,,,
street-racing-printed-kids-hoodie-set-copy,,,,,,,,,5-6-years-1,,,red,,,,,'10717232,500.0,shopify,100,continue,manual,1399.00,0.00,true,false,,,,,'10717232,,,,,,,,,,,,,,,,,,,,,,,,,,,,,,,,,,,,,,,,,,,,,,,https://cdn.shopify.com/s/files/1/0618/2368/0740/files/WhatsApp_Image_2025-01-06_at_8.22.58_PM.jpg?v=1736251432,kg,,,,,,
street-racing-printed-kids-hoodie-set-copy,,,,,,,,,5-6-years-1,,,pink,,,,,'10717233,500.0,shopify,100,continue,manual,1399.00,0.00,true,false,,,,,'10717233,,,,,,,,,,,,,,,,,,,,,,,,,,,,,,,,,,,,,,,,,,,,,,,https://cdn.shopify.com/s/files/1/0618/2368/0740/files/WhatsApp_Image_2025-01-06_at_8.22.58_PM_1.jpg?v=1736251432,kg,,,,,,
street-racing-printed-kids-hoodie-set-copy,,,,,,,,,5-6-years-1,,,silver,,,,,'10717234,500.0,shopify,100,continue,manual,1399.00,0.00,true,false,,,,,'10717234,,,,,,,,,,,,,,,,,,,,,,,,,,,,,,,,,,,,,,,,,,,,,,,https://cdn.shopify.com/s/files/1/0618/2368/0740/files/WhatsApp_Image_2025-01-06_at_8.22.59_PM.jpg?v=1736251432,kg,,,,,,
street-racing-printed-kids-hoodie-set-copy,,,,,,,,,5-6-years-1,,,yellow-1,,,,,'10717235,500.0,shopify,100,continue,manual,1399.00,0.00,true,false,,,,,'10717235,,,,,,,,,,,,,,,,,,,,,,,,,,,,,,,,,,,,,,,,,,,,,,,https://cdn.shopify.com/s/files/1/0618/2368/0740/files/WhatsApp_Image_2025-01-06_at_8.22.57_PM.jpg?v=1736251432,kg,,,,,,
street-racing-printed-kids-hoodie-set-copy,,,,,,,,,5-6-years-1,,,navy-1,,,,,'10717236,500.0,shopify,100,continue,manual,1399.00,0.00,true,false,,,,,'10717236,,,,,,,,,,,,,,,,,,,,,,,,,,,,,,,,,,,,,,,,,,,,,,,https://cdn.shopify.com/s/files/1/0618/2368/0740/files/WhatsApp_Image_2025-01-06_at_8.23.01_PM.jpg?v=1736251432,kg,,,,,,
street-racing-printed-kids-hoodie-set-copy,,,,,,,,,5-6-years-1,,,dark-grey,,,,,'10717237,500.0,shopify,100,continue,manual,1399.00,0.00,true,false,,,,,'10717237,,,,,,,,,,,,,,,,,,,,,,,,,,,,,,,,,,,,,,,,,,,,,,,https://cdn.shopify.com/s/files/1/0618/2368/0740/files/WhatsApp_Image_2025-01-06_at_8.23.00_PM.jpg?v=1736251432,kg,,,,,,
street-racing-printed-kids-hoodie-set-copy,,,,,,,,,7-8-years,,,blue,,,,,'10717238,500.0,shopify,100,continue,manual,1399.00,0.00,true,false,,,,,'10717238,,,,,,,,,,,,,,,,,,,,,,,,,,,,,,,,,,,,,,,,,,,,,,,https://cdn.shopify.com/s/files/1/0618/2368/0740/files/WhatsApp_Image_2025-01-06_at_8.23.02_PM.jpg?v=1736251432,kg,,,,,,
street-racing-printed-kids-hoodie-set-copy,,,,,,,,,7-8-years,,,red,,,,,'10717239,500.0,shopify,100,continue,manual,1399.00,0.00,true,false,,,,,'10717239,,,,,,,,,,,,,,,,,,,,,,,,,,,,,,,,,,,,,,,,,,,,,,,https://cdn.shopify.com/s/files/1/0618/2368/0740/files/WhatsApp_Image_2025-01-06_at_8.22.58_PM.jpg?v=1736251432,kg,,,,,,
street-racing-printed-kids-hoodie-set-copy,,,,,,,,,7-8-years,,,pink,,,,,'10717240,500.0,shopify,100,continue,manual,1399.00,0.00,true,false,,,,,'10717240,,,,,,,,,,,,,,,,,,,,,,,,,,,,,,,,,,,,,,,,,,,,,,,https://cdn.shopify.com/s/files/1/0618/2368/0740/files/WhatsApp_Image_2025-01-06_at_8.22.58_PM_1.jpg?v=1736251432,kg,,,,,,
street-racing-printed-kids-hoodie-set-copy,,,,,,,,,7-8-years,,,silver,,,,,'10717241,500.0,shopify,100,continue,manual,1399.00,0.00,true,false,,,,,'10717241,,,,,,,,,,,,,,,,,,,,,,,,,,,,,,,,,,,,,,,,,,,,,,,https://cdn.shopify.com/s/files/1/0618/2368/0740/files/WhatsApp_Image_2025-01-06_at_8.22.59_PM.jpg?v=1736251432,kg,,,,,,
street-racing-printed-kids-hoodie-set-copy,,,,,,,,,7-8-years,,,yellow-1,,,,,'10717242,500.0,shopify,100,continue,manual,1399.00,0.00,true,false,,,,,'10717242,,,,,,,,,,,,,,,,,,,,,,,,,,,,,,,,,,,,,,,,,,,,,,,https://cdn.shopify.com/s/files/1/0618/2368/0740/files/WhatsApp_Image_2025-01-06_at_8.22.57_PM.jpg?v=1736251432,kg,,,,,,
street-racing-printed-kids-hoodie-set-copy,,,,,,,,,7-8-years,,,navy-1,,,,,'10717243,500.0,shopify,100,continue,manual,1399.00,0.00,true,false,,,,,'10717243,,,,,,,,,,,,,,,,,,,,,,,,,,,,,,,,,,,,,,,,,,,,,,,https://cdn.shopify.com/s/files/1/0618/2368/0740/files/WhatsApp_Image_2025-01-06_at_8.23.01_PM.jpg?v=1736251432,kg,,,,,,
street-racing-printed-kids-hoodie-set-copy,,,,,,,,,7-8-years,,,dark-grey,,,,,'10717244,500.0,shopify,100,continue,manual,1399.00,0.00,true,false,,,,,'10717244,,,,,,,,,,,,,,,,,,,,,,,,,,,,,,,,,,,,,,,,,,,,,,,https://cdn.shopify.com/s/files/1/0618/2368/0740/files/WhatsApp_Image_2025-01-06_at_8.23.00_PM.jpg?v=1736251432,kg,,,,,,
street-racing-printed-kids-hoodie-set-copy,,,,,,,,,9-10-years,,,blue,,,,,'10717245,500.0,shopify,100,continue,manual,1399.00,0.00,true,false,,,,,'10717245,,,,,,,,,,,,,,,,,,,,,,,,,,,,,,,,,,,,,,,,,,,,,,,https://cdn.shopify.com/s/files/1/0618/2368/0740/files/WhatsApp_Image_2025-01-06_at_8.23.02_PM.jpg?v=1736251432,kg,,,,,,
street-racing-printed-kids-hoodie-set-copy,,,,,,,,,9-10-years,,,red,,,,,'10717246,500.0,shopify,100,continue,manual,1399.00,0.00,true,false,,,,,'10717246,,,,,,,,,,,,,,,,,,,,,,,,,,,,,,,,,,,,,,,,,,,,,,,https://cdn.shopify.com/s/files/1/0618/2368/0740/files/WhatsApp_Image_2025-01-06_at_8.22.58_PM.jpg?v=1736251432,kg,,,,,,
street-racing-printed-kids-hoodie-set-copy,,,,,,,,,9-10-years,,,pink,,,,,'10717247,500.0,shopify,100,continue,manual,1399.00,0.00,true,false,,,,,'10717247,,,,,,,,,,,,,,,,,,,,,,,,,,,,,,,,,,,,,,,,,,,,,,,https://cdn.shopify.com/s/files/1/0618/2368/0740/files/WhatsApp_Image_2025-01-06_at_8.22.58_PM_1.jpg?v=1736251432,kg,,,,,,
street-racing-printed-kids-hoodie-set-copy,,,,,,,,,9-10-years,,,silver,,,,,'10717248,500.0,shopify,100,continue,manual,1399.00,0.00,true,false,,,,,'10717248,,,,,,,,,,,,,,,,,,,,,,,,,,,,,,,,,,,,,,,,,,,,,,,https://cdn.shopify.com/s/files/1/0618/2368/0740/files/WhatsApp_Image_2025-01-06_at_8.22.59_PM.jpg?v=1736251432,kg,,,,,,
street-racing-printed-kids-hoodie-set-copy,,,,,,,,,9-10-years,,,yellow-1,,,,,'10717249,500.0,shopify,100,continue,manual,1399.00,0.00,true,false,,,,,'10717249,,,,,,,,,,,,,,,,,,,,,,,,,,,,,,,,,,,,,,,,,,,,,,,https://cdn.shopify.com/s/files/1/0618/2368/0740/files/WhatsApp_Image_2025-01-06_at_8.22.57_PM.jpg?v=1736251432,kg,,,,,,
street-racing-printed-kids-hoodie-set-copy,,,,,,,,,9-10-years,,,navy-1,,,,,'10717250,500.0,shopify,100,continue,manual,1399.00,0.00,true,false,,,,,'10717250,,,,,,,,,,,,,,,,,,,,,,,,,,,,,,,,,,,,,,,,,,,,,,,https://cdn.shopify.com/s/files/1/0618/2368/0740/files/WhatsApp_Image_2025-01-06_at_8.23.01_PM.jpg?v=1736251432,kg,,,,,,
street-racing-printed-kids-hoodie-set-copy,,,,,,,,,9-10-years,,,dark-grey,,,,,'10717251,500.0,shopify,100,continue,manual,1399.00,0.00,true,false,,,,,'10717251,,,,,,,,,,,,,,,,,,,,,,,,,,,,,,,,,,,,,,,,,,,,,,,https://cdn.shopify.com/s/files/1/0618/2368/0740/files/WhatsApp_Image_2025-01-06_at_8.23.00_PM.jpg?v=1736251432,kg,,,,,,
street-racing-printed-kids-hoodie-set-copy,,,,,,,,,11-12-years,,,blue,,,,,'10717252,500.0,shopify,100,continue,manual,1399.00,0.00,true,false,,,,,'10717252,,,,,,,,,,,,,,,,,,,,,,,,,,,,,,,,,,,,,,,,,,,,,,,https://cdn.shopify.com/s/files/1/0618/2368/0740/files/WhatsApp_Image_2025-01-06_at_8.23.02_PM.jpg?v=1736251432,kg,,,,,,
street-racing-printed-kids-hoodie-set-copy,,,,,,,,,11-12-years,,,red,,,,,'10717253,500.0,shopify,99,continue,manual,1399.00,0.00,true,false,,,,,'10717253,,,,,,,,,,,,,,,,,,,,,,,,,,,,,,,,,,,,,,,,,,,,,,,https://cdn.shopify.com/s/files/1/0618/2368/0740/files/WhatsApp_Image_2025-01-06_at_8.22.58_PM.jpg?v=1736251432,kg,,,,,,
street-racing-printed-kids-hoodie-set-copy,,,,,,,,,11-12-years,,,pink,,,,,'10717254,500.0,shopify,100,continue,manual,1399.00,0.00,true,false,,,,,'10717254,,,,,,,,,,,,,,,,,,,,,,,,,,,,,,,,,,,,,,,,,,,,,,,https://cdn.shopify.com/s/files/1/0618/2368/0740/files/WhatsApp_Image_2025-01-06_at_8.22.58_PM_1.jpg?v=1736251432,kg,,,,,,
street-racing-printed-kids-hoodie-set-copy,,,,,,,,,11-12-years,,,silver,,,,,'10717255,500.0,shopify,100,continue,manual,1399.00,0.00,true,false,,,,,'10717255,,,,,,,,,,,,,,,,,,,,,,,,,,,,,,,,,,,,,,,,,,,,,,,https://cdn.shopify.com/s/files/1/0618/2368/0740/files/WhatsApp_Image_2025-01-06_at_8.22.59_PM.jpg?v=1736251432,kg,,,,,,
street-racing-printed-kids-hoodie-set-copy,,,,,,,,,11-12-years,,,yellow-1,,,,,'10717256,500.0,shopify,100,continue,manual,1399.00,0.00,true,false,,,,,'10717256,,,,,,,,,,,,,,,,,,,,,,,,,,,,,,,,,,,,,,,,,,,,,,,https://cdn.shopify.com/s/files/1/0618/2368/0740/files/WhatsApp_Image_2025-01-06_at_8.22.57_PM.jpg?v=1736251432,kg,,,,,,
street-racing-printed-kids-hoodie-set-copy,,,,,,,,,11-12-years,,,navy-1,,,,,'10717257,500.0,shopify,100,continue,manual,1399.00,0.00,true,false,,,,,'10717257,,,,,,,,,,,,,,,,,,,,,,,,,,,,,,,,,,,,,,,,,,,,,,,https://cdn.shopify.com/s/files/1/0618/2368/0740/files/WhatsApp_Image_2025-01-06_at_8.23.01_PM.jpg?v=1736251432,kg,,,,,,
street-racing-printed-kids-hoodie-set-copy,,,,,,,,,11-12-years,,,dark-grey,,,,,'10707005,500.0,shopify,100,continue,manual,1399.00,0.00,true,false,,,,,'10707005,,,,,,,,,,,,,,,,,,,,,,,,,,,,,,,,,,,,,,,,,,,,,,,https://cdn.shopify.com/s/files/1/0618/2368/0740/files/WhatsApp_Image_2025-01-06_at_8.23.00_PM.jpg?v=1736251432,kg,,,,,,
snoopy-printed-kids-hoodie-set-copy,Kids Winter Hoodie Set | Street Racing Printed,"<h4><strong><span data-sheets-root=""1"">Kids Winter Hoodie Set | Street Racing Printed<br><br></span></strong></h4>
<p data-start=""208"" data-end=""444"">Designed with a dynamic racing-inspired print, this outfit brings a cool and adventurous vibe that young car lovers will enjoy.</p>
<p data-start=""446"" data-end=""724"">Made from soft, premium fleece fabric, the hoodie keeps your little one warm and comfortable during chilly days, while the matching jogger pants provide a relaxed fit for easy movement. Whether it’s school, playtime, or outdoor fun, this set is built for both comfort and style.</p>
<p data-start=""726"" data-end=""845"">The street racing design adds a bold and energetic look, making it a perfect choice for kids who love action and speed.</p>
<p data-start=""847"" data-end=""862"">✨ <strong data-start=""849"" data-end=""862"">Features:</strong></p>
<ul data-start=""863"" data-end=""1094"">
<li data-section-id=""m2jogh"" data-start=""863"" data-end=""906"">Soft fleece fabric for warmth &amp; comfort</li>
<li data-section-id=""s343fz"" data-start=""907"" data-end=""956"">Eye-catching street racing printed design 🏎️</li>
<li data-section-id=""gklsta"" data-start=""957"" data-end=""995"">Cozy hoodie with soft inner lining</li>
<li data-section-id=""1qd8zxj"" data-start=""996"" data-end=""1044"">Matching jogger pants with elastic waistband</li>
<li data-section-id=""9bnese"" data-start=""1045"" data-end=""1094"">Ideal for daily wear, school &amp; winter outings</li>
</ul>
<p data-start=""1096"" data-end=""1165"">Let your kids stay <strong data-start=""1115"" data-end=""1152"">warm, stylish, and full of energy</strong> this winter!</p>
<h4><strong><span data-sheets-root=""1""><br></span></strong></h4>",BBG FASHION,Apparel & Accessories > Clothing > Baby & Toddler Clothing,Kids Hoodie Set,Kids Winter Collection,true,Size,1 - 2 Years,,Color,blue,product.metafields.shopify.color-pattern,,,,'10717176,500.0,shopify,200,continue,manual,1399.00,0.00,true,false,,,,,'10717176,https://cdn.shopify.com/s/files/1/0618/2368/0740/files/WhatsApp_Image_2025-01-06_at_8.20.46_PM.jpg?v=1736251167,1,Snoopy Printed Kids Hoodie Set Copy - close-up detail - kids wear Pakistan,false,,"Shop Kids Winter Hoodie Set Street Racing Printed in soft fleece. Warm, stylish & sporty winter outfit for kids. Perfect everyday wear in Pakistan. Order now!",182,,,,,,,,,,,,,,,,,,,,blue; red; pink; silver; yellow-1; navy-1; dark-grey,,,fleece,,,,,,,,,,,,,,,,,https://cdn.shopify.com/s/files/1/0618/2368/0740/files/WhatsApp_Image_2025-01-06_at_8.20.48_PM.jpg?v=1736251167,kg,,,true,,,active
snoopy-printed-kids-hoodie-set-copy,,,,,,,,,1 - 2 Years,,,red,,,,,'10717177,500.0,shopify,200,continue,manual,1399.00,0.00,true,false,,,,,'10717177,https://cdn.shopify.com/s/files/1/0618/2368/0740/files/WhatsApp_Image_2025-01-06_at_8.20.45_PM_1.jpg?v=1736251167,2,Snoopy Printed Kids Hoodie Set Copy - front view - kids wear Pakistan,,,,,,,,,,,,,,,,,,,,,,,,,,,,,,,,,,,,,,,,,,,,https://cdn.shopify.com/s/files/1/0618/2368/0740/files/WhatsApp_Image_2025-01-06_at_8.20.45_PM_1.jpg?v=1736251167,kg,,,,,,
snoopy-printed-kids-hoodie-set-copy,,,,,,,,,1 - 2 Years,,,pink,,,,,'10717178,500.0,shopify,200,continue,manual,1399.00,0.00,true,false,,,,,'10717178,https://cdn.shopify.com/s/files/1/0618/2368/0740/files/WhatsApp_Image_2025-01-06_at_8.20.45_PM.jpg?v=1736251167,3,Snoopy Printed Kids Hoodie Set Copy - back view - kids wear Pakistan,,,,,,,,,,,,,,,,,,,,,,,,,,,,,,,,,,,,,,,,,,,,https://cdn.shopify.com/s/files/1/0618/2368/0740/files/WhatsApp_Image_2025-01-06_at_8.20.46_PM.jpg?v=1736251167,kg,,,,,,
snoopy-printed-kids-hoodie-set-copy,,,,,,,,,1 - 2 Years,,,silver,,,,,'10717179,500.0,shopify,200,continue,manual,1399.00,0.00,true,false,,,,,'10717179,https://cdn.shopify.com/s/files/1/0618/2368/0740/files/WhatsApp_Image_2025-01-06_at_8.20.46_PM_1.jpg?v=1736251167,4,Snoopy Printed Kids Hoodie Set Copy - side view - kids wear Pakistan,,,,,,,,,,,,,,,,,,,,,,,,,,,,,,,,,,,,,,,,,,,,https://cdn.shopify.com/s/files/1/0618/2368/0740/files/WhatsApp_Image_2025-01-06_at_8.20.46_PM_1.jpg?v=1736251167,kg,,,,,,
snoopy-printed-kids-hoodie-set-copy,,,,,,,,,1 - 2 Years,,,yellow-1,,,,,'10717180,500.0,shopify,200,continue,manual,1399.00,0.00,true,false,,,,,'10717180,https://cdn.shopify.com/s/files/1/0618/2368/0740/files/WhatsApp_Image_2025-01-06_at_8.20.47_PM_1.jpg?v=1736251167,5,Snoopy Printed Kids Hoodie Set Copy - flat lay - kids wear Pakistan,,,,,,,,,,,,,,,,,,,,,,,,,,,,,,,,,,,,,,,,,,,,https://cdn.shopify.com/s/files/1/0618/2368/0740/files/WhatsApp_Image_2025-01-06_at_8.20.45_PM.jpg?v=1736251167,kg,,,,,,
snoopy-printed-kids-hoodie-set-copy,,,,,,,,,1 - 2 Years,,,navy-1,,,,,'10717181,500.0,shopify,200,continue,manual,1399.00,0.00,true,false,,,,,'10717181,https://cdn.shopify.com/s/files/1/0618/2368/0740/files/WhatsApp_Image_2025-01-06_at_8.20.47_PM.jpg?v=1736251167,6,Snoopy Printed Kids Hoodie Set Copy - lifestyle view - kids wear Pakistan,,,,,,,,,,,,,,,,,,,,,,,,,,,,,,,,,,,,,,,,,,,,https://cdn.shopify.com/s/files/1/0618/2368/0740/files/WhatsApp_Image_2025-01-06_at_8.20.47_PM_1.jpg?v=1736251167,kg,,,,,,
snoopy-printed-kids-hoodie-set-copy,,,,,,,,,1 - 2 Years,,,dark-grey,,,,,'10717182,500.0,shopify,200,continue,manual,1399.00,0.00,true,false,,,,,'10717182,https://cdn.shopify.com/s/files/1/0618/2368/0740/files/WhatsApp_Image_2025-01-06_at_8.20.48_PM.jpg?v=1736251167,7,Snoopy Printed Kids Hoodie Set Copy size chart - measurements guide,,,,,,,,,,,,,,,,,,,,,,,,,,,,,,,,,,,,,,,,,,,,https://cdn.shopify.com/s/files/1/0618/2368/0740/files/WhatsApp_Image_2025-01-06_at_8.20.47_PM.jpg?v=1736251167,kg,,,,,,
snoopy-printed-kids-hoodie-set-copy,,,,,,,,,3 - 4 Years,,,blue,,,,,'10717183,500.0,shopify,200,continue,manual,1399.00,0.00,true,false,,,,,'10717183,https://cdn.shopify.com/s/files/1/0618/2368/0740/files/kidssizechart_e28feb53-900a-4966-81fe-20382accf994.jpg?v=1776761612,8,We Can Be Heroes Printed Kids Hoodie Set Copy size chart - measurements guide,,,,,,,,,,,,,,,,,,,,,,,,,,,,,,,,,,,,,,,,,,,,https://cdn.shopify.com/s/files/1/0618/2368/0740/files/WhatsApp_Image_2025-01-06_at_8.20.48_PM.jpg?v=1736251167,kg,,,,,,
snoopy-printed-kids-hoodie-set-copy,,,,,,,,,3 - 4 Years,,,red,,,,,'10717184,500.0,shopify,200,continue,manual,1399.00,0.00,true,false,,,,,'10717184,,,,,,,,,,,,,,,,,,,,,,,,,,,,,,,,,,,,,,,,,,,,,,,https://cdn.shopify.com/s/files/1/0618/2368/0740/files/WhatsApp_Image_2025-01-06_at_8.20.45_PM_1.jpg?v=1736251167,kg,,,,,,
snoopy-printed-kids-hoodie-set-copy,,,,,,,,,3 - 4 Years,,,pink,,,,,'10717185,500.0,shopify,200,continue,manual,1399.00,0.00,true,false,,,,,'10717185,,,,,,,,,,,,,,,,,,,,,,,,,,,,,,,,,,,,,,,,,,,,,,,https://cdn.shopify.com/s/files/1/0618/2368/0740/files/WhatsApp_Image_2025-01-06_at_8.20.46_PM.jpg?v=1736251167,kg,,,,,,
snoopy-printed-kids-hoodie-set-copy,,,,,,,,,3 - 4 Years,,,silver,,,,,'10717186,500.0,shopify,200,continue,manual,1399.00,0.00,true,false,,,,,'10717186,,,,,,,,,,,,,,,,,,,,,,,,,,,,,,,,,,,,,,,,,,,,,,,https://cdn.shopify.com/s/files/1/0618/2368/0740/files/WhatsApp_Image_2025-01-06_at_8.20.46_PM_1.jpg?v=1736251167,kg,,,,,,
snoopy-printed-kids-hoodie-set-copy,,,,,,,,,3 - 4 Years,,,yellow-1,,,,,'10717187,500.0,shopify,200,continue,manual,1399.00,0.00,true,false,,,,,'10717187,,,,,,,,,,,,,,,,,,,,,,,,,,,,,,,,,,,,,,,,,,,,,,,https://cdn.shopify.com/s/files/1/0618/2368/0740/files/WhatsApp_Image_2025-01-06_at_8.20.45_PM.jpg?v=1736251167,kg,,,,,,
snoopy-printed-kids-hoodie-set-copy,,,,,,,,,3 - 4 Years,,,navy-1,,,,,'10717188,500.0,shopify,200,continue,manual,1399.00,0.00,true,false,,,,,'10717188,,,,,,,,,,,,,,,,,,,,,,,,,,,,,,,,,,,,,,,,,,,,,,,https://cdn.shopify.com/s/files/1/0618/2368/0740/files/WhatsApp_Image_2025-01-06_at_8.20.47_PM_1.jpg?v=1736251167,kg,,,,,,
snoopy-printed-kids-hoodie-set-copy,,,,,,,,,3 - 4 Years,,,dark-grey,,,,,'10717189,500.0,shopify,200,continue,manual,1399.00,0.00,true,false,,,,,'10717189,,,,,,,,,,,,,,,,,,,,,,,,,,,,,,,,,,,,,,,,,,,,,,,https://cdn.shopify.com/s/files/1/0618/2368/0740/files/WhatsApp_Image_2025-01-06_at_8.20.47_PM.jpg?v=1736251167,kg,,,,,,
snoopy-printed-kids-hoodie-set-copy,,,,,,,,,5 - 6 Years,,,blue,,,,,'10717190,500.0,shopify,200,continue,manual,1399.00,0.00,true,false,,,,,'10717190,,,,,,,,,,,,,,,,,,,,,,,,,,,,,,,,,,,,,,,,,,,,,,,https://cdn.shopify.com/s/files/1/0618/2368/0740/files/WhatsApp_Image_2025-01-06_at_8.20.48_PM.jpg?v=1736251167,kg,,,,,,
snoopy-printed-kids-hoodie-set-copy,,,,,,,,,5 - 6 Years,,,red,,,,,'10717191,500.0,shopify,200,continue,manual,1399.00,0.00,true,false,,,,,'10717191,,,,,,,,,,,,,,,,,,,,,,,,,,,,,,,,,,,,,,,,,,,,,,,https://cdn.shopify.com/s/files/1/0618/2368/0740/files/WhatsApp_Image_2025-01-06_at_8.20.45_PM_1.jpg?v=1736251167,kg,,,,,,
snoopy-printed-kids-hoodie-set-copy,,,,,,,,,5 - 6 Years,,,pink,,,,,'10717192,500.0,shopify,200,continue,manual,1399.00,0.00,true,false,,,,,'10717192,,,,,,,,,,,,,,,,,,,,,,,,,,,,,,,,,,,,,,,,,,,,,,,https://cdn.shopify.com/s/files/1/0618/2368/0740/files/WhatsApp_Image_2025-01-06_at_8.20.46_PM.jpg?v=1736251167,kg,,,,,,
snoopy-printed-kids-hoodie-set-copy,,,,,,,,,5 - 6 Years,,,silver,,,,,'10717193,500.0,shopify,200,continue,manual,1399.00,0.00,true,false,,,,,'10717193,,,,,,,,,,,,,,,,,,,,,,,,,,,,,,,,,,,,,,,,,,,,,,,https://cdn.shopify.com/s/files/1/0618/2368/0740/files/WhatsApp_Image_2025-01-06_at_8.20.46_PM_1.jpg?v=1736251167,kg,,,,,,
snoopy-printed-kids-hoodie-set-copy,,,,,,,,,5 - 6 Years,,,yellow-1,,,,,'10717194,500.0,shopify,200,continue,manual,1399.00,0.00,true,false,,,,,'10717194,,,,,,,,,,,,,,,,,,,,,,,,,,,,,,,,,,,,,,,,,,,,,,,https://cdn.shopify.com/s/files/1/0618/2368/0740/files/WhatsApp_Image_2025-01-06_at_8.20.45_PM.jpg?v=1736251167,kg,,,,,,
snoopy-printed-kids-hoodie-set-copy,,,,,,,,,5 - 6 Years,,,navy-1,,,,,'10717195,500.0,shopify,200,continue,manual,1399.00,0.00,true,false,,,,,'10717195,,,,,,,,,,,,,,,,,,,,,,,,,,,,,,,,,,,,,,,,,,,,,,,https://cdn.shopify.com/s/files/1/0618/2368/0740/files/WhatsApp_Image_2025-01-06_at_8.20.47_PM_1.jpg?v=1736251167,kg,,,,,,
snoopy-printed-kids-hoodie-set-copy,,,,,,,,,5 - 6 Years,,,dark-grey,,,,,'10717196,500.0,shopify,200,continue,manual,1399.00,0.00,true,false,,,,,'10717196,,,,,,,,,,,,,,,,,,,,,,,,,,,,,,,,,,,,,,,,,,,,,,,https://cdn.shopify.com/s/files/1/0618/2368/0740/files/WhatsApp_Image_2025-01-06_at_8.20.47_PM.jpg?v=1736251167,kg,,,,,,
snoopy-printed-kids-hoodie-set-copy,,,,,,,,,7 - 8 Years,,,blue,,,,,'10717197,500.0,shopify,200,continue,manual,1399.00,0.00,true,false,,,,,'10717197,,,,,,,,,,,,,,,,,,,,,,,,,,,,,,,,,,,,,,,,,,,,,,,https://cdn.shopify.com/s/files/1/0618/2368/0740/files/WhatsApp_Image_2025-01-06_at_8.20.48_PM.jpg?v=1736251167,kg,,,,,,
snoopy-printed-kids-hoodie-set-copy,,,,,,,,,7 - 8 Years,,,red,,,,,'10717198,500.0,shopify,200,continue,manual,1399.00,0.00,true,false,,,,,'10717198,,,,,,,,,,,,,,,,,,,,,,,,,,,,,,,,,,,,,,,,,,,,,,,https://cdn.shopify.com/s/files/1/0618/2368/0740/files/WhatsApp_Image_2025-01-06_at_8.20.45_PM_1.jpg?v=1736251167,kg,,,,,,
snoopy-printed-kids-hoodie-set-copy,,,,,,,,,7 - 8 Years,,,pink,,,,,'10717199,500.0,shopify,200,continue,manual,1399.00,0.00,true,false,,,,,'10717199,,,,,,,,,,,,,,,,,,,,,,,,,,,,,,,,,,,,,,,,,,,,,,,https://cdn.shopify.com/s/files/1/0618/2368/0740/files/WhatsApp_Image_2025-01-06_at_8.20.46_PM.jpg?v=1736251167,kg,,,,,,
snoopy-printed-kids-hoodie-set-copy,,,,,,,,,7 - 8 Years,,,silver,,,,,'10717200,500.0,shopify,200,continue,manual,1399.00,0.00,true,false,,,,,'10717200,,,,,,,,,,,,,,,,,,,,,,,,,,,,,,,,,,,,,,,,,,,,,,,https://cdn.shopify.com/s/files/1/0618/2368/0740/files/WhatsApp_Image_2025-01-06_at_8.20.46_PM_1.jpg?v=1736251167,kg,,,,,,
snoopy-printed-kids-hoodie-set-copy,,,,,,,,,7 - 8 Years,,,yellow-1,,,,,'10717201,500.0,shopify,200,continue,manual,1399.00,0.00,true,false,,,,,'10717201,,,,,,,,,,,,,,,,,,,,,,,,,,,,,,,,,,,,,,,,,,,,,,,https://cdn.shopify.com/s/files/1/0618/2368/0740/files/WhatsApp_Image_2025-01-06_at_8.20.45_PM.jpg?v=1736251167,kg,,,,,,
snoopy-printed-kids-hoodie-set-copy,,,,,,,,,7 - 8 Years,,,navy-1,,,,,'10717202,500.0,shopify,200,continue,manual,1399.00,0.00,true,false,,,,,'10717202,,,,,,,,,,,,,,,,,,,,,,,,,,,,,,,,,,,,,,,,,,,,,,,https://cdn.shopify.com/s/files/1/0618/2368/0740/files/WhatsApp_Image_2025-01-06_at_8.20.47_PM_1.jpg?v=1736251167,kg,,,,,,
snoopy-printed-kids-hoodie-set-copy,,,,,,,,,7 - 8 Years,,,dark-grey,,,,,'10717203,500.0,shopify,200,continue,manual,1399.00,0.00,true,false,,,,,'10717203,,,,,,,,,,,,,,,,,,,,,,,,,,,,,,,,,,,,,,,,,,,,,,,https://cdn.shopify.com/s/files/1/0618/2368/0740/files/WhatsApp_Image_2025-01-06_at_8.20.47_PM.jpg?v=1736251167,kg,,,,,,
snoopy-printed-kids-hoodie-set-copy,,,,,,,,,9 - 10 Years,,,blue,,,,,'10717204,500.0,shopify,200,continue,manual,1399.00,0.00,true,false,,,,,'10717204,,,,,,,,,,,,,,,,,,,,,,,,,,,,,,,,,,,,,,,,,,,,,,,https://cdn.shopify.com/s/files/1/0618/2368/0740/files/WhatsApp_Image_2025-01-06_at_8.20.48_PM.jpg?v=1736251167,kg,,,,,,
snoopy-printed-kids-hoodie-set-copy,,,,,,,,,9 - 10 Years,,,red,,,,,'10717205,500.0,shopify,200,continue,manual,1399.00,0.00,true,false,,,,,'10717205,,,,,,,,,,,,,,,,,,,,,,,,,,,,,,,,,,,,,,,,,,,,,,,https://cdn.shopify.com/s/files/1/0618/2368/0740/files/WhatsApp_Image_2025-01-06_at_8.20.45_PM_1.jpg?v=1736251167,kg,,,,,,
snoopy-printed-kids-hoodie-set-copy,,,,,,,,,9 - 10 Years,,,pink,,,,,'10717206,500.0,shopify,200,continue,manual,1399.00,0.00,true,false,,,,,'10717206,,,,,,,,,,,,,,,,,,,,,,,,,,,,,,,,,,,,,,,,,,,,,,,https://cdn.shopify.com/s/files/1/0618/2368/0740/files/WhatsApp_Image_2025-01-06_at_8.20.46_PM.jpg?v=1736251167,kg,,,,,,
snoopy-printed-kids-hoodie-set-copy,,,,,,,,,9 - 10 Years,,,silver,,,,,'10717207,500.0,shopify,200,continue,manual,1399.00,0.00,true,false,,,,,'10717207,,,,,,,,,,,,,,,,,,,,,,,,,,,,,,,,,,,,,,,,,,,,,,,https://cdn.shopify.com/s/files/1/0618/2368/0740/files/WhatsApp_Image_2025-01-06_at_8.20.46_PM_1.jpg?v=1736251167,kg,,,,,,
snoopy-printed-kids-hoodie-set-copy,,,,,,,,,9 - 10 Years,,,yellow-1,,,,,'10717208,500.0,shopify,200,continue,manual,1399.00,0.00,true,false,,,,,'10717208,,,,,,,,,,,,,,,,,,,,,,,,,,,,,,,,,,,,,,,,,,,,,,,https://cdn.shopify.com/s/files/1/0618/2368/0740/files/WhatsApp_Image_2025-01-06_at_8.20.45_PM.jpg?v=1736251167,kg,,,,,,
snoopy-printed-kids-hoodie-set-copy,,,,,,,,,9 - 10 Years,,,navy-1,,,,,'10717209,500.0,shopify,200,continue,manual,1399.00,0.00,true,false,,,,,'10717209,,,,,,,,,,,,,,,,,,,,,,,,,,,,,,,,,,,,,,,,,,,,,,,https://cdn.shopify.com/s/files/1/0618/2368/0740/files/WhatsApp_Image_2025-01-06_at_8.20.47_PM_1.jpg?v=1736251167,kg,,,,,,
snoopy-printed-kids-hoodie-set-copy,,,,,,,,,9 - 10 Years,,,dark-grey,,,,,'10717210,500.0,shopify,200,continue,manual,1399.00,0.00,true,false,,,,,'10717210,,,,,,,,,,,,,,,,,,,,,,,,,,,,,,,,,,,,,,,,,,,,,,,https://cdn.shopify.com/s/files/1/0618/2368/0740/files/WhatsApp_Image_2025-01-06_at_8.20.47_PM.jpg?v=1736251167,kg,,,,,,
snoopy-printed-kids-hoodie-set-copy,,,,,,,,,11 - 12 Years,,,blue,,,,,'10717211,500.0,shopify,200,continue,manual,1399.00,0.00,true,false,,,,,'10717211,,,,,,,,,,,,,,,,,,,,,,,,,,,,,,,,,,,,,,,,,,,,,,,https://cdn.shopify.com/s/files/1/0618/2368/0740/files/WhatsApp_Image_2025-01-06_at_8.20.48_PM.jpg?v=1736251167,kg,,,,,,
snoopy-printed-kids-hoodie-set-copy,,,,,,,,,11 - 12 Years,,,red,,,,,'10717212,500.0,shopify,200,continue,manual,1399.00,0.00,true,false,,,,,'10717212,,,,,,,,,,,,,,,,,,,,,,,,,,,,,,,,,,,,,,,,,,,,,,,https://cdn.shopify.com/s/files/1/0618/2368/0740/files/WhatsApp_Image_2025-01-06_at_8.20.45_PM_1.jpg?v=1736251167,kg,,,,,,
snoopy-printed-kids-hoodie-set-copy,,,,,,,,,11 - 12 Years,,,pink,,,,,'10717213,500.0,shopify,200,continue,manual,1399.00,0.00,true,false,,,,,'10717213,,,,,,,,,,,,,,,,,,,,,,,,,,,,,,,,,,,,,,,,,,,,,,,https://cdn.shopify.com/s/files/1/0618/2368/0740/files/WhatsApp_Image_2025-01-06_at_8.20.46_PM.jpg?v=1736251167,kg,,,,,,
snoopy-printed-kids-hoodie-set-copy,,,,,,,,,11 - 12 Years,,,silver,,,,,'10717214,500.0,shopify,200,continue,manual,1399.00,0.00,true,false,,,,,'10717214,,,,,,,,,,,,,,,,,,,,,,,,,,,,,,,,,,,,,,,,,,,,,,,https://cdn.shopify.com/s/files/1/0618/2368/0740/files/WhatsApp_Image_2025-01-06_at_8.20.46_PM_1.jpg?v=1736251167,kg,,,,,,
snoopy-printed-kids-hoodie-set-copy,,,,,,,,,11 - 12 Years,,,yellow-1,,,,,'10717215,500.0,shopify,200,continue,manual,1399.00,0.00,true,false,,,,,'10717215,,,,,,,,,,,,,,,,,,,,,,,,,,,,,,,,,,,,,,,,,,,,,,,https://cdn.shopify.com/s/files/1/0618/2368/0740/files/WhatsApp_Image_2025-01-06_at_8.20.45_PM.jpg?v=1736251167,kg,,,,,,
snoopy-printed-kids-hoodie-set-copy,,,,,,,,,11 - 12 Years,,,navy-1,,,,,'10717216,500.0,shopify,200,continue,manual,1399.00,0.00,true,false,,,,,'10717216,,,,,,,,,,,,,,,,,,,,,,,,,,,,,,,,,,,,,,,,,,,,,,,https://cdn.shopify.com/s/files/1/0618/2368/0740/files/WhatsApp_Image_2025-01-06_at_8.20.47_PM_1.jpg?v=1736251167,kg,,,,,,
snoopy-printed-kids-hoodie-set-copy,,,,,,,,,11 - 12 Years,,,dark-grey,,,,,'10707004,500.0,shopify,200,continue,manual,1399.00,0.00,true,false,,,,,'10707004,,,,,,,,,,,,,,,,,,,,,,,,,,,,,,,,,,,,,,,,,,,,,,,https://cdn.shopify.com/s/files/1/0618/2368/0740/files/WhatsApp_Image_2025-01-06_at_8.20.47_PM.jpg?v=1736251167,kg,,,,,,
good-boy-printed-kids-hoodie-set-copy,Kids Winter Hoodie Set | Snoopy Printed,"<h4><strong><span data-sheets-root=""1"">Kids Winter Hoodie Set | Snoopy Printed<br><br></span></strong></h4>
<p data-start=""276"" data-end=""492"">Featuring a cute cartoon-inspired dog design, this outfit brings a fun and cheerful vibe that kids love.</p>
<p data-start=""494"" data-end=""781"">Made from soft, premium fleece fabric, the hoodie keeps your little one warm and cozy during chilly days, while the matching jogger pants offer a relaxed and comfortable fit for everyday activities. Perfect for school, playtime, or outings, this set combines comfort with adorable style.</p>
<p data-start=""783"" data-end=""885"">The cartoon dog print adds a lighthearted and trendy touch, making it a favorite for kids this winter.</p>
<p data-start=""887"" data-end=""902"">✨ <strong data-start=""889"" data-end=""902"">Features:</strong></p>
<ul data-start=""903"" data-end=""1123"">
<li data-section-id=""m2jogh"" data-start=""903"" data-end=""946"">Soft fleece fabric for warmth &amp; comfort</li>
<li data-section-id=""nbtz28"" data-start=""947"" data-end=""985"">Cute cartoon dog printed design 🐶</li>
<li data-section-id=""gklsta"" data-start=""986"" data-end=""1024"">Cozy hoodie with soft inner lining</li>
<li data-section-id=""1qd8zxj"" data-start=""1025"" data-end=""1073"">Matching jogger pants with elastic waistband</li>
<li data-section-id=""9bnese"" data-start=""1074"" data-end=""1123"">Ideal for daily wear, school &amp; winter outings</li>
</ul>
<p data-start=""1125"" data-end=""1193"">Let your kids stay <strong data-start=""1144"" data-end=""1176"">warm, comfy, and full of fun</strong> all winter long!</p>
<h4><strong><span data-sheets-root=""1""><br></span></strong></h4>",BBG FASHION,Apparel & Accessories > Clothing > Baby & Toddler Clothing,Kids Hoodie Set,Kids Winter Collection,true,Color,pink,product.metafields.shopify.color-pattern,Size,1 - 2 Years,,,,,'10717137,500.0,shopify,200,continue,manual,1399.00,0.00,true,false,,,,,'10717137,https://cdn.shopify.com/s/files/1/0618/2368/0740/files/WhatsApp_Image_2025-01-06_at_8.18.01_PM_1.jpg?v=1736250949,1,Good Boy Printed Kids Hoodie Set Copy - back view - kids wear Pakistan,false,,"Shop Kids Winter Hoodie Set Snoopy Style Printed in soft fleece. Warm, cozy & fun winter outfit for kids. Perfect everyday wear in Pakistan. Order now!",182,,,,,,,,,,,,,,,,,,,,pink; blue; red; silver; yellow-1; navy-1; dark-grey,,,fleece,,,,,,,,,,,,,,,,,https://cdn.shopify.com/s/files/1/0618/2368/0740/files/WhatsApp_Image_2025-01-06_at_8.18.01_PM_1.jpg?v=1736250949,kg,,,true,,,active
good-boy-printed-kids-hoodie-set-copy,,,,,,,,,pink,,,3 - 4 Years,,,,,'10717144,500.0,shopify,200,continue,manual,1399.00,0.00,true,false,,,,,'10717144,https://cdn.shopify.com/s/files/1/0618/2368/0740/files/WhatsApp_Image_2025-01-06_at_8.18.00_PM.jpg?v=1736250949,2,Good Boy Printed Kids Hoodie Set Copy - front view - kids wear Pakistan,,,,,,,,,,,,,,,,,,,,,,,,,,,,,,,,,,,,,,,,,,,,https://cdn.shopify.com/s/files/1/0618/2368/0740/files/WhatsApp_Image_2025-01-06_at_8.18.01_PM_1.jpg?v=1736250949,kg,,,,,,
good-boy-printed-kids-hoodie-set-copy,,,,,,,,,pink,,,5 - 6 Years,,,,,'10717151,500.0,shopify,200,continue,manual,1399.00,0.00,true,false,,,,,'10717151,https://cdn.shopify.com/s/files/1/0618/2368/0740/files/WhatsApp_Image_2025-01-06_at_8.18.01_PM_2.jpg?v=1736250949,3,Good Boy Printed Kids Hoodie Set Copy - side view - kids wear Pakistan,,,,,,,,,,,,,,,,,,,,,,,,,,,,,,,,,,,,,,,,,,,,https://cdn.shopify.com/s/files/1/0618/2368/0740/files/WhatsApp_Image_2025-01-06_at_8.18.01_PM_1.jpg?v=1736250949,kg,,,,,,
good-boy-printed-kids-hoodie-set-copy,,,,,,,,,pink,,,7 - 8 Years,,,,,'10717158,500.0,shopify,200,continue,manual,1399.00,0.00,true,false,,,,,'10717158,https://cdn.shopify.com/s/files/1/0618/2368/0740/files/WhatsApp_Image_2025-01-06_at_8.18.01_PM.jpg?v=1736250949,4,Good Boy Printed Kids Hoodie Set Copy - detail shot - kids wear Pakistan,,,,,,,,,,,,,,,,,,,,,,,,,,,,,,,,,,,,,,,,,,,,https://cdn.shopify.com/s/files/1/0618/2368/0740/files/WhatsApp_Image_2025-01-06_at_8.18.01_PM_1.jpg?v=1736250949,kg,,,,,,
good-boy-printed-kids-hoodie-set-copy,,,,,,,,,pink,,,9 - 10 Years,,,,,'10717165,500.0,shopify,200,continue,manual,1399.00,0.00,true,false,,,,,'10717165,https://cdn.shopify.com/s/files/1/0618/2368/0740/files/WhatsApp_Image_2025-01-06_at_8.18.02_PM.jpg?v=1736250949,5,Good Boy Printed Kids Hoodie Set Copy - flat lay - kids wear Pakistan,,,,,,,,,,,,,,,,,,,,,,,,,,,,,,,,,,,,,,,,,,,,https://cdn.shopify.com/s/files/1/0618/2368/0740/files/WhatsApp_Image_2025-01-06_at_8.18.01_PM_1.jpg?v=1736250949,kg,,,,,,
good-boy-printed-kids-hoodie-set-copy,,,,,,,,,pink,,,11 - 12 Years,,,,,'10717172,500.0,shopify,200,continue,manual,1399.00,0.00,true,false,,,,,'10717172,https://cdn.shopify.com/s/files/1/0618/2368/0740/files/WhatsApp_Image_2025-01-06_at_8.18.03_PM.jpg?v=1736250949,6,Good Boy Printed Kids Hoodie Set Copy - lifestyle view - kids wear Pakistan,,,,,,,,,,,,,,,,,,,,,,,,,,,,,,,,,,,,,,,,,,,,https://cdn.shopify.com/s/files/1/0618/2368/0740/files/WhatsApp_Image_2025-01-06_at_8.18.01_PM_1.jpg?v=1736250949,kg,,,,,,
good-boy-printed-kids-hoodie-set-copy,,,,,,,,,blue,,,1 - 2 Years,,,,,'10717135,500.0,shopify,200,continue,manual,1399.00,0.00,true,false,,,,,'10717135,https://cdn.shopify.com/s/files/1/0618/2368/0740/files/WhatsApp_Image_2025-01-06_at_8.18.02_PM_1.jpg?v=1736250949,7,Good Boy Printed Kids Hoodie Set Copy size chart - measurements guide,,,,,,,,,,,,,,,,,,,,,,,,,,,,,,,,,,,,,,,,,,,,https://cdn.shopify.com/s/files/1/0618/2368/0740/files/WhatsApp_Image_2025-01-06_at_8.18.03_PM.jpg?v=1736250949,kg,,,,,,
good-boy-printed-kids-hoodie-set-copy,,,,,,,,,blue,,,3 - 4 Years,,,,,'10717142,500.0,shopify,200,continue,manual,1399.00,0.00,true,false,,,,,'10717142,https://cdn.shopify.com/s/files/1/0618/2368/0740/files/kidssizechart_e28feb53-900a-4966-81fe-20382accf994.jpg?v=1776761612,8,We Can Be Heroes Printed Kids Hoodie Set Copy size chart - measurements guide,,,,,,,,,,,,,,,,,,,,,,,,,,,,,,,,,,,,,,,,,,,,https://cdn.shopify.com/s/files/1/0618/2368/0740/files/WhatsApp_Image_2025-01-06_at_8.18.03_PM.jpg?v=1736250949,kg,,,,,,
good-boy-printed-kids-hoodie-set-copy,,,,,,,,,blue,,,5 - 6 Years,,,,,'10717149,500.0,shopify,200,continue,manual,1399.00,0.00,true,false,,,,,'10717149,,,,,,,,,,,,,,,,,,,,,,,,,,,,,,,,,,,,,,,,,,,,,,,https://cdn.shopify.com/s/files/1/0618/2368/0740/files/WhatsApp_Image_2025-01-06_at_8.18.03_PM.jpg?v=1736250949,kg,,,,,,
good-boy-printed-kids-hoodie-set-copy,,,,,,,,,blue,,,7 - 8 Years,,,,,'10717156,500.0,shopify,200,continue,manual,1399.00,0.00,true,false,,,,,'10717156,,,,,,,,,,,,,,,,,,,,,,,,,,,,,,,,,,,,,,,,,,,,,,,https://cdn.shopify.com/s/files/1/0618/2368/0740/files/WhatsApp_Image_2025-01-06_at_8.18.03_PM.jpg?v=1736250949,kg,,,,,,
good-boy-printed-kids-hoodie-set-copy,,,,,,,,,blue,,,9 - 10 Years,,,,,'10717163,500.0,shopify,200,continue,manual,1399.00,0.00,true,false,,,,,'10717163,,,,,,,,,,,,,,,,,,,,,,,,,,,,,,,,,,,,,,,,,,,,,,,https://cdn.shopify.com/s/files/1/0618/2368/0740/files/WhatsApp_Image_2025-01-06_at_8.18.03_PM.jpg?v=1736250949,kg,,,,,,
good-boy-printed-kids-hoodie-set-copy,,,,,,,,,blue,,,11 - 12 Years,,,,,'10717170,500.0,shopify,200,continue,manual,1399.00,0.00,true,false,,,,,'10717170,,,,,,,,,,,,,,,,,,,,,,,,,,,,,,,,,,,,,,,,,,,,,,,https://cdn.shopify.com/s/files/1/0618/2368/0740/files/WhatsApp_Image_2025-01-06_at_8.18.03_PM.jpg?v=1736250949,kg,,,,,,
good-boy-printed-kids-hoodie-set-copy,,,,,,,,,red,,,1 - 2 Years,,,,,'10717136,500.0,shopify,200,continue,manual,1399.00,0.00,true,false,,,,,'10717136,,,,,,,,,,,,,,,,,,,,,,,,,,,,,,,,,,,,,,,,,,,,,,,https://cdn.shopify.com/s/files/1/0618/2368/0740/files/WhatsApp_Image_2025-01-06_at_8.18.01_PM.jpg?v=1736250949,kg,,,,,,
good-boy-printed-kids-hoodie-set-copy,,,,,,,,,red,,,3 - 4 Years,,,,,'10717143,500.0,shopify,200,continue,manual,1399.00,0.00,true,false,,,,,'10717143,,,,,,,,,,,,,,,,,,,,,,,,,,,,,,,,,,,,,,,,,,,,,,,https://cdn.shopify.com/s/files/1/0618/2368/0740/files/WhatsApp_Image_2025-01-06_at_8.18.01_PM.jpg?v=1736250949,kg,,,,,,
good-boy-printed-kids-hoodie-set-copy,,,,,,,,,red,,,5 - 6 Years,,,,,'10717150,500.0,shopify,200,continue,manual,1399.00,0.00,true,false,,,,,'10717150,,,,,,,,,,,,,,,,,,,,,,,,,,,,,,,,,,,,,,,,,,,,,,,https://cdn.shopify.com/s/files/1/0618/2368/0740/files/WhatsApp_Image_2025-01-06_at_8.18.01_PM.jpg?v=1736250949,kg,,,,,,
good-boy-printed-kids-hoodie-set-copy,,,,,,,,,red,,,7 - 8 Years,,,,,'10717157,500.0,shopify,200,continue,manual,1399.00,0.00,true,false,,,,,'10717157,,,,,,,,,,,,,,,,,,,,,,,,,,,,,,,,,,,,,,,,,,,,,,,https://cdn.shopify.com/s/files/1/0618/2368/0740/files/WhatsApp_Image_2025-01-06_at_8.18.01_PM.jpg?v=1736250949,kg,,,,,,
good-boy-printed-kids-hoodie-set-copy,,,,,,,,,red,,,9 - 10 Years,,,,,'10717164,500.0,shopify,200,continue,manual,1399.00,0.00,true,false,,,,,'10717164,,,,,,,,,,,,,,,,,,,,,,,,,,,,,,,,,,,,,,,,,,,,,,,https://cdn.shopify.com/s/files/1/0618/2368/0740/files/WhatsApp_Image_2025-01-06_at_8.18.01_PM.jpg?v=1736250949,kg,,,,,,
good-boy-printed-kids-hoodie-set-copy,,,,,,,,,red,,,11 - 12 Years,,,,,'10717171,500.0,shopify,200,continue,manual,1399.00,0.00,true,false,,,,,'10717171,,,,,,,,,,,,,,,,,,,,,,,,,,,,,,,,,,,,,,,,,,,,,,,https://cdn.shopify.com/s/files/1/0618/2368/0740/files/WhatsApp_Image_2025-01-06_at_8.18.01_PM.jpg?v=1736250949,kg,,,,,,
good-boy-printed-kids-hoodie-set-copy,,,,,,,,,silver,,,1 - 2 Years,,,,,'10717138,500.0,shopify,200,continue,manual,1399.00,0.00,true,false,,,,,'10717138,,,,,,,,,,,,,,,,,,,,,,,,,,,,,,,,,,,,,,,,,,,,,,,https://cdn.shopify.com/s/files/1/0618/2368/0740/files/WhatsApp_Image_2025-01-06_at_8.18.01_PM_2.jpg?v=1736250949,kg,,,,,,
good-boy-printed-kids-hoodie-set-copy,,,,,,,,,silver,,,3 - 4 Years,,,,,'10717145,500.0,shopify,200,continue,manual,1399.00,0.00,true,false,,,,,'10717145,,,,,,,,,,,,,,,,,,,,,,,,,,,,,,,,,,,,,,,,,,,,,,,https://cdn.shopify.com/s/files/1/0618/2368/0740/files/WhatsApp_Image_2025-01-06_at_8.18.01_PM_2.jpg?v=1736250949,kg,,,,,,
good-boy-printed-kids-hoodie-set-copy,,,,,,,,,silver,,,5 - 6 Years,,,,,'10717152,500.0,shopify,200,continue,manual,1399.00,0.00,true,false,,,,,'10717152,,,,,,,,,,,,,,,,,,,,,,,,,,,,,,,,,,,,,,,,,,,,,,,https://cdn.shopify.com/s/files/1/0618/2368/0740/files/WhatsApp_Image_2025-01-06_at_8.18.01_PM_2.jpg?v=1736250949,kg,,,,,,
good-boy-printed-kids-hoodie-set-copy,,,,,,,,,silver,,,7 - 8 Years,,,,,'10717159,500.0,shopify,200,continue,manual,1399.00,0.00,true,false,,,,,'10717159,,,,,,,,,,,,,,,,,,,,,,,,,,,,,,,,,,,,,,,,,,,,,,,https://cdn.shopify.com/s/files/1/0618/2368/0740/files/WhatsApp_Image_2025-01-06_at_8.18.01_PM_2.jpg?v=1736250949,kg,,,,,,
good-boy-printed-kids-hoodie-set-copy,,,,,,,,,silver,,,9 - 10 Years,,,,,'10717166,500.0,shopify,200,continue,manual,1399.00,0.00,true,false,,,,,'10717166,,,,,,,,,,,,,,,,,,,,,,,,,,,,,,,,,,,,,,,,,,,,,,,https://cdn.shopify.com/s/files/1/0618/2368/0740/files/WhatsApp_Image_2025-01-06_at_8.18.01_PM_2.jpg?v=1736250949,kg,,,,,,
good-boy-printed-kids-hoodie-set-copy,,,,,,,,,silver,,,11 - 12 Years,,,,,'10717173,500.0,shopify,200,continue,manual,1399.00,0.00,true,false,,,,,'10717173,,,,,,,,,,,,,,,,,,,,,,,,,,,,,,,,,,,,,,,,,,,,,,,https://cdn.shopify.com/s/files/1/0618/2368/0740/files/WhatsApp_Image_2025-01-06_at_8.18.01_PM_2.jpg?v=1736250949,kg,,,,,,
good-boy-printed-kids-hoodie-set-copy,,,,,,,,,yellow-1,,,1 - 2 Years,,,,,'10717139,500.0,shopify,200,continue,manual,1399.00,0.00,true,false,,,,,'10717139,,,,,,,,,,,,,,,,,,,,,,,,,,,,,,,,,,,,,,,,,,,,,,,https://cdn.shopify.com/s/files/1/0618/2368/0740/files/WhatsApp_Image_2025-01-06_at_8.18.00_PM.jpg?v=1736250949,kg,,,,,,
good-boy-printed-kids-hoodie-set-copy,,,,,,,,,yellow-1,,,3 - 4 Years,,,,,'10717146,500.0,shopify,200,continue,manual,1399.00,0.00,true,false,,,,,'10717146,,,,,,,,,,,,,,,,,,,,,,,,,,,,,,,,,,,,,,,,,,,,,,,https://cdn.shopify.com/s/files/1/0618/2368/0740/files/WhatsApp_Image_2025-01-06_at_8.18.00_PM.jpg?v=1736250949,kg,,,,,,
good-boy-printed-kids-hoodie-set-copy,,,,,,,,,yellow-1,,,5 - 6 Years,,,,,'10717153,500.0,shopify,200,continue,manual,1399.00,0.00,true,false,,,,,'10717153,,,,,,,,,,,,,,,,,,,,,,,,,,,,,,,,,,,,,,,,,,,,,,,https://cdn.shopify.com/s/files/1/0618/2368/0740/files/WhatsApp_Image_2025-01-06_at_8.18.00_PM.jpg?v=1736250949,kg,,,,,,
good-boy-printed-kids-hoodie-set-copy,,,,,,,,,yellow-1,,,7 - 8 Years,,,,,'10717160,500.0,shopify,200,continue,manual,1399.00,0.00,true,false,,,,,'10717160,,,,,,,,,,,,,,,,,,,,,,,,,,,,,,,,,,,,,,,,,,,,,,,https://cdn.shopify.com/s/files/1/0618/2368/0740/files/WhatsApp_Image_2025-01-06_at_8.18.00_PM.jpg?v=1736250949,kg,,,,,,
good-boy-printed-kids-hoodie-set-copy,,,,,,,,,yellow-1,,,9 - 10 Years,,,,,'10717167,500.0,shopify,200,continue,manual,1399.00,0.00,true,false,,,,,'10717167,,,,,,,,,,,,,,,,,,,,,,,,,,,,,,,,,,,,,,,,,,,,,,,https://cdn.shopify.com/s/files/1/0618/2368/0740/files/WhatsApp_Image_2025-01-06_at_8.18.00_PM.jpg?v=1736250949,kg,,,,,,
good-boy-printed-kids-hoodie-set-copy,,,,,,,,,yellow-1,,,11 - 12 Years,,,,,'10717174,500.0,shopify,200,continue,manual,1399.00,0.00,true,false,,,,,'10717174,,,,,,,,,,,,,,,,,,,,,,,,,,,,,,,,,,,,,,,,,,,,,,,https://cdn.shopify.com/s/files/1/0618/2368/0740/files/WhatsApp_Image_2025-01-06_at_8.18.00_PM.jpg?v=1736250949,kg,,,,,,
good-boy-printed-kids-hoodie-set-copy,,,,,,,,,navy-1,,,1 - 2 Years,,,,,'10717140,500.0,shopify,200,continue,manual,1399.00,0.00,true,false,,,,,'10717140,,,,,,,,,,,,,,,,,,,,,,,,,,,,,,,,,,,,,,,,,,,,,,,https://cdn.shopify.com/s/files/1/0618/2368/0740/files/WhatsApp_Image_2025-01-06_at_8.18.02_PM_1.jpg?v=1736250949,kg,,,,,,
good-boy-printed-kids-hoodie-set-copy,,,,,,,,,navy-1,,,3 - 4 Years,,,,,'10717147,500.0,shopify,200,continue,manual,1399.00,0.00,true,false,,,,,'10717147,,,,,,,,,,,,,,,,,,,,,,,,,,,,,,,,,,,,,,,,,,,,,,,https://cdn.shopify.com/s/files/1/0618/2368/0740/files/WhatsApp_Image_2025-01-06_at_8.18.02_PM_1.jpg?v=1736250949,kg,,,,,,
good-boy-printed-kids-hoodie-set-copy,,,,,,,,,navy-1,,,5 - 6 Years,,,,,'10717154,500.0,shopify,200,continue,manual,1399.00,0.00,true,false,,,,,'10717154,,,,,,,,,,,,,,,,,,,,,,,,,,,,,,,,,,,,,,,,,,,,,,,https://cdn.shopify.com/s/files/1/0618/2368/0740/files/WhatsApp_Image_2025-01-06_at_8.18.02_PM_1.jpg?v=1736250949,kg,,,,,,
good-boy-printed-kids-hoodie-set-copy,,,,,,,,,navy-1,,,7 - 8 Years,,,,,'10717161,500.0,shopify,200,continue,manual,1399.00,0.00,true,false,,,,,'10717161,,,,,,,,,,,,,,,,,,,,,,,,,,,,,,,,,,,,,,,,,,,,,,,https://cdn.shopify.com/s/files/1/0618/2368/0740/files/WhatsApp_Image_2025-01-06_at_8.18.02_PM_1.jpg?v=1736250949,kg,,,,,,
good-boy-printed-kids-hoodie-set-copy,,,,,,,,,navy-1,,,9 - 10 Years,,,,,'10717168,500.0,shopify,200,continue,manual,1399.00,0.00,true,false,,,,,'10717168,,,,,,,,,,,,,,,,,,,,,,,,,,,,,,,,,,,,,,,,,,,,,,,https://cdn.shopify.com/s/files/1/0618/2368/0740/files/WhatsApp_Image_2025-01-06_at_8.18.02_PM_1.jpg?v=1736250949,kg,,,,,,
good-boy-printed-kids-hoodie-set-copy,,,,,,,,,navy-1,,,11 - 12 Years,,,,,'10717175,500.0,shopify,200,continue,manual,1399.00,0.00,true,false,,,,,'10717175,,,,,,,,,,,,,,,,,,,,,,,,,,,,,,,,,,,,,,,,,,,,,,,https://cdn.shopify.com/s/files/1/0618/2368/0740/files/WhatsApp_Image_2025-01-06_at_8.18.02_PM_1.jpg?v=1736250949,kg,,,,,,
good-boy-printed-kids-hoodie-set-copy,,,,,,,,,dark-grey,,,1 - 2 Years,,,,,'10717141,500.0,shopify,200,continue,manual,1399.00,0.00,true,false,,,,,'10717141,,,,,,,,,,,,,,,,,,,,,,,,,,,,,,,,,,,,,,,,,,,,,,,https://cdn.shopify.com/s/files/1/0618/2368/0740/files/WhatsApp_Image_2025-01-06_at_8.18.02_PM.jpg?v=1736250949,kg,,,,,,
good-boy-printed-kids-hoodie-set-copy,,,,,,,,,dark-grey,,,3 - 4 Years,,,,,'10717148,500.0,shopify,200,continue,manual,1399.00,0.00,true,false,,,,,'10717148,,,,,,,,,,,,,,,,,,,,,,,,,,,,,,,,,,,,,,,,,,,,,,,https://cdn.shopify.com/s/files/1/0618/2368/0740/files/WhatsApp_Image_2025-01-06_at_8.18.02_PM.jpg?v=1736250949,kg,,,,,,
good-boy-printed-kids-hoodie-set-copy,,,,,,,,,dark-grey,,,5 - 6 Years,,,,,'10717155,500.0,shopify,200,continue,manual,1399.00,0.00,true,false,,,,,'10717155,,,,,,,,,,,,,,,,,,,,,,,,,,,,,,,,,,,,,,,,,,,,,,,https://cdn.shopify.com/s/files/1/0618/2368/0740/files/WhatsApp_Image_2025-01-06_at_8.18.02_PM.jpg?v=1736250949,kg,,,,,,
good-boy-printed-kids-hoodie-set-copy,,,,,,,,,dark-grey,,,7 - 8 Years,,,,,'10717162,500.0,shopify,200,continue,manual,1399.00,0.00,true,false,,,,,'10717162,,,,,,,,,,,,,,,,,,,,,,,,,,,,,,,,,,,,,,,,,,,,,,,https://cdn.shopify.com/s/files/1/0618/2368/0740/files/WhatsApp_Image_2025-01-06_at_8.18.02_PM.jpg?v=1736250949,kg,,,,,,
good-boy-printed-kids-hoodie-set-copy,,,,,,,,,dark-grey,,,9 - 10 Years,,,,,'10717169,500.0,shopify,200,continue,manual,1399.00,0.00,true,false,,,,,'10717169,,,,,,,,,,,,,,,,,,,,,,,,,,,,,,,,,,,,,,,,,,,,,,,https://cdn.shopify.com/s/files/1/0618/2368/0740/files/WhatsApp_Image_2025-01-06_at_8.18.02_PM.jpg?v=1736250949,kg,,,,,,
good-boy-printed-kids-hoodie-set-copy,,,,,,,,,dark-grey,,,11 - 12 Years,,,,,'10707003,500.0,shopify,200,continue,manual,1399.00,0.00,true,false,,,,,'10707003,,,,,,,,,,,,,,,,,,,,,,,,,,,,,,,,,,,,,,,,,,,,,,,https://cdn.shopify.com/s/files/1/0618/2368/0740/files/WhatsApp_Image_2025-01-06_at_8.18.02_PM.jpg?v=1736250949,kg,,,,,,
baby-cute-cat-printed-kids-hoodie-set-copy-1,Kids Winter Hoodie Set | Good Boy Printed,"<h4>
<span data-sheets-root=""1"">Kids Winter Hoodie Set | Good Boy Printed</span><strong><span data-sheets-root=""1""><br><br></span></strong>
</h4>
<p data-start=""223"" data-end=""448"">Featuring a cute and cheerful “Good Boy” print, this outfit adds a fun and positive touch to your child’s winter wardrobe.</p>
<p data-start=""450"" data-end=""724"">Crafted from soft, premium fleece fabric, the hoodie provides cozy warmth during chilly days, while the matching jogger pants offer a relaxed and comfortable fit for all-day wear. Whether it’s school, playtime, or outings, this set is perfect for everyday comfort and style.</p>
<p data-start=""726"" data-end=""821"">The playful “Good Boy” design makes it a great choice for kids who love simple and fun outfits.</p>
<p data-start=""823"" data-end=""838"">✨ <strong data-start=""825"" data-end=""838"">Features:</strong></p>
<ul data-start=""839"" data-end=""1058"">
<li data-section-id=""m2jogh"" data-start=""839"" data-end=""882"">Soft fleece fabric for warmth &amp; comfort</li>
<li data-section-id=""12q7cts"" data-start=""883"" data-end=""920"">Cute “Good Boy” printed design 🐶</li>
<li data-section-id=""gklsta"" data-start=""921"" data-end=""959"">Cozy hoodie with soft inner lining</li>
<li data-section-id=""1qd8zxj"" data-start=""960"" data-end=""1008"">Matching jogger pants with elastic waistband</li>
<li data-section-id=""9bnese"" data-start=""1009"" data-end=""1058"">Ideal for daily wear, school &amp; winter outings</li>
</ul>
<p data-start=""1060"" data-end=""1135"">Let your kids stay <strong data-start=""1079"" data-end=""1122"">warm, comfy, and full of positive vibes</strong> this winter!</p>
<h4><strong><span data-sheets-root=""1""><br></span></strong></h4>",BBG FASHION,Apparel & Accessories > Clothing > Baby & Toddler Clothing,Kids Hoodie Set,Kids Winter Collection,true,Size,1-2-years,product.metafields.shopify.size,Color,blue,product.metafields.shopify.color-pattern,,,,'10717094,500.0,shopify,123,continue,manual,1399.00,0.00,true,false,,,,,'10717094,https://cdn.shopify.com/s/files/1/0618/2368/0740/files/WhatsApp_Image_2025-01-06_at_8.15.30_PM.jpg?v=1736250708,1,Baby Cute Cat Printed Kids Hoodie Set Copy 1 - flat lay - kids wear Pakistan,false,,"Shop Kids Winter Hoodie Set Good Boy Printed in soft fleece. Warm, cozy & stylish winter outfit for kids. Perfect everyday wear in Pakistan. Order now!",182,,,,,,,,,,,,,,,,,,,,blue; red; pink; silver; yellow-1; navy-1; dark-grey,,,fleece,,,,,,,1-2-years; 3-4-years; 5-6-years-1; 7-8-years; 9-10-years; 11-12-years,,,,,,,,,,https://cdn.shopify.com/s/files/1/0618/2368/0740/files/WhatsApp_Image_2025-01-06_at_8.15.33_PM.jpg?v=1736250708,kg,,,true,,,active
baby-cute-cat-printed-kids-hoodie-set-copy-1,,,,,,,,,1-2-years,,,red,,,,,'10717095,500.0,shopify,123,continue,manual,1399.00,0.00,true,false,,,,,'10717095,https://cdn.shopify.com/s/files/1/0618/2368/0740/files/WhatsApp_Image_2025-01-06_at_8.15.33_PM.jpg?v=1736250708,2,Baby Cute Cat Printed Kids Hoodie Set Copy 1 - front view - kids wear Pakistan,,,,,,,,,,,,,,,,,,,,,,,,,,,,,,,,,,,,,,,,,,,,https://cdn.shopify.com/s/files/1/0618/2368/0740/files/WhatsApp_Image_2025-01-06_at_8.15.29_PM_1.jpg?v=1736250708,kg,,,,,,
baby-cute-cat-printed-kids-hoodie-set-copy-1,,,,,,,,,1-2-years,,,pink,,,,,'10717096,500.0,shopify,123,continue,manual,1399.00,0.00,true,false,,,,,'10717096,https://cdn.shopify.com/s/files/1/0618/2368/0740/files/WhatsApp_Image_2025-01-06_at_8.15.30_PM_1.jpg?v=1736250708,3,Baby Cute Cat Printed Kids Hoodie Set Copy 1 - back view - kids wear Pakistan,,,,,,,,,,,,,,,,,,,,,,,,,,,,,,,,,,,,,,,,,,,,https://cdn.shopify.com/s/files/1/0618/2368/0740/files/WhatsApp_Image_2025-01-06_at_8.15.30_PM.jpg?v=1736250708,kg,,,,,,
baby-cute-cat-printed-kids-hoodie-set-copy-1,,,,,,,,,1-2-years,,,silver,,,,,'10717097,500.0,shopify,123,continue,manual,1399.00,0.00,true,false,,,,,'10717097,https://cdn.shopify.com/s/files/1/0618/2368/0740/files/WhatsApp_Image_2025-01-06_at_8.15.29_PM.jpg?v=1736250708,4,Baby Cute Cat Printed Kids Hoodie Set Copy 1 - side view - kids wear Pakistan,,,,,,,,,,,,,,,,,,,,,,,,,,,,,,,,,,,,,,,,,,,,https://cdn.shopify.com/s/files/1/0618/2368/0740/files/WhatsApp_Image_2025-01-06_at_8.15.30_PM_1.jpg?v=1736250708,kg,,,,,,
baby-cute-cat-printed-kids-hoodie-set-copy-1,,,,,,,,,1-2-years,,,yellow-1,,,,,'10717098,500.0,shopify,123,continue,manual,1399.00,0.00,true,false,,,,,'10717098,https://cdn.shopify.com/s/files/1/0618/2368/0740/files/WhatsApp_Image_2025-01-06_at_8.15.31_PM.jpg?v=1736250708,5,Baby Cute Cat Printed Kids Hoodie Set Copy 1 - close-up detail - kids wear Pakistan,,,,,,,,,,,,,,,,,,,,,,,,,,,,,,,,,,,,,,,,,,,,https://cdn.shopify.com/s/files/1/0618/2368/0740/files/WhatsApp_Image_2025-01-06_at_8.15.29_PM.jpg?v=1736250708,kg,,,,,,
baby-cute-cat-printed-kids-hoodie-set-copy-1,,,,,,,,,1-2-years,,,navy-1,,,,,'10717099,500.0,shopify,123,continue,manual,1399.00,0.00,true,false,,,,,'10717099,https://cdn.shopify.com/s/files/1/0618/2368/0740/files/WhatsApp_Image_2025-01-06_at_8.15.32_PM.jpg?v=1736250708,6,Baby Cute Cat Printed Kids Hoodie Set Copy 1 - lifestyle view - kids wear Pakistan,,,,,,,,,,,,,,,,,,,,,,,,,,,,,,,,,,,,,,,,,,,,https://cdn.shopify.com/s/files/1/0618/2368/0740/files/WhatsApp_Image_2025-01-06_at_8.15.32_PM.jpg?v=1736250708,kg,,,,,,
baby-cute-cat-printed-kids-hoodie-set-copy-1,,,,,,,,,1-2-years,,,dark-grey,,,,,'10717100,500.0,shopify,123,continue,manual,1399.00,0.00,true,false,,,,,'10717100,https://cdn.shopify.com/s/files/1/0618/2368/0740/files/WhatsApp_Image_2025-01-06_at_8.15.29_PM_1.jpg?v=1736250708,7,Baby Cute Cat Printed Kids Hoodie Set Copy 1 size chart - measurements guide,,,,,,,,,,,,,,,,,,,,,,,,,,,,,,,,,,,,,,,,,,,,https://cdn.shopify.com/s/files/1/0618/2368/0740/files/WhatsApp_Image_2025-01-06_at_8.15.31_PM.jpg?v=1736250708,kg,,,,,,
baby-cute-cat-printed-kids-hoodie-set-copy-1,,,,,,,,,3-4-years,,,blue,,,,,'10717101,500.0,shopify,123,continue,manual,1399.00,0.00,true,false,,,,,'10717101,https://cdn.shopify.com/s/files/1/0618/2368/0740/files/kidssizechart_e28feb53-900a-4966-81fe-20382accf994.jpg?v=1776761612,8,We Can Be Heroes Printed Kids Hoodie Set Copy size chart - measurements guide,,,,,,,,,,,,,,,,,,,,,,,,,,,,,,,,,,,,,,,,,,,,https://cdn.shopify.com/s/files/1/0618/2368/0740/files/WhatsApp_Image_2025-01-06_at_8.15.33_PM.jpg?v=1736250708,kg,,,,,,
baby-cute-cat-printed-kids-hoodie-set-copy-1,,,,,,,,,3-4-years,,,red,,,,,'10717102,500.0,shopify,123,continue,manual,1399.00,0.00,true,false,,,,,'10717102,,,,,,,,,,,,,,,,,,,,,,,,,,,,,,,,,,,,,,,,,,,,,,,https://cdn.shopify.com/s/files/1/0618/2368/0740/files/WhatsApp_Image_2025-01-06_at_8.15.29_PM_1.jpg?v=1736250708,kg,,,,,,
baby-cute-cat-printed-kids-hoodie-set-copy-1,,,,,,,,,3-4-years,,,pink,,,,,'10717103,500.0,shopify,123,continue,manual,1399.00,0.00,true,false,,,,,'10717103,,,,,,,,,,,,,,,,,,,,,,,,,,,,,,,,,,,,,,,,,,,,,,,https://cdn.shopify.com/s/files/1/0618/2368/0740/files/WhatsApp_Image_2025-01-06_at_8.15.30_PM.jpg?v=1736250708,kg,,,,,,
baby-cute-cat-printed-kids-hoodie-set-copy-1,,,,,,,,,3-4-years,,,silver,,,,,'10717104,500.0,shopify,123,continue,manual,1399.00,0.00,true,false,,,,,'10717104,,,,,,,,,,,,,,,,,,,,,,,,,,,,,,,,,,,,,,,,,,,,,,,https://cdn.shopify.com/s/files/1/0618/2368/0740/files/WhatsApp_Image_2025-01-06_at_8.15.30_PM_1.jpg?v=1736250708,kg,,,,,,
baby-cute-cat-printed-kids-hoodie-set-copy-1,,,,,,,,,3-4-years,,,yellow-1,,,,,'10717105,500.0,shopify,123,continue,manual,1399.00,0.00,true,false,,,,,'10717105,,,,,,,,,,,,,,,,,,,,,,,,,,,,,,,,,,,,,,,,,,,,,,,https://cdn.shopify.com/s/files/1/0618/2368/0740/files/WhatsApp_Image_2025-01-06_at_8.15.29_PM.jpg?v=1736250708,kg,,,,,,
baby-cute-cat-printed-kids-hoodie-set-copy-1,,,,,,,,,3-4-years,,,navy-1,,,,,'10717106,500.0,shopify,123,continue,manual,1399.00,0.00,true,false,,,,,'10717106,,,,,,,,,,,,,,,,,,,,,,,,,,,,,,,,,,,,,,,,,,,,,,,https://cdn.shopify.com/s/files/1/0618/2368/0740/files/WhatsApp_Image_2025-01-06_at_8.15.32_PM.jpg?v=1736250708,kg,,,,,,
baby-cute-cat-printed-kids-hoodie-set-copy-1,,,,,,,,,3-4-years,,,dark-grey,,,,,'10717107,500.0,shopify,123,continue,manual,1399.00,0.00,true,false,,,,,'10717107,,,,,,,,,,,,,,,,,,,,,,,,,,,,,,,,,,,,,,,,,,,,,,,https://cdn.shopify.com/s/files/1/0618/2368/0740/files/WhatsApp_Image_2025-01-06_at_8.15.31_PM.jpg?v=1736250708,kg,,,,,,
baby-cute-cat-printed-kids-hoodie-set-copy-1,,,,,,,,,5-6-years-1,,,blue,,,,,'10717108,500.0,shopify,123,continue,manual,1399.00,0.00,true,false,,,,,'10717108,,,,,,,,,,,,,,,,,,,,,,,,,,,,,,,,,,,,,,,,,,,,,,,https://cdn.shopify.com/s/files/1/0618/2368/0740/files/WhatsApp_Image_2025-01-06_at_8.15.33_PM.jpg?v=1736250708,kg,,,,,,
baby-cute-cat-printed-kids-hoodie-set-copy-1,,,,,,,,,5-6-years-1,,,red,,,,,'10717109,500.0,shopify,123,continue,manual,1399.00,0.00,true,false,,,,,'10717109,,,,,,,,,,,,,,,,,,,,,,,,,,,,,,,,,,,,,,,,,,,,,,,https://cdn.shopify.com/s/files/1/0618/2368/0740/files/WhatsApp_Image_2025-01-06_at_8.15.29_PM_1.jpg?v=1736250708,kg,,,,,,
baby-cute-cat-printed-kids-hoodie-set-copy-1,,,,,,,,,5-6-years-1,,,pink,,,,,'10717110,500.0,shopify,123,continue,manual,1399.00,0.00,true,false,,,,,'10717110,,,,,,,,,,,,,,,,,,,,,,,,,,,,,,,,,,,,,,,,,,,,,,,https://cdn.shopify.com/s/files/1/0618/2368/0740/files/WhatsApp_Image_2025-01-06_at_8.15.30_PM.jpg?v=1736250708,kg,,,,,,
baby-cute-cat-printed-kids-hoodie-set-copy-1,,,,,,,,,5-6-years-1,,,silver,,,,,'10717111,500.0,shopify,123,continue,manual,1399.00,0.00,true,false,,,,,'10717111,,,,,,,,,,,,,,,,,,,,,,,,,,,,,,,,,,,,,,,,,,,,,,,https://cdn.shopify.com/s/files/1/0618/2368/0740/files/WhatsApp_Image_2025-01-06_at_8.15.30_PM_1.jpg?v=1736250708,kg,,,,,,
baby-cute-cat-printed-kids-hoodie-set-copy-1,,,,,,,,,5-6-years-1,,,yellow-1,,,,,'10717112,500.0,shopify,123,continue,manual,1399.00,0.00,true,false,,,,,'10717112,,,,,,,,,,,,,,,,,,,,,,,,,,,,,,,,,,,,,,,,,,,,,,,https://cdn.shopify.com/s/files/1/0618/2368/0740/files/WhatsApp_Image_2025-01-06_at_8.15.29_PM.jpg?v=1736250708,kg,,,,,,
baby-cute-cat-printed-kids-hoodie-set-copy-1,,,,,,,,,5-6-years-1,,,navy-1,,,,,'10717113,500.0,shopify,123,continue,manual,1399.00,0.00,true,false,,,,,'10717113,,,,,,,,,,,,,,,,,,,,,,,,,,,,,,,,,,,,,,,,,,,,,,,https://cdn.shopify.com/s/files/1/0618/2368/0740/files/WhatsApp_Image_2025-01-06_at_8.15.32_PM.jpg?v=1736250708,kg,,,,,,
baby-cute-cat-printed-kids-hoodie-set-copy-1,,,,,,,,,5-6-years-1,,,dark-grey,,,,,'10717114,500.0,shopify,123,continue,manual,1399.00,0.00,true,false,,,,,'10717114,,,,,,,,,,,,,,,,,,,,,,,,,,,,,,,,,,,,,,,,,,,,,,,https://cdn.shopify.com/s/files/1/0618/2368/0740/files/WhatsApp_Image_2025-01-06_at_8.15.31_PM.jpg?v=1736250708,kg,,,,,,
baby-cute-cat-printed-kids-hoodie-set-copy-1,,,,,,,,,7-8-years,,,blue,,,,,'10717115,500.0,shopify,123,continue,manual,1399.00,0.00,true,false,,,,,'10717115,,,,,,,,,,,,,,,,,,,,,,,,,,,,,,,,,,,,,,,,,,,,,,,https://cdn.shopify.com/s/files/1/0618/2368/0740/files/WhatsApp_Image_2025-01-06_at_8.15.33_PM.jpg?v=1736250708,kg,,,,,,
baby-cute-cat-printed-kids-hoodie-set-copy-1,,,,,,,,,7-8-years,,,red,,,,,'10717116,500.0,shopify,123,continue,manual,1399.00,0.00,true,false,,,,,'10717116,,,,,,,,,,,,,,,,,,,,,,,,,,,,,,,,,,,,,,,,,,,,,,,https://cdn.shopify.com/s/files/1/0618/2368/0740/files/WhatsApp_Image_2025-01-06_at_8.15.29_PM_1.jpg?v=1736250708,kg,,,,,,
baby-cute-cat-printed-kids-hoodie-set-copy-1,,,,,,,,,7-8-years,,,pink,,,,,'10717117,500.0,shopify,123,continue,manual,1399.00,0.00,true,false,,,,,'10717117,,,,,,,,,,,,,,,,,,,,,,,,,,,,,,,,,,,,,,,,,,,,,,,https://cdn.shopify.com/s/files/1/0618/2368/0740/files/WhatsApp_Image_2025-01-06_at_8.15.30_PM.jpg?v=1736250708,kg,,,,,,
baby-cute-cat-printed-kids-hoodie-set-copy-1,,,,,,,,,7-8-years,,,silver,,,,,'10717118,500.0,shopify,123,continue,manual,1399.00,0.00,true,false,,,,,'10717118,,,,,,,,,,,,,,,,,,,,,,,,,,,,,,,,,,,,,,,,,,,,,,,https://cdn.shopify.com/s/files/1/0618/2368/0740/files/WhatsApp_Image_2025-01-06_at_8.15.30_PM_1.jpg?v=1736250708,kg,,,,,,
baby-cute-cat-printed-kids-hoodie-set-copy-1,,,,,,,,,7-8-years,,,yellow-1,,,,,'10717119,500.0,shopify,123,continue,manual,1399.00,0.00,true,false,,,,,'10717119,,,,,,,,,,,,,,,,,,,,,,,,,,,,,,,,,,,,,,,,,,,,,,,https://cdn.shopify.com/s/files/1/0618/2368/0740/files/WhatsApp_Image_2025-01-06_at_8.15.29_PM.jpg?v=1736250708,kg,,,,,,
baby-cute-cat-printed-kids-hoodie-set-copy-1,,,,,,,,,7-8-years,,,navy-1,,,,,'10717120,500.0,shopify,123,continue,manual,1399.00,0.00,true,false,,,,,'10717120,,,,,,,,,,,,,,,,,,,,,,,,,,,,,,,,,,,,,,,,,,,,,,,https://cdn.shopify.com/s/files/1/0618/2368/0740/files/WhatsApp_Image_2025-01-06_at_8.15.32_PM.jpg?v=1736250708,kg,,,,,,
baby-cute-cat-printed-kids-hoodie-set-copy-1,,,,,,,,,7-8-years,,,dark-grey,,,,,'10717121,500.0,shopify,123,continue,manual,1399.00,0.00,true,false,,,,,'10717121,,,,,,,,,,,,,,,,,,,,,,,,,,,,,,,,,,,,,,,,,,,,,,,https://cdn.shopify.com/s/files/1/0618/2368/0740/files/WhatsApp_Image_2025-01-06_at_8.15.31_PM.jpg?v=1736250708,kg,,,,,,
baby-cute-cat-printed-kids-hoodie-set-copy-1,,,,,,,,,9-10-years,,,blue,,,,,'10717122,500.0,shopify,123,continue,manual,1399.00,0.00,true,false,,,,,'10717122,,,,,,,,,,,,,,,,,,,,,,,,,,,,,,,,,,,,,,,,,,,,,,,https://cdn.shopify.com/s/files/1/0618/2368/0740/files/WhatsApp_Image_2025-01-06_at_8.15.33_PM.jpg?v=1736250708,kg,,,,,,
baby-cute-cat-printed-kids-hoodie-set-copy-1,,,,,,,,,9-10-years,,,red,,,,,'10717123,500.0,shopify,123,continue,manual,1399.00,0.00,true,false,,,,,'10717123,,,,,,,,,,,,,,,,,,,,,,,,,,,,,,,,,,,,,,,,,,,,,,,https://cdn.shopify.com/s/files/1/0618/2368/0740/files/WhatsApp_Image_2025-01-06_at_8.15.29_PM_1.jpg?v=1736250708,kg,,,,,,
baby-cute-cat-printed-kids-hoodie-set-copy-1,,,,,,,,,9-10-years,,,pink,,,,,'10717124,500.0,shopify,123,continue,manual,1399.00,0.00,true,false,,,,,'10717124,,,,,,,,,,,,,,,,,,,,,,,,,,,,,,,,,,,,,,,,,,,,,,,https://cdn.shopify.com/s/files/1/0618/2368/0740/files/WhatsApp_Image_2025-01-06_at_8.15.30_PM.jpg?v=1736250708,kg,,,,,,
baby-cute-cat-printed-kids-hoodie-set-copy-1,,,,,,,,,9-10-years,,,silver,,,,,'10717125,500.0,shopify,123,continue,manual,1399.00,0.00,true,false,,,,,'10717125,,,,,,,,,,,,,,,,,,,,,,,,,,,,,,,,,,,,,,,,,,,,,,,https://cdn.shopify.com/s/files/1/0618/2368/0740/files/WhatsApp_Image_2025-01-06_at_8.15.30_PM_1.jpg?v=1736250708,kg,,,,,,
baby-cute-cat-printed-kids-hoodie-set-copy-1,,,,,,,,,9-10-years,,,yellow-1,,,,,'10717126,500.0,shopify,123,continue,manual,1399.00,0.00,true,false,,,,,'10717126,,,,,,,,,,,,,,,,,,,,,,,,,,,,,,,,,,,,,,,,,,,,,,,https://cdn.shopify.com/s/files/1/0618/2368/0740/files/WhatsApp_Image_2025-01-06_at_8.15.29_PM.jpg?v=1736250708,kg,,,,,,
baby-cute-cat-printed-kids-hoodie-set-copy-1,,,,,,,,,9-10-years,,,navy-1,,,,,'10717127,500.0,shopify,123,continue,manual,1399.00,0.00,true,false,,,,,'10717127,,,,,,,,,,,,,,,,,,,,,,,,,,,,,,,,,,,,,,,,,,,,,,,https://cdn.shopify.com/s/files/1/0618/2368/0740/files/WhatsApp_Image_2025-01-06_at_8.15.32_PM.jpg?v=1736250708,kg,,,,,,
baby-cute-cat-printed-kids-hoodie-set-copy-1,,,,,,,,,9-10-years,,,dark-grey,,,,,'10717128,500.0,shopify,123,continue,manual,1399.00,0.00,true,false,,,,,'10717128,,,,,,,,,,,,,,,,,,,,,,,,,,,,,,,,,,,,,,,,,,,,,,,https://cdn.shopify.com/s/files/1/0618/2368/0740/files/WhatsApp_Image_2025-01-06_at_8.15.31_PM.jpg?v=1736250708,kg,,,,,,
baby-cute-cat-printed-kids-hoodie-set-copy-1,,,,,,,,,11-12-years,,,blue,,,,,'10717129,500.0,shopify,123,continue,manual,1399.00,0.00,true,false,,,,,'10717129,,,,,,,,,,,,,,,,,,,,,,,,,,,,,,,,,,,,,,,,,,,,,,,https://cdn.shopify.com/s/files/1/0618/2368/0740/files/WhatsApp_Image_2025-01-06_at_8.15.33_PM.jpg?v=1736250708,kg,,,,,,
baby-cute-cat-printed-kids-hoodie-set-copy-1,,,,,,,,,11-12-years,,,red,,,,,'10717130,500.0,shopify,123,continue,manual,1399.00,0.00,true,false,,,,,'10717130,,,,,,,,,,,,,,,,,,,,,,,,,,,,,,,,,,,,,,,,,,,,,,,https://cdn.shopify.com/s/files/1/0618/2368/0740/files/WhatsApp_Image_2025-01-06_at_8.15.29_PM_1.jpg?v=1736250708,kg,,,,,,
baby-cute-cat-printed-kids-hoodie-set-copy-1,,,,,,,,,11-12-years,,,pink,,,,,'10717131,500.0,shopify,123,continue,manual,1399.00,0.00,true,false,,,,,'10717131,,,,,,,,,,,,,,,,,,,,,,,,,,,,,,,,,,,,,,,,,,,,,,,https://cdn.shopify.com/s/files/1/0618/2368/0740/files/WhatsApp_Image_2025-01-06_at_8.15.30_PM.jpg?v=1736250708,kg,,,,,,
baby-cute-cat-printed-kids-hoodie-set-copy-1,,,,,,,,,11-12-years,,,silver,,,,,'10717132,500.0,shopify,123,continue,manual,1399.00,0.00,true,false,,,,,'10717132,,,,,,,,,,,,,,,,,,,,,,,,,,,,,,,,,,,,,,,,,,,,,,,https://cdn.shopify.com/s/files/1/0618/2368/0740/files/WhatsApp_Image_2025-01-06_at_8.15.30_PM_1.jpg?v=1736250708,kg,,,,,,
baby-cute-cat-printed-kids-hoodie-set-copy-1,,,,,,,,,11-12-years,,,yellow-1,,,,,'10717133,500.0,shopify,123,continue,manual,1399.00,0.00,true,false,,,,,'10717133,,,,,,,,,,,,,,,,,,,,,,,,,,,,,,,,,,,,,,,,,,,,,,,https://cdn.shopify.com/s/files/1/0618/2368/0740/files/WhatsApp_Image_2025-01-06_at_8.15.29_PM.jpg?v=1736250708,kg,,,,,,
baby-cute-cat-printed-kids-hoodie-set-copy-1,,,,,,,,,11-12-years,,,navy-1,,,,,'10717134,500.0,shopify,123,continue,manual,1399.00,0.00,true,false,,,,,'10717134,,,,,,,,,,,,,,,,,,,,,,,,,,,,,,,,,,,,,,,,,,,,,,,https://cdn.shopify.com/s/files/1/0618/2368/0740/files/WhatsApp_Image_2025-01-06_at_8.15.32_PM.jpg?v=1736250708,kg,,,,,,
baby-cute-cat-printed-kids-hoodie-set-copy-1,,,,,,,,,11-12-years,,,dark-grey,,,,,'10707002,500.0,shopify,123,continue,manual,1399.00,0.00,true,false,,,,,'10707002,,,,,,,,,,,,,,,,,,,,,,,,,,,,,,,,,,,,,,,,,,,,,,,https://cdn.shopify.com/s/files/1/0618/2368/0740/files/WhatsApp_Image_2025-01-06_at_8.15.31_PM.jpg?v=1736250708,kg,,,,,,
j-23-printed-kids-hoodie-set-copy,Kids Winter Hoodie Set | Girl Power Printed,"<h4><strong><span data-sheets-root=""1"">Kids Winter Hoodie Set | Girl Power Printed<br><br></span></strong></h4>
<p data-start=""201"" data-end=""428"">Designed with a bold and empowering message, this outfit celebrates strength, confidence, and style—perfect for your little star.</p>
<p data-start=""430"" data-end=""712"">Crafted from soft, premium fleece fabric, the hoodie keeps your child warm and cozy during chilly days, while the matching jogger pants provide a comfortable and relaxed fit for everyday wear. Whether it’s school, playtime, or outings, this set blends comfort with a confident look.</p>
<p data-start=""714"" data-end=""827"">The “Girl Power” print adds a trendy and inspiring touch, making it a must-have for your child’s winter wardrobe.</p>
<p data-start=""829"" data-end=""844"">✨ <strong data-start=""831"" data-end=""844"">Features:</strong></p>
<ul data-start=""845"" data-end=""1069"">
<li data-section-id=""m2jogh"" data-start=""845"" data-end=""888"">Soft fleece fabric for warmth &amp; comfort</li>
<li data-section-id=""zl18sv"" data-start=""889"" data-end=""931"">Stylish “Girl Power” printed design 💖</li>
<li data-section-id=""gklsta"" data-start=""932"" data-end=""970"">Cozy hoodie with soft inner lining</li>
<li data-section-id=""1qd8zxj"" data-start=""971"" data-end=""1019"">Matching jogger pants with elastic waistband</li>
<li data-section-id=""9bnese"" data-start=""1020"" data-end=""1069"">Ideal for daily wear, school &amp; winter outings</li>
</ul>
<p data-start=""1071"" data-end=""1147"">Let your little one stay <strong data-start=""1096"" data-end=""1134"">warm, confident, and full of style</strong> this winter!</p>
<h4><strong><span data-sheets-root=""1""><br></span></strong></h4>",BBG FASHION,Apparel & Accessories > Clothing > Baby & Toddler Clothing,Kids Hoodie Set,Kids Winter Collection,true,Size,1 - 2 Years,,Color,blue,product.metafields.shopify.color-pattern,,,,'10717053,500.0,shopify,100,continue,manual,1399.00,0.00,true,false,,,,,'10717053,https://cdn.shopify.com/s/files/1/0618/2368/0740/files/WhatsApp_Image_2025-01-06_at_8.13.30_PM.jpg?v=1736250379,1,J 23 Printed Kids Hoodie Set Copy - side view - kids wear Pakistan,false,,"Shop Kids Winter Hoodie Set Girl Power Printed in soft fleece. Warm, stylish & comfortable winter outfit for girls. Perfect everyday wear in Pakistan. Order now!",182,,,,,,,,,,,,,,,,,,,,blue; red; pink; silver; yellow-1; navy-1; dark-grey,,,fleece,,,,,,,,,,,,,,,,,https://cdn.shopify.com/s/files/1/0618/2368/0740/files/WhatsApp_Image_2025-01-06_at_8.13.33_PM.jpg?v=1736250379,kg,,,true,,,active
j-23-printed-kids-hoodie-set-copy,,,,,,,,,1 - 2 Years,,,red,,,,,'10717054,500.0,shopify,99,continue,manual,1399.00,0.00,true,false,,,,,'10717054,https://cdn.shopify.com/s/files/1/0618/2368/0740/files/WhatsApp_Image_2025-01-06_at_8.13.29_PM_1.jpg?v=1736250379,2,J 23 Printed Kids Hoodie Set Copy - front view - kids wear Pakistan,,,,,,,,,,,,,,,,,,,,,,,,,,,,,,,,,,,,,,,,,,,,https://cdn.shopify.com/s/files/1/0618/2368/0740/files/WhatsApp_Image_2025-01-06_at_8.13.29_PM_1.jpg?v=1736250379,kg,,,,,,
j-23-printed-kids-hoodie-set-copy,,,,,,,,,1 - 2 Years,,,pink,,,,,'10717055,500.0,shopify,100,continue,manual,1399.00,0.00,true,false,,,,,'10717055,https://cdn.shopify.com/s/files/1/0618/2368/0740/files/WhatsApp_Image_2025-01-06_at_8.13.33_PM.jpg?v=1736250379,3,J 23 Printed Kids Hoodie Set Copy size chart - measurements guide,,,,,,,,,,,,,,,,,,,,,,,,,,,,,,,,,,,,,,,,,,,,https://cdn.shopify.com/s/files/1/0618/2368/0740/files/WhatsApp_Image_2025-01-06_at_8.13.30_PM.jpg?v=1736250379,kg,,,,,,
j-23-printed-kids-hoodie-set-copy,,,,,,,,,1 - 2 Years,,,silver,,,,,'10717056,500.0,shopify,100,continue,manual,1399.00,0.00,true,false,,,,,'10717056,https://cdn.shopify.com/s/files/1/0618/2368/0740/files/WhatsApp_Image_2025-01-06_at_8.13.29_PM.jpg?v=1736250379,4,J 23 Printed Kids Hoodie Set Copy - back view - kids wear Pakistan,,,,,,,,,,,,,,,,,,,,,,,,,,,,,,,,,,,,,,,,,,,,https://cdn.shopify.com/s/files/1/0618/2368/0740/files/WhatsApp_Image_2025-01-06_at_8.13.31_PM.jpg?v=1736250379,kg,,,,,,
j-23-printed-kids-hoodie-set-copy,,,,,,,,,1 - 2 Years,,,yellow-1,,,,,'10717057,500.0,shopify,100,continue,manual,1399.00,0.00,true,false,,,,,'10717057,https://cdn.shopify.com/s/files/1/0618/2368/0740/files/WhatsApp_Image_2025-01-06_at_8.13.31_PM.jpg?v=1736250379,5,J 23 Printed Kids Hoodie Set Copy - close-up detail - kids wear Pakistan,,,,,,,,,,,,,,,,,,,,,,,,,,,,,,,,,,,,,,,,,,,,https://cdn.shopify.com/s/files/1/0618/2368/0740/files/WhatsApp_Image_2025-01-06_at_8.13.29_PM.jpg?v=1736250379,kg,,,,,,
j-23-printed-kids-hoodie-set-copy,,,,,,,,,1 - 2 Years,,,navy-1,,,,,'10717058,500.0,shopify,100,continue,manual,1399.00,0.00,true,false,,,,,'10717058,https://cdn.shopify.com/s/files/1/0618/2368/0740/files/WhatsApp_Image_2025-01-06_at_8.13.32_PM_1.jpg?v=1736250379,6,J 23 Printed Kids Hoodie Set Copy - flat lay - kids wear Pakistan,,,,,,,,,,,,,,,,,,,,,,,,,,,,,,,,,,,,,,,,,,,,https://cdn.shopify.com/s/files/1/0618/2368/0740/files/WhatsApp_Image_2025-01-06_at_8.13.32_PM_1.jpg?v=1736250379,kg,,,,,,
j-23-printed-kids-hoodie-set-copy,,,,,,,,,1 - 2 Years,,,dark-grey,,,,,'10717059,500.0,shopify,100,continue,manual,1399.00,0.00,true,false,,,,,'10717059,https://cdn.shopify.com/s/files/1/0618/2368/0740/files/WhatsApp_Image_2025-01-06_at_8.13.32_PM.jpg?v=1736250379,7,J 23 Printed Kids Hoodie Set Copy - lifestyle view - kids wear Pakistan,,,,,,,,,,,,,,,,,,,,,,,,,,,,,,,,,,,,,,,,,,,,https://cdn.shopify.com/s/files/1/0618/2368/0740/files/WhatsApp_Image_2025-01-06_at_8.13.32_PM.jpg?v=1736250379,kg,,,,,,
j-23-printed-kids-hoodie-set-copy,,,,,,,,,3 - 4 Years,,,blue,,,,,'10717060,500.0,shopify,100,continue,manual,1399.00,0.00,true,false,,,,,'10717060,https://cdn.shopify.com/s/files/1/0618/2368/0740/files/kidssizechart_e28feb53-900a-4966-81fe-20382accf994.jpg?v=1776761612,8,We Can Be Heroes Printed Kids Hoodie Set Copy size chart - measurements guide,,,,,,,,,,,,,,,,,,,,,,,,,,,,,,,,,,,,,,,,,,,,https://cdn.shopify.com/s/files/1/0618/2368/0740/files/WhatsApp_Image_2025-01-06_at_8.13.33_PM.jpg?v=1736250379,kg,,,,,,
j-23-printed-kids-hoodie-set-copy,,,,,,,,,3 - 4 Years,,,red,,,,,'10717061,500.0,shopify,100,continue,manual,1399.00,0.00,true,false,,,,,'10717061,,,,,,,,,,,,,,,,,,,,,,,,,,,,,,,,,,,,,,,,,,,,,,,https://cdn.shopify.com/s/files/1/0618/2368/0740/files/WhatsApp_Image_2025-01-06_at_8.13.29_PM_1.jpg?v=1736250379,kg,,,,,,
j-23-printed-kids-hoodie-set-copy,,,,,,,,,3 - 4 Years,,,pink,,,,,'10717062,500.0,shopify,100,continue,manual,1399.00,0.00,true,false,,,,,'10717062,,,,,,,,,,,,,,,,,,,,,,,,,,,,,,,,,,,,,,,,,,,,,,,https://cdn.shopify.com/s/files/1/0618/2368/0740/files/WhatsApp_Image_2025-01-06_at_8.13.30_PM.jpg?v=1736250379,kg,,,,,,
j-23-printed-kids-hoodie-set-copy,,,,,,,,,3 - 4 Years,,,silver,,,,,'10717063,500.0,shopify,100,continue,manual,1399.00,0.00,true,false,,,,,'10717063,,,,,,,,,,,,,,,,,,,,,,,,,,,,,,,,,,,,,,,,,,,,,,,https://cdn.shopify.com/s/files/1/0618/2368/0740/files/WhatsApp_Image_2025-01-06_at_8.13.31_PM.jpg?v=1736250379,kg,,,,,,
j-23-printed-kids-hoodie-set-copy,,,,,,,,,3 - 4 Years,,,yellow-1,,,,,'10717064,500.0,shopify,100,continue,manual,1399.00,0.00,true,false,,,,,'10717064,,,,,,,,,,,,,,,,,,,,,,,,,,,,,,,,,,,,,,,,,,,,,,,https://cdn.shopify.com/s/files/1/0618/2368/0740/files/WhatsApp_Image_2025-01-06_at_8.13.29_PM.jpg?v=1736250379,kg,,,,,,
j-23-printed-kids-hoodie-set-copy,,,,,,,,,3 - 4 Years,,,navy-1,,,,,'10717065,500.0,shopify,100,continue,manual,1399.00,0.00,true,false,,,,,'10717065,,,,,,,,,,,,,,,,,,,,,,,,,,,,,,,,,,,,,,,,,,,,,,,https://cdn.shopify.com/s/files/1/0618/2368/0740/files/WhatsApp_Image_2025-01-06_at_8.13.32_PM_1.jpg?v=1736250379,kg,,,,,,
j-23-printed-kids-hoodie-set-copy,,,,,,,,,3 - 4 Years,,,dark-grey,,,,,'10717066,500.0,shopify,100,continue,manual,1399.00,0.00,true,false,,,,,'10717066,,,,,,,,,,,,,,,,,,,,,,,,,,,,,,,,,,,,,,,,,,,,,,,https://cdn.shopify.com/s/files/1/0618/2368/0740/files/WhatsApp_Image_2025-01-06_at_8.13.32_PM.jpg?v=1736250379,kg,,,,,,
j-23-printed-kids-hoodie-set-copy,,,,,,,,,5 - 6 Years,,,blue,,,,,'10717067,500.0,shopify,100,continue,manual,1399.00,0.00,true,false,,,,,'10717067,,,,,,,,,,,,,,,,,,,,,,,,,,,,,,,,,,,,,,,,,,,,,,,https://cdn.shopify.com/s/files/1/0618/2368/0740/files/WhatsApp_Image_2025-01-06_at_8.13.33_PM.jpg?v=1736250379,kg,,,,,,
j-23-printed-kids-hoodie-set-copy,,,,,,,,,5 - 6 Years,,,red,,,,,'10717068,500.0,shopify,100,continue,manual,1399.00,0.00,true,false,,,,,'10717068,,,,,,,,,,,,,,,,,,,,,,,,,,,,,,,,,,,,,,,,,,,,,,,https://cdn.shopify.com/s/files/1/0618/2368/0740/files/WhatsApp_Image_2025-01-06_at_8.13.29_PM_1.jpg?v=1736250379,kg,,,,,,
j-23-printed-kids-hoodie-set-copy,,,,,,,,,5 - 6 Years,,,pink,,,,,'10717069,500.0,shopify,100,continue,manual,1399.00,0.00,true,false,,,,,'10717069,,,,,,,,,,,,,,,,,,,,,,,,,,,,,,,,,,,,,,,,,,,,,,,https://cdn.shopify.com/s/files/1/0618/2368/0740/files/WhatsApp_Image_2025-01-06_at_8.13.30_PM.jpg?v=1736250379,kg,,,,,,
j-23-printed-kids-hoodie-set-copy,,,,,,,,,5 - 6 Years,,,silver,,,,,'10717070,500.0,shopify,100,continue,manual,1399.00,0.00,true,false,,,,,'10717070,,,,,,,,,,,,,,,,,,,,,,,,,,,,,,,,,,,,,,,,,,,,,,,https://cdn.shopify.com/s/files/1/0618/2368/0740/files/WhatsApp_Image_2025-01-06_at_8.13.31_PM.jpg?v=1736250379,kg,,,,,,
j-23-printed-kids-hoodie-set-copy,,,,,,,,,5 - 6 Years,,,yellow-1,,,,,'10717071,500.0,shopify,100,continue,manual,1399.00,0.00,true,false,,,,,'10717071,,,,,,,,,,,,,,,,,,,,,,,,,,,,,,,,,,,,,,,,,,,,,,,https://cdn.shopify.com/s/files/1/0618/2368/0740/files/WhatsApp_Image_2025-01-06_at_8.13.29_PM.jpg?v=1736250379,kg,,,,,,
j-23-printed-kids-hoodie-set-copy,,,,,,,,,5 - 6 Years,,,navy-1,,,,,'10717072,500.0,shopify,100,continue,manual,1399.00,0.00,true,false,,,,,'10717072,,,,,,,,,,,,,,,,,,,,,,,,,,,,,,,,,,,,,,,,,,,,,,,https://cdn.shopify.com/s/files/1/0618/2368/0740/files/WhatsApp_Image_2025-01-06_at_8.13.32_PM_1.jpg?v=1736250379,kg,,,,,,
j-23-printed-kids-hoodie-set-copy,,,,,,,,,5 - 6 Years,,,dark-grey,,,,,'10717073,500.0,shopify,100,continue,manual,1399.00,0.00,true,false,,,,,'10717073,,,,,,,,,,,,,,,,,,,,,,,,,,,,,,,,,,,,,,,,,,,,,,,https://cdn.shopify.com/s/files/1/0618/2368/0740/files/WhatsApp_Image_2025-01-06_at_8.13.32_PM.jpg?v=1736250379,kg,,,,,,
j-23-printed-kids-hoodie-set-copy,,,,,,,,,7 - 8 Years,,,blue,,,,,'10717074,500.0,shopify,100,continue,manual,1399.00,0.00,true,false,,,,,'10717074,,,,,,,,,,,,,,,,,,,,,,,,,,,,,,,,,,,,,,,,,,,,,,,https://cdn.shopify.com/s/files/1/0618/2368/0740/files/WhatsApp_Image_2025-01-06_at_8.13.33_PM.jpg?v=1736250379,kg,,,,,,
j-23-printed-kids-hoodie-set-copy,,,,,,,,,7 - 8 Years,,,red,,,,,'10717075,500.0,shopify,99,continue,manual,1399.00,0.00,true,false,,,,,'10717075,,,,,,,,,,,,,,,,,,,,,,,,,,,,,,,,,,,,,,,,,,,,,,,https://cdn.shopify.com/s/files/1/0618/2368/0740/files/WhatsApp_Image_2025-01-06_at_8.13.29_PM_1.jpg?v=1736250379,kg,,,,,,
j-23-printed-kids-hoodie-set-copy,,,,,,,,,7 - 8 Years,,,pink,,,,,'10717076,500.0,shopify,100,continue,manual,1399.00,0.00,true,false,,,,,'10717076,,,,,,,,,,,,,,,,,,,,,,,,,,,,,,,,,,,,,,,,,,,,,,,https://cdn.shopify.com/s/files/1/0618/2368/0740/files/WhatsApp_Image_2025-01-06_at_8.13.30_PM.jpg?v=1736250379,kg,,,,,,
j-23-printed-kids-hoodie-set-copy,,,,,,,,,7 - 8 Years,,,silver,,,,,'10717077,500.0,shopify,100,continue,manual,1399.00,0.00,true,false,,,,,'10717077,,,,,,,,,,,,,,,,,,,,,,,,,,,,,,,,,,,,,,,,,,,,,,,https://cdn.shopify.com/s/files/1/0618/2368/0740/files/WhatsApp_Image_2025-01-06_at_8.13.31_PM.jpg?v=1736250379,kg,,,,,,
j-23-printed-kids-hoodie-set-copy,,,,,,,,,7 - 8 Years,,,yellow-1,,,,,'10717078,500.0,shopify,100,continue,manual,1399.00,0.00,true,false,,,,,'10717078,,,,,,,,,,,,,,,,,,,,,,,,,,,,,,,,,,,,,,,,,,,,,,,https://cdn.shopify.com/s/files/1/0618/2368/0740/files/WhatsApp_Image_2025-01-06_at_8.13.29_PM.jpg?v=1736250379,kg,,,,,,
j-23-printed-kids-hoodie-set-copy,,,,,,,,,7 - 8 Years,,,navy-1,,,,,'10717079,500.0,shopify,100,continue,manual,1399.00,0.00,true,false,,,,,'10717079,,,,,,,,,,,,,,,,,,,,,,,,,,,,,,,,,,,,,,,,,,,,,,,https://cdn.shopify.com/s/files/1/0618/2368/0740/files/WhatsApp_Image_2025-01-06_at_8.13.32_PM_1.jpg?v=1736250379,kg,,,,,,
j-23-printed-kids-hoodie-set-copy,,,,,,,,,7 - 8 Years,,,dark-grey,,,,,'10717080,500.0,shopify,100,continue,manual,1399.00,0.00,true,false,,,,,'10717080,,,,,,,,,,,,,,,,,,,,,,,,,,,,,,,,,,,,,,,,,,,,,,,https://cdn.shopify.com/s/files/1/0618/2368/0740/files/WhatsApp_Image_2025-01-06_at_8.13.32_PM.jpg?v=1736250379,kg,,,,,,
j-23-printed-kids-hoodie-set-copy,,,,,,,,,9 - 10 Years,,,blue,,,,,'10717081,500.0,shopify,100,continue,manual,1399.00,0.00,true,false,,,,,'10717081,,,,,,,,,,,,,,,,,,,,,,,,,,,,,,,,,,,,,,,,,,,,,,,https://cdn.shopify.com/s/files/1/0618/2368/0740/files/WhatsApp_Image_2025-01-06_at_8.13.33_PM.jpg?v=1736250379,kg,,,,,,
j-23-printed-kids-hoodie-set-copy,,,,,,,,,9 - 10 Years,,,red,,,,,'10717082,500.0,shopify,100,continue,manual,1399.00,0.00,true,false,,,,,'10717082,,,,,,,,,,,,,,,,,,,,,,,,,,,,,,,,,,,,,,,,,,,,,,,https://cdn.shopify.com/s/files/1/0618/2368/0740/files/WhatsApp_Image_2025-01-06_at_8.13.29_PM_1.jpg?v=1736250379,kg,,,,,,
j-23-printed-kids-hoodie-set-copy,,,,,,,,,9 - 10 Years,,,pink,,,,,'10717083,500.0,shopify,100,continue,manual,1399.00,0.00,true,false,,,,,'10717083,,,,,,,,,,,,,,,,,,,,,,,,,,,,,,,,,,,,,,,,,,,,,,,https://cdn.shopify.com/s/files/1/0618/2368/0740/files/WhatsApp_Image_2025-01-06_at_8.13.30_PM.jpg?v=1736250379,kg,,,,,,
j-23-printed-kids-hoodie-set-copy,,,,,,,,,9 - 10 Years,,,silver,,,,,'10717084,500.0,shopify,100,continue,manual,1399.00,0.00,true,false,,,,,'10717084,,,,,,,,,,,,,,,,,,,,,,,,,,,,,,,,,,,,,,,,,,,,,,,https://cdn.shopify.com/s/files/1/0618/2368/0740/files/WhatsApp_Image_2025-01-06_at_8.13.31_PM.jpg?v=1736250379,kg,,,,,,
j-23-printed-kids-hoodie-set-copy,,,,,,,,,9 - 10 Years,,,yellow-1,,,,,'10717085,500.0,shopify,100,continue,manual,1399.00,0.00,true,false,,,,,'10717085,,,,,,,,,,,,,,,,,,,,,,,,,,,,,,,,,,,,,,,,,,,,,,,https://cdn.shopify.com/s/files/1/0618/2368/0740/files/WhatsApp_Image_2025-01-06_at_8.13.29_PM.jpg?v=1736250379,kg,,,,,,
j-23-printed-kids-hoodie-set-copy,,,,,,,,,9 - 10 Years,,,navy-1,,,,,'10717086,500.0,shopify,100,continue,manual,1399.00,0.00,true,false,,,,,'10717086,,,,,,,,,,,,,,,,,,,,,,,,,,,,,,,,,,,,,,,,,,,,,,,https://cdn.shopify.com/s/files/1/0618/2368/0740/files/WhatsApp_Image_2025-01-06_at_8.13.32_PM_1.jpg?v=1736250379,kg,,,,,,
j-23-printed-kids-hoodie-set-copy,,,,,,,,,9 - 10 Years,,,dark-grey,,,,,'10717087,500.0,shopify,100,continue,manual,1399.00,0.00,true,false,,,,,'10717087,,,,,,,,,,,,,,,,,,,,,,,,,,,,,,,,,,,,,,,,,,,,,,,https://cdn.shopify.com/s/files/1/0618/2368/0740/files/WhatsApp_Image_2025-01-06_at_8.13.32_PM.jpg?v=1736250379,kg,,,,,,
j-23-printed-kids-hoodie-set-copy,,,,,,,,,11 - 12 Years,,,blue,,,,,'10717088,500.0,shopify,100,continue,manual,1399.00,0.00,true,false,,,,,'10717088,,,,,,,,,,,,,,,,,,,,,,,,,,,,,,,,,,,,,,,,,,,,,,,https://cdn.shopify.com/s/files/1/0618/2368/0740/files/WhatsApp_Image_2025-01-06_at_8.13.33_PM.jpg?v=1736250379,kg,,,,,,
j-23-printed-kids-hoodie-set-copy,,,,,,,,,11 - 12 Years,,,red,,,,,'10717089,500.0,shopify,100,continue,manual,1399.00,0.00,true,false,,,,,'10717089,,,,,,,,,,,,,,,,,,,,,,,,,,,,,,,,,,,,,,,,,,,,,,,https://cdn.shopify.com/s/files/1/0618/2368/0740/files/WhatsApp_Image_2025-01-06_at_8.13.29_PM_1.jpg?v=1736250379,kg,,,,,,
j-23-printed-kids-hoodie-set-copy,,,,,,,,,11 - 12 Years,,,pink,,,,,'10717090,500.0,shopify,100,continue,manual,1399.00,0.00,true,false,,,,,'10717090,,,,,,,,,,,,,,,,,,,,,,,,,,,,,,,,,,,,,,,,,,,,,,,https://cdn.shopify.com/s/files/1/0618/2368/0740/files/WhatsApp_Image_2025-01-06_at_8.13.30_PM.jpg?v=1736250379,kg,,,,,,
j-23-printed-kids-hoodie-set-copy,,,,,,,,,11 - 12 Years,,,silver,,,,,'10717091,500.0,shopify,100,continue,manual,1399.00,0.00,true,false,,,,,'10717091,,,,,,,,,,,,,,,,,,,,,,,,,,,,,,,,,,,,,,,,,,,,,,,https://cdn.shopify.com/s/files/1/0618/2368/0740/files/WhatsApp_Image_2025-01-06_at_8.13.31_PM.jpg?v=1736250379,kg,,,,,,
j-23-printed-kids-hoodie-set-copy,,,,,,,,,11 - 12 Years,,,yellow-1,,,,,'10717092,500.0,shopify,100,continue,manual,1399.00,0.00,true,false,,,,,'10717092,,,,,,,,,,,,,,,,,,,,,,,,,,,,,,,,,,,,,,,,,,,,,,,https://cdn.shopify.com/s/files/1/0618/2368/0740/files/WhatsApp_Image_2025-01-06_at_8.13.29_PM.jpg?v=1736250379,kg,,,,,,
j-23-printed-kids-hoodie-set-copy,,,,,,,,,11 - 12 Years,,,navy-1,,,,,'10717093,500.0,shopify,100,continue,manual,1399.00,0.00,true,false,,,,,'10717093,,,,,,,,,,,,,,,,,,,,,,,,,,,,,,,,,,,,,,,,,,,,,,,https://cdn.shopify.com/s/files/1/0618/2368/0740/files/WhatsApp_Image_2025-01-06_at_8.13.32_PM_1.jpg?v=1736250379,kg,,,,,,
j-23-printed-kids-hoodie-set-copy,,,,,,,,,11 - 12 Years,,,dark-grey,,,,,'10707001,500.0,shopify,100,continue,manual,1399.00,0.00,true,false,,,,,'10707001,,,,,,,,,,,,,,,,,,,,,,,,,,,,,,,,,,,,,,,,,,,,,,,https://cdn.shopify.com/s/files/1/0618/2368/0740/files/WhatsApp_Image_2025-01-06_at_8.13.32_PM.jpg?v=1736250379,kg,,,,,,
baby-cute-cat-printed-kids-hoodie-set-copy,Kids Winter Hoodie Set | J 23 Printed,"<h4><strong><span data-sheets-root=""1"">Kids Winter Hoodie Set | J 23 Printed<br><br></span></strong></h4>
<p data-start=""221"" data-end=""433"">Featuring a trendy “J 23” print, this outfit brings a modern athletic vibe that stands out effortlessly.</p>
<p data-start=""435"" data-end=""718"">Made from soft, premium fleece fabric, the hoodie keeps your child warm and cozy during chilly days, while the matching jogger pants provide a relaxed and flexible fit for all-day comfort. Whether it’s school, playtime, or outings, this set is perfect for kids who love sporty style.</p>
<p data-start=""720"" data-end=""835"">The sleek “J 23” design adds a confident and stylish touch, making it a must-have for your child’s winter wardrobe.</p>
<p data-start=""837"" data-end=""852"">✨ <strong data-start=""839"" data-end=""852"">Features:</strong></p>
<ul data-start=""853"" data-end=""1071"">
<li data-section-id=""m2jogh"" data-start=""853"" data-end=""896"">Soft fleece fabric for warmth &amp; comfort</li>
<li data-section-id=""10lqn98"" data-start=""897"" data-end=""933"">Stylish “J 23” printed design 🏀</li>
<li data-section-id=""gklsta"" data-start=""934"" data-end=""972"">Cozy hoodie with soft inner lining</li>
<li data-section-id=""1qd8zxj"" data-start=""973"" data-end=""1021"">Matching jogger pants with elastic waistband</li>
<li data-section-id=""9bnese"" data-start=""1022"" data-end=""1071"">Ideal for daily wear, school &amp; winter outings</li>
</ul>
<p data-start=""1073"" data-end=""1150"">Let your kids stay <strong data-start=""1092"" data-end=""1137"">warm, confident, and effortlessly stylish</strong> this winter!</p>
<h4><strong><span data-sheets-root=""1""><br></span></strong></h4>",BBG FASHION,Apparel & Accessories > Clothing > Baby & Toddler Clothing,Kids Hoodie Set,Kids Winter Collection,true,Size,1 - 2 Years,,Color,blue,product.metafields.shopify.color-pattern,,,,'10717012,500.0,shopify,100,continue,manual,1399.00,0.00,true,false,,,,,'10717012,https://cdn.shopify.com/s/files/1/0618/2368/0740/files/WhatsApp_Image_2025-01-06_at_8.11.16_PM.jpg?v=1736250113,1,Baby Cute Cat Printed Kids Hoodie Set Copy - detail shot - kids wear Pakistan,false,,"Shop Kids Winter Hoodie Set J 23 Printed in soft fleece. Warm, stylish & sporty winter outfit for kids. Perfect everyday wear in Pakistan. Order now!",182,,,,,,,,,,,,,,,,,,,,blue; red; pink; silver; yellow-1; navy-1; dark-grey,,,fleece,,,,,,,,,,,,,,,,,https://cdn.shopify.com/s/files/1/0618/2368/0740/files/WhatsApp_Image_2025-01-06_at_8.11.19_PM.jpg?v=1736250113,kg,,,true,,,active
baby-cute-cat-printed-kids-hoodie-set-copy,,,,,,,,,1 - 2 Years,,,red,,,,,'10717013,500.0,shopify,100,continue,manual,1399.00,0.00,true,false,,,,,'10717013,https://cdn.shopify.com/s/files/1/0618/2368/0740/files/WhatsApp_Image_2025-01-06_at_8.11.14_PM.jpg?v=1736250113,2,Baby Cute Cat Printed Kids Hoodie Set Copy - front view - kids wear Pakistan,,,,,,,,,,,,,,,,,,,,,,,,,,,,,,,,,,,,,,,,,,,,https://cdn.shopify.com/s/files/1/0618/2368/0740/files/WhatsApp_Image_2025-01-06_at_8.11.14_PM_1.jpg?v=1736250113,kg,,,,,,
baby-cute-cat-printed-kids-hoodie-set-copy,,,,,,,,,1 - 2 Years,,,pink,,,,,'10717014,500.0,shopify,100,continue,manual,1399.00,0.00,true,false,,,,,'10717014,https://cdn.shopify.com/s/files/1/0618/2368/0740/files/WhatsApp_Image_2025-01-06_at_8.11.18_PM_1.jpg?v=1736250113,3,Baby Cute Cat Printed Kids Hoodie Set Copy - back view - kids wear Pakistan,,,,,,,,,,,,,,,,,,,,,,,,,,,,,,,,,,,,,,,,,,,,https://cdn.shopify.com/s/files/1/0618/2368/0740/files/WhatsApp_Image_2025-01-06_at_8.11.16_PM.jpg?v=1736250113,kg,,,,,,
baby-cute-cat-printed-kids-hoodie-set-copy,,,,,,,,,1 - 2 Years,,,silver,,,,,'10717015,500.0,shopify,100,continue,manual,1399.00,0.00,true,false,,,,,'10717015,https://cdn.shopify.com/s/files/1/0618/2368/0740/files/WhatsApp_Image_2025-01-06_at_8.11.14_PM_1.jpg?v=1736250113,4,Baby Cute Cat Printed Kids Hoodie Set Copy - side view - kids wear Pakistan,,,,,,,,,,,,,,,,,,,,,,,,,,,,,,,,,,,,,,,,,,,,https://cdn.shopify.com/s/files/1/0618/2368/0740/files/WhatsApp_Image_2025-01-06_at_8.11.17_PM.jpg?v=1736250113,kg,,,,,,
baby-cute-cat-printed-kids-hoodie-set-copy,,,,,,,,,1 - 2 Years,,,yellow-1,,,,,'10717016,500.0,shopify,100,continue,manual,1399.00,0.00,true,false,,,,,'10717016,https://cdn.shopify.com/s/files/1/0618/2368/0740/files/WhatsApp_Image_2025-01-06_at_8.11.17_PM.jpg?v=1736250113,5,Baby Cute Cat Printed Kids Hoodie Set Copy - flat lay - kids wear Pakistan,,,,,,,,,,,,,,,,,,,,,,,,,,,,,,,,,,,,,,,,,,,,https://cdn.shopify.com/s/files/1/0618/2368/0740/files/WhatsApp_Image_2025-01-06_at_8.11.14_PM.jpg?v=1736250113,kg,,,,,,
baby-cute-cat-printed-kids-hoodie-set-copy,,,,,,,,,1 - 2 Years,,,navy-1,,,,,'10717017,500.0,shopify,100,continue,manual,1399.00,0.00,true,false,,,,,'10717017,https://cdn.shopify.com/s/files/1/0618/2368/0740/files/WhatsApp_Image_2025-01-06_at_8.11.18_PM.jpg?v=1736250113,6,Baby Cute Cat Printed Kids Hoodie Set Copy - lifestyle view - kids wear Pakistan,,,,,,,,,,,,,,,,,,,,,,,,,,,,,,,,,,,,,,,,,,,,https://cdn.shopify.com/s/files/1/0618/2368/0740/files/WhatsApp_Image_2025-01-06_at_8.11.18_PM_1.jpg?v=1736250113,kg,,,,,,
baby-cute-cat-printed-kids-hoodie-set-copy,,,,,,,,,1 - 2 Years,,,dark-grey,,,,,'10717018,500.0,shopify,100,continue,manual,1399.00,0.00,true,false,,,,,'10717018,https://cdn.shopify.com/s/files/1/0618/2368/0740/files/WhatsApp_Image_2025-01-06_at_8.11.19_PM.jpg?v=1736250113,7,Baby Cute Cat Printed Kids Hoodie Set Copy size chart - measurements guide,,,,,,,,,,,,,,,,,,,,,,,,,,,,,,,,,,,,,,,,,,,,https://cdn.shopify.com/s/files/1/0618/2368/0740/files/WhatsApp_Image_2025-01-06_at_8.11.18_PM.jpg?v=1736250113,kg,,,,,,
baby-cute-cat-printed-kids-hoodie-set-copy,,,,,,,,,3 - 4 Years,,,blue,,,,,'10717019,500.0,shopify,100,continue,manual,1399.00,0.00,true,false,,,,,'10717019,https://cdn.shopify.com/s/files/1/0618/2368/0740/files/kidssizechart_e28feb53-900a-4966-81fe-20382accf994.jpg?v=1776761612,8,We Can Be Heroes Printed Kids Hoodie Set Copy size chart - measurements guide,,,,,,,,,,,,,,,,,,,,,,,,,,,,,,,,,,,,,,,,,,,,https://cdn.shopify.com/s/files/1/0618/2368/0740/files/WhatsApp_Image_2025-01-06_at_8.11.19_PM.jpg?v=1736250113,kg,,,,,,
baby-cute-cat-printed-kids-hoodie-set-copy,,,,,,,,,3 - 4 Years,,,red,,,,,'10717020,500.0,shopify,100,continue,manual,1399.00,0.00,true,false,,,,,'10717020,,,,,,,,,,,,,,,,,,,,,,,,,,,,,,,,,,,,,,,,,,,,,,,https://cdn.shopify.com/s/files/1/0618/2368/0740/files/WhatsApp_Image_2025-01-06_at_8.11.14_PM_1.jpg?v=1736250113,kg,,,,,,
baby-cute-cat-printed-kids-hoodie-set-copy,,,,,,,,,3 - 4 Years,,,pink,,,,,'10717021,500.0,shopify,100,continue,manual,1399.00,0.00,true,false,,,,,'10717021,,,,,,,,,,,,,,,,,,,,,,,,,,,,,,,,,,,,,,,,,,,,,,,https://cdn.shopify.com/s/files/1/0618/2368/0740/files/WhatsApp_Image_2025-01-06_at_8.11.16_PM.jpg?v=1736250113,kg,,,,,,
baby-cute-cat-printed-kids-hoodie-set-copy,,,,,,,,,3 - 4 Years,,,silver,,,,,'10717022,500.0,shopify,100,continue,manual,1399.00,0.00,true,false,,,,,'10717022,,,,,,,,,,,,,,,,,,,,,,,,,,,,,,,,,,,,,,,,,,,,,,,https://cdn.shopify.com/s/files/1/0618/2368/0740/files/WhatsApp_Image_2025-01-06_at_8.11.17_PM.jpg?v=1736250113,kg,,,,,,
baby-cute-cat-printed-kids-hoodie-set-copy,,,,,,,,,3 - 4 Years,,,yellow-1,,,,,'10717023,500.0,shopify,100,continue,manual,1399.00,0.00,true,false,,,,,'10717023,,,,,,,,,,,,,,,,,,,,,,,,,,,,,,,,,,,,,,,,,,,,,,,https://cdn.shopify.com/s/files/1/0618/2368/0740/files/WhatsApp_Image_2025-01-06_at_8.11.14_PM.jpg?v=1736250113,kg,,,,,,
baby-cute-cat-printed-kids-hoodie-set-copy,,,,,,,,,3 - 4 Years,,,navy-1,,,,,'10717024,500.0,shopify,100,continue,manual,1399.00,0.00,true,false,,,,,'10717024,,,,,,,,,,,,,,,,,,,,,,,,,,,,,,,,,,,,,,,,,,,,,,,https://cdn.shopify.com/s/files/1/0618/2368/0740/files/WhatsApp_Image_2025-01-06_at_8.11.18_PM_1.jpg?v=1736250113,kg,,,,,,
baby-cute-cat-printed-kids-hoodie-set-copy,,,,,,,,,3 - 4 Years,,,dark-grey,,,,,'10717025,500.0,shopify,100,continue,manual,1399.00,0.00,true,false,,,,,'10717025,,,,,,,,,,,,,,,,,,,,,,,,,,,,,,,,,,,,,,,,,,,,,,,https://cdn.shopify.com/s/files/1/0618/2368/0740/files/WhatsApp_Image_2025-01-06_at_8.11.18_PM.jpg?v=1736250113,kg,,,,,,
baby-cute-cat-printed-kids-hoodie-set-copy,,,,,,,,,5 - 6 Years,,,blue,,,,,'10717026,500.0,shopify,100,continue,manual,1399.00,0.00,true,false,,,,,'10717026,,,,,,,,,,,,,,,,,,,,,,,,,,,,,,,,,,,,,,,,,,,,,,,https://cdn.shopify.com/s/files/1/0618/2368/0740/files/WhatsApp_Image_2025-01-06_at_8.11.19_PM.jpg?v=1736250113,kg,,,,,,
baby-cute-cat-printed-kids-hoodie-set-copy,,,,,,,,,5 - 6 Years,,,red,,,,,'10717027,500.0,shopify,100,continue,manual,1399.00,0.00,true,false,,,,,'10717027,,,,,,,,,,,,,,,,,,,,,,,,,,,,,,,,,,,,,,,,,,,,,,,https://cdn.shopify.com/s/files/1/0618/2368/0740/files/WhatsApp_Image_2025-01-06_at_8.11.14_PM_1.jpg?v=1736250113,kg,,,,,,
baby-cute-cat-printed-kids-hoodie-set-copy,,,,,,,,,5 - 6 Years,,,pink,,,,,'10717028,500.0,shopify,100,continue,manual,1399.00,0.00,true,false,,,,,'10717028,,,,,,,,,,,,,,,,,,,,,,,,,,,,,,,,,,,,,,,,,,,,,,,https://cdn.shopify.com/s/files/1/0618/2368/0740/files/WhatsApp_Image_2025-01-06_at_8.11.16_PM.jpg?v=1736250113,kg,,,,,,
baby-cute-cat-printed-kids-hoodie-set-copy,,,,,,,,,5 - 6 Years,,,silver,,,,,'10717029,500.0,shopify,100,continue,manual,1399.00,0.00,true,false,,,,,'10717029,,,,,,,,,,,,,,,,,,,,,,,,,,,,,,,,,,,,,,,,,,,,,,,https://cdn.shopify.com/s/files/1/0618/2368/0740/files/WhatsApp_Image_2025-01-06_at_8.11.17_PM.jpg?v=1736250113,kg,,,,,,
baby-cute-cat-printed-kids-hoodie-set-copy,,,,,,,,,5 - 6 Years,,,yellow-1,,,,,'10717030,500.0,shopify,100,continue,manual,1399.00,0.00,true,false,,,,,'10717030,,,,,,,,,,,,,,,,,,,,,,,,,,,,,,,,,,,,,,,,,,,,,,,https://cdn.shopify.com/s/files/1/0618/2368/0740/files/WhatsApp_Image_2025-01-06_at_8.11.14_PM.jpg?v=1736250113,kg,,,,,,
baby-cute-cat-printed-kids-hoodie-set-copy,,,,,,,,,5 - 6 Years,,,navy-1,,,,,'10717031,500.0,shopify,100,continue,manual,1399.00,0.00,true,false,,,,,'10717031,,,,,,,,,,,,,,,,,,,,,,,,,,,,,,,,,,,,,,,,,,,,,,,https://cdn.shopify.com/s/files/1/0618/2368/0740/files/WhatsApp_Image_2025-01-06_at_8.11.18_PM_1.jpg?v=1736250113,kg,,,,,,
baby-cute-cat-printed-kids-hoodie-set-copy,,,,,,,,,5 - 6 Years,,,dark-grey,,,,,'10717032,500.0,shopify,99,continue,manual,1399.00,0.00,true,false,,,,,'10717032,,,,,,,,,,,,,,,,,,,,,,,,,,,,,,,,,,,,,,,,,,,,,,,https://cdn.shopify.com/s/files/1/0618/2368/0740/files/WhatsApp_Image_2025-01-06_at_8.11.18_PM.jpg?v=1736250113,kg,,,,,,
baby-cute-cat-printed-kids-hoodie-set-copy,,,,,,,,,7 - 8 Years,,,blue,,,,,'10717033,500.0,shopify,100,continue,manual,1399.00,0.00,true,false,,,,,'10717033,,,,,,,,,,,,,,,,,,,,,,,,,,,,,,,,,,,,,,,,,,,,,,,https://cdn.shopify.com/s/files/1/0618/2368/0740/files/WhatsApp_Image_2025-01-06_at_8.11.19_PM.jpg?v=1736250113,kg,,,,,,
baby-cute-cat-printed-kids-hoodie-set-copy,,,,,,,,,7 - 8 Years,,,red,,,,,'10717034,500.0,shopify,100,continue,manual,1399.00,0.00,true,false,,,,,'10717034,,,,,,,,,,,,,,,,,,,,,,,,,,,,,,,,,,,,,,,,,,,,,,,https://cdn.shopify.com/s/files/1/0618/2368/0740/files/WhatsApp_Image_2025-01-06_at_8.11.14_PM_1.jpg?v=1736250113,kg,,,,,,
baby-cute-cat-printed-kids-hoodie-set-copy,,,,,,,,,7 - 8 Years,,,pink,,,,,'10717035,500.0,shopify,100,continue,manual,1399.00,0.00,true,false,,,,,'10717035,,,,,,,,,,,,,,,,,,,,,,,,,,,,,,,,,,,,,,,,,,,,,,,https://cdn.shopify.com/s/files/1/0618/2368/0740/files/WhatsApp_Image_2025-01-06_at_8.11.16_PM.jpg?v=1736250113,kg,,,,,,
baby-cute-cat-printed-kids-hoodie-set-copy,,,,,,,,,7 - 8 Years,,,silver,,,,,'10717036,500.0,shopify,100,continue,manual,1399.00,0.00,true,false,,,,,'10717036,,,,,,,,,,,,,,,,,,,,,,,,,,,,,,,,,,,,,,,,,,,,,,,https://cdn.shopify.com/s/files/1/0618/2368/0740/files/WhatsApp_Image_2025-01-06_at_8.11.17_PM.jpg?v=1736250113,kg,,,,,,
baby-cute-cat-printed-kids-hoodie-set-copy,,,,,,,,,7 - 8 Years,,,yellow-1,,,,,'10717037,500.0,shopify,100,continue,manual,1399.00,0.00,true,false,,,,,'10717037,,,,,,,,,,,,,,,,,,,,,,,,,,,,,,,,,,,,,,,,,,,,,,,https://cdn.shopify.com/s/files/1/0618/2368/0740/files/WhatsApp_Image_2025-01-06_at_8.11.14_PM.jpg?v=1736250113,kg,,,,,,
baby-cute-cat-printed-kids-hoodie-set-copy,,,,,,,,,7 - 8 Years,,,navy-1,,,,,'10717038,500.0,shopify,100,continue,manual,1399.00,0.00,true,false,,,,,'10717038,,,,,,,,,,,,,,,,,,,,,,,,,,,,,,,,,,,,,,,,,,,,,,,https://cdn.shopify.com/s/files/1/0618/2368/0740/files/WhatsApp_Image_2025-01-06_at_8.11.18_PM_1.jpg?v=1736250113,kg,,,,,,
baby-cute-cat-printed-kids-hoodie-set-copy,,,,,,,,,7 - 8 Years,,,dark-grey,,,,,'10717039,500.0,shopify,100,continue,manual,1399.00,0.00,true,false,,,,,'10717039,,,,,,,,,,,,,,,,,,,,,,,,,,,,,,,,,,,,,,,,,,,,,,,https://cdn.shopify.com/s/files/1/0618/2368/0740/files/WhatsApp_Image_2025-01-06_at_8.11.18_PM.jpg?v=1736250113,kg,,,,,,
baby-cute-cat-printed-kids-hoodie-set-copy,,,,,,,,,9 - 10 Years,,,blue,,,,,'10717040,500.0,shopify,100,continue,manual,1399.00,0.00,true,false,,,,,'10717040,,,,,,,,,,,,,,,,,,,,,,,,,,,,,,,,,,,,,,,,,,,,,,,https://cdn.shopify.com/s/files/1/0618/2368/0740/files/WhatsApp_Image_2025-01-06_at_8.11.19_PM.jpg?v=1736250113,kg,,,,,,
baby-cute-cat-printed-kids-hoodie-set-copy,,,,,,,,,9 - 10 Years,,,red,,,,,'10717041,500.0,shopify,100,continue,manual,1399.00,0.00,true,false,,,,,'10717041,,,,,,,,,,,,,,,,,,,,,,,,,,,,,,,,,,,,,,,,,,,,,,,https://cdn.shopify.com/s/files/1/0618/2368/0740/files/WhatsApp_Image_2025-01-06_at_8.11.14_PM_1.jpg?v=1736250113,kg,,,,,,
baby-cute-cat-printed-kids-hoodie-set-copy,,,,,,,,,9 - 10 Years,,,pink,,,,,'10717042,500.0,shopify,100,continue,manual,1399.00,0.00,true,false,,,,,'10717042,,,,,,,,,,,,,,,,,,,,,,,,,,,,,,,,,,,,,,,,,,,,,,,https://cdn.shopify.com/s/files/1/0618/2368/0740/files/WhatsApp_Image_2025-01-06_at_8.11.16_PM.jpg?v=1736250113,kg,,,,,,
baby-cute-cat-printed-kids-hoodie-set-copy,,,,,,,,,9 - 10 Years,,,silver,,,,,'10717043,500.0,shopify,100,continue,manual,1399.00,0.00,true,false,,,,,'10717043,,,,,,,,,,,,,,,,,,,,,,,,,,,,,,,,,,,,,,,,,,,,,,,https://cdn.shopify.com/s/files/1/0618/2368/0740/files/WhatsApp_Image_2025-01-06_at_8.11.17_PM.jpg?v=1736250113,kg,,,,,,
baby-cute-cat-printed-kids-hoodie-set-copy,,,,,,,,,9 - 10 Years,,,yellow-1,,,,,'10717044,500.0,shopify,100,continue,manual,1399.00,0.00,true,false,,,,,'10717044,,,,,,,,,,,,,,,,,,,,,,,,,,,,,,,,,,,,,,,,,,,,,,,https://cdn.shopify.com/s/files/1/0618/2368/0740/files/WhatsApp_Image_2025-01-06_at_8.11.14_PM.jpg?v=1736250113,kg,,,,,,
baby-cute-cat-printed-kids-hoodie-set-copy,,,,,,,,,9 - 10 Years,,,navy-1,,,,,'10717045,500.0,shopify,100,continue,manual,1399.00,0.00,true,false,,,,,'10717045,,,,,,,,,,,,,,,,,,,,,,,,,,,,,,,,,,,,,,,,,,,,,,,https://cdn.shopify.com/s/files/1/0618/2368/0740/files/WhatsApp_Image_2025-01-06_at_8.11.18_PM_1.jpg?v=1736250113,kg,,,,,,
baby-cute-cat-printed-kids-hoodie-set-copy,,,,,,,,,9 - 10 Years,,,dark-grey,,,,,'10717046,500.0,shopify,100,continue,manual,1399.00,0.00,true,false,,,,,'10717046,,,,,,,,,,,,,,,,,,,,,,,,,,,,,,,,,,,,,,,,,,,,,,,https://cdn.shopify.com/s/files/1/0618/2368/0740/files/WhatsApp_Image_2025-01-06_at_8.11.18_PM.jpg?v=1736250113,kg,,,,,,
baby-cute-cat-printed-kids-hoodie-set-copy,,,,,,,,,11 - 12 Years,,,blue,,,,,'10717047,500.0,shopify,100,continue,manual,1399.00,0.00,true,false,,,,,'10717047,,,,,,,,,,,,,,,,,,,,,,,,,,,,,,,,,,,,,,,,,,,,,,,https://cdn.shopify.com/s/files/1/0618/2368/0740/files/WhatsApp_Image_2025-01-06_at_8.11.19_PM.jpg?v=1736250113,kg,,,,,,
baby-cute-cat-printed-kids-hoodie-set-copy,,,,,,,,,11 - 12 Years,,,red,,,,,'10717048,500.0,shopify,100,continue,manual,1399.00,0.00,true,false,,,,,'10717048,,,,,,,,,,,,,,,,,,,,,,,,,,,,,,,,,,,,,,,,,,,,,,,https://cdn.shopify.com/s/files/1/0618/2368/0740/files/WhatsApp_Image_2025-01-06_at_8.11.14_PM_1.jpg?v=1736250113,kg,,,,,,
baby-cute-cat-printed-kids-hoodie-set-copy,,,,,,,,,11 - 12 Years,,,pink,,,,,'10717049,500.0,shopify,100,continue,manual,1399.00,0.00,true,false,,,,,'10717049,,,,,,,,,,,,,,,,,,,,,,,,,,,,,,,,,,,,,,,,,,,,,,,https://cdn.shopify.com/s/files/1/0618/2368/0740/files/WhatsApp_Image_2025-01-06_at_8.11.16_PM.jpg?v=1736250113,kg,,,,,,
baby-cute-cat-printed-kids-hoodie-set-copy,,,,,,,,,11 - 12 Years,,,silver,,,,,'10717050,500.0,shopify,100,continue,manual,1399.00,0.00,true,false,,,,,'10717050,,,,,,,,,,,,,,,,,,,,,,,,,,,,,,,,,,,,,,,,,,,,,,,https://cdn.shopify.com/s/files/1/0618/2368/0740/files/WhatsApp_Image_2025-01-06_at_8.11.17_PM.jpg?v=1736250113,kg,,,,,,
baby-cute-cat-printed-kids-hoodie-set-copy,,,,,,,,,11 - 12 Years,,,yellow-1,,,,,'10717051,500.0,shopify,100,continue,manual,1399.00,0.00,true,false,,,,,'10717051,,,,,,,,,,,,,,,,,,,,,,,,,,,,,,,,,,,,,,,,,,,,,,,https://cdn.shopify.com/s/files/1/0618/2368/0740/files/WhatsApp_Image_2025-01-06_at_8.11.14_PM.jpg?v=1736250113,kg,,,,,,
baby-cute-cat-printed-kids-hoodie-set-copy,,,,,,,,,11 - 12 Years,,,navy-1,,,,,'10717052,500.0,shopify,100,continue,manual,1399.00,0.00,true,false,,,,,'10717052,,,,,,,,,,,,,,,,,,,,,,,,,,,,,,,,,,,,,,,,,,,,,,,https://cdn.shopify.com/s/files/1/0618/2368/0740/files/WhatsApp_Image_2025-01-06_at_8.11.18_PM_1.jpg?v=1736250113,kg,,,,,,
baby-cute-cat-printed-kids-hoodie-set-copy,,,,,,,,,11 - 12 Years,,,dark-grey,,,,,'10707000,500.0,shopify,100,continue,manual,1399.00,0.00,true,false,,,,,'10707000,,,,,,,,,,,,,,,,,,,,,,,,,,,,,,,,,,,,,,,,,,,,,,,https://cdn.shopify.com/s/files/1/0618/2368/0740/files/WhatsApp_Image_2025-01-06_at_8.11.18_PM.jpg?v=1736250113,kg,,,,,,
captain-america-printed-kids-hoodie-set-copy,Kids Winter Hoodie Set | Baby Cute Cat Printed,"<h4><strong><span data-sheets-root=""1"">Kids Winter Hoodie Set | Baby Cute Cat Printed<br><br></span></strong></h4>
<p data-start=""208"" data-end=""444"">Designed for cozy winter days, this adorable outfit features a sweet baby cat print that instantly adds charm to your child’s look.</p>
<p data-start=""446"" data-end=""729"">Crafted from soft, premium fleece fabric, the hoodie keeps your child snug and warm, while the matching jogger pants provide a comfortable fit for all-day movement. Whether it’s playtime, school, or a casual outing, this set is made to keep kids feeling comfy and looking extra cute.</p>
<p data-start=""731"" data-end=""822"">The playful baby cat design makes it a favorite for kids who love fun and adorable outfits.</p>
<p data-start=""824"" data-end=""839"">✨ <strong data-start=""826"" data-end=""839"">Features:</strong></p>
<ul data-start=""840"" data-end=""1065"">
<li data-section-id=""132besi"" data-start=""840"" data-end=""889"">Ultra-soft fleece fabric for warmth &amp; comfort</li>
<li data-section-id=""11fa71q"" data-start=""890"" data-end=""925"">Adorable baby cute cat print 🐱</li>
<li data-section-id=""gklsta"" data-start=""926"" data-end=""964"">Cozy hoodie with soft inner lining</li>
<li data-section-id=""1qd8zxj"" data-start=""965"" data-end=""1013"">Matching jogger pants with elastic waistband</li>
<li data-section-id=""1jpam1"" data-start=""1014"" data-end=""1065"">Perfect for daily wear, outings &amp; winter season</li>
</ul>
<p data-start=""1067"" data-end=""1135"">Keep your kids <strong data-start=""1082"" data-end=""1122"">warm, stylish, and irresistibly cute</strong> this winter!</p>
<h4><strong><span data-sheets-root=""1""><br></span></strong></h4>",BBG FASHION,Apparel & Accessories > Clothing > Baby & Toddler Clothing,Kids Hoodie Set,Kids Winter Collection,true,Size,1 - 2 Years,,Color,pink,product.metafields.shopify.color-pattern,,,,'10716973,500.0,shopify,200,continue,manual,1399.00,0.00,true,false,,,,,'10716973,https://cdn.shopify.com/s/files/1/0618/2368/0740/files/WhatsApp_Image_2025-01-06_at_8.08.59_PM_1.jpg?v=1776761363,1,Captain America Printed Kids Hoodie Set Copy - side view - kids wear Pakistan,false,,"Shop Kids Winter Hoodie Set Baby Cute Cat Printed in soft fleece. Warm, cozy & adorable outfit for boys & girls. Perfect winter wear in Pakistan. Order now!",182,,,,,,,,,,,,,,,,,,,,pink; red; silver; yellow-1; navy-1; dark-grey; blue,,,fleece,,,,,,,,,,,,,,,,,https://cdn.shopify.com/s/files/1/0618/2368/0740/files/WhatsApp_Image_2025-01-06_at_8.08.59_PM_1.jpg?v=1776761363,kg,,,true,,,active
captain-america-printed-kids-hoodie-set-copy,,,,,,,,,1 - 2 Years,,,red,,,,,'10716972,500.0,shopify,200,continue,manual,1399.00,0.00,true,false,,,,,'10716972,https://cdn.shopify.com/s/files/1/0618/2368/0740/files/WhatsApp_Image_2025-01-06_at_8.09.00_PM.jpg?v=1776761363,2,Captain America Printed Kids Hoodie Set Copy - front view - kids wear Pakistan,,,,,,,,,,,,,,,,,,,,,,,,,,,,,,,,,,,,,,,,,,,,https://cdn.shopify.com/s/files/1/0618/2368/0740/files/WhatsApp_Image_2025-01-06_at_8.08.59_PM.jpg?v=1736249916,kg,,,,,,
captain-america-printed-kids-hoodie-set-copy,,,,,,,,,1 - 2 Years,,,silver,,,,,'10716974,500.0,shopify,200,continue,manual,1399.00,0.00,true,false,,,,,'10716974,https://cdn.shopify.com/s/files/1/0618/2368/0740/files/WhatsApp_Image_2025-01-06_at_8.08.58_PM.jpg?v=1776761363,3,Captain America Printed Kids Hoodie Set Copy - back view - kids wear Pakistan,,,,,,,,,,,,,,,,,,,,,,,,,,,,,,,,,,,,,,,,,,,,https://cdn.shopify.com/s/files/1/0618/2368/0740/files/WhatsApp_Image_2025-01-06_at_8.09.00_PM.jpg?v=1776761363,kg,,,,,,
captain-america-printed-kids-hoodie-set-copy,,,,,,,,,1 - 2 Years,,,yellow-1,,,,,'10716975,500.0,shopify,200,continue,manual,1399.00,0.00,true,false,,,,,'10716975,https://cdn.shopify.com/s/files/1/0618/2368/0740/files/WhatsApp_Image_2025-01-06_at_8.08.59_PM.jpg?v=1736249916,4,Captain America Printed Kids Hoodie Set Copy - detail shot - kids wear Pakistan,,,,,,,,,,,,,,,,,,,,,,,,,,,,,,,,,,,,,,,,,,,,https://cdn.shopify.com/s/files/1/0618/2368/0740/files/WhatsApp_Image_2025-01-06_at_8.08.58_PM.jpg?v=1776761363,kg,,,,,,
captain-america-printed-kids-hoodie-set-copy,,,,,,,,,1 - 2 Years,,,navy-1,,,,,'10716976,500.0,shopify,200,continue,manual,1399.00,0.00,true,false,,,,,'10716976,https://cdn.shopify.com/s/files/1/0618/2368/0740/files/WhatsApp_Image_2025-01-06_at_8.09.00_PM_1.jpg?v=1736249916,5,Captain America Printed Kids Hoodie Set Copy - close-up detail - kids wear Pakistan,,,,,,,,,,,,,,,,,,,,,,,,,,,,,,,,,,,,,,,,,,,,https://cdn.shopify.com/s/files/1/0618/2368/0740/files/WhatsApp_Image_2025-01-06_at_8.09.01_PM.jpg?v=1776755069,kg,,,,,,
captain-america-printed-kids-hoodie-set-copy,,,,,,,,,1 - 2 Years,,,dark-grey,,,,,'10716977,500.0,shopify,200,continue,manual,1399.00,0.00,true,false,,,,,'10716977,https://cdn.shopify.com/s/files/1/0618/2368/0740/files/WhatsApp_Image_2025-01-06_at_8.09.01_PM.jpg?v=1776755069,6,Captain America Printed Kids Hoodie Set Copy - lifestyle view - kids wear Pakistan,,,,,,,,,,,,,,,,,,,,,,,,,,,,,,,,,,,,,,,,,,,,https://cdn.shopify.com/s/files/1/0618/2368/0740/files/WhatsApp_Image_2025-01-06_at_8.09.00_PM_1.jpg?v=1736249916,kg,,,,,,
captain-america-printed-kids-hoodie-set-copy,,,,,,,,,1 - 2 Years,,,blue,,,,,'10716971,500.0,shopify,200,continue,manual,1399.00,0.00,true,false,,,,,'10716971,https://cdn.shopify.com/s/files/1/0618/2368/0740/files/WhatsApp_Image_2025-01-06_at_8.09.01_PM_1.jpg?v=1776755069,7,Captain America Printed Kids Hoodie Set Copy size chart - measurements guide,,,,,,,,,,,,,,,,,,,,,,,,,,,,,,,,,,,,,,,,,,,,https://cdn.shopify.com/s/files/1/0618/2368/0740/files/WhatsApp_Image_2025-01-06_at_8.09.01_PM_1.jpg?v=1776755069,kg,,,,,,
captain-america-printed-kids-hoodie-set-copy,,,,,,,,,3 - 4 Years,,,pink,,,,,'10716980,500.0,shopify,200,continue,manual,1399.00,0.00,true,false,,,,,'10716980,https://cdn.shopify.com/s/files/1/0618/2368/0740/files/kidssizechart_e28feb53-900a-4966-81fe-20382accf994.jpg?v=1776761612,8,We Can Be Heroes Printed Kids Hoodie Set Copy size chart - measurements guide,,,,,,,,,,,,,,,,,,,,,,,,,,,,,,,,,,,,,,,,,,,,https://cdn.shopify.com/s/files/1/0618/2368/0740/files/WhatsApp_Image_2025-01-06_at_8.08.59_PM_1.jpg?v=1776761363,kg,,,,,,
captain-america-printed-kids-hoodie-set-copy,,,,,,,,,3 - 4 Years,,,red,,,,,'10716979,500.0,shopify,200,continue,manual,1399.00,0.00,true,false,,,,,'10716979,,,,,,,,,,,,,,,,,,,,,,,,,,,,,,,,,,,,,,,,,,,,,,,https://cdn.shopify.com/s/files/1/0618/2368/0740/files/WhatsApp_Image_2025-01-06_at_8.08.59_PM.jpg?v=1736249916,kg,,,,,,
captain-america-printed-kids-hoodie-set-copy,,,,,,,,,3 - 4 Years,,,silver,,,,,'10716981,500.0,shopify,200,continue,manual,1399.00,0.00,true,false,,,,,'10716981,,,,,,,,,,,,,,,,,,,,,,,,,,,,,,,,,,,,,,,,,,,,,,,https://cdn.shopify.com/s/files/1/0618/2368/0740/files/WhatsApp_Image_2025-01-06_at_8.09.00_PM.jpg?v=1776761363,kg,,,,,,
captain-america-printed-kids-hoodie-set-copy,,,,,,,,,3 - 4 Years,,,yellow-1,,,,,'10716982,500.0,shopify,200,continue,manual,1399.00,0.00,true,false,,,,,'10716982,,,,,,,,,,,,,,,,,,,,,,,,,,,,,,,,,,,,,,,,,,,,,,,https://cdn.shopify.com/s/files/1/0618/2368/0740/files/WhatsApp_Image_2025-01-06_at_8.08.58_PM.jpg?v=1776761363,kg,,,,,,
captain-america-printed-kids-hoodie-set-copy,,,,,,,,,3 - 4 Years,,,navy-1,,,,,'10716983,500.0,shopify,200,continue,manual,1399.00,0.00,true,false,,,,,'10716983,,,,,,,,,,,,,,,,,,,,,,,,,,,,,,,,,,,,,,,,,,,,,,,https://cdn.shopify.com/s/files/1/0618/2368/0740/files/WhatsApp_Image_2025-01-06_at_8.09.01_PM.jpg?v=1776755069,kg,,,,,,
captain-america-printed-kids-hoodie-set-copy,,,,,,,,,3 - 4 Years,,,dark-grey,,,,,'10716984,500.0,shopify,200,continue,manual,1399.00,0.00,true,false,,,,,'10716984,,,,,,,,,,,,,,,,,,,,,,,,,,,,,,,,,,,,,,,,,,,,,,,https://cdn.shopify.com/s/files/1/0618/2368/0740/files/WhatsApp_Image_2025-01-06_at_8.09.00_PM_1.jpg?v=1736249916,kg,,,,,,
captain-america-printed-kids-hoodie-set-copy,,,,,,,,,3 - 4 Years,,,blue,,,,,'10716978,500.0,shopify,200,continue,manual,1399.00,0.00,true,false,,,,,'10716978,,,,,,,,,,,,,,,,,,,,,,,,,,,,,,,,,,,,,,,,,,,,,,,https://cdn.shopify.com/s/files/1/0618/2368/0740/files/WhatsApp_Image_2025-01-06_at_8.09.01_PM_1.jpg?v=1776755069,kg,,,,,,
captain-america-printed-kids-hoodie-set-copy,,,,,,,,,5 - 6 Years,,,pink,,,,,'10716987,500.0,shopify,200,continue,manual,1399.00,0.00,true,false,,,,,'10716987,,,,,,,,,,,,,,,,,,,,,,,,,,,,,,,,,,,,,,,,,,,,,,,https://cdn.shopify.com/s/files/1/0618/2368/0740/files/WhatsApp_Image_2025-01-06_at_8.08.59_PM_1.jpg?v=1776761363,kg,,,,,,
captain-america-printed-kids-hoodie-set-copy,,,,,,,,,5 - 6 Years,,,red,,,,,'10716986,500.0,shopify,200,continue,manual,1399.00,0.00,true,false,,,,,'10716986,,,,,,,,,,,,,,,,,,,,,,,,,,,,,,,,,,,,,,,,,,,,,,,https://cdn.shopify.com/s/files/1/0618/2368/0740/files/WhatsApp_Image_2025-01-06_at_8.08.59_PM.jpg?v=1736249916,kg,,,,,,
captain-america-printed-kids-hoodie-set-copy,,,,,,,,,5 - 6 Years,,,silver,,,,,'10716988,500.0,shopify,200,continue,manual,1399.00,0.00,true,false,,,,,'10716988,,,,,,,,,,,,,,,,,,,,,,,,,,,,,,,,,,,,,,,,,,,,,,,https://cdn.shopify.com/s/files/1/0618/2368/0740/files/WhatsApp_Image_2025-01-06_at_8.09.00_PM.jpg?v=1776761363,kg,,,,,,
captain-america-printed-kids-hoodie-set-copy,,,,,,,,,5 - 6 Years,,,yellow-1,,,,,'10716989,500.0,shopify,200,continue,manual,1399.00,0.00,true,false,,,,,'10716989,,,,,,,,,,,,,,,,,,,,,,,,,,,,,,,,,,,,,,,,,,,,,,,https://cdn.shopify.com/s/files/1/0618/2368/0740/files/WhatsApp_Image_2025-01-06_at_8.08.58_PM.jpg?v=1776761363,kg,,,,,,
captain-america-printed-kids-hoodie-set-copy,,,,,,,,,5 - 6 Years,,,navy-1,,,,,'10716990,500.0,shopify,200,continue,manual,1399.00,0.00,true,false,,,,,'10716990,,,,,,,,,,,,,,,,,,,,,,,,,,,,,,,,,,,,,,,,,,,,,,,https://cdn.shopify.com/s/files/1/0618/2368/0740/files/WhatsApp_Image_2025-01-06_at_8.09.01_PM.jpg?v=1776755069,kg,,,,,,
captain-america-printed-kids-hoodie-set-copy,,,,,,,,,5 - 6 Years,,,dark-grey,,,,,'10716991,500.0,shopify,200,continue,manual,1399.00,0.00,true,false,,,,,'10716991,,,,,,,,,,,,,,,,,,,,,,,,,,,,,,,,,,,,,,,,,,,,,,,https://cdn.shopify.com/s/files/1/0618/2368/0740/files/WhatsApp_Image_2025-01-06_at_8.09.00_PM_1.jpg?v=1736249916,kg,,,,,,
captain-america-printed-kids-hoodie-set-copy,,,,,,,,,5 - 6 Years,,,blue,,,,,'10716985,500.0,shopify,200,continue,manual,1399.00,0.00,true,false,,,,,'10716985,,,,,,,,,,,,,,,,,,,,,,,,,,,,,,,,,,,,,,,,,,,,,,,https://cdn.shopify.com/s/files/1/0618/2368/0740/files/WhatsApp_Image_2025-01-06_at_8.09.01_PM_1.jpg?v=1776755069,kg,,,,,,
captain-america-printed-kids-hoodie-set-copy,,,,,,,,,7 - 8 Years,,,pink,,,,,'10716994,500.0,shopify,200,continue,manual,1399.00,0.00,true,false,,,,,'10716994,,,,,,,,,,,,,,,,,,,,,,,,,,,,,,,,,,,,,,,,,,,,,,,https://cdn.shopify.com/s/files/1/0618/2368/0740/files/WhatsApp_Image_2025-01-06_at_8.08.59_PM_1.jpg?v=1776761363,kg,,,,,,
captain-america-printed-kids-hoodie-set-copy,,,,,,,,,7 - 8 Years,,,red,,,,,'10716993,500.0,shopify,200,continue,manual,1399.00,0.00,true,false,,,,,'10716993,,,,,,,,,,,,,,,,,,,,,,,,,,,,,,,,,,,,,,,,,,,,,,,https://cdn.shopify.com/s/files/1/0618/2368/0740/files/WhatsApp_Image_2025-01-06_at_8.08.59_PM.jpg?v=1736249916,kg,,,,,,
captain-america-printed-kids-hoodie-set-copy,,,,,,,,,7 - 8 Years,,,silver,,,,,'10716995,500.0,shopify,200,continue,manual,1399.00,0.00,true,false,,,,,'10716995,,,,,,,,,,,,,,,,,,,,,,,,,,,,,,,,,,,,,,,,,,,,,,,https://cdn.shopify.com/s/files/1/0618/2368/0740/files/WhatsApp_Image_2025-01-06_at_8.09.00_PM.jpg?v=1776761363,kg,,,,,,
captain-america-printed-kids-hoodie-set-copy,,,,,,,,,7 - 8 Years,,,yellow-1,,,,,'10716996,500.0,shopify,200,continue,manual,1399.00,0.00,true,false,,,,,'10716996,,,,,,,,,,,,,,,,,,,,,,,,,,,,,,,,,,,,,,,,,,,,,,,https://cdn.shopify.com/s/files/1/0618/2368/0740/files/WhatsApp_Image_2025-01-06_at_8.08.58_PM.jpg?v=1776761363,kg,,,,,,
captain-america-printed-kids-hoodie-set-copy,,,,,,,,,7 - 8 Years,,,navy-1,,,,,'10716997,500.0,shopify,200,continue,manual,1399.00,0.00,true,false,,,,,'10716997,,,,,,,,,,,,,,,,,,,,,,,,,,,,,,,,,,,,,,,,,,,,,,,https://cdn.shopify.com/s/files/1/0618/2368/0740/files/WhatsApp_Image_2025-01-06_at_8.09.01_PM.jpg?v=1776755069,kg,,,,,,
captain-america-printed-kids-hoodie-set-copy,,,,,,,,,7 - 8 Years,,,dark-grey,,,,,'10716998,500.0,shopify,200,continue,manual,1399.00,0.00,true,false,,,,,'10716998,,,,,,,,,,,,,,,,,,,,,,,,,,,,,,,,,,,,,,,,,,,,,,,https://cdn.shopify.com/s/files/1/0618/2368/0740/files/WhatsApp_Image_2025-01-06_at_8.09.00_PM_1.jpg?v=1736249916,kg,,,,,,
captain-america-printed-kids-hoodie-set-copy,,,,,,,,,7 - 8 Years,,,blue,,,,,'10716992,500.0,shopify,200,continue,manual,1399.00,0.00,true,false,,,,,'10716992,,,,,,,,,,,,,,,,,,,,,,,,,,,,,,,,,,,,,,,,,,,,,,,https://cdn.shopify.com/s/files/1/0618/2368/0740/files/WhatsApp_Image_2025-01-06_at_8.09.01_PM_1.jpg?v=1776755069,kg,,,,,,
captain-america-printed-kids-hoodie-set-copy,,,,,,,,,9 - 10 Years,,,pink,,,,,'10717001,500.0,shopify,200,continue,manual,1399.00,0.00,true,false,,,,,'10717001,,,,,,,,,,,,,,,,,,,,,,,,,,,,,,,,,,,,,,,,,,,,,,,https://cdn.shopify.com/s/files/1/0618/2368/0740/files/WhatsApp_Image_2025-01-06_at_8.08.59_PM_1.jpg?v=1776761363,kg,,,,,,
captain-america-printed-kids-hoodie-set-copy,,,,,,,,,9 - 10 Years,,,red,,,,,'10717000,500.0,shopify,200,continue,manual,1399.00,0.00,true,false,,,,,'10717000,,,,,,,,,,,,,,,,,,,,,,,,,,,,,,,,,,,,,,,,,,,,,,,https://cdn.shopify.com/s/files/1/0618/2368/0740/files/WhatsApp_Image_2025-01-06_at_8.08.59_PM.jpg?v=1736249916,kg,,,,,,
captain-america-printed-kids-hoodie-set-copy,,,,,,,,,9 - 10 Years,,,silver,,,,,'10717002,500.0,shopify,200,continue,manual,1399.00,0.00,true,false,,,,,'10717002,,,,,,,,,,,,,,,,,,,,,,,,,,,,,,,,,,,,,,,,,,,,,,,https://cdn.shopify.com/s/files/1/0618/2368/0740/files/WhatsApp_Image_2025-01-06_at_8.09.00_PM.jpg?v=1776761363,kg,,,,,,
captain-america-printed-kids-hoodie-set-copy,,,,,,,,,9 - 10 Years,,,yellow-1,,,,,'10717003,500.0,shopify,200,continue,manual,1399.00,0.00,true,false,,,,,'10717003,,,,,,,,,,,,,,,,,,,,,,,,,,,,,,,,,,,,,,,,,,,,,,,https://cdn.shopify.com/s/files/1/0618/2368/0740/files/WhatsApp_Image_2025-01-06_at_8.08.58_PM.jpg?v=1776761363,kg,,,,,,
captain-america-printed-kids-hoodie-set-copy,,,,,,,,,9 - 10 Years,,,navy-1,,,,,'10717004,500.0,shopify,200,continue,manual,1399.00,0.00,true,false,,,,,'10717004,,,,,,,,,,,,,,,,,,,,,,,,,,,,,,,,,,,,,,,,,,,,,,,https://cdn.shopify.com/s/files/1/0618/2368/0740/files/WhatsApp_Image_2025-01-06_at_8.09.01_PM.jpg?v=1776755069,kg,,,,,,
captain-america-printed-kids-hoodie-set-copy,,,,,,,,,9 - 10 Years,,,dark-grey,,,,,'10717005,500.0,shopify,200,continue,manual,1399.00,0.00,true,false,,,,,'10717005,,,,,,,,,,,,,,,,,,,,,,,,,,,,,,,,,,,,,,,,,,,,,,,https://cdn.shopify.com/s/files/1/0618/2368/0740/files/WhatsApp_Image_2025-01-06_at_8.09.00_PM_1.jpg?v=1736249916,kg,,,,,,
captain-america-printed-kids-hoodie-set-copy,,,,,,,,,9 - 10 Years,,,blue,,,,,'10716999,500.0,shopify,200,continue,manual,1399.00,0.00,true,false,,,,,'10716999,,,,,,,,,,,,,,,,,,,,,,,,,,,,,,,,,,,,,,,,,,,,,,,https://cdn.shopify.com/s/files/1/0618/2368/0740/files/WhatsApp_Image_2025-01-06_at_8.09.01_PM_1.jpg?v=1776755069,kg,,,,,,
captain-america-printed-kids-hoodie-set-copy,,,,,,,,,11 - 12 Years,,,pink,,,,,'10717008,500.0,shopify,200,continue,manual,1399.00,0.00,true,false,,,,,'10717008,,,,,,,,,,,,,,,,,,,,,,,,,,,,,,,,,,,,,,,,,,,,,,,https://cdn.shopify.com/s/files/1/0618/2368/0740/files/WhatsApp_Image_2025-01-06_at_8.08.59_PM_1.jpg?v=1776761363,kg,,,,,,
captain-america-printed-kids-hoodie-set-copy,,,,,,,,,11 - 12 Years,,,red,,,,,'10717007,500.0,shopify,200,continue,manual,1399.00,0.00,true,false,,,,,'10717007,,,,,,,,,,,,,,,,,,,,,,,,,,,,,,,,,,,,,,,,,,,,,,,https://cdn.shopify.com/s/files/1/0618/2368/0740/files/WhatsApp_Image_2025-01-06_at_8.08.59_PM.jpg?v=1736249916,kg,,,,,,
captain-america-printed-kids-hoodie-set-copy,,,,,,,,,11 - 12 Years,,,silver,,,,,'10717009,500.0,shopify,200,continue,manual,1399.00,0.00,true,false,,,,,'10717009,,,,,,,,,,,,,,,,,,,,,,,,,,,,,,,,,,,,,,,,,,,,,,,https://cdn.shopify.com/s/files/1/0618/2368/0740/files/WhatsApp_Image_2025-01-06_at_8.09.00_PM.jpg?v=1776761363,kg,,,,,,
captain-america-printed-kids-hoodie-set-copy,,,,,,,,,11 - 12 Years,,,yellow-1,,,,,'10717010,500.0,shopify,200,continue,manual,1399.00,0.00,true,false,,,,,'10717010,,,,,,,,,,,,,,,,,,,,,,,,,,,,,,,,,,,,,,,,,,,,,,,https://cdn.shopify.com/s/files/1/0618/2368/0740/files/WhatsApp_Image_2025-01-06_at_8.08.58_PM.jpg?v=1776761363,kg,,,,,,
captain-america-printed-kids-hoodie-set-copy,,,,,,,,,11 - 12 Years,,,navy-1,,,,,'10717011,500.0,shopify,200,continue,manual,1399.00,0.00,true,false,,,,,'10717011,,,,,,,,,,,,,,,,,,,,,,,,,,,,,,,,,,,,,,,,,,,,,,,https://cdn.shopify.com/s/files/1/0618/2368/0740/files/WhatsApp_Image_2025-01-06_at_8.09.01_PM.jpg?v=1776755069,kg,,,,,,
captain-america-printed-kids-hoodie-set-copy,,,,,,,,,11 - 12 Years,,,dark-grey,,,,,'10706999,500.0,shopify,200,continue,manual,1399.00,0.00,true,false,,,,,'10706999,,,,,,,,,,,,,,,,,,,,,,,,,,,,,,,,,,,,,,,,,,,,,,,https://cdn.shopify.com/s/files/1/0618/2368/0740/files/WhatsApp_Image_2025-01-06_at_8.09.00_PM_1.jpg?v=1736249916,kg,,,,,,
captain-america-printed-kids-hoodie-set-copy,,,,,,,,,11 - 12 Years,,,blue,,,,,'10717006,500.0,shopify,200,continue,manual,1399.00,0.00,true,false,,,,,'10717006,,,,,,,,,,,,,,,,,,,,,,,,,,,,,,,,,,,,,,,,,,,,,,,https://cdn.shopify.com/s/files/1/0618/2368/0740/files/WhatsApp_Image_2025-01-06_at_8.09.01_PM_1.jpg?v=1776755069,kg,,,,,,
golden-lion-printed-kids-hoodie-set-copy,Kids Winter Hoodie Set | Captain America Printed,"<h4><strong><span data-sheets-root=""1"">Kids Winter Hoodie Set | Captain America Printed<br><br></span></strong></h4>
<p data-start=""230"" data-end=""484"">Inspired by the iconic <span class=""hover:entity-accent entity-underline inline cursor-pointer align-baseline""><span class=""whitespace-normal"">Captain America</span></span>, this outfit brings courage, style, and comfort together in one standout look.</p>
<p data-start=""486"" data-end=""762"">Crafted from soft, premium fleece fabric, the hoodie keeps your child warm during cold days, while the matching jogger pants provide a relaxed fit for easy movement. The bold Captain America print—with its signature shield design—adds a heroic touch that kids absolutely love.</p>
<p data-start=""764"" data-end=""885"">Perfect for school, playtime, or casual outings, this set is made for kids who want to feel strong and stylish every day.</p>
<p data-start=""887"" data-end=""902"">✨ <strong data-start=""889"" data-end=""902"">Features:</strong></p>
<ul data-start=""903"" data-end=""1150"">
<li data-section-id=""gintap"" data-start=""903"" data-end=""954"">High-quality fleece fabric for warmth &amp; comfort</li>
<li data-section-id=""1xp0mmv"" data-start=""955"" data-end=""1012"">Iconic Captain America print 🛡️ for a superhero look</li>
<li data-section-id=""gklsta"" data-start=""1013"" data-end=""1051"">Cozy hoodie with soft inner lining</li>
<li data-section-id=""1qd8zxj"" data-start=""1052"" data-end=""1100"">Matching jogger pants with elastic waistband</li>
<li data-section-id=""9bnese"" data-start=""1101"" data-end=""1150"">Ideal for daily wear, school &amp; winter outings</li>
</ul>
<p data-start=""1152"" data-end=""1229"">Let your child stay <strong data-start=""1172"" data-end=""1212"">warm, confident, and superhero-ready</strong> all winter long!</p>
<h4><strong><span data-sheets-root=""1""><br></span></strong></h4>",BBG FASHION,Apparel & Accessories > Clothing > Baby & Toddler Clothing,Kids Hoodie Set,Kids Winter Collection,true,Size,1 - 2 Years,,Color,pink,product.metafields.shopify.color-pattern,,,,'10716932,500.0,shopify,100,continue,manual,1399.00,0.00,true,false,,,,,'10716932,https://cdn.shopify.com/s/files/1/0618/2368/0740/files/WhatsApp_Image_2025-01-06_at_8.06.13_PM.jpg?v=1776761612,1,Golden Lion Printed Kids Hoodie Set Copy - close-up detail - kids wear Pakistan,false,,"Shop Kids Winter Hoodie Set Captain America Printed in soft fleece. Warm, stylish & comfortable superhero outfit for kids. Perfect winter wear in Pakistan. Order now!",182,,,,,,,,,,,,,,,,,,,,pink; blue; red; silver; yellow-1; navy-1; dark-grey,,,fleece,,,,,,,,,,,,,,,,,https://cdn.shopify.com/s/files/1/0618/2368/0740/files/WhatsApp_Image_2025-01-06_at_8.06.13_PM.jpg?v=1776761612,kg,,,true,,,active
golden-lion-printed-kids-hoodie-set-copy,,,,,,,,,1 - 2 Years,,,blue,,,,,'10716930,500.0,shopify,100,continue,manual,1399.00,0.00,true,false,,,,,'10716930,https://cdn.shopify.com/s/files/1/0618/2368/0740/files/WhatsApp_Image_2025-01-06_at_8.06.11_PM_1.jpg?v=1776761612,2,Golden Lion Printed Kids Hoodie Set Copy - front view - kids wear Pakistan,,,,,,,,,,,,,,,,,,,,,,,,,,,,,,,,,,,,,,,,,,,,https://cdn.shopify.com/s/files/1/0618/2368/0740/files/WhatsApp_Image_2025-01-06_at_8.06.16_PM.jpg?v=1776761612,kg,,,,,,
golden-lion-printed-kids-hoodie-set-copy,,,,,,,,,1 - 2 Years,,,red,,,,,'10716931,500.0,shopify,100,continue,manual,1399.00,0.00,true,false,,,,,'10716931,https://cdn.shopify.com/s/files/1/0618/2368/0740/files/WhatsApp_Image_2025-01-06_at_8.06.11_PM.jpg?v=1776761612,3,Golden Lion Printed Kids Hoodie Set Copy - back view - kids wear Pakistan,,,,,,,,,,,,,,,,,,,,,,,,,,,,,,,,,,,,,,,,,,,,https://cdn.shopify.com/s/files/1/0618/2368/0740/files/WhatsApp_Image_2025-01-06_at_8.06.11_PM_1.jpg?v=1776761612,kg,,,,,,
golden-lion-printed-kids-hoodie-set-copy,,,,,,,,,1 - 2 Years,,,silver,,,,,'10716933,500.0,shopify,100,continue,manual,1399.00,0.00,true,false,,,,,'10716933,https://cdn.shopify.com/s/files/1/0618/2368/0740/files/WhatsApp_Image_2025-01-06_at_8.06.13_PM_1.jpg?v=1776761612,4,Golden Lion Printed Kids Hoodie Set Copy - side view - kids wear Pakistan,,,,,,,,,,,,,,,,,,,,,,,,,,,,,,,,,,,,,,,,,,,,https://cdn.shopify.com/s/files/1/0618/2368/0740/files/WhatsApp_Image_2025-01-06_at_8.06.13_PM_1.jpg?v=1776761612,kg,,,,,,
golden-lion-printed-kids-hoodie-set-copy,,,,,,,,,1 - 2 Years,,,yellow-1,,,,,'10716934,500.0,shopify,100,continue,manual,1399.00,0.00,true,false,,,,,'10716934,https://cdn.shopify.com/s/files/1/0618/2368/0740/files/WhatsApp_Image_2025-01-06_at_8.06.14_PM.jpg?v=1776761612,5,Golden Lion Printed Kids Hoodie Set Copy - flat lay - kids wear Pakistan,,,,,,,,,,,,,,,,,,,,,,,,,,,,,,,,,,,,,,,,,,,,https://cdn.shopify.com/s/files/1/0618/2368/0740/files/WhatsApp_Image_2025-01-06_at_8.06.11_PM.jpg?v=1776761612,kg,,,,,,
golden-lion-printed-kids-hoodie-set-copy,,,,,,,,,1 - 2 Years,,,navy-1,,,,,'10716935,500.0,shopify,100,continue,manual,1399.00,0.00,true,false,,,,,'10716935,https://cdn.shopify.com/s/files/1/0618/2368/0740/files/WhatsApp_Image_2025-01-06_at_8.06.15_PM.jpg?v=1776761612,6,Golden Lion Printed Kids Hoodie Set Copy - lifestyle view - kids wear Pakistan,,,,,,,,,,,,,,,,,,,,,,,,,,,,,,,,,,,,,,,,,,,,https://cdn.shopify.com/s/files/1/0618/2368/0740/files/WhatsApp_Image_2025-01-06_at_8.06.15_PM.jpg?v=1776761612,kg,,,,,,
golden-lion-printed-kids-hoodie-set-copy,,,,,,,,,1 - 2 Years,,,dark-grey,,,,,'10716936,500.0,shopify,100,continue,manual,1399.00,0.00,true,false,,,,,'10716936,https://cdn.shopify.com/s/files/1/0618/2368/0740/files/WhatsApp_Image_2025-01-06_at_8.06.16_PM.jpg?v=1776761612,7,Golden Lion Printed Kids Hoodie Set Copy size chart - measurements guide,,,,,,,,,,,,,,,,,,,,,,,,,,,,,,,,,,,,,,,,,,,,https://cdn.shopify.com/s/files/1/0618/2368/0740/files/WhatsApp_Image_2025-01-06_at_8.06.14_PM.jpg?v=1776761612,kg,,,,,,
golden-lion-printed-kids-hoodie-set-copy,,,,,,,,,3 - 4 Years,,,pink,,,,,'10716939,500.0,shopify,100,continue,manual,1399.00,0.00,true,false,,,,,'10716939,https://cdn.shopify.com/s/files/1/0618/2368/0740/files/kidssizechart_e28feb53-900a-4966-81fe-20382accf994.jpg?v=1776761612,8,We Can Be Heroes Printed Kids Hoodie Set Copy size chart - measurements guide,,,,,,,,,,,,,,,,,,,,,,,,,,,,,,,,,,,,,,,,,,,,https://cdn.shopify.com/s/files/1/0618/2368/0740/files/WhatsApp_Image_2025-01-06_at_8.06.13_PM.jpg?v=1776761612,kg,,,,,,
golden-lion-printed-kids-hoodie-set-copy,,,,,,,,,3 - 4 Years,,,blue,,,,,'10716937,500.0,shopify,100,continue,manual,1399.00,0.00,true,false,,,,,'10716937,,,,,,,,,,,,,,,,,,,,,,,,,,,,,,,,,,,,,,,,,,,,,,,https://cdn.shopify.com/s/files/1/0618/2368/0740/files/WhatsApp_Image_2025-01-06_at_8.06.16_PM.jpg?v=1776761612,kg,,,,,,
golden-lion-printed-kids-hoodie-set-copy,,,,,,,,,3 - 4 Years,,,red,,,,,'10716938,500.0,shopify,100,continue,manual,1399.00,0.00,true,false,,,,,'10716938,,,,,,,,,,,,,,,,,,,,,,,,,,,,,,,,,,,,,,,,,,,,,,,https://cdn.shopify.com/s/files/1/0618/2368/0740/files/WhatsApp_Image_2025-01-06_at_8.06.11_PM_1.jpg?v=1776761612,kg,,,,,,
golden-lion-printed-kids-hoodie-set-copy,,,,,,,,,3 - 4 Years,,,silver,,,,,'10716940,500.0,shopify,100,continue,manual,1399.00,0.00,true,false,,,,,'10716940,,,,,,,,,,,,,,,,,,,,,,,,,,,,,,,,,,,,,,,,,,,,,,,https://cdn.shopify.com/s/files/1/0618/2368/0740/files/WhatsApp_Image_2025-01-06_at_8.06.13_PM_1.jpg?v=1776761612,kg,,,,,,
golden-lion-printed-kids-hoodie-set-copy,,,,,,,,,3 - 4 Years,,,yellow-1,,,,,'10716941,500.0,shopify,100,continue,manual,1399.00,0.00,true,false,,,,,'10716941,,,,,,,,,,,,,,,,,,,,,,,,,,,,,,,,,,,,,,,,,,,,,,,https://cdn.shopify.com/s/files/1/0618/2368/0740/files/WhatsApp_Image_2025-01-06_at_8.06.11_PM.jpg?v=1776761612,kg,,,,,,
golden-lion-printed-kids-hoodie-set-copy,,,,,,,,,3 - 4 Years,,,navy-1,,,,,'10716942,500.0,shopify,100,continue,manual,1399.00,0.00,true,false,,,,,'10716942,,,,,,,,,,,,,,,,,,,,,,,,,,,,,,,,,,,,,,,,,,,,,,,https://cdn.shopify.com/s/files/1/0618/2368/0740/files/WhatsApp_Image_2025-01-06_at_8.06.15_PM.jpg?v=1776761612,kg,,,,,,
golden-lion-printed-kids-hoodie-set-copy,,,,,,,,,3 - 4 Years,,,dark-grey,,,,,'10716943,500.0,shopify,100,continue,manual,1399.00,0.00,true,false,,,,,'10716943,,,,,,,,,,,,,,,,,,,,,,,,,,,,,,,,,,,,,,,,,,,,,,,https://cdn.shopify.com/s/files/1/0618/2368/0740/files/WhatsApp_Image_2025-01-06_at_8.06.14_PM.jpg?v=1776761612,kg,,,,,,
golden-lion-printed-kids-hoodie-set-copy,,,,,,,,,5 - 6 Years,,,pink,,,,,'10716946,500.0,shopify,100,continue,manual,1399.00,0.00,true,false,,,,,'10716946,,,,,,,,,,,,,,,,,,,,,,,,,,,,,,,,,,,,,,,,,,,,,,,https://cdn.shopify.com/s/files/1/0618/2368/0740/files/WhatsApp_Image_2025-01-06_at_8.06.13_PM.jpg?v=1776761612,kg,,,,,,
golden-lion-printed-kids-hoodie-set-copy,,,,,,,,,5 - 6 Years,,,blue,,,,,'10716944,500.0,shopify,100,continue,manual,1399.00,0.00,true,false,,,,,'10716944,,,,,,,,,,,,,,,,,,,,,,,,,,,,,,,,,,,,,,,,,,,,,,,https://cdn.shopify.com/s/files/1/0618/2368/0740/files/WhatsApp_Image_2025-01-06_at_8.06.16_PM.jpg?v=1776761612,kg,,,,,,
golden-lion-printed-kids-hoodie-set-copy,,,,,,,,,5 - 6 Years,,,red,,,,,'10716945,500.0,shopify,100,continue,manual,1399.00,0.00,true,false,,,,,'10716945,,,,,,,,,,,,,,,,,,,,,,,,,,,,,,,,,,,,,,,,,,,,,,,https://cdn.shopify.com/s/files/1/0618/2368/0740/files/WhatsApp_Image_2025-01-06_at_8.06.11_PM_1.jpg?v=1776761612,kg,,,,,,
golden-lion-printed-kids-hoodie-set-copy,,,,,,,,,5 - 6 Years,,,silver,,,,,'10716947,500.0,shopify,100,continue,manual,1399.00,0.00,true,false,,,,,'10716947,,,,,,,,,,,,,,,,,,,,,,,,,,,,,,,,,,,,,,,,,,,,,,,https://cdn.shopify.com/s/files/1/0618/2368/0740/files/WhatsApp_Image_2025-01-06_at_8.06.13_PM_1.jpg?v=1776761612,kg,,,,,,
golden-lion-printed-kids-hoodie-set-copy,,,,,,,,,5 - 6 Years,,,yellow-1,,,,,'10716948,500.0,shopify,100,continue,manual,1399.00,0.00,true,false,,,,,'10716948,,,,,,,,,,,,,,,,,,,,,,,,,,,,,,,,,,,,,,,,,,,,,,,https://cdn.shopify.com/s/files/1/0618/2368/0740/files/WhatsApp_Image_2025-01-06_at_8.06.11_PM.jpg?v=1776761612,kg,,,,,,
golden-lion-printed-kids-hoodie-set-copy,,,,,,,,,5 - 6 Years,,,navy-1,,,,,'10716949,500.0,shopify,100,continue,manual,1399.00,0.00,true,false,,,,,'10716949,,,,,,,,,,,,,,,,,,,,,,,,,,,,,,,,,,,,,,,,,,,,,,,https://cdn.shopify.com/s/files/1/0618/2368/0740/files/WhatsApp_Image_2025-01-06_at_8.06.15_PM.jpg?v=1776761612,kg,,,,,,
golden-lion-printed-kids-hoodie-set-copy,,,,,,,,,5 - 6 Years,,,dark-grey,,,,,'10716950,500.0,shopify,100,continue,manual,1399.00,0.00,true,false,,,,,'10716950,,,,,,,,,,,,,,,,,,,,,,,,,,,,,,,,,,,,,,,,,,,,,,,https://cdn.shopify.com/s/files/1/0618/2368/0740/files/WhatsApp_Image_2025-01-06_at_8.06.14_PM.jpg?v=1776761612,kg,,,,,,
golden-lion-printed-kids-hoodie-set-copy,,,,,,,,,7 - 8 Years,,,pink,,,,,'10716953,500.0,shopify,100,continue,manual,1399.00,0.00,true,false,,,,,'10716953,,,,,,,,,,,,,,,,,,,,,,,,,,,,,,,,,,,,,,,,,,,,,,,https://cdn.shopify.com/s/files/1/0618/2368/0740/files/WhatsApp_Image_2025-01-06_at_8.06.13_PM.jpg?v=1776761612,kg,,,,,,
golden-lion-printed-kids-hoodie-set-copy,,,,,,,,,7 - 8 Years,,,blue,,,,,'10716951,500.0,shopify,100,continue,manual,1399.00,0.00,true,false,,,,,'10716951,,,,,,,,,,,,,,,,,,,,,,,,,,,,,,,,,,,,,,,,,,,,,,,https://cdn.shopify.com/s/files/1/0618/2368/0740/files/WhatsApp_Image_2025-01-06_at_8.06.16_PM.jpg?v=1776761612,kg,,,,,,
golden-lion-printed-kids-hoodie-set-copy,,,,,,,,,7 - 8 Years,,,red,,,,,'10716952,500.0,shopify,100,continue,manual,1399.00,0.00,true,false,,,,,'10716952,,,,,,,,,,,,,,,,,,,,,,,,,,,,,,,,,,,,,,,,,,,,,,,https://cdn.shopify.com/s/files/1/0618/2368/0740/files/WhatsApp_Image_2025-01-06_at_8.06.11_PM_1.jpg?v=1776761612,kg,,,,,,
golden-lion-printed-kids-hoodie-set-copy,,,,,,,,,7 - 8 Years,,,silver,,,,,'10716954,500.0,shopify,100,continue,manual,1399.00,0.00,true,false,,,,,'10716954,,,,,,,,,,,,,,,,,,,,,,,,,,,,,,,,,,,,,,,,,,,,,,,https://cdn.shopify.com/s/files/1/0618/2368/0740/files/WhatsApp_Image_2025-01-06_at_8.06.13_PM_1.jpg?v=1776761612,kg,,,,,,
golden-lion-printed-kids-hoodie-set-copy,,,,,,,,,7 - 8 Years,,,yellow-1,,,,,'10716955,500.0,shopify,100,continue,manual,1399.00,0.00,true,false,,,,,'10716955,,,,,,,,,,,,,,,,,,,,,,,,,,,,,,,,,,,,,,,,,,,,,,,https://cdn.shopify.com/s/files/1/0618/2368/0740/files/WhatsApp_Image_2025-01-06_at_8.06.11_PM.jpg?v=1776761612,kg,,,,,,
golden-lion-printed-kids-hoodie-set-copy,,,,,,,,,7 - 8 Years,,,navy-1,,,,,'10716956,500.0,shopify,100,continue,manual,1399.00,0.00,true,false,,,,,'10716956,,,,,,,,,,,,,,,,,,,,,,,,,,,,,,,,,,,,,,,,,,,,,,,https://cdn.shopify.com/s/files/1/0618/2368/0740/files/WhatsApp_Image_2025-01-06_at_8.06.15_PM.jpg?v=1776761612,kg,,,,,,
golden-lion-printed-kids-hoodie-set-copy,,,,,,,,,7 - 8 Years,,,dark-grey,,,,,'10716957,500.0,shopify,100,continue,manual,1399.00,0.00,true,false,,,,,'10716957,,,,,,,,,,,,,,,,,,,,,,,,,,,,,,,,,,,,,,,,,,,,,,,https://cdn.shopify.com/s/files/1/0618/2368/0740/files/WhatsApp_Image_2025-01-06_at_8.06.14_PM.jpg?v=1776761612,kg,,,,,,
golden-lion-printed-kids-hoodie-set-copy,,,,,,,,,9 - 10 Years,,,pink,,,,,'10716960,500.0,shopify,100,continue,manual,1399.00,0.00,true,false,,,,,'10716960,,,,,,,,,,,,,,,,,,,,,,,,,,,,,,,,,,,,,,,,,,,,,,,https://cdn.shopify.com/s/files/1/0618/2368/0740/files/WhatsApp_Image_2025-01-06_at_8.06.13_PM.jpg?v=1776761612,kg,,,,,,
golden-lion-printed-kids-hoodie-set-copy,,,,,,,,,9 - 10 Years,,,blue,,,,,'10716958,500.0,shopify,100,continue,manual,1399.00,0.00,true,false,,,,,'10716958,,,,,,,,,,,,,,,,,,,,,,,,,,,,,,,,,,,,,,,,,,,,,,,https://cdn.shopify.com/s/files/1/0618/2368/0740/files/WhatsApp_Image_2025-01-06_at_8.06.16_PM.jpg?v=1776761612,kg,,,,,,
golden-lion-printed-kids-hoodie-set-copy,,,,,,,,,9 - 10 Years,,,red,,,,,'10716959,500.0,shopify,100,continue,manual,1399.00,0.00,true,false,,,,,'10716959,,,,,,,,,,,,,,,,,,,,,,,,,,,,,,,,,,,,,,,,,,,,,,,https://cdn.shopify.com/s/files/1/0618/2368/0740/files/WhatsApp_Image_2025-01-06_at_8.06.11_PM_1.jpg?v=1776761612,kg,,,,,,
golden-lion-printed-kids-hoodie-set-copy,,,,,,,,,9 - 10 Years,,,silver,,,,,'10716961,500.0,shopify,100,continue,manual,1399.00,0.00,true,false,,,,,'10716961,,,,,,,,,,,,,,,,,,,,,,,,,,,,,,,,,,,,,,,,,,,,,,,https://cdn.shopify.com/s/files/1/0618/2368/0740/files/WhatsApp_Image_2025-01-06_at_8.06.13_PM_1.jpg?v=1776761612,kg,,,,,,
golden-lion-printed-kids-hoodie-set-copy,,,,,,,,,9 - 10 Years,,,yellow-1,,,,,'10716962,500.0,shopify,100,continue,manual,1399.00,0.00,true,false,,,,,'10716962,,,,,,,,,,,,,,,,,,,,,,,,,,,,,,,,,,,,,,,,,,,,,,,https://cdn.shopify.com/s/files/1/0618/2368/0740/files/WhatsApp_Image_2025-01-06_at_8.06.11_PM.jpg?v=1776761612,kg,,,,,,
golden-lion-printed-kids-hoodie-set-copy,,,,,,,,,9 - 10 Years,,,navy-1,,,,,'10716963,500.0,shopify,100,continue,manual,1399.00,0.00,true,false,,,,,'10716963,,,,,,,,,,,,,,,,,,,,,,,,,,,,,,,,,,,,,,,,,,,,,,,https://cdn.shopify.com/s/files/1/0618/2368/0740/files/WhatsApp_Image_2025-01-06_at_8.06.15_PM.jpg?v=1776761612,kg,,,,,,
golden-lion-printed-kids-hoodie-set-copy,,,,,,,,,9 - 10 Years,,,dark-grey,,,,,'10716964,500.0,shopify,100,continue,manual,1399.00,0.00,true,false,,,,,'10716964,,,,,,,,,,,,,,,,,,,,,,,,,,,,,,,,,,,,,,,,,,,,,,,https://cdn.shopify.com/s/files/1/0618/2368/0740/files/WhatsApp_Image_2025-01-06_at_8.06.14_PM.jpg?v=1776761612,kg,,,,,,
golden-lion-printed-kids-hoodie-set-copy,,,,,,,,,11 - 12 Years,,,pink,,,,,'10716967,500.0,shopify,100,continue,manual,1399.00,0.00,true,false,,,,,'10716967,,,,,,,,,,,,,,,,,,,,,,,,,,,,,,,,,,,,,,,,,,,,,,,https://cdn.shopify.com/s/files/1/0618/2368/0740/files/WhatsApp_Image_2025-01-06_at_8.06.13_PM.jpg?v=1776761612,kg,,,,,,
golden-lion-printed-kids-hoodie-set-copy,,,,,,,,,11 - 12 Years,,,blue,,,,,'10716965,500.0,shopify,100,continue,manual,1399.00,0.00,true,false,,,,,'10716965,,,,,,,,,,,,,,,,,,,,,,,,,,,,,,,,,,,,,,,,,,,,,,,https://cdn.shopify.com/s/files/1/0618/2368/0740/files/WhatsApp_Image_2025-01-06_at_8.06.16_PM.jpg?v=1776761612,kg,,,,,,
golden-lion-printed-kids-hoodie-set-copy,,,,,,,,,11 - 12 Years,,,red,,,,,'10716966,500.0,shopify,100,continue,manual,1399.00,0.00,true,false,,,,,'10716966,,,,,,,,,,,,,,,,,,,,,,,,,,,,,,,,,,,,,,,,,,,,,,,https://cdn.shopify.com/s/files/1/0618/2368/0740/files/WhatsApp_Image_2025-01-06_at_8.06.11_PM_1.jpg?v=1776761612,kg,,,,,,
golden-lion-printed-kids-hoodie-set-copy,,,,,,,,,11 - 12 Years,,,silver,,,,,'10716968,500.0,shopify,100,continue,manual,1399.00,0.00,true,false,,,,,'10716968,,,,,,,,,,,,,,,,,,,,,,,,,,,,,,,,,,,,,,,,,,,,,,,https://cdn.shopify.com/s/files/1/0618/2368/0740/files/WhatsApp_Image_2025-01-06_at_8.06.13_PM_1.jpg?v=1776761612,kg,,,,,,
golden-lion-printed-kids-hoodie-set-copy,,,,,,,,,11 - 12 Years,,,yellow-1,,,,,'10716969,500.0,shopify,100,continue,manual,1399.00,0.00,true,false,,,,,'10716969,,,,,,,,,,,,,,,,,,,,,,,,,,,,,,,,,,,,,,,,,,,,,,,https://cdn.shopify.com/s/files/1/0618/2368/0740/files/WhatsApp_Image_2025-01-06_at_8.06.11_PM.jpg?v=1776761612,kg,,,,,,
golden-lion-printed-kids-hoodie-set-copy,,,,,,,,,11 - 12 Years,,,navy-1,,,,,'10716970,500.0,shopify,100,continue,manual,1399.00,0.00,true,false,,,,,'10716970,,,,,,,,,,,,,,,,,,,,,,,,,,,,,,,,,,,,,,,,,,,,,,,https://cdn.shopify.com/s/files/1/0618/2368/0740/files/WhatsApp_Image_2025-01-06_at_8.06.15_PM.jpg?v=1776761612,kg,,,,,,
golden-lion-printed-kids-hoodie-set-copy,,,,,,,,,11 - 12 Years,,,dark-grey,,,,,'10706998,500.0,shopify,100,continue,manual,1399.00,0.00,true,false,,,,,'10706998,,,,,,,,,,,,,,,,,,,,,,,,,,,,,,,,,,,,,,,,,,,,,,,https://cdn.shopify.com/s/files/1/0618/2368/0740/files/WhatsApp_Image_2025-01-06_at_8.06.14_PM.jpg?v=1776761612,kg,,,,,,
dino-saur-world-printed-kids-hoodie-set-copy,Kids Winter Hoodie Set | Golden Lion Printed,"<h4><span data-sheets-root=""1"">Kids Winter Hoodie Set | Golden Lion Printed<br><br></span></h4>
<p data-start=""197"" data-end=""447"">Featuring a striking golden lion design, this outfit represents strength, courage, and style—perfect for kids who love to stand out.</p>
<p data-start=""449"" data-end=""741"">Made from soft, premium fleece fabric, the hoodie provides excellent warmth and comfort during chilly days, while the matching jogger pants ensure a relaxed and flexible fit for all-day wear. Whether it’s school, outings, or playtime, this set is designed to keep your child cozy and stylish.</p>
<p data-start=""743"" data-end=""848"">The eye-catching golden lion print adds a powerful and trendy touch, making it a must-have winter outfit.</p>
<p data-start=""850"" data-end=""865"">✨ <strong data-start=""852"" data-end=""865"">Features:</strong></p>
<ul data-start=""866"" data-end=""1088"">
<li data-section-id=""m2jogh"" data-start=""866"" data-end=""909"">Soft fleece fabric for warmth &amp; comfort</li>
<li data-section-id=""i67eqb"" data-start=""910"" data-end=""950"">Bold golden lion printed design 🦁👑</li>
<li data-section-id=""gklsta"" data-start=""951"" data-end=""989"">Cozy hoodie with soft inner lining</li>
<li data-section-id=""1qd8zxj"" data-start=""990"" data-end=""1038"">Matching jogger pants with elastic waistband</li>
<li data-section-id=""9bnese"" data-start=""1039"" data-end=""1088"">Ideal for daily wear, school &amp; winter outings</li>
</ul>
<p data-start=""1090"" data-end=""1154"">Let your kids stay <strong data-start=""1109"" data-end=""1141"">warm, confident, and stylish</strong> this winter!</p>
<h4><span data-sheets-root=""1""><br></span></h4>",BBG FASHION,Apparel & Accessories > Clothing > Baby & Toddler Clothing,Kids Hoodie Set,Kids Winter Collection,true,Size,1 - 2 Years,,Color,blue,product.metafields.shopify.color-pattern,,,,'10716889,500.0,shopify,200,continue,manual,1399.00,0.00,true,false,,,,,'10716889,https://cdn.shopify.com/s/files/1/0618/2368/0740/files/WhatsApp_Image_2025-01-06_at_8.02.28_PM_1.jpg?v=1736247591,1,Dino Saur World Printed Kids Hoodie Set Copy - side view - kids wear Pakistan,false,,"Shop Kids Winter Hoodie Set Golden Lion Printed in soft fleece. Warm, stylish & premium winter outfit for kids. Perfect everyday wear in Pakistan. Order now!",182,,,,,,,,,,,,,,,,,,,,blue; red; pink; silver; yellow-1; navy-1; dark-grey,,,fleece,,,,,,,,,,,,,,,,,https://cdn.shopify.com/s/files/1/0618/2368/0740/files/WhatsApp_Image_2025-01-06_at_8.02.30_PM.jpg?v=1736247591,kg,,,true,,,active
dino-saur-world-printed-kids-hoodie-set-copy,,,,,,,,,1 - 2 Years,,,red,,,,,'10716890,500.0,shopify,200,continue,manual,1399.00,0.00,true,false,,,,,'10716890,https://cdn.shopify.com/s/files/1/0618/2368/0740/files/WhatsApp_Image_2025-01-06_at_8.02.29_PM.jpg?v=1736247591,2,Dino Saur World Printed Kids Hoodie Set Copy - front view - kids wear Pakistan,,,,,,,,,,,,,,,,,,,,,,,,,,,,,,,,,,,,,,,,,,,,https://cdn.shopify.com/s/files/1/0618/2368/0740/files/WhatsApp_Image_2025-01-06_at_8.02.28_PM.jpg?v=1736247591,kg,,,,,,
dino-saur-world-printed-kids-hoodie-set-copy,,,,,,,,,1 - 2 Years,,,pink,,,,,'10716891,500.0,shopify,200,continue,manual,1399.00,0.00,true,false,,,,,'10716891,https://cdn.shopify.com/s/files/1/0618/2368/0740/files/WhatsApp_Image_2025-01-06_at_8.02.27_PM.jpg?v=1736247591,3,Dino Saur World Printed Kids Hoodie Set Copy - back view - kids wear Pakistan,,,,,,,,,,,,,,,,,,,,,,,,,,,,,,,,,,,,,,,,,,,,https://cdn.shopify.com/s/files/1/0618/2368/0740/files/WhatsApp_Image_2025-01-06_at_8.02.28_PM_1.jpg?v=1736247591,kg,,,,,,
dino-saur-world-printed-kids-hoodie-set-copy,,,,,,,,,1 - 2 Years,,,silver,,,,,'10716892,500.0,shopify,200,continue,manual,1399.00,0.00,true,false,,,,,'10716892,https://cdn.shopify.com/s/files/1/0618/2368/0740/files/WhatsApp_Image_2025-01-06_at_8.02.28_PM_2.jpg?v=1736247591,4,Dino Saur World Printed Kids Hoodie Set Copy - close-up detail - kids wear Pakistan,,,,,,,,,,,,,,,,,,,,,,,,,,,,,,,,,,,,,,,,,,,,https://cdn.shopify.com/s/files/1/0618/2368/0740/files/WhatsApp_Image_2025-01-06_at_8.02.28_PM_2.jpg?v=1736247591,kg,,,,,,
dino-saur-world-printed-kids-hoodie-set-copy,,,,,,,,,1 - 2 Years,,,yellow-1,,,,,'10716893,500.0,shopify,200,continue,manual,1399.00,0.00,true,false,,,,,'10716893,https://cdn.shopify.com/s/files/1/0618/2368/0740/files/WhatsApp_Image_2025-01-06_at_8.02.28_PM.jpg?v=1736247591,5,Dino Saur World Printed Kids Hoodie Set Copy - flat lay - kids wear Pakistan,,,,,,,,,,,,,,,,,,,,,,,,,,,,,,,,,,,,,,,,,,,,https://cdn.shopify.com/s/files/1/0618/2368/0740/files/WhatsApp_Image_2025-01-06_at_8.02.27_PM.jpg?v=1736247591,kg,,,,,,
dino-saur-world-printed-kids-hoodie-set-copy,,,,,,,,,1 - 2 Years,,,navy-1,,,,,'10716894,500.0,shopify,200,continue,manual,1399.00,0.00,true,false,,,,,'10716894,https://cdn.shopify.com/s/files/1/0618/2368/0740/files/WhatsApp_Image_2025-01-06_at_8.02.29_PM_1.jpg?v=1736247591,6,Dino Saur World Printed Kids Hoodie Set Copy - lifestyle view - kids wear Pakistan,,,,,,,,,,,,,,,,,,,,,,,,,,,,,,,,,,,,,,,,,,,,https://cdn.shopify.com/s/files/1/0618/2368/0740/files/WhatsApp_Image_2025-01-06_at_8.02.29_PM_1.jpg?v=1736247591,kg,,,,,,
dino-saur-world-printed-kids-hoodie-set-copy,,,,,,,,,1 - 2 Years,,,dark-grey,,,,,'10716895,500.0,shopify,200,continue,manual,1399.00,0.00,true,false,,,,,'10716895,https://cdn.shopify.com/s/files/1/0618/2368/0740/files/WhatsApp_Image_2025-01-06_at_8.02.30_PM.jpg?v=1736247591,7,Dino Saur World Printed Kids Hoodie Set Copy size chart - measurements guide,,,,,,,,,,,,,,,,,,,,,,,,,,,,,,,,,,,,,,,,,,,,https://cdn.shopify.com/s/files/1/0618/2368/0740/files/WhatsApp_Image_2025-01-06_at_8.02.29_PM.jpg?v=1736247591,kg,,,,,,
dino-saur-world-printed-kids-hoodie-set-copy,,,,,,,,,3 - 4 Years,,,blue,,,,,'10716896,500.0,shopify,200,continue,manual,1399.00,0.00,true,false,,,,,'10716896,https://cdn.shopify.com/s/files/1/0618/2368/0740/files/kidssizechart_e28feb53-900a-4966-81fe-20382accf994.jpg?v=1776761612,8,We Can Be Heroes Printed Kids Hoodie Set Copy size chart - measurements guide,,,,,,,,,,,,,,,,,,,,,,,,,,,,,,,,,,,,,,,,,,,,https://cdn.shopify.com/s/files/1/0618/2368/0740/files/WhatsApp_Image_2025-01-06_at_8.02.30_PM.jpg?v=1736247591,kg,,,,,,
dino-saur-world-printed-kids-hoodie-set-copy,,,,,,,,,3 - 4 Years,,,red,,,,,'10716897,500.0,shopify,200,continue,manual,1399.00,0.00,true,false,,,,,'10716897,,,,,,,,,,,,,,,,,,,,,,,,,,,,,,,,,,,,,,,,,,,,,,,https://cdn.shopify.com/s/files/1/0618/2368/0740/files/WhatsApp_Image_2025-01-06_at_8.02.28_PM.jpg?v=1736247591,kg,,,,,,
dino-saur-world-printed-kids-hoodie-set-copy,,,,,,,,,3 - 4 Years,,,pink,,,,,'10716898,500.0,shopify,200,continue,manual,1399.00,0.00,true,false,,,,,'10716898,,,,,,,,,,,,,,,,,,,,,,,,,,,,,,,,,,,,,,,,,,,,,,,https://cdn.shopify.com/s/files/1/0618/2368/0740/files/WhatsApp_Image_2025-01-06_at_8.02.28_PM_1.jpg?v=1736247591,kg,,,,,,
dino-saur-world-printed-kids-hoodie-set-copy,,,,,,,,,3 - 4 Years,,,silver,,,,,'10716899,500.0,shopify,200,continue,manual,1399.00,0.00,true,false,,,,,'10716899,,,,,,,,,,,,,,,,,,,,,,,,,,,,,,,,,,,,,,,,,,,,,,,https://cdn.shopify.com/s/files/1/0618/2368/0740/files/WhatsApp_Image_2025-01-06_at_8.02.28_PM_2.jpg?v=1736247591,kg,,,,,,
dino-saur-world-printed-kids-hoodie-set-copy,,,,,,,,,3 - 4 Years,,,yellow-1,,,,,'10716900,500.0,shopify,200,continue,manual,1399.00,0.00,true,false,,,,,'10716900,,,,,,,,,,,,,,,,,,,,,,,,,,,,,,,,,,,,,,,,,,,,,,,https://cdn.shopify.com/s/files/1/0618/2368/0740/files/WhatsApp_Image_2025-01-06_at_8.02.27_PM.jpg?v=1736247591,kg,,,,,,
dino-saur-world-printed-kids-hoodie-set-copy,,,,,,,,,3 - 4 Years,,,navy-1,,,,,'10716901,500.0,shopify,200,continue,manual,1399.00,0.00,true,false,,,,,'10716901,,,,,,,,,,,,,,,,,,,,,,,,,,,,,,,,,,,,,,,,,,,,,,,https://cdn.shopify.com/s/files/1/0618/2368/0740/files/WhatsApp_Image_2025-01-06_at_8.02.29_PM_1.jpg?v=1736247591,kg,,,,,,
dino-saur-world-printed-kids-hoodie-set-copy,,,,,,,,,3 - 4 Years,,,dark-grey,,,,,'10716902,500.0,shopify,200,continue,manual,1399.00,0.00,true,false,,,,,'10716902,,,,,,,,,,,,,,,,,,,,,,,,,,,,,,,,,,,,,,,,,,,,,,,https://cdn.shopify.com/s/files/1/0618/2368/0740/files/WhatsApp_Image_2025-01-06_at_8.02.29_PM.jpg?v=1736247591,kg,,,,,,
dino-saur-world-printed-kids-hoodie-set-copy,,,,,,,,,5 - 6 Years,,,blue,,,,,'10716903,500.0,shopify,200,continue,manual,1399.00,0.00,true,false,,,,,'10716903,,,,,,,,,,,,,,,,,,,,,,,,,,,,,,,,,,,,,,,,,,,,,,,https://cdn.shopify.com/s/files/1/0618/2368/0740/files/WhatsApp_Image_2025-01-06_at_8.02.30_PM.jpg?v=1736247591,kg,,,,,,
dino-saur-world-printed-kids-hoodie-set-copy,,,,,,,,,5 - 6 Years,,,red,,,,,'10716904,500.0,shopify,200,continue,manual,1399.00,0.00,true,false,,,,,'10716904,,,,,,,,,,,,,,,,,,,,,,,,,,,,,,,,,,,,,,,,,,,,,,,https://cdn.shopify.com/s/files/1/0618/2368/0740/files/WhatsApp_Image_2025-01-06_at_8.02.28_PM.jpg?v=1736247591,kg,,,,,,
dino-saur-world-printed-kids-hoodie-set-copy,,,,,,,,,5 - 6 Years,,,pink,,,,,'10716905,500.0,shopify,200,continue,manual,1399.00,0.00,true,false,,,,,'10716905,,,,,,,,,,,,,,,,,,,,,,,,,,,,,,,,,,,,,,,,,,,,,,,https://cdn.shopify.com/s/files/1/0618/2368/0740/files/WhatsApp_Image_2025-01-06_at_8.02.28_PM_1.jpg?v=1736247591,kg,,,,,,
dino-saur-world-printed-kids-hoodie-set-copy,,,,,,,,,5 - 6 Years,,,silver,,,,,'10716906,500.0,shopify,200,continue,manual,1399.00,0.00,true,false,,,,,'10716906,,,,,,,,,,,,,,,,,,,,,,,,,,,,,,,,,,,,,,,,,,,,,,,https://cdn.shopify.com/s/files/1/0618/2368/0740/files/WhatsApp_Image_2025-01-06_at_8.02.28_PM_2.jpg?v=1736247591,kg,,,,,,
dino-saur-world-printed-kids-hoodie-set-copy,,,,,,,,,5 - 6 Years,,,yellow-1,,,,,'10716907,500.0,shopify,200,continue,manual,1399.00,0.00,true,false,,,,,'10716907,,,,,,,,,,,,,,,,,,,,,,,,,,,,,,,,,,,,,,,,,,,,,,,https://cdn.shopify.com/s/files/1/0618/2368/0740/files/WhatsApp_Image_2025-01-06_at_8.02.27_PM.jpg?v=1736247591,kg,,,,,,
dino-saur-world-printed-kids-hoodie-set-copy,,,,,,,,,5 - 6 Years,,,navy-1,,,,,'10716908,500.0,shopify,200,continue,manual,1399.00,0.00,true,false,,,,,'10716908,,,,,,,,,,,,,,,,,,,,,,,,,,,,,,,,,,,,,,,,,,,,,,,https://cdn.shopify.com/s/files/1/0618/2368/0740/files/WhatsApp_Image_2025-01-06_at_8.02.29_PM_1.jpg?v=1736247591,kg,,,,,,
dino-saur-world-printed-kids-hoodie-set-copy,,,,,,,,,5 - 6 Years,,,dark-grey,,,,,'10716909,500.0,shopify,200,continue,manual,1399.00,0.00,true,false,,,,,'10716909,,,,,,,,,,,,,,,,,,,,,,,,,,,,,,,,,,,,,,,,,,,,,,,https://cdn.shopify.com/s/files/1/0618/2368/0740/files/WhatsApp_Image_2025-01-06_at_8.02.29_PM.jpg?v=1736247591,kg,,,,,,
dino-saur-world-printed-kids-hoodie-set-copy,,,,,,,,,7 - 8 Years,,,blue,,,,,'10716910,500.0,shopify,200,continue,manual,1399.00,0.00,true,false,,,,,'10716910,,,,,,,,,,,,,,,,,,,,,,,,,,,,,,,,,,,,,,,,,,,,,,,https://cdn.shopify.com/s/files/1/0618/2368/0740/files/WhatsApp_Image_2025-01-06_at_8.02.30_PM.jpg?v=1736247591,kg,,,,,,
dino-saur-world-printed-kids-hoodie-set-copy,,,,,,,,,7 - 8 Years,,,red,,,,,'10716911,500.0,shopify,200,continue,manual,1399.00,0.00,true,false,,,,,'10716911,,,,,,,,,,,,,,,,,,,,,,,,,,,,,,,,,,,,,,,,,,,,,,,https://cdn.shopify.com/s/files/1/0618/2368/0740/files/WhatsApp_Image_2025-01-06_at_8.02.28_PM.jpg?v=1736247591,kg,,,,,,
dino-saur-world-printed-kids-hoodie-set-copy,,,,,,,,,7 - 8 Years,,,pink,,,,,'10716912,500.0,shopify,200,continue,manual,1399.00,0.00,true,false,,,,,'10716912,,,,,,,,,,,,,,,,,,,,,,,,,,,,,,,,,,,,,,,,,,,,,,,https://cdn.shopify.com/s/files/1/0618/2368/0740/files/WhatsApp_Image_2025-01-06_at_8.02.28_PM_1.jpg?v=1736247591,kg,,,,,,
dino-saur-world-printed-kids-hoodie-set-copy,,,,,,,,,7 - 8 Years,,,silver,,,,,'10716913,500.0,shopify,200,continue,manual,1399.00,0.00,true,false,,,,,'10716913,,,,,,,,,,,,,,,,,,,,,,,,,,,,,,,,,,,,,,,,,,,,,,,https://cdn.shopify.com/s/files/1/0618/2368/0740/files/WhatsApp_Image_2025-01-06_at_8.02.28_PM_2.jpg?v=1736247591,kg,,,,,,
dino-saur-world-printed-kids-hoodie-set-copy,,,,,,,,,7 - 8 Years,,,yellow-1,,,,,'10716914,500.0,shopify,200,continue,manual,1399.00,0.00,true,false,,,,,'10716914,,,,,,,,,,,,,,,,,,,,,,,,,,,,,,,,,,,,,,,,,,,,,,,https://cdn.shopify.com/s/files/1/0618/2368/0740/files/WhatsApp_Image_2025-01-06_at_8.02.27_PM.jpg?v=1736247591,kg,,,,,,
dino-saur-world-printed-kids-hoodie-set-copy,,,,,,,,,7 - 8 Years,,,navy-1,,,,,'10716915,500.0,shopify,200,continue,manual,1399.00,0.00,true,false,,,,,'10716915,,,,,,,,,,,,,,,,,,,,,,,,,,,,,,,,,,,,,,,,,,,,,,,https://cdn.shopify.com/s/files/1/0618/2368/0740/files/WhatsApp_Image_2025-01-06_at_8.02.29_PM_1.jpg?v=1736247591,kg,,,,,,
dino-saur-world-printed-kids-hoodie-set-copy,,,,,,,,,7 - 8 Years,,,dark-grey,,,,,'10716916,500.0,shopify,200,continue,manual,1399.00,0.00,true,false,,,,,'10716916,,,,,,,,,,,,,,,,,,,,,,,,,,,,,,,,,,,,,,,,,,,,,,,https://cdn.shopify.com/s/files/1/0618/2368/0740/files/WhatsApp_Image_2025-01-06_at_8.02.29_PM.jpg?v=1736247591,kg,,,,,,
dino-saur-world-printed-kids-hoodie-set-copy,,,,,,,,,9 - 10 Years,,,blue,,,,,'10716917,500.0,shopify,200,continue,manual,1399.00,0.00,true,false,,,,,'10716917,,,,,,,,,,,,,,,,,,,,,,,,,,,,,,,,,,,,,,,,,,,,,,,https://cdn.shopify.com/s/files/1/0618/2368/0740/files/WhatsApp_Image_2025-01-06_at_8.02.30_PM.jpg?v=1736247591,kg,,,,,,
dino-saur-world-printed-kids-hoodie-set-copy,,,,,,,,,9 - 10 Years,,,red,,,,,'10716918,500.0,shopify,200,continue,manual,1399.00,0.00,true,false,,,,,'10716918,,,,,,,,,,,,,,,,,,,,,,,,,,,,,,,,,,,,,,,,,,,,,,,https://cdn.shopify.com/s/files/1/0618/2368/0740/files/WhatsApp_Image_2025-01-06_at_8.02.28_PM.jpg?v=1736247591,kg,,,,,,
dino-saur-world-printed-kids-hoodie-set-copy,,,,,,,,,9 - 10 Years,,,pink,,,,,'10716919,500.0,shopify,200,continue,manual,1399.00,0.00,true,false,,,,,'10716919,,,,,,,,,,,,,,,,,,,,,,,,,,,,,,,,,,,,,,,,,,,,,,,https://cdn.shopify.com/s/files/1/0618/2368/0740/files/WhatsApp_Image_2025-01-06_at_8.02.28_PM_1.jpg?v=1736247591,kg,,,,,,
dino-saur-world-printed-kids-hoodie-set-copy,,,,,,,,,9 - 10 Years,,,silver,,,,,'10716920,500.0,shopify,200,continue,manual,1399.00,0.00,true,false,,,,,'10716920,,,,,,,,,,,,,,,,,,,,,,,,,,,,,,,,,,,,,,,,,,,,,,,https://cdn.shopify.com/s/files/1/0618/2368/0740/files/WhatsApp_Image_2025-01-06_at_8.02.28_PM_2.jpg?v=1736247591,kg,,,,,,
dino-saur-world-printed-kids-hoodie-set-copy,,,,,,,,,9 - 10 Years,,,yellow-1,,,,,'10716921,500.0,shopify,200,continue,manual,1399.00,0.00,true,false,,,,,'10716921,,,,,,,,,,,,,,,,,,,,,,,,,,,,,,,,,,,,,,,,,,,,,,,https://cdn.shopify.com/s/files/1/0618/2368/0740/files/WhatsApp_Image_2025-01-06_at_8.02.27_PM.jpg?v=1736247591,kg,,,,,,
dino-saur-world-printed-kids-hoodie-set-copy,,,,,,,,,9 - 10 Years,,,navy-1,,,,,'10716922,500.0,shopify,200,continue,manual,1399.00,0.00,true,false,,,,,'10716922,,,,,,,,,,,,,,,,,,,,,,,,,,,,,,,,,,,,,,,,,,,,,,,https://cdn.shopify.com/s/files/1/0618/2368/0740/files/WhatsApp_Image_2025-01-06_at_8.02.29_PM_1.jpg?v=1736247591,kg,,,,,,
dino-saur-world-printed-kids-hoodie-set-copy,,,,,,,,,9 - 10 Years,,,dark-grey,,,,,'10716923,500.0,shopify,200,continue,manual,1399.00,0.00,true,false,,,,,'10716923,,,,,,,,,,,,,,,,,,,,,,,,,,,,,,,,,,,,,,,,,,,,,,,https://cdn.shopify.com/s/files/1/0618/2368/0740/files/WhatsApp_Image_2025-01-06_at_8.02.29_PM.jpg?v=1736247591,kg,,,,,,
dino-saur-world-printed-kids-hoodie-set-copy,,,,,,,,,11 - 12 Years,,,blue,,,,,'10716924,500.0,shopify,200,continue,manual,1399.00,0.00,true,false,,,,,'10716924,,,,,,,,,,,,,,,,,,,,,,,,,,,,,,,,,,,,,,,,,,,,,,,https://cdn.shopify.com/s/files/1/0618/2368/0740/files/WhatsApp_Image_2025-01-06_at_8.02.30_PM.jpg?v=1736247591,kg,,,,,,
dino-saur-world-printed-kids-hoodie-set-copy,,,,,,,,,11 - 12 Years,,,red,,,,,'10716925,500.0,shopify,200,continue,manual,1399.00,0.00,true,false,,,,,'10716925,,,,,,,,,,,,,,,,,,,,,,,,,,,,,,,,,,,,,,,,,,,,,,,https://cdn.shopify.com/s/files/1/0618/2368/0740/files/WhatsApp_Image_2025-01-06_at_8.02.28_PM.jpg?v=1736247591,kg,,,,,,
dino-saur-world-printed-kids-hoodie-set-copy,,,,,,,,,11 - 12 Years,,,pink,,,,,'10716926,500.0,shopify,200,continue,manual,1399.00,0.00,true,false,,,,,'10716926,,,,,,,,,,,,,,,,,,,,,,,,,,,,,,,,,,,,,,,,,,,,,,,https://cdn.shopify.com/s/files/1/0618/2368/0740/files/WhatsApp_Image_2025-01-06_at_8.02.28_PM_1.jpg?v=1736247591,kg,,,,,,
dino-saur-world-printed-kids-hoodie-set-copy,,,,,,,,,11 - 12 Years,,,silver,,,,,'10716927,500.0,shopify,200,continue,manual,1399.00,0.00,true,false,,,,,'10716927,,,,,,,,,,,,,,,,,,,,,,,,,,,,,,,,,,,,,,,,,,,,,,,https://cdn.shopify.com/s/files/1/0618/2368/0740/files/WhatsApp_Image_2025-01-06_at_8.02.28_PM_2.jpg?v=1736247591,kg,,,,,,
