Handle,Title,Body (HTML),Vendor,Product Category,Type,Tags,Published,Option1 Name,Option1 Value,Option1 Linked To,Option2 Name,Option2 Value,Option2 Linked To,Option3 Name,Option3 Value,Option3 Linked To,Variant SKU,Variant Grams,Variant Inventory Tracker,Variant Inventory Qty,Variant Inventory Policy,Variant Fulfillment Service,Variant Price,Variant Compare At Price,Variant Requires Shipping,Variant Taxable,Unit Price Total Measure,Unit Price Total Measure Unit,Unit Price Base Measure,Unit Price Base Measure Unit,Variant Barcode,Image Src,Image Position,Image Alt Text,Gift Card,SEO Title,SEO Description,Google Shopping / Google Product Category,Google Shopping / Gender,Google Shopping / Age Group,Google Shopping / MPN,Google Shopping / Condition,Google Shopping / Custom Product,Google Shopping / Custom Label 0,Google Shopping / Custom Label 1,Google Shopping / Custom Label 2,Google Shopping / Custom Label 3,Google Shopping / Custom Label 4,Google: Custom Product (product.metafields.mm-google-shopping.custom_product),Product rating count (product.metafields.reviews.rating_count),Activewear clothing features (product.metafields.shopify.activewear-clothing-features),Activity (product.metafields.shopify.activity),Age group (product.metafields.shopify.age-group),Baby/Toddler clothing features (product.metafields.shopify.baby-toddler-clothing-features),Baby/Toddler sleepwear style (product.metafields.shopify.baby-toddler-sleepwear-style),Care instructions (product.metafields.shopify.care-instructions),Clothing features (product.metafields.shopify.clothing-features),Color (product.metafields.shopify.color-pattern),Dress occasion (product.metafields.shopify.dress-occasion),Dress style (product.metafields.shopify.dress-style),Fabric (product.metafields.shopify.fabric),Fit (product.metafields.shopify.fit),Intimate apparel features (product.metafields.shopify.intimate-apparel-features),Neckline (product.metafields.shopify.neckline),One-piece style (product.metafields.shopify.one-piece-style),Outerwear clothing features (product.metafields.shopify.outerwear-clothing-features),Pants length type (product.metafields.shopify.pants-length-type),Size (product.metafields.shopify.size),Skirt/Dress length type (product.metafields.shopify.skirt-dress-length-type),Sleeve length type (product.metafields.shopify.sleeve-length-type),Target gender (product.metafields.shopify.target-gender),Top length type (product.metafields.shopify.top-length-type),Waist rise (product.metafields.shopify.waist-rise),Complementary products (product.metafields.shopify--discovery--product_recommendation.complementary_products),Related products (product.metafields.shopify--discovery--product_recommendation.related_products),Related products settings (product.metafields.shopify--discovery--product_recommendation.related_products_display),Search product boosts (product.metafields.shopify--discovery--product_search_boost.queries),Variant Image,Variant Weight Unit,Variant Tax Code,Cost per item,Included / Pakistan,Price / Pakistan,Compare At Price / Pakistan,Status
brown-bts-women-night-suit-pj-3-pieces-set,,,,,,,,,blue-1,,,Medium,,,,,'10708752,500.0,shopify,93,deny,manual,2499.00,,true,false,,,,,'10708752,,,,,,,,,,,,,,,,,,,,,,,,,,,,,,,,,,,,,,,,,,,,,,,,g,,,,,,
brown-bts-women-night-suit-pj-3-pieces-set,,,,,,,,,blue-1,,,Large,,,,,'10708756,500.0,shopify,96,deny,manual,2499.00,,true,false,,,,,'10708756,,,,,,,,,,,,,,,,,,,,,,,,,,,,,,,,,,,,,,,,,,,,,,,,g,,,,,,
brown-bts-women-night-suit-pj-3-pieces-set,,,,,,,,,blue-1,,,XL,,,,,'10708760,500.0,shopify,98,deny,manual,2499.00,,true,false,,,,,'10708760,,,,,,,,,,,,,,,,,,,,,,,,,,,,,,,,,,,,,,,,,,,,,,,,g,,,,,,
brown-bts-women-night-suit-pj-3-pieces-set,,,,,,,,,blue-1,,,XXL,,,,,'10708764,500.0,shopify,100,deny,manual,2699.00,,true,false,,,,,'10708764,,,,,,,,,,,,,,,,,,,,,,,,,,,,,,,,,,,,,,,,,,,,,,,,g,,,,,,
brown-bts-women-night-suit-pj-3-pieces-set,,,,,,,,,red,,,Medium,,,,,'10719436,500.0,shopify,100,deny,manual,2499.00,,true,false,,,,,'10719436,,,,,,,,,,,,,,,,,,,,,,,,,,,,,,,,,,,,,,,,,,,,,,,,g,,,,,,
brown-bts-women-night-suit-pj-3-pieces-set,,,,,,,,,red,,,Large,,,,,'10719437,500.0,shopify,100,deny,manual,2499.00,,true,false,,,,,'10719437,,,,,,,,,,,,,,,,,,,,,,,,,,,,,,,,,,,,,,,,,,,,,,,,g,,,,,,
brown-bts-women-night-suit-pj-3-pieces-set,,,,,,,,,red,,,XL,,,,,'10719438,500.0,shopify,100,deny,manual,2499.00,,true,false,,,,,'10719438,,,,,,,,,,,,,,,,,,,,,,,,,,,,,,,,,,,,,,,,,,,,,,,,g,,,,,,
brown-bts-women-night-suit-pj-3-pieces-set,,,,,,,,,red,,,XXL,,,,,'10719439,500.0,shopify,100,deny,manual,2699.00,,true,false,,,,,'10719439,,,,,,,,,,,,,,,,,,,,,,,,,,,,,,,,,,,,,,,,,,,,,,,,g,,,,,,
brown-black-butterfly-women-night-suit-pj-3-pieces-set,Black Butterfly Women Night Suit PJ 3 Pieces Set,"<h4>Black Butterfly Women Night Suit PJ 3 Pieces Set</h4>
<ul class="""">
<li class="""">Three Piece Long Sleeve + Vest + Loose Trouser</li>
<li class="""">Night Suits for Women very attractive and trendy design</li>
<li class="""">Blended Cotton jersey stuff which will provide you most comfort zone at night</li>
<li class="""">washable Stuff but suitable for hand wash for long lasting of the night wear</li>
<li class="""">Not Suitable For Machine wash as this will reduce the durably of the night wear</li>
<li class="""">Export quality fabric use in the production of night suit</li>
<li class="""">Mostly suitable for wearing in summers</li>
<li class="""">Premium and highly professional print work done on the night wear</li>
<li class="""">Round neck style night wear</li>
<li class="""">Long sleeves with round cuff</li>
<li class="""">Loose fitting trouser with extra stretchable material which will relax you more after wearing</li>
<li class="""">Trouser has no pockets</li>
<li class="""">Maximum durably of night wear is 7 months ( if you wash daily basis)</li>
<li class="""">Good Quality Elastic in trouser with maximum stretch</li>
<li class="""">Best Quality of stitching</li>
</ul>",BBG FASHION,Apparel & Accessories > Clothing > Sleepwear & Loungewear,3 Piece Jersey,"3 Piece Nightwear, woo",false,Size,Medium,,Material,Soft Jersey,,Color,Grey,,'10708735,500.0,shopify,94,deny,manual,1999.00,,true,false,,,,,'10708735,https://cdn.shopify.com/s/files/1/0618/2368/0740/products/19_7e876ea1-757a-4158-b8da-888ee557844a.png?v=1678639733,1,Brown Black Butterfly Women Night Suit Pj 3 Pieces Set - front view - women's wear Pakistan,false,,"Shop Women’s Nightwear & Loungewear in Pakistan. Explore 3 piece night suits,
stylish sleepwear & plus size nightwear in all sizes & colors.",,,,,,,,,,,,,'2,,,,,,,,,,,,,,,,,,,,,,,,,,,,https://cdn.shopify.com/s/files/1/0618/2368/0740/files/WhatsApp_Image_2024-03-04_at_5.16.37_PM.jpg?v=1740864306,g,,,true,,,draft
brown-black-butterfly-women-night-suit-pj-3-pieces-set,,,,,,,,,Medium,,,Soft Jersey,,,Black,,'10708736,500.0,shopify,92,deny,manual,1999.00,,true,false,,,,,'10708736,https://cdn.shopify.com/s/files/1/0618/2368/0740/files/WhatsApp_Image_2024-03-02_at_5.05.09_PM_1.jpg?v=1740864306,2,Brown Black Butterfly Women Night Suit Pj 3 Pieces Set - back view - women's wear Pakistan,,,,,,,,,,,,,,,,,,,,,,,,,,,,,,,,,,,,,,,,,,,,https://cdn.shopify.com/s/files/1/0618/2368/0740/files/WhatsApp_Image_2024-03-02_at_5.05.09_PM_1.jpg?v=1740864306,g,,,,,,
brown-black-butterfly-women-night-suit-pj-3-pieces-set,,,,,,,,,Medium,,,Soft Jersey,,,Brown,,'10708737,500.0,shopify,63,deny,manual,1999.00,,true,false,,,,,'10708737,https://cdn.shopify.com/s/files/1/0618/2368/0740/files/WhatsApp_Image_2024-03-04_at_3.11.00_PM.jpg?v=1740864306,3,Brown Black Butterfly Women Night Suit Pj 3 Pieces Set - side view - women's wear Pakistan,,,,,,,,,,,,,,,,,,,,,,,,,,,,,,,,,,,,,,,,,,,,https://cdn.shopify.com/s/files/1/0618/2368/0740/products/19_7e876ea1-757a-4158-b8da-888ee557844a.png?v=1678639733,g,,,,,,
brown-black-butterfly-women-night-suit-pj-3-pieces-set,,,,,,,,,Medium,,,Soft Jersey,,,Blue,,'10708738,500.0,shopify,90,deny,manual,1999.00,,true,false,,,,,'10708738,https://cdn.shopify.com/s/files/1/0618/2368/0740/files/WhatsApp_Image_2024-03-04_at_5.16.37_PM.jpg?v=1740864306,4,Brown Black Butterfly Women Night Suit Pj 3 Pieces Set - detail shot - women's wear Pakistan,,,,,,,,,,,,,,,,,,,,,,,,,,,,,,,,,,,,,,,,,,,,https://cdn.shopify.com/s/files/1/0618/2368/0740/files/WhatsApp_Image_2024-03-04_at_3.11.00_PM.jpg?v=1740864306,g,,,,,,
brown-black-butterfly-women-night-suit-pj-3-pieces-set,,,,,,,,,Large,,,Soft Jersey,,,Grey,,'10708739,500.0,shopify,95,deny,manual,1999.00,,true,false,,,,,'10708739,https://cdn.shopify.com/s/files/1/0618/2368/0740/products/Sizechart_58d2ea20-dbc1-4071-846e-2434894388e7.jpg?v=1740864306,5,Brown Black Butterfly Women Night Suit Pj 3 Pieces Set size chart - measurements guide,,,,,,,,,,,,,,,,,,,,,,,,,,,,,,,,,,,,,,,,,,,,https://cdn.shopify.com/s/files/1/0618/2368/0740/files/WhatsApp_Image_2024-03-04_at_5.16.37_PM.jpg?v=1740864306,g,,,,,,
brown-black-butterfly-women-night-suit-pj-3-pieces-set,,,,,,,,,Large,,,Soft Jersey,,,Black,,'10708740,500.0,shopify,92,deny,manual,1999.00,,true,false,,,,,'10708740,,,,,,,,,,,,,,,,,,,,,,,,,,,,,,,,,,,,,,,,,,,,,,,https://cdn.shopify.com/s/files/1/0618/2368/0740/files/WhatsApp_Image_2024-03-02_at_5.05.09_PM_1.jpg?v=1740864306,g,,,,,,
brown-black-butterfly-women-night-suit-pj-3-pieces-set,,,,,,,,,Large,,,Soft Jersey,,,Brown,,'10708741,500.0,shopify,77,deny,manual,1999.00,,true,false,,,,,'10708741,,,,,,,,,,,,,,,,,,,,,,,,,,,,,,,,,,,,,,,,,,,,,,,https://cdn.shopify.com/s/files/1/0618/2368/0740/products/19_7e876ea1-757a-4158-b8da-888ee557844a.png?v=1678639733,g,,,,,,
brown-black-butterfly-women-night-suit-pj-3-pieces-set,,,,,,,,,Large,,,Soft Jersey,,,Blue,,'10708742,500.0,shopify,94,deny,manual,1999.00,,true,false,,,,,'10708742,,,,,,,,,,,,,,,,,,,,,,,,,,,,,,,,,,,,,,,,,,,,,,,https://cdn.shopify.com/s/files/1/0618/2368/0740/files/WhatsApp_Image_2024-03-04_at_3.11.00_PM.jpg?v=1740864306,g,,,,,,
brown-black-butterfly-women-night-suit-pj-3-pieces-set,,,,,,,,,XL,,,Soft Jersey,,,Grey,,'10708743,500.0,shopify,98,deny,manual,2299.00,,true,false,,,,,'10708743,,,,,,,,,,,,,,,,,,,,,,,,,,,,,,,,,,,,,,,,,,,,,,,https://cdn.shopify.com/s/files/1/0618/2368/0740/files/WhatsApp_Image_2024-03-04_at_5.16.37_PM.jpg?v=1740864306,g,,,,,,
brown-black-butterfly-women-night-suit-pj-3-pieces-set,,,,,,,,,XL,,,Soft Jersey,,,Black,,'10708744,500.0,shopify,100,deny,manual,2299.00,,true,false,,,,,'10708744,,,,,,,,,,,,,,,,,,,,,,,,,,,,,,,,,,,,,,,,,,,,,,,https://cdn.shopify.com/s/files/1/0618/2368/0740/files/WhatsApp_Image_2024-03-02_at_5.05.09_PM_1.jpg?v=1740864306,g,,,,,,
brown-black-butterfly-women-night-suit-pj-3-pieces-set,,,,,,,,,XL,,,Soft Jersey,,,Brown,,'10708745,500.0,shopify,86,deny,manual,2299.00,,true,false,,,,,'10708745,,,,,,,,,,,,,,,,,,,,,,,,,,,,,,,,,,,,,,,,,,,,,,,https://cdn.shopify.com/s/files/1/0618/2368/0740/products/19_7e876ea1-757a-4158-b8da-888ee557844a.png?v=1678639733,g,,,,,,
brown-black-butterfly-women-night-suit-pj-3-pieces-set,,,,,,,,,XL,,,Soft Jersey,,,Blue,,'10708746,500.0,shopify,96,deny,manual,2299.00,,true,false,,,,,'10708746,,,,,,,,,,,,,,,,,,,,,,,,,,,,,,,,,,,,,,,,,,,,,,,https://cdn.shopify.com/s/files/1/0618/2368/0740/files/WhatsApp_Image_2024-03-04_at_3.11.00_PM.jpg?v=1740864306,g,,,,,,
brown-black-butterfly-women-night-suit-pj-3-pieces-set,,,,,,,,,XXL,,,Soft Jersey,,,Grey,,'10708747,500.0,shopify,96,deny,manual,2499.00,,true,false,,,,,'10708747,,,,,,,,,,,,,,,,,,,,,,,,,,,,,,,,,,,,,,,,,,,,,,,https://cdn.shopify.com/s/files/1/0618/2368/0740/files/WhatsApp_Image_2024-03-04_at_5.16.37_PM.jpg?v=1740864306,g,,,,,,
brown-black-butterfly-women-night-suit-pj-3-pieces-set,,,,,,,,,XXL,,,Soft Jersey,,,Black,,'10708748,500.0,shopify,97,deny,manual,2499.00,,true,false,,,,,'10708748,,,,,,,,,,,,,,,,,,,,,,,,,,,,,,,,,,,,,,,,,,,,,,,https://cdn.shopify.com/s/files/1/0618/2368/0740/files/WhatsApp_Image_2024-03-02_at_5.05.09_PM_1.jpg?v=1740864306,g,,,,,,
brown-black-butterfly-women-night-suit-pj-3-pieces-set,,,,,,,,,XXL,,,Soft Jersey,,,Brown,,'10708749,500.0,shopify,0,deny,manual,2499.00,,true,false,,,,,'10708749,,,,,,,,,,,,,,,,,,,,,,,,,,,,,,,,,,,,,,,,,,,,,,,https://cdn.shopify.com/s/files/1/0618/2368/0740/products/19_7e876ea1-757a-4158-b8da-888ee557844a.png?v=1678639733,g,,,,,,
brown-black-butterfly-women-night-suit-pj-3-pieces-set,,,,,,,,,XXL,,,Soft Jersey,,,Blue,,'10706703,500.0,shopify,94,deny,manual,2499.00,,true,false,,,,,'10706703,,,,,,,,,,,,,,,,,,,,,,,,,,,,,,,,,,,,,,,,,,,,,,,https://cdn.shopify.com/s/files/1/0618/2368/0740/files/WhatsApp_Image_2024-03-04_at_3.11.00_PM.jpg?v=1740864306,g,,,,,,
brown-flying-butterfly-women-night-suit-pj-3-pieces-set,Women 3 Pieces Night Suit - Flying Butterfly,"<h4>Women 3 Pieces Night Suit - Flying Butterfly</h4>
<p class=""isSelectedEnd""><span>Experience the perfect blend of comfort and style with our Women's 3 Pieces Night Suit. Crafted from premium-quality fabric, this sleepwear set is designed to keep you comfortable throughout the night while looking effortlessly elegant.</span></p>
<p class=""isSelectedEnd""><strong><span>Set Includes:</span></strong></p>
<ul data-spread=""false"">
<li>
<p class=""isSelectedEnd""><span>1 Stylish Top</span></p>
</li>
<li>
<p class=""isSelectedEnd""><span>1 Comfortable Trouser</span></p>
</li>
<li>
<p class=""isSelectedEnd""><span>1 Matching Outer Layer</span></p>
</li>
</ul>
<p class=""isSelectedEnd""><strong><span>Product Features:</span></strong><br><span>✔ Soft &amp; Breathable Fabric</span><br><span>✔ Lightweight and Skin-Friendly Material</span><br><span>✔ Relaxed Fit for Maximum Comfort</span><br><span>✔ Durable Stitching and Premium Finish</span><br><span>✔ Ideal for Sleeping, Lounging, and Home Wear</span><br><span>✔ Suitable for All Seasons</span></p>
<p class=""isSelectedEnd""><span>Whether you're relaxing after a long day or enjoying a cozy morning at home, this 3-piece night suit offers the comfort you deserve and the style you love.</span></p>
<p><strong><span>Fabric:</span></strong><span> Premium Cotton Blend</span><br><strong><span>Category:</span></strong><span> Women's Nightwear</span><br><strong><span>Fit:</span></strong><span> Regular Comfort Fit</span><br><strong><span>Care Instructions:</span></strong><span> Machine Washable</span></p>",BBG FASHION,Apparel & Accessories > Clothing > Sleepwear & Loungewear,3 Piece Jersey,3 Piece Nightwear,true,Color,brown-1,product.metafields.shopify.color-pattern,Size,Medium,,,,,'10708717,500.0,shopify,45,deny,manual,2499.00,,true,false,,,,,'10708717,https://cdn.shopify.com/s/files/1/0618/2368/0740/products/18_57b458e8-c65d-4a22-ad79-e34377d0edfe.png?v=1678639474,1,Brown Flying Butterfly Women Night Suit Pj 3 Pieces Set - front view - women's wear Pakistan,false,,"Shop our Women 3 Pieces Night Suit made from soft, breathable cotton for ultimate comfort. Stylish, lightweight, and perfect for sleeping or lounging at home.

",,,,,,,,,,,,,,,,,,,,,brown-1; black; grey-1; blue-1; pink,,,,,,,,,,,,,,,,,,,,,g,,,true,,,active
brown-flying-butterfly-women-night-suit-pj-3-pieces-set,,,,,,,,,brown-1,,,Large,,,,,'10708722,500.0,shopify,63,deny,manual,2499.00,,true,false,,,,,'10708722,https://cdn.shopify.com/s/files/1/0618/2368/0740/files/WhatsApp_Image_2024-03-02_at_5.05.22_PM_3.jpg?v=1740864323,2,Brown Flying Butterfly Women Night Suit Pj 3 Pieces Set - back view - women's wear Pakistan,,,,,,,,,,,,,,,,,,,,,,,,,,,,,,,,,,,,,,,,,,,,,g,,,,,,
brown-flying-butterfly-women-night-suit-pj-3-pieces-set,,,,,,,,,brown-1,,,XL,,,,,'10708727,500.0,shopify,82,deny,manual,2499.00,,true,false,,,,,'10708727,https://cdn.shopify.com/s/files/1/0618/2368/0740/files/WhatsApp_Image_2024-03-02_at_6.29.56_PM.jpg?v=1740864323,3,Brown Flying Butterfly Women Night Suit Pj 3 Pieces Set - side view - women's wear Pakistan,,,,,,,,,,,,,,,,,,,,,,,,,,,,,,,,,,,,,,,,,,,,,g,,,,,,
brown-flying-butterfly-women-night-suit-pj-3-pieces-set,,,,,,,,,brown-1,,,XXL,,,,,'10708732,500.0,shopify,0,deny,manual,2699.00,,true,false,,,,,'10708732,https://cdn.shopify.com/s/files/1/0618/2368/0740/files/WhatsApp_Image_2024-03-04_at_3.11.52_PM.jpg?v=1740864323,4,Brown Flying Butterfly Women Night Suit Pj 3 Pieces Set - detail shot - women's wear Pakistan,,,,,,,,,,,,,,,,,,,,,,,,,,,,,,,,,,,,,,,,,,,,,g,,,,,,
brown-flying-butterfly-women-night-suit-pj-3-pieces-set,,,,,,,,,black,,,Medium,,,,,'10708718,500.0,shopify,93,deny,manual,2499.00,,true,false,,,,,'10708718,https://cdn.shopify.com/s/files/1/0618/2368/0740/files/WhatsApp_Image_2024-03-04_at_5.16.43_PM_1.jpg?v=1740864323,5,Brown Flying Butterfly Women Night Suit Pj 3 Pieces Set - front view - women's wear Pakistan,,,,,,,,,,,,,,,,,,,,,,,,,,,,,,,,,,,,,,,,,,,,,g,,,,,,
brown-flying-butterfly-women-night-suit-pj-3-pieces-set,,,,,,,,,black,,,Large,,,,,'10708723,500.0,shopify,91,deny,manual,2499.00,,true,false,,,,,'10708723,https://cdn.shopify.com/s/files/1/0618/2368/0740/products/Sizechart_23011305-35af-4ae8-ab3f-e407f40fd3f3.jpg?v=1740864323,6,Brown Flying Butterfly Women Night Suit Pj 3 Pieces Set size chart - measurements guide,,,,,,,,,,,,,,,,,,,,,,,,,,,,,,,,,,,,,,,,,,,,,g,,,,,,
brown-flying-butterfly-women-night-suit-pj-3-pieces-set,,,,,,,,,black,,,XL,,,,,'10708728,500.0,shopify,99,deny,manual,2499.00,,true,false,,,,,'10708728,,,,,,,,,,,,,,,,,,,,,,,,,,,,,,,,,,,,,,,,,,,,,,,,g,,,,,,
brown-flying-butterfly-women-night-suit-pj-3-pieces-set,,,,,,,,,black,,,XXL,,,,,'10708733,500.0,shopify,97,deny,manual,2699.00,,true,false,,,,,'10708733,,,,,,,,,,,,,,,,,,,,,,,,,,,,,,,,,,,,,,,,,,,,,,,,g,,,,,,
brown-flying-butterfly-women-night-suit-pj-3-pieces-set,,,,,,,,,grey-1,,,Medium,,,,,'10708720,500.0,shopify,92,deny,manual,2499.00,,true,false,,,,,'10708720,,,,,,,,,,,,,,,,,,,,,,,,,,,,,,,,,,,,,,,,,,,,,,,,g,,,,,,
brown-flying-butterfly-women-night-suit-pj-3-pieces-set,,,,,,,,,grey-1,,,Large,,,,,'10708725,500.0,shopify,95,deny,manual,2499.00,,true,false,,,,,'10708725,,,,,,,,,,,,,,,,,,,,,,,,,,,,,,,,,,,,,,,,,,,,,,,,g,,,,,,
brown-flying-butterfly-women-night-suit-pj-3-pieces-set,,,,,,,,,grey-1,,,XL,,,,,'10708730,500.0,shopify,100,deny,manual,2499.00,,true,false,,,,,'10708730,,,,,,,,,,,,,,,,,,,,,,,,,,,,,,,,,,,,,,,,,,,,,,,,g,,,,,,
brown-flying-butterfly-women-night-suit-pj-3-pieces-set,,,,,,,,,grey-1,,,XXL,,,,,'10706702,500.0,shopify,98,deny,manual,2699.00,,true,false,,,,,'10706702,,,,,,,,,,,,,,,,,,,,,,,,,,,,,,,,,,,,,,,,,,,,,,,,g,,,,,,
brown-flying-butterfly-women-night-suit-pj-3-pieces-set,,,,,,,,,blue-1,,,Medium,,,,,'10708719,500.0,shopify,81,deny,manual,2499.00,,true,false,,,,,'10708719,,,,,,,,,,,,,,,,,,,,,,,,,,,,,,,,,,,,,,,,,,,,,,,,g,,,,,,
brown-flying-butterfly-women-night-suit-pj-3-pieces-set,,,,,,,,,blue-1,,,Large,,,,,'10708724,500.0,shopify,87,deny,manual,2499.00,,true,false,,,,,'10708724,,,,,,,,,,,,,,,,,,,,,,,,,,,,,,,,,,,,,,,,,,,,,,,,g,,,,,,
brown-flying-butterfly-women-night-suit-pj-3-pieces-set,,,,,,,,,blue-1,,,XL,,,,,'10708729,500.0,shopify,95,deny,manual,2499.00,,true,false,,,,,'10708729,,,,,,,,,,,,,,,,,,,,,,,,,,,,,,,,,,,,,,,,,,,,,,,,g,,,,,,
brown-flying-butterfly-women-night-suit-pj-3-pieces-set,,,,,,,,,blue-1,,,XXL,,,,,'10708734,500.0,shopify,90,deny,manual,2699.00,,true,false,,,,,'10708734,,,,,,,,,,,,,,,,,,,,,,,,,,,,,,,,,,,,,,,,,,,,,,,,g,,,,,,
brown-flying-butterfly-women-night-suit-pj-3-pieces-set,,,,,,,,,pink,,,Medium,,,,,'10708716,500.0,shopify,81,deny,manual,2499.00,,true,false,,,,,'10708716,,,,,,,,,,,,,,,,,,,,,,,,,,,,,,,,,,,,,,,,,,,,,,,,g,,,,,,
brown-flying-butterfly-women-night-suit-pj-3-pieces-set,,,,,,,,,pink,,,Large,,,,,'10708721,500.0,shopify,84,deny,manual,2499.00,,true,false,,,,,'10708721,,,,,,,,,,,,,,,,,,,,,,,,,,,,,,,,,,,,,,,,,,,,,,,,g,,,,,,
brown-flying-butterfly-women-night-suit-pj-3-pieces-set,,,,,,,,,pink,,,XL,,,,,'10708726,500.0,shopify,96,deny,manual,2499.00,,true,false,,,,,'10708726,,,,,,,,,,,,,,,,,,,,,,,,,,,,,,,,,,,,,,,,,,,,,,,,g,,,,,,
brown-flying-butterfly-women-night-suit-pj-3-pieces-set,,,,,,,,,pink,,,XXL,,,,,'10708731,500.0,shopify,94,deny,manual,2699.00,,true,false,,,,,'10708731,,,,,,,,,,,,,,,,,,,,,,,,,,,,,,,,,,,,,,,,,,,,,,,,g,,,,,,
brown-friends-women-night-suit-pj-3-pieces-set,Women 3 Pieces Night Suit - Friends,"<h4>Women 3 Pieces Night Suit - Friends</h4>
<p class=""isSelectedEnd""><span>Experience the perfect blend of comfort and style with our Women's 3 Pieces Night Suit. Crafted from premium-quality fabric, this sleepwear set is designed to keep you comfortable throughout the night while looking effortlessly elegant.</span></p>
<p class=""isSelectedEnd""><strong><span>Set Includes:</span></strong></p>
<ul data-spread=""false"">
<li>
<p class=""isSelectedEnd""><span>1 Stylish Top</span></p>
</li>
<li>
<p class=""isSelectedEnd""><span>1 Comfortable Trouser</span></p>
</li>
<li>
<p class=""isSelectedEnd""><span>1 Matching Outer Layer</span></p>
</li>
</ul>
<p class=""isSelectedEnd""><strong><span>Product Features:</span></strong><br><span>✔ Soft &amp; Breathable Fabric</span><br><span>✔ Lightweight and Skin-Friendly Material</span><br><span>✔ Relaxed Fit for Maximum Comfort</span><br><span>✔ Durable Stitching and Premium Finish</span><br><span>✔ Ideal for Sleeping, Lounging, and Home Wear</span><br><span>✔ Suitable for All Seasons</span></p>
<p class=""isSelectedEnd""><span>Whether you're relaxing after a long day or enjoying a cozy morning at home, this 3-piece night suit offers the comfort you deserve and the style you love.</span></p>
<p><strong><span>Fabric:</span></strong><span> Premium Cotton Blend</span><br><strong><span>Category:</span></strong><span> Women's Nightwear</span><br><strong><span>Fit:</span></strong><span> Regular Comfort Fit</span><br><strong><span>Care Instructions:</span></strong><span> Machine Washable</span></p>",BBG FASHION,Apparel & Accessories > Clothing > Sleepwear & Loungewear,3 Piece Jersey,3 Piece Nightwear,true,Size,Medium,,Color,brown-1,product.metafields.shopify.color-pattern,,,,'10708701,500.0,shopify,79,deny,manual,2499.00,,true,false,,,,,'10708701,https://cdn.shopify.com/s/files/1/0618/2368/0740/products/17_9a975dde-c336-40e2-9750-94dc0a9a5c87.png?v=1678639322,1,Brown Friends Women Night Suit Pj 3 Pieces Set - front view - women's wear Pakistan,false,,"Shop our Women 3 Pieces Night Suit made from soft, breathable cotton for ultimate comfort. Stylish, lightweight, and perfect for sleeping or lounging at home.

",,,,,,,,,,,,,'2,,,,,,,,brown-1; black; blue-1; grey,,,,,,,,,,,,,,,,,,,,https://cdn.shopify.com/s/files/1/0618/2368/0740/products/17_9a975dde-c336-40e2-9750-94dc0a9a5c87.png?v=1678639322,g,,,true,,,active
brown-friends-women-night-suit-pj-3-pieces-set,,,,,,,,,Medium,,,black,,,,,'10708702,500.0,shopify,90,deny,manual,2499.00,,true,false,,,,,'10708702,https://cdn.shopify.com/s/files/1/0618/2368/0740/files/WhatsApp_Image_2024-03-02_at_5.05.10_PM_2.jpg?v=1740864341,2,Brown Friends Women Night Suit Pj 3 Pieces Set - back view - women's wear Pakistan,,,,,,,,,,,,,,,,,,,,,,,,,,,,,,,,,,,,,,,,,,,,https://cdn.shopify.com/s/files/1/0618/2368/0740/files/WhatsApp_Image_2024-03-02_at_5.05.10_PM_2.jpg?v=1740864341,g,,,,,,
brown-friends-women-night-suit-pj-3-pieces-set,,,,,,,,,Medium,,,blue-1,,,,,'10708703,500.0,shopify,89,deny,manual,2499.00,,true,false,,,,,'10708703,https://cdn.shopify.com/s/files/1/0618/2368/0740/files/WhatsApp_Image_2024-03-04_at_3.11.04_PM.jpg?v=1740864341,3,Brown Friends Women Night Suit Pj 3 Pieces Set - side view - women's wear Pakistan,,,,,,,,,,,,,,,,,,,,,,,,,,,,,,,,,,,,,,,,,,,,https://cdn.shopify.com/s/files/1/0618/2368/0740/files/WhatsApp_Image_2024-03-04_at_3.11.04_PM.jpg?v=1740864341,g,,,,,,
brown-friends-women-night-suit-pj-3-pieces-set,,,,,,,,,Medium,,,grey,,,,,'10708704,500.0,shopify,95,deny,manual,2499.00,,true,false,,,,,'10708704,https://cdn.shopify.com/s/files/1/0618/2368/0740/files/WhatsApp_Image_2024-03-04_at_5.16.37_PM_1.jpg?v=1740864341,4,Brown Friends Women Night Suit Pj 3 Pieces Set - detail shot - women's wear Pakistan,,,,,,,,,,,,,,,,,,,,,,,,,,,,,,,,,,,,,,,,,,,,https://cdn.shopify.com/s/files/1/0618/2368/0740/files/WhatsApp_Image_2024-03-04_at_5.16.37_PM_1.jpg?v=1740864341,g,,,,,,
brown-friends-women-night-suit-pj-3-pieces-set,,,,,,,,,Large,,,brown-1,,,,,'10708705,500.0,shopify,89,deny,manual,2499.00,,true,false,,,,,'10708705,https://cdn.shopify.com/s/files/1/0618/2368/0740/products/Sizechart_e5f31326-2096-4d84-8e00-ee96ec6585e6.jpg?v=1740864341,5,Brown Friends Women Night Suit Pj 3 Pieces Set size chart - measurements guide,,,,,,,,,,,,,,,,,,,,,,,,,,,,,,,,,,,,,,,,,,,,https://cdn.shopify.com/s/files/1/0618/2368/0740/products/17_9a975dde-c336-40e2-9750-94dc0a9a5c87.png?v=1678639322,g,,,,,,
brown-friends-women-night-suit-pj-3-pieces-set,,,,,,,,,Large,,,black,,,,,'10708706,500.0,shopify,96,deny,manual,2499.00,,true,false,,,,,'10708706,,,,,,,,,,,,,,,,,,,,,,,,,,,,,,,,,,,,,,,,,,,,,,,https://cdn.shopify.com/s/files/1/0618/2368/0740/files/WhatsApp_Image_2024-03-02_at_5.05.10_PM_2.jpg?v=1740864341,g,,,,,,
brown-friends-women-night-suit-pj-3-pieces-set,,,,,,,,,Large,,,blue-1,,,,,'10708707,500.0,shopify,93,deny,manual,2499.00,,true,false,,,,,'10708707,,,,,,,,,,,,,,,,,,,,,,,,,,,,,,,,,,,,,,,,,,,,,,,https://cdn.shopify.com/s/files/1/0618/2368/0740/files/WhatsApp_Image_2024-03-04_at_3.11.04_PM.jpg?v=1740864341,g,,,,,,
brown-friends-women-night-suit-pj-3-pieces-set,,,,,,,,,Large,,,grey,,,,,'10708708,500.0,shopify,95,deny,manual,2499.00,,true,false,,,,,'10708708,,,,,,,,,,,,,,,,,,,,,,,,,,,,,,,,,,,,,,,,,,,,,,,https://cdn.shopify.com/s/files/1/0618/2368/0740/files/WhatsApp_Image_2024-03-04_at_5.16.37_PM_1.jpg?v=1740864341,g,,,,,,
brown-friends-women-night-suit-pj-3-pieces-set,,,,,,,,,XL,,,brown-1,,,,,'10708709,500.0,shopify,92,deny,manual,2499.00,,true,false,,,,,'10708709,,,,,,,,,,,,,,,,,,,,,,,,,,,,,,,,,,,,,,,,,,,,,,,https://cdn.shopify.com/s/files/1/0618/2368/0740/products/17_9a975dde-c336-40e2-9750-94dc0a9a5c87.png?v=1678639322,g,,,,,,
brown-friends-women-night-suit-pj-3-pieces-set,,,,,,,,,XL,,,black,,,,,'10708710,500.0,shopify,96,deny,manual,2499.00,,true,false,,,,,'10708710,,,,,,,,,,,,,,,,,,,,,,,,,,,,,,,,,,,,,,,,,,,,,,,https://cdn.shopify.com/s/files/1/0618/2368/0740/files/WhatsApp_Image_2024-03-02_at_5.05.10_PM_2.jpg?v=1740864341,g,,,,,,
brown-friends-women-night-suit-pj-3-pieces-set,,,,,,,,,XL,,,blue-1,,,,,'10708711,500.0,shopify,96,deny,manual,2499.00,,true,false,,,,,'10708711,,,,,,,,,,,,,,,,,,,,,,,,,,,,,,,,,,,,,,,,,,,,,,,https://cdn.shopify.com/s/files/1/0618/2368/0740/files/WhatsApp_Image_2024-03-04_at_3.11.04_PM.jpg?v=1740864341,g,,,,,,
brown-friends-women-night-suit-pj-3-pieces-set,,,,,,,,,XL,,,grey,,,,,'10708712,500.0,shopify,100,deny,manual,2499.00,,true,false,,,,,'10708712,,,,,,,,,,,,,,,,,,,,,,,,,,,,,,,,,,,,,,,,,,,,,,,https://cdn.shopify.com/s/files/1/0618/2368/0740/files/WhatsApp_Image_2024-03-04_at_5.16.37_PM_1.jpg?v=1740864341,g,,,,,,
brown-friends-women-night-suit-pj-3-pieces-set,,,,,,,,,XXL,,,brown-1,,,,,'10708713,500.0,shopify,0,deny,manual,2699.00,,true,false,,,,,'10708713,,,,,,,,,,,,,,,,,,,,,,,,,,,,,,,,,,,,,,,,,,,,,,,https://cdn.shopify.com/s/files/1/0618/2368/0740/products/17_9a975dde-c336-40e2-9750-94dc0a9a5c87.png?v=1678639322,g,,,,,,
brown-friends-women-night-suit-pj-3-pieces-set,,,,,,,,,XXL,,,black,,,,,'10708714,500.0,shopify,99,deny,manual,2699.00,,true,false,,,,,'10708714,,,,,,,,,,,,,,,,,,,,,,,,,,,,,,,,,,,,,,,,,,,,,,,https://cdn.shopify.com/s/files/1/0618/2368/0740/files/WhatsApp_Image_2024-03-02_at_5.05.10_PM_2.jpg?v=1740864341,g,,,,,,
brown-friends-women-night-suit-pj-3-pieces-set,,,,,,,,,XXL,,,blue-1,,,,,'10708715,500.0,shopify,95,deny,manual,2699.00,,true,false,,,,,'10708715,,,,,,,,,,,,,,,,,,,,,,,,,,,,,,,,,,,,,,,,,,,,,,,https://cdn.shopify.com/s/files/1/0618/2368/0740/files/WhatsApp_Image_2024-03-04_at_3.11.04_PM.jpg?v=1740864341,g,,,,,,
brown-friends-women-night-suit-pj-3-pieces-set,,,,,,,,,XXL,,,grey,,,,,'10706701,500.0,shopify,98,deny,manual,2699.00,,true,false,,,,,'10706701,,,,,,,,,,,,,,,,,,,,,,,,,,,,,,,,,,,,,,,,,,,,,,,https://cdn.shopify.com/s/files/1/0618/2368/0740/files/WhatsApp_Image_2024-03-04_at_5.16.37_PM_1.jpg?v=1740864341,g,,,,,,
blue-pink-butterfly-women-night-suit-pj-3-pieces-set,Pink Butterfly Women Night Suit PJ 3 Pieces Set,"<h4>Pink Butterfly Women Night Suit PJ 3 Pieces Set</h4>
<ul class="""">
<li class="""">Three Piece Long Sleeve + Vest + Loose Trouser</li>
<li class="""">Night Suits for Women very attractive and trendy design</li>
<li class="""">Blended Cotton jersey stuff which will provide you most comfort zone at night</li>
<li class="""">washable Stuff but suitable for hand wash for long lasting of the night wear</li>
<li class="""">Not Suitable For Machine wash as this will reduce the durably of the night wear</li>
<li class="""">Export quality fabric use in the production of night suit</li>
<li class="""">Mostly suitable for wearing in summers</li>
<li class="""">Premium and highly professional print work done on the night wear</li>
<li class="""">Round neck style night wear</li>
<li class="""">Long sleeves with round cuff</li>
<li class="""">Loose fitting trouser with extra stretchable material which will relax you more after wearing</li>
<li class="""">Trouser has no pockets</li>
<li class="""">Maximum durably of night wear is 7 months ( if you wash daily basis)</li>
<li class="""">Good Quality Elastic in trouser with maximum stretch</li>
<li class="""">Best Quality of stitching</li>
</ul>",BBG FASHION,Apparel & Accessories > Clothing > Sleepwear & Loungewear,3 Piece Jersey,"3 Piece Nightwear, NEW ARRIVAL, woo",false,Size,Medium,,Material,Soft Jersey,,Color,Blue,,'10708686,500.0,shopify,50,deny,manual,1999.00,,true,false,,,,,'10708686,https://cdn.shopify.com/s/files/1/0618/2368/0740/products/16_5ee98fcf-6b8f-4efc-bc97-0d0e86a5b22c.png?v=1678639230,1,Blue Pink Butterfly Women Night Suit Pj 3 Pieces Set - front view - women's wear Pakistan,false,,Green V-Neck Women Night Suit PJ Set Ladies Sleep Dress Night Wear With Shirt And Trouser for Women very attractive and trendy design Blended Cotton jersey stuff which will provide you most comfort zone at night. Washable Sleep wear Stuff for long lasting Night wear available at www.bbgfashion.pk,,,,,,,,,,,,,'6,,,,,,,,,,,,,,,,,,,,,,,,,,,,https://cdn.shopify.com/s/files/1/0618/2368/0740/products/16_5ee98fcf-6b8f-4efc-bc97-0d0e86a5b22c.png?v=1678639230,g,,,true,,,draft
blue-pink-butterfly-women-night-suit-pj-3-pieces-set,,,,,,,,,Medium,,,Soft Jersey,,,Black,,'10708687,500.0,shopify,97,deny,manual,1999.00,,true,false,,,,,'10708687,https://cdn.shopify.com/s/files/1/0618/2368/0740/files/WhatsApp_Image_2024-03-02_at_5.05.10_PM_1.jpg?v=1740864354,2,Blue Pink Butterfly Women Night Suit Pj 3 Pieces Set - back view - women's wear Pakistan,,,,,,,,,,,,,,,,,,,,,,,,,,,,,,,,,,,,,,,,,,,,https://cdn.shopify.com/s/files/1/0618/2368/0740/files/WhatsApp_Image_2024-03-02_at_5.05.10_PM_1.jpg?v=1740864354,g,,,,,,
blue-pink-butterfly-women-night-suit-pj-3-pieces-set,,,,,,,,,Medium,,,Soft Jersey,,,Brown,,'10708688,500.0,shopify,97,deny,manual,1999.00,,true,false,,,,,'10708688,https://cdn.shopify.com/s/files/1/0618/2368/0740/files/WhatsApp_Image_2024-03-04_at_5.08.59_PM.jpg?v=1740864354,3,Blue Pink Butterfly Women Night Suit Pj 3 Pieces Set - side view - women's wear Pakistan,,,,,,,,,,,,,,,,,,,,,,,,,,,,,,,,,,,,,,,,,,,,https://cdn.shopify.com/s/files/1/0618/2368/0740/files/WhatsApp_Image_2024-03-04_at_5.08.59_PM.jpg?v=1740864354,g,,,,,,
blue-pink-butterfly-women-night-suit-pj-3-pieces-set,,,,,,,,,Medium,,,Soft Jersey,,,Grey,,'10708689,500.0,shopify,100,deny,manual,1999.00,,true,false,,,,,'10708689,https://cdn.shopify.com/s/files/1/0618/2368/0740/files/WhatsApp_Image_2024-03-04_at_5.16.38_PM.jpg?v=1740864354,4,Blue Pink Butterfly Women Night Suit Pj 3 Pieces Set - detail shot - women's wear Pakistan,,,,,,,,,,,,,,,,,,,,,,,,,,,,,,,,,,,,,,,,,,,,https://cdn.shopify.com/s/files/1/0618/2368/0740/files/WhatsApp_Image_2024-03-04_at_5.16.38_PM.jpg?v=1740864354,g,,,,,,
blue-pink-butterfly-women-night-suit-pj-3-pieces-set,,,,,,,,,Large,,,Soft Jersey,,,Blue,,'10708690,500.0,shopify,76,deny,manual,1999.00,,true,false,,,,,'10708690,https://cdn.shopify.com/s/files/1/0618/2368/0740/products/Sizechart_7714518b-3f68-44e6-9f00-6d56448cec2e.jpg?v=1740864354,5,Blue Pink Butterfly Women Night Suit Pj 3 Pieces Set size chart - measurements guide,,,,,,,,,,,,,,,,,,,,,,,,,,,,,,,,,,,,,,,,,,,,https://cdn.shopify.com/s/files/1/0618/2368/0740/products/16_5ee98fcf-6b8f-4efc-bc97-0d0e86a5b22c.png?v=1678639230,g,,,,,,
blue-pink-butterfly-women-night-suit-pj-3-pieces-set,,,,,,,,,Large,,,Soft Jersey,,,Black,,'10708691,500.0,shopify,96,deny,manual,1999.00,,true,false,,,,,'10708691,,,,,,,,,,,,,,,,,,,,,,,,,,,,,,,,,,,,,,,,,,,,,,,https://cdn.shopify.com/s/files/1/0618/2368/0740/files/WhatsApp_Image_2024-03-02_at_5.05.10_PM_1.jpg?v=1740864354,g,,,,,,
blue-pink-butterfly-women-night-suit-pj-3-pieces-set,,,,,,,,,Large,,,Soft Jersey,,,Brown,,'10708692,500.0,shopify,98,deny,manual,1999.00,,true,false,,,,,'10708692,,,,,,,,,,,,,,,,,,,,,,,,,,,,,,,,,,,,,,,,,,,,,,,https://cdn.shopify.com/s/files/1/0618/2368/0740/files/WhatsApp_Image_2024-03-04_at_5.08.59_PM.jpg?v=1740864354,g,,,,,,
blue-pink-butterfly-women-night-suit-pj-3-pieces-set,,,,,,,,,Large,,,Soft Jersey,,,Grey,,'10708693,500.0,shopify,99,deny,manual,1999.00,,true,false,,,,,'10708693,,,,,,,,,,,,,,,,,,,,,,,,,,,,,,,,,,,,,,,,,,,,,,,https://cdn.shopify.com/s/files/1/0618/2368/0740/files/WhatsApp_Image_2024-03-04_at_5.16.38_PM.jpg?v=1740864354,g,,,,,,
blue-pink-butterfly-women-night-suit-pj-3-pieces-set,,,,,,,,,XL,,,Soft Jersey,,,Blue,,'10708694,500.0,shopify,85,deny,manual,2299.00,,true,false,,,,,'10708694,,,,,,,,,,,,,,,,,,,,,,,,,,,,,,,,,,,,,,,,,,,,,,,https://cdn.shopify.com/s/files/1/0618/2368/0740/products/16_5ee98fcf-6b8f-4efc-bc97-0d0e86a5b22c.png?v=1678639230,g,,,,,,
blue-pink-butterfly-women-night-suit-pj-3-pieces-set,,,,,,,,,XL,,,Soft Jersey,,,Black,,'10708695,500.0,shopify,96,deny,manual,2299.00,,true,false,,,,,'10708695,,,,,,,,,,,,,,,,,,,,,,,,,,,,,,,,,,,,,,,,,,,,,,,https://cdn.shopify.com/s/files/1/0618/2368/0740/files/WhatsApp_Image_2024-03-02_at_5.05.10_PM_1.jpg?v=1740864354,g,,,,,,
blue-pink-butterfly-women-night-suit-pj-3-pieces-set,,,,,,,,,XL,,,Soft Jersey,,,Brown,,'10708696,500.0,shopify,100,deny,manual,2299.00,,true,false,,,,,'10708696,,,,,,,,,,,,,,,,,,,,,,,,,,,,,,,,,,,,,,,,,,,,,,,https://cdn.shopify.com/s/files/1/0618/2368/0740/files/WhatsApp_Image_2024-03-04_at_5.08.59_PM.jpg?v=1740864354,g,,,,,,
blue-pink-butterfly-women-night-suit-pj-3-pieces-set,,,,,,,,,XL,,,Soft Jersey,,,Grey,,'10708697,500.0,shopify,100,deny,manual,2299.00,,true,false,,,,,'10708697,,,,,,,,,,,,,,,,,,,,,,,,,,,,,,,,,,,,,,,,,,,,,,,https://cdn.shopify.com/s/files/1/0618/2368/0740/files/WhatsApp_Image_2024-03-04_at_5.16.38_PM.jpg?v=1740864354,g,,,,,,
blue-pink-butterfly-women-night-suit-pj-3-pieces-set,,,,,,,,,XXL,,,Soft Cotton Jersey,,,Blue,,'10708698,500.0,shopify,84,deny,manual,2499.00,,true,false,,,,,'10708698,,,,,,,,,,,,,,,,,,,,,,,,,,,,,,,,,,,,,,,,,,,,,,,https://cdn.shopify.com/s/files/1/0618/2368/0740/products/16_5ee98fcf-6b8f-4efc-bc97-0d0e86a5b22c.png?v=1678639230,g,,,,,,
blue-pink-butterfly-women-night-suit-pj-3-pieces-set,,,,,,,,,XXL,,,Soft Cotton Jersey,,,Black,,'10708699,500.0,shopify,99,deny,manual,2499.00,,true,false,,,,,'10708699,,,,,,,,,,,,,,,,,,,,,,,,,,,,,,,,,,,,,,,,,,,,,,,https://cdn.shopify.com/s/files/1/0618/2368/0740/files/WhatsApp_Image_2024-03-02_at_5.05.10_PM_1.jpg?v=1740864354,g,,,,,,
blue-pink-butterfly-women-night-suit-pj-3-pieces-set,,,,,,,,,XXL,,,Soft Cotton Jersey,,,Brown,,'10708700,500.0,shopify,0,deny,manual,2499.00,,true,false,,,,,'10708700,,,,,,,,,,,,,,,,,,,,,,,,,,,,,,,,,,,,,,,,,,,,,,,https://cdn.shopify.com/s/files/1/0618/2368/0740/files/WhatsApp_Image_2024-03-04_at_5.08.59_PM.jpg?v=1740864354,g,,,,,,
blue-pink-butterfly-women-night-suit-pj-3-pieces-set,,,,,,,,,XXL,,,Soft Cotton Jersey,,,Grey,,'10706700,500.0,shopify,100,deny,manual,2499.00,,true,false,,,,,'10706700,,,,,,,,,,,,,,,,,,,,,,,,,,,,,,,,,,,,,,,,,,,,,,,https://cdn.shopify.com/s/files/1/0618/2368/0740/files/WhatsApp_Image_2024-03-04_at_5.16.38_PM.jpg?v=1740864354,g,,,,,,
blue-orange-butterfly-women-night-suit-pj-3-pieces-set,Orange Butterfly Women Night Suit PJ 3 Pieces Set,"<h4>Orange Butterfly Women Night Suit PJ 3 Pieces Set</h4>
<ul class="""">
<li class="""">Three Piece Long Sleeve + Vest + Loose Trouser</li>
<li class="""">Night Suits for Women very attractive and trendy design</li>
<li class="""">Blended Cotton jersey stuff which will provide you most comfort zone at night</li>
<li class="""">washable Stuff but suitable for hand wash for long lasting of the night wear</li>
<li class="""">Not Suitable For Machine wash as this will reduce the durably of the night wear</li>
<li class="""">Export quality fabric use in the production of night suit</li>
<li class="""">Mostly suitable for wearing in summers</li>
<li class="""">Premium and highly professional print work done on the night wear</li>
<li class="""">Round neck style night wear</li>
<li class="""">Long sleeves with round cuff</li>
<li class="""">Loose fitting trouser with extra stretchable material which will relax you more after wearing</li>
<li class="""">Trouser has no pockets</li>
<li class="""">Maximum durably of night wear is 7 months ( if you wash daily basis)</li>
<li class="""">Good Quality Elastic in trouser with maximum stretch</li>
<li class="""">Best Quality of stitching</li>
</ul>",BBG FASHION,Apparel & Accessories > Clothing > Sleepwear & Loungewear,3 Piece Jersey,"3 Piece Nightwear, NEW ARRIVAL, woo",false,Size,Medium,,Material,Soft Jersey,,Color,Blue,,'10708675,500.0,shopify,76,deny,manual,1999.00,,true,false,,,,,'10708675,https://cdn.shopify.com/s/files/1/0618/2368/0740/products/15_cde72464-bbe7-44e8-ba8f-92c2fb999733.png?v=1678639144,1,Blue Orange Butterfly Women Night Suit Pj 3 Pieces Set - front view - women's wear Pakistan,false,,"Shop Women’s Nightwear & Loungewear in Pakistan. Explore 3 piece night suits,
stylish sleepwear & plus size nightwear in all sizes & colors.",,,,,,,,,,,,,,,,,,,,,,,,,,,,,,,,,,,,,,,,,https://cdn.shopify.com/s/files/1/0618/2368/0740/products/15_cde72464-bbe7-44e8-ba8f-92c2fb999733.png?v=1678639144,g,,,true,,,draft
blue-orange-butterfly-women-night-suit-pj-3-pieces-set,,,,,,,,,Medium,,,Soft Jersey,,,Black,,'10708676,500.0,shopify,99,deny,manual,1999.00,,true,false,,,,,'10708676,https://cdn.shopify.com/s/files/1/0618/2368/0740/files/WhatsApp_Image_2024-03-02_at_5.05.07_PM_3.jpg?v=1740864365,2,Blue Orange Butterfly Women Night Suit Pj 3 Pieces Set - back view - women's wear Pakistan,,,,,,,,,,,,,,,,,,,,,,,,,,,,,,,,,,,,,,,,,,,,https://cdn.shopify.com/s/files/1/0618/2368/0740/files/WhatsApp_Image_2024-03-02_at_5.05.07_PM_3.jpg?v=1740864365,g,,,,,,
blue-orange-butterfly-women-night-suit-pj-3-pieces-set,,,,,,,,,Medium,,,Soft Jersey,,,Brown,,'10708677,500.0,shopify,97,deny,manual,1999.00,,true,false,,,,,'10708677,https://cdn.shopify.com/s/files/1/0618/2368/0740/files/WhatsApp_Image_2024-03-04_at_5.09.00_PM.jpg?v=1740864365,3,Blue Orange Butterfly Women Night Suit Pj 3 Pieces Set - side view - women's wear Pakistan,,,,,,,,,,,,,,,,,,,,,,,,,,,,,,,,,,,,,,,,,,,,https://cdn.shopify.com/s/files/1/0618/2368/0740/files/WhatsApp_Image_2024-03-04_at_5.09.00_PM.jpg?v=1740864365,g,,,,,,
blue-orange-butterfly-women-night-suit-pj-3-pieces-set,,,,,,,,,Large,,,Soft Jersey,,,Blue,,'10708678,500.0,shopify,89,deny,manual,1999.00,,true,false,,,,,'10708678,https://cdn.shopify.com/s/files/1/0618/2368/0740/products/Sizechart_e6ebdb6c-d91b-4aa9-b1c9-2d034b206c14.jpg?v=1740864365,4,Blue Orange Butterfly Women Night Suit Pj 3 Pieces Set size chart - measurements guide,,,,,,,,,,,,,,,,,,,,,,,,,,,,,,,,,,,,,,,,,,,,https://cdn.shopify.com/s/files/1/0618/2368/0740/products/15_cde72464-bbe7-44e8-ba8f-92c2fb999733.png?v=1678639144,g,,,,,,
blue-orange-butterfly-women-night-suit-pj-3-pieces-set,,,,,,,,,Large,,,Soft Jersey,,,Black,,'10708679,500.0,shopify,99,deny,manual,1999.00,,true,false,,,,,'10708679,,,,,,,,,,,,,,,,,,,,,,,,,,,,,,,,,,,,,,,,,,,,,,,https://cdn.shopify.com/s/files/1/0618/2368/0740/files/WhatsApp_Image_2024-03-02_at_5.05.07_PM_3.jpg?v=1740864365,g,,,,,,
blue-orange-butterfly-women-night-suit-pj-3-pieces-set,,,,,,,,,Large,,,Soft Jersey,,,Brown,,'10708680,500.0,shopify,99,deny,manual,1999.00,,true,false,,,,,'10708680,,,,,,,,,,,,,,,,,,,,,,,,,,,,,,,,,,,,,,,,,,,,,,,https://cdn.shopify.com/s/files/1/0618/2368/0740/files/WhatsApp_Image_2024-03-04_at_5.09.00_PM.jpg?v=1740864365,g,,,,,,
blue-orange-butterfly-women-night-suit-pj-3-pieces-set,,,,,,,,,XL,,,Soft Jersey,,,Blue,,'10708681,500.0,shopify,89,deny,manual,2299.00,,true,false,,,,,'10708681,,,,,,,,,,,,,,,,,,,,,,,,,,,,,,,,,,,,,,,,,,,,,,,https://cdn.shopify.com/s/files/1/0618/2368/0740/products/15_cde72464-bbe7-44e8-ba8f-92c2fb999733.png?v=1678639144,g,,,,,,
blue-orange-butterfly-women-night-suit-pj-3-pieces-set,,,,,,,,,XL,,,Soft Jersey,,,Black,,'10708682,500.0,shopify,99,deny,manual,2299.00,,true,false,,,,,'10708682,,,,,,,,,,,,,,,,,,,,,,,,,,,,,,,,,,,,,,,,,,,,,,,https://cdn.shopify.com/s/files/1/0618/2368/0740/files/WhatsApp_Image_2024-03-02_at_5.05.07_PM_3.jpg?v=1740864365,g,,,,,,
blue-orange-butterfly-women-night-suit-pj-3-pieces-set,,,,,,,,,XL,,,Soft Jersey,,,Brown,,'10708683,500.0,shopify,99,deny,manual,2299.00,,true,false,,,,,'10708683,,,,,,,,,,,,,,,,,,,,,,,,,,,,,,,,,,,,,,,,,,,,,,,https://cdn.shopify.com/s/files/1/0618/2368/0740/files/WhatsApp_Image_2024-03-04_at_5.09.00_PM.jpg?v=1740864365,g,,,,,,
blue-orange-butterfly-women-night-suit-pj-3-pieces-set,,,,,,,,,XXL,,,Soft Jersey,,,Blue,,'10708684,500.0,shopify,86,deny,manual,2499.00,,true,false,,,,,'10708684,,,,,,,,,,,,,,,,,,,,,,,,,,,,,,,,,,,,,,,,,,,,,,,https://cdn.shopify.com/s/files/1/0618/2368/0740/products/15_cde72464-bbe7-44e8-ba8f-92c2fb999733.png?v=1678639144,g,,,,,,
blue-orange-butterfly-women-night-suit-pj-3-pieces-set,,,,,,,,,XXL,,,Soft Jersey,,,Black,,'10708685,500.0,shopify,97,deny,manual,2499.00,,true,false,,,,,'10708685,,,,,,,,,,,,,,,,,,,,,,,,,,,,,,,,,,,,,,,,,,,,,,,https://cdn.shopify.com/s/files/1/0618/2368/0740/files/WhatsApp_Image_2024-03-02_at_5.05.07_PM_3.jpg?v=1740864365,g,,,,,,
blue-orange-butterfly-women-night-suit-pj-3-pieces-set,,,,,,,,,XXL,,,Soft Jersey,,,Brown,,'10706699,500.0,shopify,0,deny,manual,2499.00,,true,false,,,,,'10706699,,,,,,,,,,,,,,,,,,,,,,,,,,,,,,,,,,,,,,,,,,,,,,,https://cdn.shopify.com/s/files/1/0618/2368/0740/files/WhatsApp_Image_2024-03-04_at_5.09.00_PM.jpg?v=1740864365,g,,,,,,
grey-white-me-you-women-night-suit-pj-3-pieces-set,Grey White me + you Women Night Suit PJ 3 Pieces Set,"<h4>Grey White me + you Women Night Suit PJ 3 Pieces Set</h4>
<ul class="""">
<li class="""">Three Piece Long Sleeve + Vest + Loose Trouser</li>
<li class="""">Night Suits for Women very attractive and trendy design</li>
<li class="""">Blended Cotton jersey stuff which will provide you most comfort zone at night</li>
<li class="""">washable Stuff but suitable for hand wash for long lasting of the night wear</li>
<li class="""">Not Suitable For Machine wash as this will reduce the durably of the night wear</li>
<li class="""">Export quality fabric use in the production of night suit</li>
<li class="""">Mostly suitable for wearing in summers</li>
<li class="""">Premium and highly professional print work done on the night wear</li>
<li class="""">Round neck style night wear</li>
<li class="""">Long sleeves with round cuff</li>
<li class="""">Loose fitting trouser with extra stretchable material which will relax you more after wearing</li>
<li class="""">Trouser has no pockets</li>
<li class="""">Maximum durably of night wear is 7 months ( if you wash daily basis)</li>
<li class="""">Good Quality Elastic in trouser with maximum stretch</li>
<li class="""">Best Quality of stitching</li>
</ul>",BBG FASHION,Apparel & Accessories > Clothing > Sleepwear & Loungewear,3 Piece Jersey,"3 Piece Nightwear, NEW ARRIVAL, woo",false,Size,Medium,,Material,Soft Jersey,,,,,'10708672,500.0,shopify,87,deny,manual,1799.00,,true,false,,,,,'10708672,https://cdn.shopify.com/s/files/1/0618/2368/0740/files/2_f42fe946-2a91-44f8-8d5a-8c0f0449c69e.png?v=1685531865,1,Grey White Me You Women Night Suit Pj 3 Pieces Set - front view - women's wear Pakistan,false,,Green V-Neck Women Night Suit PJ Set Ladies Sleep Dress Night Wear With Shirt And Trouser for Women very attractive and trendy design Blended Cotton jersey stuff which will provide you most comfort zone at night. Washable Sleep wear Stuff for long lasting Night wear available at www.bbgfashion.pk,,,,,,,,,,,,,,,,,,,,,,,,,,,,,,,,,,,,,,,,,https://cdn.shopify.com/s/files/1/0618/2368/0740/files/2_f42fe946-2a91-44f8-8d5a-8c0f0449c69e.png?v=1685531865,g,,,true,,,draft
grey-white-me-you-women-night-suit-pj-3-pieces-set,,,,,,,,,Large,,,Soft Jersey,,,,,'10708673,500.0,shopify,79,deny,manual,1799.00,,true,false,,,,,'10708673,https://cdn.shopify.com/s/files/1/0618/2368/0740/products/Sizechart_26881d00-1c5a-4c90-a52e-d172ff4cefe8.webp?v=1685531865,2,Grey White Me You Women Night Suit Pj 3 Pieces Set size chart - measurements guide,,,,,,,,,,,,,,,,,,,,,,,,,,,,,,,,,,,,,,,,,,,,https://cdn.shopify.com/s/files/1/0618/2368/0740/files/2_f42fe946-2a91-44f8-8d5a-8c0f0449c69e.png?v=1685531865,g,,,,,,
grey-white-me-you-women-night-suit-pj-3-pieces-set,,,,,,,,,XL,,,Soft Jersey,,,,,'10708674,500.0,shopify,90,deny,manual,1799.00,,true,false,,,,,'10708674,,,,,,,,,,,,,,,,,,,,,,,,,,,,,,,,,,,,,,,,,,,,,,,https://cdn.shopify.com/s/files/1/0618/2368/0740/files/2_f42fe946-2a91-44f8-8d5a-8c0f0449c69e.png?v=1685531865,g,,,,,,
grey-white-me-you-women-night-suit-pj-3-pieces-set,,,,,,,,,XXL,,,Soft Jersey,,,,,'10706698,500.0,shopify,100,deny,manual,1899.00,,true,false,,,,,'10706698,,,,,,,,,,,,,,,,,,,,,,,,,,,,,,,,,,,,,,,,,,,,,,,https://cdn.shopify.com/s/files/1/0618/2368/0740/files/2_f42fe946-2a91-44f8-8d5a-8c0f0449c69e.png?v=1685531865,g,,,,,,
grey-black-me-you-women-night-suit-pj-3-pieces-set,Grey Black me + you Women Night Suit PJ 3 Pieces Set,"<h4>Grey Black me + you Women Night Suit PJ 3 Pieces Set</h4>
<ul class="""">
<li class="""">Three Piece Long Sleeve + Vest + Loose Trouser</li>
<li class="""">Night Suits for Women very attractive and trendy design</li>
<li class="""">Blended Cotton jersey stuff which will provide you most comfort zone at night</li>
<li class="""">washable Stuff but suitable for hand wash for long lasting of the night wear</li>
<li class="""">Not Suitable For Machine wash as this will reduce the durably of the night wear</li>
<li class="""">Export quality fabric use in the production of night suit</li>
<li class="""">Mostly suitable for wearing in summers</li>
<li class="""">Premium and highly professional print work done on the night wear</li>
<li class="""">Round neck style night wear</li>
<li class="""">Long sleeves with round cuff</li>
<li class="""">Loose fitting trouser with extra stretchable material which will relax you more after wearing</li>
<li class="""">Trouser has no pockets</li>
<li class="""">Maximum durably of night wear is 7 months ( if you wash daily basis)</li>
<li class="""">Good Quality Elastic in trouser with maximum stretch</li>
<li class="""">Best Quality of stitching</li>
</ul>",BBG FASHION,Apparel & Accessories > Clothing > Sleepwear & Loungewear,3 Piece Jersey,"3 Piece Nightwear, NEW ARRIVAL, woo",false,Size,Medium,,Material,Soft Jersey,,,,,'10708669,500.0,shopify,88,deny,manual,1799.00,,true,false,,,,,'10708669,https://cdn.shopify.com/s/files/1/0618/2368/0740/files/3_8371b0e7-d888-40f2-b426-1be7f8afac80.png?v=1685532436,1,Grey Black Me You Women Night Suit Pj 3 Pieces Set - front view - women's wear Pakistan,false,,Green V-Neck Women Night Suit PJ Set Ladies Sleep Dress Night Wear With Shirt And Trouser for Women very attractive and trendy design Blended Cotton jersey stuff which will provide you most comfort zone at night. Washable Sleep wear Stuff for long lasting Night wear available at www.bbgfashion.pk,,,,,,,,,,,,,,,,,,,,,,,,,,,,,,,,,,,,,,,,,https://cdn.shopify.com/s/files/1/0618/2368/0740/files/3_8371b0e7-d888-40f2-b426-1be7f8afac80.png?v=1685532436,g,,,true,,,draft
grey-black-me-you-women-night-suit-pj-3-pieces-set,,,,,,,,,Large,,,Soft Jersey,,,,,'10708670,500.0,shopify,75,deny,manual,1799.00,,true,false,,,,,'10708670,https://cdn.shopify.com/s/files/1/0618/2368/0740/products/Sizechart_a4464f6e-9720-4038-af8b-f75c0b6f696b.webp?v=1685532436,2,Grey Black Me You Women Night Suit Pj 3 Pieces Set size chart - measurements guide,,,,,,,,,,,,,,,,,,,,,,,,,,,,,,,,,,,,,,,,,,,,https://cdn.shopify.com/s/files/1/0618/2368/0740/files/3_8371b0e7-d888-40f2-b426-1be7f8afac80.png?v=1685532436,g,,,,,,
grey-black-me-you-women-night-suit-pj-3-pieces-set,,,,,,,,,XL,,,Soft Jersey,,,,,'10708671,500.0,shopify,88,deny,manual,1799.00,,true,false,,,,,'10708671,,,,,,,,,,,,,,,,,,,,,,,,,,,,,,,,,,,,,,,,,,,,,,,https://cdn.shopify.com/s/files/1/0618/2368/0740/files/3_8371b0e7-d888-40f2-b426-1be7f8afac80.png?v=1685532436,g,,,,,,
grey-black-me-you-women-night-suit-pj-3-pieces-set,,,,,,,,,XXL,,,Soft Jersey,,,,,'10706697,500.0,shopify,100,deny,manual,1899.00,,true,false,,,,,'10706697,,,,,,,,,,,,,,,,,,,,,,,,,,,,,,,,,,,,,,,,,,,,,,,https://cdn.shopify.com/s/files/1/0618/2368/0740/files/3_8371b0e7-d888-40f2-b426-1be7f8afac80.png?v=1685532436,g,,,,,,
grey-white-butterfly-women-night-suit-pj-3-pieces-set,Grey White Butterfly Women Night Suit PJ 3 Pieces Set,"<h4>Grey White Butterfly Women Night Suit PJ 3 Pieces Set</h4>
<ul class="""">
<li class="""">Three Piece Long Sleeve + Vest + Loose Trouser</li>
<li class="""">Night Suits for Women very attractive and trendy design</li>
<li class="""">Blended Cotton jersey stuff which will provide you most comfort zone at night</li>
<li class="""">washable Stuff but suitable for hand wash for long lasting of the night wear</li>
<li class="""">Not Suitable For Machine wash as this will reduce the durably of the night wear</li>
<li class="""">Export quality fabric use in the production of night suit</li>
<li class="""">Mostly suitable for wearing in summers</li>
<li class="""">Premium and highly professional print work done on the night wear</li>
<li class="""">Round neck style night wear</li>
<li class="""">Long sleeves with round cuff</li>
<li class="""">Loose fitting trouser with extra stretchable material which will relax you more after wearing</li>
<li class="""">Trouser has no pockets</li>
<li class="""">Maximum durably of night wear is 7 months ( if you wash daily basis)</li>
<li class="""">Good Quality Elastic in trouser with maximum stretch</li>
<li class="""">Best Quality of stitching</li>
</ul>",BBG FASHION,Apparel & Accessories > Clothing > Sleepwear & Loungewear,3 Piece Jersey,"3 Piece Nightwear, woo",false,Size,Medium,,Material,Soft Jersey,,,,,'10708666,500.0,shopify,74,deny,manual,1999.00,,true,false,,,,,'10708666,https://cdn.shopify.com/s/files/1/0618/2368/0740/files/5_4076036d-c22d-4f83-81a9-d33c4c01b645.png?v=1685531134,1,Grey White Butterfly Women Night Suit Pj 3 Pieces Set - front view - women's wear Pakistan,false,,Green V-Neck Women Night Suit PJ Set Ladies Sleep Dress Night Wear With Shirt And Trouser for Women very attractive and trendy design Blended Cotton jersey stuff which will provide you most comfort zone at night. Washable Sleep wear Stuff for long lasting Night wear available at www.bbgfashion.pk,,,,,,,,,,,,,,,,,,,,,,,,,,,,,,,,,,,,,,,,,https://cdn.shopify.com/s/files/1/0618/2368/0740/files/5_4076036d-c22d-4f83-81a9-d33c4c01b645.png?v=1685531134,g,,,true,,,draft
grey-white-butterfly-women-night-suit-pj-3-pieces-set,,,,,,,,,Large,,,Soft Jersey,,,,,'10708667,500.0,shopify,75,deny,manual,1999.00,,true,false,,,,,'10708667,https://cdn.shopify.com/s/files/1/0618/2368/0740/products/Sizechart_3766179d-bd61-4a19-a955-9ed85b8d12e3.webp?v=1685531134,2,Grey White Butterfly Women Night Suit Pj 3 Pieces Set size chart - measurements guide,,,,,,,,,,,,,,,,,,,,,,,,,,,,,,,,,,,,,,,,,,,,https://cdn.shopify.com/s/files/1/0618/2368/0740/files/5_4076036d-c22d-4f83-81a9-d33c4c01b645.png?v=1685531134,g,,,,,,
grey-white-butterfly-women-night-suit-pj-3-pieces-set,,,,,,,,,XL,,,Soft Jersey,,,,,'10708668,500.0,shopify,79,deny,manual,2299.00,,true,false,,,,,'10708668,,,,,,,,,,,,,,,,,,,,,,,,,,,,,,,,,,,,,,,,,,,,,,,https://cdn.shopify.com/s/files/1/0618/2368/0740/files/5_4076036d-c22d-4f83-81a9-d33c4c01b645.png?v=1685531134,g,,,,,,
grey-white-butterfly-women-night-suit-pj-3-pieces-set,,,,,,,,,XXL,,,Soft Jersey,,,,,'10706696,500.0,shopify,89,deny,manual,2499.00,,true,false,,,,,'10706696,,,,,,,,,,,,,,,,,,,,,,,,,,,,,,,,,,,,,,,,,,,,,,,https://cdn.shopify.com/s/files/1/0618/2368/0740/files/5_4076036d-c22d-4f83-81a9-d33c4c01b645.png?v=1685531134,g,,,,,,
grey-white-smile-women-night-suit-pj-3-pieces-set,Grey White Smile Women Night Suit PJ 3 Pieces Set,"<h4>Grey White Smile Women Night Suit PJ 3 Pieces Set</h4>
<ul class="""">
<li class="""">Three Piece Long Sleeve + Vest + Loose Trouser</li>
<li class="""">Night Suits for Women very attractive and trendy design</li>
<li class="""">Blended Cotton jersey stuff which will provide you most comfort zone at night</li>
<li class="""">washable Stuff but suitable for hand wash for long lasting of the night wear</li>
<li class="""">Not Suitable For Machine wash as this will reduce the durably of the night wear</li>
<li class="""">Export quality fabric use in the production of night suit</li>
<li class="""">Mostly suitable for wearing in summers</li>
<li class="""">Premium and highly professional print work done on the night wear</li>
<li class="""">Round neck style night wear</li>
<li class="""">Long sleeves with round cuff</li>
<li class="""">Loose fitting trouser with extra stretchable material which will relax you more after wearing</li>
<li class="""">Trouser has no pockets</li>
<li class="""">Maximum durably of night wear is 7 months ( if you wash daily basis)</li>
<li class="""">Good Quality Elastic in trouser with maximum stretch</li>
<li class="""">Best Quality of stitching</li>
</ul>",BBG FASHION,Apparel & Accessories > Clothing > Sleepwear & Loungewear,3 Piece Jersey,"3 Piece Nightwear, NEW ARRIVAL, woo",false,Size,Medium,,Material,Soft Jersey,,,,,'10708660,500.0,shopify,87,deny,manual,1999.00,,true,false,,,,,'10708660,https://cdn.shopify.com/s/files/1/0618/2368/0740/files/7_10f6db81-c307-4b2a-b502-4f41261dff32.png?v=1685532551,1,Grey White Smile Women Night Suit Pj 3 Pieces Set - front view - women's wear Pakistan,false,,Green V-Neck Women Night Suit PJ Set Ladies Sleep Dress Night Wear With Shirt And Trouser for Women very attractive and trendy design Blended Cotton jersey stuff which will provide you most comfort zone at night. Washable Sleep wear Stuff for long lasting Night wear available at www.bbgfashion.pk,,,,,,,,,,,,,,,,,,,,,,,,,,,,,,,,,,,,,,,,,https://cdn.shopify.com/s/files/1/0618/2368/0740/files/7_10f6db81-c307-4b2a-b502-4f41261dff32.png?v=1685532551,g,,,true,,,draft
grey-white-smile-women-night-suit-pj-3-pieces-set,,,,,,,,,Large,,,Soft Jersey,,,,,'10708661,500.0,shopify,77,deny,manual,1999.00,,true,false,,,,,'10708661,https://cdn.shopify.com/s/files/1/0618/2368/0740/products/Sizechart_7732f3bf-dfb6-4fe4-ac13-357be79d6bf8.webp?v=1685532551,2,Grey White Smile Women Night Suit Pj 3 Pieces Set size chart - measurements guide,,,,,,,,,,,,,,,,,,,,,,,,,,,,,,,,,,,,,,,,,,,,https://cdn.shopify.com/s/files/1/0618/2368/0740/files/7_10f6db81-c307-4b2a-b502-4f41261dff32.png?v=1685532551,g,,,,,,
grey-white-smile-women-night-suit-pj-3-pieces-set,,,,,,,,,XL,,,Soft Jersey,,,,,'10708662,500.0,shopify,91,deny,manual,2299.00,,true,false,,,,,'10708662,,,,,,,,,,,,,,,,,,,,,,,,,,,,,,,,,,,,,,,,,,,,,,,https://cdn.shopify.com/s/files/1/0618/2368/0740/files/7_10f6db81-c307-4b2a-b502-4f41261dff32.png?v=1685532551,g,,,,,,
grey-white-smile-women-night-suit-pj-3-pieces-set,,,,,,,,,XXL,,,Soft Jersey,,,,,'10706694,500.0,shopify,98,deny,manual,2499.00,,true,false,,,,,'10706694,,,,,,,,,,,,,,,,,,,,,,,,,,,,,,,,,,,,,,,,,,,,,,,https://cdn.shopify.com/s/files/1/0618/2368/0740/files/7_10f6db81-c307-4b2a-b502-4f41261dff32.png?v=1685532551,g,,,,,,
grey-black-smile-women-night-suit-pj-3-pieces-set,Grey Black Smile Women Night Suit PJ 3 Pieces Set,"<h4>Grey Black Smile Women Night Suit PJ 3 Pieces Set</h4>
<ul class="""">
<li class="""">Three Piece Long Sleeve + Vest + Loose Trouser</li>
<li class="""">Night Suits for Women very attractive and trendy design</li>
<li class="""">Blended Cotton jersey stuff which will provide you most comfort zone at night</li>
<li class="""">washable Stuff but suitable for hand wash for long lasting of the night wear</li>
<li class="""">Not Suitable For Machine wash as this will reduce the durably of the night wear</li>
<li class="""">Export quality fabric use in the production of night suit</li>
<li class="""">Mostly suitable for wearing in summers</li>
<li class="""">Premium and highly professional print work done on the night wear</li>
<li class="""">Round neck style night wear</li>
<li class="""">Long sleeves with round cuff</li>
<li class="""">Loose fitting trouser with extra stretchable material which will relax you more after wearing</li>
<li class="""">Trouser has no pockets</li>
<li class="""">Maximum durably of night wear is 7 months ( if you wash daily basis)</li>
<li class="""">Good Quality Elastic in trouser with maximum stretch</li>
<li class="""">Best Quality of stitching</li>
</ul>",BBG FASHION,Apparel & Accessories > Clothing > Sleepwear & Loungewear,3 Piece Jersey,"3 Piece Nightwear, NEW ARRIVAL, woo",false,Size,Medium,,Material,Soft Jersey,,,,,'10708657,500.0,shopify,74,deny,manual,1999.00,,true,false,,,,,'10708657,https://cdn.shopify.com/s/files/1/0618/2368/0740/files/6_562e0acb-54da-44d1-9763-ddd328a744c2.png?v=1685532306,1,Grey Black Smile Women Night Suit Pj 3 Pieces Set - front view - women's wear Pakistan,false,,Green V-Neck Women Night Suit PJ Set Ladies Sleep Dress Night Wear With Shirt And Trouser for Women very attractive and trendy design Blended Cotton jersey stuff which will provide you most comfort zone at night. Washable Sleep wear Stuff for long lasting Night wear available at www.bbgfashion.pk,,,,,,,,,,,,,,,,,,,,,,,,,,,,,,,,,,,,,,,,,https://cdn.shopify.com/s/files/1/0618/2368/0740/files/6_562e0acb-54da-44d1-9763-ddd328a744c2.png?v=1685532306,g,,,true,,,draft
grey-black-smile-women-night-suit-pj-3-pieces-set,,,,,,,,,Large,,,Soft Jersey,,,,,'10708658,500.0,shopify,73,deny,manual,1999.00,,true,false,,,,,'10708658,https://cdn.shopify.com/s/files/1/0618/2368/0740/products/Sizechart_881f97c2-01fb-4f15-b5a1-f8ed456384f4.jpg?v=1685532306,2,Grey Black Smile Women Night Suit Pj 3 Pieces Set size chart - measurements guide,,,,,,,,,,,,,,,,,,,,,,,,,,,,,,,,,,,,,,,,,,,,https://cdn.shopify.com/s/files/1/0618/2368/0740/files/6_562e0acb-54da-44d1-9763-ddd328a744c2.png?v=1685532306,g,,,,,,
grey-black-smile-women-night-suit-pj-3-pieces-set,,,,,,,,,XL,,,Soft Jersey,,,,,'10708659,500.0,shopify,81,deny,manual,2299.00,,true,false,,,,,'10708659,,,,,,,,,,,,,,,,,,,,,,,,,,,,,,,,,,,,,,,,,,,,,,,https://cdn.shopify.com/s/files/1/0618/2368/0740/files/6_562e0acb-54da-44d1-9763-ddd328a744c2.png?v=1685532306,g,,,,,,
grey-black-smile-women-night-suit-pj-3-pieces-set,,,,,,,,,XXL,,,Soft Jersey,,,,,'10706693,500.0,shopify,92,deny,manual,2499.00,,true,false,,,,,'10706693,,,,,,,,,,,,,,,,,,,,,,,,,,,,,,,,,,,,,,,,,,,,,,,https://cdn.shopify.com/s/files/1/0618/2368/0740/files/6_562e0acb-54da-44d1-9763-ddd328a744c2.png?v=1685532306,g,,,,,,
grey-orange-butterfly-women-night-suit-pj-3-pieces-set,Orange Butterfly Women Night Suit PJ 3 Pieces Set,"<h4>Orange Butterfly Women Night Suit PJ 3 Pieces Set</h4>
<ul class="""">
<li class="""">Three Piece Long Sleeve + Vest + Loose Trouser</li>
<li class="""">Night Suits for Women very attractive and trendy design</li>
<li class="""">Blended Cotton jersey stuff which will provide you most comfort zone at night</li>
<li class="""">washable Stuff but suitable for hand wash for long lasting of the night wear</li>
<li class="""">Not Suitable For Machine wash as this will reduce the durably of the night wear</li>
<li class="""">Export quality fabric use in the production of night suit</li>
<li class="""">Mostly suitable for wearing in summers</li>
<li class="""">Premium and highly professional print work done on the night wear</li>
<li class="""">Round neck style night wear</li>
<li class="""">Long sleeves with round cuff</li>
<li class="""">Loose fitting trouser with extra stretchable material which will relax you more after wearing</li>
<li class="""">Trouser has no pockets</li>
<li class="""">Maximum durably of night wear is 7 months ( if you wash daily basis)</li>
<li class="""">Good Quality Elastic in trouser with maximum stretch</li>
<li class="""">Best Quality of stitching</li>
</ul>",BBG FASHION,Apparel & Accessories > Clothing > Sleepwear & Loungewear,3 Piece Jersey,"3 Piece Nightwear, woo",false,Size,Medium,,Material,Soft Jersey,,Color,Grey,,'10708646,500.0,shopify,100,deny,manual,1999.00,,true,false,,,,,'10708646,https://cdn.shopify.com/s/files/1/0618/2368/0740/files/imgi_24_WhatsApp_Image_2024-03-02_at_5.05.07_PM_3_900x_98a8ce58-ff28-442a-8596-282c6731d82e.jpg?v=1772452368,1,Grey Orange Butterfly Women Night Suit Pj 3 Pieces Set - front view - women's wear Pakistan,false,,Green V-Neck Women Night Suit PJ Set Ladies Sleep Dress Night Wear With Shirt And Trouser for Women very attractive and trendy design Blended Cotton jersey stuff which will provide you most comfort zone at night. Washable Sleep wear Stuff for long lasting Night wear available at www.bbgfashion.pk,,,,,,,,,,,,,,,,,,,,,,,,,,,,,,,,,,,,,,,,,https://cdn.shopify.com/s/files/1/0618/2368/0740/files/8_9c2178b7-f739-47f9-94b6-7addbd0c8b94.png?v=1772452368,g,,,true,,,draft
grey-orange-butterfly-women-night-suit-pj-3-pieces-set,,,,,,,,,Medium,,,Soft Jersey,,,Brown,,'10708647,500.0,shopify,97,deny,manual,1999.00,,true,false,,,,,'10708647,https://cdn.shopify.com/s/files/1/0618/2368/0740/files/8_9c2178b7-f739-47f9-94b6-7addbd0c8b94.png?v=1772452368,2,Grey Orange Butterfly Women Night Suit Pj 3 Pieces Set - back view - women's wear Pakistan,,,,,,,,,,,,,,,,,,,,,,,,,,,,,,,,,,,,,,,,,,,,https://cdn.shopify.com/s/files/1/0618/2368/0740/files/WhatsApp_Image_2024-03-04_at_5.09.00_PM_1.jpg?v=1772452368,g,,,,,,
grey-orange-butterfly-women-night-suit-pj-3-pieces-set,,,,,,,,,Medium,,,Soft Jersey,,,Black,,'10708648,500.0,shopify,100,deny,manual,1999.00,,true,false,,,,,'10708648,https://cdn.shopify.com/s/files/1/0618/2368/0740/files/WhatsApp_Image_2024-03-04_at_5.09.00_PM_1.jpg?v=1772452368,3,Grey Orange Butterfly Women Night Suit Pj 3 Pieces Set - side view - women's wear Pakistan,,,,,,,,,,,,,,,,,,,,,,,,,,,,,,,,,,,,,,,,,,,,,g,,,,,,
grey-orange-butterfly-women-night-suit-pj-3-pieces-set,,,,,,,,,Medium,,,Soft Jersey,,,Navy Blue,,'10722048,500.0,shopify,100,deny,manual,1999.00,,true,false,,,,,'10722048,https://cdn.shopify.com/s/files/1/0618/2368/0740/files/imgi_55_15_600x_5dbdf09e-6c01-4f27-8032-c610541a9497.png?v=1772452368,4,Grey Orange Butterfly Women Night Suit Pj 3 Pieces Set - detail shot - women's wear Pakistan,,,,,,,,,,,,,,,,,,,,,,,,,,,,,,,,,,,,,,,,,,,,https://cdn.shopify.com/s/files/1/0618/2368/0740/files/imgi_55_15_600x_5dbdf09e-6c01-4f27-8032-c610541a9497.png?v=1772452368,g,,,,,,
grey-orange-butterfly-women-night-suit-pj-3-pieces-set,,,,,,,,,Large,,,Soft Jersey,,,Grey,,'10708649,500.0,shopify,97,deny,manual,1999.00,,true,false,,,,,'10708649,https://cdn.shopify.com/s/files/1/0618/2368/0740/products/Sizechart_26d7fdda-ad39-4128-8b02-4db93f625a7d.jpg?v=1772452368,5,Grey Orange Butterfly Women Night Suit Pj 3 Pieces Set size chart - measurements guide,,,,,,,,,,,,,,,,,,,,,,,,,,,,,,,,,,,,,,,,,,,,https://cdn.shopify.com/s/files/1/0618/2368/0740/files/8_9c2178b7-f739-47f9-94b6-7addbd0c8b94.png?v=1772452368,g,,,,,,
grey-orange-butterfly-women-night-suit-pj-3-pieces-set,,,,,,,,,Large,,,Soft Jersey,,,Brown,,'10708650,500.0,shopify,97,deny,manual,1999.00,,true,false,,,,,'10708650,,,,,,,,,,,,,,,,,,,,,,,,,,,,,,,,,,,,,,,,,,,,,,,https://cdn.shopify.com/s/files/1/0618/2368/0740/files/WhatsApp_Image_2024-03-04_at_5.09.00_PM_1.jpg?v=1772452368,g,,,,,,
grey-orange-butterfly-women-night-suit-pj-3-pieces-set,,,,,,,,,Large,,,Soft Jersey,,,Black,,'10708651,500.0,shopify,99,deny,manual,1999.00,,true,false,,,,,'10708651,,,,,,,,,,,,,,,,,,,,,,,,,,,,,,,,,,,,,,,,,,,,,,,,g,,,,,,
grey-orange-butterfly-women-night-suit-pj-3-pieces-set,,,,,,,,,Large,,,Soft Jersey,,,Navy Blue,,'10722049,500.0,shopify,99,deny,manual,1999.00,,true,false,,,,,'10722049,,,,,,,,,,,,,,,,,,,,,,,,,,,,,,,,,,,,,,,,,,,,,,,https://cdn.shopify.com/s/files/1/0618/2368/0740/files/imgi_55_15_600x_5dbdf09e-6c01-4f27-8032-c610541a9497.png?v=1772452368,g,,,,,,
grey-orange-butterfly-women-night-suit-pj-3-pieces-set,,,,,,,,,XL,,,Soft Jersey,,,Grey,,'10708652,500.0,shopify,98,deny,manual,2299.00,,true,false,,,,,'10708652,,,,,,,,,,,,,,,,,,,,,,,,,,,,,,,,,,,,,,,,,,,,,,,https://cdn.shopify.com/s/files/1/0618/2368/0740/files/8_9c2178b7-f739-47f9-94b6-7addbd0c8b94.png?v=1772452368,g,,,,,,
grey-orange-butterfly-women-night-suit-pj-3-pieces-set,,,,,,,,,XL,,,Soft Jersey,,,Brown,,'10708653,500.0,shopify,100,deny,manual,2299.00,,true,false,,,,,'10708653,,,,,,,,,,,,,,,,,,,,,,,,,,,,,,,,,,,,,,,,,,,,,,,https://cdn.shopify.com/s/files/1/0618/2368/0740/files/WhatsApp_Image_2024-03-04_at_5.09.00_PM_1.jpg?v=1772452368,g,,,,,,
grey-orange-butterfly-women-night-suit-pj-3-pieces-set,,,,,,,,,XL,,,Soft Jersey,,,Black,,'10708654,500.0,shopify,100,deny,manual,2299.00,,true,false,,,,,'10708654,,,,,,,,,,,,,,,,,,,,,,,,,,,,,,,,,,,,,,,,,,,,,,,,g,,,,,,
grey-orange-butterfly-women-night-suit-pj-3-pieces-set,,,,,,,,,XL,,,Soft Jersey,,,Navy Blue,,'10722050,500.0,shopify,100,deny,manual,1999.00,,true,false,,,,,'10722050,,,,,,,,,,,,,,,,,,,,,,,,,,,,,,,,,,,,,,,,,,,,,,,https://cdn.shopify.com/s/files/1/0618/2368/0740/files/imgi_55_15_600x_5dbdf09e-6c01-4f27-8032-c610541a9497.png?v=1772452368,g,,,,,,
grey-orange-butterfly-women-night-suit-pj-3-pieces-set,,,,,,,,,XXL,,,Soft Jersey,,,Grey,,'10708655,500.0,shopify,98,deny,manual,2499.00,,true,false,,,,,'10708655,,,,,,,,,,,,,,,,,,,,,,,,,,,,,,,,,,,,,,,,,,,,,,,https://cdn.shopify.com/s/files/1/0618/2368/0740/files/8_9c2178b7-f739-47f9-94b6-7addbd0c8b94.png?v=1772452368,g,,,,,,
grey-orange-butterfly-women-night-suit-pj-3-pieces-set,,,,,,,,,XXL,,,Soft Jersey,,,Brown,,'10708656,500.0,shopify,99,deny,manual,2499.00,,true,false,,,,,'10708656,,,,,,,,,,,,,,,,,,,,,,,,,,,,,,,,,,,,,,,,,,,,,,,https://cdn.shopify.com/s/files/1/0618/2368/0740/files/WhatsApp_Image_2024-03-04_at_5.09.00_PM_1.jpg?v=1772452368,g,,,,,,
grey-orange-butterfly-women-night-suit-pj-3-pieces-set,,,,,,,,,XXL,,,Soft Jersey,,,Black,,'10706692,500.0,shopify,99,deny,manual,2499.00,,true,false,,,,,'10706692,,,,,,,,,,,,,,,,,,,,,,,,,,,,,,,,,,,,,,,,,,,,,,,,g,,,,,,
grey-orange-butterfly-women-night-suit-pj-3-pieces-set,,,,,,,,,XXL,,,Soft Jersey,,,Navy Blue,,'10722051,500.0,shopify,100,deny,manual,1999.00,,true,false,,,,,'10722051,,,,,,,,,,,,,,,,,,,,,,,,,,,,,,,,,,,,,,,,,,,,,,,https://cdn.shopify.com/s/files/1/0618/2368/0740/files/imgi_55_15_600x_5dbdf09e-6c01-4f27-8032-c610541a9497.png?v=1772452368,g,,,,,,
grey-black-i-love-coffee-women-night-suit-pj-3-pieces-set,Grey Black I love Coffee Women Night Suit PJ 3 Pieces Set,"<h4>Grey I love Coffee Women Night Suit PJ 3 Pieces Set</h4>
<ul class="""">
<li class="""">Three Piece Long Sleeve + Vest + Loose Trouser</li>
<li class="""">Night Suits for Women very attractive and trendy design</li>
<li class="""">Blended Cotton jersey stuff which will provide you most comfort zone at night</li>
<li class="""">washable Stuff but suitable for hand wash for long lasting of the night wear</li>
<li class="""">Not Suitable For Machine wash as this will reduce the durably of the night wear</li>
<li class="""">Export quality fabric use in the production of night suit</li>
<li class="""">Mostly suitable for wearing in summers</li>
<li class="""">Premium and highly professional print work done on the night wear</li>
<li class="""">Round neck style night wear</li>
<li class="""">Long sleeves with round cuff</li>
<li class="""">Loose fitting trouser with extra stretchable material which will relax you more after wearing</li>
<li class="""">Trouser has no pockets</li>
<li class="""">Maximum durably of night wear is 7 months ( if you wash daily basis)</li>
<li class="""">Good Quality Elastic in trouser with maximum stretch</li>
<li class="""">Best Quality of stitching</li>
</ul>",BBG FASHION,Apparel & Accessories > Clothing > Sleepwear & Loungewear,3 Piece Jersey,3 Piece Nightwear,false,Size,Medium,,Material,Soft Jersey,,,,,'10708643,500.0,shopify,88,deny,manual,1799.00,,true,false,,,,,'10708643,https://cdn.shopify.com/s/files/1/0618/2368/0740/files/9_4d2122c9-7f24-485a-b8b9-8281449e15d7.png?v=1685532618,1,Grey Black I Love Coffee Women Night Suit Pj 3 Pieces Set - front view - women's wear Pakistan,false,,Green V-Neck Women Night Suit PJ Set Ladies Sleep Dress Night Wear With Shirt And Trouser for Women very attractive and trendy design Blended Cotton jersey stuff which will provide you most comfort zone at night. Washable Sleep wear Stuff for long lasting Night wear available at www.bbgfashion.pk,,,,,,,,,,,,,,,,,,,,,,,,,,,,,,,,,,,,,,,,,https://cdn.shopify.com/s/files/1/0618/2368/0740/files/9_4d2122c9-7f24-485a-b8b9-8281449e15d7.png?v=1685532618,g,,,true,,,draft
grey-black-i-love-coffee-women-night-suit-pj-3-pieces-set,,,,,,,,,Large,,,Soft Jersey,,,,,'10708644,500.0,shopify,79,deny,manual,1799.00,,true,false,,,,,'10708644,https://cdn.shopify.com/s/files/1/0618/2368/0740/products/Sizechart_7e01221d-65fd-4085-8188-4511be6793f2.jpg?v=1685532618,2,Grey Black I Love Coffee Women Night Suit Pj 3 Pieces Set size chart - measurements guide,,,,,,,,,,,,,,,,,,,,,,,,,,,,,,,,,,,,,,,,,,,,https://cdn.shopify.com/s/files/1/0618/2368/0740/files/9_4d2122c9-7f24-485a-b8b9-8281449e15d7.png?v=1685532618,g,,,,,,
grey-black-i-love-coffee-women-night-suit-pj-3-pieces-set,,,,,,,,,XL,,,Soft Jersey,,,,,'10708645,500.0,shopify,92,deny,manual,1799.00,,true,false,,,,,'10708645,,,,,,,,,,,,,,,,,,,,,,,,,,,,,,,,,,,,,,,,,,,,,,,https://cdn.shopify.com/s/files/1/0618/2368/0740/files/9_4d2122c9-7f24-485a-b8b9-8281449e15d7.png?v=1685532618,g,,,,,,
grey-black-i-love-coffee-women-night-suit-pj-3-pieces-set,,,,,,,,,XXL,,,Soft Jersey,,,,,'10706691,500.0,shopify,99,deny,manual,1899.00,,true,false,,,,,'10706691,,,,,,,,,,,,,,,,,,,,,,,,,,,,,,,,,,,,,,,,,,,,,,,https://cdn.shopify.com/s/files/1/0618/2368/0740/files/9_4d2122c9-7f24-485a-b8b9-8281449e15d7.png?v=1685532618,g,,,,,,
grey-pink-butterfly-women-night-suit-pj-3-pieces-set,Grey Pink Butterfly Women Night Suit PJ 3 Pieces Set,"<h4>Grey Pink Butterfly Women Night Suit PJ 3 Pieces Set</h4>
<ul class="""">
<li class="""">Three Piece Long Sleeve + Vest + Loose Trouser</li>
<li class="""">Night Suits for Women very attractive and trendy design</li>
<li class="""">Blended Cotton jersey stuff which will provide you most comfort zone at night</li>
<li class="""">washable Stuff but suitable for hand wash for long lasting of the night wear</li>
<li class="""">Not Suitable For Machine wash as this will reduce the durably of the night wear</li>
<li class="""">Export quality fabric use in the production of night suit</li>
<li class="""">Mostly suitable for wearing in summers</li>
<li class="""">Premium and highly professional print work done on the night wear</li>
<li class="""">Round neck style night wear</li>
<li class="""">Long sleeves with round cuff</li>
<li class="""">Loose fitting trouser with extra stretchable material which will relax you more after wearing</li>
<li class="""">Trouser has no pockets</li>
<li class="""">Maximum durably of night wear is 7 months ( if you wash daily basis)</li>
<li class="""">Good Quality Elastic in trouser with maximum stretch</li>
<li class="""">Best Quality of stitching</li>
</ul>",BBG FASHION,Apparel & Accessories > Clothing > Sleepwear & Loungewear,3 Piece Jersey,"3 Piece Nightwear, woo",false,Size,Medium,,Material,Soft Jersey,,,,,'10708640,500.0,shopify,77,deny,manual,1799.00,,true,false,,,,,'10708640,https://cdn.shopify.com/s/files/1/0618/2368/0740/files/11_363a3a9e-83fd-4b5d-8bff-8bf512c6a78d.png?v=1685531072,1,Grey Pink Butterfly Women Night Suit Pj 3 Pieces Set - front view - women's wear Pakistan,false,,Green V-Neck Women Night Suit PJ Set Ladies Sleep Dress Night Wear With Shirt And Trouser for Women very attractive and trendy design Blended Cotton jersey stuff which will provide you most comfort zone at night. Washable Sleep wear Stuff for long lasting Night wear available at www.bbgfashion.pk,,,,,,,,,,,,,,,,,,,,,,,,,,,,,,,,,,,,,,,,,https://cdn.shopify.com/s/files/1/0618/2368/0740/files/11_363a3a9e-83fd-4b5d-8bff-8bf512c6a78d.png?v=1685531072,g,,,true,,,draft
grey-pink-butterfly-women-night-suit-pj-3-pieces-set,,,,,,,,,Large,,,Soft Jersey,,,,,'10708641,500.0,shopify,69,deny,manual,1799.00,,true,false,,,,,'10708641,https://cdn.shopify.com/s/files/1/0618/2368/0740/products/Sizechart_3c8e9722-86da-4468-9c32-27394e0c7414.jpg?v=1685531072,2,Grey Pink Butterfly Women Night Suit Pj 3 Pieces Set size chart - measurements guide,,,,,,,,,,,,,,,,,,,,,,,,,,,,,,,,,,,,,,,,,,,,https://cdn.shopify.com/s/files/1/0618/2368/0740/files/11_363a3a9e-83fd-4b5d-8bff-8bf512c6a78d.png?v=1685531072,g,,,,,,
grey-pink-butterfly-women-night-suit-pj-3-pieces-set,,,,,,,,,XL,,,Soft Jersey,,,,,'10708642,500.0,shopify,77,deny,manual,1799.00,,true,false,,,,,'10708642,,,,,,,,,,,,,,,,,,,,,,,,,,,,,,,,,,,,,,,,,,,,,,,https://cdn.shopify.com/s/files/1/0618/2368/0740/files/11_363a3a9e-83fd-4b5d-8bff-8bf512c6a78d.png?v=1685531072,g,,,,,,
grey-pink-butterfly-women-night-suit-pj-3-pieces-set,,,,,,,,,XXL,,,Soft Jersey,,,,,'10706690,500.0,shopify,99,deny,manual,1899.00,,true,false,,,,,'10706690,,,,,,,,,,,,,,,,,,,,,,,,,,,,,,,,,,,,,,,,,,,,,,,https://cdn.shopify.com/s/files/1/0618/2368/0740/files/11_363a3a9e-83fd-4b5d-8bff-8bf512c6a78d.png?v=1685531072,g,,,,,,
grey-i-love-coffee-women-night-suit-pj-3-pieces-set,3-Piece Women’s Coffee Print Nightsuit Set,"<h4 data-start=""143"" data-end=""419""><strong>3-Piece Women’s Coffee Print Nightsuit Set</strong></h4>
<p data-start=""143"" data-end=""419"">Stay cozy and stylish with this<span> </span><strong data-start=""175"" data-end=""221"">3-Piece Women’s Coffee Print Nightsuit Set</strong>, designed for comfort lovers who don’t want to compromise on style. This set includes a soft printed inner top, relaxed-fit trousers, and a matching open-front shrug for a complete loungewear look.</p>
<p data-start=""421"" data-end=""702"">Made from lightweight, breathable fabric, it feels gentle on the skin and is perfect for all-day wear—whether you're relaxing at home, enjoying your morning coffee, or winding down at night. The cute coffee-themed print adds a playful and trendy touch to your nightwear collection.</p>
<p data-start=""704"" data-end=""801"">With its relaxed fit and modern design, this 3-piece set is your perfect everyday comfort outfit.</p>
<p data-start=""803"" data-end=""820""><strong data-start=""803"" data-end=""820"">Key Features:</strong></p>
<ul data-start=""821"" data-end=""1045"">
<li data-section-id=""1puxnq"" data-start=""821"" data-end=""866"">
<p data-start=""823"" data-end=""866"">3-piece set: Printed top, trouser &amp; shrug</p>
</li>
<li data-section-id=""3pudom"" data-start=""867"" data-end=""910"">
<p data-start=""869"" data-end=""910"">Soft, breathable &amp; skin-friendly fabric</p>
</li>
<li data-section-id=""krn1ev"" data-start=""911"" data-end=""942"">
<p data-start=""913"" data-end=""942"">Stylish coffee print design</p>
</li>
<li data-section-id=""101qcok"" data-start=""943"" data-end=""970"">
<p data-start=""945"" data-end=""970"">Comfortable relaxed fit</p>
</li>
<li data-section-id=""5ajsn8"" data-start=""971"" data-end=""1017"">
<p data-start=""973"" data-end=""1017"">Ideal for lounging, sleeping &amp; casual wear</p>
</li>
<li data-section-id=""11crqdg"" data-start=""1018"" data-end=""1045"">
<p data-start=""1020"" data-end=""1045"">Elegant and trendy look</p>
</li>
</ul>",BBG FASHION,Apparel & Accessories > Clothing > Sleepwear & Loungewear,3 Piece Jersey,"3 Piece Nightwear, Premium Quality",false,Size,Medium,,,,,,,,'10708637,500.0,shopify,89,deny,manual,2499.00,,true,false,,,,,'10708637,https://cdn.shopify.com/s/files/1/0618/2368/0740/files/06_fe9a3afe-0cf9-4baf-9510-9ffbf08230db.png?v=1776847143,1,"",false,,"Shop 3-piece women’s coffee print nightsuit with top, trouser & shrug. Soft, comfy & stylish loungewear—perfect for relaxing at home or sleepwear.",,,,,,,,,,,,,,,,,,,,,,,,,,,,,,,,,,,,,,,,,,g,,,true,,,draft
grey-i-love-coffee-women-night-suit-pj-3-pieces-set,,,,,,,,,Large,,,,,,,,'10708638,500.0,shopify,79,deny,manual,2499.00,,true,false,,,,,'10708638,https://cdn.shopify.com/s/files/1/0618/2368/0740/files/09_b31a4e0e-9147-4ecf-9256-905a90ec505e.png?v=1776847144,2,"",,,,,,,,,,,,,,,,,,,,,,,,,,,,,,,,,,,,,,,,,,,,,g,,,,,,
grey-i-love-coffee-women-night-suit-pj-3-pieces-set,,,,,,,,,XL,,,,,,,,'10708639,500.0,shopify,88,deny,manual,2499.00,,true,false,,,,,'10708639,https://cdn.shopify.com/s/files/1/0618/2368/0740/files/07_1b23fffe-9669-4455-9e05-7483123ee20f.png?v=1776847144,3,"",,,,,,,,,,,,,,,,,,,,,,,,,,,,,,,,,,,,,,,,,,,,,g,,,,,,
grey-i-love-coffee-women-night-suit-pj-3-pieces-set,,,,,,,,,XXL,,,,,,,,'10706689,500.0,shopify,99,deny,manual,2699.00,,true,false,,,,,'10706689,https://cdn.shopify.com/s/files/1/0618/2368/0740/files/08_34f85cc6-dcd5-4a75-991e-e09a736d4a91.png?v=1776847144,4,"",,,,,,,,,,,,,,,,,,,,,,,,,,,,,,,,,,,,,,,,,,,,,g,,,,,,
grey-i-love-coffee-women-night-suit-pj-3-pieces-set,,,,,,,,,,,,,,,,,,,,,,,,,,,,,,,,https://cdn.shopify.com/s/files/1/0618/2368/0740/files/10_b7cfee57-61e4-421d-93fe-942f6460e560.png?v=1776847144,5,"",,,,,,,,,,,,,,,,,,,,,,,,,,,,,,,,,,,,,,,,,,,,,,,,,,,
grey-i-love-coffee-women-night-suit-pj-3-pieces-set,,,,,,,,,,,,,,,,,,,,,,,,,,,,,,,,https://cdn.shopify.com/s/files/1/0618/2368/0740/products/Sizechart_61c78a27-0028-439a-beca-cc0e8bfc42b0.jpg?v=1685532350,6,Grey I Love Coffee Women Night Suit Pj 3 Pieces Set size chart - measurements guide,,,,,,,,,,,,,,,,,,,,,,,,,,,,,,,,,,,,,,,,,,,,,,,,,,,
women-s-3-piece-nightwear-lounge-set-with-butterfly-love-print-plus-size-loungewear,Women’s 3 Piece Nightwear Lounge Set with Butterfly Love Print | Plus Size Loungewear,"<h4 data-end=""720"" data-start=""459"">Women’s 3 Piece Nightwear Lounge Set with Butterfly Love Print | Plus Size Loungewear</h4>
<p data-end=""720"" data-start=""459"">Upgrade your nightwear collection with our <strong data-end=""542"" data-start=""502"">Women’s 3 Piece Nightwear Lounge Set</strong> – the perfect blend of <strong data-end=""598"" data-start=""566"">comfort, style, and elegance</strong>. Designed with soft, breathable fabric, this set is ideal for <strong data-end=""717"" data-start=""661"">relaxing at home, cozy nights, or stylish loungewear</strong>.</p>
<p data-end=""768"" data-start=""722"">This <strong data-end=""754"" data-start=""727"">plus size nightwear set</strong> comes with:</p>
<p data-end=""1053"" data-start=""770"">✔ <strong data-end=""787"" data-start=""772"">Printed Top</strong> – round-neck tee with a colorful <strong data-end=""842"" data-start=""821"">Butterfly Love graphic print</strong> for a trendy and chic look.<br data-end=""873"" data-start=""870"">✔ <strong data-end=""895"" data-start=""875"">Relaxed Trousers</strong> – soft elastic waistband ensures a perfect fit for <strong data-end=""966"" data-start=""947"">all body shapes</strong>.<br data-end=""970"" data-start=""967"">✔ <strong data-end=""989"" data-start=""972"">Long Cardigan</strong> – lightweight open-front layer that adds elegance and warmth.</p>
<h3 data-end=""1076"" data-start=""1055"">✨ Key Features:</h3>
<ul data-end=""1465"" data-start=""1077"">
<li data-end=""1175"" data-start=""1077"">
<p data-end=""1175"" data-start=""1079""><strong data-end=""1092"" data-start=""1079"">Material:</strong> Soft &amp; breathable jersey fabric (gentle on skin, perfect for all-season comfort)</p>
</li>
<li data-end=""1228"" data-start=""1176"">
<p data-end=""1228"" data-start=""1178""><strong data-end=""1189"" data-start=""1178"">Design:</strong> Trendy owl print with vibrant colors</p>
</li>
<li data-end=""1295"" data-start=""1229"">
<p data-end=""1295"" data-start=""1231""><strong data-end=""1239"" data-start=""1231"">Fit:</strong> Relaxed and flattering, ideal for <strong data-end=""1293"" data-start=""1274"">plus size women</strong></p>
</li>
<li data-end=""1370"" data-start=""1296"">
<p data-end=""1370"" data-start=""1298""><strong data-end=""1314"" data-start=""1298"">Versatility:</strong> Wear as <strong data-end=""1368"" data-start=""1323"">nightwear, homewear, or casual loungewear</strong></p>
</li>
<li data-end=""1424"" data-start=""1371"">
<p data-end=""1424"" data-start=""1373""><strong data-end=""1394"" data-start=""1373"">Colors Available:</strong> Blue, Red, Pink, Grey, Rust</p>
</li>
<li data-end=""1465"" data-start=""1425"">
<p data-end=""1465"" data-start=""1427""><strong data-end=""1437"" data-start=""1427"">Sizes:</strong> Medium | Large | XL | XXL</p>
</li>
</ul>
<h3 data-end=""1495"" data-start=""1467"">💖 Why You’ll Love It:</h3>
<ul data-end=""1725"" data-start=""1496"">
<li data-end=""1564"" data-start=""1496"">
<p data-end=""1564"" data-start=""1498"">Perfect for <strong data-end=""1562"" data-start=""1510"">women who want stylish yet comfortable nightwear</strong></p>
</li>
<li data-end=""1610"" data-start=""1565"">
<p data-end=""1610"" data-start=""1567"">Great choice for <strong data-end=""1608"" data-start=""1584"">plus size loungewear</strong></p>
</li>
<li data-end=""1683"" data-start=""1611"">
<p data-end=""1683"" data-start=""1613"">Can be worn as <strong data-end=""1681"" data-start=""1628"">sleepwear, at-home wear, or weekend lounge outfit</strong></p>
</li>
<li data-end=""1725"" data-start=""1684"">
<p data-end=""1725"" data-start=""1686"">Makes a thoughtful <strong data-end=""1723"" data-start=""1705"">gift for women</strong></p>
</li>
</ul>",BBG FASHION,Apparel & Accessories > Clothing > Sleepwear & Loungewear,3 Piece Jersey,"3 Piece Nightwear, NEW ARRIVAL, woo",false,Size,Medium,,Material,Soft Jersey,,Color,blue,product.metafields.shopify.color-pattern,'10708614,500.0,shopify,100,deny,manual,1999.00,,true,false,,,,,'10708614,https://cdn.shopify.com/s/files/1/0618/2368/0740/files/1_acce4057-f88b-4802-9485-e762fe201992.png?v=1759405961,1,Women S 3 Piece Nightwear Lounge Set With Butterfly Love Print Plus Size Loungewear - front view - women's wear Pakistan,false,,"Shop Women’s Nightwear & Loungewear in Pakistan. Explore 3 piece night suits, stylish sleepwear & plus size nightwear in all sizes & colors.",,,,,,,,,,,,,,,,,,,,,blue; gray; red; black; pink; brown-1,,,,,,,,,,2xl,,,girls,,,,,,,https://cdn.shopify.com/s/files/1/0618/2368/0740/files/1_acce4057-f88b-4802-9485-e762fe201992.png?v=1759405961,g,,,true,,,draft
women-s-3-piece-nightwear-lounge-set-with-butterfly-love-print-plus-size-loungewear,,,,,,,,,Medium,,,Soft Jersey,,,gray,,'10708615,500.0,shopify,100,deny,manual,1999.00,,true,false,,,,,'10708615,https://cdn.shopify.com/s/files/1/0618/2368/0740/files/2_d03be391-2e24-492f-9510-b6d9441f82b5.png?v=1759406151,2,Women S 3 Piece Nightwear Lounge Set With Butterfly Love Print Plus Size Loungewear - back view - women's wear Pakistan,,,,,,,,,,,,,,,,,,,,,,,,,,,,,,,,,,,,,,,,,,,,https://cdn.shopify.com/s/files/1/0618/2368/0740/files/10_d2d849db-9025-4081-b3f1-8d1d9e4d98e8.png?v=1759406151,g,,,,,,
women-s-3-piece-nightwear-lounge-set-with-butterfly-love-print-plus-size-loungewear,,,,,,,,,Medium,,,Soft Jersey,,,red,,'10708616,500.0,shopify,100,deny,manual,1999.00,,true,false,,,,,'10708616,https://cdn.shopify.com/s/files/1/0618/2368/0740/files/3_ff9b4e8b-7ab8-40ff-aeb6-3b04c0ad8830.png?v=1759406151,3,Women S 3 Piece Nightwear Lounge Set With Butterfly Love Print Plus Size Loungewear - side view - women's wear Pakistan,,,,,,,,,,,,,,,,,,,,,,,,,,,,,,,,,,,,,,,,,,,,https://cdn.shopify.com/s/files/1/0618/2368/0740/files/4_e601be70-b5ba-4d9d-a996-e46cc665b75d.png?v=1759406151,g,,,,,,
women-s-3-piece-nightwear-lounge-set-with-butterfly-love-print-plus-size-loungewear,,,,,,,,,Medium,,,Soft Jersey,,,black,,'10708617,500.0,shopify,100,deny,manual,1999.00,,true,false,,,,,'10708617,https://cdn.shopify.com/s/files/1/0618/2368/0740/files/10_d2d849db-9025-4081-b3f1-8d1d9e4d98e8.png?v=1759406151,4,Women S 3 Piece Nightwear Lounge Set With Butterfly Love Print Plus Size Loungewear - detail shot - women's wear Pakistan,,,,,,,,,,,,,,,,,,,,,,,,,,,,,,,,,,,,,,,,,,,,https://cdn.shopify.com/s/files/1/0618/2368/0740/files/16_7bfb1955-ce91-4459-96d9-58e89d5cac13.png?v=1759406151,g,,,,,,
women-s-3-piece-nightwear-lounge-set-with-butterfly-love-print-plus-size-loungewear,,,,,,,,,Medium,,,Soft Jersey,,,pink,,'10708618,500.0,shopify,100,deny,manual,1999.00,,true,false,,,,,'10708618,https://cdn.shopify.com/s/files/1/0618/2368/0740/files/4_e601be70-b5ba-4d9d-a996-e46cc665b75d.png?v=1759406151,5,Women S 3 Piece Nightwear Lounge Set With Butterfly Love Print Plus Size Loungewear - front view - women's wear Pakistan,,,,,,,,,,,,,,,,,,,,,,,,,,,,,,,,,,,,,,,,,,,,https://cdn.shopify.com/s/files/1/0618/2368/0740/files/7_37e04c30-9a6d-4169-ab30-0dbb1501da54.png?v=1759406151,g,,,,,,
women-s-3-piece-nightwear-lounge-set-with-butterfly-love-print-plus-size-loungewear,,,,,,,,,Medium,,,Soft Jersey,,,brown-1,,'10708619,500.0,shopify,100,deny,manual,1999.00,,true,false,,,,,'10708619,https://cdn.shopify.com/s/files/1/0618/2368/0740/files/16_7bfb1955-ce91-4459-96d9-58e89d5cac13.png?v=1759406151,6,Women S 3 Piece Nightwear Lounge Set With Butterfly Love Print Plus Size Loungewear - back view - women's wear Pakistan,,,,,,,,,,,,,,,,,,,,,,,,,,,,,,,,,,,,,,,,,,,,https://cdn.shopify.com/s/files/1/0618/2368/0740/files/13_3637bf15-db95-4531-8e45-97343c79d19c.png?v=1759410044,g,,,,,,
women-s-3-piece-nightwear-lounge-set-with-butterfly-love-print-plus-size-loungewear,,,,,,,,,Large,,,Soft Jersey,,,blue,,'10708620,500.0,shopify,100,deny,manual,1999.00,,true,false,,,,,'10708620,https://cdn.shopify.com/s/files/1/0618/2368/0740/files/7_37e04c30-9a6d-4169-ab30-0dbb1501da54.png?v=1759406151,7,Women S 3 Piece Nightwear Lounge Set With Butterfly Love Print Plus Size Loungewear - side view - women's wear Pakistan,,,,,,,,,,,,,,,,,,,,,,,,,,,,,,,,,,,,,,,,,,,,https://cdn.shopify.com/s/files/1/0618/2368/0740/files/1_acce4057-f88b-4802-9485-e762fe201992.png?v=1759405961,g,,,,,,
women-s-3-piece-nightwear-lounge-set-with-butterfly-love-print-plus-size-loungewear,,,,,,,,,Large,,,Soft Jersey,,,gray,,'10708621,500.0,shopify,100,deny,manual,1999.00,,true,false,,,,,'10708621,https://cdn.shopify.com/s/files/1/0618/2368/0740/files/ChatGPT_Image_Sep_27_2025_07_45_15_PM.png?v=1760795445,8,Womens 3 Piece Nightwear Lounge Set With Neon Heart Print Plus Size Loungewear - front view - women's wear Pakistan,,,,,,,,,,,,,,,,,,,,,,,,,,,,,,,,,,,,,,,,,,,,https://cdn.shopify.com/s/files/1/0618/2368/0740/files/10_d2d849db-9025-4081-b3f1-8d1d9e4d98e8.png?v=1759406151,g,,,,,,
women-s-3-piece-nightwear-lounge-set-with-butterfly-love-print-plus-size-loungewear,,,,,,,,,Large,,,Soft Jersey,,,red,,'10708622,500.0,shopify,100,deny,manual,1999.00,,true,false,,,,,'10708622,https://cdn.shopify.com/s/files/1/0618/2368/0740/files/13_3637bf15-db95-4531-8e45-97343c79d19c.png?v=1759410044,9,Women S 3 Piece Nightwear Lounge Set With Butterfly Love Print Plus Size Loungewear - front view - women's wear Pakistan,,,,,,,,,,,,,,,,,,,,,,,,,,,,,,,,,,,,,,,,,,,,https://cdn.shopify.com/s/files/1/0618/2368/0740/files/4_e601be70-b5ba-4d9d-a996-e46cc665b75d.png?v=1759406151,g,,,,,,
women-s-3-piece-nightwear-lounge-set-with-butterfly-love-print-plus-size-loungewear,,,,,,,,,Large,,,Soft Jersey,,,black,,'10708623,500.0,shopify,100,deny,manual,1999.00,,true,false,,,,,'10708623,,,,,,,,,,,,,,,,,,,,,,,,,,,,,,,,,,,,,,,,,,,,,,,https://cdn.shopify.com/s/files/1/0618/2368/0740/files/16_7bfb1955-ce91-4459-96d9-58e89d5cac13.png?v=1759406151,g,,,,,,
women-s-3-piece-nightwear-lounge-set-with-butterfly-love-print-plus-size-loungewear,,,,,,,,,Large,,,Soft Jersey,,,pink,,'10708624,500.0,shopify,100,deny,manual,1999.00,,true,false,,,,,'10708624,,,,,,,,,,,,,,,,,,,,,,,,,,,,,,,,,,,,,,,,,,,,,,,https://cdn.shopify.com/s/files/1/0618/2368/0740/files/7_37e04c30-9a6d-4169-ab30-0dbb1501da54.png?v=1759406151,g,,,,,,
women-s-3-piece-nightwear-lounge-set-with-butterfly-love-print-plus-size-loungewear,,,,,,,,,Large,,,Soft Jersey,,,brown-1,,'10708625,500.0,shopify,100,deny,manual,1999.00,,true,false,,,,,'10708625,,,,,,,,,,,,,,,,,,,,,,,,,,,,,,,,,,,,,,,,,,,,,,,https://cdn.shopify.com/s/files/1/0618/2368/0740/files/13_3637bf15-db95-4531-8e45-97343c79d19c.png?v=1759410044,g,,,,,,
women-s-3-piece-nightwear-lounge-set-with-butterfly-love-print-plus-size-loungewear,,,,,,,,,XL,,,Soft Jersey,,,blue,,'10708626,500.0,shopify,100,deny,manual,2299.00,,true,false,,,,,'10708626,,,,,,,,,,,,,,,,,,,,,,,,,,,,,,,,,,,,,,,,,,,,,,,https://cdn.shopify.com/s/files/1/0618/2368/0740/files/1_acce4057-f88b-4802-9485-e762fe201992.png?v=1759405961,g,,,,,,
women-s-3-piece-nightwear-lounge-set-with-butterfly-love-print-plus-size-loungewear,,,,,,,,,XL,,,Soft Jersey,,,gray,,'10708627,500.0,shopify,100,deny,manual,2299.00,,true,false,,,,,'10708627,,,,,,,,,,,,,,,,,,,,,,,,,,,,,,,,,,,,,,,,,,,,,,,https://cdn.shopify.com/s/files/1/0618/2368/0740/files/10_d2d849db-9025-4081-b3f1-8d1d9e4d98e8.png?v=1759406151,g,,,,,,
women-s-3-piece-nightwear-lounge-set-with-butterfly-love-print-plus-size-loungewear,,,,,,,,,XL,,,Soft Jersey,,,red,,'10708628,500.0,shopify,100,deny,manual,2299.00,,true,false,,,,,'10708628,,,,,,,,,,,,,,,,,,,,,,,,,,,,,,,,,,,,,,,,,,,,,,,https://cdn.shopify.com/s/files/1/0618/2368/0740/files/4_e601be70-b5ba-4d9d-a996-e46cc665b75d.png?v=1759406151,g,,,,,,
women-s-3-piece-nightwear-lounge-set-with-butterfly-love-print-plus-size-loungewear,,,,,,,,,XL,,,Soft Jersey,,,black,,'10708629,500.0,shopify,100,deny,manual,2299.00,,true,false,,,,,'10708629,,,,,,,,,,,,,,,,,,,,,,,,,,,,,,,,,,,,,,,,,,,,,,,https://cdn.shopify.com/s/files/1/0618/2368/0740/files/16_7bfb1955-ce91-4459-96d9-58e89d5cac13.png?v=1759406151,g,,,,,,
women-s-3-piece-nightwear-lounge-set-with-butterfly-love-print-plus-size-loungewear,,,,,,,,,XL,,,Soft Jersey,,,pink,,'10708630,500.0,shopify,100,deny,manual,2299.00,,true,false,,,,,'10708630,,,,,,,,,,,,,,,,,,,,,,,,,,,,,,,,,,,,,,,,,,,,,,,https://cdn.shopify.com/s/files/1/0618/2368/0740/files/7_37e04c30-9a6d-4169-ab30-0dbb1501da54.png?v=1759406151,g,,,,,,
women-s-3-piece-nightwear-lounge-set-with-butterfly-love-print-plus-size-loungewear,,,,,,,,,XL,,,Soft Jersey,,,brown-1,,'10708631,500.0,shopify,100,deny,manual,2299.00,,true,false,,,,,'10708631,,,,,,,,,,,,,,,,,,,,,,,,,,,,,,,,,,,,,,,,,,,,,,,https://cdn.shopify.com/s/files/1/0618/2368/0740/files/13_3637bf15-db95-4531-8e45-97343c79d19c.png?v=1759410044,g,,,,,,
women-s-3-piece-nightwear-lounge-set-with-butterfly-love-print-plus-size-loungewear,,,,,,,,,XXL,,,Soft Jersey,,,blue,,'10708632,500.0,shopify,100,deny,manual,2499.00,,true,false,,,,,'10708632,,,,,,,,,,,,,,,,,,,,,,,,,,,,,,,,,,,,,,,,,,,,,,,https://cdn.shopify.com/s/files/1/0618/2368/0740/files/1_acce4057-f88b-4802-9485-e762fe201992.png?v=1759405961,g,,,,,,
women-s-3-piece-nightwear-lounge-set-with-butterfly-love-print-plus-size-loungewear,,,,,,,,,XXL,,,Soft Jersey,,,gray,,'10708633,500.0,shopify,100,deny,manual,2499.00,,true,false,,,,,'10708633,,,,,,,,,,,,,,,,,,,,,,,,,,,,,,,,,,,,,,,,,,,,,,,https://cdn.shopify.com/s/files/1/0618/2368/0740/files/10_d2d849db-9025-4081-b3f1-8d1d9e4d98e8.png?v=1759406151,g,,,,,,
women-s-3-piece-nightwear-lounge-set-with-butterfly-love-print-plus-size-loungewear,,,,,,,,,XXL,,,Soft Jersey,,,red,,'10708634,500.0,shopify,100,deny,manual,2499.00,,true,false,,,,,'10708634,,,,,,,,,,,,,,,,,,,,,,,,,,,,,,,,,,,,,,,,,,,,,,,https://cdn.shopify.com/s/files/1/0618/2368/0740/files/4_e601be70-b5ba-4d9d-a996-e46cc665b75d.png?v=1759406151,g,,,,,,
women-s-3-piece-nightwear-lounge-set-with-butterfly-love-print-plus-size-loungewear,,,,,,,,,XXL,,,Soft Jersey,,,black,,'10708635,500.0,shopify,100,deny,manual,2499.00,,true,false,,,,,'10708635,,,,,,,,,,,,,,,,,,,,,,,,,,,,,,,,,,,,,,,,,,,,,,,https://cdn.shopify.com/s/files/1/0618/2368/0740/files/16_7bfb1955-ce91-4459-96d9-58e89d5cac13.png?v=1759406151,g,,,,,,
women-s-3-piece-nightwear-lounge-set-with-butterfly-love-print-plus-size-loungewear,,,,,,,,,XXL,,,Soft Jersey,,,pink,,'10708636,500.0,shopify,100,deny,manual,2499.00,,true,false,,,,,'10708636,,,,,,,,,,,,,,,,,,,,,,,,,,,,,,,,,,,,,,,,,,,,,,,https://cdn.shopify.com/s/files/1/0618/2368/0740/files/7_37e04c30-9a6d-4169-ab30-0dbb1501da54.png?v=1759406151,g,,,,,,
women-s-3-piece-nightwear-lounge-set-with-butterfly-love-print-plus-size-loungewear,,,,,,,,,XXL,,,Soft Jersey,,,brown-1,,'10706688,500.0,shopify,100,deny,manual,2499.00,,true,false,,,,,'10706688,,,,,,,,,,,,,,,,,,,,,,,,,,,,,,,,,,,,,,,,,,,,,,,https://cdn.shopify.com/s/files/1/0618/2368/0740/files/13_3637bf15-db95-4531-8e45-97343c79d19c.png?v=1759410044,g,,,,,,
grey-black-butterfly-women-night-suit-pj-3-pieces-set,Grey Black Butterfly Women Night Suit PJ 3 Pieces Set,"<h4>Grey Black Butterfly Women Night Suit PJ 3 Pieces Set</h4>
<ul class="""">
<li class="""">Three Piece Long Sleeve + Vest + Loose Trouser</li>
<li class="""">Night Suits for Women very attractive and trendy design</li>
<li class="""">Blended Cotton jersey stuff which will provide you most comfort zone at night</li>
<li class="""">washable Stuff but suitable for hand wash for long lasting of the night wear</li>
<li class="""">Not Suitable For Machine wash as this will reduce the durably of the night wear</li>
<li class="""">Export quality fabric use in the production of night suit</li>
<li class="""">Mostly suitable for wearing in summers</li>
<li class="""">Premium and highly professional print work done on the night wear</li>
<li class="""">Round neck style night wear</li>
<li class="""">Long sleeves with round cuff</li>
<li class="""">Loose fitting trouser with extra stretchable material which will relax you more after wearing</li>
<li class="""">Trouser has no pockets</li>
<li class="""">Maximum durably of night wear is 7 months ( if you wash daily basis)</li>
<li class="""">Good Quality Elastic in trouser with maximum stretch</li>
<li class="""">Best Quality of stitching</li>
</ul>",BBG FASHION,Apparel & Accessories > Clothing > Sleepwear & Loungewear,3 Piece Jersey,"3 Piece Nightwear, NEW ARRIVAL, woo",false,Size,Medium,,Material,Soft Jersey,,,,,'10708611,500.0,shopify,76,deny,manual,1799.00,,true,false,,,,,'10708611,https://cdn.shopify.com/s/files/1/0618/2368/0740/files/13_633e2ace-e90c-47d4-9d5a-2bc567dbbeee.png?v=1685531102,1,Grey Black Butterfly Women Night Suit Pj 3 Pieces Set - front view - women's wear Pakistan,false,,Green V-Neck Women Night Suit PJ Set Ladies Sleep Dress Night Wear With Shirt And Trouser for Women very attractive and trendy design Blended Cotton jersey stuff which will provide you most comfort zone at night. Washable Sleep wear Stuff for long lasting Night wear available at www.bbgfashion.pk,,,,,,,,,,,,,,,,,,,,,,,,,,,,,,,,,,,,,,,,,https://cdn.shopify.com/s/files/1/0618/2368/0740/files/13_633e2ace-e90c-47d4-9d5a-2bc567dbbeee.png?v=1685531102,g,,,true,,,draft
grey-black-butterfly-women-night-suit-pj-3-pieces-set,,,,,,,,,Large,,,Soft Jersey,,,,,'10708612,500.0,shopify,75,deny,manual,1799.00,,true,false,,,,,'10708612,https://cdn.shopify.com/s/files/1/0618/2368/0740/products/Sizechart_4885e4ac-67eb-4281-a62c-34c55d11122d.jpg?v=1685531102,2,Grey Black Butterfly Women Night Suit Pj 3 Pieces Set size chart - measurements guide,,,,,,,,,,,,,,,,,,,,,,,,,,,,,,,,,,,,,,,,,,,,https://cdn.shopify.com/s/files/1/0618/2368/0740/files/13_633e2ace-e90c-47d4-9d5a-2bc567dbbeee.png?v=1685531102,g,,,,,,
grey-black-butterfly-women-night-suit-pj-3-pieces-set,,,,,,,,,XL,,,Soft Jersey,,,,,'10708613,500.0,shopify,86,deny,manual,1799.00,,true,false,,,,,'10708613,,,,,,,,,,,,,,,,,,,,,,,,,,,,,,,,,,,,,,,,,,,,,,,https://cdn.shopify.com/s/files/1/0618/2368/0740/files/13_633e2ace-e90c-47d4-9d5a-2bc567dbbeee.png?v=1685531102,g,,,,,,
grey-black-butterfly-women-night-suit-pj-3-pieces-set,,,,,,,,,XXL,,,Soft Jersey,,,,,'10706687,500.0,shopify,98,deny,manual,1899.00,,true,false,,,,,'10706687,,,,,,,,,,,,,,,,,,,,,,,,,,,,,,,,,,,,,,,,,,,,,,,https://cdn.shopify.com/s/files/1/0618/2368/0740/files/13_633e2ace-e90c-47d4-9d5a-2bc567dbbeee.png?v=1685531102,g,,,,,,
grey-white-meow-women-night-suit-pj-3-pieces-set,Women 3 Pieces Night Suit - Meow Kitty,"<h4>Women 3 Pieces Night Suit - Meow Kitty </h4>
<p class=""isSelectedEnd""><span>Experience the perfect blend of comfort and style with our Women's 3 Pieces Night Suit. Crafted from premium-quality fabric, this sleepwear set is designed to keep you comfortable throughout the night while looking effortlessly elegant.</span></p>
<p class=""isSelectedEnd""><strong><span>Set Includes:</span></strong></p>
<ul data-spread=""false"">
<li>
<p class=""isSelectedEnd""><span>1 Stylish Top</span></p>
</li>
<li>
<p class=""isSelectedEnd""><span>1 Comfortable Trouser</span></p>
</li>
<li>
<p class=""isSelectedEnd""><span>1 Matching Outer Layer</span></p>
</li>
</ul>
<p class=""isSelectedEnd""><strong><span>Product Features:</span></strong><br><span>✔ Soft &amp; Breathable Fabric</span><br><span>✔ Lightweight and Skin-Friendly Material</span><br><span>✔ Relaxed Fit for Maximum Comfort</span><br><span>✔ Durable Stitching and Premium Finish</span><br><span>✔ Ideal for Sleeping, Lounging, and Home Wear</span><br><span>✔ Suitable for All Seasons</span></p>
<p class=""isSelectedEnd""><span>Whether you're relaxing after a long day or enjoying a cozy morning at home, this 3-piece night suit offers the comfort you deserve and the style you love.</span></p>
<p><strong><span>Fabric:</span></strong><span> Premium Cotton Blend</span><br><strong><span>Category:</span></strong><span> Women's Nightwear</span><br><strong><span>Fit:</span></strong><span> Regular Comfort Fit</span><br><strong><span>Care Instructions:</span></strong><span> Machine Washable</span></p>",BBG FASHION,Apparel & Accessories > Clothing > Sleepwear & Loungewear,3 Piece Jersey,3 Piece Nightwear,true,Size,Medium,,Color,grey-1,product.metafields.shopify.color-pattern,,,,'10708588,500.0,shopify,93,deny,manual,2499.00,,true,false,,,,,'10708588,https://cdn.shopify.com/s/files/1/0618/2368/0740/files/WhatsAppImage2024-03-04at5.16.45PM_2.jpg?v=1709731980,1,Grey White Meow Women Night Suit Pj 3 Pieces Set - front view - women's wear Pakistan,false,,"Shop our Women 3 Pieces Night Suit made from soft, breathable cotton for ultimate comfort. Stylish, lightweight, and perfect for sleeping or lounging at home.

",,,,,,,,,,,,,'1,,,,,,,,grey-1; black; pink; blue-1; brown-1,,,,,,,,,,,,,,,,,,,,https://cdn.shopify.com/s/files/1/0618/2368/0740/files/WhatsAppImage2024-03-04at5.16.45PM_2.jpg?v=1709731980,g,,,true,,,active
grey-white-meow-women-night-suit-pj-3-pieces-set,,,,,,,,,Medium,,,black,,,,,'10708589,500.0,shopify,96,deny,manual,2499.00,,true,false,,,,,'10708589,https://cdn.shopify.com/s/files/1/0618/2368/0740/files/WhatsApp_Image_2024-03-02_at_5.05.23_PM_1.jpg?v=1740864462,2,Grey White Meow Women Night Suit Pj 3 Pieces Set - back view - women's wear Pakistan,,,,,,,,,,,,,,,,,,,,,,,,,,,,,,,,,,,,,,,,,,,,https://cdn.shopify.com/s/files/1/0618/2368/0740/files/WhatsApp_Image_2024-03-02_at_5.05.23_PM_1.jpg?v=1740864462,g,,,,,,
grey-white-meow-women-night-suit-pj-3-pieces-set,,,,,,,,,Medium,,,pink,,,,,'10708590,500.0,shopify,94,deny,manual,2499.00,,true,false,,,,,'10708590,https://cdn.shopify.com/s/files/1/0618/2368/0740/files/WhatsApp_Image_2024-03-02_at_6.30.06_PM.jpg?v=1740864462,3,Grey White Meow Women Night Suit Pj 3 Pieces Set - side view - women's wear Pakistan,,,,,,,,,,,,,,,,,,,,,,,,,,,,,,,,,,,,,,,,,,,,https://cdn.shopify.com/s/files/1/0618/2368/0740/files/WhatsApp_Image_2024-03-02_at_6.30.06_PM.jpg?v=1740864462,g,,,,,,
grey-white-meow-women-night-suit-pj-3-pieces-set,,,,,,,,,Medium,,,blue-1,,,,,'10708591,500.0,shopify,97,deny,manual,2499.00,,true,false,,,,,'10708591,https://cdn.shopify.com/s/files/1/0618/2368/0740/files/WhatsApp_Image_2024-03-04_at_3.12.12_PM.jpg?v=1740864462,4,Grey White Meow Women Night Suit Pj 3 Pieces Set - detail shot - women's wear Pakistan,,,,,,,,,,,,,,,,,,,,,,,,,,,,,,,,,,,,,,,,,,,,https://cdn.shopify.com/s/files/1/0618/2368/0740/files/WhatsApp_Image_2024-03-04_at_3.12.12_PM.jpg?v=1740864462,g,,,,,,
grey-white-meow-women-night-suit-pj-3-pieces-set,,,,,,,,,Medium,,,brown-1,,,,,'10708592,500.0,shopify,97,deny,manual,2499.00,,true,false,,,,,'10708592,https://cdn.shopify.com/s/files/1/0618/2368/0740/files/WhatsApp_Image_2024-03-04_at_5.09.10_PM.jpg?v=1740864462,5,Grey White Meow Women Night Suit Pj 3 Pieces Set - front view - women's wear Pakistan,,,,,,,,,,,,,,,,,,,,,,,,,,,,,,,,,,,,,,,,,,,,https://cdn.shopify.com/s/files/1/0618/2368/0740/files/WhatsApp_Image_2024-03-04_at_5.09.10_PM.jpg?v=1740864462,g,,,,,,
grey-white-meow-women-night-suit-pj-3-pieces-set,,,,,,,,,Large,,,grey-1,,,,,'10708594,500.0,shopify,94,deny,manual,2499.00,,true,false,,,,,'10708594,https://cdn.shopify.com/s/files/1/0618/2368/0740/products/Sizechart_f0f8e61e-2b33-4770-ab3d-23e02e4d0367.jpg?v=1740864462,6,Grey White Meow Women Night Suit Pj 3 Pieces Set size chart - measurements guide,,,,,,,,,,,,,,,,,,,,,,,,,,,,,,,,,,,,,,,,,,,,https://cdn.shopify.com/s/files/1/0618/2368/0740/files/WhatsAppImage2024-03-04at5.16.45PM_2.jpg?v=1709731980,g,,,,,,
grey-white-meow-women-night-suit-pj-3-pieces-set,,,,,,,,,Large,,,black,,,,,'10708595,500.0,shopify,97,deny,manual,2499.00,,true,false,,,,,'10708595,,,,,,,,,,,,,,,,,,,,,,,,,,,,,,,,,,,,,,,,,,,,,,,https://cdn.shopify.com/s/files/1/0618/2368/0740/files/WhatsApp_Image_2024-03-02_at_5.05.23_PM_1.jpg?v=1740864462,g,,,,,,
grey-white-meow-women-night-suit-pj-3-pieces-set,,,,,,,,,Large,,,pink,,,,,'10708596,500.0,shopify,99,deny,manual,2499.00,,true,false,,,,,'10708596,,,,,,,,,,,,,,,,,,,,,,,,,,,,,,,,,,,,,,,,,,,,,,,https://cdn.shopify.com/s/files/1/0618/2368/0740/files/WhatsApp_Image_2024-03-02_at_6.30.06_PM.jpg?v=1740864462,g,,,,,,
grey-white-meow-women-night-suit-pj-3-pieces-set,,,,,,,,,Large,,,blue-1,,,,,'10708597,500.0,shopify,98,deny,manual,2499.00,,true,false,,,,,'10708597,,,,,,,,,,,,,,,,,,,,,,,,,,,,,,,,,,,,,,,,,,,,,,,https://cdn.shopify.com/s/files/1/0618/2368/0740/files/WhatsApp_Image_2024-03-04_at_3.12.12_PM.jpg?v=1740864462,g,,,,,,
grey-white-meow-women-night-suit-pj-3-pieces-set,,,,,,,,,Large,,,brown-1,,,,,'10708598,500.0,shopify,97,deny,manual,2499.00,,true,false,,,,,'10708598,,,,,,,,,,,,,,,,,,,,,,,,,,,,,,,,,,,,,,,,,,,,,,,https://cdn.shopify.com/s/files/1/0618/2368/0740/files/WhatsApp_Image_2024-03-04_at_5.09.10_PM.jpg?v=1740864462,g,,,,,,
grey-white-meow-women-night-suit-pj-3-pieces-set,,,,,,,,,XL,,,grey-1,,,,,'10708600,500.0,shopify,98,deny,manual,2499.00,,true,false,,,,,'10708600,,,,,,,,,,,,,,,,,,,,,,,,,,,,,,,,,,,,,,,,,,,,,,,https://cdn.shopify.com/s/files/1/0618/2368/0740/files/WhatsAppImage2024-03-04at5.16.45PM_2.jpg?v=1709731980,g,,,,,,
grey-white-meow-women-night-suit-pj-3-pieces-set,,,,,,,,,XL,,,black,,,,,'10708601,500.0,shopify,100,deny,manual,2499.00,,true,false,,,,,'10708601,,,,,,,,,,,,,,,,,,,,,,,,,,,,,,,,,,,,,,,,,,,,,,,https://cdn.shopify.com/s/files/1/0618/2368/0740/files/WhatsApp_Image_2024-03-02_at_5.05.23_PM_1.jpg?v=1740864462,g,,,,,,
grey-white-meow-women-night-suit-pj-3-pieces-set,,,,,,,,,XL,,,pink,,,,,'10708602,500.0,shopify,99,deny,manual,2499.00,,true,false,,,,,'10708602,,,,,,,,,,,,,,,,,,,,,,,,,,,,,,,,,,,,,,,,,,,,,,,https://cdn.shopify.com/s/files/1/0618/2368/0740/files/WhatsApp_Image_2024-03-02_at_6.30.06_PM.jpg?v=1740864462,g,,,,,,
grey-white-meow-women-night-suit-pj-3-pieces-set,,,,,,,,,XL,,,blue-1,,,,,'10708603,500.0,shopify,99,deny,manual,2499.00,,true,false,,,,,'10708603,,,,,,,,,,,,,,,,,,,,,,,,,,,,,,,,,,,,,,,,,,,,,,,https://cdn.shopify.com/s/files/1/0618/2368/0740/files/WhatsApp_Image_2024-03-04_at_3.12.12_PM.jpg?v=1740864462,g,,,,,,
grey-white-meow-women-night-suit-pj-3-pieces-set,,,,,,,,,XL,,,brown-1,,,,,'10708604,500.0,shopify,100,deny,manual,2499.00,,true,false,,,,,'10708604,,,,,,,,,,,,,,,,,,,,,,,,,,,,,,,,,,,,,,,,,,,,,,,https://cdn.shopify.com/s/files/1/0618/2368/0740/files/WhatsApp_Image_2024-03-04_at_5.09.10_PM.jpg?v=1740864462,g,,,,,,
grey-white-meow-women-night-suit-pj-3-pieces-set,,,,,,,,,XXL,,,grey-1,,,,,'10708606,500.0,shopify,97,deny,manual,2699.00,,true,false,,,,,'10708606,,,,,,,,,,,,,,,,,,,,,,,,,,,,,,,,,,,,,,,,,,,,,,,https://cdn.shopify.com/s/files/1/0618/2368/0740/files/WhatsAppImage2024-03-04at5.16.45PM_2.jpg?v=1709731980,g,,,,,,
grey-white-meow-women-night-suit-pj-3-pieces-set,,,,,,,,,XXL,,,black,,,,,'10708607,500.0,shopify,100,deny,manual,2699.00,,true,false,,,,,'10708607,,,,,,,,,,,,,,,,,,,,,,,,,,,,,,,,,,,,,,,,,,,,,,,https://cdn.shopify.com/s/files/1/0618/2368/0740/files/WhatsApp_Image_2024-03-02_at_5.05.23_PM_1.jpg?v=1740864462,g,,,,,,
grey-white-meow-women-night-suit-pj-3-pieces-set,,,,,,,,,XXL,,,pink,,,,,'10708608,500.0,shopify,99,deny,manual,2699.00,,true,false,,,,,'10708608,,,,,,,,,,,,,,,,,,,,,,,,,,,,,,,,,,,,,,,,,,,,,,,https://cdn.shopify.com/s/files/1/0618/2368/0740/files/WhatsApp_Image_2024-03-02_at_6.30.06_PM.jpg?v=1740864462,g,,,,,,
grey-white-meow-women-night-suit-pj-3-pieces-set,,,,,,,,,XXL,,,blue-1,,,,,'10708609,500.0,shopify,99,deny,manual,2699.00,,true,false,,,,,'10708609,,,,,,,,,,,,,,,,,,,,,,,,,,,,,,,,,,,,,,,,,,,,,,,https://cdn.shopify.com/s/files/1/0618/2368/0740/files/WhatsApp_Image_2024-03-04_at_3.12.12_PM.jpg?v=1740864462,g,,,,,,
grey-white-meow-women-night-suit-pj-3-pieces-set,,,,,,,,,XXL,,,brown-1,,,,,'10708610,500.0,shopify,98,deny,manual,2699.00,,true,false,,,,,'10708610,,,,,,,,,,,,,,,,,,,,,,,,,,,,,,,,,,,,,,,,,,,,,,,https://cdn.shopify.com/s/files/1/0618/2368/0740/files/WhatsApp_Image_2024-03-04_at_5.09.10_PM.jpg?v=1740864462,g,,,,,,
blue-i-love-coffee-women-night-suit-pj-3-pieces-set,Women 3 Pieces Night Suit - I Love Coffe | Blue,"<h4>Women 3 Pieces Night Suit - I Love Coffe | Blue </h4>
<p class=""isSelectedEnd""><span>Experience the perfect blend of comfort and style with our Women's 3 Pieces Night Suit. Crafted from premium-quality fabric, this sleepwear set is designed to keep you comfortable throughout the night while looking effortlessly elegant.</span></p>
<p class=""isSelectedEnd""><strong><span>Set Includes:</span></strong></p>
<ul data-spread=""false"">
<li>
<p class=""isSelectedEnd""><span>1 Stylish Top</span></p>
</li>
<li>
<p class=""isSelectedEnd""><span>1 Comfortable Trouser</span></p>
</li>
<li>
<p class=""isSelectedEnd""><span>1 Matching Outer Layer</span></p>
</li>
</ul>
<p class=""isSelectedEnd""><strong><span>Product Features:</span></strong><br><span>✔ Soft &amp; Breathable Fabric</span><br><span>✔ Lightweight and Skin-Friendly Material</span><br><span>✔ Relaxed Fit for Maximum Comfort</span><br><span>✔ Durable Stitching and Premium Finish</span><br><span>✔ Ideal for Sleeping, Lounging, and Home Wear</span><br><span>✔ Suitable for All Seasons</span></p>
<p class=""isSelectedEnd""><span>Whether you're relaxing after a long day or enjoying a cozy morning at home, this 3-piece night suit offers the comfort you deserve and the style you love.</span></p>
<p><strong><span>Fabric:</span></strong><span> Premium Cotton Blend</span><br><strong><span>Category:</span></strong><span> Women's Nightwear</span><br><strong><span>Fit:</span></strong><span> Regular Comfort Fit</span><br><strong><span>Care Instructions:</span></strong><span> Machine Washable</span></p>",BBG FASHION,Apparel & Accessories > Clothing > Sleepwear & Loungewear,3 Piece Jersey,3 Piece Nightwear,true,Size,medium,product.metafields.shopify.size,,,,,,,'10708582,500.0,shopify,95,deny,manual,2499.00,,true,false,,,,,'10708582,https://cdn.shopify.com/s/files/1/0618/2368/0740/files/WhatsApp_Image_2025-12-16_at_8.22.50_PM_4.jpg?v=1765899617,1,Blue I Love Coffee Women Night Suit Pj 3 Pieces Set - front view - women's wear Pakistan,false,,"Shop our Women 3 Pieces Night Suit made from soft, breathable cotton for ultimate comfort. Stylish, lightweight, and perfect for sleeping or lounging at home.

",,,,,,,,,,,,,'1,,,,,,,,,,,,,,,,,,medium; large; xl; xxl,,,,,,,,,,,g,,,true,,,active
blue-i-love-coffee-women-night-suit-pj-3-pieces-set,,,,,,,,,large,,,,,,,,'10708584,500.0,shopify,96,deny,manual,2499.00,,true,false,,,,,'10708584,https://cdn.shopify.com/s/files/1/0618/2368/0740/files/WhatsApp_Image_2025-12-16_at_8.22.50_PM_3.jpg?v=1765899617,2,Blue I Love Coffee Women Night Suit Pj 3 Pieces Set - back view - women's wear Pakistan,,,,,,,,,,,,,,,,,,,,,,,,,,,,,,,,,,,,,,,,,,,,,g,,,,,,
blue-i-love-coffee-women-night-suit-pj-3-pieces-set,,,,,,,,,xl,,,,,,,,'10708586,500.0,shopify,98,deny,manual,2499.00,,true,false,,,,,'10708586,https://cdn.shopify.com/s/files/1/0618/2368/0740/files/WhatsApp_Image_2025-12-16_at_8.22.50_PM_5.jpg?v=1765899617,3,Blue I Love Coffee Women Night Suit Pj 3 Pieces Set - side view - women's wear Pakistan,,,,,,,,,,,,,,,,,,,,,,,,,,,,,,,,,,,,,,,,,,,,,g,,,,,,
blue-i-love-coffee-women-night-suit-pj-3-pieces-set,,,,,,,,,xxl,,,,,,,,'10706685,500.0,shopify,98,deny,manual,2699.00,,true,false,,,,,'10706685,https://cdn.shopify.com/s/files/1/0618/2368/0740/files/WhatsApp_Image_2025-12-16_at_8.22.51_PM_2.jpg?v=1765899617,4,Blue I Love Coffee Women Night Suit Pj 3 Pieces Set - detail shot - women's wear Pakistan,,,,,,,,,,,,,,,,,,,,,,,,,,,,,,,,,,,,,,,,,,,,,g,,,,,,
blue-i-love-coffee-women-night-suit-pj-3-pieces-set,,,,,,,,,,,,,,,,,,,,,,,,,,,,,,,,https://cdn.shopify.com/s/files/1/0618/2368/0740/products/Sizechart_6137c5fe-c668-43e2-a8e6-087a6c40ebfb.webp?v=1765899617,5,Blue I Love Coffee Women Night Suit Pj 3 Pieces Set size chart - measurements guide,,,,,,,,,,,,,,,,,,,,,,,,,,,,,,,,,,,,,,,,,,,,,,,,,,,
cloud-comfort-nightsuit-set-beige,Cloud Comfort Nightsuit Set - Bubble,"<h4 data-start=""217"" data-end=""490"">Cloud Comfort Nightsuit Set – Bubble</h4>
<p data-start=""217"" data-end=""490"">designed for ultimate comfort and a soft, cozy feel. This charming set features a peach-beige t-shirt with a cute cloud-inspired graphic, paired with elegant checkered trousers for a calm and soothing look.</p>
<p data-start=""492"" data-end=""711"">Crafted from breathable, lightweight fabric, this nightsuit is perfect for a restful night’s sleep or relaxed lounging at home. The relaxed fit ensures ease of movement while keeping you comfortable all day and night.</p>
<p data-start=""713"" data-end=""732""><strong data-start=""713"" data-end=""730"">Key Features:</strong></p>
<ul data-start=""733"" data-end=""965"">
<li data-section-id=""11ypm3m"" data-start=""733"" data-end=""781"">Soft &amp; breathable fabric for maximum comfort</li>
<li data-section-id=""3x96cl"" data-start=""782"" data-end=""820"">Cute cloud graphic printed t-shirt</li>
<li data-section-id=""gfbfbz"" data-start=""821"" data-end=""857"">Stylish beige checkered trousers</li>
<li data-section-id=""1qtb6fa"" data-start=""858"" data-end=""891"">Relaxed fit for easy movement</li>
<li data-section-id=""r1zs9t"" data-start=""892"" data-end=""926"">Ideal for sleepwear &amp; lounging</li>
<li data-section-id=""1i82t3u"" data-start=""927"" data-end=""965"">Skin-friendly and easy to maintain</li>
</ul>",BBG FASHION,Uncategorized,Pajama Set,casual wear twinset,false,Size,medium,product.metafields.shopify.size,,,,,,,'10708579,500.0,shopify,86,deny,manual,1499.00,,true,false,,,,,'10708579,https://cdn.shopify.com/s/files/1/0618/2368/0740/files/02_e8439f7b-3356-47a5-8264-8e7981a20f52.png?v=1776076548,1,Cloud Comfort Nightsuit Set Beige - back view - women's wear Pakistan,false,,"Shop Cloud Comfort Beige Nightsuit Set with soft printed t-shirt and checkered trousers. Comfortable, breathable sleepwear perfect for relaxing nights.",,,,,,,,,,,,,,,,,,,,,,,,,,,,,,,medium; l; xl,,,,,,,,,,https://cdn.shopify.com/s/files/1/0618/2368/0740/files/01_f14d29bb-4bb9-4da5-af1a-e2069f94f7f5.png?v=1776076548,g,,,true,,,draft
cloud-comfort-nightsuit-set-beige,,,,,,,,,l,,,,,,,,'10708580,500.0,shopify,94,deny,manual,1499.00,,true,false,,,,,'10708580,https://cdn.shopify.com/s/files/1/0618/2368/0740/files/01_f14d29bb-4bb9-4da5-af1a-e2069f94f7f5.png?v=1776076548,2,Cloud Comfort Nightsuit Set Beige - front view - women's wear Pakistan,,,,,,,,,,,,,,,,,,,,,,,,,,,,,,,,,,,,,,,,,,,,https://cdn.shopify.com/s/files/1/0618/2368/0740/files/01_f14d29bb-4bb9-4da5-af1a-e2069f94f7f5.png?v=1776076548,g,,,,,,
cloud-comfort-nightsuit-set-beige,,,,,,,,,xl,,,,,,,,'10706684,500.0,shopify,89,deny,manual,1499.00,,true,false,,,,,'10706684,https://cdn.shopify.com/s/files/1/0618/2368/0740/files/03_e0a620d0-aacb-4923-a997-a257013850cb.png?v=1776076548,3,Cloud Comfort Nightsuit Set Beige - side view - women's wear Pakistan,,,,,,,,,,,,,,,,,,,,,,,,,,,,,,,,,,,,,,,,,,,,https://cdn.shopify.com/s/files/1/0618/2368/0740/files/01_f14d29bb-4bb9-4da5-af1a-e2069f94f7f5.png?v=1776076548,g,,,,,,
cloud-comfort-nightsuit-set-beige,,,,,,,,,,,,,,,,,,,,,,,,,,,,,,,,https://cdn.shopify.com/s/files/1/0618/2368/0740/files/04_de2f8cd7-00b8-44ea-a55a-277fdb5debd8.png?v=1776076548,4,Cloud Comfort Nightsuit Set Beige - detail shot - women's wear Pakistan,,,,,,,,,,,,,,,,,,,,,,,,,,,,,,,,,,,,,,,,,,,,,,,,,,,
cloud-comfort-nightsuit-set-beige,,,,,,,,,,,,,,,,,,,,,,,,,,,,,,,,https://cdn.shopify.com/s/files/1/0618/2368/0740/files/05_bc8b66dc-5e00-4bb9-b4a6-e35e1c837702.png?v=1776076548,5,Cloud Comfort Nightsuit Set Beige - front view - women's wear Pakistan,,,,,,,,,,,,,,,,,,,,,,,,,,,,,,,,,,,,,,,,,,,,,,,,,,,
cloud-comfort-nightsuit-set-beige,,,,,,,,,,,,,,,,,,,,,,,,,,,,,,,,https://cdn.shopify.com/s/files/1/0618/2368/0740/files/2_4e9ec078-e232-4f6b-8463-ca2a5beb183c.webp?v=1775824391,6,Women Fleece Nightsuit - back view - women's wear Pakistan,,,,,,,,,,,,,,,,,,,,,,,,,,,,,,,,,,,,,,,,,,,,,,,,,,,
copy-of-baby-pink-long-sleeve-women-night-suit-pj-set-3-pieces,Red Long Sleeve Women Night Suit PJ Set 3 Pieces,"<h4>Red Long Sleeve Women Night Suit PJ Set 3 Pieces</h4>
<ul class="""">
<li class="""">Three Piece Long Sleeve + Vest + Loose Trouser</li>
<li class="""">Night Suits for Women very attractive and trendy design</li>
<li class="""">Blended Cotton jersey stuff which will provide you most comfort zone at night</li>
<li class="""">washable Stuff but suitable for hand wash for long lasting of the night wear</li>
<li class="""">Not Suitable For Machine wash as this will reduce the durably of the night wear</li>
<li class="""">Export quality fabric use in the production of night suit</li>
<li class="""">Mostly suitable for wearing in summers</li>
<li class="""">Premium and highly professional print work done on the night wear</li>
<li class="""">Round neck style night wear</li>
<li class="""">Long sleeves with round cuff</li>
<li class="""">Loose fitting trouser with extra stretchable material which will relax you more after wearing</li>
<li class="""">Trouser has no pockets</li>
<li class="""">Maximum durably of night wear is 7 months ( if you wash daily basis)</li>
<li class="""">Good Quality Elastic in trouser with maximum stretch</li>
<li class="""">Best Quality of stitching</li>
</ul>",BBG FASHION,Apparel & Accessories > Clothing > Sleepwear & Loungewear,3 Piece Jersey,"3 Piece Nightwear, woo",false,Size,Medium,,Material,Soft Jersey,,,,,'10708576,500.0,shopify,67,deny,manual,1799.00,,true,false,,,,,'10708576,https://cdn.shopify.com/s/files/1/0618/2368/0740/products/32.png?v=1678641273,1,Copy Of Baby Pink Long Sleeve Women Night Suit Pj Set 3 Pieces - front view - women's wear Pakistan,false,,Women Night Suit PJ Set Ladies Sleep Dress Night Wear With Shirt And Trouser for Women very attractive and trendy design Blended Cotton jersey stuff which will provide you most comfort zone at night. Washable Sleep wear Stuff for long lasting Night wear available at www.bbgfashion.pk,,,,,,,,,,,,,,,,,,,,,,,,,,,,,,,,,,,,,,,,,https://cdn.shopify.com/s/files/1/0618/2368/0740/products/Untitleddesign_11.png?v=1678641273,g,,,true,,,draft
copy-of-baby-pink-long-sleeve-women-night-suit-pj-set-3-pieces,,,,,,,,,Large,,,Soft Jersey,,,,,'10708577,500.0,shopify,55,deny,manual,1799.00,,true,false,,,,,'10708577,https://cdn.shopify.com/s/files/1/0618/2368/0740/products/Untitleddesign_11.png?v=1678641273,2,Copy Of Baby Pink Long Sleeve Women Night Suit Pj Set 3 Pieces - back view - women's wear Pakistan,,,,,,,,,,,,,,,,,,,,,,,,,,,,,,,,,,,,,,,,,,,,https://cdn.shopify.com/s/files/1/0618/2368/0740/products/Untitleddesign_11.png?v=1678641273,g,,,,,,
copy-of-baby-pink-long-sleeve-women-night-suit-pj-set-3-pieces,,,,,,,,,XL,,,Soft Jersey,,,,,'10708578,500.0,shopify,63,deny,manual,1799.00,,true,false,,,,,'10708578,https://cdn.shopify.com/s/files/1/0618/2368/0740/products/Sizechart_56728ed1-1259-46dd-9307-6f3153264f06.webp?v=1678641273,3,Copy Of Baby Pink Long Sleeve Women Night Suit Pj Set 3 Pieces size chart - measurements guide,,,,,,,,,,,,,,,,,,,,,,,,,,,,,,,,,,,,,,,,,,,,https://cdn.shopify.com/s/files/1/0618/2368/0740/products/Untitleddesign_11.png?v=1678641273,g,,,,,,
copy-of-baby-pink-long-sleeve-women-night-suit-pj-set-3-pieces,,,,,,,,,XXL,,,Soft Jersey,,,,,'10706683,500.0,shopify,91,deny,manual,1899.00,,true,false,,,,,'10706683,,,,,,,,,,,,,,,,,,,,,,,,,,,,,,,,,,,,,,,,,,,,,,,https://cdn.shopify.com/s/files/1/0618/2368/0740/products/Untitleddesign_11.png?v=1678641273,g,,,,,,
grey-red-tracksuit,Urban Motion Color block Tracksuit – Grey & Red,"<h4 data-end=""437"" data-start=""227"">Urban Motion Color block Tracksuit – Grey &amp; Red</h4>
<p data-end=""437"" data-start=""227"">Move in style with the <strong data-end=""300"" data-start=""250"">Urban Motion Colorblock Tracksuit – Grey &amp; Red</strong>. Designed with a modern grey base and bold red and white colorblock detailing, this tracksuit brings together comfort and a sporty edge.</p>
<p data-end=""689"" data-start=""439"">The soft, breathable, and stretchable fabric ensures all-day ease, while the fitted silhouette offers a sleek and flattering look. Perfect for casual outings, travel, or everyday wear, this tracksuit is made for women who love both style and comfort.</p>
<p data-end=""712"" data-start=""691"">✨ <strong data-end=""710"" data-start=""693"">Key Features:</strong></p>
<ul data-end=""956"" data-start=""713"">
<li data-end=""760"" data-start=""713"" data-section-id=""t53u55"">Stylish grey, red &amp; white colorblock design</li>
<li data-end=""802"" data-start=""761"" data-section-id=""781lpy"">Soft, breathable &amp; stretchable fabric</li>
<li data-end=""840"" data-start=""803"" data-section-id=""lf16gc"">Comfortable tee with fitted pants</li>
<li data-end=""874"" data-start=""841"" data-section-id=""14sg4e0"">Modern sporty and trendy look</li>
<li data-end=""907"" data-start=""875"" data-section-id=""11vxdih"">Lightweight and easy to wear</li>
<li data-end=""956"" data-start=""908"" data-section-id=""7o8cbb"">Ideal for casual wear, travel, and daily use</li>
</ul>",BBG FASHION,Apparel & Accessories > Clothing > Activewear,Women Tracksuit,women tracksuit,true,Size,xxl,product.metafields.shopify.size,,,,,,,'10719325,500.0,shopify,97,deny,manual,1699.00,1499.00,true,false,,,,,'10719325,https://cdn.shopify.com/s/files/1/0618/2368/0740/files/WhatsAppImage2026-06-06at7.04.31PM.jpg?v=1780755091,1,"",false,,"Shop the Urban Motion Color block Tracksuit in grey and red featuring a modern color block design, breathable fabric, and a comfortable fit—perfect for casual wear, travel, and everyday style.",,,,,,,,,,,,,'1,,,,,,,,,,,,,,,,,,xxl,,,,,,,,,,,g,,,true,,,active
grey-red-tracksuit,,,,,,,,,,,,,,,,,,,,,,,,,,,,,,,,https://cdn.shopify.com/s/files/1/0618/2368/0740/files/WhatsAppImage2026-06-06at7.04.31PM_1.jpg?v=1780755091,2,"",,,,,,,,,,,,,,,,,,,,,,,,,,,,,,,,,,,,,,,,,,,,,,,,,,,
grey-red-tracksuit,,,,,,,,,,,,,,,,,,,,,,,,,,,,,,,,https://cdn.shopify.com/s/files/1/0618/2368/0740/files/WhatsAppImage2026-06-06at7.04.31PM_2.jpg?v=1780755091,3,"",,,,,,,,,,,,,,,,,,,,,,,,,,,,,,,,,,,,,,,,,,,,,,,,,,,
grey-red-tracksuit,,,,,,,,,,,,,,,,,,,,,,,,,,,,,,,,https://cdn.shopify.com/s/files/1/0618/2368/0740/files/8ad05904-047a-459f-9725-7709c42c0833_4e03f82f-02a1-4f8a-ad06-ebab56d71f4e.webp?v=1780755091,4,"",,,,,,,,,,,,,,,,,,,,,,,,,,,,,,,,,,,,,,,,,,,,,,,,,,,
pattern-printed-pajama-set-blue,Pattern Printed Pajama Set - Blue,"<h4 data-start=""1334"" data-end=""1575"">Pattern Printed Pajama Set - Blue</h4>
<p data-start=""1334"" data-end=""1575"">Stay cool and relaxed with our <strong data-start=""1365"" data-end=""1402"">Pattern Printed Pajama Set – Blue</strong>, designed for everyday comfort with a fresh, stylish feel. The modern pattern print combined with a calming blue tone makes it a perfect choice for both day and night wear.</p>
<p data-start=""1577"" data-end=""1677"">Crafted from soft, breathable fabric, it keeps you feeling light and comfortable throughout the day.</p>
<p data-start=""1679"" data-end=""1698"">✨ <strong data-start=""1681"" data-end=""1698"">Key Features:</strong></p>
<ul data-start=""1699"" data-end=""1932"">
<li data-section-id=""15vdfkq"" data-start=""1699"" data-end=""1747"">Soft &amp; breathable fabric for all-day comfort</li>
<li data-section-id=""15rbtuk"" data-start=""1748"" data-end=""1791"">Stylish pattern print for a trendy look</li>
<li data-section-id=""1b4n5c2"" data-start=""1792"" data-end=""1834"">Relaxed-fit top for a comfortable feel</li>
<li data-section-id=""oq3ikl"" data-start=""1835"" data-end=""1883"">Straight-fit trousers with elastic waistband</li>
<li data-section-id=""18837ab"" data-start=""1884"" data-end=""1932"">Perfect for sleepwear, lounging &amp; daily wear</li>
</ul>
<p data-start=""1934"" data-end=""2013"">Fresh, comfortable, and easy to wear—your go-to blue for everyday relaxation 💙</p>",BBG FASHION,Apparel & Accessories > Clothing,Pajama Set,casual wear twinset,true,Size,Medium,,,,,,,,'10708572,500.0,shopify,80,deny,manual,1499.00,,true,false,,,,,'10708572,https://cdn.shopify.com/s/files/1/0618/2368/0740/files/2a6a2135-f506-4903-9fb4-d7b8e29edf72.webp?v=1780583792,1,"",false,,"Shop Pattern Printed Pajama Set in Blue. Lightweight, breathable, and comfortable—perfect for sleepwear, lounging, and everyday comfort.",1604,,,,,,,,,,,,,,,,,,,,,,,,,,,,,,,,,,,,,,,,,g,,,true,,,active
pattern-printed-pajama-set-blue,,,,,,,,,Large,,,,,,,,'10708573,500.0,shopify,73,deny,manual,1499.00,,true,false,,,,,'10708573,https://cdn.shopify.com/s/files/1/0618/2368/0740/files/0075feb8-944b-49a7-8f49-feedecbfbe01.webp?v=1780583815,2,"",,,,,,,,,,,,,,,,,,,,,,,,,,,,,,,,,,,,,,,,,,,,,g,,,,,,
pattern-printed-pajama-set-blue,,,,,,,,,XL,,,,,,,,'10706681,500.0,shopify,86,deny,manual,1499.00,,true,false,,,,,'10706681,https://cdn.shopify.com/s/files/1/0618/2368/0740/files/c9be793f-39b7-43ce-9392-639fb62eea93.webp?v=1780583792,3,"",,,,,,,,,,,,,,,,,,,,,,,,,,,,,,,,,,,,,,,,,,,,,g,,,,,,
pattern-printed-pajama-set-blue,,,,,,,,,,,,,,,,,,,,,,,,,,,,,,,,https://cdn.shopify.com/s/files/1/0618/2368/0740/files/Screenshot_2026-02-03_155735_540x_360x_e32ee556-3263-4248-8032-c2dd651f2867.webp?v=1780583792,4,"",,,,,,,,,,,,,,,,,,,,,,,,,,,,,,,,,,,,,,,,,,,,,,,,,,,
yellow-bear-woman-nightsuit,Yellow Bear Woman Nightsuit,"<h4>Yellow Bear Woman Nightsuit</h4>
<ul class="""">
<li class="""">Night Suits for Women very attractive and trendy design</li>
<li class="""">Blended Cotton jersey stuff which will provide you most comfort zone at night</li>
<li class="""">washable Stuff but suitable for hand wash for long lasting of the night wear</li>
<li class="""">Not Suitable For Machine wash as this will reduce the durably of the night wear</li>
<li class="""">Export quality fabric use in the production of night suit</li>
<li class="""">Mostly suitable for wearing in summers</li>
<li class="""">premium and highly professional print work done on the night wear</li>
<li class="""">Round neck style night wear</li>
<li class="""">Long sleeves with round cuff</li>
<li class="""">Loose fitting trouser with extra stretchable material which will relax you more after wearing</li>
<li class="""">Trouser has no pockets</li>
<li class="""">Maximum durably of night wear is 7 months ( if you wash daily basis)</li>
<li class="""">Good Quality Elastic in trouser with maximum stretch</li>
<li class="""">Best Quality of stitching</li>
</ul>",BBG FASHION,Uncategorized,"","casual wear twinset, NEW ARRIVAL, woo",false,Size,Medium,,Material,Soft Jersey,,,,,'10708570,500.0,shopify,97,deny,manual,1299.00,,true,false,,,,,'10708570,https://cdn.shopify.com/s/files/1/0618/2368/0740/products/28.png?v=1676304286,1,Yellow Bear Woman Nightsuit - front view - women's wear Pakistan,false,,Sleepy Girl Woman Pajama Set Ladies Sleep Dress Night Wear With Shirt And Trouser for Women very attractive and trendy design Blended Cotton jersey stuff which will provide you most comfort zone at night. Washable Sleep wear Stuff for long lasting Night wear available at www.bbgfashion.pk,,,,,,,,,,,,,,,,,,,,,,,,,,,,,,,,,,,,,,,,,https://cdn.shopify.com/s/files/1/0618/2368/0740/products/28.png?v=1676304286,g,,,true,,,draft
yellow-bear-woman-nightsuit,,,,,,,,,Large,,,Soft Jersey,,,,,'10708571,500.0,shopify,98,deny,manual,1299.00,,true,false,,,,,'10708571,https://cdn.shopify.com/s/files/1/0618/2368/0740/products/Sizechart_87c7c7e5-c042-46f6-baf9-dba9ccbd6b7c.webp?v=1676304295,2,Yellow Bear Woman Nightsuit size chart - measurements guide,,,,,,,,,,,,,,,,,,,,,,,,,,,,,,,,,,,,,,,,,,,,https://cdn.shopify.com/s/files/1/0618/2368/0740/products/28.png?v=1676304286,g,,,,,,
yellow-bear-woman-nightsuit,,,,,,,,,XL,,,Soft Jersey,,,,,'10706680,500.0,shopify,99,deny,manual,1299.00,,true,false,,,,,'10706680,,,,,,,,,,,,,,,,,,,,,,,,,,,,,,,,,,,,,,,,,,,,,,,https://cdn.shopify.com/s/files/1/0618/2368/0740/products/28.png?v=1676304286,g,,,,,,
purple-love-kids-wear,Purple Love Kids wear,"<h4>Purple Love Kids wear</h4>
<p data-start=""220"" data-end=""492"">Sweet, playful, and full of charm — the Purple Love Kids Wear co-ord set is designed to bring comfort and style together for your little one. Featuring a lovely purple-themed design with cheerful vibes, this outfit is perfect for kids who love colorful and cozy fashion.</p>
<p data-start=""494"" data-end=""803"">Made from soft and breathable fabric, the set includes a comfortable half-sleeve shirt and matching trousers that provide a relaxed fit for all-day comfort. Whether it’s playtime, family outings, lounging at home, or bedtime, this adorable kidswear set keeps your child looking cute and feeling comfortable.</p>
<h3 data-section-id=""q4c1cr"" data-start=""805"" data-end=""818"">Features:</h3>
<ul data-start=""819"" data-end=""1063"">
<li data-section-id=""1xzd5y7"" data-start=""819"" data-end=""847"">Soft &amp; breathable fabric</li>
<li data-section-id=""jr9ul2"" data-start=""848"" data-end=""884"">Beautiful purple-inspired design</li>
<li data-section-id=""obh3yy"" data-start=""885"" data-end=""918"">Comfortable half-sleeve shirt</li>
<li data-section-id=""1b0bjmt"" data-start=""919"" data-end=""952"">Matching relaxed-fit trousers</li>
<li data-section-id=""mpgajw"" data-start=""953"" data-end=""990"">Gentle and skin-friendly material</li>
<li data-section-id=""akftls"" data-start=""991"" data-end=""1030"">Perfect for casual wear &amp; sleepwear</li>
<li data-section-id=""11jmkh"" data-start=""1031"" data-end=""1063"">Durable and easy-care fabric</li>
</ul>
<p data-start=""1065"" data-end=""1118"" data-is-last-node="""" data-is-only-node="""">Made with love for little smiles and cozy moments 💜✨</p>",BBG FASHION,Apparel & Accessories > Clothing,Kids wear,Kids Full Sleeves,true,Size,1-2-years,product.metafields.shopify.size,Color,purple,product.metafields.shopify.color-pattern,,,,'10708566,500.0,shopify,92,deny,manual,1099.00,0.00,true,false,,,,,'10708566,https://cdn.shopify.com/s/files/1/0618/2368/0740/files/WhatsAppImage2026-05-23at5.58.54PM.jpg?v=1779697261,1,"",false,,"Shop Purple Love Kids Wear for cute, comfy, and stylish outfits for kids. Soft cotton co-ord sets designed for playtime, bedtime, and everyday comfort with adorable charm.",,,,,,,,,,,,,'2,,,,,,,,purple,,,,,,,,,,1-2-years; 3-4-years; 5-6-years-1; 7-8-years; 9-10-years,,,,,,,,,,,kg,,,true,,,active
purple-love-kids-wear,,,,,,,,,3-4-years,,,purple,,,,,'10708567,500.0,shopify,86,deny,manual,1099.00,0.00,true,false,,,,,'10708567,https://cdn.shopify.com/s/files/1/0618/2368/0740/files/WhatsAppImage2026-05-23at5.58.54PM_1.jpg?v=1779697261,2,"",,,,,,,,,,,,,,,,,,,,,,,,,,,,,,,,,,,,,,,,,,,,,kg,,,,,,
purple-love-kids-wear,,,,,,,,,5-6-years-1,,,purple,,,,,'10708568,500.0,shopify,91,deny,manual,1099.00,0.00,true,false,,,,,'10708568,https://cdn.shopify.com/s/files/1/0618/2368/0740/files/WhatsAppImage2026-05-23at5.58.54PM_2.jpg?v=1779697261,3,"",,,,,,,,,,,,,,,,,,,,,,,,,,,,,,,,,,,,,,,,,,,,,kg,,,,,,
purple-love-kids-wear,,,,,,,,,7-8-years,,,purple,,,,,'10708569,500.0,shopify,91,deny,manual,1099.00,0.00,true,false,,,,,'10708569,https://cdn.shopify.com/s/files/1/0618/2368/0740/files/1-14_1080x_1a55d5e2-e315-4831-830f-cc6ba4696cb2.webp?v=1779697260,4,"",,,,,,,,,,,,,,,,,,,,,,,,,,,,,,,,,,,,,,,,,,,,,kg,,,,,,
purple-love-kids-wear,,,,,,,,,9-10-years,,,purple,,,,,'10706679,500.0,shopify,89,deny,manual,1099.00,0.00,true,false,,,,,'10706679,,,,,,,,,,,,,,,,,,,,,,,,,,,,,,,,,,,,,,,,,,,,,,,,kg,,,,,,
happy-new-year-kids-wear,Happy New Year Kids wear,"<h4>Happy New Year Kids wear</h4>
<p data-start=""225"" data-end=""458"">Make every moment feel like a celebration with the Happy New Year Kids Wear co-ord set. Designed with cheerful vibes and playful style, this comfy outfit is perfect for kids who love to stay active, happy, and stylish all day long.</p>
<p data-start=""460"" data-end=""775"">Crafted from soft and breathable fabric, the set includes a comfortable half-sleeve shirt paired with matching trousers for an easy and relaxed fit. Whether it’s family gatherings, festive celebrations, casual outings, or bedtime comfort, this adorable outfit keeps your little one feeling fresh and looking cute.</p>
<h3 data-section-id=""q4c1cr"" data-start=""777"" data-end=""790"">Features:</h3>
<ul data-start=""791"" data-end=""1069"">
<li data-section-id=""1xzd5y7"" data-start=""791"" data-end=""819"">Soft &amp; breathable fabric</li>
<li data-section-id=""vczxdh"" data-start=""820"" data-end=""864"">Fun and festive-inspired kidswear design</li>
<li data-section-id=""obh3yy"" data-start=""865"" data-end=""898"">Comfortable half-sleeve shirt</li>
<li data-section-id=""1b0bjmt"" data-start=""899"" data-end=""932"">Matching relaxed-fit trousers</li>
<li data-section-id=""1n15ded"" data-start=""933"" data-end=""973"">Lightweight and skin-friendly fabric</li>
<li data-section-id=""16ho8kz"" data-start=""974"" data-end=""1023"">Perfect for casual wear, lounging &amp; sleepwear</li>
<li data-section-id=""1s609wr"" data-start=""1024"" data-end=""1069"">Easy to wash and durable for everyday use</li>
</ul>
<p data-start=""1071"" data-end=""1149"" data-is-last-node="""" data-is-only-node="""">Made for happy smiles, playful memories, and little celebrations every day 🎉✨</p>",BBG FASHION,Apparel & Accessories > Clothing,Kids wear,Kids Full Sleeves,false,Size,1-2-years,product.metafields.shopify.size,,,,,,,'10708562,500.0,shopify,84,deny,manual,1099.00,0.00,true,false,,,,,'10708562,https://cdn.shopify.com/s/files/1/0618/2368/0740/files/WhatsAppImage2026-05-23at6.10.09PM_1.jpg?v=1779696647,1,"",false,,"Celebrate joyful moments with Happy New Year Kids Wear — stylish, soft, and comfortable outfits for kids. Perfect co-ord sets for festive fun, playtime, and cozy everyday wear.",,,,,,,,,,,,,'3,,,,,,,,,,,,,,,,,,1-2-years; 3-4-years; 5-6-years-1; 7-8-years; 9-10-years,,,,,,,,,,,kg,,,true,,,draft
happy-new-year-kids-wear,,,,,,,,,3-4-years,,,,,,,,'10708563,500.0,shopify,85,deny,manual,1099.00,0.00,true,false,,,,,'10708563,https://cdn.shopify.com/s/files/1/0618/2368/0740/files/WhatsAppImage2026-05-23at6.10.09PM.jpg?v=1779696647,2,"",,,,,,,,,,,,,,,,,,,,,,,,,,,,,,,,,,,,,,,,,,,,,kg,,,,,,
happy-new-year-kids-wear,,,,,,,,,5-6-years-1,,,,,,,,'10708564,500.0,shopify,82,deny,manual,1099.00,0.00,true,false,,,,,'10708564,https://cdn.shopify.com/s/files/1/0618/2368/0740/files/WhatsAppImage2026-05-23at6.10.08PM.jpg?v=1779696647,3,"",,,,,,,,,,,,,,,,,,,,,,,,,,,,,,,,,,,,,,,,,,,,,kg,,,,,,
happy-new-year-kids-wear,,,,,,,,,7-8-years,,,,,,,,'10708565,500.0,shopify,86,deny,manual,1099.00,0.00,true,false,,,,,'10708565,https://cdn.shopify.com/s/files/1/0618/2368/0740/files/1-14_1080x_cfa5f8e5-dbd9-410e-900e-556d3991cb7e.webp?v=1779696647,4,"",,,,,,,,,,,,,,,,,,,,,,,,,,,,,,,,,,,,,,,,,,,,,kg,,,,,,
happy-new-year-kids-wear,,,,,,,,,9-10-years,,,,,,,,'10706678,500.0,shopify,81,deny,manual,1099.00,0.00,true,false,,,,,'10706678,,,,,,,,,,,,,,,,,,,,,,,,,,,,,,,,,,,,,,,,,,,,,,,,kg,,,,,,
multicolor-truck-kids-wear,Multicolor Truck Kids Wear,"<h4>Multicolor Truck Kids Wear</h4>
<p data-start=""208"" data-end=""445"">Vroom into fun and comfort with the Multicolor Truck Kids Wear co-ord set! Designed for little truck lovers, this playful outfit features vibrant colors and exciting vehicle-inspired vibes that make everyday dressing more fun for kids.</p>
<p data-start=""447"" data-end=""737"">Made with soft and breathable fabric, the set includes a comfortable half-sleeve shirt and matching trousers that keep your child relaxed all day long. Whether it’s playtime, casual outings, bedtime, or lounging at home, this stylish kidswear set is perfect for active little adventurers.</p>
<h3 data-section-id=""q4c1cr"" data-start=""739"" data-end=""752"">Features:</h3>
<ul data-start=""753"" data-end=""1005"">
<li data-section-id=""1xzd5y7"" data-start=""753"" data-end=""781"">Soft &amp; breathable fabric</li>
<li data-section-id=""1jc8kpn"" data-start=""782"" data-end=""822"">Fun multicolor truck-inspired design</li>
<li data-section-id=""obh3yy"" data-start=""823"" data-end=""856"">Comfortable half-sleeve shirt</li>
<li data-section-id=""1b0bjmt"" data-start=""857"" data-end=""890"">Matching relaxed-fit trousers</li>
<li data-section-id=""8kelsz"" data-start=""891"" data-end=""933"">Lightweight and skin-friendly material</li>
<li data-section-id=""12e8bps"" data-start=""934"" data-end=""972"">Perfect for daily wear &amp; sleepwear</li>
<li data-section-id=""1234ikm"" data-start=""973"" data-end=""1005"">Durable and easy to maintain</li>
</ul>
<p data-start=""1007"" data-end=""1073"" data-is-last-node="""" data-is-only-node="""">Built for little explorers who love color, fun, and adventure 🚚🌈</p>
<p> </p>",BBG FASHION,Apparel & Accessories > Clothing,Kids wear,Kids Full Sleeves,false,Size,1-2-years,product.metafields.shopify.size,,,,,,,'10708558,500.0,shopify,75,deny,manual,1099.00,0.00,true,false,,,,,'10708558,https://cdn.shopify.com/s/files/1/0618/2368/0740/files/WhatsAppImage2026-05-25at2.20.39PM_1.jpg?v=1779702087,1,"",false,,"Explore Multicolor Truck Kids Wear — fun, colorful, and comfy outfits for kids. Soft cotton co-ord sets perfect for playtime, bedtime, and everyday adventures.",,,,,,,,,,,,,,,,,,,,,,,,,,,,,,,1-2-years; 3-4-years; 6-years; 7-8-years; 9-10-years,,,,,,,,,,,kg,,,true,,,draft
multicolor-truck-kids-wear,,,,,,,,,3-4-years,,,,,,,,'10708559,500.0,shopify,79,deny,manual,1099.00,0.00,true,false,,,,,'10708559,https://cdn.shopify.com/s/files/1/0618/2368/0740/files/WhatsAppImage2026-05-25at2.20.39PM_2.jpg?v=1779702087,2,"",,,,,,,,,,,,,,,,,,,,,,,,,,,,,,,,,,,,,,,,,,,,,kg,,,,,,
multicolor-truck-kids-wear,,,,,,,,,6-years,,,,,,,,'10708560,500.0,shopify,90,deny,manual,1099.00,0.00,true,false,,,,,'10708560,https://cdn.shopify.com/s/files/1/0618/2368/0740/files/WhatsAppImage2026-05-25at2.20.39PM.jpg?v=1779702087,3,"",,,,,,,,,,,,,,,,,,,,,,,,,,,,,,,,,,,,,,,,,,,,,kg,,,,,,
multicolor-truck-kids-wear,,,,,,,,,7-8-years,,,,,,,,'10708561,500.0,shopify,95,deny,manual,1099.00,0.00,true,false,,,,,'10708561,https://cdn.shopify.com/s/files/1/0618/2368/0740/files/1-14_1080x_c2d134be-e685-4e04-98f0-2e162812c877.webp?v=1779702087,4,"",,,,,,,,,,,,,,,,,,,,,,,,,,,,,,,,,,,,,,,,,,,,,kg,,,,,,
multicolor-truck-kids-wear,,,,,,,,,9-10-years,,,,,,,,'10706677,500.0,shopify,96,deny,manual,1099.00,0.00,true,false,,,,,'10706677,,,,,,,,,,,,,,,,,,,,,,,,,,,,,,,,,,,,,,,,,,,,,,,,kg,,,,,,
brown-long-sleeve-women-night-suit-pj-set-3-pieces,Brown Long Sleeve Women Night Suit PJ Set 3 Pieces,"<h4>Brown Long Sleeve Women Night Suit PJ Set 3 Pieces</h4>
<ul class="""">
<li class="""">Three Piece Long Sleeve + Vest + Loose Trouser</li>
<li class="""">Night Suits for Women very attractive and trendy design</li>
<li class="""">Blended Cotton jersey stuff which will provide you most comfort zone at night</li>
<li class="""">washable Stuff but suitable for hand wash for long lasting of the night wear</li>
<li class="""">Not Suitable For Machine wash as this will reduce the durably of the night wear</li>
<li class="""">Export quality fabric use in the production of night suit</li>
<li class="""">Mostly suitable for wearing in summers</li>
<li class="""">Premium and highly professional print work done on the night wear</li>
<li class="""">Round neck style night wear</li>
<li class="""">Long sleeves with round cuff</li>
<li class="""">Loose fitting trouser with extra stretchable material which will relax you more after wearing</li>
<li class="""">Trouser has no pockets</li>
<li class="""">Maximum durably of night wear is 7 months ( if you wash daily basis)</li>
<li class="""">Good Quality Elastic in trouser with maximum stretch</li>
<li class="""">Best Quality of stitching</li>
</ul>",BBG FASHION,Apparel & Accessories > Clothing > Sleepwear & Loungewear,3 Piece Jersey,"3 Piece Nightwear, woo",false,Size,Medium,,,,,,,,'10708555,500.0,shopify,86,deny,manual,1799.00,,true,false,,,,,'10708555,https://cdn.shopify.com/s/files/1/0618/2368/0740/products/28_a203dea0-56c8-430c-aea5-c5902ac50c00.png?v=1678641406,1,Brown Long Sleeve Women Night Suit Pj Set 3 Pieces - front view - women's wear Pakistan,false,,Green V-Neck Women Night Suit PJ Set Ladies Sleep Dress Night Wear With Shirt And Trouser for Women very attractive and trendy design Blended Cotton jersey stuff which will provide you most comfort zone at night. Washable Sleep wear Stuff for long lasting Night wear available at www.bbgfashion.pk,,,,,,,,,,,,,,,,,,,,,,,,,,,,,,,,,,,,,,,,,https://cdn.shopify.com/s/files/1/0618/2368/0740/products/28_a203dea0-56c8-430c-aea5-c5902ac50c00.png?v=1678641406,g,,,true,,,draft
brown-long-sleeve-women-night-suit-pj-set-3-pieces,,,,,,,,,Large,,,,,,,,'10708556,500.0,shopify,84,deny,manual,1799.00,,true,false,,,,,'10708556,https://cdn.shopify.com/s/files/1/0618/2368/0740/products/Sizechart_7158f904-b66a-4975-aa5a-f5a1339c3102.webp?v=1678641406,2,Brown Long Sleeve Women Night Suit Pj Set 3 Pieces size chart - measurements guide,,,,,,,,,,,,,,,,,,,,,,,,,,,,,,,,,,,,,,,,,,,,https://cdn.shopify.com/s/files/1/0618/2368/0740/products/28_a203dea0-56c8-430c-aea5-c5902ac50c00.png?v=1678641406,g,,,,,,
brown-long-sleeve-women-night-suit-pj-set-3-pieces,,,,,,,,,XL,,,,,,,,'10708557,500.0,shopify,89,deny,manual,1799.00,,true,false,,,,,'10708557,,,,,,,,,,,,,,,,,,,,,,,,,,,,,,,,,,,,,,,,,,,,,,,https://cdn.shopify.com/s/files/1/0618/2368/0740/products/28_a203dea0-56c8-430c-aea5-c5902ac50c00.png?v=1678641406,g,,,,,,
brown-long-sleeve-women-night-suit-pj-set-3-pieces,,,,,,,,,XXL,,,,,,,,'10706676,500.0,shopify,0,deny,manual,1899.00,,true,false,,,,,'10706676,,,,,,,,,,,,,,,,,,,,,,,,,,,,,,,,,,,,,,,,,,,,,,,https://cdn.shopify.com/s/files/1/0618/2368/0740/products/28_a203dea0-56c8-430c-aea5-c5902ac50c00.png?v=1678641406,g,,,,,,
king-dino-kids-wear,King Dino Kids Wear,"<h4>King Dino Kids wear<br>
</h4>
<p data-start=""213"" data-end=""444"">Let your little champion rule the day in the King Dino Kids Wear co-ord set! Featuring a bold dinosaur-inspired design with playful adventure vibes, this stylish outfit is perfect for kids who love dinos, fun, and nonstop action.</p>
<p data-start=""446"" data-end=""753"">Made from soft and breathable fabric, the set includes a comfortable half-sleeve shirt and matching trousers that provide a relaxed fit for all-day comfort. Whether it’s playtime, casual outings, lounging at home, or bedtime, this trendy kidswear set keeps your child comfortable while looking extra cool.</p>
<h3 data-section-id=""q4c1cr"" data-start=""755"" data-end=""768"">Features:</h3>
<ul data-start=""769"" data-end=""1017"">
<li data-section-id=""1xzd5y7"" data-start=""769"" data-end=""797"">Soft &amp; breathable fabric</li>
<li data-section-id=""11yobfm"" data-start=""798"" data-end=""831"">Cool king dino-inspired print</li>
<li data-section-id=""obh3yy"" data-start=""832"" data-end=""865"">Comfortable half-sleeve shirt</li>
<li data-section-id=""1b0bjmt"" data-start=""866"" data-end=""899"">Matching relaxed-fit trousers</li>
<li data-section-id=""8kelsz"" data-start=""900"" data-end=""942"">Lightweight and skin-friendly material</li>
<li data-section-id=""gvgeo8"" data-start=""943"" data-end=""984"">Perfect for everyday wear &amp; sleepwear</li>
<li data-section-id=""11jmkh"" data-start=""985"" data-end=""1017"">Durable and easy-care fabric</li>
</ul>
<p data-start=""1019"" data-end=""1069"" data-is-last-node="""" data-is-only-node="""">Made for little kings with giant imaginations 🦖👑</p>",BBG FASHION,Apparel & Accessories > Clothing,Kids wear,Kids Full Sleeves,false,Size,1-2-years,product.metafields.shopify.size,,,,,,,'10708551,500.0,shopify,91,deny,manual,1099.00,0.00,true,false,,,,,'10708551,https://cdn.shopify.com/s/files/1/0618/2368/0740/files/WhatsAppImage2026-05-25at2.41.24PM.jpg?v=1779704075,1,"",false,,"Shop King Dino Kids Wear for fun, comfy, and stylish outfits for kids. Soft cotton co-ord sets with cool dinosaur-inspired designs perfect for playtime and bedtime.",,,,,,,,,,,,,'1,,,,,,,,,,,,,,,,,,1-2-years; 3-4-years; 6-years; 7-8-years; 9-10-years,,,,,,,,,,,kg,,,true,,,draft
king-dino-kids-wear,,,,,,,,,3-4-years,,,,,,,,'10708552,500.0,shopify,85,deny,manual,1099.00,0.00,true,false,,,,,'10708552,https://cdn.shopify.com/s/files/1/0618/2368/0740/files/WhatsAppImage2026-05-25at2.41.23PM.jpg?v=1779704075,2,"",,,,,,,,,,,,,,,,,,,,,,,,,,,,,,,,,,,,,,,,,,,,,kg,,,,,,
king-dino-kids-wear,,,,,,,,,6-years,,,,,,,,'10708553,500.0,shopify,87,deny,manual,1099.00,0.00,true,false,,,,,'10708553,https://cdn.shopify.com/s/files/1/0618/2368/0740/files/WhatsAppImage2026-05-25at2.41.24PM_1.jpg?v=1779704075,3,"",,,,,,,,,,,,,,,,,,,,,,,,,,,,,,,,,,,,,,,,,,,,,kg,,,,,,
king-dino-kids-wear,,,,,,,,,7-8-years,,,,,,,,'10708554,500.0,shopify,87,deny,manual,1099.00,0.00,true,false,,,,,'10708554,https://cdn.shopify.com/s/files/1/0618/2368/0740/files/1-14_1080x_7b62b3ae-99bc-41d0-ae29-e895624b9950.webp?v=1779704075,4,"",,,,,,,,,,,,,,,,,,,,,,,,,,,,,,,,,,,,,,,,,,,,,kg,,,,,,
king-dino-kids-wear,,,,,,,,,9-10-years,,,,,,,,'10706675,500.0,shopify,91,deny,manual,1099.00,0.00,true,false,,,,,'10706675,,,,,,,,,,,,,,,,,,,,,,,,,,,,,,,,,,,,,,,,,,,,,,,,kg,,,,,,
queen-grey-long-sleeve-women-night-suit-pj-set-3-pieces,Women 3 Pieces Night Suit - Queen | Grey,"<h4>Women 3 Pieces Night Suit - Queen | Grey</h4>
<p class=""isSelectedEnd""><span>Experience the perfect blend of comfort and style with our Women's 3 Pieces Night Suit. Crafted from premium-quality fabric, this sleepwear set is designed to keep you comfortable throughout the night while looking effortlessly elegant.</span></p>
<p class=""isSelectedEnd""><strong><span>Set Includes:</span></strong></p>
<ul data-spread=""false"">
<li>
<p class=""isSelectedEnd""><span>1 Stylish Top</span></p>
</li>
<li>
<p class=""isSelectedEnd""><span>1 Comfortable Trouser</span></p>
</li>
<li>
<p class=""isSelectedEnd""><span>1 Matching Outer Layer</span></p>
</li>
</ul>
<p class=""isSelectedEnd""><strong><span>Product Features:</span></strong><br><span>✔ Soft &amp; Breathable Fabric</span><br><span>✔ Lightweight and Skin-Friendly Material</span><br><span>✔ Relaxed Fit for Maximum Comfort</span><br><span>✔ Durable Stitching and Premium Finish</span><br><span>✔ Ideal for Sleeping, Lounging, and Home Wear</span><br><span>✔ Suitable for All Seasons</span></p>
<p class=""isSelectedEnd""><span>Whether you're relaxing after a long day or enjoying a cozy morning at home, this 3-piece night suit offers the comfort you deserve and the style you love.</span></p>
<p><strong><span>Fabric:</span></strong><span> Premium Cotton Blend</span><br><strong><span>Category:</span></strong><span> Women's Nightwear</span><br><strong><span>Fit:</span></strong><span> Regular Comfort Fit</span><br><strong><span>Care Instructions:</span></strong><span> Machine Washable</span></p>",BBG FASHION,Apparel & Accessories > Clothing > Sleepwear & Loungewear,3 Piece Jersey,3 Piece Nightwear,true,Size,Medium,,,,,,,,'10708548,500.0,shopify,99,deny,manual,2499.00,,true,false,,,,,'10708548,https://cdn.shopify.com/s/files/1/0618/2368/0740/files/15_fc41a0b3-8473-42f3-9f24-a25e722c1411.png?v=1685530995,1,Queen Grey Long Sleeve Women Night Suit Pj Set 3 Pieces - front view - women's wear Pakistan,false,,"Shop our Women 3 Pieces Night Suit made from soft, breathable cotton for ultimate comfort. Stylish, lightweight, and perfect for sleeping or lounging at home.

",,,,,,,,,,,,,'1,,,,,,,,,,,,,,,,,,,,,,,,,,,,,g,,,true,,,active
queen-grey-long-sleeve-women-night-suit-pj-set-3-pieces,,,,,,,,,Large,,,,,,,,'10708549,500.0,shopify,99,deny,manual,2499.00,,true,false,,,,,'10708549,https://cdn.shopify.com/s/files/1/0618/2368/0740/products/Sizechart_650affc5-6939-4ae0-acef-63aaafc91bbf.jpg?v=1685530995,2,Queen Grey Long Sleeve Women Night Suit Pj Set 3 Pieces size chart - measurements guide,,,,,,,,,,,,,,,,,,,,,,,,,,,,,,,,,,,,,,,,,,,,,g,,,,,,
queen-grey-long-sleeve-women-night-suit-pj-set-3-pieces,,,,,,,,,XL,,,,,,,,'10708550,500.0,shopify,99,deny,manual,2499.00,,true,false,,,,,'10708550,,,,,,,,,,,,,,,,,,,,,,,,,,,,,,,,,,,,,,,,,,,,,,,,g,,,,,,
queen-grey-long-sleeve-women-night-suit-pj-set-3-pieces,,,,,,,,,XXL,,,,,,,,'10706674,500.0,shopify,99,deny,manual,2699.00,,true,false,,,,,'10706674,,,,,,,,,,,,,,,,,,,,,,,,,,,,,,,,,,,,,,,,,,,,,,,,g,,,,,,
blue-nike-printed-kids-hoodie-set,Kids Winter Hoodie Set | Nike Printed,"<h4><strong><span data-sheets-root=""1"">Kids Winter Hoodie Set | Nike Printed<br><br></span></strong></h4>
<p data-start=""308"" data-end=""527"">Designed with a sleek athletic-inspired look, this outfit delivers comfort, style, and everyday performance.</p>
<p data-start=""529"" data-end=""822"">Made from soft, premium fleece fabric, the hoodie keeps your child warm and cozy during chilly days, while the matching jogger pants provide a relaxed and flexible fit for active movement. Whether it’s school, playtime, or outdoor fun, this set is perfect for kids who love a sporty lifestyle.</p>
<p data-start=""824"" data-end=""920"">The clean and modern sport-style design adds a trendy, active vibe that stands out effortlessly.</p>
<p data-start=""922"" data-end=""937"">✨ <strong data-start=""924"" data-end=""937"">Features:</strong></p>
<ul data-start=""938"" data-end=""1171"">
<li data-section-id=""m2jogh"" data-start=""938"" data-end=""981"">Soft fleece fabric for warmth &amp; comfort</li>
<li data-section-id=""1feq018"" data-start=""982"" data-end=""1029"">Sport-inspired stylish printed design 🏃♂️</li>
<li data-section-id=""gklsta"" data-start=""1030"" data-end=""1068"">Cozy hoodie with soft inner lining</li>
<li data-section-id=""1qd8zxj"" data-start=""1069"" data-end=""1117"">Matching jogger pants with elastic waistband</li>
<li data-section-id=""1qngs83"" data-start=""1118"" data-end=""1171"">Ideal for daily wear, school &amp; outdoor activities</li>
</ul>
<p data-start=""1173"" data-end=""1238"">Let your kids stay <strong data-start=""1192"" data-end=""1221"">warm, active, and stylish</strong> all winter long!</p>
<h4><strong><span data-sheets-root=""1""><br></span></strong></h4>",BBG FASHION,Apparel & Accessories > Clothing > Baby & Toddler Clothing,Kids Hoodie Set,Kids Winter Collection,true,Size,1 - 2 Years,,Color,red,product.metafields.shopify.color-pattern,,,,'10742977,500.0,shopify,200,continue,manual,1399.00,0.00,true,false,,,,,'10742977,https://cdn.shopify.com/s/files/1/0618/2368/0740/files/WhatsAppImage2023-01-03at8.35.44PM_9.jpg?v=1722354759,1,Blue Nike Printed Kids Hoodie Set - back view - kids wear Pakistan,false,,"Shop Kids Winter Hoodie Set Nike Style Sport Printed in soft fleece. Warm, stylish & sporty winter outfit for kids. Perfect everyday wear in Pakistan. Order now!",182,,,,,,,,,,,,'2,,,,,,,,red; pink; dark-grey; navy-1; yellow-1; silver,,,,,,,,,,,,,,,,,,,,https://cdn.shopify.com/s/files/1/0618/2368/0740/files/WhatsAppImage2023-01-03at8.35.45PM.jpg?v=1722354759,kg,,,true,,,active
blue-nike-printed-kids-hoodie-set,,,,,,,,,1 - 2 Years,,,pink,,,,,'10742978,500.0,shopify,200,continue,manual,1399.00,0.00,true,false,,,,,'10742978,https://cdn.shopify.com/s/files/1/0618/2368/0740/files/WhatsAppImage2023-01-03at8.35.45PM.jpg?v=1722354759,2,Blue Nike Printed Kids Hoodie Set - front view - kids wear Pakistan,,,,,,,,,,,,,,,,,,,,,,,,,,,,,,,,,,,,,,,,,,,,https://cdn.shopify.com/s/files/1/0618/2368/0740/files/WhatsAppImage2023-01-03at8.35.44PM_9.jpg?v=1722354759,kg,,,,,,
blue-nike-printed-kids-hoodie-set,,,,,,,,,1 - 2 Years,,,dark-grey,,,,,'10742979,500.0,shopify,200,continue,manual,1399.00,0.00,true,false,,,,,'10742979,https://cdn.shopify.com/s/files/1/0618/2368/0740/files/WhatsAppImage2023-01-03at8.35.45PM_3_1.jpg?v=1722354759,3,Blue Nike Printed Kids Hoodie Set - side view - kids wear Pakistan,,,,,,,,,,,,,,,,,,,,,,,,,,,,,,,,,,,,,,,,,,,,https://cdn.shopify.com/s/files/1/0618/2368/0740/files/WhatsAppImage2023-01-03at8.35.45PM_3_1.jpg?v=1722354759,kg,,,,,,
blue-nike-printed-kids-hoodie-set,,,,,,,,,1 - 2 Years,,,navy-1,,,,,'10742980,500.0,shopify,200,continue,manual,1399.00,0.00,true,false,,,,,'10742980,https://cdn.shopify.com/s/files/1/0618/2368/0740/files/YellowNike_1b352878-1d6d-445a-a3bf-ebf97b36633d.jpg?v=1722354759,4,Blue Nike Printed Kids Hoodie Set - detail shot - kids wear Pakistan,,,,,,,,,,,,,,,,,,,,,,,,,,,,,,,,,,,,,,,,,,,,https://cdn.shopify.com/s/files/1/0618/2368/0740/files/WhatsAppImage2023-01-03at8.35.45PM_1.jpg?v=1722354759,kg,,,,,,
blue-nike-printed-kids-hoodie-set,,,,,,,,,1 - 2 Years,,,yellow-1,,,,,'10742981,500.0,shopify,200,continue,manual,1399.00,0.00,true,false,,,,,'10742981,https://cdn.shopify.com/s/files/1/0618/2368/0740/files/WhatsAppImage2023-01-03at8.35.45PM_1.jpg?v=1722354759,5,Blue Nike Printed Kids Hoodie Set - front view - kids wear Pakistan,,,,,,,,,,,,,,,,,,,,,,,,,,,,,,,,,,,,,,,,,,,,https://cdn.shopify.com/s/files/1/0618/2368/0740/files/YellowNike_1b352878-1d6d-445a-a3bf-ebf97b36633d.jpg?v=1722354759,kg,,,,,,
blue-nike-printed-kids-hoodie-set,,,,,,,,,1 - 2 Years,,,silver,,,,,'10742982,500.0,shopify,200,continue,manual,1399.00,0.00,true,false,,,,,'10742982,https://cdn.shopify.com/s/files/1/0618/2368/0740/files/WhatsAppImage2023-01-03at8.35.44PM_8.jpg?v=1722354759,6,Blue Nike Printed Kids Hoodie Set - back view - kids wear Pakistan,,,,,,,,,,,,,,,,,,,,,,,,,,,,,,,,,,,,,,,,,,,,https://cdn.shopify.com/s/files/1/0618/2368/0740/files/WhatsAppImage2023-01-03at8.35.44PM_8.jpg?v=1722354759,kg,,,,,,
blue-nike-printed-kids-hoodie-set,,,,,,,,,3 - 4 Years,,,red,,,,,'10708489,500.0,shopify,200,continue,manual,1399.00,0.00,true,false,,,,,'10708489,https://cdn.shopify.com/s/files/1/0618/2368/0740/files/kidssizechart_1d1267a1-460a-4a92-9271-78e6912cc744.jpg?v=1722355200,7,Blue Nike Printed Kids Hoodie Set size chart - measurements guide,,,,,,,,,,,,,,,,,,,,,,,,,,,,,,,,,,,,,,,,,,,,https://cdn.shopify.com/s/files/1/0618/2368/0740/files/WhatsAppImage2023-01-03at8.35.45PM.jpg?v=1722354759,kg,,,,,,
blue-nike-printed-kids-hoodie-set,,,,,,,,,3 - 4 Years,,,pink,,,,,'10708490,500.0,shopify,200,continue,manual,1399.00,0.00,true,false,,,,,'10708490,,,,,,,,,,,,,,,,,,,,,,,,,,,,,,,,,,,,,,,,,,,,,,,https://cdn.shopify.com/s/files/1/0618/2368/0740/files/WhatsAppImage2023-01-03at8.35.44PM_9.jpg?v=1722354759,kg,,,,,,
blue-nike-printed-kids-hoodie-set,,,,,,,,,3 - 4 Years,,,dark-grey,,,,,'10708491,500.0,shopify,200,continue,manual,1399.00,0.00,true,false,,,,,'10708491,,,,,,,,,,,,,,,,,,,,,,,,,,,,,,,,,,,,,,,,,,,,,,,https://cdn.shopify.com/s/files/1/0618/2368/0740/files/WhatsAppImage2023-01-03at8.35.45PM_3_1.jpg?v=1722354759,kg,,,,,,
blue-nike-printed-kids-hoodie-set,,,,,,,,,3 - 4 Years,,,navy-1,,,,,'10708492,500.0,shopify,200,continue,manual,1399.00,0.00,true,false,,,,,'10708492,,,,,,,,,,,,,,,,,,,,,,,,,,,,,,,,,,,,,,,,,,,,,,,https://cdn.shopify.com/s/files/1/0618/2368/0740/files/WhatsAppImage2023-01-03at8.35.45PM_1.jpg?v=1722354759,kg,,,,,,
blue-nike-printed-kids-hoodie-set,,,,,,,,,3 - 4 Years,,,yellow-1,,,,,'10708493,500.0,shopify,200,continue,manual,1399.00,0.00,true,false,,,,,'10708493,,,,,,,,,,,,,,,,,,,,,,,,,,,,,,,,,,,,,,,,,,,,,,,https://cdn.shopify.com/s/files/1/0618/2368/0740/files/YellowNike_1b352878-1d6d-445a-a3bf-ebf97b36633d.jpg?v=1722354759,kg,,,,,,
blue-nike-printed-kids-hoodie-set,,,,,,,,,3 - 4 Years,,,silver,,,,,'10708494,500.0,shopify,200,continue,manual,1399.00,0.00,true,false,,,,,'10708494,,,,,,,,,,,,,,,,,,,,,,,,,,,,,,,,,,,,,,,,,,,,,,,https://cdn.shopify.com/s/files/1/0618/2368/0740/files/WhatsAppImage2023-01-03at8.35.44PM_8.jpg?v=1722354759,kg,,,,,,
blue-nike-printed-kids-hoodie-set,,,,,,,,,5 - 6 Years,,,red,,,,,'10708495,500.0,shopify,200,continue,manual,1399.00,0.00,true,false,,,,,'10708495,,,,,,,,,,,,,,,,,,,,,,,,,,,,,,,,,,,,,,,,,,,,,,,https://cdn.shopify.com/s/files/1/0618/2368/0740/files/WhatsAppImage2023-01-03at8.35.45PM.jpg?v=1722354759,kg,,,,,,
blue-nike-printed-kids-hoodie-set,,,,,,,,,5 - 6 Years,,,pink,,,,,'10708496,500.0,shopify,200,continue,manual,1399.00,0.00,true,false,,,,,'10708496,,,,,,,,,,,,,,,,,,,,,,,,,,,,,,,,,,,,,,,,,,,,,,,https://cdn.shopify.com/s/files/1/0618/2368/0740/files/WhatsAppImage2023-01-03at8.35.44PM_9.jpg?v=1722354759,kg,,,,,,
blue-nike-printed-kids-hoodie-set,,,,,,,,,5 - 6 Years,,,dark-grey,,,,,'10708497,500.0,shopify,200,continue,manual,1399.00,0.00,true,false,,,,,'10708497,,,,,,,,,,,,,,,,,,,,,,,,,,,,,,,,,,,,,,,,,,,,,,,https://cdn.shopify.com/s/files/1/0618/2368/0740/files/WhatsAppImage2023-01-03at8.35.45PM_3_1.jpg?v=1722354759,kg,,,,,,
blue-nike-printed-kids-hoodie-set,,,,,,,,,5 - 6 Years,,,navy-1,,,,,'10708498,500.0,shopify,200,continue,manual,1399.00,0.00,true,false,,,,,'10708498,,,,,,,,,,,,,,,,,,,,,,,,,,,,,,,,,,,,,,,,,,,,,,,https://cdn.shopify.com/s/files/1/0618/2368/0740/files/WhatsAppImage2023-01-03at8.35.45PM_1.jpg?v=1722354759,kg,,,,,,
blue-nike-printed-kids-hoodie-set,,,,,,,,,5 - 6 Years,,,yellow-1,,,,,'10708499,500.0,shopify,200,continue,manual,1399.00,0.00,true,false,,,,,'10708499,,,,,,,,,,,,,,,,,,,,,,,,,,,,,,,,,,,,,,,,,,,,,,,https://cdn.shopify.com/s/files/1/0618/2368/0740/files/YellowNike_1b352878-1d6d-445a-a3bf-ebf97b36633d.jpg?v=1722354759,kg,,,,,,
blue-nike-printed-kids-hoodie-set,,,,,,,,,5 - 6 Years,,,silver,,,,,'10708500,500.0,shopify,200,continue,manual,1399.00,0.00,true,false,,,,,'10708500,,,,,,,,,,,,,,,,,,,,,,,,,,,,,,,,,,,,,,,,,,,,,,,https://cdn.shopify.com/s/files/1/0618/2368/0740/files/WhatsAppImage2023-01-03at8.35.44PM_8.jpg?v=1722354759,kg,,,,,,
blue-nike-printed-kids-hoodie-set,,,,,,,,,7 - 8 Years,,,red,,,,,'10708501,500.0,shopify,200,continue,manual,1399.00,0.00,true,false,,,,,'10708501,,,,,,,,,,,,,,,,,,,,,,,,,,,,,,,,,,,,,,,,,,,,,,,https://cdn.shopify.com/s/files/1/0618/2368/0740/files/WhatsAppImage2023-01-03at8.35.45PM.jpg?v=1722354759,kg,,,,,,
blue-nike-printed-kids-hoodie-set,,,,,,,,,7 - 8 Years,,,pink,,,,,'10708502,500.0,shopify,200,continue,manual,1399.00,0.00,true,false,,,,,'10708502,,,,,,,,,,,,,,,,,,,,,,,,,,,,,,,,,,,,,,,,,,,,,,,https://cdn.shopify.com/s/files/1/0618/2368/0740/files/WhatsAppImage2023-01-03at8.35.44PM_9.jpg?v=1722354759,kg,,,,,,
blue-nike-printed-kids-hoodie-set,,,,,,,,,7 - 8 Years,,,dark-grey,,,,,'10708503,500.0,shopify,200,continue,manual,1399.00,0.00,true,false,,,,,'10708503,,,,,,,,,,,,,,,,,,,,,,,,,,,,,,,,,,,,,,,,,,,,,,,https://cdn.shopify.com/s/files/1/0618/2368/0740/files/WhatsAppImage2023-01-03at8.35.45PM_3_1.jpg?v=1722354759,kg,,,,,,
blue-nike-printed-kids-hoodie-set,,,,,,,,,7 - 8 Years,,,navy-1,,,,,'10708504,500.0,shopify,200,continue,manual,1399.00,0.00,true,false,,,,,'10708504,,,,,,,,,,,,,,,,,,,,,,,,,,,,,,,,,,,,,,,,,,,,,,,https://cdn.shopify.com/s/files/1/0618/2368/0740/files/WhatsAppImage2023-01-03at8.35.45PM_1.jpg?v=1722354759,kg,,,,,,
blue-nike-printed-kids-hoodie-set,,,,,,,,,7 - 8 Years,,,yellow-1,,,,,'10708505,500.0,shopify,200,continue,manual,1399.00,0.00,true,false,,,,,'10708505,,,,,,,,,,,,,,,,,,,,,,,,,,,,,,,,,,,,,,,,,,,,,,,https://cdn.shopify.com/s/files/1/0618/2368/0740/files/YellowNike_1b352878-1d6d-445a-a3bf-ebf97b36633d.jpg?v=1722354759,kg,,,,,,
blue-nike-printed-kids-hoodie-set,,,,,,,,,7 - 8 Years,,,silver,,,,,'10708506,500.0,shopify,200,continue,manual,1399.00,0.00,true,false,,,,,'10708506,,,,,,,,,,,,,,,,,,,,,,,,,,,,,,,,,,,,,,,,,,,,,,,https://cdn.shopify.com/s/files/1/0618/2368/0740/files/WhatsAppImage2023-01-03at8.35.44PM_8.jpg?v=1722354759,kg,,,,,,
blue-nike-printed-kids-hoodie-set,,,,,,,,,9 - 10 Years,,,red,,,,,'10708507,500.0,shopify,200,continue,manual,1399.00,0.00,true,false,,,,,'10708507,,,,,,,,,,,,,,,,,,,,,,,,,,,,,,,,,,,,,,,,,,,,,,,https://cdn.shopify.com/s/files/1/0618/2368/0740/files/WhatsAppImage2023-01-03at8.35.45PM.jpg?v=1722354759,kg,,,,,,
blue-nike-printed-kids-hoodie-set,,,,,,,,,9 - 10 Years,,,pink,,,,,'10708508,500.0,shopify,200,continue,manual,1399.00,0.00,true,false,,,,,'10708508,,,,,,,,,,,,,,,,,,,,,,,,,,,,,,,,,,,,,,,,,,,,,,,https://cdn.shopify.com/s/files/1/0618/2368/0740/files/WhatsAppImage2023-01-03at8.35.44PM_9.jpg?v=1722354759,kg,,,,,,
blue-nike-printed-kids-hoodie-set,,,,,,,,,9 - 10 Years,,,dark-grey,,,,,'10708509,500.0,shopify,200,continue,manual,1399.00,0.00,true,false,,,,,'10708509,,,,,,,,,,,,,,,,,,,,,,,,,,,,,,,,,,,,,,,,,,,,,,,https://cdn.shopify.com/s/files/1/0618/2368/0740/files/WhatsAppImage2023-01-03at8.35.45PM_3_1.jpg?v=1722354759,kg,,,,,,
blue-nike-printed-kids-hoodie-set,,,,,,,,,9 - 10 Years,,,navy-1,,,,,'10708510,500.0,shopify,200,continue,manual,1399.00,0.00,true,false,,,,,'10708510,,,,,,,,,,,,,,,,,,,,,,,,,,,,,,,,,,,,,,,,,,,,,,,https://cdn.shopify.com/s/files/1/0618/2368/0740/files/WhatsAppImage2023-01-03at8.35.45PM_1.jpg?v=1722354759,kg,,,,,,
blue-nike-printed-kids-hoodie-set,,,,,,,,,9 - 10 Years,,,yellow-1,,,,,'10708511,500.0,shopify,200,continue,manual,1399.00,0.00,true,false,,,,,'10708511,,,,,,,,,,,,,,,,,,,,,,,,,,,,,,,,,,,,,,,,,,,,,,,https://cdn.shopify.com/s/files/1/0618/2368/0740/files/YellowNike_1b352878-1d6d-445a-a3bf-ebf97b36633d.jpg?v=1722354759,kg,,,,,,
blue-nike-printed-kids-hoodie-set,,,,,,,,,9 - 10 Years,,,silver,,,,,'10708512,500.0,shopify,200,continue,manual,1399.00,0.00,true,false,,,,,'10708512,,,,,,,,,,,,,,,,,,,,,,,,,,,,,,,,,,,,,,,,,,,,,,,https://cdn.shopify.com/s/files/1/0618/2368/0740/files/WhatsAppImage2023-01-03at8.35.44PM_8.jpg?v=1722354759,kg,,,,,,
blue-nike-printed-kids-hoodie-set,,,,,,,,,11 - 12 Years,,,red,,,,,'10708513,500.0,shopify,199,continue,manual,1399.00,0.00,true,false,,,,,'10708513,,,,,,,,,,,,,,,,,,,,,,,,,,,,,,,,,,,,,,,,,,,,,,,https://cdn.shopify.com/s/files/1/0618/2368/0740/files/WhatsAppImage2023-01-03at8.35.45PM.jpg?v=1722354759,kg,,,,,,
blue-nike-printed-kids-hoodie-set,,,,,,,,,11 - 12 Years,,,pink,,,,,'10708514,500.0,shopify,200,continue,manual,1399.00,0.00,true,false,,,,,'10708514,,,,,,,,,,,,,,,,,,,,,,,,,,,,,,,,,,,,,,,,,,,,,,,https://cdn.shopify.com/s/files/1/0618/2368/0740/files/WhatsAppImage2023-01-03at8.35.44PM_9.jpg?v=1722354759,kg,,,,,,
blue-nike-printed-kids-hoodie-set,,,,,,,,,11 - 12 Years,,,dark-grey,,,,,'10708515,500.0,shopify,200,continue,manual,1399.00,0.00,true,false,,,,,'10708515,,,,,,,,,,,,,,,,,,,,,,,,,,,,,,,,,,,,,,,,,,,,,,,https://cdn.shopify.com/s/files/1/0618/2368/0740/files/WhatsAppImage2023-01-03at8.35.45PM_3_1.jpg?v=1722354759,kg,,,,,,
blue-nike-printed-kids-hoodie-set,,,,,,,,,11 - 12 Years,,,navy-1,,,,,'10708516,500.0,shopify,200,continue,manual,1399.00,0.00,true,false,,,,,'10708516,,,,,,,,,,,,,,,,,,,,,,,,,,,,,,,,,,,,,,,,,,,,,,,https://cdn.shopify.com/s/files/1/0618/2368/0740/files/WhatsAppImage2023-01-03at8.35.45PM_1.jpg?v=1722354759,kg,,,,,,
blue-nike-printed-kids-hoodie-set,,,,,,,,,11 - 12 Years,,,yellow-1,,,,,'10708517,500.0,shopify,200,continue,manual,1399.00,0.00,true,false,,,,,'10708517,,,,,,,,,,,,,,,,,,,,,,,,,,,,,,,,,,,,,,,,,,,,,,,https://cdn.shopify.com/s/files/1/0618/2368/0740/files/YellowNike_1b352878-1d6d-445a-a3bf-ebf97b36633d.jpg?v=1722354759,kg,,,,,,
blue-nike-printed-kids-hoodie-set,,,,,,,,,11 - 12 Years,,,silver,,,,,'10706668,500.0,shopify,200,continue,manual,1399.00,0.00,true,false,,,,,'10706668,,,,,,,,,,,,,,,,,,,,,,,,,,,,,,,,,,,,,,,,,,,,,,,https://cdn.shopify.com/s/files/1/0618/2368/0740/files/WhatsAppImage2023-01-03at8.35.44PM_8.jpg?v=1722354759,kg,,,,,,
blue-adidas-printed-kids-hoodie-set,Kids Winter Hoodie Set | Adidas Printed,"<h4><strong><span data-sheets-root=""1"">Kids Winter Hoodie Set | Adidas Printed<br><br></span></strong></h4>
<p data-start=""557"" data-end=""782"">Designed for kids who love an active and trendy look, this set delivers both comfort and style in one outfit.</p>
<p data-start=""784"" data-end=""1072"">Made from soft, premium fleece fabric, the hoodie keeps your child warm during cold days, while the matching jogger pants provide a flexible and relaxed fit for all-day movement. The sporty stripe-inspired design adds a modern athletic touch—perfect for everyday wear, school, or outings.</p>
<p data-start=""1074"" data-end=""1089"">✨ <strong data-start=""1076"" data-end=""1089"">Features:</strong></p>
<ul data-start=""1090"" data-end=""1302"">
<li data-section-id=""m2jogh"" data-start=""1090"" data-end=""1133"">Soft fleece fabric for warmth &amp; comfort</li>
<li data-section-id=""3fwf4c"" data-start=""1134"" data-end=""1173"">Sport-inspired printed design 🏃♂️</li>
<li data-section-id=""gklsta"" data-start=""1174"" data-end=""1212"">Cozy hoodie with soft inner lining</li>
<li data-section-id=""1qd8zxj"" data-start=""1213"" data-end=""1261"">Matching jogger pants with elastic waistband</li>
<li data-section-id=""g42147"" data-start=""1262"" data-end=""1302"">Perfect for daily wear &amp; active kids</li>
</ul>
<p data-start=""1304"" data-end=""1370"">Let your kids stay <strong data-start=""1323"" data-end=""1357"">warm, stylish, and sport-ready</strong> this winter!</p>
<h4><strong><span data-sheets-root=""1""><br></span></strong></h4>",BBG FASHION,Apparel & Accessories > Clothing > Baby & Toddler Clothing,Kids Hoodie Set,Kids Winter Collection,true,Color,navy-1,product.metafields.shopify.color-pattern,Size,1 - 2 Years,,,,,'10708438,500.0,shopify,200,continue,manual,1399.00,0.00,true,false,,,,,'10708438,https://cdn.shopify.com/s/files/1/0618/2368/0740/files/WhatsAppImage2023-01-03at8.35.44PM_3.jpg?v=1776768262,1,Blue Adidas Printed Kids Hoodie Set - back view - kids wear Pakistan,false,,"Shop Kids Winter Hoodie Set Adidas-Inspired Sport Printed in soft fleece. Warm, stylish & sporty outfit for kids. Perfect winter wear in Pakistan. Order now!",182,,,,,,,,,,,,'3,,,,,,,,navy-1; dark-grey; yellow-1; red; silver; pink,,,,,,,,,,,,,,,,,,,,https://cdn.shopify.com/s/files/1/0618/2368/0740/files/WhatsAppImage2023-01-03at8.35.44PM_5.jpg?v=1776768262,kg,,,true,,,active
blue-adidas-printed-kids-hoodie-set,,,,,,,,,navy-1,,,3 - 4 Years,,,,,'10708444,500.0,shopify,200,continue,manual,1399.00,0.00,true,false,,,,,'10708444,https://cdn.shopify.com/s/files/1/0618/2368/0740/files/WhatsAppImage2023-01-03at8.35.44PM_5.jpg?v=1776768262,2,Blue Adidas Printed Kids Hoodie Set - front view - kids wear Pakistan,,,,,,,,,,,,,,,,,,,,,,,,,,,,,,,,,,,,,,,,,,,,https://cdn.shopify.com/s/files/1/0618/2368/0740/files/WhatsAppImage2023-01-03at8.35.44PM_5.jpg?v=1776768262,kg,,,,,,
blue-adidas-printed-kids-hoodie-set,,,,,,,,,navy-1,,,5 - 6 Years,,,,,'10708450,500.0,shopify,200,continue,manual,1399.00,0.00,true,false,,,,,'10708450,https://cdn.shopify.com/s/files/1/0618/2368/0740/files/WhatsAppImage2023-01-03at8.35.44PM_4.jpg?v=1776768262,3,Blue Adidas Printed Kids Hoodie Set - back view - kids wear Pakistan,,,,,,,,,,,,,,,,,,,,,,,,,,,,,,,,,,,,,,,,,,,,https://cdn.shopify.com/s/files/1/0618/2368/0740/files/WhatsAppImage2023-01-03at8.35.44PM_5.jpg?v=1776768262,kg,,,,,,
blue-adidas-printed-kids-hoodie-set,,,,,,,,,navy-1,,,7 - 8 Years,,,,,'10708456,500.0,shopify,200,continue,manual,1399.00,0.00,true,false,,,,,'10708456,https://cdn.shopify.com/s/files/1/0618/2368/0740/files/YellowAdidas_19ac3575-46ef-4b0f-b1e9-6a1dbfa57880.jpg?v=1776768262,4,Blue Adidas Printed Kids Hoodie Set - side view - kids wear Pakistan,,,,,,,,,,,,,,,,,,,,,,,,,,,,,,,,,,,,,,,,,,,,https://cdn.shopify.com/s/files/1/0618/2368/0740/files/WhatsAppImage2023-01-03at8.35.44PM_5.jpg?v=1776768262,kg,,,,,,
blue-adidas-printed-kids-hoodie-set,,,,,,,,,navy-1,,,9 - 10 Years,,,,,'10708462,500.0,shopify,200,continue,manual,1399.00,0.00,true,false,,,,,'10708462,https://cdn.shopify.com/s/files/1/0618/2368/0740/files/WhatsAppImage2023-01-03at8.35.43PM_6.jpg?v=1776768262,5,Blue Adidas Printed Kids Hoodie Set - detail shot - kids wear Pakistan,,,,,,,,,,,,,,,,,,,,,,,,,,,,,,,,,,,,,,,,,,,,https://cdn.shopify.com/s/files/1/0618/2368/0740/files/WhatsAppImage2023-01-03at8.35.44PM_5.jpg?v=1776768262,kg,,,,,,
blue-adidas-printed-kids-hoodie-set,,,,,,,,,navy-1,,,11 - 12 Years,,,,,'10708468,500.0,shopify,199,continue,manual,1399.00,0.00,true,false,,,,,'10708468,https://cdn.shopify.com/s/files/1/0618/2368/0740/files/WhatsAppImage2023-01-03at8.35.44PM_2.jpg?v=1776768262,6,Blue Adidas Printed Kids Hoodie Set - front view - kids wear Pakistan,,,,,,,,,,,,,,,,,,,,,,,,,,,,,,,,,,,,,,,,,,,,https://cdn.shopify.com/s/files/1/0618/2368/0740/files/WhatsAppImage2023-01-03at8.35.44PM_5.jpg?v=1776768262,kg,,,,,,
blue-adidas-printed-kids-hoodie-set,,,,,,,,,dark-grey,,,1 - 2 Years,,,,,'10708439,500.0,shopify,200,continue,manual,1399.00,0.00,true,false,,,,,'10708439,https://cdn.shopify.com/s/files/1/0618/2368/0740/files/WhatsAppImage2022-06-06at1.24.37PM_1024x1024_1_f827a1bb-0cc7-4da9-a0de-f8ba34c39cec.webp?v=1756129980,7,Red Kids Hoodie Set - back view - kids wear Pakistan,,,,,,,,,,,,,,,,,,,,,,,,,,,,,,,,,,,,,,,,,,,,https://cdn.shopify.com/s/files/1/0618/2368/0740/files/WhatsAppImage2023-01-03at8.35.44PM_4.jpg?v=1776768262,kg,,,,,,
blue-adidas-printed-kids-hoodie-set,,,,,,,,,dark-grey,,,3 - 4 Years,,,,,'10708445,500.0,shopify,200,continue,manual,1399.00,0.00,true,false,,,,,'10708445,,,,,,,,,,,,,,,,,,,,,,,,,,,,,,,,,,,,,,,,,,,,,,,https://cdn.shopify.com/s/files/1/0618/2368/0740/files/WhatsAppImage2023-01-03at8.35.44PM_4.jpg?v=1776768262,kg,,,,,,
blue-adidas-printed-kids-hoodie-set,,,,,,,,,dark-grey,,,5 - 6 Years,,,,,'10708451,500.0,shopify,200,continue,manual,1399.00,0.00,true,false,,,,,'10708451,,,,,,,,,,,,,,,,,,,,,,,,,,,,,,,,,,,,,,,,,,,,,,,https://cdn.shopify.com/s/files/1/0618/2368/0740/files/WhatsAppImage2023-01-03at8.35.44PM_4.jpg?v=1776768262,kg,,,,,,
blue-adidas-printed-kids-hoodie-set,,,,,,,,,dark-grey,,,7 - 8 Years,,,,,'10708457,500.0,shopify,200,continue,manual,1399.00,0.00,true,false,,,,,'10708457,,,,,,,,,,,,,,,,,,,,,,,,,,,,,,,,,,,,,,,,,,,,,,,https://cdn.shopify.com/s/files/1/0618/2368/0740/files/WhatsAppImage2023-01-03at8.35.44PM_4.jpg?v=1776768262,kg,,,,,,
blue-adidas-printed-kids-hoodie-set,,,,,,,,,dark-grey,,,9 - 10 Years,,,,,'10708463,500.0,shopify,200,continue,manual,1399.00,0.00,true,false,,,,,'10708463,,,,,,,,,,,,,,,,,,,,,,,,,,,,,,,,,,,,,,,,,,,,,,,https://cdn.shopify.com/s/files/1/0618/2368/0740/files/WhatsAppImage2023-01-03at8.35.44PM_4.jpg?v=1776768262,kg,,,,,,
blue-adidas-printed-kids-hoodie-set,,,,,,,,,dark-grey,,,11 - 12 Years,,,,,'10708469,500.0,shopify,200,continue,manual,1399.00,0.00,true,false,,,,,'10708469,,,,,,,,,,,,,,,,,,,,,,,,,,,,,,,,,,,,,,,,,,,,,,,https://cdn.shopify.com/s/files/1/0618/2368/0740/files/WhatsAppImage2023-01-03at8.35.44PM_4.jpg?v=1776768262,kg,,,,,,
blue-adidas-printed-kids-hoodie-set,,,,,,,,,yellow-1,,,1 - 2 Years,,,,,'10708440,500.0,shopify,200,continue,manual,1399.00,0.00,true,false,,,,,'10708440,,,,,,,,,,,,,,,,,,,,,,,,,,,,,,,,,,,,,,,,,,,,,,,https://cdn.shopify.com/s/files/1/0618/2368/0740/files/YellowAdidas_19ac3575-46ef-4b0f-b1e9-6a1dbfa57880.jpg?v=1776768262,kg,,,,,,
blue-adidas-printed-kids-hoodie-set,,,,,,,,,yellow-1,,,3 - 4 Years,,,,,'10708446,500.0,shopify,200,continue,manual,1399.00,0.00,true,false,,,,,'10708446,,,,,,,,,,,,,,,,,,,,,,,,,,,,,,,,,,,,,,,,,,,,,,,https://cdn.shopify.com/s/files/1/0618/2368/0740/files/YellowAdidas_19ac3575-46ef-4b0f-b1e9-6a1dbfa57880.jpg?v=1776768262,kg,,,,,,
blue-adidas-printed-kids-hoodie-set,,,,,,,,,yellow-1,,,5 - 6 Years,,,,,'10708452,500.0,shopify,200,continue,manual,1399.00,0.00,true,false,,,,,'10708452,,,,,,,,,,,,,,,,,,,,,,,,,,,,,,,,,,,,,,,,,,,,,,,https://cdn.shopify.com/s/files/1/0618/2368/0740/files/YellowAdidas_19ac3575-46ef-4b0f-b1e9-6a1dbfa57880.jpg?v=1776768262,kg,,,,,,
blue-adidas-printed-kids-hoodie-set,,,,,,,,,yellow-1,,,7 - 8 Years,,,,,'10708458,500.0,shopify,200,continue,manual,1399.00,0.00,true,false,,,,,'10708458,,,,,,,,,,,,,,,,,,,,,,,,,,,,,,,,,,,,,,,,,,,,,,,https://cdn.shopify.com/s/files/1/0618/2368/0740/files/YellowAdidas_19ac3575-46ef-4b0f-b1e9-6a1dbfa57880.jpg?v=1776768262,kg,,,,,,
blue-adidas-printed-kids-hoodie-set,,,,,,,,,yellow-1,,,9 - 10 Years,,,,,'10708464,500.0,shopify,200,continue,manual,1399.00,0.00,true,false,,,,,'10708464,,,,,,,,,,,,,,,,,,,,,,,,,,,,,,,,,,,,,,,,,,,,,,,https://cdn.shopify.com/s/files/1/0618/2368/0740/files/YellowAdidas_19ac3575-46ef-4b0f-b1e9-6a1dbfa57880.jpg?v=1776768262,kg,,,,,,
blue-adidas-printed-kids-hoodie-set,,,,,,,,,yellow-1,,,11 - 12 Years,,,,,'10708470,500.0,shopify,200,continue,manual,1399.00,0.00,true,false,,,,,'10708470,,,,,,,,,,,,,,,,,,,,,,,,,,,,,,,,,,,,,,,,,,,,,,,https://cdn.shopify.com/s/files/1/0618/2368/0740/files/YellowAdidas_19ac3575-46ef-4b0f-b1e9-6a1dbfa57880.jpg?v=1776768262,kg,,,,,,
blue-adidas-printed-kids-hoodie-set,,,,,,,,,red,,,1 - 2 Years,,,,,'10708441,500.0,shopify,200,continue,manual,1399.00,0.00,true,false,,,,,'10708441,,,,,,,,,,,,,,,,,,,,,,,,,,,,,,,,,,,,,,,,,,,,,,,https://cdn.shopify.com/s/files/1/0618/2368/0740/files/WhatsAppImage2023-01-03at8.35.43PM_6.jpg?v=1776768262,kg,,,,,,
blue-adidas-printed-kids-hoodie-set,,,,,,,,,red,,,3 - 4 Years,,,,,'10708447,500.0,shopify,200,continue,manual,1399.00,0.00,true,false,,,,,'10708447,,,,,,,,,,,,,,,,,,,,,,,,,,,,,,,,,,,,,,,,,,,,,,,https://cdn.shopify.com/s/files/1/0618/2368/0740/files/WhatsAppImage2023-01-03at8.35.43PM_6.jpg?v=1776768262,kg,,,,,,
blue-adidas-printed-kids-hoodie-set,,,,,,,,,red,,,5 - 6 Years,,,,,'10708453,500.0,shopify,200,continue,manual,1399.00,0.00,true,false,,,,,'10708453,,,,,,,,,,,,,,,,,,,,,,,,,,,,,,,,,,,,,,,,,,,,,,,https://cdn.shopify.com/s/files/1/0618/2368/0740/files/WhatsAppImage2023-01-03at8.35.43PM_6.jpg?v=1776768262,kg,,,,,,
blue-adidas-printed-kids-hoodie-set,,,,,,,,,red,,,7 - 8 Years,,,,,'10708459,500.0,shopify,200,continue,manual,1399.00,0.00,true,false,,,,,'10708459,,,,,,,,,,,,,,,,,,,,,,,,,,,,,,,,,,,,,,,,,,,,,,,https://cdn.shopify.com/s/files/1/0618/2368/0740/files/WhatsAppImage2023-01-03at8.35.43PM_6.jpg?v=1776768262,kg,,,,,,
blue-adidas-printed-kids-hoodie-set,,,,,,,,,red,,,9 - 10 Years,,,,,'10708465,500.0,shopify,200,continue,manual,1399.00,0.00,true,false,,,,,'10708465,,,,,,,,,,,,,,,,,,,,,,,,,,,,,,,,,,,,,,,,,,,,,,,https://cdn.shopify.com/s/files/1/0618/2368/0740/files/WhatsAppImage2023-01-03at8.35.43PM_6.jpg?v=1776768262,kg,,,,,,
blue-adidas-printed-kids-hoodie-set,,,,,,,,,red,,,11 - 12 Years,,,,,'10708471,500.0,shopify,200,continue,manual,1399.00,0.00,true,false,,,,,'10708471,,,,,,,,,,,,,,,,,,,,,,,,,,,,,,,,,,,,,,,,,,,,,,,https://cdn.shopify.com/s/files/1/0618/2368/0740/files/WhatsAppImage2023-01-03at8.35.43PM_6.jpg?v=1776768262,kg,,,,,,
blue-adidas-printed-kids-hoodie-set,,,,,,,,,silver,,,1 - 2 Years,,,,,'10708442,500.0,shopify,200,continue,manual,1399.00,0.00,true,false,,,,,'10708442,,,,,,,,,,,,,,,,,,,,,,,,,,,,,,,,,,,,,,,,,,,,,,,https://cdn.shopify.com/s/files/1/0618/2368/0740/files/WhatsAppImage2023-01-03at8.35.44PM_2.jpg?v=1776768262,kg,,,,,,
blue-adidas-printed-kids-hoodie-set,,,,,,,,,silver,,,3 - 4 Years,,,,,'10708448,500.0,shopify,200,continue,manual,1399.00,0.00,true,false,,,,,'10708448,,,,,,,,,,,,,,,,,,,,,,,,,,,,,,,,,,,,,,,,,,,,,,,https://cdn.shopify.com/s/files/1/0618/2368/0740/files/WhatsAppImage2023-01-03at8.35.44PM_2.jpg?v=1776768262,kg,,,,,,
blue-adidas-printed-kids-hoodie-set,,,,,,,,,silver,,,5 - 6 Years,,,,,'10708454,500.0,shopify,200,continue,manual,1399.00,0.00,true,false,,,,,'10708454,,,,,,,,,,,,,,,,,,,,,,,,,,,,,,,,,,,,,,,,,,,,,,,https://cdn.shopify.com/s/files/1/0618/2368/0740/files/WhatsAppImage2023-01-03at8.35.44PM_2.jpg?v=1776768262,kg,,,,,,
blue-adidas-printed-kids-hoodie-set,,,,,,,,,silver,,,7 - 8 Years,,,,,'10708460,500.0,shopify,200,continue,manual,1399.00,0.00,true,false,,,,,'10708460,,,,,,,,,,,,,,,,,,,,,,,,,,,,,,,,,,,,,,,,,,,,,,,https://cdn.shopify.com/s/files/1/0618/2368/0740/files/WhatsAppImage2023-01-03at8.35.44PM_2.jpg?v=1776768262,kg,,,,,,
blue-adidas-printed-kids-hoodie-set,,,,,,,,,silver,,,9 - 10 Years,,,,,'10708466,500.0,shopify,200,continue,manual,1399.00,0.00,true,false,,,,,'10708466,,,,,,,,,,,,,,,,,,,,,,,,,,,,,,,,,,,,,,,,,,,,,,,https://cdn.shopify.com/s/files/1/0618/2368/0740/files/WhatsAppImage2023-01-03at8.35.44PM_2.jpg?v=1776768262,kg,,,,,,
blue-adidas-printed-kids-hoodie-set,,,,,,,,,silver,,,11 - 12 Years,,,,,'10708472,500.0,shopify,200,continue,manual,1399.00,0.00,true,false,,,,,'10708472,,,,,,,,,,,,,,,,,,,,,,,,,,,,,,,,,,,,,,,,,,,,,,,https://cdn.shopify.com/s/files/1/0618/2368/0740/files/WhatsAppImage2023-01-03at8.35.44PM_2.jpg?v=1776768262,kg,,,,,,
blue-adidas-printed-kids-hoodie-set,,,,,,,,,pink,,,1 - 2 Years,,,,,'10708443,500.0,shopify,200,continue,manual,1399.00,0.00,true,false,,,,,'10708443,,,,,,,,,,,,,,,,,,,,,,,,,,,,,,,,,,,,,,,,,,,,,,,https://cdn.shopify.com/s/files/1/0618/2368/0740/files/WhatsAppImage2023-01-03at8.35.44PM_3.jpg?v=1776768262,kg,,,,,,
blue-adidas-printed-kids-hoodie-set,,,,,,,,,pink,,,3 - 4 Years,,,,,'10708449,500.0,shopify,200,continue,manual,1399.00,0.00,true,false,,,,,'10708449,,,,,,,,,,,,,,,,,,,,,,,,,,,,,,,,,,,,,,,,,,,,,,,https://cdn.shopify.com/s/files/1/0618/2368/0740/files/WhatsAppImage2023-01-03at8.35.44PM_3.jpg?v=1776768262,kg,,,,,,
blue-adidas-printed-kids-hoodie-set,,,,,,,,,pink,,,5 - 6 Years,,,,,'10708455,500.0,shopify,200,continue,manual,1399.00,0.00,true,false,,,,,'10708455,,,,,,,,,,,,,,,,,,,,,,,,,,,,,,,,,,,,,,,,,,,,,,,https://cdn.shopify.com/s/files/1/0618/2368/0740/files/WhatsAppImage2023-01-03at8.35.44PM_3.jpg?v=1776768262,kg,,,,,,
blue-adidas-printed-kids-hoodie-set,,,,,,,,,pink,,,7 - 8 Years,,,,,'10708461,500.0,shopify,199,continue,manual,1399.00,0.00,true,false,,,,,'10708461,,,,,,,,,,,,,,,,,,,,,,,,,,,,,,,,,,,,,,,,,,,,,,,https://cdn.shopify.com/s/files/1/0618/2368/0740/files/WhatsAppImage2023-01-03at8.35.44PM_3.jpg?v=1776768262,kg,,,,,,
blue-adidas-printed-kids-hoodie-set,,,,,,,,,pink,,,9 - 10 Years,,,,,'10708467,500.0,shopify,200,continue,manual,1399.00,0.00,true,false,,,,,'10708467,,,,,,,,,,,,,,,,,,,,,,,,,,,,,,,,,,,,,,,,,,,,,,,https://cdn.shopify.com/s/files/1/0618/2368/0740/files/WhatsAppImage2023-01-03at8.35.44PM_3.jpg?v=1776768262,kg,,,,,,
blue-adidas-printed-kids-hoodie-set,,,,,,,,,pink,,,11 - 12 Years,,,,,'10706663,500.0,shopify,200,continue,manual,1399.00,0.00,true,false,,,,,'10706663,,,,,,,,,,,,,,,,,,,,,,,,,,,,,,,,,,,,,,,,,,,,,,,https://cdn.shopify.com/s/files/1/0618/2368/0740/files/WhatsAppImage2023-01-03at8.35.44PM_3.jpg?v=1776768262,kg,,,,,,
blue-tom-and-jerry-printed-kids-hoodie-set,Kids Winter Hoodie Set | Tom & Jerry Printed,"<h4><strong><span data-sheets-root=""1"">Kids Winter Hoodie Set | Tom &amp; Jerry Printed</span></strong></h4>
<p data-start=""226"" data-end=""480"">Inspired by the classic duo <span class=""hover:entity-accent entity-underline inline cursor-pointer align-baseline""><span class=""whitespace-normal"">Tom and Jerry</span></span>, this outfit adds a playful and cheerful touch that kids absolutely enjoy.</p>
<p data-start=""482"" data-end=""773"">Crafted from soft, premium fleece fabric, the hoodie keeps your little one warm and cozy during cold days, while the matching jogger pants offer a comfortable and flexible fit for all-day activities. Whether it’s school, playtime, or outings, this set is designed for both comfort and style.</p>
<p data-start=""775"" data-end=""860"">The lively cartoon-inspired print makes this outfit a fun favorite for everyday wear.</p>
<p data-start=""862"" data-end=""877"">✨ <strong data-start=""864"" data-end=""877"">Features:</strong></p>
<ul data-start=""878"" data-end=""1099"">
<li data-section-id=""m2jogh"" data-start=""878"" data-end=""921"">Soft fleece fabric for warmth &amp; comfort</li>
<li data-section-id=""udyq4t"" data-start=""922"" data-end=""961"">Fun Tom &amp; Jerry-inspired print 🐱🐭</li>
<li data-section-id=""gklsta"" data-start=""962"" data-end=""1000"">Cozy hoodie with soft inner lining</li>
<li data-section-id=""1qd8zxj"" data-start=""1001"" data-end=""1049"">Matching jogger pants with elastic waistband</li>
<li data-section-id=""yd59s1"" data-start=""1050"" data-end=""1099"">Perfect for school, playtime &amp; winter outings</li>
</ul>
<p data-start=""1101"" data-end=""1165"">Let your kids stay <strong data-start=""1120"" data-end=""1152"">warm, comfy, and full of fun</strong> this winter!</p>",BBG FASHION,Apparel & Accessories > Clothing > Baby & Toddler Clothing,Kids Hoodie Set,Kids Winter Collection,true,Size,1 - 2 Years,,Color,pink,product.metafields.shopify.color-pattern,,,,'10742821,500.0,shopify,200,continue,manual,1399.00,0.00,true,false,,,,,'10742821,https://cdn.shopify.com/s/files/1/0618/2368/0740/files/WhatsAppImage2023-01-03at8.35.43PM_3.jpg?v=1776777744,1,Blue Tom And Jerry Printed Kids Hoodie Set - back view - kids wear Pakistan,false,,"Shop Kids Winter Hoodie Set Tom & Jerry Printed in soft fleece. Warm, cozy & fun winter outfit for kids. Perfect everyday wear in Pakistan. Order now!",182,,,,,,,,,,,,,,,,,,,,pink; yellow-1; silver; navy-1; dark-grey; red,,,,,,,,,,,,,,,,,,,,https://cdn.shopify.com/s/files/1/0618/2368/0740/files/WhatsAppImage2023-01-03at8.35.43PM_3.jpg?v=1776777744,kg,,,true,,,active
blue-tom-and-jerry-printed-kids-hoodie-set,,,,,,,,,1 - 2 Years,,,yellow-1,,,,,'10742822,500.0,shopify,200,continue,manual,1399.00,0.00,true,false,,,,,'10742822,https://cdn.shopify.com/s/files/1/0618/2368/0740/files/20250825_1816_Stylish_Kidswear_Photoshoot_remix_01k3gnt6e5enhvrdxqjd6kmpdd.png?v=1776777744,2,Blue Tom And Jerry Printed Kids Hoodie Set - front view - kids wear Pakistan,,,,,,,,,,,,,,,,,,,,,,,,,,,,,,,,,,,,,,,,,,,,https://cdn.shopify.com/s/files/1/0618/2368/0740/files/20250825_1816_Stylish_Kidswear_Photoshoot_remix_01k3gnt6e5enhvrdxqjd6kmpdd.png?v=1776777744,kg,,,,,,
blue-tom-and-jerry-printed-kids-hoodie-set,,,,,,,,,1 - 2 Years,,,silver,,,,,'10742823,500.0,shopify,200,continue,manual,1399.00,0.00,true,false,,,,,'10742823,https://cdn.shopify.com/s/files/1/0618/2368/0740/files/WhatsAppImage2023-01-03at8.35.43PM_4.jpg?v=1776777744,3,Blue Tom And Jerry Printed Kids Hoodie Set - back view - kids wear Pakistan,,,,,,,,,,,,,,,,,,,,,,,,,,,,,,,,,,,,,,,,,,,,https://cdn.shopify.com/s/files/1/0618/2368/0740/files/WhatsAppImage2023-01-03at8.35.44PM_1.jpg?v=1776777744,kg,,,,,,
blue-tom-and-jerry-printed-kids-hoodie-set,,,,,,,,,1 - 2 Years,,,navy-1,,,,,'10742824,500.0,shopify,200,continue,manual,1399.00,0.00,true,false,,,,,'10742824,https://cdn.shopify.com/s/files/1/0618/2368/0740/files/WhatsAppImage2023-01-03at8.35.44PM_1.jpg?v=1776777744,4,Blue Tom And Jerry Printed Kids Hoodie Set - side view - kids wear Pakistan,,,,,,,,,,,,,,,,,,,,,,,,,,,,,,,,,,,,,,,,,,,,https://cdn.shopify.com/s/files/1/0618/2368/0740/files/WhatsAppImage2023-01-03at8.35.43PM_4.jpg?v=1776777744,kg,,,,,,
blue-tom-and-jerry-printed-kids-hoodie-set,,,,,,,,,1 - 2 Years,,,dark-grey,,,,,'10742825,500.0,shopify,200,continue,manual,1399.00,0.00,true,false,,,,,'10742825,https://cdn.shopify.com/s/files/1/0618/2368/0740/files/WhatsAppImage2023-01-03at8.35.42PM_2.jpg?v=1776777744,5,Blue Tom And Jerry Printed Kids Hoodie Set - detail shot - kids wear Pakistan,,,,,,,,,,,,,,,,,,,,,,,,,,,,,,,,,,,,,,,,,,,,https://cdn.shopify.com/s/files/1/0618/2368/0740/files/WhatsAppImage2023-01-03at8.35.42PM_2.jpg?v=1776777744,kg,,,,,,
blue-tom-and-jerry-printed-kids-hoodie-set,,,,,,,,,1 - 2 Years,,,red,,,,,'10742826,500.0,shopify,200,continue,manual,1399.00,0.00,true,false,,,,,'10742826,https://cdn.shopify.com/s/files/1/0618/2368/0740/files/WhatsAppImage2023-01-03at8.35.44PM.jpg?v=1776777744,6,Blue Tom And Jerry Printed Kids Hoodie Set - front view - kids wear Pakistan,,,,,,,,,,,,,,,,,,,,,,,,,,,,,,,,,,,,,,,,,,,,https://cdn.shopify.com/s/files/1/0618/2368/0740/files/WhatsAppImage2023-01-03at8.35.44PM.jpg?v=1776777744,kg,,,,,,
blue-tom-and-jerry-printed-kids-hoodie-set,,,,,,,,,3 - 4 Years,,,pink,,,,,'10708386,500.0,shopify,200,continue,manual,1399.00,0.00,true,false,,,,,'10708386,https://cdn.shopify.com/s/files/1/0618/2368/0740/files/WhatsAppImage2022-06-06at1.24.37PM_1024x1024_1_f827a1bb-0cc7-4da9-a0de-f8ba34c39cec.webp?v=1756129980,7,Red Kids Hoodie Set - back view - kids wear Pakistan,,,,,,,,,,,,,,,,,,,,,,,,,,,,,,,,,,,,,,,,,,,,https://cdn.shopify.com/s/files/1/0618/2368/0740/files/WhatsAppImage2023-01-03at8.35.43PM_3.jpg?v=1776777744,kg,,,,,,
blue-tom-and-jerry-printed-kids-hoodie-set,,,,,,,,,3 - 4 Years,,,yellow-1,,,,,'10708381,500.0,shopify,200,continue,manual,1399.00,0.00,true,false,,,,,'10708381,,,,,,,,,,,,,,,,,,,,,,,,,,,,,,,,,,,,,,,,,,,,,,,https://cdn.shopify.com/s/files/1/0618/2368/0740/files/20250825_1816_Stylish_Kidswear_Photoshoot_remix_01k3gnt6e5enhvrdxqjd6kmpdd.png?v=1776777744,kg,,,,,,
blue-tom-and-jerry-printed-kids-hoodie-set,,,,,,,,,3 - 4 Years,,,silver,,,,,'10708382,500.0,shopify,200,continue,manual,1399.00,0.00,true,false,,,,,'10708382,,,,,,,,,,,,,,,,,,,,,,,,,,,,,,,,,,,,,,,,,,,,,,,https://cdn.shopify.com/s/files/1/0618/2368/0740/files/WhatsAppImage2023-01-03at8.35.44PM_1.jpg?v=1776777744,kg,,,,,,
blue-tom-and-jerry-printed-kids-hoodie-set,,,,,,,,,3 - 4 Years,,,navy-1,,,,,'10708383,500.0,shopify,200,continue,manual,1399.00,0.00,true,false,,,,,'10708383,,,,,,,,,,,,,,,,,,,,,,,,,,,,,,,,,,,,,,,,,,,,,,,https://cdn.shopify.com/s/files/1/0618/2368/0740/files/WhatsAppImage2023-01-03at8.35.43PM_4.jpg?v=1776777744,kg,,,,,,
blue-tom-and-jerry-printed-kids-hoodie-set,,,,,,,,,3 - 4 Years,,,dark-grey,,,,,'10708384,500.0,shopify,200,continue,manual,1399.00,0.00,true,false,,,,,'10708384,,,,,,,,,,,,,,,,,,,,,,,,,,,,,,,,,,,,,,,,,,,,,,,https://cdn.shopify.com/s/files/1/0618/2368/0740/files/WhatsAppImage2023-01-03at8.35.42PM_2.jpg?v=1776777744,kg,,,,,,
blue-tom-and-jerry-printed-kids-hoodie-set,,,,,,,,,3 - 4 Years,,,red,,,,,'10708385,500.0,shopify,200,continue,manual,1399.00,0.00,true,false,,,,,'10708385,,,,,,,,,,,,,,,,,,,,,,,,,,,,,,,,,,,,,,,,,,,,,,,https://cdn.shopify.com/s/files/1/0618/2368/0740/files/WhatsAppImage2023-01-03at8.35.44PM.jpg?v=1776777744,kg,,,,,,
blue-tom-and-jerry-printed-kids-hoodie-set,,,,,,,,,5 - 6 Years,,,pink,,,,,'10708392,500.0,shopify,200,continue,manual,1399.00,0.00,true,false,,,,,'10708392,,,,,,,,,,,,,,,,,,,,,,,,,,,,,,,,,,,,,,,,,,,,,,,https://cdn.shopify.com/s/files/1/0618/2368/0740/files/WhatsAppImage2023-01-03at8.35.43PM_3.jpg?v=1776777744,kg,,,,,,
blue-tom-and-jerry-printed-kids-hoodie-set,,,,,,,,,5 - 6 Years,,,yellow-1,,,,,'10708387,500.0,shopify,200,continue,manual,1399.00,0.00,true,false,,,,,'10708387,,,,,,,,,,,,,,,,,,,,,,,,,,,,,,,,,,,,,,,,,,,,,,,https://cdn.shopify.com/s/files/1/0618/2368/0740/files/20250825_1816_Stylish_Kidswear_Photoshoot_remix_01k3gnt6e5enhvrdxqjd6kmpdd.png?v=1776777744,kg,,,,,,
blue-tom-and-jerry-printed-kids-hoodie-set,,,,,,,,,5 - 6 Years,,,silver,,,,,'10708388,500.0,shopify,200,continue,manual,1399.00,0.00,true,false,,,,,'10708388,,,,,,,,,,,,,,,,,,,,,,,,,,,,,,,,,,,,,,,,,,,,,,,https://cdn.shopify.com/s/files/1/0618/2368/0740/files/WhatsAppImage2023-01-03at8.35.44PM_1.jpg?v=1776777744,kg,,,,,,
blue-tom-and-jerry-printed-kids-hoodie-set,,,,,,,,,5 - 6 Years,,,navy-1,,,,,'10708389,500.0,shopify,200,continue,manual,1399.00,0.00,true,false,,,,,'10708389,,,,,,,,,,,,,,,,,,,,,,,,,,,,,,,,,,,,,,,,,,,,,,,https://cdn.shopify.com/s/files/1/0618/2368/0740/files/WhatsAppImage2023-01-03at8.35.43PM_4.jpg?v=1776777744,kg,,,,,,
blue-tom-and-jerry-printed-kids-hoodie-set,,,,,,,,,5 - 6 Years,,,dark-grey,,,,,'10708390,500.0,shopify,200,continue,manual,1399.00,0.00,true,false,,,,,'10708390,,,,,,,,,,,,,,,,,,,,,,,,,,,,,,,,,,,,,,,,,,,,,,,https://cdn.shopify.com/s/files/1/0618/2368/0740/files/WhatsAppImage2023-01-03at8.35.42PM_2.jpg?v=1776777744,kg,,,,,,
blue-tom-and-jerry-printed-kids-hoodie-set,,,,,,,,,5 - 6 Years,,,red,,,,,'10708391,500.0,shopify,200,continue,manual,1399.00,0.00,true,false,,,,,'10708391,,,,,,,,,,,,,,,,,,,,,,,,,,,,,,,,,,,,,,,,,,,,,,,https://cdn.shopify.com/s/files/1/0618/2368/0740/files/WhatsAppImage2023-01-03at8.35.44PM.jpg?v=1776777744,kg,,,,,,
blue-tom-and-jerry-printed-kids-hoodie-set,,,,,,,,,7 - 8 Years,,,pink,,,,,'10708398,500.0,shopify,200,continue,manual,1399.00,0.00,true,false,,,,,'10708398,,,,,,,,,,,,,,,,,,,,,,,,,,,,,,,,,,,,,,,,,,,,,,,https://cdn.shopify.com/s/files/1/0618/2368/0740/files/WhatsAppImage2023-01-03at8.35.43PM_3.jpg?v=1776777744,kg,,,,,,
blue-tom-and-jerry-printed-kids-hoodie-set,,,,,,,,,7 - 8 Years,,,yellow-1,,,,,'10708393,500.0,shopify,200,continue,manual,1399.00,0.00,true,false,,,,,'10708393,,,,,,,,,,,,,,,,,,,,,,,,,,,,,,,,,,,,,,,,,,,,,,,https://cdn.shopify.com/s/files/1/0618/2368/0740/files/20250825_1816_Stylish_Kidswear_Photoshoot_remix_01k3gnt6e5enhvrdxqjd6kmpdd.png?v=1776777744,kg,,,,,,
blue-tom-and-jerry-printed-kids-hoodie-set,,,,,,,,,7 - 8 Years,,,silver,,,,,'10708394,500.0,shopify,200,continue,manual,1399.00,0.00,true,false,,,,,'10708394,,,,,,,,,,,,,,,,,,,,,,,,,,,,,,,,,,,,,,,,,,,,,,,https://cdn.shopify.com/s/files/1/0618/2368/0740/files/WhatsAppImage2023-01-03at8.35.44PM_1.jpg?v=1776777744,kg,,,,,,
blue-tom-and-jerry-printed-kids-hoodie-set,,,,,,,,,7 - 8 Years,,,navy-1,,,,,'10708395,500.0,shopify,200,continue,manual,1399.00,0.00,true,false,,,,,'10708395,,,,,,,,,,,,,,,,,,,,,,,,,,,,,,,,,,,,,,,,,,,,,,,https://cdn.shopify.com/s/files/1/0618/2368/0740/files/WhatsAppImage2023-01-03at8.35.43PM_4.jpg?v=1776777744,kg,,,,,,
blue-tom-and-jerry-printed-kids-hoodie-set,,,,,,,,,7 - 8 Years,,,dark-grey,,,,,'10708396,500.0,shopify,200,continue,manual,1399.00,0.00,true,false,,,,,'10708396,,,,,,,,,,,,,,,,,,,,,,,,,,,,,,,,,,,,,,,,,,,,,,,https://cdn.shopify.com/s/files/1/0618/2368/0740/files/WhatsAppImage2023-01-03at8.35.42PM_2.jpg?v=1776777744,kg,,,,,,
blue-tom-and-jerry-printed-kids-hoodie-set,,,,,,,,,7 - 8 Years,,,red,,,,,'10708397,500.0,shopify,200,continue,manual,1399.00,0.00,true,false,,,,,'10708397,,,,,,,,,,,,,,,,,,,,,,,,,,,,,,,,,,,,,,,,,,,,,,,https://cdn.shopify.com/s/files/1/0618/2368/0740/files/WhatsAppImage2023-01-03at8.35.44PM.jpg?v=1776777744,kg,,,,,,
blue-tom-and-jerry-printed-kids-hoodie-set,,,,,,,,,9 - 10 Years,,,pink,,,,,'10708404,500.0,shopify,200,continue,manual,1399.00,0.00,true,false,,,,,'10708404,,,,,,,,,,,,,,,,,,,,,,,,,,,,,,,,,,,,,,,,,,,,,,,https://cdn.shopify.com/s/files/1/0618/2368/0740/files/WhatsAppImage2023-01-03at8.35.43PM_3.jpg?v=1776777744,kg,,,,,,
blue-tom-and-jerry-printed-kids-hoodie-set,,,,,,,,,9 - 10 Years,,,yellow-1,,,,,'10708399,500.0,shopify,200,continue,manual,1399.00,0.00,true,false,,,,,'10708399,,,,,,,,,,,,,,,,,,,,,,,,,,,,,,,,,,,,,,,,,,,,,,,https://cdn.shopify.com/s/files/1/0618/2368/0740/files/20250825_1816_Stylish_Kidswear_Photoshoot_remix_01k3gnt6e5enhvrdxqjd6kmpdd.png?v=1776777744,kg,,,,,,
blue-tom-and-jerry-printed-kids-hoodie-set,,,,,,,,,9 - 10 Years,,,silver,,,,,'10708400,500.0,shopify,200,continue,manual,1399.00,0.00,true,false,,,,,'10708400,,,,,,,,,,,,,,,,,,,,,,,,,,,,,,,,,,,,,,,,,,,,,,,https://cdn.shopify.com/s/files/1/0618/2368/0740/files/WhatsAppImage2023-01-03at8.35.44PM_1.jpg?v=1776777744,kg,,,,,,
blue-tom-and-jerry-printed-kids-hoodie-set,,,,,,,,,9 - 10 Years,,,navy-1,,,,,'10708401,500.0,shopify,200,continue,manual,1399.00,0.00,true,false,,,,,'10708401,,,,,,,,,,,,,,,,,,,,,,,,,,,,,,,,,,,,,,,,,,,,,,,https://cdn.shopify.com/s/files/1/0618/2368/0740/files/WhatsAppImage2023-01-03at8.35.43PM_4.jpg?v=1776777744,kg,,,,,,
blue-tom-and-jerry-printed-kids-hoodie-set,,,,,,,,,9 - 10 Years,,,dark-grey,,,,,'10708402,500.0,shopify,200,continue,manual,1399.00,0.00,true,false,,,,,'10708402,,,,,,,,,,,,,,,,,,,,,,,,,,,,,,,,,,,,,,,,,,,,,,,https://cdn.shopify.com/s/files/1/0618/2368/0740/files/WhatsAppImage2023-01-03at8.35.42PM_2.jpg?v=1776777744,kg,,,,,,
blue-tom-and-jerry-printed-kids-hoodie-set,,,,,,,,,9 - 10 Years,,,red,,,,,'10708403,500.0,shopify,200,continue,manual,1399.00,0.00,true,false,,,,,'10708403,,,,,,,,,,,,,,,,,,,,,,,,,,,,,,,,,,,,,,,,,,,,,,,https://cdn.shopify.com/s/files/1/0618/2368/0740/files/WhatsAppImage2023-01-03at8.35.44PM.jpg?v=1776777744,kg,,,,,,
blue-tom-and-jerry-printed-kids-hoodie-set,,,,,,,,,11 - 12 Years,,,pink,,,,,'10706655,500.0,shopify,200,continue,manual,1399.00,0.00,true,false,,,,,'10706655,,,,,,,,,,,,,,,,,,,,,,,,,,,,,,,,,,,,,,,,,,,,,,,https://cdn.shopify.com/s/files/1/0618/2368/0740/files/WhatsAppImage2023-01-03at8.35.43PM_3.jpg?v=1776777744,kg,,,,,,
blue-tom-and-jerry-printed-kids-hoodie-set,,,,,,,,,11 - 12 Years,,,yellow-1,,,,,'10708405,500.0,shopify,200,continue,manual,1399.00,0.00,true,false,,,,,'10708405,,,,,,,,,,,,,,,,,,,,,,,,,,,,,,,,,,,,,,,,,,,,,,,https://cdn.shopify.com/s/files/1/0618/2368/0740/files/20250825_1816_Stylish_Kidswear_Photoshoot_remix_01k3gnt6e5enhvrdxqjd6kmpdd.png?v=1776777744,kg,,,,,,
blue-tom-and-jerry-printed-kids-hoodie-set,,,,,,,,,11 - 12 Years,,,silver,,,,,'10708406,500.0,shopify,200,continue,manual,1399.00,0.00,true,false,,,,,'10708406,,,,,,,,,,,,,,,,,,,,,,,,,,,,,,,,,,,,,,,,,,,,,,,https://cdn.shopify.com/s/files/1/0618/2368/0740/files/WhatsAppImage2023-01-03at8.35.44PM_1.jpg?v=1776777744,kg,,,,,,
blue-tom-and-jerry-printed-kids-hoodie-set,,,,,,,,,11 - 12 Years,,,navy-1,,,,,'10708407,500.0,shopify,200,continue,manual,1399.00,0.00,true,false,,,,,'10708407,,,,,,,,,,,,,,,,,,,,,,,,,,,,,,,,,,,,,,,,,,,,,,,https://cdn.shopify.com/s/files/1/0618/2368/0740/files/WhatsAppImage2023-01-03at8.35.43PM_4.jpg?v=1776777744,kg,,,,,,
blue-tom-and-jerry-printed-kids-hoodie-set,,,,,,,,,11 - 12 Years,,,dark-grey,,,,,'10708408,500.0,shopify,200,continue,manual,1399.00,0.00,true,false,,,,,'10708408,,,,,,,,,,,,,,,,,,,,,,,,,,,,,,,,,,,,,,,,,,,,,,,https://cdn.shopify.com/s/files/1/0618/2368/0740/files/WhatsAppImage2023-01-03at8.35.42PM_2.jpg?v=1776777744,kg,,,,,,
blue-tom-and-jerry-printed-kids-hoodie-set,,,,,,,,,11 - 12 Years,,,red,,,,,'10708409,500.0,shopify,200,continue,manual,1399.00,0.00,true,false,,,,,'10708409,,,,,,,,,,,,,,,,,,,,,,,,,,,,,,,,,,,,,,,,,,,,,,,https://cdn.shopify.com/s/files/1/0618/2368/0740/files/WhatsAppImage2023-01-03at8.35.44PM.jpg?v=1776777744,kg,,,,,,
blue-love-butterfly-printed-kids-hoodie-set,Kids Winter Hoodie Set | Love Butterfly Printed,"<h4><span data-sheets-root=""1"">Kids Winter Hoodie Set | Love Butterfly Printed</span></h4>
<p><strong><span data-sheets-root=""1""><br></span></strong>Designed with a beautiful butterfly and love-inspired theme, this outfit brings a soft, dreamy, and charming look that kids adore.</p>
<p data-start=""465"" data-end=""736"">Crafted from premium fleece fabric, the hoodie keeps your child warm and cozy during chilly days, while the matching jogger pants offer a relaxed and comfortable fit for all-day wear. Whether it’s school, outings, or playtime, this set is made for both comfort and style.</p>
<p data-start=""738"" data-end=""854"">The elegant butterfly print adds a graceful touch, making it a perfect choice for your little one’s winter wardrobe.</p>
<p data-start=""856"" data-end=""871"">✨ <strong data-start=""858"" data-end=""871"">Features:</strong></p>
<ul data-start=""872"" data-end=""1104"">
<li data-section-id=""m2jogh"" data-start=""872"" data-end=""915"">Soft fleece fabric for warmth &amp; comfort</li>
<li data-section-id=""18myctn"" data-start=""916"" data-end=""964"">Beautiful butterfly &amp; love-themed print 🦋💖</li>
<li data-section-id=""gklsta"" data-start=""965"" data-end=""1003"">Cozy hoodie with soft inner lining</li>
<li data-section-id=""1qd8zxj"" data-start=""1004"" data-end=""1052"">Matching jogger pants with elastic waistband</li>
<li data-section-id=""1jpam1"" data-start=""1053"" data-end=""1104"">Perfect for daily wear, outings &amp; winter season</li>
</ul>
<p data-start=""1106"" data-end=""1175"">Let your child stay <strong data-start=""1126"" data-end=""1162"">warm, stylish, and full of charm</strong> this winter!</p>
<h4><strong><span data-sheets-root=""1""><br></span></strong></h4>",BBG FASHION,Apparel & Accessories > Clothing > Baby & Toddler Clothing,Kids Hoodie Set,Kids Winter Collection,true,Size,1-2-years,product.metafields.shopify.size,Color,pink,product.metafields.shopify.color-pattern,,,,'10742911,500.0,shopify,0,continue,manual,1399.00,0.00,true,false,,,,,'10742911,https://cdn.shopify.com/s/files/1/0618/2368/0740/files/WhatsAppImage2023-01-03at8.35.43PM_1.jpg?v=1722354802,1,Blue Love Butterfly Printed Kids Hoodie Set - detail shot - kids wear Pakistan,false,,"Shop Kids Winter Hoodie Set Love Butterfly Printed in soft fleece. Warm, cozy & stylish winter outfit for kids. Perfect everyday wear in Pakistan. Order now!",182,,,,,,,,,,,,,,,,,,,,pink; red; silver; yellow-1; navy-1,,,,,,,,,,1-2-years; 3-4-years; 5-6-years-1; 7-8-years; 9-10-years; 11-12-years,,,,,,,,,,https://cdn.shopify.com/s/files/1/0618/2368/0740/files/WhatsAppImage2023-01-03at8.35.43PM_1.jpg?v=1722354802,kg,,,true,,,active
blue-love-butterfly-printed-kids-hoodie-set,,,,,,,,,1-2-years,,,red,,,,,'10742912,500.0,shopify,0,continue,manual,1399.00,0.00,true,false,,,,,'10742912,https://cdn.shopify.com/s/files/1/0618/2368/0740/files/WhatsAppImage2023-01-03at8.35.42PM_1.jpg?v=1722354802,2,Blue Love Butterfly Printed Kids Hoodie Set - front view - kids wear Pakistan,,,,,,,,,,,,,,,,,,,,,,,,,,,,,,,,,,,,,,,,,,,,https://cdn.shopify.com/s/files/1/0618/2368/0740/files/WhatsAppImage2023-01-03at8.35.42PM_1.jpg?v=1722354802,kg,,,,,,
blue-love-butterfly-printed-kids-hoodie-set,,,,,,,,,1-2-years,,,silver,,,,,'10742913,500.0,shopify,0,continue,manual,1399.00,0.00,true,false,,,,,'10742913,https://cdn.shopify.com/s/files/1/0618/2368/0740/files/Yellowlovebutterfly_bebdc23c-f981-449a-9c01-e81fd666124c.jpg?v=1722354802,3,Blue Love Butterfly Printed Kids Hoodie Set - back view - kids wear Pakistan,,,,,,,,,,,,,,,,,,,,,,,,,,,,,,,,,,,,,,,,,,,,https://cdn.shopify.com/s/files/1/0618/2368/0740/files/WhatsAppImage2023-01-03at8.35.42PM.jpg?v=1722354802,kg,,,,,,
blue-love-butterfly-printed-kids-hoodie-set,,,,,,,,,1-2-years,,,yellow-1,,,,,'10742914,500.0,shopify,0,continue,manual,1399.00,0.00,true,false,,,,,'10742914,https://cdn.shopify.com/s/files/1/0618/2368/0740/files/WhatsAppImage2023-01-03at8.35.42PM.jpg?v=1722354802,4,Blue Love Butterfly Printed Kids Hoodie Set - side view - kids wear Pakistan,,,,,,,,,,,,,,,,,,,,,,,,,,,,,,,,,,,,,,,,,,,,https://cdn.shopify.com/s/files/1/0618/2368/0740/files/Yellowlovebutterfly_bebdc23c-f981-449a-9c01-e81fd666124c.jpg?v=1722354802,kg,,,,,,
blue-love-butterfly-printed-kids-hoodie-set,,,,,,,,,1-2-years,,,navy-1,,,,,'10742915,500.0,shopify,0,continue,manual,1399.00,0.00,true,false,,,,,'10742915,https://cdn.shopify.com/s/files/1/0618/2368/0740/files/WhatsAppImage2023-01-03at8.35.43PM.jpg?v=1722354802,5,Blue Love Butterfly Printed Kids Hoodie Set - front view - kids wear Pakistan,,,,,,,,,,,,,,,,,,,,,,,,,,,,,,,,,,,,,,,,,,,,https://cdn.shopify.com/s/files/1/0618/2368/0740/files/WhatsAppImage2023-01-03at8.35.43PM.jpg?v=1722354802,kg,,,,,,
blue-love-butterfly-printed-kids-hoodie-set,,,,,,,,,3-4-years,,,pink,,,,,'10708343,500.0,shopify,100,continue,manual,1399.00,0.00,true,false,,,,,'10708343,https://cdn.shopify.com/s/files/1/0618/2368/0740/files/WhatsAppImage2022-06-06at1.24.37PM_1024x1024_1_f827a1bb-0cc7-4da9-a0de-f8ba34c39cec.webp?v=1756129980,6,Red Kids Hoodie Set - back view - kids wear Pakistan,,,,,,,,,,,,,,,,,,,,,,,,,,,,,,,,,,,,,,,,,,,,https://cdn.shopify.com/s/files/1/0618/2368/0740/files/WhatsAppImage2023-01-03at8.35.43PM_1.jpg?v=1722354802,kg,,,,,,
blue-love-butterfly-printed-kids-hoodie-set,,,,,,,,,3-4-years,,,red,,,,,'10708341,500.0,shopify,92,continue,manual,1399.00,0.00,true,false,,,,,'10708341,,,,,,,,,,,,,,,,,,,,,,,,,,,,,,,,,,,,,,,,,,,,,,,https://cdn.shopify.com/s/files/1/0618/2368/0740/files/WhatsAppImage2023-01-03at8.35.42PM_1.jpg?v=1722354802,kg,,,,,,
blue-love-butterfly-printed-kids-hoodie-set,,,,,,,,,3-4-years,,,silver,,,,,'10708342,500.0,shopify,96,continue,manual,1399.00,0.00,true,false,,,,,'10708342,,,,,,,,,,,,,,,,,,,,,,,,,,,,,,,,,,,,,,,,,,,,,,,https://cdn.shopify.com/s/files/1/0618/2368/0740/files/WhatsAppImage2023-01-03at8.35.42PM.jpg?v=1722354802,kg,,,,,,
blue-love-butterfly-printed-kids-hoodie-set,,,,,,,,,3-4-years,,,yellow-1,,,,,'10708344,500.0,shopify,98,continue,manual,1399.00,0.00,true,false,,,,,'10708344,,,,,,,,,,,,,,,,,,,,,,,,,,,,,,,,,,,,,,,,,,,,,,,https://cdn.shopify.com/s/files/1/0618/2368/0740/files/Yellowlovebutterfly_bebdc23c-f981-449a-9c01-e81fd666124c.jpg?v=1722354802,kg,,,,,,
blue-love-butterfly-printed-kids-hoodie-set,,,,,,,,,3-4-years,,,navy-1,,,,,'10708345,500.0,shopify,100,continue,manual,1399.00,0.00,true,false,,,,,'10708345,,,,,,,,,,,,,,,,,,,,,,,,,,,,,,,,,,,,,,,,,,,,,,,https://cdn.shopify.com/s/files/1/0618/2368/0740/files/WhatsAppImage2023-01-03at8.35.43PM.jpg?v=1722354802,kg,,,,,,
blue-love-butterfly-printed-kids-hoodie-set,,,,,,,,,5-6-years-1,,,pink,,,,,'10708348,500.0,shopify,100,continue,manual,1399.00,0.00,true,false,,,,,'10708348,,,,,,,,,,,,,,,,,,,,,,,,,,,,,,,,,,,,,,,,,,,,,,,https://cdn.shopify.com/s/files/1/0618/2368/0740/files/WhatsAppImage2023-01-03at8.35.43PM_1.jpg?v=1722354802,kg,,,,,,
blue-love-butterfly-printed-kids-hoodie-set,,,,,,,,,5-6-years-1,,,red,,,,,'10708346,500.0,shopify,96,continue,manual,1399.00,0.00,true,false,,,,,'10708346,,,,,,,,,,,,,,,,,,,,,,,,,,,,,,,,,,,,,,,,,,,,,,,https://cdn.shopify.com/s/files/1/0618/2368/0740/files/WhatsAppImage2023-01-03at8.35.42PM_1.jpg?v=1722354802,kg,,,,,,
blue-love-butterfly-printed-kids-hoodie-set,,,,,,,,,5-6-years-1,,,silver,,,,,'10708347,500.0,shopify,97,continue,manual,1399.00,0.00,true,false,,,,,'10708347,,,,,,,,,,,,,,,,,,,,,,,,,,,,,,,,,,,,,,,,,,,,,,,https://cdn.shopify.com/s/files/1/0618/2368/0740/files/WhatsAppImage2023-01-03at8.35.42PM.jpg?v=1722354802,kg,,,,,,
blue-love-butterfly-printed-kids-hoodie-set,,,,,,,,,5-6-years-1,,,yellow-1,,,,,'10708349,500.0,shopify,97,continue,manual,1399.00,0.00,true,false,,,,,'10708349,,,,,,,,,,,,,,,,,,,,,,,,,,,,,,,,,,,,,,,,,,,,,,,https://cdn.shopify.com/s/files/1/0618/2368/0740/files/Yellowlovebutterfly_bebdc23c-f981-449a-9c01-e81fd666124c.jpg?v=1722354802,kg,,,,,,
blue-love-butterfly-printed-kids-hoodie-set,,,,,,,,,5-6-years-1,,,navy-1,,,,,'10708350,500.0,shopify,98,continue,manual,1399.00,0.00,true,false,,,,,'10708350,,,,,,,,,,,,,,,,,,,,,,,,,,,,,,,,,,,,,,,,,,,,,,,https://cdn.shopify.com/s/files/1/0618/2368/0740/files/WhatsAppImage2023-01-03at8.35.43PM.jpg?v=1722354802,kg,,,,,,
blue-love-butterfly-printed-kids-hoodie-set,,,,,,,,,7-8-years,,,pink,,,,,'10708353,500.0,shopify,99,continue,manual,1399.00,0.00,true,false,,,,,'10708353,,,,,,,,,,,,,,,,,,,,,,,,,,,,,,,,,,,,,,,,,,,,,,,https://cdn.shopify.com/s/files/1/0618/2368/0740/files/WhatsAppImage2023-01-03at8.35.43PM_1.jpg?v=1722354802,kg,,,,,,
blue-love-butterfly-printed-kids-hoodie-set,,,,,,,,,7-8-years,,,red,,,,,'10708351,500.0,shopify,92,continue,manual,1399.00,0.00,true,false,,,,,'10708351,,,,,,,,,,,,,,,,,,,,,,,,,,,,,,,,,,,,,,,,,,,,,,,https://cdn.shopify.com/s/files/1/0618/2368/0740/files/WhatsAppImage2023-01-03at8.35.42PM_1.jpg?v=1722354802,kg,,,,,,
blue-love-butterfly-printed-kids-hoodie-set,,,,,,,,,7-8-years,,,silver,,,,,'10708352,500.0,shopify,98,continue,manual,1399.00,0.00,true,false,,,,,'10708352,,,,,,,,,,,,,,,,,,,,,,,,,,,,,,,,,,,,,,,,,,,,,,,https://cdn.shopify.com/s/files/1/0618/2368/0740/files/WhatsAppImage2023-01-03at8.35.42PM.jpg?v=1722354802,kg,,,,,,
blue-love-butterfly-printed-kids-hoodie-set,,,,,,,,,7-8-years,,,yellow-1,,,,,'10708354,500.0,shopify,100,continue,manual,1399.00,0.00,true,false,,,,,'10708354,,,,,,,,,,,,,,,,,,,,,,,,,,,,,,,,,,,,,,,,,,,,,,,https://cdn.shopify.com/s/files/1/0618/2368/0740/files/Yellowlovebutterfly_bebdc23c-f981-449a-9c01-e81fd666124c.jpg?v=1722354802,kg,,,,,,
blue-love-butterfly-printed-kids-hoodie-set,,,,,,,,,7-8-years,,,navy-1,,,,,'10708355,500.0,shopify,100,continue,manual,1399.00,0.00,true,false,,,,,'10708355,,,,,,,,,,,,,,,,,,,,,,,,,,,,,,,,,,,,,,,,,,,,,,,https://cdn.shopify.com/s/files/1/0618/2368/0740/files/WhatsAppImage2023-01-03at8.35.43PM.jpg?v=1722354802,kg,,,,,,
blue-love-butterfly-printed-kids-hoodie-set,,,,,,,,,9-10-years,,,pink,,,,,'10708358,500.0,shopify,100,continue,manual,1399.00,0.00,true,false,,,,,'10708358,,,,,,,,,,,,,,,,,,,,,,,,,,,,,,,,,,,,,,,,,,,,,,,https://cdn.shopify.com/s/files/1/0618/2368/0740/files/WhatsAppImage2023-01-03at8.35.43PM_1.jpg?v=1722354802,kg,,,,,,
blue-love-butterfly-printed-kids-hoodie-set,,,,,,,,,9-10-years,,,red,,,,,'10708356,500.0,shopify,99,continue,manual,1399.00,0.00,true,false,,,,,'10708356,,,,,,,,,,,,,,,,,,,,,,,,,,,,,,,,,,,,,,,,,,,,,,,https://cdn.shopify.com/s/files/1/0618/2368/0740/files/WhatsAppImage2023-01-03at8.35.42PM_1.jpg?v=1722354802,kg,,,,,,
blue-love-butterfly-printed-kids-hoodie-set,,,,,,,,,9-10-years,,,silver,,,,,'10708357,500.0,shopify,100,continue,manual,1399.00,0.00,true,false,,,,,'10708357,,,,,,,,,,,,,,,,,,,,,,,,,,,,,,,,,,,,,,,,,,,,,,,https://cdn.shopify.com/s/files/1/0618/2368/0740/files/WhatsAppImage2023-01-03at8.35.42PM.jpg?v=1722354802,kg,,,,,,
blue-love-butterfly-printed-kids-hoodie-set,,,,,,,,,9-10-years,,,yellow-1,,,,,'10708359,500.0,shopify,100,continue,manual,1399.00,0.00,true,false,,,,,'10708359,,,,,,,,,,,,,,,,,,,,,,,,,,,,,,,,,,,,,,,,,,,,,,,https://cdn.shopify.com/s/files/1/0618/2368/0740/files/Yellowlovebutterfly_bebdc23c-f981-449a-9c01-e81fd666124c.jpg?v=1722354802,kg,,,,,,
blue-love-butterfly-printed-kids-hoodie-set,,,,,,,,,9-10-years,,,navy-1,,,,,'10708360,500.0,shopify,100,continue,manual,1399.00,0.00,true,false,,,,,'10708360,,,,,,,,,,,,,,,,,,,,,,,,,,,,,,,,,,,,,,,,,,,,,,,https://cdn.shopify.com/s/files/1/0618/2368/0740/files/WhatsAppImage2023-01-03at8.35.43PM.jpg?v=1722354802,kg,,,,,,
blue-love-butterfly-printed-kids-hoodie-set,,,,,,,,,11-12-years,,,pink,,,,,'10708363,500.0,shopify,98,continue,manual,1399.00,0.00,true,false,,,,,'10708363,,,,,,,,,,,,,,,,,,,,,,,,,,,,,,,,,,,,,,,,,,,,,,,https://cdn.shopify.com/s/files/1/0618/2368/0740/files/WhatsAppImage2023-01-03at8.35.43PM_1.jpg?v=1722354802,kg,,,,,,
blue-love-butterfly-printed-kids-hoodie-set,,,,,,,,,11-12-years,,,red,,,,,'10708361,500.0,shopify,100,continue,manual,1399.00,0.00,true,false,,,,,'10708361,,,,,,,,,,,,,,,,,,,,,,,,,,,,,,,,,,,,,,,,,,,,,,,https://cdn.shopify.com/s/files/1/0618/2368/0740/files/WhatsAppImage2023-01-03at8.35.42PM_1.jpg?v=1722354802,kg,,,,,,
blue-love-butterfly-printed-kids-hoodie-set,,,,,,,,,11-12-years,,,silver,,,,,'10708362,500.0,shopify,100,continue,manual,1399.00,0.00,true,false,,,,,'10708362,,,,,,,,,,,,,,,,,,,,,,,,,,,,,,,,,,,,,,,,,,,,,,,https://cdn.shopify.com/s/files/1/0618/2368/0740/files/WhatsAppImage2023-01-03at8.35.42PM.jpg?v=1722354802,kg,,,,,,
blue-love-butterfly-printed-kids-hoodie-set,,,,,,,,,11-12-years,,,yellow-1,,,,,'10708364,500.0,shopify,100,continue,manual,1399.00,0.00,true,false,,,,,'10708364,,,,,,,,,,,,,,,,,,,,,,,,,,,,,,,,,,,,,,,,,,,,,,,https://cdn.shopify.com/s/files/1/0618/2368/0740/files/Yellowlovebutterfly_bebdc23c-f981-449a-9c01-e81fd666124c.jpg?v=1722354802,kg,,,,,,
blue-love-butterfly-printed-kids-hoodie-set,,,,,,,,,11-12-years,,,navy-1,,,,,'10706650,500.0,shopify,100,continue,manual,1399.00,0.00,true,false,,,,,'10706650,,,,,,,,,,,,,,,,,,,,,,,,,,,,,,,,,,,,,,,,,,,,,,,https://cdn.shopify.com/s/files/1/0618/2368/0740/files/WhatsAppImage2023-01-03at8.35.43PM.jpg?v=1722354802,kg,,,,,,
yellow-kids-hoodie-set,Kids Winter Hoodie Set,"<h4><strong><span data-sheets-root=""1"">Kids Winter Hoodie Set<br><br></span></strong></h4>
<p data-start=""168"" data-end=""379"">Designed for everyday wear and outdoor fun, this set combines soft fleece fabric with a trendy look that kids love.</p>
<p data-start=""381"" data-end=""674"">The hoodie features a snug fit with a cozy inner lining to keep your child warm during chilly days, while the matching jogger pants ensure maximum comfort and flexibility for all-day play. Whether it’s a casual outing, school day, or lounging at home, this set is the perfect winter essential.</p>
<p data-start=""676"" data-end=""691"">✨ <strong data-start=""678"" data-end=""691"">Features:</strong></p>
<ul data-start=""692"" data-end=""928"">
<li data-section-id=""1jkbfi0"" data-start=""692"" data-end=""739"">Premium soft fleece fabric for extra warmth</li>
<li data-section-id=""192485z"" data-start=""740"" data-end=""781"">Comfortable hoodie with a relaxed fit</li>
<li data-section-id=""1qd8zxj"" data-start=""782"" data-end=""830"">Matching jogger pants with elastic waistband</li>
<li data-section-id=""9pkecn"" data-start=""831"" data-end=""874"">Durable stitching for long-lasting wear</li>
<li data-section-id=""1had99r"" data-start=""875"" data-end=""928"">Ideal for casual wear, school, and winter outings</li>
</ul>
<p data-start=""930"" data-end=""1007"">Give your kids the perfect blend of <strong data-start=""966"" data-end=""994"">style + comfort + warmth</strong> this season.</p>
<h4><strong><span data-sheets-root=""1""><br></span></strong></h4>",BBG FASHION,Apparel & Accessories > Clothing,Kids Hoodie Set,Kids Winter Collection,true,Color,pink,product.metafields.shopify.color-pattern,Size,1 - 2 Years,,,,,'10742741,500.0,shopify,200,deny,manual,1399.00,0.00,true,false,,,,,'10742741,https://cdn.shopify.com/s/files/1/0618/2368/0740/files/WhatsAppImage2023-01-03at11.40.36AM_360x_89d849a6-c2b6-4550-9d13-64ec863586bb.webp?v=1776750921,1,"",false,,"Shop Kids Winter Hoodie Set in soft fleece fabric. Warm, stylish & comfortable outfit for boys & girls. Perfect for winter wear. Order now in Pakistan!",,,,,,,,,,,,,,,,,,,,,pink; yellow-1; dark-grey; red; silver; navy-1,,,,,,,,,,,,,,,,,,,,https://cdn.shopify.com/s/files/1/0618/2368/0740/files/WhatsAppImage2023-01-03at11.40.36AM_360x_89d849a6-c2b6-4550-9d13-64ec863586bb.webp?v=1776750921,kg,,,true,,,active
yellow-kids-hoodie-set,,,,,,,,,pink,,,3 - 4 Years,,,,,'10708327,500.0,shopify,200,deny,manual,1399.00,0.00,true,false,,,,,'10708327,https://cdn.shopify.com/s/files/1/0618/2368/0740/files/WhatsAppImage2023-01-03at11.40.38AM.jpg?v=1776750921,2,Yellow Kids Hoodie Set - front view - kids wear Pakistan,,,,,,,,,,,,,,,,,,,,,,,,,,,,,,,,,,,,,,,,,,,,https://cdn.shopify.com/s/files/1/0618/2368/0740/files/WhatsAppImage2023-01-03at11.40.36AM_360x_89d849a6-c2b6-4550-9d13-64ec863586bb.webp?v=1776750921,kg,,,,,,
yellow-kids-hoodie-set,,,,,,,,,pink,,,5 - 6 Years,,,,,'10708328,500.0,shopify,200,deny,manual,1399.00,0.00,true,false,,,,,'10708328,https://cdn.shopify.com/s/files/1/0618/2368/0740/files/WhatsAppImage2023-01-03at11.40.37AM_1_360x_bd3b4db8-48d8-4679-a919-902aa37d1974.webp?v=1776750921,3,"",,,,,,,,,,,,,,,,,,,,,,,,,,,,,,,,,,,,,,,,,,,,https://cdn.shopify.com/s/files/1/0618/2368/0740/files/WhatsAppImage2023-01-03at11.40.36AM_360x_89d849a6-c2b6-4550-9d13-64ec863586bb.webp?v=1776750921,kg,,,,,,
yellow-kids-hoodie-set,,,,,,,,,pink,,,7 - 8 Years,,,,,'10708329,500.0,shopify,200,deny,manual,1399.00,0.00,true,false,,,,,'10708329,https://cdn.shopify.com/s/files/1/0618/2368/0740/files/WhatsAppImage2023-01-03at11.40.35AM_360x_9330be87-06d8-4cfa-a771-a96d88d5ffde.webp?v=1776750921,4,"",,,,,,,,,,,,,,,,,,,,,,,,,,,,,,,,,,,,,,,,,,,,https://cdn.shopify.com/s/files/1/0618/2368/0740/files/WhatsAppImage2023-01-03at11.40.36AM_360x_89d849a6-c2b6-4550-9d13-64ec863586bb.webp?v=1776750921,kg,,,,,,
yellow-kids-hoodie-set,,,,,,,,,pink,,,9 - 10 Years,,,,,'10706646,500.0,shopify,200,deny,manual,1399.00,0.00,true,false,,,,,'10706646,https://cdn.shopify.com/s/files/1/0618/2368/0740/files/WhatsAppImage2023-01-03at11.40.36AM_1_360x_f35e303f-f354-42ab-bcc6-402e2ae58334.webp?v=1776750921,5,"",,,,,,,,,,,,,,,,,,,,,,,,,,,,,,,,,,,,,,,,,,,,https://cdn.shopify.com/s/files/1/0618/2368/0740/files/WhatsAppImage2023-01-03at11.40.36AM_360x_89d849a6-c2b6-4550-9d13-64ec863586bb.webp?v=1776750921,kg,,,,,,
yellow-kids-hoodie-set,,,,,,,,,pink,,,11 - 12 Years,,,,,'10742767,500.0,shopify,200,deny,manual,1399.00,0.00,true,false,,,,,'10742767,https://cdn.shopify.com/s/files/1/0618/2368/0740/files/WhatsAppImage2023-01-03at11.40.37AM_360x_7e0d2217-b3c3-4685-8c4a-ecbe30eb1c35.webp?v=1776750921,6,"",,,,,,,,,,,,,,,,,,,,,,,,,,,,,,,,,,,,,,,,,,,,https://cdn.shopify.com/s/files/1/0618/2368/0740/files/WhatsAppImage2023-01-03at11.40.36AM_360x_89d849a6-c2b6-4550-9d13-64ec863586bb.webp?v=1776750921,kg,,,,,,
yellow-kids-hoodie-set,,,,,,,,,yellow-1,,,1 - 2 Years,,,,,'10742742,500.0,shopify,200,deny,manual,1399.00,0.00,true,false,,,,,'10742742,https://cdn.shopify.com/s/files/1/0618/2368/0740/files/WhatsAppImage2022-06-06at1.24.37PM_1024x1024_1_9e7f8067-0462-42ae-95a4-9fad4860a46d.webp?v=1776750921,7,Yellow Kids Hoodie Set - back view - kids wear Pakistan,,,,,,,,,,,,,,,,,,,,,,,,,,,,,,,,,,,,,,,,,,,,https://cdn.shopify.com/s/files/1/0618/2368/0740/files/WhatsAppImage2023-01-03at11.40.38AM.jpg?v=1776750921,kg,,,,,,
yellow-kids-hoodie-set,,,,,,,,,yellow-1,,,3 - 4 Years,,,,,'10742747,500.0,shopify,200,deny,manual,1399.00,0.00,true,false,,,,,'10742747,,,,,,,,,,,,,,,,,,,,,,,,,,,,,,,,,,,,,,,,,,,,,,,https://cdn.shopify.com/s/files/1/0618/2368/0740/files/WhatsAppImage2023-01-03at11.40.38AM.jpg?v=1776750921,kg,,,,,,
yellow-kids-hoodie-set,,,,,,,,,yellow-1,,,5 - 6 Years,,,,,'10742752,500.0,shopify,200,deny,manual,1399.00,0.00,true,false,,,,,'10742752,,,,,,,,,,,,,,,,,,,,,,,,,,,,,,,,,,,,,,,,,,,,,,,https://cdn.shopify.com/s/files/1/0618/2368/0740/files/WhatsAppImage2023-01-03at11.40.38AM.jpg?v=1776750921,kg,,,,,,
yellow-kids-hoodie-set,,,,,,,,,yellow-1,,,7 - 8 Years,,,,,'10742757,500.0,shopify,200,deny,manual,1399.00,0.00,true,false,,,,,'10742757,,,,,,,,,,,,,,,,,,,,,,,,,,,,,,,,,,,,,,,,,,,,,,,https://cdn.shopify.com/s/files/1/0618/2368/0740/files/WhatsAppImage2023-01-03at11.40.38AM.jpg?v=1776750921,kg,,,,,,
yellow-kids-hoodie-set,,,,,,,,,yellow-1,,,9 - 10 Years,,,,,'10742762,500.0,shopify,200,deny,manual,1399.00,0.00,true,false,,,,,'10742762,,,,,,,,,,,,,,,,,,,,,,,,,,,,,,,,,,,,,,,,,,,,,,,https://cdn.shopify.com/s/files/1/0618/2368/0740/files/WhatsAppImage2023-01-03at11.40.38AM.jpg?v=1776750921,kg,,,,,,
yellow-kids-hoodie-set,,,,,,,,,yellow-1,,,11 - 12 Years,,,,,'10742768,500.0,shopify,200,deny,manual,1399.00,0.00,true,false,,,,,'10742768,,,,,,,,,,,,,,,,,,,,,,,,,,,,,,,,,,,,,,,,,,,,,,,https://cdn.shopify.com/s/files/1/0618/2368/0740/files/WhatsAppImage2023-01-03at11.40.38AM.jpg?v=1776750921,kg,,,,,,
yellow-kids-hoodie-set,,,,,,,,,dark-grey,,,1 - 2 Years,,,,,'10742743,500.0,shopify,200,deny,manual,1399.00,0.00,true,false,,,,,'10742743,,,,,,,,,,,,,,,,,,,,,,,,,,,,,,,,,,,,,,,,,,,,,,,https://cdn.shopify.com/s/files/1/0618/2368/0740/files/WhatsAppImage2023-01-03at11.40.37AM_360x_7e0d2217-b3c3-4685-8c4a-ecbe30eb1c35.webp?v=1776750921,kg,,,,,,
yellow-kids-hoodie-set,,,,,,,,,dark-grey,,,3 - 4 Years,,,,,'10742748,500.0,shopify,200,deny,manual,1399.00,0.00,true,false,,,,,'10742748,,,,,,,,,,,,,,,,,,,,,,,,,,,,,,,,,,,,,,,,,,,,,,,https://cdn.shopify.com/s/files/1/0618/2368/0740/files/WhatsAppImage2023-01-03at11.40.37AM_360x_7e0d2217-b3c3-4685-8c4a-ecbe30eb1c35.webp?v=1776750921,kg,,,,,,
yellow-kids-hoodie-set,,,,,,,,,dark-grey,,,5 - 6 Years,,,,,'10742753,500.0,shopify,200,deny,manual,1399.00,0.00,true,false,,,,,'10742753,,,,,,,,,,,,,,,,,,,,,,,,,,,,,,,,,,,,,,,,,,,,,,,https://cdn.shopify.com/s/files/1/0618/2368/0740/files/WhatsAppImage2023-01-03at11.40.37AM_360x_7e0d2217-b3c3-4685-8c4a-ecbe30eb1c35.webp?v=1776750921,kg,,,,,,
yellow-kids-hoodie-set,,,,,,,,,dark-grey,,,7 - 8 Years,,,,,'10742758,500.0,shopify,200,deny,manual,1399.00,0.00,true,false,,,,,'10742758,,,,,,,,,,,,,,,,,,,,,,,,,,,,,,,,,,,,,,,,,,,,,,,https://cdn.shopify.com/s/files/1/0618/2368/0740/files/WhatsAppImage2023-01-03at11.40.37AM_360x_7e0d2217-b3c3-4685-8c4a-ecbe30eb1c35.webp?v=1776750921,kg,,,,,,
yellow-kids-hoodie-set,,,,,,,,,dark-grey,,,9 - 10 Years,,,,,'10742763,500.0,shopify,200,deny,manual,1399.00,0.00,true,false,,,,,'10742763,,,,,,,,,,,,,,,,,,,,,,,,,,,,,,,,,,,,,,,,,,,,,,,https://cdn.shopify.com/s/files/1/0618/2368/0740/files/WhatsAppImage2023-01-03at11.40.37AM_360x_7e0d2217-b3c3-4685-8c4a-ecbe30eb1c35.webp?v=1776750921,kg,,,,,,
yellow-kids-hoodie-set,,,,,,,,,dark-grey,,,11 - 12 Years,,,,,'10742769,500.0,shopify,200,deny,manual,1399.00,0.00,true,false,,,,,'10742769,,,,,,,,,,,,,,,,,,,,,,,,,,,,,,,,,,,,,,,,,,,,,,,https://cdn.shopify.com/s/files/1/0618/2368/0740/files/WhatsAppImage2023-01-03at11.40.37AM_360x_7e0d2217-b3c3-4685-8c4a-ecbe30eb1c35.webp?v=1776750921,kg,,,,,,
yellow-kids-hoodie-set,,,,,,,,,red,,,1 - 2 Years,,,,,'10742744,500.0,shopify,200,deny,manual,1399.00,0.00,true,false,,,,,'10742744,,,,,,,,,,,,,,,,,,,,,,,,,,,,,,,,,,,,,,,,,,,,,,,https://cdn.shopify.com/s/files/1/0618/2368/0740/files/WhatsAppImage2023-01-03at11.40.35AM_360x_9330be87-06d8-4cfa-a771-a96d88d5ffde.webp?v=1776750921,kg,,,,,,
yellow-kids-hoodie-set,,,,,,,,,red,,,3 - 4 Years,,,,,'10742749,500.0,shopify,200,deny,manual,1399.00,0.00,true,false,,,,,'10742749,,,,,,,,,,,,,,,,,,,,,,,,,,,,,,,,,,,,,,,,,,,,,,,https://cdn.shopify.com/s/files/1/0618/2368/0740/files/WhatsAppImage2023-01-03at11.40.35AM_360x_9330be87-06d8-4cfa-a771-a96d88d5ffde.webp?v=1776750921,kg,,,,,,
yellow-kids-hoodie-set,,,,,,,,,red,,,5 - 6 Years,,,,,'10742754,500.0,shopify,200,deny,manual,1399.00,0.00,true,false,,,,,'10742754,,,,,,,,,,,,,,,,,,,,,,,,,,,,,,,,,,,,,,,,,,,,,,,https://cdn.shopify.com/s/files/1/0618/2368/0740/files/WhatsAppImage2023-01-03at11.40.35AM_360x_9330be87-06d8-4cfa-a771-a96d88d5ffde.webp?v=1776750921,kg,,,,,,
yellow-kids-hoodie-set,,,,,,,,,red,,,7 - 8 Years,,,,,'10742759,500.0,shopify,200,deny,manual,1399.00,0.00,true,false,,,,,'10742759,,,,,,,,,,,,,,,,,,,,,,,,,,,,,,,,,,,,,,,,,,,,,,,https://cdn.shopify.com/s/files/1/0618/2368/0740/files/WhatsAppImage2023-01-03at11.40.35AM_360x_9330be87-06d8-4cfa-a771-a96d88d5ffde.webp?v=1776750921,kg,,,,,,
yellow-kids-hoodie-set,,,,,,,,,red,,,9 - 10 Years,,,,,'10742764,500.0,shopify,200,deny,manual,1399.00,0.00,true,false,,,,,'10742764,,,,,,,,,,,,,,,,,,,,,,,,,,,,,,,,,,,,,,,,,,,,,,,https://cdn.shopify.com/s/files/1/0618/2368/0740/files/WhatsAppImage2023-01-03at11.40.35AM_360x_9330be87-06d8-4cfa-a771-a96d88d5ffde.webp?v=1776750921,kg,,,,,,
yellow-kids-hoodie-set,,,,,,,,,red,,,11 - 12 Years,,,,,'10742770,500.0,shopify,200,deny,manual,1399.00,0.00,true,false,,,,,'10742770,,,,,,,,,,,,,,,,,,,,,,,,,,,,,,,,,,,,,,,,,,,,,,,https://cdn.shopify.com/s/files/1/0618/2368/0740/files/WhatsAppImage2023-01-03at11.40.35AM_360x_9330be87-06d8-4cfa-a771-a96d88d5ffde.webp?v=1776750921,kg,,,,,,
yellow-kids-hoodie-set,,,,,,,,,silver,,,1 - 2 Years,,,,,'10742745,500.0,shopify,200,deny,manual,1399.00,0.00,true,false,,,,,'10742745,,,,,,,,,,,,,,,,,,,,,,,,,,,,,,,,,,,,,,,,,,,,,,,https://cdn.shopify.com/s/files/1/0618/2368/0740/files/WhatsAppImage2023-01-03at11.40.36AM_1_360x_f35e303f-f354-42ab-bcc6-402e2ae58334.webp?v=1776750921,kg,,,,,,
yellow-kids-hoodie-set,,,,,,,,,silver,,,3 - 4 Years,,,,,'10742750,500.0,shopify,200,deny,manual,1399.00,0.00,true,false,,,,,'10742750,,,,,,,,,,,,,,,,,,,,,,,,,,,,,,,,,,,,,,,,,,,,,,,https://cdn.shopify.com/s/files/1/0618/2368/0740/files/WhatsAppImage2023-01-03at11.40.36AM_1_360x_f35e303f-f354-42ab-bcc6-402e2ae58334.webp?v=1776750921,kg,,,,,,
yellow-kids-hoodie-set,,,,,,,,,silver,,,5 - 6 Years,,,,,'10742755,500.0,shopify,200,deny,manual,1399.00,0.00,true,false,,,,,'10742755,,,,,,,,,,,,,,,,,,,,,,,,,,,,,,,,,,,,,,,,,,,,,,,https://cdn.shopify.com/s/files/1/0618/2368/0740/files/WhatsAppImage2023-01-03at11.40.36AM_1_360x_f35e303f-f354-42ab-bcc6-402e2ae58334.webp?v=1776750921,kg,,,,,,
yellow-kids-hoodie-set,,,,,,,,,silver,,,7 - 8 Years,,,,,'10742760,500.0,shopify,200,deny,manual,1399.00,0.00,true,false,,,,,'10742760,,,,,,,,,,,,,,,,,,,,,,,,,,,,,,,,,,,,,,,,,,,,,,,https://cdn.shopify.com/s/files/1/0618/2368/0740/files/WhatsAppImage2023-01-03at11.40.36AM_1_360x_f35e303f-f354-42ab-bcc6-402e2ae58334.webp?v=1776750921,kg,,,,,,
yellow-kids-hoodie-set,,,,,,,,,silver,,,9 - 10 Years,,,,,'10742765,500.0,shopify,200,deny,manual,1399.00,0.00,true,false,,,,,'10742765,,,,,,,,,,,,,,,,,,,,,,,,,,,,,,,,,,,,,,,,,,,,,,,https://cdn.shopify.com/s/files/1/0618/2368/0740/files/WhatsAppImage2023-01-03at11.40.36AM_1_360x_f35e303f-f354-42ab-bcc6-402e2ae58334.webp?v=1776750921,kg,,,,,,
yellow-kids-hoodie-set,,,,,,,,,silver,,,11 - 12 Years,,,,,'10742771,500.0,shopify,200,deny,manual,1399.00,0.00,true,false,,,,,'10742771,,,,,,,,,,,,,,,,,,,,,,,,,,,,,,,,,,,,,,,,,,,,,,,https://cdn.shopify.com/s/files/1/0618/2368/0740/files/WhatsAppImage2023-01-03at11.40.36AM_1_360x_f35e303f-f354-42ab-bcc6-402e2ae58334.webp?v=1776750921,kg,,,,,,
yellow-kids-hoodie-set,,,,,,,,,navy-1,,,1 - 2 Years,,,,,'10742746,500.0,shopify,200,deny,manual,1399.00,0.00,true,false,,,,,'10742746,,,,,,,,,,,,,,,,,,,,,,,,,,,,,,,,,,,,,,,,,,,,,,,https://cdn.shopify.com/s/files/1/0618/2368/0740/files/WhatsAppImage2023-01-03at11.40.37AM_1_360x_bd3b4db8-48d8-4679-a919-902aa37d1974.webp?v=1776750921,kg,,,,,,
yellow-kids-hoodie-set,,,,,,,,,navy-1,,,3 - 4 Years,,,,,'10742751,500.0,shopify,200,deny,manual,1399.00,0.00,true,false,,,,,'10742751,,,,,,,,,,,,,,,,,,,,,,,,,,,,,,,,,,,,,,,,,,,,,,,https://cdn.shopify.com/s/files/1/0618/2368/0740/files/WhatsAppImage2023-01-03at11.40.37AM_1_360x_bd3b4db8-48d8-4679-a919-902aa37d1974.webp?v=1776750921,kg,,,,,,
yellow-kids-hoodie-set,,,,,,,,,navy-1,,,5 - 6 Years,,,,,'10742756,500.0,shopify,200,deny,manual,1399.00,0.00,true,false,,,,,'10742756,,,,,,,,,,,,,,,,,,,,,,,,,,,,,,,,,,,,,,,,,,,,,,,https://cdn.shopify.com/s/files/1/0618/2368/0740/files/WhatsAppImage2023-01-03at11.40.37AM_1_360x_bd3b4db8-48d8-4679-a919-902aa37d1974.webp?v=1776750921,kg,,,,,,
yellow-kids-hoodie-set,,,,,,,,,navy-1,,,7 - 8 Years,,,,,'10742761,500.0,shopify,200,deny,manual,1399.00,0.00,true,false,,,,,'10742761,,,,,,,,,,,,,,,,,,,,,,,,,,,,,,,,,,,,,,,,,,,,,,,https://cdn.shopify.com/s/files/1/0618/2368/0740/files/WhatsAppImage2023-01-03at11.40.37AM_1_360x_bd3b4db8-48d8-4679-a919-902aa37d1974.webp?v=1776750921,kg,,,,,,
yellow-kids-hoodie-set,,,,,,,,,navy-1,,,9 - 10 Years,,,,,'10742766,500.0,shopify,200,deny,manual,1399.00,0.00,true,false,,,,,'10742766,,,,,,,,,,,,,,,,,,,,,,,,,,,,,,,,,,,,,,,,,,,,,,,https://cdn.shopify.com/s/files/1/0618/2368/0740/files/WhatsAppImage2023-01-03at11.40.37AM_1_360x_bd3b4db8-48d8-4679-a919-902aa37d1974.webp?v=1776750921,kg,,,,,,
yellow-kids-hoodie-set,,,,,,,,,navy-1,,,11 - 12 Years,,,,,'10742772,500.0,shopify,200,deny,manual,1399.00,0.00,true,false,,,,,'10742772,,,,,,,,,,,,,,,,,,,,,,,,,,,,,,,,,,,,,,,,,,,,,,,https://cdn.shopify.com/s/files/1/0618/2368/0740/files/WhatsAppImage2023-01-03at11.40.37AM_1_360x_bd3b4db8-48d8-4679-a919-902aa37d1974.webp?v=1776750921,kg,,,,,,
blue-kitty-printed-kids-hoodie-set,Kids Winter Hoodie Set | Kitty Printed,"<h4><strong><span data-sheets-root=""1"">Kids Winter Hoodie Set | Kitty Printed<br><br></span></strong></h4>
<p data-start=""216"" data-end=""434"">Featuring an adorable kitty design, this outfit brings a cute and playful vibe that kids love to wear every day.</p>
<p data-start=""436"" data-end=""734"">Crafted from soft, premium fleece fabric, the hoodie keeps your little one warm and cozy during chilly weather, while the matching jogger pants provide a comfortable and flexible fit for active play. Perfect for school, outings, or relaxing at home, this set blends comfort with style effortlessly.</p>
<p data-start=""736"" data-end=""830"">The cute kitty print makes this outfit a favorite for kids who love fun and fashionable looks.</p>
<p data-start=""832"" data-end=""847"">✨ <strong data-start=""834"" data-end=""847"">Features:</strong></p>
<ul data-start=""848"" data-end=""1066"">
<li data-section-id=""m2jogh"" data-start=""848"" data-end=""891"">Soft fleece fabric for warmth &amp; comfort</li>
<li data-section-id=""1v2mbpr"" data-start=""892"" data-end=""928"">Adorable kitty printed design 🐱</li>
<li data-section-id=""gklsta"" data-start=""929"" data-end=""967"">Cozy hoodie with soft inner lining</li>
<li data-section-id=""1qd8zxj"" data-start=""968"" data-end=""1016"">Matching jogger pants with elastic waistband</li>
<li data-section-id=""9bnese"" data-start=""1017"" data-end=""1066"">Ideal for daily wear, school &amp; winter outings</li>
</ul>
<p data-start=""1068"" data-end=""1135"">Let your kids stay <strong data-start=""1087"" data-end=""1118"">warm, comfy, and extra cute</strong> all winter long!</p>
<h4><strong><span data-sheets-root=""1""><br></span></strong></h4>",BBG FASHION,Apparel & Accessories > Clothing > Baby & Toddler Clothing,Kids Hoodie Set,Kids Winter Collection,true,Size,1 - 2 Years,,Color,pink,product.metafields.shopify.color-pattern,,,,'10742905,500.0,shopify,200,continue,manual,1399.00,0.00,true,false,,,,,'10742905,https://cdn.shopify.com/s/files/1/0618/2368/0740/files/imgi_26_WhatsAppImage2022-12-29at8.18.55PM_1080x_31cb2674-4956-4f67-9a4b-8feaaec88fb8.jpg?v=1776845309,1,"",false,,"Shop Kids Winter Hoodie Set Kitty Printed in soft fleece. Warm, cozy & cute winter outfit for kids. Perfect everyday wear in Pakistan. Order now!",182,,,,,,,,,,,,'3,,,,,,,,pink; navy-1; dark-grey; red; yellow-1; silver,,,,,,,,,,,,,,,,,,,,,kg,,,true,,,active
blue-kitty-printed-kids-hoodie-set,,,,,,,,,1 - 2 Years,,,navy-1,,,,,'10742906,500.0,shopify,200,continue,manual,1399.00,0.00,true,false,,,,,'10742906,https://cdn.shopify.com/s/files/1/0618/2368/0740/files/imgi_36_WhatsAppImage2022-12-29at8.18.54PM_540x_271f6b0e-f221-45fc-8763-6a2b9e694c67.jpg?v=1776845309,2,"",,,,,,,,,,,,,,,,,,,,,,,,,,,,,,,,,,,,,,,,,,,,,kg,,,,,,
blue-kitty-printed-kids-hoodie-set,,,,,,,,,1 - 2 Years,,,dark-grey,,,,,'10742907,500.0,shopify,200,continue,manual,1399.00,0.00,true,false,,,,,'10742907,https://cdn.shopify.com/s/files/1/0618/2368/0740/files/imgi_41_WhatsAppImage2022-12-29at8.18.37PM_540x_af773a27-3ec4-4da1-ba3b-841fb73a8741.jpg?v=1776845308,3,"",,,,,,,,,,,,,,,,,,,,,,,,,,,,,,,,,,,,,,,,,,,,,kg,,,,,,
blue-kitty-printed-kids-hoodie-set,,,,,,,,,1 - 2 Years,,,red,,,,,'10742908,500.0,shopify,200,continue,manual,1399.00,0.00,true,false,,,,,'10742908,https://cdn.shopify.com/s/files/1/0618/2368/0740/files/imgi_46_Yellowkitty_540x_72c1adf4-35a4-42d4-9427-afc91ac7de9f.jpg?v=1776845309,4,"",,,,,,,,,,,,,,,,,,,,,,,,,,,,,,,,,,,,,,,,,,,,,kg,,,,,,
blue-kitty-printed-kids-hoodie-set,,,,,,,,,1 - 2 Years,,,yellow-1,,,,,'10742909,500.0,shopify,200,continue,manual,1399.00,0.00,true,false,,,,,'10742909,https://cdn.shopify.com/s/files/1/0618/2368/0740/files/imgi_51_WhatsAppImage2022-12-29at8.18.53PM_540x_63895c70-3db6-4400-bee2-a0e641dc7d9e.jpg?v=1776845309,5,"",,,,,,,,,,,,,,,,,,,,,,,,,,,,,,,,,,,,,,,,,,,,,kg,,,,,,
blue-kitty-printed-kids-hoodie-set,,,,,,,,,1 - 2 Years,,,silver,,,,,'10742910,500.0,shopify,200,continue,manual,1399.00,0.00,true,false,,,,,'10742910,https://cdn.shopify.com/s/files/1/0618/2368/0740/files/imgi_66_WhatsAppImage2022-12-29at8.18.43PM_1024x_a965b71d-f599-4cac-bc75-29b32a0b20ad.jpg?v=1776845310,6,"",,,,,,,,,,,,,,,,,,,,,,,,,,,,,,,,,,,,,,,,,,,,,kg,,,,,,
blue-kitty-printed-kids-hoodie-set,,,,,,,,,3 - 4 Years,,,pink,,,,,'10708259,500.0,shopify,200,continue,manual,1399.00,0.00,true,false,,,,,'10708259,https://cdn.shopify.com/s/files/1/0618/2368/0740/files/WhatsAppImage2022-06-06at1.24.37PM_1024x1024_1_f827a1bb-0cc7-4da9-a0de-f8ba34c39cec.webp?v=1756129980,7,Red Kids Hoodie Set - back view - kids wear Pakistan,,,,,,,,,,,,,,,,,,,,,,,,,,,,,,,,,,,,,,,,,,,,,kg,,,,,,
blue-kitty-printed-kids-hoodie-set,,,,,,,,,3 - 4 Years,,,navy-1,,,,,'10708260,500.0,shopify,200,continue,manual,1399.00,0.00,true,false,,,,,'10708260,,,,,,,,,,,,,,,,,,,,,,,,,,,,,,,,,,,,,,,,,,,,,,,,kg,,,,,,
blue-kitty-printed-kids-hoodie-set,,,,,,,,,3 - 4 Years,,,dark-grey,,,,,'10708261,500.0,shopify,200,continue,manual,1399.00,0.00,true,false,,,,,'10708261,,,,,,,,,,,,,,,,,,,,,,,,,,,,,,,,,,,,,,,,,,,,,,,,kg,,,,,,
blue-kitty-printed-kids-hoodie-set,,,,,,,,,3 - 4 Years,,,red,,,,,'10708262,500.0,shopify,200,continue,manual,1399.00,0.00,true,false,,,,,'10708262,,,,,,,,,,,,,,,,,,,,,,,,,,,,,,,,,,,,,,,,,,,,,,,,kg,,,,,,
blue-kitty-printed-kids-hoodie-set,,,,,,,,,3 - 4 Years,,,yellow-1,,,,,'10708263,500.0,shopify,200,continue,manual,1399.00,0.00,true,false,,,,,'10708263,,,,,,,,,,,,,,,,,,,,,,,,,,,,,,,,,,,,,,,,,,,,,,,,kg,,,,,,
blue-kitty-printed-kids-hoodie-set,,,,,,,,,3 - 4 Years,,,silver,,,,,'10708264,500.0,shopify,200,continue,manual,1399.00,0.00,true,false,,,,,'10708264,,,,,,,,,,,,,,,,,,,,,,,,,,,,,,,,,,,,,,,,,,,,,,,,kg,,,,,,
blue-kitty-printed-kids-hoodie-set,,,,,,,,,5 - 6 Years,,,pink,,,,,'10708265,500.0,shopify,200,continue,manual,1399.00,0.00,true,false,,,,,'10708265,,,,,,,,,,,,,,,,,,,,,,,,,,,,,,,,,,,,,,,,,,,,,,,,kg,,,,,,
blue-kitty-printed-kids-hoodie-set,,,,,,,,,5 - 6 Years,,,navy-1,,,,,'10708266,500.0,shopify,200,continue,manual,1399.00,0.00,true,false,,,,,'10708266,,,,,,,,,,,,,,,,,,,,,,,,,,,,,,,,,,,,,,,,,,,,,,,,kg,,,,,,
blue-kitty-printed-kids-hoodie-set,,,,,,,,,5 - 6 Years,,,dark-grey,,,,,'10708267,500.0,shopify,200,continue,manual,1399.00,0.00,true,false,,,,,'10708267,,,,,,,,,,,,,,,,,,,,,,,,,,,,,,,,,,,,,,,,,,,,,,,,kg,,,,,,
blue-kitty-printed-kids-hoodie-set,,,,,,,,,5 - 6 Years,,,red,,,,,'10708268,500.0,shopify,200,continue,manual,1399.00,0.00,true,false,,,,,'10708268,,,,,,,,,,,,,,,,,,,,,,,,,,,,,,,,,,,,,,,,,,,,,,,,kg,,,,,,
blue-kitty-printed-kids-hoodie-set,,,,,,,,,5 - 6 Years,,,yellow-1,,,,,'10708269,500.0,shopify,200,continue,manual,1399.00,0.00,true,false,,,,,'10708269,,,,,,,,,,,,,,,,,,,,,,,,,,,,,,,,,,,,,,,,,,,,,,,,kg,,,,,,
blue-kitty-printed-kids-hoodie-set,,,,,,,,,5 - 6 Years,,,silver,,,,,'10708270,500.0,shopify,200,continue,manual,1399.00,0.00,true,false,,,,,'10708270,,,,,,,,,,,,,,,,,,,,,,,,,,,,,,,,,,,,,,,,,,,,,,,,kg,,,,,,
blue-kitty-printed-kids-hoodie-set,,,,,,,,,7 - 8 Years,,,pink,,,,,'10708271,500.0,shopify,200,continue,manual,1399.00,0.00,true,false,,,,,'10708271,,,,,,,,,,,,,,,,,,,,,,,,,,,,,,,,,,,,,,,,,,,,,,,,kg,,,,,,
blue-kitty-printed-kids-hoodie-set,,,,,,,,,7 - 8 Years,,,navy-1,,,,,'10708272,500.0,shopify,200,continue,manual,1399.00,0.00,true,false,,,,,'10708272,,,,,,,,,,,,,,,,,,,,,,,,,,,,,,,,,,,,,,,,,,,,,,,,kg,,,,,,
blue-kitty-printed-kids-hoodie-set,,,,,,,,,7 - 8 Years,,,dark-grey,,,,,'10708273,500.0,shopify,200,continue,manual,1399.00,0.00,true,false,,,,,'10708273,,,,,,,,,,,,,,,,,,,,,,,,,,,,,,,,,,,,,,,,,,,,,,,,kg,,,,,,
blue-kitty-printed-kids-hoodie-set,,,,,,,,,7 - 8 Years,,,red,,,,,'10708274,500.0,shopify,200,continue,manual,1399.00,0.00,true,false,,,,,'10708274,,,,,,,,,,,,,,,,,,,,,,,,,,,,,,,,,,,,,,,,,,,,,,,,kg,,,,,,
blue-kitty-printed-kids-hoodie-set,,,,,,,,,7 - 8 Years,,,yellow-1,,,,,'10708275,500.0,shopify,200,continue,manual,1399.00,0.00,true,false,,,,,'10708275,,,,,,,,,,,,,,,,,,,,,,,,,,,,,,,,,,,,,,,,,,,,,,,,kg,,,,,,
blue-kitty-printed-kids-hoodie-set,,,,,,,,,7 - 8 Years,,,silver,,,,,'10708276,500.0,shopify,200,continue,manual,1399.00,0.00,true,false,,,,,'10708276,,,,,,,,,,,,,,,,,,,,,,,,,,,,,,,,,,,,,,,,,,,,,,,,kg,,,,,,
blue-kitty-printed-kids-hoodie-set,,,,,,,,,9 - 10 Years,,,pink,,,,,'10708277,500.0,shopify,200,continue,manual,1399.00,0.00,true,false,,,,,'10708277,,,,,,,,,,,,,,,,,,,,,,,,,,,,,,,,,,,,,,,,,,,,,,,,kg,,,,,,
blue-kitty-printed-kids-hoodie-set,,,,,,,,,9 - 10 Years,,,navy-1,,,,,'10708278,500.0,shopify,200,continue,manual,1399.00,0.00,true,false,,,,,'10708278,,,,,,,,,,,,,,,,,,,,,,,,,,,,,,,,,,,,,,,,,,,,,,,,kg,,,,,,
blue-kitty-printed-kids-hoodie-set,,,,,,,,,9 - 10 Years,,,dark-grey,,,,,'10708279,500.0,shopify,200,continue,manual,1399.00,0.00,true,false,,,,,'10708279,,,,,,,,,,,,,,,,,,,,,,,,,,,,,,,,,,,,,,,,,,,,,,,,kg,,,,,,
blue-kitty-printed-kids-hoodie-set,,,,,,,,,9 - 10 Years,,,red,,,,,'10708280,500.0,shopify,200,continue,manual,1399.00,0.00,true,false,,,,,'10708280,,,,,,,,,,,,,,,,,,,,,,,,,,,,,,,,,,,,,,,,,,,,,,,,kg,,,,,,
blue-kitty-printed-kids-hoodie-set,,,,,,,,,9 - 10 Years,,,yellow-1,,,,,'10708281,500.0,shopify,200,continue,manual,1399.00,0.00,true,false,,,,,'10708281,,,,,,,,,,,,,,,,,,,,,,,,,,,,,,,,,,,,,,,,,,,,,,,,kg,,,,,,
blue-kitty-printed-kids-hoodie-set,,,,,,,,,9 - 10 Years,,,silver,,,,,'10708282,500.0,shopify,200,continue,manual,1399.00,0.00,true,false,,,,,'10708282,,,,,,,,,,,,,,,,,,,,,,,,,,,,,,,,,,,,,,,,,,,,,,,,kg,,,,,,
blue-kitty-printed-kids-hoodie-set,,,,,,,,,11 - 12 Years,,,pink,,,,,'10708283,500.0,shopify,200,continue,manual,1399.00,0.00,true,false,,,,,'10708283,,,,,,,,,,,,,,,,,,,,,,,,,,,,,,,,,,,,,,,,,,,,,,,,kg,,,,,,
blue-kitty-printed-kids-hoodie-set,,,,,,,,,11 - 12 Years,,,navy-1,,,,,'10708284,500.0,shopify,200,continue,manual,1399.00,0.00,true,false,,,,,'10708284,,,,,,,,,,,,,,,,,,,,,,,,,,,,,,,,,,,,,,,,,,,,,,,,kg,,,,,,
blue-kitty-printed-kids-hoodie-set,,,,,,,,,11 - 12 Years,,,dark-grey,,,,,'10708285,500.0,shopify,200,continue,manual,1399.00,0.00,true,false,,,,,'10708285,,,,,,,,,,,,,,,,,,,,,,,,,,,,,,,,,,,,,,,,,,,,,,,,kg,,,,,,
blue-kitty-printed-kids-hoodie-set,,,,,,,,,11 - 12 Years,,,red,,,,,'10708286,500.0,shopify,200,continue,manual,1399.00,0.00,true,false,,,,,'10708286,,,,,,,,,,,,,,,,,,,,,,,,,,,,,,,,,,,,,,,,,,,,,,,,kg,,,,,,
blue-kitty-printed-kids-hoodie-set,,,,,,,,,11 - 12 Years,,,yellow-1,,,,,'10708287,500.0,shopify,200,continue,manual,1399.00,0.00,true,false,,,,,'10708287,,,,,,,,,,,,,,,,,,,,,,,,,,,,,,,,,,,,,,,,,,,,,,,,kg,,,,,,
blue-kitty-printed-kids-hoodie-set,,,,,,,,,11 - 12 Years,,,silver,,,,,'10706635,500.0,shopify,200,continue,manual,1399.00,0.00,true,false,,,,,'10706635,,,,,,,,,,,,,,,,,,,,,,,,,,,,,,,,,,,,,,,,,,,,,,,,kg,,,,,,
blue-duckling-printed-kids-hoodie-set,Kids Winter Hoodie Set | Duckling Printed,"<h4><strong><span data-sheets-root=""1"">Kids Winter Hoodie Set | Duckling Printed<br><br></span></strong></h4>
<p data-start=""249"" data-end=""491"">Designed to keep your little one warm and happy, this adorable outfit features a charming duckling print that kids absolutely love.</p>
<p data-start=""493"" data-end=""762"">Made from soft, high-quality fleece, the hoodie provides cozy warmth during chilly days, while the matching jogger pants offer a relaxed fit for easy movement. Whether it’s playtime, outings, or just lounging at home, this set keeps your child comfortable all day long.</p>
<p data-start=""764"" data-end=""890"">The playful duckling design adds a fun and cheerful vibe, making it a perfect pick for both boys and girls this winter season.</p>
<p data-start=""892"" data-end=""907"">✨ <strong data-start=""894"" data-end=""907"">Features:</strong></p>
<ul data-start=""908"" data-end=""1136"">
<li data-section-id=""1qj0au4"" data-start=""908"" data-end=""953"">Soft fleece fabric for warmth and comfort</li>
<li data-section-id=""odyn1u"" data-start=""954"" data-end=""1001"">Cute duckling print for an adorable look 🐥</li>
<li data-section-id=""104wh0w"" data-start=""1002"" data-end=""1035"">Hoodie with cozy inner lining</li>
<li data-section-id=""1qd8zxj"" data-start=""1036"" data-end=""1084"">Matching jogger pants with elastic waistband</li>
<li data-section-id=""1t32414"" data-start=""1085"" data-end=""1136"">Perfect for daily wear, school &amp; winter outings</li>
</ul>
<p data-start=""1138"" data-end=""1205"">Let your kids stay <strong data-start=""1157"" data-end=""1188"">warm, comfy, and extra cute</strong> all winter long!</p>
<h4><strong><span data-sheets-root=""1""><br></span></strong></h4>",BBG FASHION,Apparel & Accessories > Clothing > Baby & Toddler Clothing,Kids Hoodie Set,Kids Winter Collection,true,Size,1 - 2 Years,,Color,pink,product.metafields.shopify.color-pattern,,,,'10742774,500.0,shopify,200,continue,manual,1399.00,0.00,true,false,,,,,'10742774,https://cdn.shopify.com/s/files/1/0618/2368/0740/files/WhatsAppImage2022-12-29at8.17.50PM_1.jpg?v=1722354873,1,Blue Duckling Printed Kids Hoodie Set - front view - kids wear Pakistan,false,,"Shop Kids Winter Hoodie Set Duckling Printed in soft fleece. Warm, cozy & cute winter outfit for boys & girls. Perfect for everyday wear in Pakistan. Order now!",182,,,,,,,,,,,,'1,,,,,,,,pink; dark-grey; yellow-1; navy-1; red; silver,,,,,,,,,,,,,,,,,,,,https://cdn.shopify.com/s/files/1/0618/2368/0740/files/WhatsAppImage2022-12-29at8.17.50PM_1.jpg?v=1722354873,kg,,,true,,,active
blue-duckling-printed-kids-hoodie-set,,,,,,,,,1 - 2 Years,,,dark-grey,,,,,'10742775,500.0,shopify,200,continue,manual,1399.00,0.00,true,false,,,,,'10742775,https://cdn.shopify.com/s/files/1/0618/2368/0740/files/WhatsAppImage2022-12-29at8.17.53PM.jpg?v=1722354873,2,Blue Duckling Printed Kids Hoodie Set - back view - kids wear Pakistan,,,,,,,,,,,,,,,,,,,,,,,,,,,,,,,,,,,,,,,,,,,,https://cdn.shopify.com/s/files/1/0618/2368/0740/files/WhatsAppImage2022-12-29at8.17.51PM.jpg?v=1722354873,kg,,,,,,
blue-duckling-printed-kids-hoodie-set,,,,,,,,,1 - 2 Years,,,yellow-1,,,,,'10742776,500.0,shopify,200,continue,manual,1399.00,0.00,true,false,,,,,'10742776,https://cdn.shopify.com/s/files/1/0618/2368/0740/files/WhatsAppImage2022-12-29at8.17.51PM.jpg?v=1722354873,3,Blue Duckling Printed Kids Hoodie Set - side view - kids wear Pakistan,,,,,,,,,,,,,,,,,,,,,,,,,,,,,,,,,,,,,,,,,,,,https://cdn.shopify.com/s/files/1/0618/2368/0740/files/Yellowduckling_2311745c-6325-4431-81da-78100aa104a7.jpg?v=1722354874,kg,,,,,,
blue-duckling-printed-kids-hoodie-set,,,,,,,,,1 - 2 Years,,,navy-1,,,,,'10742777,500.0,shopify,200,continue,manual,1399.00,0.00,true,false,,,,,'10742777,https://cdn.shopify.com/s/files/1/0618/2368/0740/files/Yellowduckling_2311745c-6325-4431-81da-78100aa104a7.jpg?v=1722354874,4,Blue Duckling Printed Kids Hoodie Set - detail shot - kids wear Pakistan,,,,,,,,,,,,,,,,,,,,,,,,,,,,,,,,,,,,,,,,,,,,https://cdn.shopify.com/s/files/1/0618/2368/0740/files/WhatsAppImage2022-12-29at8.17.53PM.jpg?v=1722354873,kg,,,,,,
blue-duckling-printed-kids-hoodie-set,,,,,,,,,1 - 2 Years,,,red,,,,,'10742778,500.0,shopify,200,continue,manual,1399.00,0.00,true,false,,,,,'10742778,https://cdn.shopify.com/s/files/1/0618/2368/0740/files/WhatsAppImage2022-12-29at8.17.53PM_1.jpg?v=1722354874,5,Blue Duckling Printed Kids Hoodie Set - front view - kids wear Pakistan,,,,,,,,,,,,,,,,,,,,,,,,,,,,,,,,,,,,,,,,,,,,https://cdn.shopify.com/s/files/1/0618/2368/0740/files/WhatsAppImage2022-12-29at8.17.53PM_1.jpg?v=1722354874,kg,,,,,,
blue-duckling-printed-kids-hoodie-set,,,,,,,,,1 - 2 Years,,,silver,,,,,'10742779,500.0,shopify,200,continue,manual,1399.00,0.00,true,false,,,,,'10742779,https://cdn.shopify.com/s/files/1/0618/2368/0740/files/WhatsAppImage2022-12-29at8.17.51PM_1.jpg?v=1722354874,6,Blue Duckling Printed Kids Hoodie Set - back view - kids wear Pakistan,,,,,,,,,,,,,,,,,,,,,,,,,,,,,,,,,,,,,,,,,,,,https://cdn.shopify.com/s/files/1/0618/2368/0740/files/WhatsAppImage2022-12-29at8.17.51PM_1.jpg?v=1722354874,kg,,,,,,
blue-duckling-printed-kids-hoodie-set,,,,,,,,,3 - 4 Years,,,pink,,,,,'10708222,500.0,shopify,200,continue,manual,1399.00,0.00,true,false,,,,,'10708222,https://cdn.shopify.com/s/files/1/0618/2368/0740/files/WhatsAppImage2022-06-06at1.24.37PM_1024x1024_1_f827a1bb-0cc7-4da9-a0de-f8ba34c39cec.webp?v=1756129980,7,Red Kids Hoodie Set - back view - kids wear Pakistan,,,,,,,,,,,,,,,,,,,,,,,,,,,,,,,,,,,,,,,,,,,,https://cdn.shopify.com/s/files/1/0618/2368/0740/files/WhatsAppImage2022-12-29at8.17.50PM_1.jpg?v=1722354873,kg,,,,,,
blue-duckling-printed-kids-hoodie-set,,,,,,,,,3 - 4 Years,,,dark-grey,,,,,'10708223,500.0,shopify,200,continue,manual,1399.00,0.00,true,false,,,,,'10708223,,,,,,,,,,,,,,,,,,,,,,,,,,,,,,,,,,,,,,,,,,,,,,,https://cdn.shopify.com/s/files/1/0618/2368/0740/files/WhatsAppImage2022-12-29at8.17.51PM.jpg?v=1722354873,kg,,,,,,
blue-duckling-printed-kids-hoodie-set,,,,,,,,,3 - 4 Years,,,yellow-1,,,,,'10708224,500.0,shopify,200,continue,manual,1399.00,0.00,true,false,,,,,'10708224,,,,,,,,,,,,,,,,,,,,,,,,,,,,,,,,,,,,,,,,,,,,,,,https://cdn.shopify.com/s/files/1/0618/2368/0740/files/Yellowduckling_2311745c-6325-4431-81da-78100aa104a7.jpg?v=1722354874,kg,,,,,,
blue-duckling-printed-kids-hoodie-set,,,,,,,,,3 - 4 Years,,,navy-1,,,,,'10708225,500.0,shopify,200,continue,manual,1399.00,0.00,true,false,,,,,'10708225,,,,,,,,,,,,,,,,,,,,,,,,,,,,,,,,,,,,,,,,,,,,,,,https://cdn.shopify.com/s/files/1/0618/2368/0740/files/WhatsAppImage2022-12-29at8.17.53PM.jpg?v=1722354873,kg,,,,,,
blue-duckling-printed-kids-hoodie-set,,,,,,,,,3 - 4 Years,,,red,,,,,'10708226,500.0,shopify,200,continue,manual,1399.00,0.00,true,false,,,,,'10708226,,,,,,,,,,,,,,,,,,,,,,,,,,,,,,,,,,,,,,,,,,,,,,,https://cdn.shopify.com/s/files/1/0618/2368/0740/files/WhatsAppImage2022-12-29at8.17.53PM_1.jpg?v=1722354874,kg,,,,,,
blue-duckling-printed-kids-hoodie-set,,,,,,,,,3 - 4 Years,,,silver,,,,,'10708227,500.0,shopify,200,continue,manual,1399.00,0.00,true,false,,,,,'10708227,,,,,,,,,,,,,,,,,,,,,,,,,,,,,,,,,,,,,,,,,,,,,,,https://cdn.shopify.com/s/files/1/0618/2368/0740/files/WhatsAppImage2022-12-29at8.17.51PM_1.jpg?v=1722354874,kg,,,,,,
blue-duckling-printed-kids-hoodie-set,,,,,,,,,5 - 6 Years,,,pink,,,,,'10708228,500.0,shopify,200,continue,manual,1399.00,0.00,true,false,,,,,'10708228,,,,,,,,,,,,,,,,,,,,,,,,,,,,,,,,,,,,,,,,,,,,,,,https://cdn.shopify.com/s/files/1/0618/2368/0740/files/WhatsAppImage2022-12-29at8.17.50PM_1.jpg?v=1722354873,kg,,,,,,
blue-duckling-printed-kids-hoodie-set,,,,,,,,,5 - 6 Years,,,dark-grey,,,,,'10708229,500.0,shopify,200,continue,manual,1399.00,0.00,true,false,,,,,'10708229,,,,,,,,,,,,,,,,,,,,,,,,,,,,,,,,,,,,,,,,,,,,,,,https://cdn.shopify.com/s/files/1/0618/2368/0740/files/WhatsAppImage2022-12-29at8.17.51PM.jpg?v=1722354873,kg,,,,,,
blue-duckling-printed-kids-hoodie-set,,,,,,,,,5 - 6 Years,,,yellow-1,,,,,'10708230,500.0,shopify,200,continue,manual,1399.00,0.00,true,false,,,,,'10708230,,,,,,,,,,,,,,,,,,,,,,,,,,,,,,,,,,,,,,,,,,,,,,,https://cdn.shopify.com/s/files/1/0618/2368/0740/files/Yellowduckling_2311745c-6325-4431-81da-78100aa104a7.jpg?v=1722354874,kg,,,,,,
blue-duckling-printed-kids-hoodie-set,,,,,,,,,5 - 6 Years,,,navy-1,,,,,'10708231,500.0,shopify,200,continue,manual,1399.00,0.00,true,false,,,,,'10708231,,,,,,,,,,,,,,,,,,,,,,,,,,,,,,,,,,,,,,,,,,,,,,,https://cdn.shopify.com/s/files/1/0618/2368/0740/files/WhatsAppImage2022-12-29at8.17.53PM.jpg?v=1722354873,kg,,,,,,
blue-duckling-printed-kids-hoodie-set,,,,,,,,,5 - 6 Years,,,red,,,,,'10708232,500.0,shopify,200,continue,manual,1399.00,0.00,true,false,,,,,'10708232,,,,,,,,,,,,,,,,,,,,,,,,,,,,,,,,,,,,,,,,,,,,,,,https://cdn.shopify.com/s/files/1/0618/2368/0740/files/WhatsAppImage2022-12-29at8.17.53PM_1.jpg?v=1722354874,kg,,,,,,
blue-duckling-printed-kids-hoodie-set,,,,,,,,,5 - 6 Years,,,silver,,,,,'10708233,500.0,shopify,200,continue,manual,1399.00,0.00,true,false,,,,,'10708233,,,,,,,,,,,,,,,,,,,,,,,,,,,,,,,,,,,,,,,,,,,,,,,https://cdn.shopify.com/s/files/1/0618/2368/0740/files/WhatsAppImage2022-12-29at8.17.51PM_1.jpg?v=1722354874,kg,,,,,,
blue-duckling-printed-kids-hoodie-set,,,,,,,,,7 - 8 Years,,,pink,,,,,'10708234,500.0,shopify,200,continue,manual,1399.00,0.00,true,false,,,,,'10708234,,,,,,,,,,,,,,,,,,,,,,,,,,,,,,,,,,,,,,,,,,,,,,,https://cdn.shopify.com/s/files/1/0618/2368/0740/files/WhatsAppImage2022-12-29at8.17.50PM_1.jpg?v=1722354873,kg,,,,,,
blue-duckling-printed-kids-hoodie-set,,,,,,,,,7 - 8 Years,,,dark-grey,,,,,'10708235,500.0,shopify,200,continue,manual,1399.00,0.00,true,false,,,,,'10708235,,,,,,,,,,,,,,,,,,,,,,,,,,,,,,,,,,,,,,,,,,,,,,,https://cdn.shopify.com/s/files/1/0618/2368/0740/files/WhatsAppImage2022-12-29at8.17.51PM.jpg?v=1722354873,kg,,,,,,
blue-duckling-printed-kids-hoodie-set,,,,,,,,,7 - 8 Years,,,yellow-1,,,,,'10708236,500.0,shopify,200,continue,manual,1399.00,0.00,true,false,,,,,'10708236,,,,,,,,,,,,,,,,,,,,,,,,,,,,,,,,,,,,,,,,,,,,,,,https://cdn.shopify.com/s/files/1/0618/2368/0740/files/Yellowduckling_2311745c-6325-4431-81da-78100aa104a7.jpg?v=1722354874,kg,,,,,,
blue-duckling-printed-kids-hoodie-set,,,,,,,,,7 - 8 Years,,,navy-1,,,,,'10708237,500.0,shopify,200,continue,manual,1399.00,0.00,true,false,,,,,'10708237,,,,,,,,,,,,,,,,,,,,,,,,,,,,,,,,,,,,,,,,,,,,,,,https://cdn.shopify.com/s/files/1/0618/2368/0740/files/WhatsAppImage2022-12-29at8.17.53PM.jpg?v=1722354873,kg,,,,,,
blue-duckling-printed-kids-hoodie-set,,,,,,,,,7 - 8 Years,,,red,,,,,'10708238,500.0,shopify,200,continue,manual,1399.00,0.00,true,false,,,,,'10708238,,,,,,,,,,,,,,,,,,,,,,,,,,,,,,,,,,,,,,,,,,,,,,,https://cdn.shopify.com/s/files/1/0618/2368/0740/files/WhatsAppImage2022-12-29at8.17.53PM_1.jpg?v=1722354874,kg,,,,,,
blue-duckling-printed-kids-hoodie-set,,,,,,,,,7 - 8 Years,,,silver,,,,,'10708239,500.0,shopify,200,continue,manual,1399.00,0.00,true,false,,,,,'10708239,,,,,,,,,,,,,,,,,,,,,,,,,,,,,,,,,,,,,,,,,,,,,,,https://cdn.shopify.com/s/files/1/0618/2368/0740/files/WhatsAppImage2022-12-29at8.17.51PM_1.jpg?v=1722354874,kg,,,,,,
blue-duckling-printed-kids-hoodie-set,,,,,,,,,9 - 10 Years,,,pink,,,,,'10708240,500.0,shopify,200,continue,manual,1399.00,0.00,true,false,,,,,'10708240,,,,,,,,,,,,,,,,,,,,,,,,,,,,,,,,,,,,,,,,,,,,,,,https://cdn.shopify.com/s/files/1/0618/2368/0740/files/WhatsAppImage2022-12-29at8.17.50PM_1.jpg?v=1722354873,kg,,,,,,
blue-duckling-printed-kids-hoodie-set,,,,,,,,,9 - 10 Years,,,dark-grey,,,,,'10708241,500.0,shopify,200,continue,manual,1399.00,0.00,true,false,,,,,'10708241,,,,,,,,,,,,,,,,,,,,,,,,,,,,,,,,,,,,,,,,,,,,,,,https://cdn.shopify.com/s/files/1/0618/2368/0740/files/WhatsAppImage2022-12-29at8.17.51PM.jpg?v=1722354873,kg,,,,,,
blue-duckling-printed-kids-hoodie-set,,,,,,,,,9 - 10 Years,,,yellow-1,,,,,'10708242,500.0,shopify,200,continue,manual,1399.00,0.00,true,false,,,,,'10708242,,,,,,,,,,,,,,,,,,,,,,,,,,,,,,,,,,,,,,,,,,,,,,,https://cdn.shopify.com/s/files/1/0618/2368/0740/files/Yellowduckling_2311745c-6325-4431-81da-78100aa104a7.jpg?v=1722354874,kg,,,,,,
blue-duckling-printed-kids-hoodie-set,,,,,,,,,9 - 10 Years,,,navy-1,,,,,'10708243,500.0,shopify,200,continue,manual,1399.00,0.00,true,false,,,,,'10708243,,,,,,,,,,,,,,,,,,,,,,,,,,,,,,,,,,,,,,,,,,,,,,,https://cdn.shopify.com/s/files/1/0618/2368/0740/files/WhatsAppImage2022-12-29at8.17.53PM.jpg?v=1722354873,kg,,,,,,
blue-duckling-printed-kids-hoodie-set,,,,,,,,,9 - 10 Years,,,red,,,,,'10708244,500.0,shopify,200,continue,manual,1399.00,0.00,true,false,,,,,'10708244,,,,,,,,,,,,,,,,,,,,,,,,,,,,,,,,,,,,,,,,,,,,,,,https://cdn.shopify.com/s/files/1/0618/2368/0740/files/WhatsAppImage2022-12-29at8.17.53PM_1.jpg?v=1722354874,kg,,,,,,
blue-duckling-printed-kids-hoodie-set,,,,,,,,,9 - 10 Years,,,silver,,,,,'10708245,500.0,shopify,200,continue,manual,1399.00,0.00,true,false,,,,,'10708245,,,,,,,,,,,,,,,,,,,,,,,,,,,,,,,,,,,,,,,,,,,,,,,https://cdn.shopify.com/s/files/1/0618/2368/0740/files/WhatsAppImage2022-12-29at8.17.51PM_1.jpg?v=1722354874,kg,,,,,,
blue-duckling-printed-kids-hoodie-set,,,,,,,,,11 - 12 Years,,,pink,,,,,'10708246,500.0,shopify,200,continue,manual,1399.00,0.00,true,false,,,,,'10708246,,,,,,,,,,,,,,,,,,,,,,,,,,,,,,,,,,,,,,,,,,,,,,,https://cdn.shopify.com/s/files/1/0618/2368/0740/files/WhatsAppImage2022-12-29at8.17.50PM_1.jpg?v=1722354873,kg,,,,,,
blue-duckling-printed-kids-hoodie-set,,,,,,,,,11 - 12 Years,,,dark-grey,,,,,'10708247,500.0,shopify,200,continue,manual,1399.00,0.00,true,false,,,,,'10708247,,,,,,,,,,,,,,,,,,,,,,,,,,,,,,,,,,,,,,,,,,,,,,,https://cdn.shopify.com/s/files/1/0618/2368/0740/files/WhatsAppImage2022-12-29at8.17.51PM.jpg?v=1722354873,kg,,,,,,
blue-duckling-printed-kids-hoodie-set,,,,,,,,,11 - 12 Years,,,yellow-1,,,,,'10708248,500.0,shopify,200,continue,manual,1399.00,0.00,true,false,,,,,'10708248,,,,,,,,,,,,,,,,,,,,,,,,,,,,,,,,,,,,,,,,,,,,,,,https://cdn.shopify.com/s/files/1/0618/2368/0740/files/Yellowduckling_2311745c-6325-4431-81da-78100aa104a7.jpg?v=1722354874,kg,,,,,,
blue-duckling-printed-kids-hoodie-set,,,,,,,,,11 - 12 Years,,,navy-1,,,,,'10708249,500.0,shopify,200,continue,manual,1399.00,0.00,true,false,,,,,'10708249,,,,,,,,,,,,,,,,,,,,,,,,,,,,,,,,,,,,,,,,,,,,,,,https://cdn.shopify.com/s/files/1/0618/2368/0740/files/WhatsAppImage2022-12-29at8.17.53PM.jpg?v=1722354873,kg,,,,,,
