Handle,Title,Body (HTML),Vendor,Product Category,Type,Tags,Published,Option1 Name,Option1 Value,Option1 Linked To,Option2 Name,Option2 Value,Option2 Linked To,Option3 Name,Option3 Value,Option3 Linked To,Variant SKU,Variant Grams,Variant Inventory Tracker,Variant Inventory Qty,Variant Inventory Policy,Variant Fulfillment Service,Variant Price,Variant Compare At Price,Variant Requires Shipping,Variant Taxable,Unit Price Total Measure,Unit Price Total Measure Unit,Unit Price Base Measure,Unit Price Base Measure Unit,Variant Barcode,Image Src,Image Position,Image Alt Text,Gift Card,SEO Title,SEO Description,Google Shopping / Google Product Category,Google Shopping / Gender,Google Shopping / Age Group,Google Shopping / MPN,Google Shopping / Condition,Google Shopping / Custom Product,Google Shopping / Custom Label 0,Google Shopping / Custom Label 1,Google Shopping / Custom Label 2,Google Shopping / Custom Label 3,Google Shopping / Custom Label 4,Google: Custom Product (product.metafields.mm-google-shopping.custom_product),Product rating count (product.metafields.reviews.rating_count),Activewear clothing features (product.metafields.shopify.activewear-clothing-features),Activity (product.metafields.shopify.activity),Age group (product.metafields.shopify.age-group),Baby/Toddler clothing features (product.metafields.shopify.baby-toddler-clothing-features),Baby/Toddler sleepwear style (product.metafields.shopify.baby-toddler-sleepwear-style),Care instructions (product.metafields.shopify.care-instructions),Clothing features (product.metafields.shopify.clothing-features),Color (product.metafields.shopify.color-pattern),Dress occasion (product.metafields.shopify.dress-occasion),Dress style (product.metafields.shopify.dress-style),Fabric (product.metafields.shopify.fabric),Fit (product.metafields.shopify.fit),Intimate apparel features (product.metafields.shopify.intimate-apparel-features),Neckline (product.metafields.shopify.neckline),One-piece style (product.metafields.shopify.one-piece-style),Outerwear clothing features (product.metafields.shopify.outerwear-clothing-features),Pants length type (product.metafields.shopify.pants-length-type),Size (product.metafields.shopify.size),Skirt/Dress length type (product.metafields.shopify.skirt-dress-length-type),Sleeve length type (product.metafields.shopify.sleeve-length-type),Target gender (product.metafields.shopify.target-gender),Top length type (product.metafields.shopify.top-length-type),Waist rise (product.metafields.shopify.waist-rise),Complementary products (product.metafields.shopify--discovery--product_recommendation.complementary_products),Related products (product.metafields.shopify--discovery--product_recommendation.related_products),Related products settings (product.metafields.shopify--discovery--product_recommendation.related_products_display),Search product boosts (product.metafields.shopify--discovery--product_search_boost.queries),Variant Image,Variant Weight Unit,Variant Tax Code,Cost per item,Included / Pakistan,Price / Pakistan,Compare At Price / Pakistan,Status
unicorn-t-shirt-for-kids-copy,,,,,,,,,3-4 YRS,,,Bottle green,,,,,'10712730,200.0,shopify,50,continue,manual,799.00,0.00,true,true,,,,,'10712730,,,,,,,,,,,,,,,,,,,,,,,,,,,,,,,,,,,,,,,,,,,,,,,https://cdn.shopify.com/s/files/1/0618/2368/0740/files/23_1669962e-a32c-414f-bb05-cdffe9e80325.png?v=1719669651,kg,,,,,,
unicorn-t-shirt-for-kids-copy,,,,,,,,,3-4 YRS,,,Orange,,,,,'10712731,200.0,shopify,50,continue,manual,799.00,0.00,true,true,,,,,'10712731,,,,,,,,,,,,,,,,,,,,,,,,,,,,,,,,,,,,,,,,,,,,,,,https://cdn.shopify.com/s/files/1/0618/2368/0740/files/15_eb07b789-7f43-4026-beb8-76ad34c496d3.png?v=1719669651,kg,,,,,,
unicorn-t-shirt-for-kids-copy,,,,,,,,,3-4 YRS,,,Grey,,,,,'10712732,200.0,shopify,50,continue,manual,799.00,0.00,true,true,,,,,'10712732,,,,,,,,,,,,,,,,,,,,,,,,,,,,,,,,,,,,,,,,,,,,,,,https://cdn.shopify.com/s/files/1/0618/2368/0740/files/19_e103b61e-dc21-4ee5-a2f8-9fbd6f14ac97.png?v=1719669651,kg,,,,,,
unicorn-t-shirt-for-kids-copy,,,,,,,,,3-4 YRS,,,Black,,,,,'10712733,200.0,shopify,50,continue,manual,799.00,0.00,true,true,,,,,'10712733,,,,,,,,,,,,,,,,,,,,,,,,,,,,,,,,,,,,,,,,,,,,,,,https://cdn.shopify.com/s/files/1/0618/2368/0740/files/12_160ee89d-aca7-44da-8065-0018e16a42ed.png?v=1719669651,kg,,,,,,
unicorn-t-shirt-for-kids-copy,,,,,,,,,3-4 YRS,,,Red,,,,,'10712734,200.0,shopify,50,continue,manual,799.00,0.00,true,true,,,,,'10712734,,,,,,,,,,,,,,,,,,,,,,,,,,,,,,,,,,,,,,,,,,,,,,,https://cdn.shopify.com/s/files/1/0618/2368/0740/files/14_72f2be8a-921a-4fa6-a502-213acb03f692.png?v=1719669651,kg,,,,,,
unicorn-t-shirt-for-kids-copy,,,,,,,,,3-4 YRS,,,Yellow,,,,,'10712735,200.0,shopify,50,continue,manual,799.00,0.00,true,true,,,,,'10712735,,,,,,,,,,,,,,,,,,,,,,,,,,,,,,,,,,,,,,,,,,,,,,,https://cdn.shopify.com/s/files/1/0618/2368/0740/files/20_bd186fd7-751c-4e6a-9dd6-9f5688f6db03.png?v=1719669651,kg,,,,,,
unicorn-t-shirt-for-kids-copy,,,,,,,,,3-4 YRS,,,Mahroon,,,,,'10712736,200.0,shopify,50,continue,manual,799.00,0.00,true,true,,,,,'10712736,,,,,,,,,,,,,,,,,,,,,,,,,,,,,,,,,,,,,,,,,,,,,,,https://cdn.shopify.com/s/files/1/0618/2368/0740/files/18_bdcf80d6-50b9-4691-bd80-5b19570ccd27.png?v=1719669651,kg,,,,,,
unicorn-t-shirt-for-kids-copy,,,,,,,,,3-4 YRS,,,Light Blue,,,,,'10712737,200.0,shopify,50,continue,manual,799.00,0.00,true,true,,,,,'10712737,,,,,,,,,,,,,,,,,,,,,,,,,,,,,,,,,,,,,,,,,,,,,,,https://cdn.shopify.com/s/files/1/0618/2368/0740/files/21_28b845a4-cd7b-4fe7-b2eb-5ab556a77bd6.png?v=1719669651,kg,,,,,,
unicorn-t-shirt-for-kids-copy,,,,,,,,,3-4 YRS,,,Purple,,,,,'10712738,200.0,shopify,150,continue,manual,799.00,0.00,true,true,,,,,'10712738,,,,,,,,,,,,,,,,,,,,,,,,,,,,,,,,,,,,,,,,,,,,,,,https://cdn.shopify.com/s/files/1/0618/2368/0740/files/32_4f4380f4-263d-4765-910d-741d0b11ce62.png?v=1719669651,kg,,,,,,
unicorn-t-shirt-for-kids-copy,,,,,,,,,3-4 YRS,,,Green,,,,,'10712739,200.0,shopify,150,continue,manual,799.00,0.00,true,true,,,,,'10712739,,,,,,,,,,,,,,,,,,,,,,,,,,,,,,,,,,,,,,,,,,,,,,,https://cdn.shopify.com/s/files/1/0618/2368/0740/files/24_e200ad61-ca62-4dd3-91ff-3ae93b31910d.png?v=1719669651,kg,,,,,,
unicorn-t-shirt-for-kids-copy,,,,,,,,,3-4 YRS,,,Navy Blue,,,,,'10712740,200.0,shopify,150,continue,manual,799.00,0.00,true,true,,,,,'10712740,,,,,,,,,,,,,,,,,,,,,,,,,,,,,,,,,,,,,,,,,,,,,,,https://cdn.shopify.com/s/files/1/0618/2368/0740/files/22_7b53be92-f9e1-494b-b456-93f8cfae27c1.png?v=1719669651,kg,,,,,,
unicorn-t-shirt-for-kids-copy,,,,,,,,,5-6 YRS,,,Beige,,,,,'10712741,200.0,shopify,149,continue,manual,799.00,0.00,true,true,,,,,'10712741,,,,,,,,,,,,,,,,,,,,,,,,,,,,,,,,,,,,,,,,,,,,,,,https://cdn.shopify.com/s/files/1/0618/2368/0740/files/25_8078f6ff-e037-467c-bbfd-687be6ed2ca3.png?v=1719669070,kg,,,,,,
unicorn-t-shirt-for-kids-copy,,,,,,,,,5-6 YRS,,,White,,,,,'10712742,200.0,shopify,50,continue,manual,799.00,0.00,true,true,,,,,'10712742,,,,,,,,,,,,,,,,,,,,,,,,,,,,,,,,,,,,,,,,,,,,,,,https://cdn.shopify.com/s/files/1/0618/2368/0740/files/13_0d5faabe-bfe2-4cc5-a019-8b9766a91657.png?v=1719669651,kg,,,,,,
unicorn-t-shirt-for-kids-copy,,,,,,,,,5-6 YRS,,,Pink,,,,,'10712743,200.0,shopify,50,continue,manual,799.00,0.00,true,true,,,,,'10712743,,,,,,,,,,,,,,,,,,,,,,,,,,,,,,,,,,,,,,,,,,,,,,,https://cdn.shopify.com/s/files/1/0618/2368/0740/files/17_61ca7ea7-b245-428a-9acf-d05eb24f872d.png?v=1719669651,kg,,,,,,
unicorn-t-shirt-for-kids-copy,,,,,,,,,5-6 YRS,,,Bottle green,,,,,'10712744,200.0,shopify,50,continue,manual,799.00,0.00,true,true,,,,,'10712744,,,,,,,,,,,,,,,,,,,,,,,,,,,,,,,,,,,,,,,,,,,,,,,https://cdn.shopify.com/s/files/1/0618/2368/0740/files/23_1669962e-a32c-414f-bb05-cdffe9e80325.png?v=1719669651,kg,,,,,,
unicorn-t-shirt-for-kids-copy,,,,,,,,,5-6 YRS,,,Orange,,,,,'10712745,200.0,shopify,50,continue,manual,799.00,0.00,true,true,,,,,'10712745,,,,,,,,,,,,,,,,,,,,,,,,,,,,,,,,,,,,,,,,,,,,,,,https://cdn.shopify.com/s/files/1/0618/2368/0740/files/15_eb07b789-7f43-4026-beb8-76ad34c496d3.png?v=1719669651,kg,,,,,,
unicorn-t-shirt-for-kids-copy,,,,,,,,,5-6 YRS,,,Grey,,,,,'10712746,200.0,shopify,50,continue,manual,799.00,0.00,true,true,,,,,'10712746,,,,,,,,,,,,,,,,,,,,,,,,,,,,,,,,,,,,,,,,,,,,,,,https://cdn.shopify.com/s/files/1/0618/2368/0740/files/19_e103b61e-dc21-4ee5-a2f8-9fbd6f14ac97.png?v=1719669651,kg,,,,,,
unicorn-t-shirt-for-kids-copy,,,,,,,,,5-6 YRS,,,Black,,,,,'10712747,200.0,shopify,50,continue,manual,799.00,0.00,true,true,,,,,'10712747,,,,,,,,,,,,,,,,,,,,,,,,,,,,,,,,,,,,,,,,,,,,,,,https://cdn.shopify.com/s/files/1/0618/2368/0740/files/12_160ee89d-aca7-44da-8065-0018e16a42ed.png?v=1719669651,kg,,,,,,
unicorn-t-shirt-for-kids-copy,,,,,,,,,5-6 YRS,,,Red,,,,,'10712748,200.0,shopify,50,continue,manual,799.00,0.00,true,true,,,,,'10712748,,,,,,,,,,,,,,,,,,,,,,,,,,,,,,,,,,,,,,,,,,,,,,,https://cdn.shopify.com/s/files/1/0618/2368/0740/files/14_72f2be8a-921a-4fa6-a502-213acb03f692.png?v=1719669651,kg,,,,,,
unicorn-t-shirt-for-kids-copy,,,,,,,,,5-6 YRS,,,Yellow,,,,,'10712749,200.0,shopify,50,continue,manual,799.00,0.00,true,true,,,,,'10712749,,,,,,,,,,,,,,,,,,,,,,,,,,,,,,,,,,,,,,,,,,,,,,,https://cdn.shopify.com/s/files/1/0618/2368/0740/files/20_bd186fd7-751c-4e6a-9dd6-9f5688f6db03.png?v=1719669651,kg,,,,,,
unicorn-t-shirt-for-kids-copy,,,,,,,,,5-6 YRS,,,Mahroon,,,,,'10712750,200.0,shopify,50,continue,manual,799.00,0.00,true,true,,,,,'10712750,,,,,,,,,,,,,,,,,,,,,,,,,,,,,,,,,,,,,,,,,,,,,,,https://cdn.shopify.com/s/files/1/0618/2368/0740/files/18_bdcf80d6-50b9-4691-bd80-5b19570ccd27.png?v=1719669651,kg,,,,,,
unicorn-t-shirt-for-kids-copy,,,,,,,,,5-6 YRS,,,Light Blue,,,,,'10712751,200.0,shopify,50,continue,manual,799.00,0.00,true,true,,,,,'10712751,,,,,,,,,,,,,,,,,,,,,,,,,,,,,,,,,,,,,,,,,,,,,,,https://cdn.shopify.com/s/files/1/0618/2368/0740/files/21_28b845a4-cd7b-4fe7-b2eb-5ab556a77bd6.png?v=1719669651,kg,,,,,,
unicorn-t-shirt-for-kids-copy,,,,,,,,,5-6 YRS,,,Purple,,,,,'10712752,200.0,shopify,150,continue,manual,799.00,0.00,true,true,,,,,'10712752,,,,,,,,,,,,,,,,,,,,,,,,,,,,,,,,,,,,,,,,,,,,,,,https://cdn.shopify.com/s/files/1/0618/2368/0740/files/32_4f4380f4-263d-4765-910d-741d0b11ce62.png?v=1719669651,kg,,,,,,
unicorn-t-shirt-for-kids-copy,,,,,,,,,5-6 YRS,,,Green,,,,,'10712753,200.0,shopify,150,continue,manual,799.00,0.00,true,true,,,,,'10712753,,,,,,,,,,,,,,,,,,,,,,,,,,,,,,,,,,,,,,,,,,,,,,,https://cdn.shopify.com/s/files/1/0618/2368/0740/files/24_e200ad61-ca62-4dd3-91ff-3ae93b31910d.png?v=1719669651,kg,,,,,,
unicorn-t-shirt-for-kids-copy,,,,,,,,,5-6 YRS,,,Navy Blue,,,,,'10712754,200.0,shopify,150,continue,manual,799.00,0.00,true,true,,,,,'10712754,,,,,,,,,,,,,,,,,,,,,,,,,,,,,,,,,,,,,,,,,,,,,,,https://cdn.shopify.com/s/files/1/0618/2368/0740/files/22_7b53be92-f9e1-494b-b456-93f8cfae27c1.png?v=1719669651,kg,,,,,,
unicorn-t-shirt-for-kids-copy,,,,,,,,,7-8 YRS,,,Beige,,,,,'10712755,200.0,shopify,150,continue,manual,799.00,0.00,true,true,,,,,'10712755,,,,,,,,,,,,,,,,,,,,,,,,,,,,,,,,,,,,,,,,,,,,,,,https://cdn.shopify.com/s/files/1/0618/2368/0740/files/25_8078f6ff-e037-467c-bbfd-687be6ed2ca3.png?v=1719669070,kg,,,,,,
unicorn-t-shirt-for-kids-copy,,,,,,,,,7-8 YRS,,,White,,,,,'10712756,200.0,shopify,50,continue,manual,799.00,0.00,true,true,,,,,'10712756,,,,,,,,,,,,,,,,,,,,,,,,,,,,,,,,,,,,,,,,,,,,,,,https://cdn.shopify.com/s/files/1/0618/2368/0740/files/13_0d5faabe-bfe2-4cc5-a019-8b9766a91657.png?v=1719669651,kg,,,,,,
unicorn-t-shirt-for-kids-copy,,,,,,,,,7-8 YRS,,,Pink,,,,,'10712757,200.0,shopify,49,continue,manual,799.00,0.00,true,true,,,,,'10712757,,,,,,,,,,,,,,,,,,,,,,,,,,,,,,,,,,,,,,,,,,,,,,,https://cdn.shopify.com/s/files/1/0618/2368/0740/files/17_61ca7ea7-b245-428a-9acf-d05eb24f872d.png?v=1719669651,kg,,,,,,
unicorn-t-shirt-for-kids-copy,,,,,,,,,7-8 YRS,,,Bottle green,,,,,'10712758,200.0,shopify,50,continue,manual,799.00,0.00,true,true,,,,,'10712758,,,,,,,,,,,,,,,,,,,,,,,,,,,,,,,,,,,,,,,,,,,,,,,https://cdn.shopify.com/s/files/1/0618/2368/0740/files/23_1669962e-a32c-414f-bb05-cdffe9e80325.png?v=1719669651,kg,,,,,,
unicorn-t-shirt-for-kids-copy,,,,,,,,,7-8 YRS,,,Orange,,,,,'10712759,200.0,shopify,50,continue,manual,799.00,0.00,true,true,,,,,'10712759,,,,,,,,,,,,,,,,,,,,,,,,,,,,,,,,,,,,,,,,,,,,,,,https://cdn.shopify.com/s/files/1/0618/2368/0740/files/15_eb07b789-7f43-4026-beb8-76ad34c496d3.png?v=1719669651,kg,,,,,,
unicorn-t-shirt-for-kids-copy,,,,,,,,,7-8 YRS,,,Grey,,,,,'10712760,200.0,shopify,50,continue,manual,799.00,0.00,true,true,,,,,'10712760,,,,,,,,,,,,,,,,,,,,,,,,,,,,,,,,,,,,,,,,,,,,,,,https://cdn.shopify.com/s/files/1/0618/2368/0740/files/19_e103b61e-dc21-4ee5-a2f8-9fbd6f14ac97.png?v=1719669651,kg,,,,,,
unicorn-t-shirt-for-kids-copy,,,,,,,,,7-8 YRS,,,Black,,,,,'10712761,200.0,shopify,50,continue,manual,799.00,0.00,true,true,,,,,'10712761,,,,,,,,,,,,,,,,,,,,,,,,,,,,,,,,,,,,,,,,,,,,,,,https://cdn.shopify.com/s/files/1/0618/2368/0740/files/12_160ee89d-aca7-44da-8065-0018e16a42ed.png?v=1719669651,kg,,,,,,
unicorn-t-shirt-for-kids-copy,,,,,,,,,7-8 YRS,,,Red,,,,,'10712762,200.0,shopify,50,continue,manual,799.00,0.00,true,true,,,,,'10712762,,,,,,,,,,,,,,,,,,,,,,,,,,,,,,,,,,,,,,,,,,,,,,,https://cdn.shopify.com/s/files/1/0618/2368/0740/files/14_72f2be8a-921a-4fa6-a502-213acb03f692.png?v=1719669651,kg,,,,,,
unicorn-t-shirt-for-kids-copy,,,,,,,,,7-8 YRS,,,Yellow,,,,,'10712763,200.0,shopify,49,continue,manual,799.00,0.00,true,true,,,,,'10712763,,,,,,,,,,,,,,,,,,,,,,,,,,,,,,,,,,,,,,,,,,,,,,,https://cdn.shopify.com/s/files/1/0618/2368/0740/files/20_bd186fd7-751c-4e6a-9dd6-9f5688f6db03.png?v=1719669651,kg,,,,,,
unicorn-t-shirt-for-kids-copy,,,,,,,,,7-8 YRS,,,Mahroon,,,,,'10712764,200.0,shopify,50,continue,manual,799.00,0.00,true,true,,,,,'10712764,,,,,,,,,,,,,,,,,,,,,,,,,,,,,,,,,,,,,,,,,,,,,,,https://cdn.shopify.com/s/files/1/0618/2368/0740/files/18_bdcf80d6-50b9-4691-bd80-5b19570ccd27.png?v=1719669651,kg,,,,,,
unicorn-t-shirt-for-kids-copy,,,,,,,,,7-8 YRS,,,Light Blue,,,,,'10712765,200.0,shopify,50,continue,manual,799.00,0.00,true,true,,,,,'10712765,,,,,,,,,,,,,,,,,,,,,,,,,,,,,,,,,,,,,,,,,,,,,,,https://cdn.shopify.com/s/files/1/0618/2368/0740/files/21_28b845a4-cd7b-4fe7-b2eb-5ab556a77bd6.png?v=1719669651,kg,,,,,,
unicorn-t-shirt-for-kids-copy,,,,,,,,,7-8 YRS,,,Purple,,,,,'10712766,200.0,shopify,150,continue,manual,799.00,0.00,true,true,,,,,'10712766,,,,,,,,,,,,,,,,,,,,,,,,,,,,,,,,,,,,,,,,,,,,,,,https://cdn.shopify.com/s/files/1/0618/2368/0740/files/32_4f4380f4-263d-4765-910d-741d0b11ce62.png?v=1719669651,kg,,,,,,
unicorn-t-shirt-for-kids-copy,,,,,,,,,7-8 YRS,,,Green,,,,,'10712767,200.0,shopify,150,continue,manual,799.00,0.00,true,true,,,,,'10712767,,,,,,,,,,,,,,,,,,,,,,,,,,,,,,,,,,,,,,,,,,,,,,,https://cdn.shopify.com/s/files/1/0618/2368/0740/files/24_e200ad61-ca62-4dd3-91ff-3ae93b31910d.png?v=1719669651,kg,,,,,,
unicorn-t-shirt-for-kids-copy,,,,,,,,,7-8 YRS,,,Navy Blue,,,,,'10712768,200.0,shopify,149,continue,manual,799.00,0.00,true,true,,,,,'10712768,,,,,,,,,,,,,,,,,,,,,,,,,,,,,,,,,,,,,,,,,,,,,,,https://cdn.shopify.com/s/files/1/0618/2368/0740/files/22_7b53be92-f9e1-494b-b456-93f8cfae27c1.png?v=1719669651,kg,,,,,,
unicorn-t-shirt-for-kids-copy,,,,,,,,,9-10 YRS,,,Beige,,,,,'10712769,200.0,shopify,149,continue,manual,899.00,0.00,true,true,,,,,'10712769,,,,,,,,,,,,,,,,,,,,,,,,,,,,,,,,,,,,,,,,,,,,,,,https://cdn.shopify.com/s/files/1/0618/2368/0740/files/25_8078f6ff-e037-467c-bbfd-687be6ed2ca3.png?v=1719669070,kg,,,,,,
unicorn-t-shirt-for-kids-copy,,,,,,,,,9-10 YRS,,,White,,,,,'10712770,200.0,shopify,50,continue,manual,899.00,0.00,true,true,,,,,'10712770,,,,,,,,,,,,,,,,,,,,,,,,,,,,,,,,,,,,,,,,,,,,,,,https://cdn.shopify.com/s/files/1/0618/2368/0740/files/13_0d5faabe-bfe2-4cc5-a019-8b9766a91657.png?v=1719669651,kg,,,,,,
unicorn-t-shirt-for-kids-copy,,,,,,,,,9-10 YRS,,,Pink,,,,,'10712771,200.0,shopify,50,continue,manual,899.00,0.00,true,true,,,,,'10712771,,,,,,,,,,,,,,,,,,,,,,,,,,,,,,,,,,,,,,,,,,,,,,,https://cdn.shopify.com/s/files/1/0618/2368/0740/files/17_61ca7ea7-b245-428a-9acf-d05eb24f872d.png?v=1719669651,kg,,,,,,
unicorn-t-shirt-for-kids-copy,,,,,,,,,9-10 YRS,,,Bottle green,,,,,'10712772,200.0,shopify,50,continue,manual,899.00,0.00,true,true,,,,,'10712772,,,,,,,,,,,,,,,,,,,,,,,,,,,,,,,,,,,,,,,,,,,,,,,https://cdn.shopify.com/s/files/1/0618/2368/0740/files/23_1669962e-a32c-414f-bb05-cdffe9e80325.png?v=1719669651,kg,,,,,,
unicorn-t-shirt-for-kids-copy,,,,,,,,,9-10 YRS,,,Orange,,,,,'10712773,200.0,shopify,50,continue,manual,899.00,0.00,true,true,,,,,'10712773,,,,,,,,,,,,,,,,,,,,,,,,,,,,,,,,,,,,,,,,,,,,,,,https://cdn.shopify.com/s/files/1/0618/2368/0740/files/15_eb07b789-7f43-4026-beb8-76ad34c496d3.png?v=1719669651,kg,,,,,,
unicorn-t-shirt-for-kids-copy,,,,,,,,,9-10 YRS,,,Grey,,,,,'10712774,200.0,shopify,50,continue,manual,899.00,0.00,true,true,,,,,'10712774,,,,,,,,,,,,,,,,,,,,,,,,,,,,,,,,,,,,,,,,,,,,,,,https://cdn.shopify.com/s/files/1/0618/2368/0740/files/19_e103b61e-dc21-4ee5-a2f8-9fbd6f14ac97.png?v=1719669651,kg,,,,,,
unicorn-t-shirt-for-kids-copy,,,,,,,,,9-10 YRS,,,Black,,,,,'10712775,200.0,shopify,50,continue,manual,899.00,0.00,true,true,,,,,'10712775,,,,,,,,,,,,,,,,,,,,,,,,,,,,,,,,,,,,,,,,,,,,,,,https://cdn.shopify.com/s/files/1/0618/2368/0740/files/12_160ee89d-aca7-44da-8065-0018e16a42ed.png?v=1719669651,kg,,,,,,
unicorn-t-shirt-for-kids-copy,,,,,,,,,9-10 YRS,,,Red,,,,,'10712776,200.0,shopify,50,continue,manual,899.00,0.00,true,true,,,,,'10712776,,,,,,,,,,,,,,,,,,,,,,,,,,,,,,,,,,,,,,,,,,,,,,,https://cdn.shopify.com/s/files/1/0618/2368/0740/files/14_72f2be8a-921a-4fa6-a502-213acb03f692.png?v=1719669651,kg,,,,,,
unicorn-t-shirt-for-kids-copy,,,,,,,,,9-10 YRS,,,Yellow,,,,,'10712777,200.0,shopify,50,continue,manual,899.00,0.00,true,true,,,,,'10712777,,,,,,,,,,,,,,,,,,,,,,,,,,,,,,,,,,,,,,,,,,,,,,,https://cdn.shopify.com/s/files/1/0618/2368/0740/files/20_bd186fd7-751c-4e6a-9dd6-9f5688f6db03.png?v=1719669651,kg,,,,,,
unicorn-t-shirt-for-kids-copy,,,,,,,,,9-10 YRS,,,Mahroon,,,,,'10712778,200.0,shopify,50,continue,manual,899.00,0.00,true,true,,,,,'10712778,,,,,,,,,,,,,,,,,,,,,,,,,,,,,,,,,,,,,,,,,,,,,,,https://cdn.shopify.com/s/files/1/0618/2368/0740/files/18_bdcf80d6-50b9-4691-bd80-5b19570ccd27.png?v=1719669651,kg,,,,,,
unicorn-t-shirt-for-kids-copy,,,,,,,,,9-10 YRS,,,Light Blue,,,,,'10712779,200.0,shopify,49,continue,manual,899.00,0.00,true,true,,,,,'10712779,,,,,,,,,,,,,,,,,,,,,,,,,,,,,,,,,,,,,,,,,,,,,,,https://cdn.shopify.com/s/files/1/0618/2368/0740/files/21_28b845a4-cd7b-4fe7-b2eb-5ab556a77bd6.png?v=1719669651,kg,,,,,,
unicorn-t-shirt-for-kids-copy,,,,,,,,,9-10 YRS,,,Purple,,,,,'10712780,200.0,shopify,150,continue,manual,899.00,0.00,true,true,,,,,'10712780,,,,,,,,,,,,,,,,,,,,,,,,,,,,,,,,,,,,,,,,,,,,,,,https://cdn.shopify.com/s/files/1/0618/2368/0740/files/32_4f4380f4-263d-4765-910d-741d0b11ce62.png?v=1719669651,kg,,,,,,
unicorn-t-shirt-for-kids-copy,,,,,,,,,9-10 YRS,,,Green,,,,,'10712781,200.0,shopify,150,continue,manual,899.00,0.00,true,true,,,,,'10712781,,,,,,,,,,,,,,,,,,,,,,,,,,,,,,,,,,,,,,,,,,,,,,,https://cdn.shopify.com/s/files/1/0618/2368/0740/files/24_e200ad61-ca62-4dd3-91ff-3ae93b31910d.png?v=1719669651,kg,,,,,,
unicorn-t-shirt-for-kids-copy,,,,,,,,,9-10 YRS,,,Navy Blue,,,,,'10712782,200.0,shopify,150,continue,manual,899.00,0.00,true,true,,,,,'10712782,,,,,,,,,,,,,,,,,,,,,,,,,,,,,,,,,,,,,,,,,,,,,,,https://cdn.shopify.com/s/files/1/0618/2368/0740/files/22_7b53be92-f9e1-494b-b456-93f8cfae27c1.png?v=1719669651,kg,,,,,,
unicorn-t-shirt-for-kids-copy,,,,,,,,,11-12 YRS,,,Beige,,,,,'10712783,200.0,shopify,150,continue,manual,899.00,0.00,true,true,,,,,'10712783,,,,,,,,,,,,,,,,,,,,,,,,,,,,,,,,,,,,,,,,,,,,,,,https://cdn.shopify.com/s/files/1/0618/2368/0740/files/25_8078f6ff-e037-467c-bbfd-687be6ed2ca3.png?v=1719669070,kg,,,,,,
unicorn-t-shirt-for-kids-copy,,,,,,,,,11-12 YRS,,,White,,,,,'10712784,200.0,shopify,50,continue,manual,899.00,0.00,true,true,,,,,'10712784,,,,,,,,,,,,,,,,,,,,,,,,,,,,,,,,,,,,,,,,,,,,,,,https://cdn.shopify.com/s/files/1/0618/2368/0740/files/13_0d5faabe-bfe2-4cc5-a019-8b9766a91657.png?v=1719669651,kg,,,,,,
unicorn-t-shirt-for-kids-copy,,,,,,,,,11-12 YRS,,,Pink,,,,,'10712785,200.0,shopify,50,continue,manual,899.00,0.00,true,true,,,,,'10712785,,,,,,,,,,,,,,,,,,,,,,,,,,,,,,,,,,,,,,,,,,,,,,,https://cdn.shopify.com/s/files/1/0618/2368/0740/files/17_61ca7ea7-b245-428a-9acf-d05eb24f872d.png?v=1719669651,kg,,,,,,
unicorn-t-shirt-for-kids-copy,,,,,,,,,11-12 YRS,,,Bottle green,,,,,'10712786,200.0,shopify,50,continue,manual,899.00,0.00,true,true,,,,,'10712786,,,,,,,,,,,,,,,,,,,,,,,,,,,,,,,,,,,,,,,,,,,,,,,https://cdn.shopify.com/s/files/1/0618/2368/0740/files/23_1669962e-a32c-414f-bb05-cdffe9e80325.png?v=1719669651,kg,,,,,,
unicorn-t-shirt-for-kids-copy,,,,,,,,,11-12 YRS,,,Orange,,,,,'10712787,200.0,shopify,50,continue,manual,899.00,0.00,true,true,,,,,'10712787,,,,,,,,,,,,,,,,,,,,,,,,,,,,,,,,,,,,,,,,,,,,,,,https://cdn.shopify.com/s/files/1/0618/2368/0740/files/15_eb07b789-7f43-4026-beb8-76ad34c496d3.png?v=1719669651,kg,,,,,,
unicorn-t-shirt-for-kids-copy,,,,,,,,,11-12 YRS,,,Grey,,,,,'10712788,200.0,shopify,50,continue,manual,899.00,0.00,true,true,,,,,'10712788,,,,,,,,,,,,,,,,,,,,,,,,,,,,,,,,,,,,,,,,,,,,,,,https://cdn.shopify.com/s/files/1/0618/2368/0740/files/19_e103b61e-dc21-4ee5-a2f8-9fbd6f14ac97.png?v=1719669651,kg,,,,,,
unicorn-t-shirt-for-kids-copy,,,,,,,,,11-12 YRS,,,Black,,,,,'10712789,200.0,shopify,50,continue,manual,899.00,0.00,true,true,,,,,'10712789,,,,,,,,,,,,,,,,,,,,,,,,,,,,,,,,,,,,,,,,,,,,,,,https://cdn.shopify.com/s/files/1/0618/2368/0740/files/12_160ee89d-aca7-44da-8065-0018e16a42ed.png?v=1719669651,kg,,,,,,
unicorn-t-shirt-for-kids-copy,,,,,,,,,11-12 YRS,,,Red,,,,,'10712790,200.0,shopify,50,continue,manual,899.00,0.00,true,true,,,,,'10712790,,,,,,,,,,,,,,,,,,,,,,,,,,,,,,,,,,,,,,,,,,,,,,,https://cdn.shopify.com/s/files/1/0618/2368/0740/files/14_72f2be8a-921a-4fa6-a502-213acb03f692.png?v=1719669651,kg,,,,,,
unicorn-t-shirt-for-kids-copy,,,,,,,,,11-12 YRS,,,Yellow,,,,,'10712791,200.0,shopify,50,continue,manual,899.00,0.00,true,true,,,,,'10712791,,,,,,,,,,,,,,,,,,,,,,,,,,,,,,,,,,,,,,,,,,,,,,,https://cdn.shopify.com/s/files/1/0618/2368/0740/files/20_bd186fd7-751c-4e6a-9dd6-9f5688f6db03.png?v=1719669651,kg,,,,,,
unicorn-t-shirt-for-kids-copy,,,,,,,,,11-12 YRS,,,Mahroon,,,,,'10712792,200.0,shopify,50,continue,manual,899.00,0.00,true,true,,,,,'10712792,,,,,,,,,,,,,,,,,,,,,,,,,,,,,,,,,,,,,,,,,,,,,,,https://cdn.shopify.com/s/files/1/0618/2368/0740/files/18_bdcf80d6-50b9-4691-bd80-5b19570ccd27.png?v=1719669651,kg,,,,,,
unicorn-t-shirt-for-kids-copy,,,,,,,,,11-12 YRS,,,Light Blue,,,,,'10712793,200.0,shopify,50,continue,manual,899.00,0.00,true,true,,,,,'10712793,,,,,,,,,,,,,,,,,,,,,,,,,,,,,,,,,,,,,,,,,,,,,,,https://cdn.shopify.com/s/files/1/0618/2368/0740/files/21_28b845a4-cd7b-4fe7-b2eb-5ab556a77bd6.png?v=1719669651,kg,,,,,,
unicorn-t-shirt-for-kids-copy,,,,,,,,,11-12 YRS,,,Purple,,,,,'10712794,200.0,shopify,150,continue,manual,899.00,0.00,true,true,,,,,'10712794,,,,,,,,,,,,,,,,,,,,,,,,,,,,,,,,,,,,,,,,,,,,,,,https://cdn.shopify.com/s/files/1/0618/2368/0740/files/32_4f4380f4-263d-4765-910d-741d0b11ce62.png?v=1719669651,kg,,,,,,
unicorn-t-shirt-for-kids-copy,,,,,,,,,11-12 YRS,,,Green,,,,,'10712795,200.0,shopify,150,continue,manual,899.00,0.00,true,true,,,,,'10712795,,,,,,,,,,,,,,,,,,,,,,,,,,,,,,,,,,,,,,,,,,,,,,,https://cdn.shopify.com/s/files/1/0618/2368/0740/files/24_e200ad61-ca62-4dd3-91ff-3ae93b31910d.png?v=1719669651,kg,,,,,,
unicorn-t-shirt-for-kids-copy,,,,,,,,,11-12 YRS,,,Navy Blue,,,,,'10712796,200.0,shopify,150,continue,manual,899.00,0.00,true,true,,,,,'10712796,,,,,,,,,,,,,,,,,,,,,,,,,,,,,,,,,,,,,,,,,,,,,,,https://cdn.shopify.com/s/files/1/0618/2368/0740/files/22_7b53be92-f9e1-494b-b456-93f8cfae27c1.png?v=1719669651,kg,,,,,,
unicorn-t-shirt-for-kids-copy,,,,,,,,,13-14 YRS,,,Beige,,,,,'10712797,200.0,shopify,100,continue,manual,999.00,0.00,true,true,,,,,'10712797,,,,,,,,,,,,,,,,,,,,,,,,,,,,,,,,,,,,,,,,,,,,,,,https://cdn.shopify.com/s/files/1/0618/2368/0740/files/25_8078f6ff-e037-467c-bbfd-687be6ed2ca3.png?v=1719669070,kg,,,,,,
unicorn-t-shirt-for-kids-copy,,,,,,,,,13-14 YRS,,,White,,,,,'10712798,200.0,shopify,100,continue,manual,999.00,0.00,true,true,,,,,'10712798,,,,,,,,,,,,,,,,,,,,,,,,,,,,,,,,,,,,,,,,,,,,,,,https://cdn.shopify.com/s/files/1/0618/2368/0740/files/13_0d5faabe-bfe2-4cc5-a019-8b9766a91657.png?v=1719669651,kg,,,,,,
unicorn-t-shirt-for-kids-copy,,,,,,,,,13-14 YRS,,,Pink,,,,,'10712799,200.0,shopify,100,continue,manual,999.00,0.00,true,true,,,,,'10712799,,,,,,,,,,,,,,,,,,,,,,,,,,,,,,,,,,,,,,,,,,,,,,,https://cdn.shopify.com/s/files/1/0618/2368/0740/files/17_61ca7ea7-b245-428a-9acf-d05eb24f872d.png?v=1719669651,kg,,,,,,
unicorn-t-shirt-for-kids-copy,,,,,,,,,13-14 YRS,,,Bottle green,,,,,'10712800,200.0,shopify,100,continue,manual,999.00,0.00,true,true,,,,,'10712800,,,,,,,,,,,,,,,,,,,,,,,,,,,,,,,,,,,,,,,,,,,,,,,https://cdn.shopify.com/s/files/1/0618/2368/0740/files/23_1669962e-a32c-414f-bb05-cdffe9e80325.png?v=1719669651,kg,,,,,,
unicorn-t-shirt-for-kids-copy,,,,,,,,,13-14 YRS,,,Orange,,,,,'10712801,200.0,shopify,100,continue,manual,999.00,0.00,true,true,,,,,'10712801,,,,,,,,,,,,,,,,,,,,,,,,,,,,,,,,,,,,,,,,,,,,,,,https://cdn.shopify.com/s/files/1/0618/2368/0740/files/15_eb07b789-7f43-4026-beb8-76ad34c496d3.png?v=1719669651,kg,,,,,,
unicorn-t-shirt-for-kids-copy,,,,,,,,,13-14 YRS,,,Grey,,,,,'10712802,200.0,shopify,100,continue,manual,999.00,0.00,true,true,,,,,'10712802,,,,,,,,,,,,,,,,,,,,,,,,,,,,,,,,,,,,,,,,,,,,,,,https://cdn.shopify.com/s/files/1/0618/2368/0740/files/19_e103b61e-dc21-4ee5-a2f8-9fbd6f14ac97.png?v=1719669651,kg,,,,,,
unicorn-t-shirt-for-kids-copy,,,,,,,,,13-14 YRS,,,Black,,,,,'10712803,200.0,shopify,100,continue,manual,999.00,0.00,true,true,,,,,'10712803,,,,,,,,,,,,,,,,,,,,,,,,,,,,,,,,,,,,,,,,,,,,,,,https://cdn.shopify.com/s/files/1/0618/2368/0740/files/12_160ee89d-aca7-44da-8065-0018e16a42ed.png?v=1719669651,kg,,,,,,
unicorn-t-shirt-for-kids-copy,,,,,,,,,13-14 YRS,,,Red,,,,,'10712804,200.0,shopify,100,continue,manual,999.00,0.00,true,true,,,,,'10712804,,,,,,,,,,,,,,,,,,,,,,,,,,,,,,,,,,,,,,,,,,,,,,,https://cdn.shopify.com/s/files/1/0618/2368/0740/files/14_72f2be8a-921a-4fa6-a502-213acb03f692.png?v=1719669651,kg,,,,,,
unicorn-t-shirt-for-kids-copy,,,,,,,,,13-14 YRS,,,Yellow,,,,,'10712805,200.0,shopify,100,continue,manual,999.00,0.00,true,true,,,,,'10712805,,,,,,,,,,,,,,,,,,,,,,,,,,,,,,,,,,,,,,,,,,,,,,,https://cdn.shopify.com/s/files/1/0618/2368/0740/files/20_bd186fd7-751c-4e6a-9dd6-9f5688f6db03.png?v=1719669651,kg,,,,,,
unicorn-t-shirt-for-kids-copy,,,,,,,,,13-14 YRS,,,Mahroon,,,,,'10712806,200.0,shopify,100,continue,manual,999.00,0.00,true,true,,,,,'10712806,,,,,,,,,,,,,,,,,,,,,,,,,,,,,,,,,,,,,,,,,,,,,,,https://cdn.shopify.com/s/files/1/0618/2368/0740/files/18_bdcf80d6-50b9-4691-bd80-5b19570ccd27.png?v=1719669651,kg,,,,,,
unicorn-t-shirt-for-kids-copy,,,,,,,,,13-14 YRS,,,Light Blue,,,,,'10712807,200.0,shopify,100,continue,manual,999.00,0.00,true,true,,,,,'10712807,,,,,,,,,,,,,,,,,,,,,,,,,,,,,,,,,,,,,,,,,,,,,,,https://cdn.shopify.com/s/files/1/0618/2368/0740/files/21_28b845a4-cd7b-4fe7-b2eb-5ab556a77bd6.png?v=1719669651,kg,,,,,,
unicorn-t-shirt-for-kids-copy,,,,,,,,,13-14 YRS,,,Purple,,,,,'10712808,200.0,shopify,100,continue,manual,999.00,0.00,true,true,,,,,'10712808,,,,,,,,,,,,,,,,,,,,,,,,,,,,,,,,,,,,,,,,,,,,,,,https://cdn.shopify.com/s/files/1/0618/2368/0740/files/32_4f4380f4-263d-4765-910d-741d0b11ce62.png?v=1719669651,kg,,,,,,
unicorn-t-shirt-for-kids-copy,,,,,,,,,13-14 YRS,,,Green,,,,,'10712809,200.0,shopify,100,continue,manual,999.00,0.00,true,true,,,,,'10712809,,,,,,,,,,,,,,,,,,,,,,,,,,,,,,,,,,,,,,,,,,,,,,,https://cdn.shopify.com/s/files/1/0618/2368/0740/files/24_e200ad61-ca62-4dd3-91ff-3ae93b31910d.png?v=1719669651,kg,,,,,,
unicorn-t-shirt-for-kids-copy,,,,,,,,,13-14 YRS,,,Navy Blue,,,,,'10706872,200.0,shopify,100,continue,manual,999.00,0.00,true,true,,,,,'10706872,,,,,,,,,,,,,,,,,,,,,,,,,,,,,,,,,,,,,,,,,,,,,,,https://cdn.shopify.com/s/files/1/0618/2368/0740/files/22_7b53be92-f9e1-494b-b456-93f8cfae27c1.png?v=1719669651,kg,,,,,,
unicorn-t-shirt-for-kids,ADIDAS T Shirt For Kids,"<h4>ADIDAS T Shirt For Kids</h4>
<div>Fabric: Soft High-Quality Jersey</div>
<div>Short Sleeve T-Shirt</div>
<div>Round Neck</div>
<div>High Quality DTF Printed </div>
<div>Soft and Comfortable Wear</div>
<div>Easy Wash &amp; Press</div>
<div>Sizes 1-14 years </div>
<div><span>Disclaimer: Colors may vary slightly due to studio lights. </span></div>",BBG FASHION,Apparel & Accessories > Clothing > Clothing Tops > T-Shirts,kids T-Shirts,kids T-Shirts,false,Size,1-2 YRS,,Color,White,,,,,'10712616,200.0,shopify,50,continue,manual,799.00,0.00,true,true,,,,,'10712616,https://cdn.shopify.com/s/files/1/0618/2368/0740/files/15_9815e319-3cc0-4698-97f0-3191e36fc65d.png?v=1719669038,1,Unicorn T Shirt For Kids - front view - kids wear Pakistan,false,,,212,,,,,,,,,,,,,,,,,,,,,,,,,,,,,,,,,,,,,,,,https://cdn.shopify.com/s/files/1/0618/2368/0740/files/15_9815e319-3cc0-4698-97f0-3191e36fc65d.png?v=1719669038,kg,,,true,,,draft
unicorn-t-shirt-for-kids,,,,,,,,,1-2 YRS,,,Pink,,,,,'10712617,200.0,shopify,50,continue,manual,799.00,0.00,true,true,,,,,'10712617,https://cdn.shopify.com/s/files/1/0618/2368/0740/files/bbg_3004f7f2-b41a-4d0b-9279-dc79d5a82fff.png?v=1719669195,2,Unicorn T Shirt For Kids - back view - kids wear Pakistan,,,,,,,,,,,,,,,,,,,,,,,,,,,,,,,,,,,,,,,,,,,,https://cdn.shopify.com/s/files/1/0618/2368/0740/files/19_ebbbab21-984f-4660-9fd2-643f72266522.png?v=1719669230,kg,,,,,,
unicorn-t-shirt-for-kids,,,,,,,,,1-2 YRS,,,Bottle green,,,,,'10712618,200.0,shopify,50,continue,manual,799.00,0.00,true,true,,,,,'10712618,https://cdn.shopify.com/s/files/1/0618/2368/0740/files/14_a67a4906-c434-4d61-a6fb-34ba69f752e2.png?v=1719669230,3,Unicorn T Shirt For Kids - side view - kids wear Pakistan,,,,,,,,,,,,,,,,,,,,,,,,,,,,,,,,,,,,,,,,,,,,https://cdn.shopify.com/s/files/1/0618/2368/0740/files/25_6cad5efa-fc2f-4116-aac8-b2f6eded1cc7.png?v=1719669038,kg,,,,,,
unicorn-t-shirt-for-kids,,,,,,,,,1-2 YRS,,,Orange,,,,,'10712619,200.0,shopify,50,continue,manual,799.00,,true,true,,,,,'10712619,https://cdn.shopify.com/s/files/1/0618/2368/0740/files/16_8bbd7edf-9145-4087-86c3-e8c2ab00aa4d.png?v=1719669230,4,Unicorn T Shirt For Kids - detail shot - kids wear Pakistan,,,,,,,,,,,,,,,,,,,,,,,,,,,,,,,,,,,,,,,,,,,,https://cdn.shopify.com/s/files/1/0618/2368/0740/files/17_f6847a44-d836-4a0e-9127-cddbdf7f828e.png?v=1719669230,kg,,,,,,
unicorn-t-shirt-for-kids,,,,,,,,,1-2 YRS,,,Grey,,,,,'10712620,200.0,shopify,50,continue,manual,799.00,,true,true,,,,,'10712620,https://cdn.shopify.com/s/files/1/0618/2368/0740/files/17_f6847a44-d836-4a0e-9127-cddbdf7f828e.png?v=1719669230,5,Unicorn T Shirt For Kids - front view - kids wear Pakistan,,,,,,,,,,,,,,,,,,,,,,,,,,,,,,,,,,,,,,,,,,,,https://cdn.shopify.com/s/files/1/0618/2368/0740/files/21_30e9ff5d-7ab8-4826-b533-edc8fd7cd0de.png?v=1719669230,kg,,,,,,
unicorn-t-shirt-for-kids,,,,,,,,,1-2 YRS,,,Black,,,,,'10712621,200.0,shopify,50,continue,manual,799.00,,true,true,,,,,'10712621,https://cdn.shopify.com/s/files/1/0618/2368/0740/files/18_57c72122-8804-449f-92b9-6a98d1e57172.png?v=1719669230,6,Unicorn T Shirt For Kids - back view - kids wear Pakistan,,,,,,,,,,,,,,,,,,,,,,,,,,,,,,,,,,,,,,,,,,,,https://cdn.shopify.com/s/files/1/0618/2368/0740/files/14_a67a4906-c434-4d61-a6fb-34ba69f752e2.png?v=1719669230,kg,,,,,,
unicorn-t-shirt-for-kids,,,,,,,,,1-2 YRS,,,Red,,,,,'10712622,200.0,shopify,50,continue,manual,799.00,,true,true,,,,,'10712622,https://cdn.shopify.com/s/files/1/0618/2368/0740/files/19_ebbbab21-984f-4660-9fd2-643f72266522.png?v=1719669230,7,Unicorn T Shirt For Kids - side view - kids wear Pakistan,,,,,,,,,,,,,,,,,,,,,,,,,,,,,,,,,,,,,,,,,,,,https://cdn.shopify.com/s/files/1/0618/2368/0740/files/16_8bbd7edf-9145-4087-86c3-e8c2ab00aa4d.png?v=1719669230,kg,,,,,,
unicorn-t-shirt-for-kids,,,,,,,,,1-2 YRS,,,Yellow,,,,,'10712623,200.0,shopify,50,continue,manual,799.00,,true,true,,,,,'10712623,https://cdn.shopify.com/s/files/1/0618/2368/0740/files/20_be2a4d45-e655-4c71-af8b-c0147554f898.png?v=1719669230,8,Unicorn T Shirt For Kids - detail shot - kids wear Pakistan,,,,,,,,,,,,,,,,,,,,,,,,,,,,,,,,,,,,,,,,,,,,https://cdn.shopify.com/s/files/1/0618/2368/0740/files/22_a3f2c258-597f-485c-993b-cda7badb9c77.png?v=1719669038,kg,,,,,,
unicorn-t-shirt-for-kids,,,,,,,,,1-2 YRS,,,Mahroon,,,,,'10712624,200.0,shopify,50,continue,manual,799.00,,true,true,,,,,'10712624,https://cdn.shopify.com/s/files/1/0618/2368/0740/files/21_30e9ff5d-7ab8-4826-b533-edc8fd7cd0de.png?v=1719669230,9,Unicorn T Shirt For Kids - front view - kids wear Pakistan,,,,,,,,,,,,,,,,,,,,,,,,,,,,,,,,,,,,,,,,,,,,https://cdn.shopify.com/s/files/1/0618/2368/0740/files/20_be2a4d45-e655-4c71-af8b-c0147554f898.png?v=1719669230,kg,,,,,,
unicorn-t-shirt-for-kids,,,,,,,,,1-2 YRS,,,Light Blue,,,,,'10712625,200.0,shopify,50,continue,manual,799.00,,true,true,,,,,'10712625,https://cdn.shopify.com/s/files/1/0618/2368/0740/files/22_a3f2c258-597f-485c-993b-cda7badb9c77.png?v=1719669038,10,Unicorn T Shirt For Kids - back view - kids wear Pakistan,,,,,,,,,,,,,,,,,,,,,,,,,,,,,,,,,,,,,,,,,,,,https://cdn.shopify.com/s/files/1/0618/2368/0740/files/23_4fe00c79-fbfb-4c4d-8129-4a52c0f5d137.png?v=1719669038,kg,,,,,,
unicorn-t-shirt-for-kids,,,,,,,,,1-2 YRS,,,Purple,,,,,'10712626,200.0,shopify,0,continue,manual,799.00,,true,true,,,,,'10712626,https://cdn.shopify.com/s/files/1/0618/2368/0740/files/23_4fe00c79-fbfb-4c4d-8129-4a52c0f5d137.png?v=1719669038,11,Unicorn T Shirt For Kids - side view - kids wear Pakistan,,,,,,,,,,,,,,,,,,,,,,,,,,,,,,,,,,,,,,,,,,,,https://cdn.shopify.com/s/files/1/0618/2368/0740/files/34_bb5302ac-23cb-4ee8-af76-4d8766eb1190.png?v=1719669038,kg,,,,,,
unicorn-t-shirt-for-kids,,,,,,,,,1-2 YRS,,,Green,,,,,'10712627,200.0,shopify,0,continue,manual,799.00,,true,true,,,,,'10712627,https://cdn.shopify.com/s/files/1/0618/2368/0740/files/24_781b2075-50f9-44e1-8242-0971c965a7e6.png?v=1719669038,12,Unicorn T Shirt For Kids - detail shot - kids wear Pakistan,,,,,,,,,,,,,,,,,,,,,,,,,,,,,,,,,,,,,,,,,,,,https://cdn.shopify.com/s/files/1/0618/2368/0740/files/26_ef27c943-46f2-4872-bbb7-588c56731a81.png?v=1719669038,kg,,,,,,
unicorn-t-shirt-for-kids,,,,,,,,,1-2 YRS,,,Beige,,,,,'10712628,200.0,shopify,0,continue,manual,799.00,,true,true,,,,,'10712628,https://cdn.shopify.com/s/files/1/0618/2368/0740/files/25_6cad5efa-fc2f-4116-aac8-b2f6eded1cc7.png?v=1719669038,13,Unicorn T Shirt For Kids - front view - kids wear Pakistan,,,,,,,,,,,,,,,,,,,,,,,,,,,,,,,,,,,,,,,,,,,,https://cdn.shopify.com/s/files/1/0618/2368/0740/files/27_83483c2c-b5d3-42c9-9ab0-a041e4bd0ae8.png?v=1719669038,kg,,,,,,
unicorn-t-shirt-for-kids,,,,,,,,,1-2 YRS,,,Navy Blue,,,,,'10712629,200.0,shopify,0,continue,manual,799.00,,true,true,,,,,'10712629,https://cdn.shopify.com/s/files/1/0618/2368/0740/files/26_ef27c943-46f2-4872-bbb7-588c56731a81.png?v=1719669038,14,Unicorn T Shirt For Kids - back view - kids wear Pakistan,,,,,,,,,,,,,,,,,,,,,,,,,,,,,,,,,,,,,,,,,,,,https://cdn.shopify.com/s/files/1/0618/2368/0740/files/24_781b2075-50f9-44e1-8242-0971c965a7e6.png?v=1719669038,kg,,,,,,
unicorn-t-shirt-for-kids,,,,,,,,,3-4 YRS,,,White,,,,,'10712630,200.0,shopify,50,continue,manual,799.00,,true,true,,,,,'10712630,https://cdn.shopify.com/s/files/1/0618/2368/0740/files/27_070e4358-2a24-4b4b-9231-0b85c28527f1.png?v=1719669038,15,Unicorn T Shirt For Kids - side view - kids wear Pakistan,,,,,,,,,,,,,,,,,,,,,,,,,,,,,,,,,,,,,,,,,,,,https://cdn.shopify.com/s/files/1/0618/2368/0740/files/15_9815e319-3cc0-4698-97f0-3191e36fc65d.png?v=1719669038,kg,,,,,,
unicorn-t-shirt-for-kids,,,,,,,,,3-4 YRS,,,Pink,,,,,'10712631,200.0,shopify,50,continue,manual,799.00,,true,true,,,,,'10712631,https://cdn.shopify.com/s/files/1/0618/2368/0740/files/34_bb5302ac-23cb-4ee8-af76-4d8766eb1190.png?v=1719669038,16,Unicorn T Shirt For Kids - detail shot - kids wear Pakistan,,,,,,,,,,,,,,,,,,,,,,,,,,,,,,,,,,,,,,,,,,,,https://cdn.shopify.com/s/files/1/0618/2368/0740/files/19_ebbbab21-984f-4660-9fd2-643f72266522.png?v=1719669230,kg,,,,,,
unicorn-t-shirt-for-kids,,,,,,,,,3-4 YRS,,,Bottle green,,,,,'10712632,200.0,shopify,50,continue,manual,799.00,,true,true,,,,,'10712632,https://cdn.shopify.com/s/files/1/0618/2368/0740/files/22_17c14d0d-a9dc-4ed2-914a-9ab312f78a9e.png?v=1719669038,17,Unicorn T Shirt For Kids - front view - kids wear Pakistan,,,,,,,,,,,,,,,,,,,,,,,,,,,,,,,,,,,,,,,,,,,,https://cdn.shopify.com/s/files/1/0618/2368/0740/files/25_6cad5efa-fc2f-4116-aac8-b2f6eded1cc7.png?v=1719669038,kg,,,,,,
unicorn-t-shirt-for-kids,,,,,,,,,3-4 YRS,,,Orange,,,,,'10712633,200.0,shopify,50,continue,manual,799.00,,true,true,,,,,'10712633,https://cdn.shopify.com/s/files/1/0618/2368/0740/files/26_be7c159d-bb88-4398-a2fc-6cf5c480abad.png?v=1719669038,18,Unicorn T Shirt For Kids - back view - kids wear Pakistan,,,,,,,,,,,,,,,,,,,,,,,,,,,,,,,,,,,,,,,,,,,,https://cdn.shopify.com/s/files/1/0618/2368/0740/files/17_f6847a44-d836-4a0e-9127-cddbdf7f828e.png?v=1719669230,kg,,,,,,
unicorn-t-shirt-for-kids,,,,,,,,,3-4 YRS,,,Grey,,,,,'10712634,200.0,shopify,50,continue,manual,799.00,,true,true,,,,,'10712634,https://cdn.shopify.com/s/files/1/0618/2368/0740/files/27_83483c2c-b5d3-42c9-9ab0-a041e4bd0ae8.png?v=1719669038,19,Unicorn T Shirt For Kids - side view - kids wear Pakistan,,,,,,,,,,,,,,,,,,,,,,,,,,,,,,,,,,,,,,,,,,,,https://cdn.shopify.com/s/files/1/0618/2368/0740/files/21_30e9ff5d-7ab8-4826-b533-edc8fd7cd0de.png?v=1719669230,kg,,,,,,
unicorn-t-shirt-for-kids,,,,,,,,,3-4 YRS,,,Black,,,,,'10712635,200.0,shopify,50,continue,manual,799.00,,true,true,,,,,'10712635,,,,,,,,,,,,,,,,,,,,,,,,,,,,,,,,,,,,,,,,,,,,,,,https://cdn.shopify.com/s/files/1/0618/2368/0740/files/14_a67a4906-c434-4d61-a6fb-34ba69f752e2.png?v=1719669230,kg,,,,,,
unicorn-t-shirt-for-kids,,,,,,,,,3-4 YRS,,,Red,,,,,'10712636,200.0,shopify,50,continue,manual,799.00,,true,true,,,,,'10712636,,,,,,,,,,,,,,,,,,,,,,,,,,,,,,,,,,,,,,,,,,,,,,,https://cdn.shopify.com/s/files/1/0618/2368/0740/files/16_8bbd7edf-9145-4087-86c3-e8c2ab00aa4d.png?v=1719669230,kg,,,,,,
unicorn-t-shirt-for-kids,,,,,,,,,3-4 YRS,,,Yellow,,,,,'10712637,200.0,shopify,50,continue,manual,799.00,,true,true,,,,,'10712637,,,,,,,,,,,,,,,,,,,,,,,,,,,,,,,,,,,,,,,,,,,,,,,https://cdn.shopify.com/s/files/1/0618/2368/0740/files/22_a3f2c258-597f-485c-993b-cda7badb9c77.png?v=1719669038,kg,,,,,,
unicorn-t-shirt-for-kids,,,,,,,,,3-4 YRS,,,Mahroon,,,,,'10712638,200.0,shopify,50,continue,manual,799.00,,true,true,,,,,'10712638,,,,,,,,,,,,,,,,,,,,,,,,,,,,,,,,,,,,,,,,,,,,,,,https://cdn.shopify.com/s/files/1/0618/2368/0740/files/20_be2a4d45-e655-4c71-af8b-c0147554f898.png?v=1719669230,kg,,,,,,
unicorn-t-shirt-for-kids,,,,,,,,,3-4 YRS,,,Light Blue,,,,,'10712639,200.0,shopify,50,continue,manual,799.00,,true,true,,,,,'10712639,,,,,,,,,,,,,,,,,,,,,,,,,,,,,,,,,,,,,,,,,,,,,,,https://cdn.shopify.com/s/files/1/0618/2368/0740/files/23_4fe00c79-fbfb-4c4d-8129-4a52c0f5d137.png?v=1719669038,kg,,,,,,
unicorn-t-shirt-for-kids,,,,,,,,,3-4 YRS,,,Purple,,,,,'10712640,200.0,shopify,0,continue,manual,799.00,,true,true,,,,,'10712640,,,,,,,,,,,,,,,,,,,,,,,,,,,,,,,,,,,,,,,,,,,,,,,https://cdn.shopify.com/s/files/1/0618/2368/0740/files/34_bb5302ac-23cb-4ee8-af76-4d8766eb1190.png?v=1719669038,kg,,,,,,
unicorn-t-shirt-for-kids,,,,,,,,,3-4 YRS,,,Green,,,,,'10712641,200.0,shopify,0,continue,manual,799.00,,true,true,,,,,'10712641,,,,,,,,,,,,,,,,,,,,,,,,,,,,,,,,,,,,,,,,,,,,,,,https://cdn.shopify.com/s/files/1/0618/2368/0740/files/26_ef27c943-46f2-4872-bbb7-588c56731a81.png?v=1719669038,kg,,,,,,
unicorn-t-shirt-for-kids,,,,,,,,,3-4 YRS,,,Beige,,,,,'10712642,200.0,shopify,0,continue,manual,799.00,,true,true,,,,,'10712642,,,,,,,,,,,,,,,,,,,,,,,,,,,,,,,,,,,,,,,,,,,,,,,https://cdn.shopify.com/s/files/1/0618/2368/0740/files/27_83483c2c-b5d3-42c9-9ab0-a041e4bd0ae8.png?v=1719669038,kg,,,,,,
unicorn-t-shirt-for-kids,,,,,,,,,3-4 YRS,,,Navy Blue,,,,,'10712643,200.0,shopify,0,continue,manual,799.00,,true,true,,,,,'10712643,,,,,,,,,,,,,,,,,,,,,,,,,,,,,,,,,,,,,,,,,,,,,,,https://cdn.shopify.com/s/files/1/0618/2368/0740/files/24_781b2075-50f9-44e1-8242-0971c965a7e6.png?v=1719669038,kg,,,,,,
unicorn-t-shirt-for-kids,,,,,,,,,5-6 YRS,,,White,,,,,'10712644,200.0,shopify,48,continue,manual,799.00,,true,true,,,,,'10712644,,,,,,,,,,,,,,,,,,,,,,,,,,,,,,,,,,,,,,,,,,,,,,,https://cdn.shopify.com/s/files/1/0618/2368/0740/files/15_9815e319-3cc0-4698-97f0-3191e36fc65d.png?v=1719669038,kg,,,,,,
unicorn-t-shirt-for-kids,,,,,,,,,5-6 YRS,,,Pink,,,,,'10712645,200.0,shopify,50,continue,manual,799.00,,true,true,,,,,'10712645,,,,,,,,,,,,,,,,,,,,,,,,,,,,,,,,,,,,,,,,,,,,,,,https://cdn.shopify.com/s/files/1/0618/2368/0740/files/19_ebbbab21-984f-4660-9fd2-643f72266522.png?v=1719669230,kg,,,,,,
unicorn-t-shirt-for-kids,,,,,,,,,5-6 YRS,,,Bottle green,,,,,'10712646,200.0,shopify,50,continue,manual,799.00,,true,true,,,,,'10712646,,,,,,,,,,,,,,,,,,,,,,,,,,,,,,,,,,,,,,,,,,,,,,,https://cdn.shopify.com/s/files/1/0618/2368/0740/files/25_6cad5efa-fc2f-4116-aac8-b2f6eded1cc7.png?v=1719669038,kg,,,,,,
unicorn-t-shirt-for-kids,,,,,,,,,5-6 YRS,,,Orange,,,,,'10712647,200.0,shopify,50,continue,manual,799.00,,true,true,,,,,'10712647,,,,,,,,,,,,,,,,,,,,,,,,,,,,,,,,,,,,,,,,,,,,,,,https://cdn.shopify.com/s/files/1/0618/2368/0740/files/17_f6847a44-d836-4a0e-9127-cddbdf7f828e.png?v=1719669230,kg,,,,,,
unicorn-t-shirt-for-kids,,,,,,,,,5-6 YRS,,,Grey,,,,,'10712648,200.0,shopify,50,continue,manual,799.00,,true,true,,,,,'10712648,,,,,,,,,,,,,,,,,,,,,,,,,,,,,,,,,,,,,,,,,,,,,,,https://cdn.shopify.com/s/files/1/0618/2368/0740/files/21_30e9ff5d-7ab8-4826-b533-edc8fd7cd0de.png?v=1719669230,kg,,,,,,
unicorn-t-shirt-for-kids,,,,,,,,,5-6 YRS,,,Black,,,,,'10712649,200.0,shopify,50,continue,manual,799.00,,true,true,,,,,'10712649,,,,,,,,,,,,,,,,,,,,,,,,,,,,,,,,,,,,,,,,,,,,,,,https://cdn.shopify.com/s/files/1/0618/2368/0740/files/14_a67a4906-c434-4d61-a6fb-34ba69f752e2.png?v=1719669230,kg,,,,,,
unicorn-t-shirt-for-kids,,,,,,,,,5-6 YRS,,,Red,,,,,'10712650,200.0,shopify,50,continue,manual,799.00,,true,true,,,,,'10712650,,,,,,,,,,,,,,,,,,,,,,,,,,,,,,,,,,,,,,,,,,,,,,,https://cdn.shopify.com/s/files/1/0618/2368/0740/files/16_8bbd7edf-9145-4087-86c3-e8c2ab00aa4d.png?v=1719669230,kg,,,,,,
unicorn-t-shirt-for-kids,,,,,,,,,5-6 YRS,,,Yellow,,,,,'10712651,200.0,shopify,50,continue,manual,799.00,,true,true,,,,,'10712651,,,,,,,,,,,,,,,,,,,,,,,,,,,,,,,,,,,,,,,,,,,,,,,https://cdn.shopify.com/s/files/1/0618/2368/0740/files/22_a3f2c258-597f-485c-993b-cda7badb9c77.png?v=1719669038,kg,,,,,,
unicorn-t-shirt-for-kids,,,,,,,,,5-6 YRS,,,Mahroon,,,,,'10712652,200.0,shopify,50,continue,manual,799.00,,true,true,,,,,'10712652,,,,,,,,,,,,,,,,,,,,,,,,,,,,,,,,,,,,,,,,,,,,,,,https://cdn.shopify.com/s/files/1/0618/2368/0740/files/20_be2a4d45-e655-4c71-af8b-c0147554f898.png?v=1719669230,kg,,,,,,
unicorn-t-shirt-for-kids,,,,,,,,,5-6 YRS,,,Light Blue,,,,,'10712653,200.0,shopify,50,continue,manual,799.00,,true,true,,,,,'10712653,,,,,,,,,,,,,,,,,,,,,,,,,,,,,,,,,,,,,,,,,,,,,,,https://cdn.shopify.com/s/files/1/0618/2368/0740/files/23_4fe00c79-fbfb-4c4d-8129-4a52c0f5d137.png?v=1719669038,kg,,,,,,
unicorn-t-shirt-for-kids,,,,,,,,,5-6 YRS,,,Purple,,,,,'10712654,200.0,shopify,0,continue,manual,799.00,,true,true,,,,,'10712654,,,,,,,,,,,,,,,,,,,,,,,,,,,,,,,,,,,,,,,,,,,,,,,https://cdn.shopify.com/s/files/1/0618/2368/0740/files/34_bb5302ac-23cb-4ee8-af76-4d8766eb1190.png?v=1719669038,kg,,,,,,
unicorn-t-shirt-for-kids,,,,,,,,,5-6 YRS,,,Green,,,,,'10712655,200.0,shopify,0,continue,manual,799.00,,true,true,,,,,'10712655,,,,,,,,,,,,,,,,,,,,,,,,,,,,,,,,,,,,,,,,,,,,,,,https://cdn.shopify.com/s/files/1/0618/2368/0740/files/26_ef27c943-46f2-4872-bbb7-588c56731a81.png?v=1719669038,kg,,,,,,
unicorn-t-shirt-for-kids,,,,,,,,,5-6 YRS,,,Beige,,,,,'10712656,200.0,shopify,0,continue,manual,799.00,,true,true,,,,,'10712656,,,,,,,,,,,,,,,,,,,,,,,,,,,,,,,,,,,,,,,,,,,,,,,https://cdn.shopify.com/s/files/1/0618/2368/0740/files/27_83483c2c-b5d3-42c9-9ab0-a041e4bd0ae8.png?v=1719669038,kg,,,,,,
unicorn-t-shirt-for-kids,,,,,,,,,5-6 YRS,,,Navy Blue,,,,,'10712657,200.0,shopify,0,continue,manual,799.00,,true,true,,,,,'10712657,,,,,,,,,,,,,,,,,,,,,,,,,,,,,,,,,,,,,,,,,,,,,,,https://cdn.shopify.com/s/files/1/0618/2368/0740/files/24_781b2075-50f9-44e1-8242-0971c965a7e6.png?v=1719669038,kg,,,,,,
unicorn-t-shirt-for-kids,,,,,,,,,7-8 YRS,,,White,,,,,'10712658,200.0,shopify,50,continue,manual,799.00,,true,true,,,,,'10712658,,,,,,,,,,,,,,,,,,,,,,,,,,,,,,,,,,,,,,,,,,,,,,,https://cdn.shopify.com/s/files/1/0618/2368/0740/files/15_9815e319-3cc0-4698-97f0-3191e36fc65d.png?v=1719669038,kg,,,,,,
unicorn-t-shirt-for-kids,,,,,,,,,7-8 YRS,,,Pink,,,,,'10712659,200.0,shopify,49,continue,manual,799.00,,true,true,,,,,'10712659,,,,,,,,,,,,,,,,,,,,,,,,,,,,,,,,,,,,,,,,,,,,,,,https://cdn.shopify.com/s/files/1/0618/2368/0740/files/19_ebbbab21-984f-4660-9fd2-643f72266522.png?v=1719669230,kg,,,,,,
unicorn-t-shirt-for-kids,,,,,,,,,7-8 YRS,,,Bottle green,,,,,'10712660,200.0,shopify,50,continue,manual,799.00,,true,true,,,,,'10712660,,,,,,,,,,,,,,,,,,,,,,,,,,,,,,,,,,,,,,,,,,,,,,,https://cdn.shopify.com/s/files/1/0618/2368/0740/files/25_6cad5efa-fc2f-4116-aac8-b2f6eded1cc7.png?v=1719669038,kg,,,,,,
unicorn-t-shirt-for-kids,,,,,,,,,7-8 YRS,,,Orange,,,,,'10712661,200.0,shopify,50,continue,manual,799.00,,true,true,,,,,'10712661,,,,,,,,,,,,,,,,,,,,,,,,,,,,,,,,,,,,,,,,,,,,,,,https://cdn.shopify.com/s/files/1/0618/2368/0740/files/17_f6847a44-d836-4a0e-9127-cddbdf7f828e.png?v=1719669230,kg,,,,,,
unicorn-t-shirt-for-kids,,,,,,,,,7-8 YRS,,,Grey,,,,,'10712662,200.0,shopify,50,continue,manual,799.00,,true,true,,,,,'10712662,,,,,,,,,,,,,,,,,,,,,,,,,,,,,,,,,,,,,,,,,,,,,,,https://cdn.shopify.com/s/files/1/0618/2368/0740/files/21_30e9ff5d-7ab8-4826-b533-edc8fd7cd0de.png?v=1719669230,kg,,,,,,
unicorn-t-shirt-for-kids,,,,,,,,,7-8 YRS,,,Black,,,,,'10712663,200.0,shopify,50,continue,manual,799.00,,true,true,,,,,'10712663,,,,,,,,,,,,,,,,,,,,,,,,,,,,,,,,,,,,,,,,,,,,,,,https://cdn.shopify.com/s/files/1/0618/2368/0740/files/14_a67a4906-c434-4d61-a6fb-34ba69f752e2.png?v=1719669230,kg,,,,,,
unicorn-t-shirt-for-kids,,,,,,,,,7-8 YRS,,,Red,,,,,'10712664,200.0,shopify,50,continue,manual,799.00,,true,true,,,,,'10712664,,,,,,,,,,,,,,,,,,,,,,,,,,,,,,,,,,,,,,,,,,,,,,,https://cdn.shopify.com/s/files/1/0618/2368/0740/files/16_8bbd7edf-9145-4087-86c3-e8c2ab00aa4d.png?v=1719669230,kg,,,,,,
unicorn-t-shirt-for-kids,,,,,,,,,7-8 YRS,,,Yellow,,,,,'10712665,200.0,shopify,50,continue,manual,799.00,,true,true,,,,,'10712665,,,,,,,,,,,,,,,,,,,,,,,,,,,,,,,,,,,,,,,,,,,,,,,https://cdn.shopify.com/s/files/1/0618/2368/0740/files/22_a3f2c258-597f-485c-993b-cda7badb9c77.png?v=1719669038,kg,,,,,,
unicorn-t-shirt-for-kids,,,,,,,,,7-8 YRS,,,Mahroon,,,,,'10712666,200.0,shopify,50,continue,manual,799.00,,true,true,,,,,'10712666,,,,,,,,,,,,,,,,,,,,,,,,,,,,,,,,,,,,,,,,,,,,,,,https://cdn.shopify.com/s/files/1/0618/2368/0740/files/20_be2a4d45-e655-4c71-af8b-c0147554f898.png?v=1719669230,kg,,,,,,
unicorn-t-shirt-for-kids,,,,,,,,,7-8 YRS,,,Light Blue,,,,,'10712667,200.0,shopify,50,continue,manual,799.00,,true,true,,,,,'10712667,,,,,,,,,,,,,,,,,,,,,,,,,,,,,,,,,,,,,,,,,,,,,,,https://cdn.shopify.com/s/files/1/0618/2368/0740/files/23_4fe00c79-fbfb-4c4d-8129-4a52c0f5d137.png?v=1719669038,kg,,,,,,
unicorn-t-shirt-for-kids,,,,,,,,,7-8 YRS,,,Purple,,,,,'10712668,200.0,shopify,0,continue,manual,799.00,,true,true,,,,,'10712668,,,,,,,,,,,,,,,,,,,,,,,,,,,,,,,,,,,,,,,,,,,,,,,https://cdn.shopify.com/s/files/1/0618/2368/0740/files/34_bb5302ac-23cb-4ee8-af76-4d8766eb1190.png?v=1719669038,kg,,,,,,
unicorn-t-shirt-for-kids,,,,,,,,,7-8 YRS,,,Green,,,,,'10712669,200.0,shopify,0,continue,manual,799.00,,true,true,,,,,'10712669,,,,,,,,,,,,,,,,,,,,,,,,,,,,,,,,,,,,,,,,,,,,,,,https://cdn.shopify.com/s/files/1/0618/2368/0740/files/26_ef27c943-46f2-4872-bbb7-588c56731a81.png?v=1719669038,kg,,,,,,
unicorn-t-shirt-for-kids,,,,,,,,,7-8 YRS,,,Beige,,,,,'10712670,200.0,shopify,0,continue,manual,799.00,,true,true,,,,,'10712670,,,,,,,,,,,,,,,,,,,,,,,,,,,,,,,,,,,,,,,,,,,,,,,https://cdn.shopify.com/s/files/1/0618/2368/0740/files/27_83483c2c-b5d3-42c9-9ab0-a041e4bd0ae8.png?v=1719669038,kg,,,,,,
unicorn-t-shirt-for-kids,,,,,,,,,7-8 YRS,,,Navy Blue,,,,,'10712671,200.0,shopify,0,continue,manual,799.00,,true,true,,,,,'10712671,,,,,,,,,,,,,,,,,,,,,,,,,,,,,,,,,,,,,,,,,,,,,,,https://cdn.shopify.com/s/files/1/0618/2368/0740/files/24_781b2075-50f9-44e1-8242-0971c965a7e6.png?v=1719669038,kg,,,,,,
unicorn-t-shirt-for-kids,,,,,,,,,9-10 YRS,,,White,,,,,'10712672,200.0,shopify,50,continue,manual,899.00,,true,true,,,,,'10712672,,,,,,,,,,,,,,,,,,,,,,,,,,,,,,,,,,,,,,,,,,,,,,,https://cdn.shopify.com/s/files/1/0618/2368/0740/files/15_9815e319-3cc0-4698-97f0-3191e36fc65d.png?v=1719669038,kg,,,,,,
unicorn-t-shirt-for-kids,,,,,,,,,9-10 YRS,,,Pink,,,,,'10712673,200.0,shopify,50,continue,manual,899.00,,true,true,,,,,'10712673,,,,,,,,,,,,,,,,,,,,,,,,,,,,,,,,,,,,,,,,,,,,,,,https://cdn.shopify.com/s/files/1/0618/2368/0740/files/19_ebbbab21-984f-4660-9fd2-643f72266522.png?v=1719669230,kg,,,,,,
unicorn-t-shirt-for-kids,,,,,,,,,9-10 YRS,,,Bottle green,,,,,'10712674,200.0,shopify,50,continue,manual,899.00,,true,true,,,,,'10712674,,,,,,,,,,,,,,,,,,,,,,,,,,,,,,,,,,,,,,,,,,,,,,,https://cdn.shopify.com/s/files/1/0618/2368/0740/files/25_6cad5efa-fc2f-4116-aac8-b2f6eded1cc7.png?v=1719669038,kg,,,,,,
unicorn-t-shirt-for-kids,,,,,,,,,9-10 YRS,,,Orange,,,,,'10712675,200.0,shopify,50,continue,manual,899.00,,true,true,,,,,'10712675,,,,,,,,,,,,,,,,,,,,,,,,,,,,,,,,,,,,,,,,,,,,,,,https://cdn.shopify.com/s/files/1/0618/2368/0740/files/17_f6847a44-d836-4a0e-9127-cddbdf7f828e.png?v=1719669230,kg,,,,,,
unicorn-t-shirt-for-kids,,,,,,,,,9-10 YRS,,,Grey,,,,,'10712676,200.0,shopify,50,continue,manual,899.00,,true,true,,,,,'10712676,,,,,,,,,,,,,,,,,,,,,,,,,,,,,,,,,,,,,,,,,,,,,,,https://cdn.shopify.com/s/files/1/0618/2368/0740/files/21_30e9ff5d-7ab8-4826-b533-edc8fd7cd0de.png?v=1719669230,kg,,,,,,
unicorn-t-shirt-for-kids,,,,,,,,,9-10 YRS,,,Black,,,,,'10712677,200.0,shopify,50,continue,manual,899.00,,true,true,,,,,'10712677,,,,,,,,,,,,,,,,,,,,,,,,,,,,,,,,,,,,,,,,,,,,,,,https://cdn.shopify.com/s/files/1/0618/2368/0740/files/14_a67a4906-c434-4d61-a6fb-34ba69f752e2.png?v=1719669230,kg,,,,,,
unicorn-t-shirt-for-kids,,,,,,,,,9-10 YRS,,,Red,,,,,'10712678,200.0,shopify,50,continue,manual,899.00,,true,true,,,,,'10712678,,,,,,,,,,,,,,,,,,,,,,,,,,,,,,,,,,,,,,,,,,,,,,,https://cdn.shopify.com/s/files/1/0618/2368/0740/files/16_8bbd7edf-9145-4087-86c3-e8c2ab00aa4d.png?v=1719669230,kg,,,,,,
unicorn-t-shirt-for-kids,,,,,,,,,9-10 YRS,,,Yellow,,,,,'10712679,200.0,shopify,50,continue,manual,899.00,,true,true,,,,,'10712679,,,,,,,,,,,,,,,,,,,,,,,,,,,,,,,,,,,,,,,,,,,,,,,https://cdn.shopify.com/s/files/1/0618/2368/0740/files/22_a3f2c258-597f-485c-993b-cda7badb9c77.png?v=1719669038,kg,,,,,,
unicorn-t-shirt-for-kids,,,,,,,,,9-10 YRS,,,Mahroon,,,,,'10712680,200.0,shopify,50,continue,manual,899.00,,true,true,,,,,'10712680,,,,,,,,,,,,,,,,,,,,,,,,,,,,,,,,,,,,,,,,,,,,,,,https://cdn.shopify.com/s/files/1/0618/2368/0740/files/20_be2a4d45-e655-4c71-af8b-c0147554f898.png?v=1719669230,kg,,,,,,
unicorn-t-shirt-for-kids,,,,,,,,,9-10 YRS,,,Light Blue,,,,,'10712681,200.0,shopify,49,continue,manual,899.00,,true,true,,,,,'10712681,,,,,,,,,,,,,,,,,,,,,,,,,,,,,,,,,,,,,,,,,,,,,,,https://cdn.shopify.com/s/files/1/0618/2368/0740/files/23_4fe00c79-fbfb-4c4d-8129-4a52c0f5d137.png?v=1719669038,kg,,,,,,
unicorn-t-shirt-for-kids,,,,,,,,,9-10 YRS,,,Purple,,,,,'10712682,200.0,shopify,0,continue,manual,899.00,,true,true,,,,,'10712682,,,,,,,,,,,,,,,,,,,,,,,,,,,,,,,,,,,,,,,,,,,,,,,https://cdn.shopify.com/s/files/1/0618/2368/0740/files/34_bb5302ac-23cb-4ee8-af76-4d8766eb1190.png?v=1719669038,kg,,,,,,
unicorn-t-shirt-for-kids,,,,,,,,,9-10 YRS,,,Green,,,,,'10712683,200.0,shopify,0,continue,manual,899.00,,true,true,,,,,'10712683,,,,,,,,,,,,,,,,,,,,,,,,,,,,,,,,,,,,,,,,,,,,,,,https://cdn.shopify.com/s/files/1/0618/2368/0740/files/26_ef27c943-46f2-4872-bbb7-588c56731a81.png?v=1719669038,kg,,,,,,
unicorn-t-shirt-for-kids,,,,,,,,,9-10 YRS,,,Beige,,,,,'10712684,200.0,shopify,0,continue,manual,899.00,,true,true,,,,,'10712684,,,,,,,,,,,,,,,,,,,,,,,,,,,,,,,,,,,,,,,,,,,,,,,https://cdn.shopify.com/s/files/1/0618/2368/0740/files/27_83483c2c-b5d3-42c9-9ab0-a041e4bd0ae8.png?v=1719669038,kg,,,,,,
unicorn-t-shirt-for-kids,,,,,,,,,9-10 YRS,,,Navy Blue,,,,,'10712685,200.0,shopify,0,continue,manual,899.00,,true,true,,,,,'10712685,,,,,,,,,,,,,,,,,,,,,,,,,,,,,,,,,,,,,,,,,,,,,,,https://cdn.shopify.com/s/files/1/0618/2368/0740/files/24_781b2075-50f9-44e1-8242-0971c965a7e6.png?v=1719669038,kg,,,,,,
unicorn-t-shirt-for-kids,,,,,,,,,11-12 YRS,,,White,,,,,'10712686,200.0,shopify,50,continue,manual,899.00,,true,true,,,,,'10712686,,,,,,,,,,,,,,,,,,,,,,,,,,,,,,,,,,,,,,,,,,,,,,,https://cdn.shopify.com/s/files/1/0618/2368/0740/files/15_9815e319-3cc0-4698-97f0-3191e36fc65d.png?v=1719669038,kg,,,,,,
unicorn-t-shirt-for-kids,,,,,,,,,11-12 YRS,,,Pink,,,,,'10712687,200.0,shopify,50,continue,manual,899.00,,true,true,,,,,'10712687,,,,,,,,,,,,,,,,,,,,,,,,,,,,,,,,,,,,,,,,,,,,,,,https://cdn.shopify.com/s/files/1/0618/2368/0740/files/19_ebbbab21-984f-4660-9fd2-643f72266522.png?v=1719669230,kg,,,,,,
unicorn-t-shirt-for-kids,,,,,,,,,11-12 YRS,,,Bottle green,,,,,'10712688,200.0,shopify,50,continue,manual,899.00,,true,true,,,,,'10712688,,,,,,,,,,,,,,,,,,,,,,,,,,,,,,,,,,,,,,,,,,,,,,,https://cdn.shopify.com/s/files/1/0618/2368/0740/files/25_6cad5efa-fc2f-4116-aac8-b2f6eded1cc7.png?v=1719669038,kg,,,,,,
unicorn-t-shirt-for-kids,,,,,,,,,11-12 YRS,,,Orange,,,,,'10712689,200.0,shopify,50,continue,manual,899.00,,true,true,,,,,'10712689,,,,,,,,,,,,,,,,,,,,,,,,,,,,,,,,,,,,,,,,,,,,,,,https://cdn.shopify.com/s/files/1/0618/2368/0740/files/17_f6847a44-d836-4a0e-9127-cddbdf7f828e.png?v=1719669230,kg,,,,,,
unicorn-t-shirt-for-kids,,,,,,,,,11-12 YRS,,,Grey,,,,,'10712690,200.0,shopify,50,continue,manual,899.00,,true,true,,,,,'10712690,,,,,,,,,,,,,,,,,,,,,,,,,,,,,,,,,,,,,,,,,,,,,,,https://cdn.shopify.com/s/files/1/0618/2368/0740/files/21_30e9ff5d-7ab8-4826-b533-edc8fd7cd0de.png?v=1719669230,kg,,,,,,
unicorn-t-shirt-for-kids,,,,,,,,,11-12 YRS,,,Black,,,,,'10712691,200.0,shopify,50,continue,manual,899.00,,true,true,,,,,'10712691,,,,,,,,,,,,,,,,,,,,,,,,,,,,,,,,,,,,,,,,,,,,,,,https://cdn.shopify.com/s/files/1/0618/2368/0740/files/14_a67a4906-c434-4d61-a6fb-34ba69f752e2.png?v=1719669230,kg,,,,,,
unicorn-t-shirt-for-kids,,,,,,,,,11-12 YRS,,,Red,,,,,'10712692,200.0,shopify,50,continue,manual,899.00,,true,true,,,,,'10712692,,,,,,,,,,,,,,,,,,,,,,,,,,,,,,,,,,,,,,,,,,,,,,,https://cdn.shopify.com/s/files/1/0618/2368/0740/files/16_8bbd7edf-9145-4087-86c3-e8c2ab00aa4d.png?v=1719669230,kg,,,,,,
unicorn-t-shirt-for-kids,,,,,,,,,11-12 YRS,,,Yellow,,,,,'10712693,200.0,shopify,50,continue,manual,899.00,,true,true,,,,,'10712693,,,,,,,,,,,,,,,,,,,,,,,,,,,,,,,,,,,,,,,,,,,,,,,https://cdn.shopify.com/s/files/1/0618/2368/0740/files/22_a3f2c258-597f-485c-993b-cda7badb9c77.png?v=1719669038,kg,,,,,,
unicorn-t-shirt-for-kids,,,,,,,,,11-12 YRS,,,Mahroon,,,,,'10712694,200.0,shopify,50,continue,manual,899.00,,true,true,,,,,'10712694,,,,,,,,,,,,,,,,,,,,,,,,,,,,,,,,,,,,,,,,,,,,,,,https://cdn.shopify.com/s/files/1/0618/2368/0740/files/20_be2a4d45-e655-4c71-af8b-c0147554f898.png?v=1719669230,kg,,,,,,
unicorn-t-shirt-for-kids,,,,,,,,,11-12 YRS,,,Light Blue,,,,,'10712695,200.0,shopify,50,continue,manual,899.00,,true,true,,,,,'10712695,,,,,,,,,,,,,,,,,,,,,,,,,,,,,,,,,,,,,,,,,,,,,,,https://cdn.shopify.com/s/files/1/0618/2368/0740/files/23_4fe00c79-fbfb-4c4d-8129-4a52c0f5d137.png?v=1719669038,kg,,,,,,
unicorn-t-shirt-for-kids,,,,,,,,,11-12 YRS,,,Purple,,,,,'10712696,200.0,shopify,0,continue,manual,899.00,,true,true,,,,,'10712696,,,,,,,,,,,,,,,,,,,,,,,,,,,,,,,,,,,,,,,,,,,,,,,https://cdn.shopify.com/s/files/1/0618/2368/0740/files/34_bb5302ac-23cb-4ee8-af76-4d8766eb1190.png?v=1719669038,kg,,,,,,
unicorn-t-shirt-for-kids,,,,,,,,,11-12 YRS,,,Green,,,,,'10712697,200.0,shopify,0,continue,manual,899.00,,true,true,,,,,'10712697,,,,,,,,,,,,,,,,,,,,,,,,,,,,,,,,,,,,,,,,,,,,,,,https://cdn.shopify.com/s/files/1/0618/2368/0740/files/26_ef27c943-46f2-4872-bbb7-588c56731a81.png?v=1719669038,kg,,,,,,
unicorn-t-shirt-for-kids,,,,,,,,,11-12 YRS,,,Beige,,,,,'10712698,200.0,shopify,0,continue,manual,899.00,,true,true,,,,,'10712698,,,,,,,,,,,,,,,,,,,,,,,,,,,,,,,,,,,,,,,,,,,,,,,https://cdn.shopify.com/s/files/1/0618/2368/0740/files/27_83483c2c-b5d3-42c9-9ab0-a041e4bd0ae8.png?v=1719669038,kg,,,,,,
unicorn-t-shirt-for-kids,,,,,,,,,11-12 YRS,,,Navy Blue,,,,,'10712699,200.0,shopify,0,continue,manual,899.00,,true,true,,,,,'10712699,,,,,,,,,,,,,,,,,,,,,,,,,,,,,,,,,,,,,,,,,,,,,,,https://cdn.shopify.com/s/files/1/0618/2368/0740/files/24_781b2075-50f9-44e1-8242-0971c965a7e6.png?v=1719669038,kg,,,,,,
unicorn-t-shirt-for-kids,,,,,,,,,13-14 YRS,,,White,,,,,'10712700,200.0,shopify,100,continue,manual,999.00,,true,true,,,,,'10712700,,,,,,,,,,,,,,,,,,,,,,,,,,,,,,,,,,,,,,,,,,,,,,,https://cdn.shopify.com/s/files/1/0618/2368/0740/files/15_9815e319-3cc0-4698-97f0-3191e36fc65d.png?v=1719669038,kg,,,,,,
unicorn-t-shirt-for-kids,,,,,,,,,13-14 YRS,,,Pink,,,,,'10712701,200.0,shopify,100,continue,manual,999.00,,true,true,,,,,'10712701,,,,,,,,,,,,,,,,,,,,,,,,,,,,,,,,,,,,,,,,,,,,,,,https://cdn.shopify.com/s/files/1/0618/2368/0740/files/19_ebbbab21-984f-4660-9fd2-643f72266522.png?v=1719669230,kg,,,,,,
unicorn-t-shirt-for-kids,,,,,,,,,13-14 YRS,,,Bottle green,,,,,'10712702,200.0,shopify,100,continue,manual,999.00,,true,true,,,,,'10712702,,,,,,,,,,,,,,,,,,,,,,,,,,,,,,,,,,,,,,,,,,,,,,,https://cdn.shopify.com/s/files/1/0618/2368/0740/files/25_6cad5efa-fc2f-4116-aac8-b2f6eded1cc7.png?v=1719669038,kg,,,,,,
unicorn-t-shirt-for-kids,,,,,,,,,13-14 YRS,,,Orange,,,,,'10712703,200.0,shopify,100,continue,manual,999.00,,true,true,,,,,'10712703,,,,,,,,,,,,,,,,,,,,,,,,,,,,,,,,,,,,,,,,,,,,,,,https://cdn.shopify.com/s/files/1/0618/2368/0740/files/17_f6847a44-d836-4a0e-9127-cddbdf7f828e.png?v=1719669230,kg,,,,,,
unicorn-t-shirt-for-kids,,,,,,,,,13-14 YRS,,,Grey,,,,,'10712704,200.0,shopify,100,continue,manual,999.00,,true,true,,,,,'10712704,,,,,,,,,,,,,,,,,,,,,,,,,,,,,,,,,,,,,,,,,,,,,,,https://cdn.shopify.com/s/files/1/0618/2368/0740/files/21_30e9ff5d-7ab8-4826-b533-edc8fd7cd0de.png?v=1719669230,kg,,,,,,
unicorn-t-shirt-for-kids,,,,,,,,,13-14 YRS,,,Black,,,,,'10712705,200.0,shopify,100,continue,manual,999.00,,true,true,,,,,'10712705,,,,,,,,,,,,,,,,,,,,,,,,,,,,,,,,,,,,,,,,,,,,,,,https://cdn.shopify.com/s/files/1/0618/2368/0740/files/14_a67a4906-c434-4d61-a6fb-34ba69f752e2.png?v=1719669230,kg,,,,,,
unicorn-t-shirt-for-kids,,,,,,,,,13-14 YRS,,,Red,,,,,'10712706,200.0,shopify,100,continue,manual,999.00,0.00,true,true,,,,,'10712706,,,,,,,,,,,,,,,,,,,,,,,,,,,,,,,,,,,,,,,,,,,,,,,https://cdn.shopify.com/s/files/1/0618/2368/0740/files/16_8bbd7edf-9145-4087-86c3-e8c2ab00aa4d.png?v=1719669230,kg,,,,,,
unicorn-t-shirt-for-kids,,,,,,,,,13-14 YRS,,,Yellow,,,,,'10712707,200.0,shopify,100,continue,manual,999.00,,true,true,,,,,'10712707,,,,,,,,,,,,,,,,,,,,,,,,,,,,,,,,,,,,,,,,,,,,,,,https://cdn.shopify.com/s/files/1/0618/2368/0740/files/22_a3f2c258-597f-485c-993b-cda7badb9c77.png?v=1719669038,kg,,,,,,
unicorn-t-shirt-for-kids,,,,,,,,,13-14 YRS,,,Mahroon,,,,,'10712708,200.0,shopify,100,continue,manual,999.00,,true,true,,,,,'10712708,,,,,,,,,,,,,,,,,,,,,,,,,,,,,,,,,,,,,,,,,,,,,,,https://cdn.shopify.com/s/files/1/0618/2368/0740/files/20_be2a4d45-e655-4c71-af8b-c0147554f898.png?v=1719669230,kg,,,,,,
unicorn-t-shirt-for-kids,,,,,,,,,13-14 YRS,,,Light Blue,,,,,'10712709,200.0,shopify,100,continue,manual,999.00,,true,true,,,,,'10712709,,,,,,,,,,,,,,,,,,,,,,,,,,,,,,,,,,,,,,,,,,,,,,,https://cdn.shopify.com/s/files/1/0618/2368/0740/files/23_4fe00c79-fbfb-4c4d-8129-4a52c0f5d137.png?v=1719669038,kg,,,,,,
unicorn-t-shirt-for-kids,,,,,,,,,13-14 YRS,,,Purple,,,,,'10712710,200.0,shopify,100,continue,manual,999.00,,true,true,,,,,'10712710,,,,,,,,,,,,,,,,,,,,,,,,,,,,,,,,,,,,,,,,,,,,,,,https://cdn.shopify.com/s/files/1/0618/2368/0740/files/34_bb5302ac-23cb-4ee8-af76-4d8766eb1190.png?v=1719669038,kg,,,,,,
unicorn-t-shirt-for-kids,,,,,,,,,13-14 YRS,,,Green,,,,,'10712711,200.0,shopify,100,continue,manual,999.00,,true,true,,,,,'10712711,,,,,,,,,,,,,,,,,,,,,,,,,,,,,,,,,,,,,,,,,,,,,,,https://cdn.shopify.com/s/files/1/0618/2368/0740/files/26_ef27c943-46f2-4872-bbb7-588c56731a81.png?v=1719669038,kg,,,,,,
unicorn-t-shirt-for-kids,,,,,,,,,13-14 YRS,,,Beige,,,,,'10712712,200.0,shopify,100,continue,manual,999.00,,true,true,,,,,'10712712,,,,,,,,,,,,,,,,,,,,,,,,,,,,,,,,,,,,,,,,,,,,,,,https://cdn.shopify.com/s/files/1/0618/2368/0740/files/27_83483c2c-b5d3-42c9-9ab0-a041e4bd0ae8.png?v=1719669038,kg,,,,,,
unicorn-t-shirt-for-kids,,,,,,,,,13-14 YRS,,,Navy Blue,,,,,'10706871,200.0,shopify,100,continue,manual,999.00,,true,true,,,,,'10706871,,,,,,,,,,,,,,,,,,,,,,,,,,,,,,,,,,,,,,,,,,,,,,,https://cdn.shopify.com/s/files/1/0618/2368/0740/files/24_781b2075-50f9-44e1-8242-0971c965a7e6.png?v=1719669038,kg,,,,,,
gamer-short-set,Game On Kids Short Set,"<p data-start=""204"" data-end=""616"">Let your little one step into playtime with style in the <strong data-start=""288"" data-end=""314"">Game On Kids Short Set</strong>. This trendy two-piece outfit features a cool black t-shirt with a bold “Gamer” graphic and unique contrast comic-style panels, paired with matching comfortable shorts. Designed for both style and comfort, the soft and breathable fabric keeps kids relaxed during play, outings, or everyday adventures.</p>
<p data-start=""618"" data-end=""891"">The modern graphic design adds a fun gamer-inspired vibe, making it a perfect outfit for kids who love games, creativity, and active days. Whether it’s playtime, casual wear, or summer outings, this set keeps your child looking stylish and feeling comfortable all day long.</p>
<p data-start=""893"" data-end=""1101""><strong data-start=""893"" data-end=""910"">Key Features:</strong><br data-start=""910"" data-end=""913"">✨ Soft and breathable fabric<br data-start=""941"" data-end=""944"">✨ Stylish “Gamer” graphic design<br data-start=""976"" data-end=""979"">✨ Matching shorts with comfortable fit<br data-start=""1017"" data-end=""1020"">✨ Perfect for casual wear and playtime<br data-start=""1058"" data-end=""1061"">✨ Lightweight and ideal for warm weather</p>",BBG FASHION,Apparel & Accessories > Clothing > Baby & Toddler Clothing,Kids Half Sleeves Twinset,"kids half sleeves, Premium Quality",true,Size,2 - 6 Months,,,,,,,,'10712610,500.0,shopify,97,deny,manual,999.00,,true,false,,,,,'10712610,https://cdn.shopify.com/s/files/1/0618/2368/0740/files/5_67.webp?v=1772142773,1,Gamer Short Set - front view - unisex wear Pakistan,false,,"Game On Kids Short Set – a stylish black gamer-themed t-shirt and shorts outfit for kids. Comfortable, breathable, and perfect for everyday play and summer wear. 🎮🖤",,,,,,,,,,,,,'2,,,,,,,,black,,,soft-cotton-jersey,,,,,,,,,,,,,,,,,https://cdn.shopify.com/s/files/1/0618/2368/0740/files/5_67.webp?v=1772142773,kg,,,true,,,active
gamer-short-set,,,,,,,,,6- 12 Months,,,,,,,,'10712611,500.0,shopify,96,deny,manual,999.00,,true,false,,,,,'10712611,https://cdn.shopify.com/s/files/1/0618/2368/0740/files/1_66.webp?v=1772142773,2,Gamer Short Set - back view - unisex wear Pakistan,,,,,,,,,,,,,,,,,,,,,,,,,,,,,,,,,,,,,,,,,,,,https://cdn.shopify.com/s/files/1/0618/2368/0740/files/5_67.webp?v=1772142773,kg,,,,,,
gamer-short-set,,,,,,,,,13 - 24 Months,,,,,,,,'10712612,500.0,shopify,94,deny,manual,999.00,,true,false,,,,,'10712612,https://cdn.shopify.com/s/files/1/0618/2368/0740/files/2_67.webp?v=1772142773,3,Gamer Short Set - side view - unisex wear Pakistan,,,,,,,,,,,,,,,,,,,,,,,,,,,,,,,,,,,,,,,,,,,,https://cdn.shopify.com/s/files/1/0618/2368/0740/files/5_67.webp?v=1772142773,kg,,,,,,
gamer-short-set,,,,,,,,,2 - 3 Years,,,,,,,,'10712613,500.0,shopify,90,deny,manual,999.00,,true,false,,,,,'10712613,https://cdn.shopify.com/s/files/1/0618/2368/0740/files/3_70.webp?v=1772142773,4,Gamer Short Set - detail shot - unisex wear Pakistan,,,,,,,,,,,,,,,,,,,,,,,,,,,,,,,,,,,,,,,,,,,,https://cdn.shopify.com/s/files/1/0618/2368/0740/files/5_67.webp?v=1772142773,kg,,,,,,
gamer-short-set,,,,,,,,,3 - 4 Years,,,,,,,,'10712614,500.0,shopify,85,deny,manual,999.00,,true,false,,,,,'10712614,https://cdn.shopify.com/s/files/1/0618/2368/0740/files/4_66.webp?v=1772142773,5,Gamer Short Set - front view - unisex wear Pakistan,,,,,,,,,,,,,,,,,,,,,,,,,,,,,,,,,,,,,,,,,,,,https://cdn.shopify.com/s/files/1/0618/2368/0740/files/5_67.webp?v=1772142773,kg,,,,,,
gamer-short-set,,,,,,,,,4 - 5 Years,,,,,,,,'10712615,500.0,shopify,91,deny,manual,999.00,,true,false,,,,,'10712615,https://cdn.shopify.com/s/files/1/0618/2368/0740/files/2-6bbgshortset_8c86b1b6-3ae8-474d-9e71-626cb38f7aef.webp?v=1781185230,6,"",,,,,,,,,,,,,,,,,,,,,,,,,,,,,,,,,,,,,,,,,,,,https://cdn.shopify.com/s/files/1/0618/2368/0740/files/5_67.webp?v=1772142773,kg,,,,,,
gamer-short-set,,,,,,,,,6 Years,,,,,,,,'10706870,500.0,shopify,88,deny,manual,999.00,,true,false,,,,,'10706870,,,,,,,,,,,,,,,,,,,,,,,,,,,,,,,,,,,,,,,,,,,,,,,https://cdn.shopify.com/s/files/1/0618/2368/0740/files/5_67.webp?v=1772142773,kg,,,,,,
confidence-short-set,Maroon Confidence Short Set,"<h4 data-start=""104"" data-end=""354"">Maroon Confidence Short Set</h4>
<p data-start=""104"" data-end=""354"">Let your little one stand out in style with the <strong data-start=""152"" data-end=""180"">Red Confidence Short Set</strong>. Designed with a trendy black and red color-block t-shirt featuring a “Confidence” print, paired with matching red shorts, this outfit is perfect for both comfort and style.</p>
<p data-start=""356"" data-end=""558"">Made from soft, breathable fabric, this kids co-ord set keeps your child cool and comfortable all day long. The relaxed fit allows easy movement, making it ideal for playtime, outings, or everyday wear.</p>
<p data-start=""560"" data-end=""581"">✨ <strong data-start=""562"" data-end=""579"">Key Features:</strong></p>
<ul data-start=""582"" data-end=""812"">
<li data-section-id=""ep83m8"" data-start=""582"" data-end=""622"">Stylish “Confidence” printed t-shirt</li>
<li data-section-id=""omw2ht"" data-start=""623"" data-end=""664"">Trendy black &amp; red color-block design</li>
<li data-section-id=""3pudom"" data-start=""665"" data-end=""708"">Soft, breathable &amp; skin-friendly fabric</li>
<li data-section-id=""1tz5hdn"" data-start=""709"" data-end=""754"">Comfortable shorts with elastic waistband</li>
<li data-section-id=""cwyipq"" data-start=""755"" data-end=""812"">Perfect for summer wear, playtime, and casual outings</li>
</ul>",BBG FASHION,Apparel & Accessories > Clothing > Baby & Toddler Clothing,Kids Half Sleeves Twinset,"kids half sleeves, Premium Quality",true,Size,2-6-months,product.metafields.shopify.size,Color,maroon,product.metafields.shopify.color-pattern,,,,'10712583,500.0,shopify,79,deny,manual,999.00,,true,false,,,,,'10712583,https://cdn.shopify.com/s/files/1/0618/2368/0740/files/4_67.webp?v=1772143365,1,Confidence Short Set - front view - unisex wear Pakistan,false,,"Shop the Red Confidence Short Set for kids featuring a stylish black and red t-shirt with matching shorts—crafted from soft, breathable fabric for comfort, playtime, and everyday wear.",,,,,,,,,,,,,'15,,,,,,,,maroon,,,,,,,,,,2-6-months; 6-12; 13-14-months; 2-3-years; 3-4-years; 4-5-years; 6-years,,,,,,,,,,,kg,,,true,,,active
confidence-short-set,,,,,,,,,6-12,,,maroon,,,,,'10712587,500.0,shopify,139,deny,manual,999.00,,true,false,,,,,'10712587,https://cdn.shopify.com/s/files/1/0618/2368/0740/files/2_68.webp?v=1772143378,2,Confidence Short Set - back view - unisex wear Pakistan,,,,,,,,,,,,,,,,,,,,,,,,,,,,,,,,,,,,,,,,,,,,,kg,,,,,,
confidence-short-set,,,,,,,,,13-14-months,,,maroon,,,,,'10712591,500.0,shopify,51,deny,manual,999.00,,true,false,,,,,'10712591,https://cdn.shopify.com/s/files/1/0618/2368/0740/files/1_67.webp?v=1772143378,3,Confidence Short Set - side view - unisex wear Pakistan,,,,,,,,,,,,,,,,,,,,,,,,,,,,,,,,,,,,,,,,,,,,,kg,,,,,,
confidence-short-set,,,,,,,,,2-3-years,,,maroon,,,,,'10712595,500.0,shopify,38,deny,manual,999.00,,true,false,,,,,'10712595,https://cdn.shopify.com/s/files/1/0618/2368/0740/files/3_71.webp?v=1772143365,4,Confidence Short Set - detail shot - unisex wear Pakistan,,,,,,,,,,,,,,,,,,,,,,,,,,,,,,,,,,,,,,,,,,,,,kg,,,,,,
confidence-short-set,,,,,,,,,3-4-years,,,maroon,,,,,'10712599,500.0,shopify,0,deny,manual,999.00,,true,false,,,,,'10712599,https://cdn.shopify.com/s/files/1/0618/2368/0740/files/5_68.webp?v=1772143365,5,Confidence Short Set - front view - unisex wear Pakistan,,,,,,,,,,,,,,,,,,,,,,,,,,,,,,,,,,,,,,,,,,,,,kg,,,,,,
confidence-short-set,,,,,,,,,4-5-years,,,maroon,,,,,'10712603,500.0,shopify,-9,deny,manual,999.00,,true,false,,,,,'10712603,https://cdn.shopify.com/s/files/1/0618/2368/0740/files/2-6bbgshortset_d9874c73-38bc-416c-be67-ba6c88a9210f.webp?v=1781185251,6,"",,,,,,,,,,,,,,,,,,,,,,,,,,,,,,,,,,,,,,,,,,,,,kg,,,,,,
confidence-short-set,,,,,,,,,6-years,,,maroon,,,,,'10712607,500.0,shopify,-6,deny,manual,999.00,,true,false,,,,,'10712607,,,,,,,,,,,,,,,,,,,,,,,,,,,,,,,,,,,,,,,,,,,,,,,,kg,,,,,,
lv-great-short-set,LV Great Short Set - Red,"<h4 data-section-id=""1a7bg3t"" data-start=""281"" data-end=""301"">LV Great Short Set - Red</h4>
<p data-start=""303"" data-end=""622"">Keep your little one looking stylish and feeling comfortable with the <strong data-start=""373"" data-end=""395"">LV Great Short Set</strong> — a trendy summer outfit designed for playful days and cool vibes. Featuring a bold all-over inspired print with vibrant colors and a modern matching design, this set adds a fashionable touch to your child’s everyday wardrobe.</p>
<p data-start=""624"" data-end=""726"">Made with soft and breathable fabric, it keeps kids cool, relaxed, and comfortable throughout the day.</p>
<h3 data-section-id=""q4c1cr"" data-start=""728"" data-end=""741"">Features:</h3>
<ul data-start=""742"" data-end=""1011"">
<li data-section-id=""nechta"" data-start=""742"" data-end=""772"">2-piece matching short set</li>
<li data-section-id=""6mim7"" data-start=""773"" data-end=""807"">Trendy designer-inspired print</li>
<li data-section-id=""1xzd5y7"" data-start=""808"" data-end=""836"">Soft &amp; breathable fabric</li>
<li data-section-id=""c79p7q"" data-start=""837"" data-end=""872"">Lightweight and summer-friendly</li>
<li data-section-id=""10y3fpc"" data-start=""873"" data-end=""907"">Comfortable round neck T-shirt</li>
<li data-section-id=""1grmjxu"" data-start=""908"" data-end=""942"">Elastic waistband for easy fit</li>
<li data-section-id=""1cdzmhr"" data-start=""943"" data-end=""971"">Stylish and playful look</li>
<li data-section-id=""1wtwtt7"" data-start=""972"" data-end=""1011"">Durable stitching for everyday wear</li>
</ul>
<h3 data-section-id=""6h5g3v"" data-start=""1013"" data-end=""1029"">Fabric Feel:</h3>
<p data-start=""1030"" data-end=""1089"">Soft, airy, and gentle on kids’ skin for maximum comfort ☁️</p>
<h3 data-section-id=""y1vz5g"" data-start=""1091"" data-end=""1107"">Perfect For:</h3>
<ul data-start=""1108"" data-end=""1244"">
<li data-section-id=""1sjtehl"" data-start=""1108"" data-end=""1129"">Daily casual wear</li>
<li data-section-id=""jo4t6s"" data-start=""1130"" data-end=""1148"">Summer outings</li>
<li data-section-id=""57bdee"" data-start=""1149"" data-end=""1178"">Indoor &amp; outdoor playtime</li>
<li data-section-id=""hf423v"" data-start=""1179"" data-end=""1215"">Birthday parties &amp; family visits</li>
<li data-section-id=""1kbxq5"" data-start=""1216"" data-end=""1244"">Stylish everyday fashion</li>
</ul>
<p data-start=""1246"" data-end=""1312"" data-is-last-node="""" data-is-only-node="""">A fun, colorful, and comfy outfit made for little trendsetters ❤️✨</p>",BBG FASHION,Apparel & Accessories > Clothing > Baby & Toddler Clothing,Kids Half Sleeves Twinset,"kids half sleeves, Premium Quality",true,Size,2-6-months,product.metafields.shopify.size,Color,red,product.metafields.shopify.color-pattern,,,,'10712563,500.0,shopify,89,deny,manual,999.00,,true,false,,,,,'10712563,https://cdn.shopify.com/s/files/1/0618/2368/0740/files/ChatGPTImageMay15_2026_11_42_30AM.webp?v=1778837947,1,"",false,,"Shop the LV Great Short Set for boys featuring a stylish printed design, soft breathable fabric, and comfy fit. Perfect for summer wear, playtime, and casual outings.",,,,,,,,,,,,,,,,,,,,,red,,,,,,,,,,2-6-months; 6-12; 13-14-months; 2-3-years; 3-4-years; 4-5-years; 5-6-years-1,,,,,,,,,,,kg,,,true,,,active
lv-great-short-set,,,,,,,,,6-12,,,red,,,,,'10712566,500.0,shopify,88,deny,manual,999.00,,true,false,,,,,'10712566,https://cdn.shopify.com/s/files/1/0618/2368/0740/files/ChatGPTImageMay15_2026_11_42_21AM.webp?v=1778837947,2,"",,,,,,,,,,,,,,,,,,,,,,,,,,,,,,,,,,,,,,,,,,,,,kg,,,,,,
lv-great-short-set,,,,,,,,,13-14-months,,,red,,,,,'10712569,500.0,shopify,94,deny,manual,999.00,,true,false,,,,,'10712569,https://cdn.shopify.com/s/files/1/0618/2368/0740/files/ChatGPTImageMay15_2026_11_42_23AM.webp?v=1778837947,3,"",,,,,,,,,,,,,,,,,,,,,,,,,,,,,,,,,,,,,,,,,,,,,kg,,,,,,
lv-great-short-set,,,,,,,,,2-3-years,,,red,,,,,'10712572,500.0,shopify,68,deny,manual,999.00,,true,false,,,,,'10712572,https://cdn.shopify.com/s/files/1/0618/2368/0740/files/2-6bbgshortset_0c541c84-8884-4c83-ac9a-5d18bdb545d9.webp?v=1781185250,4,"",,,,,,,,,,,,,,,,,,,,,,,,,,,,,,,,,,,,,,,,,,,,,kg,,,,,,
lv-great-short-set,,,,,,,,,3-4-years,,,red,,,,,'10712575,500.0,shopify,87,deny,manual,999.00,,true,false,,,,,'10712575,,,,,,,,,,,,,,,,,,,,,,,,,,,,,,,,,,,,,,,,,,,,,,,,kg,,,,,,
lv-great-short-set,,,,,,,,,4-5-years,,,red,,,,,'10712578,500.0,shopify,93,deny,manual,999.00,,true,false,,,,,'10712578,,,,,,,,,,,,,,,,,,,,,,,,,,,,,,,,,,,,,,,,,,,,,,,,kg,,,,,,
lv-great-short-set,,,,,,,,,5-6-years-1,,,red,,,,,'10712581,500.0,shopify,97,deny,manual,999.00,,true,false,,,,,'10712581,,,,,,,,,,,,,,,,,,,,,,,,,,,,,,,,,,,,,,,,,,,,,,,,kg,,,,,,
blue-love-woman-pajama-set,Blue Love Woman Pajama Set,"<h4>Blue Love Woman Pajama Set</h4>
<ul class="""">
<li class="""">Night Suits for Women very attractive and trendy design</li>
<li class="""">Blended Cotton jersey stuff which will provide you most comfort zone at night</li>
<li class="""">washable Stuff but suitable for hand wash for long lasting of the night wear</li>
<li class="""">Not Suitable For Machine wash as this will reduce the durably of the night wear</li>
<li class="""">Export quality fabric use in the production of night suit</li>
<li class="""">Mostly suitable for wearing in summers</li>
<li class="""">premium and highly professional print work done on the night wear</li>
<li class="""">Round neck style night wear</li>
<li class="""">Long sleeves with round cuff</li>
<li class="""">Loose fitting trouser with extra stretchable material which will relax you more after wearing</li>
<li class="""">Trouser has no pockets</li>
<li class="""">Maximum durably of night wear is 7 months ( if you wash daily basis)</li>
<li class="""">Good Quality Elastic in trouser with maximum stretch</li>
<li class="""">Best Quality of stitching</li>
</ul>",BBG FASHION,Apparel & Accessories > Clothing,Pajama Set,"casual wear twinset, NEW ARRIVAL, woo",false,Size,Medium,,Material,Soft Jersey,,,,,'10712561,500.0,shopify,99,deny,manual,1299.00,,true,false,,,,,'10712561,https://cdn.shopify.com/s/files/1/0618/2368/0740/files/WhatsApp_Image_2024-06-12_at_12.19.36_PM.jpg?v=1719416911,1,Blue Love Woman Pajama Set - front view - unisex wear Pakistan,false,,All over butterfly Woman Pajama Set Ladies Sleep Dress Night Wear With Shirt And Trouser for Women very attractive and trendy design Blended Cotton jersey stuff which will provide you most comfort zone at night. Washable Sleep wear Stuff for long lasting Night wear available at www.bbgfashion.pk,1604,female,adult,,new,,,,,,,,,,,,,,,,,,,,,,,,,,,,,,,,,,,,https://cdn.shopify.com/s/files/1/0618/2368/0740/files/WhatsApp_Image_2024-06-12_at_12.19.36_PM.jpg?v=1719416911,g,,,true,,,draft
blue-love-woman-pajama-set,,,,,,,,,Large,,,Soft Jersey,,,,,'10712562,500.0,shopify,100,deny,manual,1299.00,,true,false,,,,,'10712562,https://cdn.shopify.com/s/files/1/0618/2368/0740/files/Sizechart_845627d6-01fe-4306-9c59-97ce8268bd09.webp?v=1775736616,2,Women S Black Heart Print Tee Trouser Co Ord Set size chart - measurements guide,,,,,,,,,,,,,,,,,,,,,,,,,,,,,,,,,,,,,,,,,,,,https://cdn.shopify.com/s/files/1/0618/2368/0740/files/WhatsApp_Image_2024-06-12_at_12.19.36_PM.jpg?v=1719416911,g,,,,,,
blue-love-woman-pajama-set,,,,,,,,,XL,,,Soft Jersey,,,,,'10706867,500.0,shopify,98,deny,manual,1299.00,,true,false,,,,,'10706867,,,,,,,,,,,,,,,,,,,,,,,,,,,,,,,,,,,,,,,,,,,,,,,https://cdn.shopify.com/s/files/1/0618/2368/0740/files/WhatsApp_Image_2024-06-12_at_12.19.36_PM.jpg?v=1719416911,g,,,,,,
desi-gulab-love-woman-pajama-set,Desi Gulab Love Woman Pajama Set,"<h4>Desi Gulab Love Woman Pajama Set</h4>
<ul class="""">
<li class="""">Night Suits for Women very attractive and trendy design</li>
<li class="""">Blended Cotton jersey stuff which will provide you most comfort zone at night</li>
<li class="""">washable Stuff but suitable for hand wash for long lasting of the night wear</li>
<li class="""">Not Suitable For Machine wash as this will reduce the durably of the night wear</li>
<li class="""">Export quality fabric use in the production of night suit</li>
<li class="""">Mostly suitable for wearing in summers</li>
<li class="""">premium and highly professional print work done on the night wear</li>
<li class="""">Round neck style night wear</li>
<li class="""">Long sleeves with round cuff</li>
<li class="""">Loose fitting trouser with extra stretchable material which will relax you more after wearing</li>
<li class="""">Trouser has no pockets</li>
<li class="""">Maximum durably of night wear is 7 months ( if you wash daily basis)</li>
<li class="""">Good Quality Elastic in trouser with maximum stretch</li>
<li class="""">Best Quality of stitching</li>
</ul>",BBG FASHION,Apparel & Accessories > Clothing,Pajama Set,"casual wear twinset, NEW ARRIVAL, woo",false,Size,Medium,,Material,Soft Jersey,,,,,'10712559,500.0,shopify,98,deny,manual,1299.00,,true,false,,,,,'10712559,https://cdn.shopify.com/s/files/1/0618/2368/0740/files/WhatsApp_Image_2024-06-12_at_12.19.32_PM.jpg?v=1719416903,1,Desi Gulab Love Woman Pajama Set - front view - unisex wear Pakistan,false,,"esigned for ultimate comfort, the set is crafted from a soft, breathable fabric that makes it perfect for summer nights or relaxed weekend lounging.",1604,female,adult,,new,,,,,,,,,,,,,,,,,,,,,,,,,,,,,,,,,,,,https://cdn.shopify.com/s/files/1/0618/2368/0740/files/WhatsApp_Image_2024-06-12_at_12.19.32_PM.jpg?v=1719416903,g,,,true,,,draft
desi-gulab-love-woman-pajama-set,,,,,,,,,Large,,,Soft Jersey,,,,,'10712560,500.0,shopify,97,deny,manual,1299.00,,true,false,,,,,'10712560,https://cdn.shopify.com/s/files/1/0618/2368/0740/files/Sizechart_845627d6-01fe-4306-9c59-97ce8268bd09.webp?v=1775736616,2,Women S Black Heart Print Tee Trouser Co Ord Set size chart - measurements guide,,,,,,,,,,,,,,,,,,,,,,,,,,,,,,,,,,,,,,,,,,,,https://cdn.shopify.com/s/files/1/0618/2368/0740/files/WhatsApp_Image_2024-06-12_at_12.19.32_PM.jpg?v=1719416903,g,,,,,,
desi-gulab-love-woman-pajama-set,,,,,,,,,XL,,,Soft Jersey,,,,,'10706866,500.0,shopify,95,deny,manual,1299.00,,true,false,,,,,'10706866,,,,,,,,,,,,,,,,,,,,,,,,,,,,,,,,,,,,,,,,,,,,,,,https://cdn.shopify.com/s/files/1/0618/2368/0740/files/WhatsApp_Image_2024-06-12_at_12.19.32_PM.jpg?v=1719416903,g,,,,,,
women-s-black-heart-print-tee-trouser-co-ord-set,Midnight Hearts Pajama Set,"<h4 data-start=""205"" data-end=""443"">Midnight Hearts Pajama Set</h4>
<p>Add a touch of charm to your bedtime wardrobe with our Midnight Hearts Pajama Set. Designed with a timeless black base and adorable white heart prints, this cozy two-piece set combines comfort and style for the perfect night's sleep.</p>
<p>Crafted from soft, breathable fabric, the relaxed-fit t-shirt and matching pajama trousers provide all-day comfort, whether you're unwinding at home, enjoying a lazy weekend, or settling in for a restful night. The classic round-neck design and comfortable elastic waistband ensure a flattering fit and effortless wear.</p>
<p><strong>Features:</strong><br>• Soft and breathable fabric<br>• Stylish all-over heart print design<br>• Comfortable round-neck t-shirt<br>• Relaxed-fit pajama trousers with elastic waistband<br>• Perfect for lounging, sleeping, and casual home wear<br>• Lightweight and comfortable for year-round use</p>
<p>Stay comfortable, look cute, and sleep peacefully with the Midnight Hearts Pajama Set—your new favorite nightwear essential.</p>",BBG FASHION,Apparel & Accessories > Clothing,Pajama Set,casual wear twinset,false,Size,m,product.metafields.shopify.size,,,,,,,'10712557,500.0,shopify,97,deny,manual,1499.00,,true,false,,,,,'10712557,https://cdn.shopify.com/s/files/1/0618/2368/0740/files/02_d2413a15-e380-4157-97ea-908cbb4d3fe8.png?v=1775736616,1,Women S Black Heart Print Tee Trouser Co Ord Set - front view - women's wear Pakistan,false,,"Shop the Midnight Hearts Pajama Set featuring a stylish black base with charming heart prints. Soft, breathable, and perfect for lounging or sleeping.",1604,female,adult,,new,,,,,,,,,,,,,,,,,,,,,,,,,,m; large; xl,,,,,,,,,,,g,,,true,,,draft
women-s-black-heart-print-tee-trouser-co-ord-set,,,,,,,,,large,,,,,,,,'10712558,500.0,shopify,99,deny,manual,1499.00,,true,false,,,,,'10712558,https://cdn.shopify.com/s/files/1/0618/2368/0740/files/01_c24988d4-e949-466a-a967-4c72da04b296.png?v=1775736616,2,Women S Black Heart Print Tee Trouser Co Ord Set - back view - women's wear Pakistan,,,,,,,,,,,,,,,,,,,,,,,,,,,,,,,,,,,,,,,,,,,,,g,,,,,,
women-s-black-heart-print-tee-trouser-co-ord-set,,,,,,,,,xl,,,,,,,,'10706865,500.0,shopify,97,deny,manual,1499.00,,true,false,,,,,'10706865,https://cdn.shopify.com/s/files/1/0618/2368/0740/files/03_a9a498ad-e90a-499b-b008-bf25030c655f.png?v=1775736616,3,Women S Black Heart Print Tee Trouser Co Ord Set - side view - women's wear Pakistan,,,,,,,,,,,,,,,,,,,,,,,,,,,,,,,,,,,,,,,,,,,,,g,,,,,,
women-s-black-heart-print-tee-trouser-co-ord-set,,,,,,,,,,,,,,,,,,,,,,,,,,,,,,,,https://cdn.shopify.com/s/files/1/0618/2368/0740/files/04_8832d01b-8902-427f-aede-efed6a5e8d12.png?v=1775736616,4,Women S Black Heart Print Tee Trouser Co Ord Set - detail shot - women's wear Pakistan,,,,,,,,,,,,,,,,,,,,,,,,,,,,,,,,,,,,,,,,,,,,,,,,,,,
women-s-black-heart-print-tee-trouser-co-ord-set,,,,,,,,,,,,,,,,,,,,,,,,,,,,,,,,https://cdn.shopify.com/s/files/1/0618/2368/0740/files/05_2d3e50fa-8df8-4727-a7ca-e45b09430ef5.png?v=1775736616,5,Women S Black Heart Print Tee Trouser Co Ord Set - front view - women's wear Pakistan,,,,,,,,,,,,,,,,,,,,,,,,,,,,,,,,,,,,,,,,,,,,,,,,,,,
women-s-black-heart-print-tee-trouser-co-ord-set,,,,,,,,,,,,,,,,,,,,,,,,,,,,,,,,https://cdn.shopify.com/s/files/1/0618/2368/0740/files/Sizechart_845627d6-01fe-4306-9c59-97ce8268bd09.webp?v=1775736616,6,Women S Black Heart Print Tee Trouser Co Ord Set size chart - measurements guide,,,,,,,,,,,,,,,,,,,,,,,,,,,,,,,,,,,,,,,,,,,,,,,,,,,
pink-mom-life-printed-half-sleeves-pajama-set,Pink Mom Life Printed Half Sleeves Pajama Set,"<h4>Pink Mom Life Printed Half Sleeves Pajama Set</h4>
<ul class="""">
<li class="""">Night Suits for Women very attractive and trendy design</li>
<li class="""">Blended Cotton jersey stuff which will provide you most comfort zone at night</li>
<li class="""">washable Stuff but suitable for hand wash for long lasting of the night wear</li>
<li class="""">Not Suitable For Machine wash as this will reduce the durably of the night wear</li>
<li class="""">Export quality fabric use in the production of night suit</li>
<li class="""">Mostly suitable for wearing in summers</li>
<li class="""">premium and highly professional print work done on the night wear</li>
<li class="""">Round neck style night wear</li>
<li class="""">Long sleeves with round cuff</li>
<li class="""">Loose fitting trouser with extra stretchable material which will relax you more after wearing</li>
<li class="""">Trouser has no pockets</li>
<li class="""">Maximum durably of night wear is 7 months ( if you wash daily basis)</li>
<li class="""">Good Quality Elastic in trouser with maximum stretch</li>
<li class="""">Best Quality of stitching</li>
</ul>",BBG FASHION,Apparel & Accessories > Clothing > Sleepwear & Loungewear,Pajama Set,"casual wear twinset, NEW ARRIVAL, woo",false,Size,Medium,,Material,Soft Jersey,,,,,'10712555,500.0,shopify,99,deny,manual,1299.00,,true,false,,,,,'10712555,https://cdn.shopify.com/s/files/1/0618/2368/0740/files/WhatsApp_Image_2024-06-26_at_3.36.42_AM.jpg?v=1719646869,1,Pink Mom Life Printed Half Sleeves Pajama Set - front view - unisex wear Pakistan,false,,Sleepy Girl Woman Pajama Set Ladies Sleep Dress Night Wear With Shirt And Trouser for Women very attractive and trendy design Blended Cotton jersey stuff which will provide you most comfort zone at night. Washable Sleep wear Stuff for long lasting Night wear available at www.bbgfashion.pk,,,,,,,,,,,,,,,,,,,,,,,,,,,,,,,,,,,,,,,,,https://cdn.shopify.com/s/files/1/0618/2368/0740/files/WhatsApp_Image_2024-06-26_at_3.36.42_AM.jpg?v=1719646869,g,,,true,,,draft
pink-mom-life-printed-half-sleeves-pajama-set,,,,,,,,,Large,,,Soft Jersey,,,,,'10712556,500.0,shopify,100,deny,manual,1299.00,,true,false,,,,,'10712556,https://cdn.shopify.com/s/files/1/0618/2368/0740/products/Sizechart_845627d6-01fe-4306-9c59-97ce8268bd09.webp?v=1770983778,2,Yellow Heart Woman Pajama Set Copy size chart - measurements guide,,,,,,,,,,,,,,,,,,,,,,,,,,,,,,,,,,,,,,,,,,,,https://cdn.shopify.com/s/files/1/0618/2368/0740/files/WhatsApp_Image_2024-06-26_at_3.36.42_AM.jpg?v=1719646869,g,,,,,,
pink-mom-life-printed-half-sleeves-pajama-set,,,,,,,,,XL,,,Soft Jersey,,,,,'10706864,500.0,shopify,99,deny,manual,1299.00,,true,false,,,,,'10706864,,,,,,,,,,,,,,,,,,,,,,,,,,,,,,,,,,,,,,,,,,,,,,,https://cdn.shopify.com/s/files/1/0618/2368/0740/files/WhatsApp_Image_2024-06-26_at_3.36.42_AM.jpg?v=1719646869,g,,,,,,
funky-style-t-shirt-trouser-purple,Funky Style T-Shirt & Trouser | Purple,"<h4 data-start=""104"" data-end=""362""><strong>Funky Style T-Shirt &amp; Trouser | Purple</strong></h4>
<p data-end=""384"" data-start=""107"">Add a playful vibe to your everyday wardrobe with the<span> </span><strong data-end=""198"" data-start=""161"">Funky Style T-Shirt &amp; Trouser Set</strong>. Designed for comfort and style, this trendy co-ord features a soft graphic t-shirt paired with relaxed-fit trousers, making it perfect for lounging, casual outings, or everyday wear.</p>
<p data-end=""614"" data-start=""386"">Crafted from breathable and lightweight fabric, this set ensures all-day comfort while keeping your look effortlessly stylish. The fun graphic print adds a youthful, modern touch, while the easy fit allows freedom of movement.</p>
<p data-end=""732"" data-start=""713""><strong data-end=""730"" data-start=""713"">Key Features:</strong></p>
<ul data-end=""930"" data-start=""733"">
<li data-end=""774"" data-start=""733"" data-section-id=""1ulncgd"">
<p data-end=""774"" data-start=""735"">Soft, breathable &amp; lightweight fabric</p>
</li>
<li data-end=""813"" data-start=""775"" data-section-id=""1kevskt"">
<p data-end=""813"" data-start=""777"">Trendy funky graphic print t-shirt</p>
</li>
<li data-end=""850"" data-start=""814"" data-section-id=""7bjzma"">
<p data-end=""850"" data-start=""816"">Comfortable relaxed-fit trousers</p>
</li>
<li data-end=""889"" data-start=""851"" data-section-id=""15koanl"">
<p data-end=""889"" data-start=""853"">Perfect for casual wear &amp; lounging</p>
</li>
<li data-end=""930"" data-start=""890"" data-section-id=""4zvr48"">
<p data-end=""930"" data-start=""892"">Available in multiple stylish colors</p>
</li>
</ul>",BBG FASHION,Apparel & Accessories > Clothing > Sleepwear & Loungewear,Pajama Set,"casual wear twinset, NEW ARRIVAL, woo",true,Size,Medium,,Material,Soft Jersey,,,,,'10712544,500.0,shopify,48,deny,manual,1499.00,,true,false,,,,,'10712544,https://cdn.shopify.com/s/files/1/0618/2368/0740/files/04_09c1081a-2bf2-48d5-a19b-bc1fbdfad849.png?v=1776076111,1,Purple Funky Style T Shirt Trouser - detail shot - unisex wear Pakistan,false,,"Shop Funky Style T-Shirt & Trouser Set in purple, pink, grey & brown. Comfortable, stylish co-ord set perfect for casual wear and everyday lounging.",,,,,,,,,,,,,'1,,,,,,,,purple; brown-1; gray-3; pink,,,,,,,,,,,,,,,,,,,,,g,,,true,,,active
funky-style-t-shirt-trouser-purple,,,,,,,,,Large,,,Soft Jersey,,,,,'10712548,500.0,shopify,50,deny,manual,1499.00,,true,false,,,,,'10712548,https://cdn.shopify.com/s/files/1/0618/2368/0740/files/01_4719e4f2-f4a5-42a7-afcf-e62b10588d29.png?v=1776076111,2,Purple Funky Style T Shirt Trouser - front view - unisex wear Pakistan,,,,,,,,,,,,,,,,,,,,,,,,,,,,,,,,,,,,,,,,,,,,,g,,,,,,
funky-style-t-shirt-trouser-purple,,,,,,,,,XL,,,Soft Jersey,,,,,'10712552,500.0,shopify,50,deny,manual,1499.00,,true,false,,,,,'10712552,https://cdn.shopify.com/s/files/1/0618/2368/0740/files/02_86108c4f-2f0a-4955-9635-deef71cff882.png?v=1776076111,3,Purple Funky Style T Shirt Trouser - back view - unisex wear Pakistan,,,,,,,,,,,,,,,,,,,,,,,,,,,,,,,,,,,,,,,,,,,,,g,,,,,,
funky-style-t-shirt-trouser-purple,,,,,,,,,,,,,,,,,,,,,,,,,,,,,,,,https://cdn.shopify.com/s/files/1/0618/2368/0740/files/03_8808ae7d-df98-46bb-8f93-badcb866cecd.png?v=1776076111,4,Purple Funky Style T Shirt Trouser - side view - unisex wear Pakistan,,,,,,,,,,,,,,,,,,,,,,,,,,,,,,,,,,,,,,,,,,,,,,,,,,,
funky-style-t-shirt-trouser-purple,,,,,,,,,,,,,,,,,,,,,,,,,,,,,,,,https://cdn.shopify.com/s/files/1/0618/2368/0740/files/05_52c420d3-e689-4376-9edb-b47a52e6e0fe.png?v=1776076111,5,Purple Funky Style T Shirt Trouser - front view - unisex wear Pakistan,,,,,,,,,,,,,,,,,,,,,,,,,,,,,,,,,,,,,,,,,,,,,,,,,,,
funky-style-t-shirt-trouser-purple,,,,,,,,,,,,,,,,,,,,,,,,,,,,,,,,https://cdn.shopify.com/s/files/1/0618/2368/0740/files/2_4e9ec078-e232-4f6b-8463-ca2a5beb183c.webp?v=1775824391,6,Women Fleece Nightsuit - back view - women's wear Pakistan,,,,,,,,,,,,,,,,,,,,,,,,,,,,,,,,,,,,,,,,,,,,,,,,,,,
pattern-printed-pajama-set-grey,Pattern Printed Pajama Set - Grey,"<h4 data-end=""634"" data-start=""404""><strong>Pattern Printed Pajama Set - Grey</strong></h4>
<p data-end=""634"" data-start=""404"">Keep it calm and comfortable with our <strong data-end=""479"" data-start=""442"">Pattern Printed Pajama Set – Grey</strong>, designed for a clean and minimal everyday look. The subtle pattern print paired with a soothing grey tone makes it perfect for relaxed, effortless style.</p>
<p data-end=""779"" data-start=""636"">Made from soft, breathable fabric, this set keeps you comfortable all day—whether you're lounging at home or getting ready for a restful night.</p>
<p data-end=""800"" data-start=""781"">✨ <strong data-end=""800"" data-start=""783"">Key Features:</strong></p>
<ul data-end=""1023"" data-start=""801"">
<li data-end=""849"" data-start=""801"" data-section-id=""11ypm3m"">Soft &amp; breathable fabric for maximum comfort</li>
<li data-end=""893"" data-start=""850"" data-section-id=""1qe5cds"">Minimal pattern print for a modern look</li>
<li data-end=""927"" data-start=""894"" data-section-id=""3f5ayq"">Relaxed-fit top for easy wear</li>
<li data-end=""976"" data-start=""928"" data-section-id=""oq3ikl"">Straight-fit trousers with elastic waistband</li>
<li data-end=""1023"" data-start=""977"" data-section-id=""2ych5h"">Ideal for sleepwear, lounging &amp; daily wear</li>
</ul>
<p data-end=""1088"" data-start=""1025"">Simple, versatile, and timeless—grey never goes out of style 🩶</p>",BBG FASHION,Apparel & Accessories > Clothing > Sleepwear & Loungewear,Pajama Set,pajama set,false,Size,Medium,,,,,,,,'10712542,500.0,shopify,87,deny,manual,1499.00,,true,false,,,,,'10712542,https://cdn.shopify.com/s/files/1/0618/2368/0740/files/4_4f1fd81f-1df6-4844-aa3b-8d3080258b17.png?v=1776939198,1,"",false,,"Shop Pattern Printed Pajama Set in Grey. Soft, breathable fabric with a relaxed fit—perfect for comfortable sleep, lounging, and everyday wear.",,,,,,,,,,,,,,,,,,,,,,,,,,,,,,,,,,,,,,,,,,g,,,true,,,draft
pattern-printed-pajama-set-grey,,,,,,,,,Large,,,,,,,,'10712543,500.0,shopify,98,deny,manual,1499.00,,true,false,,,,,'10712543,https://cdn.shopify.com/s/files/1/0618/2368/0740/files/1_a223ba57-3ea7-487a-9449-1a1faa383ed6.png?v=1776939198,2,"",,,,,,,,,,,,,,,,,,,,,,,,,,,,,,,,,,,,,,,,,,,,,g,,,,,,
pattern-printed-pajama-set-grey,,,,,,,,,XL,,,,,,,,'10706862,500.0,shopify,90,deny,manual,1499.00,,true,false,,,,,'10706862,https://cdn.shopify.com/s/files/1/0618/2368/0740/files/2_f4477e8d-2956-43ef-8d52-23ea66056f37.png?v=1776939198,3,"",,,,,,,,,,,,,,,,,,,,,,,,,,,,,,,,,,,,,,,,,,,,,g,,,,,,
pattern-printed-pajama-set-grey,,,,,,,,,,,,,,,,,,,,,,,,,,,,,,,,https://cdn.shopify.com/s/files/1/0618/2368/0740/files/3_7bdb7a8a-ff6e-47a8-9273-ff6ca93eab65.png?v=1776939198,4,"",,,,,,,,,,,,,,,,,,,,,,,,,,,,,,,,,,,,,,,,,,,,,,,,,,,
pattern-printed-pajama-set-grey,,,,,,,,,,,,,,,,,,,,,,,,,,,,,,,,https://cdn.shopify.com/s/files/1/0618/2368/0740/files/5_5498a071-4a36-47f6-a592-82e3c5ad3949.png?v=1776939198,5,"",,,,,,,,,,,,,,,,,,,,,,,,,,,,,,,,,,,,,,,,,,,,,,,,,,,
pattern-printed-pajama-set-grey,,,,,,,,,,,,,,,,,,,,,,,,,,,,,,,,https://cdn.shopify.com/s/files/1/0618/2368/0740/products/Sizechart_845627d6-01fe-4306-9c59-97ce8268bd09.webp?v=1770983778,6,Yellow Heart Woman Pajama Set Copy size chart - measurements guide,,,,,,,,,,,,,,,,,,,,,,,,,,,,,,,,,,,,,,,,,,,,,,,,,,,
galaxy-space-short-set-copy,Drift Race Short Set,"<h4>Drift Race Short Set</h4>
<p data-start=""224"" data-end=""492"">Built for little speed lovers, the <strong data-start=""259"" data-end=""283"">Drift Race Short Set</strong> brings sporty vibes and all-day comfort together in one cool outfit. Featuring a racing-inspired design with a trendy casual fit, this set is perfect for active kids who love fun, movement, and stylish looks.</p>
<p data-start=""494"" data-end=""622"">Crafted from soft and breathable fabric, it keeps your child comfortable during playtime, outings, vacations, and everyday wear.</p>
<h3 data-section-id=""1to4s3t"" data-start=""624"" data-end=""638"">✨ Features</h3>
<ul data-start=""639"" data-end=""828"">
<li data-section-id=""1j6l7gj"" data-start=""639"" data-end=""668"">Soft &amp; lightweight fabric</li>
<li data-section-id=""18uwgjt"" data-start=""669"" data-end=""702"">Trendy racing-inspired design</li>
<li data-section-id=""101qcok"" data-start=""703"" data-end=""730"">Comfortable relaxed fit</li>
<li data-section-id=""1e4wo1m"" data-start=""731"" data-end=""770"">Breathable summer-friendly material</li>
<li data-section-id=""wio7t3"" data-start=""771"" data-end=""804"">Easy movement for active kids</li>
<li data-section-id=""10kran0"" data-start=""805"" data-end=""828"">Stylish sporty look</li>
</ul>
<h3 data-section-id=""1mxmt05"" data-start=""830"" data-end=""848"">👦 Perfect For</h3>
<ul data-start=""849"" data-end=""931"">
<li data-section-id=""oo01iw"" data-start=""849"" data-end=""864"">Summer wear</li>
<li data-section-id=""tyvmt6"" data-start=""865"" data-end=""891"">Playtime &amp; outdoor fun</li>
<li data-section-id=""5lzmos"" data-start=""892"" data-end=""910"">Casual outings</li>
<li data-section-id=""14f527b"" data-start=""911"" data-end=""931"">Everyday comfort</li>
</ul>
<h3 data-section-id=""2w2lzc"" data-start=""933"" data-end=""956"">📦 Package Includes</h3>
<ul data-start=""957"" data-end=""999"">
<li data-section-id=""339gmc"" data-start=""957"" data-end=""978"">1 Printed T-Shirt</li>
<li data-section-id=""1qudr08"" data-start=""979"" data-end=""999"">1 Matching Short</li>
</ul>
<p data-start=""1001"" data-end=""1044"" data-is-last-node="""" data-is-only-node="""">Made for little racers with big energy 🏎️✨</p>",BBG FASHION,Apparel & Accessories > Clothing > Baby & Toddler Clothing,Kids Half Sleeves Twinset,"kids half sleeves, Premium Quality",true,Size,2-6-months,product.metafields.shopify.size,,,,,,,'10712536,500.0,shopify,996,deny,manual,999.00,,true,false,,,,,'10712536,https://cdn.shopify.com/s/files/1/0618/2368/0740/files/1_69.webp?v=1772143981,1,Galaxy Space Short Set Copy - front view - unisex wear Pakistan,false,,"Fuel your kid’s style with the Drift Race Short Set 🏁 Soft breathable fabric, sporty racing design & comfy fit for summer fun, playtime & everyday adventures. Shop now!",,,,,,,,,,,,,'2,,,,,,,,,,,,,,,,,,2-6-months; 6-12; 13-14-months; 2-3-years; 3-4-years; 4-5-years; 5-6-years-1,,,,,,,,,,https://cdn.shopify.com/s/files/1/0618/2368/0740/files/5_70.webp?v=1772143981,kg,,,true,,,active
galaxy-space-short-set-copy,,,,,,,,,6-12,,,,,,,,'10712537,500.0,shopify,999,deny,manual,999.00,,true,false,,,,,'10712537,https://cdn.shopify.com/s/files/1/0618/2368/0740/files/5_70.webp?v=1772143981,2,Galaxy Space Short Set Copy - back view - unisex wear Pakistan,,,,,,,,,,,,,,,,,,,,,,,,,,,,,,,,,,,,,,,,,,,,https://cdn.shopify.com/s/files/1/0618/2368/0740/files/5_70.webp?v=1772143981,kg,,,,,,
galaxy-space-short-set-copy,,,,,,,,,13-14-months,,,,,,,,'10712538,500.0,shopify,996,deny,manual,999.00,,true,false,,,,,'10712538,https://cdn.shopify.com/s/files/1/0618/2368/0740/files/2_70.webp?v=1772143981,3,Galaxy Space Short Set Copy - side view - unisex wear Pakistan,,,,,,,,,,,,,,,,,,,,,,,,,,,,,,,,,,,,,,,,,,,,https://cdn.shopify.com/s/files/1/0618/2368/0740/files/5_70.webp?v=1772143981,kg,,,,,,
galaxy-space-short-set-copy,,,,,,,,,2-3-years,,,,,,,,'10712539,500.0,shopify,996,deny,manual,999.00,,true,false,,,,,'10712539,https://cdn.shopify.com/s/files/1/0618/2368/0740/files/3_73.webp?v=1772143981,4,Galaxy Space Short Set Copy - detail shot - unisex wear Pakistan,,,,,,,,,,,,,,,,,,,,,,,,,,,,,,,,,,,,,,,,,,,,https://cdn.shopify.com/s/files/1/0618/2368/0740/files/5_70.webp?v=1772143981,kg,,,,,,
galaxy-space-short-set-copy,,,,,,,,,3-4-years,,,,,,,,'10712540,500.0,shopify,995,deny,manual,999.00,,true,false,,,,,'10712540,https://cdn.shopify.com/s/files/1/0618/2368/0740/files/4_69.webp?v=1772143981,5,Galaxy Space Short Set Copy - front view - unisex wear Pakistan,,,,,,,,,,,,,,,,,,,,,,,,,,,,,,,,,,,,,,,,,,,,https://cdn.shopify.com/s/files/1/0618/2368/0740/files/5_70.webp?v=1772143981,kg,,,,,,
galaxy-space-short-set-copy,,,,,,,,,4-5-years,,,,,,,,'10712541,500.0,shopify,995,deny,manual,999.00,,true,false,,,,,'10712541,https://cdn.shopify.com/s/files/1/0618/2368/0740/files/2-6bbgshortset_466a12d1-2532-48af-99e8-1c96f812562d.webp?v=1781185260,6,"",,,,,,,,,,,,,,,,,,,,,,,,,,,,,,,,,,,,,,,,,,,,https://cdn.shopify.com/s/files/1/0618/2368/0740/files/5_70.webp?v=1772143981,kg,,,,,,
galaxy-space-short-set-copy,,,,,,,,,5-6-years-1,,,,,,,,'10706861,500.0,shopify,998,deny,manual,999.00,,true,false,,,,,'10706861,,,,,,,,,,,,,,,,,,,,,,,,,,,,,,,,,,,,,,,,,,,,,,,https://cdn.shopify.com/s/files/1/0618/2368/0740/files/5_70.webp?v=1772143981,kg,,,,,,
galaxy-space-short-set,Galaxy Space Short Set,"<h4>Galaxy Space Short Set</h4>
<p data-start=""334"" data-end=""601"">Get ready for an out-of-this-world adventure with the <strong data-start=""388"" data-end=""414"">Galaxy Space Short Set</strong> 🚀✨<br data-start=""418"" data-end=""421"">Designed for little explorers who dream beyond the stars, this stylish outfit features a cool galaxy-inspired theme paired with comfy matching shorts for the perfect everyday look.</p>
<p data-start=""603"" data-end=""812"">Crafted from soft and breathable fabric, this set keeps kids comfortable during playtime, lounging, bedtime, and summer outings. The fun space design adds a playful touch that every little astronaut will love.</p>
<h3 data-section-id=""q4c1cr"" data-start=""814"" data-end=""827"">Features:</h3>
<ul data-start=""828"" data-end=""1079"">
<li data-section-id=""15vdfkq"" data-start=""828"" data-end=""876"">Soft &amp; breathable fabric for all-day comfort</li>
<li data-section-id=""1r49y0s"" data-start=""877"" data-end=""920"">Trendy galaxy and space-inspired design</li>
<li data-section-id=""1l7119s"" data-start=""921"" data-end=""957"">Comfortable elastic waist shorts</li>
<li data-section-id=""3vof3m"" data-start=""958"" data-end=""994"">Lightweight and easy-to-wear fit</li>
<li data-section-id=""1ii94aq"" data-start=""995"" data-end=""1041"">Perfect for summer, playtime &amp; casual wear</li>
<li data-section-id=""mpgajw"" data-start=""1042"" data-end=""1079"">Gentle and skin-friendly material</li>
</ul>
<p data-start=""1081"" data-end=""1206"" data-is-last-node="""" data-is-only-node="""">Fun, comfy, and packed with cosmic vibes — the <strong data-start=""1128"" data-end=""1154"">Galaxy Space Short Set</strong> is perfect for little stars who love adventure 🚀🌌</p>",BBG FASHION,Apparel & Accessories > Clothing > Baby & Toddler Clothing,Kids Half Sleeves Twinset,kids half sleeves,true,Size,2-6-months,product.metafields.shopify.size,,,,,,,'10712530,500.0,shopify,83,deny,manual,999.00,,true,false,,,,,'10712530,https://cdn.shopify.com/s/files/1/0618/2368/0740/files/WhatsAppImage2026-05-23at1.20.53PM_1.jpg?v=1779526632,1,"",false,,"Shop the Galaxy Space Short Set for kids at BBG Fashion. Featuring a fun space-inspired design, soft breathable fabric, and comfy fit perfect for summer playtime, bedtime, and casual wear.",,,,,,,,,,,,,,,,,,,,,,,,,,,,,,,2-6-months; 6-12; 13-14-months; 2-3-years; 3-4-years; 4-5-years; 5-6-years-1,,,,,,,,,,,kg,,,true,,,active
galaxy-space-short-set,,,,,,,,,6-12,,,,,,,,'10712531,500.0,shopify,83,deny,manual,999.00,,true,false,,,,,'10712531,https://cdn.shopify.com/s/files/1/0618/2368/0740/files/WhatsAppImage2026-05-23at1.20.53PM_2.jpg?v=1779526632,2,"",,,,,,,,,,,,,,,,,,,,,,,,,,,,,,,,,,,,,,,,,,,,,kg,,,,,,
galaxy-space-short-set,,,,,,,,,13-14-months,,,,,,,,'10712532,500.0,shopify,76,deny,manual,999.00,,true,false,,,,,'10712532,https://cdn.shopify.com/s/files/1/0618/2368/0740/files/WhatsAppImage2026-05-23at1.20.53PM.jpg?v=1779526632,3,"",,,,,,,,,,,,,,,,,,,,,,,,,,,,,,,,,,,,,,,,,,,,,kg,,,,,,
galaxy-space-short-set,,,,,,,,,2-3-years,,,,,,,,'10712533,500.0,shopify,85,deny,manual,999.00,,true,false,,,,,'10712533,https://cdn.shopify.com/s/files/1/0618/2368/0740/files/2-6bbgshortset_ab54a230-73ed-4187-af0d-38ccac9947a1.webp?v=1781185299,4,"",,,,,,,,,,,,,,,,,,,,,,,,,,,,,,,,,,,,,,,,,,,,,kg,,,,,,
galaxy-space-short-set,,,,,,,,,3-4-years,,,,,,,,'10712534,500.0,shopify,85,deny,manual,999.00,,true,false,,,,,'10712534,,,,,,,,,,,,,,,,,,,,,,,,,,,,,,,,,,,,,,,,,,,,,,,,kg,,,,,,
galaxy-space-short-set,,,,,,,,,4-5-years,,,,,,,,'10712535,500.0,shopify,77,deny,manual,999.00,,true,false,,,,,'10712535,,,,,,,,,,,,,,,,,,,,,,,,,,,,,,,,,,,,,,,,,,,,,,,,kg,,,,,,
galaxy-space-short-set,,,,,,,,,5-6-years-1,,,,,,,,'10706860,500.0,shopify,77,deny,manual,999.00,,true,false,,,,,'10706860,,,,,,,,,,,,,,,,,,,,,,,,,,,,,,,,,,,,,,,,,,,,,,,,kg,,,,,,
make-today-great-short-set,Make Today Great Grey T-Shirt & Printed Shorts Set,"<h4>Make Today Great Grey Short Set</h4>
<p data-start=""348"" data-end=""435"">Let your little star shine in this vibrant <strong data-start=""391"" data-end=""432"">“Make Today Great” 2-Piece Summer Set.</strong> 🌟</p>
<p data-start=""437"" data-end=""703"">This trendy outfit includes a soft grey half-sleeve t-shirt featuring a bold motivational print, paired with colorful printed shorts for a playful and energetic look. Designed for comfort and movement, it’s perfect for active boys who love to run, play, and explore.</p>
<p data-start=""705"" data-end=""839"">The breathable cotton fabric keeps your child cool during warm summer days, while the eye-catching design makes this outfit stand out.</p>
<h3 data-start=""841"" data-end=""860"">✨ Key Features:</h3>
<ul data-start=""861"" data-end=""1143"">
<li data-start=""861"" data-end=""896"">
<p data-start=""863"" data-end=""896"">Soft &amp; breathable cotton fabric</p>
</li>
<li data-start=""897"" data-end=""944"">
<p data-start=""899"" data-end=""944"">Motivational “Make Today Great” front print</p>
</li>
<li data-start=""945"" data-end=""979"">
<p data-start=""947"" data-end=""979"">Comfortable round-neck t-shirt</p>
</li>
<li data-start=""980"" data-end=""1018"">
<p data-start=""982"" data-end=""1018"">Vibrant multi-color printed shorts</p>
</li>
<li data-start=""1019"" data-end=""1054"">
<p data-start=""1021"" data-end=""1054"">Elastic waistband for easy wear</p>
</li>
<li data-start=""1055"" data-end=""1097"">
<p data-start=""1057"" data-end=""1097"">Lightweight &amp; summer-friendly material</p>
</li>
<li data-start=""1098"" data-end=""1143"">
<p data-start=""1100"" data-end=""1143"">Ideal for playtime, outings &amp; casual wear</p>
</li>
</ul>
<p data-start=""1145"" data-end=""1217"">Pair it with sneakers for a sporty, confident look your child will love.</p>
<p data-start=""1219"" data-end=""1303"">🎯 Perfect for boys aged 2–6 years</p>",BBG FASHION,Apparel & Accessories > Clothing > Baby & Toddler Clothing,Kids Half Sleeves Twinset,"kids half sleeves, Premium Quality",true,Size,2 - 6 Months,,Color,gray,product.metafields.shopify.color-pattern,,,,'10712506,500.0,shopify,97,deny,manual,999.00,,true,false,,,,,'10712506,https://cdn.shopify.com/s/files/1/0618/2368/0740/files/1_41.webp?v=1771243396,1,Make Today Great Short Set - front view - unisex wear Pakistan,false,,"Buy the Make Today Great 2-piece summer set in Pakistan. Grey cotton t-shirt with printed shorts. Comfortable, stylish kids' outfits online.",,,,,,,,,,,,,'2,,,,,,,,gray,,,soft-cotton-jersey,,,,,,,,,,,,,,,,,,kg,,,true,,,active
make-today-great-short-set,,,,,,,,,6- 12 Months,,,gray,,,,,'10712510,500.0,shopify,95,deny,manual,999.00,,true,false,,,,,'10712510,https://cdn.shopify.com/s/files/1/0618/2368/0740/files/2_43.webp?v=1771243396,2,Make Today Great Short Set - back view - unisex wear Pakistan,,,,,,,,,,,,,,,,,,,,,,,,,,,,,,,,,,,,,,,,,,,,,kg,,,,,,
make-today-great-short-set,,,,,,,,,13 - 24 Months,,,gray,,,,,'10712514,500.0,shopify,88,deny,manual,999.00,,true,false,,,,,'10712514,https://cdn.shopify.com/s/files/1/0618/2368/0740/files/3_44.webp?v=1771243396,3,Make Today Great Short Set - side view - unisex wear Pakistan,,,,,,,,,,,,,,,,,,,,,,,,,,,,,,,,,,,,,,,,,,,,,kg,,,,,,
make-today-great-short-set,,,,,,,,,2 - 3 Years,,,gray,,,,,'10712518,500.0,shopify,90,deny,manual,999.00,,true,false,,,,,'10712518,https://cdn.shopify.com/s/files/1/0618/2368/0740/files/4_41.webp?v=1771243396,4,Make Today Great Short Set - detail shot - unisex wear Pakistan,,,,,,,,,,,,,,,,,,,,,,,,,,,,,,,,,,,,,,,,,,,,,kg,,,,,,
make-today-great-short-set,,,,,,,,,3 - 4 Years,,,gray,,,,,'10712522,500.0,shopify,88,deny,manual,999.00,,true,false,,,,,'10712522,https://cdn.shopify.com/s/files/1/0618/2368/0740/files/5_40.webp?v=1771243396,5,Make Today Great Short Set - front view - unisex wear Pakistan,,,,,,,,,,,,,,,,,,,,,,,,,,,,,,,,,,,,,,,,,,,,,kg,,,,,,
make-today-great-short-set,,,,,,,,,4 - 5 Years,,,gray,,,,,'10712526,500.0,shopify,78,deny,manual,999.00,,true,false,,,,,'10712526,https://cdn.shopify.com/s/files/1/0618/2368/0740/files/2-6bbgshortset_11c2aad0-8754-47c5-b035-6d42d64b905e.webp?v=1781185320,6,"",,,,,,,,,,,,,,,,,,,,,,,,,,,,,,,,,,,,,,,,,,,,,kg,,,,,,
make-today-great-short-set,,,,,,,,,6 Years,,,gray,,,,,'10706859,500.0,shopify,90,deny,manual,999.00,,true,false,,,,,'10706859,,,,,,,,,,,,,,,,,,,,,,,,,,,,,,,,,,,,,,,,,,,,,,,,kg,,,,,,
blue-block-pattern-short-set,Blue Block Pattern Short Set,"<p data-start=""146"" data-end=""361"">Keep your little one comfortable and stylish with this sporty co-ord set. Designed with a modern color-block pattern in navy blue, grey, and white, this outfit gives a cool and trendy look perfect for everyday wear.</p>
<p data-start=""363"" data-end=""583"">Made from soft and breathable fabric, it ensures all-day comfort whether your child is playing, going out, or relaxing at home. The matching shorts and t-shirt combo allows easy movement, making it ideal for active kids.</p>
<p data-start=""585"" data-end=""681"">Simple, stylish, and super practical—this is a must-have outfit for your child’s daily wardrobe.</p>
<p data-start=""683"" data-end=""702""><strong data-start=""683"" data-end=""700"">Key Features:</strong></p>
<ul data-start=""703"" data-end=""899"">
<li data-section-id=""15vdfkq"" data-start=""703"" data-end=""751"">Soft &amp; breathable fabric for all-day comfort</li>
<li data-section-id=""1p9908z"" data-start=""752"" data-end=""782"">Stylish color-block design</li>
<li data-section-id=""11vxdih"" data-start=""783"" data-end=""815"">Lightweight and easy to wear</li>
<li data-section-id=""1fygd9g"" data-start=""816"" data-end=""851"">Relaxed fit for active movement</li>
<li data-section-id=""pr1ze6"" data-start=""852"" data-end=""899"">Perfect for casual wear, playtime &amp; outings</li>
</ul>",BBG FASHION,Apparel & Accessories > Clothing > Baby & Toddler Clothing,Kids Half Sleeves Twinset,"kids half sleeves, Premium Quality",true,Size,2 - 6 Months,,,,,,,,'10712497,500.0,shopify,117,deny,manual,999.00,,true,false,,,,,'10712497,https://cdn.shopify.com/s/files/1/0618/2368/0740/files/5_37.webp?v=1771241934,1,Blue Block Pattern Short Set - front view - unisex wear Pakistan,false,,"Shop this boys navy blue color-block co-ord set with soft fabric and a stylish design. Comfortable, lightweight, and perfect for everyday wear and playtime.",,,,,,,,,,,,,'3,,,,,,,,,,,,,,,,,,,,,,,,,,,,https://cdn.shopify.com/s/files/1/0618/2368/0740/files/5_37.webp?v=1771241934,kg,,,true,,,active
blue-block-pattern-short-set,,,,,,,,,6- 12 Months,,,,,,,,'10712498,500.0,shopify,92,deny,manual,999.00,,true,false,,,,,'10712498,https://cdn.shopify.com/s/files/1/0618/2368/0740/files/2_40.webp?v=1771241934,2,Blue Block Pattern Short Set - back view - unisex wear Pakistan,,,,,,,,,,,,,,,,,,,,,,,,,,,,,,,,,,,,,,,,,,,,https://cdn.shopify.com/s/files/1/0618/2368/0740/files/5_37.webp?v=1771241934,kg,,,,,,
blue-block-pattern-short-set,,,,,,,,,13 - 24 Months,,,,,,,,'10712499,500.0,shopify,149,deny,manual,999.00,,true,false,,,,,'10712499,https://cdn.shopify.com/s/files/1/0618/2368/0740/files/1_38.webp?v=1771241934,3,Blue Block Pattern Short Set - side view - unisex wear Pakistan,,,,,,,,,,,,,,,,,,,,,,,,,,,,,,,,,,,,,,,,,,,,https://cdn.shopify.com/s/files/1/0618/2368/0740/files/5_37.webp?v=1771241934,kg,,,,,,
blue-block-pattern-short-set,,,,,,,,,2 - 3 Years,,,,,,,,'10712500,500.0,shopify,137,deny,manual,999.00,,true,false,,,,,'10712500,https://cdn.shopify.com/s/files/1/0618/2368/0740/files/4_38.webp?v=1771241934,4,Blue Block Pattern Short Set - detail shot - unisex wear Pakistan,,,,,,,,,,,,,,,,,,,,,,,,,,,,,,,,,,,,,,,,,,,,https://cdn.shopify.com/s/files/1/0618/2368/0740/files/5_37.webp?v=1771241934,kg,,,,,,
blue-block-pattern-short-set,,,,,,,,,3 - 4 Years,,,,,,,,'10712501,500.0,shopify,146,deny,manual,999.00,,true,false,,,,,'10712501,https://cdn.shopify.com/s/files/1/0618/2368/0740/files/2-6bbgshortset_4edb2879-e5ae-460b-a22c-eedf22b7b743.webp?v=1781185380,5,"",,,,,,,,,,,,,,,,,,,,,,,,,,,,,,,,,,,,,,,,,,,,https://cdn.shopify.com/s/files/1/0618/2368/0740/files/5_37.webp?v=1771241934,kg,,,,,,
blue-block-pattern-short-set,,,,,,,,,4 - 5 Years,,,,,,,,'10712502,500.0,shopify,160,deny,manual,999.00,,true,false,,,,,'10712502,,,,,,,,,,,,,,,,,,,,,,,,,,,,,,,,,,,,,,,,,,,,,,,https://cdn.shopify.com/s/files/1/0618/2368/0740/files/5_37.webp?v=1771241934,kg,,,,,,
blue-block-pattern-short-set,,,,,,,,,6 Years,,,,,,,,'10706858,500.0,shopify,84,deny,manual,999.00,,true,false,,,,,'10706858,,,,,,,,,,,,,,,,,,,,,,,,,,,,,,,,,,,,,,,,,,,,,,,https://cdn.shopify.com/s/files/1/0618/2368/0740/files/5_37.webp?v=1771241934,kg,,,,,,
dinosaur-pattern-t-shirt-shorts-set,Little Dino Boys Yellow T-Shirt & Shorts Set,"<p data-start=""1160"" data-end=""1382"">Brighten up your child’s wardrobe with the <strong data-start=""1203"" data-end=""1251"">Little Dino Boys Yellow T-Shirt &amp; Shorts Set</strong>. Designed with a playful dinosaur print on a vibrant yellow base, this outfit adds a cheerful and energetic vibe to everyday wear.</p>
<p data-start=""1384"" data-end=""1542"">Crafted from soft, lightweight fabric, it keeps your little one cool and comfortable throughout the day. The easy-fit design makes it perfect for active kids.</p>
<p data-start=""1544"" data-end=""1565"">✨ <strong data-start=""1546"" data-end=""1563"">Key Features:</strong></p>
<ul data-start=""1566"" data-end=""1807"">
<li data-section-id=""1rytqg2"" data-start=""1566"" data-end=""1599"">Cute dinosaur print kids love</li>
<li data-section-id=""1uswfgz"" data-start=""1600"" data-end=""1638"">Bright yellow color for a fun look</li>
<li data-section-id=""1ulncgd"" data-start=""1639"" data-end=""1680"">Soft, breathable &amp; lightweight fabric</li>
<li data-section-id=""1sio7xt"" data-start=""1681"" data-end=""1725"">Comfortable t-shirt with matching shorts</li>
<li data-section-id=""16mgzd6"" data-start=""1726"" data-end=""1765"">Elastic waistband for easy movement</li>
<li data-section-id=""hwh1s1"" data-start=""1766"" data-end=""1807"">Perfect for summer wear and daily use</li>
</ul>",BBG FASHION,Apparel & Accessories > Clothing > Baby & Toddler Clothing,Kids Half Sleeves Twinset,kids half sleeves,false,Size,2 - 6 Months,,,,,,,,'10712470,500.0,shopify,301,deny,manual,999.00,,true,false,,,,,'10712470,https://cdn.shopify.com/s/files/1/0618/2368/0740/files/imgi_13_5_35_1080x_208d2121-f790-44e2-8fe7-106c32375f15.webp?v=1772532628,1,Dinosaur Pattern T Shirt Shorts Set - side view - unisex wear Pakistan,false,,"Shop the Little Dino Boys Yellow T-Shirt & Shorts Set featuring a cute dinosaur print and breathable fabric—perfect for summer wear, playtime, and everyday comfort.",,,,,,,,,,,,,,,,,,,,,yellow,,,,,,,,,,,,,,,,,,,,https://cdn.shopify.com/s/files/1/0618/2368/0740/files/1_36.webp?v=1771239199,kg,,,true,,,draft
dinosaur-pattern-t-shirt-shorts-set,,,,,,,,,6- 12 Months,,,,,,,,'10712474,500.0,shopify,301,deny,manual,999.00,,true,false,,,,,'10712474,https://cdn.shopify.com/s/files/1/0618/2368/0740/files/3_39.webp?v=1772532628,2,Dinosaur Pattern T Shirt Shorts Set - detail shot - unisex wear Pakistan,,,,,,,,,,,,,,,,,,,,,,,,,,,,,,,,,,,,,,,,,,,,https://cdn.shopify.com/s/files/1/0618/2368/0740/files/1_36.webp?v=1771239199,kg,,,,,,
dinosaur-pattern-t-shirt-shorts-set,,,,,,,,,13 - 24 Months,,,,,,,,'10712478,500.0,shopify,299,deny,manual,999.00,,true,false,,,,,'10712478,https://cdn.shopify.com/s/files/1/0618/2368/0740/files/1_36.webp?v=1771239199,3,Dinosaur Pattern T Shirt Shorts Set - front view - unisex wear Pakistan,,,,,,,,,,,,,,,,,,,,,,,,,,,,,,,,,,,,,,,,,,,,https://cdn.shopify.com/s/files/1/0618/2368/0740/files/1_36.webp?v=1771239199,kg,,,,,,
dinosaur-pattern-t-shirt-shorts-set,,,,,,,,,2 - 3 Years,,,,,,,,'10712482,500.0,shopify,295,deny,manual,999.00,,true,false,,,,,'10712482,https://cdn.shopify.com/s/files/1/0618/2368/0740/files/2_38.webp?v=1771239199,4,Dinosaur Pattern T Shirt Shorts Set - back view - unisex wear Pakistan,,,,,,,,,,,,,,,,,,,,,,,,,,,,,,,,,,,,,,,,,,,,https://cdn.shopify.com/s/files/1/0618/2368/0740/files/1_36.webp?v=1771239199,kg,,,,,,
dinosaur-pattern-t-shirt-shorts-set,,,,,,,,,3 - 4 Years,,,,,,,,'10712486,500.0,shopify,297,deny,manual,999.00,,true,false,,,,,'10712486,https://cdn.shopify.com/s/files/1/0618/2368/0740/files/4_35.webp?v=1772532628,5,Dinosaur Pattern T Shirt Shorts Set - front view - unisex wear Pakistan,,,,,,,,,,,,,,,,,,,,,,,,,,,,,,,,,,,,,,,,,,,,https://cdn.shopify.com/s/files/1/0618/2368/0740/files/1_36.webp?v=1771239199,kg,,,,,,
dinosaur-pattern-t-shirt-shorts-set,,,,,,,,,4 - 5 Years,,,,,,,,'10712490,500.0,shopify,298,deny,manual,999.00,,true,false,,,,,'10712490,https://cdn.shopify.com/s/files/1/0618/2368/0740/files/ChatGPT_Image_Mar_2_2026_08_02_23_PM.webp?v=1774966131,6,Yellow Grey Kids Short Sleeve Kids Wear - back view - kids wear Pakistan,,,,,,,,,,,,,,,,,,,,,,,,,,,,,,,,,,,,,,,,,,,,https://cdn.shopify.com/s/files/1/0618/2368/0740/files/1_36.webp?v=1771239199,kg,,,,,,
dinosaur-pattern-t-shirt-shorts-set,,,,,,,,,6 Years,,,,,,,,'10712494,500.0,shopify,298,deny,manual,999.00,,true,false,,,,,'10712494,,,,,,,,,,,,,,,,,,,,,,,,,,,,,,,,,,,,,,,,,,,,,,,https://cdn.shopify.com/s/files/1/0618/2368/0740/files/1_36.webp?v=1771239199,kg,,,,,,
cow-print-crew-neck-short-sleeve-t-shirt,White Cow Short Set,"<h4>White Cow Short Set</h4>
<p>Bring playful charm to your child's wardrobe with the <strong>White Cow Short Set</strong>. Designed with a cute cow-inspired theme on a fresh white base, this stylish outfit adds a fun and cheerful touch to everyday wear.</p>
<p>Made from soft, lightweight, and breathable fabric, the set includes a comfortable short-sleeve t-shirt and matching shorts, keeping kids cool and comfortable throughout the day. Whether it's playtime, family outings, or relaxing at home, this adorable set is perfect for active little ones.</p>
<p>✔ Cute cow-themed design kids will love<br>✔ Soft, breathable &amp; skin-friendly fabric<br>✔ Comfortable fit for active movement<br>✔ Matching t-shirt and shorts set<br>✔ Lightweight and ideal for warm weather<br>✔ Perfect for playtime, casual outings &amp; everyday wear</p>
<p>The <strong>White Cow Short Set</strong> combines comfort, style, and playful fun, making it a must-have outfit for your little adventurer.</p>
<div class=""group relative clear-both my-4 w-full overflow-visible"" data-writing-block-fullscreen-fallback-target=""inline"">
<div id=""writing-block-392b5e4f-fca0-42ed-a623-9f3d0e3e110c"" class=""relative isolate w-full overflow-clip rounded-[24px] shadow-[0px_4px_80px_rgba(0,0,0,0.02)]"" data-writing-block=""true"" data-testid=""writing-block-container""></div>
</div>",BBG FASHION,Apparel & Accessories > Clothing > Baby & Toddler Clothing,Kids Half Sleeves Twinset,"kids half sleeves, Premium Quality",true,Size,2-6-months,product.metafields.shopify.size,,,,,,,'10712464,500.0,shopify,163,deny,manual,999.00,,true,false,,,,,'10712464,https://cdn.shopify.com/s/files/1/0618/2368/0740/files/2_44.webp?v=1771243789,1,Cow Print Crew Neck Short Sleeve T Shirt - front view - unisex wear Pakistan,false,,"Make every day fun with the White Cow Short Set. Featuring an adorable cow-themed design, soft breathable fabric, and a comfortable fit, it's perfect for playtime, outings, and everyday adventures.

",,,,,,,,,,,,,'14,,,,,,,,animal,,,soft-cotton-jersey,,,,,,,2-6-months; 6-12; 13-14-months; 2-3-years; 3-4-years; 4-5-years; 5-6-years-1,,,,,,,,,,,kg,,,true,,,active
cow-print-crew-neck-short-sleeve-t-shirt,,,,,,,,,6-12,,,,,,,,'10712465,500.0,shopify,139,deny,manual,999.00,,true,false,,,,,'10712465,https://cdn.shopify.com/s/files/1/0618/2368/0740/files/1_42.webp?v=1771243789,2,Cow Print Crew Neck Short Sleeve T Shirt - back view - unisex wear Pakistan,,,,,,,,,,,,,,,,,,,,,,,,,,,,,,,,,,,,,,,,,,,,,kg,,,,,,
cow-print-crew-neck-short-sleeve-t-shirt,,,,,,,,,13-14-months,,,,,,,,'10712466,500.0,shopify,94,deny,manual,999.00,,true,false,,,,,'10712466,https://cdn.shopify.com/s/files/1/0618/2368/0740/files/4_42.webp?v=1771243789,3,Cow Print Crew Neck Short Sleeve T Shirt - side view - unisex wear Pakistan,,,,,,,,,,,,,,,,,,,,,,,,,,,,,,,,,,,,,,,,,,,,,kg,,,,,,
cow-print-crew-neck-short-sleeve-t-shirt,,,,,,,,,2-3-years,,,,,,,,'10712467,500.0,shopify,74,deny,manual,999.00,,true,false,,,,,'10712467,https://cdn.shopify.com/s/files/1/0618/2368/0740/files/5_41.webp?v=1771243789,4,Cow Print Crew Neck Short Sleeve T Shirt - detail shot - unisex wear Pakistan,,,,,,,,,,,,,,,,,,,,,,,,,,,,,,,,,,,,,,,,,,,,,kg,,,,,,
cow-print-crew-neck-short-sleeve-t-shirt,,,,,,,,,3-4-years,,,,,,,,'10712468,500.0,shopify,39,deny,manual,999.00,,true,false,,,,,'10712468,https://cdn.shopify.com/s/files/1/0618/2368/0740/files/0daa77f7-78a9-412e-8e66-13d3c33bae4f_beb5c4c9-b706-445d-9ec2-7d44cca0db9d.webp?v=1781103859,5,"",,,,,,,,,,,,,,,,,,,,,,,,,,,,,,,,,,,,,,,,,,,,,kg,,,,,,
cow-print-crew-neck-short-sleeve-t-shirt,,,,,,,,,4-5-years,,,,,,,,'10712469,500.0,shopify,68,deny,manual,999.00,,true,false,,,,,'10712469,,,,,,,,,,,,,,,,,,,,,,,,,,,,,,,,,,,,,,,,,,,,,,,,kg,,,,,,
cow-print-crew-neck-short-sleeve-t-shirt,,,,,,,,,5-6-years-1,,,,,,,,'10706856,500.0,shopify,108,deny,manual,999.00,,true,false,,,,,'10706856,,,,,,,,,,,,,,,,,,,,,,,,,,,,,,,,,,,,,,,,,,,,,,,,kg,,,,,,
mickey-mouse-printed-t-shirt-for-kids,Mickey Mouse Printed T Shirt For Kids,"<div>Fabric: Soft High-Quality Jersey</div>
<div>Half Sleeve T-Shirt</div>
<div>Round Neck</div>
<div>Printed Cartoon</div>
<div>Comfortable Wear Children's Clothing</div>
<div>Easy Wash &amp; Press</div>
<div>Sizes 1-14 years </div>
<div><span>Disclaimer: Colors may vary slightly due to studio lights. </span></div>",BBG FASHION CLOTHING STORE,Apparel & Accessories > Clothing > Clothing Tops > T-Shirts,kids T-Shirts,kids T-Shirts,false,Size,1-2 YRS,,Color,Black,,,,,'10712402,200.0,shopify,98,continue,manual,799.00,0.00,true,true,,,,,'10712402,https://cdn.shopify.com/s/files/1/0618/2368/0740/files/8_950f1388-14ce-4158-b25b-621823b152eb.png?v=1717076078,1,Mickey Mouse Printed T Shirt For Kids - front view - kids wear Pakistan,false,,,212,,,,,,,,,,,,,,,,,,,,,,,,,,,,,,,,,,,,,,,,https://cdn.shopify.com/s/files/1/0618/2368/0740/files/8_950f1388-14ce-4158-b25b-621823b152eb.png?v=1717076078,kg,,,true,,,draft
mickey-mouse-printed-t-shirt-for-kids,,,,,,,,,1-2 YRS,,,White,,,,,'10712403,200.0,shopify,99,continue,manual,799.00,0.00,true,true,,,,,'10712403,https://cdn.shopify.com/s/files/1/0618/2368/0740/files/bbg_d1d933d2-5f31-45d8-8176-020754e9f684.png?v=1717078507,2,Summer Surf Shirt For Kids Copy - back view - kids wear Pakistan,,,,,,,,,,,,,,,,,,,,,,,,,,,,,,,,,,,,,,,,,,,,https://cdn.shopify.com/s/files/1/0618/2368/0740/files/12_0bd3ed91-4afb-4c53-842f-994a86fce519.png?v=1717078812,kg,,,,,,
mickey-mouse-printed-t-shirt-for-kids,,,,,,,,,1-2 YRS,,,Red,,,,,'10712404,200.0,shopify,99,continue,manual,799.00,0.00,true,true,,,,,'10712404,https://cdn.shopify.com/s/files/1/0618/2368/0740/files/12_0bd3ed91-4afb-4c53-842f-994a86fce519.png?v=1717078812,3,Mickey Mouse Printed T Shirt For Kids - side view - kids wear Pakistan,,,,,,,,,,,,,,,,,,,,,,,,,,,,,,,,,,,,,,,,,,,,https://cdn.shopify.com/s/files/1/0618/2368/0740/files/18_a64ece62-90c4-4da2-af14-829eed4beee9.png?v=1717078812,kg,,,,,,
mickey-mouse-printed-t-shirt-for-kids,,,,,,,,,1-2 YRS,,,Yellow,,,,,'10712405,200.0,shopify,99,continue,manual,799.00,0.00,true,true,,,,,'10712405,https://cdn.shopify.com/s/files/1/0618/2368/0740/files/14_a34bccd7-9a08-42bc-833e-c777ca096e6f.png?v=1717078812,4,Mickey Mouse Printed T Shirt For Kids - detail shot - kids wear Pakistan,,,,,,,,,,,,,,,,,,,,,,,,,,,,,,,,,,,,,,,,,,,,https://cdn.shopify.com/s/files/1/0618/2368/0740/files/23_49f283c6-cc2a-4f13-99a0-a84d52fd1e77.png?v=1717078812,kg,,,,,,
mickey-mouse-printed-t-shirt-for-kids,,,,,,,,,1-2 YRS,,,Mahroon,,,,,'10712406,200.0,shopify,99,continue,manual,799.00,0.00,true,true,,,,,'10712406,https://cdn.shopify.com/s/files/1/0618/2368/0740/files/16_582ac254-263d-43d3-be92-055976d13ede.png?v=1717078812,5,Mickey Mouse Printed T Shirt For Kids - front view - kids wear Pakistan,,,,,,,,,,,,,,,,,,,,,,,,,,,,,,,,,,,,,,,,,,,,https://cdn.shopify.com/s/files/1/0618/2368/0740/files/16_582ac254-263d-43d3-be92-055976d13ede.png?v=1717078812,kg,,,,,,
mickey-mouse-printed-t-shirt-for-kids,,,,,,,,,1-2 YRS,,,Grey,,,,,'10712407,200.0,shopify,99,continue,manual,799.00,0.00,true,true,,,,,'10712407,https://cdn.shopify.com/s/files/1/0618/2368/0740/files/18_a64ece62-90c4-4da2-af14-829eed4beee9.png?v=1717078812,6,Mickey Mouse Printed T Shirt For Kids - back view - kids wear Pakistan,,,,,,,,,,,,,,,,,,,,,,,,,,,,,,,,,,,,,,,,,,,,https://cdn.shopify.com/s/files/1/0618/2368/0740/files/19_5b8926ba-4d66-4c29-873c-6ee1f8e82d5b.png?v=1717078812,kg,,,,,,
mickey-mouse-printed-t-shirt-for-kids,,,,,,,,,1-2 YRS,,,Pink,,,,,'10712408,200.0,shopify,99,continue,manual,799.00,0.00,true,true,,,,,'10712408,https://cdn.shopify.com/s/files/1/0618/2368/0740/files/19_5b8926ba-4d66-4c29-873c-6ee1f8e82d5b.png?v=1717078812,7,Mickey Mouse Printed T Shirt For Kids - side view - kids wear Pakistan,,,,,,,,,,,,,,,,,,,,,,,,,,,,,,,,,,,,,,,,,,,,https://cdn.shopify.com/s/files/1/0618/2368/0740/files/20_36c3b850-8098-4769-9b18-3426576eb350.png?v=1717078812,kg,,,,,,
mickey-mouse-printed-t-shirt-for-kids,,,,,,,,,1-2 YRS,,,Orange,,,,,'10712409,200.0,shopify,99,continue,manual,799.00,0.00,true,true,,,,,'10712409,https://cdn.shopify.com/s/files/1/0618/2368/0740/files/20_36c3b850-8098-4769-9b18-3426576eb350.png?v=1717078812,8,Mickey Mouse Printed T Shirt For Kids - detail shot - kids wear Pakistan,,,,,,,,,,,,,,,,,,,,,,,,,,,,,,,,,,,,,,,,,,,,https://cdn.shopify.com/s/files/1/0618/2368/0740/files/24_152c439c-d15b-448f-8294-9e2b9340312a.png?v=1717078812,kg,,,,,,
mickey-mouse-printed-t-shirt-for-kids,,,,,,,,,1-2 YRS,,,Blue,,,,,'10712410,200.0,shopify,99,continue,manual,799.00,0.00,true,true,,,,,'10712410,https://cdn.shopify.com/s/files/1/0618/2368/0740/files/23_49f283c6-cc2a-4f13-99a0-a84d52fd1e77.png?v=1717078812,9,Mickey Mouse Printed T Shirt For Kids - front view - kids wear Pakistan,,,,,,,,,,,,,,,,,,,,,,,,,,,,,,,,,,,,,,,,,,,,https://cdn.shopify.com/s/files/1/0618/2368/0740/files/26_b9066b9d-61f9-4b9e-9e27-00bcdb634fb3.png?v=1717078812,kg,,,,,,
mickey-mouse-printed-t-shirt-for-kids,,,,,,,,,3-4 YRS,,,Black,,,,,'10712411,200.0,shopify,98,continue,manual,799.00,0.00,true,true,,,,,'10712411,https://cdn.shopify.com/s/files/1/0618/2368/0740/files/24_152c439c-d15b-448f-8294-9e2b9340312a.png?v=1717078812,10,Mickey Mouse Printed T Shirt For Kids - back view - kids wear Pakistan,,,,,,,,,,,,,,,,,,,,,,,,,,,,,,,,,,,,,,,,,,,,https://cdn.shopify.com/s/files/1/0618/2368/0740/files/8_950f1388-14ce-4158-b25b-621823b152eb.png?v=1717076078,kg,,,,,,
mickey-mouse-printed-t-shirt-for-kids,,,,,,,,,3-4 YRS,,,White,,,,,'10712412,200.0,shopify,99,continue,manual,799.00,0.00,true,true,,,,,'10712412,https://cdn.shopify.com/s/files/1/0618/2368/0740/files/26_b9066b9d-61f9-4b9e-9e27-00bcdb634fb3.png?v=1717078812,11,Mickey Mouse Printed T Shirt For Kids - side view - kids wear Pakistan,,,,,,,,,,,,,,,,,,,,,,,,,,,,,,,,,,,,,,,,,,,,https://cdn.shopify.com/s/files/1/0618/2368/0740/files/12_0bd3ed91-4afb-4c53-842f-994a86fce519.png?v=1717078812,kg,,,,,,
mickey-mouse-printed-t-shirt-for-kids,,,,,,,,,3-4 YRS,,,Red,,,,,'10712413,200.0,shopify,99,continue,manual,799.00,0.00,true,true,,,,,'10712413,https://cdn.shopify.com/s/files/1/0618/2368/0740/files/28_ea57e80d-615a-4aab-aad5-64b4bdda5644.png?v=1717078812,12,Mickey Mouse Printed T Shirt For Kids - detail shot - kids wear Pakistan,,,,,,,,,,,,,,,,,,,,,,,,,,,,,,,,,,,,,,,,,,,,https://cdn.shopify.com/s/files/1/0618/2368/0740/files/18_a64ece62-90c4-4da2-af14-829eed4beee9.png?v=1717078812,kg,,,,,,
mickey-mouse-printed-t-shirt-for-kids,,,,,,,,,3-4 YRS,,,Yellow,,,,,'10712414,200.0,shopify,99,continue,manual,799.00,0.00,true,true,,,,,'10712414,,,,,,,,,,,,,,,,,,,,,,,,,,,,,,,,,,,,,,,,,,,,,,,https://cdn.shopify.com/s/files/1/0618/2368/0740/files/23_49f283c6-cc2a-4f13-99a0-a84d52fd1e77.png?v=1717078812,kg,,,,,,
mickey-mouse-printed-t-shirt-for-kids,,,,,,,,,3-4 YRS,,,Mahroon,,,,,'10712415,200.0,shopify,99,continue,manual,799.00,0.00,true,true,,,,,'10712415,,,,,,,,,,,,,,,,,,,,,,,,,,,,,,,,,,,,,,,,,,,,,,,https://cdn.shopify.com/s/files/1/0618/2368/0740/files/16_582ac254-263d-43d3-be92-055976d13ede.png?v=1717078812,kg,,,,,,
mickey-mouse-printed-t-shirt-for-kids,,,,,,,,,3-4 YRS,,,Grey,,,,,'10712416,200.0,shopify,99,continue,manual,799.00,0.00,true,true,,,,,'10712416,,,,,,,,,,,,,,,,,,,,,,,,,,,,,,,,,,,,,,,,,,,,,,,https://cdn.shopify.com/s/files/1/0618/2368/0740/files/19_5b8926ba-4d66-4c29-873c-6ee1f8e82d5b.png?v=1717078812,kg,,,,,,
mickey-mouse-printed-t-shirt-for-kids,,,,,,,,,3-4 YRS,,,Pink,,,,,'10712417,200.0,shopify,99,continue,manual,799.00,0.00,true,true,,,,,'10712417,,,,,,,,,,,,,,,,,,,,,,,,,,,,,,,,,,,,,,,,,,,,,,,https://cdn.shopify.com/s/files/1/0618/2368/0740/files/20_36c3b850-8098-4769-9b18-3426576eb350.png?v=1717078812,kg,,,,,,
mickey-mouse-printed-t-shirt-for-kids,,,,,,,,,3-4 YRS,,,Orange,,,,,'10712418,200.0,shopify,99,continue,manual,799.00,0.00,true,true,,,,,'10712418,,,,,,,,,,,,,,,,,,,,,,,,,,,,,,,,,,,,,,,,,,,,,,,https://cdn.shopify.com/s/files/1/0618/2368/0740/files/24_152c439c-d15b-448f-8294-9e2b9340312a.png?v=1717078812,kg,,,,,,
mickey-mouse-printed-t-shirt-for-kids,,,,,,,,,3-4 YRS,,,Blue,,,,,'10712419,200.0,shopify,99,continue,manual,799.00,0.00,true,true,,,,,'10712419,,,,,,,,,,,,,,,,,,,,,,,,,,,,,,,,,,,,,,,,,,,,,,,https://cdn.shopify.com/s/files/1/0618/2368/0740/files/26_b9066b9d-61f9-4b9e-9e27-00bcdb634fb3.png?v=1717078812,kg,,,,,,
mickey-mouse-printed-t-shirt-for-kids,,,,,,,,,5-6 YRS,,,Black,,,,,'10712420,200.0,shopify,99,continue,manual,799.00,0.00,true,true,,,,,'10712420,,,,,,,,,,,,,,,,,,,,,,,,,,,,,,,,,,,,,,,,,,,,,,,https://cdn.shopify.com/s/files/1/0618/2368/0740/files/8_950f1388-14ce-4158-b25b-621823b152eb.png?v=1717076078,kg,,,,,,
mickey-mouse-printed-t-shirt-for-kids,,,,,,,,,5-6 YRS,,,White,,,,,'10712421,200.0,shopify,99,continue,manual,799.00,0.00,true,true,,,,,'10712421,,,,,,,,,,,,,,,,,,,,,,,,,,,,,,,,,,,,,,,,,,,,,,,https://cdn.shopify.com/s/files/1/0618/2368/0740/files/12_0bd3ed91-4afb-4c53-842f-994a86fce519.png?v=1717078812,kg,,,,,,
mickey-mouse-printed-t-shirt-for-kids,,,,,,,,,5-6 YRS,,,Red,,,,,'10712422,200.0,shopify,99,continue,manual,799.00,0.00,true,true,,,,,'10712422,,,,,,,,,,,,,,,,,,,,,,,,,,,,,,,,,,,,,,,,,,,,,,,https://cdn.shopify.com/s/files/1/0618/2368/0740/files/18_a64ece62-90c4-4da2-af14-829eed4beee9.png?v=1717078812,kg,,,,,,
mickey-mouse-printed-t-shirt-for-kids,,,,,,,,,5-6 YRS,,,Yellow,,,,,'10712423,200.0,shopify,99,continue,manual,799.00,0.00,true,true,,,,,'10712423,,,,,,,,,,,,,,,,,,,,,,,,,,,,,,,,,,,,,,,,,,,,,,,https://cdn.shopify.com/s/files/1/0618/2368/0740/files/23_49f283c6-cc2a-4f13-99a0-a84d52fd1e77.png?v=1717078812,kg,,,,,,
mickey-mouse-printed-t-shirt-for-kids,,,,,,,,,5-6 YRS,,,Mahroon,,,,,'10712424,200.0,shopify,99,continue,manual,799.00,0.00,true,true,,,,,'10712424,,,,,,,,,,,,,,,,,,,,,,,,,,,,,,,,,,,,,,,,,,,,,,,https://cdn.shopify.com/s/files/1/0618/2368/0740/files/16_582ac254-263d-43d3-be92-055976d13ede.png?v=1717078812,kg,,,,,,
mickey-mouse-printed-t-shirt-for-kids,,,,,,,,,5-6 YRS,,,Grey,,,,,'10712425,200.0,shopify,99,continue,manual,799.00,0.00,true,true,,,,,'10712425,,,,,,,,,,,,,,,,,,,,,,,,,,,,,,,,,,,,,,,,,,,,,,,https://cdn.shopify.com/s/files/1/0618/2368/0740/files/19_5b8926ba-4d66-4c29-873c-6ee1f8e82d5b.png?v=1717078812,kg,,,,,,
mickey-mouse-printed-t-shirt-for-kids,,,,,,,,,5-6 YRS,,,Pink,,,,,'10712426,200.0,shopify,99,continue,manual,799.00,0.00,true,true,,,,,'10712426,,,,,,,,,,,,,,,,,,,,,,,,,,,,,,,,,,,,,,,,,,,,,,,https://cdn.shopify.com/s/files/1/0618/2368/0740/files/20_36c3b850-8098-4769-9b18-3426576eb350.png?v=1717078812,kg,,,,,,
mickey-mouse-printed-t-shirt-for-kids,,,,,,,,,5-6 YRS,,,Orange,,,,,'10712427,200.0,shopify,99,continue,manual,799.00,0.00,true,true,,,,,'10712427,,,,,,,,,,,,,,,,,,,,,,,,,,,,,,,,,,,,,,,,,,,,,,,https://cdn.shopify.com/s/files/1/0618/2368/0740/files/24_152c439c-d15b-448f-8294-9e2b9340312a.png?v=1717078812,kg,,,,,,
mickey-mouse-printed-t-shirt-for-kids,,,,,,,,,5-6 YRS,,,Blue,,,,,'10712428,200.0,shopify,99,continue,manual,799.00,0.00,true,true,,,,,'10712428,,,,,,,,,,,,,,,,,,,,,,,,,,,,,,,,,,,,,,,,,,,,,,,https://cdn.shopify.com/s/files/1/0618/2368/0740/files/26_b9066b9d-61f9-4b9e-9e27-00bcdb634fb3.png?v=1717078812,kg,,,,,,
mickey-mouse-printed-t-shirt-for-kids,,,,,,,,,7-8 YRS,,,Black,,,,,'10712429,200.0,shopify,99,continue,manual,799.00,0.00,true,true,,,,,'10712429,,,,,,,,,,,,,,,,,,,,,,,,,,,,,,,,,,,,,,,,,,,,,,,https://cdn.shopify.com/s/files/1/0618/2368/0740/files/8_950f1388-14ce-4158-b25b-621823b152eb.png?v=1717076078,kg,,,,,,
mickey-mouse-printed-t-shirt-for-kids,,,,,,,,,7-8 YRS,,,White,,,,,'10712430,200.0,shopify,99,continue,manual,799.00,0.00,true,true,,,,,'10712430,,,,,,,,,,,,,,,,,,,,,,,,,,,,,,,,,,,,,,,,,,,,,,,https://cdn.shopify.com/s/files/1/0618/2368/0740/files/12_0bd3ed91-4afb-4c53-842f-994a86fce519.png?v=1717078812,kg,,,,,,
mickey-mouse-printed-t-shirt-for-kids,,,,,,,,,7-8 YRS,,,Red,,,,,'10712431,200.0,shopify,99,continue,manual,799.00,0.00,true,true,,,,,'10712431,,,,,,,,,,,,,,,,,,,,,,,,,,,,,,,,,,,,,,,,,,,,,,,https://cdn.shopify.com/s/files/1/0618/2368/0740/files/18_a64ece62-90c4-4da2-af14-829eed4beee9.png?v=1717078812,kg,,,,,,
mickey-mouse-printed-t-shirt-for-kids,,,,,,,,,7-8 YRS,,,Yellow,,,,,'10712432,200.0,shopify,99,continue,manual,799.00,0.00,true,true,,,,,'10712432,,,,,,,,,,,,,,,,,,,,,,,,,,,,,,,,,,,,,,,,,,,,,,,https://cdn.shopify.com/s/files/1/0618/2368/0740/files/23_49f283c6-cc2a-4f13-99a0-a84d52fd1e77.png?v=1717078812,kg,,,,,,
mickey-mouse-printed-t-shirt-for-kids,,,,,,,,,7-8 YRS,,,Mahroon,,,,,'10712433,200.0,shopify,99,continue,manual,799.00,0.00,true,true,,,,,'10712433,,,,,,,,,,,,,,,,,,,,,,,,,,,,,,,,,,,,,,,,,,,,,,,https://cdn.shopify.com/s/files/1/0618/2368/0740/files/16_582ac254-263d-43d3-be92-055976d13ede.png?v=1717078812,kg,,,,,,
mickey-mouse-printed-t-shirt-for-kids,,,,,,,,,7-8 YRS,,,Grey,,,,,'10712434,200.0,shopify,99,continue,manual,799.00,0.00,true,true,,,,,'10712434,,,,,,,,,,,,,,,,,,,,,,,,,,,,,,,,,,,,,,,,,,,,,,,https://cdn.shopify.com/s/files/1/0618/2368/0740/files/19_5b8926ba-4d66-4c29-873c-6ee1f8e82d5b.png?v=1717078812,kg,,,,,,
mickey-mouse-printed-t-shirt-for-kids,,,,,,,,,7-8 YRS,,,Pink,,,,,'10712435,200.0,shopify,99,continue,manual,799.00,0.00,true,true,,,,,'10712435,,,,,,,,,,,,,,,,,,,,,,,,,,,,,,,,,,,,,,,,,,,,,,,https://cdn.shopify.com/s/files/1/0618/2368/0740/files/20_36c3b850-8098-4769-9b18-3426576eb350.png?v=1717078812,kg,,,,,,
mickey-mouse-printed-t-shirt-for-kids,,,,,,,,,7-8 YRS,,,Orange,,,,,'10712436,200.0,shopify,99,continue,manual,799.00,0.00,true,true,,,,,'10712436,,,,,,,,,,,,,,,,,,,,,,,,,,,,,,,,,,,,,,,,,,,,,,,https://cdn.shopify.com/s/files/1/0618/2368/0740/files/24_152c439c-d15b-448f-8294-9e2b9340312a.png?v=1717078812,kg,,,,,,
mickey-mouse-printed-t-shirt-for-kids,,,,,,,,,7-8 YRS,,,Blue,,,,,'10712437,200.0,shopify,99,continue,manual,799.00,0.00,true,true,,,,,'10712437,,,,,,,,,,,,,,,,,,,,,,,,,,,,,,,,,,,,,,,,,,,,,,,https://cdn.shopify.com/s/files/1/0618/2368/0740/files/26_b9066b9d-61f9-4b9e-9e27-00bcdb634fb3.png?v=1717078812,kg,,,,,,
mickey-mouse-printed-t-shirt-for-kids,,,,,,,,,9-10 YRS,,,Black,,,,,'10712438,200.0,shopify,99,continue,manual,899.00,0.00,true,true,,,,,'10712438,,,,,,,,,,,,,,,,,,,,,,,,,,,,,,,,,,,,,,,,,,,,,,,https://cdn.shopify.com/s/files/1/0618/2368/0740/files/8_950f1388-14ce-4158-b25b-621823b152eb.png?v=1717076078,kg,,,,,,
mickey-mouse-printed-t-shirt-for-kids,,,,,,,,,9-10 YRS,,,White,,,,,'10712439,200.0,shopify,99,continue,manual,899.00,0.00,true,true,,,,,'10712439,,,,,,,,,,,,,,,,,,,,,,,,,,,,,,,,,,,,,,,,,,,,,,,https://cdn.shopify.com/s/files/1/0618/2368/0740/files/12_0bd3ed91-4afb-4c53-842f-994a86fce519.png?v=1717078812,kg,,,,,,
mickey-mouse-printed-t-shirt-for-kids,,,,,,,,,9-10 YRS,,,Red,,,,,'10712440,200.0,shopify,99,continue,manual,899.00,0.00,true,true,,,,,'10712440,,,,,,,,,,,,,,,,,,,,,,,,,,,,,,,,,,,,,,,,,,,,,,,https://cdn.shopify.com/s/files/1/0618/2368/0740/files/18_a64ece62-90c4-4da2-af14-829eed4beee9.png?v=1717078812,kg,,,,,,
mickey-mouse-printed-t-shirt-for-kids,,,,,,,,,9-10 YRS,,,Yellow,,,,,'10712441,200.0,shopify,99,continue,manual,899.00,0.00,true,true,,,,,'10712441,,,,,,,,,,,,,,,,,,,,,,,,,,,,,,,,,,,,,,,,,,,,,,,https://cdn.shopify.com/s/files/1/0618/2368/0740/files/23_49f283c6-cc2a-4f13-99a0-a84d52fd1e77.png?v=1717078812,kg,,,,,,
mickey-mouse-printed-t-shirt-for-kids,,,,,,,,,9-10 YRS,,,Mahroon,,,,,'10712442,200.0,shopify,99,continue,manual,899.00,0.00,true,true,,,,,'10712442,,,,,,,,,,,,,,,,,,,,,,,,,,,,,,,,,,,,,,,,,,,,,,,https://cdn.shopify.com/s/files/1/0618/2368/0740/files/16_582ac254-263d-43d3-be92-055976d13ede.png?v=1717078812,kg,,,,,,
mickey-mouse-printed-t-shirt-for-kids,,,,,,,,,9-10 YRS,,,Grey,,,,,'10712443,200.0,shopify,99,continue,manual,899.00,0.00,true,true,,,,,'10712443,,,,,,,,,,,,,,,,,,,,,,,,,,,,,,,,,,,,,,,,,,,,,,,https://cdn.shopify.com/s/files/1/0618/2368/0740/files/19_5b8926ba-4d66-4c29-873c-6ee1f8e82d5b.png?v=1717078812,kg,,,,,,
mickey-mouse-printed-t-shirt-for-kids,,,,,,,,,9-10 YRS,,,Pink,,,,,'10712444,200.0,shopify,99,continue,manual,899.00,0.00,true,true,,,,,'10712444,,,,,,,,,,,,,,,,,,,,,,,,,,,,,,,,,,,,,,,,,,,,,,,https://cdn.shopify.com/s/files/1/0618/2368/0740/files/20_36c3b850-8098-4769-9b18-3426576eb350.png?v=1717078812,kg,,,,,,
mickey-mouse-printed-t-shirt-for-kids,,,,,,,,,9-10 YRS,,,Orange,,,,,'10712445,200.0,shopify,99,continue,manual,899.00,0.00,true,true,,,,,'10712445,,,,,,,,,,,,,,,,,,,,,,,,,,,,,,,,,,,,,,,,,,,,,,,https://cdn.shopify.com/s/files/1/0618/2368/0740/files/24_152c439c-d15b-448f-8294-9e2b9340312a.png?v=1717078812,kg,,,,,,
mickey-mouse-printed-t-shirt-for-kids,,,,,,,,,9-10 YRS,,,Blue,,,,,'10712446,200.0,shopify,99,continue,manual,899.00,0.00,true,true,,,,,'10712446,,,,,,,,,,,,,,,,,,,,,,,,,,,,,,,,,,,,,,,,,,,,,,,https://cdn.shopify.com/s/files/1/0618/2368/0740/files/26_b9066b9d-61f9-4b9e-9e27-00bcdb634fb3.png?v=1717078812,kg,,,,,,
mickey-mouse-printed-t-shirt-for-kids,,,,,,,,,11-12 YRS,,,Black,,,,,'10712447,200.0,shopify,99,continue,manual,899.00,0.00,true,true,,,,,'10712447,,,,,,,,,,,,,,,,,,,,,,,,,,,,,,,,,,,,,,,,,,,,,,,https://cdn.shopify.com/s/files/1/0618/2368/0740/files/8_950f1388-14ce-4158-b25b-621823b152eb.png?v=1717076078,kg,,,,,,
mickey-mouse-printed-t-shirt-for-kids,,,,,,,,,11-12 YRS,,,White,,,,,'10712448,200.0,shopify,99,continue,manual,899.00,0.00,true,true,,,,,'10712448,,,,,,,,,,,,,,,,,,,,,,,,,,,,,,,,,,,,,,,,,,,,,,,https://cdn.shopify.com/s/files/1/0618/2368/0740/files/12_0bd3ed91-4afb-4c53-842f-994a86fce519.png?v=1717078812,kg,,,,,,
mickey-mouse-printed-t-shirt-for-kids,,,,,,,,,11-12 YRS,,,Red,,,,,'10712449,200.0,shopify,99,continue,manual,899.00,0.00,true,true,,,,,'10712449,,,,,,,,,,,,,,,,,,,,,,,,,,,,,,,,,,,,,,,,,,,,,,,https://cdn.shopify.com/s/files/1/0618/2368/0740/files/18_a64ece62-90c4-4da2-af14-829eed4beee9.png?v=1717078812,kg,,,,,,
mickey-mouse-printed-t-shirt-for-kids,,,,,,,,,11-12 YRS,,,Yellow,,,,,'10712450,200.0,shopify,99,continue,manual,899.00,0.00,true,true,,,,,'10712450,,,,,,,,,,,,,,,,,,,,,,,,,,,,,,,,,,,,,,,,,,,,,,,https://cdn.shopify.com/s/files/1/0618/2368/0740/files/23_49f283c6-cc2a-4f13-99a0-a84d52fd1e77.png?v=1717078812,kg,,,,,,
mickey-mouse-printed-t-shirt-for-kids,,,,,,,,,11-12 YRS,,,Mahroon,,,,,'10712451,200.0,shopify,99,continue,manual,899.00,0.00,true,true,,,,,'10712451,,,,,,,,,,,,,,,,,,,,,,,,,,,,,,,,,,,,,,,,,,,,,,,https://cdn.shopify.com/s/files/1/0618/2368/0740/files/16_582ac254-263d-43d3-be92-055976d13ede.png?v=1717078812,kg,,,,,,
mickey-mouse-printed-t-shirt-for-kids,,,,,,,,,11-12 YRS,,,Grey,,,,,'10712452,200.0,shopify,99,continue,manual,899.00,0.00,true,true,,,,,'10712452,,,,,,,,,,,,,,,,,,,,,,,,,,,,,,,,,,,,,,,,,,,,,,,https://cdn.shopify.com/s/files/1/0618/2368/0740/files/19_5b8926ba-4d66-4c29-873c-6ee1f8e82d5b.png?v=1717078812,kg,,,,,,
mickey-mouse-printed-t-shirt-for-kids,,,,,,,,,11-12 YRS,,,Pink,,,,,'10712453,200.0,shopify,99,continue,manual,899.00,0.00,true,true,,,,,'10712453,,,,,,,,,,,,,,,,,,,,,,,,,,,,,,,,,,,,,,,,,,,,,,,https://cdn.shopify.com/s/files/1/0618/2368/0740/files/20_36c3b850-8098-4769-9b18-3426576eb350.png?v=1717078812,kg,,,,,,
mickey-mouse-printed-t-shirt-for-kids,,,,,,,,,11-12 YRS,,,Orange,,,,,'10712454,200.0,shopify,99,continue,manual,899.00,0.00,true,true,,,,,'10712454,,,,,,,,,,,,,,,,,,,,,,,,,,,,,,,,,,,,,,,,,,,,,,,https://cdn.shopify.com/s/files/1/0618/2368/0740/files/24_152c439c-d15b-448f-8294-9e2b9340312a.png?v=1717078812,kg,,,,,,
mickey-mouse-printed-t-shirt-for-kids,,,,,,,,,11-12 YRS,,,Blue,,,,,'10712455,200.0,shopify,99,continue,manual,899.00,0.00,true,true,,,,,'10712455,,,,,,,,,,,,,,,,,,,,,,,,,,,,,,,,,,,,,,,,,,,,,,,https://cdn.shopify.com/s/files/1/0618/2368/0740/files/26_b9066b9d-61f9-4b9e-9e27-00bcdb634fb3.png?v=1717078812,kg,,,,,,
mickey-mouse-printed-t-shirt-for-kids,,,,,,,,,13-14 YRS,,,Black,,,,,'10712456,200.0,shopify,100,continue,manual,999.00,0.00,true,true,,,,,'10712456,,,,,,,,,,,,,,,,,,,,,,,,,,,,,,,,,,,,,,,,,,,,,,,https://cdn.shopify.com/s/files/1/0618/2368/0740/files/8_950f1388-14ce-4158-b25b-621823b152eb.png?v=1717076078,kg,,,,,,
mickey-mouse-printed-t-shirt-for-kids,,,,,,,,,13-14 YRS,,,White,,,,,'10712457,200.0,shopify,100,continue,manual,999.00,0.00,true,true,,,,,'10712457,,,,,,,,,,,,,,,,,,,,,,,,,,,,,,,,,,,,,,,,,,,,,,,https://cdn.shopify.com/s/files/1/0618/2368/0740/files/12_0bd3ed91-4afb-4c53-842f-994a86fce519.png?v=1717078812,kg,,,,,,
mickey-mouse-printed-t-shirt-for-kids,,,,,,,,,13-14 YRS,,,Red,,,,,'10712458,200.0,shopify,100,continue,manual,999.00,0.00,true,true,,,,,'10712458,,,,,,,,,,,,,,,,,,,,,,,,,,,,,,,,,,,,,,,,,,,,,,,https://cdn.shopify.com/s/files/1/0618/2368/0740/files/18_a64ece62-90c4-4da2-af14-829eed4beee9.png?v=1717078812,kg,,,,,,
mickey-mouse-printed-t-shirt-for-kids,,,,,,,,,13-14 YRS,,,Yellow,,,,,'10712459,200.0,shopify,100,continue,manual,999.00,0.00,true,true,,,,,'10712459,,,,,,,,,,,,,,,,,,,,,,,,,,,,,,,,,,,,,,,,,,,,,,,https://cdn.shopify.com/s/files/1/0618/2368/0740/files/23_49f283c6-cc2a-4f13-99a0-a84d52fd1e77.png?v=1717078812,kg,,,,,,
mickey-mouse-printed-t-shirt-for-kids,,,,,,,,,13-14 YRS,,,Mahroon,,,,,'10712460,200.0,shopify,100,continue,manual,999.00,0.00,true,true,,,,,'10712460,,,,,,,,,,,,,,,,,,,,,,,,,,,,,,,,,,,,,,,,,,,,,,,https://cdn.shopify.com/s/files/1/0618/2368/0740/files/16_582ac254-263d-43d3-be92-055976d13ede.png?v=1717078812,kg,,,,,,
mickey-mouse-printed-t-shirt-for-kids,,,,,,,,,13-14 YRS,,,Grey,,,,,'10712461,200.0,shopify,100,continue,manual,999.00,0.00,true,true,,,,,'10712461,,,,,,,,,,,,,,,,,,,,,,,,,,,,,,,,,,,,,,,,,,,,,,,https://cdn.shopify.com/s/files/1/0618/2368/0740/files/19_5b8926ba-4d66-4c29-873c-6ee1f8e82d5b.png?v=1717078812,kg,,,,,,
mickey-mouse-printed-t-shirt-for-kids,,,,,,,,,13-14 YRS,,,Pink,,,,,'10712462,200.0,shopify,100,continue,manual,999.00,0.00,true,true,,,,,'10712462,,,,,,,,,,,,,,,,,,,,,,,,,,,,,,,,,,,,,,,,,,,,,,,https://cdn.shopify.com/s/files/1/0618/2368/0740/files/20_36c3b850-8098-4769-9b18-3426576eb350.png?v=1717078812,kg,,,,,,
mickey-mouse-printed-t-shirt-for-kids,,,,,,,,,13-14 YRS,,,Orange,,,,,'10712463,200.0,shopify,100,continue,manual,999.00,0.00,true,true,,,,,'10712463,,,,,,,,,,,,,,,,,,,,,,,,,,,,,,,,,,,,,,,,,,,,,,,https://cdn.shopify.com/s/files/1/0618/2368/0740/files/24_152c439c-d15b-448f-8294-9e2b9340312a.png?v=1717078812,kg,,,,,,
mickey-mouse-printed-t-shirt-for-kids,,,,,,,,,13-14 YRS,,,Blue,,,,,'10706855,200.0,shopify,100,continue,manual,999.00,0.00,true,true,,,,,'10706855,,,,,,,,,,,,,,,,,,,,,,,,,,,,,,,,,,,,,,,,,,,,,,,https://cdn.shopify.com/s/files/1/0618/2368/0740/files/26_b9066b9d-61f9-4b9e-9e27-00bcdb634fb3.png?v=1717078812,kg,,,,,,
copy-of-mickey-mouse-printed-t-shirt-for-kids,Angry Birds Printed T Shirt For Kids,"<div>Fabric: Soft High-Quality Jersey</div>
<div>Half Sleeve T-Shirt</div>
<div>Round Neck</div>
<div>High Quality DTF Printed</div>
<div>Soft and Comfortable Wear</div>
<div>Easy Wash &amp; Press</div>
<div>Sizes 1-14 years </div>
<div><span>Disclaimer: Colors may vary slightly due to studio lights. </span></div>",BBG FASHION CLOTHING STORE,Apparel & Accessories > Clothing > Clothing Tops > T-Shirts,kids T-Shirts,kids T-Shirts,false,Size,1-2 YRS,,Color,White,,,,,'10712340,200.0,shopify,100,continue,manual,799.00,0.00,true,true,,,,,'10712340,https://cdn.shopify.com/s/files/1/0618/2368/0740/files/12_128fa3c5-9ccb-4f09-9d31-8c785b7190e1.png?v=1717076052,1,Copy Of Mickey Mouse Printed T Shirt For Kids - front view - kids wear Pakistan,false,,,212,,,,,,,,,,,,,,,,,,,,,,,,,,,,,,,,,,,,,,,,https://cdn.shopify.com/s/files/1/0618/2368/0740/files/12_128fa3c5-9ccb-4f09-9d31-8c785b7190e1.png?v=1717076052,kg,,,true,,,draft
copy-of-mickey-mouse-printed-t-shirt-for-kids,,,,,,,,,1-2 YRS,,,Black,,,,,'10712341,200.0,shopify,100,continue,manual,799.00,0.00,true,true,,,,,'10712341,https://cdn.shopify.com/s/files/1/0618/2368/0740/files/bbg.png?v=1717078114,2,Copy Of Mickey Mouse Printed T Shirt For Kids - back view - kids wear Pakistan,,,,,,,,,,,,,,,,,,,,,,,,,,,,,,,,,,,,,,,,,,,,https://cdn.shopify.com/s/files/1/0618/2368/0740/files/11_ea1b7351-9c9e-43d1-b0c5-8d7783963d95.png?v=1717078114,kg,,,,,,
copy-of-mickey-mouse-printed-t-shirt-for-kids,,,,,,,,,1-2 YRS,,,Red,,,,,'10712342,200.0,shopify,100,continue,manual,799.00,0.00,true,true,,,,,'10712342,https://cdn.shopify.com/s/files/1/0618/2368/0740/files/11_ea1b7351-9c9e-43d1-b0c5-8d7783963d95.png?v=1717078114,3,Copy Of Mickey Mouse Printed T Shirt For Kids - side view - kids wear Pakistan,,,,,,,,,,,,,,,,,,,,,,,,,,,,,,,,,,,,,,,,,,,,https://cdn.shopify.com/s/files/1/0618/2368/0740/files/18_a252f5d4-06a0-4ab3-b074-c1c8acec8ba8.png?v=1717078114,kg,,,,,,
copy-of-mickey-mouse-printed-t-shirt-for-kids,,,,,,,,,1-2 YRS,,,Yellow,,,,,'10712343,200.0,shopify,100,continue,manual,799.00,0.00,true,true,,,,,'10712343,https://cdn.shopify.com/s/files/1/0618/2368/0740/files/14.png?v=1717078114,4,Copy Of Mickey Mouse Printed T Shirt For Kids - detail shot - kids wear Pakistan,,,,,,,,,,,,,,,,,,,,,,,,,,,,,,,,,,,,,,,,,,,,https://cdn.shopify.com/s/files/1/0618/2368/0740/files/23_612763c6-3845-429f-8cc0-7f335fb9c3f3.png?v=1717078114,kg,,,,,,
copy-of-mickey-mouse-printed-t-shirt-for-kids,,,,,,,,,1-2 YRS,,,Mahroon,,,,,'10712344,200.0,shopify,100,continue,manual,799.00,0.00,true,true,,,,,'10712344,https://cdn.shopify.com/s/files/1/0618/2368/0740/files/16_d7faa32e-3098-4328-be90-f8af53b6adce.png?v=1717078114,5,Copy Of Mickey Mouse Printed T Shirt For Kids - front view - kids wear Pakistan,,,,,,,,,,,,,,,,,,,,,,,,,,,,,,,,,,,,,,,,,,,,https://cdn.shopify.com/s/files/1/0618/2368/0740/files/16_d7faa32e-3098-4328-be90-f8af53b6adce.png?v=1717078114,kg,,,,,,
copy-of-mickey-mouse-printed-t-shirt-for-kids,,,,,,,,,1-2 YRS,,,Grey,,,,,'10712345,200.0,shopify,100,continue,manual,799.00,0.00,true,true,,,,,'10712345,https://cdn.shopify.com/s/files/1/0618/2368/0740/files/18_a252f5d4-06a0-4ab3-b074-c1c8acec8ba8.png?v=1717078114,6,Copy Of Mickey Mouse Printed T Shirt For Kids - back view - kids wear Pakistan,,,,,,,,,,,,,,,,,,,,,,,,,,,,,,,,,,,,,,,,,,,,https://cdn.shopify.com/s/files/1/0618/2368/0740/files/20_281b7da6-88a7-4d02-9e7c-d3ccca08e0c8.png?v=1717078114,kg,,,,,,
copy-of-mickey-mouse-printed-t-shirt-for-kids,,,,,,,,,1-2 YRS,,,Pink,,,,,'10712346,200.0,shopify,100,continue,manual,799.00,0.00,true,true,,,,,'10712346,https://cdn.shopify.com/s/files/1/0618/2368/0740/files/20_281b7da6-88a7-4d02-9e7c-d3ccca08e0c8.png?v=1717078114,7,Copy Of Mickey Mouse Printed T Shirt For Kids - side view - kids wear Pakistan,,,,,,,,,,,,,,,,,,,,,,,,,,,,,,,,,,,,,,,,,,,,https://cdn.shopify.com/s/files/1/0618/2368/0740/files/21.png?v=1717078114,kg,,,,,,
copy-of-mickey-mouse-printed-t-shirt-for-kids,,,,,,,,,1-2 YRS,,,Orange,,,,,'10712347,200.0,shopify,100,continue,manual,799.00,0.00,true,true,,,,,'10712347,https://cdn.shopify.com/s/files/1/0618/2368/0740/files/21.png?v=1717078114,8,Copy Of Mickey Mouse Printed T Shirt For Kids - detail shot - kids wear Pakistan,,,,,,,,,,,,,,,,,,,,,,,,,,,,,,,,,,,,,,,,,,,,https://cdn.shopify.com/s/files/1/0618/2368/0740/files/26_825d6a58-9eda-4c63-9959-fb41bb48f202.png?v=1717078114,kg,,,,,,
copy-of-mickey-mouse-printed-t-shirt-for-kids,,,,,,,,,1-2 YRS,,,Blue,,,,,'10712348,200.0,shopify,100,continue,manual,799.00,0.00,true,true,,,,,'10712348,https://cdn.shopify.com/s/files/1/0618/2368/0740/files/23_612763c6-3845-429f-8cc0-7f335fb9c3f3.png?v=1717078114,9,Copy Of Mickey Mouse Printed T Shirt For Kids - front view - kids wear Pakistan,,,,,,,,,,,,,,,,,,,,,,,,,,,,,,,,,,,,,,,,,,,,https://cdn.shopify.com/s/files/1/0618/2368/0740/files/28_cabb726a-c7de-428e-98a4-0d148fa3d585.png?v=1717078114,kg,,,,,,
copy-of-mickey-mouse-printed-t-shirt-for-kids,,,,,,,,,3-4 YRS,,,White,,,,,'10712349,200.0,shopify,100,continue,manual,799.00,0.00,true,true,,,,,'10712349,https://cdn.shopify.com/s/files/1/0618/2368/0740/files/26_825d6a58-9eda-4c63-9959-fb41bb48f202.png?v=1717078114,10,Copy Of Mickey Mouse Printed T Shirt For Kids - back view - kids wear Pakistan,,,,,,,,,,,,,,,,,,,,,,,,,,,,,,,,,,,,,,,,,,,,https://cdn.shopify.com/s/files/1/0618/2368/0740/files/12_128fa3c5-9ccb-4f09-9d31-8c785b7190e1.png?v=1717076052,kg,,,,,,
copy-of-mickey-mouse-printed-t-shirt-for-kids,,,,,,,,,3-4 YRS,,,Black,,,,,'10712350,200.0,shopify,100,continue,manual,799.00,0.00,true,true,,,,,'10712350,https://cdn.shopify.com/s/files/1/0618/2368/0740/files/28_cabb726a-c7de-428e-98a4-0d148fa3d585.png?v=1717078114,11,Copy Of Mickey Mouse Printed T Shirt For Kids - side view - kids wear Pakistan,,,,,,,,,,,,,,,,,,,,,,,,,,,,,,,,,,,,,,,,,,,,https://cdn.shopify.com/s/files/1/0618/2368/0740/files/11_ea1b7351-9c9e-43d1-b0c5-8d7783963d95.png?v=1717078114,kg,,,,,,
copy-of-mickey-mouse-printed-t-shirt-for-kids,,,,,,,,,3-4 YRS,,,Red,,,,,'10712351,200.0,shopify,100,continue,manual,799.00,0.00,true,true,,,,,'10712351,https://cdn.shopify.com/s/files/1/0618/2368/0740/files/30_6fc8cbba-f5e6-4339-95bb-13d693adb4fa.png?v=1717078114,12,Copy Of Mickey Mouse Printed T Shirt For Kids - detail shot - kids wear Pakistan,,,,,,,,,,,,,,,,,,,,,,,,,,,,,,,,,,,,,,,,,,,,https://cdn.shopify.com/s/files/1/0618/2368/0740/files/18_a252f5d4-06a0-4ab3-b074-c1c8acec8ba8.png?v=1717078114,kg,,,,,,
copy-of-mickey-mouse-printed-t-shirt-for-kids,,,,,,,,,3-4 YRS,,,Yellow,,,,,'10712352,200.0,shopify,100,continue,manual,799.00,0.00,true,true,,,,,'10712352,,,,,,,,,,,,,,,,,,,,,,,,,,,,,,,,,,,,,,,,,,,,,,,https://cdn.shopify.com/s/files/1/0618/2368/0740/files/23_612763c6-3845-429f-8cc0-7f335fb9c3f3.png?v=1717078114,kg,,,,,,
copy-of-mickey-mouse-printed-t-shirt-for-kids,,,,,,,,,3-4 YRS,,,Mahroon,,,,,'10712353,200.0,shopify,99,continue,manual,799.00,0.00,true,true,,,,,'10712353,,,,,,,,,,,,,,,,,,,,,,,,,,,,,,,,,,,,,,,,,,,,,,,https://cdn.shopify.com/s/files/1/0618/2368/0740/files/16_d7faa32e-3098-4328-be90-f8af53b6adce.png?v=1717078114,kg,,,,,,
copy-of-mickey-mouse-printed-t-shirt-for-kids,,,,,,,,,3-4 YRS,,,Grey,,,,,'10712354,200.0,shopify,100,continue,manual,799.00,0.00,true,true,,,,,'10712354,,,,,,,,,,,,,,,,,,,,,,,,,,,,,,,,,,,,,,,,,,,,,,,https://cdn.shopify.com/s/files/1/0618/2368/0740/files/20_281b7da6-88a7-4d02-9e7c-d3ccca08e0c8.png?v=1717078114,kg,,,,,,
copy-of-mickey-mouse-printed-t-shirt-for-kids,,,,,,,,,3-4 YRS,,,Pink,,,,,'10712355,200.0,shopify,100,continue,manual,799.00,0.00,true,true,,,,,'10712355,,,,,,,,,,,,,,,,,,,,,,,,,,,,,,,,,,,,,,,,,,,,,,,https://cdn.shopify.com/s/files/1/0618/2368/0740/files/21.png?v=1717078114,kg,,,,,,
copy-of-mickey-mouse-printed-t-shirt-for-kids,,,,,,,,,3-4 YRS,,,Orange,,,,,'10712356,200.0,shopify,100,continue,manual,799.00,0.00,true,true,,,,,'10712356,,,,,,,,,,,,,,,,,,,,,,,,,,,,,,,,,,,,,,,,,,,,,,,https://cdn.shopify.com/s/files/1/0618/2368/0740/files/26_825d6a58-9eda-4c63-9959-fb41bb48f202.png?v=1717078114,kg,,,,,,
copy-of-mickey-mouse-printed-t-shirt-for-kids,,,,,,,,,3-4 YRS,,,Blue,,,,,'10712357,200.0,shopify,100,continue,manual,799.00,0.00,true,true,,,,,'10712357,,,,,,,,,,,,,,,,,,,,,,,,,,,,,,,,,,,,,,,,,,,,,,,https://cdn.shopify.com/s/files/1/0618/2368/0740/files/28_cabb726a-c7de-428e-98a4-0d148fa3d585.png?v=1717078114,kg,,,,,,
copy-of-mickey-mouse-printed-t-shirt-for-kids,,,,,,,,,5-6 YRS,,,White,,,,,'10712358,200.0,shopify,100,continue,manual,799.00,0.00,true,true,,,,,'10712358,,,,,,,,,,,,,,,,,,,,,,,,,,,,,,,,,,,,,,,,,,,,,,,https://cdn.shopify.com/s/files/1/0618/2368/0740/files/12_128fa3c5-9ccb-4f09-9d31-8c785b7190e1.png?v=1717076052,kg,,,,,,
copy-of-mickey-mouse-printed-t-shirt-for-kids,,,,,,,,,5-6 YRS,,,Black,,,,,'10712359,200.0,shopify,100,continue,manual,799.00,0.00,true,true,,,,,'10712359,,,,,,,,,,,,,,,,,,,,,,,,,,,,,,,,,,,,,,,,,,,,,,,https://cdn.shopify.com/s/files/1/0618/2368/0740/files/11_ea1b7351-9c9e-43d1-b0c5-8d7783963d95.png?v=1717078114,kg,,,,,,
copy-of-mickey-mouse-printed-t-shirt-for-kids,,,,,,,,,5-6 YRS,,,Red,,,,,'10712360,200.0,shopify,100,continue,manual,799.00,0.00,true,true,,,,,'10712360,,,,,,,,,,,,,,,,,,,,,,,,,,,,,,,,,,,,,,,,,,,,,,,https://cdn.shopify.com/s/files/1/0618/2368/0740/files/18_a252f5d4-06a0-4ab3-b074-c1c8acec8ba8.png?v=1717078114,kg,,,,,,
copy-of-mickey-mouse-printed-t-shirt-for-kids,,,,,,,,,5-6 YRS,,,Yellow,,,,,'10712361,200.0,shopify,100,continue,manual,799.00,0.00,true,true,,,,,'10712361,,,,,,,,,,,,,,,,,,,,,,,,,,,,,,,,,,,,,,,,,,,,,,,https://cdn.shopify.com/s/files/1/0618/2368/0740/files/23_612763c6-3845-429f-8cc0-7f335fb9c3f3.png?v=1717078114,kg,,,,,,
copy-of-mickey-mouse-printed-t-shirt-for-kids,,,,,,,,,5-6 YRS,,,Mahroon,,,,,'10712362,200.0,shopify,100,continue,manual,799.00,0.00,true,true,,,,,'10712362,,,,,,,,,,,,,,,,,,,,,,,,,,,,,,,,,,,,,,,,,,,,,,,https://cdn.shopify.com/s/files/1/0618/2368/0740/files/16_d7faa32e-3098-4328-be90-f8af53b6adce.png?v=1717078114,kg,,,,,,
copy-of-mickey-mouse-printed-t-shirt-for-kids,,,,,,,,,5-6 YRS,,,Grey,,,,,'10712363,200.0,shopify,99,continue,manual,799.00,0.00,true,true,,,,,'10712363,,,,,,,,,,,,,,,,,,,,,,,,,,,,,,,,,,,,,,,,,,,,,,,https://cdn.shopify.com/s/files/1/0618/2368/0740/files/20_281b7da6-88a7-4d02-9e7c-d3ccca08e0c8.png?v=1717078114,kg,,,,,,
copy-of-mickey-mouse-printed-t-shirt-for-kids,,,,,,,,,5-6 YRS,,,Pink,,,,,'10712364,200.0,shopify,100,continue,manual,799.00,0.00,true,true,,,,,'10712364,,,,,,,,,,,,,,,,,,,,,,,,,,,,,,,,,,,,,,,,,,,,,,,https://cdn.shopify.com/s/files/1/0618/2368/0740/files/21.png?v=1717078114,kg,,,,,,
copy-of-mickey-mouse-printed-t-shirt-for-kids,,,,,,,,,5-6 YRS,,,Orange,,,,,'10712365,200.0,shopify,100,continue,manual,799.00,0.00,true,true,,,,,'10712365,,,,,,,,,,,,,,,,,,,,,,,,,,,,,,,,,,,,,,,,,,,,,,,https://cdn.shopify.com/s/files/1/0618/2368/0740/files/26_825d6a58-9eda-4c63-9959-fb41bb48f202.png?v=1717078114,kg,,,,,,
copy-of-mickey-mouse-printed-t-shirt-for-kids,,,,,,,,,5-6 YRS,,,Blue,,,,,'10712366,200.0,shopify,100,continue,manual,799.00,0.00,true,true,,,,,'10712366,,,,,,,,,,,,,,,,,,,,,,,,,,,,,,,,,,,,,,,,,,,,,,,https://cdn.shopify.com/s/files/1/0618/2368/0740/files/28_cabb726a-c7de-428e-98a4-0d148fa3d585.png?v=1717078114,kg,,,,,,
copy-of-mickey-mouse-printed-t-shirt-for-kids,,,,,,,,,7-8 YRS,,,White,,,,,'10712367,200.0,shopify,100,continue,manual,799.00,0.00,true,true,,,,,'10712367,,,,,,,,,,,,,,,,,,,,,,,,,,,,,,,,,,,,,,,,,,,,,,,https://cdn.shopify.com/s/files/1/0618/2368/0740/files/12_128fa3c5-9ccb-4f09-9d31-8c785b7190e1.png?v=1717076052,kg,,,,,,
copy-of-mickey-mouse-printed-t-shirt-for-kids,,,,,,,,,7-8 YRS,,,Black,,,,,'10712368,200.0,shopify,100,continue,manual,799.00,0.00,true,true,,,,,'10712368,,,,,,,,,,,,,,,,,,,,,,,,,,,,,,,,,,,,,,,,,,,,,,,https://cdn.shopify.com/s/files/1/0618/2368/0740/files/11_ea1b7351-9c9e-43d1-b0c5-8d7783963d95.png?v=1717078114,kg,,,,,,
copy-of-mickey-mouse-printed-t-shirt-for-kids,,,,,,,,,7-8 YRS,,,Red,,,,,'10712369,200.0,shopify,100,continue,manual,799.00,0.00,true,true,,,,,'10712369,,,,,,,,,,,,,,,,,,,,,,,,,,,,,,,,,,,,,,,,,,,,,,,https://cdn.shopify.com/s/files/1/0618/2368/0740/files/18_a252f5d4-06a0-4ab3-b074-c1c8acec8ba8.png?v=1717078114,kg,,,,,,
copy-of-mickey-mouse-printed-t-shirt-for-kids,,,,,,,,,7-8 YRS,,,Yellow,,,,,'10712370,200.0,shopify,100,continue,manual,799.00,0.00,true,true,,,,,'10712370,,,,,,,,,,,,,,,,,,,,,,,,,,,,,,,,,,,,,,,,,,,,,,,https://cdn.shopify.com/s/files/1/0618/2368/0740/files/23_612763c6-3845-429f-8cc0-7f335fb9c3f3.png?v=1717078114,kg,,,,,,
copy-of-mickey-mouse-printed-t-shirt-for-kids,,,,,,,,,7-8 YRS,,,Mahroon,,,,,'10712371,200.0,shopify,100,continue,manual,799.00,0.00,true,true,,,,,'10712371,,,,,,,,,,,,,,,,,,,,,,,,,,,,,,,,,,,,,,,,,,,,,,,https://cdn.shopify.com/s/files/1/0618/2368/0740/files/16_d7faa32e-3098-4328-be90-f8af53b6adce.png?v=1717078114,kg,,,,,,
copy-of-mickey-mouse-printed-t-shirt-for-kids,,,,,,,,,7-8 YRS,,,Grey,,,,,'10712372,200.0,shopify,100,continue,manual,799.00,0.00,true,true,,,,,'10712372,,,,,,,,,,,,,,,,,,,,,,,,,,,,,,,,,,,,,,,,,,,,,,,https://cdn.shopify.com/s/files/1/0618/2368/0740/files/20_281b7da6-88a7-4d02-9e7c-d3ccca08e0c8.png?v=1717078114,kg,,,,,,
copy-of-mickey-mouse-printed-t-shirt-for-kids,,,,,,,,,7-8 YRS,,,Pink,,,,,'10712373,200.0,shopify,100,continue,manual,799.00,0.00,true,true,,,,,'10712373,,,,,,,,,,,,,,,,,,,,,,,,,,,,,,,,,,,,,,,,,,,,,,,https://cdn.shopify.com/s/files/1/0618/2368/0740/files/21.png?v=1717078114,kg,,,,,,
copy-of-mickey-mouse-printed-t-shirt-for-kids,,,,,,,,,7-8 YRS,,,Orange,,,,,'10712374,200.0,shopify,100,continue,manual,799.00,0.00,true,true,,,,,'10712374,,,,,,,,,,,,,,,,,,,,,,,,,,,,,,,,,,,,,,,,,,,,,,,https://cdn.shopify.com/s/files/1/0618/2368/0740/files/26_825d6a58-9eda-4c63-9959-fb41bb48f202.png?v=1717078114,kg,,,,,,
copy-of-mickey-mouse-printed-t-shirt-for-kids,,,,,,,,,7-8 YRS,,,Blue,,,,,'10712375,200.0,shopify,100,continue,manual,799.00,0.00,true,true,,,,,'10712375,,,,,,,,,,,,,,,,,,,,,,,,,,,,,,,,,,,,,,,,,,,,,,,https://cdn.shopify.com/s/files/1/0618/2368/0740/files/28_cabb726a-c7de-428e-98a4-0d148fa3d585.png?v=1717078114,kg,,,,,,
copy-of-mickey-mouse-printed-t-shirt-for-kids,,,,,,,,,9-10 YRS,,,White,,,,,'10712376,200.0,shopify,100,continue,manual,899.00,0.00,true,true,,,,,'10712376,,,,,,,,,,,,,,,,,,,,,,,,,,,,,,,,,,,,,,,,,,,,,,,https://cdn.shopify.com/s/files/1/0618/2368/0740/files/12_128fa3c5-9ccb-4f09-9d31-8c785b7190e1.png?v=1717076052,kg,,,,,,
copy-of-mickey-mouse-printed-t-shirt-for-kids,,,,,,,,,9-10 YRS,,,Black,,,,,'10712377,200.0,shopify,100,continue,manual,899.00,0.00,true,true,,,,,'10712377,,,,,,,,,,,,,,,,,,,,,,,,,,,,,,,,,,,,,,,,,,,,,,,https://cdn.shopify.com/s/files/1/0618/2368/0740/files/11_ea1b7351-9c9e-43d1-b0c5-8d7783963d95.png?v=1717078114,kg,,,,,,
copy-of-mickey-mouse-printed-t-shirt-for-kids,,,,,,,,,9-10 YRS,,,Red,,,,,'10712378,200.0,shopify,100,continue,manual,899.00,0.00,true,true,,,,,'10712378,,,,,,,,,,,,,,,,,,,,,,,,,,,,,,,,,,,,,,,,,,,,,,,https://cdn.shopify.com/s/files/1/0618/2368/0740/files/18_a252f5d4-06a0-4ab3-b074-c1c8acec8ba8.png?v=1717078114,kg,,,,,,
copy-of-mickey-mouse-printed-t-shirt-for-kids,,,,,,,,,9-10 YRS,,,Yellow,,,,,'10712379,200.0,shopify,100,continue,manual,899.00,0.00,true,true,,,,,'10712379,,,,,,,,,,,,,,,,,,,,,,,,,,,,,,,,,,,,,,,,,,,,,,,https://cdn.shopify.com/s/files/1/0618/2368/0740/files/23_612763c6-3845-429f-8cc0-7f335fb9c3f3.png?v=1717078114,kg,,,,,,
copy-of-mickey-mouse-printed-t-shirt-for-kids,,,,,,,,,9-10 YRS,,,Mahroon,,,,,'10712380,200.0,shopify,100,continue,manual,899.00,0.00,true,true,,,,,'10712380,,,,,,,,,,,,,,,,,,,,,,,,,,,,,,,,,,,,,,,,,,,,,,,https://cdn.shopify.com/s/files/1/0618/2368/0740/files/16_d7faa32e-3098-4328-be90-f8af53b6adce.png?v=1717078114,kg,,,,,,
copy-of-mickey-mouse-printed-t-shirt-for-kids,,,,,,,,,9-10 YRS,,,Grey,,,,,'10712381,200.0,shopify,100,continue,manual,899.00,0.00,true,true,,,,,'10712381,,,,,,,,,,,,,,,,,,,,,,,,,,,,,,,,,,,,,,,,,,,,,,,https://cdn.shopify.com/s/files/1/0618/2368/0740/files/20_281b7da6-88a7-4d02-9e7c-d3ccca08e0c8.png?v=1717078114,kg,,,,,,
copy-of-mickey-mouse-printed-t-shirt-for-kids,,,,,,,,,9-10 YRS,,,Pink,,,,,'10712382,200.0,shopify,100,continue,manual,899.00,0.00,true,true,,,,,'10712382,,,,,,,,,,,,,,,,,,,,,,,,,,,,,,,,,,,,,,,,,,,,,,,https://cdn.shopify.com/s/files/1/0618/2368/0740/files/21.png?v=1717078114,kg,,,,,,
copy-of-mickey-mouse-printed-t-shirt-for-kids,,,,,,,,,9-10 YRS,,,Orange,,,,,'10712383,200.0,shopify,100,continue,manual,899.00,0.00,true,true,,,,,'10712383,,,,,,,,,,,,,,,,,,,,,,,,,,,,,,,,,,,,,,,,,,,,,,,https://cdn.shopify.com/s/files/1/0618/2368/0740/files/26_825d6a58-9eda-4c63-9959-fb41bb48f202.png?v=1717078114,kg,,,,,,
copy-of-mickey-mouse-printed-t-shirt-for-kids,,,,,,,,,9-10 YRS,,,Blue,,,,,'10712384,200.0,shopify,100,continue,manual,899.00,0.00,true,true,,,,,'10712384,,,,,,,,,,,,,,,,,,,,,,,,,,,,,,,,,,,,,,,,,,,,,,,https://cdn.shopify.com/s/files/1/0618/2368/0740/files/28_cabb726a-c7de-428e-98a4-0d148fa3d585.png?v=1717078114,kg,,,,,,
copy-of-mickey-mouse-printed-t-shirt-for-kids,,,,,,,,,11-12 YRS,,,White,,,,,'10712385,200.0,shopify,100,continue,manual,899.00,0.00,true,true,,,,,'10712385,,,,,,,,,,,,,,,,,,,,,,,,,,,,,,,,,,,,,,,,,,,,,,,https://cdn.shopify.com/s/files/1/0618/2368/0740/files/12_128fa3c5-9ccb-4f09-9d31-8c785b7190e1.png?v=1717076052,kg,,,,,,
copy-of-mickey-mouse-printed-t-shirt-for-kids,,,,,,,,,11-12 YRS,,,Black,,,,,'10712386,200.0,shopify,100,continue,manual,899.00,0.00,true,true,,,,,'10712386,,,,,,,,,,,,,,,,,,,,,,,,,,,,,,,,,,,,,,,,,,,,,,,https://cdn.shopify.com/s/files/1/0618/2368/0740/files/11_ea1b7351-9c9e-43d1-b0c5-8d7783963d95.png?v=1717078114,kg,,,,,,
copy-of-mickey-mouse-printed-t-shirt-for-kids,,,,,,,,,11-12 YRS,,,Red,,,,,'10712387,200.0,shopify,100,continue,manual,899.00,0.00,true,true,,,,,'10712387,,,,,,,,,,,,,,,,,,,,,,,,,,,,,,,,,,,,,,,,,,,,,,,https://cdn.shopify.com/s/files/1/0618/2368/0740/files/18_a252f5d4-06a0-4ab3-b074-c1c8acec8ba8.png?v=1717078114,kg,,,,,,
copy-of-mickey-mouse-printed-t-shirt-for-kids,,,,,,,,,11-12 YRS,,,Yellow,,,,,'10712388,200.0,shopify,100,continue,manual,899.00,0.00,true,true,,,,,'10712388,,,,,,,,,,,,,,,,,,,,,,,,,,,,,,,,,,,,,,,,,,,,,,,https://cdn.shopify.com/s/files/1/0618/2368/0740/files/23_612763c6-3845-429f-8cc0-7f335fb9c3f3.png?v=1717078114,kg,,,,,,
copy-of-mickey-mouse-printed-t-shirt-for-kids,,,,,,,,,11-12 YRS,,,Mahroon,,,,,'10712389,200.0,shopify,100,continue,manual,899.00,0.00,true,true,,,,,'10712389,,,,,,,,,,,,,,,,,,,,,,,,,,,,,,,,,,,,,,,,,,,,,,,https://cdn.shopify.com/s/files/1/0618/2368/0740/files/16_d7faa32e-3098-4328-be90-f8af53b6adce.png?v=1717078114,kg,,,,,,
copy-of-mickey-mouse-printed-t-shirt-for-kids,,,,,,,,,11-12 YRS,,,Grey,,,,,'10712390,200.0,shopify,99,continue,manual,899.00,0.00,true,true,,,,,'10712390,,,,,,,,,,,,,,,,,,,,,,,,,,,,,,,,,,,,,,,,,,,,,,,https://cdn.shopify.com/s/files/1/0618/2368/0740/files/20_281b7da6-88a7-4d02-9e7c-d3ccca08e0c8.png?v=1717078114,kg,,,,,,
copy-of-mickey-mouse-printed-t-shirt-for-kids,,,,,,,,,11-12 YRS,,,Pink,,,,,'10712391,200.0,shopify,100,continue,manual,899.00,0.00,true,true,,,,,'10712391,,,,,,,,,,,,,,,,,,,,,,,,,,,,,,,,,,,,,,,,,,,,,,,https://cdn.shopify.com/s/files/1/0618/2368/0740/files/21.png?v=1717078114,kg,,,,,,
copy-of-mickey-mouse-printed-t-shirt-for-kids,,,,,,,,,11-12 YRS,,,Orange,,,,,'10712392,200.0,shopify,100,continue,manual,899.00,0.00,true,true,,,,,'10712392,,,,,,,,,,,,,,,,,,,,,,,,,,,,,,,,,,,,,,,,,,,,,,,https://cdn.shopify.com/s/files/1/0618/2368/0740/files/26_825d6a58-9eda-4c63-9959-fb41bb48f202.png?v=1717078114,kg,,,,,,
copy-of-mickey-mouse-printed-t-shirt-for-kids,,,,,,,,,11-12 YRS,,,Blue,,,,,'10712393,200.0,shopify,100,continue,manual,899.00,0.00,true,true,,,,,'10712393,,,,,,,,,,,,,,,,,,,,,,,,,,,,,,,,,,,,,,,,,,,,,,,https://cdn.shopify.com/s/files/1/0618/2368/0740/files/28_cabb726a-c7de-428e-98a4-0d148fa3d585.png?v=1717078114,kg,,,,,,
copy-of-mickey-mouse-printed-t-shirt-for-kids,,,,,,,,,13-14 YRS,,,White,,,,,'10712394,200.0,shopify,100,continue,manual,999.00,0.00,true,true,,,,,'10712394,,,,,,,,,,,,,,,,,,,,,,,,,,,,,,,,,,,,,,,,,,,,,,,https://cdn.shopify.com/s/files/1/0618/2368/0740/files/12_128fa3c5-9ccb-4f09-9d31-8c785b7190e1.png?v=1717076052,kg,,,,,,
copy-of-mickey-mouse-printed-t-shirt-for-kids,,,,,,,,,13-14 YRS,,,Black,,,,,'10712395,200.0,shopify,100,continue,manual,999.00,0.00,true,true,,,,,'10712395,,,,,,,,,,,,,,,,,,,,,,,,,,,,,,,,,,,,,,,,,,,,,,,https://cdn.shopify.com/s/files/1/0618/2368/0740/files/11_ea1b7351-9c9e-43d1-b0c5-8d7783963d95.png?v=1717078114,kg,,,,,,
copy-of-mickey-mouse-printed-t-shirt-for-kids,,,,,,,,,13-14 YRS,,,Red,,,,,'10712396,200.0,shopify,100,continue,manual,999.00,0.00,true,true,,,,,'10712396,,,,,,,,,,,,,,,,,,,,,,,,,,,,,,,,,,,,,,,,,,,,,,,https://cdn.shopify.com/s/files/1/0618/2368/0740/files/18_a252f5d4-06a0-4ab3-b074-c1c8acec8ba8.png?v=1717078114,kg,,,,,,
copy-of-mickey-mouse-printed-t-shirt-for-kids,,,,,,,,,13-14 YRS,,,Yellow,,,,,'10712397,200.0,shopify,100,continue,manual,999.00,0.00,true,true,,,,,'10712397,,,,,,,,,,,,,,,,,,,,,,,,,,,,,,,,,,,,,,,,,,,,,,,https://cdn.shopify.com/s/files/1/0618/2368/0740/files/23_612763c6-3845-429f-8cc0-7f335fb9c3f3.png?v=1717078114,kg,,,,,,
copy-of-mickey-mouse-printed-t-shirt-for-kids,,,,,,,,,13-14 YRS,,,Mahroon,,,,,'10712398,200.0,shopify,100,continue,manual,999.00,0.00,true,true,,,,,'10712398,,,,,,,,,,,,,,,,,,,,,,,,,,,,,,,,,,,,,,,,,,,,,,,https://cdn.shopify.com/s/files/1/0618/2368/0740/files/16_d7faa32e-3098-4328-be90-f8af53b6adce.png?v=1717078114,kg,,,,,,
copy-of-mickey-mouse-printed-t-shirt-for-kids,,,,,,,,,13-14 YRS,,,Grey,,,,,'10712399,200.0,shopify,100,continue,manual,999.00,0.00,true,true,,,,,'10712399,,,,,,,,,,,,,,,,,,,,,,,,,,,,,,,,,,,,,,,,,,,,,,,https://cdn.shopify.com/s/files/1/0618/2368/0740/files/20_281b7da6-88a7-4d02-9e7c-d3ccca08e0c8.png?v=1717078114,kg,,,,,,
copy-of-mickey-mouse-printed-t-shirt-for-kids,,,,,,,,,13-14 YRS,,,Pink,,,,,'10712400,200.0,shopify,100,continue,manual,999.00,0.00,true,true,,,,,'10712400,,,,,,,,,,,,,,,,,,,,,,,,,,,,,,,,,,,,,,,,,,,,,,,https://cdn.shopify.com/s/files/1/0618/2368/0740/files/21.png?v=1717078114,kg,,,,,,
copy-of-mickey-mouse-printed-t-shirt-for-kids,,,,,,,,,13-14 YRS,,,Orange,,,,,'10712401,200.0,shopify,100,continue,manual,999.00,0.00,true,true,,,,,'10712401,,,,,,,,,,,,,,,,,,,,,,,,,,,,,,,,,,,,,,,,,,,,,,,https://cdn.shopify.com/s/files/1/0618/2368/0740/files/26_825d6a58-9eda-4c63-9959-fb41bb48f202.png?v=1717078114,kg,,,,,,
copy-of-mickey-mouse-printed-t-shirt-for-kids,,,,,,,,,13-14 YRS,,,Blue,,,,,'10706854,200.0,shopify,100,continue,manual,999.00,0.00,true,true,,,,,'10706854,,,,,,,,,,,,,,,,,,,,,,,,,,,,,,,,,,,,,,,,,,,,,,,https://cdn.shopify.com/s/files/1/0618/2368/0740/files/28_cabb726a-c7de-428e-98a4-0d148fa3d585.png?v=1717078114,kg,,,,,,
copy-of-angry-birds-printed-t-shirt-for-kids,Baby Cat Printed T Shirt For Kids,"<div>Fabric: Soft High-Quality Cotton Jersey</div>
<div>Half Sleeve T-Shirt</div>
<div>Round Neck</div>
<div>High Quality DTF Printed</div>
<div>Soft and Comfortable Wear</div>
<div>Easy Wash &amp; Press</div>
<div>Sizes 1-14 years </div>
<div><span>Disclaimer: Colors may vary slightly due to studio lights. </span></div>",BBG FASHION CLOTHING STORE,Apparel & Accessories > Clothing > Clothing Tops > T-Shirts,kids T-Shirts,kids T-Shirts,false,Size,1-2 YRS,,Color,Mahroon,,,,,'10712278,200.0,shopify,50,continue,manual,799.00,0.00,true,true,,,,,'10712278,https://cdn.shopify.com/s/files/1/0618/2368/0740/files/15.png?v=1717076020,1,Copy Of Angry Birds Printed T Shirt For Kids - front view - kids wear Pakistan,false,,,212,,,,,,,,,,,,,,,,,,,,,,,,,,,,,,,,,,,,,,,,https://cdn.shopify.com/s/files/1/0618/2368/0740/files/15.png?v=1717076020,kg,,,true,,,draft
copy-of-angry-birds-printed-t-shirt-for-kids,,,,,,,,,1-2 YRS,,,White,,,,,'10712279,200.0,shopify,50,continue,manual,799.00,0.00,true,true,,,,,'10712279,https://cdn.shopify.com/s/files/1/0618/2368/0740/files/bbg_96b85ee7-e98e-4dbc-8ce9-5e3cb24ce302.png?v=1717078187,2,Copy Of Angry Birds Printed T Shirt For Kids - back view - kids wear Pakistan,,,,,,,,,,,,,,,,,,,,,,,,,,,,,,,,,,,,,,,,,,,,https://cdn.shopify.com/s/files/1/0618/2368/0740/files/11_5b9806db-4a2b-42b8-91bd-4ee488677cee.png?v=1717078187,kg,,,,,,
copy-of-angry-birds-printed-t-shirt-for-kids,,,,,,,,,1-2 YRS,,,Black,,,,,'10712280,200.0,shopify,50,continue,manual,799.00,0.00,true,true,,,,,'10712280,https://cdn.shopify.com/s/files/1/0618/2368/0740/files/23_ba40594c-358f-4c7d-a9fb-b2d850076564.png?v=1717078187,3,Copy Of Angry Birds Printed T Shirt For Kids - side view - kids wear Pakistan,,,,,,,,,,,,,,,,,,,,,,,,,,,,,,,,,,,,,,,,,,,,https://cdn.shopify.com/s/files/1/0618/2368/0740/files/8_e2da8040-98dc-4361-a436-7386593230c5.png?v=1717078187,kg,,,,,,
copy-of-angry-birds-printed-t-shirt-for-kids,,,,,,,,,1-2 YRS,,,Red,,,,,'10712281,200.0,shopify,50,continue,manual,799.00,0.00,true,true,,,,,'10712281,https://cdn.shopify.com/s/files/1/0618/2368/0740/files/8_e2da8040-98dc-4361-a436-7386593230c5.png?v=1717078187,4,Copy Of Angry Birds Printed T Shirt For Kids - detail shot - kids wear Pakistan,,,,,,,,,,,,,,,,,,,,,,,,,,,,,,,,,,,,,,,,,,,,https://cdn.shopify.com/s/files/1/0618/2368/0740/files/17.png?v=1717078187,kg,,,,,,
copy-of-angry-birds-printed-t-shirt-for-kids,,,,,,,,,1-2 YRS,,,Yellow,,,,,'10712282,200.0,shopify,50,continue,manual,799.00,0.00,true,true,,,,,'10712282,https://cdn.shopify.com/s/files/1/0618/2368/0740/files/11_5b9806db-4a2b-42b8-91bd-4ee488677cee.png?v=1717078187,5,Copy Of Angry Birds Printed T Shirt For Kids - front view - kids wear Pakistan,,,,,,,,,,,,,,,,,,,,,,,,,,,,,,,,,,,,,,,,,,,,https://cdn.shopify.com/s/files/1/0618/2368/0740/files/23_ba40594c-358f-4c7d-a9fb-b2d850076564.png?v=1717078187,kg,,,,,,
copy-of-angry-birds-printed-t-shirt-for-kids,,,,,,,,,1-2 YRS,,,Grey,,,,,'10712283,200.0,shopify,50,continue,manual,799.00,0.00,true,true,,,,,'10712283,https://cdn.shopify.com/s/files/1/0618/2368/0740/files/14_148c682b-ed42-4fa2-b09c-ea013ea15666.png?v=1717078187,6,Copy Of Angry Birds Printed T Shirt For Kids - back view - kids wear Pakistan,,,,,,,,,,,,,,,,,,,,,,,,,,,,,,,,,,,,,,,,,,,,https://cdn.shopify.com/s/files/1/0618/2368/0740/files/19_a455c787-63d6-44d5-8e59-987213bed7d6.png?v=1717078187,kg,,,,,,
copy-of-angry-birds-printed-t-shirt-for-kids,,,,,,,,,1-2 YRS,,,Pink,,,,,'10712284,200.0,shopify,50,continue,manual,799.00,0.00,true,true,,,,,'10712284,https://cdn.shopify.com/s/files/1/0618/2368/0740/files/17.png?v=1717078187,7,Copy Of Angry Birds Printed T Shirt For Kids - side view - kids wear Pakistan,,,,,,,,,,,,,,,,,,,,,,,,,,,,,,,,,,,,,,,,,,,,https://cdn.shopify.com/s/files/1/0618/2368/0740/files/20_00fa0f18-27a0-471d-8ae1-da7fffff5a01.png?v=1717078187,kg,,,,,,
copy-of-angry-birds-printed-t-shirt-for-kids,,,,,,,,,1-2 YRS,,,Orange,,,,,'10712285,200.0,shopify,50,continue,manual,799.00,0.00,true,true,,,,,'10712285,https://cdn.shopify.com/s/files/1/0618/2368/0740/files/19_a455c787-63d6-44d5-8e59-987213bed7d6.png?v=1717078187,8,Copy Of Angry Birds Printed T Shirt For Kids - detail shot - kids wear Pakistan,,,,,,,,,,,,,,,,,,,,,,,,,,,,,,,,,,,,,,,,,,,,https://cdn.shopify.com/s/files/1/0618/2368/0740/files/24_1b026dfe-408f-4bc9-b529-60eef57578aa.png?v=1717078187,kg,,,,,,
copy-of-angry-birds-printed-t-shirt-for-kids,,,,,,,,,1-2 YRS,,,Blue,,,,,'10712286,200.0,shopify,50,continue,manual,799.00,0.00,true,true,,,,,'10712286,https://cdn.shopify.com/s/files/1/0618/2368/0740/files/20_00fa0f18-27a0-471d-8ae1-da7fffff5a01.png?v=1717078187,9,Copy Of Angry Birds Printed T Shirt For Kids - front view - kids wear Pakistan,,,,,,,,,,,,,,,,,,,,,,,,,,,,,,,,,,,,,,,,,,,,https://cdn.shopify.com/s/files/1/0618/2368/0740/files/27.png?v=1717078187,kg,,,,,,
copy-of-angry-birds-printed-t-shirt-for-kids,,,,,,,,,3-4 YRS,,,Mahroon,,,,,'10712287,200.0,shopify,49,continue,manual,799.00,0.00,true,true,,,,,'10712287,https://cdn.shopify.com/s/files/1/0618/2368/0740/files/24_1b026dfe-408f-4bc9-b529-60eef57578aa.png?v=1717078187,10,Copy Of Angry Birds Printed T Shirt For Kids - back view - kids wear Pakistan,,,,,,,,,,,,,,,,,,,,,,,,,,,,,,,,,,,,,,,,,,,,https://cdn.shopify.com/s/files/1/0618/2368/0740/files/15.png?v=1717076020,kg,,,,,,
copy-of-angry-birds-printed-t-shirt-for-kids,,,,,,,,,3-4 YRS,,,White,,,,,'10712288,200.0,shopify,50,continue,manual,799.00,0.00,true,true,,,,,'10712288,https://cdn.shopify.com/s/files/1/0618/2368/0740/files/27.png?v=1717078187,11,Copy Of Angry Birds Printed T Shirt For Kids - side view - kids wear Pakistan,,,,,,,,,,,,,,,,,,,,,,,,,,,,,,,,,,,,,,,,,,,,https://cdn.shopify.com/s/files/1/0618/2368/0740/files/11_5b9806db-4a2b-42b8-91bd-4ee488677cee.png?v=1717078187,kg,,,,,,
copy-of-angry-birds-printed-t-shirt-for-kids,,,,,,,,,3-4 YRS,,,Black,,,,,'10712289,200.0,shopify,50,continue,manual,799.00,0.00,true,true,,,,,'10712289,https://cdn.shopify.com/s/files/1/0618/2368/0740/files/28_83ecd4fa-e266-4753-97d5-ee904f4594d5.png?v=1717078187,12,Copy Of Angry Birds Printed T Shirt For Kids - detail shot - kids wear Pakistan,,,,,,,,,,,,,,,,,,,,,,,,,,,,,,,,,,,,,,,,,,,,https://cdn.shopify.com/s/files/1/0618/2368/0740/files/8_e2da8040-98dc-4361-a436-7386593230c5.png?v=1717078187,kg,,,,,,
copy-of-angry-birds-printed-t-shirt-for-kids,,,,,,,,,3-4 YRS,,,Red,,,,,'10712290,200.0,shopify,50,continue,manual,799.00,0.00,true,true,,,,,'10712290,,,,,,,,,,,,,,,,,,,,,,,,,,,,,,,,,,,,,,,,,,,,,,,https://cdn.shopify.com/s/files/1/0618/2368/0740/files/17.png?v=1717078187,kg,,,,,,
copy-of-angry-birds-printed-t-shirt-for-kids,,,,,,,,,3-4 YRS,,,Yellow,,,,,'10712291,200.0,shopify,50,continue,manual,799.00,0.00,true,true,,,,,'10712291,,,,,,,,,,,,,,,,,,,,,,,,,,,,,,,,,,,,,,,,,,,,,,,https://cdn.shopify.com/s/files/1/0618/2368/0740/files/23_ba40594c-358f-4c7d-a9fb-b2d850076564.png?v=1717078187,kg,,,,,,
copy-of-angry-birds-printed-t-shirt-for-kids,,,,,,,,,3-4 YRS,,,Grey,,,,,'10712292,200.0,shopify,50,continue,manual,799.00,0.00,true,true,,,,,'10712292,,,,,,,,,,,,,,,,,,,,,,,,,,,,,,,,,,,,,,,,,,,,,,,https://cdn.shopify.com/s/files/1/0618/2368/0740/files/19_a455c787-63d6-44d5-8e59-987213bed7d6.png?v=1717078187,kg,,,,,,
copy-of-angry-birds-printed-t-shirt-for-kids,,,,,,,,,3-4 YRS,,,Pink,,,,,'10712293,200.0,shopify,50,continue,manual,799.00,0.00,true,true,,,,,'10712293,,,,,,,,,,,,,,,,,,,,,,,,,,,,,,,,,,,,,,,,,,,,,,,https://cdn.shopify.com/s/files/1/0618/2368/0740/files/20_00fa0f18-27a0-471d-8ae1-da7fffff5a01.png?v=1717078187,kg,,,,,,
copy-of-angry-birds-printed-t-shirt-for-kids,,,,,,,,,3-4 YRS,,,Orange,,,,,'10712294,200.0,shopify,50,continue,manual,799.00,0.00,true,true,,,,,'10712294,,,,,,,,,,,,,,,,,,,,,,,,,,,,,,,,,,,,,,,,,,,,,,,https://cdn.shopify.com/s/files/1/0618/2368/0740/files/24_1b026dfe-408f-4bc9-b529-60eef57578aa.png?v=1717078187,kg,,,,,,
copy-of-angry-birds-printed-t-shirt-for-kids,,,,,,,,,3-4 YRS,,,Blue,,,,,'10712295,200.0,shopify,50,continue,manual,799.00,0.00,true,true,,,,,'10712295,,,,,,,,,,,,,,,,,,,,,,,,,,,,,,,,,,,,,,,,,,,,,,,https://cdn.shopify.com/s/files/1/0618/2368/0740/files/27.png?v=1717078187,kg,,,,,,
copy-of-angry-birds-printed-t-shirt-for-kids,,,,,,,,,5-6 YRS,,,Mahroon,,,,,'10712296,200.0,shopify,48,continue,manual,799.00,0.00,true,true,,,,,'10712296,,,,,,,,,,,,,,,,,,,,,,,,,,,,,,,,,,,,,,,,,,,,,,,https://cdn.shopify.com/s/files/1/0618/2368/0740/files/15.png?v=1717076020,kg,,,,,,
copy-of-angry-birds-printed-t-shirt-for-kids,,,,,,,,,5-6 YRS,,,White,,,,,'10712297,200.0,shopify,50,continue,manual,799.00,0.00,true,true,,,,,'10712297,,,,,,,,,,,,,,,,,,,,,,,,,,,,,,,,,,,,,,,,,,,,,,,https://cdn.shopify.com/s/files/1/0618/2368/0740/files/11_5b9806db-4a2b-42b8-91bd-4ee488677cee.png?v=1717078187,kg,,,,,,
copy-of-angry-birds-printed-t-shirt-for-kids,,,,,,,,,5-6 YRS,,,Black,,,,,'10712298,200.0,shopify,50,continue,manual,799.00,0.00,true,true,,,,,'10712298,,,,,,,,,,,,,,,,,,,,,,,,,,,,,,,,,,,,,,,,,,,,,,,https://cdn.shopify.com/s/files/1/0618/2368/0740/files/8_e2da8040-98dc-4361-a436-7386593230c5.png?v=1717078187,kg,,,,,,
copy-of-angry-birds-printed-t-shirt-for-kids,,,,,,,,,5-6 YRS,,,Red,,,,,'10712299,200.0,shopify,50,continue,manual,799.00,0.00,true,true,,,,,'10712299,,,,,,,,,,,,,,,,,,,,,,,,,,,,,,,,,,,,,,,,,,,,,,,https://cdn.shopify.com/s/files/1/0618/2368/0740/files/17.png?v=1717078187,kg,,,,,,
copy-of-angry-birds-printed-t-shirt-for-kids,,,,,,,,,5-6 YRS,,,Yellow,,,,,'10712300,200.0,shopify,50,continue,manual,799.00,0.00,true,true,,,,,'10712300,,,,,,,,,,,,,,,,,,,,,,,,,,,,,,,,,,,,,,,,,,,,,,,https://cdn.shopify.com/s/files/1/0618/2368/0740/files/23_ba40594c-358f-4c7d-a9fb-b2d850076564.png?v=1717078187,kg,,,,,,
copy-of-angry-birds-printed-t-shirt-for-kids,,,,,,,,,5-6 YRS,,,Grey,,,,,'10712301,200.0,shopify,50,continue,manual,799.00,0.00,true,true,,,,,'10712301,,,,,,,,,,,,,,,,,,,,,,,,,,,,,,,,,,,,,,,,,,,,,,,https://cdn.shopify.com/s/files/1/0618/2368/0740/files/19_a455c787-63d6-44d5-8e59-987213bed7d6.png?v=1717078187,kg,,,,,,
copy-of-angry-birds-printed-t-shirt-for-kids,,,,,,,,,5-6 YRS,,,Pink,,,,,'10712302,200.0,shopify,50,continue,manual,799.00,0.00,true,true,,,,,'10712302,,,,,,,,,,,,,,,,,,,,,,,,,,,,,,,,,,,,,,,,,,,,,,,https://cdn.shopify.com/s/files/1/0618/2368/0740/files/20_00fa0f18-27a0-471d-8ae1-da7fffff5a01.png?v=1717078187,kg,,,,,,
copy-of-angry-birds-printed-t-shirt-for-kids,,,,,,,,,5-6 YRS,,,Orange,,,,,'10712303,200.0,shopify,50,continue,manual,799.00,0.00,true,true,,,,,'10712303,,,,,,,,,,,,,,,,,,,,,,,,,,,,,,,,,,,,,,,,,,,,,,,https://cdn.shopify.com/s/files/1/0618/2368/0740/files/24_1b026dfe-408f-4bc9-b529-60eef57578aa.png?v=1717078187,kg,,,,,,
copy-of-angry-birds-printed-t-shirt-for-kids,,,,,,,,,5-6 YRS,,,Blue,,,,,'10712304,200.0,shopify,50,continue,manual,799.00,0.00,true,true,,,,,'10712304,,,,,,,,,,,,,,,,,,,,,,,,,,,,,,,,,,,,,,,,,,,,,,,https://cdn.shopify.com/s/files/1/0618/2368/0740/files/27.png?v=1717078187,kg,,,,,,
copy-of-angry-birds-printed-t-shirt-for-kids,,,,,,,,,7-8 YRS,,,Mahroon,,,,,'10712305,200.0,shopify,50,continue,manual,799.00,0.00,true,true,,,,,'10712305,,,,,,,,,,,,,,,,,,,,,,,,,,,,,,,,,,,,,,,,,,,,,,,https://cdn.shopify.com/s/files/1/0618/2368/0740/files/15.png?v=1717076020,kg,,,,,,
copy-of-angry-birds-printed-t-shirt-for-kids,,,,,,,,,7-8 YRS,,,White,,,,,'10712306,200.0,shopify,49,continue,manual,799.00,0.00,true,true,,,,,'10712306,,,,,,,,,,,,,,,,,,,,,,,,,,,,,,,,,,,,,,,,,,,,,,,https://cdn.shopify.com/s/files/1/0618/2368/0740/files/11_5b9806db-4a2b-42b8-91bd-4ee488677cee.png?v=1717078187,kg,,,,,,
copy-of-angry-birds-printed-t-shirt-for-kids,,,,,,,,,7-8 YRS,,,Black,,,,,'10712307,200.0,shopify,50,continue,manual,799.00,0.00,true,true,,,,,'10712307,,,,,,,,,,,,,,,,,,,,,,,,,,,,,,,,,,,,,,,,,,,,,,,https://cdn.shopify.com/s/files/1/0618/2368/0740/files/8_e2da8040-98dc-4361-a436-7386593230c5.png?v=1717078187,kg,,,,,,
copy-of-angry-birds-printed-t-shirt-for-kids,,,,,,,,,7-8 YRS,,,Red,,,,,'10712308,200.0,shopify,50,continue,manual,799.00,0.00,true,true,,,,,'10712308,,,,,,,,,,,,,,,,,,,,,,,,,,,,,,,,,,,,,,,,,,,,,,,https://cdn.shopify.com/s/files/1/0618/2368/0740/files/17.png?v=1717078187,kg,,,,,,
copy-of-angry-birds-printed-t-shirt-for-kids,,,,,,,,,7-8 YRS,,,Yellow,,,,,'10712309,200.0,shopify,50,continue,manual,799.00,0.00,true,true,,,,,'10712309,,,,,,,,,,,,,,,,,,,,,,,,,,,,,,,,,,,,,,,,,,,,,,,https://cdn.shopify.com/s/files/1/0618/2368/0740/files/23_ba40594c-358f-4c7d-a9fb-b2d850076564.png?v=1717078187,kg,,,,,,
copy-of-angry-birds-printed-t-shirt-for-kids,,,,,,,,,7-8 YRS,,,Grey,,,,,'10712310,200.0,shopify,50,continue,manual,799.00,0.00,true,true,,,,,'10712310,,,,,,,,,,,,,,,,,,,,,,,,,,,,,,,,,,,,,,,,,,,,,,,https://cdn.shopify.com/s/files/1/0618/2368/0740/files/19_a455c787-63d6-44d5-8e59-987213bed7d6.png?v=1717078187,kg,,,,,,
copy-of-angry-birds-printed-t-shirt-for-kids,,,,,,,,,7-8 YRS,,,Pink,,,,,'10712311,200.0,shopify,50,continue,manual,799.00,0.00,true,true,,,,,'10712311,,,,,,,,,,,,,,,,,,,,,,,,,,,,,,,,,,,,,,,,,,,,,,,https://cdn.shopify.com/s/files/1/0618/2368/0740/files/20_00fa0f18-27a0-471d-8ae1-da7fffff5a01.png?v=1717078187,kg,,,,,,
copy-of-angry-birds-printed-t-shirt-for-kids,,,,,,,,,7-8 YRS,,,Orange,,,,,'10712312,200.0,shopify,50,continue,manual,799.00,0.00,true,true,,,,,'10712312,,,,,,,,,,,,,,,,,,,,,,,,,,,,,,,,,,,,,,,,,,,,,,,https://cdn.shopify.com/s/files/1/0618/2368/0740/files/24_1b026dfe-408f-4bc9-b529-60eef57578aa.png?v=1717078187,kg,,,,,,
copy-of-angry-birds-printed-t-shirt-for-kids,,,,,,,,,7-8 YRS,,,Blue,,,,,'10712313,200.0,shopify,50,continue,manual,799.00,0.00,true,true,,,,,'10712313,,,,,,,,,,,,,,,,,,,,,,,,,,,,,,,,,,,,,,,,,,,,,,,https://cdn.shopify.com/s/files/1/0618/2368/0740/files/27.png?v=1717078187,kg,,,,,,
copy-of-angry-birds-printed-t-shirt-for-kids,,,,,,,,,9-10 YRS,,,Mahroon,,,,,'10712314,200.0,shopify,50,continue,manual,899.00,0.00,true,true,,,,,'10712314,,,,,,,,,,,,,,,,,,,,,,,,,,,,,,,,,,,,,,,,,,,,,,,https://cdn.shopify.com/s/files/1/0618/2368/0740/files/15.png?v=1717076020,kg,,,,,,
copy-of-angry-birds-printed-t-shirt-for-kids,,,,,,,,,9-10 YRS,,,White,,,,,'10712315,200.0,shopify,50,continue,manual,899.00,0.00,true,true,,,,,'10712315,,,,,,,,,,,,,,,,,,,,,,,,,,,,,,,,,,,,,,,,,,,,,,,https://cdn.shopify.com/s/files/1/0618/2368/0740/files/11_5b9806db-4a2b-42b8-91bd-4ee488677cee.png?v=1717078187,kg,,,,,,
copy-of-angry-birds-printed-t-shirt-for-kids,,,,,,,,,9-10 YRS,,,Black,,,,,'10712316,200.0,shopify,50,continue,manual,899.00,0.00,true,true,,,,,'10712316,,,,,,,,,,,,,,,,,,,,,,,,,,,,,,,,,,,,,,,,,,,,,,,https://cdn.shopify.com/s/files/1/0618/2368/0740/files/8_e2da8040-98dc-4361-a436-7386593230c5.png?v=1717078187,kg,,,,,,
copy-of-angry-birds-printed-t-shirt-for-kids,,,,,,,,,9-10 YRS,,,Red,,,,,'10712317,200.0,shopify,50,continue,manual,899.00,0.00,true,true,,,,,'10712317,,,,,,,,,,,,,,,,,,,,,,,,,,,,,,,,,,,,,,,,,,,,,,,https://cdn.shopify.com/s/files/1/0618/2368/0740/files/17.png?v=1717078187,kg,,,,,,
copy-of-angry-birds-printed-t-shirt-for-kids,,,,,,,,,9-10 YRS,,,Yellow,,,,,'10712318,200.0,shopify,50,continue,manual,899.00,0.00,true,true,,,,,'10712318,,,,,,,,,,,,,,,,,,,,,,,,,,,,,,,,,,,,,,,,,,,,,,,https://cdn.shopify.com/s/files/1/0618/2368/0740/files/23_ba40594c-358f-4c7d-a9fb-b2d850076564.png?v=1717078187,kg,,,,,,
copy-of-angry-birds-printed-t-shirt-for-kids,,,,,,,,,9-10 YRS,,,Grey,,,,,'10712319,200.0,shopify,50,continue,manual,899.00,0.00,true,true,,,,,'10712319,,,,,,,,,,,,,,,,,,,,,,,,,,,,,,,,,,,,,,,,,,,,,,,https://cdn.shopify.com/s/files/1/0618/2368/0740/files/19_a455c787-63d6-44d5-8e59-987213bed7d6.png?v=1717078187,kg,,,,,,
copy-of-angry-birds-printed-t-shirt-for-kids,,,,,,,,,9-10 YRS,,,Pink,,,,,'10712320,200.0,shopify,50,continue,manual,899.00,0.00,true,true,,,,,'10712320,,,,,,,,,,,,,,,,,,,,,,,,,,,,,,,,,,,,,,,,,,,,,,,https://cdn.shopify.com/s/files/1/0618/2368/0740/files/20_00fa0f18-27a0-471d-8ae1-da7fffff5a01.png?v=1717078187,kg,,,,,,
copy-of-angry-birds-printed-t-shirt-for-kids,,,,,,,,,9-10 YRS,,,Orange,,,,,'10712321,200.0,shopify,50,continue,manual,899.00,0.00,true,true,,,,,'10712321,,,,,,,,,,,,,,,,,,,,,,,,,,,,,,,,,,,,,,,,,,,,,,,https://cdn.shopify.com/s/files/1/0618/2368/0740/files/24_1b026dfe-408f-4bc9-b529-60eef57578aa.png?v=1717078187,kg,,,,,,
copy-of-angry-birds-printed-t-shirt-for-kids,,,,,,,,,9-10 YRS,,,Blue,,,,,'10712322,200.0,shopify,50,continue,manual,899.00,0.00,true,true,,,,,'10712322,,,,,,,,,,,,,,,,,,,,,,,,,,,,,,,,,,,,,,,,,,,,,,,https://cdn.shopify.com/s/files/1/0618/2368/0740/files/27.png?v=1717078187,kg,,,,,,
copy-of-angry-birds-printed-t-shirt-for-kids,,,,,,,,,11-12 YRS,,,Mahroon,,,,,'10712323,200.0,shopify,50,continue,manual,899.00,0.00,true,true,,,,,'10712323,,,,,,,,,,,,,,,,,,,,,,,,,,,,,,,,,,,,,,,,,,,,,,,https://cdn.shopify.com/s/files/1/0618/2368/0740/files/15.png?v=1717076020,kg,,,,,,
copy-of-angry-birds-printed-t-shirt-for-kids,,,,,,,,,11-12 YRS,,,White,,,,,'10712324,200.0,shopify,50,continue,manual,899.00,0.00,true,true,,,,,'10712324,,,,,,,,,,,,,,,,,,,,,,,,,,,,,,,,,,,,,,,,,,,,,,,https://cdn.shopify.com/s/files/1/0618/2368/0740/files/11_5b9806db-4a2b-42b8-91bd-4ee488677cee.png?v=1717078187,kg,,,,,,
copy-of-angry-birds-printed-t-shirt-for-kids,,,,,,,,,11-12 YRS,,,Black,,,,,'10712325,200.0,shopify,50,continue,manual,899.00,0.00,true,true,,,,,'10712325,,,,,,,,,,,,,,,,,,,,,,,,,,,,,,,,,,,,,,,,,,,,,,,https://cdn.shopify.com/s/files/1/0618/2368/0740/files/8_e2da8040-98dc-4361-a436-7386593230c5.png?v=1717078187,kg,,,,,,
copy-of-angry-birds-printed-t-shirt-for-kids,,,,,,,,,11-12 YRS,,,Red,,,,,'10712326,200.0,shopify,50,continue,manual,899.00,0.00,true,true,,,,,'10712326,,,,,,,,,,,,,,,,,,,,,,,,,,,,,,,,,,,,,,,,,,,,,,,https://cdn.shopify.com/s/files/1/0618/2368/0740/files/17.png?v=1717078187,kg,,,,,,
copy-of-angry-birds-printed-t-shirt-for-kids,,,,,,,,,11-12 YRS,,,Yellow,,,,,'10712327,200.0,shopify,50,continue,manual,899.00,0.00,true,true,,,,,'10712327,,,,,,,,,,,,,,,,,,,,,,,,,,,,,,,,,,,,,,,,,,,,,,,https://cdn.shopify.com/s/files/1/0618/2368/0740/files/23_ba40594c-358f-4c7d-a9fb-b2d850076564.png?v=1717078187,kg,,,,,,
copy-of-angry-birds-printed-t-shirt-for-kids,,,,,,,,,11-12 YRS,,,Grey,,,,,'10712328,200.0,shopify,50,continue,manual,899.00,0.00,true,true,,,,,'10712328,,,,,,,,,,,,,,,,,,,,,,,,,,,,,,,,,,,,,,,,,,,,,,,https://cdn.shopify.com/s/files/1/0618/2368/0740/files/19_a455c787-63d6-44d5-8e59-987213bed7d6.png?v=1717078187,kg,,,,,,
copy-of-angry-birds-printed-t-shirt-for-kids,,,,,,,,,11-12 YRS,,,Pink,,,,,'10712329,200.0,shopify,49,continue,manual,899.00,0.00,true,true,,,,,'10712329,,,,,,,,,,,,,,,,,,,,,,,,,,,,,,,,,,,,,,,,,,,,,,,https://cdn.shopify.com/s/files/1/0618/2368/0740/files/20_00fa0f18-27a0-471d-8ae1-da7fffff5a01.png?v=1717078187,kg,,,,,,
copy-of-angry-birds-printed-t-shirt-for-kids,,,,,,,,,11-12 YRS,,,Orange,,,,,'10712330,200.0,shopify,50,continue,manual,899.00,0.00,true,true,,,,,'10712330,,,,,,,,,,,,,,,,,,,,,,,,,,,,,,,,,,,,,,,,,,,,,,,https://cdn.shopify.com/s/files/1/0618/2368/0740/files/24_1b026dfe-408f-4bc9-b529-60eef57578aa.png?v=1717078187,kg,,,,,,
copy-of-angry-birds-printed-t-shirt-for-kids,,,,,,,,,11-12 YRS,,,Blue,,,,,'10712331,200.0,shopify,50,continue,manual,899.00,0.00,true,true,,,,,'10712331,,,,,,,,,,,,,,,,,,,,,,,,,,,,,,,,,,,,,,,,,,,,,,,https://cdn.shopify.com/s/files/1/0618/2368/0740/files/27.png?v=1717078187,kg,,,,,,
copy-of-angry-birds-printed-t-shirt-for-kids,,,,,,,,,13-14 YRS,,,Mahroon,,,,,'10712332,200.0,shopify,100,continue,manual,999.00,0.00,true,true,,,,,'10712332,,,,,,,,,,,,,,,,,,,,,,,,,,,,,,,,,,,,,,,,,,,,,,,https://cdn.shopify.com/s/files/1/0618/2368/0740/files/15.png?v=1717076020,kg,,,,,,
copy-of-angry-birds-printed-t-shirt-for-kids,,,,,,,,,13-14 YRS,,,White,,,,,'10712333,200.0,shopify,100,continue,manual,999.00,0.00,true,true,,,,,'10712333,,,,,,,,,,,,,,,,,,,,,,,,,,,,,,,,,,,,,,,,,,,,,,,https://cdn.shopify.com/s/files/1/0618/2368/0740/files/11_5b9806db-4a2b-42b8-91bd-4ee488677cee.png?v=1717078187,kg,,,,,,
copy-of-angry-birds-printed-t-shirt-for-kids,,,,,,,,,13-14 YRS,,,Black,,,,,'10712334,200.0,shopify,100,continue,manual,999.00,0.00,true,true,,,,,'10712334,,,,,,,,,,,,,,,,,,,,,,,,,,,,,,,,,,,,,,,,,,,,,,,https://cdn.shopify.com/s/files/1/0618/2368/0740/files/8_e2da8040-98dc-4361-a436-7386593230c5.png?v=1717078187,kg,,,,,,
copy-of-angry-birds-printed-t-shirt-for-kids,,,,,,,,,13-14 YRS,,,Red,,,,,'10712335,200.0,shopify,100,continue,manual,999.00,0.00,true,true,,,,,'10712335,,,,,,,,,,,,,,,,,,,,,,,,,,,,,,,,,,,,,,,,,,,,,,,https://cdn.shopify.com/s/files/1/0618/2368/0740/files/17.png?v=1717078187,kg,,,,,,
copy-of-angry-birds-printed-t-shirt-for-kids,,,,,,,,,13-14 YRS,,,Yellow,,,,,'10712336,200.0,shopify,100,continue,manual,999.00,0.00,true,true,,,,,'10712336,,,,,,,,,,,,,,,,,,,,,,,,,,,,,,,,,,,,,,,,,,,,,,,https://cdn.shopify.com/s/files/1/0618/2368/0740/files/23_ba40594c-358f-4c7d-a9fb-b2d850076564.png?v=1717078187,kg,,,,,,
copy-of-angry-birds-printed-t-shirt-for-kids,,,,,,,,,13-14 YRS,,,Grey,,,,,'10712337,200.0,shopify,100,continue,manual,999.00,0.00,true,true,,,,,'10712337,,,,,,,,,,,,,,,,,,,,,,,,,,,,,,,,,,,,,,,,,,,,,,,https://cdn.shopify.com/s/files/1/0618/2368/0740/files/19_a455c787-63d6-44d5-8e59-987213bed7d6.png?v=1717078187,kg,,,,,,
copy-of-angry-birds-printed-t-shirt-for-kids,,,,,,,,,13-14 YRS,,,Pink,,,,,'10712338,200.0,shopify,100,continue,manual,999.00,0.00,true,true,,,,,'10712338,,,,,,,,,,,,,,,,,,,,,,,,,,,,,,,,,,,,,,,,,,,,,,,https://cdn.shopify.com/s/files/1/0618/2368/0740/files/20_00fa0f18-27a0-471d-8ae1-da7fffff5a01.png?v=1717078187,kg,,,,,,
copy-of-angry-birds-printed-t-shirt-for-kids,,,,,,,,,13-14 YRS,,,Orange,,,,,'10712339,200.0,shopify,100,continue,manual,999.00,0.00,true,true,,,,,'10712339,,,,,,,,,,,,,,,,,,,,,,,,,,,,,,,,,,,,,,,,,,,,,,,https://cdn.shopify.com/s/files/1/0618/2368/0740/files/24_1b026dfe-408f-4bc9-b529-60eef57578aa.png?v=1717078187,kg,,,,,,
copy-of-angry-birds-printed-t-shirt-for-kids,,,,,,,,,13-14 YRS,,,Blue,,,,,'10706853,200.0,shopify,100,continue,manual,999.00,0.00,true,true,,,,,'10706853,,,,,,,,,,,,,,,,,,,,,,,,,,,,,,,,,,,,,,,,,,,,,,,https://cdn.shopify.com/s/files/1/0618/2368/0740/files/27.png?v=1717078187,kg,,,,,,
copy-of-baby-cat-printed-t-shirt-for-kids,Cool Cat Printed T Shirt For Kids,"<div>Fabric: Soft High-Quality Cotton Jersey</div>
<div>Half Sleeve T-Shirt</div>
<div>Round Neck</div>
<div>High Quality DTF Printed</div>
<div>Soft and Comfortable Wear</div>
<div>Easy Wash &amp; Press</div>
<div>Sizes 1-14 years </div>
<div><span>Disclaimer: Colors may vary slightly due to studio lights. </span></div>",BBG FASHION CLOTHING STORE,Apparel & Accessories > Clothing > Clothing Tops > T-Shirts,kids T-Shirts,kids T-Shirts,false,Size,1-2 YRS,,Color,Orange,,,,,'10712216,200.0,shopify,50,continue,manual,799.00,0.00,true,true,,,,,'10712216,https://cdn.shopify.com/s/files/1/0618/2368/0740/files/26_830e5980-09aa-4726-81dd-8056d45fcd1f.png?v=1717075986,1,Copy Of Baby Cat Printed T Shirt For Kids - front view - kids wear Pakistan,false,,,212,,,,,,,,,,,,,,,,,,,,,,,,,,,,,,,,,,,,,,,,https://cdn.shopify.com/s/files/1/0618/2368/0740/files/26_830e5980-09aa-4726-81dd-8056d45fcd1f.png?v=1717075986,kg,,,true,,,draft
copy-of-baby-cat-printed-t-shirt-for-kids,,,,,,,,,1-2 YRS,,,Mahroon,,,,,'10712217,200.0,shopify,50,continue,manual,799.00,0.00,true,true,,,,,'10712217,https://cdn.shopify.com/s/files/1/0618/2368/0740/files/bbg_11772802-a0bd-44f0-8704-64847e022c5e.png?v=1717078279,2,Copy Of Baby Cat Printed T Shirt For Kids - back view - kids wear Pakistan,,,,,,,,,,,,,,,,,,,,,,,,,,,,,,,,,,,,,,,,,,,,https://cdn.shopify.com/s/files/1/0618/2368/0740/files/17_b3877243-9086-406f-a1b9-b9e9f0ac2b98.png?v=1717078279,kg,,,,,,
copy-of-baby-cat-printed-t-shirt-for-kids,,,,,,,,,1-2 YRS,,,White,,,,,'10712218,200.0,shopify,49,continue,manual,799.00,0.00,true,true,,,,,'10712218,https://cdn.shopify.com/s/files/1/0618/2368/0740/files/25_360fa3ad-a5c5-4d68-8a64-b6d5a71ca660.png?v=1717078279,3,Copy Of Baby Cat Printed T Shirt For Kids - side view - kids wear Pakistan,,,,,,,,,,,,,,,,,,,,,,,,,,,,,,,,,,,,,,,,,,,,https://cdn.shopify.com/s/files/1/0618/2368/0740/files/13_fee4e5d4-fa84-497f-9ef1-96b4b85e3c56.png?v=1717078279,kg,,,,,,
copy-of-baby-cat-printed-t-shirt-for-kids,,,,,,,,,1-2 YRS,,,Black,,,,,'10712219,200.0,shopify,50,continue,manual,799.00,0.00,true,true,,,,,'10712219,https://cdn.shopify.com/s/files/1/0618/2368/0740/files/10_4c0435f9-b6bb-41f3-9b17-e99c26ffa6f6.png?v=1717078279,4,Copy Of Baby Cat Printed T Shirt For Kids - detail shot - kids wear Pakistan,,,,,,,,,,,,,,,,,,,,,,,,,,,,,,,,,,,,,,,,,,,,https://cdn.shopify.com/s/files/1/0618/2368/0740/files/10_4c0435f9-b6bb-41f3-9b17-e99c26ffa6f6.png?v=1717078279,kg,,,,,,
copy-of-baby-cat-printed-t-shirt-for-kids,,,,,,,,,1-2 YRS,,,Red,,,,,'10712220,200.0,shopify,50,continue,manual,799.00,0.00,true,true,,,,,'10712220,https://cdn.shopify.com/s/files/1/0618/2368/0740/files/19_4bd3b586-cd67-4a1f-8beb-d375102a2d88.png?v=1717078279,5,Copy Of Baby Cat Printed T Shirt For Kids - front view - kids wear Pakistan,,,,,,,,,,,,,,,,,,,,,,,,,,,,,,,,,,,,,,,,,,,,https://cdn.shopify.com/s/files/1/0618/2368/0740/files/19_4bd3b586-cd67-4a1f-8beb-d375102a2d88.png?v=1717078279,kg,,,,,,
copy-of-baby-cat-printed-t-shirt-for-kids,,,,,,,,,1-2 YRS,,,Yellow,,,,,'10712221,200.0,shopify,50,continue,manual,799.00,0.00,true,true,,,,,'10712221,https://cdn.shopify.com/s/files/1/0618/2368/0740/files/13_fee4e5d4-fa84-497f-9ef1-96b4b85e3c56.png?v=1717078279,6,Copy Of Baby Cat Printed T Shirt For Kids - back view - kids wear Pakistan,,,,,,,,,,,,,,,,,,,,,,,,,,,,,,,,,,,,,,,,,,,,https://cdn.shopify.com/s/files/1/0618/2368/0740/files/25_360fa3ad-a5c5-4d68-8a64-b6d5a71ca660.png?v=1717078279,kg,,,,,,
copy-of-baby-cat-printed-t-shirt-for-kids,,,,,,,,,1-2 YRS,,,Grey,,,,,'10712222,200.0,shopify,50,continue,manual,799.00,0.00,true,true,,,,,'10712222,https://cdn.shopify.com/s/files/1/0618/2368/0740/files/17_b3877243-9086-406f-a1b9-b9e9f0ac2b98.png?v=1717078279,7,Copy Of Baby Cat Printed T Shirt For Kids - side view - kids wear Pakistan,,,,,,,,,,,,,,,,,,,,,,,,,,,,,,,,,,,,,,,,,,,,https://cdn.shopify.com/s/files/1/0618/2368/0740/files/21_26304688-d5a9-4138-bfbb-54a536133d3c.png?v=1717078279,kg,,,,,,
copy-of-baby-cat-printed-t-shirt-for-kids,,,,,,,,,1-2 YRS,,,Pink,,,,,'10712223,200.0,shopify,50,continue,manual,799.00,0.00,true,true,,,,,'10712223,https://cdn.shopify.com/s/files/1/0618/2368/0740/files/21_26304688-d5a9-4138-bfbb-54a536133d3c.png?v=1717078279,8,Copy Of Baby Cat Printed T Shirt For Kids - detail shot - kids wear Pakistan,,,,,,,,,,,,,,,,,,,,,,,,,,,,,,,,,,,,,,,,,,,,https://cdn.shopify.com/s/files/1/0618/2368/0740/files/22.png?v=1717078279,kg,,,,,,
copy-of-baby-cat-printed-t-shirt-for-kids,,,,,,,,,1-2 YRS,,,Blue,,,,,'10712224,200.0,shopify,50,continue,manual,799.00,0.00,true,true,,,,,'10712224,https://cdn.shopify.com/s/files/1/0618/2368/0740/files/22.png?v=1717078279,9,Copy Of Baby Cat Printed T Shirt For Kids - front view - kids wear Pakistan,,,,,,,,,,,,,,,,,,,,,,,,,,,,,,,,,,,,,,,,,,,,https://cdn.shopify.com/s/files/1/0618/2368/0740/files/28_ca342f32-32d8-4de2-87eb-992d79c78ed5.png?v=1717078279,kg,,,,,,
copy-of-baby-cat-printed-t-shirt-for-kids,,,,,,,,,3-4 YRS,,,Orange,,,,,'10712225,200.0,shopify,47,continue,manual,799.00,0.00,true,true,,,,,'10712225,https://cdn.shopify.com/s/files/1/0618/2368/0740/files/28_ca342f32-32d8-4de2-87eb-992d79c78ed5.png?v=1717078279,10,Copy Of Baby Cat Printed T Shirt For Kids - back view - kids wear Pakistan,,,,,,,,,,,,,,,,,,,,,,,,,,,,,,,,,,,,,,,,,,,,https://cdn.shopify.com/s/files/1/0618/2368/0740/files/26_830e5980-09aa-4726-81dd-8056d45fcd1f.png?v=1717075986,kg,,,,,,
copy-of-baby-cat-printed-t-shirt-for-kids,,,,,,,,,3-4 YRS,,,Mahroon,,,,,'10712226,200.0,shopify,50,continue,manual,799.00,0.00,true,true,,,,,'10712226,,,,,,,,,,,,,,,,,,,,,,,,,,,,,,,,,,,,,,,,,,,,,,,https://cdn.shopify.com/s/files/1/0618/2368/0740/files/17_b3877243-9086-406f-a1b9-b9e9f0ac2b98.png?v=1717078279,kg,,,,,,
copy-of-baby-cat-printed-t-shirt-for-kids,,,,,,,,,3-4 YRS,,,White,,,,,'10712227,200.0,shopify,50,continue,manual,799.00,0.00,true,true,,,,,'10712227,,,,,,,,,,,,,,,,,,,,,,,,,,,,,,,,,,,,,,,,,,,,,,,https://cdn.shopify.com/s/files/1/0618/2368/0740/files/13_fee4e5d4-fa84-497f-9ef1-96b4b85e3c56.png?v=1717078279,kg,,,,,,
copy-of-baby-cat-printed-t-shirt-for-kids,,,,,,,,,3-4 YRS,,,Black,,,,,'10712228,200.0,shopify,49,continue,manual,799.00,0.00,true,true,,,,,'10712228,,,,,,,,,,,,,,,,,,,,,,,,,,,,,,,,,,,,,,,,,,,,,,,https://cdn.shopify.com/s/files/1/0618/2368/0740/files/10_4c0435f9-b6bb-41f3-9b17-e99c26ffa6f6.png?v=1717078279,kg,,,,,,
copy-of-baby-cat-printed-t-shirt-for-kids,,,,,,,,,3-4 YRS,,,Red,,,,,'10712229,200.0,shopify,50,continue,manual,799.00,0.00,true,true,,,,,'10712229,,,,,,,,,,,,,,,,,,,,,,,,,,,,,,,,,,,,,,,,,,,,,,,https://cdn.shopify.com/s/files/1/0618/2368/0740/files/19_4bd3b586-cd67-4a1f-8beb-d375102a2d88.png?v=1717078279,kg,,,,,,
copy-of-baby-cat-printed-t-shirt-for-kids,,,,,,,,,3-4 YRS,,,Yellow,,,,,'10712230,200.0,shopify,50,continue,manual,799.00,0.00,true,true,,,,,'10712230,,,,,,,,,,,,,,,,,,,,,,,,,,,,,,,,,,,,,,,,,,,,,,,https://cdn.shopify.com/s/files/1/0618/2368/0740/files/25_360fa3ad-a5c5-4d68-8a64-b6d5a71ca660.png?v=1717078279,kg,,,,,,
copy-of-baby-cat-printed-t-shirt-for-kids,,,,,,,,,3-4 YRS,,,Grey,,,,,'10712231,200.0,shopify,50,continue,manual,799.00,0.00,true,true,,,,,'10712231,,,,,,,,,,,,,,,,,,,,,,,,,,,,,,,,,,,,,,,,,,,,,,,https://cdn.shopify.com/s/files/1/0618/2368/0740/files/21_26304688-d5a9-4138-bfbb-54a536133d3c.png?v=1717078279,kg,,,,,,
copy-of-baby-cat-printed-t-shirt-for-kids,,,,,,,,,3-4 YRS,,,Pink,,,,,'10712232,200.0,shopify,50,continue,manual,799.00,0.00,true,true,,,,,'10712232,,,,,,,,,,,,,,,,,,,,,,,,,,,,,,,,,,,,,,,,,,,,,,,https://cdn.shopify.com/s/files/1/0618/2368/0740/files/22.png?v=1717078279,kg,,,,,,
copy-of-baby-cat-printed-t-shirt-for-kids,,,,,,,,,3-4 YRS,,,Blue,,,,,'10712233,200.0,shopify,50,continue,manual,799.00,0.00,true,true,,,,,'10712233,,,,,,,,,,,,,,,,,,,,,,,,,,,,,,,,,,,,,,,,,,,,,,,https://cdn.shopify.com/s/files/1/0618/2368/0740/files/28_ca342f32-32d8-4de2-87eb-992d79c78ed5.png?v=1717078279,kg,,,,,,
copy-of-baby-cat-printed-t-shirt-for-kids,,,,,,,,,5-6 YRS,,,Orange,,,,,'10712234,200.0,shopify,49,continue,manual,799.00,0.00,true,true,,,,,'10712234,,,,,,,,,,,,,,,,,,,,,,,,,,,,,,,,,,,,,,,,,,,,,,,https://cdn.shopify.com/s/files/1/0618/2368/0740/files/26_830e5980-09aa-4726-81dd-8056d45fcd1f.png?v=1717075986,kg,,,,,,
copy-of-baby-cat-printed-t-shirt-for-kids,,,,,,,,,5-6 YRS,,,Mahroon,,,,,'10712235,200.0,shopify,50,continue,manual,799.00,0.00,true,true,,,,,'10712235,,,,,,,,,,,,,,,,,,,,,,,,,,,,,,,,,,,,,,,,,,,,,,,https://cdn.shopify.com/s/files/1/0618/2368/0740/files/17_b3877243-9086-406f-a1b9-b9e9f0ac2b98.png?v=1717078279,kg,,,,,,
copy-of-baby-cat-printed-t-shirt-for-kids,,,,,,,,,5-6 YRS,,,White,,,,,'10712236,200.0,shopify,50,continue,manual,799.00,0.00,true,true,,,,,'10712236,,,,,,,,,,,,,,,,,,,,,,,,,,,,,,,,,,,,,,,,,,,,,,,https://cdn.shopify.com/s/files/1/0618/2368/0740/files/13_fee4e5d4-fa84-497f-9ef1-96b4b85e3c56.png?v=1717078279,kg,,,,,,
copy-of-baby-cat-printed-t-shirt-for-kids,,,,,,,,,5-6 YRS,,,Black,,,,,'10712237,200.0,shopify,50,continue,manual,799.00,0.00,true,true,,,,,'10712237,,,,,,,,,,,,,,,,,,,,,,,,,,,,,,,,,,,,,,,,,,,,,,,https://cdn.shopify.com/s/files/1/0618/2368/0740/files/10_4c0435f9-b6bb-41f3-9b17-e99c26ffa6f6.png?v=1717078279,kg,,,,,,
copy-of-baby-cat-printed-t-shirt-for-kids,,,,,,,,,5-6 YRS,,,Red,,,,,'10712238,200.0,shopify,50,continue,manual,799.00,0.00,true,true,,,,,'10712238,,,,,,,,,,,,,,,,,,,,,,,,,,,,,,,,,,,,,,,,,,,,,,,https://cdn.shopify.com/s/files/1/0618/2368/0740/files/19_4bd3b586-cd67-4a1f-8beb-d375102a2d88.png?v=1717078279,kg,,,,,,
copy-of-baby-cat-printed-t-shirt-for-kids,,,,,,,,,5-6 YRS,,,Yellow,,,,,'10712239,200.0,shopify,50,continue,manual,799.00,0.00,true,true,,,,,'10712239,,,,,,,,,,,,,,,,,,,,,,,,,,,,,,,,,,,,,,,,,,,,,,,https://cdn.shopify.com/s/files/1/0618/2368/0740/files/25_360fa3ad-a5c5-4d68-8a64-b6d5a71ca660.png?v=1717078279,kg,,,,,,
copy-of-baby-cat-printed-t-shirt-for-kids,,,,,,,,,5-6 YRS,,,Grey,,,,,'10712240,200.0,shopify,50,continue,manual,799.00,0.00,true,true,,,,,'10712240,,,,,,,,,,,,,,,,,,,,,,,,,,,,,,,,,,,,,,,,,,,,,,,https://cdn.shopify.com/s/files/1/0618/2368/0740/files/21_26304688-d5a9-4138-bfbb-54a536133d3c.png?v=1717078279,kg,,,,,,
copy-of-baby-cat-printed-t-shirt-for-kids,,,,,,,,,5-6 YRS,,,Pink,,,,,'10712241,200.0,shopify,48,continue,manual,799.00,0.00,true,true,,,,,'10712241,,,,,,,,,,,,,,,,,,,,,,,,,,,,,,,,,,,,,,,,,,,,,,,https://cdn.shopify.com/s/files/1/0618/2368/0740/files/22.png?v=1717078279,kg,,,,,,
