Handle,Title,Body (HTML),Vendor,Product Category,Type,Tags,Published,Option1 Name,Option1 Value,Option1 Linked To,Option2 Name,Option2 Value,Option2 Linked To,Option3 Name,Option3 Value,Option3 Linked To,Variant SKU,Variant Grams,Variant Inventory Tracker,Variant Inventory Qty,Variant Inventory Policy,Variant Fulfillment Service,Variant Price,Variant Compare At Price,Variant Requires Shipping,Variant Taxable,Unit Price Total Measure,Unit Price Total Measure Unit,Unit Price Base Measure,Unit Price Base Measure Unit,Variant Barcode,Image Src,Image Position,Image Alt Text,Gift Card,SEO Title,SEO Description,Google Shopping / Google Product Category,Google Shopping / Gender,Google Shopping / Age Group,Google Shopping / MPN,Google Shopping / Condition,Google Shopping / Custom Product,Google Shopping / Custom Label 0,Google Shopping / Custom Label 1,Google Shopping / Custom Label 2,Google Shopping / Custom Label 3,Google Shopping / Custom Label 4,Google: Custom Product (product.metafields.mm-google-shopping.custom_product),Product rating count (product.metafields.reviews.rating_count),Activewear clothing features (product.metafields.shopify.activewear-clothing-features),Activity (product.metafields.shopify.activity),Age group (product.metafields.shopify.age-group),Baby/Toddler clothing features (product.metafields.shopify.baby-toddler-clothing-features),Baby/Toddler sleepwear style (product.metafields.shopify.baby-toddler-sleepwear-style),Care instructions (product.metafields.shopify.care-instructions),Clothing features (product.metafields.shopify.clothing-features),Color (product.metafields.shopify.color-pattern),Dress occasion (product.metafields.shopify.dress-occasion),Dress style (product.metafields.shopify.dress-style),Fabric (product.metafields.shopify.fabric),Fit (product.metafields.shopify.fit),Intimate apparel features (product.metafields.shopify.intimate-apparel-features),Neckline (product.metafields.shopify.neckline),One-piece style (product.metafields.shopify.one-piece-style),Outerwear clothing features (product.metafields.shopify.outerwear-clothing-features),Pants length type (product.metafields.shopify.pants-length-type),Size (product.metafields.shopify.size),Skirt/Dress length type (product.metafields.shopify.skirt-dress-length-type),Sleeve length type (product.metafields.shopify.sleeve-length-type),Target gender (product.metafields.shopify.target-gender),Top length type (product.metafields.shopify.top-length-type),Waist rise (product.metafields.shopify.waist-rise),Complementary products (product.metafields.shopify--discovery--product_recommendation.complementary_products),Related products (product.metafields.shopify--discovery--product_recommendation.related_products),Related products settings (product.metafields.shopify--discovery--product_recommendation.related_products_display),Search product boosts (product.metafields.shopify--discovery--product_search_boost.queries),Variant Image,Variant Weight Unit,Variant Tax Code,Cost per item,Included / Pakistan,Price / Pakistan,Compare At Price / Pakistan,Status
copy-of-panda-ride-on-bike-t-shirt-for-kids,,,,,,,,,1-2 YRS,,,Yellow,,,,,'10711726,200.0,shopify,50,continue,manual,799.00,0.00,true,true,,,,,'10711726,https://cdn.shopify.com/s/files/1/0618/2368/0740/files/16_0da26f27-e811-4809-a2d2-9b82ac90c400.png?v=1717078959,7,Copy Of Panda Ride On Bike T Shirt For Kids - side view - kids wear Pakistan,,,,,,,,,,,,,,,,,,,,,,,,,,,,,,,,,,,,,,,,,,,,https://cdn.shopify.com/s/files/1/0618/2368/0740/files/21_9c5fb195-faf9-4328-b998-e984a4a8b375.png?v=1717078959,kg,,,,,,
copy-of-panda-ride-on-bike-t-shirt-for-kids,,,,,,,,,1-2 YRS,,,Mahroon,,,,,'10711727,200.0,shopify,50,continue,manual,799.00,0.00,true,true,,,,,'10711727,https://cdn.shopify.com/s/files/1/0618/2368/0740/files/18_7fedff69-7120-465f-b214-627b01bbe299.png?v=1717078959,8,Copy Of Panda Ride On Bike T Shirt For Kids - detail shot - kids wear Pakistan,,,,,,,,,,,,,,,,,,,,,,,,,,,,,,,,,,,,,,,,,,,,https://cdn.shopify.com/s/files/1/0618/2368/0740/files/14_cafc4ec2-0caf-4ddf-bac8-0f789d6c03bf.png?v=1717078959,kg,,,,,,
copy-of-panda-ride-on-bike-t-shirt-for-kids,,,,,,,,,1-2 YRS,,,Pink,,,,,'10711728,200.0,shopify,50,continue,manual,799.00,0.00,true,true,,,,,'10711728,https://cdn.shopify.com/s/files/1/0618/2368/0740/files/19_38232022-60d9-4eec-88b9-4e345651f070.png?v=1717078959,9,Copy Of Panda Ride On Bike T Shirt For Kids - front view - kids wear Pakistan,,,,,,,,,,,,,,,,,,,,,,,,,,,,,,,,,,,,,,,,,,,,https://cdn.shopify.com/s/files/1/0618/2368/0740/files/19_38232022-60d9-4eec-88b9-4e345651f070.png?v=1717078959,kg,,,,,,
copy-of-panda-ride-on-bike-t-shirt-for-kids,,,,,,,,,3-4 YRS,,,Orange,,,,,'10711729,200.0,shopify,50,continue,manual,799.00,0.00,true,true,,,,,'10711729,https://cdn.shopify.com/s/files/1/0618/2368/0740/files/21_9c5fb195-faf9-4328-b998-e984a4a8b375.png?v=1717078959,10,Copy Of Panda Ride On Bike T Shirt For Kids - back view - kids wear Pakistan,,,,,,,,,,,,,,,,,,,,,,,,,,,,,,,,,,,,,,,,,,,,https://cdn.shopify.com/s/files/1/0618/2368/0740/files/23_e2701124-a96e-40bf-b603-a1fed60497ee.png?v=1717075803,kg,,,,,,
copy-of-panda-ride-on-bike-t-shirt-for-kids,,,,,,,,,3-4 YRS,,,Blue,,,,,'10711730,200.0,shopify,50,continue,manual,799.00,0.00,true,true,,,,,'10711730,https://cdn.shopify.com/s/files/1/0618/2368/0740/files/25_d0a49941-73e7-4386-80bb-d6d79d8411bc.png?v=1717078959,11,Copy Of Panda Ride On Bike T Shirt For Kids - side view - kids wear Pakistan,,,,,,,,,,,,,,,,,,,,,,,,,,,,,,,,,,,,,,,,,,,,https://cdn.shopify.com/s/files/1/0618/2368/0740/files/25_d0a49941-73e7-4386-80bb-d6d79d8411bc.png?v=1717078959,kg,,,,,,
copy-of-panda-ride-on-bike-t-shirt-for-kids,,,,,,,,,3-4 YRS,,,Grey,,,,,'10711731,200.0,shopify,50,continue,manual,799.00,0.00,true,true,,,,,'10711731,https://cdn.shopify.com/s/files/1/0618/2368/0740/files/28_f9fd705f-fa1a-4c64-97f7-4ad28a4dbd39.png?v=1717078959,12,Copy Of Panda Ride On Bike T Shirt For Kids - detail shot - kids wear Pakistan,,,,,,,,,,,,,,,,,,,,,,,,,,,,,,,,,,,,,,,,,,,,https://cdn.shopify.com/s/files/1/0618/2368/0740/files/18_7fedff69-7120-465f-b214-627b01bbe299.png?v=1717078959,kg,,,,,,
copy-of-panda-ride-on-bike-t-shirt-for-kids,,,,,,,,,3-4 YRS,,,White,,,,,'10711732,200.0,shopify,50,continue,manual,799.00,0.00,true,true,,,,,'10711732,,,,,,,,,,,,,,,,,,,,,,,,,,,,,,,,,,,,,,,,,,,,,,,https://cdn.shopify.com/s/files/1/0618/2368/0740/files/10_72cfd2a3-ae41-4641-98c4-86875430495a.png?v=1717078959,kg,,,,,,
copy-of-panda-ride-on-bike-t-shirt-for-kids,,,,,,,,,3-4 YRS,,,Black,,,,,'10711733,200.0,shopify,50,continue,manual,799.00,0.00,true,true,,,,,'10711733,,,,,,,,,,,,,,,,,,,,,,,,,,,,,,,,,,,,,,,,,,,,,,,https://cdn.shopify.com/s/files/1/0618/2368/0740/files/7_6f916496-47bd-4124-9b0b-bf773d065112.png?v=1717078959,kg,,,,,,
copy-of-panda-ride-on-bike-t-shirt-for-kids,,,,,,,,,3-4 YRS,,,Red,,,,,'10711734,200.0,shopify,50,continue,manual,799.00,0.00,true,true,,,,,'10711734,,,,,,,,,,,,,,,,,,,,,,,,,,,,,,,,,,,,,,,,,,,,,,,https://cdn.shopify.com/s/files/1/0618/2368/0740/files/16_0da26f27-e811-4809-a2d2-9b82ac90c400.png?v=1717078959,kg,,,,,,
copy-of-panda-ride-on-bike-t-shirt-for-kids,,,,,,,,,3-4 YRS,,,Yellow,,,,,'10711735,200.0,shopify,49,continue,manual,799.00,0.00,true,true,,,,,'10711735,,,,,,,,,,,,,,,,,,,,,,,,,,,,,,,,,,,,,,,,,,,,,,,https://cdn.shopify.com/s/files/1/0618/2368/0740/files/21_9c5fb195-faf9-4328-b998-e984a4a8b375.png?v=1717078959,kg,,,,,,
copy-of-panda-ride-on-bike-t-shirt-for-kids,,,,,,,,,3-4 YRS,,,Mahroon,,,,,'10711736,200.0,shopify,50,continue,manual,799.00,0.00,true,true,,,,,'10711736,,,,,,,,,,,,,,,,,,,,,,,,,,,,,,,,,,,,,,,,,,,,,,,https://cdn.shopify.com/s/files/1/0618/2368/0740/files/14_cafc4ec2-0caf-4ddf-bac8-0f789d6c03bf.png?v=1717078959,kg,,,,,,
copy-of-panda-ride-on-bike-t-shirt-for-kids,,,,,,,,,3-4 YRS,,,Pink,,,,,'10711737,200.0,shopify,50,continue,manual,799.00,0.00,true,true,,,,,'10711737,,,,,,,,,,,,,,,,,,,,,,,,,,,,,,,,,,,,,,,,,,,,,,,https://cdn.shopify.com/s/files/1/0618/2368/0740/files/19_38232022-60d9-4eec-88b9-4e345651f070.png?v=1717078959,kg,,,,,,
copy-of-panda-ride-on-bike-t-shirt-for-kids,,,,,,,,,5-6 YRS,,,Orange,,,,,'10711738,200.0,shopify,50,continue,manual,799.00,0.00,true,true,,,,,'10711738,,,,,,,,,,,,,,,,,,,,,,,,,,,,,,,,,,,,,,,,,,,,,,,https://cdn.shopify.com/s/files/1/0618/2368/0740/files/23_e2701124-a96e-40bf-b603-a1fed60497ee.png?v=1717075803,kg,,,,,,
copy-of-panda-ride-on-bike-t-shirt-for-kids,,,,,,,,,5-6 YRS,,,Blue,,,,,'10711739,200.0,shopify,50,continue,manual,799.00,0.00,true,true,,,,,'10711739,,,,,,,,,,,,,,,,,,,,,,,,,,,,,,,,,,,,,,,,,,,,,,,https://cdn.shopify.com/s/files/1/0618/2368/0740/files/25_d0a49941-73e7-4386-80bb-d6d79d8411bc.png?v=1717078959,kg,,,,,,
copy-of-panda-ride-on-bike-t-shirt-for-kids,,,,,,,,,5-6 YRS,,,Grey,,,,,'10711740,200.0,shopify,49,continue,manual,799.00,0.00,true,true,,,,,'10711740,,,,,,,,,,,,,,,,,,,,,,,,,,,,,,,,,,,,,,,,,,,,,,,https://cdn.shopify.com/s/files/1/0618/2368/0740/files/18_7fedff69-7120-465f-b214-627b01bbe299.png?v=1717078959,kg,,,,,,
copy-of-panda-ride-on-bike-t-shirt-for-kids,,,,,,,,,5-6 YRS,,,White,,,,,'10711741,200.0,shopify,50,continue,manual,799.00,0.00,true,true,,,,,'10711741,,,,,,,,,,,,,,,,,,,,,,,,,,,,,,,,,,,,,,,,,,,,,,,https://cdn.shopify.com/s/files/1/0618/2368/0740/files/10_72cfd2a3-ae41-4641-98c4-86875430495a.png?v=1717078959,kg,,,,,,
copy-of-panda-ride-on-bike-t-shirt-for-kids,,,,,,,,,5-6 YRS,,,Black,,,,,'10711742,200.0,shopify,50,continue,manual,799.00,0.00,true,true,,,,,'10711742,,,,,,,,,,,,,,,,,,,,,,,,,,,,,,,,,,,,,,,,,,,,,,,https://cdn.shopify.com/s/files/1/0618/2368/0740/files/7_6f916496-47bd-4124-9b0b-bf773d065112.png?v=1717078959,kg,,,,,,
copy-of-panda-ride-on-bike-t-shirt-for-kids,,,,,,,,,5-6 YRS,,,Red,,,,,'10711743,200.0,shopify,50,continue,manual,799.00,0.00,true,true,,,,,'10711743,,,,,,,,,,,,,,,,,,,,,,,,,,,,,,,,,,,,,,,,,,,,,,,https://cdn.shopify.com/s/files/1/0618/2368/0740/files/16_0da26f27-e811-4809-a2d2-9b82ac90c400.png?v=1717078959,kg,,,,,,
copy-of-panda-ride-on-bike-t-shirt-for-kids,,,,,,,,,5-6 YRS,,,Yellow,,,,,'10711744,200.0,shopify,50,continue,manual,799.00,0.00,true,true,,,,,'10711744,,,,,,,,,,,,,,,,,,,,,,,,,,,,,,,,,,,,,,,,,,,,,,,https://cdn.shopify.com/s/files/1/0618/2368/0740/files/21_9c5fb195-faf9-4328-b998-e984a4a8b375.png?v=1717078959,kg,,,,,,
copy-of-panda-ride-on-bike-t-shirt-for-kids,,,,,,,,,5-6 YRS,,,Mahroon,,,,,'10711745,200.0,shopify,50,continue,manual,799.00,0.00,true,true,,,,,'10711745,,,,,,,,,,,,,,,,,,,,,,,,,,,,,,,,,,,,,,,,,,,,,,,https://cdn.shopify.com/s/files/1/0618/2368/0740/files/14_cafc4ec2-0caf-4ddf-bac8-0f789d6c03bf.png?v=1717078959,kg,,,,,,
copy-of-panda-ride-on-bike-t-shirt-for-kids,,,,,,,,,5-6 YRS,,,Pink,,,,,'10711746,200.0,shopify,50,continue,manual,799.00,0.00,true,true,,,,,'10711746,,,,,,,,,,,,,,,,,,,,,,,,,,,,,,,,,,,,,,,,,,,,,,,https://cdn.shopify.com/s/files/1/0618/2368/0740/files/19_38232022-60d9-4eec-88b9-4e345651f070.png?v=1717078959,kg,,,,,,
copy-of-panda-ride-on-bike-t-shirt-for-kids,,,,,,,,,7-8 YRS,,,Orange,,,,,'10711747,200.0,shopify,50,continue,manual,799.00,0.00,true,true,,,,,'10711747,,,,,,,,,,,,,,,,,,,,,,,,,,,,,,,,,,,,,,,,,,,,,,,https://cdn.shopify.com/s/files/1/0618/2368/0740/files/23_e2701124-a96e-40bf-b603-a1fed60497ee.png?v=1717075803,kg,,,,,,
copy-of-panda-ride-on-bike-t-shirt-for-kids,,,,,,,,,7-8 YRS,,,Blue,,,,,'10711748,200.0,shopify,50,continue,manual,799.00,0.00,true,true,,,,,'10711748,,,,,,,,,,,,,,,,,,,,,,,,,,,,,,,,,,,,,,,,,,,,,,,https://cdn.shopify.com/s/files/1/0618/2368/0740/files/25_d0a49941-73e7-4386-80bb-d6d79d8411bc.png?v=1717078959,kg,,,,,,
copy-of-panda-ride-on-bike-t-shirt-for-kids,,,,,,,,,7-8 YRS,,,Grey,,,,,'10711749,200.0,shopify,50,continue,manual,799.00,0.00,true,true,,,,,'10711749,,,,,,,,,,,,,,,,,,,,,,,,,,,,,,,,,,,,,,,,,,,,,,,https://cdn.shopify.com/s/files/1/0618/2368/0740/files/18_7fedff69-7120-465f-b214-627b01bbe299.png?v=1717078959,kg,,,,,,
copy-of-panda-ride-on-bike-t-shirt-for-kids,,,,,,,,,7-8 YRS,,,White,,,,,'10711750,200.0,shopify,50,continue,manual,799.00,0.00,true,true,,,,,'10711750,,,,,,,,,,,,,,,,,,,,,,,,,,,,,,,,,,,,,,,,,,,,,,,https://cdn.shopify.com/s/files/1/0618/2368/0740/files/10_72cfd2a3-ae41-4641-98c4-86875430495a.png?v=1717078959,kg,,,,,,
copy-of-panda-ride-on-bike-t-shirt-for-kids,,,,,,,,,7-8 YRS,,,Black,,,,,'10711751,200.0,shopify,50,continue,manual,799.00,0.00,true,true,,,,,'10711751,,,,,,,,,,,,,,,,,,,,,,,,,,,,,,,,,,,,,,,,,,,,,,,https://cdn.shopify.com/s/files/1/0618/2368/0740/files/7_6f916496-47bd-4124-9b0b-bf773d065112.png?v=1717078959,kg,,,,,,
copy-of-panda-ride-on-bike-t-shirt-for-kids,,,,,,,,,7-8 YRS,,,Red,,,,,'10711752,200.0,shopify,50,continue,manual,799.00,0.00,true,true,,,,,'10711752,,,,,,,,,,,,,,,,,,,,,,,,,,,,,,,,,,,,,,,,,,,,,,,https://cdn.shopify.com/s/files/1/0618/2368/0740/files/16_0da26f27-e811-4809-a2d2-9b82ac90c400.png?v=1717078959,kg,,,,,,
copy-of-panda-ride-on-bike-t-shirt-for-kids,,,,,,,,,7-8 YRS,,,Yellow,,,,,'10711753,200.0,shopify,50,continue,manual,799.00,0.00,true,true,,,,,'10711753,,,,,,,,,,,,,,,,,,,,,,,,,,,,,,,,,,,,,,,,,,,,,,,https://cdn.shopify.com/s/files/1/0618/2368/0740/files/21_9c5fb195-faf9-4328-b998-e984a4a8b375.png?v=1717078959,kg,,,,,,
copy-of-panda-ride-on-bike-t-shirt-for-kids,,,,,,,,,7-8 YRS,,,Mahroon,,,,,'10711754,200.0,shopify,50,continue,manual,799.00,0.00,true,true,,,,,'10711754,,,,,,,,,,,,,,,,,,,,,,,,,,,,,,,,,,,,,,,,,,,,,,,https://cdn.shopify.com/s/files/1/0618/2368/0740/files/14_cafc4ec2-0caf-4ddf-bac8-0f789d6c03bf.png?v=1717078959,kg,,,,,,
copy-of-panda-ride-on-bike-t-shirt-for-kids,,,,,,,,,7-8 YRS,,,Pink,,,,,'10711755,200.0,shopify,50,continue,manual,799.00,0.00,true,true,,,,,'10711755,,,,,,,,,,,,,,,,,,,,,,,,,,,,,,,,,,,,,,,,,,,,,,,https://cdn.shopify.com/s/files/1/0618/2368/0740/files/19_38232022-60d9-4eec-88b9-4e345651f070.png?v=1717078959,kg,,,,,,
copy-of-panda-ride-on-bike-t-shirt-for-kids,,,,,,,,,9-10 YRS,,,Orange,,,,,'10711756,200.0,shopify,50,continue,manual,899.00,0.00,true,true,,,,,'10711756,,,,,,,,,,,,,,,,,,,,,,,,,,,,,,,,,,,,,,,,,,,,,,,https://cdn.shopify.com/s/files/1/0618/2368/0740/files/23_e2701124-a96e-40bf-b603-a1fed60497ee.png?v=1717075803,kg,,,,,,
copy-of-panda-ride-on-bike-t-shirt-for-kids,,,,,,,,,9-10 YRS,,,Blue,,,,,'10711757,200.0,shopify,50,continue,manual,899.00,0.00,true,true,,,,,'10711757,,,,,,,,,,,,,,,,,,,,,,,,,,,,,,,,,,,,,,,,,,,,,,,https://cdn.shopify.com/s/files/1/0618/2368/0740/files/25_d0a49941-73e7-4386-80bb-d6d79d8411bc.png?v=1717078959,kg,,,,,,
copy-of-panda-ride-on-bike-t-shirt-for-kids,,,,,,,,,9-10 YRS,,,Grey,,,,,'10711758,200.0,shopify,50,continue,manual,899.00,0.00,true,true,,,,,'10711758,,,,,,,,,,,,,,,,,,,,,,,,,,,,,,,,,,,,,,,,,,,,,,,https://cdn.shopify.com/s/files/1/0618/2368/0740/files/18_7fedff69-7120-465f-b214-627b01bbe299.png?v=1717078959,kg,,,,,,
copy-of-panda-ride-on-bike-t-shirt-for-kids,,,,,,,,,9-10 YRS,,,White,,,,,'10711759,200.0,shopify,50,continue,manual,899.00,0.00,true,true,,,,,'10711759,,,,,,,,,,,,,,,,,,,,,,,,,,,,,,,,,,,,,,,,,,,,,,,https://cdn.shopify.com/s/files/1/0618/2368/0740/files/10_72cfd2a3-ae41-4641-98c4-86875430495a.png?v=1717078959,kg,,,,,,
copy-of-panda-ride-on-bike-t-shirt-for-kids,,,,,,,,,9-10 YRS,,,Black,,,,,'10711760,200.0,shopify,50,continue,manual,899.00,0.00,true,true,,,,,'10711760,,,,,,,,,,,,,,,,,,,,,,,,,,,,,,,,,,,,,,,,,,,,,,,https://cdn.shopify.com/s/files/1/0618/2368/0740/files/7_6f916496-47bd-4124-9b0b-bf773d065112.png?v=1717078959,kg,,,,,,
copy-of-panda-ride-on-bike-t-shirt-for-kids,,,,,,,,,9-10 YRS,,,Red,,,,,'10711761,200.0,shopify,50,continue,manual,899.00,0.00,true,true,,,,,'10711761,,,,,,,,,,,,,,,,,,,,,,,,,,,,,,,,,,,,,,,,,,,,,,,https://cdn.shopify.com/s/files/1/0618/2368/0740/files/16_0da26f27-e811-4809-a2d2-9b82ac90c400.png?v=1717078959,kg,,,,,,
copy-of-panda-ride-on-bike-t-shirt-for-kids,,,,,,,,,9-10 YRS,,,Yellow,,,,,'10711762,200.0,shopify,50,continue,manual,899.00,0.00,true,true,,,,,'10711762,,,,,,,,,,,,,,,,,,,,,,,,,,,,,,,,,,,,,,,,,,,,,,,https://cdn.shopify.com/s/files/1/0618/2368/0740/files/21_9c5fb195-faf9-4328-b998-e984a4a8b375.png?v=1717078959,kg,,,,,,
copy-of-panda-ride-on-bike-t-shirt-for-kids,,,,,,,,,9-10 YRS,,,Mahroon,,,,,'10711763,200.0,shopify,50,continue,manual,899.00,0.00,true,true,,,,,'10711763,,,,,,,,,,,,,,,,,,,,,,,,,,,,,,,,,,,,,,,,,,,,,,,https://cdn.shopify.com/s/files/1/0618/2368/0740/files/14_cafc4ec2-0caf-4ddf-bac8-0f789d6c03bf.png?v=1717078959,kg,,,,,,
copy-of-panda-ride-on-bike-t-shirt-for-kids,,,,,,,,,9-10 YRS,,,Pink,,,,,'10711764,200.0,shopify,50,continue,manual,899.00,0.00,true,true,,,,,'10711764,,,,,,,,,,,,,,,,,,,,,,,,,,,,,,,,,,,,,,,,,,,,,,,https://cdn.shopify.com/s/files/1/0618/2368/0740/files/19_38232022-60d9-4eec-88b9-4e345651f070.png?v=1717078959,kg,,,,,,
copy-of-panda-ride-on-bike-t-shirt-for-kids,,,,,,,,,11-12 YRS,,,Orange,,,,,'10711765,200.0,shopify,49,continue,manual,899.00,0.00,true,true,,,,,'10711765,,,,,,,,,,,,,,,,,,,,,,,,,,,,,,,,,,,,,,,,,,,,,,,https://cdn.shopify.com/s/files/1/0618/2368/0740/files/23_e2701124-a96e-40bf-b603-a1fed60497ee.png?v=1717075803,kg,,,,,,
copy-of-panda-ride-on-bike-t-shirt-for-kids,,,,,,,,,11-12 YRS,,,Blue,,,,,'10711766,200.0,shopify,50,continue,manual,899.00,0.00,true,true,,,,,'10711766,,,,,,,,,,,,,,,,,,,,,,,,,,,,,,,,,,,,,,,,,,,,,,,https://cdn.shopify.com/s/files/1/0618/2368/0740/files/25_d0a49941-73e7-4386-80bb-d6d79d8411bc.png?v=1717078959,kg,,,,,,
copy-of-panda-ride-on-bike-t-shirt-for-kids,,,,,,,,,11-12 YRS,,,Grey,,,,,'10711767,200.0,shopify,50,continue,manual,899.00,0.00,true,true,,,,,'10711767,,,,,,,,,,,,,,,,,,,,,,,,,,,,,,,,,,,,,,,,,,,,,,,https://cdn.shopify.com/s/files/1/0618/2368/0740/files/18_7fedff69-7120-465f-b214-627b01bbe299.png?v=1717078959,kg,,,,,,
copy-of-panda-ride-on-bike-t-shirt-for-kids,,,,,,,,,11-12 YRS,,,White,,,,,'10711768,200.0,shopify,50,continue,manual,899.00,0.00,true,true,,,,,'10711768,,,,,,,,,,,,,,,,,,,,,,,,,,,,,,,,,,,,,,,,,,,,,,,https://cdn.shopify.com/s/files/1/0618/2368/0740/files/10_72cfd2a3-ae41-4641-98c4-86875430495a.png?v=1717078959,kg,,,,,,
copy-of-panda-ride-on-bike-t-shirt-for-kids,,,,,,,,,11-12 YRS,,,Black,,,,,'10711769,200.0,shopify,50,continue,manual,899.00,0.00,true,true,,,,,'10711769,,,,,,,,,,,,,,,,,,,,,,,,,,,,,,,,,,,,,,,,,,,,,,,https://cdn.shopify.com/s/files/1/0618/2368/0740/files/7_6f916496-47bd-4124-9b0b-bf773d065112.png?v=1717078959,kg,,,,,,
copy-of-panda-ride-on-bike-t-shirt-for-kids,,,,,,,,,11-12 YRS,,,Red,,,,,'10711770,200.0,shopify,50,continue,manual,899.00,0.00,true,true,,,,,'10711770,,,,,,,,,,,,,,,,,,,,,,,,,,,,,,,,,,,,,,,,,,,,,,,https://cdn.shopify.com/s/files/1/0618/2368/0740/files/16_0da26f27-e811-4809-a2d2-9b82ac90c400.png?v=1717078959,kg,,,,,,
copy-of-panda-ride-on-bike-t-shirt-for-kids,,,,,,,,,11-12 YRS,,,Yellow,,,,,'10711771,200.0,shopify,50,continue,manual,899.00,0.00,true,true,,,,,'10711771,,,,,,,,,,,,,,,,,,,,,,,,,,,,,,,,,,,,,,,,,,,,,,,https://cdn.shopify.com/s/files/1/0618/2368/0740/files/21_9c5fb195-faf9-4328-b998-e984a4a8b375.png?v=1717078959,kg,,,,,,
copy-of-panda-ride-on-bike-t-shirt-for-kids,,,,,,,,,11-12 YRS,,,Mahroon,,,,,'10711772,200.0,shopify,50,continue,manual,899.00,0.00,true,true,,,,,'10711772,,,,,,,,,,,,,,,,,,,,,,,,,,,,,,,,,,,,,,,,,,,,,,,https://cdn.shopify.com/s/files/1/0618/2368/0740/files/14_cafc4ec2-0caf-4ddf-bac8-0f789d6c03bf.png?v=1717078959,kg,,,,,,
copy-of-panda-ride-on-bike-t-shirt-for-kids,,,,,,,,,11-12 YRS,,,Pink,,,,,'10711773,200.0,shopify,50,continue,manual,899.00,0.00,true,true,,,,,'10711773,,,,,,,,,,,,,,,,,,,,,,,,,,,,,,,,,,,,,,,,,,,,,,,https://cdn.shopify.com/s/files/1/0618/2368/0740/files/19_38232022-60d9-4eec-88b9-4e345651f070.png?v=1717078959,kg,,,,,,
copy-of-panda-ride-on-bike-t-shirt-for-kids,,,,,,,,,13-14 YRS,,,Orange,,,,,'10711774,200.0,shopify,100,continue,manual,999.00,0.00,true,true,,,,,'10711774,,,,,,,,,,,,,,,,,,,,,,,,,,,,,,,,,,,,,,,,,,,,,,,https://cdn.shopify.com/s/files/1/0618/2368/0740/files/23_e2701124-a96e-40bf-b603-a1fed60497ee.png?v=1717075803,kg,,,,,,
copy-of-panda-ride-on-bike-t-shirt-for-kids,,,,,,,,,13-14 YRS,,,Blue,,,,,'10711775,200.0,shopify,100,continue,manual,999.00,0.00,true,true,,,,,'10711775,,,,,,,,,,,,,,,,,,,,,,,,,,,,,,,,,,,,,,,,,,,,,,,https://cdn.shopify.com/s/files/1/0618/2368/0740/files/25_d0a49941-73e7-4386-80bb-d6d79d8411bc.png?v=1717078959,kg,,,,,,
copy-of-panda-ride-on-bike-t-shirt-for-kids,,,,,,,,,13-14 YRS,,,Grey,,,,,'10711776,200.0,shopify,100,continue,manual,999.00,0.00,true,true,,,,,'10711776,,,,,,,,,,,,,,,,,,,,,,,,,,,,,,,,,,,,,,,,,,,,,,,https://cdn.shopify.com/s/files/1/0618/2368/0740/files/18_7fedff69-7120-465f-b214-627b01bbe299.png?v=1717078959,kg,,,,,,
copy-of-panda-ride-on-bike-t-shirt-for-kids,,,,,,,,,13-14 YRS,,,White,,,,,'10711777,200.0,shopify,100,continue,manual,999.00,0.00,true,true,,,,,'10711777,,,,,,,,,,,,,,,,,,,,,,,,,,,,,,,,,,,,,,,,,,,,,,,https://cdn.shopify.com/s/files/1/0618/2368/0740/files/10_72cfd2a3-ae41-4641-98c4-86875430495a.png?v=1717078959,kg,,,,,,
copy-of-panda-ride-on-bike-t-shirt-for-kids,,,,,,,,,13-14 YRS,,,Black,,,,,'10711778,200.0,shopify,100,continue,manual,999.00,0.00,true,true,,,,,'10711778,,,,,,,,,,,,,,,,,,,,,,,,,,,,,,,,,,,,,,,,,,,,,,,https://cdn.shopify.com/s/files/1/0618/2368/0740/files/7_6f916496-47bd-4124-9b0b-bf773d065112.png?v=1717078959,kg,,,,,,
copy-of-panda-ride-on-bike-t-shirt-for-kids,,,,,,,,,13-14 YRS,,,Red,,,,,'10711779,200.0,shopify,100,continue,manual,999.00,0.00,true,true,,,,,'10711779,,,,,,,,,,,,,,,,,,,,,,,,,,,,,,,,,,,,,,,,,,,,,,,https://cdn.shopify.com/s/files/1/0618/2368/0740/files/16_0da26f27-e811-4809-a2d2-9b82ac90c400.png?v=1717078959,kg,,,,,,
copy-of-panda-ride-on-bike-t-shirt-for-kids,,,,,,,,,13-14 YRS,,,Yellow,,,,,'10711780,200.0,shopify,100,continue,manual,999.00,0.00,true,true,,,,,'10711780,,,,,,,,,,,,,,,,,,,,,,,,,,,,,,,,,,,,,,,,,,,,,,,https://cdn.shopify.com/s/files/1/0618/2368/0740/files/21_9c5fb195-faf9-4328-b998-e984a4a8b375.png?v=1717078959,kg,,,,,,
copy-of-panda-ride-on-bike-t-shirt-for-kids,,,,,,,,,13-14 YRS,,,Mahroon,,,,,'10711781,200.0,shopify,100,continue,manual,999.00,0.00,true,true,,,,,'10711781,,,,,,,,,,,,,,,,,,,,,,,,,,,,,,,,,,,,,,,,,,,,,,,https://cdn.shopify.com/s/files/1/0618/2368/0740/files/14_cafc4ec2-0caf-4ddf-bac8-0f789d6c03bf.png?v=1717078959,kg,,,,,,
copy-of-panda-ride-on-bike-t-shirt-for-kids,,,,,,,,,13-14 YRS,,,Pink,,,,,'10706844,200.0,shopify,100,continue,manual,999.00,0.00,true,true,,,,,'10706844,,,,,,,,,,,,,,,,,,,,,,,,,,,,,,,,,,,,,,,,,,,,,,,https://cdn.shopify.com/s/files/1/0618/2368/0740/files/19_38232022-60d9-4eec-88b9-4e345651f070.png?v=1717078959,kg,,,,,,
copy-of-stay-true-t-shirt-for-kids,Super Mario T Shirt For Kids,"<div>Fabric: Soft High-Quality Jersey</div>
<div>Half Sleeve T-Shirt</div>
<div>Round Neck</div>
<div>High Quality DTF Printed (All Front Printed)</div>
<div>Soft and Comfortable Wear</div>
<div>Easy Wash &amp; Press</div>
<div>Sizes 1-14 years </div>
<div><span>Disclaimer: Colors may vary slightly due to studio lights. </span></div>",BBG FASHION CLOTHING STORE,Apparel & Accessories > Clothing > Clothing Tops > T-Shirts,kids T-Shirts,kids T-Shirts,false,Size,1-2 YRS,,Color,Orange,,,,,'10711658,200.0,shopify,49,continue,manual,799.00,0.00,true,true,,,,,'10711658,https://cdn.shopify.com/s/files/1/0618/2368/0740/files/14_23b01caf-6b1a-453e-b8ac-a0cf1a75e838.png?v=1717075781,1,Copy Of Stay True T Shirt For Kids - front view - kids wear Pakistan,false,,,212,,,,,,,,,,,,,,,,,,,,,,,,,,,,,,,,,,,,,,,,https://cdn.shopify.com/s/files/1/0618/2368/0740/files/26_95a8fca0-a1ae-4469-b2be-6f45554fbd95.png?v=1717079091,kg,,,true,,,draft
copy-of-stay-true-t-shirt-for-kids,,,,,,,,,1-2 YRS,,,Blue,,,,,'10711659,200.0,shopify,50,continue,manual,799.00,0.00,true,true,,,,,'10711659,https://cdn.shopify.com/s/files/1/0618/2368/0740/files/bbg_d1d933d2-5f31-45d8-8176-020754e9f684.png?v=1717078507,2,Summer Surf Shirt For Kids Copy - back view - kids wear Pakistan,,,,,,,,,,,,,,,,,,,,,,,,,,,,,,,,,,,,,,,,,,,,https://cdn.shopify.com/s/files/1/0618/2368/0740/files/28_c8a96279-c830-4dee-bee5-efe2f5fabb40.png?v=1717079091,kg,,,,,,
copy-of-stay-true-t-shirt-for-kids,,,,,,,,,1-2 YRS,,,Grey,,,,,'10711660,200.0,shopify,50,continue,manual,799.00,0.00,true,true,,,,,'10711660,https://cdn.shopify.com/s/files/1/0618/2368/0740/files/11_3222793a-86db-4c42-97ba-ef5f6504370b.png?v=1717079091,3,Copy Of Stay True T Shirt For Kids - side view - kids wear Pakistan,,,,,,,,,,,,,,,,,,,,,,,,,,,,,,,,,,,,,,,,,,,,https://cdn.shopify.com/s/files/1/0618/2368/0740/files/20_430d66c2-091f-42cd-b8eb-c863236ed168.png?v=1717079091,kg,,,,,,
copy-of-stay-true-t-shirt-for-kids,,,,,,,,,1-2 YRS,,,White,,,,,'10711661,200.0,shopify,50,continue,manual,799.00,0.00,true,true,,,,,'10711661,https://cdn.shopify.com/s/files/1/0618/2368/0740/files/13_2dbb0540-5d48-4e03-8d5c-b8acb4af9368.png?v=1717079091,4,Copy Of Stay True T Shirt For Kids - detail shot - kids wear Pakistan,,,,,,,,,,,,,,,,,,,,,,,,,,,,,,,,,,,,,,,,,,,,https://cdn.shopify.com/s/files/1/0618/2368/0740/files/13_2dbb0540-5d48-4e03-8d5c-b8acb4af9368.png?v=1717079091,kg,,,,,,
copy-of-stay-true-t-shirt-for-kids,,,,,,,,,1-2 YRS,,,Black,,,,,'10711662,200.0,shopify,50,continue,manual,799.00,0.00,true,true,,,,,'10711662,https://cdn.shopify.com/s/files/1/0618/2368/0740/files/17_ef25eb3e-0058-47bb-a5ba-70192dca2a7e.png?v=1717079091,5,Copy Of Stay True T Shirt For Kids - front view - kids wear Pakistan,,,,,,,,,,,,,,,,,,,,,,,,,,,,,,,,,,,,,,,,,,,,https://cdn.shopify.com/s/files/1/0618/2368/0740/files/11_3222793a-86db-4c42-97ba-ef5f6504370b.png?v=1717079091,kg,,,,,,
copy-of-stay-true-t-shirt-for-kids,,,,,,,,,1-2 YRS,,,Red,,,,,'10711663,200.0,shopify,49,continue,manual,799.00,0.00,true,true,,,,,'10711663,https://cdn.shopify.com/s/files/1/0618/2368/0740/files/19_da94daaa-c883-4f17-9ace-8ffeed9c9682.png?v=1717079091,6,Copy Of Stay True T Shirt For Kids - back view - kids wear Pakistan,,,,,,,,,,,,,,,,,,,,,,,,,,,,,,,,,,,,,,,,,,,,https://cdn.shopify.com/s/files/1/0618/2368/0740/files/19_da94daaa-c883-4f17-9ace-8ffeed9c9682.png?v=1717079091,kg,,,,,,
copy-of-stay-true-t-shirt-for-kids,,,,,,,,,1-2 YRS,,,Yellow,,,,,'10711664,200.0,shopify,50,continue,manual,799.00,0.00,true,true,,,,,'10711664,https://cdn.shopify.com/s/files/1/0618/2368/0740/files/20_430d66c2-091f-42cd-b8eb-c863236ed168.png?v=1717079091,7,Copy Of Stay True T Shirt For Kids - side view - kids wear Pakistan,,,,,,,,,,,,,,,,,,,,,,,,,,,,,,,,,,,,,,,,,,,,https://cdn.shopify.com/s/files/1/0618/2368/0740/files/23_e2509510-3c19-4da1-8f24-94ecc1d31828.png?v=1717079091,kg,,,,,,
copy-of-stay-true-t-shirt-for-kids,,,,,,,,,1-2 YRS,,,Mahroon,,,,,'10711665,200.0,shopify,50,continue,manual,799.00,0.00,true,true,,,,,'10711665,https://cdn.shopify.com/s/files/1/0618/2368/0740/files/21_e2f73c41-0fdc-4266-8323-9481d33733f5.png?v=1717079091,8,Copy Of Stay True T Shirt For Kids - detail shot - kids wear Pakistan,,,,,,,,,,,,,,,,,,,,,,,,,,,,,,,,,,,,,,,,,,,,https://cdn.shopify.com/s/files/1/0618/2368/0740/files/17_ef25eb3e-0058-47bb-a5ba-70192dca2a7e.png?v=1717079091,kg,,,,,,
copy-of-stay-true-t-shirt-for-kids,,,,,,,,,1-2 YRS,,,Pink,,,,,'10711666,200.0,shopify,50,continue,manual,799.00,0.00,true,true,,,,,'10711666,https://cdn.shopify.com/s/files/1/0618/2368/0740/files/23_e2509510-3c19-4da1-8f24-94ecc1d31828.png?v=1717079091,9,Copy Of Stay True T Shirt For Kids - front view - kids wear Pakistan,,,,,,,,,,,,,,,,,,,,,,,,,,,,,,,,,,,,,,,,,,,,https://cdn.shopify.com/s/files/1/0618/2368/0740/files/21_e2f73c41-0fdc-4266-8323-9481d33733f5.png?v=1717079091,kg,,,,,,
copy-of-stay-true-t-shirt-for-kids,,,,,,,,,3-4 YRS,,,Orange,,,,,'10711667,200.0,shopify,49,continue,manual,799.00,0.00,true,true,,,,,'10711667,https://cdn.shopify.com/s/files/1/0618/2368/0740/files/26_95a8fca0-a1ae-4469-b2be-6f45554fbd95.png?v=1717079091,10,Copy Of Stay True T Shirt For Kids - back view - kids wear Pakistan,,,,,,,,,,,,,,,,,,,,,,,,,,,,,,,,,,,,,,,,,,,,https://cdn.shopify.com/s/files/1/0618/2368/0740/files/26_95a8fca0-a1ae-4469-b2be-6f45554fbd95.png?v=1717079091,kg,,,,,,
copy-of-stay-true-t-shirt-for-kids,,,,,,,,,3-4 YRS,,,Blue,,,,,'10711668,200.0,shopify,50,continue,manual,799.00,0.00,true,true,,,,,'10711668,https://cdn.shopify.com/s/files/1/0618/2368/0740/files/28_c8a96279-c830-4dee-bee5-efe2f5fabb40.png?v=1717079091,11,Copy Of Stay True T Shirt For Kids - side view - kids wear Pakistan,,,,,,,,,,,,,,,,,,,,,,,,,,,,,,,,,,,,,,,,,,,,https://cdn.shopify.com/s/files/1/0618/2368/0740/files/28_c8a96279-c830-4dee-bee5-efe2f5fabb40.png?v=1717079091,kg,,,,,,
copy-of-stay-true-t-shirt-for-kids,,,,,,,,,3-4 YRS,,,Grey,,,,,'10711669,200.0,shopify,50,continue,manual,799.00,0.00,true,true,,,,,'10711669,https://cdn.shopify.com/s/files/1/0618/2368/0740/files/30_8e0ed561-50d3-4d07-a1f8-561ac07cade2.png?v=1717079091,12,Copy Of Stay True T Shirt For Kids - detail shot - kids wear Pakistan,,,,,,,,,,,,,,,,,,,,,,,,,,,,,,,,,,,,,,,,,,,,https://cdn.shopify.com/s/files/1/0618/2368/0740/files/20_430d66c2-091f-42cd-b8eb-c863236ed168.png?v=1717079091,kg,,,,,,
copy-of-stay-true-t-shirt-for-kids,,,,,,,,,3-4 YRS,,,White,,,,,'10711670,200.0,shopify,50,continue,manual,799.00,0.00,true,true,,,,,'10711670,,,,,,,,,,,,,,,,,,,,,,,,,,,,,,,,,,,,,,,,,,,,,,,https://cdn.shopify.com/s/files/1/0618/2368/0740/files/13_2dbb0540-5d48-4e03-8d5c-b8acb4af9368.png?v=1717079091,kg,,,,,,
copy-of-stay-true-t-shirt-for-kids,,,,,,,,,3-4 YRS,,,Black,,,,,'10711671,200.0,shopify,50,continue,manual,799.00,0.00,true,true,,,,,'10711671,,,,,,,,,,,,,,,,,,,,,,,,,,,,,,,,,,,,,,,,,,,,,,,https://cdn.shopify.com/s/files/1/0618/2368/0740/files/11_3222793a-86db-4c42-97ba-ef5f6504370b.png?v=1717079091,kg,,,,,,
copy-of-stay-true-t-shirt-for-kids,,,,,,,,,3-4 YRS,,,Red,,,,,'10711672,200.0,shopify,50,continue,manual,799.00,0.00,true,true,,,,,'10711672,,,,,,,,,,,,,,,,,,,,,,,,,,,,,,,,,,,,,,,,,,,,,,,https://cdn.shopify.com/s/files/1/0618/2368/0740/files/19_da94daaa-c883-4f17-9ace-8ffeed9c9682.png?v=1717079091,kg,,,,,,
copy-of-stay-true-t-shirt-for-kids,,,,,,,,,3-4 YRS,,,Yellow,,,,,'10711673,200.0,shopify,50,continue,manual,799.00,0.00,true,true,,,,,'10711673,,,,,,,,,,,,,,,,,,,,,,,,,,,,,,,,,,,,,,,,,,,,,,,https://cdn.shopify.com/s/files/1/0618/2368/0740/files/23_e2509510-3c19-4da1-8f24-94ecc1d31828.png?v=1717079091,kg,,,,,,
copy-of-stay-true-t-shirt-for-kids,,,,,,,,,3-4 YRS,,,Mahroon,,,,,'10711674,200.0,shopify,50,continue,manual,799.00,0.00,true,true,,,,,'10711674,,,,,,,,,,,,,,,,,,,,,,,,,,,,,,,,,,,,,,,,,,,,,,,https://cdn.shopify.com/s/files/1/0618/2368/0740/files/17_ef25eb3e-0058-47bb-a5ba-70192dca2a7e.png?v=1717079091,kg,,,,,,
copy-of-stay-true-t-shirt-for-kids,,,,,,,,,3-4 YRS,,,Pink,,,,,'10711675,200.0,shopify,50,continue,manual,799.00,0.00,true,true,,,,,'10711675,,,,,,,,,,,,,,,,,,,,,,,,,,,,,,,,,,,,,,,,,,,,,,,https://cdn.shopify.com/s/files/1/0618/2368/0740/files/21_e2f73c41-0fdc-4266-8323-9481d33733f5.png?v=1717079091,kg,,,,,,
copy-of-stay-true-t-shirt-for-kids,,,,,,,,,5-6 YRS,,,Orange,,,,,'10711676,200.0,shopify,48,continue,manual,799.00,0.00,true,true,,,,,'10711676,,,,,,,,,,,,,,,,,,,,,,,,,,,,,,,,,,,,,,,,,,,,,,,https://cdn.shopify.com/s/files/1/0618/2368/0740/files/26_95a8fca0-a1ae-4469-b2be-6f45554fbd95.png?v=1717079091,kg,,,,,,
copy-of-stay-true-t-shirt-for-kids,,,,,,,,,5-6 YRS,,,Blue,,,,,'10711677,200.0,shopify,49,continue,manual,799.00,0.00,true,true,,,,,'10711677,,,,,,,,,,,,,,,,,,,,,,,,,,,,,,,,,,,,,,,,,,,,,,,https://cdn.shopify.com/s/files/1/0618/2368/0740/files/28_c8a96279-c830-4dee-bee5-efe2f5fabb40.png?v=1717079091,kg,,,,,,
copy-of-stay-true-t-shirt-for-kids,,,,,,,,,5-6 YRS,,,Grey,,,,,'10711678,200.0,shopify,50,continue,manual,799.00,0.00,true,true,,,,,'10711678,,,,,,,,,,,,,,,,,,,,,,,,,,,,,,,,,,,,,,,,,,,,,,,https://cdn.shopify.com/s/files/1/0618/2368/0740/files/20_430d66c2-091f-42cd-b8eb-c863236ed168.png?v=1717079091,kg,,,,,,
copy-of-stay-true-t-shirt-for-kids,,,,,,,,,5-6 YRS,,,White,,,,,'10711679,200.0,shopify,50,continue,manual,799.00,0.00,true,true,,,,,'10711679,,,,,,,,,,,,,,,,,,,,,,,,,,,,,,,,,,,,,,,,,,,,,,,https://cdn.shopify.com/s/files/1/0618/2368/0740/files/13_2dbb0540-5d48-4e03-8d5c-b8acb4af9368.png?v=1717079091,kg,,,,,,
copy-of-stay-true-t-shirt-for-kids,,,,,,,,,5-6 YRS,,,Black,,,,,'10711680,200.0,shopify,50,continue,manual,799.00,0.00,true,true,,,,,'10711680,,,,,,,,,,,,,,,,,,,,,,,,,,,,,,,,,,,,,,,,,,,,,,,https://cdn.shopify.com/s/files/1/0618/2368/0740/files/11_3222793a-86db-4c42-97ba-ef5f6504370b.png?v=1717079091,kg,,,,,,
copy-of-stay-true-t-shirt-for-kids,,,,,,,,,5-6 YRS,,,Red,,,,,'10711681,200.0,shopify,50,continue,manual,799.00,0.00,true,true,,,,,'10711681,,,,,,,,,,,,,,,,,,,,,,,,,,,,,,,,,,,,,,,,,,,,,,,https://cdn.shopify.com/s/files/1/0618/2368/0740/files/19_da94daaa-c883-4f17-9ace-8ffeed9c9682.png?v=1717079091,kg,,,,,,
copy-of-stay-true-t-shirt-for-kids,,,,,,,,,5-6 YRS,,,Yellow,,,,,'10711682,200.0,shopify,50,continue,manual,799.00,0.00,true,true,,,,,'10711682,,,,,,,,,,,,,,,,,,,,,,,,,,,,,,,,,,,,,,,,,,,,,,,https://cdn.shopify.com/s/files/1/0618/2368/0740/files/23_e2509510-3c19-4da1-8f24-94ecc1d31828.png?v=1717079091,kg,,,,,,
copy-of-stay-true-t-shirt-for-kids,,,,,,,,,5-6 YRS,,,Mahroon,,,,,'10711683,200.0,shopify,50,continue,manual,799.00,0.00,true,true,,,,,'10711683,,,,,,,,,,,,,,,,,,,,,,,,,,,,,,,,,,,,,,,,,,,,,,,https://cdn.shopify.com/s/files/1/0618/2368/0740/files/17_ef25eb3e-0058-47bb-a5ba-70192dca2a7e.png?v=1717079091,kg,,,,,,
copy-of-stay-true-t-shirt-for-kids,,,,,,,,,5-6 YRS,,,Pink,,,,,'10711684,200.0,shopify,50,continue,manual,799.00,0.00,true,true,,,,,'10711684,,,,,,,,,,,,,,,,,,,,,,,,,,,,,,,,,,,,,,,,,,,,,,,https://cdn.shopify.com/s/files/1/0618/2368/0740/files/21_e2f73c41-0fdc-4266-8323-9481d33733f5.png?v=1717079091,kg,,,,,,
copy-of-stay-true-t-shirt-for-kids,,,,,,,,,7-8 YRS,,,Orange,,,,,'10711685,200.0,shopify,50,continue,manual,799.00,0.00,true,true,,,,,'10711685,,,,,,,,,,,,,,,,,,,,,,,,,,,,,,,,,,,,,,,,,,,,,,,https://cdn.shopify.com/s/files/1/0618/2368/0740/files/26_95a8fca0-a1ae-4469-b2be-6f45554fbd95.png?v=1717079091,kg,,,,,,
copy-of-stay-true-t-shirt-for-kids,,,,,,,,,7-8 YRS,,,Blue,,,,,'10711686,200.0,shopify,50,continue,manual,799.00,0.00,true,true,,,,,'10711686,,,,,,,,,,,,,,,,,,,,,,,,,,,,,,,,,,,,,,,,,,,,,,,https://cdn.shopify.com/s/files/1/0618/2368/0740/files/28_c8a96279-c830-4dee-bee5-efe2f5fabb40.png?v=1717079091,kg,,,,,,
copy-of-stay-true-t-shirt-for-kids,,,,,,,,,7-8 YRS,,,Grey,,,,,'10711687,200.0,shopify,50,continue,manual,799.00,0.00,true,true,,,,,'10711687,,,,,,,,,,,,,,,,,,,,,,,,,,,,,,,,,,,,,,,,,,,,,,,https://cdn.shopify.com/s/files/1/0618/2368/0740/files/20_430d66c2-091f-42cd-b8eb-c863236ed168.png?v=1717079091,kg,,,,,,
copy-of-stay-true-t-shirt-for-kids,,,,,,,,,7-8 YRS,,,White,,,,,'10711688,200.0,shopify,50,continue,manual,799.00,0.00,true,true,,,,,'10711688,,,,,,,,,,,,,,,,,,,,,,,,,,,,,,,,,,,,,,,,,,,,,,,https://cdn.shopify.com/s/files/1/0618/2368/0740/files/13_2dbb0540-5d48-4e03-8d5c-b8acb4af9368.png?v=1717079091,kg,,,,,,
copy-of-stay-true-t-shirt-for-kids,,,,,,,,,7-8 YRS,,,Black,,,,,'10711689,200.0,shopify,50,continue,manual,799.00,0.00,true,true,,,,,'10711689,,,,,,,,,,,,,,,,,,,,,,,,,,,,,,,,,,,,,,,,,,,,,,,https://cdn.shopify.com/s/files/1/0618/2368/0740/files/11_3222793a-86db-4c42-97ba-ef5f6504370b.png?v=1717079091,kg,,,,,,
copy-of-stay-true-t-shirt-for-kids,,,,,,,,,7-8 YRS,,,Red,,,,,'10711690,200.0,shopify,50,continue,manual,799.00,0.00,true,true,,,,,'10711690,,,,,,,,,,,,,,,,,,,,,,,,,,,,,,,,,,,,,,,,,,,,,,,https://cdn.shopify.com/s/files/1/0618/2368/0740/files/19_da94daaa-c883-4f17-9ace-8ffeed9c9682.png?v=1717079091,kg,,,,,,
copy-of-stay-true-t-shirt-for-kids,,,,,,,,,7-8 YRS,,,Yellow,,,,,'10711691,200.0,shopify,50,continue,manual,799.00,0.00,true,true,,,,,'10711691,,,,,,,,,,,,,,,,,,,,,,,,,,,,,,,,,,,,,,,,,,,,,,,https://cdn.shopify.com/s/files/1/0618/2368/0740/files/23_e2509510-3c19-4da1-8f24-94ecc1d31828.png?v=1717079091,kg,,,,,,
copy-of-stay-true-t-shirt-for-kids,,,,,,,,,7-8 YRS,,,Mahroon,,,,,'10711692,200.0,shopify,50,continue,manual,799.00,0.00,true,true,,,,,'10711692,,,,,,,,,,,,,,,,,,,,,,,,,,,,,,,,,,,,,,,,,,,,,,,https://cdn.shopify.com/s/files/1/0618/2368/0740/files/17_ef25eb3e-0058-47bb-a5ba-70192dca2a7e.png?v=1717079091,kg,,,,,,
copy-of-stay-true-t-shirt-for-kids,,,,,,,,,7-8 YRS,,,Pink,,,,,'10711693,200.0,shopify,50,continue,manual,799.00,0.00,true,true,,,,,'10711693,,,,,,,,,,,,,,,,,,,,,,,,,,,,,,,,,,,,,,,,,,,,,,,https://cdn.shopify.com/s/files/1/0618/2368/0740/files/21_e2f73c41-0fdc-4266-8323-9481d33733f5.png?v=1717079091,kg,,,,,,
copy-of-stay-true-t-shirt-for-kids,,,,,,,,,9-10 YRS,,,Orange,,,,,'10711694,200.0,shopify,50,continue,manual,899.00,0.00,true,true,,,,,'10711694,,,,,,,,,,,,,,,,,,,,,,,,,,,,,,,,,,,,,,,,,,,,,,,https://cdn.shopify.com/s/files/1/0618/2368/0740/files/26_95a8fca0-a1ae-4469-b2be-6f45554fbd95.png?v=1717079091,kg,,,,,,
copy-of-stay-true-t-shirt-for-kids,,,,,,,,,9-10 YRS,,,Blue,,,,,'10711695,200.0,shopify,50,continue,manual,899.00,0.00,true,true,,,,,'10711695,,,,,,,,,,,,,,,,,,,,,,,,,,,,,,,,,,,,,,,,,,,,,,,https://cdn.shopify.com/s/files/1/0618/2368/0740/files/28_c8a96279-c830-4dee-bee5-efe2f5fabb40.png?v=1717079091,kg,,,,,,
copy-of-stay-true-t-shirt-for-kids,,,,,,,,,9-10 YRS,,,Grey,,,,,'10711696,200.0,shopify,50,continue,manual,899.00,0.00,true,true,,,,,'10711696,,,,,,,,,,,,,,,,,,,,,,,,,,,,,,,,,,,,,,,,,,,,,,,https://cdn.shopify.com/s/files/1/0618/2368/0740/files/20_430d66c2-091f-42cd-b8eb-c863236ed168.png?v=1717079091,kg,,,,,,
copy-of-stay-true-t-shirt-for-kids,,,,,,,,,9-10 YRS,,,White,,,,,'10711697,200.0,shopify,50,continue,manual,899.00,0.00,true,true,,,,,'10711697,,,,,,,,,,,,,,,,,,,,,,,,,,,,,,,,,,,,,,,,,,,,,,,https://cdn.shopify.com/s/files/1/0618/2368/0740/files/13_2dbb0540-5d48-4e03-8d5c-b8acb4af9368.png?v=1717079091,kg,,,,,,
copy-of-stay-true-t-shirt-for-kids,,,,,,,,,9-10 YRS,,,Black,,,,,'10711698,200.0,shopify,50,continue,manual,899.00,0.00,true,true,,,,,'10711698,,,,,,,,,,,,,,,,,,,,,,,,,,,,,,,,,,,,,,,,,,,,,,,https://cdn.shopify.com/s/files/1/0618/2368/0740/files/11_3222793a-86db-4c42-97ba-ef5f6504370b.png?v=1717079091,kg,,,,,,
copy-of-stay-true-t-shirt-for-kids,,,,,,,,,9-10 YRS,,,Red,,,,,'10711699,200.0,shopify,50,continue,manual,899.00,0.00,true,true,,,,,'10711699,,,,,,,,,,,,,,,,,,,,,,,,,,,,,,,,,,,,,,,,,,,,,,,https://cdn.shopify.com/s/files/1/0618/2368/0740/files/19_da94daaa-c883-4f17-9ace-8ffeed9c9682.png?v=1717079091,kg,,,,,,
copy-of-stay-true-t-shirt-for-kids,,,,,,,,,9-10 YRS,,,Yellow,,,,,'10711700,200.0,shopify,50,continue,manual,899.00,0.00,true,true,,,,,'10711700,,,,,,,,,,,,,,,,,,,,,,,,,,,,,,,,,,,,,,,,,,,,,,,https://cdn.shopify.com/s/files/1/0618/2368/0740/files/23_e2509510-3c19-4da1-8f24-94ecc1d31828.png?v=1717079091,kg,,,,,,
copy-of-stay-true-t-shirt-for-kids,,,,,,,,,9-10 YRS,,,Mahroon,,,,,'10711701,200.0,shopify,50,continue,manual,899.00,0.00,true,true,,,,,'10711701,,,,,,,,,,,,,,,,,,,,,,,,,,,,,,,,,,,,,,,,,,,,,,,https://cdn.shopify.com/s/files/1/0618/2368/0740/files/17_ef25eb3e-0058-47bb-a5ba-70192dca2a7e.png?v=1717079091,kg,,,,,,
copy-of-stay-true-t-shirt-for-kids,,,,,,,,,9-10 YRS,,,Pink,,,,,'10711702,200.0,shopify,50,continue,manual,899.00,0.00,true,true,,,,,'10711702,,,,,,,,,,,,,,,,,,,,,,,,,,,,,,,,,,,,,,,,,,,,,,,https://cdn.shopify.com/s/files/1/0618/2368/0740/files/21_e2f73c41-0fdc-4266-8323-9481d33733f5.png?v=1717079091,kg,,,,,,
copy-of-stay-true-t-shirt-for-kids,,,,,,,,,11-12 YRS,,,Orange,,,,,'10711703,200.0,shopify,50,continue,manual,899.00,0.00,true,true,,,,,'10711703,,,,,,,,,,,,,,,,,,,,,,,,,,,,,,,,,,,,,,,,,,,,,,,https://cdn.shopify.com/s/files/1/0618/2368/0740/files/26_95a8fca0-a1ae-4469-b2be-6f45554fbd95.png?v=1717079091,kg,,,,,,
copy-of-stay-true-t-shirt-for-kids,,,,,,,,,11-12 YRS,,,Blue,,,,,'10711704,200.0,shopify,50,continue,manual,899.00,0.00,true,true,,,,,'10711704,,,,,,,,,,,,,,,,,,,,,,,,,,,,,,,,,,,,,,,,,,,,,,,https://cdn.shopify.com/s/files/1/0618/2368/0740/files/28_c8a96279-c830-4dee-bee5-efe2f5fabb40.png?v=1717079091,kg,,,,,,
copy-of-stay-true-t-shirt-for-kids,,,,,,,,,11-12 YRS,,,Grey,,,,,'10711705,200.0,shopify,50,continue,manual,899.00,0.00,true,true,,,,,'10711705,,,,,,,,,,,,,,,,,,,,,,,,,,,,,,,,,,,,,,,,,,,,,,,https://cdn.shopify.com/s/files/1/0618/2368/0740/files/20_430d66c2-091f-42cd-b8eb-c863236ed168.png?v=1717079091,kg,,,,,,
copy-of-stay-true-t-shirt-for-kids,,,,,,,,,11-12 YRS,,,White,,,,,'10711706,200.0,shopify,50,continue,manual,899.00,0.00,true,true,,,,,'10711706,,,,,,,,,,,,,,,,,,,,,,,,,,,,,,,,,,,,,,,,,,,,,,,https://cdn.shopify.com/s/files/1/0618/2368/0740/files/13_2dbb0540-5d48-4e03-8d5c-b8acb4af9368.png?v=1717079091,kg,,,,,,
copy-of-stay-true-t-shirt-for-kids,,,,,,,,,11-12 YRS,,,Black,,,,,'10711707,200.0,shopify,50,continue,manual,899.00,0.00,true,true,,,,,'10711707,,,,,,,,,,,,,,,,,,,,,,,,,,,,,,,,,,,,,,,,,,,,,,,https://cdn.shopify.com/s/files/1/0618/2368/0740/files/11_3222793a-86db-4c42-97ba-ef5f6504370b.png?v=1717079091,kg,,,,,,
copy-of-stay-true-t-shirt-for-kids,,,,,,,,,11-12 YRS,,,Red,,,,,'10711708,200.0,shopify,50,continue,manual,899.00,0.00,true,true,,,,,'10711708,,,,,,,,,,,,,,,,,,,,,,,,,,,,,,,,,,,,,,,,,,,,,,,https://cdn.shopify.com/s/files/1/0618/2368/0740/files/19_da94daaa-c883-4f17-9ace-8ffeed9c9682.png?v=1717079091,kg,,,,,,
copy-of-stay-true-t-shirt-for-kids,,,,,,,,,11-12 YRS,,,Yellow,,,,,'10711709,200.0,shopify,50,continue,manual,899.00,0.00,true,true,,,,,'10711709,,,,,,,,,,,,,,,,,,,,,,,,,,,,,,,,,,,,,,,,,,,,,,,https://cdn.shopify.com/s/files/1/0618/2368/0740/files/23_e2509510-3c19-4da1-8f24-94ecc1d31828.png?v=1717079091,kg,,,,,,
copy-of-stay-true-t-shirt-for-kids,,,,,,,,,11-12 YRS,,,Mahroon,,,,,'10711710,200.0,shopify,50,continue,manual,899.00,0.00,true,true,,,,,'10711710,,,,,,,,,,,,,,,,,,,,,,,,,,,,,,,,,,,,,,,,,,,,,,,https://cdn.shopify.com/s/files/1/0618/2368/0740/files/17_ef25eb3e-0058-47bb-a5ba-70192dca2a7e.png?v=1717079091,kg,,,,,,
copy-of-stay-true-t-shirt-for-kids,,,,,,,,,11-12 YRS,,,Pink,,,,,'10711711,200.0,shopify,50,continue,manual,899.00,0.00,true,true,,,,,'10711711,,,,,,,,,,,,,,,,,,,,,,,,,,,,,,,,,,,,,,,,,,,,,,,https://cdn.shopify.com/s/files/1/0618/2368/0740/files/21_e2f73c41-0fdc-4266-8323-9481d33733f5.png?v=1717079091,kg,,,,,,
copy-of-stay-true-t-shirt-for-kids,,,,,,,,,13-14 YRS,,,Orange,,,,,'10711712,200.0,shopify,100,continue,manual,999.00,0.00,true,true,,,,,'10711712,,,,,,,,,,,,,,,,,,,,,,,,,,,,,,,,,,,,,,,,,,,,,,,https://cdn.shopify.com/s/files/1/0618/2368/0740/files/26_95a8fca0-a1ae-4469-b2be-6f45554fbd95.png?v=1717079091,kg,,,,,,
copy-of-stay-true-t-shirt-for-kids,,,,,,,,,13-14 YRS,,,Blue,,,,,'10711713,200.0,shopify,100,continue,manual,999.00,0.00,true,true,,,,,'10711713,,,,,,,,,,,,,,,,,,,,,,,,,,,,,,,,,,,,,,,,,,,,,,,https://cdn.shopify.com/s/files/1/0618/2368/0740/files/28_c8a96279-c830-4dee-bee5-efe2f5fabb40.png?v=1717079091,kg,,,,,,
copy-of-stay-true-t-shirt-for-kids,,,,,,,,,13-14 YRS,,,Grey,,,,,'10711714,200.0,shopify,100,continue,manual,999.00,0.00,true,true,,,,,'10711714,,,,,,,,,,,,,,,,,,,,,,,,,,,,,,,,,,,,,,,,,,,,,,,https://cdn.shopify.com/s/files/1/0618/2368/0740/files/20_430d66c2-091f-42cd-b8eb-c863236ed168.png?v=1717079091,kg,,,,,,
copy-of-stay-true-t-shirt-for-kids,,,,,,,,,13-14 YRS,,,White,,,,,'10711715,200.0,shopify,100,continue,manual,999.00,0.00,true,true,,,,,'10711715,,,,,,,,,,,,,,,,,,,,,,,,,,,,,,,,,,,,,,,,,,,,,,,https://cdn.shopify.com/s/files/1/0618/2368/0740/files/13_2dbb0540-5d48-4e03-8d5c-b8acb4af9368.png?v=1717079091,kg,,,,,,
copy-of-stay-true-t-shirt-for-kids,,,,,,,,,13-14 YRS,,,Black,,,,,'10711716,200.0,shopify,100,continue,manual,999.00,0.00,true,true,,,,,'10711716,,,,,,,,,,,,,,,,,,,,,,,,,,,,,,,,,,,,,,,,,,,,,,,https://cdn.shopify.com/s/files/1/0618/2368/0740/files/11_3222793a-86db-4c42-97ba-ef5f6504370b.png?v=1717079091,kg,,,,,,
copy-of-stay-true-t-shirt-for-kids,,,,,,,,,13-14 YRS,,,Red,,,,,'10711717,200.0,shopify,100,continue,manual,999.00,0.00,true,true,,,,,'10711717,,,,,,,,,,,,,,,,,,,,,,,,,,,,,,,,,,,,,,,,,,,,,,,https://cdn.shopify.com/s/files/1/0618/2368/0740/files/19_da94daaa-c883-4f17-9ace-8ffeed9c9682.png?v=1717079091,kg,,,,,,
copy-of-stay-true-t-shirt-for-kids,,,,,,,,,13-14 YRS,,,Yellow,,,,,'10711718,200.0,shopify,100,continue,manual,999.00,0.00,true,true,,,,,'10711718,,,,,,,,,,,,,,,,,,,,,,,,,,,,,,,,,,,,,,,,,,,,,,,https://cdn.shopify.com/s/files/1/0618/2368/0740/files/23_e2509510-3c19-4da1-8f24-94ecc1d31828.png?v=1717079091,kg,,,,,,
copy-of-stay-true-t-shirt-for-kids,,,,,,,,,13-14 YRS,,,Mahroon,,,,,'10711719,200.0,shopify,100,continue,manual,999.00,0.00,true,true,,,,,'10711719,,,,,,,,,,,,,,,,,,,,,,,,,,,,,,,,,,,,,,,,,,,,,,,https://cdn.shopify.com/s/files/1/0618/2368/0740/files/17_ef25eb3e-0058-47bb-a5ba-70192dca2a7e.png?v=1717079091,kg,,,,,,
copy-of-stay-true-t-shirt-for-kids,,,,,,,,,13-14 YRS,,,Pink,,,,,'10706843,200.0,shopify,100,continue,manual,999.00,0.00,true,true,,,,,'10706843,,,,,,,,,,,,,,,,,,,,,,,,,,,,,,,,,,,,,,,,,,,,,,,https://cdn.shopify.com/s/files/1/0618/2368/0740/files/21_e2f73c41-0fdc-4266-8323-9481d33733f5.png?v=1717079091,kg,,,,,,
copy-of-super-mario-t-shirt-for-kids,Unicorn T Shirt For Kids,"<div>Fabric: Soft High-Quality Jersey</div>
<div>Half Sleeve T-Shirt</div>
<div>Round Neck</div>
<div>High Quality DTF Printed </div>
<div>Soft and Comfortable Wear</div>
<div>Easy Wash &amp; Press</div>
<div>Sizes 1-14 years </div>
<div><span>Disclaimer: Colors may vary slightly due to studio lights. </span></div>",BBG FASHION CLOTHING STORE,Apparel & Accessories > Clothing > Clothing Tops > T-Shirts,kids T-Shirts,kids T-Shirts,false,Size,1-2 YRS,,Color,Pink,,,,,'10711596,200.0,shopify,50,continue,manual,799.00,0.00,true,true,,,,,'10711596,https://cdn.shopify.com/s/files/1/0618/2368/0740/files/19_0662fafc-0e91-4c4e-869f-0edcc4913f3d.png?v=1717075760,1,Copy Of Super Mario T Shirt For Kids - front view - kids wear Pakistan,false,,,212,,,,,,,,,,,,,,,,,,,,,,,,,,,,,,,,,,,,,,,,https://cdn.shopify.com/s/files/1/0618/2368/0740/files/19_0662fafc-0e91-4c4e-869f-0edcc4913f3d.png?v=1717075760,kg,,,true,,,draft
copy-of-super-mario-t-shirt-for-kids,,,,,,,,,1-2 YRS,,,Orange,,,,,'10711597,200.0,shopify,50,continue,manual,799.00,0.00,true,true,,,,,'10711597,https://cdn.shopify.com/s/files/1/0618/2368/0740/files/bbg_d1d933d2-5f31-45d8-8176-020754e9f684.png?v=1717078507,2,Summer Surf Shirt For Kids Copy - back view - kids wear Pakistan,,,,,,,,,,,,,,,,,,,,,,,,,,,,,,,,,,,,,,,,,,,,https://cdn.shopify.com/s/files/1/0618/2368/0740/files/23_62403866-44bb-4d13-bc62-966dd68552fc.png?v=1717079135,kg,,,,,,
copy-of-super-mario-t-shirt-for-kids,,,,,,,,,1-2 YRS,,,Blue,,,,,'10711598,200.0,shopify,50,continue,manual,799.00,0.00,true,true,,,,,'10711598,https://cdn.shopify.com/s/files/1/0618/2368/0740/files/7_4fb93132-406c-44b1-9c6d-d4dca74cdeb2.png?v=1717079135,3,Copy Of Super Mario T Shirt For Kids - side view - kids wear Pakistan,,,,,,,,,,,,,,,,,,,,,,,,,,,,,,,,,,,,,,,,,,,,https://cdn.shopify.com/s/files/1/0618/2368/0740/files/26_2d9aa53b-4321-4b80-a1f5-91561019733e.png?v=1717079135,kg,,,,,,
copy-of-super-mario-t-shirt-for-kids,,,,,,,,,1-2 YRS,,,Grey,,,,,'10711599,200.0,shopify,50,continue,manual,799.00,0.00,true,true,,,,,'10711599,https://cdn.shopify.com/s/files/1/0618/2368/0740/files/10_68fddee5-47ba-4783-a35d-05233ca001b5.png?v=1717079135,4,Copy Of Super Mario T Shirt For Kids - detail shot - kids wear Pakistan,,,,,,,,,,,,,,,,,,,,,,,,,,,,,,,,,,,,,,,,,,,,https://cdn.shopify.com/s/files/1/0618/2368/0740/files/18_71153fb0-ff53-456b-b2ec-4cbc059fd59b.png?v=1717079135,kg,,,,,,
copy-of-super-mario-t-shirt-for-kids,,,,,,,,,1-2 YRS,,,White,,,,,'10711600,200.0,shopify,50,continue,manual,799.00,0.00,true,true,,,,,'10711600,https://cdn.shopify.com/s/files/1/0618/2368/0740/files/13_7c1096f2-e1d1-4af0-97f4-351739c7f666.png?v=1717079135,5,Copy Of Super Mario T Shirt For Kids - front view - kids wear Pakistan,,,,,,,,,,,,,,,,,,,,,,,,,,,,,,,,,,,,,,,,,,,,https://cdn.shopify.com/s/files/1/0618/2368/0740/files/10_68fddee5-47ba-4783-a35d-05233ca001b5.png?v=1717079135,kg,,,,,,
copy-of-super-mario-t-shirt-for-kids,,,,,,,,,1-2 YRS,,,Black,,,,,'10711601,200.0,shopify,50,continue,manual,799.00,0.00,true,true,,,,,'10711601,https://cdn.shopify.com/s/files/1/0618/2368/0740/files/14_4fb441af-2006-42ca-b851-03b0347e0d66.png?v=1717079135,6,Copy Of Super Mario T Shirt For Kids - back view - kids wear Pakistan,,,,,,,,,,,,,,,,,,,,,,,,,,,,,,,,,,,,,,,,,,,,https://cdn.shopify.com/s/files/1/0618/2368/0740/files/7_4fb93132-406c-44b1-9c6d-d4dca74cdeb2.png?v=1717079135,kg,,,,,,
copy-of-super-mario-t-shirt-for-kids,,,,,,,,,1-2 YRS,,,Red,,,,,'10711602,200.0,shopify,50,continue,manual,799.00,0.00,true,true,,,,,'10711602,https://cdn.shopify.com/s/files/1/0618/2368/0740/files/16_4d3a48c2-b1ac-45f6-9ec1-a8862ad51f6e.png?v=1717079135,7,Copy Of Super Mario T Shirt For Kids - side view - kids wear Pakistan,,,,,,,,,,,,,,,,,,,,,,,,,,,,,,,,,,,,,,,,,,,,https://cdn.shopify.com/s/files/1/0618/2368/0740/files/16_4d3a48c2-b1ac-45f6-9ec1-a8862ad51f6e.png?v=1717079135,kg,,,,,,
copy-of-super-mario-t-shirt-for-kids,,,,,,,,,1-2 YRS,,,Yellow,,,,,'10711603,200.0,shopify,50,continue,manual,799.00,0.00,true,true,,,,,'10711603,https://cdn.shopify.com/s/files/1/0618/2368/0740/files/18_71153fb0-ff53-456b-b2ec-4cbc059fd59b.png?v=1717079135,8,Copy Of Super Mario T Shirt For Kids - detail shot - kids wear Pakistan,,,,,,,,,,,,,,,,,,,,,,,,,,,,,,,,,,,,,,,,,,,,https://cdn.shopify.com/s/files/1/0618/2368/0740/files/22_27af05be-cf95-4446-a470-7a2deff65f71.png?v=1717079135,kg,,,,,,
copy-of-super-mario-t-shirt-for-kids,,,,,,,,,1-2 YRS,,,Mahroon,,,,,'10711604,200.0,shopify,50,continue,manual,799.00,0.00,true,true,,,,,'10711604,https://cdn.shopify.com/s/files/1/0618/2368/0740/files/22_27af05be-cf95-4446-a470-7a2deff65f71.png?v=1717079135,9,Copy Of Super Mario T Shirt For Kids - front view - kids wear Pakistan,,,,,,,,,,,,,,,,,,,,,,,,,,,,,,,,,,,,,,,,,,,,https://cdn.shopify.com/s/files/1/0618/2368/0740/files/14_4fb441af-2006-42ca-b851-03b0347e0d66.png?v=1717079135,kg,,,,,,
copy-of-super-mario-t-shirt-for-kids,,,,,,,,,3-4 YRS,,,Pink,,,,,'10711605,200.0,shopify,50,continue,manual,799.00,0.00,true,true,,,,,'10711605,https://cdn.shopify.com/s/files/1/0618/2368/0740/files/23_62403866-44bb-4d13-bc62-966dd68552fc.png?v=1717079135,10,Copy Of Super Mario T Shirt For Kids - back view - kids wear Pakistan,,,,,,,,,,,,,,,,,,,,,,,,,,,,,,,,,,,,,,,,,,,,https://cdn.shopify.com/s/files/1/0618/2368/0740/files/19_0662fafc-0e91-4c4e-869f-0edcc4913f3d.png?v=1717075760,kg,,,,,,
copy-of-super-mario-t-shirt-for-kids,,,,,,,,,3-4 YRS,,,Orange,,,,,'10711606,200.0,shopify,50,continue,manual,799.00,0.00,true,true,,,,,'10711606,https://cdn.shopify.com/s/files/1/0618/2368/0740/files/26_2d9aa53b-4321-4b80-a1f5-91561019733e.png?v=1717079135,11,Copy Of Super Mario T Shirt For Kids - side view - kids wear Pakistan,,,,,,,,,,,,,,,,,,,,,,,,,,,,,,,,,,,,,,,,,,,,https://cdn.shopify.com/s/files/1/0618/2368/0740/files/23_62403866-44bb-4d13-bc62-966dd68552fc.png?v=1717079135,kg,,,,,,
copy-of-super-mario-t-shirt-for-kids,,,,,,,,,3-4 YRS,,,Blue,,,,,'10711607,200.0,shopify,50,continue,manual,799.00,0.00,true,true,,,,,'10711607,https://cdn.shopify.com/s/files/1/0618/2368/0740/files/27_051f1b96-ffaa-45af-ba62-212e307e38b4.png?v=1717079135,12,Copy Of Super Mario T Shirt For Kids - detail shot - kids wear Pakistan,,,,,,,,,,,,,,,,,,,,,,,,,,,,,,,,,,,,,,,,,,,,https://cdn.shopify.com/s/files/1/0618/2368/0740/files/26_2d9aa53b-4321-4b80-a1f5-91561019733e.png?v=1717079135,kg,,,,,,
copy-of-super-mario-t-shirt-for-kids,,,,,,,,,3-4 YRS,,,Grey,,,,,'10711608,200.0,shopify,50,continue,manual,799.00,0.00,true,true,,,,,'10711608,,,,,,,,,,,,,,,,,,,,,,,,,,,,,,,,,,,,,,,,,,,,,,,https://cdn.shopify.com/s/files/1/0618/2368/0740/files/18_71153fb0-ff53-456b-b2ec-4cbc059fd59b.png?v=1717079135,kg,,,,,,
copy-of-super-mario-t-shirt-for-kids,,,,,,,,,3-4 YRS,,,White,,,,,'10711609,200.0,shopify,50,continue,manual,799.00,0.00,true,true,,,,,'10711609,,,,,,,,,,,,,,,,,,,,,,,,,,,,,,,,,,,,,,,,,,,,,,,https://cdn.shopify.com/s/files/1/0618/2368/0740/files/10_68fddee5-47ba-4783-a35d-05233ca001b5.png?v=1717079135,kg,,,,,,
copy-of-super-mario-t-shirt-for-kids,,,,,,,,,3-4 YRS,,,Black,,,,,'10711610,200.0,shopify,50,continue,manual,799.00,0.00,true,true,,,,,'10711610,,,,,,,,,,,,,,,,,,,,,,,,,,,,,,,,,,,,,,,,,,,,,,,https://cdn.shopify.com/s/files/1/0618/2368/0740/files/7_4fb93132-406c-44b1-9c6d-d4dca74cdeb2.png?v=1717079135,kg,,,,,,
copy-of-super-mario-t-shirt-for-kids,,,,,,,,,3-4 YRS,,,Red,,,,,'10711611,200.0,shopify,50,continue,manual,799.00,0.00,true,true,,,,,'10711611,,,,,,,,,,,,,,,,,,,,,,,,,,,,,,,,,,,,,,,,,,,,,,,https://cdn.shopify.com/s/files/1/0618/2368/0740/files/16_4d3a48c2-b1ac-45f6-9ec1-a8862ad51f6e.png?v=1717079135,kg,,,,,,
copy-of-super-mario-t-shirt-for-kids,,,,,,,,,3-4 YRS,,,Yellow,,,,,'10711612,200.0,shopify,50,continue,manual,799.00,0.00,true,true,,,,,'10711612,,,,,,,,,,,,,,,,,,,,,,,,,,,,,,,,,,,,,,,,,,,,,,,https://cdn.shopify.com/s/files/1/0618/2368/0740/files/22_27af05be-cf95-4446-a470-7a2deff65f71.png?v=1717079135,kg,,,,,,
copy-of-super-mario-t-shirt-for-kids,,,,,,,,,3-4 YRS,,,Mahroon,,,,,'10711613,200.0,shopify,50,continue,manual,799.00,0.00,true,true,,,,,'10711613,,,,,,,,,,,,,,,,,,,,,,,,,,,,,,,,,,,,,,,,,,,,,,,https://cdn.shopify.com/s/files/1/0618/2368/0740/files/14_4fb441af-2006-42ca-b851-03b0347e0d66.png?v=1717079135,kg,,,,,,
copy-of-super-mario-t-shirt-for-kids,,,,,,,,,5-6 YRS,,,Pink,,,,,'10711614,200.0,shopify,49,continue,manual,799.00,0.00,true,true,,,,,'10711614,,,,,,,,,,,,,,,,,,,,,,,,,,,,,,,,,,,,,,,,,,,,,,,https://cdn.shopify.com/s/files/1/0618/2368/0740/files/19_0662fafc-0e91-4c4e-869f-0edcc4913f3d.png?v=1717075760,kg,,,,,,
copy-of-super-mario-t-shirt-for-kids,,,,,,,,,5-6 YRS,,,Orange,,,,,'10711615,200.0,shopify,50,continue,manual,799.00,0.00,true,true,,,,,'10711615,,,,,,,,,,,,,,,,,,,,,,,,,,,,,,,,,,,,,,,,,,,,,,,https://cdn.shopify.com/s/files/1/0618/2368/0740/files/23_62403866-44bb-4d13-bc62-966dd68552fc.png?v=1717079135,kg,,,,,,
copy-of-super-mario-t-shirt-for-kids,,,,,,,,,5-6 YRS,,,Blue,,,,,'10711616,200.0,shopify,50,continue,manual,799.00,0.00,true,true,,,,,'10711616,,,,,,,,,,,,,,,,,,,,,,,,,,,,,,,,,,,,,,,,,,,,,,,https://cdn.shopify.com/s/files/1/0618/2368/0740/files/26_2d9aa53b-4321-4b80-a1f5-91561019733e.png?v=1717079135,kg,,,,,,
copy-of-super-mario-t-shirt-for-kids,,,,,,,,,5-6 YRS,,,Grey,,,,,'10711617,200.0,shopify,50,continue,manual,799.00,0.00,true,true,,,,,'10711617,,,,,,,,,,,,,,,,,,,,,,,,,,,,,,,,,,,,,,,,,,,,,,,https://cdn.shopify.com/s/files/1/0618/2368/0740/files/18_71153fb0-ff53-456b-b2ec-4cbc059fd59b.png?v=1717079135,kg,,,,,,
copy-of-super-mario-t-shirt-for-kids,,,,,,,,,5-6 YRS,,,White,,,,,'10711618,200.0,shopify,50,continue,manual,799.00,0.00,true,true,,,,,'10711618,,,,,,,,,,,,,,,,,,,,,,,,,,,,,,,,,,,,,,,,,,,,,,,https://cdn.shopify.com/s/files/1/0618/2368/0740/files/10_68fddee5-47ba-4783-a35d-05233ca001b5.png?v=1717079135,kg,,,,,,
copy-of-super-mario-t-shirt-for-kids,,,,,,,,,5-6 YRS,,,Black,,,,,'10711619,200.0,shopify,50,continue,manual,799.00,0.00,true,true,,,,,'10711619,,,,,,,,,,,,,,,,,,,,,,,,,,,,,,,,,,,,,,,,,,,,,,,https://cdn.shopify.com/s/files/1/0618/2368/0740/files/7_4fb93132-406c-44b1-9c6d-d4dca74cdeb2.png?v=1717079135,kg,,,,,,
copy-of-super-mario-t-shirt-for-kids,,,,,,,,,5-6 YRS,,,Red,,,,,'10711620,200.0,shopify,50,continue,manual,799.00,0.00,true,true,,,,,'10711620,,,,,,,,,,,,,,,,,,,,,,,,,,,,,,,,,,,,,,,,,,,,,,,https://cdn.shopify.com/s/files/1/0618/2368/0740/files/16_4d3a48c2-b1ac-45f6-9ec1-a8862ad51f6e.png?v=1717079135,kg,,,,,,
copy-of-super-mario-t-shirt-for-kids,,,,,,,,,5-6 YRS,,,Yellow,,,,,'10711621,200.0,shopify,50,continue,manual,799.00,0.00,true,true,,,,,'10711621,,,,,,,,,,,,,,,,,,,,,,,,,,,,,,,,,,,,,,,,,,,,,,,https://cdn.shopify.com/s/files/1/0618/2368/0740/files/22_27af05be-cf95-4446-a470-7a2deff65f71.png?v=1717079135,kg,,,,,,
copy-of-super-mario-t-shirt-for-kids,,,,,,,,,5-6 YRS,,,Mahroon,,,,,'10711622,200.0,shopify,50,continue,manual,799.00,0.00,true,true,,,,,'10711622,,,,,,,,,,,,,,,,,,,,,,,,,,,,,,,,,,,,,,,,,,,,,,,https://cdn.shopify.com/s/files/1/0618/2368/0740/files/14_4fb441af-2006-42ca-b851-03b0347e0d66.png?v=1717079135,kg,,,,,,
copy-of-super-mario-t-shirt-for-kids,,,,,,,,,7-8 YRS,,,Pink,,,,,'10711623,200.0,shopify,49,continue,manual,799.00,0.00,true,true,,,,,'10711623,,,,,,,,,,,,,,,,,,,,,,,,,,,,,,,,,,,,,,,,,,,,,,,https://cdn.shopify.com/s/files/1/0618/2368/0740/files/19_0662fafc-0e91-4c4e-869f-0edcc4913f3d.png?v=1717075760,kg,,,,,,
copy-of-super-mario-t-shirt-for-kids,,,,,,,,,7-8 YRS,,,Orange,,,,,'10711624,200.0,shopify,50,continue,manual,799.00,0.00,true,true,,,,,'10711624,,,,,,,,,,,,,,,,,,,,,,,,,,,,,,,,,,,,,,,,,,,,,,,https://cdn.shopify.com/s/files/1/0618/2368/0740/files/23_62403866-44bb-4d13-bc62-966dd68552fc.png?v=1717079135,kg,,,,,,
copy-of-super-mario-t-shirt-for-kids,,,,,,,,,7-8 YRS,,,Blue,,,,,'10711625,200.0,shopify,50,continue,manual,799.00,0.00,true,true,,,,,'10711625,,,,,,,,,,,,,,,,,,,,,,,,,,,,,,,,,,,,,,,,,,,,,,,https://cdn.shopify.com/s/files/1/0618/2368/0740/files/26_2d9aa53b-4321-4b80-a1f5-91561019733e.png?v=1717079135,kg,,,,,,
copy-of-super-mario-t-shirt-for-kids,,,,,,,,,7-8 YRS,,,Grey,,,,,'10711626,200.0,shopify,50,continue,manual,799.00,0.00,true,true,,,,,'10711626,,,,,,,,,,,,,,,,,,,,,,,,,,,,,,,,,,,,,,,,,,,,,,,https://cdn.shopify.com/s/files/1/0618/2368/0740/files/18_71153fb0-ff53-456b-b2ec-4cbc059fd59b.png?v=1717079135,kg,,,,,,
copy-of-super-mario-t-shirt-for-kids,,,,,,,,,7-8 YRS,,,White,,,,,'10711627,200.0,shopify,50,continue,manual,799.00,0.00,true,true,,,,,'10711627,,,,,,,,,,,,,,,,,,,,,,,,,,,,,,,,,,,,,,,,,,,,,,,https://cdn.shopify.com/s/files/1/0618/2368/0740/files/10_68fddee5-47ba-4783-a35d-05233ca001b5.png?v=1717079135,kg,,,,,,
copy-of-super-mario-t-shirt-for-kids,,,,,,,,,7-8 YRS,,,Black,,,,,'10711628,200.0,shopify,50,continue,manual,799.00,0.00,true,true,,,,,'10711628,,,,,,,,,,,,,,,,,,,,,,,,,,,,,,,,,,,,,,,,,,,,,,,https://cdn.shopify.com/s/files/1/0618/2368/0740/files/7_4fb93132-406c-44b1-9c6d-d4dca74cdeb2.png?v=1717079135,kg,,,,,,
copy-of-super-mario-t-shirt-for-kids,,,,,,,,,7-8 YRS,,,Red,,,,,'10711629,200.0,shopify,50,continue,manual,799.00,0.00,true,true,,,,,'10711629,,,,,,,,,,,,,,,,,,,,,,,,,,,,,,,,,,,,,,,,,,,,,,,https://cdn.shopify.com/s/files/1/0618/2368/0740/files/16_4d3a48c2-b1ac-45f6-9ec1-a8862ad51f6e.png?v=1717079135,kg,,,,,,
copy-of-super-mario-t-shirt-for-kids,,,,,,,,,7-8 YRS,,,Yellow,,,,,'10711630,200.0,shopify,50,continue,manual,799.00,0.00,true,true,,,,,'10711630,,,,,,,,,,,,,,,,,,,,,,,,,,,,,,,,,,,,,,,,,,,,,,,https://cdn.shopify.com/s/files/1/0618/2368/0740/files/22_27af05be-cf95-4446-a470-7a2deff65f71.png?v=1717079135,kg,,,,,,
copy-of-super-mario-t-shirt-for-kids,,,,,,,,,7-8 YRS,,,Mahroon,,,,,'10711631,200.0,shopify,50,continue,manual,799.00,0.00,true,true,,,,,'10711631,,,,,,,,,,,,,,,,,,,,,,,,,,,,,,,,,,,,,,,,,,,,,,,https://cdn.shopify.com/s/files/1/0618/2368/0740/files/14_4fb441af-2006-42ca-b851-03b0347e0d66.png?v=1717079135,kg,,,,,,
copy-of-super-mario-t-shirt-for-kids,,,,,,,,,9-10 YRS,,,Pink,,,,,'10711632,200.0,shopify,50,continue,manual,899.00,0.00,true,true,,,,,'10711632,,,,,,,,,,,,,,,,,,,,,,,,,,,,,,,,,,,,,,,,,,,,,,,https://cdn.shopify.com/s/files/1/0618/2368/0740/files/19_0662fafc-0e91-4c4e-869f-0edcc4913f3d.png?v=1717075760,kg,,,,,,
copy-of-super-mario-t-shirt-for-kids,,,,,,,,,9-10 YRS,,,Orange,,,,,'10711633,200.0,shopify,50,continue,manual,899.00,0.00,true,true,,,,,'10711633,,,,,,,,,,,,,,,,,,,,,,,,,,,,,,,,,,,,,,,,,,,,,,,https://cdn.shopify.com/s/files/1/0618/2368/0740/files/23_62403866-44bb-4d13-bc62-966dd68552fc.png?v=1717079135,kg,,,,,,
copy-of-super-mario-t-shirt-for-kids,,,,,,,,,9-10 YRS,,,Blue,,,,,'10711634,200.0,shopify,50,continue,manual,899.00,0.00,true,true,,,,,'10711634,,,,,,,,,,,,,,,,,,,,,,,,,,,,,,,,,,,,,,,,,,,,,,,https://cdn.shopify.com/s/files/1/0618/2368/0740/files/26_2d9aa53b-4321-4b80-a1f5-91561019733e.png?v=1717079135,kg,,,,,,
copy-of-super-mario-t-shirt-for-kids,,,,,,,,,9-10 YRS,,,Grey,,,,,'10711635,200.0,shopify,50,continue,manual,899.00,0.00,true,true,,,,,'10711635,,,,,,,,,,,,,,,,,,,,,,,,,,,,,,,,,,,,,,,,,,,,,,,https://cdn.shopify.com/s/files/1/0618/2368/0740/files/18_71153fb0-ff53-456b-b2ec-4cbc059fd59b.png?v=1717079135,kg,,,,,,
copy-of-super-mario-t-shirt-for-kids,,,,,,,,,9-10 YRS,,,White,,,,,'10711636,200.0,shopify,50,continue,manual,899.00,0.00,true,true,,,,,'10711636,,,,,,,,,,,,,,,,,,,,,,,,,,,,,,,,,,,,,,,,,,,,,,,https://cdn.shopify.com/s/files/1/0618/2368/0740/files/10_68fddee5-47ba-4783-a35d-05233ca001b5.png?v=1717079135,kg,,,,,,
copy-of-super-mario-t-shirt-for-kids,,,,,,,,,9-10 YRS,,,Black,,,,,'10711637,200.0,shopify,50,continue,manual,899.00,0.00,true,true,,,,,'10711637,,,,,,,,,,,,,,,,,,,,,,,,,,,,,,,,,,,,,,,,,,,,,,,https://cdn.shopify.com/s/files/1/0618/2368/0740/files/7_4fb93132-406c-44b1-9c6d-d4dca74cdeb2.png?v=1717079135,kg,,,,,,
copy-of-super-mario-t-shirt-for-kids,,,,,,,,,9-10 YRS,,,Red,,,,,'10711638,200.0,shopify,50,continue,manual,899.00,0.00,true,true,,,,,'10711638,,,,,,,,,,,,,,,,,,,,,,,,,,,,,,,,,,,,,,,,,,,,,,,https://cdn.shopify.com/s/files/1/0618/2368/0740/files/16_4d3a48c2-b1ac-45f6-9ec1-a8862ad51f6e.png?v=1717079135,kg,,,,,,
copy-of-super-mario-t-shirt-for-kids,,,,,,,,,9-10 YRS,,,Yellow,,,,,'10711639,200.0,shopify,50,continue,manual,899.00,0.00,true,true,,,,,'10711639,,,,,,,,,,,,,,,,,,,,,,,,,,,,,,,,,,,,,,,,,,,,,,,https://cdn.shopify.com/s/files/1/0618/2368/0740/files/22_27af05be-cf95-4446-a470-7a2deff65f71.png?v=1717079135,kg,,,,,,
copy-of-super-mario-t-shirt-for-kids,,,,,,,,,9-10 YRS,,,Mahroon,,,,,'10711640,200.0,shopify,50,continue,manual,899.00,0.00,true,true,,,,,'10711640,,,,,,,,,,,,,,,,,,,,,,,,,,,,,,,,,,,,,,,,,,,,,,,https://cdn.shopify.com/s/files/1/0618/2368/0740/files/14_4fb441af-2006-42ca-b851-03b0347e0d66.png?v=1717079135,kg,,,,,,
copy-of-super-mario-t-shirt-for-kids,,,,,,,,,11-12 YRS,,,Pink,,,,,'10711641,200.0,shopify,50,continue,manual,899.00,0.00,true,true,,,,,'10711641,,,,,,,,,,,,,,,,,,,,,,,,,,,,,,,,,,,,,,,,,,,,,,,https://cdn.shopify.com/s/files/1/0618/2368/0740/files/19_0662fafc-0e91-4c4e-869f-0edcc4913f3d.png?v=1717075760,kg,,,,,,
copy-of-super-mario-t-shirt-for-kids,,,,,,,,,11-12 YRS,,,Orange,,,,,'10711642,200.0,shopify,50,continue,manual,899.00,0.00,true,true,,,,,'10711642,,,,,,,,,,,,,,,,,,,,,,,,,,,,,,,,,,,,,,,,,,,,,,,https://cdn.shopify.com/s/files/1/0618/2368/0740/files/23_62403866-44bb-4d13-bc62-966dd68552fc.png?v=1717079135,kg,,,,,,
copy-of-super-mario-t-shirt-for-kids,,,,,,,,,11-12 YRS,,,Blue,,,,,'10711643,200.0,shopify,50,continue,manual,899.00,0.00,true,true,,,,,'10711643,,,,,,,,,,,,,,,,,,,,,,,,,,,,,,,,,,,,,,,,,,,,,,,https://cdn.shopify.com/s/files/1/0618/2368/0740/files/26_2d9aa53b-4321-4b80-a1f5-91561019733e.png?v=1717079135,kg,,,,,,
copy-of-super-mario-t-shirt-for-kids,,,,,,,,,11-12 YRS,,,Grey,,,,,'10711644,200.0,shopify,50,continue,manual,899.00,0.00,true,true,,,,,'10711644,,,,,,,,,,,,,,,,,,,,,,,,,,,,,,,,,,,,,,,,,,,,,,,https://cdn.shopify.com/s/files/1/0618/2368/0740/files/18_71153fb0-ff53-456b-b2ec-4cbc059fd59b.png?v=1717079135,kg,,,,,,
copy-of-super-mario-t-shirt-for-kids,,,,,,,,,11-12 YRS,,,White,,,,,'10711645,200.0,shopify,50,continue,manual,899.00,0.00,true,true,,,,,'10711645,,,,,,,,,,,,,,,,,,,,,,,,,,,,,,,,,,,,,,,,,,,,,,,https://cdn.shopify.com/s/files/1/0618/2368/0740/files/10_68fddee5-47ba-4783-a35d-05233ca001b5.png?v=1717079135,kg,,,,,,
copy-of-super-mario-t-shirt-for-kids,,,,,,,,,11-12 YRS,,,Black,,,,,'10711646,200.0,shopify,50,continue,manual,899.00,0.00,true,true,,,,,'10711646,,,,,,,,,,,,,,,,,,,,,,,,,,,,,,,,,,,,,,,,,,,,,,,https://cdn.shopify.com/s/files/1/0618/2368/0740/files/7_4fb93132-406c-44b1-9c6d-d4dca74cdeb2.png?v=1717079135,kg,,,,,,
copy-of-super-mario-t-shirt-for-kids,,,,,,,,,11-12 YRS,,,Red,,,,,'10711647,200.0,shopify,50,continue,manual,899.00,0.00,true,true,,,,,'10711647,,,,,,,,,,,,,,,,,,,,,,,,,,,,,,,,,,,,,,,,,,,,,,,https://cdn.shopify.com/s/files/1/0618/2368/0740/files/16_4d3a48c2-b1ac-45f6-9ec1-a8862ad51f6e.png?v=1717079135,kg,,,,,,
copy-of-super-mario-t-shirt-for-kids,,,,,,,,,11-12 YRS,,,Yellow,,,,,'10711648,200.0,shopify,50,continue,manual,899.00,0.00,true,true,,,,,'10711648,,,,,,,,,,,,,,,,,,,,,,,,,,,,,,,,,,,,,,,,,,,,,,,https://cdn.shopify.com/s/files/1/0618/2368/0740/files/22_27af05be-cf95-4446-a470-7a2deff65f71.png?v=1717079135,kg,,,,,,
copy-of-super-mario-t-shirt-for-kids,,,,,,,,,11-12 YRS,,,Mahroon,,,,,'10711649,200.0,shopify,50,continue,manual,899.00,0.00,true,true,,,,,'10711649,,,,,,,,,,,,,,,,,,,,,,,,,,,,,,,,,,,,,,,,,,,,,,,https://cdn.shopify.com/s/files/1/0618/2368/0740/files/14_4fb441af-2006-42ca-b851-03b0347e0d66.png?v=1717079135,kg,,,,,,
copy-of-super-mario-t-shirt-for-kids,,,,,,,,,13-14 YRS,,,Pink,,,,,'10711650,200.0,shopify,100,continue,manual,999.00,0.00,true,true,,,,,'10711650,,,,,,,,,,,,,,,,,,,,,,,,,,,,,,,,,,,,,,,,,,,,,,,https://cdn.shopify.com/s/files/1/0618/2368/0740/files/19_0662fafc-0e91-4c4e-869f-0edcc4913f3d.png?v=1717075760,kg,,,,,,
copy-of-super-mario-t-shirt-for-kids,,,,,,,,,13-14 YRS,,,Orange,,,,,'10711651,200.0,shopify,100,continue,manual,999.00,0.00,true,true,,,,,'10711651,,,,,,,,,,,,,,,,,,,,,,,,,,,,,,,,,,,,,,,,,,,,,,,https://cdn.shopify.com/s/files/1/0618/2368/0740/files/23_62403866-44bb-4d13-bc62-966dd68552fc.png?v=1717079135,kg,,,,,,
copy-of-super-mario-t-shirt-for-kids,,,,,,,,,13-14 YRS,,,Blue,,,,,'10711652,200.0,shopify,100,continue,manual,999.00,0.00,true,true,,,,,'10711652,,,,,,,,,,,,,,,,,,,,,,,,,,,,,,,,,,,,,,,,,,,,,,,https://cdn.shopify.com/s/files/1/0618/2368/0740/files/26_2d9aa53b-4321-4b80-a1f5-91561019733e.png?v=1717079135,kg,,,,,,
copy-of-super-mario-t-shirt-for-kids,,,,,,,,,13-14 YRS,,,Grey,,,,,'10711653,200.0,shopify,100,continue,manual,999.00,0.00,true,true,,,,,'10711653,,,,,,,,,,,,,,,,,,,,,,,,,,,,,,,,,,,,,,,,,,,,,,,https://cdn.shopify.com/s/files/1/0618/2368/0740/files/18_71153fb0-ff53-456b-b2ec-4cbc059fd59b.png?v=1717079135,kg,,,,,,
copy-of-super-mario-t-shirt-for-kids,,,,,,,,,13-14 YRS,,,White,,,,,'10711654,200.0,shopify,100,continue,manual,999.00,0.00,true,true,,,,,'10711654,,,,,,,,,,,,,,,,,,,,,,,,,,,,,,,,,,,,,,,,,,,,,,,https://cdn.shopify.com/s/files/1/0618/2368/0740/files/10_68fddee5-47ba-4783-a35d-05233ca001b5.png?v=1717079135,kg,,,,,,
copy-of-super-mario-t-shirt-for-kids,,,,,,,,,13-14 YRS,,,Black,,,,,'10711655,200.0,shopify,100,continue,manual,999.00,0.00,true,true,,,,,'10711655,,,,,,,,,,,,,,,,,,,,,,,,,,,,,,,,,,,,,,,,,,,,,,,https://cdn.shopify.com/s/files/1/0618/2368/0740/files/7_4fb93132-406c-44b1-9c6d-d4dca74cdeb2.png?v=1717079135,kg,,,,,,
copy-of-super-mario-t-shirt-for-kids,,,,,,,,,13-14 YRS,,,Red,,,,,'10711656,200.0,shopify,100,continue,manual,999.00,0.00,true,true,,,,,'10711656,,,,,,,,,,,,,,,,,,,,,,,,,,,,,,,,,,,,,,,,,,,,,,,https://cdn.shopify.com/s/files/1/0618/2368/0740/files/16_4d3a48c2-b1ac-45f6-9ec1-a8862ad51f6e.png?v=1717079135,kg,,,,,,
copy-of-super-mario-t-shirt-for-kids,,,,,,,,,13-14 YRS,,,Yellow,,,,,'10711657,200.0,shopify,100,continue,manual,999.00,0.00,true,true,,,,,'10711657,,,,,,,,,,,,,,,,,,,,,,,,,,,,,,,,,,,,,,,,,,,,,,,https://cdn.shopify.com/s/files/1/0618/2368/0740/files/22_27af05be-cf95-4446-a470-7a2deff65f71.png?v=1717079135,kg,,,,,,
copy-of-super-mario-t-shirt-for-kids,,,,,,,,,13-14 YRS,,,Mahroon,,,,,'10706842,200.0,shopify,100,continue,manual,999.00,0.00,true,true,,,,,'10706842,,,,,,,,,,,,,,,,,,,,,,,,,,,,,,,,,,,,,,,,,,,,,,,https://cdn.shopify.com/s/files/1/0618/2368/0740/files/14_4fb441af-2006-42ca-b851-03b0347e0d66.png?v=1717079135,kg,,,,,,
copy-of-unicorn-t-shirt-for-kids,Kitty Love T Shirt For Kids,"<div>Fabric: Soft High-Quality Jersey</div>
<div>Half Sleeve T-Shirt</div>
<div>Round Neck</div>
<div>High Quality DTF Printed </div>
<div>Soft and Comfortable Wear</div>
<div>Easy Wash &amp; Press</div>
<div>Sizes 1-12 years </div>
<div><span>Disclaimer: Colors may vary slightly due to studio lights. </span></div>",BBG FASHION CLOTHING STORE,Apparel & Accessories > Clothing > Clothing Tops > T-Shirts,kids T-Shirts,kids T-Shirts,false,Size,1-2 YRS,,Color,Pink,,,,,'10711534,200.0,shopify,50,continue,manual,799.00,0.00,true,true,,,,,'10711534,https://cdn.shopify.com/s/files/1/0618/2368/0740/files/21_5cf2a0f9-f757-4b59-82fa-6312e73a1f05.png?v=1717075740,1,Copy Of Unicorn T Shirt For Kids - front view - kids wear Pakistan,false,,,212,,,,,,,,,,,,,,,,,,,,,,,,,,,,,,,,,,,,,,,,https://cdn.shopify.com/s/files/1/0618/2368/0740/files/21_5cf2a0f9-f757-4b59-82fa-6312e73a1f05.png?v=1717075740,kg,,,true,,,draft
copy-of-unicorn-t-shirt-for-kids,,,,,,,,,1-2 YRS,,,Orange,,,,,'10711535,200.0,shopify,50,continue,manual,799.00,0.00,true,true,,,,,'10711535,https://cdn.shopify.com/s/files/1/0618/2368/0740/files/bbg_d1d933d2-5f31-45d8-8176-020754e9f684.png?v=1717078507,2,Summer Surf Shirt For Kids Copy - back view - kids wear Pakistan,,,,,,,,,,,,,,,,,,,,,,,,,,,,,,,,,,,,,,,,,,,,https://cdn.shopify.com/s/files/1/0618/2368/0740/files/25_62ddbdde-3084-4663-978c-3050c1b51d58.png?v=1717078694,kg,,,,,,
copy-of-unicorn-t-shirt-for-kids,,,,,,,,,1-2 YRS,,,Blue,,,,,'10711536,200.0,shopify,50,continue,manual,799.00,0.00,true,true,,,,,'10711536,https://cdn.shopify.com/s/files/1/0618/2368/0740/files/12_021d6c77-d5b6-47f0-90a3-2edf8ccdf559.png?v=1717078694,3,Copy Of Unicorn T Shirt For Kids - side view - kids wear Pakistan,,,,,,,,,,,,,,,,,,,,,,,,,,,,,,,,,,,,,,,,,,,,https://cdn.shopify.com/s/files/1/0618/2368/0740/files/28_9822821c-26a2-4d36-bc48-531885cf3dfb.png?v=1717078694,kg,,,,,,
copy-of-unicorn-t-shirt-for-kids,,,,,,,,,1-2 YRS,,,Grey,,,,,'10711537,200.0,shopify,50,continue,manual,799.00,0.00,true,true,,,,,'10711537,https://cdn.shopify.com/s/files/1/0618/2368/0740/files/16_049ca992-2a18-450f-a772-3f0ad9d1d9f9.png?v=1717078694,4,Copy Of Unicorn T Shirt For Kids - detail shot - kids wear Pakistan,,,,,,,,,,,,,,,,,,,,,,,,,,,,,,,,,,,,,,,,,,,,https://cdn.shopify.com/s/files/1/0618/2368/0740/files/20_570b8729-10e0-4420-838f-648120e4d72f.png?v=1717078694,kg,,,,,,
copy-of-unicorn-t-shirt-for-kids,,,,,,,,,1-2 YRS,,,White,,,,,'10711538,200.0,shopify,50,continue,manual,799.00,0.00,true,true,,,,,'10711538,https://cdn.shopify.com/s/files/1/0618/2368/0740/files/9_235b0fef-1b1e-4a81-8f25-88d0ed34e05a.png?v=1717078694,5,Copy Of Unicorn T Shirt For Kids - front view - kids wear Pakistan,,,,,,,,,,,,,,,,,,,,,,,,,,,,,,,,,,,,,,,,,,,,https://cdn.shopify.com/s/files/1/0618/2368/0740/files/12_021d6c77-d5b6-47f0-90a3-2edf8ccdf559.png?v=1717078694,kg,,,,,,
copy-of-unicorn-t-shirt-for-kids,,,,,,,,,1-2 YRS,,,Black,,,,,'10711539,200.0,shopify,50,continue,manual,799.00,0.00,true,true,,,,,'10711539,https://cdn.shopify.com/s/files/1/0618/2368/0740/files/15_fd1a4c29-79b5-464f-b78c-3d2952fc0786.png?v=1717078694,6,Copy Of Unicorn T Shirt For Kids - back view - kids wear Pakistan,,,,,,,,,,,,,,,,,,,,,,,,,,,,,,,,,,,,,,,,,,,,https://cdn.shopify.com/s/files/1/0618/2368/0740/files/9_235b0fef-1b1e-4a81-8f25-88d0ed34e05a.png?v=1717078694,kg,,,,,,
copy-of-unicorn-t-shirt-for-kids,,,,,,,,,1-2 YRS,,,Red,,,,,'10711540,200.0,shopify,50,continue,manual,799.00,0.00,true,true,,,,,'10711540,https://cdn.shopify.com/s/files/1/0618/2368/0740/files/18_dff7a5c3-7bee-46bb-a909-cc35a79325ae.png?v=1717078694,7,Copy Of Unicorn T Shirt For Kids - side view - kids wear Pakistan,,,,,,,,,,,,,,,,,,,,,,,,,,,,,,,,,,,,,,,,,,,,https://cdn.shopify.com/s/files/1/0618/2368/0740/files/18_dff7a5c3-7bee-46bb-a909-cc35a79325ae.png?v=1717078694,kg,,,,,,
copy-of-unicorn-t-shirt-for-kids,,,,,,,,,1-2 YRS,,,Yellow,,,,,'10711541,200.0,shopify,50,continue,manual,799.00,0.00,true,true,,,,,'10711541,https://cdn.shopify.com/s/files/1/0618/2368/0740/files/20_570b8729-10e0-4420-838f-648120e4d72f.png?v=1717078694,8,Copy Of Unicorn T Shirt For Kids - detail shot - kids wear Pakistan,,,,,,,,,,,,,,,,,,,,,,,,,,,,,,,,,,,,,,,,,,,,https://cdn.shopify.com/s/files/1/0618/2368/0740/files/24_4144a577-b7b4-4e12-8061-4a38e1f25568.png?v=1717078694,kg,,,,,,
copy-of-unicorn-t-shirt-for-kids,,,,,,,,,1-2 YRS,,,Mahroon,,,,,'10711542,200.0,shopify,50,continue,manual,799.00,0.00,true,true,,,,,'10711542,https://cdn.shopify.com/s/files/1/0618/2368/0740/files/24_4144a577-b7b4-4e12-8061-4a38e1f25568.png?v=1717078694,9,Copy Of Unicorn T Shirt For Kids - front view - kids wear Pakistan,,,,,,,,,,,,,,,,,,,,,,,,,,,,,,,,,,,,,,,,,,,,https://cdn.shopify.com/s/files/1/0618/2368/0740/files/16_049ca992-2a18-450f-a772-3f0ad9d1d9f9.png?v=1717078694,kg,,,,,,
copy-of-unicorn-t-shirt-for-kids,,,,,,,,,3-4 YRS,,,Pink,,,,,'10711543,200.0,shopify,50,continue,manual,799.00,0.00,true,true,,,,,'10711543,https://cdn.shopify.com/s/files/1/0618/2368/0740/files/25_62ddbdde-3084-4663-978c-3050c1b51d58.png?v=1717078694,10,Copy Of Unicorn T Shirt For Kids - back view - kids wear Pakistan,,,,,,,,,,,,,,,,,,,,,,,,,,,,,,,,,,,,,,,,,,,,https://cdn.shopify.com/s/files/1/0618/2368/0740/files/21_5cf2a0f9-f757-4b59-82fa-6312e73a1f05.png?v=1717075740,kg,,,,,,
copy-of-unicorn-t-shirt-for-kids,,,,,,,,,3-4 YRS,,,Orange,,,,,'10711544,200.0,shopify,50,continue,manual,799.00,0.00,true,true,,,,,'10711544,https://cdn.shopify.com/s/files/1/0618/2368/0740/files/28_9822821c-26a2-4d36-bc48-531885cf3dfb.png?v=1717078694,11,Copy Of Unicorn T Shirt For Kids - side view - kids wear Pakistan,,,,,,,,,,,,,,,,,,,,,,,,,,,,,,,,,,,,,,,,,,,,https://cdn.shopify.com/s/files/1/0618/2368/0740/files/25_62ddbdde-3084-4663-978c-3050c1b51d58.png?v=1717078694,kg,,,,,,
copy-of-unicorn-t-shirt-for-kids,,,,,,,,,3-4 YRS,,,Blue,,,,,'10711545,200.0,shopify,50,continue,manual,799.00,0.00,true,true,,,,,'10711545,,,,,,,,,,,,,,,,,,,,,,,,,,,,,,,,,,,,,,,,,,,,,,,https://cdn.shopify.com/s/files/1/0618/2368/0740/files/28_9822821c-26a2-4d36-bc48-531885cf3dfb.png?v=1717078694,kg,,,,,,
copy-of-unicorn-t-shirt-for-kids,,,,,,,,,3-4 YRS,,,Grey,,,,,'10711546,200.0,shopify,50,continue,manual,799.00,0.00,true,true,,,,,'10711546,,,,,,,,,,,,,,,,,,,,,,,,,,,,,,,,,,,,,,,,,,,,,,,https://cdn.shopify.com/s/files/1/0618/2368/0740/files/20_570b8729-10e0-4420-838f-648120e4d72f.png?v=1717078694,kg,,,,,,
copy-of-unicorn-t-shirt-for-kids,,,,,,,,,3-4 YRS,,,White,,,,,'10711547,200.0,shopify,50,continue,manual,799.00,0.00,true,true,,,,,'10711547,,,,,,,,,,,,,,,,,,,,,,,,,,,,,,,,,,,,,,,,,,,,,,,https://cdn.shopify.com/s/files/1/0618/2368/0740/files/12_021d6c77-d5b6-47f0-90a3-2edf8ccdf559.png?v=1717078694,kg,,,,,,
copy-of-unicorn-t-shirt-for-kids,,,,,,,,,3-4 YRS,,,Black,,,,,'10711548,200.0,shopify,50,continue,manual,799.00,0.00,true,true,,,,,'10711548,,,,,,,,,,,,,,,,,,,,,,,,,,,,,,,,,,,,,,,,,,,,,,,https://cdn.shopify.com/s/files/1/0618/2368/0740/files/9_235b0fef-1b1e-4a81-8f25-88d0ed34e05a.png?v=1717078694,kg,,,,,,
copy-of-unicorn-t-shirt-for-kids,,,,,,,,,3-4 YRS,,,Red,,,,,'10711549,200.0,shopify,50,continue,manual,799.00,0.00,true,true,,,,,'10711549,,,,,,,,,,,,,,,,,,,,,,,,,,,,,,,,,,,,,,,,,,,,,,,https://cdn.shopify.com/s/files/1/0618/2368/0740/files/18_dff7a5c3-7bee-46bb-a909-cc35a79325ae.png?v=1717078694,kg,,,,,,
copy-of-unicorn-t-shirt-for-kids,,,,,,,,,3-4 YRS,,,Yellow,,,,,'10711550,200.0,shopify,50,continue,manual,799.00,0.00,true,true,,,,,'10711550,,,,,,,,,,,,,,,,,,,,,,,,,,,,,,,,,,,,,,,,,,,,,,,https://cdn.shopify.com/s/files/1/0618/2368/0740/files/24_4144a577-b7b4-4e12-8061-4a38e1f25568.png?v=1717078694,kg,,,,,,
copy-of-unicorn-t-shirt-for-kids,,,,,,,,,3-4 YRS,,,Mahroon,,,,,'10711551,200.0,shopify,50,continue,manual,799.00,0.00,true,true,,,,,'10711551,,,,,,,,,,,,,,,,,,,,,,,,,,,,,,,,,,,,,,,,,,,,,,,https://cdn.shopify.com/s/files/1/0618/2368/0740/files/16_049ca992-2a18-450f-a772-3f0ad9d1d9f9.png?v=1717078694,kg,,,,,,
copy-of-unicorn-t-shirt-for-kids,,,,,,,,,5-6 YRS,,,Pink,,,,,'10711552,200.0,shopify,49,continue,manual,799.00,0.00,true,true,,,,,'10711552,,,,,,,,,,,,,,,,,,,,,,,,,,,,,,,,,,,,,,,,,,,,,,,https://cdn.shopify.com/s/files/1/0618/2368/0740/files/21_5cf2a0f9-f757-4b59-82fa-6312e73a1f05.png?v=1717075740,kg,,,,,,
copy-of-unicorn-t-shirt-for-kids,,,,,,,,,5-6 YRS,,,Orange,,,,,'10711553,200.0,shopify,50,continue,manual,799.00,0.00,true,true,,,,,'10711553,,,,,,,,,,,,,,,,,,,,,,,,,,,,,,,,,,,,,,,,,,,,,,,https://cdn.shopify.com/s/files/1/0618/2368/0740/files/25_62ddbdde-3084-4663-978c-3050c1b51d58.png?v=1717078694,kg,,,,,,
copy-of-unicorn-t-shirt-for-kids,,,,,,,,,5-6 YRS,,,Blue,,,,,'10711554,200.0,shopify,50,continue,manual,799.00,0.00,true,true,,,,,'10711554,,,,,,,,,,,,,,,,,,,,,,,,,,,,,,,,,,,,,,,,,,,,,,,https://cdn.shopify.com/s/files/1/0618/2368/0740/files/28_9822821c-26a2-4d36-bc48-531885cf3dfb.png?v=1717078694,kg,,,,,,
copy-of-unicorn-t-shirt-for-kids,,,,,,,,,5-6 YRS,,,Grey,,,,,'10711555,200.0,shopify,50,continue,manual,799.00,0.00,true,true,,,,,'10711555,,,,,,,,,,,,,,,,,,,,,,,,,,,,,,,,,,,,,,,,,,,,,,,https://cdn.shopify.com/s/files/1/0618/2368/0740/files/20_570b8729-10e0-4420-838f-648120e4d72f.png?v=1717078694,kg,,,,,,
copy-of-unicorn-t-shirt-for-kids,,,,,,,,,5-6 YRS,,,White,,,,,'10711556,200.0,shopify,50,continue,manual,799.00,0.00,true,true,,,,,'10711556,,,,,,,,,,,,,,,,,,,,,,,,,,,,,,,,,,,,,,,,,,,,,,,https://cdn.shopify.com/s/files/1/0618/2368/0740/files/12_021d6c77-d5b6-47f0-90a3-2edf8ccdf559.png?v=1717078694,kg,,,,,,
copy-of-unicorn-t-shirt-for-kids,,,,,,,,,5-6 YRS,,,Black,,,,,'10711557,200.0,shopify,50,continue,manual,799.00,0.00,true,true,,,,,'10711557,,,,,,,,,,,,,,,,,,,,,,,,,,,,,,,,,,,,,,,,,,,,,,,https://cdn.shopify.com/s/files/1/0618/2368/0740/files/9_235b0fef-1b1e-4a81-8f25-88d0ed34e05a.png?v=1717078694,kg,,,,,,
copy-of-unicorn-t-shirt-for-kids,,,,,,,,,5-6 YRS,,,Red,,,,,'10711558,200.0,shopify,50,continue,manual,799.00,0.00,true,true,,,,,'10711558,,,,,,,,,,,,,,,,,,,,,,,,,,,,,,,,,,,,,,,,,,,,,,,https://cdn.shopify.com/s/files/1/0618/2368/0740/files/18_dff7a5c3-7bee-46bb-a909-cc35a79325ae.png?v=1717078694,kg,,,,,,
copy-of-unicorn-t-shirt-for-kids,,,,,,,,,5-6 YRS,,,Yellow,,,,,'10711559,200.0,shopify,50,continue,manual,799.00,0.00,true,true,,,,,'10711559,,,,,,,,,,,,,,,,,,,,,,,,,,,,,,,,,,,,,,,,,,,,,,,https://cdn.shopify.com/s/files/1/0618/2368/0740/files/24_4144a577-b7b4-4e12-8061-4a38e1f25568.png?v=1717078694,kg,,,,,,
copy-of-unicorn-t-shirt-for-kids,,,,,,,,,5-6 YRS,,,Mahroon,,,,,'10711560,200.0,shopify,50,continue,manual,799.00,0.00,true,true,,,,,'10711560,,,,,,,,,,,,,,,,,,,,,,,,,,,,,,,,,,,,,,,,,,,,,,,https://cdn.shopify.com/s/files/1/0618/2368/0740/files/16_049ca992-2a18-450f-a772-3f0ad9d1d9f9.png?v=1717078694,kg,,,,,,
copy-of-unicorn-t-shirt-for-kids,,,,,,,,,7-8 YRS,,,Pink,,,,,'10711561,200.0,shopify,50,continue,manual,799.00,0.00,true,true,,,,,'10711561,,,,,,,,,,,,,,,,,,,,,,,,,,,,,,,,,,,,,,,,,,,,,,,https://cdn.shopify.com/s/files/1/0618/2368/0740/files/21_5cf2a0f9-f757-4b59-82fa-6312e73a1f05.png?v=1717075740,kg,,,,,,
copy-of-unicorn-t-shirt-for-kids,,,,,,,,,7-8 YRS,,,Orange,,,,,'10711562,200.0,shopify,50,continue,manual,799.00,0.00,true,true,,,,,'10711562,,,,,,,,,,,,,,,,,,,,,,,,,,,,,,,,,,,,,,,,,,,,,,,https://cdn.shopify.com/s/files/1/0618/2368/0740/files/25_62ddbdde-3084-4663-978c-3050c1b51d58.png?v=1717078694,kg,,,,,,
copy-of-unicorn-t-shirt-for-kids,,,,,,,,,7-8 YRS,,,Blue,,,,,'10711563,200.0,shopify,50,continue,manual,799.00,0.00,true,true,,,,,'10711563,,,,,,,,,,,,,,,,,,,,,,,,,,,,,,,,,,,,,,,,,,,,,,,https://cdn.shopify.com/s/files/1/0618/2368/0740/files/28_9822821c-26a2-4d36-bc48-531885cf3dfb.png?v=1717078694,kg,,,,,,
copy-of-unicorn-t-shirt-for-kids,,,,,,,,,7-8 YRS,,,Grey,,,,,'10711564,200.0,shopify,50,continue,manual,799.00,0.00,true,true,,,,,'10711564,,,,,,,,,,,,,,,,,,,,,,,,,,,,,,,,,,,,,,,,,,,,,,,https://cdn.shopify.com/s/files/1/0618/2368/0740/files/20_570b8729-10e0-4420-838f-648120e4d72f.png?v=1717078694,kg,,,,,,
copy-of-unicorn-t-shirt-for-kids,,,,,,,,,7-8 YRS,,,White,,,,,'10711565,200.0,shopify,50,continue,manual,799.00,0.00,true,true,,,,,'10711565,,,,,,,,,,,,,,,,,,,,,,,,,,,,,,,,,,,,,,,,,,,,,,,https://cdn.shopify.com/s/files/1/0618/2368/0740/files/12_021d6c77-d5b6-47f0-90a3-2edf8ccdf559.png?v=1717078694,kg,,,,,,
copy-of-unicorn-t-shirt-for-kids,,,,,,,,,7-8 YRS,,,Black,,,,,'10711566,200.0,shopify,50,continue,manual,799.00,0.00,true,true,,,,,'10711566,,,,,,,,,,,,,,,,,,,,,,,,,,,,,,,,,,,,,,,,,,,,,,,https://cdn.shopify.com/s/files/1/0618/2368/0740/files/9_235b0fef-1b1e-4a81-8f25-88d0ed34e05a.png?v=1717078694,kg,,,,,,
copy-of-unicorn-t-shirt-for-kids,,,,,,,,,7-8 YRS,,,Red,,,,,'10711567,200.0,shopify,50,continue,manual,799.00,0.00,true,true,,,,,'10711567,,,,,,,,,,,,,,,,,,,,,,,,,,,,,,,,,,,,,,,,,,,,,,,https://cdn.shopify.com/s/files/1/0618/2368/0740/files/18_dff7a5c3-7bee-46bb-a909-cc35a79325ae.png?v=1717078694,kg,,,,,,
copy-of-unicorn-t-shirt-for-kids,,,,,,,,,7-8 YRS,,,Yellow,,,,,'10711568,200.0,shopify,49,continue,manual,799.00,0.00,true,true,,,,,'10711568,,,,,,,,,,,,,,,,,,,,,,,,,,,,,,,,,,,,,,,,,,,,,,,https://cdn.shopify.com/s/files/1/0618/2368/0740/files/24_4144a577-b7b4-4e12-8061-4a38e1f25568.png?v=1717078694,kg,,,,,,
copy-of-unicorn-t-shirt-for-kids,,,,,,,,,7-8 YRS,,,Mahroon,,,,,'10711569,200.0,shopify,50,continue,manual,799.00,0.00,true,true,,,,,'10711569,,,,,,,,,,,,,,,,,,,,,,,,,,,,,,,,,,,,,,,,,,,,,,,https://cdn.shopify.com/s/files/1/0618/2368/0740/files/16_049ca992-2a18-450f-a772-3f0ad9d1d9f9.png?v=1717078694,kg,,,,,,
copy-of-unicorn-t-shirt-for-kids,,,,,,,,,9-10 YRS,,,Pink,,,,,'10711570,200.0,shopify,50,continue,manual,899.00,0.00,true,true,,,,,'10711570,,,,,,,,,,,,,,,,,,,,,,,,,,,,,,,,,,,,,,,,,,,,,,,https://cdn.shopify.com/s/files/1/0618/2368/0740/files/21_5cf2a0f9-f757-4b59-82fa-6312e73a1f05.png?v=1717075740,kg,,,,,,
copy-of-unicorn-t-shirt-for-kids,,,,,,,,,9-10 YRS,,,Orange,,,,,'10711571,200.0,shopify,50,continue,manual,899.00,0.00,true,true,,,,,'10711571,,,,,,,,,,,,,,,,,,,,,,,,,,,,,,,,,,,,,,,,,,,,,,,https://cdn.shopify.com/s/files/1/0618/2368/0740/files/25_62ddbdde-3084-4663-978c-3050c1b51d58.png?v=1717078694,kg,,,,,,
copy-of-unicorn-t-shirt-for-kids,,,,,,,,,9-10 YRS,,,Blue,,,,,'10711572,200.0,shopify,50,continue,manual,899.00,0.00,true,true,,,,,'10711572,,,,,,,,,,,,,,,,,,,,,,,,,,,,,,,,,,,,,,,,,,,,,,,https://cdn.shopify.com/s/files/1/0618/2368/0740/files/28_9822821c-26a2-4d36-bc48-531885cf3dfb.png?v=1717078694,kg,,,,,,
copy-of-unicorn-t-shirt-for-kids,,,,,,,,,9-10 YRS,,,Grey,,,,,'10711573,200.0,shopify,50,continue,manual,899.00,0.00,true,true,,,,,'10711573,,,,,,,,,,,,,,,,,,,,,,,,,,,,,,,,,,,,,,,,,,,,,,,https://cdn.shopify.com/s/files/1/0618/2368/0740/files/20_570b8729-10e0-4420-838f-648120e4d72f.png?v=1717078694,kg,,,,,,
copy-of-unicorn-t-shirt-for-kids,,,,,,,,,9-10 YRS,,,White,,,,,'10711574,200.0,shopify,50,continue,manual,899.00,0.00,true,true,,,,,'10711574,,,,,,,,,,,,,,,,,,,,,,,,,,,,,,,,,,,,,,,,,,,,,,,https://cdn.shopify.com/s/files/1/0618/2368/0740/files/12_021d6c77-d5b6-47f0-90a3-2edf8ccdf559.png?v=1717078694,kg,,,,,,
copy-of-unicorn-t-shirt-for-kids,,,,,,,,,9-10 YRS,,,Black,,,,,'10711575,200.0,shopify,50,continue,manual,899.00,0.00,true,true,,,,,'10711575,,,,,,,,,,,,,,,,,,,,,,,,,,,,,,,,,,,,,,,,,,,,,,,https://cdn.shopify.com/s/files/1/0618/2368/0740/files/9_235b0fef-1b1e-4a81-8f25-88d0ed34e05a.png?v=1717078694,kg,,,,,,
copy-of-unicorn-t-shirt-for-kids,,,,,,,,,9-10 YRS,,,Red,,,,,'10711576,200.0,shopify,50,continue,manual,899.00,0.00,true,true,,,,,'10711576,,,,,,,,,,,,,,,,,,,,,,,,,,,,,,,,,,,,,,,,,,,,,,,https://cdn.shopify.com/s/files/1/0618/2368/0740/files/18_dff7a5c3-7bee-46bb-a909-cc35a79325ae.png?v=1717078694,kg,,,,,,
copy-of-unicorn-t-shirt-for-kids,,,,,,,,,9-10 YRS,,,Yellow,,,,,'10711577,200.0,shopify,50,continue,manual,899.00,0.00,true,true,,,,,'10711577,,,,,,,,,,,,,,,,,,,,,,,,,,,,,,,,,,,,,,,,,,,,,,,https://cdn.shopify.com/s/files/1/0618/2368/0740/files/24_4144a577-b7b4-4e12-8061-4a38e1f25568.png?v=1717078694,kg,,,,,,
copy-of-unicorn-t-shirt-for-kids,,,,,,,,,9-10 YRS,,,Mahroon,,,,,'10711578,200.0,shopify,50,continue,manual,899.00,0.00,true,true,,,,,'10711578,,,,,,,,,,,,,,,,,,,,,,,,,,,,,,,,,,,,,,,,,,,,,,,https://cdn.shopify.com/s/files/1/0618/2368/0740/files/16_049ca992-2a18-450f-a772-3f0ad9d1d9f9.png?v=1717078694,kg,,,,,,
copy-of-unicorn-t-shirt-for-kids,,,,,,,,,11-12 YRS,,,Pink,,,,,'10711579,200.0,shopify,50,continue,manual,899.00,0.00,true,true,,,,,'10711579,,,,,,,,,,,,,,,,,,,,,,,,,,,,,,,,,,,,,,,,,,,,,,,https://cdn.shopify.com/s/files/1/0618/2368/0740/files/21_5cf2a0f9-f757-4b59-82fa-6312e73a1f05.png?v=1717075740,kg,,,,,,
copy-of-unicorn-t-shirt-for-kids,,,,,,,,,11-12 YRS,,,Orange,,,,,'10711580,200.0,shopify,50,continue,manual,899.00,0.00,true,true,,,,,'10711580,,,,,,,,,,,,,,,,,,,,,,,,,,,,,,,,,,,,,,,,,,,,,,,https://cdn.shopify.com/s/files/1/0618/2368/0740/files/25_62ddbdde-3084-4663-978c-3050c1b51d58.png?v=1717078694,kg,,,,,,
copy-of-unicorn-t-shirt-for-kids,,,,,,,,,11-12 YRS,,,Blue,,,,,'10711581,200.0,shopify,50,continue,manual,899.00,0.00,true,true,,,,,'10711581,,,,,,,,,,,,,,,,,,,,,,,,,,,,,,,,,,,,,,,,,,,,,,,https://cdn.shopify.com/s/files/1/0618/2368/0740/files/28_9822821c-26a2-4d36-bc48-531885cf3dfb.png?v=1717078694,kg,,,,,,
copy-of-unicorn-t-shirt-for-kids,,,,,,,,,11-12 YRS,,,Grey,,,,,'10711582,200.0,shopify,50,continue,manual,899.00,0.00,true,true,,,,,'10711582,,,,,,,,,,,,,,,,,,,,,,,,,,,,,,,,,,,,,,,,,,,,,,,https://cdn.shopify.com/s/files/1/0618/2368/0740/files/20_570b8729-10e0-4420-838f-648120e4d72f.png?v=1717078694,kg,,,,,,
copy-of-unicorn-t-shirt-for-kids,,,,,,,,,11-12 YRS,,,White,,,,,'10711583,200.0,shopify,50,continue,manual,899.00,0.00,true,true,,,,,'10711583,,,,,,,,,,,,,,,,,,,,,,,,,,,,,,,,,,,,,,,,,,,,,,,https://cdn.shopify.com/s/files/1/0618/2368/0740/files/12_021d6c77-d5b6-47f0-90a3-2edf8ccdf559.png?v=1717078694,kg,,,,,,
copy-of-unicorn-t-shirt-for-kids,,,,,,,,,11-12 YRS,,,Black,,,,,'10711584,200.0,shopify,49,continue,manual,899.00,0.00,true,true,,,,,'10711584,,,,,,,,,,,,,,,,,,,,,,,,,,,,,,,,,,,,,,,,,,,,,,,https://cdn.shopify.com/s/files/1/0618/2368/0740/files/9_235b0fef-1b1e-4a81-8f25-88d0ed34e05a.png?v=1717078694,kg,,,,,,
copy-of-unicorn-t-shirt-for-kids,,,,,,,,,11-12 YRS,,,Red,,,,,'10711585,200.0,shopify,50,continue,manual,899.00,0.00,true,true,,,,,'10711585,,,,,,,,,,,,,,,,,,,,,,,,,,,,,,,,,,,,,,,,,,,,,,,https://cdn.shopify.com/s/files/1/0618/2368/0740/files/18_dff7a5c3-7bee-46bb-a909-cc35a79325ae.png?v=1717078694,kg,,,,,,
copy-of-unicorn-t-shirt-for-kids,,,,,,,,,11-12 YRS,,,Yellow,,,,,'10711586,200.0,shopify,50,continue,manual,899.00,0.00,true,true,,,,,'10711586,,,,,,,,,,,,,,,,,,,,,,,,,,,,,,,,,,,,,,,,,,,,,,,https://cdn.shopify.com/s/files/1/0618/2368/0740/files/24_4144a577-b7b4-4e12-8061-4a38e1f25568.png?v=1717078694,kg,,,,,,
copy-of-unicorn-t-shirt-for-kids,,,,,,,,,11-12 YRS,,,Mahroon,,,,,'10711587,200.0,shopify,50,continue,manual,899.00,0.00,true,true,,,,,'10711587,,,,,,,,,,,,,,,,,,,,,,,,,,,,,,,,,,,,,,,,,,,,,,,https://cdn.shopify.com/s/files/1/0618/2368/0740/files/16_049ca992-2a18-450f-a772-3f0ad9d1d9f9.png?v=1717078694,kg,,,,,,
copy-of-unicorn-t-shirt-for-kids,,,,,,,,,13-14 YRS,,,Pink,,,,,'10711588,200.0,shopify,100,continue,manual,999.00,0.00,true,true,,,,,'10711588,,,,,,,,,,,,,,,,,,,,,,,,,,,,,,,,,,,,,,,,,,,,,,,https://cdn.shopify.com/s/files/1/0618/2368/0740/files/21_5cf2a0f9-f757-4b59-82fa-6312e73a1f05.png?v=1717075740,kg,,,,,,
copy-of-unicorn-t-shirt-for-kids,,,,,,,,,13-14 YRS,,,Orange,,,,,'10711589,200.0,shopify,100,continue,manual,999.00,0.00,true,true,,,,,'10711589,,,,,,,,,,,,,,,,,,,,,,,,,,,,,,,,,,,,,,,,,,,,,,,https://cdn.shopify.com/s/files/1/0618/2368/0740/files/25_62ddbdde-3084-4663-978c-3050c1b51d58.png?v=1717078694,kg,,,,,,
copy-of-unicorn-t-shirt-for-kids,,,,,,,,,13-14 YRS,,,Blue,,,,,'10711590,200.0,shopify,100,continue,manual,999.00,0.00,true,true,,,,,'10711590,,,,,,,,,,,,,,,,,,,,,,,,,,,,,,,,,,,,,,,,,,,,,,,https://cdn.shopify.com/s/files/1/0618/2368/0740/files/28_9822821c-26a2-4d36-bc48-531885cf3dfb.png?v=1717078694,kg,,,,,,
copy-of-unicorn-t-shirt-for-kids,,,,,,,,,13-14 YRS,,,Grey,,,,,'10711591,200.0,shopify,100,continue,manual,999.00,0.00,true,true,,,,,'10711591,,,,,,,,,,,,,,,,,,,,,,,,,,,,,,,,,,,,,,,,,,,,,,,https://cdn.shopify.com/s/files/1/0618/2368/0740/files/20_570b8729-10e0-4420-838f-648120e4d72f.png?v=1717078694,kg,,,,,,
copy-of-unicorn-t-shirt-for-kids,,,,,,,,,13-14 YRS,,,White,,,,,'10711592,200.0,shopify,100,continue,manual,999.00,0.00,true,true,,,,,'10711592,,,,,,,,,,,,,,,,,,,,,,,,,,,,,,,,,,,,,,,,,,,,,,,https://cdn.shopify.com/s/files/1/0618/2368/0740/files/12_021d6c77-d5b6-47f0-90a3-2edf8ccdf559.png?v=1717078694,kg,,,,,,
copy-of-unicorn-t-shirt-for-kids,,,,,,,,,13-14 YRS,,,Black,,,,,'10711593,200.0,shopify,100,continue,manual,999.00,0.00,true,true,,,,,'10711593,,,,,,,,,,,,,,,,,,,,,,,,,,,,,,,,,,,,,,,,,,,,,,,https://cdn.shopify.com/s/files/1/0618/2368/0740/files/9_235b0fef-1b1e-4a81-8f25-88d0ed34e05a.png?v=1717078694,kg,,,,,,
copy-of-unicorn-t-shirt-for-kids,,,,,,,,,13-14 YRS,,,Red,,,,,'10711594,200.0,shopify,100,continue,manual,999.00,0.00,true,true,,,,,'10711594,,,,,,,,,,,,,,,,,,,,,,,,,,,,,,,,,,,,,,,,,,,,,,,https://cdn.shopify.com/s/files/1/0618/2368/0740/files/18_dff7a5c3-7bee-46bb-a909-cc35a79325ae.png?v=1717078694,kg,,,,,,
copy-of-unicorn-t-shirt-for-kids,,,,,,,,,13-14 YRS,,,Yellow,,,,,'10711595,200.0,shopify,100,continue,manual,999.00,0.00,true,true,,,,,'10711595,,,,,,,,,,,,,,,,,,,,,,,,,,,,,,,,,,,,,,,,,,,,,,,https://cdn.shopify.com/s/files/1/0618/2368/0740/files/24_4144a577-b7b4-4e12-8061-4a38e1f25568.png?v=1717078694,kg,,,,,,
copy-of-unicorn-t-shirt-for-kids,,,,,,,,,13-14 YRS,,,Mahroon,,,,,'10706841,200.0,shopify,100,continue,manual,999.00,0.00,true,true,,,,,'10706841,,,,,,,,,,,,,,,,,,,,,,,,,,,,,,,,,,,,,,,,,,,,,,,https://cdn.shopify.com/s/files/1/0618/2368/0740/files/16_049ca992-2a18-450f-a772-3f0ad9d1d9f9.png?v=1717078694,kg,,,,,,
copy-of-kitty-love-t-shirt-for-kids,Pokemon T Shirt For Kids,"<div>Fabric: Soft High-Quality Jersey</div>
<div>Half Sleeve T-Shirt</div>
<div>Round Neck</div>
<div>High Quality DTF Printed </div>
<div>Soft and Comfortable Wear</div>
<div>Easy Wash &amp; Press</div>
<div>Sizes 1-14 years </div>
<div><span>Disclaimer: Colors may vary slightly due to studio lights. </span></div>",BBG FASHION CLOTHING STORE,Apparel & Accessories > Clothing > Clothing Tops > T-Shirts,kids T-Shirts,kids T-Shirts,false,Size,1-2 YRS,,Color,Pink,,,,,'10711472,200.0,shopify,50,continue,manual,799.00,0.00,true,true,,,,,'10711472,https://cdn.shopify.com/s/files/1/0618/2368/0740/files/22_2ebbdb73-f943-4156-a898-5ce0d9426aa3.png?v=1717075719,1,Copy Of Kitty Love T Shirt For Kids - front view - kids wear Pakistan,false,,,212,,,,,,,,,,,,,,,,,,,,,,,,,,,,,,,,,,,,,,,,https://cdn.shopify.com/s/files/1/0618/2368/0740/files/22_2ebbdb73-f943-4156-a898-5ce0d9426aa3.png?v=1717075719,kg,,,true,,,draft
copy-of-kitty-love-t-shirt-for-kids,,,,,,,,,1-2 YRS,,,Orange,,,,,'10711473,200.0,shopify,50,continue,manual,799.00,0.00,true,true,,,,,'10711473,https://cdn.shopify.com/s/files/1/0618/2368/0740/files/bbg_d1d933d2-5f31-45d8-8176-020754e9f684.png?v=1717078507,2,Summer Surf Shirt For Kids Copy - back view - kids wear Pakistan,,,,,,,,,,,,,,,,,,,,,,,,,,,,,,,,,,,,,,,,,,,,https://cdn.shopify.com/s/files/1/0618/2368/0740/files/26_2ecd4788-727d-4458-8b17-d9cc962f5a3b.png?v=1717078871,kg,,,,,,
copy-of-kitty-love-t-shirt-for-kids,,,,,,,,,1-2 YRS,,,Blue,,,,,'10711474,200.0,shopify,50,continue,manual,799.00,0.00,true,true,,,,,'10711474,https://cdn.shopify.com/s/files/1/0618/2368/0740/files/11_c74acc3a-631b-4f85-99c8-129e5cf0b3f0.png?v=1717078871,3,Copy Of Kitty Love T Shirt For Kids - side view - kids wear Pakistan,,,,,,,,,,,,,,,,,,,,,,,,,,,,,,,,,,,,,,,,,,,,https://cdn.shopify.com/s/files/1/0618/2368/0740/files/27_b5458eb7-4aef-43f2-a9cc-a0fe84f488d9.png?v=1717078871,kg,,,,,,
copy-of-kitty-love-t-shirt-for-kids,,,,,,,,,1-2 YRS,,,Grey,,,,,'10711475,200.0,shopify,50,continue,manual,799.00,0.00,true,true,,,,,'10711475,https://cdn.shopify.com/s/files/1/0618/2368/0740/files/13_1cca8657-4492-41f6-975d-3f643d302d81.png?v=1717078871,4,Copy Of Kitty Love T Shirt For Kids - detail shot - kids wear Pakistan,,,,,,,,,,,,,,,,,,,,,,,,,,,,,,,,,,,,,,,,,,,,https://cdn.shopify.com/s/files/1/0618/2368/0740/files/20_bc55d00b-a03b-49d0-8846-9424ff870c39.png?v=1717078871,kg,,,,,,
copy-of-kitty-love-t-shirt-for-kids,,,,,,,,,1-2 YRS,,,White,,,,,'10711476,200.0,shopify,50,continue,manual,799.00,0.00,true,true,,,,,'10711476,https://cdn.shopify.com/s/files/1/0618/2368/0740/files/15_e0f9cd02-a566-4fae-a1a8-234a96666a6b.png?v=1717078871,5,Copy Of Kitty Love T Shirt For Kids - front view - kids wear Pakistan,,,,,,,,,,,,,,,,,,,,,,,,,,,,,,,,,,,,,,,,,,,,https://cdn.shopify.com/s/files/1/0618/2368/0740/files/13_1cca8657-4492-41f6-975d-3f643d302d81.png?v=1717078871,kg,,,,,,
copy-of-kitty-love-t-shirt-for-kids,,,,,,,,,1-2 YRS,,,Black,,,,,'10711477,200.0,shopify,50,continue,manual,799.00,0.00,true,true,,,,,'10711477,https://cdn.shopify.com/s/files/1/0618/2368/0740/files/17_4e11663a-eedb-4da2-9c9d-3fc6809e8ae1.png?v=1717078871,6,Copy Of Kitty Love T Shirt For Kids - back view - kids wear Pakistan,,,,,,,,,,,,,,,,,,,,,,,,,,,,,,,,,,,,,,,,,,,,https://cdn.shopify.com/s/files/1/0618/2368/0740/files/11_c74acc3a-631b-4f85-99c8-129e5cf0b3f0.png?v=1717078871,kg,,,,,,
copy-of-kitty-love-t-shirt-for-kids,,,,,,,,,1-2 YRS,,,Red,,,,,'10711478,200.0,shopify,50,continue,manual,799.00,0.00,true,true,,,,,'10711478,https://cdn.shopify.com/s/files/1/0618/2368/0740/files/19_6a6439f1-a5ef-4d20-b715-67fce6f6fb30.png?v=1717078871,7,Copy Of Kitty Love T Shirt For Kids - side view - kids wear Pakistan,,,,,,,,,,,,,,,,,,,,,,,,,,,,,,,,,,,,,,,,,,,,https://cdn.shopify.com/s/files/1/0618/2368/0740/files/19_6a6439f1-a5ef-4d20-b715-67fce6f6fb30.png?v=1717078871,kg,,,,,,
copy-of-kitty-love-t-shirt-for-kids,,,,,,,,,1-2 YRS,,,Yellow,,,,,'10711479,200.0,shopify,50,continue,manual,799.00,0.00,true,true,,,,,'10711479,https://cdn.shopify.com/s/files/1/0618/2368/0740/files/20_bc55d00b-a03b-49d0-8846-9424ff870c39.png?v=1717078871,8,Copy Of Kitty Love T Shirt For Kids - detail shot - kids wear Pakistan,,,,,,,,,,,,,,,,,,,,,,,,,,,,,,,,,,,,,,,,,,,,https://cdn.shopify.com/s/files/1/0618/2368/0740/files/23_b89e40c8-e1f5-4a11-ae43-909cd1fb837e.png?v=1717078871,kg,,,,,,
copy-of-kitty-love-t-shirt-for-kids,,,,,,,,,1-2 YRS,,,Mahroon,,,,,'10711480,200.0,shopify,50,continue,manual,799.00,0.00,true,true,,,,,'10711480,https://cdn.shopify.com/s/files/1/0618/2368/0740/files/23_b89e40c8-e1f5-4a11-ae43-909cd1fb837e.png?v=1717078871,9,Copy Of Kitty Love T Shirt For Kids - front view - kids wear Pakistan,,,,,,,,,,,,,,,,,,,,,,,,,,,,,,,,,,,,,,,,,,,,https://cdn.shopify.com/s/files/1/0618/2368/0740/files/17_4e11663a-eedb-4da2-9c9d-3fc6809e8ae1.png?v=1717078871,kg,,,,,,
copy-of-kitty-love-t-shirt-for-kids,,,,,,,,,3-4 YRS,,,Pink,,,,,'10711481,200.0,shopify,50,continue,manual,799.00,0.00,true,true,,,,,'10711481,https://cdn.shopify.com/s/files/1/0618/2368/0740/files/26_2ecd4788-727d-4458-8b17-d9cc962f5a3b.png?v=1717078871,10,Copy Of Kitty Love T Shirt For Kids - back view - kids wear Pakistan,,,,,,,,,,,,,,,,,,,,,,,,,,,,,,,,,,,,,,,,,,,,https://cdn.shopify.com/s/files/1/0618/2368/0740/files/22_2ebbdb73-f943-4156-a898-5ce0d9426aa3.png?v=1717075719,kg,,,,,,
copy-of-kitty-love-t-shirt-for-kids,,,,,,,,,3-4 YRS,,,Orange,,,,,'10711482,200.0,shopify,50,continue,manual,799.00,0.00,true,true,,,,,'10711482,https://cdn.shopify.com/s/files/1/0618/2368/0740/files/27_b5458eb7-4aef-43f2-a9cc-a0fe84f488d9.png?v=1717078871,11,Copy Of Kitty Love T Shirt For Kids - side view - kids wear Pakistan,,,,,,,,,,,,,,,,,,,,,,,,,,,,,,,,,,,,,,,,,,,,https://cdn.shopify.com/s/files/1/0618/2368/0740/files/26_2ecd4788-727d-4458-8b17-d9cc962f5a3b.png?v=1717078871,kg,,,,,,
copy-of-kitty-love-t-shirt-for-kids,,,,,,,,,3-4 YRS,,,Blue,,,,,'10711483,200.0,shopify,50,continue,manual,799.00,0.00,true,true,,,,,'10711483,https://cdn.shopify.com/s/files/1/0618/2368/0740/files/30_aff457ef-e213-4faa-b5d9-57d3e63aa6a6.png?v=1717078871,12,Copy Of Kitty Love T Shirt For Kids - detail shot - kids wear Pakistan,,,,,,,,,,,,,,,,,,,,,,,,,,,,,,,,,,,,,,,,,,,,https://cdn.shopify.com/s/files/1/0618/2368/0740/files/27_b5458eb7-4aef-43f2-a9cc-a0fe84f488d9.png?v=1717078871,kg,,,,,,
copy-of-kitty-love-t-shirt-for-kids,,,,,,,,,3-4 YRS,,,Grey,,,,,'10711484,200.0,shopify,50,continue,manual,799.00,0.00,true,true,,,,,'10711484,,,,,,,,,,,,,,,,,,,,,,,,,,,,,,,,,,,,,,,,,,,,,,,https://cdn.shopify.com/s/files/1/0618/2368/0740/files/20_bc55d00b-a03b-49d0-8846-9424ff870c39.png?v=1717078871,kg,,,,,,
copy-of-kitty-love-t-shirt-for-kids,,,,,,,,,3-4 YRS,,,White,,,,,'10711485,200.0,shopify,50,continue,manual,799.00,0.00,true,true,,,,,'10711485,,,,,,,,,,,,,,,,,,,,,,,,,,,,,,,,,,,,,,,,,,,,,,,https://cdn.shopify.com/s/files/1/0618/2368/0740/files/13_1cca8657-4492-41f6-975d-3f643d302d81.png?v=1717078871,kg,,,,,,
copy-of-kitty-love-t-shirt-for-kids,,,,,,,,,3-4 YRS,,,Black,,,,,'10711486,200.0,shopify,50,continue,manual,799.00,0.00,true,true,,,,,'10711486,,,,,,,,,,,,,,,,,,,,,,,,,,,,,,,,,,,,,,,,,,,,,,,https://cdn.shopify.com/s/files/1/0618/2368/0740/files/11_c74acc3a-631b-4f85-99c8-129e5cf0b3f0.png?v=1717078871,kg,,,,,,
copy-of-kitty-love-t-shirt-for-kids,,,,,,,,,3-4 YRS,,,Red,,,,,'10711487,200.0,shopify,50,continue,manual,799.00,0.00,true,true,,,,,'10711487,,,,,,,,,,,,,,,,,,,,,,,,,,,,,,,,,,,,,,,,,,,,,,,https://cdn.shopify.com/s/files/1/0618/2368/0740/files/19_6a6439f1-a5ef-4d20-b715-67fce6f6fb30.png?v=1717078871,kg,,,,,,
copy-of-kitty-love-t-shirt-for-kids,,,,,,,,,3-4 YRS,,,Yellow,,,,,'10711488,200.0,shopify,50,continue,manual,799.00,0.00,true,true,,,,,'10711488,,,,,,,,,,,,,,,,,,,,,,,,,,,,,,,,,,,,,,,,,,,,,,,https://cdn.shopify.com/s/files/1/0618/2368/0740/files/23_b89e40c8-e1f5-4a11-ae43-909cd1fb837e.png?v=1717078871,kg,,,,,,
copy-of-kitty-love-t-shirt-for-kids,,,,,,,,,3-4 YRS,,,Mahroon,,,,,'10711489,200.0,shopify,50,continue,manual,799.00,0.00,true,true,,,,,'10711489,,,,,,,,,,,,,,,,,,,,,,,,,,,,,,,,,,,,,,,,,,,,,,,https://cdn.shopify.com/s/files/1/0618/2368/0740/files/17_4e11663a-eedb-4da2-9c9d-3fc6809e8ae1.png?v=1717078871,kg,,,,,,
copy-of-kitty-love-t-shirt-for-kids,,,,,,,,,5-6 YRS,,,Pink,,,,,'10711490,200.0,shopify,48,continue,manual,799.00,0.00,true,true,,,,,'10711490,,,,,,,,,,,,,,,,,,,,,,,,,,,,,,,,,,,,,,,,,,,,,,,https://cdn.shopify.com/s/files/1/0618/2368/0740/files/22_2ebbdb73-f943-4156-a898-5ce0d9426aa3.png?v=1717075719,kg,,,,,,
copy-of-kitty-love-t-shirt-for-kids,,,,,,,,,5-6 YRS,,,Orange,,,,,'10711491,200.0,shopify,50,continue,manual,799.00,0.00,true,true,,,,,'10711491,,,,,,,,,,,,,,,,,,,,,,,,,,,,,,,,,,,,,,,,,,,,,,,https://cdn.shopify.com/s/files/1/0618/2368/0740/files/26_2ecd4788-727d-4458-8b17-d9cc962f5a3b.png?v=1717078871,kg,,,,,,
copy-of-kitty-love-t-shirt-for-kids,,,,,,,,,5-6 YRS,,,Blue,,,,,'10711492,200.0,shopify,50,continue,manual,799.00,0.00,true,true,,,,,'10711492,,,,,,,,,,,,,,,,,,,,,,,,,,,,,,,,,,,,,,,,,,,,,,,https://cdn.shopify.com/s/files/1/0618/2368/0740/files/27_b5458eb7-4aef-43f2-a9cc-a0fe84f488d9.png?v=1717078871,kg,,,,,,
copy-of-kitty-love-t-shirt-for-kids,,,,,,,,,5-6 YRS,,,Grey,,,,,'10711493,200.0,shopify,50,continue,manual,799.00,0.00,true,true,,,,,'10711493,,,,,,,,,,,,,,,,,,,,,,,,,,,,,,,,,,,,,,,,,,,,,,,https://cdn.shopify.com/s/files/1/0618/2368/0740/files/20_bc55d00b-a03b-49d0-8846-9424ff870c39.png?v=1717078871,kg,,,,,,
copy-of-kitty-love-t-shirt-for-kids,,,,,,,,,5-6 YRS,,,White,,,,,'10711494,200.0,shopify,50,continue,manual,799.00,0.00,true,true,,,,,'10711494,,,,,,,,,,,,,,,,,,,,,,,,,,,,,,,,,,,,,,,,,,,,,,,https://cdn.shopify.com/s/files/1/0618/2368/0740/files/13_1cca8657-4492-41f6-975d-3f643d302d81.png?v=1717078871,kg,,,,,,
copy-of-kitty-love-t-shirt-for-kids,,,,,,,,,5-6 YRS,,,Black,,,,,'10711495,200.0,shopify,50,continue,manual,799.00,0.00,true,true,,,,,'10711495,,,,,,,,,,,,,,,,,,,,,,,,,,,,,,,,,,,,,,,,,,,,,,,https://cdn.shopify.com/s/files/1/0618/2368/0740/files/11_c74acc3a-631b-4f85-99c8-129e5cf0b3f0.png?v=1717078871,kg,,,,,,
copy-of-kitty-love-t-shirt-for-kids,,,,,,,,,5-6 YRS,,,Red,,,,,'10711496,200.0,shopify,49,continue,manual,799.00,0.00,true,true,,,,,'10711496,,,,,,,,,,,,,,,,,,,,,,,,,,,,,,,,,,,,,,,,,,,,,,,https://cdn.shopify.com/s/files/1/0618/2368/0740/files/19_6a6439f1-a5ef-4d20-b715-67fce6f6fb30.png?v=1717078871,kg,,,,,,
copy-of-kitty-love-t-shirt-for-kids,,,,,,,,,5-6 YRS,,,Yellow,,,,,'10711497,200.0,shopify,49,continue,manual,799.00,0.00,true,true,,,,,'10711497,,,,,,,,,,,,,,,,,,,,,,,,,,,,,,,,,,,,,,,,,,,,,,,https://cdn.shopify.com/s/files/1/0618/2368/0740/files/23_b89e40c8-e1f5-4a11-ae43-909cd1fb837e.png?v=1717078871,kg,,,,,,
copy-of-kitty-love-t-shirt-for-kids,,,,,,,,,5-6 YRS,,,Mahroon,,,,,'10711498,200.0,shopify,50,continue,manual,799.00,0.00,true,true,,,,,'10711498,,,,,,,,,,,,,,,,,,,,,,,,,,,,,,,,,,,,,,,,,,,,,,,https://cdn.shopify.com/s/files/1/0618/2368/0740/files/17_4e11663a-eedb-4da2-9c9d-3fc6809e8ae1.png?v=1717078871,kg,,,,,,
copy-of-kitty-love-t-shirt-for-kids,,,,,,,,,7-8 YRS,,,Pink,,,,,'10711499,200.0,shopify,50,continue,manual,799.00,0.00,true,true,,,,,'10711499,,,,,,,,,,,,,,,,,,,,,,,,,,,,,,,,,,,,,,,,,,,,,,,https://cdn.shopify.com/s/files/1/0618/2368/0740/files/22_2ebbdb73-f943-4156-a898-5ce0d9426aa3.png?v=1717075719,kg,,,,,,
copy-of-kitty-love-t-shirt-for-kids,,,,,,,,,7-8 YRS,,,Orange,,,,,'10711500,200.0,shopify,50,continue,manual,799.00,0.00,true,true,,,,,'10711500,,,,,,,,,,,,,,,,,,,,,,,,,,,,,,,,,,,,,,,,,,,,,,,https://cdn.shopify.com/s/files/1/0618/2368/0740/files/26_2ecd4788-727d-4458-8b17-d9cc962f5a3b.png?v=1717078871,kg,,,,,,
copy-of-kitty-love-t-shirt-for-kids,,,,,,,,,7-8 YRS,,,Blue,,,,,'10711501,200.0,shopify,50,continue,manual,799.00,0.00,true,true,,,,,'10711501,,,,,,,,,,,,,,,,,,,,,,,,,,,,,,,,,,,,,,,,,,,,,,,https://cdn.shopify.com/s/files/1/0618/2368/0740/files/27_b5458eb7-4aef-43f2-a9cc-a0fe84f488d9.png?v=1717078871,kg,,,,,,
copy-of-kitty-love-t-shirt-for-kids,,,,,,,,,7-8 YRS,,,Grey,,,,,'10711502,200.0,shopify,50,continue,manual,799.00,0.00,true,true,,,,,'10711502,,,,,,,,,,,,,,,,,,,,,,,,,,,,,,,,,,,,,,,,,,,,,,,https://cdn.shopify.com/s/files/1/0618/2368/0740/files/20_bc55d00b-a03b-49d0-8846-9424ff870c39.png?v=1717078871,kg,,,,,,
copy-of-kitty-love-t-shirt-for-kids,,,,,,,,,7-8 YRS,,,White,,,,,'10711503,200.0,shopify,50,continue,manual,799.00,0.00,true,true,,,,,'10711503,,,,,,,,,,,,,,,,,,,,,,,,,,,,,,,,,,,,,,,,,,,,,,,https://cdn.shopify.com/s/files/1/0618/2368/0740/files/13_1cca8657-4492-41f6-975d-3f643d302d81.png?v=1717078871,kg,,,,,,
copy-of-kitty-love-t-shirt-for-kids,,,,,,,,,7-8 YRS,,,Black,,,,,'10711504,200.0,shopify,49,continue,manual,799.00,0.00,true,true,,,,,'10711504,,,,,,,,,,,,,,,,,,,,,,,,,,,,,,,,,,,,,,,,,,,,,,,https://cdn.shopify.com/s/files/1/0618/2368/0740/files/11_c74acc3a-631b-4f85-99c8-129e5cf0b3f0.png?v=1717078871,kg,,,,,,
copy-of-kitty-love-t-shirt-for-kids,,,,,,,,,7-8 YRS,,,Red,,,,,'10711505,200.0,shopify,50,continue,manual,799.00,0.00,true,true,,,,,'10711505,,,,,,,,,,,,,,,,,,,,,,,,,,,,,,,,,,,,,,,,,,,,,,,https://cdn.shopify.com/s/files/1/0618/2368/0740/files/19_6a6439f1-a5ef-4d20-b715-67fce6f6fb30.png?v=1717078871,kg,,,,,,
copy-of-kitty-love-t-shirt-for-kids,,,,,,,,,7-8 YRS,,,Yellow,,,,,'10711506,200.0,shopify,50,continue,manual,799.00,0.00,true,true,,,,,'10711506,,,,,,,,,,,,,,,,,,,,,,,,,,,,,,,,,,,,,,,,,,,,,,,https://cdn.shopify.com/s/files/1/0618/2368/0740/files/23_b89e40c8-e1f5-4a11-ae43-909cd1fb837e.png?v=1717078871,kg,,,,,,
copy-of-kitty-love-t-shirt-for-kids,,,,,,,,,7-8 YRS,,,Mahroon,,,,,'10711507,200.0,shopify,50,continue,manual,799.00,0.00,true,true,,,,,'10711507,,,,,,,,,,,,,,,,,,,,,,,,,,,,,,,,,,,,,,,,,,,,,,,https://cdn.shopify.com/s/files/1/0618/2368/0740/files/17_4e11663a-eedb-4da2-9c9d-3fc6809e8ae1.png?v=1717078871,kg,,,,,,
copy-of-kitty-love-t-shirt-for-kids,,,,,,,,,9-10 YRS,,,Pink,,,,,'10711508,200.0,shopify,50,continue,manual,899.00,0.00,true,true,,,,,'10711508,,,,,,,,,,,,,,,,,,,,,,,,,,,,,,,,,,,,,,,,,,,,,,,https://cdn.shopify.com/s/files/1/0618/2368/0740/files/22_2ebbdb73-f943-4156-a898-5ce0d9426aa3.png?v=1717075719,kg,,,,,,
copy-of-kitty-love-t-shirt-for-kids,,,,,,,,,9-10 YRS,,,Orange,,,,,'10711509,200.0,shopify,50,continue,manual,899.00,0.00,true,true,,,,,'10711509,,,,,,,,,,,,,,,,,,,,,,,,,,,,,,,,,,,,,,,,,,,,,,,https://cdn.shopify.com/s/files/1/0618/2368/0740/files/26_2ecd4788-727d-4458-8b17-d9cc962f5a3b.png?v=1717078871,kg,,,,,,
copy-of-kitty-love-t-shirt-for-kids,,,,,,,,,9-10 YRS,,,Blue,,,,,'10711510,200.0,shopify,50,continue,manual,899.00,0.00,true,true,,,,,'10711510,,,,,,,,,,,,,,,,,,,,,,,,,,,,,,,,,,,,,,,,,,,,,,,https://cdn.shopify.com/s/files/1/0618/2368/0740/files/27_b5458eb7-4aef-43f2-a9cc-a0fe84f488d9.png?v=1717078871,kg,,,,,,
copy-of-kitty-love-t-shirt-for-kids,,,,,,,,,9-10 YRS,,,Grey,,,,,'10711511,200.0,shopify,50,continue,manual,899.00,0.00,true,true,,,,,'10711511,,,,,,,,,,,,,,,,,,,,,,,,,,,,,,,,,,,,,,,,,,,,,,,https://cdn.shopify.com/s/files/1/0618/2368/0740/files/20_bc55d00b-a03b-49d0-8846-9424ff870c39.png?v=1717078871,kg,,,,,,
copy-of-kitty-love-t-shirt-for-kids,,,,,,,,,9-10 YRS,,,White,,,,,'10711512,200.0,shopify,50,continue,manual,899.00,0.00,true,true,,,,,'10711512,,,,,,,,,,,,,,,,,,,,,,,,,,,,,,,,,,,,,,,,,,,,,,,https://cdn.shopify.com/s/files/1/0618/2368/0740/files/13_1cca8657-4492-41f6-975d-3f643d302d81.png?v=1717078871,kg,,,,,,
copy-of-kitty-love-t-shirt-for-kids,,,,,,,,,9-10 YRS,,,Black,,,,,'10711513,200.0,shopify,50,continue,manual,899.00,0.00,true,true,,,,,'10711513,,,,,,,,,,,,,,,,,,,,,,,,,,,,,,,,,,,,,,,,,,,,,,,https://cdn.shopify.com/s/files/1/0618/2368/0740/files/11_c74acc3a-631b-4f85-99c8-129e5cf0b3f0.png?v=1717078871,kg,,,,,,
copy-of-kitty-love-t-shirt-for-kids,,,,,,,,,9-10 YRS,,,Red,,,,,'10711514,200.0,shopify,50,continue,manual,899.00,0.00,true,true,,,,,'10711514,,,,,,,,,,,,,,,,,,,,,,,,,,,,,,,,,,,,,,,,,,,,,,,https://cdn.shopify.com/s/files/1/0618/2368/0740/files/19_6a6439f1-a5ef-4d20-b715-67fce6f6fb30.png?v=1717078871,kg,,,,,,
copy-of-kitty-love-t-shirt-for-kids,,,,,,,,,9-10 YRS,,,Yellow,,,,,'10711515,200.0,shopify,50,continue,manual,899.00,0.00,true,true,,,,,'10711515,,,,,,,,,,,,,,,,,,,,,,,,,,,,,,,,,,,,,,,,,,,,,,,https://cdn.shopify.com/s/files/1/0618/2368/0740/files/23_b89e40c8-e1f5-4a11-ae43-909cd1fb837e.png?v=1717078871,kg,,,,,,
copy-of-kitty-love-t-shirt-for-kids,,,,,,,,,9-10 YRS,,,Mahroon,,,,,'10711516,200.0,shopify,50,continue,manual,899.00,0.00,true,true,,,,,'10711516,,,,,,,,,,,,,,,,,,,,,,,,,,,,,,,,,,,,,,,,,,,,,,,https://cdn.shopify.com/s/files/1/0618/2368/0740/files/17_4e11663a-eedb-4da2-9c9d-3fc6809e8ae1.png?v=1717078871,kg,,,,,,
copy-of-kitty-love-t-shirt-for-kids,,,,,,,,,11-12 YRS,,,Pink,,,,,'10711517,200.0,shopify,50,continue,manual,899.00,0.00,true,true,,,,,'10711517,,,,,,,,,,,,,,,,,,,,,,,,,,,,,,,,,,,,,,,,,,,,,,,https://cdn.shopify.com/s/files/1/0618/2368/0740/files/22_2ebbdb73-f943-4156-a898-5ce0d9426aa3.png?v=1717075719,kg,,,,,,
copy-of-kitty-love-t-shirt-for-kids,,,,,,,,,11-12 YRS,,,Orange,,,,,'10711518,200.0,shopify,50,continue,manual,899.00,0.00,true,true,,,,,'10711518,,,,,,,,,,,,,,,,,,,,,,,,,,,,,,,,,,,,,,,,,,,,,,,https://cdn.shopify.com/s/files/1/0618/2368/0740/files/26_2ecd4788-727d-4458-8b17-d9cc962f5a3b.png?v=1717078871,kg,,,,,,
copy-of-kitty-love-t-shirt-for-kids,,,,,,,,,11-12 YRS,,,Blue,,,,,'10711519,200.0,shopify,50,continue,manual,899.00,0.00,true,true,,,,,'10711519,,,,,,,,,,,,,,,,,,,,,,,,,,,,,,,,,,,,,,,,,,,,,,,https://cdn.shopify.com/s/files/1/0618/2368/0740/files/27_b5458eb7-4aef-43f2-a9cc-a0fe84f488d9.png?v=1717078871,kg,,,,,,
copy-of-kitty-love-t-shirt-for-kids,,,,,,,,,11-12 YRS,,,Grey,,,,,'10711520,200.0,shopify,50,continue,manual,899.00,0.00,true,true,,,,,'10711520,,,,,,,,,,,,,,,,,,,,,,,,,,,,,,,,,,,,,,,,,,,,,,,https://cdn.shopify.com/s/files/1/0618/2368/0740/files/20_bc55d00b-a03b-49d0-8846-9424ff870c39.png?v=1717078871,kg,,,,,,
copy-of-kitty-love-t-shirt-for-kids,,,,,,,,,11-12 YRS,,,White,,,,,'10711521,200.0,shopify,50,continue,manual,899.00,0.00,true,true,,,,,'10711521,,,,,,,,,,,,,,,,,,,,,,,,,,,,,,,,,,,,,,,,,,,,,,,https://cdn.shopify.com/s/files/1/0618/2368/0740/files/13_1cca8657-4492-41f6-975d-3f643d302d81.png?v=1717078871,kg,,,,,,
copy-of-kitty-love-t-shirt-for-kids,,,,,,,,,11-12 YRS,,,Black,,,,,'10711522,200.0,shopify,50,continue,manual,899.00,0.00,true,true,,,,,'10711522,,,,,,,,,,,,,,,,,,,,,,,,,,,,,,,,,,,,,,,,,,,,,,,https://cdn.shopify.com/s/files/1/0618/2368/0740/files/11_c74acc3a-631b-4f85-99c8-129e5cf0b3f0.png?v=1717078871,kg,,,,,,
copy-of-kitty-love-t-shirt-for-kids,,,,,,,,,11-12 YRS,,,Red,,,,,'10711523,200.0,shopify,50,continue,manual,899.00,0.00,true,true,,,,,'10711523,,,,,,,,,,,,,,,,,,,,,,,,,,,,,,,,,,,,,,,,,,,,,,,https://cdn.shopify.com/s/files/1/0618/2368/0740/files/19_6a6439f1-a5ef-4d20-b715-67fce6f6fb30.png?v=1717078871,kg,,,,,,
copy-of-kitty-love-t-shirt-for-kids,,,,,,,,,11-12 YRS,,,Yellow,,,,,'10711524,200.0,shopify,50,continue,manual,899.00,0.00,true,true,,,,,'10711524,,,,,,,,,,,,,,,,,,,,,,,,,,,,,,,,,,,,,,,,,,,,,,,https://cdn.shopify.com/s/files/1/0618/2368/0740/files/23_b89e40c8-e1f5-4a11-ae43-909cd1fb837e.png?v=1717078871,kg,,,,,,
copy-of-kitty-love-t-shirt-for-kids,,,,,,,,,11-12 YRS,,,Mahroon,,,,,'10711525,200.0,shopify,49,continue,manual,899.00,0.00,true,true,,,,,'10711525,,,,,,,,,,,,,,,,,,,,,,,,,,,,,,,,,,,,,,,,,,,,,,,https://cdn.shopify.com/s/files/1/0618/2368/0740/files/17_4e11663a-eedb-4da2-9c9d-3fc6809e8ae1.png?v=1717078871,kg,,,,,,
copy-of-kitty-love-t-shirt-for-kids,,,,,,,,,13-14 YRS,,,Pink,,,,,'10711526,200.0,shopify,100,continue,manual,999.00,0.00,true,true,,,,,'10711526,,,,,,,,,,,,,,,,,,,,,,,,,,,,,,,,,,,,,,,,,,,,,,,https://cdn.shopify.com/s/files/1/0618/2368/0740/files/22_2ebbdb73-f943-4156-a898-5ce0d9426aa3.png?v=1717075719,kg,,,,,,
copy-of-kitty-love-t-shirt-for-kids,,,,,,,,,13-14 YRS,,,Orange,,,,,'10711527,200.0,shopify,99,continue,manual,999.00,0.00,true,true,,,,,'10711527,,,,,,,,,,,,,,,,,,,,,,,,,,,,,,,,,,,,,,,,,,,,,,,https://cdn.shopify.com/s/files/1/0618/2368/0740/files/26_2ecd4788-727d-4458-8b17-d9cc962f5a3b.png?v=1717078871,kg,,,,,,
copy-of-kitty-love-t-shirt-for-kids,,,,,,,,,13-14 YRS,,,Blue,,,,,'10711528,200.0,shopify,100,continue,manual,999.00,0.00,true,true,,,,,'10711528,,,,,,,,,,,,,,,,,,,,,,,,,,,,,,,,,,,,,,,,,,,,,,,https://cdn.shopify.com/s/files/1/0618/2368/0740/files/27_b5458eb7-4aef-43f2-a9cc-a0fe84f488d9.png?v=1717078871,kg,,,,,,
copy-of-kitty-love-t-shirt-for-kids,,,,,,,,,13-14 YRS,,,Grey,,,,,'10711529,200.0,shopify,100,continue,manual,999.00,0.00,true,true,,,,,'10711529,,,,,,,,,,,,,,,,,,,,,,,,,,,,,,,,,,,,,,,,,,,,,,,https://cdn.shopify.com/s/files/1/0618/2368/0740/files/20_bc55d00b-a03b-49d0-8846-9424ff870c39.png?v=1717078871,kg,,,,,,
copy-of-kitty-love-t-shirt-for-kids,,,,,,,,,13-14 YRS,,,White,,,,,'10711530,200.0,shopify,100,continue,manual,999.00,0.00,true,true,,,,,'10711530,,,,,,,,,,,,,,,,,,,,,,,,,,,,,,,,,,,,,,,,,,,,,,,https://cdn.shopify.com/s/files/1/0618/2368/0740/files/13_1cca8657-4492-41f6-975d-3f643d302d81.png?v=1717078871,kg,,,,,,
copy-of-kitty-love-t-shirt-for-kids,,,,,,,,,13-14 YRS,,,Black,,,,,'10711531,200.0,shopify,100,continue,manual,999.00,0.00,true,true,,,,,'10711531,,,,,,,,,,,,,,,,,,,,,,,,,,,,,,,,,,,,,,,,,,,,,,,https://cdn.shopify.com/s/files/1/0618/2368/0740/files/11_c74acc3a-631b-4f85-99c8-129e5cf0b3f0.png?v=1717078871,kg,,,,,,
copy-of-kitty-love-t-shirt-for-kids,,,,,,,,,13-14 YRS,,,Red,,,,,'10711532,200.0,shopify,100,continue,manual,999.00,0.00,true,true,,,,,'10711532,,,,,,,,,,,,,,,,,,,,,,,,,,,,,,,,,,,,,,,,,,,,,,,https://cdn.shopify.com/s/files/1/0618/2368/0740/files/19_6a6439f1-a5ef-4d20-b715-67fce6f6fb30.png?v=1717078871,kg,,,,,,
copy-of-kitty-love-t-shirt-for-kids,,,,,,,,,13-14 YRS,,,Yellow,,,,,'10711533,200.0,shopify,100,continue,manual,999.00,0.00,true,true,,,,,'10711533,,,,,,,,,,,,,,,,,,,,,,,,,,,,,,,,,,,,,,,,,,,,,,,https://cdn.shopify.com/s/files/1/0618/2368/0740/files/23_b89e40c8-e1f5-4a11-ae43-909cd1fb837e.png?v=1717078871,kg,,,,,,
copy-of-kitty-love-t-shirt-for-kids,,,,,,,,,13-14 YRS,,,Mahroon,,,,,'10706840,200.0,shopify,100,continue,manual,999.00,0.00,true,true,,,,,'10706840,,,,,,,,,,,,,,,,,,,,,,,,,,,,,,,,,,,,,,,,,,,,,,,https://cdn.shopify.com/s/files/1/0618/2368/0740/files/17_4e11663a-eedb-4da2-9c9d-3fc6809e8ae1.png?v=1717078871,kg,,,,,,
angry-birds-printed-t-shirt-for-kids-copy,BAT MAN Printed T Shirt for Kids,"<div>Fabric: High-Quality Cotton Jersey</div>
<div>Half Sleeve T-Shirt</div>
<div>Round Neck</div>
<div>High Quality DTF Printed</div>
<div>Soft and Comfortable Wear</div>
<div>Easy Wash &amp; Press</div>
<div>Sizes 1-14 years </div>
<div><span>Disclaimer: Colors may vary slightly due to studio lights. </span></div>",BBG FASHION CLOTHING STORE,Apparel & Accessories > Clothing > Clothing Tops > T-Shirts,kids T-Shirts,kids T-Shirts,false,Size,1-2 YRS,,Color,Green,,,,,'10711396,200.0,shopify,50,continue,manual,799.00,0.00,true,true,,,,,'10711396,https://cdn.shopify.com/s/files/1/0618/2368/0740/files/20_8fe3dbf5-d46f-43f7-bcac-84d33c704139.png?v=1717075699,1,Angry Birds Printed T Shirt For Kids Copy - front view - kids wear Pakistan,false,,,212,,,,,,,,,,,,,,,,,,,,,,,,,,,,,,,,,,,,,,,,https://cdn.shopify.com/s/files/1/0618/2368/0740/files/20_8fe3dbf5-d46f-43f7-bcac-84d33c704139.png?v=1717075699,kg,,,true,,,draft
angry-birds-printed-t-shirt-for-kids-copy,,,,,,,,,1-2 YRS,,,Grey,,,,,'10711397,200.0,shopify,50,continue,manual,799.00,0.00,true,true,,,,,'10711397,https://cdn.shopify.com/s/files/1/0618/2368/0740/files/bbg_b8382a0d-dc38-416a-9141-b1f36c3039d4.png?v=1717078213,2,Angry Birds Printed T Shirt For Kids Copy - back view - kids wear Pakistan,,,,,,,,,,,,,,,,,,,,,,,,,,,,,,,,,,,,,,,,,,,,https://cdn.shopify.com/s/files/1/0618/2368/0740/files/15_f578e552-4d84-42f2-b244-b9317cc981be.png?v=1717078213,kg,,,,,,
angry-birds-printed-t-shirt-for-kids-copy,,,,,,,,,1-2 YRS,,,White,,,,,'10711398,200.0,shopify,50,continue,manual,799.00,0.00,true,true,,,,,'10711398,https://cdn.shopify.com/s/files/1/0618/2368/0740/files/11_59536584-23e3-4fcb-938b-370e99359bba.png?v=1717078213,3,Angry Birds Printed T Shirt For Kids Copy - side view - kids wear Pakistan,,,,,,,,,,,,,,,,,,,,,,,,,,,,,,,,,,,,,,,,,,,,https://cdn.shopify.com/s/files/1/0618/2368/0740/files/9_6e6f00f8-82a0-4e6d-8e69-c95077543ce0.png?v=1717078213,kg,,,,,,
angry-birds-printed-t-shirt-for-kids-copy,,,,,,,,,1-2 YRS,,,Red,,,,,'10711399,200.0,shopify,50,continue,manual,799.00,0.00,true,true,,,,,'10711399,https://cdn.shopify.com/s/files/1/0618/2368/0740/files/9_6e6f00f8-82a0-4e6d-8e69-c95077543ce0.png?v=1717078213,4,Angry Birds Printed T Shirt For Kids Copy - detail shot - kids wear Pakistan,,,,,,,,,,,,,,,,,,,,,,,,,,,,,,,,,,,,,,,,,,,,https://cdn.shopify.com/s/files/1/0618/2368/0740/files/10_c5902e3f-000e-43f8-a6de-d4d4a47396fd.png?v=1717078213,kg,,,,,,
angry-birds-printed-t-shirt-for-kids-copy,,,,,,,,,1-2 YRS,,,Yellow,,,,,'10711400,200.0,shopify,50,continue,manual,799.00,0.00,true,true,,,,,'10711400,https://cdn.shopify.com/s/files/1/0618/2368/0740/files/10_c5902e3f-000e-43f8-a6de-d4d4a47396fd.png?v=1717078213,5,Angry Birds Printed T Shirt For Kids Copy - front view - kids wear Pakistan,,,,,,,,,,,,,,,,,,,,,,,,,,,,,,,,,,,,,,,,,,,,https://cdn.shopify.com/s/files/1/0618/2368/0740/files/16_0e8d9e0f-ef9e-43d0-a647-2fcc693159f3.png?v=1717078213,kg,,,,,,
angry-birds-printed-t-shirt-for-kids-copy,,,,,,,,,1-2 YRS,,,Mahroon,,,,,'10711401,200.0,shopify,50,continue,manual,799.00,0.00,true,true,,,,,'10711401,https://cdn.shopify.com/s/files/1/0618/2368/0740/files/12_e49c3655-ed10-499c-858d-f0c93c2a7273.png?v=1717078213,6,Angry Birds Printed T Shirt For Kids Copy - back view - kids wear Pakistan,,,,,,,,,,,,,,,,,,,,,,,,,,,,,,,,,,,,,,,,,,,,https://cdn.shopify.com/s/files/1/0618/2368/0740/files/14_39bd8767-3688-4d3f-ab48-1e6c938814e7.png?v=1717078213,kg,,,,,,
angry-birds-printed-t-shirt-for-kids-copy,,,,,,,,,1-2 YRS,,,Pink,,,,,'10711402,200.0,shopify,50,continue,manual,799.00,0.00,true,true,,,,,'10711402,https://cdn.shopify.com/s/files/1/0618/2368/0740/files/13_b327fba3-39eb-40ba-adf0-cb844e20dcca.png?v=1717078213,7,Angry Birds Printed T Shirt For Kids Copy - side view - kids wear Pakistan,,,,,,,,,,,,,,,,,,,,,,,,,,,,,,,,,,,,,,,,,,,,https://cdn.shopify.com/s/files/1/0618/2368/0740/files/13_b327fba3-39eb-40ba-adf0-cb844e20dcca.png?v=1717078213,kg,,,,,,
angry-birds-printed-t-shirt-for-kids-copy,,,,,,,,,1-2 YRS,,,Orange,,,,,'10711403,200.0,shopify,50,continue,manual,799.00,0.00,true,true,,,,,'10711403,https://cdn.shopify.com/s/files/1/0618/2368/0740/files/14_39bd8767-3688-4d3f-ab48-1e6c938814e7.png?v=1717078213,8,Angry Birds Printed T Shirt For Kids Copy - detail shot - kids wear Pakistan,,,,,,,,,,,,,,,,,,,,,,,,,,,,,,,,,,,,,,,,,,,,https://cdn.shopify.com/s/files/1/0618/2368/0740/files/11_59536584-23e3-4fcb-938b-370e99359bba.png?v=1717078213,kg,,,,,,
angry-birds-printed-t-shirt-for-kids-copy,,,,,,,,,1-2 YRS,,,Royal Blue,,,,,'10711404,200.0,shopify,50,continue,manual,799.00,0.00,true,true,,,,,'10711404,https://cdn.shopify.com/s/files/1/0618/2368/0740/files/16_0e8d9e0f-ef9e-43d0-a647-2fcc693159f3.png?v=1717078213,9,Angry Birds Printed T Shirt For Kids Copy - front view - kids wear Pakistan,,,,,,,,,,,,,,,,,,,,,,,,,,,,,,,,,,,,,,,,,,,,https://cdn.shopify.com/s/files/1/0618/2368/0740/files/12_e49c3655-ed10-499c-858d-f0c93c2a7273.png?v=1717078213,kg,,,,,,
angry-birds-printed-t-shirt-for-kids-copy,,,,,,,,,1-2 YRS,,,Light Blue,,,,,'10711405,200.0,shopify,50,continue,manual,799.00,0.00,true,true,,,,,'10711405,https://cdn.shopify.com/s/files/1/0618/2368/0740/files/17_255b8b9d-2200-4487-9bce-002b6243b37c.png?v=1717078213,10,Angry Birds Printed T Shirt For Kids Copy - back view - kids wear Pakistan,,,,,,,,,,,,,,,,,,,,,,,,,,,,,,,,,,,,,,,,,,,,https://cdn.shopify.com/s/files/1/0618/2368/0740/files/17_255b8b9d-2200-4487-9bce-002b6243b37c.png?v=1717078213,kg,,,,,,
angry-birds-printed-t-shirt-for-kids-copy,,,,,,,,,1-2 YRS,,,Beige,,,,,'10711406,200.0,shopify,50,continue,manual,799.00,0.00,true,true,,,,,'10711406,https://cdn.shopify.com/s/files/1/0618/2368/0740/files/21_17f459d2-7f73-421c-b022-4d45654c0d4c.png?v=1717078213,11,Angry Birds Printed T Shirt For Kids Copy - side view - kids wear Pakistan,,,,,,,,,,,,,,,,,,,,,,,,,,,,,,,,,,,,,,,,,,,,https://cdn.shopify.com/s/files/1/0618/2368/0740/files/21_17f459d2-7f73-421c-b022-4d45654c0d4c.png?v=1717078213,kg,,,,,,
angry-birds-printed-t-shirt-for-kids-copy,,,,,,,,,3-4 YRS,,,Green,,,,,'10711407,200.0,shopify,50,continue,manual,799.00,0.00,true,true,,,,,'10711407,https://cdn.shopify.com/s/files/1/0618/2368/0740/files/15_f578e552-4d84-42f2-b244-b9317cc981be.png?v=1717078213,12,Angry Birds Printed T Shirt For Kids Copy - detail shot - kids wear Pakistan,,,,,,,,,,,,,,,,,,,,,,,,,,,,,,,,,,,,,,,,,,,,https://cdn.shopify.com/s/files/1/0618/2368/0740/files/20_8fe3dbf5-d46f-43f7-bcac-84d33c704139.png?v=1717075699,kg,,,,,,
angry-birds-printed-t-shirt-for-kids-copy,,,,,,,,,3-4 YRS,,,Grey,,,,,'10711408,200.0,shopify,50,continue,manual,799.00,0.00,true,true,,,,,'10711408,,,,,,,,,,,,,,,,,,,,,,,,,,,,,,,,,,,,,,,,,,,,,,,https://cdn.shopify.com/s/files/1/0618/2368/0740/files/15_f578e552-4d84-42f2-b244-b9317cc981be.png?v=1717078213,kg,,,,,,
angry-birds-printed-t-shirt-for-kids-copy,,,,,,,,,3-4 YRS,,,White,,,,,'10711409,200.0,shopify,50,continue,manual,799.00,0.00,true,true,,,,,'10711409,,,,,,,,,,,,,,,,,,,,,,,,,,,,,,,,,,,,,,,,,,,,,,,https://cdn.shopify.com/s/files/1/0618/2368/0740/files/9_6e6f00f8-82a0-4e6d-8e69-c95077543ce0.png?v=1717078213,kg,,,,,,
angry-birds-printed-t-shirt-for-kids-copy,,,,,,,,,3-4 YRS,,,Red,,,,,'10711410,200.0,shopify,50,continue,manual,799.00,0.00,true,true,,,,,'10711410,,,,,,,,,,,,,,,,,,,,,,,,,,,,,,,,,,,,,,,,,,,,,,,https://cdn.shopify.com/s/files/1/0618/2368/0740/files/10_c5902e3f-000e-43f8-a6de-d4d4a47396fd.png?v=1717078213,kg,,,,,,
angry-birds-printed-t-shirt-for-kids-copy,,,,,,,,,3-4 YRS,,,Yellow,,,,,'10711411,200.0,shopify,50,continue,manual,799.00,0.00,true,true,,,,,'10711411,,,,,,,,,,,,,,,,,,,,,,,,,,,,,,,,,,,,,,,,,,,,,,,https://cdn.shopify.com/s/files/1/0618/2368/0740/files/16_0e8d9e0f-ef9e-43d0-a647-2fcc693159f3.png?v=1717078213,kg,,,,,,
angry-birds-printed-t-shirt-for-kids-copy,,,,,,,,,3-4 YRS,,,Mahroon,,,,,'10711412,200.0,shopify,50,continue,manual,799.00,0.00,true,true,,,,,'10711412,,,,,,,,,,,,,,,,,,,,,,,,,,,,,,,,,,,,,,,,,,,,,,,https://cdn.shopify.com/s/files/1/0618/2368/0740/files/14_39bd8767-3688-4d3f-ab48-1e6c938814e7.png?v=1717078213,kg,,,,,,
angry-birds-printed-t-shirt-for-kids-copy,,,,,,,,,3-4 YRS,,,Pink,,,,,'10711413,200.0,shopify,50,continue,manual,799.00,0.00,true,true,,,,,'10711413,,,,,,,,,,,,,,,,,,,,,,,,,,,,,,,,,,,,,,,,,,,,,,,https://cdn.shopify.com/s/files/1/0618/2368/0740/files/13_b327fba3-39eb-40ba-adf0-cb844e20dcca.png?v=1717078213,kg,,,,,,
angry-birds-printed-t-shirt-for-kids-copy,,,,,,,,,3-4 YRS,,,Orange,,,,,'10711414,200.0,shopify,50,continue,manual,799.00,0.00,true,true,,,,,'10711414,,,,,,,,,,,,,,,,,,,,,,,,,,,,,,,,,,,,,,,,,,,,,,,https://cdn.shopify.com/s/files/1/0618/2368/0740/files/11_59536584-23e3-4fcb-938b-370e99359bba.png?v=1717078213,kg,,,,,,
angry-birds-printed-t-shirt-for-kids-copy,,,,,,,,,3-4 YRS,,,Royal Blue,,,,,'10711415,200.0,shopify,50,continue,manual,799.00,0.00,true,true,,,,,'10711415,,,,,,,,,,,,,,,,,,,,,,,,,,,,,,,,,,,,,,,,,,,,,,,https://cdn.shopify.com/s/files/1/0618/2368/0740/files/12_e49c3655-ed10-499c-858d-f0c93c2a7273.png?v=1717078213,kg,,,,,,
angry-birds-printed-t-shirt-for-kids-copy,,,,,,,,,3-4 YRS,,,Light Blue,,,,,'10711416,200.0,shopify,50,continue,manual,799.00,0.00,true,true,,,,,'10711416,,,,,,,,,,,,,,,,,,,,,,,,,,,,,,,,,,,,,,,,,,,,,,,https://cdn.shopify.com/s/files/1/0618/2368/0740/files/17_255b8b9d-2200-4487-9bce-002b6243b37c.png?v=1717078213,kg,,,,,,
angry-birds-printed-t-shirt-for-kids-copy,,,,,,,,,3-4 YRS,,,Beige,,,,,'10711417,200.0,shopify,50,continue,manual,799.00,0.00,true,true,,,,,'10711417,,,,,,,,,,,,,,,,,,,,,,,,,,,,,,,,,,,,,,,,,,,,,,,https://cdn.shopify.com/s/files/1/0618/2368/0740/files/21_17f459d2-7f73-421c-b022-4d45654c0d4c.png?v=1717078213,kg,,,,,,
angry-birds-printed-t-shirt-for-kids-copy,,,,,,,,,5-6 YRS,,,Green,,,,,'10711418,200.0,shopify,48,continue,manual,799.00,0.00,true,true,,,,,'10711418,,,,,,,,,,,,,,,,,,,,,,,,,,,,,,,,,,,,,,,,,,,,,,,https://cdn.shopify.com/s/files/1/0618/2368/0740/files/20_8fe3dbf5-d46f-43f7-bcac-84d33c704139.png?v=1717075699,kg,,,,,,
angry-birds-printed-t-shirt-for-kids-copy,,,,,,,,,5-6 YRS,,,Grey,,,,,'10711419,200.0,shopify,50,continue,manual,799.00,0.00,true,true,,,,,'10711419,,,,,,,,,,,,,,,,,,,,,,,,,,,,,,,,,,,,,,,,,,,,,,,https://cdn.shopify.com/s/files/1/0618/2368/0740/files/15_f578e552-4d84-42f2-b244-b9317cc981be.png?v=1717078213,kg,,,,,,
angry-birds-printed-t-shirt-for-kids-copy,,,,,,,,,5-6 YRS,,,White,,,,,'10711420,200.0,shopify,50,continue,manual,799.00,0.00,true,true,,,,,'10711420,,,,,,,,,,,,,,,,,,,,,,,,,,,,,,,,,,,,,,,,,,,,,,,https://cdn.shopify.com/s/files/1/0618/2368/0740/files/9_6e6f00f8-82a0-4e6d-8e69-c95077543ce0.png?v=1717078213,kg,,,,,,
angry-birds-printed-t-shirt-for-kids-copy,,,,,,,,,5-6 YRS,,,Red,,,,,'10711421,200.0,shopify,50,continue,manual,799.00,0.00,true,true,,,,,'10711421,,,,,,,,,,,,,,,,,,,,,,,,,,,,,,,,,,,,,,,,,,,,,,,https://cdn.shopify.com/s/files/1/0618/2368/0740/files/10_c5902e3f-000e-43f8-a6de-d4d4a47396fd.png?v=1717078213,kg,,,,,,
angry-birds-printed-t-shirt-for-kids-copy,,,,,,,,,5-6 YRS,,,Yellow,,,,,'10711422,200.0,shopify,50,continue,manual,799.00,0.00,true,true,,,,,'10711422,,,,,,,,,,,,,,,,,,,,,,,,,,,,,,,,,,,,,,,,,,,,,,,https://cdn.shopify.com/s/files/1/0618/2368/0740/files/16_0e8d9e0f-ef9e-43d0-a647-2fcc693159f3.png?v=1717078213,kg,,,,,,
angry-birds-printed-t-shirt-for-kids-copy,,,,,,,,,5-6 YRS,,,Mahroon,,,,,'10711423,200.0,shopify,50,continue,manual,799.00,0.00,true,true,,,,,'10711423,,,,,,,,,,,,,,,,,,,,,,,,,,,,,,,,,,,,,,,,,,,,,,,https://cdn.shopify.com/s/files/1/0618/2368/0740/files/14_39bd8767-3688-4d3f-ab48-1e6c938814e7.png?v=1717078213,kg,,,,,,
angry-birds-printed-t-shirt-for-kids-copy,,,,,,,,,5-6 YRS,,,Pink,,,,,'10711424,200.0,shopify,50,continue,manual,799.00,0.00,true,true,,,,,'10711424,,,,,,,,,,,,,,,,,,,,,,,,,,,,,,,,,,,,,,,,,,,,,,,https://cdn.shopify.com/s/files/1/0618/2368/0740/files/13_b327fba3-39eb-40ba-adf0-cb844e20dcca.png?v=1717078213,kg,,,,,,
angry-birds-printed-t-shirt-for-kids-copy,,,,,,,,,5-6 YRS,,,Orange,,,,,'10711425,200.0,shopify,50,continue,manual,799.00,0.00,true,true,,,,,'10711425,,,,,,,,,,,,,,,,,,,,,,,,,,,,,,,,,,,,,,,,,,,,,,,https://cdn.shopify.com/s/files/1/0618/2368/0740/files/11_59536584-23e3-4fcb-938b-370e99359bba.png?v=1717078213,kg,,,,,,
angry-birds-printed-t-shirt-for-kids-copy,,,,,,,,,5-6 YRS,,,Royal Blue,,,,,'10711426,200.0,shopify,50,continue,manual,799.00,0.00,true,true,,,,,'10711426,,,,,,,,,,,,,,,,,,,,,,,,,,,,,,,,,,,,,,,,,,,,,,,https://cdn.shopify.com/s/files/1/0618/2368/0740/files/12_e49c3655-ed10-499c-858d-f0c93c2a7273.png?v=1717078213,kg,,,,,,
angry-birds-printed-t-shirt-for-kids-copy,,,,,,,,,5-6 YRS,,,Light Blue,,,,,'10711427,200.0,shopify,50,continue,manual,799.00,0.00,true,true,,,,,'10711427,,,,,,,,,,,,,,,,,,,,,,,,,,,,,,,,,,,,,,,,,,,,,,,https://cdn.shopify.com/s/files/1/0618/2368/0740/files/17_255b8b9d-2200-4487-9bce-002b6243b37c.png?v=1717078213,kg,,,,,,
angry-birds-printed-t-shirt-for-kids-copy,,,,,,,,,5-6 YRS,,,Beige,,,,,'10711428,200.0,shopify,50,continue,manual,799.00,0.00,true,true,,,,,'10711428,,,,,,,,,,,,,,,,,,,,,,,,,,,,,,,,,,,,,,,,,,,,,,,https://cdn.shopify.com/s/files/1/0618/2368/0740/files/21_17f459d2-7f73-421c-b022-4d45654c0d4c.png?v=1717078213,kg,,,,,,
angry-birds-printed-t-shirt-for-kids-copy,,,,,,,,,7-8 YRS,,,Green,,,,,'10711429,200.0,shopify,49,continue,manual,799.00,0.00,true,true,,,,,'10711429,,,,,,,,,,,,,,,,,,,,,,,,,,,,,,,,,,,,,,,,,,,,,,,https://cdn.shopify.com/s/files/1/0618/2368/0740/files/20_8fe3dbf5-d46f-43f7-bcac-84d33c704139.png?v=1717075699,kg,,,,,,
angry-birds-printed-t-shirt-for-kids-copy,,,,,,,,,7-8 YRS,,,Grey,,,,,'10711430,200.0,shopify,50,continue,manual,799.00,0.00,true,true,,,,,'10711430,,,,,,,,,,,,,,,,,,,,,,,,,,,,,,,,,,,,,,,,,,,,,,,https://cdn.shopify.com/s/files/1/0618/2368/0740/files/15_f578e552-4d84-42f2-b244-b9317cc981be.png?v=1717078213,kg,,,,,,
angry-birds-printed-t-shirt-for-kids-copy,,,,,,,,,7-8 YRS,,,White,,,,,'10711431,200.0,shopify,50,continue,manual,799.00,0.00,true,true,,,,,'10711431,,,,,,,,,,,,,,,,,,,,,,,,,,,,,,,,,,,,,,,,,,,,,,,https://cdn.shopify.com/s/files/1/0618/2368/0740/files/9_6e6f00f8-82a0-4e6d-8e69-c95077543ce0.png?v=1717078213,kg,,,,,,
angry-birds-printed-t-shirt-for-kids-copy,,,,,,,,,7-8 YRS,,,Red,,,,,'10711432,200.0,shopify,50,continue,manual,799.00,0.00,true,true,,,,,'10711432,,,,,,,,,,,,,,,,,,,,,,,,,,,,,,,,,,,,,,,,,,,,,,,https://cdn.shopify.com/s/files/1/0618/2368/0740/files/10_c5902e3f-000e-43f8-a6de-d4d4a47396fd.png?v=1717078213,kg,,,,,,
angry-birds-printed-t-shirt-for-kids-copy,,,,,,,,,7-8 YRS,,,Yellow,,,,,'10711433,200.0,shopify,50,continue,manual,799.00,0.00,true,true,,,,,'10711433,,,,,,,,,,,,,,,,,,,,,,,,,,,,,,,,,,,,,,,,,,,,,,,https://cdn.shopify.com/s/files/1/0618/2368/0740/files/16_0e8d9e0f-ef9e-43d0-a647-2fcc693159f3.png?v=1717078213,kg,,,,,,
angry-birds-printed-t-shirt-for-kids-copy,,,,,,,,,7-8 YRS,,,Mahroon,,,,,'10711434,200.0,shopify,50,continue,manual,799.00,0.00,true,true,,,,,'10711434,,,,,,,,,,,,,,,,,,,,,,,,,,,,,,,,,,,,,,,,,,,,,,,https://cdn.shopify.com/s/files/1/0618/2368/0740/files/14_39bd8767-3688-4d3f-ab48-1e6c938814e7.png?v=1717078213,kg,,,,,,
angry-birds-printed-t-shirt-for-kids-copy,,,,,,,,,7-8 YRS,,,Pink,,,,,'10711435,200.0,shopify,50,continue,manual,799.00,0.00,true,true,,,,,'10711435,,,,,,,,,,,,,,,,,,,,,,,,,,,,,,,,,,,,,,,,,,,,,,,https://cdn.shopify.com/s/files/1/0618/2368/0740/files/13_b327fba3-39eb-40ba-adf0-cb844e20dcca.png?v=1717078213,kg,,,,,,
angry-birds-printed-t-shirt-for-kids-copy,,,,,,,,,7-8 YRS,,,Orange,,,,,'10711436,200.0,shopify,50,continue,manual,799.00,0.00,true,true,,,,,'10711436,,,,,,,,,,,,,,,,,,,,,,,,,,,,,,,,,,,,,,,,,,,,,,,https://cdn.shopify.com/s/files/1/0618/2368/0740/files/11_59536584-23e3-4fcb-938b-370e99359bba.png?v=1717078213,kg,,,,,,
angry-birds-printed-t-shirt-for-kids-copy,,,,,,,,,7-8 YRS,,,Royal Blue,,,,,'10711437,200.0,shopify,50,continue,manual,799.00,0.00,true,true,,,,,'10711437,,,,,,,,,,,,,,,,,,,,,,,,,,,,,,,,,,,,,,,,,,,,,,,https://cdn.shopify.com/s/files/1/0618/2368/0740/files/12_e49c3655-ed10-499c-858d-f0c93c2a7273.png?v=1717078213,kg,,,,,,
angry-birds-printed-t-shirt-for-kids-copy,,,,,,,,,7-8 YRS,,,Light Blue,,,,,'10711438,200.0,shopify,50,continue,manual,799.00,0.00,true,true,,,,,'10711438,,,,,,,,,,,,,,,,,,,,,,,,,,,,,,,,,,,,,,,,,,,,,,,https://cdn.shopify.com/s/files/1/0618/2368/0740/files/17_255b8b9d-2200-4487-9bce-002b6243b37c.png?v=1717078213,kg,,,,,,
angry-birds-printed-t-shirt-for-kids-copy,,,,,,,,,7-8 YRS,,,Beige,,,,,'10711439,200.0,shopify,50,continue,manual,799.00,0.00,true,true,,,,,'10711439,,,,,,,,,,,,,,,,,,,,,,,,,,,,,,,,,,,,,,,,,,,,,,,https://cdn.shopify.com/s/files/1/0618/2368/0740/files/21_17f459d2-7f73-421c-b022-4d45654c0d4c.png?v=1717078213,kg,,,,,,
angry-birds-printed-t-shirt-for-kids-copy,,,,,,,,,9-10 YRS,,,Green,,,,,'10711440,200.0,shopify,50,continue,manual,899.00,0.00,true,true,,,,,'10711440,,,,,,,,,,,,,,,,,,,,,,,,,,,,,,,,,,,,,,,,,,,,,,,https://cdn.shopify.com/s/files/1/0618/2368/0740/files/20_8fe3dbf5-d46f-43f7-bcac-84d33c704139.png?v=1717075699,kg,,,,,,
angry-birds-printed-t-shirt-for-kids-copy,,,,,,,,,9-10 YRS,,,Grey,,,,,'10711441,200.0,shopify,50,continue,manual,899.00,0.00,true,true,,,,,'10711441,,,,,,,,,,,,,,,,,,,,,,,,,,,,,,,,,,,,,,,,,,,,,,,https://cdn.shopify.com/s/files/1/0618/2368/0740/files/15_f578e552-4d84-42f2-b244-b9317cc981be.png?v=1717078213,kg,,,,,,
angry-birds-printed-t-shirt-for-kids-copy,,,,,,,,,9-10 YRS,,,White,,,,,'10711442,200.0,shopify,50,continue,manual,899.00,0.00,true,true,,,,,'10711442,,,,,,,,,,,,,,,,,,,,,,,,,,,,,,,,,,,,,,,,,,,,,,,https://cdn.shopify.com/s/files/1/0618/2368/0740/files/9_6e6f00f8-82a0-4e6d-8e69-c95077543ce0.png?v=1717078213,kg,,,,,,
angry-birds-printed-t-shirt-for-kids-copy,,,,,,,,,9-10 YRS,,,Red,,,,,'10711443,200.0,shopify,50,continue,manual,899.00,0.00,true,true,,,,,'10711443,,,,,,,,,,,,,,,,,,,,,,,,,,,,,,,,,,,,,,,,,,,,,,,https://cdn.shopify.com/s/files/1/0618/2368/0740/files/10_c5902e3f-000e-43f8-a6de-d4d4a47396fd.png?v=1717078213,kg,,,,,,
angry-birds-printed-t-shirt-for-kids-copy,,,,,,,,,9-10 YRS,,,Yellow,,,,,'10711444,200.0,shopify,50,continue,manual,899.00,0.00,true,true,,,,,'10711444,,,,,,,,,,,,,,,,,,,,,,,,,,,,,,,,,,,,,,,,,,,,,,,https://cdn.shopify.com/s/files/1/0618/2368/0740/files/16_0e8d9e0f-ef9e-43d0-a647-2fcc693159f3.png?v=1717078213,kg,,,,,,
angry-birds-printed-t-shirt-for-kids-copy,,,,,,,,,9-10 YRS,,,Mahroon,,,,,'10711445,200.0,shopify,50,continue,manual,899.00,0.00,true,true,,,,,'10711445,,,,,,,,,,,,,,,,,,,,,,,,,,,,,,,,,,,,,,,,,,,,,,,https://cdn.shopify.com/s/files/1/0618/2368/0740/files/14_39bd8767-3688-4d3f-ab48-1e6c938814e7.png?v=1717078213,kg,,,,,,
angry-birds-printed-t-shirt-for-kids-copy,,,,,,,,,9-10 YRS,,,Pink,,,,,'10711446,200.0,shopify,50,continue,manual,899.00,0.00,true,true,,,,,'10711446,,,,,,,,,,,,,,,,,,,,,,,,,,,,,,,,,,,,,,,,,,,,,,,https://cdn.shopify.com/s/files/1/0618/2368/0740/files/13_b327fba3-39eb-40ba-adf0-cb844e20dcca.png?v=1717078213,kg,,,,,,
angry-birds-printed-t-shirt-for-kids-copy,,,,,,,,,9-10 YRS,,,Orange,,,,,'10711447,200.0,shopify,50,continue,manual,899.00,0.00,true,true,,,,,'10711447,,,,,,,,,,,,,,,,,,,,,,,,,,,,,,,,,,,,,,,,,,,,,,,https://cdn.shopify.com/s/files/1/0618/2368/0740/files/11_59536584-23e3-4fcb-938b-370e99359bba.png?v=1717078213,kg,,,,,,
angry-birds-printed-t-shirt-for-kids-copy,,,,,,,,,9-10 YRS,,,Royal Blue,,,,,'10711448,200.0,shopify,50,continue,manual,899.00,0.00,true,true,,,,,'10711448,,,,,,,,,,,,,,,,,,,,,,,,,,,,,,,,,,,,,,,,,,,,,,,https://cdn.shopify.com/s/files/1/0618/2368/0740/files/12_e49c3655-ed10-499c-858d-f0c93c2a7273.png?v=1717078213,kg,,,,,,
angry-birds-printed-t-shirt-for-kids-copy,,,,,,,,,9-10 YRS,,,Light Blue,,,,,'10711449,200.0,shopify,50,continue,manual,899.00,0.00,true,true,,,,,'10711449,,,,,,,,,,,,,,,,,,,,,,,,,,,,,,,,,,,,,,,,,,,,,,,https://cdn.shopify.com/s/files/1/0618/2368/0740/files/17_255b8b9d-2200-4487-9bce-002b6243b37c.png?v=1717078213,kg,,,,,,
angry-birds-printed-t-shirt-for-kids-copy,,,,,,,,,9-10 YRS,,,Beige,,,,,'10711450,200.0,shopify,50,continue,manual,899.00,0.00,true,true,,,,,'10711450,,,,,,,,,,,,,,,,,,,,,,,,,,,,,,,,,,,,,,,,,,,,,,,https://cdn.shopify.com/s/files/1/0618/2368/0740/files/21_17f459d2-7f73-421c-b022-4d45654c0d4c.png?v=1717078213,kg,,,,,,
angry-birds-printed-t-shirt-for-kids-copy,,,,,,,,,11-12 YRS,,,Green,,,,,'10711451,200.0,shopify,49,continue,manual,899.00,0.00,true,true,,,,,'10711451,,,,,,,,,,,,,,,,,,,,,,,,,,,,,,,,,,,,,,,,,,,,,,,https://cdn.shopify.com/s/files/1/0618/2368/0740/files/20_8fe3dbf5-d46f-43f7-bcac-84d33c704139.png?v=1717075699,kg,,,,,,
angry-birds-printed-t-shirt-for-kids-copy,,,,,,,,,11-12 YRS,,,Grey,,,,,'10711452,200.0,shopify,50,continue,manual,899.00,0.00,true,true,,,,,'10711452,,,,,,,,,,,,,,,,,,,,,,,,,,,,,,,,,,,,,,,,,,,,,,,https://cdn.shopify.com/s/files/1/0618/2368/0740/files/15_f578e552-4d84-42f2-b244-b9317cc981be.png?v=1717078213,kg,,,,,,
angry-birds-printed-t-shirt-for-kids-copy,,,,,,,,,11-12 YRS,,,White,,,,,'10711453,200.0,shopify,50,continue,manual,899.00,0.00,true,true,,,,,'10711453,,,,,,,,,,,,,,,,,,,,,,,,,,,,,,,,,,,,,,,,,,,,,,,https://cdn.shopify.com/s/files/1/0618/2368/0740/files/9_6e6f00f8-82a0-4e6d-8e69-c95077543ce0.png?v=1717078213,kg,,,,,,
angry-birds-printed-t-shirt-for-kids-copy,,,,,,,,,11-12 YRS,,,Red,,,,,'10711454,200.0,shopify,50,continue,manual,899.00,0.00,true,true,,,,,'10711454,,,,,,,,,,,,,,,,,,,,,,,,,,,,,,,,,,,,,,,,,,,,,,,https://cdn.shopify.com/s/files/1/0618/2368/0740/files/10_c5902e3f-000e-43f8-a6de-d4d4a47396fd.png?v=1717078213,kg,,,,,,
angry-birds-printed-t-shirt-for-kids-copy,,,,,,,,,11-12 YRS,,,Yellow,,,,,'10711455,200.0,shopify,49,continue,manual,899.00,0.00,true,true,,,,,'10711455,,,,,,,,,,,,,,,,,,,,,,,,,,,,,,,,,,,,,,,,,,,,,,,https://cdn.shopify.com/s/files/1/0618/2368/0740/files/16_0e8d9e0f-ef9e-43d0-a647-2fcc693159f3.png?v=1717078213,kg,,,,,,
angry-birds-printed-t-shirt-for-kids-copy,,,,,,,,,11-12 YRS,,,Mahroon,,,,,'10711456,200.0,shopify,50,continue,manual,899.00,0.00,true,true,,,,,'10711456,,,,,,,,,,,,,,,,,,,,,,,,,,,,,,,,,,,,,,,,,,,,,,,https://cdn.shopify.com/s/files/1/0618/2368/0740/files/14_39bd8767-3688-4d3f-ab48-1e6c938814e7.png?v=1717078213,kg,,,,,,
angry-birds-printed-t-shirt-for-kids-copy,,,,,,,,,11-12 YRS,,,Pink,,,,,'10711457,200.0,shopify,50,continue,manual,899.00,0.00,true,true,,,,,'10711457,,,,,,,,,,,,,,,,,,,,,,,,,,,,,,,,,,,,,,,,,,,,,,,https://cdn.shopify.com/s/files/1/0618/2368/0740/files/13_b327fba3-39eb-40ba-adf0-cb844e20dcca.png?v=1717078213,kg,,,,,,
angry-birds-printed-t-shirt-for-kids-copy,,,,,,,,,11-12 YRS,,,Orange,,,,,'10711458,200.0,shopify,50,continue,manual,899.00,0.00,true,true,,,,,'10711458,,,,,,,,,,,,,,,,,,,,,,,,,,,,,,,,,,,,,,,,,,,,,,,https://cdn.shopify.com/s/files/1/0618/2368/0740/files/11_59536584-23e3-4fcb-938b-370e99359bba.png?v=1717078213,kg,,,,,,
angry-birds-printed-t-shirt-for-kids-copy,,,,,,,,,11-12 YRS,,,Royal Blue,,,,,'10711459,200.0,shopify,49,continue,manual,899.00,0.00,true,true,,,,,'10711459,,,,,,,,,,,,,,,,,,,,,,,,,,,,,,,,,,,,,,,,,,,,,,,https://cdn.shopify.com/s/files/1/0618/2368/0740/files/12_e49c3655-ed10-499c-858d-f0c93c2a7273.png?v=1717078213,kg,,,,,,
angry-birds-printed-t-shirt-for-kids-copy,,,,,,,,,11-12 YRS,,,Light Blue,,,,,'10711460,200.0,shopify,50,continue,manual,899.00,0.00,true,true,,,,,'10711460,,,,,,,,,,,,,,,,,,,,,,,,,,,,,,,,,,,,,,,,,,,,,,,https://cdn.shopify.com/s/files/1/0618/2368/0740/files/17_255b8b9d-2200-4487-9bce-002b6243b37c.png?v=1717078213,kg,,,,,,
angry-birds-printed-t-shirt-for-kids-copy,,,,,,,,,11-12 YRS,,,Beige,,,,,'10711461,200.0,shopify,49,continue,manual,899.00,0.00,true,true,,,,,'10711461,,,,,,,,,,,,,,,,,,,,,,,,,,,,,,,,,,,,,,,,,,,,,,,https://cdn.shopify.com/s/files/1/0618/2368/0740/files/21_17f459d2-7f73-421c-b022-4d45654c0d4c.png?v=1717078213,kg,,,,,,
angry-birds-printed-t-shirt-for-kids-copy,,,,,,,,,13-14 YRS,,,Green,,,,,'10711462,200.0,shopify,100,continue,manual,999.00,0.00,true,true,,,,,'10711462,,,,,,,,,,,,,,,,,,,,,,,,,,,,,,,,,,,,,,,,,,,,,,,https://cdn.shopify.com/s/files/1/0618/2368/0740/files/20_8fe3dbf5-d46f-43f7-bcac-84d33c704139.png?v=1717075699,kg,,,,,,
angry-birds-printed-t-shirt-for-kids-copy,,,,,,,,,13-14 YRS,,,Grey,,,,,'10711463,200.0,shopify,100,continue,manual,999.00,0.00,true,true,,,,,'10711463,,,,,,,,,,,,,,,,,,,,,,,,,,,,,,,,,,,,,,,,,,,,,,,https://cdn.shopify.com/s/files/1/0618/2368/0740/files/15_f578e552-4d84-42f2-b244-b9317cc981be.png?v=1717078213,kg,,,,,,
angry-birds-printed-t-shirt-for-kids-copy,,,,,,,,,13-14 YRS,,,White,,,,,'10711464,200.0,shopify,100,continue,manual,999.00,0.00,true,true,,,,,'10711464,,,,,,,,,,,,,,,,,,,,,,,,,,,,,,,,,,,,,,,,,,,,,,,https://cdn.shopify.com/s/files/1/0618/2368/0740/files/9_6e6f00f8-82a0-4e6d-8e69-c95077543ce0.png?v=1717078213,kg,,,,,,
angry-birds-printed-t-shirt-for-kids-copy,,,,,,,,,13-14 YRS,,,Red,,,,,'10711465,200.0,shopify,100,continue,manual,999.00,0.00,true,true,,,,,'10711465,,,,,,,,,,,,,,,,,,,,,,,,,,,,,,,,,,,,,,,,,,,,,,,https://cdn.shopify.com/s/files/1/0618/2368/0740/files/10_c5902e3f-000e-43f8-a6de-d4d4a47396fd.png?v=1717078213,kg,,,,,,
angry-birds-printed-t-shirt-for-kids-copy,,,,,,,,,13-14 YRS,,,Yellow,,,,,'10711466,200.0,shopify,100,continue,manual,999.00,0.00,true,true,,,,,'10711466,,,,,,,,,,,,,,,,,,,,,,,,,,,,,,,,,,,,,,,,,,,,,,,https://cdn.shopify.com/s/files/1/0618/2368/0740/files/16_0e8d9e0f-ef9e-43d0-a647-2fcc693159f3.png?v=1717078213,kg,,,,,,
angry-birds-printed-t-shirt-for-kids-copy,,,,,,,,,13-14 YRS,,,Mahroon,,,,,'10711467,200.0,shopify,100,continue,manual,999.00,0.00,true,true,,,,,'10711467,,,,,,,,,,,,,,,,,,,,,,,,,,,,,,,,,,,,,,,,,,,,,,,https://cdn.shopify.com/s/files/1/0618/2368/0740/files/14_39bd8767-3688-4d3f-ab48-1e6c938814e7.png?v=1717078213,kg,,,,,,
angry-birds-printed-t-shirt-for-kids-copy,,,,,,,,,13-14 YRS,,,Pink,,,,,'10711468,200.0,shopify,100,continue,manual,999.00,0.00,true,true,,,,,'10711468,,,,,,,,,,,,,,,,,,,,,,,,,,,,,,,,,,,,,,,,,,,,,,,https://cdn.shopify.com/s/files/1/0618/2368/0740/files/13_b327fba3-39eb-40ba-adf0-cb844e20dcca.png?v=1717078213,kg,,,,,,
angry-birds-printed-t-shirt-for-kids-copy,,,,,,,,,13-14 YRS,,,Orange,,,,,'10711469,200.0,shopify,100,continue,manual,999.00,0.00,true,true,,,,,'10711469,,,,,,,,,,,,,,,,,,,,,,,,,,,,,,,,,,,,,,,,,,,,,,,https://cdn.shopify.com/s/files/1/0618/2368/0740/files/11_59536584-23e3-4fcb-938b-370e99359bba.png?v=1717078213,kg,,,,,,
angry-birds-printed-t-shirt-for-kids-copy,,,,,,,,,13-14 YRS,,,Royal Blue,,,,,'10711470,200.0,shopify,100,continue,manual,999.00,0.00,true,true,,,,,'10711470,,,,,,,,,,,,,,,,,,,,,,,,,,,,,,,,,,,,,,,,,,,,,,,https://cdn.shopify.com/s/files/1/0618/2368/0740/files/12_e49c3655-ed10-499c-858d-f0c93c2a7273.png?v=1717078213,kg,,,,,,
angry-birds-printed-t-shirt-for-kids-copy,,,,,,,,,13-14 YRS,,,Light Blue,,,,,'10711471,200.0,shopify,100,continue,manual,999.00,0.00,true,true,,,,,'10711471,,,,,,,,,,,,,,,,,,,,,,,,,,,,,,,,,,,,,,,,,,,,,,,https://cdn.shopify.com/s/files/1/0618/2368/0740/files/17_255b8b9d-2200-4487-9bce-002b6243b37c.png?v=1717078213,kg,,,,,,
angry-birds-printed-t-shirt-for-kids-copy,,,,,,,,,13-14 YRS,,,Beige,,,,,'10706839,200.0,shopify,100,continue,manual,999.00,0.00,true,true,,,,,'10706839,,,,,,,,,,,,,,,,,,,,,,,,,,,,,,,,,,,,,,,,,,,,,,,https://cdn.shopify.com/s/files/1/0618/2368/0740/files/21_17f459d2-7f73-421c-b022-4d45654c0d4c.png?v=1717078213,kg,,,,,,
bat-man-printed-t-shirt-for-kids-copy,AWESOME DINO T Shirt for Kids,"<div>Fabric: High-Quality Cotton Jersey</div>
<div>Half Sleeve T-Shirt</div>
<div>Round Neck</div>
<div>High Quality DTF Printed</div>
<div>Soft and Comfortable Wear</div>
<div>Easy Wash &amp; Press</div>
<div>Sizes 1-14 years </div>
<div><span>Disclaimer: Colors may vary slightly due to studio lights. </span></div>",BBG FASHION CLOTHING STORE,Apparel & Accessories > Clothing > Clothing Tops > T-Shirts,kids T-Shirts,kids T-Shirts,false,Size,1-2 YRS,,Color,Purple,,,,,'10711306,200.0,shopify,50,continue,manual,799.00,0.00,true,true,,,,,'10711306,https://cdn.shopify.com/s/files/1/0618/2368/0740/files/28_9ff8203b-a8c1-4f8e-b1f6-54ccb91b68dc.png?v=1717075677,1,Bat Man Printed T Shirt For Kids Copy - front view - kids wear Pakistan,false,,,212,,,,,,,,,,,,,,,,,,,,,,,,,,,,,,,,,,,,,,,,https://cdn.shopify.com/s/files/1/0618/2368/0740/files/28_9ff8203b-a8c1-4f8e-b1f6-54ccb91b68dc.png?v=1717075677,kg,,,true,,,draft
bat-man-printed-t-shirt-for-kids-copy,,,,,,,,,1-2 YRS,,,White,,,,,'10711307,200.0,shopify,50,continue,manual,799.00,0.00,true,true,,,,,'10711307,https://cdn.shopify.com/s/files/1/0618/2368/0740/files/bbg_70db319c-d634-4b3e-ba6f-e42d91916245.png?v=1717078148,2,Bat Man Printed T Shirt For Kids Copy - back view - kids wear Pakistan,,,,,,,,,,,,,,,,,,,,,,,,,,,,,,,,,,,,,,,,,,,,https://cdn.shopify.com/s/files/1/0618/2368/0740/files/22_6e5a6716-3b3a-4d07-b5aa-49824be11f55.png?v=1717078148,kg,,,,,,
bat-man-printed-t-shirt-for-kids-copy,,,,,,,,,1-2 YRS,,,Grey,,,,,'10711308,200.0,shopify,50,continue,manual,799.00,0.00,true,true,,,,,'10711308,https://cdn.shopify.com/s/files/1/0618/2368/0740/files/22_6e5a6716-3b3a-4d07-b5aa-49824be11f55.png?v=1717078148,3,Bat Man Printed T Shirt For Kids Copy - side view - kids wear Pakistan,,,,,,,,,,,,,,,,,,,,,,,,,,,,,,,,,,,,,,,,,,,,https://cdn.shopify.com/s/files/1/0618/2368/0740/files/15_7ab29bdf-e737-4c5c-a682-bb06a4dc84c6.png?v=1717078148,kg,,,,,,
bat-man-printed-t-shirt-for-kids-copy,,,,,,,,,1-2 YRS,,,Red,,,,,'10711309,200.0,shopify,50,continue,manual,799.00,0.00,true,true,,,,,'10711309,https://cdn.shopify.com/s/files/1/0618/2368/0740/files/8_3376716f-056f-4e8a-bea7-05bffdd6f9a9.png?v=1717078148,4,Bat Man Printed T Shirt For Kids Copy - detail shot - kids wear Pakistan,,,,,,,,,,,,,,,,,,,,,,,,,,,,,,,,,,,,,,,,,,,,https://cdn.shopify.com/s/files/1/0618/2368/0740/files/24_e8183d85-db9c-4f4e-b7fb-4b460c7aa90f.png?v=1717078148,kg,,,,,,
bat-man-printed-t-shirt-for-kids-copy,,,,,,,,,1-2 YRS,,,Yellow,,,,,'10711310,200.0,shopify,50,continue,manual,799.00,0.00,true,true,,,,,'10711310,https://cdn.shopify.com/s/files/1/0618/2368/0740/files/15_7ab29bdf-e737-4c5c-a682-bb06a4dc84c6.png?v=1717078148,5,Bat Man Printed T Shirt For Kids Copy - front view - kids wear Pakistan,,,,,,,,,,,,,,,,,,,,,,,,,,,,,,,,,,,,,,,,,,,,https://cdn.shopify.com/s/files/1/0618/2368/0740/files/16_13262385-e793-44f0-a3f3-cb1654fc4805.png?v=1717078148,kg,,,,,,
bat-man-printed-t-shirt-for-kids-copy,,,,,,,,,1-2 YRS,,,Mahroon,,,,,'10711311,200.0,shopify,50,continue,manual,799.00,0.00,true,true,,,,,'10711311,https://cdn.shopify.com/s/files/1/0618/2368/0740/files/16_13262385-e793-44f0-a3f3-cb1654fc4805.png?v=1717078148,6,Bat Man Printed T Shirt For Kids Copy - back view - kids wear Pakistan,,,,,,,,,,,,,,,,,,,,,,,,,,,,,,,,,,,,,,,,,,,,https://cdn.shopify.com/s/files/1/0618/2368/0740/files/23_b24579a2-a6dd-4428-9b86-51571c4ef725.png?v=1717078148,kg,,,,,,
bat-man-printed-t-shirt-for-kids-copy,,,,,,,,,1-2 YRS,,,Pink,,,,,'10711312,200.0,shopify,50,continue,manual,799.00,0.00,true,true,,,,,'10711312,https://cdn.shopify.com/s/files/1/0618/2368/0740/files/17_08e618f9-3576-4d75-83ff-887bb09f5704.png?v=1717078148,7,Bat Man Printed T Shirt For Kids Copy - side view - kids wear Pakistan,,,,,,,,,,,,,,,,,,,,,,,,,,,,,,,,,,,,,,,,,,,,https://cdn.shopify.com/s/files/1/0618/2368/0740/files/25_5b13b3a3-9ed7-4281-b501-87ce16896aa8.png?v=1717078148,kg,,,,,,
bat-man-printed-t-shirt-for-kids-copy,,,,,,,,,1-2 YRS,,,Orange,,,,,'10711313,200.0,shopify,50,continue,manual,799.00,0.00,true,true,,,,,'10711313,https://cdn.shopify.com/s/files/1/0618/2368/0740/files/20_671f5f76-9af9-4a6c-8d92-9b100f51f385.png?v=1717078148,8,Bat Man Printed T Shirt For Kids Copy - detail shot - kids wear Pakistan,,,,,,,,,,,,,,,,,,,,,,,,,,,,,,,,,,,,,,,,,,,,https://cdn.shopify.com/s/files/1/0618/2368/0740/files/26_7007993a-0bc9-45b6-a57a-42fdd402d540.png?v=1717078148,kg,,,,,,
bat-man-printed-t-shirt-for-kids-copy,,,,,,,,,1-2 YRS,,,Light Blue,,,,,'10711314,200.0,shopify,49,continue,manual,799.00,0.00,true,true,,,,,'10711314,https://cdn.shopify.com/s/files/1/0618/2368/0740/files/21_b6401f07-f960-449e-b8fd-7a477a41c87f.png?v=1717078148,9,Bat Man Printed T Shirt For Kids Copy - front view - kids wear Pakistan,,,,,,,,,,,,,,,,,,,,,,,,,,,,,,,,,,,,,,,,,,,,https://cdn.shopify.com/s/files/1/0618/2368/0740/files/17_08e618f9-3576-4d75-83ff-887bb09f5704.png?v=1717078148,kg,,,,,,
bat-man-printed-t-shirt-for-kids-copy,,,,,,,,,1-2 YRS,,,Green,,,,,'10711315,200.0,shopify,50,continue,manual,799.00,0.00,true,true,,,,,'10711315,https://cdn.shopify.com/s/files/1/0618/2368/0740/files/23_b24579a2-a6dd-4428-9b86-51571c4ef725.png?v=1717078148,10,Bat Man Printed T Shirt For Kids Copy - back view - kids wear Pakistan,,,,,,,,,,,,,,,,,,,,,,,,,,,,,,,,,,,,,,,,,,,,https://cdn.shopify.com/s/files/1/0618/2368/0740/files/20_671f5f76-9af9-4a6c-8d92-9b100f51f385.png?v=1717078148,kg,,,,,,
bat-man-printed-t-shirt-for-kids-copy,,,,,,,,,1-2 YRS,,,Beige,,,,,'10711316,200.0,shopify,50,continue,manual,799.00,0.00,true,true,,,,,'10711316,https://cdn.shopify.com/s/files/1/0618/2368/0740/files/24_e8183d85-db9c-4f4e-b7fb-4b460c7aa90f.png?v=1717078148,11,Bat Man Printed T Shirt For Kids Copy - side view - kids wear Pakistan,,,,,,,,,,,,,,,,,,,,,,,,,,,,,,,,,,,,,,,,,,,,https://cdn.shopify.com/s/files/1/0618/2368/0740/files/21_b6401f07-f960-449e-b8fd-7a477a41c87f.png?v=1717078148,kg,,,,,,
bat-man-printed-t-shirt-for-kids-copy,,,,,,,,,1-2 YRS,,,Black,,,,,'10711317,200.0,shopify,50,continue,manual,799.00,0.00,true,true,,,,,'10711317,https://cdn.shopify.com/s/files/1/0618/2368/0740/files/25_5b13b3a3-9ed7-4281-b501-87ce16896aa8.png?v=1717078148,12,Bat Man Printed T Shirt For Kids Copy - detail shot - kids wear Pakistan,,,,,,,,,,,,,,,,,,,,,,,,,,,,,,,,,,,,,,,,,,,,https://cdn.shopify.com/s/files/1/0618/2368/0740/files/8_3376716f-056f-4e8a-bea7-05bffdd6f9a9.png?v=1717078148,kg,,,,,,
bat-man-printed-t-shirt-for-kids-copy,,,,,,,,,1-2 YRS,,,Royal Blue,,,,,'10711318,200.0,shopify,50,continue,manual,799.00,0.00,true,true,,,,,'10711318,https://cdn.shopify.com/s/files/1/0618/2368/0740/files/26_7007993a-0bc9-45b6-a57a-42fdd402d540.png?v=1717078148,13,Bat Man Printed T Shirt For Kids Copy - front view - kids wear Pakistan,,,,,,,,,,,,,,,,,,,,,,,,,,,,,,,,,,,,,,,,,,,,https://cdn.shopify.com/s/files/1/0618/2368/0740/files/27_3a867ff1-e548-4988-8bbd-04c3cea89df3.png?v=1717078148,kg,,,,,,
bat-man-printed-t-shirt-for-kids-copy,,,,,,,,,3-4 YRS,,,Purple,,,,,'10711319,200.0,shopify,50,continue,manual,799.00,0.00,true,true,,,,,'10711319,https://cdn.shopify.com/s/files/1/0618/2368/0740/files/27_3a867ff1-e548-4988-8bbd-04c3cea89df3.png?v=1717078148,14,Bat Man Printed T Shirt For Kids Copy - back view - kids wear Pakistan,,,,,,,,,,,,,,,,,,,,,,,,,,,,,,,,,,,,,,,,,,,,https://cdn.shopify.com/s/files/1/0618/2368/0740/files/28_9ff8203b-a8c1-4f8e-b1f6-54ccb91b68dc.png?v=1717075677,kg,,,,,,
bat-man-printed-t-shirt-for-kids-copy,,,,,,,,,3-4 YRS,,,White,,,,,'10711320,200.0,shopify,50,continue,manual,799.00,0.00,true,true,,,,,'10711320,,,,,,,,,,,,,,,,,,,,,,,,,,,,,,,,,,,,,,,,,,,,,,,https://cdn.shopify.com/s/files/1/0618/2368/0740/files/22_6e5a6716-3b3a-4d07-b5aa-49824be11f55.png?v=1717078148,kg,,,,,,
bat-man-printed-t-shirt-for-kids-copy,,,,,,,,,3-4 YRS,,,Grey,,,,,'10711321,200.0,shopify,50,continue,manual,799.00,0.00,true,true,,,,,'10711321,,,,,,,,,,,,,,,,,,,,,,,,,,,,,,,,,,,,,,,,,,,,,,,https://cdn.shopify.com/s/files/1/0618/2368/0740/files/15_7ab29bdf-e737-4c5c-a682-bb06a4dc84c6.png?v=1717078148,kg,,,,,,
bat-man-printed-t-shirt-for-kids-copy,,,,,,,,,3-4 YRS,,,Red,,,,,'10711322,200.0,shopify,50,continue,manual,799.00,0.00,true,true,,,,,'10711322,,,,,,,,,,,,,,,,,,,,,,,,,,,,,,,,,,,,,,,,,,,,,,,https://cdn.shopify.com/s/files/1/0618/2368/0740/files/24_e8183d85-db9c-4f4e-b7fb-4b460c7aa90f.png?v=1717078148,kg,,,,,,
bat-man-printed-t-shirt-for-kids-copy,,,,,,,,,3-4 YRS,,,Yellow,,,,,'10711323,200.0,shopify,50,continue,manual,799.00,0.00,true,true,,,,,'10711323,,,,,,,,,,,,,,,,,,,,,,,,,,,,,,,,,,,,,,,,,,,,,,,https://cdn.shopify.com/s/files/1/0618/2368/0740/files/16_13262385-e793-44f0-a3f3-cb1654fc4805.png?v=1717078148,kg,,,,,,
bat-man-printed-t-shirt-for-kids-copy,,,,,,,,,3-4 YRS,,,Mahroon,,,,,'10711324,200.0,shopify,50,continue,manual,799.00,0.00,true,true,,,,,'10711324,,,,,,,,,,,,,,,,,,,,,,,,,,,,,,,,,,,,,,,,,,,,,,,https://cdn.shopify.com/s/files/1/0618/2368/0740/files/23_b24579a2-a6dd-4428-9b86-51571c4ef725.png?v=1717078148,kg,,,,,,
bat-man-printed-t-shirt-for-kids-copy,,,,,,,,,3-4 YRS,,,Pink,,,,,'10711325,200.0,shopify,50,continue,manual,799.00,0.00,true,true,,,,,'10711325,,,,,,,,,,,,,,,,,,,,,,,,,,,,,,,,,,,,,,,,,,,,,,,https://cdn.shopify.com/s/files/1/0618/2368/0740/files/25_5b13b3a3-9ed7-4281-b501-87ce16896aa8.png?v=1717078148,kg,,,,,,
bat-man-printed-t-shirt-for-kids-copy,,,,,,,,,3-4 YRS,,,Orange,,,,,'10711326,200.0,shopify,50,continue,manual,799.00,0.00,true,true,,,,,'10711326,,,,,,,,,,,,,,,,,,,,,,,,,,,,,,,,,,,,,,,,,,,,,,,https://cdn.shopify.com/s/files/1/0618/2368/0740/files/26_7007993a-0bc9-45b6-a57a-42fdd402d540.png?v=1717078148,kg,,,,,,
bat-man-printed-t-shirt-for-kids-copy,,,,,,,,,3-4 YRS,,,Light Blue,,,,,'10711327,200.0,shopify,50,continue,manual,799.00,0.00,true,true,,,,,'10711327,,,,,,,,,,,,,,,,,,,,,,,,,,,,,,,,,,,,,,,,,,,,,,,https://cdn.shopify.com/s/files/1/0618/2368/0740/files/17_08e618f9-3576-4d75-83ff-887bb09f5704.png?v=1717078148,kg,,,,,,
bat-man-printed-t-shirt-for-kids-copy,,,,,,,,,3-4 YRS,,,Green,,,,,'10711328,200.0,shopify,50,continue,manual,799.00,0.00,true,true,,,,,'10711328,,,,,,,,,,,,,,,,,,,,,,,,,,,,,,,,,,,,,,,,,,,,,,,https://cdn.shopify.com/s/files/1/0618/2368/0740/files/20_671f5f76-9af9-4a6c-8d92-9b100f51f385.png?v=1717078148,kg,,,,,,
bat-man-printed-t-shirt-for-kids-copy,,,,,,,,,3-4 YRS,,,Beige,,,,,'10711329,200.0,shopify,50,continue,manual,799.00,0.00,true,true,,,,,'10711329,,,,,,,,,,,,,,,,,,,,,,,,,,,,,,,,,,,,,,,,,,,,,,,https://cdn.shopify.com/s/files/1/0618/2368/0740/files/21_b6401f07-f960-449e-b8fd-7a477a41c87f.png?v=1717078148,kg,,,,,,
bat-man-printed-t-shirt-for-kids-copy,,,,,,,,,3-4 YRS,,,Black,,,,,'10711330,200.0,shopify,50,continue,manual,799.00,0.00,true,true,,,,,'10711330,,,,,,,,,,,,,,,,,,,,,,,,,,,,,,,,,,,,,,,,,,,,,,,https://cdn.shopify.com/s/files/1/0618/2368/0740/files/8_3376716f-056f-4e8a-bea7-05bffdd6f9a9.png?v=1717078148,kg,,,,,,
bat-man-printed-t-shirt-for-kids-copy,,,,,,,,,3-4 YRS,,,Royal Blue,,,,,'10711331,200.0,shopify,50,continue,manual,799.00,0.00,true,true,,,,,'10711331,,,,,,,,,,,,,,,,,,,,,,,,,,,,,,,,,,,,,,,,,,,,,,,https://cdn.shopify.com/s/files/1/0618/2368/0740/files/27_3a867ff1-e548-4988-8bbd-04c3cea89df3.png?v=1717078148,kg,,,,,,
bat-man-printed-t-shirt-for-kids-copy,,,,,,,,,5-6 YRS,,,Purple,,,,,'10711332,200.0,shopify,50,continue,manual,799.00,0.00,true,true,,,,,'10711332,,,,,,,,,,,,,,,,,,,,,,,,,,,,,,,,,,,,,,,,,,,,,,,https://cdn.shopify.com/s/files/1/0618/2368/0740/files/28_9ff8203b-a8c1-4f8e-b1f6-54ccb91b68dc.png?v=1717075677,kg,,,,,,
bat-man-printed-t-shirt-for-kids-copy,,,,,,,,,5-6 YRS,,,White,,,,,'10711333,200.0,shopify,50,continue,manual,799.00,0.00,true,true,,,,,'10711333,,,,,,,,,,,,,,,,,,,,,,,,,,,,,,,,,,,,,,,,,,,,,,,https://cdn.shopify.com/s/files/1/0618/2368/0740/files/22_6e5a6716-3b3a-4d07-b5aa-49824be11f55.png?v=1717078148,kg,,,,,,
bat-man-printed-t-shirt-for-kids-copy,,,,,,,,,5-6 YRS,,,Grey,,,,,'10711334,200.0,shopify,50,continue,manual,799.00,0.00,true,true,,,,,'10711334,,,,,,,,,,,,,,,,,,,,,,,,,,,,,,,,,,,,,,,,,,,,,,,https://cdn.shopify.com/s/files/1/0618/2368/0740/files/15_7ab29bdf-e737-4c5c-a682-bb06a4dc84c6.png?v=1717078148,kg,,,,,,
bat-man-printed-t-shirt-for-kids-copy,,,,,,,,,5-6 YRS,,,Red,,,,,'10711335,200.0,shopify,50,continue,manual,799.00,0.00,true,true,,,,,'10711335,,,,,,,,,,,,,,,,,,,,,,,,,,,,,,,,,,,,,,,,,,,,,,,https://cdn.shopify.com/s/files/1/0618/2368/0740/files/24_e8183d85-db9c-4f4e-b7fb-4b460c7aa90f.png?v=1717078148,kg,,,,,,
bat-man-printed-t-shirt-for-kids-copy,,,,,,,,,5-6 YRS,,,Yellow,,,,,'10711336,200.0,shopify,50,continue,manual,799.00,0.00,true,true,,,,,'10711336,,,,,,,,,,,,,,,,,,,,,,,,,,,,,,,,,,,,,,,,,,,,,,,https://cdn.shopify.com/s/files/1/0618/2368/0740/files/16_13262385-e793-44f0-a3f3-cb1654fc4805.png?v=1717078148,kg,,,,,,
bat-man-printed-t-shirt-for-kids-copy,,,,,,,,,5-6 YRS,,,Mahroon,,,,,'10711337,200.0,shopify,50,continue,manual,799.00,0.00,true,true,,,,,'10711337,,,,,,,,,,,,,,,,,,,,,,,,,,,,,,,,,,,,,,,,,,,,,,,https://cdn.shopify.com/s/files/1/0618/2368/0740/files/23_b24579a2-a6dd-4428-9b86-51571c4ef725.png?v=1717078148,kg,,,,,,
bat-man-printed-t-shirt-for-kids-copy,,,,,,,,,5-6 YRS,,,Pink,,,,,'10711338,200.0,shopify,50,continue,manual,799.00,0.00,true,true,,,,,'10711338,,,,,,,,,,,,,,,,,,,,,,,,,,,,,,,,,,,,,,,,,,,,,,,https://cdn.shopify.com/s/files/1/0618/2368/0740/files/25_5b13b3a3-9ed7-4281-b501-87ce16896aa8.png?v=1717078148,kg,,,,,,
bat-man-printed-t-shirt-for-kids-copy,,,,,,,,,5-6 YRS,,,Orange,,,,,'10711339,200.0,shopify,50,continue,manual,799.00,0.00,true,true,,,,,'10711339,,,,,,,,,,,,,,,,,,,,,,,,,,,,,,,,,,,,,,,,,,,,,,,https://cdn.shopify.com/s/files/1/0618/2368/0740/files/26_7007993a-0bc9-45b6-a57a-42fdd402d540.png?v=1717078148,kg,,,,,,
bat-man-printed-t-shirt-for-kids-copy,,,,,,,,,5-6 YRS,,,Light Blue,,,,,'10711340,200.0,shopify,50,continue,manual,799.00,0.00,true,true,,,,,'10711340,,,,,,,,,,,,,,,,,,,,,,,,,,,,,,,,,,,,,,,,,,,,,,,https://cdn.shopify.com/s/files/1/0618/2368/0740/files/17_08e618f9-3576-4d75-83ff-887bb09f5704.png?v=1717078148,kg,,,,,,
bat-man-printed-t-shirt-for-kids-copy,,,,,,,,,5-6 YRS,,,Green,,,,,'10711341,200.0,shopify,50,continue,manual,799.00,0.00,true,true,,,,,'10711341,,,,,,,,,,,,,,,,,,,,,,,,,,,,,,,,,,,,,,,,,,,,,,,https://cdn.shopify.com/s/files/1/0618/2368/0740/files/20_671f5f76-9af9-4a6c-8d92-9b100f51f385.png?v=1717078148,kg,,,,,,
bat-man-printed-t-shirt-for-kids-copy,,,,,,,,,5-6 YRS,,,Beige,,,,,'10711342,200.0,shopify,50,continue,manual,799.00,0.00,true,true,,,,,'10711342,,,,,,,,,,,,,,,,,,,,,,,,,,,,,,,,,,,,,,,,,,,,,,,https://cdn.shopify.com/s/files/1/0618/2368/0740/files/21_b6401f07-f960-449e-b8fd-7a477a41c87f.png?v=1717078148,kg,,,,,,
bat-man-printed-t-shirt-for-kids-copy,,,,,,,,,5-6 YRS,,,Black,,,,,'10711343,200.0,shopify,50,continue,manual,799.00,0.00,true,true,,,,,'10711343,,,,,,,,,,,,,,,,,,,,,,,,,,,,,,,,,,,,,,,,,,,,,,,https://cdn.shopify.com/s/files/1/0618/2368/0740/files/8_3376716f-056f-4e8a-bea7-05bffdd6f9a9.png?v=1717078148,kg,,,,,,
bat-man-printed-t-shirt-for-kids-copy,,,,,,,,,5-6 YRS,,,Royal Blue,,,,,'10711344,200.0,shopify,50,continue,manual,799.00,0.00,true,true,,,,,'10711344,,,,,,,,,,,,,,,,,,,,,,,,,,,,,,,,,,,,,,,,,,,,,,,https://cdn.shopify.com/s/files/1/0618/2368/0740/files/27_3a867ff1-e548-4988-8bbd-04c3cea89df3.png?v=1717078148,kg,,,,,,
bat-man-printed-t-shirt-for-kids-copy,,,,,,,,,7-8 YRS,,,Purple,,,,,'10711345,200.0,shopify,49,continue,manual,799.00,0.00,true,true,,,,,'10711345,,,,,,,,,,,,,,,,,,,,,,,,,,,,,,,,,,,,,,,,,,,,,,,https://cdn.shopify.com/s/files/1/0618/2368/0740/files/28_9ff8203b-a8c1-4f8e-b1f6-54ccb91b68dc.png?v=1717075677,kg,,,,,,
bat-man-printed-t-shirt-for-kids-copy,,,,,,,,,7-8 YRS,,,White,,,,,'10711346,200.0,shopify,50,continue,manual,799.00,0.00,true,true,,,,,'10711346,,,,,,,,,,,,,,,,,,,,,,,,,,,,,,,,,,,,,,,,,,,,,,,https://cdn.shopify.com/s/files/1/0618/2368/0740/files/22_6e5a6716-3b3a-4d07-b5aa-49824be11f55.png?v=1717078148,kg,,,,,,
bat-man-printed-t-shirt-for-kids-copy,,,,,,,,,7-8 YRS,,,Grey,,,,,'10711347,200.0,shopify,50,continue,manual,799.00,0.00,true,true,,,,,'10711347,,,,,,,,,,,,,,,,,,,,,,,,,,,,,,,,,,,,,,,,,,,,,,,https://cdn.shopify.com/s/files/1/0618/2368/0740/files/15_7ab29bdf-e737-4c5c-a682-bb06a4dc84c6.png?v=1717078148,kg,,,,,,
bat-man-printed-t-shirt-for-kids-copy,,,,,,,,,7-8 YRS,,,Red,,,,,'10711348,200.0,shopify,50,continue,manual,799.00,0.00,true,true,,,,,'10711348,,,,,,,,,,,,,,,,,,,,,,,,,,,,,,,,,,,,,,,,,,,,,,,https://cdn.shopify.com/s/files/1/0618/2368/0740/files/24_e8183d85-db9c-4f4e-b7fb-4b460c7aa90f.png?v=1717078148,kg,,,,,,
bat-man-printed-t-shirt-for-kids-copy,,,,,,,,,7-8 YRS,,,Yellow,,,,,'10711349,200.0,shopify,50,continue,manual,799.00,0.00,true,true,,,,,'10711349,,,,,,,,,,,,,,,,,,,,,,,,,,,,,,,,,,,,,,,,,,,,,,,https://cdn.shopify.com/s/files/1/0618/2368/0740/files/16_13262385-e793-44f0-a3f3-cb1654fc4805.png?v=1717078148,kg,,,,,,
bat-man-printed-t-shirt-for-kids-copy,,,,,,,,,7-8 YRS,,,Mahroon,,,,,'10711350,200.0,shopify,50,continue,manual,799.00,0.00,true,true,,,,,'10711350,,,,,,,,,,,,,,,,,,,,,,,,,,,,,,,,,,,,,,,,,,,,,,,https://cdn.shopify.com/s/files/1/0618/2368/0740/files/23_b24579a2-a6dd-4428-9b86-51571c4ef725.png?v=1717078148,kg,,,,,,
bat-man-printed-t-shirt-for-kids-copy,,,,,,,,,7-8 YRS,,,Pink,,,,,'10711351,200.0,shopify,50,continue,manual,799.00,0.00,true,true,,,,,'10711351,,,,,,,,,,,,,,,,,,,,,,,,,,,,,,,,,,,,,,,,,,,,,,,https://cdn.shopify.com/s/files/1/0618/2368/0740/files/25_5b13b3a3-9ed7-4281-b501-87ce16896aa8.png?v=1717078148,kg,,,,,,
bat-man-printed-t-shirt-for-kids-copy,,,,,,,,,7-8 YRS,,,Orange,,,,,'10711352,200.0,shopify,50,continue,manual,799.00,0.00,true,true,,,,,'10711352,,,,,,,,,,,,,,,,,,,,,,,,,,,,,,,,,,,,,,,,,,,,,,,https://cdn.shopify.com/s/files/1/0618/2368/0740/files/26_7007993a-0bc9-45b6-a57a-42fdd402d540.png?v=1717078148,kg,,,,,,
bat-man-printed-t-shirt-for-kids-copy,,,,,,,,,7-8 YRS,,,Light Blue,,,,,'10711353,200.0,shopify,50,continue,manual,799.00,0.00,true,true,,,,,'10711353,,,,,,,,,,,,,,,,,,,,,,,,,,,,,,,,,,,,,,,,,,,,,,,https://cdn.shopify.com/s/files/1/0618/2368/0740/files/17_08e618f9-3576-4d75-83ff-887bb09f5704.png?v=1717078148,kg,,,,,,
bat-man-printed-t-shirt-for-kids-copy,,,,,,,,,7-8 YRS,,,Green,,,,,'10711354,200.0,shopify,50,continue,manual,799.00,0.00,true,true,,,,,'10711354,,,,,,,,,,,,,,,,,,,,,,,,,,,,,,,,,,,,,,,,,,,,,,,https://cdn.shopify.com/s/files/1/0618/2368/0740/files/20_671f5f76-9af9-4a6c-8d92-9b100f51f385.png?v=1717078148,kg,,,,,,
bat-man-printed-t-shirt-for-kids-copy,,,,,,,,,7-8 YRS,,,Beige,,,,,'10711355,200.0,shopify,50,continue,manual,799.00,0.00,true,true,,,,,'10711355,,,,,,,,,,,,,,,,,,,,,,,,,,,,,,,,,,,,,,,,,,,,,,,https://cdn.shopify.com/s/files/1/0618/2368/0740/files/21_b6401f07-f960-449e-b8fd-7a477a41c87f.png?v=1717078148,kg,,,,,,
bat-man-printed-t-shirt-for-kids-copy,,,,,,,,,7-8 YRS,,,Black,,,,,'10711356,200.0,shopify,50,continue,manual,799.00,0.00,true,true,,,,,'10711356,,,,,,,,,,,,,,,,,,,,,,,,,,,,,,,,,,,,,,,,,,,,,,,https://cdn.shopify.com/s/files/1/0618/2368/0740/files/8_3376716f-056f-4e8a-bea7-05bffdd6f9a9.png?v=1717078148,kg,,,,,,
bat-man-printed-t-shirt-for-kids-copy,,,,,,,,,7-8 YRS,,,Royal Blue,,,,,'10711357,200.0,shopify,50,continue,manual,799.00,0.00,true,true,,,,,'10711357,,,,,,,,,,,,,,,,,,,,,,,,,,,,,,,,,,,,,,,,,,,,,,,https://cdn.shopify.com/s/files/1/0618/2368/0740/files/27_3a867ff1-e548-4988-8bbd-04c3cea89df3.png?v=1717078148,kg,,,,,,
bat-man-printed-t-shirt-for-kids-copy,,,,,,,,,9-10 YRS,,,Purple,,,,,'10711358,200.0,shopify,50,continue,manual,899.00,0.00,true,true,,,,,'10711358,,,,,,,,,,,,,,,,,,,,,,,,,,,,,,,,,,,,,,,,,,,,,,,https://cdn.shopify.com/s/files/1/0618/2368/0740/files/28_9ff8203b-a8c1-4f8e-b1f6-54ccb91b68dc.png?v=1717075677,kg,,,,,,
bat-man-printed-t-shirt-for-kids-copy,,,,,,,,,9-10 YRS,,,White,,,,,'10711359,200.0,shopify,50,continue,manual,899.00,0.00,true,true,,,,,'10711359,,,,,,,,,,,,,,,,,,,,,,,,,,,,,,,,,,,,,,,,,,,,,,,https://cdn.shopify.com/s/files/1/0618/2368/0740/files/22_6e5a6716-3b3a-4d07-b5aa-49824be11f55.png?v=1717078148,kg,,,,,,
bat-man-printed-t-shirt-for-kids-copy,,,,,,,,,9-10 YRS,,,Grey,,,,,'10711360,200.0,shopify,50,continue,manual,899.00,0.00,true,true,,,,,'10711360,,,,,,,,,,,,,,,,,,,,,,,,,,,,,,,,,,,,,,,,,,,,,,,https://cdn.shopify.com/s/files/1/0618/2368/0740/files/15_7ab29bdf-e737-4c5c-a682-bb06a4dc84c6.png?v=1717078148,kg,,,,,,
bat-man-printed-t-shirt-for-kids-copy,,,,,,,,,9-10 YRS,,,Red,,,,,'10711361,200.0,shopify,50,continue,manual,899.00,0.00,true,true,,,,,'10711361,,,,,,,,,,,,,,,,,,,,,,,,,,,,,,,,,,,,,,,,,,,,,,,https://cdn.shopify.com/s/files/1/0618/2368/0740/files/24_e8183d85-db9c-4f4e-b7fb-4b460c7aa90f.png?v=1717078148,kg,,,,,,
bat-man-printed-t-shirt-for-kids-copy,,,,,,,,,9-10 YRS,,,Yellow,,,,,'10711362,200.0,shopify,50,continue,manual,899.00,0.00,true,true,,,,,'10711362,,,,,,,,,,,,,,,,,,,,,,,,,,,,,,,,,,,,,,,,,,,,,,,https://cdn.shopify.com/s/files/1/0618/2368/0740/files/16_13262385-e793-44f0-a3f3-cb1654fc4805.png?v=1717078148,kg,,,,,,
bat-man-printed-t-shirt-for-kids-copy,,,,,,,,,9-10 YRS,,,Mahroon,,,,,'10711363,200.0,shopify,50,continue,manual,899.00,0.00,true,true,,,,,'10711363,,,,,,,,,,,,,,,,,,,,,,,,,,,,,,,,,,,,,,,,,,,,,,,https://cdn.shopify.com/s/files/1/0618/2368/0740/files/23_b24579a2-a6dd-4428-9b86-51571c4ef725.png?v=1717078148,kg,,,,,,
bat-man-printed-t-shirt-for-kids-copy,,,,,,,,,9-10 YRS,,,Pink,,,,,'10711364,200.0,shopify,50,continue,manual,899.00,0.00,true,true,,,,,'10711364,,,,,,,,,,,,,,,,,,,,,,,,,,,,,,,,,,,,,,,,,,,,,,,https://cdn.shopify.com/s/files/1/0618/2368/0740/files/25_5b13b3a3-9ed7-4281-b501-87ce16896aa8.png?v=1717078148,kg,,,,,,
bat-man-printed-t-shirt-for-kids-copy,,,,,,,,,9-10 YRS,,,Orange,,,,,'10711365,200.0,shopify,50,continue,manual,899.00,0.00,true,true,,,,,'10711365,,,,,,,,,,,,,,,,,,,,,,,,,,,,,,,,,,,,,,,,,,,,,,,https://cdn.shopify.com/s/files/1/0618/2368/0740/files/26_7007993a-0bc9-45b6-a57a-42fdd402d540.png?v=1717078148,kg,,,,,,
bat-man-printed-t-shirt-for-kids-copy,,,,,,,,,9-10 YRS,,,Light Blue,,,,,'10711366,200.0,shopify,50,continue,manual,899.00,0.00,true,true,,,,,'10711366,,,,,,,,,,,,,,,,,,,,,,,,,,,,,,,,,,,,,,,,,,,,,,,https://cdn.shopify.com/s/files/1/0618/2368/0740/files/17_08e618f9-3576-4d75-83ff-887bb09f5704.png?v=1717078148,kg,,,,,,
bat-man-printed-t-shirt-for-kids-copy,,,,,,,,,9-10 YRS,,,Green,,,,,'10711367,200.0,shopify,50,continue,manual,899.00,0.00,true,true,,,,,'10711367,,,,,,,,,,,,,,,,,,,,,,,,,,,,,,,,,,,,,,,,,,,,,,,https://cdn.shopify.com/s/files/1/0618/2368/0740/files/20_671f5f76-9af9-4a6c-8d92-9b100f51f385.png?v=1717078148,kg,,,,,,
bat-man-printed-t-shirt-for-kids-copy,,,,,,,,,9-10 YRS,,,Beige,,,,,'10711368,200.0,shopify,50,continue,manual,899.00,0.00,true,true,,,,,'10711368,,,,,,,,,,,,,,,,,,,,,,,,,,,,,,,,,,,,,,,,,,,,,,,https://cdn.shopify.com/s/files/1/0618/2368/0740/files/21_b6401f07-f960-449e-b8fd-7a477a41c87f.png?v=1717078148,kg,,,,,,
bat-man-printed-t-shirt-for-kids-copy,,,,,,,,,9-10 YRS,,,Black,,,,,'10711369,200.0,shopify,50,continue,manual,899.00,0.00,true,true,,,,,'10711369,,,,,,,,,,,,,,,,,,,,,,,,,,,,,,,,,,,,,,,,,,,,,,,https://cdn.shopify.com/s/files/1/0618/2368/0740/files/8_3376716f-056f-4e8a-bea7-05bffdd6f9a9.png?v=1717078148,kg,,,,,,
bat-man-printed-t-shirt-for-kids-copy,,,,,,,,,9-10 YRS,,,Royal Blue,,,,,'10711370,200.0,shopify,50,continue,manual,899.00,0.00,true,true,,,,,'10711370,,,,,,,,,,,,,,,,,,,,,,,,,,,,,,,,,,,,,,,,,,,,,,,https://cdn.shopify.com/s/files/1/0618/2368/0740/files/27_3a867ff1-e548-4988-8bbd-04c3cea89df3.png?v=1717078148,kg,,,,,,
bat-man-printed-t-shirt-for-kids-copy,,,,,,,,,11-12 YRS,,,Purple,,,,,'10711371,200.0,shopify,50,continue,manual,899.00,0.00,true,true,,,,,'10711371,,,,,,,,,,,,,,,,,,,,,,,,,,,,,,,,,,,,,,,,,,,,,,,https://cdn.shopify.com/s/files/1/0618/2368/0740/files/28_9ff8203b-a8c1-4f8e-b1f6-54ccb91b68dc.png?v=1717075677,kg,,,,,,
bat-man-printed-t-shirt-for-kids-copy,,,,,,,,,11-12 YRS,,,White,,,,,'10711372,200.0,shopify,50,continue,manual,899.00,0.00,true,true,,,,,'10711372,,,,,,,,,,,,,,,,,,,,,,,,,,,,,,,,,,,,,,,,,,,,,,,https://cdn.shopify.com/s/files/1/0618/2368/0740/files/22_6e5a6716-3b3a-4d07-b5aa-49824be11f55.png?v=1717078148,kg,,,,,,
bat-man-printed-t-shirt-for-kids-copy,,,,,,,,,11-12 YRS,,,Grey,,,,,'10711373,200.0,shopify,50,continue,manual,899.00,0.00,true,true,,,,,'10711373,,,,,,,,,,,,,,,,,,,,,,,,,,,,,,,,,,,,,,,,,,,,,,,https://cdn.shopify.com/s/files/1/0618/2368/0740/files/15_7ab29bdf-e737-4c5c-a682-bb06a4dc84c6.png?v=1717078148,kg,,,,,,
bat-man-printed-t-shirt-for-kids-copy,,,,,,,,,11-12 YRS,,,Red,,,,,'10711374,200.0,shopify,50,continue,manual,899.00,0.00,true,true,,,,,'10711374,,,,,,,,,,,,,,,,,,,,,,,,,,,,,,,,,,,,,,,,,,,,,,,https://cdn.shopify.com/s/files/1/0618/2368/0740/files/24_e8183d85-db9c-4f4e-b7fb-4b460c7aa90f.png?v=1717078148,kg,,,,,,
bat-man-printed-t-shirt-for-kids-copy,,,,,,,,,11-12 YRS,,,Yellow,,,,,'10711375,200.0,shopify,50,continue,manual,899.00,0.00,true,true,,,,,'10711375,,,,,,,,,,,,,,,,,,,,,,,,,,,,,,,,,,,,,,,,,,,,,,,https://cdn.shopify.com/s/files/1/0618/2368/0740/files/16_13262385-e793-44f0-a3f3-cb1654fc4805.png?v=1717078148,kg,,,,,,
bat-man-printed-t-shirt-for-kids-copy,,,,,,,,,11-12 YRS,,,Mahroon,,,,,'10711376,200.0,shopify,50,continue,manual,899.00,0.00,true,true,,,,,'10711376,,,,,,,,,,,,,,,,,,,,,,,,,,,,,,,,,,,,,,,,,,,,,,,https://cdn.shopify.com/s/files/1/0618/2368/0740/files/23_b24579a2-a6dd-4428-9b86-51571c4ef725.png?v=1717078148,kg,,,,,,
bat-man-printed-t-shirt-for-kids-copy,,,,,,,,,11-12 YRS,,,Pink,,,,,'10711377,200.0,shopify,50,continue,manual,899.00,0.00,true,true,,,,,'10711377,,,,,,,,,,,,,,,,,,,,,,,,,,,,,,,,,,,,,,,,,,,,,,,https://cdn.shopify.com/s/files/1/0618/2368/0740/files/25_5b13b3a3-9ed7-4281-b501-87ce16896aa8.png?v=1717078148,kg,,,,,,
bat-man-printed-t-shirt-for-kids-copy,,,,,,,,,11-12 YRS,,,Orange,,,,,'10711378,200.0,shopify,50,continue,manual,899.00,0.00,true,true,,,,,'10711378,,,,,,,,,,,,,,,,,,,,,,,,,,,,,,,,,,,,,,,,,,,,,,,https://cdn.shopify.com/s/files/1/0618/2368/0740/files/26_7007993a-0bc9-45b6-a57a-42fdd402d540.png?v=1717078148,kg,,,,,,
bat-man-printed-t-shirt-for-kids-copy,,,,,,,,,11-12 YRS,,,Light Blue,,,,,'10711379,200.0,shopify,50,continue,manual,899.00,0.00,true,true,,,,,'10711379,,,,,,,,,,,,,,,,,,,,,,,,,,,,,,,,,,,,,,,,,,,,,,,https://cdn.shopify.com/s/files/1/0618/2368/0740/files/17_08e618f9-3576-4d75-83ff-887bb09f5704.png?v=1717078148,kg,,,,,,
bat-man-printed-t-shirt-for-kids-copy,,,,,,,,,11-12 YRS,,,Green,,,,,'10711380,200.0,shopify,50,continue,manual,899.00,0.00,true,true,,,,,'10711380,,,,,,,,,,,,,,,,,,,,,,,,,,,,,,,,,,,,,,,,,,,,,,,https://cdn.shopify.com/s/files/1/0618/2368/0740/files/20_671f5f76-9af9-4a6c-8d92-9b100f51f385.png?v=1717078148,kg,,,,,,
bat-man-printed-t-shirt-for-kids-copy,,,,,,,,,11-12 YRS,,,Beige,,,,,'10711381,200.0,shopify,50,continue,manual,899.00,0.00,true,true,,,,,'10711381,,,,,,,,,,,,,,,,,,,,,,,,,,,,,,,,,,,,,,,,,,,,,,,https://cdn.shopify.com/s/files/1/0618/2368/0740/files/21_b6401f07-f960-449e-b8fd-7a477a41c87f.png?v=1717078148,kg,,,,,,
bat-man-printed-t-shirt-for-kids-copy,,,,,,,,,11-12 YRS,,,Black,,,,,'10711382,200.0,shopify,50,continue,manual,899.00,0.00,true,true,,,,,'10711382,,,,,,,,,,,,,,,,,,,,,,,,,,,,,,,,,,,,,,,,,,,,,,,https://cdn.shopify.com/s/files/1/0618/2368/0740/files/8_3376716f-056f-4e8a-bea7-05bffdd6f9a9.png?v=1717078148,kg,,,,,,
bat-man-printed-t-shirt-for-kids-copy,,,,,,,,,11-12 YRS,,,Royal Blue,,,,,'10711383,200.0,shopify,50,continue,manual,899.00,0.00,true,true,,,,,'10711383,,,,,,,,,,,,,,,,,,,,,,,,,,,,,,,,,,,,,,,,,,,,,,,https://cdn.shopify.com/s/files/1/0618/2368/0740/files/27_3a867ff1-e548-4988-8bbd-04c3cea89df3.png?v=1717078148,kg,,,,,,
bat-man-printed-t-shirt-for-kids-copy,,,,,,,,,13-14 YRS,,,Purple,,,,,'10711384,200.0,shopify,100,continue,manual,999.00,0.00,true,true,,,,,'10711384,,,,,,,,,,,,,,,,,,,,,,,,,,,,,,,,,,,,,,,,,,,,,,,https://cdn.shopify.com/s/files/1/0618/2368/0740/files/28_9ff8203b-a8c1-4f8e-b1f6-54ccb91b68dc.png?v=1717075677,kg,,,,,,
bat-man-printed-t-shirt-for-kids-copy,,,,,,,,,13-14 YRS,,,White,,,,,'10711385,200.0,shopify,100,continue,manual,999.00,0.00,true,true,,,,,'10711385,,,,,,,,,,,,,,,,,,,,,,,,,,,,,,,,,,,,,,,,,,,,,,,https://cdn.shopify.com/s/files/1/0618/2368/0740/files/22_6e5a6716-3b3a-4d07-b5aa-49824be11f55.png?v=1717078148,kg,,,,,,
bat-man-printed-t-shirt-for-kids-copy,,,,,,,,,13-14 YRS,,,Grey,,,,,'10711386,200.0,shopify,100,continue,manual,999.00,0.00,true,true,,,,,'10711386,,,,,,,,,,,,,,,,,,,,,,,,,,,,,,,,,,,,,,,,,,,,,,,https://cdn.shopify.com/s/files/1/0618/2368/0740/files/15_7ab29bdf-e737-4c5c-a682-bb06a4dc84c6.png?v=1717078148,kg,,,,,,
bat-man-printed-t-shirt-for-kids-copy,,,,,,,,,13-14 YRS,,,Red,,,,,'10711387,200.0,shopify,100,continue,manual,999.00,0.00,true,true,,,,,'10711387,,,,,,,,,,,,,,,,,,,,,,,,,,,,,,,,,,,,,,,,,,,,,,,https://cdn.shopify.com/s/files/1/0618/2368/0740/files/24_e8183d85-db9c-4f4e-b7fb-4b460c7aa90f.png?v=1717078148,kg,,,,,,
bat-man-printed-t-shirt-for-kids-copy,,,,,,,,,13-14 YRS,,,Yellow,,,,,'10711388,200.0,shopify,100,continue,manual,999.00,0.00,true,true,,,,,'10711388,,,,,,,,,,,,,,,,,,,,,,,,,,,,,,,,,,,,,,,,,,,,,,,https://cdn.shopify.com/s/files/1/0618/2368/0740/files/16_13262385-e793-44f0-a3f3-cb1654fc4805.png?v=1717078148,kg,,,,,,
bat-man-printed-t-shirt-for-kids-copy,,,,,,,,,13-14 YRS,,,Mahroon,,,,,'10711389,200.0,shopify,100,continue,manual,999.00,0.00,true,true,,,,,'10711389,,,,,,,,,,,,,,,,,,,,,,,,,,,,,,,,,,,,,,,,,,,,,,,https://cdn.shopify.com/s/files/1/0618/2368/0740/files/23_b24579a2-a6dd-4428-9b86-51571c4ef725.png?v=1717078148,kg,,,,,,
bat-man-printed-t-shirt-for-kids-copy,,,,,,,,,13-14 YRS,,,Pink,,,,,'10711390,200.0,shopify,100,continue,manual,999.00,0.00,true,true,,,,,'10711390,,,,,,,,,,,,,,,,,,,,,,,,,,,,,,,,,,,,,,,,,,,,,,,https://cdn.shopify.com/s/files/1/0618/2368/0740/files/25_5b13b3a3-9ed7-4281-b501-87ce16896aa8.png?v=1717078148,kg,,,,,,
bat-man-printed-t-shirt-for-kids-copy,,,,,,,,,13-14 YRS,,,Orange,,,,,'10711391,200.0,shopify,100,continue,manual,999.00,0.00,true,true,,,,,'10711391,,,,,,,,,,,,,,,,,,,,,,,,,,,,,,,,,,,,,,,,,,,,,,,https://cdn.shopify.com/s/files/1/0618/2368/0740/files/26_7007993a-0bc9-45b6-a57a-42fdd402d540.png?v=1717078148,kg,,,,,,
bat-man-printed-t-shirt-for-kids-copy,,,,,,,,,13-14 YRS,,,Light Blue,,,,,'10711392,200.0,shopify,100,continue,manual,999.00,0.00,true,true,,,,,'10711392,,,,,,,,,,,,,,,,,,,,,,,,,,,,,,,,,,,,,,,,,,,,,,,https://cdn.shopify.com/s/files/1/0618/2368/0740/files/17_08e618f9-3576-4d75-83ff-887bb09f5704.png?v=1717078148,kg,,,,,,
bat-man-printed-t-shirt-for-kids-copy,,,,,,,,,13-14 YRS,,,Green,,,,,'10711393,200.0,shopify,100,continue,manual,999.00,0.00,true,true,,,,,'10711393,,,,,,,,,,,,,,,,,,,,,,,,,,,,,,,,,,,,,,,,,,,,,,,https://cdn.shopify.com/s/files/1/0618/2368/0740/files/20_671f5f76-9af9-4a6c-8d92-9b100f51f385.png?v=1717078148,kg,,,,,,
bat-man-printed-t-shirt-for-kids-copy,,,,,,,,,13-14 YRS,,,Beige,,,,,'10711394,200.0,shopify,100,continue,manual,999.00,0.00,true,true,,,,,'10711394,,,,,,,,,,,,,,,,,,,,,,,,,,,,,,,,,,,,,,,,,,,,,,,https://cdn.shopify.com/s/files/1/0618/2368/0740/files/21_b6401f07-f960-449e-b8fd-7a477a41c87f.png?v=1717078148,kg,,,,,,
bat-man-printed-t-shirt-for-kids-copy,,,,,,,,,13-14 YRS,,,Black,,,,,'10711395,200.0,shopify,100,continue,manual,999.00,0.00,true,true,,,,,'10711395,,,,,,,,,,,,,,,,,,,,,,,,,,,,,,,,,,,,,,,,,,,,,,,https://cdn.shopify.com/s/files/1/0618/2368/0740/files/8_3376716f-056f-4e8a-bea7-05bffdd6f9a9.png?v=1717078148,kg,,,,,,
bat-man-printed-t-shirt-for-kids-copy,,,,,,,,,13-14 YRS,,,Royal Blue,,,,,'10706838,200.0,shopify,100,continue,manual,999.00,0.00,true,true,,,,,'10706838,,,,,,,,,,,,,,,,,,,,,,,,,,,,,,,,,,,,,,,,,,,,,,,https://cdn.shopify.com/s/files/1/0618/2368/0740/files/27_3a867ff1-e548-4988-8bbd-04c3cea89df3.png?v=1717078148,kg,,,,,,
awesome-dino-t-shirt-for-kids-copy,DINO WORLD T Shirt for Kids,"<div>Fabric: High-Quality Cotton Jersey</div>
<div>Half Sleeve T-Shirt</div>
<div>Round Neck</div>
<div>High Quality DTF Printed</div>
<div>Soft and Comfortable Wear</div>
<div>Easy Wash &amp; Press</div>
<div>Sizes 1-14 years </div>
<div><span>Disclaimer: Colors may vary slightly due to studio lights. </span></div>",BBG FASHION CLOTHING STORE,Apparel & Accessories > Clothing > Clothing Tops > T-Shirts,kids T-Shirts,kids T-Shirts,false,Size,1-2 YRS,,Color,Mahroon,,,,,'10711209,200.0,shopify,50,continue,manual,799.00,0.00,true,true,,,,,'10711209,https://cdn.shopify.com/s/files/1/0618/2368/0740/files/23_38a40137-7acb-40ac-bc2c-fb34aa5a6194.png?v=1717075652,1,Awesome Dino T Shirt For Kids Copy - front view - kids wear Pakistan,false,,,212,,,,,,,,,,,,,,,,,,,,,,,,,,,,,,,,,,,,,,,,https://cdn.shopify.com/s/files/1/0618/2368/0740/files/23_38a40137-7acb-40ac-bc2c-fb34aa5a6194.png?v=1717075652,kg,,,true,,,draft
awesome-dino-t-shirt-for-kids-copy,,,,,,,,,1-2 YRS,,,White,,,,,'10711210,200.0,shopify,50,continue,manual,799.00,0.00,true,true,,,,,'10711210,https://cdn.shopify.com/s/files/1/0618/2368/0740/files/bbg_67a30d1e-e4d5-4dfb-9120-1f120c7133f3.png?v=1717078351,2,Awesome Dino T Shirt For Kids Copy - back view - kids wear Pakistan,,,,,,,,,,,,,,,,,,,,,,,,,,,,,,,,,,,,,,,,,,,,https://cdn.shopify.com/s/files/1/0618/2368/0740/files/22_37f6c503-9c72-4751-9a2b-cbca168c10e0.png?v=1717078351,kg,,,,,,
awesome-dino-t-shirt-for-kids-copy,,,,,,,,,1-2 YRS,,,Grey,,,,,'10711211,200.0,shopify,50,continue,manual,799.00,0.00,true,true,,,,,'10711211,https://cdn.shopify.com/s/files/1/0618/2368/0740/files/17_27d1d445-6909-41ca-8726-0cc1260bcfb1.png?v=1717078351,3,Awesome Dino T Shirt For Kids Copy - side view - kids wear Pakistan,,,,,,,,,,,,,,,,,,,,,,,,,,,,,,,,,,,,,,,,,,,,https://cdn.shopify.com/s/files/1/0618/2368/0740/files/15_862da500-29d5-4378-9df4-1a81d26c7cd8.png?v=1717078351,kg,,,,,,
awesome-dino-t-shirt-for-kids-copy,,,,,,,,,1-2 YRS,,,Red,,,,,'10711212,200.0,shopify,50,continue,manual,799.00,0.00,true,true,,,,,'10711212,https://cdn.shopify.com/s/files/1/0618/2368/0740/files/18_60b185f1-eef2-4862-9d5a-a3750f7b4237.png?v=1717078351,4,Awesome Dino T Shirt For Kids Copy - detail shot - kids wear Pakistan,,,,,,,,,,,,,,,,,,,,,,,,,,,,,,,,,,,,,,,,,,,,https://cdn.shopify.com/s/files/1/0618/2368/0740/files/24_3ab94c75-7cb3-4b86-916c-729480bfcc0f.png?v=1717078351,kg,,,,,,
awesome-dino-t-shirt-for-kids-copy,,,,,,,,,1-2 YRS,,,Yellow,,,,,'10711213,200.0,shopify,50,continue,manual,799.00,0.00,true,true,,,,,'10711213,https://cdn.shopify.com/s/files/1/0618/2368/0740/files/19.png?v=1717078351,5,Awesome Dino T Shirt For Kids Copy - front view - kids wear Pakistan,,,,,,,,,,,,,,,,,,,,,,,,,,,,,,,,,,,,,,,,,,,,https://cdn.shopify.com/s/files/1/0618/2368/0740/files/16_39e101a1-d992-4ed6-8ac6-64bf63cdfba0.png?v=1717078351,kg,,,,,,
awesome-dino-t-shirt-for-kids-copy,,,,,,,,,1-2 YRS,,,Pink,,,,,'10711214,200.0,shopify,50,continue,manual,799.00,0.00,true,true,,,,,'10711214,https://cdn.shopify.com/s/files/1/0618/2368/0740/files/20_c3680650-54a0-43af-8f90-0c8868bb6b39.png?v=1717078351,6,Awesome Dino T Shirt For Kids Copy - back view - kids wear Pakistan,,,,,,,,,,,,,,,,,,,,,,,,,,,,,,,,,,,,,,,,,,,,https://cdn.shopify.com/s/files/1/0618/2368/0740/files/25_3dcaace2-c1c4-48a8-ba7b-0a922c17a9eb.png?v=1717078351,kg,,,,,,
awesome-dino-t-shirt-for-kids-copy,,,,,,,,,1-2 YRS,,,Orange,,,,,'10711215,200.0,shopify,50,continue,manual,799.00,0.00,true,true,,,,,'10711215,https://cdn.shopify.com/s/files/1/0618/2368/0740/files/21_2bed2d28-52c1-44e7-993f-9366f496ebf7.png?v=1717078351,7,Awesome Dino T Shirt For Kids Copy - side view - kids wear Pakistan,,,,,,,,,,,,,,,,,,,,,,,,,,,,,,,,,,,,,,,,,,,,https://cdn.shopify.com/s/files/1/0618/2368/0740/files/26_de73fc94-d6fb-4b83-baf8-c4baa4201316.png?v=1717078351,kg,,,,,,
