Handle,Title,Body (HTML),Vendor,Product Category,Type,Tags,Published,Option1 Name,Option1 Value,Option1 Linked To,Option2 Name,Option2 Value,Option2 Linked To,Option3 Name,Option3 Value,Option3 Linked To,Variant SKU,Variant Grams,Variant Inventory Tracker,Variant Inventory Qty,Variant Inventory Policy,Variant Fulfillment Service,Variant Price,Variant Compare At Price,Variant Requires Shipping,Variant Taxable,Unit Price Total Measure,Unit Price Total Measure Unit,Unit Price Base Measure,Unit Price Base Measure Unit,Variant Barcode,Image Src,Image Position,Image Alt Text,Gift Card,SEO Title,SEO Description,Google Shopping / Google Product Category,Google Shopping / Gender,Google Shopping / Age Group,Google Shopping / MPN,Google Shopping / Condition,Google Shopping / Custom Product,Google Shopping / Custom Label 0,Google Shopping / Custom Label 1,Google Shopping / Custom Label 2,Google Shopping / Custom Label 3,Google Shopping / Custom Label 4,Google: Custom Product (product.metafields.mm-google-shopping.custom_product),Product rating count (product.metafields.reviews.rating_count),Activewear clothing features (product.metafields.shopify.activewear-clothing-features),Activity (product.metafields.shopify.activity),Age group (product.metafields.shopify.age-group),Baby/Toddler clothing features (product.metafields.shopify.baby-toddler-clothing-features),Baby/Toddler sleepwear style (product.metafields.shopify.baby-toddler-sleepwear-style),Care instructions (product.metafields.shopify.care-instructions),Clothing features (product.metafields.shopify.clothing-features),Color (product.metafields.shopify.color-pattern),Dress occasion (product.metafields.shopify.dress-occasion),Dress style (product.metafields.shopify.dress-style),Fabric (product.metafields.shopify.fabric),Fit (product.metafields.shopify.fit),Intimate apparel features (product.metafields.shopify.intimate-apparel-features),Neckline (product.metafields.shopify.neckline),One-piece style (product.metafields.shopify.one-piece-style),Outerwear clothing features (product.metafields.shopify.outerwear-clothing-features),Pants length type (product.metafields.shopify.pants-length-type),Size (product.metafields.shopify.size),Skirt/Dress length type (product.metafields.shopify.skirt-dress-length-type),Sleeve length type (product.metafields.shopify.sleeve-length-type),Target gender (product.metafields.shopify.target-gender),Top length type (product.metafields.shopify.top-length-type),Waist rise (product.metafields.shopify.waist-rise),Complementary products (product.metafields.shopify--discovery--product_recommendation.complementary_products),Related products (product.metafields.shopify--discovery--product_recommendation.related_products),Related products settings (product.metafields.shopify--discovery--product_recommendation.related_products_display),Search product boosts (product.metafields.shopify--discovery--product_search_boost.queries),Variant Image,Variant Weight Unit,Variant Tax Code,Cost per item,Included / Pakistan,Price / Pakistan,Compare At Price / Pakistan,Status
be-good-printed-kids-hoodie-set,,,,,,,,,7 - 8 Years,,,blue,,,,,'10714239,500.0,shopify,200,continue,manual,1399.00,0.00,true,false,,,,,'10714239,,,,,,,,,,,,,,,,,,,,,,,,,,,,,,,,,,,,,,,,,,,,,,,https://cdn.shopify.com/s/files/1/0618/2368/0740/files/28_a2ada310-bb14-40c9-8e1d-564c5bb44fcc.png?v=1776756720,kg,,,,,,
be-good-printed-kids-hoodie-set,,,,,,,,,7 - 8 Years,,,dark-grey,,,,,'10714240,500.0,shopify,200,continue,manual,1399.00,0.00,true,false,,,,,'10714240,,,,,,,,,,,,,,,,,,,,,,,,,,,,,,,,,,,,,,,,,,,,,,,https://cdn.shopify.com/s/files/1/0618/2368/0740/files/26_a062e816-e92c-4460-90ae-67bff1a7f597.png?v=1776756720,kg,,,,,,
be-good-printed-kids-hoodie-set,,,,,,,,,9 - 10 Years,,,pink,,,,,'10714244,500.0,shopify,200,continue,manual,1399.00,0.00,true,false,,,,,'10714244,,,,,,,,,,,,,,,,,,,,,,,,,,,,,,,,,,,,,,,,,,,,,,,https://cdn.shopify.com/s/files/1/0618/2368/0740/files/24.png?v=1776756720,kg,,,,,,
be-good-printed-kids-hoodie-set,,,,,,,,,9 - 10 Years,,,silver,,,,,'10714241,500.0,shopify,200,continue,manual,1399.00,0.00,true,false,,,,,'10714241,,,,,,,,,,,,,,,,,,,,,,,,,,,,,,,,,,,,,,,,,,,,,,,https://cdn.shopify.com/s/files/1/0618/2368/0740/files/25.png?v=1776756720,kg,,,,,,
be-good-printed-kids-hoodie-set,,,,,,,,,9 - 10 Years,,,navy-1,,,,,'10714242,500.0,shopify,200,continue,manual,1399.00,0.00,true,false,,,,,'10714242,,,,,,,,,,,,,,,,,,,,,,,,,,,,,,,,,,,,,,,,,,,,,,,https://cdn.shopify.com/s/files/1/0618/2368/0740/files/27_41e92c26-7cf2-4273-8b0b-d19d91d1a47b.png?v=1776756720,kg,,,,,,
be-good-printed-kids-hoodie-set,,,,,,,,,9 - 10 Years,,,yellow-1,,,,,'10714243,500.0,shopify,200,continue,manual,1399.00,0.00,true,false,,,,,'10714243,,,,,,,,,,,,,,,,,,,,,,,,,,,,,,,,,,,,,,,,,,,,,,,https://cdn.shopify.com/s/files/1/0618/2368/0740/files/22_69a0fb08-b63b-4c37-bc37-b3d5cbb9d10f.png?v=1776756720,kg,,,,,,
be-good-printed-kids-hoodie-set,,,,,,,,,9 - 10 Years,,,red,,,,,'10714245,500.0,shopify,200,continue,manual,1399.00,0.00,true,false,,,,,'10714245,,,,,,,,,,,,,,,,,,,,,,,,,,,,,,,,,,,,,,,,,,,,,,,https://cdn.shopify.com/s/files/1/0618/2368/0740/files/23_fac2cca8-29a7-4404-897b-869631f253e0.png?v=1776756720,kg,,,,,,
be-good-printed-kids-hoodie-set,,,,,,,,,9 - 10 Years,,,blue,,,,,'10714246,500.0,shopify,200,continue,manual,1399.00,0.00,true,false,,,,,'10714246,,,,,,,,,,,,,,,,,,,,,,,,,,,,,,,,,,,,,,,,,,,,,,,https://cdn.shopify.com/s/files/1/0618/2368/0740/files/28_a2ada310-bb14-40c9-8e1d-564c5bb44fcc.png?v=1776756720,kg,,,,,,
be-good-printed-kids-hoodie-set,,,,,,,,,9 - 10 Years,,,dark-grey,,,,,'10714247,500.0,shopify,200,continue,manual,1399.00,0.00,true,false,,,,,'10714247,,,,,,,,,,,,,,,,,,,,,,,,,,,,,,,,,,,,,,,,,,,,,,,https://cdn.shopify.com/s/files/1/0618/2368/0740/files/26_a062e816-e92c-4460-90ae-67bff1a7f597.png?v=1776756720,kg,,,,,,
be-good-printed-kids-hoodie-set,,,,,,,,,11 - 12 Years,,,pink,,,,,'10714251,500.0,shopify,200,continue,manual,1399.00,0.00,true,false,,,,,'10714251,,,,,,,,,,,,,,,,,,,,,,,,,,,,,,,,,,,,,,,,,,,,,,,https://cdn.shopify.com/s/files/1/0618/2368/0740/files/24.png?v=1776756720,kg,,,,,,
be-good-printed-kids-hoodie-set,,,,,,,,,11 - 12 Years,,,silver,,,,,'10714248,500.0,shopify,200,continue,manual,1399.00,0.00,true,false,,,,,'10714248,,,,,,,,,,,,,,,,,,,,,,,,,,,,,,,,,,,,,,,,,,,,,,,https://cdn.shopify.com/s/files/1/0618/2368/0740/files/25.png?v=1776756720,kg,,,,,,
be-good-printed-kids-hoodie-set,,,,,,,,,11 - 12 Years,,,navy-1,,,,,'10714249,500.0,shopify,200,continue,manual,1399.00,0.00,true,false,,,,,'10714249,,,,,,,,,,,,,,,,,,,,,,,,,,,,,,,,,,,,,,,,,,,,,,,https://cdn.shopify.com/s/files/1/0618/2368/0740/files/27_41e92c26-7cf2-4273-8b0b-d19d91d1a47b.png?v=1776756720,kg,,,,,,
be-good-printed-kids-hoodie-set,,,,,,,,,11 - 12 Years,,,yellow-1,,,,,'10714250,500.0,shopify,200,continue,manual,1399.00,0.00,true,false,,,,,'10714250,,,,,,,,,,,,,,,,,,,,,,,,,,,,,,,,,,,,,,,,,,,,,,,https://cdn.shopify.com/s/files/1/0618/2368/0740/files/22_69a0fb08-b63b-4c37-bc37-b3d5cbb9d10f.png?v=1776756720,kg,,,,,,
be-good-printed-kids-hoodie-set,,,,,,,,,11 - 12 Years,,,red,,,,,'10714252,500.0,shopify,200,continue,manual,1399.00,0.00,true,false,,,,,'10714252,,,,,,,,,,,,,,,,,,,,,,,,,,,,,,,,,,,,,,,,,,,,,,,https://cdn.shopify.com/s/files/1/0618/2368/0740/files/23_fac2cca8-29a7-4404-897b-869631f253e0.png?v=1776756720,kg,,,,,,
be-good-printed-kids-hoodie-set,,,,,,,,,11 - 12 Years,,,blue,,,,,'10714253,500.0,shopify,200,continue,manual,1399.00,0.00,true,false,,,,,'10714253,,,,,,,,,,,,,,,,,,,,,,,,,,,,,,,,,,,,,,,,,,,,,,,https://cdn.shopify.com/s/files/1/0618/2368/0740/files/28_a2ada310-bb14-40c9-8e1d-564c5bb44fcc.png?v=1776756720,kg,,,,,,
be-good-printed-kids-hoodie-set,,,,,,,,,11 - 12 Years,,,dark-grey,,,,,'10706898,500.0,shopify,200,continue,manual,1399.00,0.00,true,false,,,,,'10706898,,,,,,,,,,,,,,,,,,,,,,,,,,,,,,,,,,,,,,,,,,,,,,,https://cdn.shopify.com/s/files/1/0618/2368/0740/files/26_a062e816-e92c-4460-90ae-67bff1a7f597.png?v=1776756720,kg,,,,,,
marvel-comic-printed-kids-hoodie-set,Kids Winter Hoodie Set | Marvel Comic Printed,"<h4><strong><span data-sheets-root=""1"">Kids Winter Hoodie Set | Marvel Comic Printed<br><br></span></strong></h4>
<p data-start=""296"" data-end=""529"">Featuring bold comic-inspired graphics, this outfit delivers a fun, energetic look that kids absolutely love.</p>
<p data-start=""531"" data-end=""822"">Made from soft, premium fleece fabric, the hoodie keeps your little one warm and cozy during chilly days, while the matching jogger pants provide a relaxed and flexible fit for all-day comfort. Whether it’s school, playtime, or outings, this set is designed for both style and everyday wear.</p>
<p data-start=""824"" data-end=""941"">The vibrant comic-style print adds a dynamic and adventurous vibe, perfect for kids who enjoy action and superheroes.</p>
<p data-start=""943"" data-end=""958"">✨ <strong data-start=""945"" data-end=""958"">Features:</strong></p>
<ul data-start=""959"" data-end=""1179"">
<li data-section-id=""m2jogh"" data-start=""959"" data-end=""1002"">Soft fleece fabric for warmth &amp; comfort</li>
<li data-section-id=""1e2p7xi"" data-start=""1003"" data-end=""1041"">Bold comic-style printed design 💥</li>
<li data-section-id=""gklsta"" data-start=""1042"" data-end=""1080"">Cozy hoodie with soft inner lining</li>
<li data-section-id=""1qd8zxj"" data-start=""1081"" data-end=""1129"">Matching jogger pants with elastic waistband</li>
<li data-section-id=""9bnese"" data-start=""1130"" data-end=""1179"">Ideal for daily wear, school &amp; winter outings</li>
</ul>
<p data-start=""1181"" data-end=""1250"">Let your kids stay <strong data-start=""1200"" data-end=""1237"">warm, stylish, and full of action</strong> this winter!</p>
<h4><strong><span data-sheets-root=""1""><br></span></strong></h4>",BBG FASHION,Apparel & Accessories > Clothing > Baby & Toddler Clothing,Kids Hoodie Set,Kids Winter Collection,true,Color,dark-grey,product.metafields.shopify.color-pattern,Size,1 - 2 Years,,,,,'10742946,500.0,shopify,123,continue,manual,1399.00,0.00,true,false,,,,,'10742946,https://cdn.shopify.com/s/files/1/0618/2368/0740/files/10.png?v=1727190086,1,Marvel Comic Printed Kids Hoodie Set - front view - kids wear Pakistan,false,,"Shop Kids Winter Hoodie Set Marvel Comic Style Printed in soft fleece. Warm, stylish & fun winter outfit for kids. Perfect everyday wear in Pakistan. Order now!",182,,,,,,,,,,,,,,,,,,,,dark-grey; yellow-1; blue; pink; silver; red; navy-1,,,fleece,,,,,,,,,,,,,,,,,https://cdn.shopify.com/s/files/1/0618/2368/0740/files/12.png?v=1727190036,kg,,,true,,,active
marvel-comic-printed-kids-hoodie-set,,,,,,,,,dark-grey,,,3 - 4 Years,,,,,'10714152,500.0,shopify,123,continue,manual,1399.00,0.00,true,false,,,,,'10714152,https://cdn.shopify.com/s/files/1/0618/2368/0740/files/12.png?v=1727190036,2,Marvel Comic Printed Kids Hoodie Set - front view - kids wear Pakistan,,,,,,,,,,,,,,,,,,,,,,,,,,,,,,,,,,,,,,,,,,,,https://cdn.shopify.com/s/files/1/0618/2368/0740/files/12.png?v=1727190036,kg,,,,,,
marvel-comic-printed-kids-hoodie-set,,,,,,,,,dark-grey,,,5 - 6 Years,,,,,'10714159,500.0,shopify,123,continue,manual,1399.00,0.00,true,false,,,,,'10714159,https://cdn.shopify.com/s/files/1/0618/2368/0740/files/8_a491c70b-83a8-46dc-a936-b54075b016b4.png?v=1727190051,3,Marvel Comic Printed Kids Hoodie Set - side view - kids wear Pakistan,,,,,,,,,,,,,,,,,,,,,,,,,,,,,,,,,,,,,,,,,,,,https://cdn.shopify.com/s/files/1/0618/2368/0740/files/12.png?v=1727190036,kg,,,,,,
marvel-comic-printed-kids-hoodie-set,,,,,,,,,dark-grey,,,7 - 8 Years,,,,,'10714166,500.0,shopify,123,continue,manual,1399.00,0.00,true,false,,,,,'10714166,https://cdn.shopify.com/s/files/1/0618/2368/0740/files/14_ce93bae0-e940-47dc-9995-712e4081e835.png?v=1727190069,4,Marvel Comic Printed Kids Hoodie Set - detail shot - kids wear Pakistan,,,,,,,,,,,,,,,,,,,,,,,,,,,,,,,,,,,,,,,,,,,,https://cdn.shopify.com/s/files/1/0618/2368/0740/files/12.png?v=1727190036,kg,,,,,,
marvel-comic-printed-kids-hoodie-set,,,,,,,,,dark-grey,,,9 - 10 Years,,,,,'10714173,500.0,shopify,123,continue,manual,1399.00,0.00,true,false,,,,,'10714173,https://cdn.shopify.com/s/files/1/0618/2368/0740/files/11.png?v=1727190104,5,Marvel Comic Printed Kids Hoodie Set - back view - kids wear Pakistan,,,,,,,,,,,,,,,,,,,,,,,,,,,,,,,,,,,,,,,,,,,,https://cdn.shopify.com/s/files/1/0618/2368/0740/files/12.png?v=1727190036,kg,,,,,,
marvel-comic-printed-kids-hoodie-set,,,,,,,,,dark-grey,,,11 - 12 Years,,,,,'10714180,500.0,shopify,123,continue,manual,1399.00,0.00,true,false,,,,,'10714180,https://cdn.shopify.com/s/files/1/0618/2368/0740/files/9_f8a460b5-31b0-4494-bf1a-338dafb92b7f.png?v=1727190121,6,Marvel Comic Printed Kids Hoodie Set - side view - kids wear Pakistan,,,,,,,,,,,,,,,,,,,,,,,,,,,,,,,,,,,,,,,,,,,,https://cdn.shopify.com/s/files/1/0618/2368/0740/files/12.png?v=1727190036,kg,,,,,,
marvel-comic-printed-kids-hoodie-set,,,,,,,,,yellow-1,,,1 - 2 Years,,,,,'10742947,500.0,shopify,123,continue,manual,1399.00,0.00,true,false,,,,,'10742947,https://cdn.shopify.com/s/files/1/0618/2368/0740/files/13.png?v=1727190137,7,Marvel Comic Printed Kids Hoodie Set - detail shot - kids wear Pakistan,,,,,,,,,,,,,,,,,,,,,,,,,,,,,,,,,,,,,,,,,,,,https://cdn.shopify.com/s/files/1/0618/2368/0740/files/8_a491c70b-83a8-46dc-a936-b54075b016b4.png?v=1727190051,kg,,,,,,
marvel-comic-printed-kids-hoodie-set,,,,,,,,,yellow-1,,,3 - 4 Years,,,,,'10714153,500.0,shopify,123,continue,manual,1399.00,0.00,true,false,,,,,'10714153,https://cdn.shopify.com/s/files/1/0618/2368/0740/files/kidssizechart_e28feb53-900a-4966-81fe-20382accf994.jpg?v=1776761612,8,We Can Be Heroes Printed Kids Hoodie Set Copy size chart - measurements guide,,,,,,,,,,,,,,,,,,,,,,,,,,,,,,,,,,,,,,,,,,,,https://cdn.shopify.com/s/files/1/0618/2368/0740/files/8_a491c70b-83a8-46dc-a936-b54075b016b4.png?v=1727190051,kg,,,,,,
marvel-comic-printed-kids-hoodie-set,,,,,,,,,yellow-1,,,5 - 6 Years,,,,,'10714160,500.0,shopify,123,continue,manual,1399.00,0.00,true,false,,,,,'10714160,,,,,,,,,,,,,,,,,,,,,,,,,,,,,,,,,,,,,,,,,,,,,,,https://cdn.shopify.com/s/files/1/0618/2368/0740/files/8_a491c70b-83a8-46dc-a936-b54075b016b4.png?v=1727190051,kg,,,,,,
marvel-comic-printed-kids-hoodie-set,,,,,,,,,yellow-1,,,7 - 8 Years,,,,,'10714167,500.0,shopify,123,continue,manual,1399.00,0.00,true,false,,,,,'10714167,,,,,,,,,,,,,,,,,,,,,,,,,,,,,,,,,,,,,,,,,,,,,,,https://cdn.shopify.com/s/files/1/0618/2368/0740/files/8_a491c70b-83a8-46dc-a936-b54075b016b4.png?v=1727190051,kg,,,,,,
marvel-comic-printed-kids-hoodie-set,,,,,,,,,yellow-1,,,9 - 10 Years,,,,,'10714174,500.0,shopify,123,continue,manual,1399.00,0.00,true,false,,,,,'10714174,,,,,,,,,,,,,,,,,,,,,,,,,,,,,,,,,,,,,,,,,,,,,,,https://cdn.shopify.com/s/files/1/0618/2368/0740/files/8_a491c70b-83a8-46dc-a936-b54075b016b4.png?v=1727190051,kg,,,,,,
marvel-comic-printed-kids-hoodie-set,,,,,,,,,yellow-1,,,11 - 12 Years,,,,,'10714181,500.0,shopify,123,continue,manual,1399.00,0.00,true,false,,,,,'10714181,,,,,,,,,,,,,,,,,,,,,,,,,,,,,,,,,,,,,,,,,,,,,,,https://cdn.shopify.com/s/files/1/0618/2368/0740/files/8_a491c70b-83a8-46dc-a936-b54075b016b4.png?v=1727190051,kg,,,,,,
marvel-comic-printed-kids-hoodie-set,,,,,,,,,blue,,,1 - 2 Years,,,,,'10742948,500.0,shopify,123,continue,manual,1399.00,0.00,true,false,,,,,'10742948,,,,,,,,,,,,,,,,,,,,,,,,,,,,,,,,,,,,,,,,,,,,,,,https://cdn.shopify.com/s/files/1/0618/2368/0740/files/14_ce93bae0-e940-47dc-9995-712e4081e835.png?v=1727190069,kg,,,,,,
marvel-comic-printed-kids-hoodie-set,,,,,,,,,blue,,,3 - 4 Years,,,,,'10714154,500.0,shopify,123,continue,manual,1399.00,0.00,true,false,,,,,'10714154,,,,,,,,,,,,,,,,,,,,,,,,,,,,,,,,,,,,,,,,,,,,,,,https://cdn.shopify.com/s/files/1/0618/2368/0740/files/14_ce93bae0-e940-47dc-9995-712e4081e835.png?v=1727190069,kg,,,,,,
marvel-comic-printed-kids-hoodie-set,,,,,,,,,blue,,,5 - 6 Years,,,,,'10714161,500.0,shopify,123,continue,manual,1399.00,0.00,true,false,,,,,'10714161,,,,,,,,,,,,,,,,,,,,,,,,,,,,,,,,,,,,,,,,,,,,,,,https://cdn.shopify.com/s/files/1/0618/2368/0740/files/14_ce93bae0-e940-47dc-9995-712e4081e835.png?v=1727190069,kg,,,,,,
marvel-comic-printed-kids-hoodie-set,,,,,,,,,blue,,,7 - 8 Years,,,,,'10714168,500.0,shopify,123,continue,manual,1399.00,0.00,true,false,,,,,'10714168,,,,,,,,,,,,,,,,,,,,,,,,,,,,,,,,,,,,,,,,,,,,,,,https://cdn.shopify.com/s/files/1/0618/2368/0740/files/14_ce93bae0-e940-47dc-9995-712e4081e835.png?v=1727190069,kg,,,,,,
marvel-comic-printed-kids-hoodie-set,,,,,,,,,blue,,,9 - 10 Years,,,,,'10714175,500.0,shopify,123,continue,manual,1399.00,0.00,true,false,,,,,'10714175,,,,,,,,,,,,,,,,,,,,,,,,,,,,,,,,,,,,,,,,,,,,,,,https://cdn.shopify.com/s/files/1/0618/2368/0740/files/14_ce93bae0-e940-47dc-9995-712e4081e835.png?v=1727190069,kg,,,,,,
marvel-comic-printed-kids-hoodie-set,,,,,,,,,blue,,,11 - 12 Years,,,,,'10714182,500.0,shopify,123,continue,manual,1399.00,0.00,true,false,,,,,'10714182,,,,,,,,,,,,,,,,,,,,,,,,,,,,,,,,,,,,,,,,,,,,,,,https://cdn.shopify.com/s/files/1/0618/2368/0740/files/14_ce93bae0-e940-47dc-9995-712e4081e835.png?v=1727190069,kg,,,,,,
marvel-comic-printed-kids-hoodie-set,,,,,,,,,pink,,,1 - 2 Years,,,,,'10742949,500.0,shopify,123,continue,manual,1399.00,0.00,true,false,,,,,'10742949,,,,,,,,,,,,,,,,,,,,,,,,,,,,,,,,,,,,,,,,,,,,,,,https://cdn.shopify.com/s/files/1/0618/2368/0740/files/10.png?v=1727190086,kg,,,,,,
marvel-comic-printed-kids-hoodie-set,,,,,,,,,pink,,,3 - 4 Years,,,,,'10714155,500.0,shopify,123,continue,manual,1399.00,0.00,true,false,,,,,'10714155,,,,,,,,,,,,,,,,,,,,,,,,,,,,,,,,,,,,,,,,,,,,,,,https://cdn.shopify.com/s/files/1/0618/2368/0740/files/10.png?v=1727190086,kg,,,,,,
marvel-comic-printed-kids-hoodie-set,,,,,,,,,pink,,,5 - 6 Years,,,,,'10714162,500.0,shopify,123,continue,manual,1399.00,0.00,true,false,,,,,'10714162,,,,,,,,,,,,,,,,,,,,,,,,,,,,,,,,,,,,,,,,,,,,,,,https://cdn.shopify.com/s/files/1/0618/2368/0740/files/10.png?v=1727190086,kg,,,,,,
marvel-comic-printed-kids-hoodie-set,,,,,,,,,pink,,,7 - 8 Years,,,,,'10714169,500.0,shopify,123,continue,manual,1399.00,0.00,true,false,,,,,'10714169,,,,,,,,,,,,,,,,,,,,,,,,,,,,,,,,,,,,,,,,,,,,,,,https://cdn.shopify.com/s/files/1/0618/2368/0740/files/10.png?v=1727190086,kg,,,,,,
marvel-comic-printed-kids-hoodie-set,,,,,,,,,pink,,,9 - 10 Years,,,,,'10714176,500.0,shopify,123,continue,manual,1399.00,0.00,true,false,,,,,'10714176,,,,,,,,,,,,,,,,,,,,,,,,,,,,,,,,,,,,,,,,,,,,,,,https://cdn.shopify.com/s/files/1/0618/2368/0740/files/10.png?v=1727190086,kg,,,,,,
marvel-comic-printed-kids-hoodie-set,,,,,,,,,pink,,,11 - 12 Years,,,,,'10714183,500.0,shopify,123,continue,manual,1399.00,0.00,true,false,,,,,'10714183,,,,,,,,,,,,,,,,,,,,,,,,,,,,,,,,,,,,,,,,,,,,,,,https://cdn.shopify.com/s/files/1/0618/2368/0740/files/10.png?v=1727190086,kg,,,,,,
marvel-comic-printed-kids-hoodie-set,,,,,,,,,silver,,,1 - 2 Years,,,,,'10742950,500.0,shopify,123,continue,manual,1399.00,0.00,true,false,,,,,'10742950,,,,,,,,,,,,,,,,,,,,,,,,,,,,,,,,,,,,,,,,,,,,,,,https://cdn.shopify.com/s/files/1/0618/2368/0740/files/11.png?v=1727190104,kg,,,,,,
marvel-comic-printed-kids-hoodie-set,,,,,,,,,silver,,,3 - 4 Years,,,,,'10714156,500.0,shopify,123,continue,manual,1399.00,0.00,true,false,,,,,'10714156,,,,,,,,,,,,,,,,,,,,,,,,,,,,,,,,,,,,,,,,,,,,,,,https://cdn.shopify.com/s/files/1/0618/2368/0740/files/11.png?v=1727190104,kg,,,,,,
marvel-comic-printed-kids-hoodie-set,,,,,,,,,silver,,,5 - 6 Years,,,,,'10714163,500.0,shopify,123,continue,manual,1399.00,0.00,true,false,,,,,'10714163,,,,,,,,,,,,,,,,,,,,,,,,,,,,,,,,,,,,,,,,,,,,,,,https://cdn.shopify.com/s/files/1/0618/2368/0740/files/11.png?v=1727190104,kg,,,,,,
marvel-comic-printed-kids-hoodie-set,,,,,,,,,silver,,,7 - 8 Years,,,,,'10714170,500.0,shopify,123,continue,manual,1399.00,0.00,true,false,,,,,'10714170,,,,,,,,,,,,,,,,,,,,,,,,,,,,,,,,,,,,,,,,,,,,,,,https://cdn.shopify.com/s/files/1/0618/2368/0740/files/11.png?v=1727190104,kg,,,,,,
marvel-comic-printed-kids-hoodie-set,,,,,,,,,silver,,,9 - 10 Years,,,,,'10714177,500.0,shopify,123,continue,manual,1399.00,0.00,true,false,,,,,'10714177,,,,,,,,,,,,,,,,,,,,,,,,,,,,,,,,,,,,,,,,,,,,,,,https://cdn.shopify.com/s/files/1/0618/2368/0740/files/11.png?v=1727190104,kg,,,,,,
marvel-comic-printed-kids-hoodie-set,,,,,,,,,silver,,,11 - 12 Years,,,,,'10714184,500.0,shopify,123,continue,manual,1399.00,0.00,true,false,,,,,'10714184,,,,,,,,,,,,,,,,,,,,,,,,,,,,,,,,,,,,,,,,,,,,,,,https://cdn.shopify.com/s/files/1/0618/2368/0740/files/11.png?v=1727190104,kg,,,,,,
marvel-comic-printed-kids-hoodie-set,,,,,,,,,red,,,1 - 2 Years,,,,,'10742951,500.0,shopify,123,continue,manual,1399.00,0.00,true,false,,,,,'10742951,,,,,,,,,,,,,,,,,,,,,,,,,,,,,,,,,,,,,,,,,,,,,,,https://cdn.shopify.com/s/files/1/0618/2368/0740/files/9_f8a460b5-31b0-4494-bf1a-338dafb92b7f.png?v=1727190121,kg,,,,,,
marvel-comic-printed-kids-hoodie-set,,,,,,,,,red,,,3 - 4 Years,,,,,'10714157,500.0,shopify,123,continue,manual,1399.00,0.00,true,false,,,,,'10714157,,,,,,,,,,,,,,,,,,,,,,,,,,,,,,,,,,,,,,,,,,,,,,,https://cdn.shopify.com/s/files/1/0618/2368/0740/files/9_f8a460b5-31b0-4494-bf1a-338dafb92b7f.png?v=1727190121,kg,,,,,,
marvel-comic-printed-kids-hoodie-set,,,,,,,,,red,,,5 - 6 Years,,,,,'10714164,500.0,shopify,123,continue,manual,1399.00,0.00,true,false,,,,,'10714164,,,,,,,,,,,,,,,,,,,,,,,,,,,,,,,,,,,,,,,,,,,,,,,https://cdn.shopify.com/s/files/1/0618/2368/0740/files/9_f8a460b5-31b0-4494-bf1a-338dafb92b7f.png?v=1727190121,kg,,,,,,
marvel-comic-printed-kids-hoodie-set,,,,,,,,,red,,,7 - 8 Years,,,,,'10714171,500.0,shopify,123,continue,manual,1399.00,0.00,true,false,,,,,'10714171,,,,,,,,,,,,,,,,,,,,,,,,,,,,,,,,,,,,,,,,,,,,,,,https://cdn.shopify.com/s/files/1/0618/2368/0740/files/9_f8a460b5-31b0-4494-bf1a-338dafb92b7f.png?v=1727190121,kg,,,,,,
marvel-comic-printed-kids-hoodie-set,,,,,,,,,red,,,9 - 10 Years,,,,,'10714178,500.0,shopify,123,continue,manual,1399.00,0.00,true,false,,,,,'10714178,,,,,,,,,,,,,,,,,,,,,,,,,,,,,,,,,,,,,,,,,,,,,,,https://cdn.shopify.com/s/files/1/0618/2368/0740/files/9_f8a460b5-31b0-4494-bf1a-338dafb92b7f.png?v=1727190121,kg,,,,,,
marvel-comic-printed-kids-hoodie-set,,,,,,,,,red,,,11 - 12 Years,,,,,'10714185,500.0,shopify,123,continue,manual,1399.00,0.00,true,false,,,,,'10714185,,,,,,,,,,,,,,,,,,,,,,,,,,,,,,,,,,,,,,,,,,,,,,,https://cdn.shopify.com/s/files/1/0618/2368/0740/files/9_f8a460b5-31b0-4494-bf1a-338dafb92b7f.png?v=1727190121,kg,,,,,,
marvel-comic-printed-kids-hoodie-set,,,,,,,,,navy-1,,,1 - 2 Years,,,,,'10742952,500.0,shopify,123,continue,manual,1399.00,0.00,true,false,,,,,'10742952,,,,,,,,,,,,,,,,,,,,,,,,,,,,,,,,,,,,,,,,,,,,,,,https://cdn.shopify.com/s/files/1/0618/2368/0740/files/13.png?v=1727190137,kg,,,,,,
marvel-comic-printed-kids-hoodie-set,,,,,,,,,navy-1,,,3 - 4 Years,,,,,'10714158,500.0,shopify,123,continue,manual,1399.00,0.00,true,false,,,,,'10714158,,,,,,,,,,,,,,,,,,,,,,,,,,,,,,,,,,,,,,,,,,,,,,,https://cdn.shopify.com/s/files/1/0618/2368/0740/files/13.png?v=1727190137,kg,,,,,,
marvel-comic-printed-kids-hoodie-set,,,,,,,,,navy-1,,,5 - 6 Years,,,,,'10714165,500.0,shopify,123,continue,manual,1399.00,0.00,true,false,,,,,'10714165,,,,,,,,,,,,,,,,,,,,,,,,,,,,,,,,,,,,,,,,,,,,,,,https://cdn.shopify.com/s/files/1/0618/2368/0740/files/13.png?v=1727190137,kg,,,,,,
marvel-comic-printed-kids-hoodie-set,,,,,,,,,navy-1,,,7 - 8 Years,,,,,'10714172,500.0,shopify,123,continue,manual,1399.00,0.00,true,false,,,,,'10714172,,,,,,,,,,,,,,,,,,,,,,,,,,,,,,,,,,,,,,,,,,,,,,,https://cdn.shopify.com/s/files/1/0618/2368/0740/files/13.png?v=1727190137,kg,,,,,,
marvel-comic-printed-kids-hoodie-set,,,,,,,,,navy-1,,,9 - 10 Years,,,,,'10714179,500.0,shopify,123,continue,manual,1399.00,0.00,true,false,,,,,'10714179,,,,,,,,,,,,,,,,,,,,,,,,,,,,,,,,,,,,,,,,,,,,,,,https://cdn.shopify.com/s/files/1/0618/2368/0740/files/13.png?v=1727190137,kg,,,,,,
marvel-comic-printed-kids-hoodie-set,,,,,,,,,navy-1,,,11 - 12 Years,,,,,'10706896,500.0,shopify,123,continue,manual,1399.00,0.00,true,false,,,,,'10706896,,,,,,,,,,,,,,,,,,,,,,,,,,,,,,,,,,,,,,,,,,,,,,,https://cdn.shopify.com/s/files/1/0618/2368/0740/files/13.png?v=1727190137,kg,,,,,,
bear-skateboard-printed-kids-hoodie-set,Kids Winter Hoodie Set | Bear Skateboard Printed,"<h4 data-end=""515"" data-start=""289"">
<span data-sheets-root=""1"">Kids Winter Hoodie Set | Bear Skateboard Printed</span><strong><span data-sheets-root=""1""><br><br></span></strong>
</h4>
<p data-end=""439"" data-start=""205"">Featuring an adorable bear riding a skateboard, this outfit is perfect for kids who love playful and energetic designs.</p>
<p data-end=""748"" data-start=""441"">Made from soft, premium fleece fabric, the hoodie keeps your little one warm and cozy during chilly days, while the matching jogger pants ensure comfort and flexibility for all-day activities. Whether it’s school, playtime, or a casual outing, this set keeps your child looking cool and feeling comfortable.</p>
<p data-end=""852"" data-start=""750"">The unique bear skateboard print adds a trendy and fun vibe that stands out from everyday winter wear.</p>
<p data-end=""869"" data-start=""854"">✨ <strong data-end=""869"" data-start=""856"">Features:</strong></p>
<ul data-end=""1086"" data-start=""870"">
<li data-end=""913"" data-start=""870"" data-section-id=""m2jogh"">Soft fleece fabric for warmth &amp; comfort</li>
<li data-end=""948"" data-start=""914"" data-section-id=""1eniv7k"">Fun bear skateboard print 🐻🛹</li>
<li data-end=""987"" data-start=""949"" data-section-id=""gklsta"">Cozy hoodie with soft inner lining</li>
<li data-end=""1036"" data-start=""988"" data-section-id=""1qd8zxj"">Matching jogger pants with elastic waistband</li>
<li data-end=""1086"" data-start=""1037"" data-section-id=""yd59s1"">Perfect for school, playtime &amp; winter outings</li>
</ul>
<p data-end=""1158"" data-start=""1088"">Let your kids stay <strong data-end=""1145"" data-start=""1107"">warm, comfy, and effortlessly cool</strong> this winter!</p>
<h4 data-end=""515"" data-start=""289""><strong><span data-sheets-root=""1""><br></span></strong></h4>",BBG FASHION,Apparel & Accessories > Clothing > Baby & Toddler Clothing,Kids Hoodie Set,Kids Winter Collection,true,Color,pink,product.metafields.shopify.color-pattern,Size,1 - 2 years,,,,,'10739432,500.0,shopify,100,continue,manual,1399.00,0.00,true,false,,,,,'10739432,https://cdn.shopify.com/s/files/1/0618/2368/0740/files/2_4981b9e1-2a48-4b66-bdf0-ea282592ac93.png?v=1776760875,1,Bear Skateboard Printed Kids Hoodie Set - side view - kids wear Pakistan,false,,"Shop Kids Winter Hoodie Set Bear Skateboard Printed in soft fleece. Warm, stylish & fun winter outfit for kids. Perfect for everyday wear in Pakistan. Order now!",182,,,,,,,,,,,,,,,,,,,,pink; red; silver; blue; yellow-1; dark-grey; navy-1,,,fleece,,,,,,,,,,,,,,,,,https://cdn.shopify.com/s/files/1/0618/2368/0740/files/2_4981b9e1-2a48-4b66-bdf0-ea282592ac93.png?v=1776760875,kg,,,true,,,active
bear-skateboard-printed-kids-hoodie-set,,,,,,,,,pink,,,3 - 4 Years,,,,,'10714119,500.0,shopify,100,continue,manual,1399.00,0.00,true,false,,,,,'10714119,https://cdn.shopify.com/s/files/1/0618/2368/0740/files/1_db365b13-7087-4a9c-a696-a987f59947bf.png?v=1776760875,2,Bear Skateboard Printed Kids Hoodie Set - front view - kids wear Pakistan,,,,,,,,,,,,,,,,,,,,,,,,,,,,,,,,,,,,,,,,,,,,https://cdn.shopify.com/s/files/1/0618/2368/0740/files/2_4981b9e1-2a48-4b66-bdf0-ea282592ac93.png?v=1776760875,kg,,,,,,
bear-skateboard-printed-kids-hoodie-set,,,,,,,,,pink,,,5 - 6 Years,,,,,'10714126,500.0,shopify,100,continue,manual,1399.00,0.00,true,false,,,,,'10714126,https://cdn.shopify.com/s/files/1/0618/2368/0740/files/3_028f8dfc-da01-4b10-bd31-98dfde31c44e.png?v=1727189014,3,Bear Skateboard Printed Kids Hoodie Set - detail shot - kids wear Pakistan,,,,,,,,,,,,,,,,,,,,,,,,,,,,,,,,,,,,,,,,,,,,https://cdn.shopify.com/s/files/1/0618/2368/0740/files/2_4981b9e1-2a48-4b66-bdf0-ea282592ac93.png?v=1776760875,kg,,,,,,
bear-skateboard-printed-kids-hoodie-set,,,,,,,,,pink,,,7 - 8 Years,,,,,'10714133,500.0,shopify,100,continue,manual,1399.00,0.00,true,false,,,,,'10714133,https://cdn.shopify.com/s/files/1/0618/2368/0740/files/6_22c4c408-5f1c-452a-9704-572bbe0ecd3b.png?v=1727189034,4,Bear Skateboard Printed Kids Hoodie Set - front view - kids wear Pakistan,,,,,,,,,,,,,,,,,,,,,,,,,,,,,,,,,,,,,,,,,,,,https://cdn.shopify.com/s/files/1/0618/2368/0740/files/2_4981b9e1-2a48-4b66-bdf0-ea282592ac93.png?v=1776760875,kg,,,,,,
bear-skateboard-printed-kids-hoodie-set,,,,,,,,,pink,,,9 - 10 Years,,,,,'10714140,500.0,shopify,100,continue,manual,1399.00,0.00,true,false,,,,,'10714140,https://cdn.shopify.com/s/files/1/0618/2368/0740/files/kids_new_hoodie_set_1.png?v=1727189310,5,Bear Skateboard Printed Kids Hoodie Set - back view - kids wear Pakistan,,,,,,,,,,,,,,,,,,,,,,,,,,,,,,,,,,,,,,,,,,,,https://cdn.shopify.com/s/files/1/0618/2368/0740/files/2_4981b9e1-2a48-4b66-bdf0-ea282592ac93.png?v=1776760875,kg,,,,,,
bear-skateboard-printed-kids-hoodie-set,,,,,,,,,pink,,,11 - 12 Years,,,,,'10714147,500.0,shopify,100,continue,manual,1399.00,0.00,true,false,,,,,'10714147,https://cdn.shopify.com/s/files/1/0618/2368/0740/files/4_722c7bf9-5dd9-4e70-9739-436bb151d107.png?v=1727189353,6,Bear Skateboard Printed Kids Hoodie Set - side view - kids wear Pakistan,,,,,,,,,,,,,,,,,,,,,,,,,,,,,,,,,,,,,,,,,,,,https://cdn.shopify.com/s/files/1/0618/2368/0740/files/2_4981b9e1-2a48-4b66-bdf0-ea282592ac93.png?v=1776760875,kg,,,,,,
bear-skateboard-printed-kids-hoodie-set,,,,,,,,,red,,,1 - 2 years,,,,,'10739431,500.0,shopify,100,continue,manual,1399.00,0.00,true,false,,,,,'10739431,https://cdn.shopify.com/s/files/1/0618/2368/0740/files/5_f44edec5-137f-4e1d-8238-62d7e6cee482.png?v=1727189373,7,Bear Skateboard Printed Kids Hoodie Set - detail shot - kids wear Pakistan,,,,,,,,,,,,,,,,,,,,,,,,,,,,,,,,,,,,,,,,,,,,https://cdn.shopify.com/s/files/1/0618/2368/0740/files/1_db365b13-7087-4a9c-a696-a987f59947bf.png?v=1776760875,kg,,,,,,
bear-skateboard-printed-kids-hoodie-set,,,,,,,,,red,,,3 - 4 Years,,,,,'10714118,500.0,shopify,100,continue,manual,1399.00,0.00,true,false,,,,,'10714118,https://cdn.shopify.com/s/files/1/0618/2368/0740/files/kidssizechart_e28feb53-900a-4966-81fe-20382accf994.jpg?v=1776761612,8,We Can Be Heroes Printed Kids Hoodie Set Copy size chart - measurements guide,,,,,,,,,,,,,,,,,,,,,,,,,,,,,,,,,,,,,,,,,,,,https://cdn.shopify.com/s/files/1/0618/2368/0740/files/1_db365b13-7087-4a9c-a696-a987f59947bf.png?v=1776760875,kg,,,,,,
bear-skateboard-printed-kids-hoodie-set,,,,,,,,,red,,,5 - 6 Years,,,,,'10714125,500.0,shopify,100,continue,manual,1399.00,0.00,true,false,,,,,'10714125,,,,,,,,,,,,,,,,,,,,,,,,,,,,,,,,,,,,,,,,,,,,,,,https://cdn.shopify.com/s/files/1/0618/2368/0740/files/1_db365b13-7087-4a9c-a696-a987f59947bf.png?v=1776760875,kg,,,,,,
bear-skateboard-printed-kids-hoodie-set,,,,,,,,,red,,,7 - 8 Years,,,,,'10714132,500.0,shopify,100,continue,manual,1399.00,0.00,true,false,,,,,'10714132,,,,,,,,,,,,,,,,,,,,,,,,,,,,,,,,,,,,,,,,,,,,,,,https://cdn.shopify.com/s/files/1/0618/2368/0740/files/1_db365b13-7087-4a9c-a696-a987f59947bf.png?v=1776760875,kg,,,,,,
bear-skateboard-printed-kids-hoodie-set,,,,,,,,,red,,,9 - 10 Years,,,,,'10714139,500.0,shopify,100,continue,manual,1399.00,0.00,true,false,,,,,'10714139,,,,,,,,,,,,,,,,,,,,,,,,,,,,,,,,,,,,,,,,,,,,,,,https://cdn.shopify.com/s/files/1/0618/2368/0740/files/1_db365b13-7087-4a9c-a696-a987f59947bf.png?v=1776760875,kg,,,,,,
bear-skateboard-printed-kids-hoodie-set,,,,,,,,,red,,,11 - 12 Years,,,,,'10714146,500.0,shopify,100,continue,manual,1399.00,0.00,true,false,,,,,'10714146,,,,,,,,,,,,,,,,,,,,,,,,,,,,,,,,,,,,,,,,,,,,,,,https://cdn.shopify.com/s/files/1/0618/2368/0740/files/1_db365b13-7087-4a9c-a696-a987f59947bf.png?v=1776760875,kg,,,,,,
bear-skateboard-printed-kids-hoodie-set,,,,,,,,,silver,,,1 - 2 years,,,,,'10739433,500.0,shopify,100,continue,manual,1399.00,0.00,true,false,,,,,'10739433,,,,,,,,,,,,,,,,,,,,,,,,,,,,,,,,,,,,,,,,,,,,,,,https://cdn.shopify.com/s/files/1/0618/2368/0740/files/3_028f8dfc-da01-4b10-bd31-98dfde31c44e.png?v=1727189014,kg,,,,,,
bear-skateboard-printed-kids-hoodie-set,,,,,,,,,silver,,,3 - 4 Years,,,,,'10714120,500.0,shopify,100,continue,manual,1399.00,0.00,true,false,,,,,'10714120,,,,,,,,,,,,,,,,,,,,,,,,,,,,,,,,,,,,,,,,,,,,,,,https://cdn.shopify.com/s/files/1/0618/2368/0740/files/3_028f8dfc-da01-4b10-bd31-98dfde31c44e.png?v=1727189014,kg,,,,,,
bear-skateboard-printed-kids-hoodie-set,,,,,,,,,silver,,,5 - 6 Years,,,,,'10714127,500.0,shopify,100,continue,manual,1399.00,0.00,true,false,,,,,'10714127,,,,,,,,,,,,,,,,,,,,,,,,,,,,,,,,,,,,,,,,,,,,,,,https://cdn.shopify.com/s/files/1/0618/2368/0740/files/3_028f8dfc-da01-4b10-bd31-98dfde31c44e.png?v=1727189014,kg,,,,,,
bear-skateboard-printed-kids-hoodie-set,,,,,,,,,silver,,,7 - 8 Years,,,,,'10714134,500.0,shopify,100,continue,manual,1399.00,0.00,true,false,,,,,'10714134,,,,,,,,,,,,,,,,,,,,,,,,,,,,,,,,,,,,,,,,,,,,,,,https://cdn.shopify.com/s/files/1/0618/2368/0740/files/3_028f8dfc-da01-4b10-bd31-98dfde31c44e.png?v=1727189014,kg,,,,,,
bear-skateboard-printed-kids-hoodie-set,,,,,,,,,silver,,,9 - 10 Years,,,,,'10714141,500.0,shopify,100,continue,manual,1399.00,0.00,true,false,,,,,'10714141,,,,,,,,,,,,,,,,,,,,,,,,,,,,,,,,,,,,,,,,,,,,,,,https://cdn.shopify.com/s/files/1/0618/2368/0740/files/3_028f8dfc-da01-4b10-bd31-98dfde31c44e.png?v=1727189014,kg,,,,,,
bear-skateboard-printed-kids-hoodie-set,,,,,,,,,silver,,,11 - 12 Years,,,,,'10714148,500.0,shopify,100,continue,manual,1399.00,0.00,true,false,,,,,'10714148,,,,,,,,,,,,,,,,,,,,,,,,,,,,,,,,,,,,,,,,,,,,,,,https://cdn.shopify.com/s/files/1/0618/2368/0740/files/3_028f8dfc-da01-4b10-bd31-98dfde31c44e.png?v=1727189014,kg,,,,,,
bear-skateboard-printed-kids-hoodie-set,,,,,,,,,blue,,,1 - 2 years,,,,,'10739434,500.0,shopify,100,continue,manual,1399.00,0.00,true,false,,,,,'10739434,,,,,,,,,,,,,,,,,,,,,,,,,,,,,,,,,,,,,,,,,,,,,,,https://cdn.shopify.com/s/files/1/0618/2368/0740/files/6_22c4c408-5f1c-452a-9704-572bbe0ecd3b.png?v=1727189034,kg,,,,,,
bear-skateboard-printed-kids-hoodie-set,,,,,,,,,blue,,,3 - 4 Years,,,,,'10714121,500.0,shopify,100,continue,manual,1399.00,0.00,true,false,,,,,'10714121,,,,,,,,,,,,,,,,,,,,,,,,,,,,,,,,,,,,,,,,,,,,,,,https://cdn.shopify.com/s/files/1/0618/2368/0740/files/6_22c4c408-5f1c-452a-9704-572bbe0ecd3b.png?v=1727189034,kg,,,,,,
bear-skateboard-printed-kids-hoodie-set,,,,,,,,,blue,,,5 - 6 Years,,,,,'10714128,500.0,shopify,100,continue,manual,1399.00,0.00,true,false,,,,,'10714128,,,,,,,,,,,,,,,,,,,,,,,,,,,,,,,,,,,,,,,,,,,,,,,https://cdn.shopify.com/s/files/1/0618/2368/0740/files/6_22c4c408-5f1c-452a-9704-572bbe0ecd3b.png?v=1727189034,kg,,,,,,
bear-skateboard-printed-kids-hoodie-set,,,,,,,,,blue,,,7 - 8 Years,,,,,'10714135,500.0,shopify,100,continue,manual,1399.00,0.00,true,false,,,,,'10714135,,,,,,,,,,,,,,,,,,,,,,,,,,,,,,,,,,,,,,,,,,,,,,,https://cdn.shopify.com/s/files/1/0618/2368/0740/files/6_22c4c408-5f1c-452a-9704-572bbe0ecd3b.png?v=1727189034,kg,,,,,,
bear-skateboard-printed-kids-hoodie-set,,,,,,,,,blue,,,9 - 10 Years,,,,,'10714142,500.0,shopify,100,continue,manual,1399.00,0.00,true,false,,,,,'10714142,,,,,,,,,,,,,,,,,,,,,,,,,,,,,,,,,,,,,,,,,,,,,,,https://cdn.shopify.com/s/files/1/0618/2368/0740/files/6_22c4c408-5f1c-452a-9704-572bbe0ecd3b.png?v=1727189034,kg,,,,,,
bear-skateboard-printed-kids-hoodie-set,,,,,,,,,blue,,,11 - 12 Years,,,,,'10714149,500.0,shopify,100,continue,manual,1399.00,0.00,true,false,,,,,'10714149,,,,,,,,,,,,,,,,,,,,,,,,,,,,,,,,,,,,,,,,,,,,,,,https://cdn.shopify.com/s/files/1/0618/2368/0740/files/6_22c4c408-5f1c-452a-9704-572bbe0ecd3b.png?v=1727189034,kg,,,,,,
bear-skateboard-printed-kids-hoodie-set,,,,,,,,,yellow-1,,,1 - 2 years,,,,,'10739435,500.0,shopify,100,continue,manual,1399.00,0.00,true,false,,,,,'10739435,,,,,,,,,,,,,,,,,,,,,,,,,,,,,,,,,,,,,,,,,,,,,,,https://cdn.shopify.com/s/files/1/0618/2368/0740/files/kids_new_hoodie_set_1.png?v=1727189310,kg,,,,,,
bear-skateboard-printed-kids-hoodie-set,,,,,,,,,yellow-1,,,3 - 4 Years,,,,,'10714122,500.0,shopify,100,continue,manual,1399.00,0.00,true,false,,,,,'10714122,,,,,,,,,,,,,,,,,,,,,,,,,,,,,,,,,,,,,,,,,,,,,,,https://cdn.shopify.com/s/files/1/0618/2368/0740/files/kids_new_hoodie_set_1.png?v=1727189310,kg,,,,,,
bear-skateboard-printed-kids-hoodie-set,,,,,,,,,yellow-1,,,5 - 6 Years,,,,,'10714129,500.0,shopify,100,continue,manual,1399.00,0.00,true,false,,,,,'10714129,,,,,,,,,,,,,,,,,,,,,,,,,,,,,,,,,,,,,,,,,,,,,,,https://cdn.shopify.com/s/files/1/0618/2368/0740/files/kids_new_hoodie_set_1.png?v=1727189310,kg,,,,,,
bear-skateboard-printed-kids-hoodie-set,,,,,,,,,yellow-1,,,7 - 8 Years,,,,,'10714136,500.0,shopify,100,continue,manual,1399.00,0.00,true,false,,,,,'10714136,,,,,,,,,,,,,,,,,,,,,,,,,,,,,,,,,,,,,,,,,,,,,,,https://cdn.shopify.com/s/files/1/0618/2368/0740/files/kids_new_hoodie_set_1.png?v=1727189310,kg,,,,,,
bear-skateboard-printed-kids-hoodie-set,,,,,,,,,yellow-1,,,9 - 10 Years,,,,,'10714143,500.0,shopify,100,continue,manual,1399.00,0.00,true,false,,,,,'10714143,,,,,,,,,,,,,,,,,,,,,,,,,,,,,,,,,,,,,,,,,,,,,,,https://cdn.shopify.com/s/files/1/0618/2368/0740/files/kids_new_hoodie_set_1.png?v=1727189310,kg,,,,,,
bear-skateboard-printed-kids-hoodie-set,,,,,,,,,yellow-1,,,11 - 12 Years,,,,,'10714150,500.0,shopify,100,continue,manual,1399.00,0.00,true,false,,,,,'10714150,,,,,,,,,,,,,,,,,,,,,,,,,,,,,,,,,,,,,,,,,,,,,,,https://cdn.shopify.com/s/files/1/0618/2368/0740/files/kids_new_hoodie_set_1.png?v=1727189310,kg,,,,,,
bear-skateboard-printed-kids-hoodie-set,,,,,,,,,dark-grey,,,1 - 2 years,,,,,'10739436,500.0,shopify,100,continue,manual,1399.00,0.00,true,false,,,,,'10739436,,,,,,,,,,,,,,,,,,,,,,,,,,,,,,,,,,,,,,,,,,,,,,,https://cdn.shopify.com/s/files/1/0618/2368/0740/files/4_722c7bf9-5dd9-4e70-9739-436bb151d107.png?v=1727189353,kg,,,,,,
bear-skateboard-printed-kids-hoodie-set,,,,,,,,,dark-grey,,,3 - 4 Years,,,,,'10714123,500.0,shopify,100,continue,manual,1399.00,0.00,true,false,,,,,'10714123,,,,,,,,,,,,,,,,,,,,,,,,,,,,,,,,,,,,,,,,,,,,,,,https://cdn.shopify.com/s/files/1/0618/2368/0740/files/4_722c7bf9-5dd9-4e70-9739-436bb151d107.png?v=1727189353,kg,,,,,,
bear-skateboard-printed-kids-hoodie-set,,,,,,,,,dark-grey,,,5 - 6 Years,,,,,'10714130,500.0,shopify,100,continue,manual,1399.00,0.00,true,false,,,,,'10714130,,,,,,,,,,,,,,,,,,,,,,,,,,,,,,,,,,,,,,,,,,,,,,,https://cdn.shopify.com/s/files/1/0618/2368/0740/files/4_722c7bf9-5dd9-4e70-9739-436bb151d107.png?v=1727189353,kg,,,,,,
bear-skateboard-printed-kids-hoodie-set,,,,,,,,,dark-grey,,,7 - 8 Years,,,,,'10714137,500.0,shopify,100,continue,manual,1399.00,0.00,true,false,,,,,'10714137,,,,,,,,,,,,,,,,,,,,,,,,,,,,,,,,,,,,,,,,,,,,,,,https://cdn.shopify.com/s/files/1/0618/2368/0740/files/4_722c7bf9-5dd9-4e70-9739-436bb151d107.png?v=1727189353,kg,,,,,,
bear-skateboard-printed-kids-hoodie-set,,,,,,,,,dark-grey,,,9 - 10 Years,,,,,'10714144,500.0,shopify,100,continue,manual,1399.00,0.00,true,false,,,,,'10714144,,,,,,,,,,,,,,,,,,,,,,,,,,,,,,,,,,,,,,,,,,,,,,,https://cdn.shopify.com/s/files/1/0618/2368/0740/files/4_722c7bf9-5dd9-4e70-9739-436bb151d107.png?v=1727189353,kg,,,,,,
bear-skateboard-printed-kids-hoodie-set,,,,,,,,,dark-grey,,,11 - 12 Years,,,,,'10714151,500.0,shopify,100,continue,manual,1399.00,0.00,true,false,,,,,'10714151,,,,,,,,,,,,,,,,,,,,,,,,,,,,,,,,,,,,,,,,,,,,,,,https://cdn.shopify.com/s/files/1/0618/2368/0740/files/4_722c7bf9-5dd9-4e70-9739-436bb151d107.png?v=1727189353,kg,,,,,,
bear-skateboard-printed-kids-hoodie-set,,,,,,,,,navy-1,,,1 - 2 years,,,,,'10739437,500.0,shopify,100,continue,manual,1399.00,0.00,true,false,,,,,'10739437,,,,,,,,,,,,,,,,,,,,,,,,,,,,,,,,,,,,,,,,,,,,,,,https://cdn.shopify.com/s/files/1/0618/2368/0740/files/5_f44edec5-137f-4e1d-8238-62d7e6cee482.png?v=1727189373,kg,,,,,,
bear-skateboard-printed-kids-hoodie-set,,,,,,,,,navy-1,,,3 - 4 Years,,,,,'10714124,500.0,shopify,100,continue,manual,1399.00,0.00,true,false,,,,,'10714124,,,,,,,,,,,,,,,,,,,,,,,,,,,,,,,,,,,,,,,,,,,,,,,https://cdn.shopify.com/s/files/1/0618/2368/0740/files/5_f44edec5-137f-4e1d-8238-62d7e6cee482.png?v=1727189373,kg,,,,,,
bear-skateboard-printed-kids-hoodie-set,,,,,,,,,navy-1,,,5 - 6 Years,,,,,'10714131,500.0,shopify,100,continue,manual,1399.00,0.00,true,false,,,,,'10714131,,,,,,,,,,,,,,,,,,,,,,,,,,,,,,,,,,,,,,,,,,,,,,,https://cdn.shopify.com/s/files/1/0618/2368/0740/files/5_f44edec5-137f-4e1d-8238-62d7e6cee482.png?v=1727189373,kg,,,,,,
bear-skateboard-printed-kids-hoodie-set,,,,,,,,,navy-1,,,7 - 8 Years,,,,,'10714138,500.0,shopify,100,continue,manual,1399.00,0.00,true,false,,,,,'10714138,,,,,,,,,,,,,,,,,,,,,,,,,,,,,,,,,,,,,,,,,,,,,,,https://cdn.shopify.com/s/files/1/0618/2368/0740/files/5_f44edec5-137f-4e1d-8238-62d7e6cee482.png?v=1727189373,kg,,,,,,
bear-skateboard-printed-kids-hoodie-set,,,,,,,,,navy-1,,,9 - 10 Years,,,,,'10714145,500.0,shopify,100,continue,manual,1399.00,0.00,true,false,,,,,'10714145,,,,,,,,,,,,,,,,,,,,,,,,,,,,,,,,,,,,,,,,,,,,,,,https://cdn.shopify.com/s/files/1/0618/2368/0740/files/5_f44edec5-137f-4e1d-8238-62d7e6cee482.png?v=1727189373,kg,,,,,,
bear-skateboard-printed-kids-hoodie-set,,,,,,,,,navy-1,,,11 - 12 Years,,,,,'10706895,500.0,shopify,100,continue,manual,1399.00,0.00,true,false,,,,,'10706895,,,,,,,,,,,,,,,,,,,,,,,,,,,,,,,,,,,,,,,,,,,,,,,https://cdn.shopify.com/s/files/1/0618/2368/0740/files/5_f44edec5-137f-4e1d-8238-62d7e6cee482.png?v=1727189373,kg,,,,,,
parrot-printed-kids-hoodie-set,Kids Winter Hoodie Set | Parrot Printed,"<h4><strong><span data-sheets-root=""1"">Kids Winter Hoodie Set | Parrot Printed<br><br></span></strong></h4>
<p data-start=""199"" data-end=""428"">Featuring a lively and eye-catching parrot design, this outfit brings a cheerful and playful vibe that kids love.</p>
<p data-start=""430"" data-end=""723"">Made from soft, premium fleece fabric, the hoodie keeps your little one warm and cozy during chilly days, while the matching jogger pants provide a relaxed and comfortable fit for all-day movement. Perfect for school, playtime, or casual outings, this set combines comfort with standout style.</p>
<p data-start=""725"" data-end=""828"">The vibrant parrot print makes this outfit a fun choice for kids who enjoy colorful and unique designs.</p>
<p data-start=""830"" data-end=""845"">✨ <strong data-start=""832"" data-end=""845"">Features:</strong></p>
<ul data-start=""846"" data-end=""1066"">
<li data-section-id=""m2jogh"" data-start=""846"" data-end=""889"">Soft fleece fabric for warmth &amp; comfort</li>
<li data-section-id=""13nm37n"" data-start=""890"" data-end=""928"">Bright and playful parrot print 🦜</li>
<li data-section-id=""gklsta"" data-start=""929"" data-end=""967"">Cozy hoodie with soft inner lining</li>
<li data-section-id=""1qd8zxj"" data-start=""968"" data-end=""1016"">Matching jogger pants with elastic waistband</li>
<li data-section-id=""9bnese"" data-start=""1017"" data-end=""1066"">Ideal for daily wear, school &amp; winter outings</li>
</ul>
<p data-start=""1068"" data-end=""1134"">Let your kids stay <strong data-start=""1087"" data-end=""1121"">warm, comfy, and full of color</strong> this winter!</p>
<h4><strong><span data-sheets-root=""1""><br></span></strong></h4>",BBG FASHION,Apparel & Accessories > Clothing > Baby & Toddler Clothing,Kids Hoodie Set,Kids Winter Collection,true,Size,1 - 2 Years,,Color,navy-1,product.metafields.shopify.color-pattern,,,,'10742807,500.0,shopify,200,continue,manual,1399.00,0.00,true,false,,,,,'10742807,https://cdn.shopify.com/s/files/1/0618/2368/0740/files/52.png?v=1776771693,1,Parrot Printed Kids Hoodie Set - side view - kids wear Pakistan,false,,"Shop Kids Winter Hoodie Set Parrot Printed in soft fleece. Warm, colorful & stylish winter outfit for kids. Perfect everyday wear in Pakistan. Order now!",182,,,,,,,,,,,,,,,,,,,,navy-1; pink; yellow-1; red; blue; silver; dark-grey,,,,,,,,,,,,,,,,,,,,https://cdn.shopify.com/s/files/1/0618/2368/0740/files/55.png?v=1776771693,kg,,,true,,,active
parrot-printed-kids-hoodie-set,,,,,,,,,1 - 2 Years,,,pink,,,,,'10742808,500.0,shopify,200,continue,manual,1399.00,0.00,true,false,,,,,'10742808,https://cdn.shopify.com/s/files/1/0618/2368/0740/files/55.png?v=1776771693,2,Parrot Printed Kids Hoodie Set - front view - kids wear Pakistan,,,,,,,,,,,,,,,,,,,,,,,,,,,,,,,,,,,,,,,,,,,,https://cdn.shopify.com/s/files/1/0618/2368/0740/files/52.png?v=1776771693,kg,,,,,,
parrot-printed-kids-hoodie-set,,,,,,,,,1 - 2 Years,,,yellow-1,,,,,'10742809,500.0,shopify,200,continue,manual,1399.00,0.00,true,false,,,,,'10742809,https://cdn.shopify.com/s/files/1/0618/2368/0740/files/50_f7e8598b-4e88-47fe-b502-4a293ce8d686.png?v=1727261209,3,Parrot Printed Kids Hoodie Set - detail shot - kids wear Pakistan,,,,,,,,,,,,,,,,,,,,,,,,,,,,,,,,,,,,,,,,,,,,https://cdn.shopify.com/s/files/1/0618/2368/0740/files/50_f7e8598b-4e88-47fe-b502-4a293ce8d686.png?v=1727261209,kg,,,,,,
parrot-printed-kids-hoodie-set,,,,,,,,,1 - 2 Years,,,red,,,,,'10742810,500.0,shopify,200,continue,manual,1399.00,0.00,true,false,,,,,'10742810,https://cdn.shopify.com/s/files/1/0618/2368/0740/files/51.png?v=1727261229,4,Parrot Printed Kids Hoodie Set - front view - kids wear Pakistan,,,,,,,,,,,,,,,,,,,,,,,,,,,,,,,,,,,,,,,,,,,,https://cdn.shopify.com/s/files/1/0618/2368/0740/files/51.png?v=1727261229,kg,,,,,,
parrot-printed-kids-hoodie-set,,,,,,,,,1 - 2 Years,,,blue,,,,,'10742811,500.0,shopify,200,continue,manual,1399.00,0.00,true,false,,,,,'10742811,https://cdn.shopify.com/s/files/1/0618/2368/0740/files/56.png?v=1727261244,5,Parrot Printed Kids Hoodie Set - back view - kids wear Pakistan,,,,,,,,,,,,,,,,,,,,,,,,,,,,,,,,,,,,,,,,,,,,https://cdn.shopify.com/s/files/1/0618/2368/0740/files/56.png?v=1727261244,kg,,,,,,
parrot-printed-kids-hoodie-set,,,,,,,,,1 - 2 Years,,,silver,,,,,'10742812,500.0,shopify,200,continue,manual,1399.00,0.00,true,false,,,,,'10742812,https://cdn.shopify.com/s/files/1/0618/2368/0740/files/53.png?v=1727261259,6,Parrot Printed Kids Hoodie Set - side view - kids wear Pakistan,,,,,,,,,,,,,,,,,,,,,,,,,,,,,,,,,,,,,,,,,,,,https://cdn.shopify.com/s/files/1/0618/2368/0740/files/53.png?v=1727261259,kg,,,,,,
parrot-printed-kids-hoodie-set,,,,,,,,,1 - 2 Years,,,dark-grey,,,,,'10742813,500.0,shopify,200,continue,manual,1399.00,0.00,true,false,,,,,'10742813,https://cdn.shopify.com/s/files/1/0618/2368/0740/files/54.png?v=1727261272,7,Parrot Printed Kids Hoodie Set - detail shot - kids wear Pakistan,,,,,,,,,,,,,,,,,,,,,,,,,,,,,,,,,,,,,,,,,,,,https://cdn.shopify.com/s/files/1/0618/2368/0740/files/54.png?v=1727261272,kg,,,,,,
parrot-printed-kids-hoodie-set,,,,,,,,,3 - 4 Years,,,navy-1,,,,,'10714084,500.0,shopify,200,continue,manual,1399.00,0.00,true,false,,,,,'10714084,https://cdn.shopify.com/s/files/1/0618/2368/0740/files/kidssizechart_e28feb53-900a-4966-81fe-20382accf994.jpg?v=1776761612,8,We Can Be Heroes Printed Kids Hoodie Set Copy size chart - measurements guide,,,,,,,,,,,,,,,,,,,,,,,,,,,,,,,,,,,,,,,,,,,,https://cdn.shopify.com/s/files/1/0618/2368/0740/files/55.png?v=1776771693,kg,,,,,,
parrot-printed-kids-hoodie-set,,,,,,,,,3 - 4 Years,,,pink,,,,,'10714085,500.0,shopify,200,continue,manual,1399.00,0.00,true,false,,,,,'10714085,,,,,,,,,,,,,,,,,,,,,,,,,,,,,,,,,,,,,,,,,,,,,,,https://cdn.shopify.com/s/files/1/0618/2368/0740/files/52.png?v=1776771693,kg,,,,,,
parrot-printed-kids-hoodie-set,,,,,,,,,3 - 4 Years,,,yellow-1,,,,,'10714086,500.0,shopify,200,continue,manual,1399.00,0.00,true,false,,,,,'10714086,,,,,,,,,,,,,,,,,,,,,,,,,,,,,,,,,,,,,,,,,,,,,,,https://cdn.shopify.com/s/files/1/0618/2368/0740/files/50_f7e8598b-4e88-47fe-b502-4a293ce8d686.png?v=1727261209,kg,,,,,,
parrot-printed-kids-hoodie-set,,,,,,,,,3 - 4 Years,,,red,,,,,'10714087,500.0,shopify,200,continue,manual,1399.00,0.00,true,false,,,,,'10714087,,,,,,,,,,,,,,,,,,,,,,,,,,,,,,,,,,,,,,,,,,,,,,,https://cdn.shopify.com/s/files/1/0618/2368/0740/files/51.png?v=1727261229,kg,,,,,,
parrot-printed-kids-hoodie-set,,,,,,,,,3 - 4 Years,,,blue,,,,,'10714088,500.0,shopify,200,continue,manual,1399.00,0.00,true,false,,,,,'10714088,,,,,,,,,,,,,,,,,,,,,,,,,,,,,,,,,,,,,,,,,,,,,,,https://cdn.shopify.com/s/files/1/0618/2368/0740/files/56.png?v=1727261244,kg,,,,,,
parrot-printed-kids-hoodie-set,,,,,,,,,3 - 4 Years,,,silver,,,,,'10714089,500.0,shopify,200,continue,manual,1399.00,0.00,true,false,,,,,'10714089,,,,,,,,,,,,,,,,,,,,,,,,,,,,,,,,,,,,,,,,,,,,,,,https://cdn.shopify.com/s/files/1/0618/2368/0740/files/53.png?v=1727261259,kg,,,,,,
parrot-printed-kids-hoodie-set,,,,,,,,,3 - 4 Years,,,dark-grey,,,,,'10714090,500.0,shopify,200,continue,manual,1399.00,0.00,true,false,,,,,'10714090,,,,,,,,,,,,,,,,,,,,,,,,,,,,,,,,,,,,,,,,,,,,,,,https://cdn.shopify.com/s/files/1/0618/2368/0740/files/54.png?v=1727261272,kg,,,,,,
parrot-printed-kids-hoodie-set,,,,,,,,,5 - 6 Years,,,navy-1,,,,,'10714091,500.0,shopify,200,continue,manual,1399.00,0.00,true,false,,,,,'10714091,,,,,,,,,,,,,,,,,,,,,,,,,,,,,,,,,,,,,,,,,,,,,,,https://cdn.shopify.com/s/files/1/0618/2368/0740/files/55.png?v=1776771693,kg,,,,,,
parrot-printed-kids-hoodie-set,,,,,,,,,5 - 6 Years,,,pink,,,,,'10714092,500.0,shopify,200,continue,manual,1399.00,0.00,true,false,,,,,'10714092,,,,,,,,,,,,,,,,,,,,,,,,,,,,,,,,,,,,,,,,,,,,,,,https://cdn.shopify.com/s/files/1/0618/2368/0740/files/52.png?v=1776771693,kg,,,,,,
parrot-printed-kids-hoodie-set,,,,,,,,,5 - 6 Years,,,yellow-1,,,,,'10714093,500.0,shopify,200,continue,manual,1399.00,0.00,true,false,,,,,'10714093,,,,,,,,,,,,,,,,,,,,,,,,,,,,,,,,,,,,,,,,,,,,,,,https://cdn.shopify.com/s/files/1/0618/2368/0740/files/50_f7e8598b-4e88-47fe-b502-4a293ce8d686.png?v=1727261209,kg,,,,,,
parrot-printed-kids-hoodie-set,,,,,,,,,5 - 6 Years,,,red,,,,,'10714094,500.0,shopify,200,continue,manual,1399.00,0.00,true,false,,,,,'10714094,,,,,,,,,,,,,,,,,,,,,,,,,,,,,,,,,,,,,,,,,,,,,,,https://cdn.shopify.com/s/files/1/0618/2368/0740/files/51.png?v=1727261229,kg,,,,,,
parrot-printed-kids-hoodie-set,,,,,,,,,5 - 6 Years,,,blue,,,,,'10714095,500.0,shopify,200,continue,manual,1399.00,0.00,true,false,,,,,'10714095,,,,,,,,,,,,,,,,,,,,,,,,,,,,,,,,,,,,,,,,,,,,,,,https://cdn.shopify.com/s/files/1/0618/2368/0740/files/56.png?v=1727261244,kg,,,,,,
parrot-printed-kids-hoodie-set,,,,,,,,,5 - 6 Years,,,silver,,,,,'10714096,500.0,shopify,200,continue,manual,1399.00,0.00,true,false,,,,,'10714096,,,,,,,,,,,,,,,,,,,,,,,,,,,,,,,,,,,,,,,,,,,,,,,https://cdn.shopify.com/s/files/1/0618/2368/0740/files/53.png?v=1727261259,kg,,,,,,
parrot-printed-kids-hoodie-set,,,,,,,,,5 - 6 Years,,,dark-grey,,,,,'10714097,500.0,shopify,200,continue,manual,1399.00,0.00,true,false,,,,,'10714097,,,,,,,,,,,,,,,,,,,,,,,,,,,,,,,,,,,,,,,,,,,,,,,https://cdn.shopify.com/s/files/1/0618/2368/0740/files/54.png?v=1727261272,kg,,,,,,
parrot-printed-kids-hoodie-set,,,,,,,,,7 - 8 Years,,,navy-1,,,,,'10714098,500.0,shopify,200,continue,manual,1399.00,0.00,true,false,,,,,'10714098,,,,,,,,,,,,,,,,,,,,,,,,,,,,,,,,,,,,,,,,,,,,,,,https://cdn.shopify.com/s/files/1/0618/2368/0740/files/55.png?v=1776771693,kg,,,,,,
parrot-printed-kids-hoodie-set,,,,,,,,,7 - 8 Years,,,pink,,,,,'10714099,500.0,shopify,200,continue,manual,1399.00,0.00,true,false,,,,,'10714099,,,,,,,,,,,,,,,,,,,,,,,,,,,,,,,,,,,,,,,,,,,,,,,https://cdn.shopify.com/s/files/1/0618/2368/0740/files/52.png?v=1776771693,kg,,,,,,
parrot-printed-kids-hoodie-set,,,,,,,,,7 - 8 Years,,,yellow-1,,,,,'10714100,500.0,shopify,200,continue,manual,1399.00,0.00,true,false,,,,,'10714100,,,,,,,,,,,,,,,,,,,,,,,,,,,,,,,,,,,,,,,,,,,,,,,https://cdn.shopify.com/s/files/1/0618/2368/0740/files/50_f7e8598b-4e88-47fe-b502-4a293ce8d686.png?v=1727261209,kg,,,,,,
parrot-printed-kids-hoodie-set,,,,,,,,,7 - 8 Years,,,red,,,,,'10714101,500.0,shopify,200,continue,manual,1399.00,0.00,true,false,,,,,'10714101,,,,,,,,,,,,,,,,,,,,,,,,,,,,,,,,,,,,,,,,,,,,,,,https://cdn.shopify.com/s/files/1/0618/2368/0740/files/51.png?v=1727261229,kg,,,,,,
parrot-printed-kids-hoodie-set,,,,,,,,,7 - 8 Years,,,blue,,,,,'10714102,500.0,shopify,200,continue,manual,1399.00,0.00,true,false,,,,,'10714102,,,,,,,,,,,,,,,,,,,,,,,,,,,,,,,,,,,,,,,,,,,,,,,https://cdn.shopify.com/s/files/1/0618/2368/0740/files/56.png?v=1727261244,kg,,,,,,
parrot-printed-kids-hoodie-set,,,,,,,,,7 - 8 Years,,,silver,,,,,'10714103,500.0,shopify,200,continue,manual,1399.00,0.00,true,false,,,,,'10714103,,,,,,,,,,,,,,,,,,,,,,,,,,,,,,,,,,,,,,,,,,,,,,,https://cdn.shopify.com/s/files/1/0618/2368/0740/files/53.png?v=1727261259,kg,,,,,,
parrot-printed-kids-hoodie-set,,,,,,,,,7 - 8 Years,,,dark-grey,,,,,'10714104,500.0,shopify,200,continue,manual,1399.00,0.00,true,false,,,,,'10714104,,,,,,,,,,,,,,,,,,,,,,,,,,,,,,,,,,,,,,,,,,,,,,,https://cdn.shopify.com/s/files/1/0618/2368/0740/files/54.png?v=1727261272,kg,,,,,,
parrot-printed-kids-hoodie-set,,,,,,,,,9 - 10 Years,,,navy-1,,,,,'10714105,500.0,shopify,200,continue,manual,1399.00,0.00,true,false,,,,,'10714105,,,,,,,,,,,,,,,,,,,,,,,,,,,,,,,,,,,,,,,,,,,,,,,https://cdn.shopify.com/s/files/1/0618/2368/0740/files/55.png?v=1776771693,kg,,,,,,
parrot-printed-kids-hoodie-set,,,,,,,,,9 - 10 Years,,,pink,,,,,'10714106,500.0,shopify,200,continue,manual,1399.00,0.00,true,false,,,,,'10714106,,,,,,,,,,,,,,,,,,,,,,,,,,,,,,,,,,,,,,,,,,,,,,,https://cdn.shopify.com/s/files/1/0618/2368/0740/files/52.png?v=1776771693,kg,,,,,,
parrot-printed-kids-hoodie-set,,,,,,,,,9 - 10 Years,,,yellow-1,,,,,'10714107,500.0,shopify,200,continue,manual,1399.00,0.00,true,false,,,,,'10714107,,,,,,,,,,,,,,,,,,,,,,,,,,,,,,,,,,,,,,,,,,,,,,,https://cdn.shopify.com/s/files/1/0618/2368/0740/files/50_f7e8598b-4e88-47fe-b502-4a293ce8d686.png?v=1727261209,kg,,,,,,
parrot-printed-kids-hoodie-set,,,,,,,,,9 - 10 Years,,,red,,,,,'10714108,500.0,shopify,200,continue,manual,1399.00,0.00,true,false,,,,,'10714108,,,,,,,,,,,,,,,,,,,,,,,,,,,,,,,,,,,,,,,,,,,,,,,https://cdn.shopify.com/s/files/1/0618/2368/0740/files/51.png?v=1727261229,kg,,,,,,
parrot-printed-kids-hoodie-set,,,,,,,,,9 - 10 Years,,,blue,,,,,'10714109,500.0,shopify,200,continue,manual,1399.00,0.00,true,false,,,,,'10714109,,,,,,,,,,,,,,,,,,,,,,,,,,,,,,,,,,,,,,,,,,,,,,,https://cdn.shopify.com/s/files/1/0618/2368/0740/files/56.png?v=1727261244,kg,,,,,,
parrot-printed-kids-hoodie-set,,,,,,,,,9 - 10 Years,,,silver,,,,,'10714110,500.0,shopify,200,continue,manual,1399.00,0.00,true,false,,,,,'10714110,,,,,,,,,,,,,,,,,,,,,,,,,,,,,,,,,,,,,,,,,,,,,,,https://cdn.shopify.com/s/files/1/0618/2368/0740/files/53.png?v=1727261259,kg,,,,,,
parrot-printed-kids-hoodie-set,,,,,,,,,9 - 10 Years,,,dark-grey,,,,,'10714111,500.0,shopify,200,continue,manual,1399.00,0.00,true,false,,,,,'10714111,,,,,,,,,,,,,,,,,,,,,,,,,,,,,,,,,,,,,,,,,,,,,,,https://cdn.shopify.com/s/files/1/0618/2368/0740/files/54.png?v=1727261272,kg,,,,,,
parrot-printed-kids-hoodie-set,,,,,,,,,11 - 12 Years,,,navy-1,,,,,'10714112,500.0,shopify,200,continue,manual,1399.00,0.00,true,false,,,,,'10714112,,,,,,,,,,,,,,,,,,,,,,,,,,,,,,,,,,,,,,,,,,,,,,,https://cdn.shopify.com/s/files/1/0618/2368/0740/files/55.png?v=1776771693,kg,,,,,,
parrot-printed-kids-hoodie-set,,,,,,,,,11 - 12 Years,,,pink,,,,,'10714113,500.0,shopify,200,continue,manual,1399.00,0.00,true,false,,,,,'10714113,,,,,,,,,,,,,,,,,,,,,,,,,,,,,,,,,,,,,,,,,,,,,,,https://cdn.shopify.com/s/files/1/0618/2368/0740/files/52.png?v=1776771693,kg,,,,,,
parrot-printed-kids-hoodie-set,,,,,,,,,11 - 12 Years,,,yellow-1,,,,,'10714114,500.0,shopify,200,continue,manual,1399.00,0.00,true,false,,,,,'10714114,,,,,,,,,,,,,,,,,,,,,,,,,,,,,,,,,,,,,,,,,,,,,,,https://cdn.shopify.com/s/files/1/0618/2368/0740/files/50_f7e8598b-4e88-47fe-b502-4a293ce8d686.png?v=1727261209,kg,,,,,,
parrot-printed-kids-hoodie-set,,,,,,,,,11 - 12 Years,,,red,,,,,'10714115,500.0,shopify,200,continue,manual,1399.00,0.00,true,false,,,,,'10714115,,,,,,,,,,,,,,,,,,,,,,,,,,,,,,,,,,,,,,,,,,,,,,,https://cdn.shopify.com/s/files/1/0618/2368/0740/files/51.png?v=1727261229,kg,,,,,,
parrot-printed-kids-hoodie-set,,,,,,,,,11 - 12 Years,,,blue,,,,,'10714116,500.0,shopify,200,continue,manual,1399.00,0.00,true,false,,,,,'10714116,,,,,,,,,,,,,,,,,,,,,,,,,,,,,,,,,,,,,,,,,,,,,,,https://cdn.shopify.com/s/files/1/0618/2368/0740/files/56.png?v=1727261244,kg,,,,,,
parrot-printed-kids-hoodie-set,,,,,,,,,11 - 12 Years,,,silver,,,,,'10714117,500.0,shopify,200,continue,manual,1399.00,0.00,true,false,,,,,'10714117,,,,,,,,,,,,,,,,,,,,,,,,,,,,,,,,,,,,,,,,,,,,,,,https://cdn.shopify.com/s/files/1/0618/2368/0740/files/53.png?v=1727261259,kg,,,,,,
parrot-printed-kids-hoodie-set,,,,,,,,,11 - 12 Years,,,dark-grey,,,,,'10706894,500.0,shopify,200,continue,manual,1399.00,0.00,true,false,,,,,'10706894,,,,,,,,,,,,,,,,,,,,,,,,,,,,,,,,,,,,,,,,,,,,,,,https://cdn.shopify.com/s/files/1/0618/2368/0740/files/54.png?v=1727261272,kg,,,,,,
kids-summer-pack-of-2-f,Kids Summer Pack of 2-F,"<p><strong>Pack of 2</strong></p>
<p>Kids Summer Shorts Set </p>
<p data-mce-fragment=""1"">Pair of Shirt &amp; Trouser</p>
<p data-mce-fragment=""1"">Fabric: Soft High-Quality Jersey</p>
<p data-mce-fragment=""1"">Full Sleeve T-Shirt</p>
<p data-mce-fragment=""1"">Contrast Trouser</p>
<p data-mce-fragment=""1"">Round Neck</p>
<p data-mce-fragment=""1"">Three-Tone Color Shirt</p>
<p data-mce-fragment=""1"">Printed Cartoon</p>
<p data-mce-fragment=""1"">Comfortable Wear</p>
<p data-mce-fragment=""1"">Easy Wash &amp; Press</p>
<p data-mce-fragment=""1"">Sizes 1- 6 years</p>
<p data-mce-fragment=""1""><span data-mce-fragment=""1"">Gender: Male/ Female ( BABY &amp; BABA BOTH)</span></p>
<p><!----></p>",BBG FASHION CLOTHING STORE,Apparel & Accessories > Clothing > Baby & Toddler Clothing > Baby & Toddler Dresses,Kids Half Sleeves Twinset,"bundle deal, Pack of 2",false,Confidence Short Set (Size),2 - 6 Months,,Multi Colorblock Short Sleeve T-shirt & Shorts Set (Size),2 - 6 Months,,,,,'10714036,0.0,shopify,199,deny,manual,1798.00,,true,true,,,,,'10714036,https://cdn.shopify.com/s/files/1/0618/2368/0740/files/6_fabc583b-622d-4f59-8c8e-907d54ab11e6.png?v=1724530282,1,Kids Summer Pack Of 2 F - front view - kids wear Pakistan,false,,,,,,,,,,,,,,,,,,,,,,,,,,,,,,,,,,,,,,,,,,,https://cdn.shopify.com/s/files/1/0618/2368/0740/files/6_fabc583b-622d-4f59-8c8e-907d54ab11e6.png?v=1724530282,g,,,true,,,archived
kids-summer-pack-of-2-f,,,,,,,,,2 - 6 Months,,,6- 12 Months,,,,,'10714037,0.0,shopify,185,deny,manual,1798.00,,true,true,,,,,'10714037,https://cdn.shopify.com/s/files/1/0618/2368/0740/files/IMG-20240308-WA0220_08cfd7c9-6d4a-4b23-9d31-7e3d7a43c3f6.jpg?v=1724079056,2,Kids Summer Pack Of 2 F - back view - kids wear Pakistan,,,,,,,,,,,,,,,,,,,,,,,,,,,,,,,,,,,,,,,,,,,,https://cdn.shopify.com/s/files/1/0618/2368/0740/files/6_fabc583b-622d-4f59-8c8e-907d54ab11e6.png?v=1724530282,g,,,,,,
kids-summer-pack-of-2-f,,,,,,,,,2 - 6 Months,,,13 - 24 Months,,,,,'10714038,0.0,shopify,174,deny,manual,1798.00,,true,true,,,,,'10714038,,,,,,,,,,,,,,,,,,,,,,,,,,,,,,,,,,,,,,,,,,,,,,,https://cdn.shopify.com/s/files/1/0618/2368/0740/files/6_fabc583b-622d-4f59-8c8e-907d54ab11e6.png?v=1724530282,g,,,,,,
kids-summer-pack-of-2-f,,,,,,,,,2 - 6 Months,,,2 - 3 Years,,,,,'10714039,0.0,shopify,176,deny,manual,1798.00,,true,true,,,,,'10714039,,,,,,,,,,,,,,,,,,,,,,,,,,,,,,,,,,,,,,,,,,,,,,,https://cdn.shopify.com/s/files/1/0618/2368/0740/files/6_fabc583b-622d-4f59-8c8e-907d54ab11e6.png?v=1724530282,g,,,,,,
kids-summer-pack-of-2-f,,,,,,,,,2 - 6 Months,,,3 - 4 Years,,,,,'10714040,0.0,shopify,175,deny,manual,1798.00,,true,true,,,,,'10714040,,,,,,,,,,,,,,,,,,,,,,,,,,,,,,,,,,,,,,,,,,,,,,,https://cdn.shopify.com/s/files/1/0618/2368/0740/files/6_fabc583b-622d-4f59-8c8e-907d54ab11e6.png?v=1724530282,g,,,,,,
kids-summer-pack-of-2-f,,,,,,,,,2 - 6 Months,,,4 - 5 Years,,,,,'10714041,0.0,shopify,167,deny,manual,1798.00,,true,true,,,,,'10714041,,,,,,,,,,,,,,,,,,,,,,,,,,,,,,,,,,,,,,,,,,,,,,,https://cdn.shopify.com/s/files/1/0618/2368/0740/files/6_fabc583b-622d-4f59-8c8e-907d54ab11e6.png?v=1724530282,g,,,,,,
kids-summer-pack-of-2-f,,,,,,,,,2 - 6 Months,,,6 Years,,,,,'10714042,0.0,shopify,162,deny,manual,1798.00,,true,true,,,,,'10714042,,,,,,,,,,,,,,,,,,,,,,,,,,,,,,,,,,,,,,,,,,,,,,,https://cdn.shopify.com/s/files/1/0618/2368/0740/files/6_fabc583b-622d-4f59-8c8e-907d54ab11e6.png?v=1724530282,g,,,,,,
kids-summer-pack-of-2-f,,,,,,,,,6- 12 Months,,,2 - 6 Months,,,,,'10714043,0.0,shopify,199,deny,manual,1798.00,,true,true,,,,,'10714043,,,,,,,,,,,,,,,,,,,,,,,,,,,,,,,,,,,,,,,,,,,,,,,https://cdn.shopify.com/s/files/1/0618/2368/0740/files/6_fabc583b-622d-4f59-8c8e-907d54ab11e6.png?v=1724530282,g,,,,,,
kids-summer-pack-of-2-f,,,,,,,,,6- 12 Months,,,6- 12 Months,,,,,'10714044,0.0,shopify,185,deny,manual,1798.00,,true,true,,,,,'10714044,,,,,,,,,,,,,,,,,,,,,,,,,,,,,,,,,,,,,,,,,,,,,,,https://cdn.shopify.com/s/files/1/0618/2368/0740/files/6_fabc583b-622d-4f59-8c8e-907d54ab11e6.png?v=1724530282,g,,,,,,
kids-summer-pack-of-2-f,,,,,,,,,6- 12 Months,,,13 - 24 Months,,,,,'10714045,0.0,shopify,174,deny,manual,1798.00,,true,true,,,,,'10714045,,,,,,,,,,,,,,,,,,,,,,,,,,,,,,,,,,,,,,,,,,,,,,,https://cdn.shopify.com/s/files/1/0618/2368/0740/files/6_fabc583b-622d-4f59-8c8e-907d54ab11e6.png?v=1724530282,g,,,,,,
kids-summer-pack-of-2-f,,,,,,,,,6- 12 Months,,,2 - 3 Years,,,,,'10714046,0.0,shopify,176,deny,manual,1798.00,,true,true,,,,,'10714046,,,,,,,,,,,,,,,,,,,,,,,,,,,,,,,,,,,,,,,,,,,,,,,https://cdn.shopify.com/s/files/1/0618/2368/0740/files/6_fabc583b-622d-4f59-8c8e-907d54ab11e6.png?v=1724530282,g,,,,,,
kids-summer-pack-of-2-f,,,,,,,,,6- 12 Months,,,3 - 4 Years,,,,,'10714047,0.0,shopify,175,deny,manual,1798.00,,true,true,,,,,'10714047,,,,,,,,,,,,,,,,,,,,,,,,,,,,,,,,,,,,,,,,,,,,,,,https://cdn.shopify.com/s/files/1/0618/2368/0740/files/6_fabc583b-622d-4f59-8c8e-907d54ab11e6.png?v=1724530282,g,,,,,,
kids-summer-pack-of-2-f,,,,,,,,,6- 12 Months,,,4 - 5 Years,,,,,'10714048,0.0,shopify,167,deny,manual,1798.00,,true,true,,,,,'10714048,,,,,,,,,,,,,,,,,,,,,,,,,,,,,,,,,,,,,,,,,,,,,,,https://cdn.shopify.com/s/files/1/0618/2368/0740/files/6_fabc583b-622d-4f59-8c8e-907d54ab11e6.png?v=1724530282,g,,,,,,
kids-summer-pack-of-2-f,,,,,,,,,6- 12 Months,,,6 Years,,,,,'10714049,0.0,shopify,162,deny,manual,1798.00,,true,true,,,,,'10714049,,,,,,,,,,,,,,,,,,,,,,,,,,,,,,,,,,,,,,,,,,,,,,,https://cdn.shopify.com/s/files/1/0618/2368/0740/files/6_fabc583b-622d-4f59-8c8e-907d54ab11e6.png?v=1724530282,g,,,,,,
kids-summer-pack-of-2-f,,,,,,,,,13 - 24 Months,,,2 - 6 Months,,,,,'10714050,0.0,shopify,199,deny,manual,1798.00,,true,true,,,,,'10714050,,,,,,,,,,,,,,,,,,,,,,,,,,,,,,,,,,,,,,,,,,,,,,,https://cdn.shopify.com/s/files/1/0618/2368/0740/files/6_fabc583b-622d-4f59-8c8e-907d54ab11e6.png?v=1724530282,g,,,,,,
kids-summer-pack-of-2-f,,,,,,,,,13 - 24 Months,,,6- 12 Months,,,,,'10714051,0.0,shopify,185,deny,manual,1798.00,,true,true,,,,,'10714051,,,,,,,,,,,,,,,,,,,,,,,,,,,,,,,,,,,,,,,,,,,,,,,https://cdn.shopify.com/s/files/1/0618/2368/0740/files/6_fabc583b-622d-4f59-8c8e-907d54ab11e6.png?v=1724530282,g,,,,,,
kids-summer-pack-of-2-f,,,,,,,,,13 - 24 Months,,,13 - 24 Months,,,,,'10714052,0.0,shopify,174,deny,manual,1798.00,,true,true,,,,,'10714052,,,,,,,,,,,,,,,,,,,,,,,,,,,,,,,,,,,,,,,,,,,,,,,https://cdn.shopify.com/s/files/1/0618/2368/0740/files/6_fabc583b-622d-4f59-8c8e-907d54ab11e6.png?v=1724530282,g,,,,,,
kids-summer-pack-of-2-f,,,,,,,,,13 - 24 Months,,,2 - 3 Years,,,,,'10714053,0.0,shopify,176,deny,manual,1798.00,,true,true,,,,,'10714053,,,,,,,,,,,,,,,,,,,,,,,,,,,,,,,,,,,,,,,,,,,,,,,https://cdn.shopify.com/s/files/1/0618/2368/0740/files/6_fabc583b-622d-4f59-8c8e-907d54ab11e6.png?v=1724530282,g,,,,,,
kids-summer-pack-of-2-f,,,,,,,,,13 - 24 Months,,,3 - 4 Years,,,,,'10714054,0.0,shopify,175,deny,manual,1798.00,,true,true,,,,,'10714054,,,,,,,,,,,,,,,,,,,,,,,,,,,,,,,,,,,,,,,,,,,,,,,https://cdn.shopify.com/s/files/1/0618/2368/0740/files/6_fabc583b-622d-4f59-8c8e-907d54ab11e6.png?v=1724530282,g,,,,,,
kids-summer-pack-of-2-f,,,,,,,,,13 - 24 Months,,,4 - 5 Years,,,,,'10714055,0.0,shopify,167,deny,manual,1798.00,,true,true,,,,,'10714055,,,,,,,,,,,,,,,,,,,,,,,,,,,,,,,,,,,,,,,,,,,,,,,https://cdn.shopify.com/s/files/1/0618/2368/0740/files/6_fabc583b-622d-4f59-8c8e-907d54ab11e6.png?v=1724530282,g,,,,,,
kids-summer-pack-of-2-f,,,,,,,,,13 - 24 Months,,,6 Years,,,,,'10714056,0.0,shopify,162,deny,manual,1798.00,,true,true,,,,,'10714056,,,,,,,,,,,,,,,,,,,,,,,,,,,,,,,,,,,,,,,,,,,,,,,https://cdn.shopify.com/s/files/1/0618/2368/0740/files/6_fabc583b-622d-4f59-8c8e-907d54ab11e6.png?v=1724530282,g,,,,,,
kids-summer-pack-of-2-f,,,,,,,,,2 - 3 Years,,,2 - 6 Months,,,,,'10714057,0.0,shopify,199,deny,manual,1798.00,,true,true,,,,,'10714057,,,,,,,,,,,,,,,,,,,,,,,,,,,,,,,,,,,,,,,,,,,,,,,https://cdn.shopify.com/s/files/1/0618/2368/0740/files/6_fabc583b-622d-4f59-8c8e-907d54ab11e6.png?v=1724530282,g,,,,,,
kids-summer-pack-of-2-f,,,,,,,,,2 - 3 Years,,,6- 12 Months,,,,,'10714058,0.0,shopify,185,deny,manual,1798.00,,true,true,,,,,'10714058,,,,,,,,,,,,,,,,,,,,,,,,,,,,,,,,,,,,,,,,,,,,,,,https://cdn.shopify.com/s/files/1/0618/2368/0740/files/6_fabc583b-622d-4f59-8c8e-907d54ab11e6.png?v=1724530282,g,,,,,,
kids-summer-pack-of-2-f,,,,,,,,,2 - 3 Years,,,13 - 24 Months,,,,,'10714059,0.0,shopify,174,deny,manual,1798.00,,true,true,,,,,'10714059,,,,,,,,,,,,,,,,,,,,,,,,,,,,,,,,,,,,,,,,,,,,,,,https://cdn.shopify.com/s/files/1/0618/2368/0740/files/6_fabc583b-622d-4f59-8c8e-907d54ab11e6.png?v=1724530282,g,,,,,,
kids-summer-pack-of-2-f,,,,,,,,,2 - 3 Years,,,2 - 3 Years,,,,,'10714060,0.0,shopify,176,deny,manual,1798.00,,true,true,,,,,'10714060,,,,,,,,,,,,,,,,,,,,,,,,,,,,,,,,,,,,,,,,,,,,,,,https://cdn.shopify.com/s/files/1/0618/2368/0740/files/6_fabc583b-622d-4f59-8c8e-907d54ab11e6.png?v=1724530282,g,,,,,,
kids-summer-pack-of-2-f,,,,,,,,,2 - 3 Years,,,3 - 4 Years,,,,,'10714061,0.0,shopify,175,deny,manual,1798.00,,true,true,,,,,'10714061,,,,,,,,,,,,,,,,,,,,,,,,,,,,,,,,,,,,,,,,,,,,,,,https://cdn.shopify.com/s/files/1/0618/2368/0740/files/6_fabc583b-622d-4f59-8c8e-907d54ab11e6.png?v=1724530282,g,,,,,,
kids-summer-pack-of-2-f,,,,,,,,,2 - 3 Years,,,4 - 5 Years,,,,,'10714062,0.0,shopify,167,deny,manual,1798.00,,true,true,,,,,'10714062,,,,,,,,,,,,,,,,,,,,,,,,,,,,,,,,,,,,,,,,,,,,,,,https://cdn.shopify.com/s/files/1/0618/2368/0740/files/6_fabc583b-622d-4f59-8c8e-907d54ab11e6.png?v=1724530282,g,,,,,,
kids-summer-pack-of-2-f,,,,,,,,,2 - 3 Years,,,6 Years,,,,,'10714063,0.0,shopify,162,deny,manual,1798.00,,true,true,,,,,'10714063,,,,,,,,,,,,,,,,,,,,,,,,,,,,,,,,,,,,,,,,,,,,,,,https://cdn.shopify.com/s/files/1/0618/2368/0740/files/6_fabc583b-622d-4f59-8c8e-907d54ab11e6.png?v=1724530282,g,,,,,,
kids-summer-pack-of-2-f,,,,,,,,,3 - 4 Years,,,2 - 6 Months,,,,,'10714064,0.0,shopify,199,deny,manual,1798.00,,true,true,,,,,'10714064,,,,,,,,,,,,,,,,,,,,,,,,,,,,,,,,,,,,,,,,,,,,,,,https://cdn.shopify.com/s/files/1/0618/2368/0740/files/6_fabc583b-622d-4f59-8c8e-907d54ab11e6.png?v=1724530282,g,,,,,,
kids-summer-pack-of-2-f,,,,,,,,,3 - 4 Years,,,6- 12 Months,,,,,'10714065,0.0,shopify,185,deny,manual,1798.00,,true,true,,,,,'10714065,,,,,,,,,,,,,,,,,,,,,,,,,,,,,,,,,,,,,,,,,,,,,,,https://cdn.shopify.com/s/files/1/0618/2368/0740/files/6_fabc583b-622d-4f59-8c8e-907d54ab11e6.png?v=1724530282,g,,,,,,
kids-summer-pack-of-2-f,,,,,,,,,3 - 4 Years,,,13 - 24 Months,,,,,'10714066,0.0,shopify,174,deny,manual,1798.00,,true,true,,,,,'10714066,,,,,,,,,,,,,,,,,,,,,,,,,,,,,,,,,,,,,,,,,,,,,,,https://cdn.shopify.com/s/files/1/0618/2368/0740/files/6_fabc583b-622d-4f59-8c8e-907d54ab11e6.png?v=1724530282,g,,,,,,
kids-summer-pack-of-2-f,,,,,,,,,3 - 4 Years,,,2 - 3 Years,,,,,'10714067,0.0,shopify,176,deny,manual,1798.00,,true,true,,,,,'10714067,,,,,,,,,,,,,,,,,,,,,,,,,,,,,,,,,,,,,,,,,,,,,,,https://cdn.shopify.com/s/files/1/0618/2368/0740/files/6_fabc583b-622d-4f59-8c8e-907d54ab11e6.png?v=1724530282,g,,,,,,
kids-summer-pack-of-2-f,,,,,,,,,3 - 4 Years,,,3 - 4 Years,,,,,'10714068,0.0,shopify,175,deny,manual,1798.00,,true,true,,,,,'10714068,,,,,,,,,,,,,,,,,,,,,,,,,,,,,,,,,,,,,,,,,,,,,,,https://cdn.shopify.com/s/files/1/0618/2368/0740/files/6_fabc583b-622d-4f59-8c8e-907d54ab11e6.png?v=1724530282,g,,,,,,
kids-summer-pack-of-2-f,,,,,,,,,3 - 4 Years,,,4 - 5 Years,,,,,'10714069,0.0,shopify,167,deny,manual,1798.00,,true,true,,,,,'10714069,,,,,,,,,,,,,,,,,,,,,,,,,,,,,,,,,,,,,,,,,,,,,,,https://cdn.shopify.com/s/files/1/0618/2368/0740/files/6_fabc583b-622d-4f59-8c8e-907d54ab11e6.png?v=1724530282,g,,,,,,
kids-summer-pack-of-2-f,,,,,,,,,3 - 4 Years,,,6 Years,,,,,'10714070,0.0,shopify,162,deny,manual,1798.00,,true,true,,,,,'10714070,,,,,,,,,,,,,,,,,,,,,,,,,,,,,,,,,,,,,,,,,,,,,,,https://cdn.shopify.com/s/files/1/0618/2368/0740/files/6_fabc583b-622d-4f59-8c8e-907d54ab11e6.png?v=1724530282,g,,,,,,
kids-summer-pack-of-2-f,,,,,,,,,4 - 5 Years,,,2 - 6 Months,,,,,'10714071,0.0,shopify,199,deny,manual,1798.00,,true,true,,,,,'10714071,,,,,,,,,,,,,,,,,,,,,,,,,,,,,,,,,,,,,,,,,,,,,,,https://cdn.shopify.com/s/files/1/0618/2368/0740/files/6_fabc583b-622d-4f59-8c8e-907d54ab11e6.png?v=1724530282,g,,,,,,
kids-summer-pack-of-2-f,,,,,,,,,4 - 5 Years,,,6- 12 Months,,,,,'10714072,0.0,shopify,185,deny,manual,1798.00,,true,true,,,,,'10714072,,,,,,,,,,,,,,,,,,,,,,,,,,,,,,,,,,,,,,,,,,,,,,,https://cdn.shopify.com/s/files/1/0618/2368/0740/files/6_fabc583b-622d-4f59-8c8e-907d54ab11e6.png?v=1724530282,g,,,,,,
kids-summer-pack-of-2-f,,,,,,,,,4 - 5 Years,,,13 - 24 Months,,,,,'10714073,0.0,shopify,174,deny,manual,1798.00,,true,true,,,,,'10714073,,,,,,,,,,,,,,,,,,,,,,,,,,,,,,,,,,,,,,,,,,,,,,,https://cdn.shopify.com/s/files/1/0618/2368/0740/files/6_fabc583b-622d-4f59-8c8e-907d54ab11e6.png?v=1724530282,g,,,,,,
kids-summer-pack-of-2-f,,,,,,,,,4 - 5 Years,,,2 - 3 Years,,,,,'10714074,0.0,shopify,176,deny,manual,1798.00,,true,true,,,,,'10714074,,,,,,,,,,,,,,,,,,,,,,,,,,,,,,,,,,,,,,,,,,,,,,,https://cdn.shopify.com/s/files/1/0618/2368/0740/files/6_fabc583b-622d-4f59-8c8e-907d54ab11e6.png?v=1724530282,g,,,,,,
kids-summer-pack-of-2-f,,,,,,,,,4 - 5 Years,,,3 - 4 Years,,,,,'10714075,0.0,shopify,175,deny,manual,1798.00,,true,true,,,,,'10714075,,,,,,,,,,,,,,,,,,,,,,,,,,,,,,,,,,,,,,,,,,,,,,,https://cdn.shopify.com/s/files/1/0618/2368/0740/files/6_fabc583b-622d-4f59-8c8e-907d54ab11e6.png?v=1724530282,g,,,,,,
kids-summer-pack-of-2-f,,,,,,,,,4 - 5 Years,,,4 - 5 Years,,,,,'10714076,0.0,shopify,167,deny,manual,1798.00,,true,true,,,,,'10714076,,,,,,,,,,,,,,,,,,,,,,,,,,,,,,,,,,,,,,,,,,,,,,,https://cdn.shopify.com/s/files/1/0618/2368/0740/files/6_fabc583b-622d-4f59-8c8e-907d54ab11e6.png?v=1724530282,g,,,,,,
kids-summer-pack-of-2-f,,,,,,,,,4 - 5 Years,,,6 Years,,,,,'10714077,0.0,shopify,162,deny,manual,1798.00,,true,true,,,,,'10714077,,,,,,,,,,,,,,,,,,,,,,,,,,,,,,,,,,,,,,,,,,,,,,,https://cdn.shopify.com/s/files/1/0618/2368/0740/files/6_fabc583b-622d-4f59-8c8e-907d54ab11e6.png?v=1724530282,g,,,,,,
kids-summer-pack-of-2-f,,,,,,,,,6 Years,,,2 - 6 Months,,,,,'10714078,0.0,shopify,199,deny,manual,1798.00,,true,true,,,,,'10714078,,,,,,,,,,,,,,,,,,,,,,,,,,,,,,,,,,,,,,,,,,,,,,,https://cdn.shopify.com/s/files/1/0618/2368/0740/files/6_fabc583b-622d-4f59-8c8e-907d54ab11e6.png?v=1724530282,g,,,,,,
kids-summer-pack-of-2-f,,,,,,,,,6 Years,,,6- 12 Months,,,,,'10714079,0.0,shopify,185,deny,manual,1798.00,,true,true,,,,,'10714079,,,,,,,,,,,,,,,,,,,,,,,,,,,,,,,,,,,,,,,,,,,,,,,https://cdn.shopify.com/s/files/1/0618/2368/0740/files/6_fabc583b-622d-4f59-8c8e-907d54ab11e6.png?v=1724530282,g,,,,,,
kids-summer-pack-of-2-f,,,,,,,,,6 Years,,,13 - 24 Months,,,,,'10714080,0.0,shopify,174,deny,manual,1798.00,,true,true,,,,,'10714080,,,,,,,,,,,,,,,,,,,,,,,,,,,,,,,,,,,,,,,,,,,,,,,https://cdn.shopify.com/s/files/1/0618/2368/0740/files/6_fabc583b-622d-4f59-8c8e-907d54ab11e6.png?v=1724530282,g,,,,,,
kids-summer-pack-of-2-f,,,,,,,,,6 Years,,,2 - 3 Years,,,,,'10714081,0.0,shopify,176,deny,manual,1798.00,,true,true,,,,,'10714081,,,,,,,,,,,,,,,,,,,,,,,,,,,,,,,,,,,,,,,,,,,,,,,https://cdn.shopify.com/s/files/1/0618/2368/0740/files/6_fabc583b-622d-4f59-8c8e-907d54ab11e6.png?v=1724530282,g,,,,,,
kids-summer-pack-of-2-f,,,,,,,,,6 Years,,,3 - 4 Years,,,,,'10714082,0.0,shopify,175,deny,manual,1798.00,,true,true,,,,,'10714082,,,,,,,,,,,,,,,,,,,,,,,,,,,,,,,,,,,,,,,,,,,,,,,https://cdn.shopify.com/s/files/1/0618/2368/0740/files/6_fabc583b-622d-4f59-8c8e-907d54ab11e6.png?v=1724530282,g,,,,,,
kids-summer-pack-of-2-f,,,,,,,,,6 Years,,,4 - 5 Years,,,,,'10714083,0.0,shopify,167,deny,manual,1798.00,,true,true,,,,,'10714083,,,,,,,,,,,,,,,,,,,,,,,,,,,,,,,,,,,,,,,,,,,,,,,https://cdn.shopify.com/s/files/1/0618/2368/0740/files/6_fabc583b-622d-4f59-8c8e-907d54ab11e6.png?v=1724530282,g,,,,,,
kids-summer-pack-of-2-f,,,,,,,,,6 Years,,,6 Years,,,,,'10706893,0.0,shopify,162,deny,manual,1798.00,,true,true,,,,,'10706893,,,,,,,,,,,,,,,,,,,,,,,,,,,,,,,,,,,,,,,,,,,,,,,https://cdn.shopify.com/s/files/1/0618/2368/0740/files/6_fabc583b-622d-4f59-8c8e-907d54ab11e6.png?v=1724530282,g,,,,,,
kids-summer-pack-of-2-e,Kids Summer Pack of 2-E,"<p><strong>Pack of 2</strong></p>
<p>Kids Summer Shorts Set </p>
<p data-mce-fragment=""1"">Pair of Shirt &amp; Trouser</p>
<p data-mce-fragment=""1"">Fabric: Soft High-Quality Jersey</p>
<p data-mce-fragment=""1"">Full Sleeve T-Shirt</p>
<p data-mce-fragment=""1"">Contrast Trouser</p>
<p data-mce-fragment=""1"">Round Neck</p>
<p data-mce-fragment=""1"">Three-Tone Color Shirt</p>
<p data-mce-fragment=""1"">Printed Cartoon</p>
<p data-mce-fragment=""1"">Comfortable Wear</p>
<p data-mce-fragment=""1"">Easy Wash &amp; Press</p>
<p data-mce-fragment=""1"">Sizes 1- 6 years</p>
<p data-mce-fragment=""1""><span data-mce-fragment=""1"">Gender: Male/ Female ( BABY &amp; BABA BOTH)</span></p>
<p><!----></p>",BBG FASHION CLOTHING STORE,Apparel & Accessories > Clothing > Baby & Toddler Clothing > Baby & Toddler Dresses,Kids Half Sleeves Twinset,"bundle deal, Pack of 2",false,Cow Print Crew Neck Short Sleeve T-shirt (Size),2 - 6 Months,,Make Today Great Short Set (Size),2 - 6 Months,,,,,'10713988,0.0,shopify,163,deny,manual,1798.00,,true,true,,,,,'10713988,https://cdn.shopify.com/s/files/1/0618/2368/0740/files/5_19777189-aefc-4a76-a7d7-3c0961de9dd6.png?v=1724530007,1,Kids Summer Pack Of 2 E - front view - kids wear Pakistan,false,,,,,,,,,,,,,,,,,,,,,,,,,,,,,,,,,,,,,,,,,,,https://cdn.shopify.com/s/files/1/0618/2368/0740/files/5_19777189-aefc-4a76-a7d7-3c0961de9dd6.png?v=1724530007,g,,,true,,,archived
kids-summer-pack-of-2-e,,,,,,,,,2 - 6 Months,,,6- 12 Months,,,,,'10713989,0.0,shopify,163,deny,manual,1798.00,,true,true,,,,,'10713989,https://cdn.shopify.com/s/files/1/0618/2368/0740/files/IMG-20240308-WA0220_08cfd7c9-6d4a-4b23-9d31-7e3d7a43c3f6.jpg?v=1724079056,2,Kids Summer Pack Of 2 F - back view - kids wear Pakistan,,,,,,,,,,,,,,,,,,,,,,,,,,,,,,,,,,,,,,,,,,,,https://cdn.shopify.com/s/files/1/0618/2368/0740/files/5_19777189-aefc-4a76-a7d7-3c0961de9dd6.png?v=1724530007,g,,,,,,
kids-summer-pack-of-2-e,,,,,,,,,2 - 6 Months,,,13 - 24 Months,,,,,'10713990,0.0,shopify,163,deny,manual,1798.00,,true,true,,,,,'10713990,,,,,,,,,,,,,,,,,,,,,,,,,,,,,,,,,,,,,,,,,,,,,,,https://cdn.shopify.com/s/files/1/0618/2368/0740/files/5_19777189-aefc-4a76-a7d7-3c0961de9dd6.png?v=1724530007,g,,,,,,
kids-summer-pack-of-2-e,,,,,,,,,2 - 6 Months,,,2 - 3 Years,,,,,'10713991,0.0,shopify,163,deny,manual,1798.00,,true,true,,,,,'10713991,,,,,,,,,,,,,,,,,,,,,,,,,,,,,,,,,,,,,,,,,,,,,,,https://cdn.shopify.com/s/files/1/0618/2368/0740/files/5_19777189-aefc-4a76-a7d7-3c0961de9dd6.png?v=1724530007,g,,,,,,
kids-summer-pack-of-2-e,,,,,,,,,2 - 6 Months,,,3 - 4 Years,,,,,'10713992,0.0,shopify,163,deny,manual,1798.00,,true,true,,,,,'10713992,,,,,,,,,,,,,,,,,,,,,,,,,,,,,,,,,,,,,,,,,,,,,,,https://cdn.shopify.com/s/files/1/0618/2368/0740/files/5_19777189-aefc-4a76-a7d7-3c0961de9dd6.png?v=1724530007,g,,,,,,
kids-summer-pack-of-2-e,,,,,,,,,2 - 6 Months,,,4 - 5 Years,,,,,'10713993,0.0,shopify,163,deny,manual,1798.00,,true,true,,,,,'10713993,,,,,,,,,,,,,,,,,,,,,,,,,,,,,,,,,,,,,,,,,,,,,,,https://cdn.shopify.com/s/files/1/0618/2368/0740/files/5_19777189-aefc-4a76-a7d7-3c0961de9dd6.png?v=1724530007,g,,,,,,
kids-summer-pack-of-2-e,,,,,,,,,2 - 6 Months,,,6 Years,,,,,'10713994,0.0,shopify,163,deny,manual,1798.00,,true,true,,,,,'10713994,,,,,,,,,,,,,,,,,,,,,,,,,,,,,,,,,,,,,,,,,,,,,,,https://cdn.shopify.com/s/files/1/0618/2368/0740/files/5_19777189-aefc-4a76-a7d7-3c0961de9dd6.png?v=1724530007,g,,,,,,
kids-summer-pack-of-2-e,,,,,,,,,6- 12 Months,,,2 - 6 Months,,,,,'10713995,0.0,shopify,139,deny,manual,1798.00,,true,true,,,,,'10713995,,,,,,,,,,,,,,,,,,,,,,,,,,,,,,,,,,,,,,,,,,,,,,,https://cdn.shopify.com/s/files/1/0618/2368/0740/files/5_19777189-aefc-4a76-a7d7-3c0961de9dd6.png?v=1724530007,g,,,,,,
kids-summer-pack-of-2-e,,,,,,,,,6- 12 Months,,,6- 12 Months,,,,,'10713996,0.0,shopify,139,deny,manual,1798.00,,true,true,,,,,'10713996,,,,,,,,,,,,,,,,,,,,,,,,,,,,,,,,,,,,,,,,,,,,,,,https://cdn.shopify.com/s/files/1/0618/2368/0740/files/5_19777189-aefc-4a76-a7d7-3c0961de9dd6.png?v=1724530007,g,,,,,,
kids-summer-pack-of-2-e,,,,,,,,,6- 12 Months,,,13 - 24 Months,,,,,'10713997,0.0,shopify,139,deny,manual,1798.00,,true,true,,,,,'10713997,,,,,,,,,,,,,,,,,,,,,,,,,,,,,,,,,,,,,,,,,,,,,,,https://cdn.shopify.com/s/files/1/0618/2368/0740/files/5_19777189-aefc-4a76-a7d7-3c0961de9dd6.png?v=1724530007,g,,,,,,
kids-summer-pack-of-2-e,,,,,,,,,6- 12 Months,,,2 - 3 Years,,,,,'10713998,0.0,shopify,139,deny,manual,1798.00,,true,true,,,,,'10713998,,,,,,,,,,,,,,,,,,,,,,,,,,,,,,,,,,,,,,,,,,,,,,,https://cdn.shopify.com/s/files/1/0618/2368/0740/files/5_19777189-aefc-4a76-a7d7-3c0961de9dd6.png?v=1724530007,g,,,,,,
kids-summer-pack-of-2-e,,,,,,,,,6- 12 Months,,,3 - 4 Years,,,,,'10713999,0.0,shopify,139,deny,manual,1798.00,,true,true,,,,,'10713999,,,,,,,,,,,,,,,,,,,,,,,,,,,,,,,,,,,,,,,,,,,,,,,https://cdn.shopify.com/s/files/1/0618/2368/0740/files/5_19777189-aefc-4a76-a7d7-3c0961de9dd6.png?v=1724530007,g,,,,,,
kids-summer-pack-of-2-e,,,,,,,,,6- 12 Months,,,4 - 5 Years,,,,,'10714000,0.0,shopify,139,deny,manual,1798.00,,true,true,,,,,'10714000,,,,,,,,,,,,,,,,,,,,,,,,,,,,,,,,,,,,,,,,,,,,,,,https://cdn.shopify.com/s/files/1/0618/2368/0740/files/5_19777189-aefc-4a76-a7d7-3c0961de9dd6.png?v=1724530007,g,,,,,,
kids-summer-pack-of-2-e,,,,,,,,,6- 12 Months,,,6 Years,,,,,'10714001,0.0,shopify,139,deny,manual,1798.00,,true,true,,,,,'10714001,,,,,,,,,,,,,,,,,,,,,,,,,,,,,,,,,,,,,,,,,,,,,,,https://cdn.shopify.com/s/files/1/0618/2368/0740/files/5_19777189-aefc-4a76-a7d7-3c0961de9dd6.png?v=1724530007,g,,,,,,
kids-summer-pack-of-2-e,,,,,,,,,13 - 24 Months,,,2 - 6 Months,,,,,'10714002,0.0,shopify,94,deny,manual,1798.00,,true,true,,,,,'10714002,,,,,,,,,,,,,,,,,,,,,,,,,,,,,,,,,,,,,,,,,,,,,,,https://cdn.shopify.com/s/files/1/0618/2368/0740/files/5_19777189-aefc-4a76-a7d7-3c0961de9dd6.png?v=1724530007,g,,,,,,
kids-summer-pack-of-2-e,,,,,,,,,13 - 24 Months,,,6- 12 Months,,,,,'10714003,0.0,shopify,94,deny,manual,1798.00,,true,true,,,,,'10714003,,,,,,,,,,,,,,,,,,,,,,,,,,,,,,,,,,,,,,,,,,,,,,,https://cdn.shopify.com/s/files/1/0618/2368/0740/files/5_19777189-aefc-4a76-a7d7-3c0961de9dd6.png?v=1724530007,g,,,,,,
kids-summer-pack-of-2-e,,,,,,,,,13 - 24 Months,,,13 - 24 Months,,,,,'10714004,0.0,shopify,94,deny,manual,1798.00,,true,true,,,,,'10714004,,,,,,,,,,,,,,,,,,,,,,,,,,,,,,,,,,,,,,,,,,,,,,,https://cdn.shopify.com/s/files/1/0618/2368/0740/files/5_19777189-aefc-4a76-a7d7-3c0961de9dd6.png?v=1724530007,g,,,,,,
kids-summer-pack-of-2-e,,,,,,,,,13 - 24 Months,,,2 - 3 Years,,,,,'10714005,0.0,shopify,94,deny,manual,1798.00,,true,true,,,,,'10714005,,,,,,,,,,,,,,,,,,,,,,,,,,,,,,,,,,,,,,,,,,,,,,,https://cdn.shopify.com/s/files/1/0618/2368/0740/files/5_19777189-aefc-4a76-a7d7-3c0961de9dd6.png?v=1724530007,g,,,,,,
kids-summer-pack-of-2-e,,,,,,,,,13 - 24 Months,,,3 - 4 Years,,,,,'10714006,0.0,shopify,94,deny,manual,1798.00,,true,true,,,,,'10714006,,,,,,,,,,,,,,,,,,,,,,,,,,,,,,,,,,,,,,,,,,,,,,,https://cdn.shopify.com/s/files/1/0618/2368/0740/files/5_19777189-aefc-4a76-a7d7-3c0961de9dd6.png?v=1724530007,g,,,,,,
kids-summer-pack-of-2-e,,,,,,,,,13 - 24 Months,,,4 - 5 Years,,,,,'10714007,0.0,shopify,94,deny,manual,1798.00,,true,true,,,,,'10714007,,,,,,,,,,,,,,,,,,,,,,,,,,,,,,,,,,,,,,,,,,,,,,,https://cdn.shopify.com/s/files/1/0618/2368/0740/files/5_19777189-aefc-4a76-a7d7-3c0961de9dd6.png?v=1724530007,g,,,,,,
kids-summer-pack-of-2-e,,,,,,,,,13 - 24 Months,,,6 Years,,,,,'10714008,0.0,shopify,94,deny,manual,1798.00,,true,true,,,,,'10714008,,,,,,,,,,,,,,,,,,,,,,,,,,,,,,,,,,,,,,,,,,,,,,,https://cdn.shopify.com/s/files/1/0618/2368/0740/files/5_19777189-aefc-4a76-a7d7-3c0961de9dd6.png?v=1724530007,g,,,,,,
kids-summer-pack-of-2-e,,,,,,,,,2 - 3 Years,,,2 - 6 Months,,,,,'10714009,0.0,shopify,74,deny,manual,1798.00,,true,true,,,,,'10714009,,,,,,,,,,,,,,,,,,,,,,,,,,,,,,,,,,,,,,,,,,,,,,,https://cdn.shopify.com/s/files/1/0618/2368/0740/files/5_19777189-aefc-4a76-a7d7-3c0961de9dd6.png?v=1724530007,g,,,,,,
kids-summer-pack-of-2-e,,,,,,,,,2 - 3 Years,,,6- 12 Months,,,,,'10714010,0.0,shopify,74,deny,manual,1798.00,,true,true,,,,,'10714010,,,,,,,,,,,,,,,,,,,,,,,,,,,,,,,,,,,,,,,,,,,,,,,https://cdn.shopify.com/s/files/1/0618/2368/0740/files/5_19777189-aefc-4a76-a7d7-3c0961de9dd6.png?v=1724530007,g,,,,,,
kids-summer-pack-of-2-e,,,,,,,,,2 - 3 Years,,,13 - 24 Months,,,,,'10714011,0.0,shopify,74,deny,manual,1798.00,,true,true,,,,,'10714011,,,,,,,,,,,,,,,,,,,,,,,,,,,,,,,,,,,,,,,,,,,,,,,https://cdn.shopify.com/s/files/1/0618/2368/0740/files/5_19777189-aefc-4a76-a7d7-3c0961de9dd6.png?v=1724530007,g,,,,,,
kids-summer-pack-of-2-e,,,,,,,,,2 - 3 Years,,,2 - 3 Years,,,,,'10714012,0.0,shopify,74,deny,manual,1798.00,,true,true,,,,,'10714012,,,,,,,,,,,,,,,,,,,,,,,,,,,,,,,,,,,,,,,,,,,,,,,https://cdn.shopify.com/s/files/1/0618/2368/0740/files/5_19777189-aefc-4a76-a7d7-3c0961de9dd6.png?v=1724530007,g,,,,,,
kids-summer-pack-of-2-e,,,,,,,,,2 - 3 Years,,,3 - 4 Years,,,,,'10714013,0.0,shopify,74,deny,manual,1798.00,,true,true,,,,,'10714013,,,,,,,,,,,,,,,,,,,,,,,,,,,,,,,,,,,,,,,,,,,,,,,https://cdn.shopify.com/s/files/1/0618/2368/0740/files/5_19777189-aefc-4a76-a7d7-3c0961de9dd6.png?v=1724530007,g,,,,,,
kids-summer-pack-of-2-e,,,,,,,,,2 - 3 Years,,,4 - 5 Years,,,,,'10714014,0.0,shopify,74,deny,manual,1798.00,,true,true,,,,,'10714014,,,,,,,,,,,,,,,,,,,,,,,,,,,,,,,,,,,,,,,,,,,,,,,https://cdn.shopify.com/s/files/1/0618/2368/0740/files/5_19777189-aefc-4a76-a7d7-3c0961de9dd6.png?v=1724530007,g,,,,,,
kids-summer-pack-of-2-e,,,,,,,,,2 - 3 Years,,,6 Years,,,,,'10714015,0.0,shopify,74,deny,manual,1798.00,,true,true,,,,,'10714015,,,,,,,,,,,,,,,,,,,,,,,,,,,,,,,,,,,,,,,,,,,,,,,https://cdn.shopify.com/s/files/1/0618/2368/0740/files/5_19777189-aefc-4a76-a7d7-3c0961de9dd6.png?v=1724530007,g,,,,,,
kids-summer-pack-of-2-e,,,,,,,,,3 - 4 Years,,,2 - 6 Months,,,,,'10714016,0.0,shopify,39,deny,manual,1798.00,,true,true,,,,,'10714016,,,,,,,,,,,,,,,,,,,,,,,,,,,,,,,,,,,,,,,,,,,,,,,https://cdn.shopify.com/s/files/1/0618/2368/0740/files/5_19777189-aefc-4a76-a7d7-3c0961de9dd6.png?v=1724530007,g,,,,,,
kids-summer-pack-of-2-e,,,,,,,,,3 - 4 Years,,,6- 12 Months,,,,,'10714017,0.0,shopify,39,deny,manual,1798.00,,true,true,,,,,'10714017,,,,,,,,,,,,,,,,,,,,,,,,,,,,,,,,,,,,,,,,,,,,,,,https://cdn.shopify.com/s/files/1/0618/2368/0740/files/5_19777189-aefc-4a76-a7d7-3c0961de9dd6.png?v=1724530007,g,,,,,,
kids-summer-pack-of-2-e,,,,,,,,,3 - 4 Years,,,13 - 24 Months,,,,,'10714018,0.0,shopify,39,deny,manual,1798.00,,true,true,,,,,'10714018,,,,,,,,,,,,,,,,,,,,,,,,,,,,,,,,,,,,,,,,,,,,,,,https://cdn.shopify.com/s/files/1/0618/2368/0740/files/5_19777189-aefc-4a76-a7d7-3c0961de9dd6.png?v=1724530007,g,,,,,,
kids-summer-pack-of-2-e,,,,,,,,,3 - 4 Years,,,2 - 3 Years,,,,,'10714019,0.0,shopify,39,deny,manual,1798.00,,true,true,,,,,'10714019,,,,,,,,,,,,,,,,,,,,,,,,,,,,,,,,,,,,,,,,,,,,,,,https://cdn.shopify.com/s/files/1/0618/2368/0740/files/5_19777189-aefc-4a76-a7d7-3c0961de9dd6.png?v=1724530007,g,,,,,,
kids-summer-pack-of-2-e,,,,,,,,,3 - 4 Years,,,3 - 4 Years,,,,,'10714020,0.0,shopify,39,deny,manual,1798.00,,true,true,,,,,'10714020,,,,,,,,,,,,,,,,,,,,,,,,,,,,,,,,,,,,,,,,,,,,,,,https://cdn.shopify.com/s/files/1/0618/2368/0740/files/5_19777189-aefc-4a76-a7d7-3c0961de9dd6.png?v=1724530007,g,,,,,,
kids-summer-pack-of-2-e,,,,,,,,,3 - 4 Years,,,4 - 5 Years,,,,,'10714021,0.0,shopify,39,deny,manual,1798.00,,true,true,,,,,'10714021,,,,,,,,,,,,,,,,,,,,,,,,,,,,,,,,,,,,,,,,,,,,,,,https://cdn.shopify.com/s/files/1/0618/2368/0740/files/5_19777189-aefc-4a76-a7d7-3c0961de9dd6.png?v=1724530007,g,,,,,,
kids-summer-pack-of-2-e,,,,,,,,,3 - 4 Years,,,6 Years,,,,,'10714022,0.0,shopify,39,deny,manual,1798.00,,true,true,,,,,'10714022,,,,,,,,,,,,,,,,,,,,,,,,,,,,,,,,,,,,,,,,,,,,,,,https://cdn.shopify.com/s/files/1/0618/2368/0740/files/5_19777189-aefc-4a76-a7d7-3c0961de9dd6.png?v=1724530007,g,,,,,,
kids-summer-pack-of-2-e,,,,,,,,,4 - 5 Years,,,2 - 6 Months,,,,,'10714023,0.0,shopify,68,deny,manual,1798.00,,true,true,,,,,'10714023,,,,,,,,,,,,,,,,,,,,,,,,,,,,,,,,,,,,,,,,,,,,,,,https://cdn.shopify.com/s/files/1/0618/2368/0740/files/5_19777189-aefc-4a76-a7d7-3c0961de9dd6.png?v=1724530007,g,,,,,,
kids-summer-pack-of-2-e,,,,,,,,,4 - 5 Years,,,6- 12 Months,,,,,'10714024,0.0,shopify,68,deny,manual,1798.00,,true,true,,,,,'10714024,,,,,,,,,,,,,,,,,,,,,,,,,,,,,,,,,,,,,,,,,,,,,,,https://cdn.shopify.com/s/files/1/0618/2368/0740/files/5_19777189-aefc-4a76-a7d7-3c0961de9dd6.png?v=1724530007,g,,,,,,
kids-summer-pack-of-2-e,,,,,,,,,4 - 5 Years,,,13 - 24 Months,,,,,'10714025,0.0,shopify,68,deny,manual,1798.00,,true,true,,,,,'10714025,,,,,,,,,,,,,,,,,,,,,,,,,,,,,,,,,,,,,,,,,,,,,,,https://cdn.shopify.com/s/files/1/0618/2368/0740/files/5_19777189-aefc-4a76-a7d7-3c0961de9dd6.png?v=1724530007,g,,,,,,
kids-summer-pack-of-2-e,,,,,,,,,4 - 5 Years,,,2 - 3 Years,,,,,'10714026,0.0,shopify,68,deny,manual,1798.00,,true,true,,,,,'10714026,,,,,,,,,,,,,,,,,,,,,,,,,,,,,,,,,,,,,,,,,,,,,,,https://cdn.shopify.com/s/files/1/0618/2368/0740/files/5_19777189-aefc-4a76-a7d7-3c0961de9dd6.png?v=1724530007,g,,,,,,
kids-summer-pack-of-2-e,,,,,,,,,4 - 5 Years,,,3 - 4 Years,,,,,'10714027,0.0,shopify,68,deny,manual,1798.00,,true,true,,,,,'10714027,,,,,,,,,,,,,,,,,,,,,,,,,,,,,,,,,,,,,,,,,,,,,,,https://cdn.shopify.com/s/files/1/0618/2368/0740/files/5_19777189-aefc-4a76-a7d7-3c0961de9dd6.png?v=1724530007,g,,,,,,
kids-summer-pack-of-2-e,,,,,,,,,4 - 5 Years,,,4 - 5 Years,,,,,'10714028,0.0,shopify,68,deny,manual,1798.00,,true,true,,,,,'10714028,,,,,,,,,,,,,,,,,,,,,,,,,,,,,,,,,,,,,,,,,,,,,,,https://cdn.shopify.com/s/files/1/0618/2368/0740/files/5_19777189-aefc-4a76-a7d7-3c0961de9dd6.png?v=1724530007,g,,,,,,
kids-summer-pack-of-2-e,,,,,,,,,4 - 5 Years,,,6 Years,,,,,'10714029,0.0,shopify,68,deny,manual,1798.00,,true,true,,,,,'10714029,,,,,,,,,,,,,,,,,,,,,,,,,,,,,,,,,,,,,,,,,,,,,,,https://cdn.shopify.com/s/files/1/0618/2368/0740/files/5_19777189-aefc-4a76-a7d7-3c0961de9dd6.png?v=1724530007,g,,,,,,
kids-summer-pack-of-2-e,,,,,,,,,6 Years,,,2 - 6 Months,,,,,'10714030,0.0,shopify,108,deny,manual,1798.00,,true,true,,,,,'10714030,,,,,,,,,,,,,,,,,,,,,,,,,,,,,,,,,,,,,,,,,,,,,,,https://cdn.shopify.com/s/files/1/0618/2368/0740/files/5_19777189-aefc-4a76-a7d7-3c0961de9dd6.png?v=1724530007,g,,,,,,
kids-summer-pack-of-2-e,,,,,,,,,6 Years,,,6- 12 Months,,,,,'10714031,0.0,shopify,108,deny,manual,1798.00,,true,true,,,,,'10714031,,,,,,,,,,,,,,,,,,,,,,,,,,,,,,,,,,,,,,,,,,,,,,,https://cdn.shopify.com/s/files/1/0618/2368/0740/files/5_19777189-aefc-4a76-a7d7-3c0961de9dd6.png?v=1724530007,g,,,,,,
kids-summer-pack-of-2-e,,,,,,,,,6 Years,,,13 - 24 Months,,,,,'10714032,0.0,shopify,108,deny,manual,1798.00,,true,true,,,,,'10714032,,,,,,,,,,,,,,,,,,,,,,,,,,,,,,,,,,,,,,,,,,,,,,,https://cdn.shopify.com/s/files/1/0618/2368/0740/files/5_19777189-aefc-4a76-a7d7-3c0961de9dd6.png?v=1724530007,g,,,,,,
kids-summer-pack-of-2-e,,,,,,,,,6 Years,,,2 - 3 Years,,,,,'10714033,0.0,shopify,108,deny,manual,1798.00,,true,true,,,,,'10714033,,,,,,,,,,,,,,,,,,,,,,,,,,,,,,,,,,,,,,,,,,,,,,,https://cdn.shopify.com/s/files/1/0618/2368/0740/files/5_19777189-aefc-4a76-a7d7-3c0961de9dd6.png?v=1724530007,g,,,,,,
kids-summer-pack-of-2-e,,,,,,,,,6 Years,,,3 - 4 Years,,,,,'10714034,0.0,shopify,108,deny,manual,1798.00,,true,true,,,,,'10714034,,,,,,,,,,,,,,,,,,,,,,,,,,,,,,,,,,,,,,,,,,,,,,,https://cdn.shopify.com/s/files/1/0618/2368/0740/files/5_19777189-aefc-4a76-a7d7-3c0961de9dd6.png?v=1724530007,g,,,,,,
kids-summer-pack-of-2-e,,,,,,,,,6 Years,,,4 - 5 Years,,,,,'10714035,0.0,shopify,108,deny,manual,1798.00,,true,true,,,,,'10714035,,,,,,,,,,,,,,,,,,,,,,,,,,,,,,,,,,,,,,,,,,,,,,,https://cdn.shopify.com/s/files/1/0618/2368/0740/files/5_19777189-aefc-4a76-a7d7-3c0961de9dd6.png?v=1724530007,g,,,,,,
kids-summer-pack-of-2-e,,,,,,,,,6 Years,,,6 Years,,,,,'10706892,0.0,shopify,108,deny,manual,1798.00,,true,true,,,,,'10706892,,,,,,,,,,,,,,,,,,,,,,,,,,,,,,,,,,,,,,,,,,,,,,,https://cdn.shopify.com/s/files/1/0618/2368/0740/files/5_19777189-aefc-4a76-a7d7-3c0961de9dd6.png?v=1724530007,g,,,,,,
kids-summer-pack-of-2-d,Kids Summer Pack of 2-D,"<p><strong>Pack of 2</strong></p>
<p>Kids Summer Shorts Set </p>
<p data-mce-fragment=""1"">Pair of Shirt &amp; Trouser</p>
<p data-mce-fragment=""1"">Fabric: Soft High-Quality Jersey</p>
<p data-mce-fragment=""1"">Full Sleeve T-Shirt</p>
<p data-mce-fragment=""1"">Contrast Trouser</p>
<p data-mce-fragment=""1"">Round Neck</p>
<p data-mce-fragment=""1"">Three-Tone Color Shirt</p>
<p data-mce-fragment=""1"">Printed Cartoon</p>
<p data-mce-fragment=""1"">Comfortable Wear</p>
<p data-mce-fragment=""1"">Easy Wash &amp; Press</p>
<p data-mce-fragment=""1"">Sizes 1- 6 years</p>
<p data-mce-fragment=""1""><span data-mce-fragment=""1"">Gender: Male/ Female ( BABY &amp; BABA BOTH)</span></p>
<p><!----></p>",BBG FASHION CLOTHING STORE,Apparel & Accessories > Clothing > Baby & Toddler Clothing > Baby & Toddler Dresses,Kids Half Sleeves Twinset,"bundle deal, Pack of 2",false,Gamer Short Set (Size),2 - 6 Months,,LV Great Short Set (Size),2 - 6 Months,,,,,'10713940,0.0,shopify,89,deny,manual,1798.00,,true,true,,,,,'10713940,https://cdn.shopify.com/s/files/1/0618/2368/0740/files/4_4890871a-ce47-4972-8148-948b5213a45d.png?v=1724528783,1,Kids Summer Pack Of 2 D - front view - kids wear Pakistan,false,,,,,,,,,,,,,,,,,,,,,,,,,,,,,,,,,,,,,,,,,,,https://cdn.shopify.com/s/files/1/0618/2368/0740/files/4_4890871a-ce47-4972-8148-948b5213a45d.png?v=1724528783,g,,,true,,,archived
kids-summer-pack-of-2-d,,,,,,,,,2 - 6 Months,,,6- 12 Months,,,,,'10713941,0.0,shopify,88,deny,manual,1798.00,,true,true,,,,,'10713941,https://cdn.shopify.com/s/files/1/0618/2368/0740/files/IMG-20240308-WA0220_08cfd7c9-6d4a-4b23-9d31-7e3d7a43c3f6.jpg?v=1724079056,2,Kids Summer Pack Of 2 F - back view - kids wear Pakistan,,,,,,,,,,,,,,,,,,,,,,,,,,,,,,,,,,,,,,,,,,,,https://cdn.shopify.com/s/files/1/0618/2368/0740/files/4_4890871a-ce47-4972-8148-948b5213a45d.png?v=1724528783,g,,,,,,
kids-summer-pack-of-2-d,,,,,,,,,2 - 6 Months,,,13 - 24 Months,,,,,'10713942,0.0,shopify,94,deny,manual,1798.00,,true,true,,,,,'10713942,,,,,,,,,,,,,,,,,,,,,,,,,,,,,,,,,,,,,,,,,,,,,,,https://cdn.shopify.com/s/files/1/0618/2368/0740/files/4_4890871a-ce47-4972-8148-948b5213a45d.png?v=1724528783,g,,,,,,
kids-summer-pack-of-2-d,,,,,,,,,2 - 6 Months,,,2 - 3 Years,,,,,'10713943,0.0,shopify,68,deny,manual,1798.00,,true,true,,,,,'10713943,,,,,,,,,,,,,,,,,,,,,,,,,,,,,,,,,,,,,,,,,,,,,,,https://cdn.shopify.com/s/files/1/0618/2368/0740/files/4_4890871a-ce47-4972-8148-948b5213a45d.png?v=1724528783,g,,,,,,
kids-summer-pack-of-2-d,,,,,,,,,2 - 6 Months,,,3 - 4 Years,,,,,'10713944,0.0,shopify,87,deny,manual,1798.00,,true,true,,,,,'10713944,,,,,,,,,,,,,,,,,,,,,,,,,,,,,,,,,,,,,,,,,,,,,,,https://cdn.shopify.com/s/files/1/0618/2368/0740/files/4_4890871a-ce47-4972-8148-948b5213a45d.png?v=1724528783,g,,,,,,
kids-summer-pack-of-2-d,,,,,,,,,2 - 6 Months,,,4 - 5 Years,,,,,'10713945,0.0,shopify,93,deny,manual,1798.00,,true,true,,,,,'10713945,,,,,,,,,,,,,,,,,,,,,,,,,,,,,,,,,,,,,,,,,,,,,,,https://cdn.shopify.com/s/files/1/0618/2368/0740/files/4_4890871a-ce47-4972-8148-948b5213a45d.png?v=1724528783,g,,,,,,
kids-summer-pack-of-2-d,,,,,,,,,2 - 6 Months,,,6 Years,,,,,'10713946,0.0,shopify,97,deny,manual,1798.00,,true,true,,,,,'10713946,,,,,,,,,,,,,,,,,,,,,,,,,,,,,,,,,,,,,,,,,,,,,,,https://cdn.shopify.com/s/files/1/0618/2368/0740/files/4_4890871a-ce47-4972-8148-948b5213a45d.png?v=1724528783,g,,,,,,
kids-summer-pack-of-2-d,,,,,,,,,6- 12 Months,,,2 - 6 Months,,,,,'10713947,0.0,shopify,89,deny,manual,1798.00,,true,true,,,,,'10713947,,,,,,,,,,,,,,,,,,,,,,,,,,,,,,,,,,,,,,,,,,,,,,,https://cdn.shopify.com/s/files/1/0618/2368/0740/files/4_4890871a-ce47-4972-8148-948b5213a45d.png?v=1724528783,g,,,,,,
kids-summer-pack-of-2-d,,,,,,,,,6- 12 Months,,,6- 12 Months,,,,,'10713948,0.0,shopify,88,deny,manual,1798.00,,true,true,,,,,'10713948,,,,,,,,,,,,,,,,,,,,,,,,,,,,,,,,,,,,,,,,,,,,,,,https://cdn.shopify.com/s/files/1/0618/2368/0740/files/4_4890871a-ce47-4972-8148-948b5213a45d.png?v=1724528783,g,,,,,,
kids-summer-pack-of-2-d,,,,,,,,,6- 12 Months,,,13 - 24 Months,,,,,'10713949,0.0,shopify,94,deny,manual,1798.00,,true,true,,,,,'10713949,,,,,,,,,,,,,,,,,,,,,,,,,,,,,,,,,,,,,,,,,,,,,,,https://cdn.shopify.com/s/files/1/0618/2368/0740/files/4_4890871a-ce47-4972-8148-948b5213a45d.png?v=1724528783,g,,,,,,
kids-summer-pack-of-2-d,,,,,,,,,6- 12 Months,,,2 - 3 Years,,,,,'10713950,0.0,shopify,68,deny,manual,1798.00,,true,true,,,,,'10713950,,,,,,,,,,,,,,,,,,,,,,,,,,,,,,,,,,,,,,,,,,,,,,,https://cdn.shopify.com/s/files/1/0618/2368/0740/files/4_4890871a-ce47-4972-8148-948b5213a45d.png?v=1724528783,g,,,,,,
kids-summer-pack-of-2-d,,,,,,,,,6- 12 Months,,,3 - 4 Years,,,,,'10713951,0.0,shopify,87,deny,manual,1798.00,,true,true,,,,,'10713951,,,,,,,,,,,,,,,,,,,,,,,,,,,,,,,,,,,,,,,,,,,,,,,https://cdn.shopify.com/s/files/1/0618/2368/0740/files/4_4890871a-ce47-4972-8148-948b5213a45d.png?v=1724528783,g,,,,,,
kids-summer-pack-of-2-d,,,,,,,,,6- 12 Months,,,4 - 5 Years,,,,,'10713952,0.0,shopify,93,deny,manual,1798.00,,true,true,,,,,'10713952,,,,,,,,,,,,,,,,,,,,,,,,,,,,,,,,,,,,,,,,,,,,,,,https://cdn.shopify.com/s/files/1/0618/2368/0740/files/4_4890871a-ce47-4972-8148-948b5213a45d.png?v=1724528783,g,,,,,,
kids-summer-pack-of-2-d,,,,,,,,,6- 12 Months,,,6 Years,,,,,'10713953,0.0,shopify,96,deny,manual,1798.00,,true,true,,,,,'10713953,,,,,,,,,,,,,,,,,,,,,,,,,,,,,,,,,,,,,,,,,,,,,,,https://cdn.shopify.com/s/files/1/0618/2368/0740/files/4_4890871a-ce47-4972-8148-948b5213a45d.png?v=1724528783,g,,,,,,
kids-summer-pack-of-2-d,,,,,,,,,13 - 24 Months,,,2 - 6 Months,,,,,'10713954,0.0,shopify,89,deny,manual,1798.00,,true,true,,,,,'10713954,,,,,,,,,,,,,,,,,,,,,,,,,,,,,,,,,,,,,,,,,,,,,,,https://cdn.shopify.com/s/files/1/0618/2368/0740/files/4_4890871a-ce47-4972-8148-948b5213a45d.png?v=1724528783,g,,,,,,
kids-summer-pack-of-2-d,,,,,,,,,13 - 24 Months,,,6- 12 Months,,,,,'10713955,0.0,shopify,88,deny,manual,1798.00,,true,true,,,,,'10713955,,,,,,,,,,,,,,,,,,,,,,,,,,,,,,,,,,,,,,,,,,,,,,,https://cdn.shopify.com/s/files/1/0618/2368/0740/files/4_4890871a-ce47-4972-8148-948b5213a45d.png?v=1724528783,g,,,,,,
kids-summer-pack-of-2-d,,,,,,,,,13 - 24 Months,,,13 - 24 Months,,,,,'10713956,0.0,shopify,94,deny,manual,1798.00,,true,true,,,,,'10713956,,,,,,,,,,,,,,,,,,,,,,,,,,,,,,,,,,,,,,,,,,,,,,,https://cdn.shopify.com/s/files/1/0618/2368/0740/files/4_4890871a-ce47-4972-8148-948b5213a45d.png?v=1724528783,g,,,,,,
kids-summer-pack-of-2-d,,,,,,,,,13 - 24 Months,,,2 - 3 Years,,,,,'10713957,0.0,shopify,68,deny,manual,1798.00,,true,true,,,,,'10713957,,,,,,,,,,,,,,,,,,,,,,,,,,,,,,,,,,,,,,,,,,,,,,,https://cdn.shopify.com/s/files/1/0618/2368/0740/files/4_4890871a-ce47-4972-8148-948b5213a45d.png?v=1724528783,g,,,,,,
kids-summer-pack-of-2-d,,,,,,,,,13 - 24 Months,,,3 - 4 Years,,,,,'10713958,0.0,shopify,87,deny,manual,1798.00,,true,true,,,,,'10713958,,,,,,,,,,,,,,,,,,,,,,,,,,,,,,,,,,,,,,,,,,,,,,,https://cdn.shopify.com/s/files/1/0618/2368/0740/files/4_4890871a-ce47-4972-8148-948b5213a45d.png?v=1724528783,g,,,,,,
kids-summer-pack-of-2-d,,,,,,,,,13 - 24 Months,,,4 - 5 Years,,,,,'10713959,0.0,shopify,93,deny,manual,1798.00,,true,true,,,,,'10713959,,,,,,,,,,,,,,,,,,,,,,,,,,,,,,,,,,,,,,,,,,,,,,,https://cdn.shopify.com/s/files/1/0618/2368/0740/files/4_4890871a-ce47-4972-8148-948b5213a45d.png?v=1724528783,g,,,,,,
kids-summer-pack-of-2-d,,,,,,,,,13 - 24 Months,,,6 Years,,,,,'10713960,0.0,shopify,94,deny,manual,1798.00,,true,true,,,,,'10713960,,,,,,,,,,,,,,,,,,,,,,,,,,,,,,,,,,,,,,,,,,,,,,,https://cdn.shopify.com/s/files/1/0618/2368/0740/files/4_4890871a-ce47-4972-8148-948b5213a45d.png?v=1724528783,g,,,,,,
kids-summer-pack-of-2-d,,,,,,,,,2 - 3 Years,,,2 - 6 Months,,,,,'10713961,0.0,shopify,89,deny,manual,1798.00,,true,true,,,,,'10713961,,,,,,,,,,,,,,,,,,,,,,,,,,,,,,,,,,,,,,,,,,,,,,,https://cdn.shopify.com/s/files/1/0618/2368/0740/files/4_4890871a-ce47-4972-8148-948b5213a45d.png?v=1724528783,g,,,,,,
kids-summer-pack-of-2-d,,,,,,,,,2 - 3 Years,,,6- 12 Months,,,,,'10713962,0.0,shopify,88,deny,manual,1798.00,,true,true,,,,,'10713962,,,,,,,,,,,,,,,,,,,,,,,,,,,,,,,,,,,,,,,,,,,,,,,https://cdn.shopify.com/s/files/1/0618/2368/0740/files/4_4890871a-ce47-4972-8148-948b5213a45d.png?v=1724528783,g,,,,,,
kids-summer-pack-of-2-d,,,,,,,,,2 - 3 Years,,,13 - 24 Months,,,,,'10713963,0.0,shopify,90,deny,manual,1798.00,,true,true,,,,,'10713963,,,,,,,,,,,,,,,,,,,,,,,,,,,,,,,,,,,,,,,,,,,,,,,https://cdn.shopify.com/s/files/1/0618/2368/0740/files/4_4890871a-ce47-4972-8148-948b5213a45d.png?v=1724528783,g,,,,,,
kids-summer-pack-of-2-d,,,,,,,,,2 - 3 Years,,,2 - 3 Years,,,,,'10713964,0.0,shopify,68,deny,manual,1798.00,,true,true,,,,,'10713964,,,,,,,,,,,,,,,,,,,,,,,,,,,,,,,,,,,,,,,,,,,,,,,https://cdn.shopify.com/s/files/1/0618/2368/0740/files/4_4890871a-ce47-4972-8148-948b5213a45d.png?v=1724528783,g,,,,,,
kids-summer-pack-of-2-d,,,,,,,,,2 - 3 Years,,,3 - 4 Years,,,,,'10713965,0.0,shopify,87,deny,manual,1798.00,,true,true,,,,,'10713965,,,,,,,,,,,,,,,,,,,,,,,,,,,,,,,,,,,,,,,,,,,,,,,https://cdn.shopify.com/s/files/1/0618/2368/0740/files/4_4890871a-ce47-4972-8148-948b5213a45d.png?v=1724528783,g,,,,,,
kids-summer-pack-of-2-d,,,,,,,,,2 - 3 Years,,,4 - 5 Years,,,,,'10713966,0.0,shopify,90,deny,manual,1798.00,,true,true,,,,,'10713966,,,,,,,,,,,,,,,,,,,,,,,,,,,,,,,,,,,,,,,,,,,,,,,https://cdn.shopify.com/s/files/1/0618/2368/0740/files/4_4890871a-ce47-4972-8148-948b5213a45d.png?v=1724528783,g,,,,,,
kids-summer-pack-of-2-d,,,,,,,,,2 - 3 Years,,,6 Years,,,,,'10713967,0.0,shopify,90,deny,manual,1798.00,,true,true,,,,,'10713967,,,,,,,,,,,,,,,,,,,,,,,,,,,,,,,,,,,,,,,,,,,,,,,https://cdn.shopify.com/s/files/1/0618/2368/0740/files/4_4890871a-ce47-4972-8148-948b5213a45d.png?v=1724528783,g,,,,,,
kids-summer-pack-of-2-d,,,,,,,,,3 - 4 Years,,,2 - 6 Months,,,,,'10713968,0.0,shopify,85,deny,manual,1798.00,,true,true,,,,,'10713968,,,,,,,,,,,,,,,,,,,,,,,,,,,,,,,,,,,,,,,,,,,,,,,https://cdn.shopify.com/s/files/1/0618/2368/0740/files/4_4890871a-ce47-4972-8148-948b5213a45d.png?v=1724528783,g,,,,,,
kids-summer-pack-of-2-d,,,,,,,,,3 - 4 Years,,,6- 12 Months,,,,,'10713969,0.0,shopify,85,deny,manual,1798.00,,true,true,,,,,'10713969,,,,,,,,,,,,,,,,,,,,,,,,,,,,,,,,,,,,,,,,,,,,,,,https://cdn.shopify.com/s/files/1/0618/2368/0740/files/4_4890871a-ce47-4972-8148-948b5213a45d.png?v=1724528783,g,,,,,,
kids-summer-pack-of-2-d,,,,,,,,,3 - 4 Years,,,13 - 24 Months,,,,,'10713970,0.0,shopify,85,deny,manual,1798.00,,true,true,,,,,'10713970,,,,,,,,,,,,,,,,,,,,,,,,,,,,,,,,,,,,,,,,,,,,,,,https://cdn.shopify.com/s/files/1/0618/2368/0740/files/4_4890871a-ce47-4972-8148-948b5213a45d.png?v=1724528783,g,,,,,,
kids-summer-pack-of-2-d,,,,,,,,,3 - 4 Years,,,2 - 3 Years,,,,,'10713971,0.0,shopify,68,deny,manual,1798.00,,true,true,,,,,'10713971,,,,,,,,,,,,,,,,,,,,,,,,,,,,,,,,,,,,,,,,,,,,,,,https://cdn.shopify.com/s/files/1/0618/2368/0740/files/4_4890871a-ce47-4972-8148-948b5213a45d.png?v=1724528783,g,,,,,,
kids-summer-pack-of-2-d,,,,,,,,,3 - 4 Years,,,3 - 4 Years,,,,,'10713972,0.0,shopify,85,deny,manual,1798.00,,true,true,,,,,'10713972,,,,,,,,,,,,,,,,,,,,,,,,,,,,,,,,,,,,,,,,,,,,,,,https://cdn.shopify.com/s/files/1/0618/2368/0740/files/4_4890871a-ce47-4972-8148-948b5213a45d.png?v=1724528783,g,,,,,,
kids-summer-pack-of-2-d,,,,,,,,,3 - 4 Years,,,4 - 5 Years,,,,,'10713973,0.0,shopify,85,deny,manual,1798.00,,true,true,,,,,'10713973,,,,,,,,,,,,,,,,,,,,,,,,,,,,,,,,,,,,,,,,,,,,,,,https://cdn.shopify.com/s/files/1/0618/2368/0740/files/4_4890871a-ce47-4972-8148-948b5213a45d.png?v=1724528783,g,,,,,,
kids-summer-pack-of-2-d,,,,,,,,,3 - 4 Years,,,6 Years,,,,,'10713974,0.0,shopify,85,deny,manual,1798.00,,true,true,,,,,'10713974,,,,,,,,,,,,,,,,,,,,,,,,,,,,,,,,,,,,,,,,,,,,,,,https://cdn.shopify.com/s/files/1/0618/2368/0740/files/4_4890871a-ce47-4972-8148-948b5213a45d.png?v=1724528783,g,,,,,,
kids-summer-pack-of-2-d,,,,,,,,,4 - 5 Years,,,2 - 6 Months,,,,,'10713975,0.0,shopify,89,deny,manual,1798.00,,true,true,,,,,'10713975,,,,,,,,,,,,,,,,,,,,,,,,,,,,,,,,,,,,,,,,,,,,,,,https://cdn.shopify.com/s/files/1/0618/2368/0740/files/4_4890871a-ce47-4972-8148-948b5213a45d.png?v=1724528783,g,,,,,,
kids-summer-pack-of-2-d,,,,,,,,,4 - 5 Years,,,6- 12 Months,,,,,'10713976,0.0,shopify,88,deny,manual,1798.00,,true,true,,,,,'10713976,,,,,,,,,,,,,,,,,,,,,,,,,,,,,,,,,,,,,,,,,,,,,,,https://cdn.shopify.com/s/files/1/0618/2368/0740/files/4_4890871a-ce47-4972-8148-948b5213a45d.png?v=1724528783,g,,,,,,
kids-summer-pack-of-2-d,,,,,,,,,4 - 5 Years,,,13 - 24 Months,,,,,'10713977,0.0,shopify,91,deny,manual,1798.00,,true,true,,,,,'10713977,,,,,,,,,,,,,,,,,,,,,,,,,,,,,,,,,,,,,,,,,,,,,,,https://cdn.shopify.com/s/files/1/0618/2368/0740/files/4_4890871a-ce47-4972-8148-948b5213a45d.png?v=1724528783,g,,,,,,
kids-summer-pack-of-2-d,,,,,,,,,4 - 5 Years,,,2 - 3 Years,,,,,'10713978,0.0,shopify,68,deny,manual,1798.00,,true,true,,,,,'10713978,,,,,,,,,,,,,,,,,,,,,,,,,,,,,,,,,,,,,,,,,,,,,,,https://cdn.shopify.com/s/files/1/0618/2368/0740/files/4_4890871a-ce47-4972-8148-948b5213a45d.png?v=1724528783,g,,,,,,
kids-summer-pack-of-2-d,,,,,,,,,4 - 5 Years,,,3 - 4 Years,,,,,'10713979,0.0,shopify,87,deny,manual,1798.00,,true,true,,,,,'10713979,,,,,,,,,,,,,,,,,,,,,,,,,,,,,,,,,,,,,,,,,,,,,,,https://cdn.shopify.com/s/files/1/0618/2368/0740/files/4_4890871a-ce47-4972-8148-948b5213a45d.png?v=1724528783,g,,,,,,
kids-summer-pack-of-2-d,,,,,,,,,4 - 5 Years,,,4 - 5 Years,,,,,'10713980,0.0,shopify,91,deny,manual,1798.00,,true,true,,,,,'10713980,,,,,,,,,,,,,,,,,,,,,,,,,,,,,,,,,,,,,,,,,,,,,,,https://cdn.shopify.com/s/files/1/0618/2368/0740/files/4_4890871a-ce47-4972-8148-948b5213a45d.png?v=1724528783,g,,,,,,
kids-summer-pack-of-2-d,,,,,,,,,4 - 5 Years,,,6 Years,,,,,'10713981,0.0,shopify,91,deny,manual,1798.00,,true,true,,,,,'10713981,,,,,,,,,,,,,,,,,,,,,,,,,,,,,,,,,,,,,,,,,,,,,,,https://cdn.shopify.com/s/files/1/0618/2368/0740/files/4_4890871a-ce47-4972-8148-948b5213a45d.png?v=1724528783,g,,,,,,
kids-summer-pack-of-2-d,,,,,,,,,6 Years,,,2 - 6 Months,,,,,'10713982,0.0,shopify,88,deny,manual,1798.00,,true,true,,,,,'10713982,,,,,,,,,,,,,,,,,,,,,,,,,,,,,,,,,,,,,,,,,,,,,,,https://cdn.shopify.com/s/files/1/0618/2368/0740/files/4_4890871a-ce47-4972-8148-948b5213a45d.png?v=1724528783,g,,,,,,
kids-summer-pack-of-2-d,,,,,,,,,6 Years,,,6- 12 Months,,,,,'10713983,0.0,shopify,88,deny,manual,1798.00,,true,true,,,,,'10713983,,,,,,,,,,,,,,,,,,,,,,,,,,,,,,,,,,,,,,,,,,,,,,,https://cdn.shopify.com/s/files/1/0618/2368/0740/files/4_4890871a-ce47-4972-8148-948b5213a45d.png?v=1724528783,g,,,,,,
kids-summer-pack-of-2-d,,,,,,,,,6 Years,,,13 - 24 Months,,,,,'10713984,0.0,shopify,88,deny,manual,1798.00,,true,true,,,,,'10713984,,,,,,,,,,,,,,,,,,,,,,,,,,,,,,,,,,,,,,,,,,,,,,,https://cdn.shopify.com/s/files/1/0618/2368/0740/files/4_4890871a-ce47-4972-8148-948b5213a45d.png?v=1724528783,g,,,,,,
kids-summer-pack-of-2-d,,,,,,,,,6 Years,,,2 - 3 Years,,,,,'10713985,0.0,shopify,68,deny,manual,1798.00,,true,true,,,,,'10713985,,,,,,,,,,,,,,,,,,,,,,,,,,,,,,,,,,,,,,,,,,,,,,,https://cdn.shopify.com/s/files/1/0618/2368/0740/files/4_4890871a-ce47-4972-8148-948b5213a45d.png?v=1724528783,g,,,,,,
kids-summer-pack-of-2-d,,,,,,,,,6 Years,,,3 - 4 Years,,,,,'10713986,0.0,shopify,87,deny,manual,1798.00,,true,true,,,,,'10713986,,,,,,,,,,,,,,,,,,,,,,,,,,,,,,,,,,,,,,,,,,,,,,,https://cdn.shopify.com/s/files/1/0618/2368/0740/files/4_4890871a-ce47-4972-8148-948b5213a45d.png?v=1724528783,g,,,,,,
kids-summer-pack-of-2-d,,,,,,,,,6 Years,,,4 - 5 Years,,,,,'10713987,0.0,shopify,88,deny,manual,1798.00,,true,true,,,,,'10713987,,,,,,,,,,,,,,,,,,,,,,,,,,,,,,,,,,,,,,,,,,,,,,,https://cdn.shopify.com/s/files/1/0618/2368/0740/files/4_4890871a-ce47-4972-8148-948b5213a45d.png?v=1724528783,g,,,,,,
kids-summer-pack-of-2-d,,,,,,,,,6 Years,,,6 Years,,,,,'10706891,0.0,shopify,88,deny,manual,1798.00,,true,true,,,,,'10706891,,,,,,,,,,,,,,,,,,,,,,,,,,,,,,,,,,,,,,,,,,,,,,,https://cdn.shopify.com/s/files/1/0618/2368/0740/files/4_4890871a-ce47-4972-8148-948b5213a45d.png?v=1724528783,g,,,,,,
kids-summer-pack-of-2-c,Kids Summer Pack of 2-C,"<p><strong>Pack of 2</strong></p>
<p>Kids Summer Shorts Set </p>
<p data-mce-fragment=""1"">Pair of Shirt &amp; Trouser</p>
<p data-mce-fragment=""1"">Fabric: Soft High-Quality Jersey</p>
<p data-mce-fragment=""1"">Full Sleeve T-Shirt</p>
<p data-mce-fragment=""1"">Contrast Trouser</p>
<p data-mce-fragment=""1"">Round Neck</p>
<p data-mce-fragment=""1"">Three-Tone Color Shirt</p>
<p data-mce-fragment=""1"">Printed Cartoon</p>
<p data-mce-fragment=""1"">Comfortable Wear</p>
<p data-mce-fragment=""1"">Easy Wash &amp; Press</p>
<p data-mce-fragment=""1"">Sizes 1- 6 years</p>
<p data-mce-fragment=""1""><span data-mce-fragment=""1"">Gender: Male/ Female ( BABY &amp; BABA BOTH)</span></p>
<p><!----></p>",BBG FASHION CLOTHING STORE,Apparel & Accessories > Clothing > Baby & Toddler Clothing > Baby & Toddler Dresses,Kids Half Sleeves Twinset,"bundle deal, Pack of 2",false,Confidence Short Set (Size),2 - 6 Months,,Dinosaur Pattern T-shirt & Shorts Set (Size),2 - 6 Months,,,,,'10713892,0.0,,0,deny,manual,1798.00,,true,true,,,,,'10713892,https://cdn.shopify.com/s/files/1/0618/2368/0740/files/3_04b0883b-b24b-4f6c-a3ba-7c22a245ac4a.png?v=1724528596,1,Kids Summer Pack Of 2 C - front view - kids wear Pakistan,false,,,,,,,,,,,,,,,,,,,,,,,,,,,,,,,,,,,,,,,,,,,https://cdn.shopify.com/s/files/1/0618/2368/0740/files/3_04b0883b-b24b-4f6c-a3ba-7c22a245ac4a.png?v=1724528596,g,,,true,,,archived
kids-summer-pack-of-2-c,,,,,,,,,2 - 6 Months,,,6- 12 Months,,,,,'10713893,0.0,,0,deny,manual,1798.00,,true,true,,,,,'10713893,https://cdn.shopify.com/s/files/1/0618/2368/0740/files/IMG-20240308-WA0220_08cfd7c9-6d4a-4b23-9d31-7e3d7a43c3f6.jpg?v=1724079056,2,Kids Summer Pack Of 2 F - back view - kids wear Pakistan,,,,,,,,,,,,,,,,,,,,,,,,,,,,,,,,,,,,,,,,,,,,https://cdn.shopify.com/s/files/1/0618/2368/0740/files/3_04b0883b-b24b-4f6c-a3ba-7c22a245ac4a.png?v=1724528596,g,,,,,,
kids-summer-pack-of-2-c,,,,,,,,,2 - 6 Months,,,13 - 24 Months,,,,,'10713894,0.0,,0,deny,manual,1798.00,,true,true,,,,,'10713894,,,,,,,,,,,,,,,,,,,,,,,,,,,,,,,,,,,,,,,,,,,,,,,https://cdn.shopify.com/s/files/1/0618/2368/0740/files/3_04b0883b-b24b-4f6c-a3ba-7c22a245ac4a.png?v=1724528596,g,,,,,,
kids-summer-pack-of-2-c,,,,,,,,,2 - 6 Months,,,2 - 3 Years,,,,,'10713895,0.0,,0,deny,manual,1798.00,,true,true,,,,,'10713895,,,,,,,,,,,,,,,,,,,,,,,,,,,,,,,,,,,,,,,,,,,,,,,https://cdn.shopify.com/s/files/1/0618/2368/0740/files/3_04b0883b-b24b-4f6c-a3ba-7c22a245ac4a.png?v=1724528596,g,,,,,,
kids-summer-pack-of-2-c,,,,,,,,,2 - 6 Months,,,3 - 4 Years,,,,,'10713896,0.0,,0,deny,manual,1798.00,,true,true,,,,,'10713896,,,,,,,,,,,,,,,,,,,,,,,,,,,,,,,,,,,,,,,,,,,,,,,https://cdn.shopify.com/s/files/1/0618/2368/0740/files/3_04b0883b-b24b-4f6c-a3ba-7c22a245ac4a.png?v=1724528596,g,,,,,,
kids-summer-pack-of-2-c,,,,,,,,,2 - 6 Months,,,4 - 5 Years,,,,,'10713897,0.0,,0,deny,manual,1798.00,,true,true,,,,,'10713897,,,,,,,,,,,,,,,,,,,,,,,,,,,,,,,,,,,,,,,,,,,,,,,https://cdn.shopify.com/s/files/1/0618/2368/0740/files/3_04b0883b-b24b-4f6c-a3ba-7c22a245ac4a.png?v=1724528596,g,,,,,,
kids-summer-pack-of-2-c,,,,,,,,,2 - 6 Months,,,6 Years,,,,,'10713898,0.0,,0,deny,manual,1798.00,,true,true,,,,,'10713898,,,,,,,,,,,,,,,,,,,,,,,,,,,,,,,,,,,,,,,,,,,,,,,https://cdn.shopify.com/s/files/1/0618/2368/0740/files/3_04b0883b-b24b-4f6c-a3ba-7c22a245ac4a.png?v=1724528596,g,,,,,,
kids-summer-pack-of-2-c,,,,,,,,,6- 12 Months,,,2 - 6 Months,,,,,'10713899,0.0,,0,deny,manual,1798.00,,true,true,,,,,'10713899,,,,,,,,,,,,,,,,,,,,,,,,,,,,,,,,,,,,,,,,,,,,,,,https://cdn.shopify.com/s/files/1/0618/2368/0740/files/3_04b0883b-b24b-4f6c-a3ba-7c22a245ac4a.png?v=1724528596,g,,,,,,
kids-summer-pack-of-2-c,,,,,,,,,6- 12 Months,,,6- 12 Months,,,,,'10713900,0.0,,0,deny,manual,1798.00,,true,true,,,,,'10713900,,,,,,,,,,,,,,,,,,,,,,,,,,,,,,,,,,,,,,,,,,,,,,,https://cdn.shopify.com/s/files/1/0618/2368/0740/files/3_04b0883b-b24b-4f6c-a3ba-7c22a245ac4a.png?v=1724528596,g,,,,,,
kids-summer-pack-of-2-c,,,,,,,,,6- 12 Months,,,13 - 24 Months,,,,,'10713901,0.0,,0,deny,manual,1798.00,,true,true,,,,,'10713901,,,,,,,,,,,,,,,,,,,,,,,,,,,,,,,,,,,,,,,,,,,,,,,https://cdn.shopify.com/s/files/1/0618/2368/0740/files/3_04b0883b-b24b-4f6c-a3ba-7c22a245ac4a.png?v=1724528596,g,,,,,,
kids-summer-pack-of-2-c,,,,,,,,,6- 12 Months,,,2 - 3 Years,,,,,'10713902,0.0,,0,deny,manual,1798.00,,true,true,,,,,'10713902,,,,,,,,,,,,,,,,,,,,,,,,,,,,,,,,,,,,,,,,,,,,,,,https://cdn.shopify.com/s/files/1/0618/2368/0740/files/3_04b0883b-b24b-4f6c-a3ba-7c22a245ac4a.png?v=1724528596,g,,,,,,
kids-summer-pack-of-2-c,,,,,,,,,6- 12 Months,,,3 - 4 Years,,,,,'10713903,0.0,,0,deny,manual,1798.00,,true,true,,,,,'10713903,,,,,,,,,,,,,,,,,,,,,,,,,,,,,,,,,,,,,,,,,,,,,,,https://cdn.shopify.com/s/files/1/0618/2368/0740/files/3_04b0883b-b24b-4f6c-a3ba-7c22a245ac4a.png?v=1724528596,g,,,,,,
kids-summer-pack-of-2-c,,,,,,,,,6- 12 Months,,,4 - 5 Years,,,,,'10713904,0.0,,0,deny,manual,1798.00,,true,true,,,,,'10713904,,,,,,,,,,,,,,,,,,,,,,,,,,,,,,,,,,,,,,,,,,,,,,,https://cdn.shopify.com/s/files/1/0618/2368/0740/files/3_04b0883b-b24b-4f6c-a3ba-7c22a245ac4a.png?v=1724528596,g,,,,,,
kids-summer-pack-of-2-c,,,,,,,,,6- 12 Months,,,6 Years,,,,,'10713905,0.0,,0,deny,manual,1798.00,,true,true,,,,,'10713905,,,,,,,,,,,,,,,,,,,,,,,,,,,,,,,,,,,,,,,,,,,,,,,https://cdn.shopify.com/s/files/1/0618/2368/0740/files/3_04b0883b-b24b-4f6c-a3ba-7c22a245ac4a.png?v=1724528596,g,,,,,,
kids-summer-pack-of-2-c,,,,,,,,,13 - 24 Months,,,2 - 6 Months,,,,,'10713906,0.0,,0,deny,manual,1798.00,,true,true,,,,,'10713906,,,,,,,,,,,,,,,,,,,,,,,,,,,,,,,,,,,,,,,,,,,,,,,https://cdn.shopify.com/s/files/1/0618/2368/0740/files/3_04b0883b-b24b-4f6c-a3ba-7c22a245ac4a.png?v=1724528596,g,,,,,,
kids-summer-pack-of-2-c,,,,,,,,,13 - 24 Months,,,6- 12 Months,,,,,'10713907,0.0,,0,deny,manual,1798.00,,true,true,,,,,'10713907,,,,,,,,,,,,,,,,,,,,,,,,,,,,,,,,,,,,,,,,,,,,,,,https://cdn.shopify.com/s/files/1/0618/2368/0740/files/3_04b0883b-b24b-4f6c-a3ba-7c22a245ac4a.png?v=1724528596,g,,,,,,
kids-summer-pack-of-2-c,,,,,,,,,13 - 24 Months,,,13 - 24 Months,,,,,'10713908,0.0,,0,deny,manual,1798.00,,true,true,,,,,'10713908,,,,,,,,,,,,,,,,,,,,,,,,,,,,,,,,,,,,,,,,,,,,,,,https://cdn.shopify.com/s/files/1/0618/2368/0740/files/3_04b0883b-b24b-4f6c-a3ba-7c22a245ac4a.png?v=1724528596,g,,,,,,
kids-summer-pack-of-2-c,,,,,,,,,13 - 24 Months,,,2 - 3 Years,,,,,'10713909,0.0,,0,deny,manual,1798.00,,true,true,,,,,'10713909,,,,,,,,,,,,,,,,,,,,,,,,,,,,,,,,,,,,,,,,,,,,,,,https://cdn.shopify.com/s/files/1/0618/2368/0740/files/3_04b0883b-b24b-4f6c-a3ba-7c22a245ac4a.png?v=1724528596,g,,,,,,
kids-summer-pack-of-2-c,,,,,,,,,13 - 24 Months,,,3 - 4 Years,,,,,'10713910,0.0,,0,deny,manual,1798.00,,true,true,,,,,'10713910,,,,,,,,,,,,,,,,,,,,,,,,,,,,,,,,,,,,,,,,,,,,,,,https://cdn.shopify.com/s/files/1/0618/2368/0740/files/3_04b0883b-b24b-4f6c-a3ba-7c22a245ac4a.png?v=1724528596,g,,,,,,
kids-summer-pack-of-2-c,,,,,,,,,13 - 24 Months,,,4 - 5 Years,,,,,'10713911,0.0,,0,deny,manual,1798.00,,true,true,,,,,'10713911,,,,,,,,,,,,,,,,,,,,,,,,,,,,,,,,,,,,,,,,,,,,,,,https://cdn.shopify.com/s/files/1/0618/2368/0740/files/3_04b0883b-b24b-4f6c-a3ba-7c22a245ac4a.png?v=1724528596,g,,,,,,
kids-summer-pack-of-2-c,,,,,,,,,13 - 24 Months,,,6 Years,,,,,'10713912,0.0,,0,deny,manual,1798.00,,true,true,,,,,'10713912,,,,,,,,,,,,,,,,,,,,,,,,,,,,,,,,,,,,,,,,,,,,,,,https://cdn.shopify.com/s/files/1/0618/2368/0740/files/3_04b0883b-b24b-4f6c-a3ba-7c22a245ac4a.png?v=1724528596,g,,,,,,
kids-summer-pack-of-2-c,,,,,,,,,2 - 3 Years,,,2 - 6 Months,,,,,'10713913,0.0,,0,deny,manual,1798.00,,true,true,,,,,'10713913,,,,,,,,,,,,,,,,,,,,,,,,,,,,,,,,,,,,,,,,,,,,,,,https://cdn.shopify.com/s/files/1/0618/2368/0740/files/3_04b0883b-b24b-4f6c-a3ba-7c22a245ac4a.png?v=1724528596,g,,,,,,
kids-summer-pack-of-2-c,,,,,,,,,2 - 3 Years,,,6- 12 Months,,,,,'10713914,0.0,,0,deny,manual,1798.00,,true,true,,,,,'10713914,,,,,,,,,,,,,,,,,,,,,,,,,,,,,,,,,,,,,,,,,,,,,,,https://cdn.shopify.com/s/files/1/0618/2368/0740/files/3_04b0883b-b24b-4f6c-a3ba-7c22a245ac4a.png?v=1724528596,g,,,,,,
kids-summer-pack-of-2-c,,,,,,,,,2 - 3 Years,,,13 - 24 Months,,,,,'10713915,0.0,,0,deny,manual,1798.00,,true,true,,,,,'10713915,,,,,,,,,,,,,,,,,,,,,,,,,,,,,,,,,,,,,,,,,,,,,,,https://cdn.shopify.com/s/files/1/0618/2368/0740/files/3_04b0883b-b24b-4f6c-a3ba-7c22a245ac4a.png?v=1724528596,g,,,,,,
kids-summer-pack-of-2-c,,,,,,,,,2 - 3 Years,,,2 - 3 Years,,,,,'10713916,0.0,,0,deny,manual,1798.00,,true,true,,,,,'10713916,,,,,,,,,,,,,,,,,,,,,,,,,,,,,,,,,,,,,,,,,,,,,,,https://cdn.shopify.com/s/files/1/0618/2368/0740/files/3_04b0883b-b24b-4f6c-a3ba-7c22a245ac4a.png?v=1724528596,g,,,,,,
kids-summer-pack-of-2-c,,,,,,,,,2 - 3 Years,,,3 - 4 Years,,,,,'10713917,0.0,,0,deny,manual,1798.00,,true,true,,,,,'10713917,,,,,,,,,,,,,,,,,,,,,,,,,,,,,,,,,,,,,,,,,,,,,,,https://cdn.shopify.com/s/files/1/0618/2368/0740/files/3_04b0883b-b24b-4f6c-a3ba-7c22a245ac4a.png?v=1724528596,g,,,,,,
kids-summer-pack-of-2-c,,,,,,,,,2 - 3 Years,,,4 - 5 Years,,,,,'10713918,0.0,,0,deny,manual,1798.00,,true,true,,,,,'10713918,,,,,,,,,,,,,,,,,,,,,,,,,,,,,,,,,,,,,,,,,,,,,,,https://cdn.shopify.com/s/files/1/0618/2368/0740/files/3_04b0883b-b24b-4f6c-a3ba-7c22a245ac4a.png?v=1724528596,g,,,,,,
kids-summer-pack-of-2-c,,,,,,,,,2 - 3 Years,,,6 Years,,,,,'10713919,0.0,,0,deny,manual,1798.00,,true,true,,,,,'10713919,,,,,,,,,,,,,,,,,,,,,,,,,,,,,,,,,,,,,,,,,,,,,,,https://cdn.shopify.com/s/files/1/0618/2368/0740/files/3_04b0883b-b24b-4f6c-a3ba-7c22a245ac4a.png?v=1724528596,g,,,,,,
kids-summer-pack-of-2-c,,,,,,,,,3 - 4 Years,,,2 - 6 Months,,,,,'10713920,0.0,,0,deny,manual,1798.00,,true,true,,,,,'10713920,,,,,,,,,,,,,,,,,,,,,,,,,,,,,,,,,,,,,,,,,,,,,,,https://cdn.shopify.com/s/files/1/0618/2368/0740/files/3_04b0883b-b24b-4f6c-a3ba-7c22a245ac4a.png?v=1724528596,g,,,,,,
kids-summer-pack-of-2-c,,,,,,,,,3 - 4 Years,,,6- 12 Months,,,,,'10713921,0.0,,0,deny,manual,1798.00,,true,true,,,,,'10713921,,,,,,,,,,,,,,,,,,,,,,,,,,,,,,,,,,,,,,,,,,,,,,,https://cdn.shopify.com/s/files/1/0618/2368/0740/files/3_04b0883b-b24b-4f6c-a3ba-7c22a245ac4a.png?v=1724528596,g,,,,,,
kids-summer-pack-of-2-c,,,,,,,,,3 - 4 Years,,,13 - 24 Months,,,,,'10713922,0.0,,0,deny,manual,1798.00,,true,true,,,,,'10713922,,,,,,,,,,,,,,,,,,,,,,,,,,,,,,,,,,,,,,,,,,,,,,,https://cdn.shopify.com/s/files/1/0618/2368/0740/files/3_04b0883b-b24b-4f6c-a3ba-7c22a245ac4a.png?v=1724528596,g,,,,,,
kids-summer-pack-of-2-c,,,,,,,,,3 - 4 Years,,,2 - 3 Years,,,,,'10713923,0.0,,0,deny,manual,1798.00,,true,true,,,,,'10713923,,,,,,,,,,,,,,,,,,,,,,,,,,,,,,,,,,,,,,,,,,,,,,,https://cdn.shopify.com/s/files/1/0618/2368/0740/files/3_04b0883b-b24b-4f6c-a3ba-7c22a245ac4a.png?v=1724528596,g,,,,,,
kids-summer-pack-of-2-c,,,,,,,,,3 - 4 Years,,,3 - 4 Years,,,,,'10713924,0.0,,0,deny,manual,1798.00,,true,true,,,,,'10713924,,,,,,,,,,,,,,,,,,,,,,,,,,,,,,,,,,,,,,,,,,,,,,,https://cdn.shopify.com/s/files/1/0618/2368/0740/files/3_04b0883b-b24b-4f6c-a3ba-7c22a245ac4a.png?v=1724528596,g,,,,,,
kids-summer-pack-of-2-c,,,,,,,,,3 - 4 Years,,,4 - 5 Years,,,,,'10713925,0.0,,0,deny,manual,1798.00,,true,true,,,,,'10713925,,,,,,,,,,,,,,,,,,,,,,,,,,,,,,,,,,,,,,,,,,,,,,,https://cdn.shopify.com/s/files/1/0618/2368/0740/files/3_04b0883b-b24b-4f6c-a3ba-7c22a245ac4a.png?v=1724528596,g,,,,,,
kids-summer-pack-of-2-c,,,,,,,,,3 - 4 Years,,,6 Years,,,,,'10713926,0.0,,0,deny,manual,1798.00,,true,true,,,,,'10713926,,,,,,,,,,,,,,,,,,,,,,,,,,,,,,,,,,,,,,,,,,,,,,,https://cdn.shopify.com/s/files/1/0618/2368/0740/files/3_04b0883b-b24b-4f6c-a3ba-7c22a245ac4a.png?v=1724528596,g,,,,,,
kids-summer-pack-of-2-c,,,,,,,,,4 - 5 Years,,,2 - 6 Months,,,,,'10713927,0.0,,0,deny,manual,1798.00,,true,true,,,,,'10713927,,,,,,,,,,,,,,,,,,,,,,,,,,,,,,,,,,,,,,,,,,,,,,,https://cdn.shopify.com/s/files/1/0618/2368/0740/files/3_04b0883b-b24b-4f6c-a3ba-7c22a245ac4a.png?v=1724528596,g,,,,,,
kids-summer-pack-of-2-c,,,,,,,,,4 - 5 Years,,,6- 12 Months,,,,,'10713928,0.0,,0,deny,manual,1798.00,,true,true,,,,,'10713928,,,,,,,,,,,,,,,,,,,,,,,,,,,,,,,,,,,,,,,,,,,,,,,https://cdn.shopify.com/s/files/1/0618/2368/0740/files/3_04b0883b-b24b-4f6c-a3ba-7c22a245ac4a.png?v=1724528596,g,,,,,,
kids-summer-pack-of-2-c,,,,,,,,,4 - 5 Years,,,13 - 24 Months,,,,,'10713929,0.0,,0,deny,manual,1798.00,,true,true,,,,,'10713929,,,,,,,,,,,,,,,,,,,,,,,,,,,,,,,,,,,,,,,,,,,,,,,https://cdn.shopify.com/s/files/1/0618/2368/0740/files/3_04b0883b-b24b-4f6c-a3ba-7c22a245ac4a.png?v=1724528596,g,,,,,,
kids-summer-pack-of-2-c,,,,,,,,,4 - 5 Years,,,2 - 3 Years,,,,,'10713930,0.0,,0,deny,manual,1798.00,,true,true,,,,,'10713930,,,,,,,,,,,,,,,,,,,,,,,,,,,,,,,,,,,,,,,,,,,,,,,https://cdn.shopify.com/s/files/1/0618/2368/0740/files/3_04b0883b-b24b-4f6c-a3ba-7c22a245ac4a.png?v=1724528596,g,,,,,,
kids-summer-pack-of-2-c,,,,,,,,,4 - 5 Years,,,3 - 4 Years,,,,,'10713931,0.0,,0,deny,manual,1798.00,,true,true,,,,,'10713931,,,,,,,,,,,,,,,,,,,,,,,,,,,,,,,,,,,,,,,,,,,,,,,https://cdn.shopify.com/s/files/1/0618/2368/0740/files/3_04b0883b-b24b-4f6c-a3ba-7c22a245ac4a.png?v=1724528596,g,,,,,,
kids-summer-pack-of-2-c,,,,,,,,,4 - 5 Years,,,4 - 5 Years,,,,,'10713932,0.0,,0,deny,manual,1798.00,,true,true,,,,,'10713932,,,,,,,,,,,,,,,,,,,,,,,,,,,,,,,,,,,,,,,,,,,,,,,https://cdn.shopify.com/s/files/1/0618/2368/0740/files/3_04b0883b-b24b-4f6c-a3ba-7c22a245ac4a.png?v=1724528596,g,,,,,,
kids-summer-pack-of-2-c,,,,,,,,,4 - 5 Years,,,6 Years,,,,,'10713933,0.0,,0,deny,manual,1798.00,,true,true,,,,,'10713933,,,,,,,,,,,,,,,,,,,,,,,,,,,,,,,,,,,,,,,,,,,,,,,https://cdn.shopify.com/s/files/1/0618/2368/0740/files/3_04b0883b-b24b-4f6c-a3ba-7c22a245ac4a.png?v=1724528596,g,,,,,,
kids-summer-pack-of-2-c,,,,,,,,,6 Years,,,2 - 6 Months,,,,,'10713934,0.0,,0,deny,manual,1798.00,,true,true,,,,,'10713934,,,,,,,,,,,,,,,,,,,,,,,,,,,,,,,,,,,,,,,,,,,,,,,https://cdn.shopify.com/s/files/1/0618/2368/0740/files/3_04b0883b-b24b-4f6c-a3ba-7c22a245ac4a.png?v=1724528596,g,,,,,,
kids-summer-pack-of-2-c,,,,,,,,,6 Years,,,6- 12 Months,,,,,'10713935,0.0,,0,deny,manual,1798.00,,true,true,,,,,'10713935,,,,,,,,,,,,,,,,,,,,,,,,,,,,,,,,,,,,,,,,,,,,,,,https://cdn.shopify.com/s/files/1/0618/2368/0740/files/3_04b0883b-b24b-4f6c-a3ba-7c22a245ac4a.png?v=1724528596,g,,,,,,
kids-summer-pack-of-2-c,,,,,,,,,6 Years,,,13 - 24 Months,,,,,'10713936,0.0,,0,deny,manual,1798.00,,true,true,,,,,'10713936,,,,,,,,,,,,,,,,,,,,,,,,,,,,,,,,,,,,,,,,,,,,,,,https://cdn.shopify.com/s/files/1/0618/2368/0740/files/3_04b0883b-b24b-4f6c-a3ba-7c22a245ac4a.png?v=1724528596,g,,,,,,
kids-summer-pack-of-2-c,,,,,,,,,6 Years,,,2 - 3 Years,,,,,'10713937,0.0,,0,deny,manual,1798.00,,true,true,,,,,'10713937,,,,,,,,,,,,,,,,,,,,,,,,,,,,,,,,,,,,,,,,,,,,,,,https://cdn.shopify.com/s/files/1/0618/2368/0740/files/3_04b0883b-b24b-4f6c-a3ba-7c22a245ac4a.png?v=1724528596,g,,,,,,
kids-summer-pack-of-2-c,,,,,,,,,6 Years,,,3 - 4 Years,,,,,'10713938,0.0,,0,deny,manual,1798.00,,true,true,,,,,'10713938,,,,,,,,,,,,,,,,,,,,,,,,,,,,,,,,,,,,,,,,,,,,,,,https://cdn.shopify.com/s/files/1/0618/2368/0740/files/3_04b0883b-b24b-4f6c-a3ba-7c22a245ac4a.png?v=1724528596,g,,,,,,
kids-summer-pack-of-2-c,,,,,,,,,6 Years,,,4 - 5 Years,,,,,'10713939,0.0,,0,deny,manual,1798.00,,true,true,,,,,'10713939,,,,,,,,,,,,,,,,,,,,,,,,,,,,,,,,,,,,,,,,,,,,,,,https://cdn.shopify.com/s/files/1/0618/2368/0740/files/3_04b0883b-b24b-4f6c-a3ba-7c22a245ac4a.png?v=1724528596,g,,,,,,
kids-summer-pack-of-2-c,,,,,,,,,6 Years,,,6 Years,,,,,'10706890,0.0,,0,deny,manual,1798.00,,true,true,,,,,'10706890,,,,,,,,,,,,,,,,,,,,,,,,,,,,,,,,,,,,,,,,,,,,,,,https://cdn.shopify.com/s/files/1/0618/2368/0740/files/3_04b0883b-b24b-4f6c-a3ba-7c22a245ac4a.png?v=1724528596,g,,,,,,
kids-summer-pack-of-2-b,Kids Summer Pack of 2-B,"<p><strong>Pack of 2</strong></p>
<p>Kids Summer Shorts Set </p>
<p data-mce-fragment=""1"">Pair of Shirt &amp; Trouser</p>
<p data-mce-fragment=""1"">Fabric: Soft High-Quality Jersey</p>
<p data-mce-fragment=""1"">Full Sleeve T-Shirt</p>
<p data-mce-fragment=""1"">Contrast Trouser</p>
<p data-mce-fragment=""1"">Round Neck</p>
<p data-mce-fragment=""1"">Three-Tone Color Shirt</p>
<p data-mce-fragment=""1"">Printed Cartoon</p>
<p data-mce-fragment=""1"">Comfortable Wear</p>
<p data-mce-fragment=""1"">Easy Wash &amp; Press</p>
<p data-mce-fragment=""1"">Sizes 1- 6 years</p>
<p data-mce-fragment=""1""><span data-mce-fragment=""1"">Gender: Male/ Female ( BABY &amp; BABA BOTH)</span></p>
<p><!----></p>",BBG FASHION CLOTHING STORE,Apparel & Accessories > Clothing > Baby & Toddler Clothing > Baby & Toddler Dresses,Kids Half Sleeves Twinset,"bundle deal, Pack of 2",false,Daddy & Me Print T-Shirt & Shorts Set (Size),2 - 6 Months,,White Feather Short Set (Size),2 - 6 Months,,,,,'10713844,0.0,shopify,70,deny,manual,1798.00,,true,true,,,,,'10713844,https://cdn.shopify.com/s/files/1/0618/2368/0740/files/2_0d2bce46-11d9-4771-b83d-ac78941da64a.png?v=1724527992,1,Kids Summer Pack Of 2 B - front view - kids wear Pakistan,false,,,,,,,,,,,,,,,,,,,,,,,,,,,,,,,,,,,,,,,,,,,https://cdn.shopify.com/s/files/1/0618/2368/0740/files/2_0d2bce46-11d9-4771-b83d-ac78941da64a.png?v=1724527992,g,,,true,,,archived
kids-summer-pack-of-2-b,,,,,,,,,2 - 6 Months,,,6- 12 Months,,,,,'10713845,0.0,shopify,87,deny,manual,1798.00,,true,true,,,,,'10713845,https://cdn.shopify.com/s/files/1/0618/2368/0740/files/IMG-20240308-WA0220_08cfd7c9-6d4a-4b23-9d31-7e3d7a43c3f6.jpg?v=1724079056,2,Kids Summer Pack Of 2 F - back view - kids wear Pakistan,,,,,,,,,,,,,,,,,,,,,,,,,,,,,,,,,,,,,,,,,,,,https://cdn.shopify.com/s/files/1/0618/2368/0740/files/2_0d2bce46-11d9-4771-b83d-ac78941da64a.png?v=1724527992,g,,,,,,
kids-summer-pack-of-2-b,,,,,,,,,2 - 6 Months,,,13 - 24 Months,,,,,'10713846,0.0,shopify,48,deny,manual,1798.00,,true,true,,,,,'10713846,,,,,,,,,,,,,,,,,,,,,,,,,,,,,,,,,,,,,,,,,,,,,,,https://cdn.shopify.com/s/files/1/0618/2368/0740/files/2_0d2bce46-11d9-4771-b83d-ac78941da64a.png?v=1724527992,g,,,,,,
kids-summer-pack-of-2-b,,,,,,,,,2 - 6 Months,,,2 - 3 Years,,,,,'10713847,0.0,shopify,57,deny,manual,1798.00,,true,true,,,,,'10713847,,,,,,,,,,,,,,,,,,,,,,,,,,,,,,,,,,,,,,,,,,,,,,,https://cdn.shopify.com/s/files/1/0618/2368/0740/files/2_0d2bce46-11d9-4771-b83d-ac78941da64a.png?v=1724527992,g,,,,,,
kids-summer-pack-of-2-b,,,,,,,,,2 - 6 Months,,,3 - 4 Years,,,,,'10713848,0.0,shopify,42,deny,manual,1798.00,,true,true,,,,,'10713848,,,,,,,,,,,,,,,,,,,,,,,,,,,,,,,,,,,,,,,,,,,,,,,https://cdn.shopify.com/s/files/1/0618/2368/0740/files/2_0d2bce46-11d9-4771-b83d-ac78941da64a.png?v=1724527992,g,,,,,,
kids-summer-pack-of-2-b,,,,,,,,,2 - 6 Months,,,4 - 5 Years,,,,,'10713849,0.0,shopify,59,deny,manual,1798.00,,true,true,,,,,'10713849,,,,,,,,,,,,,,,,,,,,,,,,,,,,,,,,,,,,,,,,,,,,,,,https://cdn.shopify.com/s/files/1/0618/2368/0740/files/2_0d2bce46-11d9-4771-b83d-ac78941da64a.png?v=1724527992,g,,,,,,
kids-summer-pack-of-2-b,,,,,,,,,2 - 6 Months,,,6 Years,,,,,'10713850,0.0,shopify,57,deny,manual,1798.00,,true,true,,,,,'10713850,,,,,,,,,,,,,,,,,,,,,,,,,,,,,,,,,,,,,,,,,,,,,,,https://cdn.shopify.com/s/files/1/0618/2368/0740/files/2_0d2bce46-11d9-4771-b83d-ac78941da64a.png?v=1724527992,g,,,,,,
kids-summer-pack-of-2-b,,,,,,,,,6- 12 Months,,,2 - 6 Months,,,,,'10713851,0.0,shopify,0,deny,manual,1798.00,,true,true,,,,,'10713851,,,,,,,,,,,,,,,,,,,,,,,,,,,,,,,,,,,,,,,,,,,,,,,https://cdn.shopify.com/s/files/1/0618/2368/0740/files/2_0d2bce46-11d9-4771-b83d-ac78941da64a.png?v=1724527992,g,,,,,,
kids-summer-pack-of-2-b,,,,,,,,,6- 12 Months,,,6- 12 Months,,,,,'10713852,0.0,shopify,0,deny,manual,1798.00,,true,true,,,,,'10713852,,,,,,,,,,,,,,,,,,,,,,,,,,,,,,,,,,,,,,,,,,,,,,,https://cdn.shopify.com/s/files/1/0618/2368/0740/files/2_0d2bce46-11d9-4771-b83d-ac78941da64a.png?v=1724527992,g,,,,,,
kids-summer-pack-of-2-b,,,,,,,,,6- 12 Months,,,13 - 24 Months,,,,,'10713853,0.0,shopify,0,deny,manual,1798.00,,true,true,,,,,'10713853,,,,,,,,,,,,,,,,,,,,,,,,,,,,,,,,,,,,,,,,,,,,,,,https://cdn.shopify.com/s/files/1/0618/2368/0740/files/2_0d2bce46-11d9-4771-b83d-ac78941da64a.png?v=1724527992,g,,,,,,
kids-summer-pack-of-2-b,,,,,,,,,6- 12 Months,,,2 - 3 Years,,,,,'10713854,0.0,shopify,0,deny,manual,1798.00,,true,true,,,,,'10713854,,,,,,,,,,,,,,,,,,,,,,,,,,,,,,,,,,,,,,,,,,,,,,,https://cdn.shopify.com/s/files/1/0618/2368/0740/files/2_0d2bce46-11d9-4771-b83d-ac78941da64a.png?v=1724527992,g,,,,,,
kids-summer-pack-of-2-b,,,,,,,,,6- 12 Months,,,3 - 4 Years,,,,,'10713855,0.0,shopify,0,deny,manual,1798.00,,true,true,,,,,'10713855,,,,,,,,,,,,,,,,,,,,,,,,,,,,,,,,,,,,,,,,,,,,,,,https://cdn.shopify.com/s/files/1/0618/2368/0740/files/2_0d2bce46-11d9-4771-b83d-ac78941da64a.png?v=1724527992,g,,,,,,
kids-summer-pack-of-2-b,,,,,,,,,6- 12 Months,,,4 - 5 Years,,,,,'10713856,0.0,shopify,0,deny,manual,1798.00,,true,true,,,,,'10713856,,,,,,,,,,,,,,,,,,,,,,,,,,,,,,,,,,,,,,,,,,,,,,,https://cdn.shopify.com/s/files/1/0618/2368/0740/files/2_0d2bce46-11d9-4771-b83d-ac78941da64a.png?v=1724527992,g,,,,,,
kids-summer-pack-of-2-b,,,,,,,,,6- 12 Months,,,6 Years,,,,,'10713857,0.0,shopify,0,deny,manual,1798.00,,true,true,,,,,'10713857,,,,,,,,,,,,,,,,,,,,,,,,,,,,,,,,,,,,,,,,,,,,,,,https://cdn.shopify.com/s/files/1/0618/2368/0740/files/2_0d2bce46-11d9-4771-b83d-ac78941da64a.png?v=1724527992,g,,,,,,
kids-summer-pack-of-2-b,,,,,,,,,13 - 24 Months,,,2 - 6 Months,,,,,'10713858,0.0,shopify,70,deny,manual,1798.00,,true,true,,,,,'10713858,,,,,,,,,,,,,,,,,,,,,,,,,,,,,,,,,,,,,,,,,,,,,,,https://cdn.shopify.com/s/files/1/0618/2368/0740/files/2_0d2bce46-11d9-4771-b83d-ac78941da64a.png?v=1724527992,g,,,,,,
kids-summer-pack-of-2-b,,,,,,,,,13 - 24 Months,,,6- 12 Months,,,,,'10713859,0.0,shopify,80,deny,manual,1798.00,,true,true,,,,,'10713859,,,,,,,,,,,,,,,,,,,,,,,,,,,,,,,,,,,,,,,,,,,,,,,https://cdn.shopify.com/s/files/1/0618/2368/0740/files/2_0d2bce46-11d9-4771-b83d-ac78941da64a.png?v=1724527992,g,,,,,,
kids-summer-pack-of-2-b,,,,,,,,,13 - 24 Months,,,13 - 24 Months,,,,,'10713860,0.0,shopify,48,deny,manual,1798.00,,true,true,,,,,'10713860,,,,,,,,,,,,,,,,,,,,,,,,,,,,,,,,,,,,,,,,,,,,,,,https://cdn.shopify.com/s/files/1/0618/2368/0740/files/2_0d2bce46-11d9-4771-b83d-ac78941da64a.png?v=1724527992,g,,,,,,
kids-summer-pack-of-2-b,,,,,,,,,13 - 24 Months,,,2 - 3 Years,,,,,'10713861,0.0,shopify,57,deny,manual,1798.00,,true,true,,,,,'10713861,,,,,,,,,,,,,,,,,,,,,,,,,,,,,,,,,,,,,,,,,,,,,,,https://cdn.shopify.com/s/files/1/0618/2368/0740/files/2_0d2bce46-11d9-4771-b83d-ac78941da64a.png?v=1724527992,g,,,,,,
kids-summer-pack-of-2-b,,,,,,,,,13 - 24 Months,,,3 - 4 Years,,,,,'10713862,0.0,shopify,42,deny,manual,1798.00,,true,true,,,,,'10713862,,,,,,,,,,,,,,,,,,,,,,,,,,,,,,,,,,,,,,,,,,,,,,,https://cdn.shopify.com/s/files/1/0618/2368/0740/files/2_0d2bce46-11d9-4771-b83d-ac78941da64a.png?v=1724527992,g,,,,,,
kids-summer-pack-of-2-b,,,,,,,,,13 - 24 Months,,,4 - 5 Years,,,,,'10713863,0.0,shopify,59,deny,manual,1798.00,,true,true,,,,,'10713863,,,,,,,,,,,,,,,,,,,,,,,,,,,,,,,,,,,,,,,,,,,,,,,https://cdn.shopify.com/s/files/1/0618/2368/0740/files/2_0d2bce46-11d9-4771-b83d-ac78941da64a.png?v=1724527992,g,,,,,,
kids-summer-pack-of-2-b,,,,,,,,,13 - 24 Months,,,6 Years,,,,,'10713864,0.0,shopify,57,deny,manual,1798.00,,true,true,,,,,'10713864,,,,,,,,,,,,,,,,,,,,,,,,,,,,,,,,,,,,,,,,,,,,,,,https://cdn.shopify.com/s/files/1/0618/2368/0740/files/2_0d2bce46-11d9-4771-b83d-ac78941da64a.png?v=1724527992,g,,,,,,
kids-summer-pack-of-2-b,,,,,,,,,2 - 3 Years,,,2 - 6 Months,,,,,'10713865,0.0,shopify,70,deny,manual,1798.00,,true,true,,,,,'10713865,,,,,,,,,,,,,,,,,,,,,,,,,,,,,,,,,,,,,,,,,,,,,,,https://cdn.shopify.com/s/files/1/0618/2368/0740/files/2_0d2bce46-11d9-4771-b83d-ac78941da64a.png?v=1724527992,g,,,,,,
kids-summer-pack-of-2-b,,,,,,,,,2 - 3 Years,,,6- 12 Months,,,,,'10713866,0.0,shopify,86,deny,manual,1798.00,,true,true,,,,,'10713866,,,,,,,,,,,,,,,,,,,,,,,,,,,,,,,,,,,,,,,,,,,,,,,https://cdn.shopify.com/s/files/1/0618/2368/0740/files/2_0d2bce46-11d9-4771-b83d-ac78941da64a.png?v=1724527992,g,,,,,,
kids-summer-pack-of-2-b,,,,,,,,,2 - 3 Years,,,13 - 24 Months,,,,,'10713867,0.0,shopify,48,deny,manual,1798.00,,true,true,,,,,'10713867,,,,,,,,,,,,,,,,,,,,,,,,,,,,,,,,,,,,,,,,,,,,,,,https://cdn.shopify.com/s/files/1/0618/2368/0740/files/2_0d2bce46-11d9-4771-b83d-ac78941da64a.png?v=1724527992,g,,,,,,
kids-summer-pack-of-2-b,,,,,,,,,2 - 3 Years,,,2 - 3 Years,,,,,'10713868,0.0,shopify,57,deny,manual,1798.00,,true,true,,,,,'10713868,,,,,,,,,,,,,,,,,,,,,,,,,,,,,,,,,,,,,,,,,,,,,,,https://cdn.shopify.com/s/files/1/0618/2368/0740/files/2_0d2bce46-11d9-4771-b83d-ac78941da64a.png?v=1724527992,g,,,,,,
kids-summer-pack-of-2-b,,,,,,,,,2 - 3 Years,,,3 - 4 Years,,,,,'10713869,0.0,shopify,42,deny,manual,1798.00,,true,true,,,,,'10713869,,,,,,,,,,,,,,,,,,,,,,,,,,,,,,,,,,,,,,,,,,,,,,,https://cdn.shopify.com/s/files/1/0618/2368/0740/files/2_0d2bce46-11d9-4771-b83d-ac78941da64a.png?v=1724527992,g,,,,,,
kids-summer-pack-of-2-b,,,,,,,,,2 - 3 Years,,,4 - 5 Years,,,,,'10713870,0.0,shopify,59,deny,manual,1798.00,,true,true,,,,,'10713870,,,,,,,,,,,,,,,,,,,,,,,,,,,,,,,,,,,,,,,,,,,,,,,https://cdn.shopify.com/s/files/1/0618/2368/0740/files/2_0d2bce46-11d9-4771-b83d-ac78941da64a.png?v=1724527992,g,,,,,,
kids-summer-pack-of-2-b,,,,,,,,,2 - 3 Years,,,6 Years,,,,,'10713871,0.0,shopify,57,deny,manual,1798.00,,true,true,,,,,'10713871,,,,,,,,,,,,,,,,,,,,,,,,,,,,,,,,,,,,,,,,,,,,,,,https://cdn.shopify.com/s/files/1/0618/2368/0740/files/2_0d2bce46-11d9-4771-b83d-ac78941da64a.png?v=1724527992,g,,,,,,
kids-summer-pack-of-2-b,,,,,,,,,3 - 4 Years,,,2 - 6 Months,,,,,'10713872,0.0,shopify,70,deny,manual,1798.00,,true,true,,,,,'10713872,,,,,,,,,,,,,,,,,,,,,,,,,,,,,,,,,,,,,,,,,,,,,,,https://cdn.shopify.com/s/files/1/0618/2368/0740/files/2_0d2bce46-11d9-4771-b83d-ac78941da64a.png?v=1724527992,g,,,,,,
kids-summer-pack-of-2-b,,,,,,,,,3 - 4 Years,,,6- 12 Months,,,,,'10713873,0.0,shopify,80,deny,manual,1798.00,,true,true,,,,,'10713873,,,,,,,,,,,,,,,,,,,,,,,,,,,,,,,,,,,,,,,,,,,,,,,https://cdn.shopify.com/s/files/1/0618/2368/0740/files/2_0d2bce46-11d9-4771-b83d-ac78941da64a.png?v=1724527992,g,,,,,,
kids-summer-pack-of-2-b,,,,,,,,,3 - 4 Years,,,13 - 24 Months,,,,,'10713874,0.0,shopify,48,deny,manual,1798.00,,true,true,,,,,'10713874,,,,,,,,,,,,,,,,,,,,,,,,,,,,,,,,,,,,,,,,,,,,,,,https://cdn.shopify.com/s/files/1/0618/2368/0740/files/2_0d2bce46-11d9-4771-b83d-ac78941da64a.png?v=1724527992,g,,,,,,
kids-summer-pack-of-2-b,,,,,,,,,3 - 4 Years,,,2 - 3 Years,,,,,'10713875,0.0,shopify,57,deny,manual,1798.00,,true,true,,,,,'10713875,,,,,,,,,,,,,,,,,,,,,,,,,,,,,,,,,,,,,,,,,,,,,,,https://cdn.shopify.com/s/files/1/0618/2368/0740/files/2_0d2bce46-11d9-4771-b83d-ac78941da64a.png?v=1724527992,g,,,,,,
kids-summer-pack-of-2-b,,,,,,,,,3 - 4 Years,,,3 - 4 Years,,,,,'10713876,0.0,shopify,42,deny,manual,1798.00,,true,true,,,,,'10713876,,,,,,,,,,,,,,,,,,,,,,,,,,,,,,,,,,,,,,,,,,,,,,,https://cdn.shopify.com/s/files/1/0618/2368/0740/files/2_0d2bce46-11d9-4771-b83d-ac78941da64a.png?v=1724527992,g,,,,,,
kids-summer-pack-of-2-b,,,,,,,,,3 - 4 Years,,,4 - 5 Years,,,,,'10713877,0.0,shopify,59,deny,manual,1798.00,,true,true,,,,,'10713877,,,,,,,,,,,,,,,,,,,,,,,,,,,,,,,,,,,,,,,,,,,,,,,https://cdn.shopify.com/s/files/1/0618/2368/0740/files/2_0d2bce46-11d9-4771-b83d-ac78941da64a.png?v=1724527992,g,,,,,,
kids-summer-pack-of-2-b,,,,,,,,,3 - 4 Years,,,6 Years,,,,,'10713878,0.0,shopify,57,deny,manual,1798.00,,true,true,,,,,'10713878,,,,,,,,,,,,,,,,,,,,,,,,,,,,,,,,,,,,,,,,,,,,,,,https://cdn.shopify.com/s/files/1/0618/2368/0740/files/2_0d2bce46-11d9-4771-b83d-ac78941da64a.png?v=1724527992,g,,,,,,
kids-summer-pack-of-2-b,,,,,,,,,4 - 5 Years,,,2 - 6 Months,,,,,'10713879,0.0,shopify,0,deny,manual,1798.00,,true,true,,,,,'10713879,,,,,,,,,,,,,,,,,,,,,,,,,,,,,,,,,,,,,,,,,,,,,,,https://cdn.shopify.com/s/files/1/0618/2368/0740/files/2_0d2bce46-11d9-4771-b83d-ac78941da64a.png?v=1724527992,g,,,,,,
kids-summer-pack-of-2-b,,,,,,,,,4 - 5 Years,,,6- 12 Months,,,,,'10713880,0.0,shopify,0,deny,manual,1798.00,,true,true,,,,,'10713880,,,,,,,,,,,,,,,,,,,,,,,,,,,,,,,,,,,,,,,,,,,,,,,https://cdn.shopify.com/s/files/1/0618/2368/0740/files/2_0d2bce46-11d9-4771-b83d-ac78941da64a.png?v=1724527992,g,,,,,,
kids-summer-pack-of-2-b,,,,,,,,,4 - 5 Years,,,13 - 24 Months,,,,,'10713881,0.0,shopify,0,deny,manual,1798.00,,true,true,,,,,'10713881,,,,,,,,,,,,,,,,,,,,,,,,,,,,,,,,,,,,,,,,,,,,,,,https://cdn.shopify.com/s/files/1/0618/2368/0740/files/2_0d2bce46-11d9-4771-b83d-ac78941da64a.png?v=1724527992,g,,,,,,
kids-summer-pack-of-2-b,,,,,,,,,4 - 5 Years,,,2 - 3 Years,,,,,'10713882,0.0,shopify,0,deny,manual,1798.00,,true,true,,,,,'10713882,,,,,,,,,,,,,,,,,,,,,,,,,,,,,,,,,,,,,,,,,,,,,,,https://cdn.shopify.com/s/files/1/0618/2368/0740/files/2_0d2bce46-11d9-4771-b83d-ac78941da64a.png?v=1724527992,g,,,,,,
kids-summer-pack-of-2-b,,,,,,,,,4 - 5 Years,,,3 - 4 Years,,,,,'10713883,0.0,shopify,0,deny,manual,1798.00,,true,true,,,,,'10713883,,,,,,,,,,,,,,,,,,,,,,,,,,,,,,,,,,,,,,,,,,,,,,,https://cdn.shopify.com/s/files/1/0618/2368/0740/files/2_0d2bce46-11d9-4771-b83d-ac78941da64a.png?v=1724527992,g,,,,,,
kids-summer-pack-of-2-b,,,,,,,,,4 - 5 Years,,,4 - 5 Years,,,,,'10713884,0.0,shopify,0,deny,manual,1798.00,,true,true,,,,,'10713884,,,,,,,,,,,,,,,,,,,,,,,,,,,,,,,,,,,,,,,,,,,,,,,https://cdn.shopify.com/s/files/1/0618/2368/0740/files/2_0d2bce46-11d9-4771-b83d-ac78941da64a.png?v=1724527992,g,,,,,,
kids-summer-pack-of-2-b,,,,,,,,,4 - 5 Years,,,6 Years,,,,,'10713885,0.0,shopify,0,deny,manual,1798.00,,true,true,,,,,'10713885,,,,,,,,,,,,,,,,,,,,,,,,,,,,,,,,,,,,,,,,,,,,,,,https://cdn.shopify.com/s/files/1/0618/2368/0740/files/2_0d2bce46-11d9-4771-b83d-ac78941da64a.png?v=1724527992,g,,,,,,
kids-summer-pack-of-2-b,,,,,,,,,6 Years,,,2 - 6 Months,,,,,'10713886,0.0,shopify,70,deny,manual,1798.00,,true,true,,,,,'10713886,,,,,,,,,,,,,,,,,,,,,,,,,,,,,,,,,,,,,,,,,,,,,,,https://cdn.shopify.com/s/files/1/0618/2368/0740/files/2_0d2bce46-11d9-4771-b83d-ac78941da64a.png?v=1724527992,g,,,,,,
kids-summer-pack-of-2-b,,,,,,,,,6 Years,,,6- 12 Months,,,,,'10713887,0.0,shopify,91,deny,manual,1798.00,,true,true,,,,,'10713887,,,,,,,,,,,,,,,,,,,,,,,,,,,,,,,,,,,,,,,,,,,,,,,https://cdn.shopify.com/s/files/1/0618/2368/0740/files/2_0d2bce46-11d9-4771-b83d-ac78941da64a.png?v=1724527992,g,,,,,,
kids-summer-pack-of-2-b,,,,,,,,,6 Years,,,13 - 24 Months,,,,,'10713888,0.0,shopify,48,deny,manual,1798.00,,true,true,,,,,'10713888,,,,,,,,,,,,,,,,,,,,,,,,,,,,,,,,,,,,,,,,,,,,,,,https://cdn.shopify.com/s/files/1/0618/2368/0740/files/2_0d2bce46-11d9-4771-b83d-ac78941da64a.png?v=1724527992,g,,,,,,
kids-summer-pack-of-2-b,,,,,,,,,6 Years,,,2 - 3 Years,,,,,'10713889,0.0,shopify,57,deny,manual,1798.00,,true,true,,,,,'10713889,,,,,,,,,,,,,,,,,,,,,,,,,,,,,,,,,,,,,,,,,,,,,,,https://cdn.shopify.com/s/files/1/0618/2368/0740/files/2_0d2bce46-11d9-4771-b83d-ac78941da64a.png?v=1724527992,g,,,,,,
kids-summer-pack-of-2-b,,,,,,,,,6 Years,,,3 - 4 Years,,,,,'10713890,0.0,shopify,42,deny,manual,1798.00,,true,true,,,,,'10713890,,,,,,,,,,,,,,,,,,,,,,,,,,,,,,,,,,,,,,,,,,,,,,,https://cdn.shopify.com/s/files/1/0618/2368/0740/files/2_0d2bce46-11d9-4771-b83d-ac78941da64a.png?v=1724527992,g,,,,,,
kids-summer-pack-of-2-b,,,,,,,,,6 Years,,,4 - 5 Years,,,,,'10713891,0.0,shopify,59,deny,manual,1798.00,,true,true,,,,,'10713891,,,,,,,,,,,,,,,,,,,,,,,,,,,,,,,,,,,,,,,,,,,,,,,https://cdn.shopify.com/s/files/1/0618/2368/0740/files/2_0d2bce46-11d9-4771-b83d-ac78941da64a.png?v=1724527992,g,,,,,,
kids-summer-pack-of-2-b,,,,,,,,,6 Years,,,6 Years,,,,,'10706889,0.0,shopify,57,deny,manual,1798.00,,true,true,,,,,'10706889,,,,,,,,,,,,,,,,,,,,,,,,,,,,,,,,,,,,,,,,,,,,,,,https://cdn.shopify.com/s/files/1/0618/2368/0740/files/2_0d2bce46-11d9-4771-b83d-ac78941da64a.png?v=1724527992,g,,,,,,
kids-summer-pack-of-2-a,Kids Summer Pack of 2-A,"<p><strong>Pack of 2</strong></p>
<p>Kids Summer Shorts Set </p>
<p data-mce-fragment=""1"">Pair of Shirt &amp; Trouser</p>
<p data-mce-fragment=""1"">Fabric: Soft High-Quality Jersey</p>
<p data-mce-fragment=""1"">Full Sleeve T-Shirt</p>
<p data-mce-fragment=""1"">Contrast Trouser</p>
<p data-mce-fragment=""1"">Round Neck</p>
<p data-mce-fragment=""1"">Three-Tone Color Shirt</p>
<p data-mce-fragment=""1"">Printed Cartoon</p>
<p data-mce-fragment=""1"">Comfortable Wear</p>
<p data-mce-fragment=""1"">Easy Wash &amp; Press</p>
<p data-mce-fragment=""1"">Sizes 1- 6 years</p>
<p data-mce-fragment=""1""><span data-mce-fragment=""1"">Gender: Male/ Female ( BABY &amp; BABA BOTH)</span></p>
<!---->",BBG FASHION CLOTHING STORE,Apparel & Accessories > Clothing > Baby & Toddler Clothing > Baby & Toddler Dresses,Kids Half Sleeves Twinset,"bundle deal, Pack of 2",false,Make Today Great Short Set (Size),2 - 6 Months,,Dinosaur Pattern T-shirt & Shorts Set (Size),2 - 6 Months,,,,,'10713796,0.0,shopify,97,deny,manual,1798.00,,true,true,,,,,'10713796,https://cdn.shopify.com/s/files/1/0618/2368/0740/files/Pack_of_2_2.png?v=1724079626,1,Kids Summer Pack Of 2 A - front view - kids wear Pakistan,false,,,,,,,,,,,,,,,,,,,,,,,,,,,,,,,,,,,,,,,,,,,https://cdn.shopify.com/s/files/1/0618/2368/0740/files/Pack_of_2_2.png?v=1724079626,g,,,true,,,archived
kids-summer-pack-of-2-a,,,,,,,,,2 - 6 Months,,,6- 12 Months,,,,,'10713797,0.0,shopify,97,deny,manual,1798.00,,true,true,,,,,'10713797,https://cdn.shopify.com/s/files/1/0618/2368/0740/files/IMG-20240308-WA0220_08cfd7c9-6d4a-4b23-9d31-7e3d7a43c3f6.jpg?v=1724079056,2,Kids Summer Pack Of 2 F - back view - kids wear Pakistan,,,,,,,,,,,,,,,,,,,,,,,,,,,,,,,,,,,,,,,,,,,,https://cdn.shopify.com/s/files/1/0618/2368/0740/files/Pack_of_2_2.png?v=1724079626,g,,,,,,
kids-summer-pack-of-2-a,,,,,,,,,2 - 6 Months,,,13 - 24 Months,,,,,'10713798,0.0,shopify,97,deny,manual,1798.00,,true,true,,,,,'10713798,,,,,,,,,,,,,,,,,,,,,,,,,,,,,,,,,,,,,,,,,,,,,,,https://cdn.shopify.com/s/files/1/0618/2368/0740/files/Pack_of_2_2.png?v=1724079626,g,,,,,,
kids-summer-pack-of-2-a,,,,,,,,,2 - 6 Months,,,2 - 3 Years,,,,,'10713799,0.0,shopify,97,deny,manual,1798.00,,true,true,,,,,'10713799,,,,,,,,,,,,,,,,,,,,,,,,,,,,,,,,,,,,,,,,,,,,,,,https://cdn.shopify.com/s/files/1/0618/2368/0740/files/Pack_of_2_2.png?v=1724079626,g,,,,,,
kids-summer-pack-of-2-a,,,,,,,,,2 - 6 Months,,,3 - 4 Years,,,,,'10713800,0.0,shopify,97,deny,manual,1798.00,,true,true,,,,,'10713800,,,,,,,,,,,,,,,,,,,,,,,,,,,,,,,,,,,,,,,,,,,,,,,https://cdn.shopify.com/s/files/1/0618/2368/0740/files/Pack_of_2_2.png?v=1724079626,g,,,,,,
kids-summer-pack-of-2-a,,,,,,,,,2 - 6 Months,,,4 - 5 Years,,,,,'10713801,0.0,shopify,97,deny,manual,1798.00,,true,true,,,,,'10713801,,,,,,,,,,,,,,,,,,,,,,,,,,,,,,,,,,,,,,,,,,,,,,,https://cdn.shopify.com/s/files/1/0618/2368/0740/files/Pack_of_2_2.png?v=1724079626,g,,,,,,
kids-summer-pack-of-2-a,,,,,,,,,2 - 6 Months,,,6 Years,,,,,'10713802,0.0,shopify,97,deny,manual,1798.00,,true,true,,,,,'10713802,,,,,,,,,,,,,,,,,,,,,,,,,,,,,,,,,,,,,,,,,,,,,,,https://cdn.shopify.com/s/files/1/0618/2368/0740/files/Pack_of_2_2.png?v=1724079626,g,,,,,,
kids-summer-pack-of-2-a,,,,,,,,,6- 12 Months,,,2 - 6 Months,,,,,'10713803,0.0,shopify,95,deny,manual,1798.00,,true,true,,,,,'10713803,,,,,,,,,,,,,,,,,,,,,,,,,,,,,,,,,,,,,,,,,,,,,,,https://cdn.shopify.com/s/files/1/0618/2368/0740/files/Pack_of_2_2.png?v=1724079626,g,,,,,,
kids-summer-pack-of-2-a,,,,,,,,,6- 12 Months,,,6- 12 Months,,,,,'10713804,0.0,shopify,95,deny,manual,1798.00,,true,true,,,,,'10713804,,,,,,,,,,,,,,,,,,,,,,,,,,,,,,,,,,,,,,,,,,,,,,,https://cdn.shopify.com/s/files/1/0618/2368/0740/files/Pack_of_2_2.png?v=1724079626,g,,,,,,
kids-summer-pack-of-2-a,,,,,,,,,6- 12 Months,,,13 - 24 Months,,,,,'10713805,0.0,shopify,95,deny,manual,1798.00,,true,true,,,,,'10713805,,,,,,,,,,,,,,,,,,,,,,,,,,,,,,,,,,,,,,,,,,,,,,,https://cdn.shopify.com/s/files/1/0618/2368/0740/files/Pack_of_2_2.png?v=1724079626,g,,,,,,
kids-summer-pack-of-2-a,,,,,,,,,6- 12 Months,,,2 - 3 Years,,,,,'10713806,0.0,shopify,95,deny,manual,1798.00,,true,true,,,,,'10713806,,,,,,,,,,,,,,,,,,,,,,,,,,,,,,,,,,,,,,,,,,,,,,,https://cdn.shopify.com/s/files/1/0618/2368/0740/files/Pack_of_2_2.png?v=1724079626,g,,,,,,
kids-summer-pack-of-2-a,,,,,,,,,6- 12 Months,,,3 - 4 Years,,,,,'10713807,0.0,shopify,95,deny,manual,1798.00,,true,true,,,,,'10713807,,,,,,,,,,,,,,,,,,,,,,,,,,,,,,,,,,,,,,,,,,,,,,,https://cdn.shopify.com/s/files/1/0618/2368/0740/files/Pack_of_2_2.png?v=1724079626,g,,,,,,
kids-summer-pack-of-2-a,,,,,,,,,6- 12 Months,,,4 - 5 Years,,,,,'10713808,0.0,shopify,95,deny,manual,1798.00,,true,true,,,,,'10713808,,,,,,,,,,,,,,,,,,,,,,,,,,,,,,,,,,,,,,,,,,,,,,,https://cdn.shopify.com/s/files/1/0618/2368/0740/files/Pack_of_2_2.png?v=1724079626,g,,,,,,
kids-summer-pack-of-2-a,,,,,,,,,6- 12 Months,,,6 Years,,,,,'10713809,0.0,shopify,95,deny,manual,1798.00,,true,true,,,,,'10713809,,,,,,,,,,,,,,,,,,,,,,,,,,,,,,,,,,,,,,,,,,,,,,,https://cdn.shopify.com/s/files/1/0618/2368/0740/files/Pack_of_2_2.png?v=1724079626,g,,,,,,
kids-summer-pack-of-2-a,,,,,,,,,13 - 24 Months,,,2 - 6 Months,,,,,'10713810,0.0,shopify,88,deny,manual,1798.00,,true,true,,,,,'10713810,,,,,,,,,,,,,,,,,,,,,,,,,,,,,,,,,,,,,,,,,,,,,,,https://cdn.shopify.com/s/files/1/0618/2368/0740/files/Pack_of_2_2.png?v=1724079626,g,,,,,,
kids-summer-pack-of-2-a,,,,,,,,,13 - 24 Months,,,6- 12 Months,,,,,'10713811,0.0,shopify,88,deny,manual,1798.00,,true,true,,,,,'10713811,,,,,,,,,,,,,,,,,,,,,,,,,,,,,,,,,,,,,,,,,,,,,,,https://cdn.shopify.com/s/files/1/0618/2368/0740/files/Pack_of_2_2.png?v=1724079626,g,,,,,,
kids-summer-pack-of-2-a,,,,,,,,,13 - 24 Months,,,13 - 24 Months,,,,,'10713812,0.0,shopify,88,deny,manual,1798.00,,true,true,,,,,'10713812,,,,,,,,,,,,,,,,,,,,,,,,,,,,,,,,,,,,,,,,,,,,,,,https://cdn.shopify.com/s/files/1/0618/2368/0740/files/Pack_of_2_2.png?v=1724079626,g,,,,,,
kids-summer-pack-of-2-a,,,,,,,,,13 - 24 Months,,,2 - 3 Years,,,,,'10713813,0.0,shopify,88,deny,manual,1798.00,,true,true,,,,,'10713813,,,,,,,,,,,,,,,,,,,,,,,,,,,,,,,,,,,,,,,,,,,,,,,https://cdn.shopify.com/s/files/1/0618/2368/0740/files/Pack_of_2_2.png?v=1724079626,g,,,,,,
kids-summer-pack-of-2-a,,,,,,,,,13 - 24 Months,,,3 - 4 Years,,,,,'10713814,0.0,shopify,88,deny,manual,1798.00,,true,true,,,,,'10713814,,,,,,,,,,,,,,,,,,,,,,,,,,,,,,,,,,,,,,,,,,,,,,,https://cdn.shopify.com/s/files/1/0618/2368/0740/files/Pack_of_2_2.png?v=1724079626,g,,,,,,
kids-summer-pack-of-2-a,,,,,,,,,13 - 24 Months,,,4 - 5 Years,,,,,'10713815,0.0,shopify,88,deny,manual,1798.00,,true,true,,,,,'10713815,,,,,,,,,,,,,,,,,,,,,,,,,,,,,,,,,,,,,,,,,,,,,,,https://cdn.shopify.com/s/files/1/0618/2368/0740/files/Pack_of_2_2.png?v=1724079626,g,,,,,,
kids-summer-pack-of-2-a,,,,,,,,,13 - 24 Months,,,6 Years,,,,,'10713816,0.0,shopify,88,deny,manual,1798.00,,true,true,,,,,'10713816,,,,,,,,,,,,,,,,,,,,,,,,,,,,,,,,,,,,,,,,,,,,,,,https://cdn.shopify.com/s/files/1/0618/2368/0740/files/Pack_of_2_2.png?v=1724079626,g,,,,,,
kids-summer-pack-of-2-a,,,,,,,,,2 - 3 Years,,,2 - 6 Months,,,,,'10713817,0.0,shopify,90,deny,manual,1798.00,,true,true,,,,,'10713817,,,,,,,,,,,,,,,,,,,,,,,,,,,,,,,,,,,,,,,,,,,,,,,https://cdn.shopify.com/s/files/1/0618/2368/0740/files/Pack_of_2_2.png?v=1724079626,g,,,,,,
kids-summer-pack-of-2-a,,,,,,,,,2 - 3 Years,,,6- 12 Months,,,,,'10713818,0.0,shopify,90,deny,manual,1798.00,,true,true,,,,,'10713818,,,,,,,,,,,,,,,,,,,,,,,,,,,,,,,,,,,,,,,,,,,,,,,https://cdn.shopify.com/s/files/1/0618/2368/0740/files/Pack_of_2_2.png?v=1724079626,g,,,,,,
kids-summer-pack-of-2-a,,,,,,,,,2 - 3 Years,,,13 - 24 Months,,,,,'10713819,0.0,shopify,90,deny,manual,1798.00,,true,true,,,,,'10713819,,,,,,,,,,,,,,,,,,,,,,,,,,,,,,,,,,,,,,,,,,,,,,,https://cdn.shopify.com/s/files/1/0618/2368/0740/files/Pack_of_2_2.png?v=1724079626,g,,,,,,
kids-summer-pack-of-2-a,,,,,,,,,2 - 3 Years,,,2 - 3 Years,,,,,'10713820,0.0,shopify,90,deny,manual,1798.00,,true,true,,,,,'10713820,,,,,,,,,,,,,,,,,,,,,,,,,,,,,,,,,,,,,,,,,,,,,,,https://cdn.shopify.com/s/files/1/0618/2368/0740/files/Pack_of_2_2.png?v=1724079626,g,,,,,,
kids-summer-pack-of-2-a,,,,,,,,,2 - 3 Years,,,3 - 4 Years,,,,,'10713821,0.0,shopify,90,deny,manual,1798.00,,true,true,,,,,'10713821,,,,,,,,,,,,,,,,,,,,,,,,,,,,,,,,,,,,,,,,,,,,,,,https://cdn.shopify.com/s/files/1/0618/2368/0740/files/Pack_of_2_2.png?v=1724079626,g,,,,,,
kids-summer-pack-of-2-a,,,,,,,,,2 - 3 Years,,,4 - 5 Years,,,,,'10713822,0.0,shopify,90,deny,manual,1798.00,,true,true,,,,,'10713822,,,,,,,,,,,,,,,,,,,,,,,,,,,,,,,,,,,,,,,,,,,,,,,https://cdn.shopify.com/s/files/1/0618/2368/0740/files/Pack_of_2_2.png?v=1724079626,g,,,,,,
kids-summer-pack-of-2-a,,,,,,,,,2 - 3 Years,,,6 Years,,,,,'10713823,0.0,shopify,90,deny,manual,1798.00,,true,true,,,,,'10713823,,,,,,,,,,,,,,,,,,,,,,,,,,,,,,,,,,,,,,,,,,,,,,,https://cdn.shopify.com/s/files/1/0618/2368/0740/files/Pack_of_2_2.png?v=1724079626,g,,,,,,
kids-summer-pack-of-2-a,,,,,,,,,3 - 4 Years,,,2 - 6 Months,,,,,'10713824,0.0,shopify,88,deny,manual,1798.00,,true,true,,,,,'10713824,,,,,,,,,,,,,,,,,,,,,,,,,,,,,,,,,,,,,,,,,,,,,,,https://cdn.shopify.com/s/files/1/0618/2368/0740/files/Pack_of_2_2.png?v=1724079626,g,,,,,,
kids-summer-pack-of-2-a,,,,,,,,,3 - 4 Years,,,6- 12 Months,,,,,'10713825,0.0,shopify,88,deny,manual,1798.00,,true,true,,,,,'10713825,,,,,,,,,,,,,,,,,,,,,,,,,,,,,,,,,,,,,,,,,,,,,,,https://cdn.shopify.com/s/files/1/0618/2368/0740/files/Pack_of_2_2.png?v=1724079626,g,,,,,,
kids-summer-pack-of-2-a,,,,,,,,,3 - 4 Years,,,13 - 24 Months,,,,,'10713826,0.0,shopify,88,deny,manual,1798.00,,true,true,,,,,'10713826,,,,,,,,,,,,,,,,,,,,,,,,,,,,,,,,,,,,,,,,,,,,,,,https://cdn.shopify.com/s/files/1/0618/2368/0740/files/Pack_of_2_2.png?v=1724079626,g,,,,,,
kids-summer-pack-of-2-a,,,,,,,,,3 - 4 Years,,,2 - 3 Years,,,,,'10713827,0.0,shopify,88,deny,manual,1798.00,,true,true,,,,,'10713827,,,,,,,,,,,,,,,,,,,,,,,,,,,,,,,,,,,,,,,,,,,,,,,https://cdn.shopify.com/s/files/1/0618/2368/0740/files/Pack_of_2_2.png?v=1724079626,g,,,,,,
kids-summer-pack-of-2-a,,,,,,,,,3 - 4 Years,,,3 - 4 Years,,,,,'10713828,0.0,shopify,88,deny,manual,1798.00,,true,true,,,,,'10713828,,,,,,,,,,,,,,,,,,,,,,,,,,,,,,,,,,,,,,,,,,,,,,,https://cdn.shopify.com/s/files/1/0618/2368/0740/files/Pack_of_2_2.png?v=1724079626,g,,,,,,
kids-summer-pack-of-2-a,,,,,,,,,3 - 4 Years,,,4 - 5 Years,,,,,'10713829,0.0,shopify,88,deny,manual,1798.00,,true,true,,,,,'10713829,,,,,,,,,,,,,,,,,,,,,,,,,,,,,,,,,,,,,,,,,,,,,,,https://cdn.shopify.com/s/files/1/0618/2368/0740/files/Pack_of_2_2.png?v=1724079626,g,,,,,,
kids-summer-pack-of-2-a,,,,,,,,,3 - 4 Years,,,6 Years,,,,,'10713830,0.0,shopify,88,deny,manual,1798.00,,true,true,,,,,'10713830,,,,,,,,,,,,,,,,,,,,,,,,,,,,,,,,,,,,,,,,,,,,,,,https://cdn.shopify.com/s/files/1/0618/2368/0740/files/Pack_of_2_2.png?v=1724079626,g,,,,,,
kids-summer-pack-of-2-a,,,,,,,,,4 - 5 Years,,,2 - 6 Months,,,,,'10713831,0.0,shopify,78,deny,manual,1798.00,,true,true,,,,,'10713831,,,,,,,,,,,,,,,,,,,,,,,,,,,,,,,,,,,,,,,,,,,,,,,https://cdn.shopify.com/s/files/1/0618/2368/0740/files/Pack_of_2_2.png?v=1724079626,g,,,,,,
kids-summer-pack-of-2-a,,,,,,,,,4 - 5 Years,,,6- 12 Months,,,,,'10713832,0.0,shopify,78,deny,manual,1798.00,,true,true,,,,,'10713832,,,,,,,,,,,,,,,,,,,,,,,,,,,,,,,,,,,,,,,,,,,,,,,https://cdn.shopify.com/s/files/1/0618/2368/0740/files/Pack_of_2_2.png?v=1724079626,g,,,,,,
kids-summer-pack-of-2-a,,,,,,,,,4 - 5 Years,,,13 - 24 Months,,,,,'10713833,0.0,shopify,78,deny,manual,1798.00,,true,true,,,,,'10713833,,,,,,,,,,,,,,,,,,,,,,,,,,,,,,,,,,,,,,,,,,,,,,,https://cdn.shopify.com/s/files/1/0618/2368/0740/files/Pack_of_2_2.png?v=1724079626,g,,,,,,
kids-summer-pack-of-2-a,,,,,,,,,4 - 5 Years,,,2 - 3 Years,,,,,'10713834,0.0,shopify,78,deny,manual,1798.00,,true,true,,,,,'10713834,,,,,,,,,,,,,,,,,,,,,,,,,,,,,,,,,,,,,,,,,,,,,,,https://cdn.shopify.com/s/files/1/0618/2368/0740/files/Pack_of_2_2.png?v=1724079626,g,,,,,,
kids-summer-pack-of-2-a,,,,,,,,,4 - 5 Years,,,3 - 4 Years,,,,,'10713835,0.0,shopify,78,deny,manual,1798.00,,true,true,,,,,'10713835,,,,,,,,,,,,,,,,,,,,,,,,,,,,,,,,,,,,,,,,,,,,,,,https://cdn.shopify.com/s/files/1/0618/2368/0740/files/Pack_of_2_2.png?v=1724079626,g,,,,,,
kids-summer-pack-of-2-a,,,,,,,,,4 - 5 Years,,,4 - 5 Years,,,,,'10713836,0.0,shopify,78,deny,manual,1798.00,,true,true,,,,,'10713836,,,,,,,,,,,,,,,,,,,,,,,,,,,,,,,,,,,,,,,,,,,,,,,https://cdn.shopify.com/s/files/1/0618/2368/0740/files/Pack_of_2_2.png?v=1724079626,g,,,,,,
kids-summer-pack-of-2-a,,,,,,,,,4 - 5 Years,,,6 Years,,,,,'10713837,0.0,shopify,78,deny,manual,1798.00,,true,true,,,,,'10713837,,,,,,,,,,,,,,,,,,,,,,,,,,,,,,,,,,,,,,,,,,,,,,,https://cdn.shopify.com/s/files/1/0618/2368/0740/files/Pack_of_2_2.png?v=1724079626,g,,,,,,
kids-summer-pack-of-2-a,,,,,,,,,6 Years,,,2 - 6 Months,,,,,'10713838,0.0,shopify,90,deny,manual,1798.00,,true,true,,,,,'10713838,,,,,,,,,,,,,,,,,,,,,,,,,,,,,,,,,,,,,,,,,,,,,,,https://cdn.shopify.com/s/files/1/0618/2368/0740/files/Pack_of_2_2.png?v=1724079626,g,,,,,,
kids-summer-pack-of-2-a,,,,,,,,,6 Years,,,6- 12 Months,,,,,'10713839,0.0,shopify,90,deny,manual,1798.00,,true,true,,,,,'10713839,,,,,,,,,,,,,,,,,,,,,,,,,,,,,,,,,,,,,,,,,,,,,,,https://cdn.shopify.com/s/files/1/0618/2368/0740/files/Pack_of_2_2.png?v=1724079626,g,,,,,,
kids-summer-pack-of-2-a,,,,,,,,,6 Years,,,13 - 24 Months,,,,,'10713840,0.0,shopify,90,deny,manual,1798.00,,true,true,,,,,'10713840,,,,,,,,,,,,,,,,,,,,,,,,,,,,,,,,,,,,,,,,,,,,,,,https://cdn.shopify.com/s/files/1/0618/2368/0740/files/Pack_of_2_2.png?v=1724079626,g,,,,,,
kids-summer-pack-of-2-a,,,,,,,,,6 Years,,,2 - 3 Years,,,,,'10713841,0.0,shopify,90,deny,manual,1798.00,,true,true,,,,,'10713841,,,,,,,,,,,,,,,,,,,,,,,,,,,,,,,,,,,,,,,,,,,,,,,https://cdn.shopify.com/s/files/1/0618/2368/0740/files/Pack_of_2_2.png?v=1724079626,g,,,,,,
kids-summer-pack-of-2-a,,,,,,,,,6 Years,,,3 - 4 Years,,,,,'10713842,0.0,shopify,90,deny,manual,1798.00,,true,true,,,,,'10713842,,,,,,,,,,,,,,,,,,,,,,,,,,,,,,,,,,,,,,,,,,,,,,,https://cdn.shopify.com/s/files/1/0618/2368/0740/files/Pack_of_2_2.png?v=1724079626,g,,,,,,
kids-summer-pack-of-2-a,,,,,,,,,6 Years,,,4 - 5 Years,,,,,'10713843,0.0,shopify,90,deny,manual,1798.00,,true,true,,,,,'10713843,,,,,,,,,,,,,,,,,,,,,,,,,,,,,,,,,,,,,,,,,,,,,,,https://cdn.shopify.com/s/files/1/0618/2368/0740/files/Pack_of_2_2.png?v=1724079626,g,,,,,,
kids-summer-pack-of-2-a,,,,,,,,,6 Years,,,6 Years,,,,,'10706888,0.0,shopify,90,deny,manual,1798.00,,true,true,,,,,'10706888,,,,,,,,,,,,,,,,,,,,,,,,,,,,,,,,,,,,,,,,,,,,,,,https://cdn.shopify.com/s/files/1/0618/2368/0740/files/Pack_of_2_2.png?v=1724079626,g,,,,,,
kids-summer-pack-1,Kids Summer Pack 1,,BBG FASHION CLOTHING STORE,,"","",false,Make Today Great Short Set (Size),2 - 6 Months,,Dinosaur Pattern T-shirt & Shorts Set (Size),2 - 6 Months,,,,,'10713748,0.0,shopify,97,deny,manual,2098.00,,true,true,,,,,'10713748,,,,false,,,,,,,,,,,,,,,,,,,,,,,,,,,,,,,,,,,,,,,,,,,,g,,,true,,,archived
kids-summer-pack-1,,,,,,,,,2 - 6 Months,,,6- 12 Months,,,,,'10713749,0.0,shopify,97,deny,manual,2098.00,,true,true,,,,,'10713749,,,,,,,,,,,,,,,,,,,,,,,,,,,,,,,,,,,,,,,,,,,,,,,,g,,,,,,
kids-summer-pack-1,,,,,,,,,2 - 6 Months,,,13 - 24 Months,,,,,'10713750,0.0,shopify,97,deny,manual,2098.00,,true,true,,,,,'10713750,,,,,,,,,,,,,,,,,,,,,,,,,,,,,,,,,,,,,,,,,,,,,,,,g,,,,,,
kids-summer-pack-1,,,,,,,,,2 - 6 Months,,,2 - 3 Years,,,,,'10713751,0.0,shopify,97,deny,manual,2098.00,,true,true,,,,,'10713751,,,,,,,,,,,,,,,,,,,,,,,,,,,,,,,,,,,,,,,,,,,,,,,,g,,,,,,
kids-summer-pack-1,,,,,,,,,2 - 6 Months,,,3 - 4 Years,,,,,'10713752,0.0,shopify,97,deny,manual,2098.00,,true,true,,,,,'10713752,,,,,,,,,,,,,,,,,,,,,,,,,,,,,,,,,,,,,,,,,,,,,,,,g,,,,,,
kids-summer-pack-1,,,,,,,,,2 - 6 Months,,,4 - 5 Years,,,,,'10713753,0.0,shopify,97,deny,manual,2098.00,,true,true,,,,,'10713753,,,,,,,,,,,,,,,,,,,,,,,,,,,,,,,,,,,,,,,,,,,,,,,,g,,,,,,
kids-summer-pack-1,,,,,,,,,2 - 6 Months,,,6 Years,,,,,'10713754,0.0,shopify,97,deny,manual,2098.00,,true,true,,,,,'10713754,,,,,,,,,,,,,,,,,,,,,,,,,,,,,,,,,,,,,,,,,,,,,,,,g,,,,,,
kids-summer-pack-1,,,,,,,,,6- 12 Months,,,2 - 6 Months,,,,,'10713755,0.0,shopify,95,deny,manual,2098.00,,true,true,,,,,'10713755,,,,,,,,,,,,,,,,,,,,,,,,,,,,,,,,,,,,,,,,,,,,,,,,g,,,,,,
kids-summer-pack-1,,,,,,,,,6- 12 Months,,,6- 12 Months,,,,,'10713756,0.0,shopify,95,deny,manual,2098.00,,true,true,,,,,'10713756,,,,,,,,,,,,,,,,,,,,,,,,,,,,,,,,,,,,,,,,,,,,,,,,g,,,,,,
kids-summer-pack-1,,,,,,,,,6- 12 Months,,,13 - 24 Months,,,,,'10713757,0.0,shopify,95,deny,manual,2098.00,,true,true,,,,,'10713757,,,,,,,,,,,,,,,,,,,,,,,,,,,,,,,,,,,,,,,,,,,,,,,,g,,,,,,
kids-summer-pack-1,,,,,,,,,6- 12 Months,,,2 - 3 Years,,,,,'10713758,0.0,shopify,95,deny,manual,2098.00,,true,true,,,,,'10713758,,,,,,,,,,,,,,,,,,,,,,,,,,,,,,,,,,,,,,,,,,,,,,,,g,,,,,,
kids-summer-pack-1,,,,,,,,,6- 12 Months,,,3 - 4 Years,,,,,'10713759,0.0,shopify,95,deny,manual,2098.00,,true,true,,,,,'10713759,,,,,,,,,,,,,,,,,,,,,,,,,,,,,,,,,,,,,,,,,,,,,,,,g,,,,,,
kids-summer-pack-1,,,,,,,,,6- 12 Months,,,4 - 5 Years,,,,,'10713760,0.0,shopify,95,deny,manual,2098.00,,true,true,,,,,'10713760,,,,,,,,,,,,,,,,,,,,,,,,,,,,,,,,,,,,,,,,,,,,,,,,g,,,,,,
kids-summer-pack-1,,,,,,,,,6- 12 Months,,,6 Years,,,,,'10713761,0.0,shopify,95,deny,manual,2098.00,,true,true,,,,,'10713761,,,,,,,,,,,,,,,,,,,,,,,,,,,,,,,,,,,,,,,,,,,,,,,,g,,,,,,
kids-summer-pack-1,,,,,,,,,13 - 24 Months,,,2 - 6 Months,,,,,'10713762,0.0,shopify,88,deny,manual,2098.00,,true,true,,,,,'10713762,,,,,,,,,,,,,,,,,,,,,,,,,,,,,,,,,,,,,,,,,,,,,,,,g,,,,,,
kids-summer-pack-1,,,,,,,,,13 - 24 Months,,,6- 12 Months,,,,,'10713763,0.0,shopify,88,deny,manual,2098.00,,true,true,,,,,'10713763,,,,,,,,,,,,,,,,,,,,,,,,,,,,,,,,,,,,,,,,,,,,,,,,g,,,,,,
kids-summer-pack-1,,,,,,,,,13 - 24 Months,,,13 - 24 Months,,,,,'10713764,0.0,shopify,88,deny,manual,2098.00,,true,true,,,,,'10713764,,,,,,,,,,,,,,,,,,,,,,,,,,,,,,,,,,,,,,,,,,,,,,,,g,,,,,,
kids-summer-pack-1,,,,,,,,,13 - 24 Months,,,2 - 3 Years,,,,,'10713765,0.0,shopify,88,deny,manual,2098.00,,true,true,,,,,'10713765,,,,,,,,,,,,,,,,,,,,,,,,,,,,,,,,,,,,,,,,,,,,,,,,g,,,,,,
kids-summer-pack-1,,,,,,,,,13 - 24 Months,,,3 - 4 Years,,,,,'10713766,0.0,shopify,88,deny,manual,2098.00,,true,true,,,,,'10713766,,,,,,,,,,,,,,,,,,,,,,,,,,,,,,,,,,,,,,,,,,,,,,,,g,,,,,,
kids-summer-pack-1,,,,,,,,,13 - 24 Months,,,4 - 5 Years,,,,,'10713767,0.0,shopify,88,deny,manual,2098.00,,true,true,,,,,'10713767,,,,,,,,,,,,,,,,,,,,,,,,,,,,,,,,,,,,,,,,,,,,,,,,g,,,,,,
kids-summer-pack-1,,,,,,,,,13 - 24 Months,,,6 Years,,,,,'10713768,0.0,shopify,88,deny,manual,2098.00,,true,true,,,,,'10713768,,,,,,,,,,,,,,,,,,,,,,,,,,,,,,,,,,,,,,,,,,,,,,,,g,,,,,,
kids-summer-pack-1,,,,,,,,,2 - 3 Years,,,2 - 6 Months,,,,,'10713769,0.0,shopify,90,deny,manual,2098.00,,true,true,,,,,'10713769,,,,,,,,,,,,,,,,,,,,,,,,,,,,,,,,,,,,,,,,,,,,,,,,g,,,,,,
kids-summer-pack-1,,,,,,,,,2 - 3 Years,,,6- 12 Months,,,,,'10713770,0.0,shopify,90,deny,manual,2098.00,,true,true,,,,,'10713770,,,,,,,,,,,,,,,,,,,,,,,,,,,,,,,,,,,,,,,,,,,,,,,,g,,,,,,
kids-summer-pack-1,,,,,,,,,2 - 3 Years,,,13 - 24 Months,,,,,'10713771,0.0,shopify,90,deny,manual,2098.00,,true,true,,,,,'10713771,,,,,,,,,,,,,,,,,,,,,,,,,,,,,,,,,,,,,,,,,,,,,,,,g,,,,,,
kids-summer-pack-1,,,,,,,,,2 - 3 Years,,,2 - 3 Years,,,,,'10713772,0.0,shopify,90,deny,manual,2098.00,,true,true,,,,,'10713772,,,,,,,,,,,,,,,,,,,,,,,,,,,,,,,,,,,,,,,,,,,,,,,,g,,,,,,
kids-summer-pack-1,,,,,,,,,2 - 3 Years,,,3 - 4 Years,,,,,'10713773,0.0,shopify,90,deny,manual,2098.00,,true,true,,,,,'10713773,,,,,,,,,,,,,,,,,,,,,,,,,,,,,,,,,,,,,,,,,,,,,,,,g,,,,,,
kids-summer-pack-1,,,,,,,,,2 - 3 Years,,,4 - 5 Years,,,,,'10713774,0.0,shopify,90,deny,manual,2098.00,,true,true,,,,,'10713774,,,,,,,,,,,,,,,,,,,,,,,,,,,,,,,,,,,,,,,,,,,,,,,,g,,,,,,
kids-summer-pack-1,,,,,,,,,2 - 3 Years,,,6 Years,,,,,'10713775,0.0,shopify,90,deny,manual,2098.00,,true,true,,,,,'10713775,,,,,,,,,,,,,,,,,,,,,,,,,,,,,,,,,,,,,,,,,,,,,,,,g,,,,,,
kids-summer-pack-1,,,,,,,,,3 - 4 Years,,,2 - 6 Months,,,,,'10713776,0.0,shopify,88,deny,manual,2098.00,,true,true,,,,,'10713776,,,,,,,,,,,,,,,,,,,,,,,,,,,,,,,,,,,,,,,,,,,,,,,,g,,,,,,
kids-summer-pack-1,,,,,,,,,3 - 4 Years,,,6- 12 Months,,,,,'10713777,0.0,shopify,88,deny,manual,2098.00,,true,true,,,,,'10713777,,,,,,,,,,,,,,,,,,,,,,,,,,,,,,,,,,,,,,,,,,,,,,,,g,,,,,,
kids-summer-pack-1,,,,,,,,,3 - 4 Years,,,13 - 24 Months,,,,,'10713778,0.0,shopify,88,deny,manual,2098.00,,true,true,,,,,'10713778,,,,,,,,,,,,,,,,,,,,,,,,,,,,,,,,,,,,,,,,,,,,,,,,g,,,,,,
kids-summer-pack-1,,,,,,,,,3 - 4 Years,,,2 - 3 Years,,,,,'10713779,0.0,shopify,88,deny,manual,2098.00,,true,true,,,,,'10713779,,,,,,,,,,,,,,,,,,,,,,,,,,,,,,,,,,,,,,,,,,,,,,,,g,,,,,,
kids-summer-pack-1,,,,,,,,,3 - 4 Years,,,3 - 4 Years,,,,,'10713780,0.0,shopify,88,deny,manual,2098.00,,true,true,,,,,'10713780,,,,,,,,,,,,,,,,,,,,,,,,,,,,,,,,,,,,,,,,,,,,,,,,g,,,,,,
kids-summer-pack-1,,,,,,,,,3 - 4 Years,,,4 - 5 Years,,,,,'10713781,0.0,shopify,88,deny,manual,2098.00,,true,true,,,,,'10713781,,,,,,,,,,,,,,,,,,,,,,,,,,,,,,,,,,,,,,,,,,,,,,,,g,,,,,,
kids-summer-pack-1,,,,,,,,,3 - 4 Years,,,6 Years,,,,,'10713782,0.0,shopify,88,deny,manual,2098.00,,true,true,,,,,'10713782,,,,,,,,,,,,,,,,,,,,,,,,,,,,,,,,,,,,,,,,,,,,,,,,g,,,,,,
kids-summer-pack-1,,,,,,,,,4 - 5 Years,,,2 - 6 Months,,,,,'10713783,0.0,shopify,78,deny,manual,2098.00,,true,true,,,,,'10713783,,,,,,,,,,,,,,,,,,,,,,,,,,,,,,,,,,,,,,,,,,,,,,,,g,,,,,,
kids-summer-pack-1,,,,,,,,,4 - 5 Years,,,6- 12 Months,,,,,'10713784,0.0,shopify,78,deny,manual,2098.00,,true,true,,,,,'10713784,,,,,,,,,,,,,,,,,,,,,,,,,,,,,,,,,,,,,,,,,,,,,,,,g,,,,,,
kids-summer-pack-1,,,,,,,,,4 - 5 Years,,,13 - 24 Months,,,,,'10713785,0.0,shopify,78,deny,manual,2098.00,,true,true,,,,,'10713785,,,,,,,,,,,,,,,,,,,,,,,,,,,,,,,,,,,,,,,,,,,,,,,,g,,,,,,
kids-summer-pack-1,,,,,,,,,4 - 5 Years,,,2 - 3 Years,,,,,'10713786,0.0,shopify,78,deny,manual,2098.00,,true,true,,,,,'10713786,,,,,,,,,,,,,,,,,,,,,,,,,,,,,,,,,,,,,,,,,,,,,,,,g,,,,,,
kids-summer-pack-1,,,,,,,,,4 - 5 Years,,,3 - 4 Years,,,,,'10713787,0.0,shopify,78,deny,manual,2098.00,,true,true,,,,,'10713787,,,,,,,,,,,,,,,,,,,,,,,,,,,,,,,,,,,,,,,,,,,,,,,,g,,,,,,
kids-summer-pack-1,,,,,,,,,4 - 5 Years,,,4 - 5 Years,,,,,'10713788,0.0,shopify,78,deny,manual,2098.00,,true,true,,,,,'10713788,,,,,,,,,,,,,,,,,,,,,,,,,,,,,,,,,,,,,,,,,,,,,,,,g,,,,,,
kids-summer-pack-1,,,,,,,,,4 - 5 Years,,,6 Years,,,,,'10713789,0.0,shopify,78,deny,manual,2098.00,,true,true,,,,,'10713789,,,,,,,,,,,,,,,,,,,,,,,,,,,,,,,,,,,,,,,,,,,,,,,,g,,,,,,
kids-summer-pack-1,,,,,,,,,6 Years,,,2 - 6 Months,,,,,'10713790,0.0,shopify,90,deny,manual,2098.00,,true,true,,,,,'10713790,,,,,,,,,,,,,,,,,,,,,,,,,,,,,,,,,,,,,,,,,,,,,,,,g,,,,,,
kids-summer-pack-1,,,,,,,,,6 Years,,,6- 12 Months,,,,,'10713791,0.0,shopify,90,deny,manual,2098.00,,true,true,,,,,'10713791,,,,,,,,,,,,,,,,,,,,,,,,,,,,,,,,,,,,,,,,,,,,,,,,g,,,,,,
kids-summer-pack-1,,,,,,,,,6 Years,,,13 - 24 Months,,,,,'10713792,0.0,shopify,90,deny,manual,2098.00,,true,true,,,,,'10713792,,,,,,,,,,,,,,,,,,,,,,,,,,,,,,,,,,,,,,,,,,,,,,,,g,,,,,,
kids-summer-pack-1,,,,,,,,,6 Years,,,2 - 3 Years,,,,,'10713793,0.0,shopify,90,deny,manual,2098.00,,true,true,,,,,'10713793,,,,,,,,,,,,,,,,,,,,,,,,,,,,,,,,,,,,,,,,,,,,,,,,g,,,,,,
kids-summer-pack-1,,,,,,,,,6 Years,,,3 - 4 Years,,,,,'10713794,0.0,shopify,90,deny,manual,2098.00,,true,true,,,,,'10713794,,,,,,,,,,,,,,,,,,,,,,,,,,,,,,,,,,,,,,,,,,,,,,,,g,,,,,,
kids-summer-pack-1,,,,,,,,,6 Years,,,4 - 5 Years,,,,,'10713795,0.0,shopify,90,deny,manual,2098.00,,true,true,,,,,'10713795,,,,,,,,,,,,,,,,,,,,,,,,,,,,,,,,,,,,,,,,,,,,,,,,g,,,,,,
