Handle,Title,Body (HTML),Vendor,Product Category,Type,Tags,Published,Option1 Name,Option1 Value,Option1 Linked To,Option2 Name,Option2 Value,Option2 Linked To,Option3 Name,Option3 Value,Option3 Linked To,Variant SKU,Variant Grams,Variant Inventory Tracker,Variant Inventory Qty,Variant Inventory Policy,Variant Fulfillment Service,Variant Price,Variant Compare At Price,Variant Requires Shipping,Variant Taxable,Unit Price Total Measure,Unit Price Total Measure Unit,Unit Price Base Measure,Unit Price Base Measure Unit,Variant Barcode,Image Src,Image Position,Image Alt Text,Gift Card,SEO Title,SEO Description,Google Shopping / Google Product Category,Google Shopping / Gender,Google Shopping / Age Group,Google Shopping / MPN,Google Shopping / Condition,Google Shopping / Custom Product,Google Shopping / Custom Label 0,Google Shopping / Custom Label 1,Google Shopping / Custom Label 2,Google Shopping / Custom Label 3,Google Shopping / Custom Label 4,Google: Custom Product (product.metafields.mm-google-shopping.custom_product),Product rating count (product.metafields.reviews.rating_count),Activewear clothing features (product.metafields.shopify.activewear-clothing-features),Activity (product.metafields.shopify.activity),Age group (product.metafields.shopify.age-group),Baby/Toddler clothing features (product.metafields.shopify.baby-toddler-clothing-features),Baby/Toddler sleepwear style (product.metafields.shopify.baby-toddler-sleepwear-style),Care instructions (product.metafields.shopify.care-instructions),Clothing features (product.metafields.shopify.clothing-features),Color (product.metafields.shopify.color-pattern),Dress occasion (product.metafields.shopify.dress-occasion),Dress style (product.metafields.shopify.dress-style),Fabric (product.metafields.shopify.fabric),Fit (product.metafields.shopify.fit),Intimate apparel features (product.metafields.shopify.intimate-apparel-features),Neckline (product.metafields.shopify.neckline),One-piece style (product.metafields.shopify.one-piece-style),Outerwear clothing features (product.metafields.shopify.outerwear-clothing-features),Pants length type (product.metafields.shopify.pants-length-type),Size (product.metafields.shopify.size),Skirt/Dress length type (product.metafields.shopify.skirt-dress-length-type),Sleeve length type (product.metafields.shopify.sleeve-length-type),Target gender (product.metafields.shopify.target-gender),Top length type (product.metafields.shopify.top-length-type),Waist rise (product.metafields.shopify.waist-rise),Complementary products (product.metafields.shopify--discovery--product_recommendation.complementary_products),Related products (product.metafields.shopify--discovery--product_recommendation.related_products),Related products settings (product.metafields.shopify--discovery--product_recommendation.related_products_display),Search product boosts (product.metafields.shopify--discovery--product_search_boost.queries),Variant Image,Variant Weight Unit,Variant Tax Code,Cost per item,Included / Pakistan,Price / Pakistan,Compare At Price / Pakistan,Status
awesome-dino-t-shirt-for-kids-copy,,,,,,,,,1-2 YRS,,,Light Blue,,,,,'10711216,200.0,shopify,50,continue,manual,799.00,0.00,true,true,,,,,'10711216,https://cdn.shopify.com/s/files/1/0618/2368/0740/files/22_37f6c503-9c72-4751-9a2b-cbca168c10e0.png?v=1717078351,8,Awesome Dino T Shirt For Kids Copy - detail shot - kids wear Pakistan,,,,,,,,,,,,,,,,,,,,,,,,,,,,,,,,,,,,,,,,,,,,https://cdn.shopify.com/s/files/1/0618/2368/0740/files/17_27d1d445-6909-41ca-8726-0cc1260bcfb1.png?v=1717078351,kg,,,,,,
awesome-dino-t-shirt-for-kids-copy,,,,,,,,,1-2 YRS,,,Green,,,,,'10711217,200.0,shopify,50,continue,manual,799.00,0.00,true,true,,,,,'10711217,https://cdn.shopify.com/s/files/1/0618/2368/0740/files/24_3ab94c75-7cb3-4b86-916c-729480bfcc0f.png?v=1717078351,9,Awesome Dino T Shirt For Kids Copy - front view - kids wear Pakistan,,,,,,,,,,,,,,,,,,,,,,,,,,,,,,,,,,,,,,,,,,,,https://cdn.shopify.com/s/files/1/0618/2368/0740/files/20_c3680650-54a0-43af-8f90-0c8868bb6b39.png?v=1717078351,kg,,,,,,
awesome-dino-t-shirt-for-kids-copy,,,,,,,,,1-2 YRS,,,Beige,,,,,'10711218,200.0,shopify,50,continue,manual,799.00,0.00,true,true,,,,,'10711218,https://cdn.shopify.com/s/files/1/0618/2368/0740/files/25_3dcaace2-c1c4-48a8-ba7b-0a922c17a9eb.png?v=1717078351,10,Awesome Dino T Shirt For Kids Copy - back view - kids wear Pakistan,,,,,,,,,,,,,,,,,,,,,,,,,,,,,,,,,,,,,,,,,,,,https://cdn.shopify.com/s/files/1/0618/2368/0740/files/21_2bed2d28-52c1-44e7-993f-9366f496ebf7.png?v=1717078351,kg,,,,,,
awesome-dino-t-shirt-for-kids-copy,,,,,,,,,1-2 YRS,,,Black,,,,,'10711219,200.0,shopify,50,continue,manual,799.00,0.00,true,true,,,,,'10711219,https://cdn.shopify.com/s/files/1/0618/2368/0740/files/26_de73fc94-d6fb-4b83-baf8-c4baa4201316.png?v=1717078351,11,Awesome Dino T Shirt For Kids Copy - side view - kids wear Pakistan,,,,,,,,,,,,,,,,,,,,,,,,,,,,,,,,,,,,,,,,,,,,https://cdn.shopify.com/s/files/1/0618/2368/0740/files/8_ae0e468b-c82d-4aa8-9224-224ddbd05d66.png?v=1717078351,kg,,,,,,
awesome-dino-t-shirt-for-kids-copy,,,,,,,,,1-2 YRS,,,Bottle Green,,,,,'10711220,200.0,shopify,50,continue,manual,799.00,0.00,true,true,,,,,'10711220,https://cdn.shopify.com/s/files/1/0618/2368/0740/files/27_f8885e57-6a69-40c4-9a67-5ed9895b39b6.png?v=1717078351,12,Awesome Dino T Shirt For Kids Copy - detail shot - kids wear Pakistan,,,,,,,,,,,,,,,,,,,,,,,,,,,,,,,,,,,,,,,,,,,,https://cdn.shopify.com/s/files/1/0618/2368/0740/files/19.png?v=1717078351,kg,,,,,,
awesome-dino-t-shirt-for-kids-copy,,,,,,,,,1-2 YRS,,,Royal Blue,,,,,'10711221,200.0,shopify,50,continue,manual,799.00,0.00,true,true,,,,,'10711221,https://cdn.shopify.com/s/files/1/0618/2368/0740/files/28_df8961ae-f159-414e-9fb3-7ed99fa841da.png?v=1717078351,13,Awesome Dino T Shirt For Kids Copy - front view - kids wear Pakistan,,,,,,,,,,,,,,,,,,,,,,,,,,,,,,,,,,,,,,,,,,,,https://cdn.shopify.com/s/files/1/0618/2368/0740/files/27_f8885e57-6a69-40c4-9a67-5ed9895b39b6.png?v=1717078351,kg,,,,,,
awesome-dino-t-shirt-for-kids-copy,,,,,,,,,1-2 YRS,,,Purple,,,,,'10711222,200.0,shopify,50,continue,manual,799.00,0.00,true,true,,,,,'10711222,https://cdn.shopify.com/s/files/1/0618/2368/0740/files/15_862da500-29d5-4378-9df4-1a81d26c7cd8.png?v=1717078351,14,Awesome Dino T Shirt For Kids Copy - back view - kids wear Pakistan,,,,,,,,,,,,,,,,,,,,,,,,,,,,,,,,,,,,,,,,,,,,https://cdn.shopify.com/s/files/1/0618/2368/0740/files/28_df8961ae-f159-414e-9fb3-7ed99fa841da.png?v=1717078351,kg,,,,,,
awesome-dino-t-shirt-for-kids-copy,,,,,,,,,3-4 YRS,,,Mahroon,,,,,'10711223,200.0,shopify,50,continue,manual,799.00,0.00,true,true,,,,,'10711223,https://cdn.shopify.com/s/files/1/0618/2368/0740/files/16_39e101a1-d992-4ed6-8ac6-64bf63cdfba0.png?v=1717078351,15,Awesome Dino T Shirt For Kids Copy - side view - kids wear Pakistan,,,,,,,,,,,,,,,,,,,,,,,,,,,,,,,,,,,,,,,,,,,,https://cdn.shopify.com/s/files/1/0618/2368/0740/files/23_38a40137-7acb-40ac-bc2c-fb34aa5a6194.png?v=1717075652,kg,,,,,,
awesome-dino-t-shirt-for-kids-copy,,,,,,,,,3-4 YRS,,,White,,,,,'10711224,200.0,shopify,50,continue,manual,799.00,0.00,true,true,,,,,'10711224,https://cdn.shopify.com/s/files/1/0618/2368/0740/files/8_ae0e468b-c82d-4aa8-9224-224ddbd05d66.png?v=1717078351,16,Awesome Dino T Shirt For Kids Copy - detail shot - kids wear Pakistan,,,,,,,,,,,,,,,,,,,,,,,,,,,,,,,,,,,,,,,,,,,,https://cdn.shopify.com/s/files/1/0618/2368/0740/files/22_37f6c503-9c72-4751-9a2b-cbca168c10e0.png?v=1717078351,kg,,,,,,
awesome-dino-t-shirt-for-kids-copy,,,,,,,,,3-4 YRS,,,Grey,,,,,'10711225,200.0,shopify,50,continue,manual,799.00,0.00,true,true,,,,,'10711225,,,,,,,,,,,,,,,,,,,,,,,,,,,,,,,,,,,,,,,,,,,,,,,https://cdn.shopify.com/s/files/1/0618/2368/0740/files/15_862da500-29d5-4378-9df4-1a81d26c7cd8.png?v=1717078351,kg,,,,,,
awesome-dino-t-shirt-for-kids-copy,,,,,,,,,3-4 YRS,,,Red,,,,,'10711226,200.0,shopify,50,continue,manual,799.00,0.00,true,true,,,,,'10711226,,,,,,,,,,,,,,,,,,,,,,,,,,,,,,,,,,,,,,,,,,,,,,,https://cdn.shopify.com/s/files/1/0618/2368/0740/files/24_3ab94c75-7cb3-4b86-916c-729480bfcc0f.png?v=1717078351,kg,,,,,,
awesome-dino-t-shirt-for-kids-copy,,,,,,,,,3-4 YRS,,,Yellow,,,,,'10711227,200.0,shopify,50,continue,manual,799.00,0.00,true,true,,,,,'10711227,,,,,,,,,,,,,,,,,,,,,,,,,,,,,,,,,,,,,,,,,,,,,,,https://cdn.shopify.com/s/files/1/0618/2368/0740/files/16_39e101a1-d992-4ed6-8ac6-64bf63cdfba0.png?v=1717078351,kg,,,,,,
awesome-dino-t-shirt-for-kids-copy,,,,,,,,,3-4 YRS,,,Pink,,,,,'10711228,200.0,shopify,50,continue,manual,799.00,0.00,true,true,,,,,'10711228,,,,,,,,,,,,,,,,,,,,,,,,,,,,,,,,,,,,,,,,,,,,,,,https://cdn.shopify.com/s/files/1/0618/2368/0740/files/25_3dcaace2-c1c4-48a8-ba7b-0a922c17a9eb.png?v=1717078351,kg,,,,,,
awesome-dino-t-shirt-for-kids-copy,,,,,,,,,3-4 YRS,,,Orange,,,,,'10711229,200.0,shopify,50,continue,manual,799.00,0.00,true,true,,,,,'10711229,,,,,,,,,,,,,,,,,,,,,,,,,,,,,,,,,,,,,,,,,,,,,,,https://cdn.shopify.com/s/files/1/0618/2368/0740/files/26_de73fc94-d6fb-4b83-baf8-c4baa4201316.png?v=1717078351,kg,,,,,,
awesome-dino-t-shirt-for-kids-copy,,,,,,,,,3-4 YRS,,,Light Blue,,,,,'10711230,200.0,shopify,50,continue,manual,799.00,0.00,true,true,,,,,'10711230,,,,,,,,,,,,,,,,,,,,,,,,,,,,,,,,,,,,,,,,,,,,,,,https://cdn.shopify.com/s/files/1/0618/2368/0740/files/17_27d1d445-6909-41ca-8726-0cc1260bcfb1.png?v=1717078351,kg,,,,,,
awesome-dino-t-shirt-for-kids-copy,,,,,,,,,3-4 YRS,,,Green,,,,,'10711231,200.0,shopify,50,continue,manual,799.00,0.00,true,true,,,,,'10711231,,,,,,,,,,,,,,,,,,,,,,,,,,,,,,,,,,,,,,,,,,,,,,,https://cdn.shopify.com/s/files/1/0618/2368/0740/files/20_c3680650-54a0-43af-8f90-0c8868bb6b39.png?v=1717078351,kg,,,,,,
awesome-dino-t-shirt-for-kids-copy,,,,,,,,,3-4 YRS,,,Beige,,,,,'10711232,200.0,shopify,50,continue,manual,799.00,0.00,true,true,,,,,'10711232,,,,,,,,,,,,,,,,,,,,,,,,,,,,,,,,,,,,,,,,,,,,,,,https://cdn.shopify.com/s/files/1/0618/2368/0740/files/21_2bed2d28-52c1-44e7-993f-9366f496ebf7.png?v=1717078351,kg,,,,,,
awesome-dino-t-shirt-for-kids-copy,,,,,,,,,3-4 YRS,,,Black,,,,,'10711233,200.0,shopify,50,continue,manual,799.00,0.00,true,true,,,,,'10711233,,,,,,,,,,,,,,,,,,,,,,,,,,,,,,,,,,,,,,,,,,,,,,,https://cdn.shopify.com/s/files/1/0618/2368/0740/files/8_ae0e468b-c82d-4aa8-9224-224ddbd05d66.png?v=1717078351,kg,,,,,,
awesome-dino-t-shirt-for-kids-copy,,,,,,,,,3-4 YRS,,,Bottle Green,,,,,'10711234,200.0,shopify,50,continue,manual,799.00,0.00,true,true,,,,,'10711234,,,,,,,,,,,,,,,,,,,,,,,,,,,,,,,,,,,,,,,,,,,,,,,https://cdn.shopify.com/s/files/1/0618/2368/0740/files/19.png?v=1717078351,kg,,,,,,
awesome-dino-t-shirt-for-kids-copy,,,,,,,,,3-4 YRS,,,Royal Blue,,,,,'10711235,200.0,shopify,50,continue,manual,799.00,0.00,true,true,,,,,'10711235,,,,,,,,,,,,,,,,,,,,,,,,,,,,,,,,,,,,,,,,,,,,,,,https://cdn.shopify.com/s/files/1/0618/2368/0740/files/27_f8885e57-6a69-40c4-9a67-5ed9895b39b6.png?v=1717078351,kg,,,,,,
awesome-dino-t-shirt-for-kids-copy,,,,,,,,,3-4 YRS,,,Purple,,,,,'10711236,200.0,shopify,50,continue,manual,799.00,0.00,true,true,,,,,'10711236,,,,,,,,,,,,,,,,,,,,,,,,,,,,,,,,,,,,,,,,,,,,,,,https://cdn.shopify.com/s/files/1/0618/2368/0740/files/28_df8961ae-f159-414e-9fb3-7ed99fa841da.png?v=1717078351,kg,,,,,,
awesome-dino-t-shirt-for-kids-copy,,,,,,,,,5-6 YRS,,,Mahroon,,,,,'10711237,200.0,shopify,50,continue,manual,799.00,0.00,true,true,,,,,'10711237,,,,,,,,,,,,,,,,,,,,,,,,,,,,,,,,,,,,,,,,,,,,,,,https://cdn.shopify.com/s/files/1/0618/2368/0740/files/23_38a40137-7acb-40ac-bc2c-fb34aa5a6194.png?v=1717075652,kg,,,,,,
awesome-dino-t-shirt-for-kids-copy,,,,,,,,,5-6 YRS,,,White,,,,,'10711238,200.0,shopify,50,continue,manual,799.00,0.00,true,true,,,,,'10711238,,,,,,,,,,,,,,,,,,,,,,,,,,,,,,,,,,,,,,,,,,,,,,,https://cdn.shopify.com/s/files/1/0618/2368/0740/files/22_37f6c503-9c72-4751-9a2b-cbca168c10e0.png?v=1717078351,kg,,,,,,
awesome-dino-t-shirt-for-kids-copy,,,,,,,,,5-6 YRS,,,Grey,,,,,'10711239,200.0,shopify,50,continue,manual,799.00,0.00,true,true,,,,,'10711239,,,,,,,,,,,,,,,,,,,,,,,,,,,,,,,,,,,,,,,,,,,,,,,https://cdn.shopify.com/s/files/1/0618/2368/0740/files/15_862da500-29d5-4378-9df4-1a81d26c7cd8.png?v=1717078351,kg,,,,,,
awesome-dino-t-shirt-for-kids-copy,,,,,,,,,5-6 YRS,,,Red,,,,,'10711240,200.0,shopify,50,continue,manual,799.00,0.00,true,true,,,,,'10711240,,,,,,,,,,,,,,,,,,,,,,,,,,,,,,,,,,,,,,,,,,,,,,,https://cdn.shopify.com/s/files/1/0618/2368/0740/files/24_3ab94c75-7cb3-4b86-916c-729480bfcc0f.png?v=1717078351,kg,,,,,,
awesome-dino-t-shirt-for-kids-copy,,,,,,,,,5-6 YRS,,,Yellow,,,,,'10711241,200.0,shopify,50,continue,manual,799.00,0.00,true,true,,,,,'10711241,,,,,,,,,,,,,,,,,,,,,,,,,,,,,,,,,,,,,,,,,,,,,,,https://cdn.shopify.com/s/files/1/0618/2368/0740/files/16_39e101a1-d992-4ed6-8ac6-64bf63cdfba0.png?v=1717078351,kg,,,,,,
awesome-dino-t-shirt-for-kids-copy,,,,,,,,,5-6 YRS,,,Pink,,,,,'10711242,200.0,shopify,50,continue,manual,799.00,0.00,true,true,,,,,'10711242,,,,,,,,,,,,,,,,,,,,,,,,,,,,,,,,,,,,,,,,,,,,,,,https://cdn.shopify.com/s/files/1/0618/2368/0740/files/25_3dcaace2-c1c4-48a8-ba7b-0a922c17a9eb.png?v=1717078351,kg,,,,,,
awesome-dino-t-shirt-for-kids-copy,,,,,,,,,5-6 YRS,,,Orange,,,,,'10711243,200.0,shopify,50,continue,manual,799.00,0.00,true,true,,,,,'10711243,,,,,,,,,,,,,,,,,,,,,,,,,,,,,,,,,,,,,,,,,,,,,,,https://cdn.shopify.com/s/files/1/0618/2368/0740/files/26_de73fc94-d6fb-4b83-baf8-c4baa4201316.png?v=1717078351,kg,,,,,,
awesome-dino-t-shirt-for-kids-copy,,,,,,,,,5-6 YRS,,,Light Blue,,,,,'10711244,200.0,shopify,50,continue,manual,799.00,0.00,true,true,,,,,'10711244,,,,,,,,,,,,,,,,,,,,,,,,,,,,,,,,,,,,,,,,,,,,,,,https://cdn.shopify.com/s/files/1/0618/2368/0740/files/17_27d1d445-6909-41ca-8726-0cc1260bcfb1.png?v=1717078351,kg,,,,,,
awesome-dino-t-shirt-for-kids-copy,,,,,,,,,5-6 YRS,,,Green,,,,,'10711245,200.0,shopify,50,continue,manual,799.00,0.00,true,true,,,,,'10711245,,,,,,,,,,,,,,,,,,,,,,,,,,,,,,,,,,,,,,,,,,,,,,,https://cdn.shopify.com/s/files/1/0618/2368/0740/files/20_c3680650-54a0-43af-8f90-0c8868bb6b39.png?v=1717078351,kg,,,,,,
awesome-dino-t-shirt-for-kids-copy,,,,,,,,,5-6 YRS,,,Beige,,,,,'10711246,200.0,shopify,50,continue,manual,799.00,0.00,true,true,,,,,'10711246,,,,,,,,,,,,,,,,,,,,,,,,,,,,,,,,,,,,,,,,,,,,,,,https://cdn.shopify.com/s/files/1/0618/2368/0740/files/21_2bed2d28-52c1-44e7-993f-9366f496ebf7.png?v=1717078351,kg,,,,,,
awesome-dino-t-shirt-for-kids-copy,,,,,,,,,5-6 YRS,,,Black,,,,,'10711247,200.0,shopify,50,continue,manual,799.00,0.00,true,true,,,,,'10711247,,,,,,,,,,,,,,,,,,,,,,,,,,,,,,,,,,,,,,,,,,,,,,,https://cdn.shopify.com/s/files/1/0618/2368/0740/files/8_ae0e468b-c82d-4aa8-9224-224ddbd05d66.png?v=1717078351,kg,,,,,,
awesome-dino-t-shirt-for-kids-copy,,,,,,,,,5-6 YRS,,,Bottle Green,,,,,'10711248,200.0,shopify,50,continue,manual,799.00,0.00,true,true,,,,,'10711248,,,,,,,,,,,,,,,,,,,,,,,,,,,,,,,,,,,,,,,,,,,,,,,https://cdn.shopify.com/s/files/1/0618/2368/0740/files/19.png?v=1717078351,kg,,,,,,
awesome-dino-t-shirt-for-kids-copy,,,,,,,,,5-6 YRS,,,Royal Blue,,,,,'10711249,200.0,shopify,50,continue,manual,799.00,0.00,true,true,,,,,'10711249,,,,,,,,,,,,,,,,,,,,,,,,,,,,,,,,,,,,,,,,,,,,,,,https://cdn.shopify.com/s/files/1/0618/2368/0740/files/27_f8885e57-6a69-40c4-9a67-5ed9895b39b6.png?v=1717078351,kg,,,,,,
awesome-dino-t-shirt-for-kids-copy,,,,,,,,,5-6 YRS,,,Purple,,,,,'10711250,200.0,shopify,50,continue,manual,799.00,0.00,true,true,,,,,'10711250,,,,,,,,,,,,,,,,,,,,,,,,,,,,,,,,,,,,,,,,,,,,,,,https://cdn.shopify.com/s/files/1/0618/2368/0740/files/28_df8961ae-f159-414e-9fb3-7ed99fa841da.png?v=1717078351,kg,,,,,,
awesome-dino-t-shirt-for-kids-copy,,,,,,,,,7-8 YRS,,,Mahroon,,,,,'10711251,200.0,shopify,50,continue,manual,799.00,0.00,true,true,,,,,'10711251,,,,,,,,,,,,,,,,,,,,,,,,,,,,,,,,,,,,,,,,,,,,,,,https://cdn.shopify.com/s/files/1/0618/2368/0740/files/23_38a40137-7acb-40ac-bc2c-fb34aa5a6194.png?v=1717075652,kg,,,,,,
awesome-dino-t-shirt-for-kids-copy,,,,,,,,,7-8 YRS,,,White,,,,,'10711252,200.0,shopify,50,continue,manual,799.00,0.00,true,true,,,,,'10711252,,,,,,,,,,,,,,,,,,,,,,,,,,,,,,,,,,,,,,,,,,,,,,,https://cdn.shopify.com/s/files/1/0618/2368/0740/files/22_37f6c503-9c72-4751-9a2b-cbca168c10e0.png?v=1717078351,kg,,,,,,
awesome-dino-t-shirt-for-kids-copy,,,,,,,,,7-8 YRS,,,Grey,,,,,'10711253,200.0,shopify,50,continue,manual,799.00,0.00,true,true,,,,,'10711253,,,,,,,,,,,,,,,,,,,,,,,,,,,,,,,,,,,,,,,,,,,,,,,https://cdn.shopify.com/s/files/1/0618/2368/0740/files/15_862da500-29d5-4378-9df4-1a81d26c7cd8.png?v=1717078351,kg,,,,,,
awesome-dino-t-shirt-for-kids-copy,,,,,,,,,7-8 YRS,,,Red,,,,,'10711254,200.0,shopify,50,continue,manual,799.00,0.00,true,true,,,,,'10711254,,,,,,,,,,,,,,,,,,,,,,,,,,,,,,,,,,,,,,,,,,,,,,,https://cdn.shopify.com/s/files/1/0618/2368/0740/files/24_3ab94c75-7cb3-4b86-916c-729480bfcc0f.png?v=1717078351,kg,,,,,,
awesome-dino-t-shirt-for-kids-copy,,,,,,,,,7-8 YRS,,,Yellow,,,,,'10711255,200.0,shopify,50,continue,manual,799.00,0.00,true,true,,,,,'10711255,,,,,,,,,,,,,,,,,,,,,,,,,,,,,,,,,,,,,,,,,,,,,,,https://cdn.shopify.com/s/files/1/0618/2368/0740/files/16_39e101a1-d992-4ed6-8ac6-64bf63cdfba0.png?v=1717078351,kg,,,,,,
awesome-dino-t-shirt-for-kids-copy,,,,,,,,,7-8 YRS,,,Pink,,,,,'10711256,200.0,shopify,50,continue,manual,799.00,0.00,true,true,,,,,'10711256,,,,,,,,,,,,,,,,,,,,,,,,,,,,,,,,,,,,,,,,,,,,,,,https://cdn.shopify.com/s/files/1/0618/2368/0740/files/25_3dcaace2-c1c4-48a8-ba7b-0a922c17a9eb.png?v=1717078351,kg,,,,,,
awesome-dino-t-shirt-for-kids-copy,,,,,,,,,7-8 YRS,,,Orange,,,,,'10711257,200.0,shopify,50,continue,manual,799.00,0.00,true,true,,,,,'10711257,,,,,,,,,,,,,,,,,,,,,,,,,,,,,,,,,,,,,,,,,,,,,,,https://cdn.shopify.com/s/files/1/0618/2368/0740/files/26_de73fc94-d6fb-4b83-baf8-c4baa4201316.png?v=1717078351,kg,,,,,,
awesome-dino-t-shirt-for-kids-copy,,,,,,,,,7-8 YRS,,,Light Blue,,,,,'10711258,200.0,shopify,50,continue,manual,799.00,0.00,true,true,,,,,'10711258,,,,,,,,,,,,,,,,,,,,,,,,,,,,,,,,,,,,,,,,,,,,,,,https://cdn.shopify.com/s/files/1/0618/2368/0740/files/17_27d1d445-6909-41ca-8726-0cc1260bcfb1.png?v=1717078351,kg,,,,,,
awesome-dino-t-shirt-for-kids-copy,,,,,,,,,7-8 YRS,,,Green,,,,,'10711259,200.0,shopify,50,continue,manual,799.00,0.00,true,true,,,,,'10711259,,,,,,,,,,,,,,,,,,,,,,,,,,,,,,,,,,,,,,,,,,,,,,,https://cdn.shopify.com/s/files/1/0618/2368/0740/files/20_c3680650-54a0-43af-8f90-0c8868bb6b39.png?v=1717078351,kg,,,,,,
awesome-dino-t-shirt-for-kids-copy,,,,,,,,,7-8 YRS,,,Beige,,,,,'10711260,200.0,shopify,50,continue,manual,799.00,0.00,true,true,,,,,'10711260,,,,,,,,,,,,,,,,,,,,,,,,,,,,,,,,,,,,,,,,,,,,,,,https://cdn.shopify.com/s/files/1/0618/2368/0740/files/21_2bed2d28-52c1-44e7-993f-9366f496ebf7.png?v=1717078351,kg,,,,,,
awesome-dino-t-shirt-for-kids-copy,,,,,,,,,7-8 YRS,,,Black,,,,,'10711261,200.0,shopify,50,continue,manual,799.00,0.00,true,true,,,,,'10711261,,,,,,,,,,,,,,,,,,,,,,,,,,,,,,,,,,,,,,,,,,,,,,,https://cdn.shopify.com/s/files/1/0618/2368/0740/files/8_ae0e468b-c82d-4aa8-9224-224ddbd05d66.png?v=1717078351,kg,,,,,,
awesome-dino-t-shirt-for-kids-copy,,,,,,,,,7-8 YRS,,,Bottle Green,,,,,'10711262,200.0,shopify,50,continue,manual,799.00,0.00,true,true,,,,,'10711262,,,,,,,,,,,,,,,,,,,,,,,,,,,,,,,,,,,,,,,,,,,,,,,https://cdn.shopify.com/s/files/1/0618/2368/0740/files/19.png?v=1717078351,kg,,,,,,
awesome-dino-t-shirt-for-kids-copy,,,,,,,,,7-8 YRS,,,Royal Blue,,,,,'10711263,200.0,shopify,50,continue,manual,799.00,0.00,true,true,,,,,'10711263,,,,,,,,,,,,,,,,,,,,,,,,,,,,,,,,,,,,,,,,,,,,,,,https://cdn.shopify.com/s/files/1/0618/2368/0740/files/27_f8885e57-6a69-40c4-9a67-5ed9895b39b6.png?v=1717078351,kg,,,,,,
awesome-dino-t-shirt-for-kids-copy,,,,,,,,,7-8 YRS,,,Purple,,,,,'10711264,200.0,shopify,50,continue,manual,799.00,0.00,true,true,,,,,'10711264,,,,,,,,,,,,,,,,,,,,,,,,,,,,,,,,,,,,,,,,,,,,,,,https://cdn.shopify.com/s/files/1/0618/2368/0740/files/28_df8961ae-f159-414e-9fb3-7ed99fa841da.png?v=1717078351,kg,,,,,,
awesome-dino-t-shirt-for-kids-copy,,,,,,,,,9-10 YRS,,,Mahroon,,,,,'10711265,200.0,shopify,50,continue,manual,899.00,0.00,true,true,,,,,'10711265,,,,,,,,,,,,,,,,,,,,,,,,,,,,,,,,,,,,,,,,,,,,,,,https://cdn.shopify.com/s/files/1/0618/2368/0740/files/23_38a40137-7acb-40ac-bc2c-fb34aa5a6194.png?v=1717075652,kg,,,,,,
awesome-dino-t-shirt-for-kids-copy,,,,,,,,,9-10 YRS,,,White,,,,,'10711266,200.0,shopify,50,continue,manual,899.00,0.00,true,true,,,,,'10711266,,,,,,,,,,,,,,,,,,,,,,,,,,,,,,,,,,,,,,,,,,,,,,,https://cdn.shopify.com/s/files/1/0618/2368/0740/files/22_37f6c503-9c72-4751-9a2b-cbca168c10e0.png?v=1717078351,kg,,,,,,
awesome-dino-t-shirt-for-kids-copy,,,,,,,,,9-10 YRS,,,Grey,,,,,'10711267,200.0,shopify,50,continue,manual,899.00,0.00,true,true,,,,,'10711267,,,,,,,,,,,,,,,,,,,,,,,,,,,,,,,,,,,,,,,,,,,,,,,https://cdn.shopify.com/s/files/1/0618/2368/0740/files/15_862da500-29d5-4378-9df4-1a81d26c7cd8.png?v=1717078351,kg,,,,,,
awesome-dino-t-shirt-for-kids-copy,,,,,,,,,9-10 YRS,,,Red,,,,,'10711268,200.0,shopify,50,continue,manual,899.00,0.00,true,true,,,,,'10711268,,,,,,,,,,,,,,,,,,,,,,,,,,,,,,,,,,,,,,,,,,,,,,,https://cdn.shopify.com/s/files/1/0618/2368/0740/files/24_3ab94c75-7cb3-4b86-916c-729480bfcc0f.png?v=1717078351,kg,,,,,,
awesome-dino-t-shirt-for-kids-copy,,,,,,,,,9-10 YRS,,,Yellow,,,,,'10711269,200.0,shopify,50,continue,manual,899.00,0.00,true,true,,,,,'10711269,,,,,,,,,,,,,,,,,,,,,,,,,,,,,,,,,,,,,,,,,,,,,,,https://cdn.shopify.com/s/files/1/0618/2368/0740/files/16_39e101a1-d992-4ed6-8ac6-64bf63cdfba0.png?v=1717078351,kg,,,,,,
awesome-dino-t-shirt-for-kids-copy,,,,,,,,,9-10 YRS,,,Pink,,,,,'10711270,200.0,shopify,50,continue,manual,899.00,0.00,true,true,,,,,'10711270,,,,,,,,,,,,,,,,,,,,,,,,,,,,,,,,,,,,,,,,,,,,,,,https://cdn.shopify.com/s/files/1/0618/2368/0740/files/25_3dcaace2-c1c4-48a8-ba7b-0a922c17a9eb.png?v=1717078351,kg,,,,,,
awesome-dino-t-shirt-for-kids-copy,,,,,,,,,9-10 YRS,,,Orange,,,,,'10711271,200.0,shopify,50,continue,manual,899.00,0.00,true,true,,,,,'10711271,,,,,,,,,,,,,,,,,,,,,,,,,,,,,,,,,,,,,,,,,,,,,,,https://cdn.shopify.com/s/files/1/0618/2368/0740/files/26_de73fc94-d6fb-4b83-baf8-c4baa4201316.png?v=1717078351,kg,,,,,,
awesome-dino-t-shirt-for-kids-copy,,,,,,,,,9-10 YRS,,,Light Blue,,,,,'10711272,200.0,shopify,50,continue,manual,899.00,0.00,true,true,,,,,'10711272,,,,,,,,,,,,,,,,,,,,,,,,,,,,,,,,,,,,,,,,,,,,,,,https://cdn.shopify.com/s/files/1/0618/2368/0740/files/17_27d1d445-6909-41ca-8726-0cc1260bcfb1.png?v=1717078351,kg,,,,,,
awesome-dino-t-shirt-for-kids-copy,,,,,,,,,9-10 YRS,,,Green,,,,,'10711273,200.0,shopify,50,continue,manual,899.00,0.00,true,true,,,,,'10711273,,,,,,,,,,,,,,,,,,,,,,,,,,,,,,,,,,,,,,,,,,,,,,,https://cdn.shopify.com/s/files/1/0618/2368/0740/files/20_c3680650-54a0-43af-8f90-0c8868bb6b39.png?v=1717078351,kg,,,,,,
awesome-dino-t-shirt-for-kids-copy,,,,,,,,,9-10 YRS,,,Beige,,,,,'10711274,200.0,shopify,50,continue,manual,899.00,0.00,true,true,,,,,'10711274,,,,,,,,,,,,,,,,,,,,,,,,,,,,,,,,,,,,,,,,,,,,,,,https://cdn.shopify.com/s/files/1/0618/2368/0740/files/21_2bed2d28-52c1-44e7-993f-9366f496ebf7.png?v=1717078351,kg,,,,,,
awesome-dino-t-shirt-for-kids-copy,,,,,,,,,9-10 YRS,,,Black,,,,,'10711275,200.0,shopify,50,continue,manual,899.00,0.00,true,true,,,,,'10711275,,,,,,,,,,,,,,,,,,,,,,,,,,,,,,,,,,,,,,,,,,,,,,,https://cdn.shopify.com/s/files/1/0618/2368/0740/files/8_ae0e468b-c82d-4aa8-9224-224ddbd05d66.png?v=1717078351,kg,,,,,,
awesome-dino-t-shirt-for-kids-copy,,,,,,,,,9-10 YRS,,,Bottle Green,,,,,'10711276,200.0,shopify,50,continue,manual,899.00,0.00,true,true,,,,,'10711276,,,,,,,,,,,,,,,,,,,,,,,,,,,,,,,,,,,,,,,,,,,,,,,https://cdn.shopify.com/s/files/1/0618/2368/0740/files/19.png?v=1717078351,kg,,,,,,
awesome-dino-t-shirt-for-kids-copy,,,,,,,,,9-10 YRS,,,Royal Blue,,,,,'10711277,200.0,shopify,50,continue,manual,899.00,0.00,true,true,,,,,'10711277,,,,,,,,,,,,,,,,,,,,,,,,,,,,,,,,,,,,,,,,,,,,,,,https://cdn.shopify.com/s/files/1/0618/2368/0740/files/27_f8885e57-6a69-40c4-9a67-5ed9895b39b6.png?v=1717078351,kg,,,,,,
awesome-dino-t-shirt-for-kids-copy,,,,,,,,,9-10 YRS,,,Purple,,,,,'10711278,200.0,shopify,50,continue,manual,899.00,0.00,true,true,,,,,'10711278,,,,,,,,,,,,,,,,,,,,,,,,,,,,,,,,,,,,,,,,,,,,,,,https://cdn.shopify.com/s/files/1/0618/2368/0740/files/28_df8961ae-f159-414e-9fb3-7ed99fa841da.png?v=1717078351,kg,,,,,,
awesome-dino-t-shirt-for-kids-copy,,,,,,,,,11-12 YRS,,,Mahroon,,,,,'10711279,200.0,shopify,50,continue,manual,899.00,0.00,true,true,,,,,'10711279,,,,,,,,,,,,,,,,,,,,,,,,,,,,,,,,,,,,,,,,,,,,,,,https://cdn.shopify.com/s/files/1/0618/2368/0740/files/23_38a40137-7acb-40ac-bc2c-fb34aa5a6194.png?v=1717075652,kg,,,,,,
awesome-dino-t-shirt-for-kids-copy,,,,,,,,,11-12 YRS,,,White,,,,,'10711280,200.0,shopify,50,continue,manual,899.00,0.00,true,true,,,,,'10711280,,,,,,,,,,,,,,,,,,,,,,,,,,,,,,,,,,,,,,,,,,,,,,,https://cdn.shopify.com/s/files/1/0618/2368/0740/files/22_37f6c503-9c72-4751-9a2b-cbca168c10e0.png?v=1717078351,kg,,,,,,
awesome-dino-t-shirt-for-kids-copy,,,,,,,,,11-12 YRS,,,Grey,,,,,'10711281,200.0,shopify,50,continue,manual,899.00,0.00,true,true,,,,,'10711281,,,,,,,,,,,,,,,,,,,,,,,,,,,,,,,,,,,,,,,,,,,,,,,https://cdn.shopify.com/s/files/1/0618/2368/0740/files/15_862da500-29d5-4378-9df4-1a81d26c7cd8.png?v=1717078351,kg,,,,,,
awesome-dino-t-shirt-for-kids-copy,,,,,,,,,11-12 YRS,,,Red,,,,,'10711282,200.0,shopify,50,continue,manual,899.00,0.00,true,true,,,,,'10711282,,,,,,,,,,,,,,,,,,,,,,,,,,,,,,,,,,,,,,,,,,,,,,,https://cdn.shopify.com/s/files/1/0618/2368/0740/files/24_3ab94c75-7cb3-4b86-916c-729480bfcc0f.png?v=1717078351,kg,,,,,,
awesome-dino-t-shirt-for-kids-copy,,,,,,,,,11-12 YRS,,,Yellow,,,,,'10711283,200.0,shopify,50,continue,manual,899.00,0.00,true,true,,,,,'10711283,,,,,,,,,,,,,,,,,,,,,,,,,,,,,,,,,,,,,,,,,,,,,,,https://cdn.shopify.com/s/files/1/0618/2368/0740/files/16_39e101a1-d992-4ed6-8ac6-64bf63cdfba0.png?v=1717078351,kg,,,,,,
awesome-dino-t-shirt-for-kids-copy,,,,,,,,,11-12 YRS,,,Pink,,,,,'10711284,200.0,shopify,50,continue,manual,899.00,0.00,true,true,,,,,'10711284,,,,,,,,,,,,,,,,,,,,,,,,,,,,,,,,,,,,,,,,,,,,,,,https://cdn.shopify.com/s/files/1/0618/2368/0740/files/25_3dcaace2-c1c4-48a8-ba7b-0a922c17a9eb.png?v=1717078351,kg,,,,,,
awesome-dino-t-shirt-for-kids-copy,,,,,,,,,11-12 YRS,,,Orange,,,,,'10711285,200.0,shopify,50,continue,manual,899.00,0.00,true,true,,,,,'10711285,,,,,,,,,,,,,,,,,,,,,,,,,,,,,,,,,,,,,,,,,,,,,,,https://cdn.shopify.com/s/files/1/0618/2368/0740/files/26_de73fc94-d6fb-4b83-baf8-c4baa4201316.png?v=1717078351,kg,,,,,,
awesome-dino-t-shirt-for-kids-copy,,,,,,,,,11-12 YRS,,,Light Blue,,,,,'10711286,200.0,shopify,50,continue,manual,899.00,0.00,true,true,,,,,'10711286,,,,,,,,,,,,,,,,,,,,,,,,,,,,,,,,,,,,,,,,,,,,,,,https://cdn.shopify.com/s/files/1/0618/2368/0740/files/17_27d1d445-6909-41ca-8726-0cc1260bcfb1.png?v=1717078351,kg,,,,,,
awesome-dino-t-shirt-for-kids-copy,,,,,,,,,11-12 YRS,,,Green,,,,,'10711287,200.0,shopify,50,continue,manual,899.00,0.00,true,true,,,,,'10711287,,,,,,,,,,,,,,,,,,,,,,,,,,,,,,,,,,,,,,,,,,,,,,,https://cdn.shopify.com/s/files/1/0618/2368/0740/files/20_c3680650-54a0-43af-8f90-0c8868bb6b39.png?v=1717078351,kg,,,,,,
awesome-dino-t-shirt-for-kids-copy,,,,,,,,,11-12 YRS,,,Beige,,,,,'10711288,200.0,shopify,50,continue,manual,899.00,0.00,true,true,,,,,'10711288,,,,,,,,,,,,,,,,,,,,,,,,,,,,,,,,,,,,,,,,,,,,,,,https://cdn.shopify.com/s/files/1/0618/2368/0740/files/21_2bed2d28-52c1-44e7-993f-9366f496ebf7.png?v=1717078351,kg,,,,,,
awesome-dino-t-shirt-for-kids-copy,,,,,,,,,11-12 YRS,,,Black,,,,,'10711289,200.0,shopify,50,continue,manual,899.00,0.00,true,true,,,,,'10711289,,,,,,,,,,,,,,,,,,,,,,,,,,,,,,,,,,,,,,,,,,,,,,,https://cdn.shopify.com/s/files/1/0618/2368/0740/files/8_ae0e468b-c82d-4aa8-9224-224ddbd05d66.png?v=1717078351,kg,,,,,,
awesome-dino-t-shirt-for-kids-copy,,,,,,,,,11-12 YRS,,,Bottle Green,,,,,'10711290,200.0,shopify,50,continue,manual,899.00,0.00,true,true,,,,,'10711290,,,,,,,,,,,,,,,,,,,,,,,,,,,,,,,,,,,,,,,,,,,,,,,https://cdn.shopify.com/s/files/1/0618/2368/0740/files/19.png?v=1717078351,kg,,,,,,
awesome-dino-t-shirt-for-kids-copy,,,,,,,,,11-12 YRS,,,Royal Blue,,,,,'10711291,200.0,shopify,50,continue,manual,899.00,0.00,true,true,,,,,'10711291,,,,,,,,,,,,,,,,,,,,,,,,,,,,,,,,,,,,,,,,,,,,,,,https://cdn.shopify.com/s/files/1/0618/2368/0740/files/27_f8885e57-6a69-40c4-9a67-5ed9895b39b6.png?v=1717078351,kg,,,,,,
awesome-dino-t-shirt-for-kids-copy,,,,,,,,,11-12 YRS,,,Purple,,,,,'10711292,200.0,shopify,50,continue,manual,899.00,0.00,true,true,,,,,'10711292,,,,,,,,,,,,,,,,,,,,,,,,,,,,,,,,,,,,,,,,,,,,,,,https://cdn.shopify.com/s/files/1/0618/2368/0740/files/28_df8961ae-f159-414e-9fb3-7ed99fa841da.png?v=1717078351,kg,,,,,,
awesome-dino-t-shirt-for-kids-copy,,,,,,,,,13-14 YRS,,,Mahroon,,,,,'10711293,200.0,shopify,49,continue,manual,999.00,0.00,true,true,,,,,'10711293,,,,,,,,,,,,,,,,,,,,,,,,,,,,,,,,,,,,,,,,,,,,,,,https://cdn.shopify.com/s/files/1/0618/2368/0740/files/23_38a40137-7acb-40ac-bc2c-fb34aa5a6194.png?v=1717075652,kg,,,,,,
awesome-dino-t-shirt-for-kids-copy,,,,,,,,,13-14 YRS,,,White,,,,,'10711294,200.0,shopify,50,continue,manual,999.00,0.00,true,true,,,,,'10711294,,,,,,,,,,,,,,,,,,,,,,,,,,,,,,,,,,,,,,,,,,,,,,,https://cdn.shopify.com/s/files/1/0618/2368/0740/files/22_37f6c503-9c72-4751-9a2b-cbca168c10e0.png?v=1717078351,kg,,,,,,
awesome-dino-t-shirt-for-kids-copy,,,,,,,,,13-14 YRS,,,Grey,,,,,'10711295,200.0,shopify,50,continue,manual,999.00,0.00,true,true,,,,,'10711295,,,,,,,,,,,,,,,,,,,,,,,,,,,,,,,,,,,,,,,,,,,,,,,https://cdn.shopify.com/s/files/1/0618/2368/0740/files/15_862da500-29d5-4378-9df4-1a81d26c7cd8.png?v=1717078351,kg,,,,,,
awesome-dino-t-shirt-for-kids-copy,,,,,,,,,13-14 YRS,,,Red,,,,,'10711296,200.0,shopify,50,continue,manual,999.00,0.00,true,true,,,,,'10711296,,,,,,,,,,,,,,,,,,,,,,,,,,,,,,,,,,,,,,,,,,,,,,,https://cdn.shopify.com/s/files/1/0618/2368/0740/files/24_3ab94c75-7cb3-4b86-916c-729480bfcc0f.png?v=1717078351,kg,,,,,,
awesome-dino-t-shirt-for-kids-copy,,,,,,,,,13-14 YRS,,,Yellow,,,,,'10711297,200.0,shopify,50,continue,manual,999.00,0.00,true,true,,,,,'10711297,,,,,,,,,,,,,,,,,,,,,,,,,,,,,,,,,,,,,,,,,,,,,,,https://cdn.shopify.com/s/files/1/0618/2368/0740/files/16_39e101a1-d992-4ed6-8ac6-64bf63cdfba0.png?v=1717078351,kg,,,,,,
awesome-dino-t-shirt-for-kids-copy,,,,,,,,,13-14 YRS,,,Pink,,,,,'10711298,200.0,shopify,50,continue,manual,999.00,0.00,true,true,,,,,'10711298,,,,,,,,,,,,,,,,,,,,,,,,,,,,,,,,,,,,,,,,,,,,,,,https://cdn.shopify.com/s/files/1/0618/2368/0740/files/25_3dcaace2-c1c4-48a8-ba7b-0a922c17a9eb.png?v=1717078351,kg,,,,,,
awesome-dino-t-shirt-for-kids-copy,,,,,,,,,13-14 YRS,,,Orange,,,,,'10711299,200.0,shopify,50,continue,manual,999.00,0.00,true,true,,,,,'10711299,,,,,,,,,,,,,,,,,,,,,,,,,,,,,,,,,,,,,,,,,,,,,,,https://cdn.shopify.com/s/files/1/0618/2368/0740/files/26_de73fc94-d6fb-4b83-baf8-c4baa4201316.png?v=1717078351,kg,,,,,,
awesome-dino-t-shirt-for-kids-copy,,,,,,,,,13-14 YRS,,,Light Blue,,,,,'10711300,200.0,shopify,50,continue,manual,999.00,0.00,true,true,,,,,'10711300,,,,,,,,,,,,,,,,,,,,,,,,,,,,,,,,,,,,,,,,,,,,,,,https://cdn.shopify.com/s/files/1/0618/2368/0740/files/17_27d1d445-6909-41ca-8726-0cc1260bcfb1.png?v=1717078351,kg,,,,,,
awesome-dino-t-shirt-for-kids-copy,,,,,,,,,13-14 YRS,,,Green,,,,,'10711301,200.0,shopify,50,continue,manual,999.00,0.00,true,true,,,,,'10711301,,,,,,,,,,,,,,,,,,,,,,,,,,,,,,,,,,,,,,,,,,,,,,,https://cdn.shopify.com/s/files/1/0618/2368/0740/files/20_c3680650-54a0-43af-8f90-0c8868bb6b39.png?v=1717078351,kg,,,,,,
awesome-dino-t-shirt-for-kids-copy,,,,,,,,,13-14 YRS,,,Beige,,,,,'10711302,200.0,shopify,50,continue,manual,999.00,0.00,true,true,,,,,'10711302,,,,,,,,,,,,,,,,,,,,,,,,,,,,,,,,,,,,,,,,,,,,,,,https://cdn.shopify.com/s/files/1/0618/2368/0740/files/21_2bed2d28-52c1-44e7-993f-9366f496ebf7.png?v=1717078351,kg,,,,,,
awesome-dino-t-shirt-for-kids-copy,,,,,,,,,13-14 YRS,,,Black,,,,,'10711303,200.0,shopify,50,continue,manual,999.00,0.00,true,true,,,,,'10711303,,,,,,,,,,,,,,,,,,,,,,,,,,,,,,,,,,,,,,,,,,,,,,,https://cdn.shopify.com/s/files/1/0618/2368/0740/files/8_ae0e468b-c82d-4aa8-9224-224ddbd05d66.png?v=1717078351,kg,,,,,,
awesome-dino-t-shirt-for-kids-copy,,,,,,,,,13-14 YRS,,,Bottle Green,,,,,'10711304,200.0,shopify,50,continue,manual,999.00,0.00,true,true,,,,,'10711304,,,,,,,,,,,,,,,,,,,,,,,,,,,,,,,,,,,,,,,,,,,,,,,https://cdn.shopify.com/s/files/1/0618/2368/0740/files/19.png?v=1717078351,kg,,,,,,
awesome-dino-t-shirt-for-kids-copy,,,,,,,,,13-14 YRS,,,Royal Blue,,,,,'10711305,200.0,shopify,50,continue,manual,999.00,0.00,true,true,,,,,'10711305,,,,,,,,,,,,,,,,,,,,,,,,,,,,,,,,,,,,,,,,,,,,,,,https://cdn.shopify.com/s/files/1/0618/2368/0740/files/27_f8885e57-6a69-40c4-9a67-5ed9895b39b6.png?v=1717078351,kg,,,,,,
awesome-dino-t-shirt-for-kids-copy,,,,,,,,,13-14 YRS,,,Purple,,,,,'10706837,200.0,shopify,50,continue,manual,999.00,0.00,true,true,,,,,'10706837,,,,,,,,,,,,,,,,,,,,,,,,,,,,,,,,,,,,,,,,,,,,,,,https://cdn.shopify.com/s/files/1/0618/2368/0740/files/28_df8961ae-f159-414e-9fb3-7ed99fa841da.png?v=1717078351,kg,,,,,,
dino-world-t-shirt-for-kids-copy,DJ BEAR T Shirt for Kid,"<div>Fabric: High-Quality Cotton Jersey</div>
<div>Half Sleeve T-Shirt</div>
<div>Round Neck</div>
<div>High Quality DTF Printed</div>
<div>Soft and Comfortable Wear</div>
<div>Easy Wash &amp; Press</div>
<div>Sizes 1-14 years </div>
<div><span>Disclaimer: Colors may vary slightly due to studio lights. </span></div>",BBG FASHION CLOTHING STORE,Apparel & Accessories > Clothing > Clothing Tops > T-Shirts,kids T-Shirts,kids T-Shirts,false,Size,1-2 YRS,,Color,Bottle Green,,,,,'10711113,200.0,shopify,50,continue,manual,799.00,0.00,true,true,,,,,'10711113,https://cdn.shopify.com/s/files/1/0618/2368/0740/files/21_27f9e238-32a4-4b76-9140-1669a694e563.png?v=1717075622,1,Dino World T Shirt For Kids Copy - front view - kids wear Pakistan,false,,,212,,,,,,,,,,,,,,,,,,,,,,,,,,,,,,,,,,,,,,,,https://cdn.shopify.com/s/files/1/0618/2368/0740/files/21_27f9e238-32a4-4b76-9140-1669a694e563.png?v=1717075622,kg,,,true,,,draft
dino-world-t-shirt-for-kids-copy,,,,,,,,,1-2 YRS,,,Mahroon,,,,,'10711114,200.0,shopify,50,continue,manual,799.00,0.00,true,true,,,,,'10711114,https://cdn.shopify.com/s/files/1/0618/2368/0740/files/bbg_f9058e17-05f2-4eb2-881e-2c7abe15fb87.png?v=1717078409,2,Dino World T Shirt For Kids Copy - back view - kids wear Pakistan,,,,,,,,,,,,,,,,,,,,,,,,,,,,,,,,,,,,,,,,,,,,https://cdn.shopify.com/s/files/1/0618/2368/0740/files/16_ca1cddd9-1c94-434e-8ac6-09038be39882.png?v=1717078409,kg,,,,,,
dino-world-t-shirt-for-kids-copy,,,,,,,,,1-2 YRS,,,White,,,,,'10711115,200.0,shopify,50,continue,manual,799.00,0.00,true,true,,,,,'10711115,https://cdn.shopify.com/s/files/1/0618/2368/0740/files/20_d1326793-43a3-4450-bfc2-ea4909129b86.png?v=1717078409,3,Dino World T Shirt For Kids Copy - side view - kids wear Pakistan,,,,,,,,,,,,,,,,,,,,,,,,,,,,,,,,,,,,,,,,,,,,https://cdn.shopify.com/s/files/1/0618/2368/0740/files/11_f0953670-f477-473f-b23c-f32dfd642bdc.png?v=1717078409,kg,,,,,,
dino-world-t-shirt-for-kids-copy,,,,,,,,,1-2 YRS,,,Grey,,,,,'10711116,200.0,shopify,50,continue,manual,799.00,0.00,true,true,,,,,'10711116,https://cdn.shopify.com/s/files/1/0618/2368/0740/files/12_534272ec-0ba6-472d-adfb-669055f209f2.png?v=1717078409,4,Dino World T Shirt For Kids Copy - detail shot - kids wear Pakistan,,,,,,,,,,,,,,,,,,,,,,,,,,,,,,,,,,,,,,,,,,,,https://cdn.shopify.com/s/files/1/0618/2368/0740/files/17_689b2bcf-aeec-4d33-8d86-b84140581716.png?v=1717078409,kg,,,,,,
dino-world-t-shirt-for-kids-copy,,,,,,,,,1-2 YRS,,,Red,,,,,'10711117,200.0,shopify,50,continue,manual,799.00,0.00,true,true,,,,,'10711117,https://cdn.shopify.com/s/files/1/0618/2368/0740/files/13_481a61c8-6b0f-4e4b-8c59-8d7bc56344b7.png?v=1717078409,5,Dino World T Shirt For Kids Copy - front view - kids wear Pakistan,,,,,,,,,,,,,,,,,,,,,,,,,,,,,,,,,,,,,,,,,,,,https://cdn.shopify.com/s/files/1/0618/2368/0740/files/12_534272ec-0ba6-472d-adfb-669055f209f2.png?v=1717078409,kg,,,,,,
dino-world-t-shirt-for-kids-copy,,,,,,,,,1-2 YRS,,,Yellow,,,,,'10711118,200.0,shopify,50,continue,manual,799.00,0.00,true,true,,,,,'10711118,https://cdn.shopify.com/s/files/1/0618/2368/0740/files/14_da4b1e79-697f-471c-a594-c1f374861a9b.png?v=1717078409,6,Dino World T Shirt For Kids Copy - back view - kids wear Pakistan,,,,,,,,,,,,,,,,,,,,,,,,,,,,,,,,,,,,,,,,,,,,https://cdn.shopify.com/s/files/1/0618/2368/0740/files/18_24590fcb-cc56-4ee1-80e2-a3dffe7ac29c.png?v=1717078409,kg,,,,,,
dino-world-t-shirt-for-kids-copy,,,,,,,,,1-2 YRS,,,Pink,,,,,'10711119,200.0,shopify,50,continue,manual,799.00,0.00,true,true,,,,,'10711119,https://cdn.shopify.com/s/files/1/0618/2368/0740/files/15_7da80592-2cc5-4e64-a292-6951c0413586.png?v=1717078409,7,Dino World T Shirt For Kids Copy - side view - kids wear Pakistan,,,,,,,,,,,,,,,,,,,,,,,,,,,,,,,,,,,,,,,,,,,,https://cdn.shopify.com/s/files/1/0618/2368/0740/files/15_7da80592-2cc5-4e64-a292-6951c0413586.png?v=1717078409,kg,,,,,,
dino-world-t-shirt-for-kids-copy,,,,,,,,,1-2 YRS,,,Orange,,,,,'10711120,200.0,shopify,50,continue,manual,799.00,0.00,true,true,,,,,'10711120,https://cdn.shopify.com/s/files/1/0618/2368/0740/files/16_ca1cddd9-1c94-434e-8ac6-09038be39882.png?v=1717078409,8,Dino World T Shirt For Kids Copy - detail shot - kids wear Pakistan,,,,,,,,,,,,,,,,,,,,,,,,,,,,,,,,,,,,,,,,,,,,https://cdn.shopify.com/s/files/1/0618/2368/0740/files/13_481a61c8-6b0f-4e4b-8c59-8d7bc56344b7.png?v=1717078409,kg,,,,,,
dino-world-t-shirt-for-kids-copy,,,,,,,,,1-2 YRS,,,Light Blue,,,,,'10711121,200.0,shopify,50,continue,manual,799.00,0.00,true,true,,,,,'10711121,https://cdn.shopify.com/s/files/1/0618/2368/0740/files/17_689b2bcf-aeec-4d33-8d86-b84140581716.png?v=1717078409,9,Dino World T Shirt For Kids Copy - front view - kids wear Pakistan,,,,,,,,,,,,,,,,,,,,,,,,,,,,,,,,,,,,,,,,,,,,https://cdn.shopify.com/s/files/1/0618/2368/0740/files/19_ad454fb9-3f1c-436e-bed9-371b263506c1.png?v=1717078409,kg,,,,,,
dino-world-t-shirt-for-kids-copy,,,,,,,,,1-2 YRS,,,Green,,,,,'10711122,200.0,shopify,50,continue,manual,799.00,0.00,true,true,,,,,'10711122,https://cdn.shopify.com/s/files/1/0618/2368/0740/files/18_24590fcb-cc56-4ee1-80e2-a3dffe7ac29c.png?v=1717078409,10,Dino World T Shirt For Kids Copy - back view - kids wear Pakistan,,,,,,,,,,,,,,,,,,,,,,,,,,,,,,,,,,,,,,,,,,,,https://cdn.shopify.com/s/files/1/0618/2368/0740/files/22_d7955b4f-f048-48a8-ad74-47e90dbe0e48.png?v=1717078409,kg,,,,,,
dino-world-t-shirt-for-kids-copy,,,,,,,,,1-2 YRS,,,Beige,,,,,'10711123,200.0,shopify,50,continue,manual,799.00,0.00,true,true,,,,,'10711123,https://cdn.shopify.com/s/files/1/0618/2368/0740/files/19_ad454fb9-3f1c-436e-bed9-371b263506c1.png?v=1717078409,11,Dino World T Shirt For Kids Copy - side view - kids wear Pakistan,,,,,,,,,,,,,,,,,,,,,,,,,,,,,,,,,,,,,,,,,,,,https://cdn.shopify.com/s/files/1/0618/2368/0740/files/23_44c86a2f-83ca-4158-9609-ff32fd898439.png?v=1717078409,kg,,,,,,
dino-world-t-shirt-for-kids-copy,,,,,,,,,1-2 YRS,,,Black,,,,,'10711124,200.0,shopify,50,continue,manual,799.00,0.00,true,true,,,,,'10711124,https://cdn.shopify.com/s/files/1/0618/2368/0740/files/22_d7955b4f-f048-48a8-ad74-47e90dbe0e48.png?v=1717078409,12,Dino World T Shirt For Kids Copy - detail shot - kids wear Pakistan,,,,,,,,,,,,,,,,,,,,,,,,,,,,,,,,,,,,,,,,,,,,https://cdn.shopify.com/s/files/1/0618/2368/0740/files/10_31dfc583-4867-49c7-9dc1-1e30de6652e7.png?v=1717078409,kg,,,,,,
dino-world-t-shirt-for-kids-copy,,,,,,,,,1-2 YRS,,,Navy Blue,,,,,'10711125,200.0,shopify,50,continue,manual,799.00,0.00,true,true,,,,,'10711125,https://cdn.shopify.com/s/files/1/0618/2368/0740/files/23_44c86a2f-83ca-4158-9609-ff32fd898439.png?v=1717078409,13,Dino World T Shirt For Kids Copy - front view - kids wear Pakistan,,,,,,,,,,,,,,,,,,,,,,,,,,,,,,,,,,,,,,,,,,,,https://cdn.shopify.com/s/files/1/0618/2368/0740/files/20_d1326793-43a3-4450-bfc2-ea4909129b86.png?v=1717078409,kg,,,,,,
dino-world-t-shirt-for-kids-copy,,,,,,,,,1-2 YRS,,,Royal Blue,,,,,'10711126,200.0,shopify,50,continue,manual,799.00,0.00,true,true,,,,,'10711126,https://cdn.shopify.com/s/files/1/0618/2368/0740/files/11_f0953670-f477-473f-b23c-f32dfd642bdc.png?v=1717078409,14,Dino World T Shirt For Kids Copy - back view - kids wear Pakistan,,,,,,,,,,,,,,,,,,,,,,,,,,,,,,,,,,,,,,,,,,,,https://cdn.shopify.com/s/files/1/0618/2368/0740/files/14_da4b1e79-697f-471c-a594-c1f374861a9b.png?v=1717078409,kg,,,,,,
dino-world-t-shirt-for-kids-copy,,,,,,,,,3-4 YRS,,,Bottle Green,,,,,'10711127,200.0,shopify,50,continue,manual,799.00,0.00,true,true,,,,,'10711127,https://cdn.shopify.com/s/files/1/0618/2368/0740/files/10_31dfc583-4867-49c7-9dc1-1e30de6652e7.png?v=1717078409,15,Dino World T Shirt For Kids Copy - side view - kids wear Pakistan,,,,,,,,,,,,,,,,,,,,,,,,,,,,,,,,,,,,,,,,,,,,https://cdn.shopify.com/s/files/1/0618/2368/0740/files/21_27f9e238-32a4-4b76-9140-1669a694e563.png?v=1717075622,kg,,,,,,
dino-world-t-shirt-for-kids-copy,,,,,,,,,3-4 YRS,,,Mahroon,,,,,'10711128,200.0,shopify,50,continue,manual,799.00,0.00,true,true,,,,,'10711128,,,,,,,,,,,,,,,,,,,,,,,,,,,,,,,,,,,,,,,,,,,,,,,https://cdn.shopify.com/s/files/1/0618/2368/0740/files/16_ca1cddd9-1c94-434e-8ac6-09038be39882.png?v=1717078409,kg,,,,,,
dino-world-t-shirt-for-kids-copy,,,,,,,,,3-4 YRS,,,White,,,,,'10711129,200.0,shopify,50,continue,manual,799.00,0.00,true,true,,,,,'10711129,,,,,,,,,,,,,,,,,,,,,,,,,,,,,,,,,,,,,,,,,,,,,,,https://cdn.shopify.com/s/files/1/0618/2368/0740/files/11_f0953670-f477-473f-b23c-f32dfd642bdc.png?v=1717078409,kg,,,,,,
dino-world-t-shirt-for-kids-copy,,,,,,,,,3-4 YRS,,,Grey,,,,,'10711130,200.0,shopify,50,continue,manual,799.00,0.00,true,true,,,,,'10711130,,,,,,,,,,,,,,,,,,,,,,,,,,,,,,,,,,,,,,,,,,,,,,,https://cdn.shopify.com/s/files/1/0618/2368/0740/files/17_689b2bcf-aeec-4d33-8d86-b84140581716.png?v=1717078409,kg,,,,,,
dino-world-t-shirt-for-kids-copy,,,,,,,,,3-4 YRS,,,Red,,,,,'10711131,200.0,shopify,50,continue,manual,799.00,0.00,true,true,,,,,'10711131,,,,,,,,,,,,,,,,,,,,,,,,,,,,,,,,,,,,,,,,,,,,,,,https://cdn.shopify.com/s/files/1/0618/2368/0740/files/12_534272ec-0ba6-472d-adfb-669055f209f2.png?v=1717078409,kg,,,,,,
dino-world-t-shirt-for-kids-copy,,,,,,,,,3-4 YRS,,,Yellow,,,,,'10711132,200.0,shopify,50,continue,manual,799.00,0.00,true,true,,,,,'10711132,,,,,,,,,,,,,,,,,,,,,,,,,,,,,,,,,,,,,,,,,,,,,,,https://cdn.shopify.com/s/files/1/0618/2368/0740/files/18_24590fcb-cc56-4ee1-80e2-a3dffe7ac29c.png?v=1717078409,kg,,,,,,
dino-world-t-shirt-for-kids-copy,,,,,,,,,3-4 YRS,,,Pink,,,,,'10711133,200.0,shopify,50,continue,manual,799.00,0.00,true,true,,,,,'10711133,,,,,,,,,,,,,,,,,,,,,,,,,,,,,,,,,,,,,,,,,,,,,,,https://cdn.shopify.com/s/files/1/0618/2368/0740/files/15_7da80592-2cc5-4e64-a292-6951c0413586.png?v=1717078409,kg,,,,,,
dino-world-t-shirt-for-kids-copy,,,,,,,,,3-4 YRS,,,Orange,,,,,'10711134,200.0,shopify,50,continue,manual,799.00,0.00,true,true,,,,,'10711134,,,,,,,,,,,,,,,,,,,,,,,,,,,,,,,,,,,,,,,,,,,,,,,https://cdn.shopify.com/s/files/1/0618/2368/0740/files/13_481a61c8-6b0f-4e4b-8c59-8d7bc56344b7.png?v=1717078409,kg,,,,,,
dino-world-t-shirt-for-kids-copy,,,,,,,,,3-4 YRS,,,Light Blue,,,,,'10711135,200.0,shopify,50,continue,manual,799.00,0.00,true,true,,,,,'10711135,,,,,,,,,,,,,,,,,,,,,,,,,,,,,,,,,,,,,,,,,,,,,,,https://cdn.shopify.com/s/files/1/0618/2368/0740/files/19_ad454fb9-3f1c-436e-bed9-371b263506c1.png?v=1717078409,kg,,,,,,
dino-world-t-shirt-for-kids-copy,,,,,,,,,3-4 YRS,,,Green,,,,,'10711136,200.0,shopify,50,continue,manual,799.00,0.00,true,true,,,,,'10711136,,,,,,,,,,,,,,,,,,,,,,,,,,,,,,,,,,,,,,,,,,,,,,,https://cdn.shopify.com/s/files/1/0618/2368/0740/files/22_d7955b4f-f048-48a8-ad74-47e90dbe0e48.png?v=1717078409,kg,,,,,,
dino-world-t-shirt-for-kids-copy,,,,,,,,,3-4 YRS,,,Beige,,,,,'10711137,200.0,shopify,50,continue,manual,799.00,0.00,true,true,,,,,'10711137,,,,,,,,,,,,,,,,,,,,,,,,,,,,,,,,,,,,,,,,,,,,,,,https://cdn.shopify.com/s/files/1/0618/2368/0740/files/23_44c86a2f-83ca-4158-9609-ff32fd898439.png?v=1717078409,kg,,,,,,
dino-world-t-shirt-for-kids-copy,,,,,,,,,3-4 YRS,,,Black,,,,,'10711138,200.0,shopify,50,continue,manual,799.00,0.00,true,true,,,,,'10711138,,,,,,,,,,,,,,,,,,,,,,,,,,,,,,,,,,,,,,,,,,,,,,,https://cdn.shopify.com/s/files/1/0618/2368/0740/files/10_31dfc583-4867-49c7-9dc1-1e30de6652e7.png?v=1717078409,kg,,,,,,
dino-world-t-shirt-for-kids-copy,,,,,,,,,3-4 YRS,,,Navy Blue,,,,,'10711139,200.0,shopify,50,continue,manual,799.00,0.00,true,true,,,,,'10711139,,,,,,,,,,,,,,,,,,,,,,,,,,,,,,,,,,,,,,,,,,,,,,,https://cdn.shopify.com/s/files/1/0618/2368/0740/files/20_d1326793-43a3-4450-bfc2-ea4909129b86.png?v=1717078409,kg,,,,,,
dino-world-t-shirt-for-kids-copy,,,,,,,,,3-4 YRS,,,Royal Blue,,,,,'10711140,200.0,shopify,50,continue,manual,799.00,0.00,true,true,,,,,'10711140,,,,,,,,,,,,,,,,,,,,,,,,,,,,,,,,,,,,,,,,,,,,,,,https://cdn.shopify.com/s/files/1/0618/2368/0740/files/14_da4b1e79-697f-471c-a594-c1f374861a9b.png?v=1717078409,kg,,,,,,
dino-world-t-shirt-for-kids-copy,,,,,,,,,5-6 YRS,,,Bottle Green,,,,,'10711141,200.0,shopify,50,continue,manual,799.00,0.00,true,true,,,,,'10711141,,,,,,,,,,,,,,,,,,,,,,,,,,,,,,,,,,,,,,,,,,,,,,,https://cdn.shopify.com/s/files/1/0618/2368/0740/files/21_27f9e238-32a4-4b76-9140-1669a694e563.png?v=1717075622,kg,,,,,,
dino-world-t-shirt-for-kids-copy,,,,,,,,,5-6 YRS,,,Mahroon,,,,,'10711142,200.0,shopify,50,continue,manual,799.00,0.00,true,true,,,,,'10711142,,,,,,,,,,,,,,,,,,,,,,,,,,,,,,,,,,,,,,,,,,,,,,,https://cdn.shopify.com/s/files/1/0618/2368/0740/files/16_ca1cddd9-1c94-434e-8ac6-09038be39882.png?v=1717078409,kg,,,,,,
dino-world-t-shirt-for-kids-copy,,,,,,,,,5-6 YRS,,,White,,,,,'10711143,200.0,shopify,50,continue,manual,799.00,0.00,true,true,,,,,'10711143,,,,,,,,,,,,,,,,,,,,,,,,,,,,,,,,,,,,,,,,,,,,,,,https://cdn.shopify.com/s/files/1/0618/2368/0740/files/11_f0953670-f477-473f-b23c-f32dfd642bdc.png?v=1717078409,kg,,,,,,
dino-world-t-shirt-for-kids-copy,,,,,,,,,5-6 YRS,,,Grey,,,,,'10711144,200.0,shopify,50,continue,manual,799.00,0.00,true,true,,,,,'10711144,,,,,,,,,,,,,,,,,,,,,,,,,,,,,,,,,,,,,,,,,,,,,,,https://cdn.shopify.com/s/files/1/0618/2368/0740/files/17_689b2bcf-aeec-4d33-8d86-b84140581716.png?v=1717078409,kg,,,,,,
dino-world-t-shirt-for-kids-copy,,,,,,,,,5-6 YRS,,,Red,,,,,'10711145,200.0,shopify,50,continue,manual,799.00,0.00,true,true,,,,,'10711145,,,,,,,,,,,,,,,,,,,,,,,,,,,,,,,,,,,,,,,,,,,,,,,https://cdn.shopify.com/s/files/1/0618/2368/0740/files/12_534272ec-0ba6-472d-adfb-669055f209f2.png?v=1717078409,kg,,,,,,
dino-world-t-shirt-for-kids-copy,,,,,,,,,5-6 YRS,,,Yellow,,,,,'10711146,200.0,shopify,50,continue,manual,799.00,0.00,true,true,,,,,'10711146,,,,,,,,,,,,,,,,,,,,,,,,,,,,,,,,,,,,,,,,,,,,,,,https://cdn.shopify.com/s/files/1/0618/2368/0740/files/18_24590fcb-cc56-4ee1-80e2-a3dffe7ac29c.png?v=1717078409,kg,,,,,,
dino-world-t-shirt-for-kids-copy,,,,,,,,,5-6 YRS,,,Pink,,,,,'10711147,200.0,shopify,50,continue,manual,799.00,0.00,true,true,,,,,'10711147,,,,,,,,,,,,,,,,,,,,,,,,,,,,,,,,,,,,,,,,,,,,,,,https://cdn.shopify.com/s/files/1/0618/2368/0740/files/15_7da80592-2cc5-4e64-a292-6951c0413586.png?v=1717078409,kg,,,,,,
dino-world-t-shirt-for-kids-copy,,,,,,,,,5-6 YRS,,,Orange,,,,,'10711148,200.0,shopify,50,continue,manual,799.00,0.00,true,true,,,,,'10711148,,,,,,,,,,,,,,,,,,,,,,,,,,,,,,,,,,,,,,,,,,,,,,,https://cdn.shopify.com/s/files/1/0618/2368/0740/files/13_481a61c8-6b0f-4e4b-8c59-8d7bc56344b7.png?v=1717078409,kg,,,,,,
dino-world-t-shirt-for-kids-copy,,,,,,,,,5-6 YRS,,,Light Blue,,,,,'10711149,200.0,shopify,50,continue,manual,799.00,0.00,true,true,,,,,'10711149,,,,,,,,,,,,,,,,,,,,,,,,,,,,,,,,,,,,,,,,,,,,,,,https://cdn.shopify.com/s/files/1/0618/2368/0740/files/19_ad454fb9-3f1c-436e-bed9-371b263506c1.png?v=1717078409,kg,,,,,,
dino-world-t-shirt-for-kids-copy,,,,,,,,,5-6 YRS,,,Green,,,,,'10711150,200.0,shopify,50,continue,manual,799.00,0.00,true,true,,,,,'10711150,,,,,,,,,,,,,,,,,,,,,,,,,,,,,,,,,,,,,,,,,,,,,,,https://cdn.shopify.com/s/files/1/0618/2368/0740/files/22_d7955b4f-f048-48a8-ad74-47e90dbe0e48.png?v=1717078409,kg,,,,,,
dino-world-t-shirt-for-kids-copy,,,,,,,,,5-6 YRS,,,Beige,,,,,'10711151,200.0,shopify,50,continue,manual,799.00,0.00,true,true,,,,,'10711151,,,,,,,,,,,,,,,,,,,,,,,,,,,,,,,,,,,,,,,,,,,,,,,https://cdn.shopify.com/s/files/1/0618/2368/0740/files/23_44c86a2f-83ca-4158-9609-ff32fd898439.png?v=1717078409,kg,,,,,,
dino-world-t-shirt-for-kids-copy,,,,,,,,,5-6 YRS,,,Black,,,,,'10711152,200.0,shopify,50,continue,manual,799.00,0.00,true,true,,,,,'10711152,,,,,,,,,,,,,,,,,,,,,,,,,,,,,,,,,,,,,,,,,,,,,,,https://cdn.shopify.com/s/files/1/0618/2368/0740/files/10_31dfc583-4867-49c7-9dc1-1e30de6652e7.png?v=1717078409,kg,,,,,,
dino-world-t-shirt-for-kids-copy,,,,,,,,,5-6 YRS,,,Navy Blue,,,,,'10711153,200.0,shopify,50,continue,manual,799.00,0.00,true,true,,,,,'10711153,,,,,,,,,,,,,,,,,,,,,,,,,,,,,,,,,,,,,,,,,,,,,,,https://cdn.shopify.com/s/files/1/0618/2368/0740/files/20_d1326793-43a3-4450-bfc2-ea4909129b86.png?v=1717078409,kg,,,,,,
dino-world-t-shirt-for-kids-copy,,,,,,,,,5-6 YRS,,,Royal Blue,,,,,'10711154,200.0,shopify,50,continue,manual,799.00,0.00,true,true,,,,,'10711154,,,,,,,,,,,,,,,,,,,,,,,,,,,,,,,,,,,,,,,,,,,,,,,https://cdn.shopify.com/s/files/1/0618/2368/0740/files/14_da4b1e79-697f-471c-a594-c1f374861a9b.png?v=1717078409,kg,,,,,,
dino-world-t-shirt-for-kids-copy,,,,,,,,,7-8 YRS,,,Bottle Green,,,,,'10711155,200.0,shopify,49,continue,manual,799.00,0.00,true,true,,,,,'10711155,,,,,,,,,,,,,,,,,,,,,,,,,,,,,,,,,,,,,,,,,,,,,,,https://cdn.shopify.com/s/files/1/0618/2368/0740/files/21_27f9e238-32a4-4b76-9140-1669a694e563.png?v=1717075622,kg,,,,,,
dino-world-t-shirt-for-kids-copy,,,,,,,,,7-8 YRS,,,Mahroon,,,,,'10711156,200.0,shopify,50,continue,manual,799.00,0.00,true,true,,,,,'10711156,,,,,,,,,,,,,,,,,,,,,,,,,,,,,,,,,,,,,,,,,,,,,,,https://cdn.shopify.com/s/files/1/0618/2368/0740/files/16_ca1cddd9-1c94-434e-8ac6-09038be39882.png?v=1717078409,kg,,,,,,
dino-world-t-shirt-for-kids-copy,,,,,,,,,7-8 YRS,,,White,,,,,'10711157,200.0,shopify,50,continue,manual,799.00,0.00,true,true,,,,,'10711157,,,,,,,,,,,,,,,,,,,,,,,,,,,,,,,,,,,,,,,,,,,,,,,https://cdn.shopify.com/s/files/1/0618/2368/0740/files/11_f0953670-f477-473f-b23c-f32dfd642bdc.png?v=1717078409,kg,,,,,,
dino-world-t-shirt-for-kids-copy,,,,,,,,,7-8 YRS,,,Grey,,,,,'10711158,200.0,shopify,50,continue,manual,799.00,0.00,true,true,,,,,'10711158,,,,,,,,,,,,,,,,,,,,,,,,,,,,,,,,,,,,,,,,,,,,,,,https://cdn.shopify.com/s/files/1/0618/2368/0740/files/17_689b2bcf-aeec-4d33-8d86-b84140581716.png?v=1717078409,kg,,,,,,
dino-world-t-shirt-for-kids-copy,,,,,,,,,7-8 YRS,,,Red,,,,,'10711159,200.0,shopify,50,continue,manual,799.00,0.00,true,true,,,,,'10711159,,,,,,,,,,,,,,,,,,,,,,,,,,,,,,,,,,,,,,,,,,,,,,,https://cdn.shopify.com/s/files/1/0618/2368/0740/files/12_534272ec-0ba6-472d-adfb-669055f209f2.png?v=1717078409,kg,,,,,,
dino-world-t-shirt-for-kids-copy,,,,,,,,,7-8 YRS,,,Yellow,,,,,'10711160,200.0,shopify,50,continue,manual,799.00,0.00,true,true,,,,,'10711160,,,,,,,,,,,,,,,,,,,,,,,,,,,,,,,,,,,,,,,,,,,,,,,https://cdn.shopify.com/s/files/1/0618/2368/0740/files/18_24590fcb-cc56-4ee1-80e2-a3dffe7ac29c.png?v=1717078409,kg,,,,,,
dino-world-t-shirt-for-kids-copy,,,,,,,,,7-8 YRS,,,Pink,,,,,'10711161,200.0,shopify,50,continue,manual,799.00,0.00,true,true,,,,,'10711161,,,,,,,,,,,,,,,,,,,,,,,,,,,,,,,,,,,,,,,,,,,,,,,https://cdn.shopify.com/s/files/1/0618/2368/0740/files/15_7da80592-2cc5-4e64-a292-6951c0413586.png?v=1717078409,kg,,,,,,
dino-world-t-shirt-for-kids-copy,,,,,,,,,7-8 YRS,,,Orange,,,,,'10711162,200.0,shopify,50,continue,manual,799.00,0.00,true,true,,,,,'10711162,,,,,,,,,,,,,,,,,,,,,,,,,,,,,,,,,,,,,,,,,,,,,,,https://cdn.shopify.com/s/files/1/0618/2368/0740/files/13_481a61c8-6b0f-4e4b-8c59-8d7bc56344b7.png?v=1717078409,kg,,,,,,
dino-world-t-shirt-for-kids-copy,,,,,,,,,7-8 YRS,,,Light Blue,,,,,'10711163,200.0,shopify,50,continue,manual,799.00,0.00,true,true,,,,,'10711163,,,,,,,,,,,,,,,,,,,,,,,,,,,,,,,,,,,,,,,,,,,,,,,https://cdn.shopify.com/s/files/1/0618/2368/0740/files/19_ad454fb9-3f1c-436e-bed9-371b263506c1.png?v=1717078409,kg,,,,,,
dino-world-t-shirt-for-kids-copy,,,,,,,,,7-8 YRS,,,Green,,,,,'10711164,200.0,shopify,50,continue,manual,799.00,0.00,true,true,,,,,'10711164,,,,,,,,,,,,,,,,,,,,,,,,,,,,,,,,,,,,,,,,,,,,,,,https://cdn.shopify.com/s/files/1/0618/2368/0740/files/22_d7955b4f-f048-48a8-ad74-47e90dbe0e48.png?v=1717078409,kg,,,,,,
dino-world-t-shirt-for-kids-copy,,,,,,,,,7-8 YRS,,,Beige,,,,,'10711165,200.0,shopify,50,continue,manual,799.00,0.00,true,true,,,,,'10711165,,,,,,,,,,,,,,,,,,,,,,,,,,,,,,,,,,,,,,,,,,,,,,,https://cdn.shopify.com/s/files/1/0618/2368/0740/files/23_44c86a2f-83ca-4158-9609-ff32fd898439.png?v=1717078409,kg,,,,,,
dino-world-t-shirt-for-kids-copy,,,,,,,,,7-8 YRS,,,Black,,,,,'10711166,200.0,shopify,50,continue,manual,799.00,0.00,true,true,,,,,'10711166,,,,,,,,,,,,,,,,,,,,,,,,,,,,,,,,,,,,,,,,,,,,,,,https://cdn.shopify.com/s/files/1/0618/2368/0740/files/10_31dfc583-4867-49c7-9dc1-1e30de6652e7.png?v=1717078409,kg,,,,,,
dino-world-t-shirt-for-kids-copy,,,,,,,,,7-8 YRS,,,Navy Blue,,,,,'10711167,200.0,shopify,50,continue,manual,799.00,0.00,true,true,,,,,'10711167,,,,,,,,,,,,,,,,,,,,,,,,,,,,,,,,,,,,,,,,,,,,,,,https://cdn.shopify.com/s/files/1/0618/2368/0740/files/20_d1326793-43a3-4450-bfc2-ea4909129b86.png?v=1717078409,kg,,,,,,
dino-world-t-shirt-for-kids-copy,,,,,,,,,7-8 YRS,,,Royal Blue,,,,,'10711168,200.0,shopify,50,continue,manual,799.00,0.00,true,true,,,,,'10711168,,,,,,,,,,,,,,,,,,,,,,,,,,,,,,,,,,,,,,,,,,,,,,,https://cdn.shopify.com/s/files/1/0618/2368/0740/files/14_da4b1e79-697f-471c-a594-c1f374861a9b.png?v=1717078409,kg,,,,,,
dino-world-t-shirt-for-kids-copy,,,,,,,,,9-10 YRS,,,Bottle Green,,,,,'10711169,200.0,shopify,50,continue,manual,899.00,0.00,true,true,,,,,'10711169,,,,,,,,,,,,,,,,,,,,,,,,,,,,,,,,,,,,,,,,,,,,,,,https://cdn.shopify.com/s/files/1/0618/2368/0740/files/21_27f9e238-32a4-4b76-9140-1669a694e563.png?v=1717075622,kg,,,,,,
dino-world-t-shirt-for-kids-copy,,,,,,,,,9-10 YRS,,,Mahroon,,,,,'10711170,200.0,shopify,50,continue,manual,899.00,0.00,true,true,,,,,'10711170,,,,,,,,,,,,,,,,,,,,,,,,,,,,,,,,,,,,,,,,,,,,,,,https://cdn.shopify.com/s/files/1/0618/2368/0740/files/16_ca1cddd9-1c94-434e-8ac6-09038be39882.png?v=1717078409,kg,,,,,,
dino-world-t-shirt-for-kids-copy,,,,,,,,,9-10 YRS,,,White,,,,,'10711171,200.0,shopify,50,continue,manual,899.00,0.00,true,true,,,,,'10711171,,,,,,,,,,,,,,,,,,,,,,,,,,,,,,,,,,,,,,,,,,,,,,,https://cdn.shopify.com/s/files/1/0618/2368/0740/files/11_f0953670-f477-473f-b23c-f32dfd642bdc.png?v=1717078409,kg,,,,,,
dino-world-t-shirt-for-kids-copy,,,,,,,,,9-10 YRS,,,Grey,,,,,'10711172,200.0,shopify,50,continue,manual,899.00,0.00,true,true,,,,,'10711172,,,,,,,,,,,,,,,,,,,,,,,,,,,,,,,,,,,,,,,,,,,,,,,https://cdn.shopify.com/s/files/1/0618/2368/0740/files/17_689b2bcf-aeec-4d33-8d86-b84140581716.png?v=1717078409,kg,,,,,,
dino-world-t-shirt-for-kids-copy,,,,,,,,,9-10 YRS,,,Red,,,,,'10711173,200.0,shopify,50,continue,manual,899.00,0.00,true,true,,,,,'10711173,,,,,,,,,,,,,,,,,,,,,,,,,,,,,,,,,,,,,,,,,,,,,,,https://cdn.shopify.com/s/files/1/0618/2368/0740/files/12_534272ec-0ba6-472d-adfb-669055f209f2.png?v=1717078409,kg,,,,,,
dino-world-t-shirt-for-kids-copy,,,,,,,,,9-10 YRS,,,Yellow,,,,,'10711174,200.0,shopify,50,continue,manual,899.00,0.00,true,true,,,,,'10711174,,,,,,,,,,,,,,,,,,,,,,,,,,,,,,,,,,,,,,,,,,,,,,,https://cdn.shopify.com/s/files/1/0618/2368/0740/files/18_24590fcb-cc56-4ee1-80e2-a3dffe7ac29c.png?v=1717078409,kg,,,,,,
dino-world-t-shirt-for-kids-copy,,,,,,,,,9-10 YRS,,,Pink,,,,,'10711175,200.0,shopify,50,continue,manual,899.00,0.00,true,true,,,,,'10711175,,,,,,,,,,,,,,,,,,,,,,,,,,,,,,,,,,,,,,,,,,,,,,,https://cdn.shopify.com/s/files/1/0618/2368/0740/files/15_7da80592-2cc5-4e64-a292-6951c0413586.png?v=1717078409,kg,,,,,,
dino-world-t-shirt-for-kids-copy,,,,,,,,,9-10 YRS,,,Orange,,,,,'10711176,200.0,shopify,50,continue,manual,899.00,0.00,true,true,,,,,'10711176,,,,,,,,,,,,,,,,,,,,,,,,,,,,,,,,,,,,,,,,,,,,,,,https://cdn.shopify.com/s/files/1/0618/2368/0740/files/13_481a61c8-6b0f-4e4b-8c59-8d7bc56344b7.png?v=1717078409,kg,,,,,,
dino-world-t-shirt-for-kids-copy,,,,,,,,,9-10 YRS,,,Light Blue,,,,,'10711177,200.0,shopify,50,continue,manual,899.00,0.00,true,true,,,,,'10711177,,,,,,,,,,,,,,,,,,,,,,,,,,,,,,,,,,,,,,,,,,,,,,,https://cdn.shopify.com/s/files/1/0618/2368/0740/files/19_ad454fb9-3f1c-436e-bed9-371b263506c1.png?v=1717078409,kg,,,,,,
dino-world-t-shirt-for-kids-copy,,,,,,,,,9-10 YRS,,,Green,,,,,'10711178,200.0,shopify,50,continue,manual,899.00,0.00,true,true,,,,,'10711178,,,,,,,,,,,,,,,,,,,,,,,,,,,,,,,,,,,,,,,,,,,,,,,https://cdn.shopify.com/s/files/1/0618/2368/0740/files/22_d7955b4f-f048-48a8-ad74-47e90dbe0e48.png?v=1717078409,kg,,,,,,
dino-world-t-shirt-for-kids-copy,,,,,,,,,9-10 YRS,,,Beige,,,,,'10711179,200.0,shopify,50,continue,manual,899.00,0.00,true,true,,,,,'10711179,,,,,,,,,,,,,,,,,,,,,,,,,,,,,,,,,,,,,,,,,,,,,,,https://cdn.shopify.com/s/files/1/0618/2368/0740/files/23_44c86a2f-83ca-4158-9609-ff32fd898439.png?v=1717078409,kg,,,,,,
dino-world-t-shirt-for-kids-copy,,,,,,,,,9-10 YRS,,,Black,,,,,'10711180,200.0,shopify,50,continue,manual,899.00,0.00,true,true,,,,,'10711180,,,,,,,,,,,,,,,,,,,,,,,,,,,,,,,,,,,,,,,,,,,,,,,https://cdn.shopify.com/s/files/1/0618/2368/0740/files/10_31dfc583-4867-49c7-9dc1-1e30de6652e7.png?v=1717078409,kg,,,,,,
dino-world-t-shirt-for-kids-copy,,,,,,,,,9-10 YRS,,,Navy Blue,,,,,'10711181,200.0,shopify,50,continue,manual,899.00,0.00,true,true,,,,,'10711181,,,,,,,,,,,,,,,,,,,,,,,,,,,,,,,,,,,,,,,,,,,,,,,https://cdn.shopify.com/s/files/1/0618/2368/0740/files/20_d1326793-43a3-4450-bfc2-ea4909129b86.png?v=1717078409,kg,,,,,,
dino-world-t-shirt-for-kids-copy,,,,,,,,,9-10 YRS,,,Royal Blue,,,,,'10711182,200.0,shopify,50,continue,manual,899.00,0.00,true,true,,,,,'10711182,,,,,,,,,,,,,,,,,,,,,,,,,,,,,,,,,,,,,,,,,,,,,,,https://cdn.shopify.com/s/files/1/0618/2368/0740/files/14_da4b1e79-697f-471c-a594-c1f374861a9b.png?v=1717078409,kg,,,,,,
dino-world-t-shirt-for-kids-copy,,,,,,,,,11-12 YRS,,,Bottle Green,,,,,'10711183,200.0,shopify,50,continue,manual,899.00,0.00,true,true,,,,,'10711183,,,,,,,,,,,,,,,,,,,,,,,,,,,,,,,,,,,,,,,,,,,,,,,https://cdn.shopify.com/s/files/1/0618/2368/0740/files/21_27f9e238-32a4-4b76-9140-1669a694e563.png?v=1717075622,kg,,,,,,
dino-world-t-shirt-for-kids-copy,,,,,,,,,11-12 YRS,,,Mahroon,,,,,'10711184,200.0,shopify,50,continue,manual,899.00,0.00,true,true,,,,,'10711184,,,,,,,,,,,,,,,,,,,,,,,,,,,,,,,,,,,,,,,,,,,,,,,https://cdn.shopify.com/s/files/1/0618/2368/0740/files/16_ca1cddd9-1c94-434e-8ac6-09038be39882.png?v=1717078409,kg,,,,,,
dino-world-t-shirt-for-kids-copy,,,,,,,,,11-12 YRS,,,White,,,,,'10711185,200.0,shopify,50,continue,manual,899.00,0.00,true,true,,,,,'10711185,,,,,,,,,,,,,,,,,,,,,,,,,,,,,,,,,,,,,,,,,,,,,,,https://cdn.shopify.com/s/files/1/0618/2368/0740/files/11_f0953670-f477-473f-b23c-f32dfd642bdc.png?v=1717078409,kg,,,,,,
dino-world-t-shirt-for-kids-copy,,,,,,,,,11-12 YRS,,,Grey,,,,,'10711186,200.0,shopify,50,continue,manual,899.00,0.00,true,true,,,,,'10711186,,,,,,,,,,,,,,,,,,,,,,,,,,,,,,,,,,,,,,,,,,,,,,,https://cdn.shopify.com/s/files/1/0618/2368/0740/files/17_689b2bcf-aeec-4d33-8d86-b84140581716.png?v=1717078409,kg,,,,,,
dino-world-t-shirt-for-kids-copy,,,,,,,,,11-12 YRS,,,Red,,,,,'10711187,200.0,shopify,50,continue,manual,899.00,0.00,true,true,,,,,'10711187,,,,,,,,,,,,,,,,,,,,,,,,,,,,,,,,,,,,,,,,,,,,,,,https://cdn.shopify.com/s/files/1/0618/2368/0740/files/12_534272ec-0ba6-472d-adfb-669055f209f2.png?v=1717078409,kg,,,,,,
dino-world-t-shirt-for-kids-copy,,,,,,,,,11-12 YRS,,,Yellow,,,,,'10711188,200.0,shopify,50,continue,manual,899.00,0.00,true,true,,,,,'10711188,,,,,,,,,,,,,,,,,,,,,,,,,,,,,,,,,,,,,,,,,,,,,,,https://cdn.shopify.com/s/files/1/0618/2368/0740/files/18_24590fcb-cc56-4ee1-80e2-a3dffe7ac29c.png?v=1717078409,kg,,,,,,
dino-world-t-shirt-for-kids-copy,,,,,,,,,11-12 YRS,,,Pink,,,,,'10711189,200.0,shopify,50,continue,manual,899.00,0.00,true,true,,,,,'10711189,,,,,,,,,,,,,,,,,,,,,,,,,,,,,,,,,,,,,,,,,,,,,,,https://cdn.shopify.com/s/files/1/0618/2368/0740/files/15_7da80592-2cc5-4e64-a292-6951c0413586.png?v=1717078409,kg,,,,,,
dino-world-t-shirt-for-kids-copy,,,,,,,,,11-12 YRS,,,Orange,,,,,'10711190,200.0,shopify,50,continue,manual,899.00,0.00,true,true,,,,,'10711190,,,,,,,,,,,,,,,,,,,,,,,,,,,,,,,,,,,,,,,,,,,,,,,https://cdn.shopify.com/s/files/1/0618/2368/0740/files/13_481a61c8-6b0f-4e4b-8c59-8d7bc56344b7.png?v=1717078409,kg,,,,,,
dino-world-t-shirt-for-kids-copy,,,,,,,,,11-12 YRS,,,Light Blue,,,,,'10711191,200.0,shopify,50,continue,manual,899.00,0.00,true,true,,,,,'10711191,,,,,,,,,,,,,,,,,,,,,,,,,,,,,,,,,,,,,,,,,,,,,,,https://cdn.shopify.com/s/files/1/0618/2368/0740/files/19_ad454fb9-3f1c-436e-bed9-371b263506c1.png?v=1717078409,kg,,,,,,
dino-world-t-shirt-for-kids-copy,,,,,,,,,11-12 YRS,,,Green,,,,,'10711192,200.0,shopify,50,continue,manual,899.00,0.00,true,true,,,,,'10711192,,,,,,,,,,,,,,,,,,,,,,,,,,,,,,,,,,,,,,,,,,,,,,,https://cdn.shopify.com/s/files/1/0618/2368/0740/files/22_d7955b4f-f048-48a8-ad74-47e90dbe0e48.png?v=1717078409,kg,,,,,,
dino-world-t-shirt-for-kids-copy,,,,,,,,,11-12 YRS,,,Beige,,,,,'10711193,200.0,shopify,50,continue,manual,899.00,0.00,true,true,,,,,'10711193,,,,,,,,,,,,,,,,,,,,,,,,,,,,,,,,,,,,,,,,,,,,,,,https://cdn.shopify.com/s/files/1/0618/2368/0740/files/23_44c86a2f-83ca-4158-9609-ff32fd898439.png?v=1717078409,kg,,,,,,
dino-world-t-shirt-for-kids-copy,,,,,,,,,11-12 YRS,,,Black,,,,,'10711194,200.0,shopify,50,continue,manual,899.00,0.00,true,true,,,,,'10711194,,,,,,,,,,,,,,,,,,,,,,,,,,,,,,,,,,,,,,,,,,,,,,,https://cdn.shopify.com/s/files/1/0618/2368/0740/files/10_31dfc583-4867-49c7-9dc1-1e30de6652e7.png?v=1717078409,kg,,,,,,
dino-world-t-shirt-for-kids-copy,,,,,,,,,11-12 YRS,,,Navy Blue,,,,,'10711195,200.0,shopify,50,continue,manual,899.00,0.00,true,true,,,,,'10711195,,,,,,,,,,,,,,,,,,,,,,,,,,,,,,,,,,,,,,,,,,,,,,,https://cdn.shopify.com/s/files/1/0618/2368/0740/files/20_d1326793-43a3-4450-bfc2-ea4909129b86.png?v=1717078409,kg,,,,,,
dino-world-t-shirt-for-kids-copy,,,,,,,,,11-12 YRS,,,Royal Blue,,,,,'10711196,200.0,shopify,50,continue,manual,899.00,0.00,true,true,,,,,'10711196,,,,,,,,,,,,,,,,,,,,,,,,,,,,,,,,,,,,,,,,,,,,,,,https://cdn.shopify.com/s/files/1/0618/2368/0740/files/14_da4b1e79-697f-471c-a594-c1f374861a9b.png?v=1717078409,kg,,,,,,
dino-world-t-shirt-for-kids-copy,,,,,,,,,13-14 YRS,,,Bottle Green,,,,,'10711197,200.0,shopify,100,continue,manual,999.00,0.00,true,true,,,,,'10711197,,,,,,,,,,,,,,,,,,,,,,,,,,,,,,,,,,,,,,,,,,,,,,,https://cdn.shopify.com/s/files/1/0618/2368/0740/files/21_27f9e238-32a4-4b76-9140-1669a694e563.png?v=1717075622,kg,,,,,,
dino-world-t-shirt-for-kids-copy,,,,,,,,,13-14 YRS,,,Mahroon,,,,,'10711198,200.0,shopify,100,continue,manual,999.00,0.00,true,true,,,,,'10711198,,,,,,,,,,,,,,,,,,,,,,,,,,,,,,,,,,,,,,,,,,,,,,,https://cdn.shopify.com/s/files/1/0618/2368/0740/files/16_ca1cddd9-1c94-434e-8ac6-09038be39882.png?v=1717078409,kg,,,,,,
dino-world-t-shirt-for-kids-copy,,,,,,,,,13-14 YRS,,,White,,,,,'10711199,200.0,shopify,100,continue,manual,999.00,0.00,true,true,,,,,'10711199,,,,,,,,,,,,,,,,,,,,,,,,,,,,,,,,,,,,,,,,,,,,,,,https://cdn.shopify.com/s/files/1/0618/2368/0740/files/11_f0953670-f477-473f-b23c-f32dfd642bdc.png?v=1717078409,kg,,,,,,
dino-world-t-shirt-for-kids-copy,,,,,,,,,13-14 YRS,,,Grey,,,,,'10711200,200.0,shopify,100,continue,manual,999.00,0.00,true,true,,,,,'10711200,,,,,,,,,,,,,,,,,,,,,,,,,,,,,,,,,,,,,,,,,,,,,,,https://cdn.shopify.com/s/files/1/0618/2368/0740/files/17_689b2bcf-aeec-4d33-8d86-b84140581716.png?v=1717078409,kg,,,,,,
dino-world-t-shirt-for-kids-copy,,,,,,,,,13-14 YRS,,,Red,,,,,'10711201,200.0,shopify,100,continue,manual,999.00,0.00,true,true,,,,,'10711201,,,,,,,,,,,,,,,,,,,,,,,,,,,,,,,,,,,,,,,,,,,,,,,https://cdn.shopify.com/s/files/1/0618/2368/0740/files/12_534272ec-0ba6-472d-adfb-669055f209f2.png?v=1717078409,kg,,,,,,
dino-world-t-shirt-for-kids-copy,,,,,,,,,13-14 YRS,,,Yellow,,,,,'10711202,200.0,shopify,100,continue,manual,999.00,0.00,true,true,,,,,'10711202,,,,,,,,,,,,,,,,,,,,,,,,,,,,,,,,,,,,,,,,,,,,,,,https://cdn.shopify.com/s/files/1/0618/2368/0740/files/18_24590fcb-cc56-4ee1-80e2-a3dffe7ac29c.png?v=1717078409,kg,,,,,,
dino-world-t-shirt-for-kids-copy,,,,,,,,,13-14 YRS,,,Pink,,,,,'10711203,200.0,shopify,100,continue,manual,999.00,0.00,true,true,,,,,'10711203,,,,,,,,,,,,,,,,,,,,,,,,,,,,,,,,,,,,,,,,,,,,,,,https://cdn.shopify.com/s/files/1/0618/2368/0740/files/15_7da80592-2cc5-4e64-a292-6951c0413586.png?v=1717078409,kg,,,,,,
dino-world-t-shirt-for-kids-copy,,,,,,,,,13-14 YRS,,,Orange,,,,,'10711204,200.0,shopify,100,continue,manual,999.00,0.00,true,true,,,,,'10711204,,,,,,,,,,,,,,,,,,,,,,,,,,,,,,,,,,,,,,,,,,,,,,,https://cdn.shopify.com/s/files/1/0618/2368/0740/files/13_481a61c8-6b0f-4e4b-8c59-8d7bc56344b7.png?v=1717078409,kg,,,,,,
dino-world-t-shirt-for-kids-copy,,,,,,,,,13-14 YRS,,,Green,,,,,'10711205,200.0,shopify,100,continue,manual,999.00,0.00,true,true,,,,,'10711205,,,,,,,,,,,,,,,,,,,,,,,,,,,,,,,,,,,,,,,,,,,,,,,https://cdn.shopify.com/s/files/1/0618/2368/0740/files/22_d7955b4f-f048-48a8-ad74-47e90dbe0e48.png?v=1717078409,kg,,,,,,
dino-world-t-shirt-for-kids-copy,,,,,,,,,13-14 YRS,,,Beige,,,,,'10711206,200.0,shopify,100,continue,manual,999.00,0.00,true,true,,,,,'10711206,,,,,,,,,,,,,,,,,,,,,,,,,,,,,,,,,,,,,,,,,,,,,,,https://cdn.shopify.com/s/files/1/0618/2368/0740/files/23_44c86a2f-83ca-4158-9609-ff32fd898439.png?v=1717078409,kg,,,,,,
dino-world-t-shirt-for-kids-copy,,,,,,,,,13-14 YRS,,,Black,,,,,'10711207,200.0,shopify,100,continue,manual,999.00,0.00,true,true,,,,,'10711207,,,,,,,,,,,,,,,,,,,,,,,,,,,,,,,,,,,,,,,,,,,,,,,https://cdn.shopify.com/s/files/1/0618/2368/0740/files/10_31dfc583-4867-49c7-9dc1-1e30de6652e7.png?v=1717078409,kg,,,,,,
dino-world-t-shirt-for-kids-copy,,,,,,,,,13-14 YRS,,,Navy Blue,,,,,'10711208,200.0,shopify,100,continue,manual,999.00,0.00,true,true,,,,,'10711208,,,,,,,,,,,,,,,,,,,,,,,,,,,,,,,,,,,,,,,,,,,,,,,https://cdn.shopify.com/s/files/1/0618/2368/0740/files/20_d1326793-43a3-4450-bfc2-ea4909129b86.png?v=1717078409,kg,,,,,,
dino-world-t-shirt-for-kids-copy,,,,,,,,,13-14 YRS,,,Royal Blue,,,,,'10706836,200.0,shopify,100,continue,manual,999.00,0.00,true,true,,,,,'10706836,,,,,,,,,,,,,,,,,,,,,,,,,,,,,,,,,,,,,,,,,,,,,,,https://cdn.shopify.com/s/files/1/0618/2368/0740/files/14_da4b1e79-697f-471c-a594-c1f374861a9b.png?v=1717078409,kg,,,,,,
dj-bear-t-shirt-for-kid-copy,DRAGON BALL T shirt for Kids,"<div>Fabric: High-Quality Cotton Jersey</div>
<div>Half Sleeve T-Shirt</div>
<div>Round Neck</div>
<div>High Quality DTF Printed</div>
<div>Soft and Comfortable Wear (Unisex)</div>
<div>Easy Wash &amp; Press</div>
<div>Sizes 1-14 years </div>
<div><span>Disclaimer: Colors may vary slightly due to studio lights. </span></div>",BBG FASHION CLOTHING STORE,Apparel & Accessories > Clothing > Clothing Tops > T-Shirts,kids T-Shirts,kids T-Shirts,false,Size,1-2 YRS,,Color,Yellow,,,,,'10711016,200.0,shopify,50,continue,manual,799.00,0.00,true,true,,,,,'10711016,https://cdn.shopify.com/s/files/1/0618/2368/0740/files/16_6ec92625-8576-41ad-b0c6-de264ffa1158.png?v=1717075595,1,Dj Bear T Shirt For Kid Copy - front view - unisex wear Pakistan,false,,,212,,,,,,,,,,,,,,,,,,,,,,,,,,,,,,,,,,,,,,,,https://cdn.shopify.com/s/files/1/0618/2368/0740/files/16_6ec92625-8576-41ad-b0c6-de264ffa1158.png?v=1717075595,kg,,,true,,,draft
dj-bear-t-shirt-for-kid-copy,,,,,,,,,1-2 YRS,,,Mahroon,,,,,'10711017,200.0,shopify,50,continue,manual,799.00,0.00,true,true,,,,,'10711017,https://cdn.shopify.com/s/files/1/0618/2368/0740/files/bbg_78b25a48-cf9a-4d1e-a5e1-abb86bcba1e1.png?v=1717078471,2,Lets Go Shirt For Kids Copy - back view - kids wear Pakistan,,,,,,,,,,,,,,,,,,,,,,,,,,,,,,,,,,,,,,,,,,,,https://cdn.shopify.com/s/files/1/0618/2368/0740/files/14_2e430f10-42a2-4b08-a3ec-e0179d78085e.png?v=1717078471,kg,,,,,,
dj-bear-t-shirt-for-kid-copy,,,,,,,,,1-2 YRS,,,White,,,,,'10711018,200.0,shopify,50,continue,manual,799.00,0.00,true,true,,,,,'10711018,https://cdn.shopify.com/s/files/1/0618/2368/0740/files/10_43a351e6-d4e8-472e-a20f-a21db76950b0.png?v=1717078471,3,Dj Bear T Shirt For Kid Copy - side view - unisex wear Pakistan,,,,,,,,,,,,,,,,,,,,,,,,,,,,,,,,,,,,,,,,,,,,https://cdn.shopify.com/s/files/1/0618/2368/0740/files/9_e9a4a947-9ff1-496e-97cb-50af5d2ea679.png?v=1717078471,kg,,,,,,
dj-bear-t-shirt-for-kid-copy,,,,,,,,,1-2 YRS,,,Grey,,,,,'10711019,200.0,shopify,50,continue,manual,799.00,0.00,true,true,,,,,'10711019,https://cdn.shopify.com/s/files/1/0618/2368/0740/files/11_a70e9793-3d0f-4220-b20c-83634f6fd1cf.png?v=1717078471,4,Dj Bear T Shirt For Kid Copy - detail shot - unisex wear Pakistan,,,,,,,,,,,,,,,,,,,,,,,,,,,,,,,,,,,,,,,,,,,,https://cdn.shopify.com/s/files/1/0618/2368/0740/files/15_ee3ec9b9-b1e3-4163-b03b-d491ef560ca4.png?v=1717078471,kg,,,,,,
dj-bear-t-shirt-for-kid-copy,,,,,,,,,1-2 YRS,,,Red,,,,,'10711020,200.0,shopify,50,continue,manual,799.00,0.00,true,true,,,,,'10711020,https://cdn.shopify.com/s/files/1/0618/2368/0740/files/12_a406bcd2-2982-4d7b-84b6-a5200927a6b6.png?v=1717078471,5,Dj Bear T Shirt For Kid Copy - front view - unisex wear Pakistan,,,,,,,,,,,,,,,,,,,,,,,,,,,,,,,,,,,,,,,,,,,,https://cdn.shopify.com/s/files/1/0618/2368/0740/files/10_43a351e6-d4e8-472e-a20f-a21db76950b0.png?v=1717078471,kg,,,,,,
dj-bear-t-shirt-for-kid-copy,,,,,,,,,1-2 YRS,,,Pink,,,,,'10711021,200.0,shopify,50,continue,manual,799.00,0.00,true,true,,,,,'10711021,https://cdn.shopify.com/s/files/1/0618/2368/0740/files/13_ca97fc11-77db-4615-8723-9fbd113562cf.png?v=1717078471,6,Dj Bear T Shirt For Kid Copy - back view - unisex wear Pakistan,,,,,,,,,,,,,,,,,,,,,,,,,,,,,,,,,,,,,,,,,,,,https://cdn.shopify.com/s/files/1/0618/2368/0740/files/13_ca97fc11-77db-4615-8723-9fbd113562cf.png?v=1717078471,kg,,,,,,
dj-bear-t-shirt-for-kid-copy,,,,,,,,,1-2 YRS,,,Orange,,,,,'10711022,200.0,shopify,50,continue,manual,799.00,0.00,true,true,,,,,'10711022,https://cdn.shopify.com/s/files/1/0618/2368/0740/files/14_2e430f10-42a2-4b08-a3ec-e0179d78085e.png?v=1717078471,7,Dj Bear T Shirt For Kid Copy - side view - unisex wear Pakistan,,,,,,,,,,,,,,,,,,,,,,,,,,,,,,,,,,,,,,,,,,,,https://cdn.shopify.com/s/files/1/0618/2368/0740/files/11_a70e9793-3d0f-4220-b20c-83634f6fd1cf.png?v=1717078471,kg,,,,,,
dj-bear-t-shirt-for-kid-copy,,,,,,,,,1-2 YRS,,,Light Blue,,,,,'10711023,200.0,shopify,50,continue,manual,799.00,0.00,true,true,,,,,'10711023,https://cdn.shopify.com/s/files/1/0618/2368/0740/files/15_ee3ec9b9-b1e3-4163-b03b-d491ef560ca4.png?v=1717078471,8,Dj Bear T Shirt For Kid Copy - detail shot - unisex wear Pakistan,,,,,,,,,,,,,,,,,,,,,,,,,,,,,,,,,,,,,,,,,,,,https://cdn.shopify.com/s/files/1/0618/2368/0740/files/17_decd9396-156c-4709-92d2-8d01a8a1d1c4.png?v=1717078471,kg,,,,,,
dj-bear-t-shirt-for-kid-copy,,,,,,,,,1-2 YRS,,,Green,,,,,'10711024,200.0,shopify,50,continue,manual,799.00,0.00,true,true,,,,,'10711024,https://cdn.shopify.com/s/files/1/0618/2368/0740/files/17_decd9396-156c-4709-92d2-8d01a8a1d1c4.png?v=1717078471,9,Dj Bear T Shirt For Kid Copy - front view - unisex wear Pakistan,,,,,,,,,,,,,,,,,,,,,,,,,,,,,,,,,,,,,,,,,,,,https://cdn.shopify.com/s/files/1/0618/2368/0740/files/20_69c55f53-f13c-4f69-9fef-ca7022158997.png?v=1717078471,kg,,,,,,
dj-bear-t-shirt-for-kid-copy,,,,,,,,,1-2 YRS,,,Beige,,,,,'10711025,200.0,shopify,50,continue,manual,799.00,0.00,true,true,,,,,'10711025,https://cdn.shopify.com/s/files/1/0618/2368/0740/files/18_11fd46d4-4927-4866-a53e-9ed35bc72dfe.png?v=1717078471,10,Dj Bear T Shirt For Kid Copy - back view - unisex wear Pakistan,,,,,,,,,,,,,,,,,,,,,,,,,,,,,,,,,,,,,,,,,,,,https://cdn.shopify.com/s/files/1/0618/2368/0740/files/21_4aacdd74-ac45-4d3c-93d1-4000d2b42786.png?v=1717078471,kg,,,,,,
dj-bear-t-shirt-for-kid-copy,,,,,,,,,1-2 YRS,,,Black,,,,,'10711026,200.0,shopify,50,continue,manual,799.00,0.00,true,true,,,,,'10711026,https://cdn.shopify.com/s/files/1/0618/2368/0740/files/19_ee5f9583-ac71-4ca7-8edc-f6b202b2f06a.png?v=1717078471,11,Dj Bear T Shirt For Kid Copy - side view - unisex wear Pakistan,,,,,,,,,,,,,,,,,,,,,,,,,,,,,,,,,,,,,,,,,,,,https://cdn.shopify.com/s/files/1/0618/2368/0740/files/8_aa2bc22a-25d3-4e30-89ee-8939c7885c3c.png?v=1717078471,kg,,,,,,
dj-bear-t-shirt-for-kid-copy,,,,,,,,,1-2 YRS,,,Navy Blue,,,,,'10711027,200.0,shopify,50,continue,manual,799.00,0.00,true,true,,,,,'10711027,https://cdn.shopify.com/s/files/1/0618/2368/0740/files/20_69c55f53-f13c-4f69-9fef-ca7022158997.png?v=1717078471,12,Dj Bear T Shirt For Kid Copy - detail shot - unisex wear Pakistan,,,,,,,,,,,,,,,,,,,,,,,,,,,,,,,,,,,,,,,,,,,,https://cdn.shopify.com/s/files/1/0618/2368/0740/files/18_11fd46d4-4927-4866-a53e-9ed35bc72dfe.png?v=1717078471,kg,,,,,,
dj-bear-t-shirt-for-kid-copy,,,,,,,,,1-2 YRS,,,Bottle Green,,,,,'10711028,200.0,shopify,50,continue,manual,799.00,0.00,true,true,,,,,'10711028,https://cdn.shopify.com/s/files/1/0618/2368/0740/files/21_4aacdd74-ac45-4d3c-93d1-4000d2b42786.png?v=1717078471,13,Dj Bear T Shirt For Kid Copy - front view - unisex wear Pakistan,,,,,,,,,,,,,,,,,,,,,,,,,,,,,,,,,,,,,,,,,,,,https://cdn.shopify.com/s/files/1/0618/2368/0740/files/19_ee5f9583-ac71-4ca7-8edc-f6b202b2f06a.png?v=1717078471,kg,,,,,,
dj-bear-t-shirt-for-kid-copy,,,,,,,,,1-2 YRS,,,Royal Blue,,,,,'10711029,200.0,shopify,50,continue,manual,799.00,0.00,true,true,,,,,'10711029,https://cdn.shopify.com/s/files/1/0618/2368/0740/files/9_e9a4a947-9ff1-496e-97cb-50af5d2ea679.png?v=1717078471,14,Dj Bear T Shirt For Kid Copy - back view - unisex wear Pakistan,,,,,,,,,,,,,,,,,,,,,,,,,,,,,,,,,,,,,,,,,,,,https://cdn.shopify.com/s/files/1/0618/2368/0740/files/12_a406bcd2-2982-4d7b-84b6-a5200927a6b6.png?v=1717078471,kg,,,,,,
dj-bear-t-shirt-for-kid-copy,,,,,,,,,3-4 YRS,,,Yellow,,,,,'10711030,200.0,shopify,49,continue,manual,799.00,0.00,true,true,,,,,'10711030,https://cdn.shopify.com/s/files/1/0618/2368/0740/files/8_aa2bc22a-25d3-4e30-89ee-8939c7885c3c.png?v=1717078471,15,Dj Bear T Shirt For Kid Copy - side view - unisex wear Pakistan,,,,,,,,,,,,,,,,,,,,,,,,,,,,,,,,,,,,,,,,,,,,https://cdn.shopify.com/s/files/1/0618/2368/0740/files/16_6ec92625-8576-41ad-b0c6-de264ffa1158.png?v=1717075595,kg,,,,,,
dj-bear-t-shirt-for-kid-copy,,,,,,,,,3-4 YRS,,,Mahroon,,,,,'10711031,200.0,shopify,50,continue,manual,799.00,0.00,true,true,,,,,'10711031,,,,,,,,,,,,,,,,,,,,,,,,,,,,,,,,,,,,,,,,,,,,,,,https://cdn.shopify.com/s/files/1/0618/2368/0740/files/14_2e430f10-42a2-4b08-a3ec-e0179d78085e.png?v=1717078471,kg,,,,,,
dj-bear-t-shirt-for-kid-copy,,,,,,,,,3-4 YRS,,,White,,,,,'10711032,200.0,shopify,50,continue,manual,799.00,0.00,true,true,,,,,'10711032,,,,,,,,,,,,,,,,,,,,,,,,,,,,,,,,,,,,,,,,,,,,,,,https://cdn.shopify.com/s/files/1/0618/2368/0740/files/9_e9a4a947-9ff1-496e-97cb-50af5d2ea679.png?v=1717078471,kg,,,,,,
dj-bear-t-shirt-for-kid-copy,,,,,,,,,3-4 YRS,,,Grey,,,,,'10711033,200.0,shopify,50,continue,manual,799.00,0.00,true,true,,,,,'10711033,,,,,,,,,,,,,,,,,,,,,,,,,,,,,,,,,,,,,,,,,,,,,,,https://cdn.shopify.com/s/files/1/0618/2368/0740/files/15_ee3ec9b9-b1e3-4163-b03b-d491ef560ca4.png?v=1717078471,kg,,,,,,
dj-bear-t-shirt-for-kid-copy,,,,,,,,,3-4 YRS,,,Red,,,,,'10711034,200.0,shopify,50,continue,manual,799.00,0.00,true,true,,,,,'10711034,,,,,,,,,,,,,,,,,,,,,,,,,,,,,,,,,,,,,,,,,,,,,,,https://cdn.shopify.com/s/files/1/0618/2368/0740/files/10_43a351e6-d4e8-472e-a20f-a21db76950b0.png?v=1717078471,kg,,,,,,
dj-bear-t-shirt-for-kid-copy,,,,,,,,,3-4 YRS,,,Pink,,,,,'10711035,200.0,shopify,50,continue,manual,799.00,0.00,true,true,,,,,'10711035,,,,,,,,,,,,,,,,,,,,,,,,,,,,,,,,,,,,,,,,,,,,,,,https://cdn.shopify.com/s/files/1/0618/2368/0740/files/13_ca97fc11-77db-4615-8723-9fbd113562cf.png?v=1717078471,kg,,,,,,
dj-bear-t-shirt-for-kid-copy,,,,,,,,,3-4 YRS,,,Orange,,,,,'10711036,200.0,shopify,50,continue,manual,799.00,0.00,true,true,,,,,'10711036,,,,,,,,,,,,,,,,,,,,,,,,,,,,,,,,,,,,,,,,,,,,,,,https://cdn.shopify.com/s/files/1/0618/2368/0740/files/11_a70e9793-3d0f-4220-b20c-83634f6fd1cf.png?v=1717078471,kg,,,,,,
dj-bear-t-shirt-for-kid-copy,,,,,,,,,3-4 YRS,,,Light Blue,,,,,'10711037,200.0,shopify,50,continue,manual,799.00,0.00,true,true,,,,,'10711037,,,,,,,,,,,,,,,,,,,,,,,,,,,,,,,,,,,,,,,,,,,,,,,https://cdn.shopify.com/s/files/1/0618/2368/0740/files/17_decd9396-156c-4709-92d2-8d01a8a1d1c4.png?v=1717078471,kg,,,,,,
dj-bear-t-shirt-for-kid-copy,,,,,,,,,3-4 YRS,,,Green,,,,,'10711038,200.0,shopify,50,continue,manual,799.00,0.00,true,true,,,,,'10711038,,,,,,,,,,,,,,,,,,,,,,,,,,,,,,,,,,,,,,,,,,,,,,,https://cdn.shopify.com/s/files/1/0618/2368/0740/files/20_69c55f53-f13c-4f69-9fef-ca7022158997.png?v=1717078471,kg,,,,,,
dj-bear-t-shirt-for-kid-copy,,,,,,,,,3-4 YRS,,,Beige,,,,,'10711039,200.0,shopify,50,continue,manual,799.00,0.00,true,true,,,,,'10711039,,,,,,,,,,,,,,,,,,,,,,,,,,,,,,,,,,,,,,,,,,,,,,,https://cdn.shopify.com/s/files/1/0618/2368/0740/files/21_4aacdd74-ac45-4d3c-93d1-4000d2b42786.png?v=1717078471,kg,,,,,,
dj-bear-t-shirt-for-kid-copy,,,,,,,,,3-4 YRS,,,Black,,,,,'10711040,200.0,shopify,50,continue,manual,799.00,0.00,true,true,,,,,'10711040,,,,,,,,,,,,,,,,,,,,,,,,,,,,,,,,,,,,,,,,,,,,,,,https://cdn.shopify.com/s/files/1/0618/2368/0740/files/8_aa2bc22a-25d3-4e30-89ee-8939c7885c3c.png?v=1717078471,kg,,,,,,
dj-bear-t-shirt-for-kid-copy,,,,,,,,,3-4 YRS,,,Navy Blue,,,,,'10711041,200.0,shopify,50,continue,manual,799.00,0.00,true,true,,,,,'10711041,,,,,,,,,,,,,,,,,,,,,,,,,,,,,,,,,,,,,,,,,,,,,,,https://cdn.shopify.com/s/files/1/0618/2368/0740/files/18_11fd46d4-4927-4866-a53e-9ed35bc72dfe.png?v=1717078471,kg,,,,,,
dj-bear-t-shirt-for-kid-copy,,,,,,,,,3-4 YRS,,,Bottle Green,,,,,'10711042,200.0,shopify,50,continue,manual,799.00,0.00,true,true,,,,,'10711042,,,,,,,,,,,,,,,,,,,,,,,,,,,,,,,,,,,,,,,,,,,,,,,https://cdn.shopify.com/s/files/1/0618/2368/0740/files/19_ee5f9583-ac71-4ca7-8edc-f6b202b2f06a.png?v=1717078471,kg,,,,,,
dj-bear-t-shirt-for-kid-copy,,,,,,,,,3-4 YRS,,,Royal Blue,,,,,'10711043,200.0,shopify,50,continue,manual,799.00,0.00,true,true,,,,,'10711043,,,,,,,,,,,,,,,,,,,,,,,,,,,,,,,,,,,,,,,,,,,,,,,https://cdn.shopify.com/s/files/1/0618/2368/0740/files/12_a406bcd2-2982-4d7b-84b6-a5200927a6b6.png?v=1717078471,kg,,,,,,
dj-bear-t-shirt-for-kid-copy,,,,,,,,,5-6 YRS,,,Yellow,,,,,'10711044,200.0,shopify,49,continue,manual,799.00,0.00,true,true,,,,,'10711044,,,,,,,,,,,,,,,,,,,,,,,,,,,,,,,,,,,,,,,,,,,,,,,https://cdn.shopify.com/s/files/1/0618/2368/0740/files/16_6ec92625-8576-41ad-b0c6-de264ffa1158.png?v=1717075595,kg,,,,,,
dj-bear-t-shirt-for-kid-copy,,,,,,,,,5-6 YRS,,,Mahroon,,,,,'10711045,200.0,shopify,50,continue,manual,799.00,0.00,true,true,,,,,'10711045,,,,,,,,,,,,,,,,,,,,,,,,,,,,,,,,,,,,,,,,,,,,,,,https://cdn.shopify.com/s/files/1/0618/2368/0740/files/14_2e430f10-42a2-4b08-a3ec-e0179d78085e.png?v=1717078471,kg,,,,,,
dj-bear-t-shirt-for-kid-copy,,,,,,,,,5-6 YRS,,,White,,,,,'10711046,200.0,shopify,50,continue,manual,799.00,0.00,true,true,,,,,'10711046,,,,,,,,,,,,,,,,,,,,,,,,,,,,,,,,,,,,,,,,,,,,,,,https://cdn.shopify.com/s/files/1/0618/2368/0740/files/9_e9a4a947-9ff1-496e-97cb-50af5d2ea679.png?v=1717078471,kg,,,,,,
dj-bear-t-shirt-for-kid-copy,,,,,,,,,5-6 YRS,,,Grey,,,,,'10711047,200.0,shopify,50,continue,manual,799.00,0.00,true,true,,,,,'10711047,,,,,,,,,,,,,,,,,,,,,,,,,,,,,,,,,,,,,,,,,,,,,,,https://cdn.shopify.com/s/files/1/0618/2368/0740/files/15_ee3ec9b9-b1e3-4163-b03b-d491ef560ca4.png?v=1717078471,kg,,,,,,
dj-bear-t-shirt-for-kid-copy,,,,,,,,,5-6 YRS,,,Red,,,,,'10711048,200.0,shopify,49,continue,manual,799.00,0.00,true,true,,,,,'10711048,,,,,,,,,,,,,,,,,,,,,,,,,,,,,,,,,,,,,,,,,,,,,,,https://cdn.shopify.com/s/files/1/0618/2368/0740/files/10_43a351e6-d4e8-472e-a20f-a21db76950b0.png?v=1717078471,kg,,,,,,
dj-bear-t-shirt-for-kid-copy,,,,,,,,,5-6 YRS,,,Pink,,,,,'10711049,200.0,shopify,50,continue,manual,799.00,0.00,true,true,,,,,'10711049,,,,,,,,,,,,,,,,,,,,,,,,,,,,,,,,,,,,,,,,,,,,,,,https://cdn.shopify.com/s/files/1/0618/2368/0740/files/13_ca97fc11-77db-4615-8723-9fbd113562cf.png?v=1717078471,kg,,,,,,
dj-bear-t-shirt-for-kid-copy,,,,,,,,,5-6 YRS,,,Orange,,,,,'10711050,200.0,shopify,50,continue,manual,799.00,0.00,true,true,,,,,'10711050,,,,,,,,,,,,,,,,,,,,,,,,,,,,,,,,,,,,,,,,,,,,,,,https://cdn.shopify.com/s/files/1/0618/2368/0740/files/11_a70e9793-3d0f-4220-b20c-83634f6fd1cf.png?v=1717078471,kg,,,,,,
dj-bear-t-shirt-for-kid-copy,,,,,,,,,5-6 YRS,,,Light Blue,,,,,'10711051,200.0,shopify,50,continue,manual,799.00,0.00,true,true,,,,,'10711051,,,,,,,,,,,,,,,,,,,,,,,,,,,,,,,,,,,,,,,,,,,,,,,https://cdn.shopify.com/s/files/1/0618/2368/0740/files/17_decd9396-156c-4709-92d2-8d01a8a1d1c4.png?v=1717078471,kg,,,,,,
dj-bear-t-shirt-for-kid-copy,,,,,,,,,5-6 YRS,,,Green,,,,,'10711052,200.0,shopify,50,continue,manual,799.00,0.00,true,true,,,,,'10711052,,,,,,,,,,,,,,,,,,,,,,,,,,,,,,,,,,,,,,,,,,,,,,,https://cdn.shopify.com/s/files/1/0618/2368/0740/files/20_69c55f53-f13c-4f69-9fef-ca7022158997.png?v=1717078471,kg,,,,,,
dj-bear-t-shirt-for-kid-copy,,,,,,,,,5-6 YRS,,,Beige,,,,,'10711053,200.0,shopify,50,continue,manual,799.00,0.00,true,true,,,,,'10711053,,,,,,,,,,,,,,,,,,,,,,,,,,,,,,,,,,,,,,,,,,,,,,,https://cdn.shopify.com/s/files/1/0618/2368/0740/files/21_4aacdd74-ac45-4d3c-93d1-4000d2b42786.png?v=1717078471,kg,,,,,,
dj-bear-t-shirt-for-kid-copy,,,,,,,,,5-6 YRS,,,Black,,,,,'10711054,200.0,shopify,50,continue,manual,799.00,0.00,true,true,,,,,'10711054,,,,,,,,,,,,,,,,,,,,,,,,,,,,,,,,,,,,,,,,,,,,,,,https://cdn.shopify.com/s/files/1/0618/2368/0740/files/8_aa2bc22a-25d3-4e30-89ee-8939c7885c3c.png?v=1717078471,kg,,,,,,
dj-bear-t-shirt-for-kid-copy,,,,,,,,,5-6 YRS,,,Navy Blue,,,,,'10711055,200.0,shopify,50,continue,manual,799.00,0.00,true,true,,,,,'10711055,,,,,,,,,,,,,,,,,,,,,,,,,,,,,,,,,,,,,,,,,,,,,,,https://cdn.shopify.com/s/files/1/0618/2368/0740/files/18_11fd46d4-4927-4866-a53e-9ed35bc72dfe.png?v=1717078471,kg,,,,,,
dj-bear-t-shirt-for-kid-copy,,,,,,,,,5-6 YRS,,,Bottle Green,,,,,'10711056,200.0,shopify,50,continue,manual,799.00,0.00,true,true,,,,,'10711056,,,,,,,,,,,,,,,,,,,,,,,,,,,,,,,,,,,,,,,,,,,,,,,https://cdn.shopify.com/s/files/1/0618/2368/0740/files/19_ee5f9583-ac71-4ca7-8edc-f6b202b2f06a.png?v=1717078471,kg,,,,,,
dj-bear-t-shirt-for-kid-copy,,,,,,,,,5-6 YRS,,,Royal Blue,,,,,'10711057,200.0,shopify,50,continue,manual,799.00,0.00,true,true,,,,,'10711057,,,,,,,,,,,,,,,,,,,,,,,,,,,,,,,,,,,,,,,,,,,,,,,https://cdn.shopify.com/s/files/1/0618/2368/0740/files/12_a406bcd2-2982-4d7b-84b6-a5200927a6b6.png?v=1717078471,kg,,,,,,
dj-bear-t-shirt-for-kid-copy,,,,,,,,,7-8 YRS,,,Yellow,,,,,'10711058,200.0,shopify,50,continue,manual,799.00,0.00,true,true,,,,,'10711058,,,,,,,,,,,,,,,,,,,,,,,,,,,,,,,,,,,,,,,,,,,,,,,https://cdn.shopify.com/s/files/1/0618/2368/0740/files/16_6ec92625-8576-41ad-b0c6-de264ffa1158.png?v=1717075595,kg,,,,,,
dj-bear-t-shirt-for-kid-copy,,,,,,,,,7-8 YRS,,,Mahroon,,,,,'10711059,200.0,shopify,50,continue,manual,799.00,0.00,true,true,,,,,'10711059,,,,,,,,,,,,,,,,,,,,,,,,,,,,,,,,,,,,,,,,,,,,,,,https://cdn.shopify.com/s/files/1/0618/2368/0740/files/14_2e430f10-42a2-4b08-a3ec-e0179d78085e.png?v=1717078471,kg,,,,,,
dj-bear-t-shirt-for-kid-copy,,,,,,,,,7-8 YRS,,,White,,,,,'10711060,200.0,shopify,50,continue,manual,799.00,0.00,true,true,,,,,'10711060,,,,,,,,,,,,,,,,,,,,,,,,,,,,,,,,,,,,,,,,,,,,,,,https://cdn.shopify.com/s/files/1/0618/2368/0740/files/9_e9a4a947-9ff1-496e-97cb-50af5d2ea679.png?v=1717078471,kg,,,,,,
dj-bear-t-shirt-for-kid-copy,,,,,,,,,7-8 YRS,,,Grey,,,,,'10711061,200.0,shopify,50,continue,manual,799.00,0.00,true,true,,,,,'10711061,,,,,,,,,,,,,,,,,,,,,,,,,,,,,,,,,,,,,,,,,,,,,,,https://cdn.shopify.com/s/files/1/0618/2368/0740/files/15_ee3ec9b9-b1e3-4163-b03b-d491ef560ca4.png?v=1717078471,kg,,,,,,
dj-bear-t-shirt-for-kid-copy,,,,,,,,,7-8 YRS,,,Red,,,,,'10711062,200.0,shopify,50,continue,manual,799.00,0.00,true,true,,,,,'10711062,,,,,,,,,,,,,,,,,,,,,,,,,,,,,,,,,,,,,,,,,,,,,,,https://cdn.shopify.com/s/files/1/0618/2368/0740/files/10_43a351e6-d4e8-472e-a20f-a21db76950b0.png?v=1717078471,kg,,,,,,
dj-bear-t-shirt-for-kid-copy,,,,,,,,,7-8 YRS,,,Pink,,,,,'10711063,200.0,shopify,50,continue,manual,799.00,0.00,true,true,,,,,'10711063,,,,,,,,,,,,,,,,,,,,,,,,,,,,,,,,,,,,,,,,,,,,,,,https://cdn.shopify.com/s/files/1/0618/2368/0740/files/13_ca97fc11-77db-4615-8723-9fbd113562cf.png?v=1717078471,kg,,,,,,
dj-bear-t-shirt-for-kid-copy,,,,,,,,,7-8 YRS,,,Orange,,,,,'10711064,200.0,shopify,50,continue,manual,799.00,0.00,true,true,,,,,'10711064,,,,,,,,,,,,,,,,,,,,,,,,,,,,,,,,,,,,,,,,,,,,,,,https://cdn.shopify.com/s/files/1/0618/2368/0740/files/11_a70e9793-3d0f-4220-b20c-83634f6fd1cf.png?v=1717078471,kg,,,,,,
dj-bear-t-shirt-for-kid-copy,,,,,,,,,7-8 YRS,,,Light Blue,,,,,'10711065,200.0,shopify,50,continue,manual,799.00,0.00,true,true,,,,,'10711065,,,,,,,,,,,,,,,,,,,,,,,,,,,,,,,,,,,,,,,,,,,,,,,https://cdn.shopify.com/s/files/1/0618/2368/0740/files/17_decd9396-156c-4709-92d2-8d01a8a1d1c4.png?v=1717078471,kg,,,,,,
dj-bear-t-shirt-for-kid-copy,,,,,,,,,7-8 YRS,,,Green,,,,,'10711066,200.0,shopify,50,continue,manual,799.00,0.00,true,true,,,,,'10711066,,,,,,,,,,,,,,,,,,,,,,,,,,,,,,,,,,,,,,,,,,,,,,,https://cdn.shopify.com/s/files/1/0618/2368/0740/files/20_69c55f53-f13c-4f69-9fef-ca7022158997.png?v=1717078471,kg,,,,,,
dj-bear-t-shirt-for-kid-copy,,,,,,,,,7-8 YRS,,,Beige,,,,,'10711067,200.0,shopify,50,continue,manual,799.00,0.00,true,true,,,,,'10711067,,,,,,,,,,,,,,,,,,,,,,,,,,,,,,,,,,,,,,,,,,,,,,,https://cdn.shopify.com/s/files/1/0618/2368/0740/files/21_4aacdd74-ac45-4d3c-93d1-4000d2b42786.png?v=1717078471,kg,,,,,,
dj-bear-t-shirt-for-kid-copy,,,,,,,,,7-8 YRS,,,Black,,,,,'10711068,200.0,shopify,50,continue,manual,799.00,0.00,true,true,,,,,'10711068,,,,,,,,,,,,,,,,,,,,,,,,,,,,,,,,,,,,,,,,,,,,,,,https://cdn.shopify.com/s/files/1/0618/2368/0740/files/8_aa2bc22a-25d3-4e30-89ee-8939c7885c3c.png?v=1717078471,kg,,,,,,
dj-bear-t-shirt-for-kid-copy,,,,,,,,,7-8 YRS,,,Navy Blue,,,,,'10711069,200.0,shopify,50,continue,manual,799.00,0.00,true,true,,,,,'10711069,,,,,,,,,,,,,,,,,,,,,,,,,,,,,,,,,,,,,,,,,,,,,,,https://cdn.shopify.com/s/files/1/0618/2368/0740/files/18_11fd46d4-4927-4866-a53e-9ed35bc72dfe.png?v=1717078471,kg,,,,,,
dj-bear-t-shirt-for-kid-copy,,,,,,,,,7-8 YRS,,,Bottle Green,,,,,'10711070,200.0,shopify,50,continue,manual,799.00,0.00,true,true,,,,,'10711070,,,,,,,,,,,,,,,,,,,,,,,,,,,,,,,,,,,,,,,,,,,,,,,https://cdn.shopify.com/s/files/1/0618/2368/0740/files/19_ee5f9583-ac71-4ca7-8edc-f6b202b2f06a.png?v=1717078471,kg,,,,,,
dj-bear-t-shirt-for-kid-copy,,,,,,,,,7-8 YRS,,,Royal Blue,,,,,'10711071,200.0,shopify,50,continue,manual,799.00,0.00,true,true,,,,,'10711071,,,,,,,,,,,,,,,,,,,,,,,,,,,,,,,,,,,,,,,,,,,,,,,https://cdn.shopify.com/s/files/1/0618/2368/0740/files/12_a406bcd2-2982-4d7b-84b6-a5200927a6b6.png?v=1717078471,kg,,,,,,
dj-bear-t-shirt-for-kid-copy,,,,,,,,,9-10 YRS,,,Yellow,,,,,'10711072,200.0,shopify,50,continue,manual,899.00,0.00,true,true,,,,,'10711072,,,,,,,,,,,,,,,,,,,,,,,,,,,,,,,,,,,,,,,,,,,,,,,https://cdn.shopify.com/s/files/1/0618/2368/0740/files/16_6ec92625-8576-41ad-b0c6-de264ffa1158.png?v=1717075595,kg,,,,,,
dj-bear-t-shirt-for-kid-copy,,,,,,,,,9-10 YRS,,,Mahroon,,,,,'10711073,200.0,shopify,50,continue,manual,899.00,0.00,true,true,,,,,'10711073,,,,,,,,,,,,,,,,,,,,,,,,,,,,,,,,,,,,,,,,,,,,,,,https://cdn.shopify.com/s/files/1/0618/2368/0740/files/14_2e430f10-42a2-4b08-a3ec-e0179d78085e.png?v=1717078471,kg,,,,,,
dj-bear-t-shirt-for-kid-copy,,,,,,,,,9-10 YRS,,,White,,,,,'10711074,200.0,shopify,50,continue,manual,899.00,0.00,true,true,,,,,'10711074,,,,,,,,,,,,,,,,,,,,,,,,,,,,,,,,,,,,,,,,,,,,,,,https://cdn.shopify.com/s/files/1/0618/2368/0740/files/9_e9a4a947-9ff1-496e-97cb-50af5d2ea679.png?v=1717078471,kg,,,,,,
dj-bear-t-shirt-for-kid-copy,,,,,,,,,9-10 YRS,,,Grey,,,,,'10711075,200.0,shopify,50,continue,manual,899.00,0.00,true,true,,,,,'10711075,,,,,,,,,,,,,,,,,,,,,,,,,,,,,,,,,,,,,,,,,,,,,,,https://cdn.shopify.com/s/files/1/0618/2368/0740/files/15_ee3ec9b9-b1e3-4163-b03b-d491ef560ca4.png?v=1717078471,kg,,,,,,
dj-bear-t-shirt-for-kid-copy,,,,,,,,,9-10 YRS,,,Red,,,,,'10711076,200.0,shopify,49,continue,manual,899.00,0.00,true,true,,,,,'10711076,,,,,,,,,,,,,,,,,,,,,,,,,,,,,,,,,,,,,,,,,,,,,,,https://cdn.shopify.com/s/files/1/0618/2368/0740/files/10_43a351e6-d4e8-472e-a20f-a21db76950b0.png?v=1717078471,kg,,,,,,
dj-bear-t-shirt-for-kid-copy,,,,,,,,,9-10 YRS,,,Pink,,,,,'10711077,200.0,shopify,50,continue,manual,899.00,0.00,true,true,,,,,'10711077,,,,,,,,,,,,,,,,,,,,,,,,,,,,,,,,,,,,,,,,,,,,,,,https://cdn.shopify.com/s/files/1/0618/2368/0740/files/13_ca97fc11-77db-4615-8723-9fbd113562cf.png?v=1717078471,kg,,,,,,
dj-bear-t-shirt-for-kid-copy,,,,,,,,,9-10 YRS,,,Orange,,,,,'10711078,200.0,shopify,50,continue,manual,899.00,0.00,true,true,,,,,'10711078,,,,,,,,,,,,,,,,,,,,,,,,,,,,,,,,,,,,,,,,,,,,,,,https://cdn.shopify.com/s/files/1/0618/2368/0740/files/11_a70e9793-3d0f-4220-b20c-83634f6fd1cf.png?v=1717078471,kg,,,,,,
dj-bear-t-shirt-for-kid-copy,,,,,,,,,9-10 YRS,,,Light Blue,,,,,'10711079,200.0,shopify,50,continue,manual,899.00,0.00,true,true,,,,,'10711079,,,,,,,,,,,,,,,,,,,,,,,,,,,,,,,,,,,,,,,,,,,,,,,https://cdn.shopify.com/s/files/1/0618/2368/0740/files/17_decd9396-156c-4709-92d2-8d01a8a1d1c4.png?v=1717078471,kg,,,,,,
dj-bear-t-shirt-for-kid-copy,,,,,,,,,9-10 YRS,,,Green,,,,,'10711080,200.0,shopify,50,continue,manual,899.00,0.00,true,true,,,,,'10711080,,,,,,,,,,,,,,,,,,,,,,,,,,,,,,,,,,,,,,,,,,,,,,,https://cdn.shopify.com/s/files/1/0618/2368/0740/files/20_69c55f53-f13c-4f69-9fef-ca7022158997.png?v=1717078471,kg,,,,,,
dj-bear-t-shirt-for-kid-copy,,,,,,,,,9-10 YRS,,,Beige,,,,,'10711081,200.0,shopify,50,continue,manual,899.00,0.00,true,true,,,,,'10711081,,,,,,,,,,,,,,,,,,,,,,,,,,,,,,,,,,,,,,,,,,,,,,,https://cdn.shopify.com/s/files/1/0618/2368/0740/files/21_4aacdd74-ac45-4d3c-93d1-4000d2b42786.png?v=1717078471,kg,,,,,,
dj-bear-t-shirt-for-kid-copy,,,,,,,,,9-10 YRS,,,Black,,,,,'10711082,200.0,shopify,50,continue,manual,899.00,0.00,true,true,,,,,'10711082,,,,,,,,,,,,,,,,,,,,,,,,,,,,,,,,,,,,,,,,,,,,,,,https://cdn.shopify.com/s/files/1/0618/2368/0740/files/8_aa2bc22a-25d3-4e30-89ee-8939c7885c3c.png?v=1717078471,kg,,,,,,
dj-bear-t-shirt-for-kid-copy,,,,,,,,,9-10 YRS,,,Navy Blue,,,,,'10711083,200.0,shopify,50,continue,manual,899.00,0.00,true,true,,,,,'10711083,,,,,,,,,,,,,,,,,,,,,,,,,,,,,,,,,,,,,,,,,,,,,,,https://cdn.shopify.com/s/files/1/0618/2368/0740/files/18_11fd46d4-4927-4866-a53e-9ed35bc72dfe.png?v=1717078471,kg,,,,,,
dj-bear-t-shirt-for-kid-copy,,,,,,,,,9-10 YRS,,,Bottle Green,,,,,'10711084,200.0,shopify,50,continue,manual,899.00,0.00,true,true,,,,,'10711084,,,,,,,,,,,,,,,,,,,,,,,,,,,,,,,,,,,,,,,,,,,,,,,https://cdn.shopify.com/s/files/1/0618/2368/0740/files/19_ee5f9583-ac71-4ca7-8edc-f6b202b2f06a.png?v=1717078471,kg,,,,,,
dj-bear-t-shirt-for-kid-copy,,,,,,,,,9-10 YRS,,,Royal Blue,,,,,'10711085,200.0,shopify,50,continue,manual,899.00,0.00,true,true,,,,,'10711085,,,,,,,,,,,,,,,,,,,,,,,,,,,,,,,,,,,,,,,,,,,,,,,https://cdn.shopify.com/s/files/1/0618/2368/0740/files/12_a406bcd2-2982-4d7b-84b6-a5200927a6b6.png?v=1717078471,kg,,,,,,
dj-bear-t-shirt-for-kid-copy,,,,,,,,,11-12 YRS,,,Yellow,,,,,'10711086,200.0,shopify,50,continue,manual,899.00,0.00,true,true,,,,,'10711086,,,,,,,,,,,,,,,,,,,,,,,,,,,,,,,,,,,,,,,,,,,,,,,https://cdn.shopify.com/s/files/1/0618/2368/0740/files/16_6ec92625-8576-41ad-b0c6-de264ffa1158.png?v=1717075595,kg,,,,,,
dj-bear-t-shirt-for-kid-copy,,,,,,,,,11-12 YRS,,,Mahroon,,,,,'10711087,200.0,shopify,50,continue,manual,899.00,0.00,true,true,,,,,'10711087,,,,,,,,,,,,,,,,,,,,,,,,,,,,,,,,,,,,,,,,,,,,,,,https://cdn.shopify.com/s/files/1/0618/2368/0740/files/14_2e430f10-42a2-4b08-a3ec-e0179d78085e.png?v=1717078471,kg,,,,,,
dj-bear-t-shirt-for-kid-copy,,,,,,,,,11-12 YRS,,,White,,,,,'10711088,200.0,shopify,50,continue,manual,899.00,0.00,true,true,,,,,'10711088,,,,,,,,,,,,,,,,,,,,,,,,,,,,,,,,,,,,,,,,,,,,,,,https://cdn.shopify.com/s/files/1/0618/2368/0740/files/9_e9a4a947-9ff1-496e-97cb-50af5d2ea679.png?v=1717078471,kg,,,,,,
dj-bear-t-shirt-for-kid-copy,,,,,,,,,11-12 YRS,,,Grey,,,,,'10711089,200.0,shopify,50,continue,manual,899.00,0.00,true,true,,,,,'10711089,,,,,,,,,,,,,,,,,,,,,,,,,,,,,,,,,,,,,,,,,,,,,,,https://cdn.shopify.com/s/files/1/0618/2368/0740/files/15_ee3ec9b9-b1e3-4163-b03b-d491ef560ca4.png?v=1717078471,kg,,,,,,
dj-bear-t-shirt-for-kid-copy,,,,,,,,,11-12 YRS,,,Red,,,,,'10711090,200.0,shopify,50,continue,manual,899.00,0.00,true,true,,,,,'10711090,,,,,,,,,,,,,,,,,,,,,,,,,,,,,,,,,,,,,,,,,,,,,,,https://cdn.shopify.com/s/files/1/0618/2368/0740/files/10_43a351e6-d4e8-472e-a20f-a21db76950b0.png?v=1717078471,kg,,,,,,
dj-bear-t-shirt-for-kid-copy,,,,,,,,,11-12 YRS,,,Pink,,,,,'10711091,200.0,shopify,50,continue,manual,899.00,0.00,true,true,,,,,'10711091,,,,,,,,,,,,,,,,,,,,,,,,,,,,,,,,,,,,,,,,,,,,,,,https://cdn.shopify.com/s/files/1/0618/2368/0740/files/13_ca97fc11-77db-4615-8723-9fbd113562cf.png?v=1717078471,kg,,,,,,
dj-bear-t-shirt-for-kid-copy,,,,,,,,,11-12 YRS,,,Orange,,,,,'10711092,200.0,shopify,50,continue,manual,899.00,0.00,true,true,,,,,'10711092,,,,,,,,,,,,,,,,,,,,,,,,,,,,,,,,,,,,,,,,,,,,,,,https://cdn.shopify.com/s/files/1/0618/2368/0740/files/11_a70e9793-3d0f-4220-b20c-83634f6fd1cf.png?v=1717078471,kg,,,,,,
dj-bear-t-shirt-for-kid-copy,,,,,,,,,11-12 YRS,,,Light Blue,,,,,'10711093,200.0,shopify,50,continue,manual,899.00,0.00,true,true,,,,,'10711093,,,,,,,,,,,,,,,,,,,,,,,,,,,,,,,,,,,,,,,,,,,,,,,https://cdn.shopify.com/s/files/1/0618/2368/0740/files/17_decd9396-156c-4709-92d2-8d01a8a1d1c4.png?v=1717078471,kg,,,,,,
dj-bear-t-shirt-for-kid-copy,,,,,,,,,11-12 YRS,,,Green,,,,,'10711094,200.0,shopify,50,continue,manual,899.00,0.00,true,true,,,,,'10711094,,,,,,,,,,,,,,,,,,,,,,,,,,,,,,,,,,,,,,,,,,,,,,,https://cdn.shopify.com/s/files/1/0618/2368/0740/files/20_69c55f53-f13c-4f69-9fef-ca7022158997.png?v=1717078471,kg,,,,,,
dj-bear-t-shirt-for-kid-copy,,,,,,,,,11-12 YRS,,,Beige,,,,,'10711095,200.0,shopify,50,continue,manual,899.00,0.00,true,true,,,,,'10711095,,,,,,,,,,,,,,,,,,,,,,,,,,,,,,,,,,,,,,,,,,,,,,,https://cdn.shopify.com/s/files/1/0618/2368/0740/files/21_4aacdd74-ac45-4d3c-93d1-4000d2b42786.png?v=1717078471,kg,,,,,,
dj-bear-t-shirt-for-kid-copy,,,,,,,,,11-12 YRS,,,Black,,,,,'10711096,200.0,shopify,50,continue,manual,899.00,0.00,true,true,,,,,'10711096,,,,,,,,,,,,,,,,,,,,,,,,,,,,,,,,,,,,,,,,,,,,,,,https://cdn.shopify.com/s/files/1/0618/2368/0740/files/8_aa2bc22a-25d3-4e30-89ee-8939c7885c3c.png?v=1717078471,kg,,,,,,
dj-bear-t-shirt-for-kid-copy,,,,,,,,,11-12 YRS,,,Navy Blue,,,,,'10711097,200.0,shopify,50,continue,manual,899.00,0.00,true,true,,,,,'10711097,,,,,,,,,,,,,,,,,,,,,,,,,,,,,,,,,,,,,,,,,,,,,,,https://cdn.shopify.com/s/files/1/0618/2368/0740/files/18_11fd46d4-4927-4866-a53e-9ed35bc72dfe.png?v=1717078471,kg,,,,,,
dj-bear-t-shirt-for-kid-copy,,,,,,,,,11-12 YRS,,,Bottle Green,,,,,'10711098,200.0,shopify,50,continue,manual,899.00,0.00,true,true,,,,,'10711098,,,,,,,,,,,,,,,,,,,,,,,,,,,,,,,,,,,,,,,,,,,,,,,https://cdn.shopify.com/s/files/1/0618/2368/0740/files/19_ee5f9583-ac71-4ca7-8edc-f6b202b2f06a.png?v=1717078471,kg,,,,,,
dj-bear-t-shirt-for-kid-copy,,,,,,,,,11-12 YRS,,,Royal Blue,,,,,'10711099,200.0,shopify,50,continue,manual,899.00,0.00,true,true,,,,,'10711099,,,,,,,,,,,,,,,,,,,,,,,,,,,,,,,,,,,,,,,,,,,,,,,https://cdn.shopify.com/s/files/1/0618/2368/0740/files/12_a406bcd2-2982-4d7b-84b6-a5200927a6b6.png?v=1717078471,kg,,,,,,
dj-bear-t-shirt-for-kid-copy,,,,,,,,,13-14 YRS,,,Yellow,,,,,'10711100,200.0,shopify,99,continue,manual,999.00,0.00,true,true,,,,,'10711100,,,,,,,,,,,,,,,,,,,,,,,,,,,,,,,,,,,,,,,,,,,,,,,https://cdn.shopify.com/s/files/1/0618/2368/0740/files/16_6ec92625-8576-41ad-b0c6-de264ffa1158.png?v=1717075595,kg,,,,,,
dj-bear-t-shirt-for-kid-copy,,,,,,,,,13-14 YRS,,,Mahroon,,,,,'10711101,200.0,shopify,100,continue,manual,999.00,0.00,true,true,,,,,'10711101,,,,,,,,,,,,,,,,,,,,,,,,,,,,,,,,,,,,,,,,,,,,,,,https://cdn.shopify.com/s/files/1/0618/2368/0740/files/14_2e430f10-42a2-4b08-a3ec-e0179d78085e.png?v=1717078471,kg,,,,,,
dj-bear-t-shirt-for-kid-copy,,,,,,,,,13-14 YRS,,,White,,,,,'10711102,200.0,shopify,100,continue,manual,999.00,0.00,true,true,,,,,'10711102,,,,,,,,,,,,,,,,,,,,,,,,,,,,,,,,,,,,,,,,,,,,,,,https://cdn.shopify.com/s/files/1/0618/2368/0740/files/9_e9a4a947-9ff1-496e-97cb-50af5d2ea679.png?v=1717078471,kg,,,,,,
dj-bear-t-shirt-for-kid-copy,,,,,,,,,13-14 YRS,,,Grey,,,,,'10711103,200.0,shopify,100,continue,manual,999.00,0.00,true,true,,,,,'10711103,,,,,,,,,,,,,,,,,,,,,,,,,,,,,,,,,,,,,,,,,,,,,,,https://cdn.shopify.com/s/files/1/0618/2368/0740/files/15_ee3ec9b9-b1e3-4163-b03b-d491ef560ca4.png?v=1717078471,kg,,,,,,
dj-bear-t-shirt-for-kid-copy,,,,,,,,,13-14 YRS,,,Red,,,,,'10711104,200.0,shopify,100,continue,manual,999.00,0.00,true,true,,,,,'10711104,,,,,,,,,,,,,,,,,,,,,,,,,,,,,,,,,,,,,,,,,,,,,,,https://cdn.shopify.com/s/files/1/0618/2368/0740/files/10_43a351e6-d4e8-472e-a20f-a21db76950b0.png?v=1717078471,kg,,,,,,
dj-bear-t-shirt-for-kid-copy,,,,,,,,,13-14 YRS,,,Pink,,,,,'10711105,200.0,shopify,100,continue,manual,999.00,0.00,true,true,,,,,'10711105,,,,,,,,,,,,,,,,,,,,,,,,,,,,,,,,,,,,,,,,,,,,,,,https://cdn.shopify.com/s/files/1/0618/2368/0740/files/13_ca97fc11-77db-4615-8723-9fbd113562cf.png?v=1717078471,kg,,,,,,
dj-bear-t-shirt-for-kid-copy,,,,,,,,,13-14 YRS,,,Orange,,,,,'10711106,200.0,shopify,100,continue,manual,999.00,0.00,true,true,,,,,'10711106,,,,,,,,,,,,,,,,,,,,,,,,,,,,,,,,,,,,,,,,,,,,,,,https://cdn.shopify.com/s/files/1/0618/2368/0740/files/11_a70e9793-3d0f-4220-b20c-83634f6fd1cf.png?v=1717078471,kg,,,,,,
dj-bear-t-shirt-for-kid-copy,,,,,,,,,13-14 YRS,,,Light Blue,,,,,'10711107,200.0,shopify,99,continue,manual,999.00,0.00,true,true,,,,,'10711107,,,,,,,,,,,,,,,,,,,,,,,,,,,,,,,,,,,,,,,,,,,,,,,https://cdn.shopify.com/s/files/1/0618/2368/0740/files/17_decd9396-156c-4709-92d2-8d01a8a1d1c4.png?v=1717078471,kg,,,,,,
dj-bear-t-shirt-for-kid-copy,,,,,,,,,13-14 YRS,,,Green,,,,,'10711108,200.0,shopify,100,continue,manual,999.00,0.00,true,true,,,,,'10711108,,,,,,,,,,,,,,,,,,,,,,,,,,,,,,,,,,,,,,,,,,,,,,,https://cdn.shopify.com/s/files/1/0618/2368/0740/files/20_69c55f53-f13c-4f69-9fef-ca7022158997.png?v=1717078471,kg,,,,,,
dj-bear-t-shirt-for-kid-copy,,,,,,,,,13-14 YRS,,,Beige,,,,,'10711109,200.0,shopify,100,continue,manual,999.00,0.00,true,true,,,,,'10711109,,,,,,,,,,,,,,,,,,,,,,,,,,,,,,,,,,,,,,,,,,,,,,,https://cdn.shopify.com/s/files/1/0618/2368/0740/files/21_4aacdd74-ac45-4d3c-93d1-4000d2b42786.png?v=1717078471,kg,,,,,,
dj-bear-t-shirt-for-kid-copy,,,,,,,,,13-14 YRS,,,Black,,,,,'10711110,200.0,shopify,100,continue,manual,999.00,0.00,true,true,,,,,'10711110,,,,,,,,,,,,,,,,,,,,,,,,,,,,,,,,,,,,,,,,,,,,,,,https://cdn.shopify.com/s/files/1/0618/2368/0740/files/8_aa2bc22a-25d3-4e30-89ee-8939c7885c3c.png?v=1717078471,kg,,,,,,
dj-bear-t-shirt-for-kid-copy,,,,,,,,,13-14 YRS,,,Navy Blue,,,,,'10711111,200.0,shopify,100,continue,manual,999.00,0.00,true,true,,,,,'10711111,,,,,,,,,,,,,,,,,,,,,,,,,,,,,,,,,,,,,,,,,,,,,,,https://cdn.shopify.com/s/files/1/0618/2368/0740/files/18_11fd46d4-4927-4866-a53e-9ed35bc72dfe.png?v=1717078471,kg,,,,,,
dj-bear-t-shirt-for-kid-copy,,,,,,,,,13-14 YRS,,,Bottle Green,,,,,'10711112,200.0,shopify,100,continue,manual,999.00,0.00,true,true,,,,,'10711112,,,,,,,,,,,,,,,,,,,,,,,,,,,,,,,,,,,,,,,,,,,,,,,https://cdn.shopify.com/s/files/1/0618/2368/0740/files/19_ee5f9583-ac71-4ca7-8edc-f6b202b2f06a.png?v=1717078471,kg,,,,,,
dj-bear-t-shirt-for-kid-copy,,,,,,,,,13-14 YRS,,,Royal Blue,,,,,'10706835,200.0,shopify,100,continue,manual,999.00,0.00,true,true,,,,,'10706835,,,,,,,,,,,,,,,,,,,,,,,,,,,,,,,,,,,,,,,,,,,,,,,https://cdn.shopify.com/s/files/1/0618/2368/0740/files/12_a406bcd2-2982-4d7b-84b6-a5200927a6b6.png?v=1717078471,kg,,,,,,
dragon-ball-t-shirt-for-kids-copy,F.R.I.E.N.D.S T shirt for Kids,"<div>Fabric: High-Quality Cotton Jersey</div>
<div>Half Sleeve T-Shirt</div>
<div>Round Neck</div>
<div>High Quality DTF Printed</div>
<div>Soft and Comfortable Wear (Unisex)</div>
<div>Easy Wash &amp; Press</div>
<div>Sizes 1-14 years </div>
<div><span>Disclaimer: Colors may vary slightly due to studio lights. </span></div>",BBG FASHION CLOTHING STORE,Apparel & Accessories > Clothing > Clothing Tops > T-Shirts,kids T-Shirts,kids T-Shirts,false,Size,1-2 YRS,,Color,Red,,,,,'10710919,200.0,shopify,50,continue,manual,799.00,0.00,true,true,,,,,'10710919,https://cdn.shopify.com/s/files/1/0618/2368/0740/files/27_5f0b707d-7719-4942-8f83-30a4007e442f.png?v=1717075566,1,Dragon Ball T Shirt For Kids Copy - front view - kids wear Pakistan,false,,,212,,,,,,,,,,,,,,,,,,,,,,,,,,,,,,,,,,,,,,,,https://cdn.shopify.com/s/files/1/0618/2368/0740/files/27_5f0b707d-7719-4942-8f83-30a4007e442f.png?v=1717075566,kg,,,true,,,draft
dragon-ball-t-shirt-for-kids-copy,,,,,,,,,1-2 YRS,,,Yellow,,,,,'10710920,200.0,shopify,50,continue,manual,799.00,0.00,true,true,,,,,'10710920,https://cdn.shopify.com/s/files/1/0618/2368/0740/files/bbg_d1d933d2-5f31-45d8-8176-020754e9f684.png?v=1717078507,2,Summer Surf Shirt For Kids Copy - back view - kids wear Pakistan,,,,,,,,,,,,,,,,,,,,,,,,,,,,,,,,,,,,,,,,,,,,https://cdn.shopify.com/s/files/1/0618/2368/0740/files/19_4305e815-f46f-44c0-b777-c1f050c685f6.png?v=1717078582,kg,,,,,,
dragon-ball-t-shirt-for-kids-copy,,,,,,,,,1-2 YRS,,,Mahroon,,,,,'10710921,200.0,shopify,50,continue,manual,799.00,0.00,true,true,,,,,'10710921,https://cdn.shopify.com/s/files/1/0618/2368/0740/files/18_05f8e2a4-4b79-4ef6-b889-0d9a3dab8e7f.png?v=1717078582,3,Dragon Ball T Shirt For Kids Copy - side view - kids wear Pakistan,,,,,,,,,,,,,,,,,,,,,,,,,,,,,,,,,,,,,,,,,,,,https://cdn.shopify.com/s/files/1/0618/2368/0740/files/26_9d4e1b72-daf3-49e4-a5da-7bfb5bcbb134.png?v=1717078582,kg,,,,,,
dragon-ball-t-shirt-for-kids-copy,,,,,,,,,1-2 YRS,,,White,,,,,'10710922,200.0,shopify,50,continue,manual,799.00,0.00,true,true,,,,,'10710922,https://cdn.shopify.com/s/files/1/0618/2368/0740/files/20_269b8c7e-7554-411e-bad2-6bb6ed3d3b6b.png?v=1717078582,4,Dragon Ball T Shirt For Kids Copy - detail shot - kids wear Pakistan,,,,,,,,,,,,,,,,,,,,,,,,,,,,,,,,,,,,,,,,,,,,https://cdn.shopify.com/s/files/1/0618/2368/0740/files/25_5dd43a2f-6bd2-47ac-8be0-22b785a670d5.png?v=1717078582,kg,,,,,,
dragon-ball-t-shirt-for-kids-copy,,,,,,,,,1-2 YRS,,,Grey,,,,,'10710923,200.0,shopify,50,continue,manual,799.00,0.00,true,true,,,,,'10710923,https://cdn.shopify.com/s/files/1/0618/2368/0740/files/21_4d0118b0-e2ce-4233-938b-52ec36138660.png?v=1717078582,5,Dragon Ball T Shirt For Kids Copy - front view - kids wear Pakistan,,,,,,,,,,,,,,,,,,,,,,,,,,,,,,,,,,,,,,,,,,,,https://cdn.shopify.com/s/files/1/0618/2368/0740/files/24_044dd144-6a2a-4778-8587-b8cfd09044d6.png?v=1717078582,kg,,,,,,
dragon-ball-t-shirt-for-kids-copy,,,,,,,,,1-2 YRS,,,Pink,,,,,'10710924,200.0,shopify,50,continue,manual,799.00,0.00,true,true,,,,,'10710924,https://cdn.shopify.com/s/files/1/0618/2368/0740/files/22_370c064c-65aa-47f0-8b30-8d4ebf00f6f6.png?v=1717078582,6,Dragon Ball T Shirt For Kids Copy - back view - kids wear Pakistan,,,,,,,,,,,,,,,,,,,,,,,,,,,,,,,,,,,,,,,,,,,,https://cdn.shopify.com/s/files/1/0618/2368/0740/files/28_790ca3e3-325b-442c-9c91-cb72ee2f642b.png?v=1717078582,kg,,,,,,
dragon-ball-t-shirt-for-kids-copy,,,,,,,,,1-2 YRS,,,Orange,,,,,'10710925,200.0,shopify,50,continue,manual,799.00,0.00,true,true,,,,,'10710925,https://cdn.shopify.com/s/files/1/0618/2368/0740/files/23_a31fccb2-de42-4d54-93d7-84538feec03a.png?v=1717078582,7,Dragon Ball T Shirt For Kids Copy - side view - kids wear Pakistan,,,,,,,,,,,,,,,,,,,,,,,,,,,,,,,,,,,,,,,,,,,,https://cdn.shopify.com/s/files/1/0618/2368/0740/files/29_bf8e9661-1552-4216-a0b8-d26f2fa8a031.png?v=1717078582,kg,,,,,,
dragon-ball-t-shirt-for-kids-copy,,,,,,,,,1-2 YRS,,,Green,,,,,'10710926,200.0,shopify,50,continue,manual,799.00,0.00,true,true,,,,,'10710926,https://cdn.shopify.com/s/files/1/0618/2368/0740/files/24_044dd144-6a2a-4778-8587-b8cfd09044d6.png?v=1717078582,8,Dragon Ball T Shirt For Kids Copy - detail shot - kids wear Pakistan,,,,,,,,,,,,,,,,,,,,,,,,,,,,,,,,,,,,,,,,,,,,https://cdn.shopify.com/s/files/1/0618/2368/0740/files/23_a31fccb2-de42-4d54-93d7-84538feec03a.png?v=1717078582,kg,,,,,,
dragon-ball-t-shirt-for-kids-copy,,,,,,,,,1-2 YRS,,,Beige,,,,,'10710927,200.0,shopify,50,continue,manual,799.00,0.00,true,true,,,,,'10710927,https://cdn.shopify.com/s/files/1/0618/2368/0740/files/25_5dd43a2f-6bd2-47ac-8be0-22b785a670d5.png?v=1717078582,9,Dragon Ball T Shirt For Kids Copy - front view - kids wear Pakistan,,,,,,,,,,,,,,,,,,,,,,,,,,,,,,,,,,,,,,,,,,,,https://cdn.shopify.com/s/files/1/0618/2368/0740/files/24_044dd144-6a2a-4778-8587-b8cfd09044d6.png?v=1717078582,kg,,,,,,
dragon-ball-t-shirt-for-kids-copy,,,,,,,,,1-2 YRS,,,Black,,,,,'10710928,200.0,shopify,50,continue,manual,799.00,0.00,true,true,,,,,'10710928,https://cdn.shopify.com/s/files/1/0618/2368/0740/files/26_9d4e1b72-daf3-49e4-a5da-7bfb5bcbb134.png?v=1717078582,10,Dragon Ball T Shirt For Kids Copy - back view - kids wear Pakistan,,,,,,,,,,,,,,,,,,,,,,,,,,,,,,,,,,,,,,,,,,,,https://cdn.shopify.com/s/files/1/0618/2368/0740/files/10_40613098-1caa-4c10-a874-aea55ab80046.png?v=1717078582,kg,,,,,,
dragon-ball-t-shirt-for-kids-copy,,,,,,,,,1-2 YRS,,,Navy Blue,,,,,'10710929,200.0,shopify,50,continue,manual,799.00,0.00,true,true,,,,,'10710929,https://cdn.shopify.com/s/files/1/0618/2368/0740/files/28_790ca3e3-325b-442c-9c91-cb72ee2f642b.png?v=1717078582,11,Dragon Ball T Shirt For Kids Copy - side view - kids wear Pakistan,,,,,,,,,,,,,,,,,,,,,,,,,,,,,,,,,,,,,,,,,,,,https://cdn.shopify.com/s/files/1/0618/2368/0740/files/21_4d0118b0-e2ce-4233-938b-52ec36138660.png?v=1717078582,kg,,,,,,
dragon-ball-t-shirt-for-kids-copy,,,,,,,,,1-2 YRS,,,Bottle Green,,,,,'10710930,200.0,shopify,50,continue,manual,799.00,0.00,true,true,,,,,'10710930,https://cdn.shopify.com/s/files/1/0618/2368/0740/files/29_bf8e9661-1552-4216-a0b8-d26f2fa8a031.png?v=1717078582,12,Dragon Ball T Shirt For Kids Copy - detail shot - kids wear Pakistan,,,,,,,,,,,,,,,,,,,,,,,,,,,,,,,,,,,,,,,,,,,,https://cdn.shopify.com/s/files/1/0618/2368/0740/files/22_370c064c-65aa-47f0-8b30-8d4ebf00f6f6.png?v=1717078582,kg,,,,,,
dragon-ball-t-shirt-for-kids-copy,,,,,,,,,1-2 YRS,,,Royal Blue,,,,,'10710931,200.0,shopify,50,continue,manual,799.00,0.00,true,true,,,,,'10710931,https://cdn.shopify.com/s/files/1/0618/2368/0740/files/30_996602f2-ee05-422e-a2fe-3e4aafa47e69.png?v=1717078582,13,Dragon Ball T Shirt For Kids Copy - front view - kids wear Pakistan,,,,,,,,,,,,,,,,,,,,,,,,,,,,,,,,,,,,,,,,,,,,https://cdn.shopify.com/s/files/1/0618/2368/0740/files/30_996602f2-ee05-422e-a2fe-3e4aafa47e69.png?v=1717078582,kg,,,,,,
dragon-ball-t-shirt-for-kids-copy,,,,,,,,,1-2 YRS,,,Purple,,,,,'10710932,200.0,shopify,50,continue,manual,799.00,0.00,true,true,,,,,'10710932,https://cdn.shopify.com/s/files/1/0618/2368/0740/files/31_e7e79f7c-d832-444a-baa2-f492dbf578a1.png?v=1717078582,14,Dragon Ball T Shirt For Kids Copy - back view - kids wear Pakistan,,,,,,,,,,,,,,,,,,,,,,,,,,,,,,,,,,,,,,,,,,,,https://cdn.shopify.com/s/files/1/0618/2368/0740/files/31_e7e79f7c-d832-444a-baa2-f492dbf578a1.png?v=1717078582,kg,,,,,,
dragon-ball-t-shirt-for-kids-copy,,,,,,,,,3-4 YRS,,,Red,,,,,'10710933,200.0,shopify,50,continue,manual,799.00,0.00,true,true,,,,,'10710933,https://cdn.shopify.com/s/files/1/0618/2368/0740/files/19_4305e815-f46f-44c0-b777-c1f050c685f6.png?v=1717078582,15,Dragon Ball T Shirt For Kids Copy - side view - kids wear Pakistan,,,,,,,,,,,,,,,,,,,,,,,,,,,,,,,,,,,,,,,,,,,,https://cdn.shopify.com/s/files/1/0618/2368/0740/files/27_5f0b707d-7719-4942-8f83-30a4007e442f.png?v=1717075566,kg,,,,,,
dragon-ball-t-shirt-for-kids-copy,,,,,,,,,3-4 YRS,,,Yellow,,,,,'10710934,200.0,shopify,50,continue,manual,799.00,0.00,true,true,,,,,'10710934,https://cdn.shopify.com/s/files/1/0618/2368/0740/files/10_40613098-1caa-4c10-a874-aea55ab80046.png?v=1717078582,16,Dragon Ball T Shirt For Kids Copy - detail shot - kids wear Pakistan,,,,,,,,,,,,,,,,,,,,,,,,,,,,,,,,,,,,,,,,,,,,https://cdn.shopify.com/s/files/1/0618/2368/0740/files/19_4305e815-f46f-44c0-b777-c1f050c685f6.png?v=1717078582,kg,,,,,,
dragon-ball-t-shirt-for-kids-copy,,,,,,,,,3-4 YRS,,,Mahroon,,,,,'10710935,200.0,shopify,50,continue,manual,799.00,0.00,true,true,,,,,'10710935,,,,,,,,,,,,,,,,,,,,,,,,,,,,,,,,,,,,,,,,,,,,,,,https://cdn.shopify.com/s/files/1/0618/2368/0740/files/26_9d4e1b72-daf3-49e4-a5da-7bfb5bcbb134.png?v=1717078582,kg,,,,,,
dragon-ball-t-shirt-for-kids-copy,,,,,,,,,3-4 YRS,,,White,,,,,'10710936,200.0,shopify,50,continue,manual,799.00,0.00,true,true,,,,,'10710936,,,,,,,,,,,,,,,,,,,,,,,,,,,,,,,,,,,,,,,,,,,,,,,https://cdn.shopify.com/s/files/1/0618/2368/0740/files/25_5dd43a2f-6bd2-47ac-8be0-22b785a670d5.png?v=1717078582,kg,,,,,,
dragon-ball-t-shirt-for-kids-copy,,,,,,,,,3-4 YRS,,,Grey,,,,,'10710937,200.0,shopify,49,continue,manual,799.00,0.00,true,true,,,,,'10710937,,,,,,,,,,,,,,,,,,,,,,,,,,,,,,,,,,,,,,,,,,,,,,,https://cdn.shopify.com/s/files/1/0618/2368/0740/files/24_044dd144-6a2a-4778-8587-b8cfd09044d6.png?v=1717078582,kg,,,,,,
dragon-ball-t-shirt-for-kids-copy,,,,,,,,,3-4 YRS,,,Pink,,,,,'10710938,200.0,shopify,50,continue,manual,799.00,0.00,true,true,,,,,'10710938,,,,,,,,,,,,,,,,,,,,,,,,,,,,,,,,,,,,,,,,,,,,,,,https://cdn.shopify.com/s/files/1/0618/2368/0740/files/28_790ca3e3-325b-442c-9c91-cb72ee2f642b.png?v=1717078582,kg,,,,,,
dragon-ball-t-shirt-for-kids-copy,,,,,,,,,3-4 YRS,,,Orange,,,,,'10710939,200.0,shopify,50,continue,manual,799.00,0.00,true,true,,,,,'10710939,,,,,,,,,,,,,,,,,,,,,,,,,,,,,,,,,,,,,,,,,,,,,,,https://cdn.shopify.com/s/files/1/0618/2368/0740/files/29_bf8e9661-1552-4216-a0b8-d26f2fa8a031.png?v=1717078582,kg,,,,,,
dragon-ball-t-shirt-for-kids-copy,,,,,,,,,3-4 YRS,,,Green,,,,,'10710940,200.0,shopify,50,continue,manual,799.00,0.00,true,true,,,,,'10710940,,,,,,,,,,,,,,,,,,,,,,,,,,,,,,,,,,,,,,,,,,,,,,,https://cdn.shopify.com/s/files/1/0618/2368/0740/files/23_a31fccb2-de42-4d54-93d7-84538feec03a.png?v=1717078582,kg,,,,,,
dragon-ball-t-shirt-for-kids-copy,,,,,,,,,3-4 YRS,,,Beige,,,,,'10710941,200.0,shopify,50,continue,manual,799.00,0.00,true,true,,,,,'10710941,,,,,,,,,,,,,,,,,,,,,,,,,,,,,,,,,,,,,,,,,,,,,,,https://cdn.shopify.com/s/files/1/0618/2368/0740/files/24_044dd144-6a2a-4778-8587-b8cfd09044d6.png?v=1717078582,kg,,,,,,
dragon-ball-t-shirt-for-kids-copy,,,,,,,,,3-4 YRS,,,Black,,,,,'10710942,200.0,shopify,50,continue,manual,799.00,0.00,true,true,,,,,'10710942,,,,,,,,,,,,,,,,,,,,,,,,,,,,,,,,,,,,,,,,,,,,,,,https://cdn.shopify.com/s/files/1/0618/2368/0740/files/10_40613098-1caa-4c10-a874-aea55ab80046.png?v=1717078582,kg,,,,,,
dragon-ball-t-shirt-for-kids-copy,,,,,,,,,3-4 YRS,,,Navy Blue,,,,,'10710943,200.0,shopify,50,continue,manual,799.00,0.00,true,true,,,,,'10710943,,,,,,,,,,,,,,,,,,,,,,,,,,,,,,,,,,,,,,,,,,,,,,,https://cdn.shopify.com/s/files/1/0618/2368/0740/files/21_4d0118b0-e2ce-4233-938b-52ec36138660.png?v=1717078582,kg,,,,,,
dragon-ball-t-shirt-for-kids-copy,,,,,,,,,3-4 YRS,,,Bottle Green,,,,,'10710944,200.0,shopify,50,continue,manual,799.00,0.00,true,true,,,,,'10710944,,,,,,,,,,,,,,,,,,,,,,,,,,,,,,,,,,,,,,,,,,,,,,,https://cdn.shopify.com/s/files/1/0618/2368/0740/files/22_370c064c-65aa-47f0-8b30-8d4ebf00f6f6.png?v=1717078582,kg,,,,,,
dragon-ball-t-shirt-for-kids-copy,,,,,,,,,3-4 YRS,,,Royal Blue,,,,,'10710945,200.0,shopify,50,continue,manual,799.00,0.00,true,true,,,,,'10710945,,,,,,,,,,,,,,,,,,,,,,,,,,,,,,,,,,,,,,,,,,,,,,,https://cdn.shopify.com/s/files/1/0618/2368/0740/files/30_996602f2-ee05-422e-a2fe-3e4aafa47e69.png?v=1717078582,kg,,,,,,
dragon-ball-t-shirt-for-kids-copy,,,,,,,,,3-4 YRS,,,Purple,,,,,'10710946,200.0,shopify,50,continue,manual,799.00,0.00,true,true,,,,,'10710946,,,,,,,,,,,,,,,,,,,,,,,,,,,,,,,,,,,,,,,,,,,,,,,https://cdn.shopify.com/s/files/1/0618/2368/0740/files/31_e7e79f7c-d832-444a-baa2-f492dbf578a1.png?v=1717078582,kg,,,,,,
dragon-ball-t-shirt-for-kids-copy,,,,,,,,,5-6 YRS,,,Red,,,,,'10710947,200.0,shopify,50,continue,manual,799.00,0.00,true,true,,,,,'10710947,,,,,,,,,,,,,,,,,,,,,,,,,,,,,,,,,,,,,,,,,,,,,,,https://cdn.shopify.com/s/files/1/0618/2368/0740/files/27_5f0b707d-7719-4942-8f83-30a4007e442f.png?v=1717075566,kg,,,,,,
dragon-ball-t-shirt-for-kids-copy,,,,,,,,,5-6 YRS,,,Yellow,,,,,'10710948,200.0,shopify,50,continue,manual,799.00,0.00,true,true,,,,,'10710948,,,,,,,,,,,,,,,,,,,,,,,,,,,,,,,,,,,,,,,,,,,,,,,https://cdn.shopify.com/s/files/1/0618/2368/0740/files/19_4305e815-f46f-44c0-b777-c1f050c685f6.png?v=1717078582,kg,,,,,,
dragon-ball-t-shirt-for-kids-copy,,,,,,,,,5-6 YRS,,,Mahroon,,,,,'10710949,200.0,shopify,50,continue,manual,799.00,0.00,true,true,,,,,'10710949,,,,,,,,,,,,,,,,,,,,,,,,,,,,,,,,,,,,,,,,,,,,,,,https://cdn.shopify.com/s/files/1/0618/2368/0740/files/26_9d4e1b72-daf3-49e4-a5da-7bfb5bcbb134.png?v=1717078582,kg,,,,,,
dragon-ball-t-shirt-for-kids-copy,,,,,,,,,5-6 YRS,,,White,,,,,'10710950,200.0,shopify,50,continue,manual,799.00,0.00,true,true,,,,,'10710950,,,,,,,,,,,,,,,,,,,,,,,,,,,,,,,,,,,,,,,,,,,,,,,https://cdn.shopify.com/s/files/1/0618/2368/0740/files/25_5dd43a2f-6bd2-47ac-8be0-22b785a670d5.png?v=1717078582,kg,,,,,,
dragon-ball-t-shirt-for-kids-copy,,,,,,,,,5-6 YRS,,,Grey,,,,,'10710951,200.0,shopify,50,continue,manual,799.00,0.00,true,true,,,,,'10710951,,,,,,,,,,,,,,,,,,,,,,,,,,,,,,,,,,,,,,,,,,,,,,,https://cdn.shopify.com/s/files/1/0618/2368/0740/files/24_044dd144-6a2a-4778-8587-b8cfd09044d6.png?v=1717078582,kg,,,,,,
dragon-ball-t-shirt-for-kids-copy,,,,,,,,,5-6 YRS,,,Pink,,,,,'10710952,200.0,shopify,50,continue,manual,799.00,0.00,true,true,,,,,'10710952,,,,,,,,,,,,,,,,,,,,,,,,,,,,,,,,,,,,,,,,,,,,,,,https://cdn.shopify.com/s/files/1/0618/2368/0740/files/28_790ca3e3-325b-442c-9c91-cb72ee2f642b.png?v=1717078582,kg,,,,,,
dragon-ball-t-shirt-for-kids-copy,,,,,,,,,5-6 YRS,,,Orange,,,,,'10710953,200.0,shopify,50,continue,manual,799.00,0.00,true,true,,,,,'10710953,,,,,,,,,,,,,,,,,,,,,,,,,,,,,,,,,,,,,,,,,,,,,,,https://cdn.shopify.com/s/files/1/0618/2368/0740/files/29_bf8e9661-1552-4216-a0b8-d26f2fa8a031.png?v=1717078582,kg,,,,,,
dragon-ball-t-shirt-for-kids-copy,,,,,,,,,5-6 YRS,,,Green,,,,,'10710954,200.0,shopify,49,continue,manual,799.00,0.00,true,true,,,,,'10710954,,,,,,,,,,,,,,,,,,,,,,,,,,,,,,,,,,,,,,,,,,,,,,,https://cdn.shopify.com/s/files/1/0618/2368/0740/files/23_a31fccb2-de42-4d54-93d7-84538feec03a.png?v=1717078582,kg,,,,,,
dragon-ball-t-shirt-for-kids-copy,,,,,,,,,5-6 YRS,,,Beige,,,,,'10710955,200.0,shopify,50,continue,manual,799.00,0.00,true,true,,,,,'10710955,,,,,,,,,,,,,,,,,,,,,,,,,,,,,,,,,,,,,,,,,,,,,,,https://cdn.shopify.com/s/files/1/0618/2368/0740/files/24_044dd144-6a2a-4778-8587-b8cfd09044d6.png?v=1717078582,kg,,,,,,
dragon-ball-t-shirt-for-kids-copy,,,,,,,,,5-6 YRS,,,Black,,,,,'10710956,200.0,shopify,50,continue,manual,799.00,0.00,true,true,,,,,'10710956,,,,,,,,,,,,,,,,,,,,,,,,,,,,,,,,,,,,,,,,,,,,,,,https://cdn.shopify.com/s/files/1/0618/2368/0740/files/10_40613098-1caa-4c10-a874-aea55ab80046.png?v=1717078582,kg,,,,,,
dragon-ball-t-shirt-for-kids-copy,,,,,,,,,5-6 YRS,,,Navy Blue,,,,,'10710957,200.0,shopify,50,continue,manual,799.00,0.00,true,true,,,,,'10710957,,,,,,,,,,,,,,,,,,,,,,,,,,,,,,,,,,,,,,,,,,,,,,,https://cdn.shopify.com/s/files/1/0618/2368/0740/files/21_4d0118b0-e2ce-4233-938b-52ec36138660.png?v=1717078582,kg,,,,,,
dragon-ball-t-shirt-for-kids-copy,,,,,,,,,5-6 YRS,,,Bottle Green,,,,,'10710958,200.0,shopify,50,continue,manual,799.00,0.00,true,true,,,,,'10710958,,,,,,,,,,,,,,,,,,,,,,,,,,,,,,,,,,,,,,,,,,,,,,,https://cdn.shopify.com/s/files/1/0618/2368/0740/files/22_370c064c-65aa-47f0-8b30-8d4ebf00f6f6.png?v=1717078582,kg,,,,,,
dragon-ball-t-shirt-for-kids-copy,,,,,,,,,5-6 YRS,,,Royal Blue,,,,,'10710959,200.0,shopify,50,continue,manual,799.00,0.00,true,true,,,,,'10710959,,,,,,,,,,,,,,,,,,,,,,,,,,,,,,,,,,,,,,,,,,,,,,,https://cdn.shopify.com/s/files/1/0618/2368/0740/files/30_996602f2-ee05-422e-a2fe-3e4aafa47e69.png?v=1717078582,kg,,,,,,
dragon-ball-t-shirt-for-kids-copy,,,,,,,,,5-6 YRS,,,Purple,,,,,'10710960,200.0,shopify,50,continue,manual,799.00,0.00,true,true,,,,,'10710960,,,,,,,,,,,,,,,,,,,,,,,,,,,,,,,,,,,,,,,,,,,,,,,https://cdn.shopify.com/s/files/1/0618/2368/0740/files/31_e7e79f7c-d832-444a-baa2-f492dbf578a1.png?v=1717078582,kg,,,,,,
dragon-ball-t-shirt-for-kids-copy,,,,,,,,,7-8 YRS,,,Red,,,,,'10710961,200.0,shopify,50,continue,manual,799.00,0.00,true,true,,,,,'10710961,,,,,,,,,,,,,,,,,,,,,,,,,,,,,,,,,,,,,,,,,,,,,,,https://cdn.shopify.com/s/files/1/0618/2368/0740/files/27_5f0b707d-7719-4942-8f83-30a4007e442f.png?v=1717075566,kg,,,,,,
dragon-ball-t-shirt-for-kids-copy,,,,,,,,,7-8 YRS,,,Yellow,,,,,'10710962,200.0,shopify,50,continue,manual,799.00,0.00,true,true,,,,,'10710962,,,,,,,,,,,,,,,,,,,,,,,,,,,,,,,,,,,,,,,,,,,,,,,https://cdn.shopify.com/s/files/1/0618/2368/0740/files/19_4305e815-f46f-44c0-b777-c1f050c685f6.png?v=1717078582,kg,,,,,,
dragon-ball-t-shirt-for-kids-copy,,,,,,,,,7-8 YRS,,,Mahroon,,,,,'10710963,200.0,shopify,50,continue,manual,799.00,0.00,true,true,,,,,'10710963,,,,,,,,,,,,,,,,,,,,,,,,,,,,,,,,,,,,,,,,,,,,,,,https://cdn.shopify.com/s/files/1/0618/2368/0740/files/26_9d4e1b72-daf3-49e4-a5da-7bfb5bcbb134.png?v=1717078582,kg,,,,,,
dragon-ball-t-shirt-for-kids-copy,,,,,,,,,7-8 YRS,,,White,,,,,'10710964,200.0,shopify,50,continue,manual,799.00,0.00,true,true,,,,,'10710964,,,,,,,,,,,,,,,,,,,,,,,,,,,,,,,,,,,,,,,,,,,,,,,https://cdn.shopify.com/s/files/1/0618/2368/0740/files/25_5dd43a2f-6bd2-47ac-8be0-22b785a670d5.png?v=1717078582,kg,,,,,,
dragon-ball-t-shirt-for-kids-copy,,,,,,,,,7-8 YRS,,,Grey,,,,,'10710965,200.0,shopify,50,continue,manual,799.00,0.00,true,true,,,,,'10710965,,,,,,,,,,,,,,,,,,,,,,,,,,,,,,,,,,,,,,,,,,,,,,,https://cdn.shopify.com/s/files/1/0618/2368/0740/files/24_044dd144-6a2a-4778-8587-b8cfd09044d6.png?v=1717078582,kg,,,,,,
dragon-ball-t-shirt-for-kids-copy,,,,,,,,,7-8 YRS,,,Pink,,,,,'10710966,200.0,shopify,50,continue,manual,799.00,0.00,true,true,,,,,'10710966,,,,,,,,,,,,,,,,,,,,,,,,,,,,,,,,,,,,,,,,,,,,,,,https://cdn.shopify.com/s/files/1/0618/2368/0740/files/28_790ca3e3-325b-442c-9c91-cb72ee2f642b.png?v=1717078582,kg,,,,,,
dragon-ball-t-shirt-for-kids-copy,,,,,,,,,7-8 YRS,,,Orange,,,,,'10710967,200.0,shopify,50,continue,manual,799.00,0.00,true,true,,,,,'10710967,,,,,,,,,,,,,,,,,,,,,,,,,,,,,,,,,,,,,,,,,,,,,,,https://cdn.shopify.com/s/files/1/0618/2368/0740/files/29_bf8e9661-1552-4216-a0b8-d26f2fa8a031.png?v=1717078582,kg,,,,,,
dragon-ball-t-shirt-for-kids-copy,,,,,,,,,7-8 YRS,,,Green,,,,,'10710968,200.0,shopify,50,continue,manual,799.00,0.00,true,true,,,,,'10710968,,,,,,,,,,,,,,,,,,,,,,,,,,,,,,,,,,,,,,,,,,,,,,,https://cdn.shopify.com/s/files/1/0618/2368/0740/files/23_a31fccb2-de42-4d54-93d7-84538feec03a.png?v=1717078582,kg,,,,,,
dragon-ball-t-shirt-for-kids-copy,,,,,,,,,7-8 YRS,,,Beige,,,,,'10710969,200.0,shopify,50,continue,manual,799.00,0.00,true,true,,,,,'10710969,,,,,,,,,,,,,,,,,,,,,,,,,,,,,,,,,,,,,,,,,,,,,,,https://cdn.shopify.com/s/files/1/0618/2368/0740/files/24_044dd144-6a2a-4778-8587-b8cfd09044d6.png?v=1717078582,kg,,,,,,
dragon-ball-t-shirt-for-kids-copy,,,,,,,,,7-8 YRS,,,Black,,,,,'10710970,200.0,shopify,50,continue,manual,799.00,0.00,true,true,,,,,'10710970,,,,,,,,,,,,,,,,,,,,,,,,,,,,,,,,,,,,,,,,,,,,,,,https://cdn.shopify.com/s/files/1/0618/2368/0740/files/10_40613098-1caa-4c10-a874-aea55ab80046.png?v=1717078582,kg,,,,,,
dragon-ball-t-shirt-for-kids-copy,,,,,,,,,7-8 YRS,,,Navy Blue,,,,,'10710971,200.0,shopify,50,continue,manual,799.00,0.00,true,true,,,,,'10710971,,,,,,,,,,,,,,,,,,,,,,,,,,,,,,,,,,,,,,,,,,,,,,,https://cdn.shopify.com/s/files/1/0618/2368/0740/files/21_4d0118b0-e2ce-4233-938b-52ec36138660.png?v=1717078582,kg,,,,,,
dragon-ball-t-shirt-for-kids-copy,,,,,,,,,7-8 YRS,,,Bottle Green,,,,,'10710972,200.0,shopify,50,continue,manual,799.00,0.00,true,true,,,,,'10710972,,,,,,,,,,,,,,,,,,,,,,,,,,,,,,,,,,,,,,,,,,,,,,,https://cdn.shopify.com/s/files/1/0618/2368/0740/files/22_370c064c-65aa-47f0-8b30-8d4ebf00f6f6.png?v=1717078582,kg,,,,,,
dragon-ball-t-shirt-for-kids-copy,,,,,,,,,7-8 YRS,,,Royal Blue,,,,,'10710973,200.0,shopify,50,continue,manual,799.00,0.00,true,true,,,,,'10710973,,,,,,,,,,,,,,,,,,,,,,,,,,,,,,,,,,,,,,,,,,,,,,,https://cdn.shopify.com/s/files/1/0618/2368/0740/files/30_996602f2-ee05-422e-a2fe-3e4aafa47e69.png?v=1717078582,kg,,,,,,
dragon-ball-t-shirt-for-kids-copy,,,,,,,,,7-8 YRS,,,Purple,,,,,'10710974,200.0,shopify,50,continue,manual,799.00,0.00,true,true,,,,,'10710974,,,,,,,,,,,,,,,,,,,,,,,,,,,,,,,,,,,,,,,,,,,,,,,https://cdn.shopify.com/s/files/1/0618/2368/0740/files/31_e7e79f7c-d832-444a-baa2-f492dbf578a1.png?v=1717078582,kg,,,,,,
dragon-ball-t-shirt-for-kids-copy,,,,,,,,,9-10 YRS,,,Red,,,,,'10710975,200.0,shopify,50,continue,manual,899.00,0.00,true,true,,,,,'10710975,,,,,,,,,,,,,,,,,,,,,,,,,,,,,,,,,,,,,,,,,,,,,,,https://cdn.shopify.com/s/files/1/0618/2368/0740/files/27_5f0b707d-7719-4942-8f83-30a4007e442f.png?v=1717075566,kg,,,,,,
dragon-ball-t-shirt-for-kids-copy,,,,,,,,,9-10 YRS,,,Yellow,,,,,'10710976,200.0,shopify,50,continue,manual,899.00,0.00,true,true,,,,,'10710976,,,,,,,,,,,,,,,,,,,,,,,,,,,,,,,,,,,,,,,,,,,,,,,https://cdn.shopify.com/s/files/1/0618/2368/0740/files/19_4305e815-f46f-44c0-b777-c1f050c685f6.png?v=1717078582,kg,,,,,,
dragon-ball-t-shirt-for-kids-copy,,,,,,,,,9-10 YRS,,,Mahroon,,,,,'10710977,200.0,shopify,49,continue,manual,899.00,0.00,true,true,,,,,'10710977,,,,,,,,,,,,,,,,,,,,,,,,,,,,,,,,,,,,,,,,,,,,,,,https://cdn.shopify.com/s/files/1/0618/2368/0740/files/26_9d4e1b72-daf3-49e4-a5da-7bfb5bcbb134.png?v=1717078582,kg,,,,,,
dragon-ball-t-shirt-for-kids-copy,,,,,,,,,9-10 YRS,,,White,,,,,'10710978,200.0,shopify,50,continue,manual,899.00,0.00,true,true,,,,,'10710978,,,,,,,,,,,,,,,,,,,,,,,,,,,,,,,,,,,,,,,,,,,,,,,https://cdn.shopify.com/s/files/1/0618/2368/0740/files/25_5dd43a2f-6bd2-47ac-8be0-22b785a670d5.png?v=1717078582,kg,,,,,,
dragon-ball-t-shirt-for-kids-copy,,,,,,,,,9-10 YRS,,,Grey,,,,,'10710979,200.0,shopify,50,continue,manual,899.00,0.00,true,true,,,,,'10710979,,,,,,,,,,,,,,,,,,,,,,,,,,,,,,,,,,,,,,,,,,,,,,,https://cdn.shopify.com/s/files/1/0618/2368/0740/files/24_044dd144-6a2a-4778-8587-b8cfd09044d6.png?v=1717078582,kg,,,,,,
dragon-ball-t-shirt-for-kids-copy,,,,,,,,,9-10 YRS,,,Pink,,,,,'10710980,200.0,shopify,50,continue,manual,899.00,0.00,true,true,,,,,'10710980,,,,,,,,,,,,,,,,,,,,,,,,,,,,,,,,,,,,,,,,,,,,,,,https://cdn.shopify.com/s/files/1/0618/2368/0740/files/28_790ca3e3-325b-442c-9c91-cb72ee2f642b.png?v=1717078582,kg,,,,,,
dragon-ball-t-shirt-for-kids-copy,,,,,,,,,9-10 YRS,,,Orange,,,,,'10710981,200.0,shopify,50,continue,manual,899.00,0.00,true,true,,,,,'10710981,,,,,,,,,,,,,,,,,,,,,,,,,,,,,,,,,,,,,,,,,,,,,,,https://cdn.shopify.com/s/files/1/0618/2368/0740/files/29_bf8e9661-1552-4216-a0b8-d26f2fa8a031.png?v=1717078582,kg,,,,,,
dragon-ball-t-shirt-for-kids-copy,,,,,,,,,9-10 YRS,,,Green,,,,,'10710982,200.0,shopify,50,continue,manual,899.00,0.00,true,true,,,,,'10710982,,,,,,,,,,,,,,,,,,,,,,,,,,,,,,,,,,,,,,,,,,,,,,,https://cdn.shopify.com/s/files/1/0618/2368/0740/files/23_a31fccb2-de42-4d54-93d7-84538feec03a.png?v=1717078582,kg,,,,,,
dragon-ball-t-shirt-for-kids-copy,,,,,,,,,9-10 YRS,,,Beige,,,,,'10710983,200.0,shopify,50,continue,manual,899.00,0.00,true,true,,,,,'10710983,,,,,,,,,,,,,,,,,,,,,,,,,,,,,,,,,,,,,,,,,,,,,,,https://cdn.shopify.com/s/files/1/0618/2368/0740/files/24_044dd144-6a2a-4778-8587-b8cfd09044d6.png?v=1717078582,kg,,,,,,
dragon-ball-t-shirt-for-kids-copy,,,,,,,,,9-10 YRS,,,Black,,,,,'10710984,200.0,shopify,50,continue,manual,899.00,0.00,true,true,,,,,'10710984,,,,,,,,,,,,,,,,,,,,,,,,,,,,,,,,,,,,,,,,,,,,,,,https://cdn.shopify.com/s/files/1/0618/2368/0740/files/10_40613098-1caa-4c10-a874-aea55ab80046.png?v=1717078582,kg,,,,,,
dragon-ball-t-shirt-for-kids-copy,,,,,,,,,9-10 YRS,,,Navy Blue,,,,,'10710985,200.0,shopify,50,continue,manual,899.00,0.00,true,true,,,,,'10710985,,,,,,,,,,,,,,,,,,,,,,,,,,,,,,,,,,,,,,,,,,,,,,,https://cdn.shopify.com/s/files/1/0618/2368/0740/files/21_4d0118b0-e2ce-4233-938b-52ec36138660.png?v=1717078582,kg,,,,,,
dragon-ball-t-shirt-for-kids-copy,,,,,,,,,9-10 YRS,,,Bottle Green,,,,,'10710986,200.0,shopify,50,continue,manual,899.00,0.00,true,true,,,,,'10710986,,,,,,,,,,,,,,,,,,,,,,,,,,,,,,,,,,,,,,,,,,,,,,,https://cdn.shopify.com/s/files/1/0618/2368/0740/files/22_370c064c-65aa-47f0-8b30-8d4ebf00f6f6.png?v=1717078582,kg,,,,,,
dragon-ball-t-shirt-for-kids-copy,,,,,,,,,9-10 YRS,,,Royal Blue,,,,,'10710987,200.0,shopify,50,continue,manual,899.00,0.00,true,true,,,,,'10710987,,,,,,,,,,,,,,,,,,,,,,,,,,,,,,,,,,,,,,,,,,,,,,,https://cdn.shopify.com/s/files/1/0618/2368/0740/files/30_996602f2-ee05-422e-a2fe-3e4aafa47e69.png?v=1717078582,kg,,,,,,
dragon-ball-t-shirt-for-kids-copy,,,,,,,,,9-10 YRS,,,Purple,,,,,'10710988,200.0,shopify,50,continue,manual,899.00,0.00,true,true,,,,,'10710988,,,,,,,,,,,,,,,,,,,,,,,,,,,,,,,,,,,,,,,,,,,,,,,https://cdn.shopify.com/s/files/1/0618/2368/0740/files/31_e7e79f7c-d832-444a-baa2-f492dbf578a1.png?v=1717078582,kg,,,,,,
dragon-ball-t-shirt-for-kids-copy,,,,,,,,,11-12 YRS,,,Red,,,,,'10710989,200.0,shopify,50,continue,manual,899.00,0.00,true,true,,,,,'10710989,,,,,,,,,,,,,,,,,,,,,,,,,,,,,,,,,,,,,,,,,,,,,,,https://cdn.shopify.com/s/files/1/0618/2368/0740/files/27_5f0b707d-7719-4942-8f83-30a4007e442f.png?v=1717075566,kg,,,,,,
dragon-ball-t-shirt-for-kids-copy,,,,,,,,,11-12 YRS,,,Yellow,,,,,'10710990,200.0,shopify,50,continue,manual,899.00,0.00,true,true,,,,,'10710990,,,,,,,,,,,,,,,,,,,,,,,,,,,,,,,,,,,,,,,,,,,,,,,https://cdn.shopify.com/s/files/1/0618/2368/0740/files/19_4305e815-f46f-44c0-b777-c1f050c685f6.png?v=1717078582,kg,,,,,,
dragon-ball-t-shirt-for-kids-copy,,,,,,,,,11-12 YRS,,,Mahroon,,,,,'10710991,200.0,shopify,50,continue,manual,899.00,0.00,true,true,,,,,'10710991,,,,,,,,,,,,,,,,,,,,,,,,,,,,,,,,,,,,,,,,,,,,,,,https://cdn.shopify.com/s/files/1/0618/2368/0740/files/26_9d4e1b72-daf3-49e4-a5da-7bfb5bcbb134.png?v=1717078582,kg,,,,,,
dragon-ball-t-shirt-for-kids-copy,,,,,,,,,11-12 YRS,,,White,,,,,'10710992,200.0,shopify,50,continue,manual,899.00,0.00,true,true,,,,,'10710992,,,,,,,,,,,,,,,,,,,,,,,,,,,,,,,,,,,,,,,,,,,,,,,https://cdn.shopify.com/s/files/1/0618/2368/0740/files/25_5dd43a2f-6bd2-47ac-8be0-22b785a670d5.png?v=1717078582,kg,,,,,,
dragon-ball-t-shirt-for-kids-copy,,,,,,,,,11-12 YRS,,,Grey,,,,,'10710993,200.0,shopify,50,continue,manual,899.00,0.00,true,true,,,,,'10710993,,,,,,,,,,,,,,,,,,,,,,,,,,,,,,,,,,,,,,,,,,,,,,,https://cdn.shopify.com/s/files/1/0618/2368/0740/files/24_044dd144-6a2a-4778-8587-b8cfd09044d6.png?v=1717078582,kg,,,,,,
dragon-ball-t-shirt-for-kids-copy,,,,,,,,,11-12 YRS,,,Pink,,,,,'10710994,200.0,shopify,50,continue,manual,899.00,0.00,true,true,,,,,'10710994,,,,,,,,,,,,,,,,,,,,,,,,,,,,,,,,,,,,,,,,,,,,,,,https://cdn.shopify.com/s/files/1/0618/2368/0740/files/28_790ca3e3-325b-442c-9c91-cb72ee2f642b.png?v=1717078582,kg,,,,,,
dragon-ball-t-shirt-for-kids-copy,,,,,,,,,11-12 YRS,,,Orange,,,,,'10710995,200.0,shopify,50,continue,manual,899.00,0.00,true,true,,,,,'10710995,,,,,,,,,,,,,,,,,,,,,,,,,,,,,,,,,,,,,,,,,,,,,,,https://cdn.shopify.com/s/files/1/0618/2368/0740/files/29_bf8e9661-1552-4216-a0b8-d26f2fa8a031.png?v=1717078582,kg,,,,,,
dragon-ball-t-shirt-for-kids-copy,,,,,,,,,11-12 YRS,,,Green,,,,,'10710996,200.0,shopify,50,continue,manual,899.00,0.00,true,true,,,,,'10710996,,,,,,,,,,,,,,,,,,,,,,,,,,,,,,,,,,,,,,,,,,,,,,,https://cdn.shopify.com/s/files/1/0618/2368/0740/files/23_a31fccb2-de42-4d54-93d7-84538feec03a.png?v=1717078582,kg,,,,,,
dragon-ball-t-shirt-for-kids-copy,,,,,,,,,11-12 YRS,,,Beige,,,,,'10710997,200.0,shopify,50,continue,manual,899.00,0.00,true,true,,,,,'10710997,,,,,,,,,,,,,,,,,,,,,,,,,,,,,,,,,,,,,,,,,,,,,,,https://cdn.shopify.com/s/files/1/0618/2368/0740/files/24_044dd144-6a2a-4778-8587-b8cfd09044d6.png?v=1717078582,kg,,,,,,
dragon-ball-t-shirt-for-kids-copy,,,,,,,,,11-12 YRS,,,Black,,,,,'10710998,200.0,shopify,50,continue,manual,899.00,0.00,true,true,,,,,'10710998,,,,,,,,,,,,,,,,,,,,,,,,,,,,,,,,,,,,,,,,,,,,,,,https://cdn.shopify.com/s/files/1/0618/2368/0740/files/10_40613098-1caa-4c10-a874-aea55ab80046.png?v=1717078582,kg,,,,,,
dragon-ball-t-shirt-for-kids-copy,,,,,,,,,11-12 YRS,,,Navy Blue,,,,,'10710999,200.0,shopify,50,continue,manual,899.00,0.00,true,true,,,,,'10710999,,,,,,,,,,,,,,,,,,,,,,,,,,,,,,,,,,,,,,,,,,,,,,,https://cdn.shopify.com/s/files/1/0618/2368/0740/files/21_4d0118b0-e2ce-4233-938b-52ec36138660.png?v=1717078582,kg,,,,,,
dragon-ball-t-shirt-for-kids-copy,,,,,,,,,11-12 YRS,,,Bottle Green,,,,,'10711000,200.0,shopify,50,continue,manual,899.00,0.00,true,true,,,,,'10711000,,,,,,,,,,,,,,,,,,,,,,,,,,,,,,,,,,,,,,,,,,,,,,,https://cdn.shopify.com/s/files/1/0618/2368/0740/files/22_370c064c-65aa-47f0-8b30-8d4ebf00f6f6.png?v=1717078582,kg,,,,,,
dragon-ball-t-shirt-for-kids-copy,,,,,,,,,11-12 YRS,,,Royal Blue,,,,,'10711001,200.0,shopify,50,continue,manual,899.00,0.00,true,true,,,,,'10711001,,,,,,,,,,,,,,,,,,,,,,,,,,,,,,,,,,,,,,,,,,,,,,,https://cdn.shopify.com/s/files/1/0618/2368/0740/files/30_996602f2-ee05-422e-a2fe-3e4aafa47e69.png?v=1717078582,kg,,,,,,
dragon-ball-t-shirt-for-kids-copy,,,,,,,,,11-12 YRS,,,Purple,,,,,'10711002,200.0,shopify,50,continue,manual,899.00,0.00,true,true,,,,,'10711002,,,,,,,,,,,,,,,,,,,,,,,,,,,,,,,,,,,,,,,,,,,,,,,https://cdn.shopify.com/s/files/1/0618/2368/0740/files/31_e7e79f7c-d832-444a-baa2-f492dbf578a1.png?v=1717078582,kg,,,,,,
dragon-ball-t-shirt-for-kids-copy,,,,,,,,,13-14 YRS,,,Red,,,,,'10711003,200.0,shopify,100,continue,manual,999.00,0.00,true,true,,,,,'10711003,,,,,,,,,,,,,,,,,,,,,,,,,,,,,,,,,,,,,,,,,,,,,,,https://cdn.shopify.com/s/files/1/0618/2368/0740/files/27_5f0b707d-7719-4942-8f83-30a4007e442f.png?v=1717075566,kg,,,,,,
dragon-ball-t-shirt-for-kids-copy,,,,,,,,,13-14 YRS,,,Yellow,,,,,'10711004,200.0,shopify,100,continue,manual,999.00,0.00,true,true,,,,,'10711004,,,,,,,,,,,,,,,,,,,,,,,,,,,,,,,,,,,,,,,,,,,,,,,https://cdn.shopify.com/s/files/1/0618/2368/0740/files/19_4305e815-f46f-44c0-b777-c1f050c685f6.png?v=1717078582,kg,,,,,,
dragon-ball-t-shirt-for-kids-copy,,,,,,,,,13-14 YRS,,,Mahroon,,,,,'10711005,200.0,shopify,100,continue,manual,999.00,0.00,true,true,,,,,'10711005,,,,,,,,,,,,,,,,,,,,,,,,,,,,,,,,,,,,,,,,,,,,,,,https://cdn.shopify.com/s/files/1/0618/2368/0740/files/26_9d4e1b72-daf3-49e4-a5da-7bfb5bcbb134.png?v=1717078582,kg,,,,,,
dragon-ball-t-shirt-for-kids-copy,,,,,,,,,13-14 YRS,,,White,,,,,'10711006,200.0,shopify,100,continue,manual,999.00,0.00,true,true,,,,,'10711006,,,,,,,,,,,,,,,,,,,,,,,,,,,,,,,,,,,,,,,,,,,,,,,https://cdn.shopify.com/s/files/1/0618/2368/0740/files/25_5dd43a2f-6bd2-47ac-8be0-22b785a670d5.png?v=1717078582,kg,,,,,,
dragon-ball-t-shirt-for-kids-copy,,,,,,,,,13-14 YRS,,,Grey,,,,,'10711007,200.0,shopify,100,continue,manual,999.00,0.00,true,true,,,,,'10711007,,,,,,,,,,,,,,,,,,,,,,,,,,,,,,,,,,,,,,,,,,,,,,,https://cdn.shopify.com/s/files/1/0618/2368/0740/files/18_05f8e2a4-4b79-4ef6-b889-0d9a3dab8e7f.png?v=1717078582,kg,,,,,,
dragon-ball-t-shirt-for-kids-copy,,,,,,,,,13-14 YRS,,,Pink,,,,,'10711008,200.0,shopify,100,continue,manual,999.00,0.00,true,true,,,,,'10711008,,,,,,,,,,,,,,,,,,,,,,,,,,,,,,,,,,,,,,,,,,,,,,,https://cdn.shopify.com/s/files/1/0618/2368/0740/files/28_790ca3e3-325b-442c-9c91-cb72ee2f642b.png?v=1717078582,kg,,,,,,
dragon-ball-t-shirt-for-kids-copy,,,,,,,,,13-14 YRS,,,Orange,,,,,'10711009,200.0,shopify,100,continue,manual,999.00,0.00,true,true,,,,,'10711009,,,,,,,,,,,,,,,,,,,,,,,,,,,,,,,,,,,,,,,,,,,,,,,https://cdn.shopify.com/s/files/1/0618/2368/0740/files/29_bf8e9661-1552-4216-a0b8-d26f2fa8a031.png?v=1717078582,kg,,,,,,
dragon-ball-t-shirt-for-kids-copy,,,,,,,,,13-14 YRS,,,Green,,,,,'10711010,200.0,shopify,100,continue,manual,999.00,0.00,true,true,,,,,'10711010,,,,,,,,,,,,,,,,,,,,,,,,,,,,,,,,,,,,,,,,,,,,,,,https://cdn.shopify.com/s/files/1/0618/2368/0740/files/23_a31fccb2-de42-4d54-93d7-84538feec03a.png?v=1717078582,kg,,,,,,
dragon-ball-t-shirt-for-kids-copy,,,,,,,,,13-14 YRS,,,Beige,,,,,'10711011,200.0,shopify,100,continue,manual,999.00,0.00,true,true,,,,,'10711011,,,,,,,,,,,,,,,,,,,,,,,,,,,,,,,,,,,,,,,,,,,,,,,https://cdn.shopify.com/s/files/1/0618/2368/0740/files/24_044dd144-6a2a-4778-8587-b8cfd09044d6.png?v=1717078582,kg,,,,,,
dragon-ball-t-shirt-for-kids-copy,,,,,,,,,13-14 YRS,,,Black,,,,,'10711012,200.0,shopify,100,continue,manual,999.00,0.00,true,true,,,,,'10711012,,,,,,,,,,,,,,,,,,,,,,,,,,,,,,,,,,,,,,,,,,,,,,,https://cdn.shopify.com/s/files/1/0618/2368/0740/files/10_40613098-1caa-4c10-a874-aea55ab80046.png?v=1717078582,kg,,,,,,
dragon-ball-t-shirt-for-kids-copy,,,,,,,,,13-14 YRS,,,Navy Blue,,,,,'10711013,200.0,shopify,100,continue,manual,999.00,0.00,true,true,,,,,'10711013,,,,,,,,,,,,,,,,,,,,,,,,,,,,,,,,,,,,,,,,,,,,,,,https://cdn.shopify.com/s/files/1/0618/2368/0740/files/21_4d0118b0-e2ce-4233-938b-52ec36138660.png?v=1717078582,kg,,,,,,
dragon-ball-t-shirt-for-kids-copy,,,,,,,,,13-14 YRS,,,Bottle Green,,,,,'10711014,200.0,shopify,100,continue,manual,999.00,0.00,true,true,,,,,'10711014,,,,,,,,,,,,,,,,,,,,,,,,,,,,,,,,,,,,,,,,,,,,,,,https://cdn.shopify.com/s/files/1/0618/2368/0740/files/22_370c064c-65aa-47f0-8b30-8d4ebf00f6f6.png?v=1717078582,kg,,,,,,
dragon-ball-t-shirt-for-kids-copy,,,,,,,,,13-14 YRS,,,Royal Blue,,,,,'10711015,200.0,shopify,100,continue,manual,999.00,0.00,true,true,,,,,'10711015,,,,,,,,,,,,,,,,,,,,,,,,,,,,,,,,,,,,,,,,,,,,,,,https://cdn.shopify.com/s/files/1/0618/2368/0740/files/30_996602f2-ee05-422e-a2fe-3e4aafa47e69.png?v=1717078582,kg,,,,,,
dragon-ball-t-shirt-for-kids-copy,,,,,,,,,13-14 YRS,,,Purple,,,,,'10706834,200.0,shopify,100,continue,manual,999.00,0.00,true,true,,,,,'10706834,,,,,,,,,,,,,,,,,,,,,,,,,,,,,,,,,,,,,,,,,,,,,,,https://cdn.shopify.com/s/files/1/0618/2368/0740/files/31_e7e79f7c-d832-444a-baa2-f492dbf578a1.png?v=1717078582,kg,,,,,,
f-r-i-e-n-d-s-t-shirt-for-kids-copy,GOLDEN LION SHIRT FOR KIDS,"<div>Fabric: High-Quality Cotton Jersey</div>
<div>Half Sleeve T-Shirt</div>
<div>Round Neck</div>
<div>High Quality DTF Printed</div>
<div>Soft and Comfortable Wear (Unisex)</div>
<div>Easy Wash &amp; Press</div>
<div>Sizes 1-14 years </div>
<div><span>Disclaimer: Colors may vary slightly due to studio lights. </span></div>",BBG FASHION CLOTHING STORE,Apparel & Accessories > Clothing > Clothing Tops > T-Shirts,kids T-Shirts,kids T-Shirts,false,Size,1-2 YRS,,Color,Orange,,,,,'10710822,200.0,shopify,50,continue,manual,799.00,0.00,true,true,,,,,'10710822,https://cdn.shopify.com/s/files/1/0618/2368/0740/files/11_2e83bb48-3be8-4dfc-adf0-5f072ce3709e.png?v=1717075537,1,F R I E N D S T Shirt For Kids Copy - front view - kids wear Pakistan,false,,,212,,,,,,,,,,,,,,,,,,,,,,,,,,,,,,,,,,,,,,,,https://cdn.shopify.com/s/files/1/0618/2368/0740/files/11_2e83bb48-3be8-4dfc-adf0-5f072ce3709e.png?v=1717075537,kg,,,true,,,draft
f-r-i-e-n-d-s-t-shirt-for-kids-copy,,,,,,,,,1-2 YRS,,,Yellow,,,,,'10710823,200.0,shopify,50,continue,manual,799.00,0.00,true,true,,,,,'10710823,https://cdn.shopify.com/s/files/1/0618/2368/0740/files/bbg_d1d933d2-5f31-45d8-8176-020754e9f684.png?v=1717078507,2,Summer Surf Shirt For Kids Copy - back view - kids wear Pakistan,,,,,,,,,,,,,,,,,,,,,,,,,,,,,,,,,,,,,,,,,,,,https://cdn.shopify.com/s/files/1/0618/2368/0740/files/16_8b26bfa6-3671-4af2-a1bd-e68bb5911bd3.png?v=1717078612,kg,,,,,,
f-r-i-e-n-d-s-t-shirt-for-kids-copy,,,,,,,,,1-2 YRS,,,Mahroon,,,,,'10710824,200.0,shopify,50,continue,manual,799.00,0.00,true,true,,,,,'10710824,https://cdn.shopify.com/s/files/1/0618/2368/0740/files/10_f6a5acb1-c78a-43fb-a80c-ef8e2fc83df7.png?v=1717078612,3,F R I E N D S T Shirt For Kids Copy - side view - kids wear Pakistan,,,,,,,,,,,,,,,,,,,,,,,,,,,,,,,,,,,,,,,,,,,,https://cdn.shopify.com/s/files/1/0618/2368/0740/files/14_f5419f95-80ed-4148-a510-0db7f7b2b3c3.png?v=1717078612,kg,,,,,,
f-r-i-e-n-d-s-t-shirt-for-kids-copy,,,,,,,,,1-2 YRS,,,White,,,,,'10710825,200.0,shopify,50,continue,manual,799.00,0.00,true,true,,,,,'10710825,https://cdn.shopify.com/s/files/1/0618/2368/0740/files/12_1b7c8940-4b64-404a-ad68-90dc00f5cfc6.png?v=1717078612,4,F R I E N D S T Shirt For Kids Copy - detail shot - kids wear Pakistan,,,,,,,,,,,,,,,,,,,,,,,,,,,,,,,,,,,,,,,,,,,,https://cdn.shopify.com/s/files/1/0618/2368/0740/files/9_e4de4d8b-e887-45c7-95db-7c12a2a9a39b.png?v=1717078612,kg,,,,,,
f-r-i-e-n-d-s-t-shirt-for-kids-copy,,,,,,,,,1-2 YRS,,,Grey,,,,,'10710826,200.0,shopify,50,continue,manual,799.00,0.00,true,true,,,,,'10710826,https://cdn.shopify.com/s/files/1/0618/2368/0740/files/13_9a141432-b3e3-4b32-9717-5f7811fdec6b.png?v=1717078612,5,F R I E N D S T Shirt For Kids Copy - front view - kids wear Pakistan,,,,,,,,,,,,,,,,,,,,,,,,,,,,,,,,,,,,,,,,,,,,https://cdn.shopify.com/s/files/1/0618/2368/0740/files/15_35b315b2-55a2-48d8-8d3a-99d469397ec5.png?v=1717078612,kg,,,,,,
f-r-i-e-n-d-s-t-shirt-for-kids-copy,,,,,,,,,1-2 YRS,,,Red,,,,,'10710827,200.0,shopify,50,continue,manual,799.00,0.00,true,true,,,,,'10710827,https://cdn.shopify.com/s/files/1/0618/2368/0740/files/14_f5419f95-80ed-4148-a510-0db7f7b2b3c3.png?v=1717078612,6,F R I E N D S T Shirt For Kids Copy - back view - kids wear Pakistan,,,,,,,,,,,,,,,,,,,,,,,,,,,,,,,,,,,,,,,,,,,,https://cdn.shopify.com/s/files/1/0618/2368/0740/files/10_f6a5acb1-c78a-43fb-a80c-ef8e2fc83df7.png?v=1717078612,kg,,,,,,
f-r-i-e-n-d-s-t-shirt-for-kids-copy,,,,,,,,,1-2 YRS,,,Pink,,,,,'10710828,200.0,shopify,50,continue,manual,799.00,0.00,true,true,,,,,'10710828,https://cdn.shopify.com/s/files/1/0618/2368/0740/files/15_35b315b2-55a2-48d8-8d3a-99d469397ec5.png?v=1717078612,7,F R I E N D S T Shirt For Kids Copy - side view - kids wear Pakistan,,,,,,,,,,,,,,,,,,,,,,,,,,,,,,,,,,,,,,,,,,,,https://cdn.shopify.com/s/files/1/0618/2368/0740/files/13_9a141432-b3e3-4b32-9717-5f7811fdec6b.png?v=1717078612,kg,,,,,,
f-r-i-e-n-d-s-t-shirt-for-kids-copy,,,,,,,,,1-2 YRS,,,Light Blue,,,,,'10710829,200.0,shopify,49,continue,manual,799.00,0.00,true,true,,,,,'10710829,https://cdn.shopify.com/s/files/1/0618/2368/0740/files/16_8b26bfa6-3671-4af2-a1bd-e68bb5911bd3.png?v=1717078612,8,F R I E N D S T Shirt For Kids Copy - detail shot - kids wear Pakistan,,,,,,,,,,,,,,,,,,,,,,,,,,,,,,,,,,,,,,,,,,,,https://cdn.shopify.com/s/files/1/0618/2368/0740/files/17_5c213a34-d63a-45c8-bc91-78d17efc7bb4.png?v=1717078612,kg,,,,,,
f-r-i-e-n-d-s-t-shirt-for-kids-copy,,,,,,,,,1-2 YRS,,,Green,,,,,'10710830,200.0,shopify,50,continue,manual,799.00,0.00,true,true,,,,,'10710830,https://cdn.shopify.com/s/files/1/0618/2368/0740/files/17_5c213a34-d63a-45c8-bc91-78d17efc7bb4.png?v=1717078612,9,F R I E N D S T Shirt For Kids Copy - front view - kids wear Pakistan,,,,,,,,,,,,,,,,,,,,,,,,,,,,,,,,,,,,,,,,,,,,https://cdn.shopify.com/s/files/1/0618/2368/0740/files/20_5ffe46c6-f95a-4a71-aab3-5367323770d2.png?v=1717078612,kg,,,,,,
f-r-i-e-n-d-s-t-shirt-for-kids-copy,,,,,,,,,1-2 YRS,,,Beige,,,,,'10710831,200.0,shopify,50,continue,manual,799.00,0.00,true,true,,,,,'10710831,https://cdn.shopify.com/s/files/1/0618/2368/0740/files/18_a7c2af41-737b-448b-8798-e8e09ef7e263.png?v=1717078612,10,F R I E N D S T Shirt For Kids Copy - back view - kids wear Pakistan,,,,,,,,,,,,,,,,,,,,,,,,,,,,,,,,,,,,,,,,,,,,https://cdn.shopify.com/s/files/1/0618/2368/0740/files/21_018388ee-b10a-4f3d-ae03-776ef4623f03.png?v=1717078612,kg,,,,,,
f-r-i-e-n-d-s-t-shirt-for-kids-copy,,,,,,,,,1-2 YRS,,,Black,,,,,'10710832,200.0,shopify,50,continue,manual,799.00,0.00,true,true,,,,,'10710832,https://cdn.shopify.com/s/files/1/0618/2368/0740/files/19_f4ed7915-89cb-4f9f-aa4a-3cf079cd554b.png?v=1717078612,11,F R I E N D S T Shirt For Kids Copy - side view - kids wear Pakistan,,,,,,,,,,,,,,,,,,,,,,,,,,,,,,,,,,,,,,,,,,,,https://cdn.shopify.com/s/files/1/0618/2368/0740/files/8_5bfa5d7f-5c54-455f-bd9f-5376b1277a3d.png?v=1717078612,kg,,,,,,
f-r-i-e-n-d-s-t-shirt-for-kids-copy,,,,,,,,,1-2 YRS,,,Navy Blue,,,,,'10710833,200.0,shopify,50,continue,manual,799.00,0.00,true,true,,,,,'10710833,https://cdn.shopify.com/s/files/1/0618/2368/0740/files/20_5ffe46c6-f95a-4a71-aab3-5367323770d2.png?v=1717078612,12,F R I E N D S T Shirt For Kids Copy - detail shot - kids wear Pakistan,,,,,,,,,,,,,,,,,,,,,,,,,,,,,,,,,,,,,,,,,,,,https://cdn.shopify.com/s/files/1/0618/2368/0740/files/18_a7c2af41-737b-448b-8798-e8e09ef7e263.png?v=1717078612,kg,,,,,,
f-r-i-e-n-d-s-t-shirt-for-kids-copy,,,,,,,,,1-2 YRS,,,Bottle Green,,,,,'10710834,200.0,shopify,50,continue,manual,799.00,0.00,true,true,,,,,'10710834,https://cdn.shopify.com/s/files/1/0618/2368/0740/files/21_018388ee-b10a-4f3d-ae03-776ef4623f03.png?v=1717078612,13,F R I E N D S T Shirt For Kids Copy - front view - kids wear Pakistan,,,,,,,,,,,,,,,,,,,,,,,,,,,,,,,,,,,,,,,,,,,,https://cdn.shopify.com/s/files/1/0618/2368/0740/files/19_f4ed7915-89cb-4f9f-aa4a-3cf079cd554b.png?v=1717078612,kg,,,,,,
f-r-i-e-n-d-s-t-shirt-for-kids-copy,,,,,,,,,1-2 YRS,,,Royal Blue,,,,,'10710835,200.0,shopify,50,continue,manual,799.00,0.00,true,true,,,,,'10710835,https://cdn.shopify.com/s/files/1/0618/2368/0740/files/9_e4de4d8b-e887-45c7-95db-7c12a2a9a39b.png?v=1717078612,14,F R I E N D S T Shirt For Kids Copy - back view - kids wear Pakistan,,,,,,,,,,,,,,,,,,,,,,,,,,,,,,,,,,,,,,,,,,,,https://cdn.shopify.com/s/files/1/0618/2368/0740/files/12_1b7c8940-4b64-404a-ad68-90dc00f5cfc6.png?v=1717078612,kg,,,,,,
f-r-i-e-n-d-s-t-shirt-for-kids-copy,,,,,,,,,3-4 YRS,,,Orange,,,,,'10710836,200.0,shopify,50,continue,manual,799.00,0.00,true,true,,,,,'10710836,https://cdn.shopify.com/s/files/1/0618/2368/0740/files/8_5bfa5d7f-5c54-455f-bd9f-5376b1277a3d.png?v=1717078612,15,F R I E N D S T Shirt For Kids Copy - side view - kids wear Pakistan,,,,,,,,,,,,,,,,,,,,,,,,,,,,,,,,,,,,,,,,,,,,https://cdn.shopify.com/s/files/1/0618/2368/0740/files/11_2e83bb48-3be8-4dfc-adf0-5f072ce3709e.png?v=1717075537,kg,,,,,,
f-r-i-e-n-d-s-t-shirt-for-kids-copy,,,,,,,,,3-4 YRS,,,Yellow,,,,,'10710837,200.0,shopify,49,continue,manual,799.00,0.00,true,true,,,,,'10710837,,,,,,,,,,,,,,,,,,,,,,,,,,,,,,,,,,,,,,,,,,,,,,,https://cdn.shopify.com/s/files/1/0618/2368/0740/files/16_8b26bfa6-3671-4af2-a1bd-e68bb5911bd3.png?v=1717078612,kg,,,,,,
f-r-i-e-n-d-s-t-shirt-for-kids-copy,,,,,,,,,3-4 YRS,,,Mahroon,,,,,'10710838,200.0,shopify,50,continue,manual,799.00,0.00,true,true,,,,,'10710838,,,,,,,,,,,,,,,,,,,,,,,,,,,,,,,,,,,,,,,,,,,,,,,https://cdn.shopify.com/s/files/1/0618/2368/0740/files/14_f5419f95-80ed-4148-a510-0db7f7b2b3c3.png?v=1717078612,kg,,,,,,
f-r-i-e-n-d-s-t-shirt-for-kids-copy,,,,,,,,,3-4 YRS,,,White,,,,,'10710839,200.0,shopify,50,continue,manual,799.00,0.00,true,true,,,,,'10710839,,,,,,,,,,,,,,,,,,,,,,,,,,,,,,,,,,,,,,,,,,,,,,,https://cdn.shopify.com/s/files/1/0618/2368/0740/files/9_e4de4d8b-e887-45c7-95db-7c12a2a9a39b.png?v=1717078612,kg,,,,,,
f-r-i-e-n-d-s-t-shirt-for-kids-copy,,,,,,,,,3-4 YRS,,,Grey,,,,,'10710840,200.0,shopify,50,continue,manual,799.00,0.00,true,true,,,,,'10710840,,,,,,,,,,,,,,,,,,,,,,,,,,,,,,,,,,,,,,,,,,,,,,,https://cdn.shopify.com/s/files/1/0618/2368/0740/files/15_35b315b2-55a2-48d8-8d3a-99d469397ec5.png?v=1717078612,kg,,,,,,
f-r-i-e-n-d-s-t-shirt-for-kids-copy,,,,,,,,,3-4 YRS,,,Red,,,,,'10710841,200.0,shopify,50,continue,manual,799.00,0.00,true,true,,,,,'10710841,,,,,,,,,,,,,,,,,,,,,,,,,,,,,,,,,,,,,,,,,,,,,,,https://cdn.shopify.com/s/files/1/0618/2368/0740/files/10_f6a5acb1-c78a-43fb-a80c-ef8e2fc83df7.png?v=1717078612,kg,,,,,,
f-r-i-e-n-d-s-t-shirt-for-kids-copy,,,,,,,,,3-4 YRS,,,Pink,,,,,'10710842,200.0,shopify,50,continue,manual,799.00,0.00,true,true,,,,,'10710842,,,,,,,,,,,,,,,,,,,,,,,,,,,,,,,,,,,,,,,,,,,,,,,https://cdn.shopify.com/s/files/1/0618/2368/0740/files/13_9a141432-b3e3-4b32-9717-5f7811fdec6b.png?v=1717078612,kg,,,,,,
f-r-i-e-n-d-s-t-shirt-for-kids-copy,,,,,,,,,3-4 YRS,,,Light Blue,,,,,'10710843,200.0,shopify,50,continue,manual,799.00,0.00,true,true,,,,,'10710843,,,,,,,,,,,,,,,,,,,,,,,,,,,,,,,,,,,,,,,,,,,,,,,https://cdn.shopify.com/s/files/1/0618/2368/0740/files/17_5c213a34-d63a-45c8-bc91-78d17efc7bb4.png?v=1717078612,kg,,,,,,
f-r-i-e-n-d-s-t-shirt-for-kids-copy,,,,,,,,,3-4 YRS,,,Green,,,,,'10710844,200.0,shopify,50,continue,manual,799.00,0.00,true,true,,,,,'10710844,,,,,,,,,,,,,,,,,,,,,,,,,,,,,,,,,,,,,,,,,,,,,,,https://cdn.shopify.com/s/files/1/0618/2368/0740/files/20_5ffe46c6-f95a-4a71-aab3-5367323770d2.png?v=1717078612,kg,,,,,,
f-r-i-e-n-d-s-t-shirt-for-kids-copy,,,,,,,,,3-4 YRS,,,Beige,,,,,'10710845,200.0,shopify,50,continue,manual,799.00,0.00,true,true,,,,,'10710845,,,,,,,,,,,,,,,,,,,,,,,,,,,,,,,,,,,,,,,,,,,,,,,https://cdn.shopify.com/s/files/1/0618/2368/0740/files/21_018388ee-b10a-4f3d-ae03-776ef4623f03.png?v=1717078612,kg,,,,,,
f-r-i-e-n-d-s-t-shirt-for-kids-copy,,,,,,,,,3-4 YRS,,,Black,,,,,'10710846,200.0,shopify,50,continue,manual,799.00,0.00,true,true,,,,,'10710846,,,,,,,,,,,,,,,,,,,,,,,,,,,,,,,,,,,,,,,,,,,,,,,https://cdn.shopify.com/s/files/1/0618/2368/0740/files/8_5bfa5d7f-5c54-455f-bd9f-5376b1277a3d.png?v=1717078612,kg,,,,,,
f-r-i-e-n-d-s-t-shirt-for-kids-copy,,,,,,,,,3-4 YRS,,,Navy Blue,,,,,'10710847,200.0,shopify,50,continue,manual,799.00,0.00,true,true,,,,,'10710847,,,,,,,,,,,,,,,,,,,,,,,,,,,,,,,,,,,,,,,,,,,,,,,https://cdn.shopify.com/s/files/1/0618/2368/0740/files/18_a7c2af41-737b-448b-8798-e8e09ef7e263.png?v=1717078612,kg,,,,,,
f-r-i-e-n-d-s-t-shirt-for-kids-copy,,,,,,,,,3-4 YRS,,,Bottle Green,,,,,'10710848,200.0,shopify,50,continue,manual,799.00,0.00,true,true,,,,,'10710848,,,,,,,,,,,,,,,,,,,,,,,,,,,,,,,,,,,,,,,,,,,,,,,https://cdn.shopify.com/s/files/1/0618/2368/0740/files/19_f4ed7915-89cb-4f9f-aa4a-3cf079cd554b.png?v=1717078612,kg,,,,,,
f-r-i-e-n-d-s-t-shirt-for-kids-copy,,,,,,,,,3-4 YRS,,,Royal Blue,,,,,'10710849,200.0,shopify,50,continue,manual,799.00,0.00,true,true,,,,,'10710849,,,,,,,,,,,,,,,,,,,,,,,,,,,,,,,,,,,,,,,,,,,,,,,https://cdn.shopify.com/s/files/1/0618/2368/0740/files/12_1b7c8940-4b64-404a-ad68-90dc00f5cfc6.png?v=1717078612,kg,,,,,,
f-r-i-e-n-d-s-t-shirt-for-kids-copy,,,,,,,,,5-6 YRS,,,Orange,,,,,'10710850,200.0,shopify,50,continue,manual,799.00,0.00,true,true,,,,,'10710850,,,,,,,,,,,,,,,,,,,,,,,,,,,,,,,,,,,,,,,,,,,,,,,https://cdn.shopify.com/s/files/1/0618/2368/0740/files/11_2e83bb48-3be8-4dfc-adf0-5f072ce3709e.png?v=1717075537,kg,,,,,,
f-r-i-e-n-d-s-t-shirt-for-kids-copy,,,,,,,,,5-6 YRS,,,Yellow,,,,,'10710851,200.0,shopify,50,continue,manual,799.00,0.00,true,true,,,,,'10710851,,,,,,,,,,,,,,,,,,,,,,,,,,,,,,,,,,,,,,,,,,,,,,,https://cdn.shopify.com/s/files/1/0618/2368/0740/files/16_8b26bfa6-3671-4af2-a1bd-e68bb5911bd3.png?v=1717078612,kg,,,,,,
f-r-i-e-n-d-s-t-shirt-for-kids-copy,,,,,,,,,5-6 YRS,,,Mahroon,,,,,'10710852,200.0,shopify,50,continue,manual,799.00,0.00,true,true,,,,,'10710852,,,,,,,,,,,,,,,,,,,,,,,,,,,,,,,,,,,,,,,,,,,,,,,https://cdn.shopify.com/s/files/1/0618/2368/0740/files/14_f5419f95-80ed-4148-a510-0db7f7b2b3c3.png?v=1717078612,kg,,,,,,
f-r-i-e-n-d-s-t-shirt-for-kids-copy,,,,,,,,,5-6 YRS,,,White,,,,,'10710853,200.0,shopify,50,continue,manual,799.00,0.00,true,true,,,,,'10710853,,,,,,,,,,,,,,,,,,,,,,,,,,,,,,,,,,,,,,,,,,,,,,,https://cdn.shopify.com/s/files/1/0618/2368/0740/files/9_e4de4d8b-e887-45c7-95db-7c12a2a9a39b.png?v=1717078612,kg,,,,,,
f-r-i-e-n-d-s-t-shirt-for-kids-copy,,,,,,,,,5-6 YRS,,,Grey,,,,,'10710854,200.0,shopify,50,continue,manual,799.00,0.00,true,true,,,,,'10710854,,,,,,,,,,,,,,,,,,,,,,,,,,,,,,,,,,,,,,,,,,,,,,,https://cdn.shopify.com/s/files/1/0618/2368/0740/files/15_35b315b2-55a2-48d8-8d3a-99d469397ec5.png?v=1717078612,kg,,,,,,
f-r-i-e-n-d-s-t-shirt-for-kids-copy,,,,,,,,,5-6 YRS,,,Red,,,,,'10710855,200.0,shopify,50,continue,manual,799.00,0.00,true,true,,,,,'10710855,,,,,,,,,,,,,,,,,,,,,,,,,,,,,,,,,,,,,,,,,,,,,,,https://cdn.shopify.com/s/files/1/0618/2368/0740/files/10_f6a5acb1-c78a-43fb-a80c-ef8e2fc83df7.png?v=1717078612,kg,,,,,,
f-r-i-e-n-d-s-t-shirt-for-kids-copy,,,,,,,,,5-6 YRS,,,Pink,,,,,'10710856,200.0,shopify,50,continue,manual,799.00,0.00,true,true,,,,,'10710856,,,,,,,,,,,,,,,,,,,,,,,,,,,,,,,,,,,,,,,,,,,,,,,https://cdn.shopify.com/s/files/1/0618/2368/0740/files/13_9a141432-b3e3-4b32-9717-5f7811fdec6b.png?v=1717078612,kg,,,,,,
f-r-i-e-n-d-s-t-shirt-for-kids-copy,,,,,,,,,5-6 YRS,,,Light Blue,,,,,'10710857,200.0,shopify,50,continue,manual,799.00,0.00,true,true,,,,,'10710857,,,,,,,,,,,,,,,,,,,,,,,,,,,,,,,,,,,,,,,,,,,,,,,https://cdn.shopify.com/s/files/1/0618/2368/0740/files/17_5c213a34-d63a-45c8-bc91-78d17efc7bb4.png?v=1717078612,kg,,,,,,
f-r-i-e-n-d-s-t-shirt-for-kids-copy,,,,,,,,,5-6 YRS,,,Green,,,,,'10710858,200.0,shopify,50,continue,manual,799.00,0.00,true,true,,,,,'10710858,,,,,,,,,,,,,,,,,,,,,,,,,,,,,,,,,,,,,,,,,,,,,,,https://cdn.shopify.com/s/files/1/0618/2368/0740/files/20_5ffe46c6-f95a-4a71-aab3-5367323770d2.png?v=1717078612,kg,,,,,,
f-r-i-e-n-d-s-t-shirt-for-kids-copy,,,,,,,,,5-6 YRS,,,Beige,,,,,'10710859,200.0,shopify,50,continue,manual,799.00,0.00,true,true,,,,,'10710859,,,,,,,,,,,,,,,,,,,,,,,,,,,,,,,,,,,,,,,,,,,,,,,https://cdn.shopify.com/s/files/1/0618/2368/0740/files/21_018388ee-b10a-4f3d-ae03-776ef4623f03.png?v=1717078612,kg,,,,,,
f-r-i-e-n-d-s-t-shirt-for-kids-copy,,,,,,,,,5-6 YRS,,,Black,,,,,'10710860,200.0,shopify,49,continue,manual,799.00,0.00,true,true,,,,,'10710860,,,,,,,,,,,,,,,,,,,,,,,,,,,,,,,,,,,,,,,,,,,,,,,https://cdn.shopify.com/s/files/1/0618/2368/0740/files/8_5bfa5d7f-5c54-455f-bd9f-5376b1277a3d.png?v=1717078612,kg,,,,,,
f-r-i-e-n-d-s-t-shirt-for-kids-copy,,,,,,,,,5-6 YRS,,,Navy Blue,,,,,'10710861,200.0,shopify,50,continue,manual,799.00,0.00,true,true,,,,,'10710861,,,,,,,,,,,,,,,,,,,,,,,,,,,,,,,,,,,,,,,,,,,,,,,https://cdn.shopify.com/s/files/1/0618/2368/0740/files/18_a7c2af41-737b-448b-8798-e8e09ef7e263.png?v=1717078612,kg,,,,,,
f-r-i-e-n-d-s-t-shirt-for-kids-copy,,,,,,,,,5-6 YRS,,,Bottle Green,,,,,'10710862,200.0,shopify,50,continue,manual,799.00,0.00,true,true,,,,,'10710862,,,,,,,,,,,,,,,,,,,,,,,,,,,,,,,,,,,,,,,,,,,,,,,https://cdn.shopify.com/s/files/1/0618/2368/0740/files/19_f4ed7915-89cb-4f9f-aa4a-3cf079cd554b.png?v=1717078612,kg,,,,,,
f-r-i-e-n-d-s-t-shirt-for-kids-copy,,,,,,,,,5-6 YRS,,,Royal Blue,,,,,'10710863,200.0,shopify,50,continue,manual,799.00,0.00,true,true,,,,,'10710863,,,,,,,,,,,,,,,,,,,,,,,,,,,,,,,,,,,,,,,,,,,,,,,https://cdn.shopify.com/s/files/1/0618/2368/0740/files/12_1b7c8940-4b64-404a-ad68-90dc00f5cfc6.png?v=1717078612,kg,,,,,,
f-r-i-e-n-d-s-t-shirt-for-kids-copy,,,,,,,,,7-8 YRS,,,Orange,,,,,'10710864,200.0,shopify,50,continue,manual,799.00,0.00,true,true,,,,,'10710864,,,,,,,,,,,,,,,,,,,,,,,,,,,,,,,,,,,,,,,,,,,,,,,https://cdn.shopify.com/s/files/1/0618/2368/0740/files/11_2e83bb48-3be8-4dfc-adf0-5f072ce3709e.png?v=1717075537,kg,,,,,,
f-r-i-e-n-d-s-t-shirt-for-kids-copy,,,,,,,,,7-8 YRS,,,Yellow,,,,,'10710865,200.0,shopify,49,continue,manual,799.00,0.00,true,true,,,,,'10710865,,,,,,,,,,,,,,,,,,,,,,,,,,,,,,,,,,,,,,,,,,,,,,,https://cdn.shopify.com/s/files/1/0618/2368/0740/files/16_8b26bfa6-3671-4af2-a1bd-e68bb5911bd3.png?v=1717078612,kg,,,,,,
f-r-i-e-n-d-s-t-shirt-for-kids-copy,,,,,,,,,7-8 YRS,,,Mahroon,,,,,'10710866,200.0,shopify,50,continue,manual,799.00,0.00,true,true,,,,,'10710866,,,,,,,,,,,,,,,,,,,,,,,,,,,,,,,,,,,,,,,,,,,,,,,https://cdn.shopify.com/s/files/1/0618/2368/0740/files/14_f5419f95-80ed-4148-a510-0db7f7b2b3c3.png?v=1717078612,kg,,,,,,
f-r-i-e-n-d-s-t-shirt-for-kids-copy,,,,,,,,,7-8 YRS,,,White,,,,,'10710867,200.0,shopify,50,continue,manual,799.00,0.00,true,true,,,,,'10710867,,,,,,,,,,,,,,,,,,,,,,,,,,,,,,,,,,,,,,,,,,,,,,,https://cdn.shopify.com/s/files/1/0618/2368/0740/files/9_e4de4d8b-e887-45c7-95db-7c12a2a9a39b.png?v=1717078612,kg,,,,,,
f-r-i-e-n-d-s-t-shirt-for-kids-copy,,,,,,,,,7-8 YRS,,,Grey,,,,,'10710868,200.0,shopify,50,continue,manual,799.00,0.00,true,true,,,,,'10710868,,,,,,,,,,,,,,,,,,,,,,,,,,,,,,,,,,,,,,,,,,,,,,,https://cdn.shopify.com/s/files/1/0618/2368/0740/files/15_35b315b2-55a2-48d8-8d3a-99d469397ec5.png?v=1717078612,kg,,,,,,
f-r-i-e-n-d-s-t-shirt-for-kids-copy,,,,,,,,,7-8 YRS,,,Red,,,,,'10710869,200.0,shopify,50,continue,manual,799.00,0.00,true,true,,,,,'10710869,,,,,,,,,,,,,,,,,,,,,,,,,,,,,,,,,,,,,,,,,,,,,,,https://cdn.shopify.com/s/files/1/0618/2368/0740/files/10_f6a5acb1-c78a-43fb-a80c-ef8e2fc83df7.png?v=1717078612,kg,,,,,,
f-r-i-e-n-d-s-t-shirt-for-kids-copy,,,,,,,,,7-8 YRS,,,Pink,,,,,'10710870,200.0,shopify,50,continue,manual,799.00,0.00,true,true,,,,,'10710870,,,,,,,,,,,,,,,,,,,,,,,,,,,,,,,,,,,,,,,,,,,,,,,https://cdn.shopify.com/s/files/1/0618/2368/0740/files/13_9a141432-b3e3-4b32-9717-5f7811fdec6b.png?v=1717078612,kg,,,,,,
f-r-i-e-n-d-s-t-shirt-for-kids-copy,,,,,,,,,7-8 YRS,,,Light Blue,,,,,'10710871,200.0,shopify,50,continue,manual,799.00,0.00,true,true,,,,,'10710871,,,,,,,,,,,,,,,,,,,,,,,,,,,,,,,,,,,,,,,,,,,,,,,https://cdn.shopify.com/s/files/1/0618/2368/0740/files/17_5c213a34-d63a-45c8-bc91-78d17efc7bb4.png?v=1717078612,kg,,,,,,
f-r-i-e-n-d-s-t-shirt-for-kids-copy,,,,,,,,,7-8 YRS,,,Green,,,,,'10710872,200.0,shopify,50,continue,manual,799.00,0.00,true,true,,,,,'10710872,,,,,,,,,,,,,,,,,,,,,,,,,,,,,,,,,,,,,,,,,,,,,,,https://cdn.shopify.com/s/files/1/0618/2368/0740/files/20_5ffe46c6-f95a-4a71-aab3-5367323770d2.png?v=1717078612,kg,,,,,,
f-r-i-e-n-d-s-t-shirt-for-kids-copy,,,,,,,,,7-8 YRS,,,Beige,,,,,'10710873,200.0,shopify,50,continue,manual,799.00,0.00,true,true,,,,,'10710873,,,,,,,,,,,,,,,,,,,,,,,,,,,,,,,,,,,,,,,,,,,,,,,https://cdn.shopify.com/s/files/1/0618/2368/0740/files/21_018388ee-b10a-4f3d-ae03-776ef4623f03.png?v=1717078612,kg,,,,,,
f-r-i-e-n-d-s-t-shirt-for-kids-copy,,,,,,,,,7-8 YRS,,,Black,,,,,'10710874,200.0,shopify,50,continue,manual,799.00,0.00,true,true,,,,,'10710874,,,,,,,,,,,,,,,,,,,,,,,,,,,,,,,,,,,,,,,,,,,,,,,https://cdn.shopify.com/s/files/1/0618/2368/0740/files/8_5bfa5d7f-5c54-455f-bd9f-5376b1277a3d.png?v=1717078612,kg,,,,,,
f-r-i-e-n-d-s-t-shirt-for-kids-copy,,,,,,,,,7-8 YRS,,,Navy Blue,,,,,'10710875,200.0,shopify,50,continue,manual,799.00,0.00,true,true,,,,,'10710875,,,,,,,,,,,,,,,,,,,,,,,,,,,,,,,,,,,,,,,,,,,,,,,https://cdn.shopify.com/s/files/1/0618/2368/0740/files/18_a7c2af41-737b-448b-8798-e8e09ef7e263.png?v=1717078612,kg,,,,,,
f-r-i-e-n-d-s-t-shirt-for-kids-copy,,,,,,,,,7-8 YRS,,,Bottle Green,,,,,'10710876,200.0,shopify,50,continue,manual,799.00,0.00,true,true,,,,,'10710876,,,,,,,,,,,,,,,,,,,,,,,,,,,,,,,,,,,,,,,,,,,,,,,https://cdn.shopify.com/s/files/1/0618/2368/0740/files/19_f4ed7915-89cb-4f9f-aa4a-3cf079cd554b.png?v=1717078612,kg,,,,,,
f-r-i-e-n-d-s-t-shirt-for-kids-copy,,,,,,,,,7-8 YRS,,,Royal Blue,,,,,'10710877,200.0,shopify,50,continue,manual,799.00,0.00,true,true,,,,,'10710877,,,,,,,,,,,,,,,,,,,,,,,,,,,,,,,,,,,,,,,,,,,,,,,https://cdn.shopify.com/s/files/1/0618/2368/0740/files/12_1b7c8940-4b64-404a-ad68-90dc00f5cfc6.png?v=1717078612,kg,,,,,,
f-r-i-e-n-d-s-t-shirt-for-kids-copy,,,,,,,,,9-10 YRS,,,Orange,,,,,'10710878,200.0,shopify,50,continue,manual,899.00,0.00,true,true,,,,,'10710878,,,,,,,,,,,,,,,,,,,,,,,,,,,,,,,,,,,,,,,,,,,,,,,https://cdn.shopify.com/s/files/1/0618/2368/0740/files/11_2e83bb48-3be8-4dfc-adf0-5f072ce3709e.png?v=1717075537,kg,,,,,,
f-r-i-e-n-d-s-t-shirt-for-kids-copy,,,,,,,,,9-10 YRS,,,Yellow,,,,,'10710879,200.0,shopify,50,continue,manual,899.00,0.00,true,true,,,,,'10710879,,,,,,,,,,,,,,,,,,,,,,,,,,,,,,,,,,,,,,,,,,,,,,,https://cdn.shopify.com/s/files/1/0618/2368/0740/files/16_8b26bfa6-3671-4af2-a1bd-e68bb5911bd3.png?v=1717078612,kg,,,,,,
f-r-i-e-n-d-s-t-shirt-for-kids-copy,,,,,,,,,9-10 YRS,,,Mahroon,,,,,'10710880,200.0,shopify,50,continue,manual,899.00,0.00,true,true,,,,,'10710880,,,,,,,,,,,,,,,,,,,,,,,,,,,,,,,,,,,,,,,,,,,,,,,https://cdn.shopify.com/s/files/1/0618/2368/0740/files/14_f5419f95-80ed-4148-a510-0db7f7b2b3c3.png?v=1717078612,kg,,,,,,
f-r-i-e-n-d-s-t-shirt-for-kids-copy,,,,,,,,,9-10 YRS,,,White,,,,,'10710881,200.0,shopify,50,continue,manual,899.00,0.00,true,true,,,,,'10710881,,,,,,,,,,,,,,,,,,,,,,,,,,,,,,,,,,,,,,,,,,,,,,,https://cdn.shopify.com/s/files/1/0618/2368/0740/files/9_e4de4d8b-e887-45c7-95db-7c12a2a9a39b.png?v=1717078612,kg,,,,,,
f-r-i-e-n-d-s-t-shirt-for-kids-copy,,,,,,,,,9-10 YRS,,,Grey,,,,,'10710882,200.0,shopify,50,continue,manual,899.00,0.00,true,true,,,,,'10710882,,,,,,,,,,,,,,,,,,,,,,,,,,,,,,,,,,,,,,,,,,,,,,,https://cdn.shopify.com/s/files/1/0618/2368/0740/files/15_35b315b2-55a2-48d8-8d3a-99d469397ec5.png?v=1717078612,kg,,,,,,
f-r-i-e-n-d-s-t-shirt-for-kids-copy,,,,,,,,,9-10 YRS,,,Red,,,,,'10710883,200.0,shopify,50,continue,manual,899.00,0.00,true,true,,,,,'10710883,,,,,,,,,,,,,,,,,,,,,,,,,,,,,,,,,,,,,,,,,,,,,,,https://cdn.shopify.com/s/files/1/0618/2368/0740/files/10_f6a5acb1-c78a-43fb-a80c-ef8e2fc83df7.png?v=1717078612,kg,,,,,,
f-r-i-e-n-d-s-t-shirt-for-kids-copy,,,,,,,,,9-10 YRS,,,Pink,,,,,'10710884,200.0,shopify,50,continue,manual,899.00,0.00,true,true,,,,,'10710884,,,,,,,,,,,,,,,,,,,,,,,,,,,,,,,,,,,,,,,,,,,,,,,https://cdn.shopify.com/s/files/1/0618/2368/0740/files/13_9a141432-b3e3-4b32-9717-5f7811fdec6b.png?v=1717078612,kg,,,,,,
f-r-i-e-n-d-s-t-shirt-for-kids-copy,,,,,,,,,9-10 YRS,,,Light Blue,,,,,'10710885,200.0,shopify,50,continue,manual,899.00,0.00,true,true,,,,,'10710885,,,,,,,,,,,,,,,,,,,,,,,,,,,,,,,,,,,,,,,,,,,,,,,https://cdn.shopify.com/s/files/1/0618/2368/0740/files/17_5c213a34-d63a-45c8-bc91-78d17efc7bb4.png?v=1717078612,kg,,,,,,
f-r-i-e-n-d-s-t-shirt-for-kids-copy,,,,,,,,,9-10 YRS,,,Green,,,,,'10710886,200.0,shopify,50,continue,manual,899.00,0.00,true,true,,,,,'10710886,,,,,,,,,,,,,,,,,,,,,,,,,,,,,,,,,,,,,,,,,,,,,,,https://cdn.shopify.com/s/files/1/0618/2368/0740/files/20_5ffe46c6-f95a-4a71-aab3-5367323770d2.png?v=1717078612,kg,,,,,,
f-r-i-e-n-d-s-t-shirt-for-kids-copy,,,,,,,,,9-10 YRS,,,Beige,,,,,'10710887,200.0,shopify,50,continue,manual,899.00,0.00,true,true,,,,,'10710887,,,,,,,,,,,,,,,,,,,,,,,,,,,,,,,,,,,,,,,,,,,,,,,https://cdn.shopify.com/s/files/1/0618/2368/0740/files/21_018388ee-b10a-4f3d-ae03-776ef4623f03.png?v=1717078612,kg,,,,,,
f-r-i-e-n-d-s-t-shirt-for-kids-copy,,,,,,,,,9-10 YRS,,,Black,,,,,'10710888,200.0,shopify,50,continue,manual,899.00,0.00,true,true,,,,,'10710888,,,,,,,,,,,,,,,,,,,,,,,,,,,,,,,,,,,,,,,,,,,,,,,https://cdn.shopify.com/s/files/1/0618/2368/0740/files/8_5bfa5d7f-5c54-455f-bd9f-5376b1277a3d.png?v=1717078612,kg,,,,,,
f-r-i-e-n-d-s-t-shirt-for-kids-copy,,,,,,,,,9-10 YRS,,,Navy Blue,,,,,'10710889,200.0,shopify,50,continue,manual,899.00,0.00,true,true,,,,,'10710889,,,,,,,,,,,,,,,,,,,,,,,,,,,,,,,,,,,,,,,,,,,,,,,https://cdn.shopify.com/s/files/1/0618/2368/0740/files/18_a7c2af41-737b-448b-8798-e8e09ef7e263.png?v=1717078612,kg,,,,,,
f-r-i-e-n-d-s-t-shirt-for-kids-copy,,,,,,,,,9-10 YRS,,,Bottle Green,,,,,'10710890,200.0,shopify,50,continue,manual,899.00,0.00,true,true,,,,,'10710890,,,,,,,,,,,,,,,,,,,,,,,,,,,,,,,,,,,,,,,,,,,,,,,https://cdn.shopify.com/s/files/1/0618/2368/0740/files/19_f4ed7915-89cb-4f9f-aa4a-3cf079cd554b.png?v=1717078612,kg,,,,,,
f-r-i-e-n-d-s-t-shirt-for-kids-copy,,,,,,,,,9-10 YRS,,,Royal Blue,,,,,'10710891,200.0,shopify,50,continue,manual,899.00,0.00,true,true,,,,,'10710891,,,,,,,,,,,,,,,,,,,,,,,,,,,,,,,,,,,,,,,,,,,,,,,https://cdn.shopify.com/s/files/1/0618/2368/0740/files/12_1b7c8940-4b64-404a-ad68-90dc00f5cfc6.png?v=1717078612,kg,,,,,,
f-r-i-e-n-d-s-t-shirt-for-kids-copy,,,,,,,,,11-12 YRS,,,Orange,,,,,'10710892,200.0,shopify,50,continue,manual,899.00,0.00,true,true,,,,,'10710892,,,,,,,,,,,,,,,,,,,,,,,,,,,,,,,,,,,,,,,,,,,,,,,https://cdn.shopify.com/s/files/1/0618/2368/0740/files/11_2e83bb48-3be8-4dfc-adf0-5f072ce3709e.png?v=1717075537,kg,,,,,,
f-r-i-e-n-d-s-t-shirt-for-kids-copy,,,,,,,,,11-12 YRS,,,Yellow,,,,,'10710893,200.0,shopify,50,continue,manual,899.00,0.00,true,true,,,,,'10710893,,,,,,,,,,,,,,,,,,,,,,,,,,,,,,,,,,,,,,,,,,,,,,,https://cdn.shopify.com/s/files/1/0618/2368/0740/files/16_8b26bfa6-3671-4af2-a1bd-e68bb5911bd3.png?v=1717078612,kg,,,,,,
f-r-i-e-n-d-s-t-shirt-for-kids-copy,,,,,,,,,11-12 YRS,,,Mahroon,,,,,'10710894,200.0,shopify,50,continue,manual,899.00,0.00,true,true,,,,,'10710894,,,,,,,,,,,,,,,,,,,,,,,,,,,,,,,,,,,,,,,,,,,,,,,https://cdn.shopify.com/s/files/1/0618/2368/0740/files/14_f5419f95-80ed-4148-a510-0db7f7b2b3c3.png?v=1717078612,kg,,,,,,
f-r-i-e-n-d-s-t-shirt-for-kids-copy,,,,,,,,,11-12 YRS,,,White,,,,,'10710895,200.0,shopify,50,continue,manual,899.00,0.00,true,true,,,,,'10710895,,,,,,,,,,,,,,,,,,,,,,,,,,,,,,,,,,,,,,,,,,,,,,,https://cdn.shopify.com/s/files/1/0618/2368/0740/files/9_e4de4d8b-e887-45c7-95db-7c12a2a9a39b.png?v=1717078612,kg,,,,,,
f-r-i-e-n-d-s-t-shirt-for-kids-copy,,,,,,,,,11-12 YRS,,,Grey,,,,,'10710896,200.0,shopify,50,continue,manual,899.00,0.00,true,true,,,,,'10710896,,,,,,,,,,,,,,,,,,,,,,,,,,,,,,,,,,,,,,,,,,,,,,,https://cdn.shopify.com/s/files/1/0618/2368/0740/files/15_35b315b2-55a2-48d8-8d3a-99d469397ec5.png?v=1717078612,kg,,,,,,
f-r-i-e-n-d-s-t-shirt-for-kids-copy,,,,,,,,,11-12 YRS,,,Red,,,,,'10710897,200.0,shopify,50,continue,manual,899.00,0.00,true,true,,,,,'10710897,,,,,,,,,,,,,,,,,,,,,,,,,,,,,,,,,,,,,,,,,,,,,,,https://cdn.shopify.com/s/files/1/0618/2368/0740/files/10_f6a5acb1-c78a-43fb-a80c-ef8e2fc83df7.png?v=1717078612,kg,,,,,,
f-r-i-e-n-d-s-t-shirt-for-kids-copy,,,,,,,,,11-12 YRS,,,Pink,,,,,'10710898,200.0,shopify,50,continue,manual,899.00,0.00,true,true,,,,,'10710898,,,,,,,,,,,,,,,,,,,,,,,,,,,,,,,,,,,,,,,,,,,,,,,https://cdn.shopify.com/s/files/1/0618/2368/0740/files/13_9a141432-b3e3-4b32-9717-5f7811fdec6b.png?v=1717078612,kg,,,,,,
f-r-i-e-n-d-s-t-shirt-for-kids-copy,,,,,,,,,11-12 YRS,,,Light Blue,,,,,'10710899,200.0,shopify,49,continue,manual,899.00,0.00,true,true,,,,,'10710899,,,,,,,,,,,,,,,,,,,,,,,,,,,,,,,,,,,,,,,,,,,,,,,https://cdn.shopify.com/s/files/1/0618/2368/0740/files/17_5c213a34-d63a-45c8-bc91-78d17efc7bb4.png?v=1717078612,kg,,,,,,
f-r-i-e-n-d-s-t-shirt-for-kids-copy,,,,,,,,,11-12 YRS,,,Green,,,,,'10710900,200.0,shopify,50,continue,manual,899.00,0.00,true,true,,,,,'10710900,,,,,,,,,,,,,,,,,,,,,,,,,,,,,,,,,,,,,,,,,,,,,,,https://cdn.shopify.com/s/files/1/0618/2368/0740/files/20_5ffe46c6-f95a-4a71-aab3-5367323770d2.png?v=1717078612,kg,,,,,,
f-r-i-e-n-d-s-t-shirt-for-kids-copy,,,,,,,,,11-12 YRS,,,Beige,,,,,'10710901,200.0,shopify,50,continue,manual,899.00,0.00,true,true,,,,,'10710901,,,,,,,,,,,,,,,,,,,,,,,,,,,,,,,,,,,,,,,,,,,,,,,https://cdn.shopify.com/s/files/1/0618/2368/0740/files/21_018388ee-b10a-4f3d-ae03-776ef4623f03.png?v=1717078612,kg,,,,,,
f-r-i-e-n-d-s-t-shirt-for-kids-copy,,,,,,,,,11-12 YRS,,,Black,,,,,'10710902,200.0,shopify,49,continue,manual,899.00,0.00,true,true,,,,,'10710902,,,,,,,,,,,,,,,,,,,,,,,,,,,,,,,,,,,,,,,,,,,,,,,https://cdn.shopify.com/s/files/1/0618/2368/0740/files/8_5bfa5d7f-5c54-455f-bd9f-5376b1277a3d.png?v=1717078612,kg,,,,,,
f-r-i-e-n-d-s-t-shirt-for-kids-copy,,,,,,,,,11-12 YRS,,,Navy Blue,,,,,'10710903,200.0,shopify,50,continue,manual,899.00,0.00,true,true,,,,,'10710903,,,,,,,,,,,,,,,,,,,,,,,,,,,,,,,,,,,,,,,,,,,,,,,https://cdn.shopify.com/s/files/1/0618/2368/0740/files/18_a7c2af41-737b-448b-8798-e8e09ef7e263.png?v=1717078612,kg,,,,,,
f-r-i-e-n-d-s-t-shirt-for-kids-copy,,,,,,,,,11-12 YRS,,,Bottle Green,,,,,'10710904,200.0,shopify,50,continue,manual,899.00,0.00,true,true,,,,,'10710904,,,,,,,,,,,,,,,,,,,,,,,,,,,,,,,,,,,,,,,,,,,,,,,https://cdn.shopify.com/s/files/1/0618/2368/0740/files/19_f4ed7915-89cb-4f9f-aa4a-3cf079cd554b.png?v=1717078612,kg,,,,,,
f-r-i-e-n-d-s-t-shirt-for-kids-copy,,,,,,,,,11-12 YRS,,,Royal Blue,,,,,'10710905,200.0,shopify,50,continue,manual,899.00,0.00,true,true,,,,,'10710905,,,,,,,,,,,,,,,,,,,,,,,,,,,,,,,,,,,,,,,,,,,,,,,https://cdn.shopify.com/s/files/1/0618/2368/0740/files/12_1b7c8940-4b64-404a-ad68-90dc00f5cfc6.png?v=1717078612,kg,,,,,,
f-r-i-e-n-d-s-t-shirt-for-kids-copy,,,,,,,,,13-14 YRS,,,Orange,,,,,'10710906,200.0,shopify,100,continue,manual,999.00,0.00,true,true,,,,,'10710906,,,,,,,,,,,,,,,,,,,,,,,,,,,,,,,,,,,,,,,,,,,,,,,https://cdn.shopify.com/s/files/1/0618/2368/0740/files/11_2e83bb48-3be8-4dfc-adf0-5f072ce3709e.png?v=1717075537,kg,,,,,,
f-r-i-e-n-d-s-t-shirt-for-kids-copy,,,,,,,,,13-14 YRS,,,Yellow,,,,,'10710907,200.0,shopify,100,continue,manual,999.00,0.00,true,true,,,,,'10710907,,,,,,,,,,,,,,,,,,,,,,,,,,,,,,,,,,,,,,,,,,,,,,,https://cdn.shopify.com/s/files/1/0618/2368/0740/files/16_8b26bfa6-3671-4af2-a1bd-e68bb5911bd3.png?v=1717078612,kg,,,,,,
f-r-i-e-n-d-s-t-shirt-for-kids-copy,,,,,,,,,13-14 YRS,,,Mahroon,,,,,'10710908,200.0,shopify,100,continue,manual,999.00,0.00,true,true,,,,,'10710908,,,,,,,,,,,,,,,,,,,,,,,,,,,,,,,,,,,,,,,,,,,,,,,https://cdn.shopify.com/s/files/1/0618/2368/0740/files/14_f5419f95-80ed-4148-a510-0db7f7b2b3c3.png?v=1717078612,kg,,,,,,
f-r-i-e-n-d-s-t-shirt-for-kids-copy,,,,,,,,,13-14 YRS,,,White,,,,,'10710909,200.0,shopify,100,continue,manual,999.00,0.00,true,true,,,,,'10710909,,,,,,,,,,,,,,,,,,,,,,,,,,,,,,,,,,,,,,,,,,,,,,,https://cdn.shopify.com/s/files/1/0618/2368/0740/files/9_e4de4d8b-e887-45c7-95db-7c12a2a9a39b.png?v=1717078612,kg,,,,,,
f-r-i-e-n-d-s-t-shirt-for-kids-copy,,,,,,,,,13-14 YRS,,,Grey,,,,,'10710910,200.0,shopify,100,continue,manual,999.00,0.00,true,true,,,,,'10710910,,,,,,,,,,,,,,,,,,,,,,,,,,,,,,,,,,,,,,,,,,,,,,,https://cdn.shopify.com/s/files/1/0618/2368/0740/files/15_35b315b2-55a2-48d8-8d3a-99d469397ec5.png?v=1717078612,kg,,,,,,
f-r-i-e-n-d-s-t-shirt-for-kids-copy,,,,,,,,,13-14 YRS,,,Red,,,,,'10710911,200.0,shopify,100,continue,manual,999.00,0.00,true,true,,,,,'10710911,,,,,,,,,,,,,,,,,,,,,,,,,,,,,,,,,,,,,,,,,,,,,,,https://cdn.shopify.com/s/files/1/0618/2368/0740/files/10_f6a5acb1-c78a-43fb-a80c-ef8e2fc83df7.png?v=1717078612,kg,,,,,,
f-r-i-e-n-d-s-t-shirt-for-kids-copy,,,,,,,,,13-14 YRS,,,Pink,,,,,'10710912,200.0,shopify,100,continue,manual,999.00,0.00,true,true,,,,,'10710912,,,,,,,,,,,,,,,,,,,,,,,,,,,,,,,,,,,,,,,,,,,,,,,https://cdn.shopify.com/s/files/1/0618/2368/0740/files/13_9a141432-b3e3-4b32-9717-5f7811fdec6b.png?v=1717078612,kg,,,,,,
f-r-i-e-n-d-s-t-shirt-for-kids-copy,,,,,,,,,13-14 YRS,,,Light Blue,,,,,'10710913,200.0,shopify,100,continue,manual,999.00,0.00,true,true,,,,,'10710913,,,,,,,,,,,,,,,,,,,,,,,,,,,,,,,,,,,,,,,,,,,,,,,https://cdn.shopify.com/s/files/1/0618/2368/0740/files/17_5c213a34-d63a-45c8-bc91-78d17efc7bb4.png?v=1717078612,kg,,,,,,
f-r-i-e-n-d-s-t-shirt-for-kids-copy,,,,,,,,,13-14 YRS,,,Green,,,,,'10710914,200.0,shopify,100,continue,manual,999.00,0.00,true,true,,,,,'10710914,,,,,,,,,,,,,,,,,,,,,,,,,,,,,,,,,,,,,,,,,,,,,,,https://cdn.shopify.com/s/files/1/0618/2368/0740/files/20_5ffe46c6-f95a-4a71-aab3-5367323770d2.png?v=1717078612,kg,,,,,,
f-r-i-e-n-d-s-t-shirt-for-kids-copy,,,,,,,,,13-14 YRS,,,Beige,,,,,'10710915,200.0,shopify,100,continue,manual,999.00,0.00,true,true,,,,,'10710915,,,,,,,,,,,,,,,,,,,,,,,,,,,,,,,,,,,,,,,,,,,,,,,https://cdn.shopify.com/s/files/1/0618/2368/0740/files/21_018388ee-b10a-4f3d-ae03-776ef4623f03.png?v=1717078612,kg,,,,,,
f-r-i-e-n-d-s-t-shirt-for-kids-copy,,,,,,,,,13-14 YRS,,,Black,,,,,'10710916,200.0,shopify,100,continue,manual,999.00,0.00,true,true,,,,,'10710916,,,,,,,,,,,,,,,,,,,,,,,,,,,,,,,,,,,,,,,,,,,,,,,https://cdn.shopify.com/s/files/1/0618/2368/0740/files/8_5bfa5d7f-5c54-455f-bd9f-5376b1277a3d.png?v=1717078612,kg,,,,,,
f-r-i-e-n-d-s-t-shirt-for-kids-copy,,,,,,,,,13-14 YRS,,,Navy Blue,,,,,'10710917,200.0,shopify,100,continue,manual,999.00,0.00,true,true,,,,,'10710917,,,,,,,,,,,,,,,,,,,,,,,,,,,,,,,,,,,,,,,,,,,,,,,https://cdn.shopify.com/s/files/1/0618/2368/0740/files/12_1b7c8940-4b64-404a-ad68-90dc00f5cfc6.png?v=1717078612,kg,,,,,,
f-r-i-e-n-d-s-t-shirt-for-kids-copy,,,,,,,,,13-14 YRS,,,Bottle Green,,,,,'10710918,200.0,shopify,100,continue,manual,999.00,0.00,true,true,,,,,'10710918,,,,,,,,,,,,,,,,,,,,,,,,,,,,,,,,,,,,,,,,,,,,,,,https://cdn.shopify.com/s/files/1/0618/2368/0740/files/19_f4ed7915-89cb-4f9f-aa4a-3cf079cd554b.png?v=1717078612,kg,,,,,,
f-r-i-e-n-d-s-t-shirt-for-kids-copy,,,,,,,,,13-14 YRS,,,Royal Blue,,,,,'10706833,200.0,shopify,100,continue,manual,999.00,0.00,true,true,,,,,'10706833,,,,,,,,,,,,,,,,,,,,,,,,,,,,,,,,,,,,,,,,,,,,,,,https://cdn.shopify.com/s/files/1/0618/2368/0740/files/18_a7c2af41-737b-448b-8798-e8e09ef7e263.png?v=1717078612,kg,,,,,,
golden-lion-shirt-for-kids-copy,HULK SHIRT FOR KIDS,"<div>Fabric: High-Quality Cotton Jersey</div>
<div>Half Sleeve T-Shirt</div>
<div>Round Neck</div>
<div>High Quality DTF Printed</div>
<div>Soft and Comfortable Wear (Unisex)</div>
<div>Easy Wash &amp; Press</div>
<div>Sizes 1-14 years </div>
<div><span>Disclaimer: Colors may vary slightly due to studio lights. </span></div>",BBG FASHION CLOTHING STORE,Apparel & Accessories > Clothing > Clothing Tops > T-Shirts,kids T-Shirts,kids T-Shirts,false,Size,1-2 YRS,,Color,White,,,,,'10710732,200.0,shopify,50,continue,manual,799.00,0.00,true,true,,,,,'10710732,https://cdn.shopify.com/s/files/1/0618/2368/0740/files/9_e1178b82-25a8-4425-a0f6-e92419d56d47.png?v=1717075509,1,Golden Lion Shirt For Kids Copy - front view - kids wear Pakistan,false,,,212,,,,,,,,,,,,,,,,,,,,,,,,,,,,,,,,,,,,,,,,https://cdn.shopify.com/s/files/1/0618/2368/0740/files/9_e1178b82-25a8-4425-a0f6-e92419d56d47.png?v=1717075509,kg,,,true,,,draft
golden-lion-shirt-for-kids-copy,,,,,,,,,1-2 YRS,,,Orange,,,,,'10710733,200.0,shopify,50,continue,manual,799.00,0.00,true,true,,,,,'10710733,https://cdn.shopify.com/s/files/1/0618/2368/0740/files/bbg_d1d933d2-5f31-45d8-8176-020754e9f684.png?v=1717078507,2,Summer Surf Shirt For Kids Copy - back view - kids wear Pakistan,,,,,,,,,,,,,,,,,,,,,,,,,,,,,,,,,,,,,,,,,,,,https://cdn.shopify.com/s/files/1/0618/2368/0740/files/11_a2e6369a-66d8-4db4-b037-a3839e5a6d25.png?v=1717078642,kg,,,,,,
