Handle,Title,Body (HTML),Vendor,Product Category,Type,Tags,Published,Option1 Name,Option1 Value,Option1 Linked To,Option2 Name,Option2 Value,Option2 Linked To,Option3 Name,Option3 Value,Option3 Linked To,Variant SKU,Variant Grams,Variant Inventory Tracker,Variant Inventory Qty,Variant Inventory Policy,Variant Fulfillment Service,Variant Price,Variant Compare At Price,Variant Requires Shipping,Variant Taxable,Unit Price Total Measure,Unit Price Total Measure Unit,Unit Price Base Measure,Unit Price Base Measure Unit,Variant Barcode,Image Src,Image Position,Image Alt Text,Gift Card,SEO Title,SEO Description,Google Shopping / Google Product Category,Google Shopping / Gender,Google Shopping / Age Group,Google Shopping / MPN,Google Shopping / Condition,Google Shopping / Custom Product,Google Shopping / Custom Label 0,Google Shopping / Custom Label 1,Google Shopping / Custom Label 2,Google Shopping / Custom Label 3,Google Shopping / Custom Label 4,Google: Custom Product (product.metafields.mm-google-shopping.custom_product),Product rating count (product.metafields.reviews.rating_count),Activewear clothing features (product.metafields.shopify.activewear-clothing-features),Activity (product.metafields.shopify.activity),Age group (product.metafields.shopify.age-group),Baby/Toddler clothing features (product.metafields.shopify.baby-toddler-clothing-features),Baby/Toddler sleepwear style (product.metafields.shopify.baby-toddler-sleepwear-style),Care instructions (product.metafields.shopify.care-instructions),Clothing features (product.metafields.shopify.clothing-features),Color (product.metafields.shopify.color-pattern),Dress occasion (product.metafields.shopify.dress-occasion),Dress style (product.metafields.shopify.dress-style),Fabric (product.metafields.shopify.fabric),Fit (product.metafields.shopify.fit),Intimate apparel features (product.metafields.shopify.intimate-apparel-features),Neckline (product.metafields.shopify.neckline),One-piece style (product.metafields.shopify.one-piece-style),Outerwear clothing features (product.metafields.shopify.outerwear-clothing-features),Pants length type (product.metafields.shopify.pants-length-type),Size (product.metafields.shopify.size),Skirt/Dress length type (product.metafields.shopify.skirt-dress-length-type),Sleeve length type (product.metafields.shopify.sleeve-length-type),Target gender (product.metafields.shopify.target-gender),Top length type (product.metafields.shopify.top-length-type),Waist rise (product.metafields.shopify.waist-rise),Complementary products (product.metafields.shopify--discovery--product_recommendation.complementary_products),Related products (product.metafields.shopify--discovery--product_recommendation.related_products),Related products settings (product.metafields.shopify--discovery--product_recommendation.related_products_display),Search product boosts (product.metafields.shopify--discovery--product_search_boost.queries),Variant Image,Variant Weight Unit,Variant Tax Code,Cost per item,Included / Pakistan,Price / Pakistan,Compare At Price / Pakistan,Status
women-v-neck-lounge-wear-red-butterfly-navy-blue,Women V-Neck Lounge Wear | Red Butterfly - Navy Blue,"<h4>Women V-Neck Lounge Wear | Red Butterfly - Navy Blue<br>
</h4>
<p data-start=""335"" data-end=""501"">Bring comfort and style together with our <strong data-start=""377"" data-end=""425"">Women V-Neck Lounge Wear | Butterfly Edition</strong> — designed for women who love effortless fashion with a soft, relaxed feel.</p>
<p data-start=""503"" data-end=""752"">This 2-piece set includes a <strong data-start=""531"" data-end=""585"">flattering V-neck top paired with matching bottoms</strong>, offering a comfortable fit that moves with you throughout the day. Made from soft, breathable fabric, it keeps you feeling fresh whether you're at home or on the go.</p>
<p data-start=""754"" data-end=""992"">The elegant <strong data-start=""766"" data-end=""795"">butterfly-inspired design</strong> adds a stylish and feminine touch, making this lounge wear both cozy and eye-catching. Available in multiple beautiful colors, you can choose the shade that best fits your mood and personal style.</p>
<p data-start=""994"" data-end=""1101"">Perfect for lounging, casual wear, or daily comfort — this set is your go-to for a relaxed yet trendy look.</p>
<p data-start=""1103"" data-end=""1120""><strong data-start=""1103"" data-end=""1120"">Key Features:</strong></p>
<ul data-start=""1121"" data-end=""1413"">
<li data-section-id=""9qxmar"" data-start=""1121"" data-end=""1168"">Stylish V-neck design for a flattering look</li>
<li data-section-id=""3pudom"" data-start=""1169"" data-end=""1212"">Soft, breathable &amp; skin-friendly fabric</li>
<li data-section-id=""10slvg5"" data-start=""1213"" data-end=""1248"">Relaxed fit for all-day comfort</li>
<li data-section-id=""1o7fn0j"" data-start=""1249"" data-end=""1295"">Elastic waistband for flexibility and ease</li>
<li data-section-id=""2h4rsa"" data-start=""1296"" data-end=""1332"">Trendy butterfly-inspired design</li>
<li data-section-id=""arqrzc"" data-start=""1333"" data-end=""1365"">Available in multiple colors</li>
<li data-section-id=""n8nixx"" data-start=""1366"" data-end=""1413"">Ideal for lounging, casual wear &amp; sleepwear</li>
</ul>
<p data-start=""1415"" data-end=""1512""><strong data-start=""1415"" data-end=""1426"">Fabric:</strong> Premium Cotton Blend<br data-start=""1447"" data-end=""1450""><strong data-start=""1450"" data-end=""1458"">Fit:</strong> Relaxed / Comfortable<br data-start=""1480"" data-end=""1483""><strong data-start=""1483"" data-end=""1494"">Season:</strong> All Season Wear</p>",BBG FASHION CLOTHING STORE,Apparel & Accessories > Clothing > Sleepwear & Loungewear > Loungewear,Article 56,Loungewear,true,Size,Medium,,,,,,,,'10743559,0.5,,0,deny,manual,1599.00,,true,false,,,,,'10743559,https://cdn.shopify.com/s/files/1/0618/2368/0740/files/WhatsAppImage2026-06-04at6.36.25PM.jpg?v=1780581171,1,"",false,,"Shop women’s butterfly V-neck lounge wear in Pakistan. Soft, breathable and stylish 2-piece set available in multiple colors for everyday comfort.",5713,,adult,,,,,,,,,,,,,adults,,,,,navy-1; animal,,,cotton,,,,,,,,,,girls,,,,,,,,g,,,true,,,active
women-v-neck-lounge-wear-red-butterfly-navy-blue,,,,,,,,,Large,,,,,,,,'10743560,0.5,,0,deny,manual,1599.00,,true,false,,,,,'10743560,https://cdn.shopify.com/s/files/1/0618/2368/0740/files/WhatsAppImage2026-06-04at6.36.25PM_1.jpg?v=1780581171,2,"",,,,,,,,,,,,,,,,,,,,,,,,,,,,,,,,,,,,,,,,,,,,,g,,,,,,
women-v-neck-lounge-wear-red-butterfly-navy-blue,,,,,,,,,XL,,,,,,,,'10743561,0.5,,0,deny,manual,1699.00,,true,false,,,,,'10743561,https://cdn.shopify.com/s/files/1/0618/2368/0740/files/WhatsAppImage2026-06-04at6.36.25PM_2.jpg?v=1780581171,3,"",,,,,,,,,,,,,,,,,,,,,,,,,,,,,,,,,,,,,,,,,,,,,g,,,,,,
women-v-neck-lounge-wear-red-butterfly-navy-blue,,,,,,,,,XXL,,,,,,,,'10743562,0.5,,0,deny,manual,1799.00,,true,false,,,,,'10743562,https://cdn.shopify.com/s/files/1/0618/2368/0740/files/Screenshot_2026-02-03_155735_540x_360x_5a8ac0e4-4bb4-4aeb-b307-aa624952defd.webp?v=1777120342,4,"",,,,,,,,,,,,,,,,,,,,,,,,,,,,,,,,,,,,,,,,,,,,,g,,,,,,
women-v-neck-lounge-wear-red-butterfly-red,Women V-Neck Lounge Wear | Red Butterfly - Red,"<h4>Women V-Neck Lounge Wear | Red Butterfly - Red<br>
</h4>
<p data-start=""335"" data-end=""501"">Bring comfort and style together with our <strong data-start=""377"" data-end=""425"">Women V-Neck Lounge Wear | Butterfly Edition</strong> — designed for women who love effortless fashion with a soft, relaxed feel.</p>
<p data-start=""503"" data-end=""752"">This 2-piece set includes a <strong data-start=""531"" data-end=""585"">flattering V-neck top paired with matching bottoms</strong>, offering a comfortable fit that moves with you throughout the day. Made from soft, breathable fabric, it keeps you feeling fresh whether you're at home or on the go.</p>
<p data-start=""754"" data-end=""992"">The elegant <strong data-start=""766"" data-end=""795"">butterfly-inspired design</strong> adds a stylish and feminine touch, making this lounge wear both cozy and eye-catching. Available in multiple beautiful colors, you can choose the shade that best fits your mood and personal style.</p>
<p data-start=""994"" data-end=""1101"">Perfect for lounging, casual wear, or daily comfort — this set is your go-to for a relaxed yet trendy look.</p>
<p data-start=""1103"" data-end=""1120""><strong data-start=""1103"" data-end=""1120"">Key Features:</strong></p>
<ul data-start=""1121"" data-end=""1413"">
<li data-section-id=""9qxmar"" data-start=""1121"" data-end=""1168"">Stylish V-neck design for a flattering look</li>
<li data-section-id=""3pudom"" data-start=""1169"" data-end=""1212"">Soft, breathable &amp; skin-friendly fabric</li>
<li data-section-id=""10slvg5"" data-start=""1213"" data-end=""1248"">Relaxed fit for all-day comfort</li>
<li data-section-id=""1o7fn0j"" data-start=""1249"" data-end=""1295"">Elastic waistband for flexibility and ease</li>
<li data-section-id=""2h4rsa"" data-start=""1296"" data-end=""1332"">Trendy butterfly-inspired design</li>
<li data-section-id=""arqrzc"" data-start=""1333"" data-end=""1365"">Available in multiple colors</li>
<li data-section-id=""n8nixx"" data-start=""1366"" data-end=""1413"">Ideal for lounging, casual wear &amp; sleepwear</li>
</ul>
<p data-start=""1415"" data-end=""1512""><strong data-start=""1415"" data-end=""1426"">Fabric:</strong> Premium Cotton Blend<br data-start=""1447"" data-end=""1450""><strong data-start=""1450"" data-end=""1458"">Fit:</strong> Relaxed / Comfortable<br data-start=""1480"" data-end=""1483""><strong data-start=""1483"" data-end=""1494"">Season:</strong> All Season Wear</p>",BBG FASHION CLOTHING STORE,Apparel & Accessories > Clothing > Sleepwear & Loungewear > Loungewear,Article 56,Loungewear,true,Size,Medium,,,,,,,,'10743555,0.5,,0,deny,manual,1599.00,,true,false,,,,,'10743555,https://cdn.shopify.com/s/files/1/0618/2368/0740/files/WhatsAppImage2026-06-04at6.44.29PM_5.jpg?v=1780581370,1,"",false,,"Shop women’s butterfly V-neck lounge wear in Pakistan. Soft, breathable and stylish 2-piece set available in multiple colors for everyday comfort.",5713,,adult,,,,,,,,,,,,,adults,,,,,animal,,,cotton,,,,,,,,,,girls,,,,,,,,g,,,true,,,active
women-v-neck-lounge-wear-red-butterfly-red,,,,,,,,,Large,,,,,,,,'10743556,0.5,,0,deny,manual,1599.00,,true,false,,,,,'10743556,https://cdn.shopify.com/s/files/1/0618/2368/0740/files/WhatsAppImage2026-06-04at6.44.29PM.jpg?v=1780581370,2,"",,,,,,,,,,,,,,,,,,,,,,,,,,,,,,,,,,,,,,,,,,,,,g,,,,,,
women-v-neck-lounge-wear-red-butterfly-red,,,,,,,,,XL,,,,,,,,'10743557,0.5,,0,deny,manual,1699.00,,true,false,,,,,'10743557,https://cdn.shopify.com/s/files/1/0618/2368/0740/files/WhatsAppImage2026-06-04at6.44.29PM_2.jpg?v=1780581370,3,"",,,,,,,,,,,,,,,,,,,,,,,,,,,,,,,,,,,,,,,,,,,,,g,,,,,,
women-v-neck-lounge-wear-red-butterfly-red,,,,,,,,,XXL,,,,,,,,'10743558,0.5,,0,deny,manual,1799.00,,true,false,,,,,'10743558,https://cdn.shopify.com/s/files/1/0618/2368/0740/files/Screenshot_2026-02-03_155735_540x_360x_5a8ac0e4-4bb4-4aeb-b307-aa624952defd.webp?v=1777120342,4,"",,,,,,,,,,,,,,,,,,,,,,,,,,,,,,,,,,,,,,,,,,,,,g,,,,,,
women-v-neck-lounge-wear-red-butterfly-black,Women V Neck Lounge Wear | Red Butterfly - Black,"<h4>Women V-Neck Lounge Wear | Red Butterfly - Black<br>
</h4>
<p data-start=""335"" data-end=""501"">Bring comfort and style together with our <strong data-start=""377"" data-end=""425"">Women V-Neck Lounge Wear | Butterfly Edition</strong> — designed for women who love effortless fashion with a soft, relaxed feel.</p>
<p data-start=""503"" data-end=""752"">This 2-piece set includes a <strong data-start=""531"" data-end=""585"">flattering V-neck top paired with matching bottoms</strong>, offering a comfortable fit that moves with you throughout the day. Made from soft, breathable fabric, it keeps you feeling fresh whether you're at home or on the go.</p>
<p data-start=""754"" data-end=""992"">The elegant <strong data-start=""766"" data-end=""795"">butterfly-inspired design</strong> adds a stylish and feminine touch, making this lounge wear both cozy and eye-catching. Available in multiple beautiful colors, you can choose the shade that best fits your mood and personal style.</p>
<p data-start=""994"" data-end=""1101"">Perfect for lounging, casual wear, or daily comfort — this set is your go-to for a relaxed yet trendy look.</p>
<p data-start=""1103"" data-end=""1120""><strong data-start=""1103"" data-end=""1120"">Key Features:</strong></p>
<ul data-start=""1121"" data-end=""1413"">
<li data-section-id=""9qxmar"" data-start=""1121"" data-end=""1168"">Stylish V-neck design for a flattering look</li>
<li data-section-id=""3pudom"" data-start=""1169"" data-end=""1212"">Soft, breathable &amp; skin-friendly fabric</li>
<li data-section-id=""10slvg5"" data-start=""1213"" data-end=""1248"">Relaxed fit for all-day comfort</li>
<li data-section-id=""1o7fn0j"" data-start=""1249"" data-end=""1295"">Elastic waistband for flexibility and ease</li>
<li data-section-id=""2h4rsa"" data-start=""1296"" data-end=""1332"">Trendy butterfly-inspired design</li>
<li data-section-id=""arqrzc"" data-start=""1333"" data-end=""1365"">Available in multiple colors</li>
<li data-section-id=""n8nixx"" data-start=""1366"" data-end=""1413"">Ideal for lounging, casual wear &amp; sleepwear</li>
</ul>
<p data-start=""1415"" data-end=""1512""><strong data-start=""1415"" data-end=""1426"">Fabric:</strong> Premium Cotton Blend<br data-start=""1447"" data-end=""1450""><strong data-start=""1450"" data-end=""1458"">Fit:</strong> Relaxed / Comfortable<br data-start=""1480"" data-end=""1483""><strong data-start=""1483"" data-end=""1494"">Season:</strong> All Season Wear</p>",BBG FASHION CLOTHING STORE,Apparel & Accessories > Clothing > Sleepwear & Loungewear > Pajamas,Article 56,Loungewear,true,Size,medium,product.metafields.shopify.size,,,,,,,'10743552,0.5,,123,deny,manual,1599.00,,true,false,,,,,'10743552,https://cdn.shopify.com/s/files/1/0618/2368/0740/files/WhatsAppImage2026-06-04at6.44.29PM_4.jpg?v=1780581280,1,"",false,,"Shop women’s butterfly V-neck lounge wear in Pakistan. Soft, breathable and stylish 2-piece set available in multiple colors for everyday comfort.",2580,,adult,,,,,,,,,,,,,adults,,,,,animal; black,,,cotton,,,,,,,medium; large; xl; xxl,,,girls,medium,,,,,,,g,,,true,,,active
women-v-neck-lounge-wear-red-butterfly-black,,,,,,,,,large,,,,,,,,'10743551,0.5,,123,deny,manual,1599.00,,true,false,,,,,'10743551,https://cdn.shopify.com/s/files/1/0618/2368/0740/files/WhatsAppImage2026-06-04at6.44.29PM_1.jpg?v=1780581280,2,"",,,,,,,,,,,,,,,,,,,,,,,,,,,,,,,,,,,,,,,,,,,,,g,,,,,,
women-v-neck-lounge-wear-red-butterfly-black,,,,,,,,,xl,,,,,,,,'10743553,0.5,,123,deny,manual,1699.00,,true,false,,,,,'10743553,https://cdn.shopify.com/s/files/1/0618/2368/0740/files/WhatsAppImage2026-06-04at6.44.29PM_3.jpg?v=1780581280,3,"",,,,,,,,,,,,,,,,,,,,,,,,,,,,,,,,,,,,,,,,,,,,,g,,,,,,
women-v-neck-lounge-wear-red-butterfly-black,,,,,,,,,xxl,,,,,,,,'10743554,0.5,,123,deny,manual,1799.00,,true,false,,,,,'10743554,https://cdn.shopify.com/s/files/1/0618/2368/0740/files/Screenshot_2026-02-03_155735_540x_360x_5a8ac0e4-4bb4-4aeb-b307-aa624952defd.webp?v=1777120342,4,"",,,,,,,,,,,,,,,,,,,,,,,,,,,,,,,,,,,,,,,,,,,,,g,,,,,,
women-v-neck-lounge-wear-red-butterfly-baby-pink,Women V-Neck Lounge Wear | Red Butterfly - Baby Pink,"<h4>Women V-Neck Lounge Wear | Red Butterfly - Baby Pink<br>
</h4>
<p data-start=""335"" data-end=""501"">Bring comfort and style together with our <strong data-start=""377"" data-end=""425"">Women V-Neck Lounge Wear | Butterfly Edition</strong> — designed for women who love effortless fashion with a soft, relaxed feel.</p>
<p data-start=""503"" data-end=""752"">This 2-piece set includes a <strong data-start=""531"" data-end=""585"">flattering V-neck top paired with matching bottoms</strong>, offering a comfortable fit that moves with you throughout the day. Made from soft, breathable fabric, it keeps you feeling fresh whether you're at home or on the go.</p>
<p data-start=""754"" data-end=""992"">The elegant <strong data-start=""766"" data-end=""795"">butterfly-inspired design</strong> adds a stylish and feminine touch, making this lounge wear both cozy and eye-catching. Available in multiple beautiful colors, you can choose the shade that best fits your mood and personal style.</p>
<p data-start=""994"" data-end=""1101"">Perfect for lounging, casual wear, or daily comfort — this set is your go-to for a relaxed yet trendy look.</p>
<p data-start=""1103"" data-end=""1120""><strong data-start=""1103"" data-end=""1120"">Key Features:</strong></p>
<ul data-start=""1121"" data-end=""1413"">
<li data-section-id=""9qxmar"" data-start=""1121"" data-end=""1168"">Stylish V-neck design for a flattering look</li>
<li data-section-id=""3pudom"" data-start=""1169"" data-end=""1212"">Soft, breathable &amp; skin-friendly fabric</li>
<li data-section-id=""10slvg5"" data-start=""1213"" data-end=""1248"">Relaxed fit for all-day comfort</li>
<li data-section-id=""1o7fn0j"" data-start=""1249"" data-end=""1295"">Elastic waistband for flexibility and ease</li>
<li data-section-id=""2h4rsa"" data-start=""1296"" data-end=""1332"">Trendy butterfly-inspired design</li>
<li data-section-id=""arqrzc"" data-start=""1333"" data-end=""1365"">Available in multiple colors</li>
<li data-section-id=""n8nixx"" data-start=""1366"" data-end=""1413"">Ideal for lounging, casual wear &amp; sleepwear</li>
</ul>
<p data-start=""1415"" data-end=""1512""><strong data-start=""1415"" data-end=""1426"">Fabric:</strong> Premium Cotton Blend<br data-start=""1447"" data-end=""1450""><strong data-start=""1450"" data-end=""1458"">Fit:</strong> Relaxed / Comfortable<br data-start=""1480"" data-end=""1483""><strong data-start=""1483"" data-end=""1494"">Season:</strong> All Season Wear</p>",BBG FASHION CLOTHING STORE,Apparel & Accessories > Clothing > Sleepwear & Loungewear > Pajamas,Article 56,Loungewear,true,Size,medium,product.metafields.shopify.size,,,,,,,'10743547,0.5,,0,deny,manual,1599.00,,true,false,,,,,'10743547,https://cdn.shopify.com/s/files/1/0618/2368/0740/files/WhatsAppImage2026-06-04at6.57.23PM_1.jpg?v=1780581992,1,"",false,,"Shop women’s butterfly V-neck lounge wear in Pakistan. Soft, breathable and stylish 2-piece set available in multiple colors for everyday comfort.",2580,,adult,,,,,,,,,,,,,adults,,,,,animal; pink-1-1,,,cotton,,,,,,,medium; large; xl; xxl,,,girls,long,,,,,,,g,,,true,,,active
women-v-neck-lounge-wear-red-butterfly-baby-pink,,,,,,,,,large,,,,,,,,'10743548,0.5,,0,deny,manual,1599.00,,true,false,,,,,'10743548,https://cdn.shopify.com/s/files/1/0618/2368/0740/files/WhatsAppImage2026-06-04at6.57.22PM_1.jpg?v=1780581993,2,"",,,,,,,,,,,,,,,,,,,,,,,,,,,,,,,,,,,,,,,,,,,,,g,,,,,,
women-v-neck-lounge-wear-red-butterfly-baby-pink,,,,,,,,,xl,,,,,,,,'10743549,0.5,,0,deny,manual,1699.00,,true,false,,,,,'10743549,https://cdn.shopify.com/s/files/1/0618/2368/0740/files/WhatsAppImage2026-06-04at6.57.22PM_3.jpg?v=1780581992,3,"",,,,,,,,,,,,,,,,,,,,,,,,,,,,,,,,,,,,,,,,,,,,,g,,,,,,
women-v-neck-lounge-wear-red-butterfly-baby-pink,,,,,,,,,xxl,,,,,,,,'10743550,0.5,,0,deny,manual,1699.00,,true,false,,,,,'10743550,https://cdn.shopify.com/s/files/1/0618/2368/0740/files/Screenshot_2026-02-03_155735_540x_360x_5a8ac0e4-4bb4-4aeb-b307-aa624952defd.webp?v=1777120342,4,"",,,,,,,,,,,,,,,,,,,,,,,,,,,,,,,,,,,,,,,,,,,,,g,,,,,,
women-v-neck-lounge-wear-red-butterfly-sherwood-green,Women V-Neck Lounge Wear | Red Butterfly - Sherwood Green,"<h4>Women V-Neck Lounge Wear | Red Butterfly - Sherwood Green<br>
</h4>
<p data-start=""335"" data-end=""501"">Bring comfort and style together with our <strong data-start=""377"" data-end=""425"">Women V-Neck Lounge Wear | Butterfly Edition</strong> — designed for women who love effortless fashion with a soft, relaxed feel.</p>
<p data-start=""503"" data-end=""752"">This 2-piece set includes a <strong data-start=""531"" data-end=""585"">flattering V-neck top paired with matching bottoms</strong>, offering a comfortable fit that moves with you throughout the day. Made from soft, breathable fabric, it keeps you feeling fresh whether you're at home or on the go.</p>
<p data-start=""754"" data-end=""992"">The elegant <strong data-start=""766"" data-end=""795"">butterfly-inspired design</strong> adds a stylish and feminine touch, making this lounge wear both cozy and eye-catching. Available in multiple beautiful colors, you can choose the shade that best fits your mood and personal style.</p>
<p data-start=""994"" data-end=""1101"">Perfect for lounging, casual wear, or daily comfort — this set is your go-to for a relaxed yet trendy look.</p>
<p data-start=""1103"" data-end=""1120""><strong data-start=""1103"" data-end=""1120"">Key Features:</strong></p>
<ul data-start=""1121"" data-end=""1413"">
<li data-section-id=""9qxmar"" data-start=""1121"" data-end=""1168"">Stylish V-neck design for a flattering look</li>
<li data-section-id=""3pudom"" data-start=""1169"" data-end=""1212"">Soft, breathable &amp; skin-friendly fabric</li>
<li data-section-id=""10slvg5"" data-start=""1213"" data-end=""1248"">Relaxed fit for all-day comfort</li>
<li data-section-id=""1o7fn0j"" data-start=""1249"" data-end=""1295"">Elastic waistband for flexibility and ease</li>
<li data-section-id=""2h4rsa"" data-start=""1296"" data-end=""1332"">Trendy butterfly-inspired design</li>
<li data-section-id=""arqrzc"" data-start=""1333"" data-end=""1365"">Available in multiple colors</li>
<li data-section-id=""n8nixx"" data-start=""1366"" data-end=""1413"">Ideal for lounging, casual wear &amp; sleepwear</li>
</ul>
<p data-start=""1415"" data-end=""1512""><strong data-start=""1415"" data-end=""1426"">Fabric:</strong> Premium Cotton Blend<br data-start=""1447"" data-end=""1450""><strong data-start=""1450"" data-end=""1458"">Fit:</strong> Relaxed / Comfortable<br data-start=""1480"" data-end=""1483""><strong data-start=""1483"" data-end=""1494"">Season:</strong> All Season Wear</p>",BBG FASHION CLOTHING STORE,Apparel & Accessories > Clothing > Sleepwear & Loungewear > Loungewear,Article 56,Loungewear,true,Size,Medium,,,,,,,,'10743543,0.5,,0,deny,manual,1599.00,,true,false,,,,,'10743543,https://cdn.shopify.com/s/files/1/0618/2368/0740/files/WhatsAppImage2026-06-04at7.04.24PM_2.jpg?v=1780582271,1,"",false,,"Shop women’s butterfly V-neck lounge wear in Pakistan. Soft, breathable and stylish 2-piece set available in multiple colors for everyday comfort.",5713,,adult,,,,,,,,,,,,,adults,,,,,animal; green-1,,,cotton,,,,,,,,,,girls,,,,,,,,g,,,true,,,active
women-v-neck-lounge-wear-red-butterfly-sherwood-green,,,,,,,,,Large,,,,,,,,'10743544,0.5,,0,deny,manual,1599.00,,true,false,,,,,'10743544,https://cdn.shopify.com/s/files/1/0618/2368/0740/files/WhatsAppImage2026-06-04at7.04.24PM.jpg?v=1780582271,2,"",,,,,,,,,,,,,,,,,,,,,,,,,,,,,,,,,,,,,,,,,,,,,g,,,,,,
women-v-neck-lounge-wear-red-butterfly-sherwood-green,,,,,,,,,XL,,,,,,,,'10743545,0.5,,-1,deny,manual,1699.00,,true,false,,,,,'10743545,https://cdn.shopify.com/s/files/1/0618/2368/0740/files/WhatsAppImage2026-06-04at7.04.24PM_1.jpg?v=1780582271,3,"",,,,,,,,,,,,,,,,,,,,,,,,,,,,,,,,,,,,,,,,,,,,,g,,,,,,
women-v-neck-lounge-wear-red-butterfly-sherwood-green,,,,,,,,,XXL,,,,,,,,'10743546,0.5,,0,deny,manual,1799.00,,true,false,,,,,'10743546,https://cdn.shopify.com/s/files/1/0618/2368/0740/files/Screenshot_2026-02-03_155735_540x_360x_5a8ac0e4-4bb4-4aeb-b307-aa624952defd.webp?v=1777120342,4,"",,,,,,,,,,,,,,,,,,,,,,,,,,,,,,,,,,,,,,,,,,,,,g,,,,,,
womens-3-pieces-night-suit-love-color-baby-pink,Women 3 Pieces Night Suit - Love Color | Baby Pink,"<h4><strong>Women's 3 Pieces Night Suit - Love Color | Baby Pink</strong></h4>
<p data-start=""136"" data-end=""391"">Brighten up your everyday style with this <em data-start=""178"" data-end=""203"">Love 3-Piece Lounge Set</em>, featuring a vibrant heart-shaped floral design with a bold “LOVE” statement at the center. Full of color and personality, this print adds a playful yet stylish touch to your lounge wear.</p>
<p data-start=""393"" data-end=""655"">The set includes a soft printed inner tee, comfortable relaxed-fit trousers, and a lightweight open-front cardigan—perfect for layering and all-day comfort. Made from breathable, skin-friendly fabric, it keeps you feeling cozy while looking effortlessly stylish.</p>
<p data-start=""657"" data-end=""767"">Available in multiple colors, this set is designed for women who love expressive, lively fashion even at home.</p>
<p data-start=""769"" data-end=""788""><strong data-start=""769"" data-end=""786"">Key Features:</strong></p>
<ul data-start=""789"" data-end=""1120"">
<li data-section-id=""1rqpybj"" data-start=""789"" data-end=""839"">3-piece set (printed tee, trousers &amp; cardigan)</li>
<li data-section-id=""qnccu0"" data-start=""840"" data-end=""897"">Bold “LOVE” graphic with colorful floral heart design</li>
<li data-section-id=""3pudom"" data-start=""898"" data-end=""941"">Soft, breathable &amp; skin-friendly fabric</li>
<li data-section-id=""1dnrbdn"" data-start=""942"" data-end=""993"">Relaxed fit with adjustable drawstring trousers</li>
<li data-section-id=""l3igk5"" data-start=""994"" data-end=""1036"">Lightweight cardigan for easy layering</li>
<li data-section-id=""arqrzc"" data-start=""1037"" data-end=""1069"">Available in multiple colors</li>
<li data-section-id=""1wc2vm2"" data-start=""1070"" data-end=""1120"">Ideal for lounging, casual wear &amp; home comfort</li>
</ul>",BBG FASHION CLOTHING STORE,Apparel & Accessories > Clothing > Sleepwear & Loungewear > Pajamas,3 Piece Jersey,"3 Piece Nightwear, Premium Quality",true,Size,medium,product.metafields.shopify.size,,,,,,,'10743539,0.5,shopify,99,deny,manual,2499.00,,true,false,,,,,'10743539,https://cdn.shopify.com/s/files/1/0618/2368/0740/files/5_d2ff3a4f-93c5-48ec-9ecb-851220794335.png?v=1777118286,1,"",false,,"Shop the Love 3-piece lounge set with a vibrant heart floral print. Stylish, comfortable, and perfect for everyday wear and relaxing at home.",2580,,adult,,,,,,,,,,,,,adults,,,,,floral,,,,,,,,,,medium; large; xl; xxl,,,girls,,,,,,,,g,,,true,,,active
womens-3-pieces-night-suit-love-color-baby-pink,,,,,,,,,large,,,,,,,,'10743540,0.5,shopify,99,deny,manual,2499.00,,true,false,,,,,'10743540,https://cdn.shopify.com/s/files/1/0618/2368/0740/files/4_afca3e06-4004-4f89-a6d3-66d35a72618c.png?v=1777118286,2,"",,,,,,,,,,,,,,,,,,,,,,,,,,,,,,,,,,,,,,,,,,,,,g,,,,,,
womens-3-pieces-night-suit-love-color-baby-pink,,,,,,,,,xl,,,,,,,,'10743541,0.5,shopify,99,deny,manual,2499.00,,true,false,,,,,'10743541,https://cdn.shopify.com/s/files/1/0618/2368/0740/files/6_96e983d4-cc25-44f1-b50e-21d6a6c40d1f.png?v=1777118286,3,"",,,,,,,,,,,,,,,,,,,,,,,,,,,,,,,,,,,,,,,,,,,,,g,,,,,,
womens-3-pieces-night-suit-love-color-baby-pink,,,,,,,,,xxl,,,,,,,,'10743542,0.5,shopify,99,deny,manual,2699.00,,true,false,,,,,'10743542,https://cdn.shopify.com/s/files/1/0618/2368/0740/files/Screenshot_2026-02-03_155735_540x_360x_5b863740-e59f-4c0d-a3ee-d436170b22aa.webp?v=1777112145,4,"",,,,,,,,,,,,,,,,,,,,,,,,,,,,,,,,,,,,,,,,,,,,,g,,,,,,
womens-3-pieces-night-suit-love-color-black,Women 3 Pieces Night Suit - Love Color | Black,"<h4><strong>Women's 3 Pieces Night Suit - Love Color | Black</strong></h4>
<p data-start=""136"" data-end=""391"">Brighten up your everyday style with this <em data-start=""178"" data-end=""203"">Love 3-Piece Lounge Set</em>, featuring a vibrant heart-shaped floral design with a bold “LOVE” statement at the center. Full of color and personality, this print adds a playful yet stylish touch to your lounge wear.</p>
<p data-start=""393"" data-end=""655"">The set includes a soft printed inner tee, comfortable relaxed-fit trousers, and a lightweight open-front cardigan—perfect for layering and all-day comfort. Made from breathable, skin-friendly fabric, it keeps you feeling cozy while looking effortlessly stylish.</p>
<p data-start=""657"" data-end=""767"">Available in multiple colors, this set is designed for women who love expressive, lively fashion even at home.</p>
<p data-start=""769"" data-end=""788""><strong data-start=""769"" data-end=""786"">Key Features:</strong></p>
<ul data-start=""789"" data-end=""1120"">
<li data-section-id=""1rqpybj"" data-start=""789"" data-end=""839"">3-piece set (printed tee, trousers &amp; cardigan)</li>
<li data-section-id=""qnccu0"" data-start=""840"" data-end=""897"">Bold “LOVE” graphic with colorful floral heart design</li>
<li data-section-id=""3pudom"" data-start=""898"" data-end=""941"">Soft, breathable &amp; skin-friendly fabric</li>
<li data-section-id=""1dnrbdn"" data-start=""942"" data-end=""993"">Relaxed fit with adjustable drawstring trousers</li>
<li data-section-id=""l3igk5"" data-start=""994"" data-end=""1036"">Lightweight cardigan for easy layering</li>
<li data-section-id=""arqrzc"" data-start=""1037"" data-end=""1069"">Available in multiple colors</li>
<li data-section-id=""1wc2vm2"" data-start=""1070"" data-end=""1120"">Ideal for lounging, casual wear &amp; home comfort</li>
</ul>",BBG FASHION CLOTHING STORE,Apparel & Accessories > Clothing > Sleepwear & Loungewear > Pajamas,3 Piece Jersey,"3 Piece Nightwear, Premium Quality",true,Size,medium,product.metafields.shopify.size,,,,,,,'10743535,0.5,shopify,99,deny,manual,2499.00,,true,false,,,,,'10743535,https://cdn.shopify.com/s/files/1/0618/2368/0740/files/7_d47194c5-b77d-49c2-98d5-748caf6a64c9.png?v=1777117927,1,"",false,,"Shop the Love 3-piece lounge set with a vibrant heart floral print. Stylish, comfortable, and perfect for everyday wear and relaxing at home.",2580,,adult,,,,,,,,,,,,,adults,,,,,floral,,,,,,,,,,medium; large; xl; xxl,,,girls,,,,,,,,g,,,true,,,active
womens-3-pieces-night-suit-love-color-black,,,,,,,,,large,,,,,,,,'10743536,0.5,shopify,99,deny,manual,2499.00,,true,false,,,,,'10743536,https://cdn.shopify.com/s/files/1/0618/2368/0740/files/8_c2576fd1-2abd-4647-af02-a80d4a584423.png?v=1777117928,2,"",,,,,,,,,,,,,,,,,,,,,,,,,,,,,,,,,,,,,,,,,,,,,g,,,,,,
womens-3-pieces-night-suit-love-color-black,,,,,,,,,xl,,,,,,,,'10743537,0.5,shopify,99,deny,manual,2499.00,,true,false,,,,,'10743537,https://cdn.shopify.com/s/files/1/0618/2368/0740/files/9_0c5f9866-db13-4879-a779-7fd0c1b9c57e.png?v=1777117927,3,"",,,,,,,,,,,,,,,,,,,,,,,,,,,,,,,,,,,,,,,,,,,,,g,,,,,,
womens-3-pieces-night-suit-love-color-black,,,,,,,,,xxl,,,,,,,,'10743538,0.5,shopify,99,deny,manual,2699.00,,true,false,,,,,'10743538,,,,,,,,,,,,,,,,,,,,,,,,,,,,,,,,,,,,,,,,,,,,,,,,g,,,,,,
womens-3-pieces-night-suit-love-color-red,Women 3 Pieces Night Suit - Love Color | Red,"<h4><strong>Women's 3 Pieces Night Suit - Love Color | Red</strong></h4>
<p data-start=""136"" data-end=""391"">Brighten up your everyday style with this <em data-start=""178"" data-end=""203"">Love 3-Piece Lounge Set</em>, featuring a vibrant heart-shaped floral design with a bold “LOVE” statement at the center. Full of color and personality, this print adds a playful yet stylish touch to your lounge wear.</p>
<p data-start=""393"" data-end=""655"">The set includes a soft printed inner tee, comfortable relaxed-fit trousers, and a lightweight open-front cardigan—perfect for layering and all-day comfort. Made from breathable, skin-friendly fabric, it keeps you feeling cozy while looking effortlessly stylish.</p>
<p data-start=""657"" data-end=""767"">Available in multiple colors, this set is designed for women who love expressive, lively fashion even at home.</p>
<p data-start=""769"" data-end=""788""><strong data-start=""769"" data-end=""786"">Key Features:</strong></p>
<ul data-start=""789"" data-end=""1120"">
<li data-section-id=""1rqpybj"" data-start=""789"" data-end=""839"">3-piece set (printed tee, trousers &amp; cardigan)</li>
<li data-section-id=""qnccu0"" data-start=""840"" data-end=""897"">Bold “LOVE” graphic with colorful floral heart design</li>
<li data-section-id=""3pudom"" data-start=""898"" data-end=""941"">Soft, breathable &amp; skin-friendly fabric</li>
<li data-section-id=""1dnrbdn"" data-start=""942"" data-end=""993"">Relaxed fit with adjustable drawstring trousers</li>
<li data-section-id=""l3igk5"" data-start=""994"" data-end=""1036"">Lightweight cardigan for easy layering</li>
<li data-section-id=""arqrzc"" data-start=""1037"" data-end=""1069"">Available in multiple colors</li>
<li data-section-id=""1wc2vm2"" data-start=""1070"" data-end=""1120"">Ideal for lounging, casual wear &amp; home comfort</li>
</ul>",BBG FASHION CLOTHING STORE,Apparel & Accessories > Clothing > Sleepwear & Loungewear > Pajamas,3 Piece Jersey,"3 Piece Nightwear, Premium Quality",true,Size,medium,product.metafields.shopify.size,,,,,,,'10743531,0.5,shopify,99,deny,manual,2499.00,,true,false,,,,,'10743531,https://cdn.shopify.com/s/files/1/0618/2368/0740/files/1_dbc8316c-2428-43ce-a072-c21bf083b7f7.png?v=1777117393,1,"",false,,"Shop the Love 3-piece lounge set with a vibrant heart floral print. Stylish, comfortable, and perfect for everyday wear and relaxing at home.",2580,,adult,,,,,,,,,,,,,adults,,,,,floral,,,,,,,,,,medium; large; xl; xxl,,,girls,,,,,,,,g,,,true,,,active
womens-3-pieces-night-suit-love-color-red,,,,,,,,,large,,,,,,,,'10743532,0.5,shopify,99,deny,manual,2499.00,,true,false,,,,,'10743532,https://cdn.shopify.com/s/files/1/0618/2368/0740/files/2_d30959a0-287d-42cb-9ec4-bdc20cfec45a.png?v=1777117392,2,"",,,,,,,,,,,,,,,,,,,,,,,,,,,,,,,,,,,,,,,,,,,,,g,,,,,,
womens-3-pieces-night-suit-love-color-red,,,,,,,,,xl,,,,,,,,'10743533,0.5,shopify,99,deny,manual,2499.00,,true,false,,,,,'10743533,https://cdn.shopify.com/s/files/1/0618/2368/0740/files/3_17d6066c-528d-414c-9c0d-a43354cf7ca3.png?v=1777117392,3,"",,,,,,,,,,,,,,,,,,,,,,,,,,,,,,,,,,,,,,,,,,,,,g,,,,,,
womens-3-pieces-night-suit-love-color-red,,,,,,,,,xxl,,,,,,,,'10743534,0.5,shopify,99,deny,manual,2699.00,,true,false,,,,,'10743534,https://cdn.shopify.com/s/files/1/0618/2368/0740/files/Screenshot_2026-02-03_155735_540x_360x_5b863740-e59f-4c0d-a3ee-d436170b22aa.webp?v=1777112145,4,"",,,,,,,,,,,,,,,,,,,,,,,,,,,,,,,,,,,,,,,,,,,,,g,,,,,,
women-v-neck-lounge-wear-love-color-navy-blue,Women V-Neck Lounge Wear | Love Color - Navy Blue,"<h4 class=""product-title pr fs__14 mg__0 fwm"">Women V-Neck Lounge Wear | Love Color - Navy Blue<br>
</h4>
<p data-start=""313"" data-end=""475"">Upgrade your everyday comfort with our <strong data-start=""352"" data-end=""401"">Women V-Neck Lounge Wear | Love Color Edition</strong> — designed for women who want a perfect mix of style, softness, and ease.</p>
<p data-start=""477"" data-end=""739"">This 2-piece set features a <strong data-start=""505"" data-end=""551"">flattering V-neck top and matching bottoms</strong>, offering a relaxed fit that feels light and breathable on the skin. Whether you're relaxing at home or stepping out for casual errands, this set keeps you comfortable throughout the day.</p>
<p data-start=""741"" data-end=""966"">The trendy <strong data-start=""752"" data-end=""773"">Love Color design</strong> adds a vibrant and stylish touch, making it a perfect choice for both comfort and fashion. Available in multiple colors, you can pick your favorite shade to match your mood and personal style.</p>
<p data-start=""968"" data-end=""1063"">Perfect for lounging, casual wear, or daily comfort — this set is a must-have in your wardrobe.</p>
<p data-start=""1065"" data-end=""1082""><strong data-start=""1065"" data-end=""1082"">Key Features:</strong></p>
<ul data-start=""1083"" data-end=""1364"">
<li data-section-id=""amcmbk"" data-start=""1083"" data-end=""1126"">Stylish V-neck design for a modern look</li>
<li data-section-id=""3pudom"" data-start=""1127"" data-end=""1170"">Soft, breathable &amp; skin-friendly fabric</li>
<li data-section-id=""10slvg5"" data-start=""1171"" data-end=""1206"">Relaxed fit for all-day comfort</li>
<li data-section-id=""1o7fn0j"" data-start=""1207"" data-end=""1253"">Elastic waistband for flexibility and ease</li>
<li data-section-id=""134o2d9"" data-start=""1254"" data-end=""1283"">Trendy Love Color pattern</li>
<li data-section-id=""arqrzc"" data-start=""1284"" data-end=""1316"">Available in multiple colors</li>
<li data-section-id=""n8nixx"" data-start=""1317"" data-end=""1364"">Ideal for lounging, casual wear &amp; sleepwear</li>
</ul>
<p data-start=""1366"" data-end=""1463""><strong data-start=""1366"" data-end=""1377"">Fabric:</strong> Premium Cotton Blend<br data-start=""1398"" data-end=""1401""><strong data-start=""1401"" data-end=""1409"">Fit:</strong> Relaxed / Comfortable<br data-start=""1431"" data-end=""1434""><strong data-start=""1434"" data-end=""1445"">Season:</strong> All Season Wear</p>",BBG FASHION CLOTHING STORE,Apparel & Accessories > Clothing > Sleepwear & Loungewear > Loungewear,Article 56,Loungewear,true,Size,Medium,,,,,,,,'10743527,0.5,,0,deny,manual,1599.00,,true,false,,,,,'10743527,https://cdn.shopify.com/s/files/1/0618/2368/0740/files/WhatsAppImage2026-06-03at6.25.58PM_3.jpg?v=1780563155,1,"",false,,"Shop women’s Love Color V-neck lounge wear in Pakistan. Soft, breathable and stylish 2-piece set available in multiple colors for everyday comfort.",5713,,adult,,,,,,,,,,,,,adults,,,,,navy-1,,,cotton,,,,,,,,,,girls,,,,,,,,g,,,true,,,active
women-v-neck-lounge-wear-love-color-navy-blue,,,,,,,,,Large,,,,,,,,'10743528,0.5,,0,deny,manual,1599.00,,true,false,,,,,'10743528,https://cdn.shopify.com/s/files/1/0618/2368/0740/files/WhatsAppImage2026-06-03at6.25.58PM_4.jpg?v=1780563155,2,"",,,,,,,,,,,,,,,,,,,,,,,,,,,,,,,,,,,,,,,,,,,,,g,,,,,,
women-v-neck-lounge-wear-love-color-navy-blue,,,,,,,,,XL,,,,,,,,'10743529,0.5,,0,deny,manual,1699.00,,true,false,,,,,'10743529,https://cdn.shopify.com/s/files/1/0618/2368/0740/files/WhatsAppImage2026-06-03at6.25.58PM_2.jpg?v=1780563155,3,"",,,,,,,,,,,,,,,,,,,,,,,,,,,,,,,,,,,,,,,,,,,,,g,,,,,,
women-v-neck-lounge-wear-love-color-navy-blue,,,,,,,,,XXL,,,,,,,,'10743530,0.5,,0,deny,manual,1799.00,,true,false,,,,,'10743530,https://cdn.shopify.com/s/files/1/0618/2368/0740/files/Screenshot_2026-02-03_155735_540x_360x_5b863740-e59f-4c0d-a3ee-d436170b22aa.webp?v=1777112145,4,"",,,,,,,,,,,,,,,,,,,,,,,,,,,,,,,,,,,,,,,,,,,,,g,,,,,,
women-v-neck-lounge-wear-love-color-sherwood-green,Women V-Neck Lounge Wear | Love Color - Sherwood Green,"<h4 class=""product-title pr fs__14 mg__0 fwm"">Women V-Neck Lounge Wear | Love Color - Sherwood Green<br>
</h4>
<p data-start=""313"" data-end=""475"">Upgrade your everyday comfort with our <strong data-start=""352"" data-end=""401"">Women V-Neck Lounge Wear | Love Color Edition</strong> — designed for women who want a perfect mix of style, softness, and ease.</p>
<p data-start=""477"" data-end=""739"">This 2-piece set features a <strong data-start=""505"" data-end=""551"">flattering V-neck top and matching bottoms</strong>, offering a relaxed fit that feels light and breathable on the skin. Whether you're relaxing at home or stepping out for casual errands, this set keeps you comfortable throughout the day.</p>
<p data-start=""741"" data-end=""966"">The trendy <strong data-start=""752"" data-end=""773"">Love Color design</strong> adds a vibrant and stylish touch, making it a perfect choice for both comfort and fashion. Available in multiple colors, you can pick your favorite shade to match your mood and personal style.</p>
<p data-start=""968"" data-end=""1063"">Perfect for lounging, casual wear, or daily comfort — this set is a must-have in your wardrobe.</p>
<p data-start=""1065"" data-end=""1082""><strong data-start=""1065"" data-end=""1082"">Key Features:</strong></p>
<ul data-start=""1083"" data-end=""1364"">
<li data-section-id=""amcmbk"" data-start=""1083"" data-end=""1126"">Stylish V-neck design for a modern look</li>
<li data-section-id=""3pudom"" data-start=""1127"" data-end=""1170"">Soft, breathable &amp; skin-friendly fabric</li>
<li data-section-id=""10slvg5"" data-start=""1171"" data-end=""1206"">Relaxed fit for all-day comfort</li>
<li data-section-id=""1o7fn0j"" data-start=""1207"" data-end=""1253"">Elastic waistband for flexibility and ease</li>
<li data-section-id=""134o2d9"" data-start=""1254"" data-end=""1283"">Trendy Love Color pattern</li>
<li data-section-id=""arqrzc"" data-start=""1284"" data-end=""1316"">Available in multiple colors</li>
<li data-section-id=""n8nixx"" data-start=""1317"" data-end=""1364"">Ideal for lounging, casual wear &amp; sleepwear</li>
</ul>
<p data-start=""1366"" data-end=""1463""><strong data-start=""1366"" data-end=""1377"">Fabric:</strong> Premium Cotton Blend<br data-start=""1398"" data-end=""1401""><strong data-start=""1401"" data-end=""1409"">Fit:</strong> Relaxed / Comfortable<br data-start=""1431"" data-end=""1434""><strong data-start=""1434"" data-end=""1445"">Season:</strong> All Season Wear</p>",BBG FASHION CLOTHING STORE,Apparel & Accessories > Clothing > Sleepwear & Loungewear > Loungewear,Article 56,Loungewear,true,Size,Medium,,,,,,,,'10743523,0.5,,0,deny,manual,1599.00,,true,false,,,,,'10743523,https://cdn.shopify.com/s/files/1/0618/2368/0740/files/a913581c-40fa-470b-ae26-5d9a34dc4fe1.webp?v=1780563243,1,"",false,,"Shop women’s Love Color V-neck lounge wear in Pakistan. Soft, breathable and stylish 2-piece set available in multiple colors for everyday comfort.",5713,,adult,,,,,,,,,,,,,adults,,,,,green-1,,,cotton,,,,,,,,,,girls,,,,,,,,g,,,true,,,active
women-v-neck-lounge-wear-love-color-sherwood-green,,,,,,,,,Large,,,,,,,,'10743524,0.5,,0,deny,manual,1599.00,,true,false,,,,,'10743524,https://cdn.shopify.com/s/files/1/0618/2368/0740/files/7e4332f6-4b47-4a39-b250-c81e586f39b4.webp?v=1780563243,2,"",,,,,,,,,,,,,,,,,,,,,,,,,,,,,,,,,,,,,,,,,,,,,g,,,,,,
women-v-neck-lounge-wear-love-color-sherwood-green,,,,,,,,,XL,,,,,,,,'10743525,0.5,,0,deny,manual,1699.00,,true,false,,,,,'10743525,https://cdn.shopify.com/s/files/1/0618/2368/0740/files/99d5bb95-bcec-4a0c-8570-e9af877b6b7d.webp?v=1780563243,3,"",,,,,,,,,,,,,,,,,,,,,,,,,,,,,,,,,,,,,,,,,,,,,g,,,,,,
women-v-neck-lounge-wear-love-color-sherwood-green,,,,,,,,,XXL,,,,,,,,'10743526,0.5,,0,deny,manual,1799.00,,true,false,,,,,'10743526,https://cdn.shopify.com/s/files/1/0618/2368/0740/files/Screenshot_2026-02-03_155735_540x_360x_5b863740-e59f-4c0d-a3ee-d436170b22aa.webp?v=1777112145,4,"",,,,,,,,,,,,,,,,,,,,,,,,,,,,,,,,,,,,,,,,,,,,,g,,,,,,
women-v-neck-lounge-wear-love-color-red,Women V-Neck Lounge Wear | Love Color - Red,"<h4 class=""product-title pr fs__14 mg__0 fwm"">Women V-Neck Lounge Wear | Love Color - Red<br>
</h4>
<p data-start=""313"" data-end=""475"">Upgrade your everyday comfort with our <strong data-start=""352"" data-end=""401"">Women V-Neck Lounge Wear | Love Color Edition</strong> — designed for women who want a perfect mix of style, softness, and ease.</p>
<p data-start=""477"" data-end=""739"">This 2-piece set features a <strong data-start=""505"" data-end=""551"">flattering V-neck top and matching bottoms</strong>, offering a relaxed fit that feels light and breathable on the skin. Whether you're relaxing at home or stepping out for casual errands, this set keeps you comfortable throughout the day.</p>
<p data-start=""741"" data-end=""966"">The trendy <strong data-start=""752"" data-end=""773"">Love Color design</strong> adds a vibrant and stylish touch, making it a perfect choice for both comfort and fashion. Available in multiple colors, you can pick your favorite shade to match your mood and personal style.</p>
<p data-start=""968"" data-end=""1063"">Perfect for lounging, casual wear, or daily comfort — this set is a must-have in your wardrobe.</p>
<p data-start=""1065"" data-end=""1082""><strong data-start=""1065"" data-end=""1082"">Key Features:</strong></p>
<ul data-start=""1083"" data-end=""1364"">
<li data-section-id=""amcmbk"" data-start=""1083"" data-end=""1126"">Stylish V-neck design for a modern look</li>
<li data-section-id=""3pudom"" data-start=""1127"" data-end=""1170"">Soft, breathable &amp; skin-friendly fabric</li>
<li data-section-id=""10slvg5"" data-start=""1171"" data-end=""1206"">Relaxed fit for all-day comfort</li>
<li data-section-id=""1o7fn0j"" data-start=""1207"" data-end=""1253"">Elastic waistband for flexibility and ease</li>
<li data-section-id=""134o2d9"" data-start=""1254"" data-end=""1283"">Trendy Love Color pattern</li>
<li data-section-id=""arqrzc"" data-start=""1284"" data-end=""1316"">Available in multiple colors</li>
<li data-section-id=""n8nixx"" data-start=""1317"" data-end=""1364"">Ideal for lounging, casual wear &amp; sleepwear</li>
</ul>
<p data-start=""1366"" data-end=""1463""><strong data-start=""1366"" data-end=""1377"">Fabric:</strong> Premium Cotton Blend<br data-start=""1398"" data-end=""1401""><strong data-start=""1401"" data-end=""1409"">Fit:</strong> Relaxed / Comfortable<br data-start=""1431"" data-end=""1434""><strong data-start=""1434"" data-end=""1445"">Season:</strong> All Season Wear</p>",BBG FASHION CLOTHING STORE,Apparel & Accessories > Clothing > Sleepwear & Loungewear > Loungewear,Article 56,Loungewear,true,Size,Medium,,,,,,,,'10743518,0.5,,0,deny,manual,1599.00,,true,false,,,,,'10743518,https://cdn.shopify.com/s/files/1/0618/2368/0740/files/imgi_56_WhatsAppImage2026-06-03at5.06.26PM_1_1122x_7242afcf-37b1-4ac2-890b-423f122b84b7.jpg?v=1780563420,1,"",false,,"Shop women’s Love Color V-neck lounge wear in Pakistan. Soft, breathable and stylish 2-piece set available in multiple colors for everyday comfort.",5713,,adult,,,,,,,,,,,,,adults,,,,,magenta,,,cotton,,,,,,,,,,girls,,,,,,,,g,,,true,,,active
women-v-neck-lounge-wear-love-color-red,,,,,,,,,Large,,,,,,,,'10743519,0.5,,0,deny,manual,1599.00,,true,false,,,,,'10743519,https://cdn.shopify.com/s/files/1/0618/2368/0740/files/imgi_23_WhatsAppImage2026-06-03at5.06.25PM_1080x_0f10d091-ba23-4ffa-b755-a4dcf9248097.jpg?v=1780563420,2,"",,,,,,,,,,,,,,,,,,,,,,,,,,,,,,,,,,,,,,,,,,,,,g,,,,,,
women-v-neck-lounge-wear-love-color-red,,,,,,,,,XL,,,,,,,,'10743520,0.5,,0,deny,manual,1699.00,,true,false,,,,,'10743520,https://cdn.shopify.com/s/files/1/0618/2368/0740/files/imgi_29_WhatsAppImage2026-06-03at5.06.26PM_1080x_5b198346-26f6-49fd-b3bd-43811b168a62.jpg?v=1780563420,3,"",,,,,,,,,,,,,,,,,,,,,,,,,,,,,,,,,,,,,,,,,,,,,g,,,,,,
women-v-neck-lounge-wear-love-color-red,,,,,,,,,XXL,,,,,,,,'10743521,0.5,,0,deny,manual,1799.00,,true,false,,,,,'10743521,https://cdn.shopify.com/s/files/1/0618/2368/0740/files/Screenshot_2026-02-03_155735_540x_360x_5b863740-e59f-4c0d-a3ee-d436170b22aa.webp?v=1777112145,4,"",,,,,,,,,,,,,,,,,,,,,,,,,,,,,,,,,,,,,,,,,,,,,g,,,,,,
women-v-neck-lounge-wear-love-color-black,Women V-Neck Lounge Wear | Love Color - Black,"<h4 class=""product-title pr fs__14 mg__0 fwm"">Women V-Neck Lounge Wear | Love Color - Black<br>
</h4>
<p data-start=""313"" data-end=""475"">Upgrade your everyday comfort with our <strong data-start=""352"" data-end=""401"">Women V-Neck Lounge Wear | Love Color Edition</strong> — designed for women who want a perfect mix of style, softness, and ease.</p>
<p data-start=""477"" data-end=""739"">This 2-piece set features a <strong data-start=""505"" data-end=""551"">flattering V-neck top and matching bottoms</strong>, offering a relaxed fit that feels light and breathable on the skin. Whether you're relaxing at home or stepping out for casual errands, this set keeps you comfortable throughout the day.</p>
<p data-start=""741"" data-end=""966"">The trendy <strong data-start=""752"" data-end=""773"">Love Color design</strong> adds a vibrant and stylish touch, making it a perfect choice for both comfort and fashion. Available in multiple colors, you can pick your favorite shade to match your mood and personal style.</p>
<p data-start=""968"" data-end=""1063"">Perfect for lounging, casual wear, or daily comfort — this set is a must-have in your wardrobe.</p>
<p data-start=""1065"" data-end=""1082""><strong data-start=""1065"" data-end=""1082"">Key Features:</strong></p>
<ul data-start=""1083"" data-end=""1364"">
<li data-section-id=""amcmbk"" data-start=""1083"" data-end=""1126"">Stylish V-neck design for a modern look</li>
<li data-section-id=""3pudom"" data-start=""1127"" data-end=""1170"">Soft, breathable &amp; skin-friendly fabric</li>
<li data-section-id=""10slvg5"" data-start=""1171"" data-end=""1206"">Relaxed fit for all-day comfort</li>
<li data-section-id=""1o7fn0j"" data-start=""1207"" data-end=""1253"">Elastic waistband for flexibility and ease</li>
<li data-section-id=""134o2d9"" data-start=""1254"" data-end=""1283"">Trendy Love Color pattern</li>
<li data-section-id=""arqrzc"" data-start=""1284"" data-end=""1316"">Available in multiple colors</li>
<li data-section-id=""n8nixx"" data-start=""1317"" data-end=""1364"">Ideal for lounging, casual wear &amp; sleepwear</li>
</ul>
<p data-start=""1366"" data-end=""1463""><strong data-start=""1366"" data-end=""1377"">Fabric:</strong> Premium Cotton Blend<br data-start=""1398"" data-end=""1401""><strong data-start=""1401"" data-end=""1409"">Fit:</strong> Relaxed / Comfortable<br data-start=""1431"" data-end=""1434""><strong data-start=""1434"" data-end=""1445"">Season:</strong> All Season Wear</p>",BBG FASHION CLOTHING STORE,Apparel & Accessories > Clothing > Sleepwear & Loungewear > Loungewear,Article 56,Loungewear,true,Size,Medium,,,,,,,,'10743514,0.5,,0,deny,manual,1599.00,,true,false,,,,,'10743514,https://cdn.shopify.com/s/files/1/0618/2368/0740/files/WhatsAppImage2026-06-03at6.25.58PM_5.jpg?v=1780563301,1,"",false,,"Shop women’s Love Color V-neck lounge wear in Pakistan. Soft, breathable and stylish 2-piece set available in multiple colors for everyday comfort.",5713,,adult,,,,,,,,,,,,,adults,,,,,black,,,cotton,,,,,,,,,,girls,,,,,,,,g,,,true,,,active
women-v-neck-lounge-wear-love-color-black,,,,,,,,,Large,,,,,,,,'10743515,0.5,,0,deny,manual,1599.00,,true,false,,,,,'10743515,https://cdn.shopify.com/s/files/1/0618/2368/0740/files/WhatsAppImage2026-06-03at6.25.58PM.jpg?v=1780563301,2,"",,,,,,,,,,,,,,,,,,,,,,,,,,,,,,,,,,,,,,,,,,,,,g,,,,,,
women-v-neck-lounge-wear-love-color-black,,,,,,,,,XL,,,,,,,,'10743516,0.5,,0,deny,manual,1699.00,,true,false,,,,,'10743516,https://cdn.shopify.com/s/files/1/0618/2368/0740/files/WhatsAppImage2026-06-03at6.25.58PM_1.jpg?v=1780563301,3,"",,,,,,,,,,,,,,,,,,,,,,,,,,,,,,,,,,,,,,,,,,,,,g,,,,,,
women-v-neck-lounge-wear-love-color-black,,,,,,,,,XXL,,,,,,,,'10743517,0.5,,0,deny,manual,1799.00,,true,false,,,,,'10743517,https://cdn.shopify.com/s/files/1/0618/2368/0740/files/Screenshot_2026-02-03_155735_540x_360x_5b863740-e59f-4c0d-a3ee-d436170b22aa.webp?v=1777112145,4,"",,,,,,,,,,,,,,,,,,,,,,,,,,,,,,,,,,,,,,,,,,,,,g,,,,,,
women-pure-comfort-set-navy-blue,Women Pure Comfort Set - Navy Blue,"<h4><strong>Women Pure Comfort Set - Navy Blue</strong></h4>
<p data-end=""421"" data-start=""136"">Experience everyday ease with our<span> </span><strong data-end=""196"" data-start=""170"">Women Pure Comfort Set</strong>—designed for women who love simplicity, softness, and effortless style. This two-piece outfit features a relaxed round-neck top paired with straight, flowy trousers, giving you a clean and polished look with maximum comfort.</p>
<p data-end=""673"" data-start=""423"">Crafted from premium soft and breathable fabric, this set feels gentle on the skin and is perfect for all-day wear. Whether you're relaxing at home, working, traveling, or stepping out casually, it keeps you comfortable without compromising on style.</p>
<p data-end=""861"" data-start=""675"">The minimal, no-print design makes it a timeless wardrobe essential that you can wear again and again. Its relaxed fit and smooth fall create a flattering silhouette for every body type.</p>
<p data-end=""970"" data-start=""863"">Available in<span> </span><strong data-end=""895"" data-start=""876"">multiple colors</strong>, so you can choose your everyday favorite or stock up on different shades.</p>
<p data-end=""991"" data-start=""972""><strong data-end=""989"" data-start=""972"">Key Features:</strong></p>
<ul data-end=""1266"" data-start=""992"">
<li data-end=""1026"" data-start=""992"" data-section-id=""aupqx8"">
<p data-end=""1026"" data-start=""994"">Ultra-soft &amp; breathable fabric</p>
</li>
<li data-end=""1060"" data-start=""1027"" data-section-id=""epxwf3"">
<p data-end=""1060"" data-start=""1029"">Minimal, elegant plain design</p>
</li>
<li data-end=""1101"" data-start=""1061"" data-section-id=""1uzrxas"">
<p data-end=""1101"" data-start=""1063"">Round-neck top with straight sleeves</p>
</li>
<li data-end=""1157"" data-start=""1102"" data-section-id=""1331fcy"">
<p data-end=""1157"" data-start=""1104"">Straight-fit, flowy trousers with elastic waistband</p>
</li>
<li data-end=""1204"" data-start=""1158"" data-section-id=""1juufxh"">
<p data-end=""1204"" data-start=""1160"">Perfect for lounging, travel &amp; casual wear</p>
</li>
<li data-end=""1233"" data-start=""1205"" data-section-id=""1rg7k0t"">
<p data-end=""1233"" data-start=""1207"">Comfortable all-day wear</p>
</li>
<li data-end=""1266"" data-start=""1234"" data-section-id=""arqrzc"">
<p data-end=""1266"" data-start=""1236"">Available in multiple colors</p>
</li>
</ul>",BBG FASHION CLOTHING STORE,Apparel & Accessories > Clothing > Outfit Sets,Loungewear,Loungewear,true,Size,medium,product.metafields.shopify.size,,,,,,,'10743511,0.0,shopify,99,deny,manual,1599.00,,true,false,,,,,'10743511,https://cdn.shopify.com/s/files/1/0618/2368/0740/files/01_3715425c-07da-400a-8432-fc0e1d38eb95.png?v=1777114757,1,"",false,,"Shop Women Pure Comfort Set in multiple colors. Soft, breathable fabric with a minimal design—perfect for everyday comfort, lounging, and casual wear.",7313,,adult,,,,,,,,,,,breathable-design; adjustable-waistband,,adults,,,,stretchable,magenta,casual; everyday,,,,,,,,long,medium; large; xl,,,girls,long,,,,,,,g,,,true,,,active
women-pure-comfort-set-navy-blue,,,,,,,,,large,,,,,,,,'10743512,0.0,shopify,99,deny,manual,1599.00,,true,false,,,,,'10743512,https://cdn.shopify.com/s/files/1/0618/2368/0740/files/02_6f6c07c9-06b5-42d6-8a69-221e9ab61bbb.png?v=1777114757,2,"",,,,,,,,,,,,,,,,,,,,,,,,,,,,,,,,,,,,,,,,,,,,,g,,,,,,
women-pure-comfort-set-navy-blue,,,,,,,,,xl,,,,,,,,'10743513,0.0,shopify,99,deny,manual,1599.00,,true,false,,,,,'10743513,https://cdn.shopify.com/s/files/1/0618/2368/0740/files/03_1bce6e01-0a6c-4447-a04c-5372a2a9839c.png?v=1777114758,3,"",,,,,,,,,,,,,,,,,,,,,,,,,,,,,,,,,,,,,,,,,,,,,g,,,,,,
women-pure-comfort-set-navy-blue,,,,,,,,,,,,,,,,,,,,,,,,,,,,,,,,https://cdn.shopify.com/s/files/1/0618/2368/0740/files/04_8f6d1944-8abc-4ef8-8465-9c9977bdd68e.png?v=1777114758,4,"",,,,,,,,,,,,,,,,,,,,,,,,,,,,,,,,,,,,,,,,,,,,,,,,,,,
women-pure-comfort-set-navy-blue,,,,,,,,,,,,,,,,,,,,,,,,,,,,,,,,https://cdn.shopify.com/s/files/1/0618/2368/0740/files/05_f033cfb2-c49f-4919-860d-1dd4bf7cacc6.png?v=1777114757,5,"",,,,,,,,,,,,,,,,,,,,,,,,,,,,,,,,,,,,,,,,,,,,,,,,,,,
women-pure-comfort-set-navy-blue,,,,,,,,,,,,,,,,,,,,,,,,,,,,,,,,https://cdn.shopify.com/s/files/1/0618/2368/0740/files/Screenshot_2026-02-03_155735_540x_360x_5b863740-e59f-4c0d-a3ee-d436170b22aa.webp?v=1777112145,6,"",,,,,,,,,,,,,,,,,,,,,,,,,,,,,,,,,,,,,,,,,,,,,,,,,,,
women-v-neck-lounge-wear-love-color-rusty,Women V-Neck Lounge Wear | Love Color - Rusty,"<h4 class=""product-title pr fs__14 mg__0 fwm"">Women V-Neck Lounge Wear | Love Color - Rusty<br>
</h4>
<p data-start=""313"" data-end=""475"">Upgrade your everyday comfort with our <strong data-start=""352"" data-end=""401"">Women V-Neck Lounge Wear | Love Color Edition</strong> — designed for women who want a perfect mix of style, softness, and ease.</p>
<p data-start=""477"" data-end=""739"">This 2-piece set features a <strong data-start=""505"" data-end=""551"">flattering V-neck top and matching bottoms</strong>, offering a relaxed fit that feels light and breathable on the skin. Whether you're relaxing at home or stepping out for casual errands, this set keeps you comfortable throughout the day.</p>
<p data-start=""741"" data-end=""966"">The trendy <strong data-start=""752"" data-end=""773"">Love Color design</strong> adds a vibrant and stylish touch, making it a perfect choice for both comfort and fashion. Available in multiple colors, you can pick your favorite shade to match your mood and personal style.</p>
<p data-start=""968"" data-end=""1063"">Perfect for lounging, casual wear, or daily comfort — this set is a must-have in your wardrobe.</p>
<p data-start=""1065"" data-end=""1082""><strong data-start=""1065"" data-end=""1082"">Key Features:</strong></p>
<ul data-start=""1083"" data-end=""1364"">
<li data-section-id=""amcmbk"" data-start=""1083"" data-end=""1126"">Stylish V-neck design for a modern look</li>
<li data-section-id=""3pudom"" data-start=""1127"" data-end=""1170"">Soft, breathable &amp; skin-friendly fabric</li>
<li data-section-id=""10slvg5"" data-start=""1171"" data-end=""1206"">Relaxed fit for all-day comfort</li>
<li data-section-id=""1o7fn0j"" data-start=""1207"" data-end=""1253"">Elastic waistband for flexibility and ease</li>
<li data-section-id=""134o2d9"" data-start=""1254"" data-end=""1283"">Trendy Love Color pattern</li>
<li data-section-id=""arqrzc"" data-start=""1284"" data-end=""1316"">Available in multiple colors</li>
<li data-section-id=""n8nixx"" data-start=""1317"" data-end=""1364"">Ideal for lounging, casual wear &amp; sleepwear</li>
</ul>
<p data-start=""1366"" data-end=""1463""><strong data-start=""1366"" data-end=""1377"">Fabric:</strong> Premium Cotton Blend<br data-start=""1398"" data-end=""1401""><strong data-start=""1401"" data-end=""1409"">Fit:</strong> Relaxed / Comfortable<br data-start=""1431"" data-end=""1434""><strong data-start=""1434"" data-end=""1445"">Season:</strong> All Season Wear</p>",BBG FASHION CLOTHING STORE,Apparel & Accessories > Clothing > Sleepwear & Loungewear > Loungewear,Article 56,Loungewear,true,Size,Medium,,,,,,,,'10743504,0.5,,0,deny,manual,1599.00,,true,false,,,,,'10743504,https://cdn.shopify.com/s/files/1/0618/2368/0740/files/WhatsAppImage2026-06-03at6.39.23PM.jpg?v=1780563359,1,"",false,,"Shop women’s Love Color V-neck lounge wear in Pakistan. Soft, breathable and stylish 2-piece set available in multiple colors for everyday comfort.",5713,,adult,,,,,,,,,,,,,adults,,,,,pink-1-1,,,cotton,,,,,,,,,,girls,,,,,,,,g,,,true,,,active
women-v-neck-lounge-wear-love-color-rusty,,,,,,,,,Large,,,,,,,,'10743505,0.5,,0,deny,manual,1599.00,,true,false,,,,,'10743505,https://cdn.shopify.com/s/files/1/0618/2368/0740/files/WhatsAppImage2026-06-03at6.39.22PM_1.jpg?v=1780563359,2,"",,,,,,,,,,,,,,,,,,,,,,,,,,,,,,,,,,,,,,,,,,,,,g,,,,,,
women-v-neck-lounge-wear-love-color-rusty,,,,,,,,,XL,,,,,,,,'10743506,0.5,,0,deny,manual,1699.00,,true,false,,,,,'10743506,https://cdn.shopify.com/s/files/1/0618/2368/0740/files/WhatsAppImage2026-06-03at6.39.22PM.jpg?v=1780563359,3,"",,,,,,,,,,,,,,,,,,,,,,,,,,,,,,,,,,,,,,,,,,,,,g,,,,,,
women-v-neck-lounge-wear-love-color-rusty,,,,,,,,,XXL,,,,,,,,'10743507,0.5,,0,deny,manual,1799.00,,true,false,,,,,'10743507,https://cdn.shopify.com/s/files/1/0618/2368/0740/files/Screenshot_2026-02-03_155735_540x_360x_5b863740-e59f-4c0d-a3ee-d436170b22aa.webp?v=1777112145,4,"",,,,,,,,,,,,,,,,,,,,,,,,,,,,,,,,,,,,,,,,,,,,,g,,,,,,
women-pure-comfort-set-black,Women Pure Comfort Set - Black,"<h4><strong>Women Pure Comfort Set - Black</strong></h4>
<p data-end=""421"" data-start=""136"">Experience everyday ease with our<span> </span><strong data-end=""196"" data-start=""170"">Women Pure Comfort Set</strong>—designed for women who love simplicity, softness, and effortless style. This two-piece outfit features a relaxed round-neck top paired with straight, flowy trousers, giving you a clean and polished look with maximum comfort.</p>
<p data-end=""673"" data-start=""423"">Crafted from premium soft and breathable fabric, this set feels gentle on the skin and is perfect for all-day wear. Whether you're relaxing at home, working, traveling, or stepping out casually, it keeps you comfortable without compromising on style.</p>
<p data-end=""861"" data-start=""675"">The minimal, no-print design makes it a timeless wardrobe essential that you can wear again and again. Its relaxed fit and smooth fall create a flattering silhouette for every body type.</p>
<p data-end=""970"" data-start=""863"">Available in<span> </span><strong data-end=""895"" data-start=""876"">multiple colors</strong>, so you can choose your everyday favorite or stock up on different shades.</p>
<p data-end=""991"" data-start=""972""><strong data-end=""989"" data-start=""972"">Key Features:</strong></p>
<ul data-end=""1266"" data-start=""992"">
<li data-end=""1026"" data-start=""992"" data-section-id=""aupqx8"">
<p data-end=""1026"" data-start=""994"">Ultra-soft &amp; breathable fabric</p>
</li>
<li data-end=""1060"" data-start=""1027"" data-section-id=""epxwf3"">
<p data-end=""1060"" data-start=""1029"">Minimal, elegant plain design</p>
</li>
<li data-end=""1101"" data-start=""1061"" data-section-id=""1uzrxas"">
<p data-end=""1101"" data-start=""1063"">Round-neck top with straight sleeves</p>
</li>
<li data-end=""1157"" data-start=""1102"" data-section-id=""1331fcy"">
<p data-end=""1157"" data-start=""1104"">Straight-fit, flowy trousers with elastic waistband</p>
</li>
<li data-end=""1204"" data-start=""1158"" data-section-id=""1juufxh"">
<p data-end=""1204"" data-start=""1160"">Perfect for lounging, travel &amp; casual wear</p>
</li>
<li data-end=""1233"" data-start=""1205"" data-section-id=""1rg7k0t"">
<p data-end=""1233"" data-start=""1207"">Comfortable all-day wear</p>
</li>
<li data-end=""1266"" data-start=""1234"" data-section-id=""arqrzc"">
<p data-end=""1266"" data-start=""1236"">Available in multiple colors</p>
</li>
</ul>",BBG FASHION CLOTHING STORE,Apparel & Accessories > Clothing > Outfit Sets,Loungewear,Loungewear,true,Size,medium,product.metafields.shopify.size,,,,,,,'10743501,0.0,shopify,98,deny,manual,1599.00,,true,false,,,,,'10743501,https://cdn.shopify.com/s/files/1/0618/2368/0740/files/01_209765e3-d4d7-479a-b170-7993cbf5d4f3.png?v=1777114285,1,"",false,,"Shop Women Pure Comfort Set in multiple colors. Soft, breathable fabric with a minimal design—perfect for everyday comfort, lounging, and casual wear.",7313,,adult,,,,,,,,,,,breathable-design; adjustable-waistband,,adults,,,,stretchable,magenta,casual; everyday,,,,,,,,long,medium; large; xl,,,girls,long,,,,,,,g,,,true,,,active
women-pure-comfort-set-black,,,,,,,,,large,,,,,,,,'10743502,0.0,shopify,99,deny,manual,1599.00,,true,false,,,,,'10743502,https://cdn.shopify.com/s/files/1/0618/2368/0740/files/02_85f57882-8345-435b-8ca2-60b005b8d4b7.png?v=1777114285,2,"",,,,,,,,,,,,,,,,,,,,,,,,,,,,,,,,,,,,,,,,,,,,,g,,,,,,
women-pure-comfort-set-black,,,,,,,,,xl,,,,,,,,'10743503,0.0,shopify,99,deny,manual,1599.00,,true,false,,,,,'10743503,https://cdn.shopify.com/s/files/1/0618/2368/0740/files/03_6c60b373-283d-4c36-8f9c-12b519aba8d9.png?v=1777114285,3,"",,,,,,,,,,,,,,,,,,,,,,,,,,,,,,,,,,,,,,,,,,,,,g,,,,,,
women-pure-comfort-set-black,,,,,,,,,,,,,,,,,,,,,,,,,,,,,,,,https://cdn.shopify.com/s/files/1/0618/2368/0740/files/04_31769481-a122-4c45-95e1-a58f7b6e1a72.png?v=1777114285,4,"",,,,,,,,,,,,,,,,,,,,,,,,,,,,,,,,,,,,,,,,,,,,,,,,,,,
women-pure-comfort-set-black,,,,,,,,,,,,,,,,,,,,,,,,,,,,,,,,https://cdn.shopify.com/s/files/1/0618/2368/0740/files/05_ecd55a29-edfc-45dd-a275-b5fbbddb90a5.png?v=1777114285,5,"",,,,,,,,,,,,,,,,,,,,,,,,,,,,,,,,,,,,,,,,,,,,,,,,,,,
women-pure-comfort-set-black,,,,,,,,,,,,,,,,,,,,,,,,,,,,,,,,https://cdn.shopify.com/s/files/1/0618/2368/0740/files/Screenshot_2026-02-03_155735_540x_360x_5b863740-e59f-4c0d-a3ee-d436170b22aa.webp?v=1777112145,6,"",,,,,,,,,,,,,,,,,,,,,,,,,,,,,,,,,,,,,,,,,,,,,,,,,,,
women-pure-comfort-set-chocolate-brown,Women Pure Comfort Set - Chocolate Brown,"<h4><strong>Women Pure Comfort Set - Chocolate Brown</strong></h4>
<p data-end=""421"" data-start=""136"">Experience everyday ease with our<span> </span><strong data-end=""196"" data-start=""170"">Women Pure Comfort Set</strong>—designed for women who love simplicity, softness, and effortless style. This two-piece outfit features a relaxed round-neck top paired with straight, flowy trousers, giving you a clean and polished look with maximum comfort.</p>
<p data-end=""673"" data-start=""423"">Crafted from premium soft and breathable fabric, this set feels gentle on the skin and is perfect for all-day wear. Whether you're relaxing at home, working, traveling, or stepping out casually, it keeps you comfortable without compromising on style.</p>
<p data-end=""861"" data-start=""675"">The minimal, no-print design makes it a timeless wardrobe essential that you can wear again and again. Its relaxed fit and smooth fall create a flattering silhouette for every body type.</p>
<p data-end=""970"" data-start=""863"">Available in<span> </span><strong data-end=""895"" data-start=""876"">multiple colors</strong>, so you can choose your everyday favorite or stock up on different shades.</p>
<p data-end=""991"" data-start=""972""><strong data-end=""989"" data-start=""972"">Key Features:</strong></p>
<ul data-end=""1266"" data-start=""992"">
<li data-end=""1026"" data-start=""992"" data-section-id=""aupqx8"">
<p data-end=""1026"" data-start=""994"">Ultra-soft &amp; breathable fabric</p>
</li>
<li data-end=""1060"" data-start=""1027"" data-section-id=""epxwf3"">
<p data-end=""1060"" data-start=""1029"">Minimal, elegant plain design</p>
</li>
<li data-end=""1101"" data-start=""1061"" data-section-id=""1uzrxas"">
<p data-end=""1101"" data-start=""1063"">Round-neck top with straight sleeves</p>
</li>
<li data-end=""1157"" data-start=""1102"" data-section-id=""1331fcy"">
<p data-end=""1157"" data-start=""1104"">Straight-fit, flowy trousers with elastic waistband</p>
</li>
<li data-end=""1204"" data-start=""1158"" data-section-id=""1juufxh"">
<p data-end=""1204"" data-start=""1160"">Perfect for lounging, travel &amp; casual wear</p>
</li>
<li data-end=""1233"" data-start=""1205"" data-section-id=""1rg7k0t"">
<p data-end=""1233"" data-start=""1207"">Comfortable all-day wear</p>
</li>
<li data-end=""1266"" data-start=""1234"" data-section-id=""arqrzc"">
<p data-end=""1266"" data-start=""1236"">Available in multiple colors</p>
</li>
</ul>",BBG FASHION CLOTHING STORE,Apparel & Accessories > Clothing > Outfit Sets,Loungewear,Loungewear,true,Size,medium,product.metafields.shopify.size,,,,,,,'10743495,0.0,shopify,99,deny,manual,1599.00,,true,false,,,,,'10743495,https://cdn.shopify.com/s/files/1/0618/2368/0740/files/01_ee9f5867-7dca-48f1-8a19-45bc24f73e99.png?v=1777113790,1,"",false,,"Shop Women Pure Comfort Set in multiple colors. Soft, breathable fabric with a minimal design—perfect for everyday comfort, lounging, and casual wear.",7313,,adult,,,,,,,,,,,breathable-design; adjustable-waistband,,adults,,,,stretchable,magenta,casual; everyday,,,,,,,,long,medium; large; xl,,,girls,long,,,,,,,g,,,true,,,active
women-pure-comfort-set-chocolate-brown,,,,,,,,,large,,,,,,,,'10743496,0.0,shopify,98,deny,manual,1599.00,,true,false,,,,,'10743496,https://cdn.shopify.com/s/files/1/0618/2368/0740/files/02_075068d7-2a58-4bbb-b72b-ea441b0b6377.png?v=1777113790,2,"",,,,,,,,,,,,,,,,,,,,,,,,,,,,,,,,,,,,,,,,,,,,,g,,,,,,
women-pure-comfort-set-chocolate-brown,,,,,,,,,xl,,,,,,,,'10743497,0.0,shopify,98,deny,manual,1599.00,,true,false,,,,,'10743497,https://cdn.shopify.com/s/files/1/0618/2368/0740/files/03_2b4b6403-daef-4f36-93ea-acc50137f23f.png?v=1777113790,3,"",,,,,,,,,,,,,,,,,,,,,,,,,,,,,,,,,,,,,,,,,,,,,g,,,,,,
women-pure-comfort-set-chocolate-brown,,,,,,,,,,,,,,,,,,,,,,,,,,,,,,,,https://cdn.shopify.com/s/files/1/0618/2368/0740/files/04_96d2b6d9-0c65-445a-a2cb-cf7a7ae0d9ac.png?v=1777113790,4,"",,,,,,,,,,,,,,,,,,,,,,,,,,,,,,,,,,,,,,,,,,,,,,,,,,,
women-pure-comfort-set-chocolate-brown,,,,,,,,,,,,,,,,,,,,,,,,,,,,,,,,https://cdn.shopify.com/s/files/1/0618/2368/0740/files/05_9f6c5bcc-d76c-44c4-97b1-f318820da8c9.png?v=1777113790,5,"",,,,,,,,,,,,,,,,,,,,,,,,,,,,,,,,,,,,,,,,,,,,,,,,,,,
women-pure-comfort-set-chocolate-brown,,,,,,,,,,,,,,,,,,,,,,,,,,,,,,,,https://cdn.shopify.com/s/files/1/0618/2368/0740/files/Screenshot_2026-02-03_155735_540x_360x_5b863740-e59f-4c0d-a3ee-d436170b22aa.webp?v=1777112145,6,"",,,,,,,,,,,,,,,,,,,,,,,,,,,,,,,,,,,,,,,,,,,,,,,,,,,
women-pure-comfort-set-maroon,Women Pure Comfort Set - Maroon,"<h4><strong>Women Pure Comfort Set - Maroon</strong></h4>
<p data-start=""136"" data-end=""421"">Experience everyday ease with our<span> </span><strong data-start=""170"" data-end=""196"">Women Pure Comfort Set</strong>—designed for women who love simplicity, softness, and effortless style. This two-piece outfit features a relaxed round-neck top paired with straight, flowy trousers, giving you a clean and polished look with maximum comfort.</p>
<p data-start=""423"" data-end=""673"">Crafted from premium soft and breathable fabric, this set feels gentle on the skin and is perfect for all-day wear. Whether you're relaxing at home, working, traveling, or stepping out casually, it keeps you comfortable without compromising on style.</p>
<p data-start=""675"" data-end=""861"">The minimal, no-print design makes it a timeless wardrobe essential that you can wear again and again. Its relaxed fit and smooth fall create a flattering silhouette for every body type.</p>
<p data-start=""863"" data-end=""970"">Available in<span> </span><strong data-start=""876"" data-end=""895"">multiple colors</strong>, so you can choose your everyday favorite or stock up on different shades.</p>
<p data-start=""972"" data-end=""991""><strong data-start=""972"" data-end=""989"">Key Features:</strong></p>
<ul data-start=""992"" data-end=""1266"">
<li data-section-id=""aupqx8"" data-start=""992"" data-end=""1026"">
<p data-start=""994"" data-end=""1026"">Ultra-soft &amp; breathable fabric</p>
</li>
<li data-section-id=""epxwf3"" data-start=""1027"" data-end=""1060"">
<p data-start=""1029"" data-end=""1060"">Minimal, elegant plain design</p>
</li>
<li data-section-id=""1uzrxas"" data-start=""1061"" data-end=""1101"">
<p data-start=""1063"" data-end=""1101"">Round-neck top with straight sleeves</p>
</li>
<li data-section-id=""1331fcy"" data-start=""1102"" data-end=""1157"">
<p data-start=""1104"" data-end=""1157"">Straight-fit, flowy trousers with elastic waistband</p>
</li>
<li data-section-id=""1juufxh"" data-start=""1158"" data-end=""1204"">
<p data-start=""1160"" data-end=""1204"">Perfect for lounging, travel &amp; casual wear</p>
</li>
<li data-section-id=""1rg7k0t"" data-start=""1205"" data-end=""1233"">
<p data-start=""1207"" data-end=""1233"">Comfortable all-day wear</p>
</li>
<li data-section-id=""arqrzc"" data-start=""1234"" data-end=""1266"">
<p data-start=""1236"" data-end=""1266"">Available in multiple colors</p>
</li>
</ul>",BBG FASHION CLOTHING STORE,Apparel & Accessories > Clothing > Outfit Sets,Loungewear,Loungewear,true,Size,medium,product.metafields.shopify.size,,,,,,,'10743492,0.0,shopify,99,deny,manual,1599.00,,true,true,,,,,'10743492,https://cdn.shopify.com/s/files/1/0618/2368/0740/files/01_44614963-0599-4567-8769-c33725298f91.png?v=1777113269,1,"",false,,"Shop Women Pure Comfort Set in multiple colors. Soft, breathable fabric with a minimal design—perfect for everyday comfort, lounging, and casual wear.",7313,,adult,,,,,,,,,,,breathable-design; adjustable-waistband,,adults,,,,stretchable,magenta,casual; everyday,,,,,,,,long,medium; large; xl,,,girls,long,,,,,,,g,,,true,,,active
women-pure-comfort-set-maroon,,,,,,,,,large,,,,,,,,'10743493,0.0,shopify,99,deny,manual,1599.00,,true,true,,,,,'10743493,https://cdn.shopify.com/s/files/1/0618/2368/0740/files/02_0cc59a03-4fc4-4e1b-b80c-913d41a2c1a0.png?v=1777113269,2,"",,,,,,,,,,,,,,,,,,,,,,,,,,,,,,,,,,,,,,,,,,,,,g,,,,,,
women-pure-comfort-set-maroon,,,,,,,,,xl,,,,,,,,'10743494,0.0,shopify,99,deny,manual,1599.00,,true,true,,,,,'10743494,https://cdn.shopify.com/s/files/1/0618/2368/0740/files/03_8decc7c4-15e9-4112-aae1-9e347f138749.png?v=1777113269,3,"",,,,,,,,,,,,,,,,,,,,,,,,,,,,,,,,,,,,,,,,,,,,,g,,,,,,
women-pure-comfort-set-maroon,,,,,,,,,,,,,,,,,,,,,,,,,,,,,,,,https://cdn.shopify.com/s/files/1/0618/2368/0740/files/04_5c0d88cb-e10c-4feb-bcdc-cc16504160c2.png?v=1777113269,4,"",,,,,,,,,,,,,,,,,,,,,,,,,,,,,,,,,,,,,,,,,,,,,,,,,,,
women-pure-comfort-set-maroon,,,,,,,,,,,,,,,,,,,,,,,,,,,,,,,,https://cdn.shopify.com/s/files/1/0618/2368/0740/files/05_c2204573-2a7f-4111-9808-482d40fb181c.png?v=1777113269,5,"",,,,,,,,,,,,,,,,,,,,,,,,,,,,,,,,,,,,,,,,,,,,,,,,,,,
women-pure-comfort-set-maroon,,,,,,,,,,,,,,,,,,,,,,,,,,,,,,,,https://cdn.shopify.com/s/files/1/0618/2368/0740/files/Screenshot_2026-02-03_155735_540x_360x_5b863740-e59f-4c0d-a3ee-d436170b22aa.webp?v=1777112145,6,"",,,,,,,,,,,,,,,,,,,,,,,,,,,,,,,,,,,,,,,,,,,,,,,,,,,
women-v-neck-lounge-wear-multi-love-sherwood-green,Women V-Neck Lounge Wear | Multi Love - Sherwood Green,"<h4>Women V-Neck Lounge Wear | Multi Love - Sherwood Green<strong></strong><strong></strong><strong></strong>
</h4>
<p data-start=""348"" data-end=""512"">Feel comfortable, confident, and effortlessly stylish with our <strong data-start=""411"" data-end=""460"">Women V-Neck Lounge Wear | Multi Love Edition</strong> — designed for everyday wear with a touch of charm.</p>
<p data-start=""514"" data-end=""783"">This 2-piece set features a <strong data-start=""542"" data-end=""596"">flattering V-neck top paired with matching bottoms</strong>, offering a relaxed fit that ensures ease of movement and all-day comfort. Made from soft, breathable fabric, it keeps you feeling fresh whether you're at home or out for casual errands.</p>
<p data-start=""785"" data-end=""1009"">The trendy <strong data-start=""796"" data-end=""816"">Multi Love print</strong> adds a playful and feminine vibe, making this lounge wear both cozy and stylish. Available in multiple beautiful colors, you can choose the perfect shade to match your mood and personal style.</p>
<p data-start=""1011"" data-end=""1119"">Perfect for lounging, casual wear, or even a relaxed day out — this set is your go-to for comfort and style.</p>
<p data-start=""1121"" data-end=""1138""><strong data-start=""1121"" data-end=""1138"">Key Features:</strong></p>
<ul data-start=""1139"" data-end=""1414"">
<li data-section-id=""amcmbk"" data-start=""1139"" data-end=""1182"">Stylish V-neck design for a modern look</li>
<li data-section-id=""3pudom"" data-start=""1183"" data-end=""1226"">Soft, breathable &amp; skin-friendly fabric</li>
<li data-section-id=""f46jwt"" data-start=""1227"" data-end=""1262"">Relaxed fit for maximum comfort</li>
<li data-section-id=""1yndibs"" data-start=""1263"" data-end=""1303"">Elastic waistband for a flexible fit</li>
<li data-section-id=""5d8y5l"" data-start=""1304"" data-end=""1333"">Trendy Multi Love pattern</li>
<li data-section-id=""arqrzc"" data-start=""1334"" data-end=""1366"">Available in multiple colors</li>
<li data-section-id=""n8nixx"" data-start=""1367"" data-end=""1414"">Ideal for lounging, casual wear &amp; sleepwear</li>
</ul>
<p data-start=""1416"" data-end=""1513""><strong data-start=""1416"" data-end=""1427"">Fabric:</strong> Premium Cotton Blend<br data-start=""1448"" data-end=""1451""><strong data-start=""1451"" data-end=""1459"">Fit:</strong> Relaxed / Comfortable<br data-start=""1481"" data-end=""1484""><strong data-start=""1484"" data-end=""1495"">Season:</strong> All Season Wear</p>",BBG FASHION CLOTHING STORE,Uncategorized,Article 56,Loungewear,true,Size,Medium,,,,,,,,'10743488,0.5,,0,deny,manual,1599.00,,true,false,,,,,'10743488,https://cdn.shopify.com/s/files/1/0618/2368/0740/files/WhatsAppImage2026-06-04at2.47.19PM_4.jpg?v=1780568353,1,"",false,,"Shop women’s Multi Love V-neck lounge wear in Pakistan. Soft, breathable and stylish 2-piece set available in multiple colors for everyday comfort.",,,,,,,,,,,,,,,,,,,,,,,,,,,,,,,,,,,,,,,,,,g,,,true,,,active
women-v-neck-lounge-wear-multi-love-sherwood-green,,,,,,,,,Large,,,,,,,,'10743489,0.5,,0,deny,manual,1599.00,,true,false,,,,,'10743489,https://cdn.shopify.com/s/files/1/0618/2368/0740/files/WhatsAppImage2026-06-04at2.47.19PM_3.jpg?v=1780568353,2,"",,,,,,,,,,,,,,,,,,,,,,,,,,,,,,,,,,,,,,,,,,,,,g,,,,,,
women-v-neck-lounge-wear-multi-love-sherwood-green,,,,,,,,,XL,,,,,,,,'10743490,0.5,,0,deny,manual,1699.00,,true,false,,,,,'10743490,https://cdn.shopify.com/s/files/1/0618/2368/0740/files/WhatsAppImage2026-06-04at2.47.19PM_5.jpg?v=1780568353,3,"",,,,,,,,,,,,,,,,,,,,,,,,,,,,,,,,,,,,,,,,,,,,,g,,,,,,
women-v-neck-lounge-wear-multi-love-sherwood-green,,,,,,,,,XXL,,,,,,,,'10743491,0.5,,0,deny,manual,1799.00,,true,false,,,,,'10743491,https://cdn.shopify.com/s/files/1/0618/2368/0740/files/Screenshot_2026-02-03_155735_540x_360x_5b863740-e59f-4c0d-a3ee-d436170b22aa.webp?v=1777112145,4,"",,,,,,,,,,,,,,,,,,,,,,,,,,,,,,,,,,,,,,,,,,,,,g,,,,,,
women-v-neck-lounge-wear-multi-love-rusty,Women V-Neck Lounge Wear | Multi Love - Rusty,"<h4>Women V-Neck Lounge Wear | Multi Love - Rusty<strong></strong><strong></strong><strong></strong>
</h4>
<p data-start=""348"" data-end=""512"">Feel comfortable, confident, and effortlessly stylish with our <strong data-start=""411"" data-end=""460"">Women V-Neck Lounge Wear | Multi Love Edition</strong> — designed for everyday wear with a touch of charm.</p>
<p data-start=""514"" data-end=""783"">This 2-piece set features a <strong data-start=""542"" data-end=""596"">flattering V-neck top paired with matching bottoms</strong>, offering a relaxed fit that ensures ease of movement and all-day comfort. Made from soft, breathable fabric, it keeps you feeling fresh whether you're at home or out for casual errands.</p>
<p data-start=""785"" data-end=""1009"">The trendy <strong data-start=""796"" data-end=""816"">Multi Love print</strong> adds a playful and feminine vibe, making this lounge wear both cozy and stylish. Available in multiple beautiful colors, you can choose the perfect shade to match your mood and personal style.</p>
<p data-start=""1011"" data-end=""1119"">Perfect for lounging, casual wear, or even a relaxed day out — this set is your go-to for comfort and style.</p>
<p data-start=""1121"" data-end=""1138""><strong data-start=""1121"" data-end=""1138"">Key Features:</strong></p>
<ul data-start=""1139"" data-end=""1414"">
<li data-section-id=""amcmbk"" data-start=""1139"" data-end=""1182"">Stylish V-neck design for a modern look</li>
<li data-section-id=""3pudom"" data-start=""1183"" data-end=""1226"">Soft, breathable &amp; skin-friendly fabric</li>
<li data-section-id=""f46jwt"" data-start=""1227"" data-end=""1262"">Relaxed fit for maximum comfort</li>
<li data-section-id=""1yndibs"" data-start=""1263"" data-end=""1303"">Elastic waistband for a flexible fit</li>
<li data-section-id=""5d8y5l"" data-start=""1304"" data-end=""1333"">Trendy Multi Love pattern</li>
<li data-section-id=""arqrzc"" data-start=""1334"" data-end=""1366"">Available in multiple colors</li>
<li data-section-id=""n8nixx"" data-start=""1367"" data-end=""1414"">Ideal for lounging, casual wear &amp; sleepwear</li>
</ul>
<p data-start=""1416"" data-end=""1513""><strong data-start=""1416"" data-end=""1427"">Fabric:</strong> Premium Cotton Blend<br data-start=""1448"" data-end=""1451""><strong data-start=""1451"" data-end=""1459"">Fit:</strong> Relaxed / Comfortable<br data-start=""1481"" data-end=""1484""><strong data-start=""1484"" data-end=""1495"">Season:</strong> All Season Wear</p>",BBG FASHION CLOTHING STORE,Apparel & Accessories > Clothing > Sleepwear & Loungewear > Loungewear,Article 56,Loungewear,true,Size,Medium,,,,,,,,'10743484,0.5,,0,deny,manual,1599.00,,true,false,,,,,'10743484,https://cdn.shopify.com/s/files/1/0618/2368/0740/files/WhatsAppImage2026-06-04at2.47.19PM_2.jpg?v=1780568553,1,"",false,,"Shop women’s Multi Love V-neck lounge wear in Pakistan. Soft, breathable and stylish 2-piece set available in multiple colors for everyday comfort.",5713,,adult,,,,,,,,,,,,,adults,,,,,pink-1-1,,,cotton,,,,,,,,,,girls,,,,,,,,g,,,true,,,active
women-v-neck-lounge-wear-multi-love-rusty,,,,,,,,,Large,,,,,,,,'10743485,0.5,,0,deny,manual,1599.00,,true,false,,,,,'10743485,https://cdn.shopify.com/s/files/1/0618/2368/0740/files/WhatsAppImage2026-06-04at2.47.19PM.jpg?v=1780568552,2,"",,,,,,,,,,,,,,,,,,,,,,,,,,,,,,,,,,,,,,,,,,,,,g,,,,,,
women-v-neck-lounge-wear-multi-love-rusty,,,,,,,,,XL,,,,,,,,'10743486,0.5,,0,deny,manual,1699.00,,true,false,,,,,'10743486,https://cdn.shopify.com/s/files/1/0618/2368/0740/files/WhatsAppImage2026-06-04at2.47.19PM_1.jpg?v=1780568553,3,"",,,,,,,,,,,,,,,,,,,,,,,,,,,,,,,,,,,,,,,,,,,,,g,,,,,,
women-v-neck-lounge-wear-multi-love-rusty,,,,,,,,,XXl,,,,,,,,'10743487,0.5,,0,deny,manual,1799.00,,true,false,,,,,'10743487,https://cdn.shopify.com/s/files/1/0618/2368/0740/files/Screenshot_2026-02-03_155735_540x_360x_5b863740-e59f-4c0d-a3ee-d436170b22aa.webp?v=1777112145,4,"",,,,,,,,,,,,,,,,,,,,,,,,,,,,,,,,,,,,,,,,,,,,,g,,,,,,
women-v-neck-lounge-wear-multi-love-black,Women V-Neck Lounge Wear | Multi Love - Black,"<h4>Women V-Neck Lounge Wear | Multi Love - Black <strong></strong><strong></strong><strong></strong>
</h4>
<p data-start=""348"" data-end=""512"">Feel comfortable, confident, and effortlessly stylish with our <strong data-start=""411"" data-end=""460"">Women V-Neck Lounge Wear | Multi Love Edition</strong> — designed for everyday wear with a touch of charm.</p>
<p data-start=""514"" data-end=""783"">This 2-piece set features a <strong data-start=""542"" data-end=""596"">flattering V-neck top paired with matching bottoms</strong>, offering a relaxed fit that ensures ease of movement and all-day comfort. Made from soft, breathable fabric, it keeps you feeling fresh whether you're at home or out for casual errands.</p>
<p data-start=""785"" data-end=""1009"">The trendy <strong data-start=""796"" data-end=""816"">Multi Love print</strong> adds a playful and feminine vibe, making this lounge wear both cozy and stylish. Available in multiple beautiful colors, you can choose the perfect shade to match your mood and personal style.</p>
<p data-start=""1011"" data-end=""1119"">Perfect for lounging, casual wear, or even a relaxed day out — this set is your go-to for comfort and style.</p>
<p data-start=""1121"" data-end=""1138""><strong data-start=""1121"" data-end=""1138"">Key Features:</strong></p>
<ul data-start=""1139"" data-end=""1414"">
<li data-section-id=""amcmbk"" data-start=""1139"" data-end=""1182"">Stylish V-neck design for a modern look</li>
<li data-section-id=""3pudom"" data-start=""1183"" data-end=""1226"">Soft, breathable &amp; skin-friendly fabric</li>
<li data-section-id=""f46jwt"" data-start=""1227"" data-end=""1262"">Relaxed fit for maximum comfort</li>
<li data-section-id=""1yndibs"" data-start=""1263"" data-end=""1303"">Elastic waistband for a flexible fit</li>
<li data-section-id=""5d8y5l"" data-start=""1304"" data-end=""1333"">Trendy Multi Love pattern</li>
<li data-section-id=""arqrzc"" data-start=""1334"" data-end=""1366"">Available in multiple colors</li>
<li data-section-id=""n8nixx"" data-start=""1367"" data-end=""1414"">Ideal for lounging, casual wear &amp; sleepwear</li>
</ul>
<p data-start=""1416"" data-end=""1513""><strong data-start=""1416"" data-end=""1427"">Fabric:</strong> Premium Cotton Blend<br data-start=""1448"" data-end=""1451""><strong data-start=""1451"" data-end=""1459"">Fit:</strong> Relaxed / Comfortable<br data-start=""1481"" data-end=""1484""><strong data-start=""1484"" data-end=""1495"">Season:</strong> All Season Wear</p>",BBG FASHION CLOTHING STORE,Apparel & Accessories > Clothing > Sleepwear & Loungewear > Loungewear,Article 56,Loungewear,true,Size,Medium,,,,,,,,'10743480,0.5,,0,deny,manual,1599.00,,true,false,,,,,'10743480,https://cdn.shopify.com/s/files/1/0618/2368/0740/files/WhatsAppImage2026-06-03at2.33.37PM_2.jpg?v=1780480673,1,"",false,,"Shop women’s Multi Love V-neck lounge wear in Pakistan. Soft, breathable and stylish 2-piece set available in multiple colors for everyday comfort.",5713,,adult,,,,,,,,,,,,,adults,,,,,black,,,cotton,,,,,,,,,,girls,,,,,,,,g,,,true,,,active
women-v-neck-lounge-wear-multi-love-black,,,,,,,,,Large,,,,,,,,'10743481,0.5,,0,deny,manual,1599.00,,true,false,,,,,'10743481,https://cdn.shopify.com/s/files/1/0618/2368/0740/files/WhatsAppImage2026-06-03at2.33.37PM.jpg?v=1780480673,2,"",,,,,,,,,,,,,,,,,,,,,,,,,,,,,,,,,,,,,,,,,,,,,g,,,,,,
women-v-neck-lounge-wear-multi-love-black,,,,,,,,,XL,,,,,,,,'10743482,0.5,,0,deny,manual,1699.00,,true,false,,,,,'10743482,https://cdn.shopify.com/s/files/1/0618/2368/0740/files/WhatsAppImage2026-06-03at2.33.37PM_1.jpg?v=1780480673,3,"",,,,,,,,,,,,,,,,,,,,,,,,,,,,,,,,,,,,,,,,,,,,,g,,,,,,
women-v-neck-lounge-wear-multi-love-black,,,,,,,,,XXL,,,,,,,,'10743483,0.5,,0,deny,manual,1799.00,,true,false,,,,,'10743483,https://cdn.shopify.com/s/files/1/0618/2368/0740/files/Screenshot_2026-02-03_155735_540x_360x_5b863740-e59f-4c0d-a3ee-d436170b22aa.webp?v=1777112145,4,"",,,,,,,,,,,,,,,,,,,,,,,,,,,,,,,,,,,,,,,,,,,,,g,,,,,,
women-v-neck-lounge-wear-multi-love-lemon-yellow,Women V-Neck Lounge Wear | Multi Love - Lemon Yellow,"<h4>Women V-Neck Lounge Wear | Multi Love - Lemon Yellow<strong></strong><strong></strong><strong></strong>
</h4>
<p data-start=""348"" data-end=""512"">Feel comfortable, confident, and effortlessly stylish with our <strong data-start=""411"" data-end=""460"">Women V-Neck Lounge Wear | Multi Love Edition</strong> — designed for everyday wear with a touch of charm.</p>
<p data-start=""514"" data-end=""783"">This 2-piece set features a <strong data-start=""542"" data-end=""596"">flattering V-neck top paired with matching bottoms</strong>, offering a relaxed fit that ensures ease of movement and all-day comfort. Made from soft, breathable fabric, it keeps you feeling fresh whether you're at home or out for casual errands.</p>
<p data-start=""785"" data-end=""1009"">The trendy <strong data-start=""796"" data-end=""816"">Multi Love print</strong> adds a playful and feminine vibe, making this lounge wear both cozy and stylish. Available in multiple beautiful colors, you can choose the perfect shade to match your mood and personal style.</p>
<p data-start=""1011"" data-end=""1119"">Perfect for lounging, casual wear, or even a relaxed day out — this set is your go-to for comfort and style.</p>
<p data-start=""1121"" data-end=""1138""><strong data-start=""1121"" data-end=""1138"">Key Features:</strong></p>
<ul data-start=""1139"" data-end=""1414"">
<li data-section-id=""amcmbk"" data-start=""1139"" data-end=""1182"">Stylish V-neck design for a modern look</li>
<li data-section-id=""3pudom"" data-start=""1183"" data-end=""1226"">Soft, breathable &amp; skin-friendly fabric</li>
<li data-section-id=""f46jwt"" data-start=""1227"" data-end=""1262"">Relaxed fit for maximum comfort</li>
<li data-section-id=""1yndibs"" data-start=""1263"" data-end=""1303"">Elastic waistband for a flexible fit</li>
<li data-section-id=""5d8y5l"" data-start=""1304"" data-end=""1333"">Trendy Multi Love pattern</li>
<li data-section-id=""arqrzc"" data-start=""1334"" data-end=""1366"">Available in multiple colors</li>
<li data-section-id=""n8nixx"" data-start=""1367"" data-end=""1414"">Ideal for lounging, casual wear &amp; sleepwear</li>
</ul>
<p data-start=""1416"" data-end=""1513""><strong data-start=""1416"" data-end=""1427"">Fabric:</strong> Premium Cotton Blend<br data-start=""1448"" data-end=""1451""><strong data-start=""1451"" data-end=""1459"">Fit:</strong> Relaxed / Comfortable<br data-start=""1481"" data-end=""1484""><strong data-start=""1484"" data-end=""1495"">Season:</strong> All Season Wear</p>",BBG FASHION CLOTHING STORE,Apparel & Accessories > Clothing > Sleepwear & Loungewear > Loungewear,Article 56,Loungewear,true,Size,Medium,,,,,,,,'10743476,0.5,,99,deny,manual,1599.00,,true,false,,,,,'10743476,https://cdn.shopify.com/s/files/1/0618/2368/0740/files/WhatsAppImage2026-06-04at2.59.31PM_3.jpg?v=1780568646,1,"",false,,"Shop women’s Multi Love V-neck lounge wear in Pakistan. Soft, breathable and stylish 2-piece set available in multiple colors for everyday comfort.",5713,,adult,,,,,,,,,,,,,adults,,,,,yellow-1,,,cotton,,,,,,,,,,girls,,,,,,,,g,,,true,,,active
women-v-neck-lounge-wear-multi-love-lemon-yellow,,,,,,,,,Large,,,,,,,,'10743477,0.5,,99,deny,manual,1599.00,,true,false,,,,,'10743477,https://cdn.shopify.com/s/files/1/0618/2368/0740/files/WhatsAppImage2026-06-04at2.59.31PM_5.jpg?v=1780568646,2,"",,,,,,,,,,,,,,,,,,,,,,,,,,,,,,,,,,,,,,,,,,,,,g,,,,,,
women-v-neck-lounge-wear-multi-love-lemon-yellow,,,,,,,,,XL,,,,,,,,'10743478,0.5,,99,deny,manual,1699.00,,true,false,,,,,'10743478,https://cdn.shopify.com/s/files/1/0618/2368/0740/files/WhatsAppImage2026-06-04at2.59.31PM_1.jpg?v=1780568646,3,"",,,,,,,,,,,,,,,,,,,,,,,,,,,,,,,,,,,,,,,,,,,,,g,,,,,,
women-v-neck-lounge-wear-multi-love-lemon-yellow,,,,,,,,,XXL,,,,,,,,'10743479,0.5,,99,deny,manual,1799.00,,true,false,,,,,'10743479,https://cdn.shopify.com/s/files/1/0618/2368/0740/files/Screenshot_2026-02-03_155735_540x_360x_5b863740-e59f-4c0d-a3ee-d436170b22aa.webp?v=1777112145,4,"",,,,,,,,,,,,,,,,,,,,,,,,,,,,,,,,,,,,,,,,,,,,,g,,,,,,
women-v-neck-lounge-wear-multi-love-red,Women V-Neck Lounge Wear | Multi Love - Red,"<h4>Women V-Neck Lounge Wear | Multi Love - Red<strong></strong><strong></strong><strong></strong>
</h4>
<p data-start=""348"" data-end=""512"">Feel comfortable, confident, and effortlessly stylish with our <strong data-start=""411"" data-end=""460"">Women V-Neck Lounge Wear | Multi Love Edition</strong> — designed for everyday wear with a touch of charm.</p>
<p data-start=""514"" data-end=""783"">This 2-piece set features a <strong data-start=""542"" data-end=""596"">flattering V-neck top paired with matching bottoms</strong>, offering a relaxed fit that ensures ease of movement and all-day comfort. Made from soft, breathable fabric, it keeps you feeling fresh whether you're at home or out for casual errands.</p>
<p data-start=""785"" data-end=""1009"">The trendy <strong data-start=""796"" data-end=""816"">Multi Love print</strong> adds a playful and feminine vibe, making this lounge wear both cozy and stylish. Available in multiple beautiful colors, you can choose the perfect shade to match your mood and personal style.</p>
<p data-start=""1011"" data-end=""1119"">Perfect for lounging, casual wear, or even a relaxed day out — this set is your go-to for comfort and style.</p>
<p data-start=""1121"" data-end=""1138""><strong data-start=""1121"" data-end=""1138"">Key Features:</strong></p>
<ul data-start=""1139"" data-end=""1414"">
<li data-section-id=""amcmbk"" data-start=""1139"" data-end=""1182"">Stylish V-neck design for a modern look</li>
<li data-section-id=""3pudom"" data-start=""1183"" data-end=""1226"">Soft, breathable &amp; skin-friendly fabric</li>
<li data-section-id=""f46jwt"" data-start=""1227"" data-end=""1262"">Relaxed fit for maximum comfort</li>
<li data-section-id=""1yndibs"" data-start=""1263"" data-end=""1303"">Elastic waistband for a flexible fit</li>
<li data-section-id=""5d8y5l"" data-start=""1304"" data-end=""1333"">Trendy Multi Love pattern</li>
<li data-section-id=""arqrzc"" data-start=""1334"" data-end=""1366"">Available in multiple colors</li>
<li data-section-id=""n8nixx"" data-start=""1367"" data-end=""1414"">Ideal for lounging, casual wear &amp; sleepwear</li>
</ul>
<p data-start=""1416"" data-end=""1513""><strong data-start=""1416"" data-end=""1427"">Fabric:</strong> Premium Cotton Blend<br data-start=""1448"" data-end=""1451""><strong data-start=""1451"" data-end=""1459"">Fit:</strong> Relaxed / Comfortable<br data-start=""1481"" data-end=""1484""><strong data-start=""1484"" data-end=""1495"">Season:</strong> All Season Wear</p>",BBG FASHION CLOTHING STORE,Apparel & Accessories > Clothing > Sleepwear & Loungewear > Loungewear,Article 56,Loungewear,true,Size,Medium,,,,,,,,'10743472,0.5,,0,deny,manual,1599.00,,true,false,,,,,'10743472,https://cdn.shopify.com/s/files/1/0618/2368/0740/files/WhatsAppImage2026-06-03at2.33.38PM_1.jpg?v=1780480749,1,"",false,,"Shop women’s Multi Love V-neck lounge wear in Pakistan. Soft, breathable and stylish 2-piece set available in multiple colors for everyday comfort.",5713,,adult,,,,,,,,,,,,,adults,,,,,magenta; pink-1-1,,,cotton,,,,,,,,,,girls,,,,,,,,g,,,true,,,active
women-v-neck-lounge-wear-multi-love-red,,,,,,,,,Large,,,,,,,,'10743473,0.5,,0,deny,manual,1599.00,,true,false,,,,,'10743473,https://cdn.shopify.com/s/files/1/0618/2368/0740/files/WhatsAppImage2026-06-03at2.33.38PM.jpg?v=1780480749,2,"",,,,,,,,,,,,,,,,,,,,,,,,,,,,,,,,,,,,,,,,,,,,,g,,,,,,
women-v-neck-lounge-wear-multi-love-red,,,,,,,,,XL,,,,,,,,'10743474,0.5,,0,deny,manual,1699.00,,true,false,,,,,'10743474,https://cdn.shopify.com/s/files/1/0618/2368/0740/files/WhatsAppImage2026-06-03at2.33.37PM_3.jpg?v=1780480749,3,"",,,,,,,,,,,,,,,,,,,,,,,,,,,,,,,,,,,,,,,,,,,,,g,,,,,,
women-v-neck-lounge-wear-multi-love-red,,,,,,,,,XXL,,,,,,,,'10743475,0.5,,0,deny,manual,1799.00,,true,false,,,,,'10743475,https://cdn.shopify.com/s/files/1/0618/2368/0740/files/Screenshot_2026-02-03_155735_540x_360x_5b863740-e59f-4c0d-a3ee-d436170b22aa.webp?v=1777112145,4,"",,,,,,,,,,,,,,,,,,,,,,,,,,,,,,,,,,,,,,,,,,,,,g,,,,,,
women-v-neck-lounge-wear-hello-kitty-navy-blue,Women V-Neck Lounge Wear | Hello Kitty - Navy Blue,"<h4>Women V-Neck Lounge Wear | Hello Kitty - Navy Blue<br>
</h4>
<p data-start=""350"" data-end=""527"">Add a cute and stylish touch to your everyday comfort with our <strong data-start=""413"" data-end=""463"">Women V-Neck Lounge Wear | Hello Kitty Edition</strong> — designed for women who love both comfort and playful fashion.</p>
<p data-start=""529"" data-end=""818"">This 2-piece set features a <strong data-start=""557"" data-end=""614"">flattering V-neck top paired with comfortable bottoms</strong>, offering a relaxed fit that feels soft and breathable throughout the day. The adorable <strong data-start=""703"" data-end=""734"">Hello Kitty-inspired design</strong> adds a fun and charming detail, making this lounge wear both cozy and eye-catching.</p>
<p data-start=""820"" data-end=""989"">Available in multiple beautiful colors, you can choose your favorite shade to match your style and mood — perfect for relaxing at home, casual outings, or everyday wear.</p>
<p data-start=""991"" data-end=""1093"">Whether you're unwinding or on the move, this set keeps you looking effortlessly cute and comfortable.</p>
<p data-start=""1095"" data-end=""1112""><strong data-start=""1095"" data-end=""1112"">Key Features:</strong></p>
<ul data-start=""1113"" data-end=""1404"">
<li data-section-id=""9qxmar"" data-start=""1113"" data-end=""1160"">Stylish V-neck design for a flattering look</li>
<li data-section-id=""3pudom"" data-start=""1161"" data-end=""1204"">Soft, breathable &amp; skin-friendly fabric</li>
<li data-section-id=""10slvg5"" data-start=""1205"" data-end=""1240"">Relaxed fit for all-day comfort</li>
<li data-section-id=""1o7fn0j"" data-start=""1241"" data-end=""1287"">Elastic waistband for flexibility and ease</li>
<li data-section-id=""19if10"" data-start=""1288"" data-end=""1323"">Cute Hello Kitty-inspired print</li>
<li data-section-id=""arqrzc"" data-start=""1324"" data-end=""1356"">Available in multiple colors</li>
<li data-section-id=""n8nixx"" data-start=""1357"" data-end=""1404"">Ideal for lounging, casual wear &amp; sleepwear</li>
</ul>
<p data-start=""1406"" data-end=""1503""><strong data-start=""1406"" data-end=""1417"">Fabric:</strong> Premium Cotton Blend<br data-start=""1438"" data-end=""1441""><strong data-start=""1441"" data-end=""1449"">Fit:</strong> Relaxed / Comfortable<br data-start=""1471"" data-end=""1474""><strong data-start=""1474"" data-end=""1485"">Season:</strong> All Season Wear</p>",BBG FASHION CLOTHING STORE,Apparel & Accessories > Clothing > Sleepwear & Loungewear > Loungewear,Article 56,Loungewear,true,Size,Medium,,,,,,,,'10743467,0.5,,0,deny,manual,1599.00,,true,false,,,,,'10743467,https://cdn.shopify.com/s/files/1/0618/2368/0740/files/WhatsAppImage2026-06-02at7.21.37PM_9.jpg?v=1780410508,1,"",false,,"Shop women’s Hello Kitty V-neck lounge wear in Pakistan. Soft, breathable and stylish 2-piece set available in multiple colors for everyday comfort.",5713,,adult,,,,,,,,,,,,,adults,,,,,navy-1,,,cotton,,,,,,,,,,girls,,,,,,,,g,,,true,,,active
women-v-neck-lounge-wear-hello-kitty-navy-blue,,,,,,,,,Large,,,,,,,,'10743468,0.5,,-1,deny,manual,1599.00,,true,false,,,,,'10743468,https://cdn.shopify.com/s/files/1/0618/2368/0740/files/WhatsAppImage2026-06-02at7.21.37PM_7.jpg?v=1780410508,2,"",,,,,,,,,,,,,,,,,,,,,,,,,,,,,,,,,,,,,,,,,,,,,g,,,,,,
women-v-neck-lounge-wear-hello-kitty-navy-blue,,,,,,,,,XL,,,,,,,,'10743469,0.5,,0,deny,manual,1699.00,,true,false,,,,,'10743469,https://cdn.shopify.com/s/files/1/0618/2368/0740/files/WhatsAppImage2026-06-02at7.21.37PM_8.jpg?v=1780410508,3,"",,,,,,,,,,,,,,,,,,,,,,,,,,,,,,,,,,,,,,,,,,,,,g,,,,,,
women-v-neck-lounge-wear-hello-kitty-navy-blue,,,,,,,,,XXL,,,,,,,,'10743470,0.5,,0,deny,manual,1799.00,,true,false,,,,,'10743470,https://cdn.shopify.com/s/files/1/0618/2368/0740/files/Screenshot_2026-02-03_155735_540x_360x_d6eff92a-0f66-48db-8e96-3bf23a873f14.webp?v=1777105467,4,"",,,,,,,,,,,,,,,,,,,,,,,,,,,,,,,,,,,,,,,,,,,,,g,,,,,,
women-v-neck-lounge-wear-hello-kitty-maroon,Women V Neck Lounge Wear | Hello Kitty - Maroon,"<h4>Women V-Neck Lounge Wear | Hello Kitty - Maroon<br>
</h4>
<p data-start=""350"" data-end=""527"">Add a cute and stylish touch to your everyday comfort with our <strong data-start=""413"" data-end=""463"">Women V-Neck Lounge Wear | Hello Kitty Edition</strong> — designed for women who love both comfort and playful fashion.</p>
<p data-start=""529"" data-end=""818"">This 2-piece set features a <strong data-start=""557"" data-end=""614"">flattering V-neck top paired with comfortable bottoms</strong>, offering a relaxed fit that feels soft and breathable throughout the day. The adorable <strong data-start=""703"" data-end=""734"">Hello Kitty-inspired design</strong> adds a fun and charming detail, making this lounge wear both cozy and eye-catching.</p>
<p data-start=""820"" data-end=""989"">Available in multiple beautiful colors, you can choose your favorite shade to match your style and mood — perfect for relaxing at home, casual outings, or everyday wear.</p>
<p data-start=""991"" data-end=""1093"">Whether you're unwinding or on the move, this set keeps you looking effortlessly cute and comfortable.</p>
<p data-start=""1095"" data-end=""1112""><strong data-start=""1095"" data-end=""1112"">Key Features:</strong></p>
<ul data-start=""1113"" data-end=""1404"">
<li data-section-id=""9qxmar"" data-start=""1113"" data-end=""1160"">Stylish V-neck design for a flattering look</li>
<li data-section-id=""3pudom"" data-start=""1161"" data-end=""1204"">Soft, breathable &amp; skin-friendly fabric</li>
<li data-section-id=""10slvg5"" data-start=""1205"" data-end=""1240"">Relaxed fit for all-day comfort</li>
<li data-section-id=""1o7fn0j"" data-start=""1241"" data-end=""1287"">Elastic waistband for flexibility and ease</li>
<li data-section-id=""19if10"" data-start=""1288"" data-end=""1323"">Cute Hello Kitty-inspired print</li>
<li data-section-id=""arqrzc"" data-start=""1324"" data-end=""1356"">Available in multiple colors</li>
<li data-section-id=""n8nixx"" data-start=""1357"" data-end=""1404"">Ideal for lounging, casual wear &amp; sleepwear</li>
</ul>
<p data-start=""1406"" data-end=""1503""><strong data-start=""1406"" data-end=""1417"">Fabric:</strong> Premium Cotton Blend<br data-start=""1438"" data-end=""1441""><strong data-start=""1441"" data-end=""1449"">Fit:</strong> Relaxed / Comfortable<br data-start=""1471"" data-end=""1474""><strong data-start=""1474"" data-end=""1485"">Season:</strong> All Season Wear</p>",BBG FASHION CLOTHING STORE,Apparel & Accessories > Clothing > Sleepwear & Loungewear > Pajamas,Article 56,Loungewear,true,Size,medium,product.metafields.shopify.size,,,,,,,'10743464,0.5,,23123,deny,manual,1599.00,,true,false,,,,,'10743464,https://cdn.shopify.com/s/files/1/0618/2368/0740/files/WhatsAppImage2026-06-02at7.21.37PM_5.jpg?v=1780410654,1,"",false,,"Shop women’s Hello Kitty V-neck lounge wear in Pakistan. Soft, breathable and stylish 2-piece set available in multiple colors for everyday comfort.",2580,,adult,,,,,,,,,,,,,adults,,,,,magenta,,,cotton,,,,,,,medium; large; xl; xxl,,,girls,long,,,,,,,g,,,true,,,active
women-v-neck-lounge-wear-hello-kitty-maroon,,,,,,,,,large,,,,,,,,'10743463,0.5,,123,deny,manual,1599.00,,true,false,,,,,'10743463,https://cdn.shopify.com/s/files/1/0618/2368/0740/files/WhatsAppImage2026-06-02at7.21.37PM_6.jpg?v=1780410654,2,"",,,,,,,,,,,,,,,,,,,,,,,,,,,,,,,,,,,,,,,,,,,,,g,,,,,,
women-v-neck-lounge-wear-hello-kitty-maroon,,,,,,,,,xl,,,,,,,,'10743465,0.5,,123,deny,manual,1699.00,,true,false,,,,,'10743465,https://cdn.shopify.com/s/files/1/0618/2368/0740/files/WhatsAppImage2026-06-02at7.21.37PM_4.jpg?v=1780410654,3,"",,,,,,,,,,,,,,,,,,,,,,,,,,,,,,,,,,,,,,,,,,,,,g,,,,,,
women-v-neck-lounge-wear-hello-kitty-maroon,,,,,,,,,xxl,,,,,,,,'10743466,0.5,,123,deny,manual,1799.00,,true,false,,,,,'10743466,https://cdn.shopify.com/s/files/1/0618/2368/0740/files/Screenshot_2026-02-03_155735_540x_360x_d6eff92a-0f66-48db-8e96-3bf23a873f14.webp?v=1777105467,4,"",,,,,,,,,,,,,,,,,,,,,,,,,,,,,,,,,,,,,,,,,,,,,g,,,,,,
women-v-neck-lounge-wear-hello-kitty-black,Women V-Neck Lounge Wear | Hello Kitty - Black,"<h4>Women V-Neck Lounge Wear | Hello Kitty - Black<br>
</h4>
<p data-start=""350"" data-end=""527"">Add a cute and stylish touch to your everyday comfort with our <strong data-start=""413"" data-end=""463"">Women V-Neck Lounge Wear | Hello Kitty Edition</strong> — designed for women who love both comfort and playful fashion.</p>
<p data-start=""529"" data-end=""818"">This 2-piece set features a <strong data-start=""557"" data-end=""614"">flattering V-neck top paired with comfortable bottoms</strong>, offering a relaxed fit that feels soft and breathable throughout the day. The adorable <strong data-start=""703"" data-end=""734"">Hello Kitty-inspired design</strong> adds a fun and charming detail, making this lounge wear both cozy and eye-catching.</p>
<p data-start=""820"" data-end=""989"">Available in multiple beautiful colors, you can choose your favorite shade to match your style and mood — perfect for relaxing at home, casual outings, or everyday wear.</p>
<p data-start=""991"" data-end=""1093"">Whether you're unwinding or on the move, this set keeps you looking effortlessly cute and comfortable.</p>
<p data-start=""1095"" data-end=""1112""><strong data-start=""1095"" data-end=""1112"">Key Features:</strong></p>
<ul data-start=""1113"" data-end=""1404"">
<li data-section-id=""9qxmar"" data-start=""1113"" data-end=""1160"">Stylish V-neck design for a flattering look</li>
<li data-section-id=""3pudom"" data-start=""1161"" data-end=""1204"">Soft, breathable &amp; skin-friendly fabric</li>
<li data-section-id=""10slvg5"" data-start=""1205"" data-end=""1240"">Relaxed fit for all-day comfort</li>
<li data-section-id=""1o7fn0j"" data-start=""1241"" data-end=""1287"">Elastic waistband for flexibility and ease</li>
<li data-section-id=""19if10"" data-start=""1288"" data-end=""1323"">Cute Hello Kitty-inspired print</li>
<li data-section-id=""arqrzc"" data-start=""1324"" data-end=""1356"">Available in multiple colors</li>
<li data-section-id=""n8nixx"" data-start=""1357"" data-end=""1404"">Ideal for lounging, casual wear &amp; sleepwear</li>
</ul>
<p data-start=""1406"" data-end=""1503""><strong data-start=""1406"" data-end=""1417"">Fabric:</strong> Premium Cotton Blend<br data-start=""1438"" data-end=""1441""><strong data-start=""1441"" data-end=""1449"">Fit:</strong> Relaxed / Comfortable<br data-start=""1471"" data-end=""1474""><strong data-start=""1474"" data-end=""1485"">Season:</strong> All Season Wear</p>",BBG FASHION CLOTHING STORE,Apparel & Accessories > Clothing > Sleepwear & Loungewear > Loungewear,Article 56,Loungewear,true,Size,Medium,,,,,,,,'10743459,0.5,,0,deny,manual,1599.00,,true,false,,,,,'10743459,https://cdn.shopify.com/s/files/1/0618/2368/0740/files/WhatsAppImage2026-06-02at7.21.36PM_8.jpg?v=1780410755,1,"",false,,"Shop women’s Hello Kitty V-neck lounge wear in Pakistan. Soft, breathable and stylish 2-piece set available in multiple colors for everyday comfort.",5713,,adult,,,,,,,,,,,,,adults,,,,,black,,,cotton,,,,,,,,,,girls,,,,,,,,g,,,true,,,active
women-v-neck-lounge-wear-hello-kitty-black,,,,,,,,,Large,,,,,,,,'10743460,0.5,,0,deny,manual,1599.00,,true,false,,,,,'10743460,https://cdn.shopify.com/s/files/1/0618/2368/0740/files/WhatsAppImage2026-06-02at7.21.37PM.jpg?v=1780410755,2,"",,,,,,,,,,,,,,,,,,,,,,,,,,,,,,,,,,,,,,,,,,,,,g,,,,,,
women-v-neck-lounge-wear-hello-kitty-black,,,,,,,,,XL,,,,,,,,'10743461,0.5,,0,deny,manual,1699.00,,true,false,,,,,'10743461,https://cdn.shopify.com/s/files/1/0618/2368/0740/files/WhatsAppImage2026-06-02at7.21.36PM_7.jpg?v=1780410755,3,"",,,,,,,,,,,,,,,,,,,,,,,,,,,,,,,,,,,,,,,,,,,,,g,,,,,,
women-v-neck-lounge-wear-hello-kitty-black,,,,,,,,,XXL,,,,,,,,'10743462,0.5,,0,deny,manual,1799.00,,true,false,,,,,'10743462,https://cdn.shopify.com/s/files/1/0618/2368/0740/files/Screenshot_2026-02-03_155735_540x_360x_d6eff92a-0f66-48db-8e96-3bf23a873f14.webp?v=1777105467,4,"",,,,,,,,,,,,,,,,,,,,,,,,,,,,,,,,,,,,,,,,,,,,,g,,,,,,
women-v-neck-lounge-wear-hello-kitty-lemon-yellow,Women V-Neck Lounge Wear | Hello Kitty - Lemon Yellow,"<h4>Women V-Neck Lounge Wear | Hello Kitty - Lemon Yellow<br>
</h4>
<p data-start=""350"" data-end=""527"">Add a cute and stylish touch to your everyday comfort with our <strong data-start=""413"" data-end=""463"">Women V-Neck Lounge Wear | Hello Kitty Edition</strong> — designed for women who love both comfort and playful fashion.</p>
<p data-start=""529"" data-end=""818"">This 2-piece set features a <strong data-start=""557"" data-end=""614"">flattering V-neck top paired with comfortable bottoms</strong>, offering a relaxed fit that feels soft and breathable throughout the day. The adorable <strong data-start=""703"" data-end=""734"">Hello Kitty-inspired design</strong> adds a fun and charming detail, making this lounge wear both cozy and eye-catching.</p>
<p data-start=""820"" data-end=""989"">Available in multiple beautiful colors, you can choose your favorite shade to match your style and mood — perfect for relaxing at home, casual outings, or everyday wear.</p>
<p data-start=""991"" data-end=""1093"">Whether you're unwinding or on the move, this set keeps you looking effortlessly cute and comfortable.</p>
<p data-start=""1095"" data-end=""1112""><strong data-start=""1095"" data-end=""1112"">Key Features:</strong></p>
<ul data-start=""1113"" data-end=""1404"">
<li data-section-id=""9qxmar"" data-start=""1113"" data-end=""1160"">Stylish V-neck design for a flattering look</li>
<li data-section-id=""3pudom"" data-start=""1161"" data-end=""1204"">Soft, breathable &amp; skin-friendly fabric</li>
<li data-section-id=""10slvg5"" data-start=""1205"" data-end=""1240"">Relaxed fit for all-day comfort</li>
<li data-section-id=""1o7fn0j"" data-start=""1241"" data-end=""1287"">Elastic waistband for flexibility and ease</li>
<li data-section-id=""19if10"" data-start=""1288"" data-end=""1323"">Cute Hello Kitty-inspired print</li>
<li data-section-id=""arqrzc"" data-start=""1324"" data-end=""1356"">Available in multiple colors</li>
<li data-section-id=""n8nixx"" data-start=""1357"" data-end=""1404"">Ideal for lounging, casual wear &amp; sleepwear</li>
</ul>
<p data-start=""1406"" data-end=""1503""><strong data-start=""1406"" data-end=""1417"">Fabric:</strong> Premium Cotton Blend<br data-start=""1438"" data-end=""1441""><strong data-start=""1441"" data-end=""1449"">Fit:</strong> Relaxed / Comfortable<br data-start=""1471"" data-end=""1474""><strong data-start=""1474"" data-end=""1485"">Season:</strong> All Season Wear</p>",BBG FASHION CLOTHING STORE,Apparel & Accessories > Clothing > Sleepwear & Loungewear > Loungewear,Article 56,Loungewear,true,Size,Medium,,,,,,,,'10743455,0.5,,0,deny,manual,1599.00,,true,false,,,,,'10743455,https://cdn.shopify.com/s/files/1/0618/2368/0740/files/WhatsAppImage2026-06-02at7.21.35PM.jpg?v=1780410847,1,"",false,,"Shop women’s Hello Kitty V-neck lounge wear in Pakistan. Soft, breathable and stylish 2-piece set available in multiple colors for everyday comfort.",5713,,adult,,,,,,,,,,,,,adults,,,,,yellow-1,,,cotton,,,,,,,,,,girls,,,,,,,,g,,,true,,,active
women-v-neck-lounge-wear-hello-kitty-lemon-yellow,,,,,,,,,Large,,,,,,,,'10743456,0.5,,0,deny,manual,1599.00,,true,false,,,,,'10743456,https://cdn.shopify.com/s/files/1/0618/2368/0740/files/WhatsAppImage2026-06-02at7.21.36PM.jpg?v=1780410847,2,"",,,,,,,,,,,,,,,,,,,,,,,,,,,,,,,,,,,,,,,,,,,,,g,,,,,,
women-v-neck-lounge-wear-hello-kitty-lemon-yellow,,,,,,,,,XL,,,,,,,,'10743457,0.5,,0,deny,manual,1699.00,,true,false,,,,,'10743457,https://cdn.shopify.com/s/files/1/0618/2368/0740/files/WhatsAppImage2026-06-02at7.21.35PM_1.jpg?v=1780410847,3,"",,,,,,,,,,,,,,,,,,,,,,,,,,,,,,,,,,,,,,,,,,,,,g,,,,,,
women-v-neck-lounge-wear-hello-kitty-lemon-yellow,,,,,,,,,XXL,,,,,,,,'10743458,0.5,,-1,deny,manual,1799.00,,true,false,,,,,'10743458,https://cdn.shopify.com/s/files/1/0618/2368/0740/files/Screenshot_2026-02-03_155735_540x_360x_d6eff92a-0f66-48db-8e96-3bf23a873f14.webp?v=1777105467,4,"",,,,,,,,,,,,,,,,,,,,,,,,,,,,,,,,,,,,,,,,,,,,,g,,,,,,
women-v-neck-lounge-wear-hello-kitty-red,Women V-Neck Lounge Wear | Hello Kitty - Red,"<h4>Women V-Neck Lounge Wear | Hello Kitty - Red<br>
</h4>
<p data-start=""350"" data-end=""527"">Add a cute and stylish touch to your everyday comfort with our <strong data-start=""413"" data-end=""463"">Women V-Neck Lounge Wear | Hello Kitty Edition</strong> — designed for women who love both comfort and playful fashion.</p>
<p data-start=""529"" data-end=""818"">This 2-piece set features a <strong data-start=""557"" data-end=""614"">flattering V-neck top paired with comfortable bottoms</strong>, offering a relaxed fit that feels soft and breathable throughout the day. The adorable <strong data-start=""703"" data-end=""734"">Hello Kitty-inspired design</strong> adds a fun and charming detail, making this lounge wear both cozy and eye-catching.</p>
<p data-start=""820"" data-end=""989"">Available in multiple beautiful colors, you can choose your favorite shade to match your style and mood — perfect for relaxing at home, casual outings, or everyday wear.</p>
<p data-start=""991"" data-end=""1093"">Whether you're unwinding or on the move, this set keeps you looking effortlessly cute and comfortable.</p>
<p data-start=""1095"" data-end=""1112""><strong data-start=""1095"" data-end=""1112"">Key Features:</strong></p>
<ul data-start=""1113"" data-end=""1404"">
<li data-section-id=""9qxmar"" data-start=""1113"" data-end=""1160"">Stylish V-neck design for a flattering look</li>
<li data-section-id=""3pudom"" data-start=""1161"" data-end=""1204"">Soft, breathable &amp; skin-friendly fabric</li>
<li data-section-id=""10slvg5"" data-start=""1205"" data-end=""1240"">Relaxed fit for all-day comfort</li>
<li data-section-id=""1o7fn0j"" data-start=""1241"" data-end=""1287"">Elastic waistband for flexibility and ease</li>
<li data-section-id=""19if10"" data-start=""1288"" data-end=""1323"">Cute Hello Kitty-inspired print</li>
<li data-section-id=""arqrzc"" data-start=""1324"" data-end=""1356"">Available in multiple colors</li>
<li data-section-id=""n8nixx"" data-start=""1357"" data-end=""1404"">Ideal for lounging, casual wear &amp; sleepwear</li>
</ul>
<p data-start=""1406"" data-end=""1503""><strong data-start=""1406"" data-end=""1417"">Fabric:</strong> Premium Cotton Blend<br data-start=""1438"" data-end=""1441""><strong data-start=""1441"" data-end=""1449"">Fit:</strong> Relaxed / Comfortable<br data-start=""1471"" data-end=""1474""><strong data-start=""1474"" data-end=""1485"">Season:</strong> All Season Wear</p>",BBG FASHION CLOTHING STORE,Apparel & Accessories > Clothing > Sleepwear & Loungewear > Loungewear,Article 56,Loungewear,true,Size,Medium,,,,,,,,'10743451,0.5,,0,deny,manual,1599.00,,true,false,,,,,'10743451,https://cdn.shopify.com/s/files/1/0618/2368/0740/files/WhatsAppImage2026-06-02at7.21.36PM_4.jpg?v=1780410955,1,"",false,,"Shop women’s Hello Kitty V-neck lounge wear in Pakistan. Soft, breathable and stylish 2-piece set available in multiple colors for everyday comfort.",5713,,adult,,,,,,,,,,,,,adults,,,,,magenta,,,cotton,,,,,,,,,,girls,,,,,,,,g,,,true,,,active
women-v-neck-lounge-wear-hello-kitty-red,,,,,,,,,Large,,,,,,,,'10743452,0.5,,0,deny,manual,1599.00,,true,false,,,,,'10743452,https://cdn.shopify.com/s/files/1/0618/2368/0740/files/WhatsAppImage2026-06-02at7.21.36PM_5.jpg?v=1780410954,2,"",,,,,,,,,,,,,,,,,,,,,,,,,,,,,,,,,,,,,,,,,,,,,g,,,,,,
women-v-neck-lounge-wear-hello-kitty-red,,,,,,,,,XL,,,,,,,,'10743453,0.5,,0,deny,manual,1699.00,,true,false,,,,,'10743453,https://cdn.shopify.com/s/files/1/0618/2368/0740/files/WhatsAppImage2026-06-02at7.21.36PM_6.jpg?v=1780410954,3,"",,,,,,,,,,,,,,,,,,,,,,,,,,,,,,,,,,,,,,,,,,,,,g,,,,,,
women-v-neck-lounge-wear-hello-kitty-red,,,,,,,,,XXL,,,,,,,,'10743454,0.5,,0,deny,manual,1799.00,,true,false,,,,,'10743454,https://cdn.shopify.com/s/files/1/0618/2368/0740/files/Screenshot_2026-02-03_155735_540x_360x_d6eff92a-0f66-48db-8e96-3bf23a873f14.webp?v=1777105467,4,"",,,,,,,,,,,,,,,,,,,,,,,,,,,,,,,,,,,,,,,,,,,,,g,,,,,,
women-v-neck-lounge-wear-hello-kitty-sherwood-green,Women V-Neck Lounge Wear | Hello Kitty - Sherwood Green,"<h4>Women V-Neck Lounge Wear | Hello Kitty - Sherwood Green<br>
</h4>
<p data-start=""350"" data-end=""527"">Add a cute and stylish touch to your everyday comfort with our <strong data-start=""413"" data-end=""463"">Women V-Neck Lounge Wear | Hello Kitty Edition</strong> — designed for women who love both comfort and playful fashion.</p>
<p data-start=""529"" data-end=""818"">This 2-piece set features a <strong data-start=""557"" data-end=""614"">flattering V-neck top paired with comfortable bottoms</strong>, offering a relaxed fit that feels soft and breathable throughout the day. The adorable <strong data-start=""703"" data-end=""734"">Hello Kitty-inspired design</strong> adds a fun and charming detail, making this lounge wear both cozy and eye-catching.</p>
<p data-start=""820"" data-end=""989"">Available in multiple beautiful colors, you can choose your favorite shade to match your style and mood — perfect for relaxing at home, casual outings, or everyday wear.</p>
<p data-start=""991"" data-end=""1093"">Whether you're unwinding or on the move, this set keeps you looking effortlessly cute and comfortable.</p>
<p data-start=""1095"" data-end=""1112""><strong data-start=""1095"" data-end=""1112"">Key Features:</strong></p>
<ul data-start=""1113"" data-end=""1404"">
<li data-section-id=""9qxmar"" data-start=""1113"" data-end=""1160"">Stylish V-neck design for a flattering look</li>
<li data-section-id=""3pudom"" data-start=""1161"" data-end=""1204"">Soft, breathable &amp; skin-friendly fabric</li>
<li data-section-id=""10slvg5"" data-start=""1205"" data-end=""1240"">Relaxed fit for all-day comfort</li>
<li data-section-id=""1o7fn0j"" data-start=""1241"" data-end=""1287"">Elastic waistband for flexibility and ease</li>
<li data-section-id=""19if10"" data-start=""1288"" data-end=""1323"">Cute Hello Kitty-inspired print</li>
<li data-section-id=""arqrzc"" data-start=""1324"" data-end=""1356"">Available in multiple colors</li>
<li data-section-id=""n8nixx"" data-start=""1357"" data-end=""1404"">Ideal for lounging, casual wear &amp; sleepwear</li>
</ul>
<p data-start=""1406"" data-end=""1503""><strong data-start=""1406"" data-end=""1417"">Fabric:</strong> Premium Cotton Blend<br data-start=""1438"" data-end=""1441""><strong data-start=""1441"" data-end=""1449"">Fit:</strong> Relaxed / Comfortable<br data-start=""1471"" data-end=""1474""><strong data-start=""1474"" data-end=""1485"">Season:</strong> All Season Wear</p>",BBG FASHION CLOTHING STORE,Apparel & Accessories > Clothing > Sleepwear & Loungewear > Loungewear,Article 56,Loungewear,true,Size,Medium,,,,,,,,'10743447,0.5,,0,deny,manual,1599.00,,true,false,,,,,'10743447,https://cdn.shopify.com/s/files/1/0618/2368/0740/files/WhatsAppImage2026-06-02at7.21.36PM_1.jpg?v=1780411028,1,"",false,,"Shop women’s Hello Kitty V-neck lounge wear in Pakistan. Soft, breathable and stylish 2-piece set available in multiple colors for everyday comfort.",5713,,adult,,,,,,,,,,,,,adults,,,,,green-1,,,cotton,,,,,,,,,,girls,,,,,,,,g,,,true,,,active
women-v-neck-lounge-wear-hello-kitty-sherwood-green,,,,,,,,,Large,,,,,,,,'10743448,0.5,,0,deny,manual,1599.00,,true,false,,,,,'10743448,https://cdn.shopify.com/s/files/1/0618/2368/0740/files/WhatsAppImage2026-06-02at7.21.36PM_2.jpg?v=1780411029,2,"",,,,,,,,,,,,,,,,,,,,,,,,,,,,,,,,,,,,,,,,,,,,,g,,,,,,
women-v-neck-lounge-wear-hello-kitty-sherwood-green,,,,,,,,,XL,,,,,,,,'10743449,0.5,,0,deny,manual,1699.00,,true,false,,,,,'10743449,https://cdn.shopify.com/s/files/1/0618/2368/0740/files/WhatsAppImage2026-06-02at7.21.36PM_3.jpg?v=1780411029,3,"",,,,,,,,,,,,,,,,,,,,,,,,,,,,,,,,,,,,,,,,,,,,,g,,,,,,
women-v-neck-lounge-wear-hello-kitty-sherwood-green,,,,,,,,,XXL,,,,,,,,'10743450,0.5,,0,deny,manual,1799.00,,true,false,,,,,'10743450,https://cdn.shopify.com/s/files/1/0618/2368/0740/files/Screenshot_2026-02-03_155735_540x_360x_d6eff92a-0f66-48db-8e96-3bf23a873f14.webp?v=1777105467,4,"",,,,,,,,,,,,,,,,,,,,,,,,,,,,,,,,,,,,,,,,,,,,,g,,,,,,
women-button-style-2-piece-lounge-wear-chocolate-brown,Women Button Style 2 Piece Lounge Wear - Chocolate Brown,"<h4 data-start=""104"" data-end=""362""><strong>Women Button Style 2 Piece Lounge Wear - Chocolate Brown</strong></h4>
<p data-end=""353"" data-start=""97"">Upgrade your everyday comfort with the<span> </span><strong data-end=""178"" data-start=""136"">Women Button Style 2 Piece Lounge Wear</strong>, designed for effortless style and all-day ease. Featuring a classic button-detail top and relaxed-fit trousers, this co-ord set blends minimal design with maximum comfort.</p>
<p data-end=""595"" data-start=""355"">Made from soft, breathable fabric, it feels gentle on the skin and is perfect for lounging at home, casual outings, or travel. The timeless silhouette ensures a flattering fit, while the button-style neckline adds a subtle, stylish touch.</p>
<p data-end=""728"" data-start=""597"">Available in<span> </span><strong data-end=""629"" data-start=""610"">multiple colors</strong>, making it easy to choose your favorite look—whether you prefer classic tones or vibrant shades.</p>
<p data-end=""749"" data-start=""730""><strong data-end=""747"" data-start=""730"">Key Features:</strong></p>
<ul data-end=""984"" data-start=""750"">
<li data-end=""793"" data-start=""750"" data-section-id=""3pudom"">
<p data-end=""793"" data-start=""752"">Soft, breathable &amp; skin-friendly fabric</p>
</li>
<li data-end=""828"" data-start=""794"" data-section-id=""xbdtqn"">
<p data-end=""828"" data-start=""796"">Stylish button-detail neckline</p>
</li>
<li data-end=""865"" data-start=""829"" data-section-id=""dehvwj"">
<p data-end=""865"" data-start=""831"">Relaxed-fit trousers for comfort</p>
</li>
<li data-end=""906"" data-start=""866"" data-section-id=""12m9ncw"">
<p data-end=""906"" data-start=""868"">Lightweight &amp; perfect for daily wear</p>
</li>
<li data-end=""951"" data-start=""907"" data-section-id=""nohg9f"">
<p data-end=""951"" data-start=""909"">Ideal for lounging, casual wear &amp; travel</p>
</li>
<li data-end=""984"" data-start=""952"" data-section-id=""arqrzc"">
<p data-end=""984"" data-start=""954"">Available in multiple colors</p>
</li>
</ul>",BBG FASHION,Apparel & Accessories > Clothing,Loungewear,Loungewear,true,Size,Medium,,,,,,,,'10743444,500.0,shopify,98,deny,manual,1599.00,,true,false,,,,,'10743444,https://cdn.shopify.com/s/files/1/0618/2368/0740/files/4_00474987-dcbd-45b0-a196-2b0fee628532.png?v=1777103621,1,"",false,,"Shop Women Button Style 2 Piece Lounge Wear—soft, breathable and stylish co-ord set. Available in multiple colors, perfect for lounging, casual wear & everyday comfort.",1604,,,,,,,,,,,,,,,,,,,,,,,,,,,,,,,,,,,,,,,,,g,,,true,,,active
women-button-style-2-piece-lounge-wear-chocolate-brown,,,,,,,,,Large,,,,,,,,'10743445,500.0,shopify,99,deny,manual,1599.00,,true,false,,,,,'10743445,https://cdn.shopify.com/s/files/1/0618/2368/0740/files/1_043616bc-8d59-45db-8dd9-fb333e797f79.png?v=1777103621,2,"",,,,,,,,,,,,,,,,,,,,,,,,,,,,,,,,,,,,,,,,,,,,,g,,,,,,
women-button-style-2-piece-lounge-wear-chocolate-brown,,,,,,,,,XL,,,,,,,,'10743446,500.0,shopify,99,deny,manual,1599.00,,true,false,,,,,'10743446,https://cdn.shopify.com/s/files/1/0618/2368/0740/files/3_af43a5c6-1120-422a-bb10-4f3645f8cb9b.png?v=1777103621,3,"",,,,,,,,,,,,,,,,,,,,,,,,,,,,,,,,,,,,,,,,,,,,,g,,,,,,
women-button-style-2-piece-lounge-wear-chocolate-brown,,,,,,,,,,,,,,,,,,,,,,,,,,,,,,,,https://cdn.shopify.com/s/files/1/0618/2368/0740/files/5_fe491238-6443-48ee-a989-25c00cdff885.png?v=1777103621,4,"",,,,,,,,,,,,,,,,,,,,,,,,,,,,,,,,,,,,,,,,,,,,,,,,,,,
women-button-style-2-piece-lounge-wear-chocolate-brown,,,,,,,,,,,,,,,,,,,,,,,,,,,,,,,,https://cdn.shopify.com/s/files/1/0618/2368/0740/files/2_d9517adb-d747-4d22-82ec-c2a79a8f82cc.png?v=1777103621,5,"",,,,,,,,,,,,,,,,,,,,,,,,,,,,,,,,,,,,,,,,,,,,,,,,,,,
women-button-style-2-piece-lounge-wear-chocolate-brown,,,,,,,,,,,,,,,,,,,,,,,,,,,,,,,,https://cdn.shopify.com/s/files/1/0618/2368/0740/files/Screenshot_2026-02-03_155735_540x_360x_605bc450-fc33-443d-a2a9-9b9c87f9252a.webp?v=1777038518,6,"",,,,,,,,,,,,,,,,,,,,,,,,,,,,,,,,,,,,,,,,,,,,,,,,,,,
women-button-style-2-piece-lounge-wear-beige,Women Button Style 2 Piece Lounge Wear - Beige,"<h4 data-end=""362"" data-start=""104""><strong>Women Button Style 2 Piece Lounge Wear - Beige</strong></h4>
<p data-start=""97"" data-end=""353"">Upgrade your everyday comfort with the<span> </span><strong data-start=""136"" data-end=""178"">Women Button Style 2 Piece Lounge Wear</strong>, designed for effortless style and all-day ease. Featuring a classic button-detail top and relaxed-fit trousers, this co-ord set blends minimal design with maximum comfort.</p>
<p data-start=""355"" data-end=""595"">Made from soft, breathable fabric, it feels gentle on the skin and is perfect for lounging at home, casual outings, or travel. The timeless silhouette ensures a flattering fit, while the button-style neckline adds a subtle, stylish touch.</p>
<p data-start=""597"" data-end=""728"">Available in<span> </span><strong data-start=""610"" data-end=""629"">multiple colors</strong>, making it easy to choose your favorite look—whether you prefer classic tones or vibrant shades.</p>
<p data-start=""730"" data-end=""749""><strong data-start=""730"" data-end=""747"">Key Features:</strong></p>
<ul data-start=""750"" data-end=""984"">
<li data-section-id=""3pudom"" data-start=""750"" data-end=""793"">
<p data-start=""752"" data-end=""793"">Soft, breathable &amp; skin-friendly fabric</p>
</li>
<li data-section-id=""xbdtqn"" data-start=""794"" data-end=""828"">
<p data-start=""796"" data-end=""828"">Stylish button-detail neckline</p>
</li>
<li data-section-id=""dehvwj"" data-start=""829"" data-end=""865"">
<p data-start=""831"" data-end=""865"">Relaxed-fit trousers for comfort</p>
</li>
<li data-section-id=""12m9ncw"" data-start=""866"" data-end=""906"">
<p data-start=""868"" data-end=""906"">Lightweight &amp; perfect for daily wear</p>
</li>
<li data-section-id=""nohg9f"" data-start=""907"" data-end=""951"">
<p data-start=""909"" data-end=""951"">Ideal for lounging, casual wear &amp; travel</p>
</li>
<li data-section-id=""arqrzc"" data-start=""952"" data-end=""984"">
<p data-start=""954"" data-end=""984"">Available in multiple colors</p>
</li>
</ul>",BBG FASHION,Apparel & Accessories > Clothing,Loungewear,Loungewear,true,Size,Medium,,,,,,,,'10743440,500.0,shopify,99,deny,manual,1599.00,,true,false,,,,,'10743440,https://cdn.shopify.com/s/files/1/0618/2368/0740/files/5_d9d995ea-fa1f-4be3-a06d-6768d264bcec.png?v=1777101785,1,"",false,,"Shop Women Button Style 2 Piece Lounge Wear—soft, breathable and stylish co-ord set. Available in multiple colors, perfect for lounging, casual wear & everyday comfort.",1604,,,,,,,,,,,,,,,,,,,,,,,,,,,,,,,,,,,,,,,,,g,,,true,,,active
women-button-style-2-piece-lounge-wear-beige,,,,,,,,,Large,,,,,,,,'10743441,500.0,shopify,99,deny,manual,1599.00,,true,false,,,,,'10743441,https://cdn.shopify.com/s/files/1/0618/2368/0740/files/2_aeaf044d-7f39-4a0b-a744-d1a0498fbad2.png?v=1777101785,2,"",,,,,,,,,,,,,,,,,,,,,,,,,,,,,,,,,,,,,,,,,,,,,g,,,,,,
women-button-style-2-piece-lounge-wear-beige,,,,,,,,,XL,,,,,,,,'10743442,500.0,shopify,98,deny,manual,1599.00,,true,false,,,,,'10743442,https://cdn.shopify.com/s/files/1/0618/2368/0740/files/3_eec1ca52-aef7-4f36-9d7b-ca45ed6d7a67.png?v=1777101785,3,"",,,,,,,,,,,,,,,,,,,,,,,,,,,,,,,,,,,,,,,,,,,,,g,,,,,,
women-button-style-2-piece-lounge-wear-beige,,,,,,,,,,,,,,,,,,,,,,,,,,,,,,,,https://cdn.shopify.com/s/files/1/0618/2368/0740/files/4_c029cdb5-289d-42ad-8313-fe242aa2746f.png?v=1777101785,4,"",,,,,,,,,,,,,,,,,,,,,,,,,,,,,,,,,,,,,,,,,,,,,,,,,,,
women-button-style-2-piece-lounge-wear-beige,,,,,,,,,,,,,,,,,,,,,,,,,,,,,,,,https://cdn.shopify.com/s/files/1/0618/2368/0740/files/1_e33e1e9e-ac77-4bdf-86bd-cf402899e85e.png?v=1777101785,5,"",,,,,,,,,,,,,,,,,,,,,,,,,,,,,,,,,,,,,,,,,,,,,,,,,,,
women-button-style-2-piece-lounge-wear-beige,,,,,,,,,,,,,,,,,,,,,,,,,,,,,,,,https://cdn.shopify.com/s/files/1/0618/2368/0740/files/3_pc_size_chart_4b800aca-2615-4cb5-b313-6c0e1eb583e5.webp?v=1776518442,6,"",,,,,,,,,,,,,,,,,,,,,,,,,,,,,,,,,,,,,,,,,,,,,,,,,,,
women-round-neck-lounge-wear-love-color-sherwood-green,Women Round-Neck Lounge Wear | Love Color - Sherwood Green,"<h4><strong>Women Round-Neck Lounge Wear | Love Color - Sherwood Green</strong></h4>
<p data-start=""124"" data-end=""394"">Add a splash of color to your comfort wear with our<span> </span><strong data-start=""176"" data-end=""221"">Women Round-Neck Lounge Wear | Love Color</strong><span> </span>set. Designed for women who love vibrant style with everyday ease, this two-piece outfit includes a relaxed-fit top and flowy wide-leg trousers—perfect for all-day comfort.</p>
<p data-start=""396"" data-end=""632"">The highlight is the bold and artistic<span> </span><strong data-start=""435"" data-end=""457"">“Love Color” print</strong>, featuring a beautifully detailed heart filled with colorful patterns and the word<span> </span><em data-start=""541"" data-end=""547"">LOVE</em><span> </span>at the center. It brings a cheerful, expressive vibe that instantly lifts your look.</p>
<p data-start=""634"" data-end=""878"">Made from soft, breathable fabric, this lounge set feels gentle on the skin and keeps you comfortable whether you're relaxing at home, working, or stepping out casually. The loose silhouette offers a flattering fit while allowing easy movement.</p>
<p data-start=""880"" data-end=""970"">Available in<span> </span><strong data-start=""893"" data-end=""912"">multiple colors</strong>, so you can match your mood—soft tones or vibrant shades.</p>
<p data-start=""972"" data-end=""991""><strong data-start=""972"" data-end=""989"">Key Features:</strong></p>
<ul data-start=""992"" data-end=""1264"">
<li data-section-id=""11ypm3m"" data-start=""992"" data-end=""1040"">
<p data-start=""994"" data-end=""1040"">Soft &amp; breathable fabric for maximum comfort</p>
</li>
<li data-section-id=""3usf87"" data-start=""1041"" data-end=""1084"">
<p data-start=""1043"" data-end=""1084"">Eye-catching<span> </span><strong data-start=""1056"" data-end=""1070"">Love Color</strong><span> </span>heart print</p>
</li>
<li data-section-id=""kpwa53"" data-start=""1085"" data-end=""1133"">
<p data-start=""1087"" data-end=""1133"">Relaxed round-neck top with straight sleeves</p>
</li>
<li data-section-id=""daa0rm"" data-start=""1134"" data-end=""1184"">
<p data-start=""1136"" data-end=""1184"">Flowy wide-leg trousers with elastic waistband</p>
</li>
<li data-section-id=""4v4odh"" data-start=""1185"" data-end=""1231"">
<p data-start=""1187"" data-end=""1231"">Perfect for lounging, casual wear &amp; travel</p>
</li>
<li data-section-id=""arqrzc"" data-start=""1232"" data-end=""1264"">
<p data-start=""1234"" data-end=""1264"">Available in multiple colors</p>
</li>
</ul>",BBG FASHION CLOTHING STORE,Apparel & Accessories > Clothing > Sleepwear & Loungewear > Loungewear,Article 52,Loungewear,true,Size,Medium,,,,,,,,'10743433,0.5,shopify,99,deny,manual,1599.00,,true,false,,,,,'10743433,https://cdn.shopify.com/s/files/1/0618/2368/0740/files/WhatsAppImage2026-06-05at4.50.32PM.jpg?v=1780662047,1,"",false,,"Shop Women Round-Neck Lounge Wear | Love Color in multiple colors. Soft, breathable fabric with vibrant heart print—perfect for stylish everyday comfort.",5713,,adult,,,,,,,,,,,,,adults,,,,,yellow-1,,,,,,,,,,,,,girls,,,,,,,,g,,,true,,,active
women-round-neck-lounge-wear-love-color-sherwood-green,,,,,,,,,Large,,,,,,,,'10743434,0.5,shopify,99,deny,manual,1599.00,,true,false,,,,,'10743434,https://cdn.shopify.com/s/files/1/0618/2368/0740/files/WhatsAppImage2026-06-05at4.50.33PM.jpg?v=1780662047,2,"",,,,,,,,,,,,,,,,,,,,,,,,,,,,,,,,,,,,,,,,,,,,,g,,,,,,
women-round-neck-lounge-wear-love-color-sherwood-green,,,,,,,,,XL,,,,,,,,'10743435,0.5,shopify,99,deny,manual,1699.00,,true,false,,,,,'10743435,https://cdn.shopify.com/s/files/1/0618/2368/0740/files/WhatsAppImage2026-06-05at4.50.32PM_1.jpg?v=1780662047,3,"",,,,,,,,,,,,,,,,,,,,,,,,,,,,,,,,,,,,,,,,,,,,,g,,,,,,
women-round-neck-lounge-wear-love-color-sherwood-green,,,,,,,,,XXL,,,,,,,,'10743436,0.5,shopify,99,deny,manual,1799.00,,true,false,,,,,'10743436,https://cdn.shopify.com/s/files/1/0618/2368/0740/files/Screenshot_2026-02-03_155735_540x_360x_605bc450-fc33-443d-a2a9-9b9c87f9252a.webp?v=1777038518,4,"",,,,,,,,,,,,,,,,,,,,,,,,,,,,,,,,,,,,,,,,,,,,,g,,,,,,
women-v-neck-lounge-wear-colored-butterfly-sherwood-green,Women V-Neck Lounge Wear | Colored Butterfly - Sherwood Green,"<h4>Women V-Neck Lounge Wear | Colored Butterfly - Sherwood Green</h4>
<p data-start=""299"" data-end=""468"">Stay comfortable while looking effortlessly stylish with our <strong data-start=""360"" data-end=""416"">Women V-Neck Lounge Wear | Colored Butterfly Edition</strong> — designed for everyday ease with a touch of charm.</p>
<p data-start=""470"" data-end=""755"">This 2-piece set features a <strong data-start=""498"" data-end=""552"">flattering V-neck top paired with matching bottoms</strong>, offering a relaxed fit that feels soft and breathable on the skin. The eye-catching <strong data-start=""638"" data-end=""666"">colored butterfly design</strong> adds a vibrant and feminine detail, making this outfit both comfortable and fashionable.</p>
<p data-start=""757"" data-end=""954"">Available in multiple beautiful colors, this lounge wear set lets you choose your perfect style for every mood — whether you're relaxing at home, stepping out for errands, or enjoying a casual day.</p>
<p data-start=""956"" data-end=""1056"">Crafted for all-day wear, it combines comfort, flexibility, and modern design in one perfect outfit.</p>
<p data-start=""1058"" data-end=""1075""><strong data-start=""1058"" data-end=""1075"">Key Features:</strong></p>
<ul data-start=""1076"" data-end=""1363"">
<li data-section-id=""15fiykv"" data-start=""1076"" data-end=""1120"">Elegant V-neck design for a stylish look</li>
<li data-section-id=""3pudom"" data-start=""1121"" data-end=""1164"">Soft, breathable &amp; skin-friendly fabric</li>
<li data-section-id=""f46jwt"" data-start=""1165"" data-end=""1200"">Relaxed fit for maximum comfort</li>
<li data-section-id=""1o7fn0j"" data-start=""1201"" data-end=""1247"">Elastic waistband for flexibility and ease</li>
<li data-section-id=""3cr6xy"" data-start=""1248"" data-end=""1282"">Trendy colored butterfly print</li>
<li data-section-id=""arqrzc"" data-start=""1283"" data-end=""1315"">Available in multiple colors</li>
<li data-section-id=""n8nixx"" data-start=""1316"" data-end=""1363"">Ideal for lounging, casual wear &amp; sleepwear</li>
</ul>
<p data-start=""1365"" data-end=""1462""><strong data-start=""1365"" data-end=""1376"">Fabric:</strong> Premium Cotton Blend<br data-start=""1397"" data-end=""1400""><strong data-start=""1400"" data-end=""1408"">Fit:</strong> Relaxed / Comfortable<br data-start=""1430"" data-end=""1433""><strong data-start=""1433"" data-end=""1444"">Season:</strong> All Season Wear</p>",BBG FASHION CLOTHING STORE,Apparel & Accessories > Clothing > Sleepwear & Loungewear > Loungewear,Article 56,Loungewear,true,Size,Medium,,,,,,,,'10743429,0.5,,0,deny,manual,1599.00,,true,false,,,,,'10743429,https://cdn.shopify.com/s/files/1/0618/2368/0740/files/WhatsAppImage2026-06-02at5.47.00PM_1.jpg?v=1780408281,1,"",false,,"Shop women’s colored butterfly V-neck lounge wear in Pakistan. Soft, breathable and stylish 2-piece set available in multiple colors for everyday comfort.",5713,,adult,,,,,,,,,,,,,adults,,,,,animal; green-1,,,cotton,,,,,,,,,,girls,,,,,,,,g,,,true,,,active
women-v-neck-lounge-wear-colored-butterfly-sherwood-green,,,,,,,,,Large,,,,,,,,'10743430,0.5,,0,deny,manual,1599.00,,true,false,,,,,'10743430,https://cdn.shopify.com/s/files/1/0618/2368/0740/files/WhatsAppImage2026-06-02at5.47.00PM_2.jpg?v=1780408281,2,"",,,,,,,,,,,,,,,,,,,,,,,,,,,,,,,,,,,,,,,,,,,,,g,,,,,,
women-v-neck-lounge-wear-colored-butterfly-sherwood-green,,,,,,,,,XL,,,,,,,,'10743431,0.5,,-1,deny,manual,1699.00,,true,false,,,,,'10743431,https://cdn.shopify.com/s/files/1/0618/2368/0740/files/WhatsAppImage2026-06-02at5.47.00PM.jpg?v=1780408281,3,"",,,,,,,,,,,,,,,,,,,,,,,,,,,,,,,,,,,,,,,,,,,,,g,,,,,,
women-v-neck-lounge-wear-colored-butterfly-sherwood-green,,,,,,,,,XXL,,,,,,,,'10743432,0.5,,-1,deny,manual,1799.00,,true,false,,,,,'10743432,https://cdn.shopify.com/s/files/1/0618/2368/0740/files/Screenshot_2026-02-03_155735_540x_360x_605bc450-fc33-443d-a2a9-9b9c87f9252a.webp?v=1777038518,4,"",,,,,,,,,,,,,,,,,,,,,,,,,,,,,,,,,,,,,,,,,,,,,g,,,,,,
women-v-neck-lounge-wear-colored-butterfly-lemon-yellow,Women V-Neck Lounge Wear | Colored Butterfly - Lemon Yellow,"<h4>Women V-Neck Lounge Wear | Colored Butterfly - Lemon Yellow</h4>
<p data-start=""299"" data-end=""468"">Stay comfortable while looking effortlessly stylish with our <strong data-start=""360"" data-end=""416"">Women V-Neck Lounge Wear | Colored Butterfly Edition</strong> — designed for everyday ease with a touch of charm.</p>
<p data-start=""470"" data-end=""755"">This 2-piece set features a <strong data-start=""498"" data-end=""552"">flattering V-neck top paired with matching bottoms</strong>, offering a relaxed fit that feels soft and breathable on the skin. The eye-catching <strong data-start=""638"" data-end=""666"">colored butterfly design</strong> adds a vibrant and feminine detail, making this outfit both comfortable and fashionable.</p>
<p data-start=""757"" data-end=""954"">Available in multiple beautiful colors, this lounge wear set lets you choose your perfect style for every mood — whether you're relaxing at home, stepping out for errands, or enjoying a casual day.</p>
<p data-start=""956"" data-end=""1056"">Crafted for all-day wear, it combines comfort, flexibility, and modern design in one perfect outfit.</p>
<p data-start=""1058"" data-end=""1075""><strong data-start=""1058"" data-end=""1075"">Key Features:</strong></p>
<ul data-start=""1076"" data-end=""1363"">
<li data-section-id=""15fiykv"" data-start=""1076"" data-end=""1120"">Elegant V-neck design for a stylish look</li>
<li data-section-id=""3pudom"" data-start=""1121"" data-end=""1164"">Soft, breathable &amp; skin-friendly fabric</li>
<li data-section-id=""f46jwt"" data-start=""1165"" data-end=""1200"">Relaxed fit for maximum comfort</li>
<li data-section-id=""1o7fn0j"" data-start=""1201"" data-end=""1247"">Elastic waistband for flexibility and ease</li>
<li data-section-id=""3cr6xy"" data-start=""1248"" data-end=""1282"">Trendy colored butterfly print</li>
<li data-section-id=""arqrzc"" data-start=""1283"" data-end=""1315"">Available in multiple colors</li>
<li data-section-id=""n8nixx"" data-start=""1316"" data-end=""1363"">Ideal for lounging, casual wear &amp; sleepwear</li>
</ul>
<p data-start=""1365"" data-end=""1462""><strong data-start=""1365"" data-end=""1376"">Fabric:</strong> Premium Cotton Blend<br data-start=""1397"" data-end=""1400""><strong data-start=""1400"" data-end=""1408"">Fit:</strong> Relaxed / Comfortable<br data-start=""1430"" data-end=""1433""><strong data-start=""1433"" data-end=""1444"">Season:</strong> All Season Wear</p>",BBG FASHION CLOTHING STORE,Apparel & Accessories > Clothing > Sleepwear & Loungewear > Loungewear,Article 56,Loungewear,true,Size,Medium,,,,,,,,'10743425,0.5,,0,deny,manual,1599.00,,true,false,,,,,'10743425,https://cdn.shopify.com/s/files/1/0618/2368/0740/files/WhatsAppImage2026-06-02at5.47.00PM_3.jpg?v=1780408741,1,"",false,,"Shop women’s colored butterfly V-neck lounge wear in Pakistan. Soft, breathable and stylish 2-piece set available in multiple colors for everyday comfort.",5713,,adult,,,,,,,,,,,,,adults,,,,,animal,,,cotton,,,,,,,,,,girls,,,,,,,,g,,,true,,,active
women-v-neck-lounge-wear-colored-butterfly-lemon-yellow,,,,,,,,,Large,,,,,,,,'10743426,0.5,,0,deny,manual,1599.00,,true,false,,,,,'10743426,https://cdn.shopify.com/s/files/1/0618/2368/0740/files/WhatsAppImage2026-06-02at5.47.01PM_1.jpg?v=1780408741,2,"",,,,,,,,,,,,,,,,,,,,,,,,,,,,,,,,,,,,,,,,,,,,,g,,,,,,
women-v-neck-lounge-wear-colored-butterfly-lemon-yellow,,,,,,,,,XL,,,,,,,,'10743427,0.5,,0,deny,manual,1699.00,,true,false,,,,,'10743427,https://cdn.shopify.com/s/files/1/0618/2368/0740/files/WhatsAppImage2026-06-02at5.47.01PM.jpg?v=1780408741,3,"",,,,,,,,,,,,,,,,,,,,,,,,,,,,,,,,,,,,,,,,,,,,,g,,,,,,
women-v-neck-lounge-wear-colored-butterfly-lemon-yellow,,,,,,,,,XXL,,,,,,,,'10743428,0.5,,0,deny,manual,1799.00,,true,false,,,,,'10743428,https://cdn.shopify.com/s/files/1/0618/2368/0740/files/Screenshot_2026-02-03_155735_540x_360x_605bc450-fc33-443d-a2a9-9b9c87f9252a.webp?v=1777038518,4,"",,,,,,,,,,,,,,,,,,,,,,,,,,,,,,,,,,,,,,,,,,,,,g,,,,,,
women-round-neck-lounge-wear-love-color-lemon-yellow,Women Round-Neck Lounge Wear | Love Color - Lemon Yellow,"<h4><strong>Women Round-Neck Lounge Wear | Love Color - Lemon Yellow</strong></h4>
<p data-start=""124"" data-end=""394"">Add a splash of color to your comfort wear with our<span> </span><strong data-start=""176"" data-end=""221"">Women Round-Neck Lounge Wear | Love Color</strong><span> </span>set. Designed for women who love vibrant style with everyday ease, this two-piece outfit includes a relaxed-fit top and flowy wide-leg trousers—perfect for all-day comfort.</p>
<p data-start=""396"" data-end=""632"">The highlight is the bold and artistic<span> </span><strong data-start=""435"" data-end=""457"">“Love Color” print</strong>, featuring a beautifully detailed heart filled with colorful patterns and the word<span> </span><em data-start=""541"" data-end=""547"">LOVE</em><span> </span>at the center. It brings a cheerful, expressive vibe that instantly lifts your look.</p>
<p data-start=""634"" data-end=""878"">Made from soft, breathable fabric, this lounge set feels gentle on the skin and keeps you comfortable whether you're relaxing at home, working, or stepping out casually. The loose silhouette offers a flattering fit while allowing easy movement.</p>
<p data-start=""880"" data-end=""970"">Available in<span> </span><strong data-start=""893"" data-end=""912"">multiple colors</strong>, so you can match your mood—soft tones or vibrant shades.</p>
<p data-start=""972"" data-end=""991""><strong data-start=""972"" data-end=""989"">Key Features:</strong></p>
<ul data-start=""992"" data-end=""1264"">
<li data-section-id=""11ypm3m"" data-start=""992"" data-end=""1040"">
<p data-start=""994"" data-end=""1040"">Soft &amp; breathable fabric for maximum comfort</p>
</li>
<li data-section-id=""3usf87"" data-start=""1041"" data-end=""1084"">
<p data-start=""1043"" data-end=""1084"">Eye-catching<span> </span><strong data-start=""1056"" data-end=""1070"">Love Color</strong><span> </span>heart print</p>
</li>
<li data-section-id=""kpwa53"" data-start=""1085"" data-end=""1133"">
<p data-start=""1087"" data-end=""1133"">Relaxed round-neck top with straight sleeves</p>
</li>
<li data-section-id=""daa0rm"" data-start=""1134"" data-end=""1184"">
<p data-start=""1136"" data-end=""1184"">Flowy wide-leg trousers with elastic waistband</p>
</li>
<li data-section-id=""4v4odh"" data-start=""1185"" data-end=""1231"">
<p data-start=""1187"" data-end=""1231"">Perfect for lounging, casual wear &amp; travel</p>
</li>
<li data-section-id=""arqrzc"" data-start=""1232"" data-end=""1264"">
<p data-start=""1234"" data-end=""1264"">Available in multiple colors</p>
</li>
</ul>",BBG FASHION CLOTHING STORE,Apparel & Accessories > Clothing > Sleepwear & Loungewear > Loungewear,Article 52,Loungewear,true,Size,Medium,,,,,,,,'10743421,0.5,shopify,99,deny,manual,1599.00,,true,false,,,,,'10743421,https://cdn.shopify.com/s/files/1/0618/2368/0740/files/WhatsAppImage2026-06-05at4.59.39PM_1.jpg?v=1780662123,1,"",false,,"Shop Women Round-Neck Lounge Wear | Love Color in multiple colors. Soft, breathable fabric with vibrant heart print—perfect for stylish everyday comfort.",5713,,adult,,,,,,,,,,,,,adults,,,,,yellow-1,,,,,,,,,,,,,girls,,,,,,,,g,,,true,,,active
women-round-neck-lounge-wear-love-color-lemon-yellow,,,,,,,,,Large,,,,,,,,'10743422,0.5,shopify,99,deny,manual,1599.00,,true,false,,,,,'10743422,https://cdn.shopify.com/s/files/1/0618/2368/0740/files/WhatsAppImage2026-06-05at4.59.39PM.jpg?v=1780662123,2,"",,,,,,,,,,,,,,,,,,,,,,,,,,,,,,,,,,,,,,,,,,,,,g,,,,,,
women-round-neck-lounge-wear-love-color-lemon-yellow,,,,,,,,,XL,,,,,,,,'10743423,0.5,shopify,99,deny,manual,1699.00,,true,false,,,,,'10743423,https://cdn.shopify.com/s/files/1/0618/2368/0740/files/WhatsAppImage2026-06-05at4.59.38PM.jpg?v=1780662123,3,"",,,,,,,,,,,,,,,,,,,,,,,,,,,,,,,,,,,,,,,,,,,,,g,,,,,,
women-round-neck-lounge-wear-love-color-lemon-yellow,,,,,,,,,XXL,,,,,,,,'10743424,0.5,shopify,99,deny,manual,1799.00,,true,false,,,,,'10743424,https://cdn.shopify.com/s/files/1/0618/2368/0740/files/Screenshot_2026-02-03_155735_540x_360x_605bc450-fc33-443d-a2a9-9b9c87f9252a.webp?v=1777038518,4,"",,,,,,,,,,,,,,,,,,,,,,,,,,,,,,,,,,,,,,,,,,,,,g,,,,,,
women-v-neck-lounge-wear-colored-butterfly-navy-blue,Women V-Neck Lounge Wear | Colored Butterfly - Navy Blue,"<h4>Women V-Neck Lounge Wear | Colored Butterfly - Navy Blue</h4>
<p data-start=""299"" data-end=""468"">Stay comfortable while looking effortlessly stylish with our <strong data-start=""360"" data-end=""416"">Women V-Neck Lounge Wear | Colored Butterfly Edition</strong> — designed for everyday ease with a touch of charm.</p>
<p data-start=""470"" data-end=""755"">This 2-piece set features a <strong data-start=""498"" data-end=""552"">flattering V-neck top paired with matching bottoms</strong>, offering a relaxed fit that feels soft and breathable on the skin. The eye-catching <strong data-start=""638"" data-end=""666"">colored butterfly design</strong> adds a vibrant and feminine detail, making this outfit both comfortable and fashionable.</p>
<p data-start=""757"" data-end=""954"">Available in multiple beautiful colors, this lounge wear set lets you choose your perfect style for every mood — whether you're relaxing at home, stepping out for errands, or enjoying a casual day.</p>
<p data-start=""956"" data-end=""1056"">Crafted for all-day wear, it combines comfort, flexibility, and modern design in one perfect outfit.</p>
<p data-start=""1058"" data-end=""1075""><strong data-start=""1058"" data-end=""1075"">Key Features:</strong></p>
<ul data-start=""1076"" data-end=""1363"">
<li data-section-id=""15fiykv"" data-start=""1076"" data-end=""1120"">Elegant V-neck design for a stylish look</li>
<li data-section-id=""3pudom"" data-start=""1121"" data-end=""1164"">Soft, breathable &amp; skin-friendly fabric</li>
<li data-section-id=""f46jwt"" data-start=""1165"" data-end=""1200"">Relaxed fit for maximum comfort</li>
<li data-section-id=""1o7fn0j"" data-start=""1201"" data-end=""1247"">Elastic waistband for flexibility and ease</li>
<li data-section-id=""3cr6xy"" data-start=""1248"" data-end=""1282"">Trendy colored butterfly print</li>
<li data-section-id=""arqrzc"" data-start=""1283"" data-end=""1315"">Available in multiple colors</li>
<li data-section-id=""n8nixx"" data-start=""1316"" data-end=""1363"">Ideal for lounging, casual wear &amp; sleepwear</li>
</ul>
<p data-start=""1365"" data-end=""1462""><strong data-start=""1365"" data-end=""1376"">Fabric:</strong> Premium Cotton Blend<br data-start=""1397"" data-end=""1400""><strong data-start=""1400"" data-end=""1408"">Fit:</strong> Relaxed / Comfortable<br data-start=""1430"" data-end=""1433""><strong data-start=""1433"" data-end=""1444"">Season:</strong> All Season Wear</p>",BBG FASHION CLOTHING STORE,Apparel & Accessories > Clothing > Sleepwear & Loungewear > Loungewear,Article 56,Loungewear,true,Size,Medium,,,,,,,,'10743417,0.5,,0,deny,manual,1599.00,,true,false,,,,,'10743417,https://cdn.shopify.com/s/files/1/0618/2368/0740/files/WhatsAppImage2026-06-02at5.47.02PM_1.jpg?v=1780409045,1,"",false,,"Shop women’s colored butterfly V-neck lounge wear in Pakistan. Soft, breathable and stylish 2-piece set available in multiple colors for everyday comfort.",5713,,adult,,,,,,,,,,,,,adults,,,,,animal,,,cotton,,,,,,,,,,girls,,,,,,,,g,,,true,,,active
women-v-neck-lounge-wear-colored-butterfly-navy-blue,,,,,,,,,Large,,,,,,,,'10743418,0.5,,0,deny,manual,1599.00,,true,false,,,,,'10743418,https://cdn.shopify.com/s/files/1/0618/2368/0740/files/WhatsAppImage2026-06-02at5.47.02PM_2.jpg?v=1780409043,2,"",,,,,,,,,,,,,,,,,,,,,,,,,,,,,,,,,,,,,,,,,,,,,g,,,,,,
women-v-neck-lounge-wear-colored-butterfly-navy-blue,,,,,,,,,XL,,,,,,,,'10743419,0.5,,0,deny,manual,1699.00,,true,false,,,,,'10743419,https://cdn.shopify.com/s/files/1/0618/2368/0740/files/WhatsAppImage2026-06-02at5.47.02PM.jpg?v=1780409043,3,"",,,,,,,,,,,,,,,,,,,,,,,,,,,,,,,,,,,,,,,,,,,,,g,,,,,,
women-v-neck-lounge-wear-colored-butterfly-navy-blue,,,,,,,,,XXL,,,,,,,,'10743420,0.5,,0,deny,manual,1799.00,,true,false,,,,,'10743420,https://cdn.shopify.com/s/files/1/0618/2368/0740/files/Screenshot_2026-02-03_155735_540x_360x_605bc450-fc33-443d-a2a9-9b9c87f9252a.webp?v=1777038518,4,"",,,,,,,,,,,,,,,,,,,,,,,,,,,,,,,,,,,,,,,,,,,,,g,,,,,,
women-v-neck-lounge-wear-colored-butterfly-rusty,Women V-Neck Lounge Wear | Colored Butterfly - Rusty,"<h4>Women V-Neck Lounge Wear | Colored Butterfly - Rusty</h4>
<p data-start=""299"" data-end=""468"">Stay comfortable while looking effortlessly stylish with our <strong data-start=""360"" data-end=""416"">Women V-Neck Lounge Wear | Colored Butterfly Edition</strong> — designed for everyday ease with a touch of charm.</p>
<p data-start=""470"" data-end=""755"">This 2-piece set features a <strong data-start=""498"" data-end=""552"">flattering V-neck top paired with matching bottoms</strong>, offering a relaxed fit that feels soft and breathable on the skin. The eye-catching <strong data-start=""638"" data-end=""666"">colored butterfly design</strong> adds a vibrant and feminine detail, making this outfit both comfortable and fashionable.</p>
<p data-start=""757"" data-end=""954"">Available in multiple beautiful colors, this lounge wear set lets you choose your perfect style for every mood — whether you're relaxing at home, stepping out for errands, or enjoying a casual day.</p>
<p data-start=""956"" data-end=""1056"">Crafted for all-day wear, it combines comfort, flexibility, and modern design in one perfect outfit.</p>
<p data-start=""1058"" data-end=""1075""><strong data-start=""1058"" data-end=""1075"">Key Features:</strong></p>
<ul data-start=""1076"" data-end=""1363"">
<li data-section-id=""15fiykv"" data-start=""1076"" data-end=""1120"">Elegant V-neck design for a stylish look</li>
<li data-section-id=""3pudom"" data-start=""1121"" data-end=""1164"">Soft, breathable &amp; skin-friendly fabric</li>
<li data-section-id=""f46jwt"" data-start=""1165"" data-end=""1200"">Relaxed fit for maximum comfort</li>
<li data-section-id=""1o7fn0j"" data-start=""1201"" data-end=""1247"">Elastic waistband for flexibility and ease</li>
<li data-section-id=""3cr6xy"" data-start=""1248"" data-end=""1282"">Trendy colored butterfly print</li>
<li data-section-id=""arqrzc"" data-start=""1283"" data-end=""1315"">Available in multiple colors</li>
<li data-section-id=""n8nixx"" data-start=""1316"" data-end=""1363"">Ideal for lounging, casual wear &amp; sleepwear</li>
</ul>
<p data-start=""1365"" data-end=""1462""><strong data-start=""1365"" data-end=""1376"">Fabric:</strong> Premium Cotton Blend<br data-start=""1397"" data-end=""1400""><strong data-start=""1400"" data-end=""1408"">Fit:</strong> Relaxed / Comfortable<br data-start=""1430"" data-end=""1433""><strong data-start=""1433"" data-end=""1444"">Season:</strong> All Season Wear</p>",BBG FASHION CLOTHING STORE,Apparel & Accessories > Clothing > Sleepwear & Loungewear > Loungewear,Article 56,Loungewear,true,Size,Medium,,,,,,,,'10743413,0.5,,-1,deny,manual,1599.00,,true,false,,,,,'10743413,https://cdn.shopify.com/s/files/1/0618/2368/0740/files/WhatsAppImage2026-06-02at5.30.41PM_1.jpg?v=1780408869,1,"",false,,"Shop women’s colored butterfly V-neck lounge wear in Pakistan. Soft, breathable and stylish 2-piece set available in multiple colors for everyday comfort.",5713,,adult,,,,,,,,,,,,,adults,,,,,pink-1-1; animal,,,cotton,,,,,,,,,,girls,,,,,,,,g,,,true,,,active
women-v-neck-lounge-wear-colored-butterfly-rusty,,,,,,,,,Large,,,,,,,,'10743414,0.5,,0,deny,manual,1599.00,,true,false,,,,,'10743414,https://cdn.shopify.com/s/files/1/0618/2368/0740/files/WhatsAppImage2026-06-02at5.30.41PM.jpg?v=1780408869,2,"",,,,,,,,,,,,,,,,,,,,,,,,,,,,,,,,,,,,,,,,,,,,,g,,,,,,
women-v-neck-lounge-wear-colored-butterfly-rusty,,,,,,,,,XL,,,,,,,,'10743415,0.5,,0,deny,manual,1699.00,,true,false,,,,,'10743415,https://cdn.shopify.com/s/files/1/0618/2368/0740/files/WhatsAppImage2026-06-02at5.30.42PM.jpg?v=1780408869,3,"",,,,,,,,,,,,,,,,,,,,,,,,,,,,,,,,,,,,,,,,,,,,,g,,,,,,
women-v-neck-lounge-wear-colored-butterfly-rusty,,,,,,,,,XLL,,,,,,,,'10743416,0.5,,0,deny,manual,1799.00,,true,false,,,,,'10743416,https://cdn.shopify.com/s/files/1/0618/2368/0740/files/Screenshot_2026-02-03_155735_540x_360x_605bc450-fc33-443d-a2a9-9b9c87f9252a.webp?v=1777038518,4,"",,,,,,,,,,,,,,,,,,,,,,,,,,,,,,,,,,,,,,,,,,,,,g,,,,,,
women-round-neck-lounge-wear-love-color-navy-blue,Women Round-Neck Lounge Wear | Love Color - Navy Blue,"<h4><strong>Women Round-Neck Lounge Wear | Love Color - Navy Blue</strong></h4>
<p data-start=""124"" data-end=""394"">Add a splash of color to your comfort wear with our<span> </span><strong data-start=""176"" data-end=""221"">Women Round-Neck Lounge Wear | Love Color</strong><span> </span>set. Designed for women who love vibrant style with everyday ease, this two-piece outfit includes a relaxed-fit top and flowy wide-leg trousers—perfect for all-day comfort.</p>
<p data-start=""396"" data-end=""632"">The highlight is the bold and artistic<span> </span><strong data-start=""435"" data-end=""457"">“Love Color” print</strong>, featuring a beautifully detailed heart filled with colorful patterns and the word<span> </span><em data-start=""541"" data-end=""547"">LOVE</em><span> </span>at the center. It brings a cheerful, expressive vibe that instantly lifts your look.</p>
<p data-start=""634"" data-end=""878"">Made from soft, breathable fabric, this lounge set feels gentle on the skin and keeps you comfortable whether you're relaxing at home, working, or stepping out casually. The loose silhouette offers a flattering fit while allowing easy movement.</p>
<p data-start=""880"" data-end=""970"">Available in<span> </span><strong data-start=""893"" data-end=""912"">multiple colors</strong>, so you can match your mood—soft tones or vibrant shades.</p>
<p data-start=""972"" data-end=""991""><strong data-start=""972"" data-end=""989"">Key Features:</strong></p>
<ul data-start=""992"" data-end=""1264"">
<li data-section-id=""11ypm3m"" data-start=""992"" data-end=""1040"">
<p data-start=""994"" data-end=""1040"">Soft &amp; breathable fabric for maximum comfort</p>
</li>
<li data-section-id=""3usf87"" data-start=""1041"" data-end=""1084"">
<p data-start=""1043"" data-end=""1084"">Eye-catching<span> </span><strong data-start=""1056"" data-end=""1070"">Love Color</strong><span> </span>heart print</p>
</li>
<li data-section-id=""kpwa53"" data-start=""1085"" data-end=""1133"">
<p data-start=""1087"" data-end=""1133"">Relaxed round-neck top with straight sleeves</p>
</li>
<li data-section-id=""daa0rm"" data-start=""1134"" data-end=""1184"">
<p data-start=""1136"" data-end=""1184"">Flowy wide-leg trousers with elastic waistband</p>
</li>
<li data-section-id=""4v4odh"" data-start=""1185"" data-end=""1231"">
<p data-start=""1187"" data-end=""1231"">Perfect for lounging, casual wear &amp; travel</p>
</li>
<li data-section-id=""arqrzc"" data-start=""1232"" data-end=""1264"">
<p data-start=""1234"" data-end=""1264"">Available in multiple colors</p>
</li>
</ul>",BBG FASHION CLOTHING STORE,Apparel & Accessories > Clothing > Sleepwear & Loungewear > Loungewear,Article 52,Loungewear,true,Size,Medium,,,,,,,,'10743409,0.0,shopify,99,deny,manual,1599.00,,true,false,,,,,'10743409,https://cdn.shopify.com/s/files/1/0618/2368/0740/files/WhatsAppImage2026-06-05at4.31.45PM_3.jpg?v=1780662219,1,"",false,,"Shop Women Round-Neck Lounge Wear | Love Color in multiple colors. Soft, breathable fabric with vibrant heart print—perfect for stylish everyday comfort.",5713,,adult,,,,,,,,,,,,,adults,,,,,pink-1-1,,,synthetic,,,,,,,,,,girls,,,,,,,,g,,,true,,,active
women-round-neck-lounge-wear-love-color-navy-blue,,,,,,,,,Large,,,,,,,,'10743410,0.0,shopify,99,deny,manual,1699.00,,true,false,,,,,'10743410,https://cdn.shopify.com/s/files/1/0618/2368/0740/files/WhatsAppImage2026-06-05at4.31.45PM.jpg?v=1780662219,2,"",,,,,,,,,,,,,,,,,,,,,,,,,,,,,,,,,,,,,,,,,,,,,g,,,,,,
women-round-neck-lounge-wear-love-color-navy-blue,,,,,,,,,XL,,,,,,,,'10743411,0.0,shopify,99,deny,manual,1699.00,,true,false,,,,,'10743411,https://cdn.shopify.com/s/files/1/0618/2368/0740/files/WhatsAppImage2026-06-05at4.31.45PM_2.jpg?v=1780662219,3,"",,,,,,,,,,,,,,,,,,,,,,,,,,,,,,,,,,,,,,,,,,,,,g,,,,,,
women-round-neck-lounge-wear-love-color-navy-blue,,,,,,,,,XXL,,,,,,,,'10743412,0.0,shopify,99,deny,manual,1799.00,,true,false,,,,,'10743412,https://cdn.shopify.com/s/files/1/0618/2368/0740/files/Screenshot_2026-02-03_155735_540x_360x_605bc450-fc33-443d-a2a9-9b9c87f9252a.webp?v=1777038518,4,"",,,,,,,,,,,,,,,,,,,,,,,,,,,,,,,,,,,,,,,,,,,,,g,,,,,,
women-round-neck-lounge-wear-love-color-rusty,Women Round-Neck Lounge Wear | Love Color - Rusty,"<h4><strong>Women Round-Neck Lounge Wear | Love Color - Rusty</strong></h4>
<p data-start=""124"" data-end=""394"">Add a splash of color to your comfort wear with our<span> </span><strong data-start=""176"" data-end=""221"">Women Round-Neck Lounge Wear | Love Color</strong><span> </span>set. Designed for women who love vibrant style with everyday ease, this two-piece outfit includes a relaxed-fit top and flowy wide-leg trousers—perfect for all-day comfort.</p>
<p data-start=""396"" data-end=""632"">The highlight is the bold and artistic<span> </span><strong data-start=""435"" data-end=""457"">“Love Color” print</strong>, featuring a beautifully detailed heart filled with colorful patterns and the word<span> </span><em data-start=""541"" data-end=""547"">LOVE</em><span> </span>at the center. It brings a cheerful, expressive vibe that instantly lifts your look.</p>
<p data-start=""634"" data-end=""878"">Made from soft, breathable fabric, this lounge set feels gentle on the skin and keeps you comfortable whether you're relaxing at home, working, or stepping out casually. The loose silhouette offers a flattering fit while allowing easy movement.</p>
<p data-start=""880"" data-end=""970"">Available in<span> </span><strong data-start=""893"" data-end=""912"">multiple colors</strong>, so you can match your mood—soft tones or vibrant shades.</p>
<p data-start=""972"" data-end=""991""><strong data-start=""972"" data-end=""989"">Key Features:</strong></p>
<ul data-start=""992"" data-end=""1264"">
<li data-section-id=""11ypm3m"" data-start=""992"" data-end=""1040"">
<p data-start=""994"" data-end=""1040"">Soft &amp; breathable fabric for maximum comfort</p>
</li>
<li data-section-id=""3usf87"" data-start=""1041"" data-end=""1084"">
<p data-start=""1043"" data-end=""1084"">Eye-catching<span> </span><strong data-start=""1056"" data-end=""1070"">Love Color</strong><span> </span>heart print</p>
</li>
<li data-section-id=""kpwa53"" data-start=""1085"" data-end=""1133"">
<p data-start=""1087"" data-end=""1133"">Relaxed round-neck top with straight sleeves</p>
</li>
<li data-section-id=""daa0rm"" data-start=""1134"" data-end=""1184"">
<p data-start=""1136"" data-end=""1184"">Flowy wide-leg trousers with elastic waistband</p>
</li>
<li data-section-id=""4v4odh"" data-start=""1185"" data-end=""1231"">
<p data-start=""1187"" data-end=""1231"">Perfect for lounging, casual wear &amp; travel</p>
</li>
<li data-section-id=""arqrzc"" data-start=""1232"" data-end=""1264"">
<p data-start=""1234"" data-end=""1264"">Available in multiple colors</p>
</li>
</ul>",BBG FASHION CLOTHING STORE,Apparel & Accessories > Clothing > Sleepwear & Loungewear > Loungewear,Article 52,Loungewear,true,size,Medium,,,,,,,,'10743405,0.0,shopify,99,deny,manual,1599.00,,true,false,,,,,'10743405,https://cdn.shopify.com/s/files/1/0618/2368/0740/files/a_2.jpg?v=1780662309,1,"",false,,"Shop Women Round-Neck Lounge Wear | Love Color in multiple colors. Soft, breathable fabric with vibrant heart print—perfect for stylish everyday comfort.",5713,,adult,,,,,,,,,,,,,adults,,,,,pink-1-1,,,synthetic,,,,,,,,,,girls,,,,,,,,g,,,true,,,active
women-round-neck-lounge-wear-love-color-rusty,,,,,,,,,Large,,,,,,,,'10743406,0.0,shopify,99,deny,manual,1599.00,,true,false,,,,,'10743406,https://cdn.shopify.com/s/files/1/0618/2368/0740/files/a_3.jpg?v=1780662308,2,"",,,,,,,,,,,,,,,,,,,,,,,,,,,,,,,,,,,,,,,,,,,,,g,,,,,,
women-round-neck-lounge-wear-love-color-rusty,,,,,,,,,XL,,,,,,,,'10743407,0.0,shopify,99,deny,manual,1699.00,,true,false,,,,,'10743407,https://cdn.shopify.com/s/files/1/0618/2368/0740/files/a_1.jpg?v=1780662308,3,"",,,,,,,,,,,,,,,,,,,,,,,,,,,,,,,,,,,,,,,,,,,,,g,,,,,,
women-round-neck-lounge-wear-love-color-rusty,,,,,,,,,XXL,,,,,,,,'10743408,0.0,shopify,99,deny,manual,1799.00,,true,false,,,,,'10743408,https://cdn.shopify.com/s/files/1/0618/2368/0740/files/Screenshot_2026-02-03_155735_540x_360x_605bc450-fc33-443d-a2a9-9b9c87f9252a.webp?v=1777038518,4,"",,,,,,,,,,,,,,,,,,,,,,,,,,,,,,,,,,,,,,,,,,,,,g,,,,,,
women-round-neck-lounge-wear-love-color-black,Women Round-Neck Lounge Wear | Love Color - Black,"<h4><strong>Women Round-Neck Lounge Wear | Love Color - Black</strong></h4>
<p data-start=""124"" data-end=""394"">Add a splash of color to your comfort wear with our<span> </span><strong data-start=""176"" data-end=""221"">Women Round-Neck Lounge Wear | Love Color</strong><span> </span>set. Designed for women who love vibrant style with everyday ease, this two-piece outfit includes a relaxed-fit top and flowy wide-leg trousers—perfect for all-day comfort.</p>
<p data-start=""396"" data-end=""632"">The highlight is the bold and artistic<span> </span><strong data-start=""435"" data-end=""457"">“Love Color” print</strong>, featuring a beautifully detailed heart filled with colorful patterns and the word<span> </span><em data-start=""541"" data-end=""547"">LOVE</em><span> </span>at the center. It brings a cheerful, expressive vibe that instantly lifts your look.</p>
<p data-start=""634"" data-end=""878"">Made from soft, breathable fabric, this lounge set feels gentle on the skin and keeps you comfortable whether you're relaxing at home, working, or stepping out casually. The loose silhouette offers a flattering fit while allowing easy movement.</p>
<p data-start=""880"" data-end=""970"">Available in<span> </span><strong data-start=""893"" data-end=""912"">multiple colors</strong>, so you can match your mood—soft tones or vibrant shades.</p>
<p data-start=""972"" data-end=""991""><strong data-start=""972"" data-end=""989"">Key Features:</strong></p>
<ul data-start=""992"" data-end=""1264"">
<li data-section-id=""11ypm3m"" data-start=""992"" data-end=""1040"">
<p data-start=""994"" data-end=""1040"">Soft &amp; breathable fabric for maximum comfort</p>
</li>
<li data-section-id=""3usf87"" data-start=""1041"" data-end=""1084"">
<p data-start=""1043"" data-end=""1084"">Eye-catching<span> </span><strong data-start=""1056"" data-end=""1070"">Love Color</strong><span> </span>heart print</p>
</li>
<li data-section-id=""kpwa53"" data-start=""1085"" data-end=""1133"">
<p data-start=""1087"" data-end=""1133"">Relaxed round-neck top with straight sleeves</p>
</li>
<li data-section-id=""daa0rm"" data-start=""1134"" data-end=""1184"">
<p data-start=""1136"" data-end=""1184"">Flowy wide-leg trousers with elastic waistband</p>
</li>
<li data-section-id=""4v4odh"" data-start=""1185"" data-end=""1231"">
<p data-start=""1187"" data-end=""1231"">Perfect for lounging, casual wear &amp; travel</p>
</li>
<li data-section-id=""arqrzc"" data-start=""1232"" data-end=""1264"">
<p data-start=""1234"" data-end=""1264"">Available in multiple colors</p>
</li>
</ul>",BBG FASHION,Apparel & Accessories > Clothing > Sleepwear & Loungewear,Article 52,"Loungewear, NEW ARRIVAL, woo",true,Size,medium,product.metafields.shopify.size,,,,,,,'10743401,500.0,shopify,99,deny,manual,1599.00,,true,false,,,,,'10743401,https://cdn.shopify.com/s/files/1/0618/2368/0740/files/WhatsAppImage2026-06-05at3.36.23PM.jpg?v=1780656587,1,"",false,,"Shop Women Round-Neck Lounge Wear | Love Color in multiple colors. Soft, breathable fabric with vibrant heart print—perfect for stylish everyday comfort.",,,,,,,,,,,,,,,,,,,,,,,,,,,,,,,medium; large; xl; xxl,,,,,,,,,,,g,,,true,,,active
women-round-neck-lounge-wear-love-color-black,,,,,,,,,large,,,,,,,,'10743402,500.0,shopify,99,deny,manual,1599.00,,true,false,,,,,'10743402,https://cdn.shopify.com/s/files/1/0618/2368/0740/files/WhatsAppImage2026-06-05at3.36.22PM.jpg?v=1780656587,2,"",,,,,,,,,,,,,,,,,,,,,,,,,,,,,,,,,,,,,,,,,,,,,g,,,,,,
women-round-neck-lounge-wear-love-color-black,,,,,,,,,xl,,,,,,,,'10743403,500.0,shopify,99,deny,manual,1699.00,,true,false,,,,,'10743403,https://cdn.shopify.com/s/files/1/0618/2368/0740/files/WhatsAppImage2026-06-05at3.36.22PM_1.jpg?v=1780656587,3,"",,,,,,,,,,,,,,,,,,,,,,,,,,,,,,,,,,,,,,,,,,,,,g,,,,,,
women-round-neck-lounge-wear-love-color-black,,,,,,,,,xxl,,,,,,,,'10743404,500.0,shopify,98,deny,manual,1799.00,,true,false,,,,,'10743404,https://cdn.shopify.com/s/files/1/0618/2368/0740/files/Sizechart_bb6790ab-7540-4768-835a-cadcd6add23c.webp?v=1738249099,4,Never Giveup Loungewear Article 52 size chart - measurements guide,,,,,,,,,,,,,,,,,,,,,,,,,,,,,,,,,,,,,,,,,,,,,g,,,,,,
women-v-neck-lounge-wear-colored-butterfly-red,Women V-Neck Lounge Wear | Colored Butterfly - Red,"<h4>Women V-Neck Lounge Wear | Colored Butterfly - Red</h4>
<p data-start=""299"" data-end=""468"">Stay comfortable while looking effortlessly stylish with our <strong data-start=""360"" data-end=""416"">Women V-Neck Lounge Wear | Colored Butterfly Edition</strong> — designed for everyday ease with a touch of charm.</p>
<p data-start=""470"" data-end=""755"">This 2-piece set features a <strong data-start=""498"" data-end=""552"">flattering V-neck top paired with matching bottoms</strong>, offering a relaxed fit that feels soft and breathable on the skin. The eye-catching <strong data-start=""638"" data-end=""666"">colored butterfly design</strong> adds a vibrant and feminine detail, making this outfit both comfortable and fashionable.</p>
<p data-start=""757"" data-end=""954"">Available in multiple beautiful colors, this lounge wear set lets you choose your perfect style for every mood — whether you're relaxing at home, stepping out for errands, or enjoying a casual day.</p>
<p data-start=""956"" data-end=""1056"">Crafted for all-day wear, it combines comfort, flexibility, and modern design in one perfect outfit.</p>
<p data-start=""1058"" data-end=""1075""><strong data-start=""1058"" data-end=""1075"">Key Features:</strong></p>
<ul data-start=""1076"" data-end=""1363"">
<li data-section-id=""15fiykv"" data-start=""1076"" data-end=""1120"">Elegant V-neck design for a stylish look</li>
<li data-section-id=""3pudom"" data-start=""1121"" data-end=""1164"">Soft, breathable &amp; skin-friendly fabric</li>
<li data-section-id=""f46jwt"" data-start=""1165"" data-end=""1200"">Relaxed fit for maximum comfort</li>
<li data-section-id=""1o7fn0j"" data-start=""1201"" data-end=""1247"">Elastic waistband for flexibility and ease</li>
<li data-section-id=""3cr6xy"" data-start=""1248"" data-end=""1282"">Trendy colored butterfly print</li>
<li data-section-id=""arqrzc"" data-start=""1283"" data-end=""1315"">Available in multiple colors</li>
<li data-section-id=""n8nixx"" data-start=""1316"" data-end=""1363"">Ideal for lounging, casual wear &amp; sleepwear</li>
</ul>
<p data-start=""1365"" data-end=""1462""><strong data-start=""1365"" data-end=""1376"">Fabric:</strong> Premium Cotton Blend<br data-start=""1397"" data-end=""1400""><strong data-start=""1400"" data-end=""1408"">Fit:</strong> Relaxed / Comfortable<br data-start=""1430"" data-end=""1433""><strong data-start=""1433"" data-end=""1444"">Season:</strong> All Season Wear</p>",BBG FASHION CLOTHING STORE,Apparel & Accessories > Clothing > Sleepwear & Loungewear > Loungewear,Article 56,Loungewear,true,Size,Medium,,,,,,,,'10743375,0.5,shopify,1230,deny,manual,1599.00,,true,false,,,,,'10743375,https://cdn.shopify.com/s/files/1/0618/2368/0740/files/WhatsAppImage2026-06-02at5.29.10PM.jpg?v=1780408501,1,"",false,,"Shop women’s colored butterfly V-neck lounge wear in Pakistan. Soft, breathable and stylish 2-piece set available in multiple colors for everyday comfort.",5713,,adult,,,,,,,,,,,,,adults,,,,,animal,,,cotton,,,,,,,,,,girls,,,,,,,,g,,,true,,,active
women-v-neck-lounge-wear-colored-butterfly-red,,,,,,,,,Large,,,,,,,,'10743376,0.5,shopify,1230,deny,manual,1599.00,,true,false,,,,,'10743376,https://cdn.shopify.com/s/files/1/0618/2368/0740/files/WhatsAppImage2026-06-02at5.29.09PM.jpg?v=1780408501,2,"",,,,,,,,,,,,,,,,,,,,,,,,,,,,,,,,,,,,,,,,,,,,,g,,,,,,
women-v-neck-lounge-wear-colored-butterfly-red,,,,,,,,,XL,,,,,,,,'10743377,0.5,shopify,1230,deny,manual,1699.00,,true,false,,,,,'10743377,https://cdn.shopify.com/s/files/1/0618/2368/0740/files/WhatsAppImage2026-06-02at5.29.10PM_1.jpg?v=1780408502,3,"",,,,,,,,,,,,,,,,,,,,,,,,,,,,,,,,,,,,,,,,,,,,,g,,,,,,
women-v-neck-lounge-wear-colored-butterfly-red,,,,,,,,,XXL,,,,,,,,'10743378,0.5,shopify,1230,deny,manual,1799.00,,true,false,,,,,'10743378,https://cdn.shopify.com/s/files/1/0618/2368/0740/files/Screenshot_2026-02-03_155735_540x_360x_605bc450-fc33-443d-a2a9-9b9c87f9252a.webp?v=1777038518,4,"",,,,,,,,,,,,,,,,,,,,,,,,,,,,,,,,,,,,,,,,,,,,,g,,,,,,
women-round-neck-lounge-wear-colored-butterfly-sherwood-green,Women Round-Neck Lounge Wear | Colored Butterfly - Sherwood Green,"<h4 data-start=""105"" data-end=""407""><strong>Women Round-Neck Lounge Wear | Colored Butterfly - Sherwood Green</strong></h4>
<p data-start=""105"" data-end=""407"">Bring color and comfort together with our<span> </span><strong data-start=""147"" data-end=""199"">Women Round-Neck Lounge Wear | Colored Butterfly</strong><span> </span>set. Designed for everyday ease with a playful twist, this two-piece outfit includes a relaxed-fit round-neck top and flowy wide-leg trousers—perfect for staying stylish while feeling completely comfortable.</p>
<p data-start=""409"" data-end=""658"">The highlight is the eye-catching<span> </span><strong data-start=""443"" data-end=""472"">“Colored Butterfly” print</strong>, featuring a beautifully detailed butterfly made with vibrant floral elements. It adds a lively, cheerful touch to your look—perfect for those who love a pop of color in their wardrobe.</p>
<p data-start=""660"" data-end=""908"">Crafted from soft, breathable fabric, this lounge wear feels light on the skin and keeps you comfortable all day long. Whether you're at home, stepping out casually, or traveling, this set gives you effortless style without compromising on comfort.</p>
<p data-start=""910"" data-end=""1001"">Available in<span> </span><strong data-start=""923"" data-end=""942"">multiple colors</strong>, so you can choose your favorite vibe—from bold to subtle.</p>
<p data-start=""1003"" data-end=""1022""><strong data-start=""1003"" data-end=""1020"">Key Features:</strong></p>
<ul data-start=""1023"" data-end=""1297"">
<li data-section-id=""15vdfkq"" data-start=""1023"" data-end=""1071"">
<p data-start=""1025"" data-end=""1071"">Soft &amp; breathable fabric for all-day comfort</p>
</li>
<li data-section-id=""1tkuf9f"" data-start=""1072"" data-end=""1117"">
<p data-start=""1074"" data-end=""1117"">Vibrant<span> </span><strong data-start=""1082"" data-end=""1103"">Colored Butterfly</strong><span> </span>front print</p>
</li>
<li data-section-id=""kpwa53"" data-start=""1118"" data-end=""1166"">
<p data-start=""1120"" data-end=""1166"">Relaxed round-neck top with straight sleeves</p>
</li>
<li data-section-id=""daa0rm"" data-start=""1167"" data-end=""1217"">
<p data-start=""1169"" data-end=""1217"">Flowy wide-leg trousers with elastic waistband</p>
</li>
<li data-section-id=""4v4odh"" data-start=""1218"" data-end=""1264"">
<p data-start=""1220"" data-end=""1264"">Perfect for lounging, casual wear &amp; travel</p>
</li>
<li data-section-id=""arqrzc"" data-start=""1265"" data-end=""1297"">
<p data-start=""1267"" data-end=""1297"">Available in multiple colors</p>
</li>
</ul>",BBG FASHION,Apparel & Accessories > Clothing > Sleepwear & Loungewear,Article 52,"Loungewear, NEW ARRIVAL, woo",true,Size,medium,product.metafields.shopify.size,,,,,,,'10743371,500.0,shopify,99,deny,manual,1599.00,,true,false,,,,,'10743371,https://cdn.shopify.com/s/files/1/0618/2368/0740/files/WhatsAppImage2026-06-02at6.00.08PM_4.jpg?v=1780411857,1,"",false,,"Shop Women Round-Neck Lounge Wear | Colored Butterfly in multiple colors. Soft, breathable fabric with vibrant butterfly print—perfect for stylish everyday comfort.",,,,,,,,,,,,,,,,,,,,,,,,,,,,,,,medium; large; xl; xxl,,,,,,,,,,,g,,,true,,,active
women-round-neck-lounge-wear-colored-butterfly-sherwood-green,,,,,,,,,large,,,,,,,,'10743372,500.0,shopify,99,deny,manual,1599.00,,true,false,,,,,'10743372,https://cdn.shopify.com/s/files/1/0618/2368/0740/files/WhatsAppImage2026-06-02at6.00.08PM_5.jpg?v=1780411857,2,"",,,,,,,,,,,,,,,,,,,,,,,,,,,,,,,,,,,,,,,,,,,,,g,,,,,,
women-round-neck-lounge-wear-colored-butterfly-sherwood-green,,,,,,,,,xl,,,,,,,,'10743373,500.0,shopify,99,deny,manual,1699.00,,true,false,,,,,'10743373,https://cdn.shopify.com/s/files/1/0618/2368/0740/files/WhatsAppImage2026-06-02at6.00.08PM_3.jpg?v=1780411857,3,"",,,,,,,,,,,,,,,,,,,,,,,,,,,,,,,,,,,,,,,,,,,,,g,,,,,,
women-round-neck-lounge-wear-colored-butterfly-sherwood-green,,,,,,,,,xxl,,,,,,,,'10743374,500.0,shopify,99,deny,manual,1799.00,,true,false,,,,,'10743374,https://cdn.shopify.com/s/files/1/0618/2368/0740/files/Sizechart_bb6790ab-7540-4768-835a-cadcd6add23c.webp?v=1738249099,4,Never Giveup Loungewear Article 52 size chart - measurements guide,,,,,,,,,,,,,,,,,,,,,,,,,,,,,,,,,,,,,,,,,,,,,g,,,,,,
women-round-neck-lounge-wear-colored-butterfly-lemon-yellow,Women Round-Neck Lounge Wear | Colored Butterfly - Lemon Yellow,"<h4 data-start=""105"" data-end=""407""><strong>Women Round-Neck Lounge Wear | Colored Butterfly - Lemon Yellow</strong></h4>
<p data-start=""105"" data-end=""407"">Bring color and comfort together with our<span> </span><strong data-start=""147"" data-end=""199"">Women Round-Neck Lounge Wear | Colored Butterfly</strong><span> </span>set. Designed for everyday ease with a playful twist, this two-piece outfit includes a relaxed-fit round-neck top and flowy wide-leg trousers—perfect for staying stylish while feeling completely comfortable.</p>
<p data-start=""409"" data-end=""658"">The highlight is the eye-catching<span> </span><strong data-start=""443"" data-end=""472"">“Colored Butterfly” print</strong>, featuring a beautifully detailed butterfly made with vibrant floral elements. It adds a lively, cheerful touch to your look—perfect for those who love a pop of color in their wardrobe.</p>
<p data-start=""660"" data-end=""908"">Crafted from soft, breathable fabric, this lounge wear feels light on the skin and keeps you comfortable all day long. Whether you're at home, stepping out casually, or traveling, this set gives you effortless style without compromising on comfort.</p>
<p data-start=""910"" data-end=""1001"">Available in<span> </span><strong data-start=""923"" data-end=""942"">multiple colors</strong>, so you can choose your favorite vibe—from bold to subtle.</p>
<p data-start=""1003"" data-end=""1022""><strong data-start=""1003"" data-end=""1020"">Key Features:</strong></p>
<ul data-start=""1023"" data-end=""1297"">
<li data-section-id=""15vdfkq"" data-start=""1023"" data-end=""1071"">
<p data-start=""1025"" data-end=""1071"">Soft &amp; breathable fabric for all-day comfort</p>
</li>
<li data-section-id=""1tkuf9f"" data-start=""1072"" data-end=""1117"">
<p data-start=""1074"" data-end=""1117"">Vibrant<span> </span><strong data-start=""1082"" data-end=""1103"">Colored Butterfly</strong><span> </span>front print</p>
</li>
<li data-section-id=""kpwa53"" data-start=""1118"" data-end=""1166"">
<p data-start=""1120"" data-end=""1166"">Relaxed round-neck top with straight sleeves</p>
</li>
<li data-section-id=""daa0rm"" data-start=""1167"" data-end=""1217"">
<p data-start=""1169"" data-end=""1217"">Flowy wide-leg trousers with elastic waistband</p>
</li>
<li data-section-id=""4v4odh"" data-start=""1218"" data-end=""1264"">
<p data-start=""1220"" data-end=""1264"">Perfect for lounging, casual wear &amp; travel</p>
</li>
<li data-section-id=""arqrzc"" data-start=""1265"" data-end=""1297"">
<p data-start=""1267"" data-end=""1297"">Available in multiple colors</p>
</li>
</ul>",BBG FASHION,Apparel & Accessories > Clothing > Sleepwear & Loungewear,Article 52,"Loungewear, NEW ARRIVAL, woo",true,Size,medium,product.metafields.shopify.size,,,,,,,'10743363,500.0,shopify,99,deny,manual,1599.00,,true,false,,,,,'10743363,https://cdn.shopify.com/s/files/1/0618/2368/0740/files/WhatsAppImage2026-06-02at6.00.08PM_9.jpg?v=1780411979,1,"",false,,"Shop Women Round-Neck Lounge Wear | Colored Butterfly in multiple colors. Soft, breathable fabric with vibrant butterfly print—perfect for stylish everyday comfort.",,,,,,,,,,,,,,,,,,,,,,,,,,,,,,,medium; large; xl; xxl,,,,,,,,,,,g,,,true,,,active
women-round-neck-lounge-wear-colored-butterfly-lemon-yellow,,,,,,,,,large,,,,,,,,'10743364,500.0,shopify,99,deny,manual,1599.00,,true,false,,,,,'10743364,https://cdn.shopify.com/s/files/1/0618/2368/0740/files/WhatsAppImage2026-06-02at6.00.08PM_10.jpg?v=1780411979,2,"",,,,,,,,,,,,,,,,,,,,,,,,,,,,,,,,,,,,,,,,,,,,,g,,,,,,
women-round-neck-lounge-wear-colored-butterfly-lemon-yellow,,,,,,,,,xl,,,,,,,,'10743365,500.0,shopify,99,deny,manual,1699.00,,true,false,,,,,'10743365,https://cdn.shopify.com/s/files/1/0618/2368/0740/files/WhatsAppImage2026-06-02at6.00.08PM_11.jpg?v=1780411979,3,"",,,,,,,,,,,,,,,,,,,,,,,,,,,,,,,,,,,,,,,,,,,,,g,,,,,,
women-round-neck-lounge-wear-colored-butterfly-lemon-yellow,,,,,,,,,xxl,,,,,,,,'10743366,500.0,shopify,99,deny,manual,1799.00,,true,false,,,,,'10743366,https://cdn.shopify.com/s/files/1/0618/2368/0740/files/Sizechart_bb6790ab-7540-4768-835a-cadcd6add23c.webp?v=1738249099,4,Never Giveup Loungewear Article 52 size chart - measurements guide,,,,,,,,,,,,,,,,,,,,,,,,,,,,,,,,,,,,,,,,,,,,,g,,,,,,
women-round-neck-lounge-wear-colored-butterfly-red,Women Round-Neck Lounge Wear | Colored Butterfly - Red,"<h4 data-start=""105"" data-end=""407""><strong>Women Round-Neck Lounge Wear | Colored Butterfly - Red</strong></h4>
<p data-start=""105"" data-end=""407"">Bring color and comfort together with our<span> </span><strong data-start=""147"" data-end=""199"">Women Round-Neck Lounge Wear | Colored Butterfly</strong><span> </span>set. Designed for everyday ease with a playful twist, this two-piece outfit includes a relaxed-fit round-neck top and flowy wide-leg trousers—perfect for staying stylish while feeling completely comfortable.</p>
<p data-start=""409"" data-end=""658"">The highlight is the eye-catching<span> </span><strong data-start=""443"" data-end=""472"">“Colored Butterfly” print</strong>, featuring a beautifully detailed butterfly made with vibrant floral elements. It adds a lively, cheerful touch to your look—perfect for those who love a pop of color in their wardrobe.</p>
<p data-start=""660"" data-end=""908"">Crafted from soft, breathable fabric, this lounge wear feels light on the skin and keeps you comfortable all day long. Whether you're at home, stepping out casually, or traveling, this set gives you effortless style without compromising on comfort.</p>
<p data-start=""910"" data-end=""1001"">Available in<span> </span><strong data-start=""923"" data-end=""942"">multiple colors</strong>, so you can choose your favorite vibe—from bold to subtle.</p>
<p data-start=""1003"" data-end=""1022""><strong data-start=""1003"" data-end=""1020"">Key Features:</strong></p>
<ul data-start=""1023"" data-end=""1297"">
<li data-section-id=""15vdfkq"" data-start=""1023"" data-end=""1071"">
<p data-start=""1025"" data-end=""1071"">Soft &amp; breathable fabric for all-day comfort</p>
</li>
<li data-section-id=""1tkuf9f"" data-start=""1072"" data-end=""1117"">
<p data-start=""1074"" data-end=""1117"">Vibrant<span> </span><strong data-start=""1082"" data-end=""1103"">Colored Butterfly</strong><span> </span>front print</p>
</li>
<li data-section-id=""kpwa53"" data-start=""1118"" data-end=""1166"">
<p data-start=""1120"" data-end=""1166"">Relaxed round-neck top with straight sleeves</p>
</li>
<li data-section-id=""daa0rm"" data-start=""1167"" data-end=""1217"">
<p data-start=""1169"" data-end=""1217"">Flowy wide-leg trousers with elastic waistband</p>
</li>
<li data-section-id=""4v4odh"" data-start=""1218"" data-end=""1264"">
<p data-start=""1220"" data-end=""1264"">Perfect for lounging, casual wear &amp; travel</p>
</li>
<li data-section-id=""arqrzc"" data-start=""1265"" data-end=""1297"">
<p data-start=""1267"" data-end=""1297"">Available in multiple colors</p>
</li>
</ul>",BBG FASHION,Apparel & Accessories > Clothing > Sleepwear & Loungewear,Article 52,"Loungewear, NEW ARRIVAL, woo",true,Size,medium,product.metafields.shopify.size,,,,,,,'10743359,500.0,shopify,99,deny,manual,1599.00,,true,false,,,,,'10743359,https://cdn.shopify.com/s/files/1/0618/2368/0740/files/WhatsAppImage2026-06-02at6.10.27PM_5.jpg?v=1780412057,1,"",false,,"Shop Women Round-Neck Lounge Wear | Colored Butterfly in multiple colors. Soft, breathable fabric with vibrant butterfly print—perfect for stylish everyday comfort.",,,,,,,,,,,,,,,,,,,,,,,,,,,,,,,medium; large; xl; xxl,,,,,,,,,,,g,,,true,,,active
women-round-neck-lounge-wear-colored-butterfly-red,,,,,,,,,large,,,,,,,,'10743360,500.0,shopify,99,deny,manual,1599.00,,true,false,,,,,'10743360,https://cdn.shopify.com/s/files/1/0618/2368/0740/files/WhatsAppImage2026-06-02at6.10.27PM_3.jpg?v=1780412057,2,"",,,,,,,,,,,,,,,,,,,,,,,,,,,,,,,,,,,,,,,,,,,,,g,,,,,,
women-round-neck-lounge-wear-colored-butterfly-red,,,,,,,,,xl,,,,,,,,'10743361,500.0,shopify,99,deny,manual,1699.00,,true,false,,,,,'10743361,https://cdn.shopify.com/s/files/1/0618/2368/0740/files/WhatsAppImage2026-06-02at6.10.27PM_4.jpg?v=1780412057,3,"",,,,,,,,,,,,,,,,,,,,,,,,,,,,,,,,,,,,,,,,,,,,,g,,,,,,
women-round-neck-lounge-wear-colored-butterfly-red,,,,,,,,,xxl,,,,,,,,'10743362,500.0,shopify,99,deny,manual,1799.00,,true,false,,,,,'10743362,https://cdn.shopify.com/s/files/1/0618/2368/0740/files/Sizechart_bb6790ab-7540-4768-835a-cadcd6add23c.webp?v=1738249099,4,Never Giveup Loungewear Article 52 size chart - measurements guide,,,,,,,,,,,,,,,,,,,,,,,,,,,,,,,,,,,,,,,,,,,,,g,,,,,,
women-round-neck-lounge-wear-colored-butterfly-navy-blue,Women Round-Neck Lounge Wear | Colored Butterfly - Navy Blue,"<h4 data-start=""105"" data-end=""407""><strong>Women Round-Neck Lounge Wear | Colored Butterfly - Navy Blue</strong></h4>
<p data-start=""105"" data-end=""407"">Bring color and comfort together with our<span> </span><strong data-start=""147"" data-end=""199"">Women Round-Neck Lounge Wear | Colored Butterfly</strong><span> </span>set. Designed for everyday ease with a playful twist, this two-piece outfit includes a relaxed-fit round-neck top and flowy wide-leg trousers—perfect for staying stylish while feeling completely comfortable.</p>
<p data-start=""409"" data-end=""658"">The highlight is the eye-catching<span> </span><strong data-start=""443"" data-end=""472"">“Colored Butterfly” print</strong>, featuring a beautifully detailed butterfly made with vibrant floral elements. It adds a lively, cheerful touch to your look—perfect for those who love a pop of color in their wardrobe.</p>
<p data-start=""660"" data-end=""908"">Crafted from soft, breathable fabric, this lounge wear feels light on the skin and keeps you comfortable all day long. Whether you're at home, stepping out casually, or traveling, this set gives you effortless style without compromising on comfort.</p>
<p data-start=""910"" data-end=""1001"">Available in<span> </span><strong data-start=""923"" data-end=""942"">multiple colors</strong>, so you can choose your favorite vibe—from bold to subtle.</p>
<p data-start=""1003"" data-end=""1022""><strong data-start=""1003"" data-end=""1020"">Key Features:</strong></p>
<ul data-start=""1023"" data-end=""1297"">
<li data-section-id=""15vdfkq"" data-start=""1023"" data-end=""1071"">
<p data-start=""1025"" data-end=""1071"">Soft &amp; breathable fabric for all-day comfort</p>
</li>
<li data-section-id=""1tkuf9f"" data-start=""1072"" data-end=""1117"">
<p data-start=""1074"" data-end=""1117"">Vibrant<span> </span><strong data-start=""1082"" data-end=""1103"">Colored Butterfly</strong><span> </span>front print</p>
</li>
<li data-section-id=""kpwa53"" data-start=""1118"" data-end=""1166"">
<p data-start=""1120"" data-end=""1166"">Relaxed round-neck top with straight sleeves</p>
</li>
<li data-section-id=""daa0rm"" data-start=""1167"" data-end=""1217"">
<p data-start=""1169"" data-end=""1217"">Flowy wide-leg trousers with elastic waistband</p>
</li>
<li data-section-id=""4v4odh"" data-start=""1218"" data-end=""1264"">
<p data-start=""1220"" data-end=""1264"">Perfect for lounging, casual wear &amp; travel</p>
</li>
<li data-section-id=""arqrzc"" data-start=""1265"" data-end=""1297"">
<p data-start=""1267"" data-end=""1297"">Available in multiple colors</p>
</li>
</ul>",BBG FASHION,Apparel & Accessories > Clothing > Sleepwear & Loungewear,Article 52,"Loungewear, NEW ARRIVAL, woo",true,Size,medium,product.metafields.shopify.size,,,,,,,'10743355,500.0,shopify,98,deny,manual,1599.00,,true,false,,,,,'10743355,https://cdn.shopify.com/s/files/1/0618/2368/0740/files/WhatsAppImage2026-06-02at6.00.08PM_6.jpg?v=1780412164,1,"",false,,"Shop Women Round-Neck Lounge Wear | Colored Butterfly in multiple colors. Soft, breathable fabric with vibrant butterfly print—perfect for stylish everyday comfort.",,,,,,,,,,,,,,,,,,,,,,,,,,,,,,,medium; large; xl; xxl,,,,,,,,,,,g,,,true,,,active
women-round-neck-lounge-wear-colored-butterfly-navy-blue,,,,,,,,,large,,,,,,,,'10743356,500.0,shopify,99,deny,manual,1599.00,,true,false,,,,,'10743356,https://cdn.shopify.com/s/files/1/0618/2368/0740/files/WhatsAppImage2026-06-02at6.00.08PM_7.jpg?v=1780412164,2,"",,,,,,,,,,,,,,,,,,,,,,,,,,,,,,,,,,,,,,,,,,,,,g,,,,,,
women-round-neck-lounge-wear-colored-butterfly-navy-blue,,,,,,,,,xl,,,,,,,,'10743357,500.0,shopify,99,deny,manual,1699.00,,true,false,,,,,'10743357,https://cdn.shopify.com/s/files/1/0618/2368/0740/files/WhatsAppImage2026-06-02at6.00.08PM_8.jpg?v=1780412164,3,"",,,,,,,,,,,,,,,,,,,,,,,,,,,,,,,,,,,,,,,,,,,,,g,,,,,,
women-round-neck-lounge-wear-colored-butterfly-navy-blue,,,,,,,,,xxl,,,,,,,,'10743358,500.0,shopify,97,deny,manual,1799.00,,true,false,,,,,'10743358,https://cdn.shopify.com/s/files/1/0618/2368/0740/files/Sizechart_bb6790ab-7540-4768-835a-cadcd6add23c.webp?v=1738249099,4,Never Giveup Loungewear Article 52 size chart - measurements guide,,,,,,,,,,,,,,,,,,,,,,,,,,,,,,,,,,,,,,,,,,,,,g,,,,,,
women-round-neck-lounge-wear-colored-butterfly-rusty,Women Round-Neck Lounge Wear | Colored Butterfly - Rusty,"<h4 data-start=""105"" data-end=""407""><strong>Women Round-Neck Lounge Wear | Colored Butterfly - Rusty</strong></h4>
<p data-start=""105"" data-end=""407"">Bring color and comfort together with our<span> </span><strong data-start=""147"" data-end=""199"">Women Round-Neck Lounge Wear | Colored Butterfly</strong><span> </span>set. Designed for everyday ease with a playful twist, this two-piece outfit includes a relaxed-fit round-neck top and flowy wide-leg trousers—perfect for staying stylish while feeling completely comfortable.</p>
<p data-start=""409"" data-end=""658"">The highlight is the eye-catching<span> </span><strong data-start=""443"" data-end=""472"">“Colored Butterfly” print</strong>, featuring a beautifully detailed butterfly made with vibrant floral elements. It adds a lively, cheerful touch to your look—perfect for those who love a pop of color in their wardrobe.</p>
<p data-start=""660"" data-end=""908"">Crafted from soft, breathable fabric, this lounge wear feels light on the skin and keeps you comfortable all day long. Whether you're at home, stepping out casually, or traveling, this set gives you effortless style without compromising on comfort.</p>
<p data-start=""910"" data-end=""1001"">Available in<span> </span><strong data-start=""923"" data-end=""942"">multiple colors</strong>, so you can choose your favorite vibe—from bold to subtle.</p>
<p data-start=""1003"" data-end=""1022""><strong data-start=""1003"" data-end=""1020"">Key Features:</strong></p>
<ul data-start=""1023"" data-end=""1297"">
<li data-section-id=""15vdfkq"" data-start=""1023"" data-end=""1071"">
<p data-start=""1025"" data-end=""1071"">Soft &amp; breathable fabric for all-day comfort</p>
</li>
<li data-section-id=""1tkuf9f"" data-start=""1072"" data-end=""1117"">
<p data-start=""1074"" data-end=""1117"">Vibrant<span> </span><strong data-start=""1082"" data-end=""1103"">Colored Butterfly</strong><span> </span>front print</p>
</li>
<li data-section-id=""kpwa53"" data-start=""1118"" data-end=""1166"">
<p data-start=""1120"" data-end=""1166"">Relaxed round-neck top with straight sleeves</p>
</li>
<li data-section-id=""daa0rm"" data-start=""1167"" data-end=""1217"">
<p data-start=""1169"" data-end=""1217"">Flowy wide-leg trousers with elastic waistband</p>
</li>
<li data-section-id=""4v4odh"" data-start=""1218"" data-end=""1264"">
<p data-start=""1220"" data-end=""1264"">Perfect for lounging, casual wear &amp; travel</p>
</li>
<li data-section-id=""arqrzc"" data-start=""1265"" data-end=""1297"">
<p data-start=""1267"" data-end=""1297"">Available in multiple colors</p>
</li>
</ul>",BBG FASHION,Apparel & Accessories > Clothing > Sleepwear & Loungewear,Article 52,"Loungewear, NEW ARRIVAL, woo",true,Size,medium,product.metafields.shopify.size,,,,,,,'10743350,500.0,shopify,99,deny,manual,1599.00,,true,false,,,,,'10743350,https://cdn.shopify.com/s/files/1/0618/2368/0740/files/WhatsAppImage2026-06-02at6.10.27PM_2.jpg?v=1780412220,1,"",false,,"Shop Women Round-Neck Lounge Wear | Colored Butterfly in multiple colors. Soft, breathable fabric with vibrant butterfly print—perfect for stylish everyday comfort.",,,,,,,,,,,,,,,,,,,,,,,,,,,,,,,medium; large; xl; xxl,,,,,,,,,,,g,,,true,,,active
women-round-neck-lounge-wear-colored-butterfly-rusty,,,,,,,,,large,,,,,,,,'10743351,500.0,shopify,99,deny,manual,1599.00,,true,false,,,,,'10743351,https://cdn.shopify.com/s/files/1/0618/2368/0740/files/WhatsAppImage2026-06-02at6.10.27PM.jpg?v=1780412219,2,"",,,,,,,,,,,,,,,,,,,,,,,,,,,,,,,,,,,,,,,,,,,,,g,,,,,,
women-round-neck-lounge-wear-colored-butterfly-rusty,,,,,,,,,xl,,,,,,,,'10743352,500.0,shopify,99,deny,manual,1699.00,,true,false,,,,,'10743352,https://cdn.shopify.com/s/files/1/0618/2368/0740/files/WhatsAppImage2026-06-02at6.10.27PM_1.jpg?v=1780412220,3,"",,,,,,,,,,,,,,,,,,,,,,,,,,,,,,,,,,,,,,,,,,,,,g,,,,,,
women-round-neck-lounge-wear-colored-butterfly-rusty,,,,,,,,,xxl,,,,,,,,'10743353,500.0,shopify,99,deny,manual,1799.00,,true,false,,,,,'10743353,https://cdn.shopify.com/s/files/1/0618/2368/0740/files/Sizechart_bb6790ab-7540-4768-835a-cadcd6add23c.webp?v=1738249099,4,Never Giveup Loungewear Article 52 size chart - measurements guide,,,,,,,,,,,,,,,,,,,,,,,,,,,,,,,,,,,,,,,,,,,,,g,,,,,,
women-v-neck-lounge-wear-bts-flower-red,Women V-Neck Lounge Wear | BTS Flower - Red,"<h4>Women V-Neck Lounge Wear | BTS Flower - Red</h4>
<p data-start=""351"" data-end=""517"">Add comfort and style to your everyday routine with our <strong data-start=""407"" data-end=""456"">Women V-Neck Lounge Wear | BTS Flower Edition</strong> — designed for a relaxed feel with a trendy, feminine touch.</p>
<p data-start=""519"" data-end=""806"">This 2-piece set includes a <strong data-start=""547"" data-end=""593"">flattering V-neck top and matching bottoms</strong>, crafted to provide a soft, breathable experience throughout the day. The relaxed fit ensures maximum comfort, while the elegant <strong data-start=""723"" data-end=""753"">BTS Flower-inspired design</strong> adds a stylish and eye-catching detail to your look.</p>
<p data-start=""808"" data-end=""998"">Available in multiple beautiful colors, this lounge wear lets you express your personal style while staying comfortable whether you're at home, running errands, or enjoying a casual day out.</p>
<p data-start=""1000"" data-end=""1075"">Perfect for all-day wear, this set blends fashion and comfort effortlessly.</p>
<p data-start=""1077"" data-end=""1094""><strong data-start=""1077"" data-end=""1094"">Key Features:</strong></p>
<ul data-start=""1095"" data-end=""1377"">
<li data-section-id=""amcmbk"" data-start=""1095"" data-end=""1138"">Stylish V-neck design for a modern look</li>
<li data-section-id=""3pudom"" data-start=""1139"" data-end=""1182"">Soft, breathable &amp; skin-friendly fabric</li>
<li data-section-id=""10slvg5"" data-start=""1183"" data-end=""1218"">Relaxed fit for all-day comfort</li>
<li data-section-id=""1b5mdta"" data-start=""1219"" data-end=""1258"">Elastic waistband for a perfect fit</li>
<li data-section-id=""esi66x"" data-start=""1259"" data-end=""1296"">Trendy BTS Flower-inspired design</li>
<li data-section-id=""arqrzc"" data-start=""1297"" data-end=""1329"">Available in multiple colors</li>
<li data-section-id=""n8nixx"" data-start=""1330"" data-end=""1377"">Ideal for lounging, casual wear &amp; sleepwear</li>
</ul>
<p data-start=""1379"" data-end=""1476""><strong data-start=""1379"" data-end=""1390"">Fabric:</strong> Premium Cotton Blend<br data-start=""1411"" data-end=""1414""><strong data-start=""1414"" data-end=""1422"">Fit:</strong> Relaxed / Comfortable<br data-start=""1444"" data-end=""1447""><strong data-start=""1447"" data-end=""1458"">Season:</strong> All Season Wear</p>",BBG FASHION CLOTHING STORE,Apparel & Accessories > Clothing > Sleepwear & Loungewear > Pajamas,Article 56,Loungewear,true,Size,medium,product.metafields.shopify.size,,,,,,,'10743342,0.5,,0,deny,manual,1599.00,,true,false,,,,,'10743342,https://cdn.shopify.com/s/files/1/0618/2368/0740/files/WhatsAppImage2026-06-02at4.35.39PM_1.jpg?v=1780406392,1,"",false,,"Shop women’s BTS Flower V-neck lounge wear in Pakistan. Soft, breathable and stylish 2-piece set available in multiple colors for daily comfort and casual wear.",2580,,adult,,,,,,,,,,,,,adults,,,,stretchable,magenta; floral,,,cotton,,,,,,,medium; large; xl; xxl,,,girls,long,,,,,,,g,,,true,,,active
women-v-neck-lounge-wear-bts-flower-red,,,,,,,,,large,,,,,,,,'10743343,0.5,,0,deny,manual,1599.00,,true,false,,,,,'10743343,https://cdn.shopify.com/s/files/1/0618/2368/0740/files/WhatsAppImage2026-06-02at4.35.39PM_2.jpg?v=1780406392,2,"",,,,,,,,,,,,,,,,,,,,,,,,,,,,,,,,,,,,,,,,,,,,,g,,,,,,
women-v-neck-lounge-wear-bts-flower-red,,,,,,,,,xl,,,,,,,,'10743344,0.5,,-1,deny,manual,1699.00,,true,false,,,,,'10743344,https://cdn.shopify.com/s/files/1/0618/2368/0740/files/WhatsAppImage2026-06-02at4.35.39PM.jpg?v=1780406392,3,"",,,,,,,,,,,,,,,,,,,,,,,,,,,,,,,,,,,,,,,,,,,,,g,,,,,,
women-v-neck-lounge-wear-bts-flower-red,,,,,,,,,xxl,,,,,,,,'10743345,0.5,,0,deny,manual,1799.00,,true,false,,,,,'10743345,https://cdn.shopify.com/s/files/1/0618/2368/0740/files/Screenshot_2026-02-03_155735_540x_360x_dc1633d9-85fb-478c-8736-890f17d93d2c.webp?v=1777028589,4,"",,,,,,,,,,,,,,,,,,,,,,,,,,,,,,,,,,,,,,,,,,,,,g,,,,,,
women-v-neck-lounge-wear-bts-flower-lemon-yellow,Women V-Neck Lounge Wear | BTS Flower - Lemon Yellow,"<h4>Women V-Neck Lounge Wear | BTS Flower - Lemon Yellow</h4>
<p data-start=""351"" data-end=""517"">Add comfort and style to your everyday routine with our <strong data-start=""407"" data-end=""456"">Women V-Neck Lounge Wear | BTS Flower Edition</strong> — designed for a relaxed feel with a trendy, feminine touch.</p>
<p data-start=""519"" data-end=""806"">This 2-piece set includes a <strong data-start=""547"" data-end=""593"">flattering V-neck top and matching bottoms</strong>, crafted to provide a soft, breathable experience throughout the day. The relaxed fit ensures maximum comfort, while the elegant <strong data-start=""723"" data-end=""753"">BTS Flower-inspired design</strong> adds a stylish and eye-catching detail to your look.</p>
<p data-start=""808"" data-end=""998"">Available in multiple beautiful colors, this lounge wear lets you express your personal style while staying comfortable whether you're at home, running errands, or enjoying a casual day out.</p>
<p data-start=""1000"" data-end=""1075"">Perfect for all-day wear, this set blends fashion and comfort effortlessly.</p>
<p data-start=""1077"" data-end=""1094""><strong data-start=""1077"" data-end=""1094"">Key Features:</strong></p>
<ul data-start=""1095"" data-end=""1377"">
<li data-section-id=""amcmbk"" data-start=""1095"" data-end=""1138"">Stylish V-neck design for a modern look</li>
<li data-section-id=""3pudom"" data-start=""1139"" data-end=""1182"">Soft, breathable &amp; skin-friendly fabric</li>
<li data-section-id=""10slvg5"" data-start=""1183"" data-end=""1218"">Relaxed fit for all-day comfort</li>
<li data-section-id=""1b5mdta"" data-start=""1219"" data-end=""1258"">Elastic waistband for a perfect fit</li>
<li data-section-id=""esi66x"" data-start=""1259"" data-end=""1296"">Trendy BTS Flower-inspired design</li>
<li data-section-id=""arqrzc"" data-start=""1297"" data-end=""1329"">Available in multiple colors</li>
<li data-section-id=""n8nixx"" data-start=""1330"" data-end=""1377"">Ideal for lounging, casual wear &amp; sleepwear</li>
</ul>
<p data-start=""1379"" data-end=""1476""><strong data-start=""1379"" data-end=""1390"">Fabric:</strong> Premium Cotton Blend<br data-start=""1411"" data-end=""1414""><strong data-start=""1414"" data-end=""1422"">Fit:</strong> Relaxed / Comfortable<br data-start=""1444"" data-end=""1447""><strong data-start=""1447"" data-end=""1458"">Season:</strong> All Season Wear</p>",BBG FASHION CLOTHING STORE,Apparel & Accessories > Clothing > Sleepwear & Loungewear > Pajamas,Article 56,Loungewear,true,Size,medium,product.metafields.shopify.size,,,,,,,'10743338,0.5,,0,deny,manual,1599.00,,true,false,,,,,'10743338,https://cdn.shopify.com/s/files/1/0618/2368/0740/files/WhatsAppImage2026-06-02at4.54.37PM.jpg?v=1780406543,1,"",false,,"Shop women’s BTS Flower V-neck lounge wear in Pakistan. Soft, breathable and stylish 2-piece set available in multiple colors for daily comfort and casual wear.",2580,,adult,,,,,,,,,,,,,adults,,,,,yellow-1; floral,,,cotton,,,,,,,medium; large; xl; xxl,,,girls,long,,,,,,,g,,,true,,,active
women-v-neck-lounge-wear-bts-flower-lemon-yellow,,,,,,,,,large,,,,,,,,'10743339,0.5,,0,deny,manual,1599.00,,true,false,,,,,'10743339,https://cdn.shopify.com/s/files/1/0618/2368/0740/files/WhatsAppImage2026-06-02at4.54.37PM_1.jpg?v=1780406543,2,"",,,,,,,,,,,,,,,,,,,,,,,,,,,,,,,,,,,,,,,,,,,,,g,,,,,,
women-v-neck-lounge-wear-bts-flower-lemon-yellow,,,,,,,,,xl,,,,,,,,'10743340,0.5,,0,deny,manual,1699.00,,true,false,,,,,'10743340,https://cdn.shopify.com/s/files/1/0618/2368/0740/files/WhatsAppImage2026-06-02at4.54.37PM_2.jpg?v=1780406543,3,"",,,,,,,,,,,,,,,,,,,,,,,,,,,,,,,,,,,,,,,,,,,,,g,,,,,,
women-v-neck-lounge-wear-bts-flower-lemon-yellow,,,,,,,,,xxl,,,,,,,,'10743341,0.5,,0,deny,manual,1799.00,,true,false,,,,,'10743341,https://cdn.shopify.com/s/files/1/0618/2368/0740/files/Screenshot_2026-02-03_155735_540x_360x_dc1633d9-85fb-478c-8736-890f17d93d2c.webp?v=1777028589,4,"",,,,,,,,,,,,,,,,,,,,,,,,,,,,,,,,,,,,,,,,,,,,,g,,,,,,
women-v-neck-lounge-wear-bts-flower-baby-pink,Women V-Neck Lounge Wear | BTS Flower - Baby Pink,"<h4>Women V-Neck Lounge Wear | BTS Flower - Baby Pink</h4>
<p data-start=""351"" data-end=""517"">Add comfort and style to your everyday routine with our <strong data-start=""407"" data-end=""456"">Women V-Neck Lounge Wear | BTS Flower Edition</strong> — designed for a relaxed feel with a trendy, feminine touch.</p>
<p data-start=""519"" data-end=""806"">This 2-piece set includes a <strong data-start=""547"" data-end=""593"">flattering V-neck top and matching bottoms</strong>, crafted to provide a soft, breathable experience throughout the day. The relaxed fit ensures maximum comfort, while the elegant <strong data-start=""723"" data-end=""753"">BTS Flower-inspired design</strong> adds a stylish and eye-catching detail to your look.</p>
<p data-start=""808"" data-end=""998"">Available in multiple beautiful colors, this lounge wear lets you express your personal style while staying comfortable whether you're at home, running errands, or enjoying a casual day out.</p>
<p data-start=""1000"" data-end=""1075"">Perfect for all-day wear, this set blends fashion and comfort effortlessly.</p>
<p data-start=""1077"" data-end=""1094""><strong data-start=""1077"" data-end=""1094"">Key Features:</strong></p>
<ul data-start=""1095"" data-end=""1377"">
<li data-section-id=""amcmbk"" data-start=""1095"" data-end=""1138"">Stylish V-neck design for a modern look</li>
<li data-section-id=""3pudom"" data-start=""1139"" data-end=""1182"">Soft, breathable &amp; skin-friendly fabric</li>
<li data-section-id=""10slvg5"" data-start=""1183"" data-end=""1218"">Relaxed fit for all-day comfort</li>
<li data-section-id=""1b5mdta"" data-start=""1219"" data-end=""1258"">Elastic waistband for a perfect fit</li>
<li data-section-id=""esi66x"" data-start=""1259"" data-end=""1296"">Trendy BTS Flower-inspired design</li>
<li data-section-id=""arqrzc"" data-start=""1297"" data-end=""1329"">Available in multiple colors</li>
<li data-section-id=""n8nixx"" data-start=""1330"" data-end=""1377"">Ideal for lounging, casual wear &amp; sleepwear</li>
</ul>
<p data-start=""1379"" data-end=""1476""><strong data-start=""1379"" data-end=""1390"">Fabric:</strong> Premium Cotton Blend<br data-start=""1411"" data-end=""1414""><strong data-start=""1414"" data-end=""1422"">Fit:</strong> Relaxed / Comfortable<br data-start=""1444"" data-end=""1447""><strong data-start=""1447"" data-end=""1458"">Season:</strong> All Season Wear</p>",BBG FASHION CLOTHING STORE,Apparel & Accessories > Clothing > Sleepwear & Loungewear > Loungewear,Article 56,Loungewear,true,Size,Medium,,,,,,,,'10743334,0.5,,0,deny,manual,1599.00,,true,false,,,,,'10743334,https://cdn.shopify.com/s/files/1/0618/2368/0740/files/WhatsAppImage2026-06-02at4.40.47PM_1.jpg?v=1780406648,1,"",false,,"Shop women’s BTS Flower V-neck lounge wear in Pakistan. Soft, breathable and stylish 2-piece set available in multiple colors for daily comfort and casual wear.",5713,,adult,,,,,,,,,,,,,adults,,,,,pink-1-1,,,cotton,,,,,,,,,,girls,,,,,,,,g,,,true,,,active
women-v-neck-lounge-wear-bts-flower-baby-pink,,,,,,,,,Large,,,,,,,,'10743335,0.5,,0,deny,manual,1599.00,,true,false,,,,,'10743335,https://cdn.shopify.com/s/files/1/0618/2368/0740/files/WhatsAppImage2026-06-02at4.40.47PM.jpg?v=1780406648,2,"",,,,,,,,,,,,,,,,,,,,,,,,,,,,,,,,,,,,,,,,,,,,,g,,,,,,
women-v-neck-lounge-wear-bts-flower-baby-pink,,,,,,,,,XL,,,,,,,,'10743336,0.5,,0,deny,manual,1699.00,,true,false,,,,,'10743336,https://cdn.shopify.com/s/files/1/0618/2368/0740/files/WhatsAppImage2026-06-02at4.40.46PM.jpg?v=1780406648,3,"",,,,,,,,,,,,,,,,,,,,,,,,,,,,,,,,,,,,,,,,,,,,,g,,,,,,
women-v-neck-lounge-wear-bts-flower-baby-pink,,,,,,,,,XXL,,,,,,,,'10743337,0.5,,0,deny,manual,1799.00,,true,false,,,,,'10743337,https://cdn.shopify.com/s/files/1/0618/2368/0740/files/Screenshot_2026-02-03_155735_540x_360x_dc1633d9-85fb-478c-8736-890f17d93d2c.webp?v=1777028589,4,"",,,,,,,,,,,,,,,,,,,,,,,,,,,,,,,,,,,,,,,,,,,,,g,,,,,,
women-v-neck-lounge-wear-bts-flower-navy-blue,Women V-Neck Lounge Wear | BTS Flower - Navy Blue,"<h4>Women V-Neck Lounge Wear | BTS Flower - Navy Blue</h4>
<p data-start=""351"" data-end=""517"">Add comfort and style to your everyday routine with our <strong data-start=""407"" data-end=""456"">Women V-Neck Lounge Wear | BTS Flower Edition</strong> — designed for a relaxed feel with a trendy, feminine touch.</p>
<p data-start=""519"" data-end=""806"">This 2-piece set includes a <strong data-start=""547"" data-end=""593"">flattering V-neck top and matching bottoms</strong>, crafted to provide a soft, breathable experience throughout the day. The relaxed fit ensures maximum comfort, while the elegant <strong data-start=""723"" data-end=""753"">BTS Flower-inspired design</strong> adds a stylish and eye-catching detail to your look.</p>
<p data-start=""808"" data-end=""998"">Available in multiple beautiful colors, this lounge wear lets you express your personal style while staying comfortable whether you're at home, running errands, or enjoying a casual day out.</p>
<p data-start=""1000"" data-end=""1075"">Perfect for all-day wear, this set blends fashion and comfort effortlessly.</p>
<p data-start=""1077"" data-end=""1094""><strong data-start=""1077"" data-end=""1094"">Key Features:</strong></p>
<ul data-start=""1095"" data-end=""1377"">
<li data-section-id=""amcmbk"" data-start=""1095"" data-end=""1138"">Stylish V-neck design for a modern look</li>
<li data-section-id=""3pudom"" data-start=""1139"" data-end=""1182"">Soft, breathable &amp; skin-friendly fabric</li>
<li data-section-id=""10slvg5"" data-start=""1183"" data-end=""1218"">Relaxed fit for all-day comfort</li>
<li data-section-id=""1b5mdta"" data-start=""1219"" data-end=""1258"">Elastic waistband for a perfect fit</li>
<li data-section-id=""esi66x"" data-start=""1259"" data-end=""1296"">Trendy BTS Flower-inspired design</li>
<li data-section-id=""arqrzc"" data-start=""1297"" data-end=""1329"">Available in multiple colors</li>
<li data-section-id=""n8nixx"" data-start=""1330"" data-end=""1377"">Ideal for lounging, casual wear &amp; sleepwear</li>
</ul>
<p data-start=""1379"" data-end=""1476""><strong data-start=""1379"" data-end=""1390"">Fabric:</strong> Premium Cotton Blend<br data-start=""1411"" data-end=""1414""><strong data-start=""1414"" data-end=""1422"">Fit:</strong> Relaxed / Comfortable<br data-start=""1444"" data-end=""1447""><strong data-start=""1447"" data-end=""1458"">Season:</strong> All Season Wear</p>",BBG FASHION CLOTHING STORE,Apparel & Accessories > Clothing > Sleepwear & Loungewear > Loungewear,Article 56,Loungewear,true,Size,Medium,,,,,,,,'10743330,0.5,shopify,123,deny,manual,1599.00,,true,false,,,,,'10743330,https://cdn.shopify.com/s/files/1/0618/2368/0740/files/WhatsAppImage2026-06-02at4.42.45PM.jpg?v=1780406731,1,"",false,,"Shop women’s BTS Flower V-neck lounge wear in Pakistan. Soft, breathable and stylish 2-piece set available in multiple colors for daily comfort and casual wear.",5713,,adult,,,,,,,,,,,,,adults,,,,,navy-1,,,cotton,,,,,,,,,,girls,,,,,,,,g,,,true,,,active
women-v-neck-lounge-wear-bts-flower-navy-blue,,,,,,,,,Large,,,,,,,,'10743331,0.5,shopify,123,deny,manual,1599.00,,true,false,,,,,'10743331,https://cdn.shopify.com/s/files/1/0618/2368/0740/files/WhatsAppImage2026-06-02at4.42.44PM.jpg?v=1780406731,2,"",,,,,,,,,,,,,,,,,,,,,,,,,,,,,,,,,,,,,,,,,,,,,g,,,,,,
women-v-neck-lounge-wear-bts-flower-navy-blue,,,,,,,,,XL,,,,,,,,'10743332,0.5,shopify,123,deny,manual,1599.00,,true,false,,,,,'10743332,https://cdn.shopify.com/s/files/1/0618/2368/0740/files/WhatsAppImage2026-06-02at4.42.45PM_1.jpg?v=1780406731,3,"",,,,,,,,,,,,,,,,,,,,,,,,,,,,,,,,,,,,,,,,,,,,,g,,,,,,
women-v-neck-lounge-wear-bts-flower-navy-blue,,,,,,,,,XXL,,,,,,,,'10743333,0.5,shopify,123,deny,manual,1799.00,,true,false,,,,,'10743333,https://cdn.shopify.com/s/files/1/0618/2368/0740/files/Screenshot_2026-02-03_155735_540x_360x_dc1633d9-85fb-478c-8736-890f17d93d2c.webp?v=1777028589,4,"",,,,,,,,,,,,,,,,,,,,,,,,,,,,,,,,,,,,,,,,,,,,,g,,,,,,
women-v-neck-lounge-wear-bts-flower-sherwood-green,Women V-Neck Lounge Wear | BTS Flower - Sherwood Green,"<h4>Women V-Neck Lounge Wear | BTS Flower - Sherwood Green</h4>
<p data-start=""351"" data-end=""517"">Add comfort and style to your everyday routine with our <strong data-start=""407"" data-end=""456"">Women V-Neck Lounge Wear | BTS Flower Edition</strong> — designed for a relaxed feel with a trendy, feminine touch.</p>
<p data-start=""519"" data-end=""806"">This 2-piece set includes a <strong data-start=""547"" data-end=""593"">flattering V-neck top and matching bottoms</strong>, crafted to provide a soft, breathable experience throughout the day. The relaxed fit ensures maximum comfort, while the elegant <strong data-start=""723"" data-end=""753"">BTS Flower-inspired design</strong> adds a stylish and eye-catching detail to your look.</p>
<p data-start=""808"" data-end=""998"">Available in multiple beautiful colors, this lounge wear lets you express your personal style while staying comfortable whether you're at home, running errands, or enjoying a casual day out.</p>
<p data-start=""1000"" data-end=""1075"">Perfect for all-day wear, this set blends fashion and comfort effortlessly.</p>
<p data-start=""1077"" data-end=""1094""><strong data-start=""1077"" data-end=""1094"">Key Features:</strong></p>
<ul data-start=""1095"" data-end=""1377"">
<li data-section-id=""amcmbk"" data-start=""1095"" data-end=""1138"">Stylish V-neck design for a modern look</li>
<li data-section-id=""3pudom"" data-start=""1139"" data-end=""1182"">Soft, breathable &amp; skin-friendly fabric</li>
<li data-section-id=""10slvg5"" data-start=""1183"" data-end=""1218"">Relaxed fit for all-day comfort</li>
<li data-section-id=""1b5mdta"" data-start=""1219"" data-end=""1258"">Elastic waistband for a perfect fit</li>
<li data-section-id=""esi66x"" data-start=""1259"" data-end=""1296"">Trendy BTS Flower-inspired design</li>
<li data-section-id=""arqrzc"" data-start=""1297"" data-end=""1329"">Available in multiple colors</li>
<li data-section-id=""n8nixx"" data-start=""1330"" data-end=""1377"">Ideal for lounging, casual wear &amp; sleepwear</li>
</ul>
<p data-start=""1379"" data-end=""1476""><strong data-start=""1379"" data-end=""1390"">Fabric:</strong> Premium Cotton Blend<br data-start=""1411"" data-end=""1414""><strong data-start=""1414"" data-end=""1422"">Fit:</strong> Relaxed / Comfortable<br data-start=""1444"" data-end=""1447""><strong data-start=""1447"" data-end=""1458"">Season:</strong> All Season Wear</p>",BBG FASHION CLOTHING STORE,Apparel & Accessories > Clothing > Sleepwear & Loungewear > Loungewear,Article 56,Loungewear,true,Size,Medium,,,,,,,,'10743326,0.5,,-1,deny,manual,1599.00,,true,false,,,,,'10743326,https://cdn.shopify.com/s/files/1/0618/2368/0740/files/WhatsAppImage2026-06-02at5.11.14PM.jpg?v=1780406805,1,"",false,,"Shop women’s BTS Flower V-neck lounge wear in Pakistan. Soft, breathable and stylish 2-piece set available in multiple colors for daily comfort and casual wear.",5713,,adult,,,,,,,,,,,,,adults,,,,,green-1,,,cotton,,,,,,,,,,girls,,,,,,,,g,,,true,,,active
women-v-neck-lounge-wear-bts-flower-sherwood-green,,,,,,,,,Large,,,,,,,,'10743327,0.5,,0,deny,manual,1599.00,,true,false,,,,,'10743327,https://cdn.shopify.com/s/files/1/0618/2368/0740/files/WhatsAppImage2026-06-02at5.11.13PM_1.jpg?v=1780406805,2,"",,,,,,,,,,,,,,,,,,,,,,,,,,,,,,,,,,,,,,,,,,,,,g,,,,,,
women-v-neck-lounge-wear-bts-flower-sherwood-green,,,,,,,,,XL,,,,,,,,'10743328,0.5,,0,deny,manual,1699.00,,true,false,,,,,'10743328,https://cdn.shopify.com/s/files/1/0618/2368/0740/files/WhatsAppImage2026-06-02at5.11.13PM.jpg?v=1780406805,3,"",,,,,,,,,,,,,,,,,,,,,,,,,,,,,,,,,,,,,,,,,,,,,g,,,,,,
women-v-neck-lounge-wear-bts-flower-sherwood-green,,,,,,,,,XXL,,,,,,,,'10743329,0.5,,0,deny,manual,1799.00,,true,false,,,,,'10743329,https://cdn.shopify.com/s/files/1/0618/2368/0740/files/Screenshot_2026-02-03_155735_540x_360x_dc1633d9-85fb-478c-8736-890f17d93d2c.webp?v=1777028589,4,"",,,,,,,,,,,,,,,,,,,,,,,,,,,,,,,,,,,,,,,,,,,,,g,,,,,,
women-round-neck-lounge-wear-tree-heart-lemon-yellow,Women Round-Neck Lounge Wear | Tree Heart - Lemon Yellow,"<h4><strong>Women Round-Neck Lounge Wear | Tree Heart - Lemon Yellow</strong></h4>
<p data-end=""405"" data-start=""125"">Add a touch of warmth and elegance to your everyday style with our<span> </span><strong data-end=""237"" data-start=""192"">Women Round-Neck Lounge Wear | Tree Heart</strong><span> </span>set. Thoughtfully designed for comfort and charm, this two-piece outfit features a relaxed-fit top paired with flowy wide-leg trousers—perfect for effortless lounging.</p>
<p data-end=""640"" data-start=""407"">The standout feature is the beautiful<span> </span><strong data-end=""467"" data-start=""445"">“Tree Heart” print</strong>, symbolizing love, calmness, and connection with nature. Its delicate heart-shaped tree design gives this set a unique, graceful appeal that feels both cozy and meaningful.</p>
<p data-end=""892"" data-start=""642"">Made from soft, breathable fabric, this lounge wear ensures all-day comfort—whether you're relaxing at home, working remotely, or stepping out casually. The loose silhouette and smooth texture provide a flattering yet relaxed fit for every body type.</p>
<p data-end=""988"" data-start=""894"">Available in<span> </span><strong data-end=""926"" data-start=""907"">multiple colors</strong>, so you can choose the tone that matches your mood and style.</p>
<p data-end=""1009"" data-start=""990""><strong data-end=""1007"" data-start=""990"">Key Features:</strong></p>
<ul data-end=""1280"" data-start=""1010"">
<li data-end=""1059"" data-start=""1010"" data-section-id=""a8fibi"">
<p data-end=""1059"" data-start=""1012"">Soft &amp; lightweight fabric for maximum comfort</p>
</li>
<li data-end=""1104"" data-start=""1060"" data-section-id=""1g9k8xh"">
<p data-end=""1104"" data-start=""1062"">Unique<span> </span><strong data-end=""1083"" data-start=""1069"">Tree Heart</strong><span> </span>front print design</p>
</li>
<li data-end=""1153"" data-start=""1105"" data-section-id=""kpwa53"">
<p data-end=""1153"" data-start=""1107"">Relaxed round-neck top with straight sleeves</p>
</li>
<li data-end=""1198"" data-start=""1154"" data-section-id=""1dfjlpl"">
<p data-end=""1198"" data-start=""1156"">Wide-leg trousers with elastic waistband</p>
</li>
<li data-end=""1247"" data-start=""1199"" data-section-id=""1s12526"">
<p data-end=""1247"" data-start=""1201"">Ideal for home wear, casual outings &amp; travel</p>
</li>
<li data-end=""1280"" data-start=""1248"" data-section-id=""arqrzc"">
<p data-end=""1280"" data-start=""1250"">Available in multiple colors</p>
</li>
</ul>",BBG FASHION,Apparel & Accessories > Clothing > Sleepwear & Loungewear,Article 52,Loungewear,true,Size,medium,product.metafields.shopify.size,,,,,,,'10743322,500.0,shopify,99,deny,manual,1599.00,,true,false,,,,,'10743322,https://cdn.shopify.com/s/files/1/0618/2368/0740/files/WhatsAppImage2026-06-05at2.40.38PM_1.jpg?v=1780652921,1,"",false,,"Shop Women Round-Neck Lounge Wear | Tree Heart in multiple colors. Soft, breathable fabric with elegant heart tree print—perfect for stylish everyday comfort.",,,,,,,,,,,,,,,,,,,,,,,,,,,,,,,medium; large; xl; xxl,,,,,,,,,,,g,,,true,,,active
women-round-neck-lounge-wear-tree-heart-lemon-yellow,,,,,,,,,large,,,,,,,,'10743323,500.0,shopify,99,deny,manual,1599.00,,true,false,,,,,'10743323,https://cdn.shopify.com/s/files/1/0618/2368/0740/files/WhatsAppImage2026-06-05at2.40.38PM.jpg?v=1780652921,2,"",,,,,,,,,,,,,,,,,,,,,,,,,,,,,,,,,,,,,,,,,,,,,g,,,,,,
women-round-neck-lounge-wear-tree-heart-lemon-yellow,,,,,,,,,xl,,,,,,,,'10743324,500.0,shopify,99,deny,manual,1699.00,,true,false,,,,,'10743324,https://cdn.shopify.com/s/files/1/0618/2368/0740/files/WhatsAppImage2026-06-05at2.40.37PM.jpg?v=1780652921,3,"",,,,,,,,,,,,,,,,,,,,,,,,,,,,,,,,,,,,,,,,,,,,,g,,,,,,
women-round-neck-lounge-wear-tree-heart-lemon-yellow,,,,,,,,,xxl,,,,,,,,'10743325,500.0,shopify,99,deny,manual,1799.00,,true,false,,,,,'10743325,https://cdn.shopify.com/s/files/1/0618/2368/0740/files/Sizechart_8251cd5d-eb02-4d2d-94b7-dd4dca385551.webp?v=1769769299,4,Pink Tree Heart Women Loungewear Article 56 size chart - measurements guide,,,,,,,,,,,,,,,,,,,,,,,,,,,,,,,,,,,,,,,,,,,,,g,,,,,,
women-round-neck-lounge-wear-tree-heart-baby-pink,Women Round-Neck Lounge Wear | Tree Heart - Baby Pink,"<h4><strong>Women Round-Neck Lounge Wear | Tree Heart - Baby Pink</strong></h4>
<p data-start=""125"" data-end=""405"">Add a touch of warmth and elegance to your everyday style with our<span> </span><strong data-start=""192"" data-end=""237"">Women Round-Neck Lounge Wear | Tree Heart</strong><span> </span>set. Thoughtfully designed for comfort and charm, this two-piece outfit features a relaxed-fit top paired with flowy wide-leg trousers—perfect for effortless lounging.</p>
<p data-start=""407"" data-end=""640"">The standout feature is the beautiful<span> </span><strong data-start=""445"" data-end=""467"">“Tree Heart” print</strong>, symbolizing love, calmness, and connection with nature. Its delicate heart-shaped tree design gives this set a unique, graceful appeal that feels both cozy and meaningful.</p>
<p data-start=""642"" data-end=""892"">Made from soft, breathable fabric, this lounge wear ensures all-day comfort—whether you're relaxing at home, working remotely, or stepping out casually. The loose silhouette and smooth texture provide a flattering yet relaxed fit for every body type.</p>
<p data-start=""894"" data-end=""988"">Available in<span> </span><strong data-start=""907"" data-end=""926"">multiple colors</strong>, so you can choose the tone that matches your mood and style.</p>
<p data-start=""990"" data-end=""1009""><strong data-start=""990"" data-end=""1007"">Key Features:</strong></p>
<ul data-start=""1010"" data-end=""1280"">
<li data-section-id=""a8fibi"" data-start=""1010"" data-end=""1059"">
<p data-start=""1012"" data-end=""1059"">Soft &amp; lightweight fabric for maximum comfort</p>
</li>
<li data-section-id=""1g9k8xh"" data-start=""1060"" data-end=""1104"">
<p data-start=""1062"" data-end=""1104"">Unique<span> </span><strong data-start=""1069"" data-end=""1083"">Tree Heart</strong><span> </span>front print design</p>
</li>
<li data-section-id=""kpwa53"" data-start=""1105"" data-end=""1153"">
<p data-start=""1107"" data-end=""1153"">Relaxed round-neck top with straight sleeves</p>
</li>
<li data-section-id=""1dfjlpl"" data-start=""1154"" data-end=""1198"">
<p data-start=""1156"" data-end=""1198"">Wide-leg trousers with elastic waistband</p>
</li>
<li data-section-id=""1s12526"" data-start=""1199"" data-end=""1247"">
<p data-start=""1201"" data-end=""1247"">Ideal for home wear, casual outings &amp; travel</p>
</li>
<li data-section-id=""arqrzc"" data-start=""1248"" data-end=""1280"">
<p data-start=""1250"" data-end=""1280"">Available in multiple colors</p>
</li>
</ul>",BBG FASHION,Apparel & Accessories > Clothing > Sleepwear & Loungewear,Article 52,"Loungewear, NEW ARRIVAL, woo",true,Size,medium,product.metafields.shopify.size,,,,,,,'10743318,500.0,shopify,99,deny,manual,1599.00,,true,false,,,,,'10743318,https://cdn.shopify.com/s/files/1/0618/2368/0740/files/WhatsAppImage2026-06-05at2.32.40PM_2.jpg?v=1780653043,1,"",false,,"Shop Women Round-Neck Lounge Wear | Tree Heart in multiple colors. Soft, breathable fabric with elegant heart tree print—perfect for stylish everyday comfort.",,,,,,,,,,,,,,,,,,,,,,,,,,,,,,,medium; large; xl; xxl,,,,,,,,,,,g,,,true,,,active
women-round-neck-lounge-wear-tree-heart-baby-pink,,,,,,,,,large,,,,,,,,'10743319,500.0,shopify,98,deny,manual,1599.00,,true,false,,,,,'10743319,https://cdn.shopify.com/s/files/1/0618/2368/0740/files/WhatsAppImage2026-06-05at2.32.40PM_3.jpg?v=1780653042,2,"",,,,,,,,,,,,,,,,,,,,,,,,,,,,,,,,,,,,,,,,,,,,,g,,,,,,
women-round-neck-lounge-wear-tree-heart-baby-pink,,,,,,,,,xl,,,,,,,,'10743320,500.0,shopify,99,deny,manual,1699.00,,true,false,,,,,'10743320,https://cdn.shopify.com/s/files/1/0618/2368/0740/files/WhatsAppImage2026-06-05at2.32.40PM_1.jpg?v=1780653042,3,"",,,,,,,,,,,,,,,,,,,,,,,,,,,,,,,,,,,,,,,,,,,,,g,,,,,,
women-round-neck-lounge-wear-tree-heart-baby-pink,,,,,,,,,xxl,,,,,,,,'10743321,500.0,shopify,97,deny,manual,1799.00,,true,false,,,,,'10743321,https://cdn.shopify.com/s/files/1/0618/2368/0740/files/Sizechart_8251cd5d-eb02-4d2d-94b7-dd4dca385551.webp?v=1769769299,4,Pink Tree Heart Women Loungewear Article 56 size chart - measurements guide,,,,,,,,,,,,,,,,,,,,,,,,,,,,,,,,,,,,,,,,,,,,,g,,,,,,
women-round-neck-lounge-wear-tree-heart-navy-blue,Women Round-Neck Lounge Wear | Tree Heart - Navy Blue,"<h4><strong>Women Round-Neck Lounge Wear | Tree Heart - Navy Blue</strong></h4>
<p data-start=""125"" data-end=""405"">Add a touch of warmth and elegance to your everyday style with our<span> </span><strong data-start=""192"" data-end=""237"">Women Round-Neck Lounge Wear | Tree Heart</strong><span> </span>set. Thoughtfully designed for comfort and charm, this two-piece outfit features a relaxed-fit top paired with flowy wide-leg trousers—perfect for effortless lounging.</p>
<p data-start=""407"" data-end=""640"">The standout feature is the beautiful<span> </span><strong data-start=""445"" data-end=""467"">“Tree Heart” print</strong>, symbolizing love, calmness, and connection with nature. Its delicate heart-shaped tree design gives this set a unique, graceful appeal that feels both cozy and meaningful.</p>
<p data-start=""642"" data-end=""892"">Made from soft, breathable fabric, this lounge wear ensures all-day comfort—whether you're relaxing at home, working remotely, or stepping out casually. The loose silhouette and smooth texture provide a flattering yet relaxed fit for every body type.</p>
<p data-start=""894"" data-end=""988"">Available in<span> </span><strong data-start=""907"" data-end=""926"">multiple colors</strong>, so you can choose the tone that matches your mood and style.</p>
<p data-start=""990"" data-end=""1009""><strong data-start=""990"" data-end=""1007"">Key Features:</strong></p>
<ul data-start=""1010"" data-end=""1280"">
<li data-section-id=""a8fibi"" data-start=""1010"" data-end=""1059"">
<p data-start=""1012"" data-end=""1059"">Soft &amp; lightweight fabric for maximum comfort</p>
</li>
<li data-section-id=""1g9k8xh"" data-start=""1060"" data-end=""1104"">
<p data-start=""1062"" data-end=""1104"">Unique<span> </span><strong data-start=""1069"" data-end=""1083"">Tree Heart</strong><span> </span>front print design</p>
</li>
<li data-section-id=""kpwa53"" data-start=""1105"" data-end=""1153"">
<p data-start=""1107"" data-end=""1153"">Relaxed round-neck top with straight sleeves</p>
</li>
<li data-section-id=""1dfjlpl"" data-start=""1154"" data-end=""1198"">
<p data-start=""1156"" data-end=""1198"">Wide-leg trousers with elastic waistband</p>
</li>
<li data-section-id=""1s12526"" data-start=""1199"" data-end=""1247"">
<p data-start=""1201"" data-end=""1247"">Ideal for home wear, casual outings &amp; travel</p>
</li>
<li data-section-id=""arqrzc"" data-start=""1248"" data-end=""1280"">
<p data-start=""1250"" data-end=""1280"">Available in multiple colors</p>
</li>
</ul>",BBG FASHION,Apparel & Accessories > Clothing > Sleepwear & Loungewear,Article 52,"Loungewear, NEW ARRIVAL, woo",true,Size,medium,product.metafields.shopify.size,,,,,,,'10743314,500.0,shopify,99,deny,manual,1599.00,,true,false,,,,,'10743314,https://cdn.shopify.com/s/files/1/0618/2368/0740/files/WhatsAppImage2026-06-05at2.32.39PM.jpg?v=1780653216,1,"",false,,"Shop Women Round-Neck Lounge Wear | Tree Heart in multiple colors. Soft, breathable fabric with elegant heart tree print—perfect for stylish everyday comfort.",,,,,,,,,,,,,,,,,,,,,,,,,,,,,,,medium; large; xl; xxl,,,,,,,,,,,g,,,true,,,active
women-round-neck-lounge-wear-tree-heart-navy-blue,,,,,,,,,large,,,,,,,,'10743315,500.0,shopify,99,deny,manual,1599.00,,true,false,,,,,'10743315,https://cdn.shopify.com/s/files/1/0618/2368/0740/files/WhatsAppImage2026-06-05at2.32.39PM_1.jpg?v=1780653216,2,"",,,,,,,,,,,,,,,,,,,,,,,,,,,,,,,,,,,,,,,,,,,,,g,,,,,,
women-round-neck-lounge-wear-tree-heart-navy-blue,,,,,,,,,xl,,,,,,,,'10743316,500.0,shopify,99,deny,manual,1699.00,,true,false,,,,,'10743316,https://cdn.shopify.com/s/files/1/0618/2368/0740/files/WhatsAppImage2026-06-05at2.32.39PM_2.jpg?v=1780653216,3,"",,,,,,,,,,,,,,,,,,,,,,,,,,,,,,,,,,,,,,,,,,,,,g,,,,,,
women-round-neck-lounge-wear-tree-heart-navy-blue,,,,,,,,,xxl,,,,,,,,'10743317,500.0,shopify,98,deny,manual,1799.00,,true,false,,,,,'10743317,https://cdn.shopify.com/s/files/1/0618/2368/0740/files/Sizechart_8251cd5d-eb02-4d2d-94b7-dd4dca385551.webp?v=1769769299,4,Pink Tree Heart Women Loungewear Article 56 size chart - measurements guide,,,,,,,,,,,,,,,,,,,,,,,,,,,,,,,,,,,,,,,,,,,,,g,,,,,,
women-v-neck-lounge-wear-black-heart-baby-pink,Women V-Neck Lounge Wear | Black Heart - Baby Pink,"<h4>Women V-Neck Lounge Wear | Black Heart - Baby Pink</h4>
<p data-start=""374"" data-end=""535"">Experience everyday comfort with a stylish touch in our <strong data-start=""430"" data-end=""458"">Women V-Neck Lounge Wear</strong> — designed for women who want to feel relaxed without compromising on style.</p>
<p data-start=""537"" data-end=""793"">This 2-piece set features a <strong data-start=""565"" data-end=""618"">modern V-neck top paired with comfortable bottoms</strong>, offering a relaxed fit that moves with you. The soft, breathable fabric keeps you feeling fresh all day, making it perfect for lounging, casual wear, or even a quick outing.</p>
<p data-start=""795"" data-end=""995"">Designed with a trendy <strong data-start=""818"" data-end=""844"">heart-inspired pattern</strong>, this set adds a subtle yet playful charm to your look. Available in multiple colors, you can choose your favorite shade to match your mood and style.</p>
<p data-start=""997"" data-end=""1103"">Whether you're relaxing at home or stepping out, this lounge wear set keeps you looking effortlessly chic.</p>
<p data-start=""1105"" data-end=""1122""><strong data-start=""1105"" data-end=""1122"">Key Features:</strong></p>
<ul data-start=""1123"" data-end=""1404"">
<li data-section-id=""9qxmar"" data-start=""1123"" data-end=""1170"">Stylish V-neck design for a flattering look</li>
<li data-section-id=""3pudom"" data-start=""1171"" data-end=""1214"">Soft, breathable &amp; skin-friendly fabric</li>
<li data-section-id=""f46jwt"" data-start=""1215"" data-end=""1250"">Relaxed fit for maximum comfort</li>
<li data-section-id=""1yndibs"" data-start=""1251"" data-end=""1291"">Elastic waistband for a flexible fit</li>
<li data-section-id=""1mbcc20"" data-start=""1292"" data-end=""1323"">Trendy heart pattern design</li>
<li data-section-id=""arqrzc"" data-start=""1324"" data-end=""1356"">Available in multiple colors</li>
<li data-section-id=""n8nixx"" data-start=""1357"" data-end=""1404"">Ideal for lounging, casual wear &amp; sleepwear</li>
</ul>
<p data-start=""1406"" data-end=""1503""><strong data-start=""1406"" data-end=""1417"">Fabric:</strong> Premium Cotton Blend<br data-start=""1438"" data-end=""1441""><strong data-start=""1441"" data-end=""1449"">Fit:</strong> Relaxed / Comfortable<br data-start=""1471"" data-end=""1474""><strong data-start=""1474"" data-end=""1485"">Season:</strong> All Season Wear</p>",BBG FASHION CLOTHING STORE,Apparel & Accessories > Clothing > Sleepwear & Loungewear > Loungewear,Article 56,Loungewear,true,Size,Medium,,,,,,,,'10743306,0.5,,99,deny,manual,1599.00,,true,false,,,,,'10743306,https://cdn.shopify.com/s/files/1/0618/2368/0740/files/7289aec4-4a4b-4d01-9fc5-406a6317fc8f.webp?v=1780404861,1,"",false,,"Shop women’s V-neck lounge wear in Pakistan. Soft, breathable and stylish 2-piece set with heart design, available in multiple colors for everyday comfort.",5713,,adult,,,,,,,,,,,,,adults,,,,,pink-1-1,,,cotton,,,,,,,,,,girls,,,,,,,,g,,,true,,,active
women-v-neck-lounge-wear-black-heart-baby-pink,,,,,,,,,Large,,,,,,,,'10743307,0.5,,99,deny,manual,1599.00,,true,false,,,,,'10743307,https://cdn.shopify.com/s/files/1/0618/2368/0740/files/WhatsAppImage2026-06-02at3.39.50PM.jpg?v=1780403837,2,"",,,,,,,,,,,,,,,,,,,,,,,,,,,,,,,,,,,,,,,,,,,,,g,,,,,,
women-v-neck-lounge-wear-black-heart-baby-pink,,,,,,,,,XL,,,,,,,,'10743308,0.5,,99,deny,manual,1699.00,,true,false,,,,,'10743308,https://cdn.shopify.com/s/files/1/0618/2368/0740/files/WhatsAppImage2026-06-02at3.39.50PM_1.jpg?v=1780403837,3,"",,,,,,,,,,,,,,,,,,,,,,,,,,,,,,,,,,,,,,,,,,,,,g,,,,,,
women-v-neck-lounge-wear-black-heart-baby-pink,,,,,,,,,XXL,,,,,,,,'10743309,0.5,,99,deny,manual,1799.00,,true,false,,,,,'10743309,https://cdn.shopify.com/s/files/1/0618/2368/0740/files/Screenshot_2026-02-03_155735_540x_360x_dc1633d9-85fb-478c-8736-890f17d93d2c.webp?v=1777028589,4,"",,,,,,,,,,,,,,,,,,,,,,,,,,,,,,,,,,,,,,,,,,,,,g,,,,,,
women-v-neck-lounge-wear-black-heart-navy-blue,Women V Neck Lounge Wear | Black Heart - Navy Blue,"<h4>Women's V-Neck Lounge Wear | Black Heart - Navy Blue</h4>
<p data-start=""374"" data-end=""535"">Experience everyday comfort with a stylish touch in our <strong data-start=""430"" data-end=""458"">Women V-Neck Lounge Wear</strong> — designed for women who want to feel relaxed without compromising on style.</p>
<p data-start=""537"" data-end=""793"">This 2-piece set features a <strong data-start=""565"" data-end=""618"">modern V-neck top paired with comfortable bottoms</strong>, offering a relaxed fit that moves with you. The soft, breathable fabric keeps you feeling fresh all day, making it perfect for lounging, casual wear, or even a quick outing.</p>
<p data-start=""795"" data-end=""995"">Designed with a trendy <strong data-start=""818"" data-end=""844"">heart-inspired pattern</strong>, this set adds a subtle yet playful charm to your look. Available in multiple colors, you can choose your favorite shade to match your mood and style.</p>
<p data-start=""997"" data-end=""1103"">Whether you're relaxing at home or stepping out, this lounge wear set keeps you looking effortlessly chic.</p>
<p data-start=""1105"" data-end=""1122""><strong data-start=""1105"" data-end=""1122"">Key Features:</strong></p>
<ul data-start=""1123"" data-end=""1404"">
<li data-section-id=""9qxmar"" data-start=""1123"" data-end=""1170"">Stylish V-neck design for a flattering look</li>
<li data-section-id=""3pudom"" data-start=""1171"" data-end=""1214"">Soft, breathable &amp; skin-friendly fabric</li>
<li data-section-id=""f46jwt"" data-start=""1215"" data-end=""1250"">Relaxed fit for maximum comfort</li>
<li data-section-id=""1yndibs"" data-start=""1251"" data-end=""1291"">Elastic waistband for a flexible fit</li>
<li data-section-id=""1mbcc20"" data-start=""1292"" data-end=""1323"">Trendy heart pattern design</li>
<li data-section-id=""arqrzc"" data-start=""1324"" data-end=""1356"">Available in multiple colors</li>
<li data-section-id=""n8nixx"" data-start=""1357"" data-end=""1404"">Ideal for lounging, casual wear &amp; sleepwear</li>
</ul>
<p data-start=""1406"" data-end=""1503""><strong data-start=""1406"" data-end=""1417"">Fabric:</strong> Premium Cotton Blend<br data-start=""1438"" data-end=""1441""><strong data-start=""1441"" data-end=""1449"">Fit:</strong> Relaxed / Comfortable<br data-start=""1471"" data-end=""1474""><strong data-start=""1474"" data-end=""1485"">Season:</strong> All Season Wear</p>",BBG FASHION CLOTHING STORE,Apparel & Accessories > Clothing > Sleepwear & Loungewear > Loungewear,Article 56,Loungewear,true,Size,Medium,,,,,,,,'10743302,0.5,,0,deny,manual,1599.00,,true,false,,,,,'10743302,https://cdn.shopify.com/s/files/1/0618/2368/0740/files/WhatsAppImage2026-06-02at3.44.57PM_1.jpg?v=1780403964,1,"",false,,"Shop women’s V-neck lounge wear in Pakistan. Soft, breathable and stylish 2-piece set with heart design, available in multiple colors for everyday comfort.",5713,,adult,,,,,,,,,,,,,adults,,,,,navy-1,,,cotton,,,,,,,,,,girls,,,,,,,,g,,,true,,,active
women-v-neck-lounge-wear-black-heart-navy-blue,,,,,,,,,Large,,,,,,,,'10743303,0.5,,0,deny,manual,1599.00,,true,false,,,,,'10743303,https://cdn.shopify.com/s/files/1/0618/2368/0740/files/WhatsAppImage2026-06-02at3.44.57PM.jpg?v=1780403964,2,"",,,,,,,,,,,,,,,,,,,,,,,,,,,,,,,,,,,,,,,,,,,,,g,,,,,,
women-v-neck-lounge-wear-black-heart-navy-blue,,,,,,,,,XL,,,,,,,,'10743304,0.5,,0,deny,manual,1699.00,,true,false,,,,,'10743304,https://cdn.shopify.com/s/files/1/0618/2368/0740/files/WhatsAppImage2026-06-02at3.44.56PM.jpg?v=1780403964,3,"",,,,,,,,,,,,,,,,,,,,,,,,,,,,,,,,,,,,,,,,,,,,,g,,,,,,
women-v-neck-lounge-wear-black-heart-navy-blue,,,,,,,,,XXL,,,,,,,,'10743305,0.5,,-1,deny,manual,1799.00,,true,false,,,,,'10743305,https://cdn.shopify.com/s/files/1/0618/2368/0740/files/Screenshot_2026-02-03_155735_540x_360x_dc1633d9-85fb-478c-8736-890f17d93d2c.webp?v=1777028589,4,"",,,,,,,,,,,,,,,,,,,,,,,,,,,,,,,,,,,,,,,,,,,,,g,,,,,,
women-v-neck-lounge-wear-black-heart-lemon-yellow,Women V-Neck Lounge Wear | Black Heart - Lemon Yellow,"<h4>Women V-Neck Lounge Wear | Black Heart - Lemon Yellow<br>
</h4>
<p data-start=""374"" data-end=""535"">Experience everyday comfort with a stylish touch in our <strong data-start=""430"" data-end=""458"">Women V-Neck Lounge Wear</strong> — designed for women who want to feel relaxed without compromising on style.</p>
<p data-start=""537"" data-end=""793"">This 2-piece set features a <strong data-start=""565"" data-end=""618"">modern V-neck top paired with comfortable bottoms</strong>, offering a relaxed fit that moves with you. The soft, breathable fabric keeps you feeling fresh all day, making it perfect for lounging, casual wear, or even a quick outing.</p>
<p data-start=""795"" data-end=""995"">Designed with a trendy <strong data-start=""818"" data-end=""844"">heart-inspired pattern</strong>, this set adds a subtle yet playful charm to your look. Available in multiple colors, you can choose your favorite shade to match your mood and style.</p>
<p data-start=""997"" data-end=""1103"">Whether you're relaxing at home or stepping out, this lounge wear set keeps you looking effortlessly chic.</p>
<p data-start=""1105"" data-end=""1122""><strong data-start=""1105"" data-end=""1122"">Key Features:</strong></p>
<ul data-start=""1123"" data-end=""1404"">
<li data-section-id=""9qxmar"" data-start=""1123"" data-end=""1170"">Stylish V-neck design for a flattering look</li>
<li data-section-id=""3pudom"" data-start=""1171"" data-end=""1214"">Soft, breathable &amp; skin-friendly fabric</li>
<li data-section-id=""f46jwt"" data-start=""1215"" data-end=""1250"">Relaxed fit for maximum comfort</li>
<li data-section-id=""1yndibs"" data-start=""1251"" data-end=""1291"">Elastic waistband for a flexible fit</li>
<li data-section-id=""1mbcc20"" data-start=""1292"" data-end=""1323"">Trendy heart pattern design</li>
<li data-section-id=""arqrzc"" data-start=""1324"" data-end=""1356"">Available in multiple colors</li>
<li data-section-id=""n8nixx"" data-start=""1357"" data-end=""1404"">Ideal for lounging, casual wear &amp; sleepwear</li>
</ul>
<p data-start=""1406"" data-end=""1503""><strong data-start=""1406"" data-end=""1417"">Fabric:</strong> Premium Cotton Blend<br data-start=""1438"" data-end=""1441""><strong data-start=""1441"" data-end=""1449"">Fit:</strong> Relaxed / Comfortable<br data-start=""1471"" data-end=""1474""><strong data-start=""1474"" data-end=""1485"">Season:</strong> All Season Wear</p>",BBG FASHION CLOTHING STORE,Apparel & Accessories > Clothing > Sleepwear & Loungewear > Loungewear,Article 56,Loungewear,true,Size,Medium,,,,,,,,'10743298,0.5,,0,deny,manual,1599.00,,true,false,,,,,'10743298,https://cdn.shopify.com/s/files/1/0618/2368/0740/files/28644d23-4e6a-4a8b-9567-e96bf27d7a1f_41240319-ba6f-4da3-9ab0-716b9623a105.webp?v=1780404694,1,"",false,,"Shop women’s V-neck lounge wear in Pakistan. Soft, breathable and stylish 2-piece set with heart design, available in multiple colors for everyday comfort.",5713,,adult,,,,,,,,,,,,,adults,,,,,yellow-1,,,cotton,,,,,,,,,,girls,,,,,,,,g,,,true,,,active
women-v-neck-lounge-wear-black-heart-lemon-yellow,,,,,,,,,Large,,,,,,,,'10743299,0.5,,0,deny,manual,1599.00,,true,false,,,,,'10743299,https://cdn.shopify.com/s/files/1/0618/2368/0740/files/WhatsAppImage2026-06-02at4.02.23PM.jpg?v=1780404021,2,"",,,,,,,,,,,,,,,,,,,,,,,,,,,,,,,,,,,,,,,,,,,,,g,,,,,,
women-v-neck-lounge-wear-black-heart-lemon-yellow,,,,,,,,,XL,,,,,,,,'10743300,0.5,,0,deny,manual,1699.00,,true,false,,,,,'10743300,https://cdn.shopify.com/s/files/1/0618/2368/0740/files/WhatsAppImage2026-06-02at4.02.24PM_1.jpg?v=1780404020,3,"",,,,,,,,,,,,,,,,,,,,,,,,,,,,,,,,,,,,,,,,,,,,,g,,,,,,
women-v-neck-lounge-wear-black-heart-lemon-yellow,,,,,,,,,XXL,,,,,,,,'10743301,0.5,,0,deny,manual,1799.00,,true,false,,,,,'10743301,https://cdn.shopify.com/s/files/1/0618/2368/0740/files/Screenshot_2026-02-03_155735_540x_360x_dc1633d9-85fb-478c-8736-890f17d93d2c.webp?v=1777028589,4,"",,,,,,,,,,,,,,,,,,,,,,,,,,,,,,,,,,,,,,,,,,,,,g,,,,,,
women-v-neck-lounge-wear-black-heart-red,Women V Neck Lounge Wear | Black Heart - Red,"<h4>Women V-Neck Lounge Wear | Black Heart - Red</h4>
<p data-start=""374"" data-end=""535"">Experience everyday comfort with a stylish touch in our <strong data-start=""430"" data-end=""458"">Women V-Neck Lounge Wear</strong> — designed for women who want to feel relaxed without compromising on style.</p>
<p data-start=""537"" data-end=""793"">This 2-piece set features a <strong data-start=""565"" data-end=""618"">modern V-neck top paired with comfortable bottoms</strong>, offering a relaxed fit that moves with you. The soft, breathable fabric keeps you feeling fresh all day, making it perfect for lounging, casual wear, or even a quick outing.</p>
<p data-start=""795"" data-end=""995"">Designed with a trendy <strong data-start=""818"" data-end=""844"">heart-inspired pattern</strong>, this set adds a subtle yet playful charm to your look. Available in multiple colors, you can choose your favorite shade to match your mood and style.</p>
<p data-start=""997"" data-end=""1103"">Whether you're relaxing at home or stepping out, this lounge wear set keeps you looking effortlessly chic.</p>
<p data-start=""1105"" data-end=""1122""><strong data-start=""1105"" data-end=""1122"">Key Features:</strong></p>
<ul data-start=""1123"" data-end=""1404"">
<li data-section-id=""9qxmar"" data-start=""1123"" data-end=""1170"">Stylish V-neck design for a flattering look</li>
<li data-section-id=""3pudom"" data-start=""1171"" data-end=""1214"">Soft, breathable &amp; skin-friendly fabric</li>
<li data-section-id=""f46jwt"" data-start=""1215"" data-end=""1250"">Relaxed fit for maximum comfort</li>
<li data-section-id=""1yndibs"" data-start=""1251"" data-end=""1291"">Elastic waistband for a flexible fit</li>
<li data-section-id=""1mbcc20"" data-start=""1292"" data-end=""1323"">Trendy heart pattern design</li>
<li data-section-id=""arqrzc"" data-start=""1324"" data-end=""1356"">Available in multiple colors</li>
<li data-section-id=""n8nixx"" data-start=""1357"" data-end=""1404"">Ideal for lounging, casual wear &amp; sleepwear</li>
</ul>
<p data-start=""1406"" data-end=""1503""><strong data-start=""1406"" data-end=""1417"">Fabric:</strong> Premium Cotton Blend<br data-start=""1438"" data-end=""1441""><strong data-start=""1441"" data-end=""1449"">Fit:</strong> Relaxed / Comfortable<br data-start=""1471"" data-end=""1474""><strong data-start=""1474"" data-end=""1485"">Season:</strong> All Season Wear</p>",BBG FASHION CLOTHING STORE,Apparel & Accessories > Clothing > Sleepwear & Loungewear > Loungewear,Article 56,Loungewear,true,Size,Medium,,,,,,,,'10743294,0.5,,0,deny,manual,1599.00,,true,false,,,,,'10743294,https://cdn.shopify.com/s/files/1/0618/2368/0740/files/WhatsAppImage2026-06-02at3.27.27PM_2.jpg?v=1780404062,1,"",false,,"Shop women’s V-neck lounge wear in Pakistan. Soft, breathable and stylish 2-piece set with heart design, available in multiple colors for everyday comfort.",5713,,adult,,,,,,,,,,,,,adults,,,,,magenta; black,,,cotton,,,,,,,,,,girls,,,,,,,,g,,,true,,,active
women-v-neck-lounge-wear-black-heart-red,,,,,,,,,Large,,,,,,,,'10743295,0.5,,0,deny,manual,1599.00,,true,false,,,,,'10743295,https://cdn.shopify.com/s/files/1/0618/2368/0740/files/WhatsAppImage2026-06-02at3.27.27PM.jpg?v=1780404063,2,"",,,,,,,,,,,,,,,,,,,,,,,,,,,,,,,,,,,,,,,,,,,,,g,,,,,,
women-v-neck-lounge-wear-black-heart-red,,,,,,,,,XL,,,,,,,,'10743296,0.5,,0,deny,manual,1699.00,,true,false,,,,,'10743296,https://cdn.shopify.com/s/files/1/0618/2368/0740/files/WhatsAppImage2026-06-02at3.27.27PM_1.jpg?v=1780404062,3,"",,,,,,,,,,,,,,,,,,,,,,,,,,,,,,,,,,,,,,,,,,,,,g,,,,,,
women-v-neck-lounge-wear-black-heart-red,,,,,,,,,XXL,,,,,,,,'10743297,0.5,,0,deny,manual,1799.00,,true,false,,,,,'10743297,https://cdn.shopify.com/s/files/1/0618/2368/0740/files/Screenshot_2026-02-03_155735_540x_360x_dc1633d9-85fb-478c-8736-890f17d93d2c.webp?v=1777028589,4,"",,,,,,,,,,,,,,,,,,,,,,,,,,,,,,,,,,,,,,,,,,,,,g,,,,,,
women-v-neck-lounge-wear-black-heart-black,Women V-Neck Lounge Wear | Black Heart - Black,"<h4>Women V-Neck Lounge Wear | Black Heart - Black</h4>
<p data-start=""374"" data-end=""535"">Experience everyday comfort with a stylish touch in our <strong data-start=""430"" data-end=""458"">Women V-Neck Lounge Wear</strong> — designed for women who want to feel relaxed without compromising on style.</p>
<p data-start=""537"" data-end=""793"">This 2-piece set features a <strong data-start=""565"" data-end=""618"">modern V-neck top paired with comfortable bottoms</strong>, offering a relaxed fit that moves with you. The soft, breathable fabric keeps you feeling fresh all day, making it perfect for lounging, casual wear, or even a quick outing.</p>
<p data-start=""795"" data-end=""995"">Designed with a trendy <strong data-start=""818"" data-end=""844"">heart-inspired pattern</strong>, this set adds a subtle yet playful charm to your look. Available in multiple colors, you can choose your favorite shade to match your mood and style.</p>
<p data-start=""997"" data-end=""1103"">Whether you're relaxing at home or stepping out, this lounge wear set keeps you looking effortlessly chic.</p>
<p data-start=""1105"" data-end=""1122""><strong data-start=""1105"" data-end=""1122"">Key Features:</strong></p>
<ul data-start=""1123"" data-end=""1404"">
<li data-section-id=""9qxmar"" data-start=""1123"" data-end=""1170"">Stylish V-neck design for a flattering look</li>
<li data-section-id=""3pudom"" data-start=""1171"" data-end=""1214"">Soft, breathable &amp; skin-friendly fabric</li>
<li data-section-id=""f46jwt"" data-start=""1215"" data-end=""1250"">Relaxed fit for maximum comfort</li>
<li data-section-id=""1yndibs"" data-start=""1251"" data-end=""1291"">Elastic waistband for a flexible fit</li>
<li data-section-id=""1mbcc20"" data-start=""1292"" data-end=""1323"">Trendy heart pattern design</li>
<li data-section-id=""arqrzc"" data-start=""1324"" data-end=""1356"">Available in multiple colors</li>
<li data-section-id=""n8nixx"" data-start=""1357"" data-end=""1404"">Ideal for lounging, casual wear &amp; sleepwear</li>
</ul>
<p data-start=""1406"" data-end=""1503""><strong data-start=""1406"" data-end=""1417"">Fabric:</strong> Premium Cotton Blend<br data-start=""1438"" data-end=""1441""><strong data-start=""1441"" data-end=""1449"">Fit:</strong> Relaxed / Comfortable<br data-start=""1471"" data-end=""1474""><strong data-start=""1474"" data-end=""1485"">Season:</strong> All Season Wear</p>",BBG FASHION CLOTHING STORE,Apparel & Accessories > Clothing > Sleepwear & Loungewear > Loungewear,Article 56,Loungewear,true,Size,Medium,,,,,,,,'10743290,0.5,,0,deny,manual,1599.00,,true,false,,,,,'10743290,https://cdn.shopify.com/s/files/1/0618/2368/0740/files/WhatsAppImage2026-06-02at3.35.17PM.jpg?v=1780404096,1,"",false,,"Shop women’s V-neck lounge wear in Pakistan. Soft, breathable and stylish 2-piece set with heart design, available in multiple colors for everyday comfort.",5713,,adult,,,,,,,,,,,,,adults,,,,,black,,,cotton,,,,,,,,,,girls,,,,,,,,g,,,true,,,active
women-v-neck-lounge-wear-black-heart-black,,,,,,,,,Large,,,,,,,,'10743291,0.5,,0,deny,manual,1599.00,,true,false,,,,,'10743291,https://cdn.shopify.com/s/files/1/0618/2368/0740/files/WhatsAppImage2026-06-02at3.35.17PM_1.jpg?v=1780404096,2,"",,,,,,,,,,,,,,,,,,,,,,,,,,,,,,,,,,,,,,,,,,,,,g,,,,,,
women-v-neck-lounge-wear-black-heart-black,,,,,,,,,XL,,,,,,,,'10743292,0.5,,0,deny,manual,1699.00,,true,false,,,,,'10743292,https://cdn.shopify.com/s/files/1/0618/2368/0740/files/WhatsAppImage2026-06-02at3.35.17PM_2.jpg?v=1780404096,3,"",,,,,,,,,,,,,,,,,,,,,,,,,,,,,,,,,,,,,,,,,,,,,g,,,,,,
women-v-neck-lounge-wear-black-heart-black,,,,,,,,,XXL,,,,,,,,'10743293,0.5,,0,deny,manual,1799.00,,true,false,,,,,'10743293,https://cdn.shopify.com/s/files/1/0618/2368/0740/files/Screenshot_2026-02-03_155735_540x_360x_dc1633d9-85fb-478c-8736-890f17d93d2c.webp?v=1777028589,4,"",,,,,,,,,,,,,,,,,,,,,,,,,,,,,,,,,,,,,,,,,,,,,g,,,,,,
women-round-neck-lounge-wear-spring-tree-sherwood-green,Women Round Neck Lounge Wear | Spring Tree - Sherwood Green,"<h4><strong>Women Round-Neck Lounge Wear | Spring Tree - Sherwood Green</strong></h4>
<p data-end=""357"" data-start=""77"">Upgrade your everyday comfort with our<span> </span><strong data-end=""162"" data-start=""116"">Women Round-Neck Lounge Wear | Spring Tree</strong><span> </span>set—where softness meets style. Designed for relaxed days and cozy evenings, this two-piece outfit features a flowy round-neck top paired with wide-leg trousers for a breathable, effortless fit.</p>
<p data-end=""565"" data-start=""359"">The highlight of this set is the elegant<span> </span><strong data-end=""423"" data-start=""400"">“Spring Tree” print</strong>, inspired by calm nature vibes with delicate blossoms and subtle detailing—perfect for adding a graceful touch to your loungewear collection.</p>
<p data-end=""838"" data-start=""567"">Crafted from lightweight, skin-friendly fabric, it feels smooth against the body and keeps you comfortable all day long. Whether you're relaxing at home, running light errands, or enjoying a casual day out, this set keeps you looking put-together without trying too hard.</p>
<p data-end=""933"" data-start=""840"">Available in<span> </span><strong data-end=""882"" data-start=""853"">multiple beautiful colors</strong>, so you can pick your vibe—soft, bold, or minimal.</p>
<p data-end=""952"" data-start=""935""><strong data-end=""952"" data-start=""935"">Key Features:</strong></p>
<ul data-end=""1215"" data-start=""953"">
<li data-end=""1001"" data-start=""953"" data-section-id=""15vdfkq"">
<p data-end=""1001"" data-start=""955"">Soft &amp; breathable fabric for all-day comfort</p>
</li>
<li data-end=""1041"" data-start=""1002"" data-section-id=""1ajn9q7"">
<p data-end=""1041"" data-start=""1004"">Elegant<span> </span><strong data-end=""1027"" data-start=""1012"">Spring Tree</strong><span> </span>front print</p>
</li>
<li data-end=""1090"" data-start=""1042"" data-section-id=""kpwa53"">
<p data-end=""1090"" data-start=""1044"">Relaxed round-neck top with straight sleeves</p>
</li>
<li data-end=""1135"" data-start=""1091"" data-section-id=""1dfjlpl"">
<p data-end=""1135"" data-start=""1093"">Wide-leg trousers with elastic waistband</p>
</li>
<li data-end=""1182"" data-start=""1136"" data-section-id=""4v4odh"">
<p data-end=""1182"" data-start=""1138"">Perfect for lounging, casual wear &amp; travel</p>
</li>
<li data-end=""1215"" data-start=""1183"" data-section-id=""arqrzc"">
<p data-end=""1215"" data-start=""1185"">Available in multiple colors</p>
</li>
</ul>",BBG FASHION CLOTHING STORE,Apparel & Accessories > Clothing > Sleepwear & Loungewear > Pajamas,Article 52,Loungewear,true,Size,medium,product.metafields.shopify.size,,,,,,,'10743286,0.5,,0,deny,manual,1599.00,,true,false,,,,,'10743286,https://cdn.shopify.com/s/files/1/0618/2368/0740/files/dea36ed4-75cd-433a-ad37-973c04dccf0b.webp?v=1780673892,1,"",false,,"Shop Women Round-Neck Lounge Wear | Spring Tree in multiple colors. Soft, breathable fabric with stylish print—perfect for everyday comfort and casual wear.",2580,,adult,,,,,,,,,,,,,adults,,,,stretchable,,,,cotton,,,,,,,medium; large; xl; xxl,,,girls,,,,,,,,g,,,true,,,active
women-round-neck-lounge-wear-spring-tree-sherwood-green,,,,,,,,,large,,,,,,,,'10743287,0.5,,0,deny,manual,1599.00,,true,false,,,,,'10743287,https://cdn.shopify.com/s/files/1/0618/2368/0740/files/5ad90099-2ebf-4ac5-a501-e717032395ba.webp?v=1780673892,2,"",,,,,,,,,,,,,,,,,,,,,,,,,,,,,,,,,,,,,,,,,,,,,g,,,,,,
women-round-neck-lounge-wear-spring-tree-sherwood-green,,,,,,,,,xl,,,,,,,,'10743288,0.5,,-1,deny,manual,1699.00,,true,false,,,,,'10743288,https://cdn.shopify.com/s/files/1/0618/2368/0740/files/8cd397d8-7ce3-48a6-be79-468342e150a2.webp?v=1780673892,3,"",,,,,,,,,,,,,,,,,,,,,,,,,,,,,,,,,,,,,,,,,,,,,g,,,,,,
women-round-neck-lounge-wear-spring-tree-sherwood-green,,,,,,,,,xxl,,,,,,,,'10743289,0.5,,0,deny,manual,1799.00,,true,false,,,,,'10743289,https://cdn.shopify.com/s/files/1/0618/2368/0740/files/imgi_74_Sizechart_1080x_ac2e92e0-89bc-40da-b0b2-3c6cc4092a94.webp?v=1769697866,4,Spring Tree Women Loungewear Article 52 size chart - measurements guide,,,,,,,,,,,,,,,,,,,,,,,,,,,,,,,,,,,,,,,,,,,,,g,,,,,,
women-round-neck-lounge-wear-spring-tree-lemon-yellow,Women Round Neck Lounge Wear | Spring Tree - Lemon Yellow,"<h4><strong>Women Round-Neck Lounge Wear | Spring Tree - Lemon Yellow</strong></h4>
<p data-end=""357"" data-start=""77"">Upgrade your everyday comfort with our<span> </span><strong data-end=""162"" data-start=""116"">Women Round-Neck Lounge Wear | Spring Tree</strong><span> </span>set—where softness meets style. Designed for relaxed days and cozy evenings, this two-piece outfit features a flowy round-neck top paired with wide-leg trousers for a breathable, effortless fit.</p>
<p data-end=""565"" data-start=""359"">The highlight of this set is the elegant<span> </span><strong data-end=""423"" data-start=""400"">“Spring Tree” print</strong>, inspired by calm nature vibes with delicate blossoms and subtle detailing—perfect for adding a graceful touch to your loungewear collection.</p>
<p data-end=""838"" data-start=""567"">Crafted from lightweight, skin-friendly fabric, it feels smooth against the body and keeps you comfortable all day long. Whether you're relaxing at home, running light errands, or enjoying a casual day out, this set keeps you looking put-together without trying too hard.</p>
<p data-end=""933"" data-start=""840"">Available in<span> </span><strong data-end=""882"" data-start=""853"">multiple beautiful colors</strong>, so you can pick your vibe—soft, bold, or minimal.</p>
<p data-end=""952"" data-start=""935""><strong data-end=""952"" data-start=""935"">Key Features:</strong></p>
<ul data-end=""1215"" data-start=""953"">
<li data-end=""1001"" data-start=""953"" data-section-id=""15vdfkq"">
<p data-end=""1001"" data-start=""955"">Soft &amp; breathable fabric for all-day comfort</p>
</li>
<li data-end=""1041"" data-start=""1002"" data-section-id=""1ajn9q7"">
<p data-end=""1041"" data-start=""1004"">Elegant<span> </span><strong data-end=""1027"" data-start=""1012"">Spring Tree</strong><span> </span>front print</p>
</li>
<li data-end=""1090"" data-start=""1042"" data-section-id=""kpwa53"">
<p data-end=""1090"" data-start=""1044"">Relaxed round-neck top with straight sleeves</p>
</li>
<li data-end=""1135"" data-start=""1091"" data-section-id=""1dfjlpl"">
<p data-end=""1135"" data-start=""1093"">Wide-leg trousers with elastic waistband</p>
</li>
<li data-end=""1182"" data-start=""1136"" data-section-id=""4v4odh"">
<p data-end=""1182"" data-start=""1138"">Perfect for lounging, casual wear &amp; travel</p>
</li>
<li data-end=""1215"" data-start=""1183"" data-section-id=""arqrzc"">
<p data-end=""1215"" data-start=""1185"">Available in multiple colors</p>
</li>
</ul>",BBG FASHION CLOTHING STORE,Apparel & Accessories > Clothing > Sleepwear & Loungewear > Pajamas,Article 52,Loungewear,true,Size,medium,product.metafields.shopify.size,,,,,,,'10743278,0.5,,0,deny,manual,1599.00,,true,false,,,,,'10743278,https://cdn.shopify.com/s/files/1/0618/2368/0740/files/29d48d1c-baa4-42df-b6e2-24843069045d.webp?v=1780675356,1,"",false,,"Shop Women Round-Neck Lounge Wear | Spring Tree in multiple colors. Soft, breathable fabric with stylish print—perfect for everyday comfort and casual wear.",2580,,adult,,,,,,,,,,,,,adults,,,,stretchable,,,,cotton,,,,,,,medium; large; xl; xxl,,,girls,,,,,,,,g,,,true,,,active
women-round-neck-lounge-wear-spring-tree-lemon-yellow,,,,,,,,,large,,,,,,,,'10743279,0.5,,0,deny,manual,1599.00,,true,false,,,,,'10743279,https://cdn.shopify.com/s/files/1/0618/2368/0740/files/e8ee3b48-ee5b-4ed3-a2cd-db7285127fd6.webp?v=1780675356,2,"",,,,,,,,,,,,,,,,,,,,,,,,,,,,,,,,,,,,,,,,,,,,,g,,,,,,
women-round-neck-lounge-wear-spring-tree-lemon-yellow,,,,,,,,,xl,,,,,,,,'10743280,0.5,,0,deny,manual,1699.00,,true,false,,,,,'10743280,https://cdn.shopify.com/s/files/1/0618/2368/0740/files/imgi_74_Sizechart_1080x_ac2e92e0-89bc-40da-b0b2-3c6cc4092a94.webp?v=1769697866,3,Spring Tree Women Loungewear Article 52 size chart - measurements guide,,,,,,,,,,,,,,,,,,,,,,,,,,,,,,,,,,,,,,,,,,,,,g,,,,,,
women-round-neck-lounge-wear-spring-tree-lemon-yellow,,,,,,,,,xxl,,,,,,,,'10743281,0.5,,0,deny,manual,1799.00,,true,false,,,,,'10743281,,,,,,,,,,,,,,,,,,,,,,,,,,,,,,,,,,,,,,,,,,,,,,,,g,,,,,,
women-round-neck-lounge-wear-spring-tree-baby-pink,Women Round Neck Lounge Wear | Spring Tree - Baby Pink,"<h4><strong>Women Round-Neck Lounge Wear | Spring Tree - Baby Pink</strong></h4>
<p data-end=""357"" data-start=""77"">Upgrade your everyday comfort with our<span> </span><strong data-end=""162"" data-start=""116"">Women Round-Neck Lounge Wear | Spring Tree</strong><span> </span>set—where softness meets style. Designed for relaxed days and cozy evenings, this two-piece outfit features a flowy round-neck top paired with wide-leg trousers for a breathable, effortless fit.</p>
<p data-end=""565"" data-start=""359"">The highlight of this set is the elegant<span> </span><strong data-end=""423"" data-start=""400"">“Spring Tree” print</strong>, inspired by calm nature vibes with delicate blossoms and subtle detailing—perfect for adding a graceful touch to your loungewear collection.</p>
<p data-end=""838"" data-start=""567"">Crafted from lightweight, skin-friendly fabric, it feels smooth against the body and keeps you comfortable all day long. Whether you're relaxing at home, running light errands, or enjoying a casual day out, this set keeps you looking put-together without trying too hard.</p>
<p data-end=""933"" data-start=""840"">Available in<span> </span><strong data-end=""882"" data-start=""853"">multiple beautiful colors</strong>, so you can pick your vibe—soft, bold, or minimal.</p>
<p data-end=""952"" data-start=""935""><strong data-end=""952"" data-start=""935"">Key Features:</strong></p>
<ul data-end=""1215"" data-start=""953"">
<li data-end=""1001"" data-start=""953"" data-section-id=""15vdfkq"">
<p data-end=""1001"" data-start=""955"">Soft &amp; breathable fabric for all-day comfort</p>
</li>
<li data-end=""1041"" data-start=""1002"" data-section-id=""1ajn9q7"">
<p data-end=""1041"" data-start=""1004"">Elegant<span> </span><strong data-end=""1027"" data-start=""1012"">Spring Tree</strong><span> </span>front print</p>
</li>
<li data-end=""1090"" data-start=""1042"" data-section-id=""kpwa53"">
<p data-end=""1090"" data-start=""1044"">Relaxed round-neck top with straight sleeves</p>
</li>
<li data-end=""1135"" data-start=""1091"" data-section-id=""1dfjlpl"">
<p data-end=""1135"" data-start=""1093"">Wide-leg trousers with elastic waistband</p>
</li>
<li data-end=""1182"" data-start=""1136"" data-section-id=""4v4odh"">
<p data-end=""1182"" data-start=""1138"">Perfect for lounging, casual wear &amp; travel</p>
</li>
<li data-end=""1215"" data-start=""1183"" data-section-id=""arqrzc"">
<p data-end=""1215"" data-start=""1185"">Available in multiple colors</p>
</li>
</ul>",BBG FASHION CLOTHING STORE,Apparel & Accessories > Clothing > Sleepwear & Loungewear > Pajamas,Article 52,Loungewear,true,Size,medium,product.metafields.shopify.size,,,,,,,'10743270,0.5,,0,deny,manual,1599.00,,true,false,,,,,'10743270,https://cdn.shopify.com/s/files/1/0618/2368/0740/files/dd2ed769-808d-42bd-a057-2160ffbd4bc0.webp?v=1780675416,1,"",false,,"Shop Women Round-Neck Lounge Wear | Spring Tree in multiple colors. Soft, breathable fabric with stylish print—perfect for everyday comfort and casual wear.",2580,,adult,,,,,,,,,,,,,adults,,,,stretchable,,,,cotton,,,,,,,medium; large; xl; xxl,,,girls,,,,,,,,g,,,true,,,active
women-round-neck-lounge-wear-spring-tree-baby-pink,,,,,,,,,large,,,,,,,,'10743271,0.5,,0,deny,manual,1599.00,,true,false,,,,,'10743271,https://cdn.shopify.com/s/files/1/0618/2368/0740/files/b0b19fca-5ffa-4a20-bd29-1f6dffcfb7b3.webp?v=1780675416,2,"",,,,,,,,,,,,,,,,,,,,,,,,,,,,,,,,,,,,,,,,,,,,,g,,,,,,
women-round-neck-lounge-wear-spring-tree-baby-pink,,,,,,,,,xl,,,,,,,,'10743272,0.5,,0,deny,manual,1699.00,,true,false,,,,,'10743272,https://cdn.shopify.com/s/files/1/0618/2368/0740/files/b9ff5a4c-d91e-45aa-a106-c8110d352b06.webp?v=1780675416,3,"",,,,,,,,,,,,,,,,,,,,,,,,,,,,,,,,,,,,,,,,,,,,,g,,,,,,
women-round-neck-lounge-wear-spring-tree-baby-pink,,,,,,,,,xxl,,,,,,,,'10743273,0.5,,-1,deny,manual,1799.00,,true,false,,,,,'10743273,https://cdn.shopify.com/s/files/1/0618/2368/0740/files/imgi_74_Sizechart_1080x_ac2e92e0-89bc-40da-b0b2-3c6cc4092a94.webp?v=1769697866,4,Spring Tree Women Loungewear Article 52 size chart - measurements guide,,,,,,,,,,,,,,,,,,,,,,,,,,,,,,,,,,,,,,,,,,,,,g,,,,,,
women-round-neck-lounge-wear-spring-tree-navy-blue,Women Round Neck Lounge Wear | Spring Tree - Navy Blue,"<h4><strong>Women Round-Neck Lounge Wear | Spring Tree - Navy Blue</strong></h4>
<p data-end=""357"" data-start=""77"">Upgrade your everyday comfort with our<span> </span><strong data-end=""162"" data-start=""116"">Women Round-Neck Lounge Wear | Spring Tree</strong><span> </span>set—where softness meets style. Designed for relaxed days and cozy evenings, this two-piece outfit features a flowy round-neck top paired with wide-leg trousers for a breathable, effortless fit.</p>
<p data-end=""565"" data-start=""359"">The highlight of this set is the elegant<span> </span><strong data-end=""423"" data-start=""400"">“Spring Tree” print</strong>, inspired by calm nature vibes with delicate blossoms and subtle detailing—perfect for adding a graceful touch to your loungewear collection.</p>
<p data-end=""838"" data-start=""567"">Crafted from lightweight, skin-friendly fabric, it feels smooth against the body and keeps you comfortable all day long. Whether you're relaxing at home, running light errands, or enjoying a casual day out, this set keeps you looking put-together without trying too hard.</p>
<p data-end=""933"" data-start=""840"">Available in<span> </span><strong data-end=""882"" data-start=""853"">multiple beautiful colors</strong>, so you can pick your vibe—soft, bold, or minimal.</p>
<p data-end=""952"" data-start=""935""><strong data-end=""952"" data-start=""935"">Key Features:</strong></p>
<ul data-end=""1215"" data-start=""953"">
<li data-end=""1001"" data-start=""953"" data-section-id=""15vdfkq"">
<p data-end=""1001"" data-start=""955"">Soft &amp; breathable fabric for all-day comfort</p>
</li>
<li data-end=""1041"" data-start=""1002"" data-section-id=""1ajn9q7"">
<p data-end=""1041"" data-start=""1004"">Elegant<span> </span><strong data-end=""1027"" data-start=""1012"">Spring Tree</strong><span> </span>front print</p>
</li>
<li data-end=""1090"" data-start=""1042"" data-section-id=""kpwa53"">
<p data-end=""1090"" data-start=""1044"">Relaxed round-neck top with straight sleeves</p>
</li>
<li data-end=""1135"" data-start=""1091"" data-section-id=""1dfjlpl"">
<p data-end=""1135"" data-start=""1093"">Wide-leg trousers with elastic waistband</p>
</li>
<li data-end=""1182"" data-start=""1136"" data-section-id=""4v4odh"">
<p data-end=""1182"" data-start=""1138"">Perfect for lounging, casual wear &amp; travel</p>
</li>
<li data-end=""1215"" data-start=""1183"" data-section-id=""arqrzc"">
<p data-end=""1215"" data-start=""1185"">Available in multiple colors</p>
</li>
</ul>",BBG FASHION CLOTHING STORE,Apparel & Accessories > Clothing > Sleepwear & Loungewear > Pajamas,Article 52,Loungewear,true,Size,medium,product.metafields.shopify.size,,,,,,,'10743266,0.5,,0,deny,manual,1599.00,,true,false,,,,,'10743266,https://cdn.shopify.com/s/files/1/0618/2368/0740/files/77f04997-6880-477f-8066-b70dd42101b9.webp?v=1780675457,1,"",false,,"Shop Women Round-Neck Lounge Wear | Spring Tree in multiple colors. Soft, breathable fabric with stylish print—perfect for everyday comfort and casual wear.",2580,,adult,,,,,,,,,,,,,adults,,,,stretchable,,,,cotton,,,,,,,medium; large; xl; xxl,,,girls,,,,,,,,g,,,true,,,active
women-round-neck-lounge-wear-spring-tree-navy-blue,,,,,,,,,large,,,,,,,,'10743267,0.5,,0,deny,manual,1599.00,,true,false,,,,,'10743267,https://cdn.shopify.com/s/files/1/0618/2368/0740/files/f83ec3d8-b812-489e-8b6a-a8d6f6f615a3.webp?v=1780675457,2,"",,,,,,,,,,,,,,,,,,,,,,,,,,,,,,,,,,,,,,,,,,,,,g,,,,,,
women-round-neck-lounge-wear-spring-tree-navy-blue,,,,,,,,,xl,,,,,,,,'10743268,0.5,,0,deny,manual,1699.00,,true,false,,,,,'10743268,https://cdn.shopify.com/s/files/1/0618/2368/0740/files/4ef72301-2a0f-4e6f-9fed-b44fb4267cf8.webp?v=1780675457,3,"",,,,,,,,,,,,,,,,,,,,,,,,,,,,,,,,,,,,,,,,,,,,,g,,,,,,
women-round-neck-lounge-wear-spring-tree-navy-blue,,,,,,,,,xxl,,,,,,,,'10743269,0.5,,0,deny,manual,1799.00,,true,false,,,,,'10743269,https://cdn.shopify.com/s/files/1/0618/2368/0740/files/imgi_74_Sizechart_1080x_ac2e92e0-89bc-40da-b0b2-3c6cc4092a94.webp?v=1769697866,4,Spring Tree Women Loungewear Article 52 size chart - measurements guide,,,,,,,,,,,,,,,,,,,,,,,,,,,,,,,,,,,,,,,,,,,,,g,,,,,,
kids-matching-set-snoopy-brown,Kids Matching Set | Snoopy - Brown,"<h4><span data-sheets-root=""1"">Kids Matching Set | Snoopy - Brown<br></span></h4>
<p data-start=""335"" data-end=""577"">Upgrade your child’s wardrobe with our <strong data-start=""374"" data-end=""395"">Kids Matching Set</strong>, designed for both comfort and everyday style. Featuring fun, eye-catching prints and available in multiple colors, this set is perfect for kids who love playful and trendy outfits.</p>
<p data-start=""579"" data-end=""851"">Crafted from soft, premium-quality fabric, the top provides a cozy and breathable feel, while the matching pants offer a relaxed fit for all-day comfort. Whether it’s playtime, casual outings, or lounging at home, this outfit keeps your little one comfortable and stylish.</p>
<p data-start=""853"" data-end=""956"">With its versatile design and vibrant color options, this matching set is a must-have for every season.</p>
<p data-start=""958"" data-end=""973"">✨ <strong data-start=""960"" data-end=""973"">Features:</strong></p>
<ul data-start=""974"" data-end=""1188"">
<li data-section-id=""xwdhyn"" data-start=""974"" data-end=""1024"">Soft and breathable fabric for maximum comfort</li>
<li data-section-id=""a2awt4"" data-start=""1025"" data-end=""1069"">Available in multiple colors &amp; prints 🎨</li>
<li data-section-id=""5w87hx"" data-start=""1070"" data-end=""1105"">Comfortable fit for active kids</li>
<li data-section-id=""1bktu6g"" data-start=""1106"" data-end=""1141"">Elastic waistband for easy wear</li>
<li data-section-id=""1k505dq"" data-start=""1142"" data-end=""1188"">Perfect for daily wear, outings &amp; playtime</li>
</ul>
<p data-start=""1190"" data-end=""1256"">Let your kids enjoy <strong data-start=""1210"" data-end=""1256"">comfort, style, and fun—all in one outfit!</strong></p>",BBG FASHION CLOTHING STORE,Apparel & Accessories > Clothing > Baby & Children's Clothing > Baby & Children's Sleepwear,Kids Pajama Set,Kids Pajama Set,true,Size,1 - 2 Years,,,,,,,,'10743237,0.5,,0,deny,manual,1499.00,,true,false,,,,,'10743237,https://cdn.shopify.com/s/files/1/0618/2368/0740/files/35_1080x_cc9ddf86-ca49-48d5-b160-18b6e66b84c7.webp?v=1776950010,1,"",false,,"Shop Kids Matching Set in multiple colors & fun prints. Soft, comfortable & stylish outfit for kids. Perfect for everyday wear in Pakistan. Order now!",,,,,,,,,,,,,,,,,,,,,green-1; brown-1,,,,,,,,,,,,,,,,,,,,,g,,,true,,,active
kids-matching-set-snoopy-brown,,,,,,,,,3 - 4 Years,,,,,,,,'10743238,0.5,,0,deny,manual,1499.00,,true,false,,,,,'10743238,https://cdn.shopify.com/s/files/1/0618/2368/0740/files/1-14_df1552fc-16ef-4380-9ced-e9c0e89628b9.webp?v=1776944910,2,"",,,,,,,,,,,,,,,,,,,,,,,,,,,,,,,,,,,,,,,,,,,,,g,,,,,,
kids-matching-set-snoopy-brown,,,,,,,,,5 - 6 Years,,,,,,,,'10743239,0.5,,0,deny,manual,1499.00,,true,false,,,,,'10743239,,,,,,,,,,,,,,,,,,,,,,,,,,,,,,,,,,,,,,,,,,,,,,,,g,,,,,,
kids-matching-set-snoopy-brown,,,,,,,,,7 - 8 Years,,,,,,,,'10743240,0.5,,-1,deny,manual,1499.00,,true,false,,,,,'10743240,,,,,,,,,,,,,,,,,,,,,,,,,,,,,,,,,,,,,,,,,,,,,,,,g,,,,,,
kids-matching-set-snoopy-brown,,,,,,,,,9 - 10 Years,,,,,,,,'10743241,0.5,,0,deny,manual,1499.00,,true,false,,,,,'10743241,,,,,,,,,,,,,,,,,,,,,,,,,,,,,,,,,,,,,,,,,,,,,,,,g,,,,,,
kids-matching-set-snoopy-brown,,,,,,,,,11 - 12 Years,,,,,,,,'10743242,0.5,,0,deny,manual,1499.00,,true,false,,,,,'10743242,,,,,,,,,,,,,,,,,,,,,,,,,,,,,,,,,,,,,,,,,,,,,,,,g,,,,,,
kids-matching-set-snoopy-brown,,,,,,,,,13 - 14 Years,,,,,,,,'10743243,0.5,,0,deny,manual,1499.00,,true,false,,,,,'10743243,,,,,,,,,,,,,,,,,,,,,,,,,,,,,,,,,,,,,,,,,,,,,,,,g,,,,,,
kids-matching-set-snoopy-yellow,Kids Matching Set | Snoopy - Yellow,"<h4><span data-sheets-root=""1"">Kids Matching Set | Snoopy - Yellow</span></h4>
<p data-start=""335"" data-end=""577"">Upgrade your child’s wardrobe with our <strong data-start=""374"" data-end=""395"">Kids Matching Set</strong>, designed for both comfort and everyday style. Featuring fun, eye-catching prints and available in multiple colors, this set is perfect for kids who love playful and trendy outfits.</p>
<p data-start=""579"" data-end=""851"">Crafted from soft, premium-quality fabric, the top provides a cozy and breathable feel, while the matching pants offer a relaxed fit for all-day comfort. Whether it’s playtime, casual outings, or lounging at home, this outfit keeps your little one comfortable and stylish.</p>
<p data-start=""853"" data-end=""956"">With its versatile design and vibrant color options, this matching set is a must-have for every season.</p>
<p data-start=""958"" data-end=""973"">✨ <strong data-start=""960"" data-end=""973"">Features:</strong></p>
<ul data-start=""974"" data-end=""1188"">
<li data-section-id=""xwdhyn"" data-start=""974"" data-end=""1024"">Soft and breathable fabric for maximum comfort</li>
<li data-section-id=""a2awt4"" data-start=""1025"" data-end=""1069"">Available in multiple colors &amp; prints 🎨</li>
<li data-section-id=""5w87hx"" data-start=""1070"" data-end=""1105"">Comfortable fit for active kids</li>
<li data-section-id=""1bktu6g"" data-start=""1106"" data-end=""1141"">Elastic waistband for easy wear</li>
<li data-section-id=""1k505dq"" data-start=""1142"" data-end=""1188"">Perfect for daily wear, outings &amp; playtime</li>
</ul>
<p data-start=""1190"" data-end=""1256"">Let your kids enjoy <strong data-start=""1210"" data-end=""1256"">comfort, style, and fun—all in one outfit!</strong></p>",BBG FASHION CLOTHING STORE,Apparel & Accessories > Clothing > Baby & Children's Clothing > Baby & Children's Outfits,Kids Pajama Set,Kids Pajama Set,true,Size,1 - 2 Years,,,,,,,,'10743230,0.5,,123,deny,manual,1499.00,,true,false,,,,,'10743230,https://cdn.shopify.com/s/files/1/0618/2368/0740/files/36_1448x_3f23edb7-5284-4bf5-bbdf-735678a15f49.webp?v=1776950002,1,"",false,,"Shop Kids Matching Set in multiple colors & fun prints. Soft, comfortable & stylish outfit for kids. Perfect for everyday wear in Pakistan. Order now!",,,,,,,,,,,,,,,,,,,,,yellow-1,casual; everyday,,,,,,,,long,,,,,,,,,,,,g,,,true,,,active
kids-matching-set-snoopy-yellow,,,,,,,,,3 - 4 Years,,,,,,,,'10743231,0.5,,123,deny,manual,1499.00,,true,false,,,,,'10743231,https://cdn.shopify.com/s/files/1/0618/2368/0740/files/1-14_df1552fc-16ef-4380-9ced-e9c0e89628b9.webp?v=1776944910,2,"",,,,,,,,,,,,,,,,,,,,,,,,,,,,,,,,,,,,,,,,,,,,,g,,,,,,
kids-matching-set-snoopy-yellow,,,,,,,,,5 - 6 Years,,,,,,,,'10743232,0.5,,231,deny,manual,1499.00,,true,false,,,,,'10743232,,,,,,,,,,,,,,,,,,,,,,,,,,,,,,,,,,,,,,,,,,,,,,,,g,,,,,,
kids-matching-set-snoopy-yellow,,,,,,,,,7 - 8 Years,,,,,,,,'10743233,0.5,,23123,deny,manual,1499.00,,true,false,,,,,'10743233,,,,,,,,,,,,,,,,,,,,,,,,,,,,,,,,,,,,,,,,,,,,,,,,g,,,,,,
kids-matching-set-snoopy-yellow,,,,,,,,,9 - 10 Years,,,,,,,,'10743234,0.5,,23123,deny,manual,1499.00,,true,false,,,,,'10743234,,,,,,,,,,,,,,,,,,,,,,,,,,,,,,,,,,,,,,,,,,,,,,,,g,,,,,,
kids-matching-set-snoopy-yellow,,,,,,,,,11 - 12 Years,,,,,,,,'10743235,0.5,,123123,deny,manual,1499.00,,true,false,,,,,'10743235,,,,,,,,,,,,,,,,,,,,,,,,,,,,,,,,,,,,,,,,,,,,,,,,g,,,,,,
kids-matching-set-snoopy-yellow,,,,,,,,,13 - 14 Years,,,,,,,,'10743236,0.5,,23123,deny,manual,1499.00,,true,false,,,,,'10743236,,,,,,,,,,,,,,,,,,,,,,,,,,,,,,,,,,,,,,,,,,,,,,,,g,,,,,,
kids-matching-set-minnie-angel-brown,Kids Matching Set | Minnie Angel - Brown,"<h4><strong><span data-sheets-root=""1"">Kids Matching Set | Minnie Angel - Brown</span></strong></h4>
<p data-start=""335"" data-end=""577"">Upgrade your child’s wardrobe with our <strong data-start=""374"" data-end=""395"">Kids Matching Set</strong>, designed for both comfort and everyday style. Featuring fun, eye-catching prints and available in multiple colors, this set is perfect for kids who love playful and trendy outfits.</p>
<p data-start=""579"" data-end=""851"">Crafted from soft, premium-quality fabric, the top provides a cozy and breathable feel, while the matching pants offer a relaxed fit for all-day comfort. Whether it’s playtime, casual outings, or lounging at home, this outfit keeps your little one comfortable and stylish.</p>
<p data-start=""853"" data-end=""956"">With its versatile design and vibrant color options, this matching set is a must-have for every season.</p>
<p data-start=""958"" data-end=""973"">✨ <strong data-start=""960"" data-end=""973"">Features:</strong></p>
<ul data-start=""974"" data-end=""1188"">
<li data-section-id=""xwdhyn"" data-start=""974"" data-end=""1024"">Soft and breathable fabric for maximum comfort</li>
<li data-section-id=""a2awt4"" data-start=""1025"" data-end=""1069"">Available in multiple colors &amp; prints 🎨</li>
<li data-section-id=""5w87hx"" data-start=""1070"" data-end=""1105"">Comfortable fit for active kids</li>
<li data-section-id=""1bktu6g"" data-start=""1106"" data-end=""1141"">Elastic waistband for easy wear</li>
<li data-section-id=""1k505dq"" data-start=""1142"" data-end=""1188"">Perfect for daily wear, outings &amp; playtime</li>
</ul>
<p data-start=""1190"" data-end=""1256"">Let your kids enjoy <strong data-start=""1210"" data-end=""1256"">comfort, style, and fun—all in one outfit!</strong></p>",BBG FASHION CLOTHING STORE,Apparel & Accessories > Clothing > Baby & Children's Clothing > Baby & Children's Outfits,Kids Pajama Set,Kids Pajama Set,true,Size,1 - 2 Years,,,,,,,,'10743223,0.5,,123,deny,manual,1499.00,,true,false,,,,,'10743223,https://cdn.shopify.com/s/files/1/0618/2368/0740/files/6_1080x_413e55d0-37a4-4d79-bc77-582342c31e47.webp?v=1776948244,1,"",false,,"Shop Kids Matching Set in multiple colors & fun prints. Soft, comfortable & stylish outfit for kids. Perfect for everyday wear in Pakistan. Order now!",,,,,,,,,,,,,,,,,,,,,brown-1,casual; everyday,,,,,,,,long,,,,,,,,,,,,g,,,true,,,active
kids-matching-set-minnie-angel-brown,,,,,,,,,3 - 4 Years,,,,,,,,'10743224,0.5,,123,deny,manual,1499.00,,true,false,,,,,'10743224,https://cdn.shopify.com/s/files/1/0618/2368/0740/files/1-14_df1552fc-16ef-4380-9ced-e9c0e89628b9.webp?v=1776944910,2,"",,,,,,,,,,,,,,,,,,,,,,,,,,,,,,,,,,,,,,,,,,,,,g,,,,,,
kids-matching-set-minnie-angel-brown,,,,,,,,,5 - 6 Years,,,,,,,,'10743225,0.5,,123,deny,manual,1499.00,,true,false,,,,,'10743225,,,,,,,,,,,,,,,,,,,,,,,,,,,,,,,,,,,,,,,,,,,,,,,,g,,,,,,
kids-matching-set-minnie-angel-brown,,,,,,,,,7 - 8 Years,,,,,,,,'10743226,0.5,,123,deny,manual,1499.00,,true,false,,,,,'10743226,,,,,,,,,,,,,,,,,,,,,,,,,,,,,,,,,,,,,,,,,,,,,,,,g,,,,,,
kids-matching-set-minnie-angel-brown,,,,,,,,,9 - 10 Years,,,,,,,,'10743227,0.5,,123,deny,manual,1499.00,,true,false,,,,,'10743227,,,,,,,,,,,,,,,,,,,,,,,,,,,,,,,,,,,,,,,,,,,,,,,,g,,,,,,
kids-matching-set-minnie-angel-brown,,,,,,,,,11 - 12 Years,,,,,,,,'10743228,0.5,,123,deny,manual,1499.00,,true,false,,,,,'10743228,,,,,,,,,,,,,,,,,,,,,,,,,,,,,,,,,,,,,,,,,,,,,,,,g,,,,,,
kids-matching-set-minnie-angel-brown,,,,,,,,,13 - 14 Years,,,,,,,,'10743229,0.5,,123,deny,manual,1499.00,,true,false,,,,,'10743229,,,,,,,,,,,,,,,,,,,,,,,,,,,,,,,,,,,,,,,,,,,,,,,,g,,,,,,
kids-matching-set-minnie-angel-yellow,Kids Matching Set | Minnie Angel - Yellow,"<h4><span data-sheets-root=""1"">Kids Matching Set | Minnie Angel - Yellow<br></span></h4>
<p data-start=""335"" data-end=""577"">Upgrade your child’s wardrobe with our <strong data-start=""374"" data-end=""395"">Kids Matching Set</strong>, designed for both comfort and everyday style. Featuring fun, eye-catching prints and available in multiple colors, this set is perfect for kids who love playful and trendy outfits.</p>
<p data-start=""579"" data-end=""851"">Crafted from soft, premium-quality fabric, the top provides a cozy and breathable feel, while the matching pants offer a relaxed fit for all-day comfort. Whether it’s playtime, casual outings, or lounging at home, this outfit keeps your little one comfortable and stylish.</p>
<p data-start=""853"" data-end=""956"">With its versatile design and vibrant color options, this matching set is a must-have for every season.</p>
<p data-start=""958"" data-end=""973"">✨ <strong data-start=""960"" data-end=""973"">Features:</strong></p>
<ul data-start=""974"" data-end=""1188"">
<li data-section-id=""xwdhyn"" data-start=""974"" data-end=""1024"">Soft and breathable fabric for maximum comfort</li>
<li data-section-id=""a2awt4"" data-start=""1025"" data-end=""1069"">Available in multiple colors &amp; prints 🎨</li>
<li data-section-id=""5w87hx"" data-start=""1070"" data-end=""1105"">Comfortable fit for active kids</li>
<li data-section-id=""1bktu6g"" data-start=""1106"" data-end=""1141"">Elastic waistband for easy wear</li>
<li data-section-id=""1k505dq"" data-start=""1142"" data-end=""1188"">Perfect for daily wear, outings &amp; playtime</li>
</ul>
<p data-start=""1190"" data-end=""1256"">Let your kids enjoy <strong data-start=""1210"" data-end=""1256"">comfort, style, and fun—all in one outfit!</strong></p>",BBG FASHION CLOTHING STORE,Apparel & Accessories > Clothing > Baby & Children's Clothing > Baby & Children's Outfits,Kids Pajama Set,Kids Pajama Set,true,Size,1 - 2 Years,,,,,,,,'10743216,0.5,,123,deny,manual,1499.00,,true,false,,,,,'10743216,https://cdn.shopify.com/s/files/1/0618/2368/0740/files/5_1448x_c1190b28-470d-41b4-9533-68dc52f95d6d.webp?v=1776948238,1,"",false,,"Shop Kids Matching Set in multiple colors & fun prints. Soft, comfortable & stylish outfit for kids. Perfect for everyday wear in Pakistan. Order now!",,,,,,,,,,,,,,,,,,,,,yellow-1,casual; everyday,,,,,,,,long,,,,,,,,,,,,g,,,true,,,active
kids-matching-set-minnie-angel-yellow,,,,,,,,,3 - 4 Years,,,,,,,,'10743217,0.5,,123,deny,manual,1499.00,,true,false,,,,,'10743217,https://cdn.shopify.com/s/files/1/0618/2368/0740/files/1-14_df1552fc-16ef-4380-9ced-e9c0e89628b9.webp?v=1776944910,2,"",,,,,,,,,,,,,,,,,,,,,,,,,,,,,,,,,,,,,,,,,,,,,g,,,,,,
kids-matching-set-minnie-angel-yellow,,,,,,,,,5 - 6 Years,,,,,,,,'10743218,0.5,,123,deny,manual,1499.00,,true,false,,,,,'10743218,,,,,,,,,,,,,,,,,,,,,,,,,,,,,,,,,,,,,,,,,,,,,,,,g,,,,,,
kids-matching-set-minnie-angel-yellow,,,,,,,,,7 - 8 Years,,,,,,,,'10743219,0.5,,123,deny,manual,1499.00,,true,false,,,,,'10743219,,,,,,,,,,,,,,,,,,,,,,,,,,,,,,,,,,,,,,,,,,,,,,,,g,,,,,,
kids-matching-set-minnie-angel-yellow,,,,,,,,,9 - 10 Years,,,,,,,,'10743220,0.5,,123,deny,manual,1499.00,,true,false,,,,,'10743220,,,,,,,,,,,,,,,,,,,,,,,,,,,,,,,,,,,,,,,,,,,,,,,,g,,,,,,
kids-matching-set-minnie-angel-yellow,,,,,,,,,11 - 12 Years,,,,,,,,'10743221,0.5,,123,deny,manual,1499.00,,true,false,,,,,'10743221,,,,,,,,,,,,,,,,,,,,,,,,,,,,,,,,,,,,,,,,,,,,,,,,g,,,,,,
kids-matching-set-minnie-angel-yellow,,,,,,,,,13 - 14 Years,,,,,,,,'10743222,0.5,,123,deny,manual,1499.00,,true,false,,,,,'10743222,,,,,,,,,,,,,,,,,,,,,,,,,,,,,,,,,,,,,,,,,,,,,,,,g,,,,,,
kids-matching-set-just-do-it-brown,Kids Matching Set | Just Do It - Brown,"<h4><span data-sheets-root=""1"">Kids Matching Set | Just Do It - Brown</span></h4>
<p data-start=""335"" data-end=""577"">Upgrade your child’s wardrobe with our <strong data-start=""374"" data-end=""395"">Kids Matching Set</strong>, designed for both comfort and everyday style. Featuring fun, eye-catching prints and available in multiple colors, this set is perfect for kids who love playful and trendy outfits.</p>
<p data-start=""579"" data-end=""851"">Crafted from soft, premium-quality fabric, the top provides a cozy and breathable feel, while the matching pants offer a relaxed fit for all-day comfort. Whether it’s playtime, casual outings, or lounging at home, this outfit keeps your little one comfortable and stylish.</p>
<p data-start=""853"" data-end=""956"">With its versatile design and vibrant color options, this matching set is a must-have for every season.</p>
<p data-start=""958"" data-end=""973"">✨ <strong data-start=""960"" data-end=""973"">Features:</strong></p>
<ul data-start=""974"" data-end=""1188"">
<li data-section-id=""xwdhyn"" data-start=""974"" data-end=""1024"">Soft and breathable fabric for maximum comfort</li>
<li data-section-id=""a2awt4"" data-start=""1025"" data-end=""1069"">Available in multiple colors &amp; prints 🎨</li>
<li data-section-id=""5w87hx"" data-start=""1070"" data-end=""1105"">Comfortable fit for active kids</li>
<li data-section-id=""1bktu6g"" data-start=""1106"" data-end=""1141"">Elastic waistband for easy wear</li>
<li data-section-id=""1k505dq"" data-start=""1142"" data-end=""1188"">Perfect for daily wear, outings &amp; playtime</li>
</ul>
<p data-start=""1190"" data-end=""1256"">Let your kids enjoy <strong data-start=""1210"" data-end=""1256"">comfort, style, and fun—all in one outfit!</strong></p>",BBG FASHION CLOTHING STORE,Apparel & Accessories > Clothing > Baby & Children's Clothing > Baby & Children's Outfits,Kids Pajama Set,Kids Pajama Set,true,Size,1 - 2 Years,,,,,,,,'10743209,0.5,,123,deny,manual,1499.00,,true,false,,,,,'10743209,https://cdn.shopify.com/s/files/1/0618/2368/0740/files/14_1080x_55eeddc5-0290-4df6-a32d-b081b432b342.webp?v=1776946385,1,"",false,,"Shop Kids Matching Set in multiple colors & fun prints. Soft, comfortable & stylish outfit for kids. Perfect for everyday wear in Pakistan. Order now!",,,,,,,,,,,,,,,,,,,,,green-1; brown-1,casual; everyday,,,,,,,,long,,,,,,,,,,,,g,,,true,,,active
kids-matching-set-just-do-it-brown,,,,,,,,,3 - 4 Years,,,,,,,,'10743210,0.5,,123,deny,manual,1499.00,,true,false,,,,,'10743210,https://cdn.shopify.com/s/files/1/0618/2368/0740/files/1-14_df1552fc-16ef-4380-9ced-e9c0e89628b9.webp?v=1776944910,2,"",,,,,,,,,,,,,,,,,,,,,,,,,,,,,,,,,,,,,,,,,,,,,g,,,,,,
kids-matching-set-just-do-it-brown,,,,,,,,,5 - 6 Years,,,,,,,,'10743211,0.5,,123,deny,manual,1499.00,,true,false,,,,,'10743211,,,,,,,,,,,,,,,,,,,,,,,,,,,,,,,,,,,,,,,,,,,,,,,,g,,,,,,
kids-matching-set-just-do-it-brown,,,,,,,,,7 - 8 Years,,,,,,,,'10743212,0.5,,123,deny,manual,1499.00,,true,false,,,,,'10743212,,,,,,,,,,,,,,,,,,,,,,,,,,,,,,,,,,,,,,,,,,,,,,,,g,,,,,,
kids-matching-set-just-do-it-brown,,,,,,,,,9 - 10 Years,,,,,,,,'10743213,0.5,,123,deny,manual,1499.00,,true,false,,,,,'10743213,,,,,,,,,,,,,,,,,,,,,,,,,,,,,,,,,,,,,,,,,,,,,,,,g,,,,,,
kids-matching-set-just-do-it-brown,,,,,,,,,11 - 12 Years,,,,,,,,'10743214,0.5,,123,deny,manual,1499.00,,true,false,,,,,'10743214,,,,,,,,,,,,,,,,,,,,,,,,,,,,,,,,,,,,,,,,,,,,,,,,g,,,,,,
kids-matching-set-just-do-it-brown,,,,,,,,,13 - 14 Years,,,,,,,,'10743215,0.5,,123,deny,manual,1499.00,,true,false,,,,,'10743215,,,,,,,,,,,,,,,,,,,,,,,,,,,,,,,,,,,,,,,,,,,,,,,,g,,,,,,
kids-matching-set-just-do-it-yellow,Kids Matching Set | Just Do It - Yellow,"<h4><span data-sheets-root=""1"">Kids Matching Set | Just Do It - Yellow</span></h4>
<p data-start=""335"" data-end=""577"">Upgrade your child’s wardrobe with our <strong data-start=""374"" data-end=""395"">Kids Matching Set</strong>, designed for both comfort and everyday style. Featuring fun, eye-catching prints and available in multiple colors, this set is perfect for kids who love playful and trendy outfits.</p>
<p data-start=""579"" data-end=""851"">Crafted from soft, premium-quality fabric, the top provides a cozy and breathable feel, while the matching pants offer a relaxed fit for all-day comfort. Whether it’s playtime, casual outings, or lounging at home, this outfit keeps your little one comfortable and stylish.</p>
<p data-start=""853"" data-end=""956"">With its versatile design and vibrant color options, this matching set is a must-have for every season.</p>
<p data-start=""958"" data-end=""973"">✨ <strong data-start=""960"" data-end=""973"">Features:</strong></p>
<ul data-start=""974"" data-end=""1188"">
<li data-section-id=""xwdhyn"" data-start=""974"" data-end=""1024"">Soft and breathable fabric for maximum comfort</li>
<li data-section-id=""a2awt4"" data-start=""1025"" data-end=""1069"">Available in multiple colors &amp; prints 🎨</li>
<li data-section-id=""5w87hx"" data-start=""1070"" data-end=""1105"">Comfortable fit for active kids</li>
<li data-section-id=""1bktu6g"" data-start=""1106"" data-end=""1141"">Elastic waistband for easy wear</li>
<li data-section-id=""1k505dq"" data-start=""1142"" data-end=""1188"">Perfect for daily wear, outings &amp; playtime</li>
</ul>
<p data-start=""1190"" data-end=""1256"">Let your kids enjoy <strong data-start=""1210"" data-end=""1256"">comfort, style, and fun—all in one outfit!</strong></p>",BBG FASHION CLOTHING STORE,Apparel & Accessories > Clothing > Baby & Children's Clothing > Baby & Children's Outfits,Kids Pajama Set,Kids Pajama Set,true,Size,1 - 2 Years,,,,,,,,'10743202,0.5,,123,deny,manual,1499.00,,true,false,,,,,'10743202,https://cdn.shopify.com/s/files/1/0618/2368/0740/files/13_1080x_a9e6d2d9-e58f-484c-bb09-e29c4079f3a1.webp?v=1776946168,1,"",false,,"Shop Kids Matching Set in multiple colors & fun prints. Soft, comfortable & stylish outfit for kids. Perfect for everyday wear in Pakistan. Order now!",,,,,,,,,,,,,,,,,,,,,yellow-1,casual; everyday,,,,,,,,long,,,,,,,,,,,,g,,,true,,,active
kids-matching-set-just-do-it-yellow,,,,,,,,,3 - 4 Years,,,,,,,,'10743203,0.5,,123,deny,manual,1499.00,,true,false,,,,,'10743203,https://cdn.shopify.com/s/files/1/0618/2368/0740/files/1-14_df1552fc-16ef-4380-9ced-e9c0e89628b9.webp?v=1776944910,2,"",,,,,,,,,,,,,,,,,,,,,,,,,,,,,,,,,,,,,,,,,,,,,g,,,,,,
kids-matching-set-just-do-it-yellow,,,,,,,,,5 - 6 Years,,,,,,,,'10743204,0.5,,123,deny,manual,1499.00,,true,false,,,,,'10743204,,,,,,,,,,,,,,,,,,,,,,,,,,,,,,,,,,,,,,,,,,,,,,,,g,,,,,,
kids-matching-set-just-do-it-yellow,,,,,,,,,7 - 8 Years,,,,,,,,'10743205,0.5,,123,deny,manual,1499.00,,true,false,,,,,'10743205,,,,,,,,,,,,,,,,,,,,,,,,,,,,,,,,,,,,,,,,,,,,,,,,g,,,,,,
kids-matching-set-just-do-it-yellow,,,,,,,,,9 - 10 Years,,,,,,,,'10743206,0.5,,123,deny,manual,1499.00,,true,false,,,,,'10743206,,,,,,,,,,,,,,,,,,,,,,,,,,,,,,,,,,,,,,,,,,,,,,,,g,,,,,,
kids-matching-set-just-do-it-yellow,,,,,,,,,11 - 12 Years,,,,,,,,'10743207,0.5,,123,deny,manual,1499.00,,true,false,,,,,'10743207,,,,,,,,,,,,,,,,,,,,,,,,,,,,,,,,,,,,,,,,,,,,,,,,g,,,,,,
kids-matching-set-just-do-it-yellow,,,,,,,,,13 - 14 Years,,,,,,,,'10743208,0.5,,123,deny,manual,1499.00,,true,false,,,,,'10743208,,,,,,,,,,,,,,,,,,,,,,,,,,,,,,,,,,,,,,,,,,,,,,,,g,,,,,,
winter-3-piece-cape-shawl-for-women-grey,Winter 3 Piece Cape Shawl For Women | Grey,"<h4><strong>Winter 3 Piece Cape Shawl For Women | Grey</strong></h4>
<p data-start=""93"" data-end=""364"">Stay warm in style with the<span> </span><strong data-start=""121"" data-end=""160"">Winter 3 Piece Cape Shawl For Women</strong>, a perfect blend of elegance and comfort for the colder season. This chic set includes a soft inner top, matching trousers, and a beautifully designed cape shawl that adds a sophisticated layered look.</p>
<p data-start=""366"" data-end=""604"">Crafted from warm, cozy fabric, this outfit keeps you comfortable while maintaining a graceful silhouette. The stylish cape features elegant patterns and a flowy drape, making it ideal for casual outings, gatherings, or winter evenings.</p>
<p data-start=""606"" data-end=""762"">Designed for modern women who love effortless fashion, this 3-piece set is both practical and fashionable—giving you a complete winter look in one outfit.</p>
<p data-start=""764"" data-end=""843"">Available in<span> </span><strong data-start=""777"" data-end=""796"">multiple colors</strong>, so you can choose your perfect winter vibe.</p>
<p data-start=""845"" data-end=""864""><strong data-start=""845"" data-end=""862"">Key Features:</strong></p>
<ul data-start=""865"" data-end=""1122"">
<li data-section-id=""81wf2d"" data-start=""865"" data-end=""913"">
<p data-start=""867"" data-end=""913"">3-piece set: Inner top, trouser &amp; cape shawl</p>
</li>
<li data-section-id=""opqym4"" data-start=""914"" data-end=""949"">
<p data-start=""916"" data-end=""949"">Soft, warm &amp; comfortable fabric</p>
</li>
<li data-section-id=""27y7zv"" data-start=""950"" data-end=""995"">
<p data-start=""952"" data-end=""995"">Elegant patterned cape for a stylish look</p>
</li>
<li data-section-id=""1m7blz0"" data-start=""996"" data-end=""1032"">
<p data-start=""998"" data-end=""1032"">Relaxed fit for ease and comfort</p>
</li>
<li data-section-id=""1r4ayqa"" data-start=""1033"" data-end=""1089"">
<p data-start=""1035"" data-end=""1089"">Perfect for winter wear, casual outings &amp; gatherings</p>
</li>
<li data-section-id=""arqrzc"" data-start=""1090"" data-end=""1122"">
<p data-start=""1092"" data-end=""1122"">Available in multiple colors</p>
</li>
</ul>",BBG FASHION,Apparel & Accessories > Clothing > Sleepwear & Loungewear,winter loungewear,"NEW ARRIVAL, winter tracksuit, woo",true,Size,medium,product.metafields.shopify.size,,,,,,,'10743198,500.0,shopify,99,continue,manual,3699.00,,true,false,,,,,'10743198,https://cdn.shopify.com/s/files/1/0618/2368/0740/files/imgi_19_WhatsApp_Image_2024-12-23_at_10.02.47_PM_1.jpg?v=1776945345,1,"",false,,"Shop Winter 3 Piece Cape Shawl for Women—stylish, warm and comfortable outfit with inner, trousers & elegant cape. Available in multiple colors for winter wear.",,,,,,,,,,,,,,,,,,,,insulated,,,,fleece,,,,,,,medium; large; xl; xxl,,,girls,,,,,,,,g,,,true,,,active
winter-3-piece-cape-shawl-for-women-grey,,,,,,,,,large,,,,,,,,'10743199,500.0,shopify,99,continue,manual,3699.00,,true,false,,,,,'10743199,,,,,,,,,,,,,,,,,,,,,,,,,,,,,,,,,,,,,,,,,,,,,,,,g,,,,,,
winter-3-piece-cape-shawl-for-women-grey,,,,,,,,,xl,,,,,,,,'10743200,500.0,shopify,99,continue,manual,3799.00,,true,false,,,,,'10743200,,,,,,,,,,,,,,,,,,,,,,,,,,,,,,,,,,,,,,,,,,,,,,,,g,,,,,,
winter-3-piece-cape-shawl-for-women-grey,,,,,,,,,xxl,,,,,,,,'10743201,500.0,shopify,99,continue,manual,3899.00,,true,false,,,,,'10743201,,,,,,,,,,,,,,,,,,,,,,,,,,,,,,,,,,,,,,,,,,,,,,,,g,,,,,,
winter-3-piece-cape-shawl-for-women-fushcia,Winter 3 Piece Cape Shawl For Women | Fushcia,"<h4><strong>Winter 3 Piece Cape Shawl For Women | Fushcia</strong></h4>
<p data-start=""93"" data-end=""364"">Stay warm in style with the<span> </span><strong data-start=""121"" data-end=""160"">Winter 3 Piece Cape Shawl For Women</strong>, a perfect blend of elegance and comfort for the colder season. This chic set includes a soft inner top, matching trousers, and a beautifully designed cape shawl that adds a sophisticated layered look.</p>
<p data-start=""366"" data-end=""604"">Crafted from warm, cozy fabric, this outfit keeps you comfortable while maintaining a graceful silhouette. The stylish cape features elegant patterns and a flowy drape, making it ideal for casual outings, gatherings, or winter evenings.</p>
<p data-start=""606"" data-end=""762"">Designed for modern women who love effortless fashion, this 3-piece set is both practical and fashionable—giving you a complete winter look in one outfit.</p>
<p data-start=""764"" data-end=""843"">Available in<span> </span><strong data-start=""777"" data-end=""796"">multiple colors</strong>, so you can choose your perfect winter vibe.</p>
<p data-start=""845"" data-end=""864""><strong data-start=""845"" data-end=""862"">Key Features:</strong></p>
<ul data-start=""865"" data-end=""1122"">
<li data-section-id=""81wf2d"" data-start=""865"" data-end=""913"">
<p data-start=""867"" data-end=""913"">3-piece set: Inner top, trouser &amp; cape shawl</p>
</li>
<li data-section-id=""opqym4"" data-start=""914"" data-end=""949"">
<p data-start=""916"" data-end=""949"">Soft, warm &amp; comfortable fabric</p>
</li>
<li data-section-id=""27y7zv"" data-start=""950"" data-end=""995"">
<p data-start=""952"" data-end=""995"">Elegant patterned cape for a stylish look</p>
</li>
<li data-section-id=""1m7blz0"" data-start=""996"" data-end=""1032"">
<p data-start=""998"" data-end=""1032"">Relaxed fit for ease and comfort</p>
</li>
<li data-section-id=""1r4ayqa"" data-start=""1033"" data-end=""1089"">
<p data-start=""1035"" data-end=""1089"">Perfect for winter wear, casual outings &amp; gatherings</p>
</li>
<li data-section-id=""arqrzc"" data-start=""1090"" data-end=""1122"">
<p data-start=""1092"" data-end=""1122"">Available in multiple colors</p>
</li>
</ul>",BBG FASHION,Apparel & Accessories > Clothing > Sleepwear & Loungewear,winter loungewear,"NEW ARRIVAL, winter tracksuit, woo",true,Size,medium,product.metafields.shopify.size,,,,,,,'10743194,500.0,shopify,99,continue,manual,3699.00,,true,false,,,,,'10743194,https://cdn.shopify.com/s/files/1/0618/2368/0740/files/imgi_15_WhatsApp_Image_2024-12-23_at_10.02.46_PM_1.jpg?v=1776945220,1,"",false,,"Shop Winter 3 Piece Cape Shawl for Women—stylish, warm and comfortable outfit with inner, trousers & elegant cape. Available in multiple colors for winter wear.",,,,,,,,,,,,,,,,,,,,insulated,,,,fleece,,,,,,,medium; large; xl; xxl,,,girls,,,,,,,,g,,,true,,,active
winter-3-piece-cape-shawl-for-women-fushcia,,,,,,,,,large,,,,,,,,'10743195,500.0,shopify,99,continue,manual,3699.00,,true,false,,,,,'10743195,,,,,,,,,,,,,,,,,,,,,,,,,,,,,,,,,,,,,,,,,,,,,,,,g,,,,,,
winter-3-piece-cape-shawl-for-women-fushcia,,,,,,,,,xl,,,,,,,,'10743196,500.0,shopify,99,continue,manual,3799.00,,true,false,,,,,'10743196,,,,,,,,,,,,,,,,,,,,,,,,,,,,,,,,,,,,,,,,,,,,,,,,g,,,,,,
winter-3-piece-cape-shawl-for-women-fushcia,,,,,,,,,xxl,,,,,,,,'10743197,500.0,shopify,99,continue,manual,3899.00,,true,false,,,,,'10743197,,,,,,,,,,,,,,,,,,,,,,,,,,,,,,,,,,,,,,,,,,,,,,,,g,,,,,,
kids-matching-set-girl-power-brown-1,Kids Matching Set | Girl Power - Brown,"<h4><span data-sheets-root=""1"">Kids Matching Set | Girl Power - Brown</span></h4>
<p data-start=""335"" data-end=""577"">Upgrade your child’s wardrobe with our <strong data-start=""374"" data-end=""395"">Kids Matching Set</strong>, designed for both comfort and everyday style. Featuring fun, eye-catching prints and available in multiple colors, this set is perfect for kids who love playful and trendy outfits.</p>
<p data-start=""579"" data-end=""851"">Crafted from soft, premium-quality fabric, the top provides a cozy and breathable feel, while the matching pants offer a relaxed fit for all-day comfort. Whether it’s playtime, casual outings, or lounging at home, this outfit keeps your little one comfortable and stylish.</p>
<p data-start=""853"" data-end=""956"">With its versatile design and vibrant color options, this matching set is a must-have for every season.</p>
<p data-start=""958"" data-end=""973"">✨ <strong data-start=""960"" data-end=""973"">Features:</strong></p>
<ul data-start=""974"" data-end=""1188"">
<li data-section-id=""xwdhyn"" data-start=""974"" data-end=""1024"">Soft and breathable fabric for maximum comfort</li>
<li data-section-id=""a2awt4"" data-start=""1025"" data-end=""1069"">Available in multiple colors &amp; prints 🎨</li>
<li data-section-id=""5w87hx"" data-start=""1070"" data-end=""1105"">Comfortable fit for active kids</li>
<li data-section-id=""1bktu6g"" data-start=""1106"" data-end=""1141"">Elastic waistband for easy wear</li>
<li data-section-id=""1k505dq"" data-start=""1142"" data-end=""1188"">Perfect for daily wear, outings &amp; playtime</li>
</ul>
<p data-start=""1190"" data-end=""1256"">Let your kids enjoy <strong data-start=""1210"" data-end=""1256"">comfort, style, and fun—all in one outfit!</strong></p>",BBG FASHION CLOTHING STORE,Apparel & Accessories > Clothing > Baby & Children's Clothing > Baby & Children's Outfits,Kids Pajama Set,Kids Pajama Set,true,Size,1 - 2 Years,,,,,,,,'10743187,0.5,,123,deny,manual,1499.00,,true,false,,,,,'10743187,https://cdn.shopify.com/s/files/1/0618/2368/0740/files/29_1080x_e96ec6f9-3a18-4da1-8a06-acb07b137027.webp?v=1776944794,1,"",false,,"Shop Kids Matching Set in multiple colors & fun prints. Soft, comfortable & stylish outfit for kids. Perfect for everyday wear in Pakistan. Order now!",,,,,,,,,,,,,,,,,,,,,brown-1,casual; everyday,,,,,,,,long,,,,,,,,,,,,g,,,true,,,active
kids-matching-set-girl-power-brown-1,,,,,,,,,3 - 4 Years,,,,,,,,'10743188,0.5,,123,deny,manual,1499.00,,true,false,,,,,'10743188,https://cdn.shopify.com/s/files/1/0618/2368/0740/files/1-14_df1552fc-16ef-4380-9ced-e9c0e89628b9.webp?v=1776944910,2,"",,,,,,,,,,,,,,,,,,,,,,,,,,,,,,,,,,,,,,,,,,,,,g,,,,,,
kids-matching-set-girl-power-brown-1,,,,,,,,,5 - 6 Years,,,,,,,,'10743189,0.5,,123,deny,manual,1499.00,,true,false,,,,,'10743189,,,,,,,,,,,,,,,,,,,,,,,,,,,,,,,,,,,,,,,,,,,,,,,,g,,,,,,
kids-matching-set-girl-power-brown-1,,,,,,,,,7 - 8 Years,,,,,,,,'10743190,0.5,,123,deny,manual,1499.00,,true,false,,,,,'10743190,,,,,,,,,,,,,,,,,,,,,,,,,,,,,,,,,,,,,,,,,,,,,,,,g,,,,,,
kids-matching-set-girl-power-brown-1,,,,,,,,,9 - 10 Years,,,,,,,,'10743191,0.5,,123,deny,manual,1499.00,,true,false,,,,,'10743191,,,,,,,,,,,,,,,,,,,,,,,,,,,,,,,,,,,,,,,,,,,,,,,,g,,,,,,
kids-matching-set-girl-power-brown-1,,,,,,,,,11 - 12 Years,,,,,,,,'10743192,0.5,,123,deny,manual,1499.00,,true,false,,,,,'10743192,,,,,,,,,,,,,,,,,,,,,,,,,,,,,,,,,,,,,,,,,,,,,,,,g,,,,,,
kids-matching-set-girl-power-brown-1,,,,,,,,,13 - 14 Years,,,,,,,,'10743193,0.5,,123,deny,manual,1499.00,,true,false,,,,,'10743193,,,,,,,,,,,,,,,,,,,,,,,,,,,,,,,,,,,,,,,,,,,,,,,,g,,,,,,
kids-matching-set-girl-power-brown,Kids Matching Set | Girl Power - Red,"<h4><span data-sheets-root=""1"">Kids Matching Set | Girl Power - Red<br></span></h4>
<p data-start=""335"" data-end=""577"">Upgrade your child’s wardrobe with our <strong data-start=""374"" data-end=""395"">Kids Matching Set</strong>, designed for both comfort and everyday style. Featuring fun, eye-catching prints and available in multiple colors, this set is perfect for kids who love playful and trendy outfits.</p>
<p data-start=""579"" data-end=""851"">Crafted from soft, premium-quality fabric, the top provides a cozy and breathable feel, while the matching pants offer a relaxed fit for all-day comfort. Whether it’s playtime, casual outings, or lounging at home, this outfit keeps your little one comfortable and stylish.</p>
<p data-start=""853"" data-end=""956"">With its versatile design and vibrant color options, this matching set is a must-have for every season.</p>
<p data-start=""958"" data-end=""973"">✨ <strong data-start=""960"" data-end=""973"">Features:</strong></p>
<ul data-start=""974"" data-end=""1188"">
<li data-section-id=""xwdhyn"" data-start=""974"" data-end=""1024"">Soft and breathable fabric for maximum comfort</li>
<li data-section-id=""a2awt4"" data-start=""1025"" data-end=""1069"">Available in multiple colors &amp; prints 🎨</li>
<li data-section-id=""5w87hx"" data-start=""1070"" data-end=""1105"">Comfortable fit for active kids</li>
<li data-section-id=""1bktu6g"" data-start=""1106"" data-end=""1141"">Elastic waistband for easy wear</li>
<li data-section-id=""1k505dq"" data-start=""1142"" data-end=""1188"">Perfect for daily wear, outings &amp; playtime</li>
</ul>
<p data-start=""1190"" data-end=""1256"">Let your kids enjoy <strong data-start=""1210"" data-end=""1256"">comfort, style, and fun—all in one outfit!</strong></p>",BBG FASHION CLOTHING STORE,Apparel & Accessories > Clothing > Baby & Children's Clothing > Baby & Children's Outfits,Kids Pajama Set,Kids Pajama Set,true,Size,1 - 2 Years,,,,,,,,'10743180,0.5,,0,deny,manual,1499.00,,true,false,,,,,'10743180,https://cdn.shopify.com/s/files/1/0618/2368/0740/files/28_1448x_9675c3c4-f206-4a1b-9223-607af7ef0029.webp?v=1776944785,1,"",false,,"Shop Kids Matching Set in multiple colors & fun prints. Soft, comfortable & stylish outfit for kids. Perfect for everyday wear in Pakistan. Order now!",,,,,,,,,,,,,,,,,,,,,magenta; brown-1,casual; everyday,,,,,,,,long,,,,,,,,,,,,g,,,true,,,active
kids-matching-set-girl-power-brown,,,,,,,,,3 - 4 Years,,,,,,,,'10743181,0.5,,0,deny,manual,1499.00,,true,false,,,,,'10743181,https://cdn.shopify.com/s/files/1/0618/2368/0740/files/1-14_df1552fc-16ef-4380-9ced-e9c0e89628b9.webp?v=1776944910,2,"",,,,,,,,,,,,,,,,,,,,,,,,,,,,,,,,,,,,,,,,,,,,,g,,,,,,
kids-matching-set-girl-power-brown,,,,,,,,,5 - 6 Years,,,,,,,,'10743182,0.5,,0,deny,manual,1499.00,,true,false,,,,,'10743182,,,,,,,,,,,,,,,,,,,,,,,,,,,,,,,,,,,,,,,,,,,,,,,,g,,,,,,
kids-matching-set-girl-power-brown,,,,,,,,,7 - 8 Years,,,,,,,,'10743183,0.5,,0,deny,manual,1499.00,,true,false,,,,,'10743183,,,,,,,,,,,,,,,,,,,,,,,,,,,,,,,,,,,,,,,,,,,,,,,,g,,,,,,
kids-matching-set-girl-power-brown,,,,,,,,,9 - 10 Years,,,,,,,,'10743184,0.5,,0,deny,manual,1499.00,,true,false,,,,,'10743184,,,,,,,,,,,,,,,,,,,,,,,,,,,,,,,,,,,,,,,,,,,,,,,,g,,,,,,
kids-matching-set-girl-power-brown,,,,,,,,,11 - 12 Years,,,,,,,,'10743185,0.5,,0,deny,manual,1499.00,,true,false,,,,,'10743185,,,,,,,,,,,,,,,,,,,,,,,,,,,,,,,,,,,,,,,,,,,,,,,,g,,,,,,
kids-matching-set-girl-power-brown,,,,,,,,,13 - 14 Years,,,,,,,,'10743186,0.5,,0,deny,manual,1499.00,,true,false,,,,,'10743186,,,,,,,,,,,,,,,,,,,,,,,,,,,,,,,,,,,,,,,,,,,,,,,,g,,,,,,
winter-3-piece-cape-shawl-for-women-black,Winter 3 Piece Cape Shawl For Women | Black,"<h4><strong>Winter 3 Piece Cape Shawl For Women | Black</strong></h4>
<p data-start=""93"" data-end=""364"">Stay warm in style with the<span> </span><strong data-start=""121"" data-end=""160"">Winter 3 Piece Cape Shawl For Women</strong>, a perfect blend of elegance and comfort for the colder season. This chic set includes a soft inner top, matching trousers, and a beautifully designed cape shawl that adds a sophisticated layered look.</p>
<p data-start=""366"" data-end=""604"">Crafted from warm, cozy fabric, this outfit keeps you comfortable while maintaining a graceful silhouette. The stylish cape features elegant patterns and a flowy drape, making it ideal for casual outings, gatherings, or winter evenings.</p>
<p data-start=""606"" data-end=""762"">Designed for modern women who love effortless fashion, this 3-piece set is both practical and fashionable—giving you a complete winter look in one outfit.</p>
<p data-start=""764"" data-end=""843"">Available in<span> </span><strong data-start=""777"" data-end=""796"">multiple colors</strong>, so you can choose your perfect winter vibe.</p>
<p data-start=""845"" data-end=""864""><strong data-start=""845"" data-end=""862"">Key Features:</strong></p>
<ul data-start=""865"" data-end=""1122"">
<li data-section-id=""81wf2d"" data-start=""865"" data-end=""913"">
<p data-start=""867"" data-end=""913"">3-piece set: Inner top, trouser &amp; cape shawl</p>
</li>
<li data-section-id=""opqym4"" data-start=""914"" data-end=""949"">
<p data-start=""916"" data-end=""949"">Soft, warm &amp; comfortable fabric</p>
</li>
<li data-section-id=""27y7zv"" data-start=""950"" data-end=""995"">
<p data-start=""952"" data-end=""995"">Elegant patterned cape for a stylish look</p>
</li>
<li data-section-id=""1m7blz0"" data-start=""996"" data-end=""1032"">
<p data-start=""998"" data-end=""1032"">Relaxed fit for ease and comfort</p>
</li>
<li data-section-id=""1r4ayqa"" data-start=""1033"" data-end=""1089"">
<p data-start=""1035"" data-end=""1089"">Perfect for winter wear, casual outings &amp; gatherings</p>
</li>
<li data-section-id=""arqrzc"" data-start=""1090"" data-end=""1122"">
<p data-start=""1092"" data-end=""1122"">Available in multiple colors</p>
</li>
</ul>",BBG FASHION,Apparel & Accessories > Clothing > Sleepwear & Loungewear,winter loungewear,"NEW ARRIVAL, winter tracksuit, woo",true,Size,medium,product.metafields.shopify.size,,,,,,,'10743176,500.0,shopify,99,continue,manual,3699.00,,true,false,,,,,'10743176,https://cdn.shopify.com/s/files/1/0618/2368/0740/files/imgi_18_WhatsApp_Image_2024-12-23_at_10.02.46_PM_2_1.jpg?v=1776944840,1,"",false,,"Shop Winter 3 Piece Cape Shawl for Women—stylish, warm and comfortable outfit with inner, trousers & elegant cape. Available in multiple colors for winter wear.",,,,,,,,,,,,,,,,,,,,insulated,,,,fleece,,,,,,,medium; large; xl; xxl,,,girls,,,,,,,,g,,,true,,,active
winter-3-piece-cape-shawl-for-women-black,,,,,,,,,large,,,,,,,,'10743177,500.0,shopify,99,continue,manual,3699.00,,true,false,,,,,'10743177,,,,,,,,,,,,,,,,,,,,,,,,,,,,,,,,,,,,,,,,,,,,,,,,g,,,,,,
winter-3-piece-cape-shawl-for-women-black,,,,,,,,,xl,,,,,,,,'10743178,500.0,shopify,99,continue,manual,3799.00,,true,false,,,,,'10743178,,,,,,,,,,,,,,,,,,,,,,,,,,,,,,,,,,,,,,,,,,,,,,,,g,,,,,,
winter-3-piece-cape-shawl-for-women-black,,,,,,,,,xxl,,,,,,,,'10743179,500.0,shopify,99,continue,manual,3899.00,,true,false,,,,,'10743179,,,,,,,,,,,,,,,,,,,,,,,,,,,,,,,,,,,,,,,,,,,,,,,,g,,,,,,
winter-3-piece-cape-shawl-for-women-brown,Winter 3 Piece Cape Shawl For Women | Brown,"<h4><strong>Winter 3 Piece Cape Shawl For Women | Brown</strong></h4>
<p data-start=""93"" data-end=""364"">Stay warm in style with the<span> </span><strong data-start=""121"" data-end=""160"">Winter 3 Piece Cape Shawl For Women</strong>, a perfect blend of elegance and comfort for the colder season. This chic set includes a soft inner top, matching trousers, and a beautifully designed cape shawl that adds a sophisticated layered look.</p>
<p data-start=""366"" data-end=""604"">Crafted from warm, cozy fabric, this outfit keeps you comfortable while maintaining a graceful silhouette. The stylish cape features elegant patterns and a flowy drape, making it ideal for casual outings, gatherings, or winter evenings.</p>
<p data-start=""606"" data-end=""762"">Designed for modern women who love effortless fashion, this 3-piece set is both practical and fashionable—giving you a complete winter look in one outfit.</p>
<p data-start=""764"" data-end=""843"">Available in<span> </span><strong data-start=""777"" data-end=""796"">multiple colors</strong>, so you can choose your perfect winter vibe.</p>
<p data-start=""845"" data-end=""864""><strong data-start=""845"" data-end=""862"">Key Features:</strong></p>
<ul data-start=""865"" data-end=""1122"">
<li data-section-id=""81wf2d"" data-start=""865"" data-end=""913"">
<p data-start=""867"" data-end=""913"">3-piece set: Inner top, trouser &amp; cape shawl</p>
</li>
<li data-section-id=""opqym4"" data-start=""914"" data-end=""949"">
<p data-start=""916"" data-end=""949"">Soft, warm &amp; comfortable fabric</p>
</li>
<li data-section-id=""27y7zv"" data-start=""950"" data-end=""995"">
<p data-start=""952"" data-end=""995"">Elegant patterned cape for a stylish look</p>
</li>
<li data-section-id=""1m7blz0"" data-start=""996"" data-end=""1032"">
<p data-start=""998"" data-end=""1032"">Relaxed fit for ease and comfort</p>
</li>
<li data-section-id=""1r4ayqa"" data-start=""1033"" data-end=""1089"">
<p data-start=""1035"" data-end=""1089"">Perfect for winter wear, casual outings &amp; gatherings</p>
</li>
<li data-section-id=""arqrzc"" data-start=""1090"" data-end=""1122"">
<p data-start=""1092"" data-end=""1122"">Available in multiple colors</p>
</li>
</ul>",BBG FASHION,Apparel & Accessories > Clothing > Sleepwear & Loungewear,winter loungewear,"NEW ARRIVAL, winter tracksuit, woo",true,Size,medium,product.metafields.shopify.size,,,,,,,'10743172,500.0,shopify,98,continue,manual,3699.00,,true,false,,,,,'10743172,https://cdn.shopify.com/s/files/1/0618/2368/0740/files/imgi_16_WhatsApp_Image_2024-12-23_at_10.02.46_PM_1_1_4d723e74-49f7-4245-a395-c43188d5fb50.jpg?v=1776944548,1,"",false,,"Shop Winter 3 Piece Cape Shawl for Women—stylish, warm and comfortable outfit with inner, trousers & elegant cape. Available in multiple colors for winter wear.",,,,,,,,,,,,,,,,,,,,insulated,,,,fleece,,,,,,,medium; large; xl; xxl,,,girls,,,,,,,,g,,,true,,,active
winter-3-piece-cape-shawl-for-women-brown,,,,,,,,,large,,,,,,,,'10743173,500.0,shopify,99,continue,manual,3699.00,,true,false,,,,,'10743173,,,,,,,,,,,,,,,,,,,,,,,,,,,,,,,,,,,,,,,,,,,,,,,,g,,,,,,
winter-3-piece-cape-shawl-for-women-brown,,,,,,,,,xl,,,,,,,,'10743174,500.0,shopify,99,continue,manual,3799.00,,true,false,,,,,'10743174,,,,,,,,,,,,,,,,,,,,,,,,,,,,,,,,,,,,,,,,,,,,,,,,g,,,,,,
winter-3-piece-cape-shawl-for-women-brown,,,,,,,,,xxl,,,,,,,,'10743175,500.0,shopify,99,continue,manual,3899.00,,true,false,,,,,'10743175,,,,,,,,,,,,,,,,,,,,,,,,,,,,,,,,,,,,,,,,,,,,,,,,g,,,,,,
winter-3-piece-cape-shawl-for-women-navy-blue,Winter 3 Piece Cape Shawl For Women | Navy Blue,"<h4><strong>Winter 3 Piece Cape Shawl For Women | Navy Blue</strong></h4>
<p data-start=""93"" data-end=""364"">Stay warm in style with the<span> </span><strong data-start=""121"" data-end=""160"">Winter 3 Piece Cape Shawl For Women</strong>, a perfect blend of elegance and comfort for the colder season. This chic set includes a soft inner top, matching trousers, and a beautifully designed cape shawl that adds a sophisticated layered look.</p>
<p data-start=""366"" data-end=""604"">Crafted from warm, cozy fabric, this outfit keeps you comfortable while maintaining a graceful silhouette. The stylish cape features elegant patterns and a flowy drape, making it ideal for casual outings, gatherings, or winter evenings.</p>
<p data-start=""606"" data-end=""762"">Designed for modern women who love effortless fashion, this 3-piece set is both practical and fashionable—giving you a complete winter look in one outfit.</p>
<p data-start=""764"" data-end=""843"">Available in<span> </span><strong data-start=""777"" data-end=""796"">multiple colors</strong>, so you can choose your perfect winter vibe.</p>
<p data-start=""845"" data-end=""864""><strong data-start=""845"" data-end=""862"">Key Features:</strong></p>
<ul data-start=""865"" data-end=""1122"">
<li data-section-id=""81wf2d"" data-start=""865"" data-end=""913"">
<p data-start=""867"" data-end=""913"">3-piece set: Inner top, trouser &amp; cape shawl</p>
</li>
<li data-section-id=""opqym4"" data-start=""914"" data-end=""949"">
<p data-start=""916"" data-end=""949"">Soft, warm &amp; comfortable fabric</p>
</li>
<li data-section-id=""27y7zv"" data-start=""950"" data-end=""995"">
<p data-start=""952"" data-end=""995"">Elegant patterned cape for a stylish look</p>
</li>
<li data-section-id=""1m7blz0"" data-start=""996"" data-end=""1032"">
<p data-start=""998"" data-end=""1032"">Relaxed fit for ease and comfort</p>
</li>
<li data-section-id=""1r4ayqa"" data-start=""1033"" data-end=""1089"">
<p data-start=""1035"" data-end=""1089"">Perfect for winter wear, casual outings &amp; gatherings</p>
</li>
<li data-section-id=""arqrzc"" data-start=""1090"" data-end=""1122"">
<p data-start=""1092"" data-end=""1122"">Available in multiple colors</p>
</li>
</ul>",BBG FASHION,Apparel & Accessories > Clothing > Sleepwear & Loungewear,winter loungewear,"NEW ARRIVAL, winter tracksuit, woo",true,Size,medium,product.metafields.shopify.size,,,,,,,'10743168,500.0,shopify,98,continue,manual,3699.00,,true,false,,,,,'10743168,https://cdn.shopify.com/s/files/1/0618/2368/0740/files/imgi_17_WhatsApp_Image_2024-12-23_at_10.02.47_PM_1_1.jpg?v=1776944437,1,"",false,,"Shop Winter 3 Piece Cape Shawl for Women—stylish, warm and comfortable outfit with inner, trousers & elegant cape. Available in multiple colors for winter wear.",,,,,,,,,,,,,,,,,,,,insulated,,,,fleece,,,,,,,medium; large; xl; xxl,,,girls,,,,,,,,g,,,true,,,active
winter-3-piece-cape-shawl-for-women-navy-blue,,,,,,,,,large,,,,,,,,'10743169,500.0,shopify,99,continue,manual,3699.00,,true,false,,,,,'10743169,,,,,,,,,,,,,,,,,,,,,,,,,,,,,,,,,,,,,,,,,,,,,,,,g,,,,,,
winter-3-piece-cape-shawl-for-women-navy-blue,,,,,,,,,xl,,,,,,,,'10743170,500.0,shopify,99,continue,manual,3799.00,,true,false,,,,,'10743170,,,,,,,,,,,,,,,,,,,,,,,,,,,,,,,,,,,,,,,,,,,,,,,,g,,,,,,
winter-3-piece-cape-shawl-for-women-navy-blue,,,,,,,,,xxl,,,,,,,,'10743171,500.0,shopify,99,continue,manual,3899.00,,true,false,,,,,'10743171,,,,,,,,,,,,,,,,,,,,,,,,,,,,,,,,,,,,,,,,,,,,,,,,g,,,,,,
kids-matching-set-flower-red,Kids Matching Set | Flower - Red,"<h4>Kids Matching Set | Flower - Red</h4>
<p data-start=""335"" data-end=""577"">Upgrade your child’s wardrobe with our <strong data-start=""374"" data-end=""395"">Kids Matching Set</strong>, designed for both comfort and everyday style. Featuring fun, eye-catching prints and available in multiple colors, this set is perfect for kids who love playful and trendy outfits.</p>
<p data-start=""579"" data-end=""851"">Crafted from soft, premium-quality fabric, the top provides a cozy and breathable feel, while the matching pants offer a relaxed fit for all-day comfort. Whether it’s playtime, casual outings, or lounging at home, this outfit keeps your little one comfortable and stylish.</p>
<p data-start=""853"" data-end=""956"">With its versatile design and vibrant color options, this matching set is a must-have for every season.</p>
<p data-start=""958"" data-end=""973"">✨ <strong data-start=""960"" data-end=""973"">Features:</strong></p>
<ul data-start=""974"" data-end=""1188"">
<li data-section-id=""xwdhyn"" data-start=""974"" data-end=""1024"">Soft and breathable fabric for maximum comfort</li>
<li data-section-id=""a2awt4"" data-start=""1025"" data-end=""1069"">Available in multiple colors &amp; prints 🎨</li>
<li data-section-id=""5w87hx"" data-start=""1070"" data-end=""1105"">Comfortable fit for active kids</li>
<li data-section-id=""1bktu6g"" data-start=""1106"" data-end=""1141"">Elastic waistband for easy wear</li>
<li data-section-id=""1k505dq"" data-start=""1142"" data-end=""1188"">Perfect for daily wear, outings &amp; playtime</li>
</ul>
<p data-start=""1190"" data-end=""1256"">Let your kids enjoy <strong data-start=""1210"" data-end=""1256"">comfort, style, and fun—all in one outfit!</strong></p>",BBG FASHION CLOTHING STORE,Apparel & Accessories > Clothing > Baby & Children's Clothing > Baby & Children's Outfits,Kids Pajama Set,Kids Pajama Set,true,Size,1 - 2 Years,,,,,,,,'10743161,0.5,,123,deny,manual,1499.00,,true,false,,,,,'10743161,https://cdn.shopify.com/s/files/1/0618/2368/0740/files/25_1080x_5dfa0a6b-1fc5-498e-acec-348acf54e764.webp?v=1776943122,1,"",false,,"Shop Kids Matching Set in multiple colors & fun prints. Soft, comfortable & stylish outfit for kids. Perfect for everyday wear in Pakistan. Order now!",,,,,,,,,,,,,,,,,,,,,floral,casual; everyday,,,,,,,,long,,,,,,,,,,,,g,,,true,,,active
kids-matching-set-flower-red,,,,,,,,,3 - 4 Years,,,,,,,,'10743162,0.5,,0,deny,manual,1499.00,,true,false,,,,,'10743162,https://cdn.shopify.com/s/files/1/0618/2368/0740/files/1-14_2c29cef8-0e97-4d4f-b449-0eb5b0a82929.webp?v=1776941563,2,"",,,,,,,,,,,,,,,,,,,,,,,,,,,,,,,,,,,,,,,,,,,,,g,,,,,,
kids-matching-set-flower-red,,,,,,,,,5 - 6 Years,,,,,,,,'10743163,0.5,,0,deny,manual,1499.00,,true,false,,,,,'10743163,,,,,,,,,,,,,,,,,,,,,,,,,,,,,,,,,,,,,,,,,,,,,,,,g,,,,,,
kids-matching-set-flower-red,,,,,,,,,7 - 8 Years,,,,,,,,'10743164,0.5,,0,deny,manual,1499.00,,true,false,,,,,'10743164,,,,,,,,,,,,,,,,,,,,,,,,,,,,,,,,,,,,,,,,,,,,,,,,g,,,,,,
kids-matching-set-flower-red,,,,,,,,,9 - 10 Years,,,,,,,,'10743165,0.5,,0,deny,manual,1499.00,,true,false,,,,,'10743165,,,,,,,,,,,,,,,,,,,,,,,,,,,,,,,,,,,,,,,,,,,,,,,,g,,,,,,
kids-matching-set-flower-red,,,,,,,,,11 - 12 Years,,,,,,,,'10743166,0.5,,0,deny,manual,1499.00,,true,false,,,,,'10743166,,,,,,,,,,,,,,,,,,,,,,,,,,,,,,,,,,,,,,,,,,,,,,,,g,,,,,,
kids-matching-set-flower-red,,,,,,,,,13 - 14 Years,,,,,,,,'10743167,0.5,,0,deny,manual,1499.00,,true,false,,,,,'10743167,,,,,,,,,,,,,,,,,,,,,,,,,,,,,,,,,,,,,,,,,,,,,,,,g,,,,,,
kids-matching-set-flower-yellow,Kids Matching Set | Flower - Yellow,"<h4>Kids Matching Set | Flower - Yellow<br>
</h4>
<p data-start=""335"" data-end=""577"">Upgrade your child’s wardrobe with our <strong data-start=""374"" data-end=""395"">Kids Matching Set</strong>, designed for both comfort and everyday style. Featuring fun, eye-catching prints and available in multiple colors, this set is perfect for kids who love playful and trendy outfits.</p>
<p data-start=""579"" data-end=""851"">Crafted from soft, premium-quality fabric, the top provides a cozy and breathable feel, while the matching pants offer a relaxed fit for all-day comfort. Whether it’s playtime, casual outings, or lounging at home, this outfit keeps your little one comfortable and stylish.</p>
<p data-start=""853"" data-end=""956"">With its versatile design and vibrant color options, this matching set is a must-have for every season.</p>
<p data-start=""958"" data-end=""973"">✨ <strong data-start=""960"" data-end=""973"">Features:</strong></p>
<ul data-start=""974"" data-end=""1188"">
<li data-section-id=""xwdhyn"" data-start=""974"" data-end=""1024"">Soft and breathable fabric for maximum comfort</li>
<li data-section-id=""a2awt4"" data-start=""1025"" data-end=""1069"">Available in multiple colors &amp; prints 🎨</li>
<li data-section-id=""5w87hx"" data-start=""1070"" data-end=""1105"">Comfortable fit for active kids</li>
<li data-section-id=""1bktu6g"" data-start=""1106"" data-end=""1141"">Elastic waistband for easy wear</li>
<li data-section-id=""1k505dq"" data-start=""1142"" data-end=""1188"">Perfect for daily wear, outings &amp; playtime</li>
</ul>
<p data-start=""1190"" data-end=""1256"">Let your kids enjoy <strong data-start=""1210"" data-end=""1256"">comfort, style, and fun—all in one outfit!</strong></p>",BBG FASHION CLOTHING STORE,Apparel & Accessories > Clothing > Baby & Children's Clothing > Baby & Children's Outfits,Kids Pajama Set,Kids Pajama Set,true,Size,1 - 2 Years,,,,,,,,'10743154,0.5,,0,deny,manual,1499.00,,true,false,,,,,'10743154,https://cdn.shopify.com/s/files/1/0618/2368/0740/files/27_1080x_1f6c6e44-a732-4c9b-b8de-41140657c63b.webp?v=1776942904,1,"",false,,"Shop Kids Matching Set in multiple colors & fun prints. Soft, comfortable & stylish outfit for kids. Perfect for everyday wear in Pakistan. Order now!",,,,,,,,,,,,,,,,,,,,,floral,casual; everyday,,,,,,,,long,,,,,,,,,,,,g,,,true,,,active
kids-matching-set-flower-yellow,,,,,,,,,3 - 4 Years,,,,,,,,'10743155,0.5,,0,deny,manual,1499.00,,true,false,,,,,'10743155,https://cdn.shopify.com/s/files/1/0618/2368/0740/files/1-14_2c29cef8-0e97-4d4f-b449-0eb5b0a82929.webp?v=1776941563,2,"",,,,,,,,,,,,,,,,,,,,,,,,,,,,,,,,,,,,,,,,,,,,,g,,,,,,
kids-matching-set-flower-yellow,,,,,,,,,5 - 6 Years,,,,,,,,'10743156,0.5,,0,deny,manual,1499.00,,true,false,,,,,'10743156,,,,,,,,,,,,,,,,,,,,,,,,,,,,,,,,,,,,,,,,,,,,,,,,g,,,,,,
kids-matching-set-flower-yellow,,,,,,,,,7 - 8 Years,,,,,,,,'10743157,0.5,,0,deny,manual,1499.00,,true,false,,,,,'10743157,,,,,,,,,,,,,,,,,,,,,,,,,,,,,,,,,,,,,,,,,,,,,,,,g,,,,,,
kids-matching-set-flower-yellow,,,,,,,,,9 - 10 Years,,,,,,,,'10743158,0.5,,0,deny,manual,1499.00,,true,false,,,,,'10743158,,,,,,,,,,,,,,,,,,,,,,,,,,,,,,,,,,,,,,,,,,,,,,,,g,,,,,,
kids-matching-set-flower-yellow,,,,,,,,,11 - 12 Years,,,,,,,,'10743159,0.5,,0,deny,manual,1499.00,,true,false,,,,,'10743159,,,,,,,,,,,,,,,,,,,,,,,,,,,,,,,,,,,,,,,,,,,,,,,,g,,,,,,
kids-matching-set-flower-yellow,,,,,,,,,13 - 14 Years,,,,,,,,'10743160,0.5,,0,deny,manual,1499.00,,true,false,,,,,'10743160,,,,,,,,,,,,,,,,,,,,,,,,,,,,,,,,,,,,,,,,,,,,,,,,g,,,,,,
women-button-style-2-piece-lounge-wear-navy-blue,Women Button Style 2 Piece Lounge Wear - Navy Blue,"<h4 data-start=""104"" data-end=""362""><strong>Women Button Style 2 Piece Lounge Wear - Navy Blue</strong></h4>
<p data-end=""353"" data-start=""97"">Upgrade your everyday comfort with the<span> </span><strong data-end=""178"" data-start=""136"">Women Button Style 2 Piece Lounge Wear</strong>, designed for effortless style and all-day ease. Featuring a classic button-detail top and relaxed-fit trousers, this co-ord set blends minimal design with maximum comfort.</p>
<p data-end=""595"" data-start=""355"">Made from soft, breathable fabric, it feels gentle on the skin and is perfect for lounging at home, casual outings, or travel. The timeless silhouette ensures a flattering fit, while the button-style neckline adds a subtle, stylish touch.</p>
<p data-end=""728"" data-start=""597"">Available in<span> </span><strong data-end=""629"" data-start=""610"">multiple colors</strong>, making it easy to choose your favorite look—whether you prefer classic tones or vibrant shades.</p>
<p data-end=""749"" data-start=""730""><strong data-end=""747"" data-start=""730"">Key Features:</strong></p>
<ul data-end=""984"" data-start=""750"">
<li data-end=""793"" data-start=""750"" data-section-id=""3pudom"">
<p data-end=""793"" data-start=""752"">Soft, breathable &amp; skin-friendly fabric</p>
</li>
<li data-end=""828"" data-start=""794"" data-section-id=""xbdtqn"">
<p data-end=""828"" data-start=""796"">Stylish button-detail neckline</p>
</li>
<li data-end=""865"" data-start=""829"" data-section-id=""dehvwj"">
<p data-end=""865"" data-start=""831"">Relaxed-fit trousers for comfort</p>
</li>
<li data-end=""906"" data-start=""866"" data-section-id=""12m9ncw"">
<p data-end=""906"" data-start=""868"">Lightweight &amp; perfect for daily wear</p>
</li>
<li data-end=""951"" data-start=""907"" data-section-id=""nohg9f"">
<p data-end=""951"" data-start=""909"">Ideal for lounging, casual wear &amp; travel</p>
</li>
<li data-end=""984"" data-start=""952"" data-section-id=""arqrzc"">
<p data-end=""984"" data-start=""954"">Available in multiple colors</p>
</li>
</ul>",BBG FASHION,Apparel & Accessories > Clothing,Loungewear,Loungewear,true,size,Medium,,,,,,,,'10743151,500.0,shopify,99,deny,manual,1599.00,,true,false,,,,,'10743151,https://cdn.shopify.com/s/files/1/0618/2368/0740/files/3_bd84b1fc-a737-4571-9cd5-77b862fe1e1d.png?v=1776941908,1,"",false,,"Shop Women Button Style 2 Piece Lounge Wear—soft, breathable and stylish co-ord set. Available in multiple colors, perfect for lounging, casual wear & everyday comfort.",1604,,,,,,,,,,,,,,,,,,,,,,,,,,,,,,,,,,,,,,,,,g,,,true,,,active
women-button-style-2-piece-lounge-wear-navy-blue,,,,,,,,,Large,,,,,,,,'10743152,500.0,shopify,99,deny,manual,1599.00,,true,false,,,,,'10743152,https://cdn.shopify.com/s/files/1/0618/2368/0740/files/4_b2cd42b8-58f9-4e09-9d25-37710317c60f.png?v=1776941908,2,"",,,,,,,,,,,,,,,,,,,,,,,,,,,,,,,,,,,,,,,,,,,,,g,,,,,,
women-button-style-2-piece-lounge-wear-navy-blue,,,,,,,,,XL,,,,,,,,'10743153,500.0,shopify,99,deny,manual,1599.00,,true,false,,,,,'10743153,https://cdn.shopify.com/s/files/1/0618/2368/0740/files/1_a49c6fd7-9993-4ec4-923b-12067963d751.png?v=1776941908,3,"",,,,,,,,,,,,,,,,,,,,,,,,,,,,,,,,,,,,,,,,,,,,,g,,,,,,
women-button-style-2-piece-lounge-wear-navy-blue,,,,,,,,,,,,,,,,,,,,,,,,,,,,,,,,https://cdn.shopify.com/s/files/1/0618/2368/0740/files/5_c18ce0a0-92bf-42a1-adff-6d65b4251514.png?v=1776941908,4,"",,,,,,,,,,,,,,,,,,,,,,,,,,,,,,,,,,,,,,,,,,,,,,,,,,,
women-button-style-2-piece-lounge-wear-navy-blue,,,,,,,,,,,,,,,,,,,,,,,,,,,,,,,,https://cdn.shopify.com/s/files/1/0618/2368/0740/files/2_e82e38f5-cdb8-4f96-ac84-cc528aeb5fd2.png?v=1776941908,5,"",,,,,,,,,,,,,,,,,,,,,,,,,,,,,,,,,,,,,,,,,,,,,,,,,,,
women-button-style-2-piece-lounge-wear-navy-blue,,,,,,,,,,,,,,,,,,,,,,,,,,,,,,,,https://cdn.shopify.com/s/files/1/0618/2368/0740/files/3_pc_size_chart_4b800aca-2615-4cb5-b313-6c0e1eb583e5.webp?v=1776518442,6,"",,,,,,,,,,,,,,,,,,,,,,,,,,,,,,,,,,,,,,,,,,,,,,,,,,,
kids-matching-set-batman-yellow,Kids Matching Set | Batman - Yellow,"<h4>Kids Matching Set | Batman - Yellow<br>
</h4>
<p data-start=""335"" data-end=""577"">Upgrade your child’s wardrobe with our <strong data-start=""374"" data-end=""395"">Kids Matching Set</strong>, designed for both comfort and everyday style. Featuring fun, eye-catching prints and available in multiple colors, this set is perfect for kids who love playful and trendy outfits.</p>
<p data-start=""579"" data-end=""851"">Crafted from soft, premium-quality fabric, the top provides a cozy and breathable feel, while the matching pants offer a relaxed fit for all-day comfort. Whether it’s playtime, casual outings, or lounging at home, this outfit keeps your little one comfortable and stylish.</p>
<p data-start=""853"" data-end=""956"">With its versatile design and vibrant color options, this matching set is a must-have for every season.</p>
<p data-start=""958"" data-end=""973"">✨ <strong data-start=""960"" data-end=""973"">Features:</strong></p>
<ul data-start=""974"" data-end=""1188"">
<li data-section-id=""xwdhyn"" data-start=""974"" data-end=""1024"">Soft and breathable fabric for maximum comfort</li>
<li data-section-id=""a2awt4"" data-start=""1025"" data-end=""1069"">Available in multiple colors &amp; prints 🎨</li>
<li data-section-id=""5w87hx"" data-start=""1070"" data-end=""1105"">Comfortable fit for active kids</li>
<li data-section-id=""1bktu6g"" data-start=""1106"" data-end=""1141"">Elastic waistband for easy wear</li>
<li data-section-id=""1k505dq"" data-start=""1142"" data-end=""1188"">Perfect for daily wear, outings &amp; playtime</li>
</ul>
<p data-start=""1190"" data-end=""1256"">Let your kids enjoy <strong data-start=""1210"" data-end=""1256"">comfort, style, and fun—all in one outfit!</strong></p>",BBG FASHION CLOTHING STORE,Apparel & Accessories > Clothing > Baby & Children's Clothing > Baby & Children's Sleepwear,Kids Pajama Set,Kids Pajama Set,false,Size,1 - 2 Years,,,,,,,,'10743141,0.5,,0,deny,manual,1499.00,,true,false,,,,,'10743141,https://cdn.shopify.com/s/files/1/0618/2368/0740/files/17_1080x_7c35c147-81ae-4c39-b342-81b44f8af2b9.webp?v=1776940306,1,"",false,,"Shop Kids Matching Set in multiple colors & fun prints. Soft, comfortable & stylish outfit for kids. Perfect for everyday wear in Pakistan. Order now!",,,,,,,,,,,,,,,,,,,,,yellow-1,,,,,,,,,,,,,,,,,,,,https://cdn.shopify.com/s/files/1/0618/2368/0740/files/17_1080x_7c35c147-81ae-4c39-b342-81b44f8af2b9.webp?v=1776940306,g,,,true,,,draft
kids-matching-set-batman-yellow,,,,,,,,,3 - 4 Years,,,,,,,,'10743142,0.5,,0,deny,manual,1499.00,,true,false,,,,,'10743142,https://cdn.shopify.com/s/files/1/0618/2368/0740/files/1-14_2c29cef8-0e97-4d4f-b449-0eb5b0a82929.webp?v=1776941563,2,"",,,,,,,,,,,,,,,,,,,,,,,,,,,,,,,,,,,,,,,,,,,,https://cdn.shopify.com/s/files/1/0618/2368/0740/files/17_1080x_7c35c147-81ae-4c39-b342-81b44f8af2b9.webp?v=1776940306,g,,,,,,
kids-matching-set-batman-yellow,,,,,,,,,5 - 6 Years,,,,,,,,'10743143,0.5,,0,deny,manual,1499.00,,true,false,,,,,'10743143,,,,,,,,,,,,,,,,,,,,,,,,,,,,,,,,,,,,,,,,,,,,,,,https://cdn.shopify.com/s/files/1/0618/2368/0740/files/17_1080x_7c35c147-81ae-4c39-b342-81b44f8af2b9.webp?v=1776940306,g,,,,,,
kids-matching-set-batman-yellow,,,,,,,,,7 - 8 Years,,,,,,,,'10743144,0.5,,0,deny,manual,1499.00,,true,false,,,,,'10743144,,,,,,,,,,,,,,,,,,,,,,,,,,,,,,,,,,,,,,,,,,,,,,,https://cdn.shopify.com/s/files/1/0618/2368/0740/files/17_1080x_7c35c147-81ae-4c39-b342-81b44f8af2b9.webp?v=1776940306,g,,,,,,
kids-matching-set-batman-yellow,,,,,,,,,9 - 10 Years,,,,,,,,'10743145,0.5,,0,deny,manual,1499.00,,true,false,,,,,'10743145,,,,,,,,,,,,,,,,,,,,,,,,,,,,,,,,,,,,,,,,,,,,,,,https://cdn.shopify.com/s/files/1/0618/2368/0740/files/17_1080x_7c35c147-81ae-4c39-b342-81b44f8af2b9.webp?v=1776940306,g,,,,,,
kids-matching-set-batman-yellow,,,,,,,,,11 - 12 Years,,,,,,,,'10743146,0.5,,0,deny,manual,1499.00,,true,false,,,,,'10743146,,,,,,,,,,,,,,,,,,,,,,,,,,,,,,,,,,,,,,,,,,,,,,,https://cdn.shopify.com/s/files/1/0618/2368/0740/files/17_1080x_7c35c147-81ae-4c39-b342-81b44f8af2b9.webp?v=1776940306,g,,,,,,
kids-matching-set-batman-yellow,,,,,,,,,13 - 14 Years,,,,,,,,'10743147,0.5,,0,deny,manual,1499.00,,true,false,,,,,'10743147,,,,,,,,,,,,,,,,,,,,,,,,,,,,,,,,,,,,,,,,,,,,,,,https://cdn.shopify.com/s/files/1/0618/2368/0740/files/17_1080x_7c35c147-81ae-4c39-b342-81b44f8af2b9.webp?v=1776940306,g,,,,,,
kids-matching-set-batman-brown,Kids Matching Set | Batman - Brown,"<h4>Kids Matching Set | Batman - Brown<br>
</h4>
<p data-start=""335"" data-end=""577"">Upgrade your child’s wardrobe with our <strong data-start=""374"" data-end=""395"">Kids Matching Set</strong>, designed for both comfort and everyday style. Featuring fun, eye-catching prints and available in multiple colors, this set is perfect for kids who love playful and trendy outfits.</p>
<p data-start=""579"" data-end=""851"">Crafted from soft, premium-quality fabric, the top provides a cozy and breathable feel, while the matching pants offer a relaxed fit for all-day comfort. Whether it’s playtime, casual outings, or lounging at home, this outfit keeps your little one comfortable and stylish.</p>
<p data-start=""853"" data-end=""956"">With its versatile design and vibrant color options, this matching set is a must-have for every season.</p>
<p data-start=""958"" data-end=""973"">✨ <strong data-start=""960"" data-end=""973"">Features:</strong></p>
<ul data-start=""974"" data-end=""1188"">
<li data-section-id=""xwdhyn"" data-start=""974"" data-end=""1024"">Soft and breathable fabric for maximum comfort</li>
<li data-section-id=""a2awt4"" data-start=""1025"" data-end=""1069"">Available in multiple colors &amp; prints 🎨</li>
<li data-section-id=""5w87hx"" data-start=""1070"" data-end=""1105"">Comfortable fit for active kids</li>
<li data-section-id=""1bktu6g"" data-start=""1106"" data-end=""1141"">Elastic waistband for easy wear</li>
<li data-section-id=""1k505dq"" data-start=""1142"" data-end=""1188"">Perfect for daily wear, outings &amp; playtime</li>
</ul>
<p data-start=""1190"" data-end=""1256"">Let your kids enjoy <strong data-start=""1210"" data-end=""1256"">comfort, style, and fun—all in one outfit!</strong></p>",BBG FASHION CLOTHING STORE,Apparel & Accessories > Clothing > Baby & Children's Clothing > Baby & Children's Sleepwear,Kids Pajama Set,Kids Pajama Set,true,Size,1 - 2 Years,,,,,,,,'10743134,0.5,,0,deny,manual,1499.00,,true,false,,,,,'10743134,https://cdn.shopify.com/s/files/1/0618/2368/0740/files/18_1448x_ecd12902-81e1-4cc3-8905-37dd775eca9e.webp?v=1776940299,1,"",false,,"Shop Kids Matching Set in multiple colors & fun prints. Soft, comfortable & stylish outfit for kids. Perfect for everyday wear in Pakistan. Order now!",,,,,,,,,,,,,,,,,,,,,brown-1,,,,,,,,,,,,,,,,,,,,https://cdn.shopify.com/s/files/1/0618/2368/0740/files/18_1448x_ecd12902-81e1-4cc3-8905-37dd775eca9e.webp?v=1776940299,g,,,true,,,active
kids-matching-set-batman-brown,,,,,,,,,3 - 4 Years,,,,,,,,'10743135,0.5,,0,deny,manual,1499.00,,true,false,,,,,'10743135,https://cdn.shopify.com/s/files/1/0618/2368/0740/files/1-14_72df0c46-f6bc-483a-9aef-bcd28d6f544f.webp?v=1776934983,2,"",,,,,,,,,,,,,,,,,,,,,,,,,,,,,,,,,,,,,,,,,,,,https://cdn.shopify.com/s/files/1/0618/2368/0740/files/18_1448x_ecd12902-81e1-4cc3-8905-37dd775eca9e.webp?v=1776940299,g,,,,,,
kids-matching-set-batman-brown,,,,,,,,,5 - 6 Years,,,,,,,,'10743136,0.5,,0,deny,manual,1499.00,,true,false,,,,,'10743136,,,,,,,,,,,,,,,,,,,,,,,,,,,,,,,,,,,,,,,,,,,,,,,https://cdn.shopify.com/s/files/1/0618/2368/0740/files/18_1448x_ecd12902-81e1-4cc3-8905-37dd775eca9e.webp?v=1776940299,g,,,,,,
kids-matching-set-batman-brown,,,,,,,,,7 - 8 Years,,,,,,,,'10743137,0.5,,0,deny,manual,1499.00,,true,false,,,,,'10743137,,,,,,,,,,,,,,,,,,,,,,,,,,,,,,,,,,,,,,,,,,,,,,,https://cdn.shopify.com/s/files/1/0618/2368/0740/files/18_1448x_ecd12902-81e1-4cc3-8905-37dd775eca9e.webp?v=1776940299,g,,,,,,
kids-matching-set-batman-brown,,,,,,,,,9 - 10 Years,,,,,,,,'10743138,0.5,,0,deny,manual,1499.00,,true,false,,,,,'10743138,,,,,,,,,,,,,,,,,,,,,,,,,,,,,,,,,,,,,,,,,,,,,,,https://cdn.shopify.com/s/files/1/0618/2368/0740/files/18_1448x_ecd12902-81e1-4cc3-8905-37dd775eca9e.webp?v=1776940299,g,,,,,,
kids-matching-set-batman-brown,,,,,,,,,11 - 12 Years,,,,,,,,'10743139,0.5,,0,deny,manual,1499.00,,true,false,,,,,'10743139,,,,,,,,,,,,,,,,,,,,,,,,,,,,,,,,,,,,,,,,,,,,,,,https://cdn.shopify.com/s/files/1/0618/2368/0740/files/18_1448x_ecd12902-81e1-4cc3-8905-37dd775eca9e.webp?v=1776940299,g,,,,,,
kids-matching-set-batman-brown,,,,,,,,,13 - 14 years,,,,,,,,'10743140,0.5,,0,deny,manual,1499.00,,true,false,,,,,'10743140,,,,,,,,,,,,,,,,,,,,,,,,,,,,,,,,,,,,,,,,,,,,,,,https://cdn.shopify.com/s/files/1/0618/2368/0740/files/18_1448x_ecd12902-81e1-4cc3-8905-37dd775eca9e.webp?v=1776940299,g,,,,,,
kids-matching-set-baby-cute-cat-brown,Kids Matching Set | Baby Cute Cat - Brown,"<h4>Kids Matching Set | Baby Cute Cat - Brown<br>
</h4>
<p data-start=""335"" data-end=""577"">Upgrade your child’s wardrobe with our <strong data-start=""374"" data-end=""395"">Kids Matching Set</strong>, designed for both comfort and everyday style. Featuring fun, eye-catching prints and available in multiple colors, this set is perfect for kids who love playful and trendy outfits.</p>
<p data-start=""579"" data-end=""851"">Crafted from soft, premium-quality fabric, the top provides a cozy and breathable feel, while the matching pants offer a relaxed fit for all-day comfort. Whether it’s playtime, casual outings, or lounging at home, this outfit keeps your little one comfortable and stylish.</p>
<p data-start=""853"" data-end=""956"">With its versatile design and vibrant color options, this matching set is a must-have for every season.</p>
<p data-start=""958"" data-end=""973"">✨ <strong data-start=""960"" data-end=""973"">Features:</strong></p>
<ul data-start=""974"" data-end=""1188"">
<li data-section-id=""xwdhyn"" data-start=""974"" data-end=""1024"">Soft and breathable fabric for maximum comfort</li>
<li data-section-id=""a2awt4"" data-start=""1025"" data-end=""1069"">Available in multiple colors &amp; prints 🎨</li>
<li data-section-id=""5w87hx"" data-start=""1070"" data-end=""1105"">Comfortable fit for active kids</li>
<li data-section-id=""1bktu6g"" data-start=""1106"" data-end=""1141"">Elastic waistband for easy wear</li>
<li data-section-id=""1k505dq"" data-start=""1142"" data-end=""1188"">Perfect for daily wear, outings &amp; playtime</li>
</ul>
<p data-start=""1190"" data-end=""1256"">Let your kids enjoy <strong data-start=""1210"" data-end=""1256"">comfort, style, and fun—all in one outfit!</strong></p>",BBG FASHION CLOTHING STORE,Apparel & Accessories > Clothing > Baby & Children's Clothing > Baby & Children's Outfits,Kids Pajama Set,Kids Pajama Set,true,Size,1 - 2 Years,,,,,,,,'10743127,0.5,shopify,123,deny,manual,1499.00,,true,false,,,,,'10743127,https://cdn.shopify.com/s/files/1/0618/2368/0740/files/21_900x_a8b5fa07-ed86-4a37-a112-7587aad42005.webp?v=1776938778,1,"",false,,"Shop Kids Matching Set in multiple colors & fun prints. Soft, comfortable & stylish outfit for kids. Perfect for everyday wear in Pakistan. Order now!",,,,,,,,,,,,,,,,,,,,,brown-1; animal,casual; everyday,,,,,,,,long,,,,,,,,,,,https://cdn.shopify.com/s/files/1/0618/2368/0740/files/21_900x_a8b5fa07-ed86-4a37-a112-7587aad42005.webp?v=1776938778,g,,,true,,,active
kids-matching-set-baby-cute-cat-brown,,,,,,,,,3 - 4 Years,,,,,,,,'10743128,0.5,shopify,123,deny,manual,1499.00,,true,false,,,,,'10743128,https://cdn.shopify.com/s/files/1/0618/2368/0740/files/1-14_72df0c46-f6bc-483a-9aef-bcd28d6f544f.webp?v=1776934983,2,"",,,,,,,,,,,,,,,,,,,,,,,,,,,,,,,,,,,,,,,,,,,,https://cdn.shopify.com/s/files/1/0618/2368/0740/files/21_900x_a8b5fa07-ed86-4a37-a112-7587aad42005.webp?v=1776938778,g,,,,,,
kids-matching-set-baby-cute-cat-brown,,,,,,,,,5 - 6 Years,,,,,,,,'10743129,0.5,shopify,123,deny,manual,1499.00,,true,false,,,,,'10743129,,,,,,,,,,,,,,,,,,,,,,,,,,,,,,,,,,,,,,,,,,,,,,,https://cdn.shopify.com/s/files/1/0618/2368/0740/files/21_900x_a8b5fa07-ed86-4a37-a112-7587aad42005.webp?v=1776938778,g,,,,,,
kids-matching-set-baby-cute-cat-brown,,,,,,,,,7 - 8 Years,,,,,,,,'10743130,0.5,shopify,123,deny,manual,1499.00,,true,false,,,,,'10743130,,,,,,,,,,,,,,,,,,,,,,,,,,,,,,,,,,,,,,,,,,,,,,,https://cdn.shopify.com/s/files/1/0618/2368/0740/files/21_900x_a8b5fa07-ed86-4a37-a112-7587aad42005.webp?v=1776938778,g,,,,,,
kids-matching-set-baby-cute-cat-brown,,,,,,,,,9 - 10 Years,,,,,,,,'10743131,0.5,shopify,123,deny,manual,1499.00,,true,false,,,,,'10743131,,,,,,,,,,,,,,,,,,,,,,,,,,,,,,,,,,,,,,,,,,,,,,,https://cdn.shopify.com/s/files/1/0618/2368/0740/files/21_900x_a8b5fa07-ed86-4a37-a112-7587aad42005.webp?v=1776938778,g,,,,,,
kids-matching-set-baby-cute-cat-brown,,,,,,,,,11 - 12 Years,,,,,,,,'10743132,0.5,shopify,123,deny,manual,1499.00,,true,false,,,,,'10743132,,,,,,,,,,,,,,,,,,,,,,,,,,,,,,,,,,,,,,,,,,,,,,,https://cdn.shopify.com/s/files/1/0618/2368/0740/files/21_900x_a8b5fa07-ed86-4a37-a112-7587aad42005.webp?v=1776938778,g,,,,,,
kids-matching-set-baby-cute-cat-brown,,,,,,,,,13 - 14 Years,,,,,,,,'10743133,0.5,shopify,123,deny,manual,1499.00,,true,false,,,,,'10743133,,,,,,,,,,,,,,,,,,,,,,,,,,,,,,,,,,,,,,,,,,,,,,,https://cdn.shopify.com/s/files/1/0618/2368/0740/files/21_900x_a8b5fa07-ed86-4a37-a112-7587aad42005.webp?v=1776938778,g,,,,,,
kids-matching-set-baby-cute-cat-yellow,Kids Matching Set | Baby Cute Cat - Yellow,"<h4>Kids Matching Set | Baby Cute Cat - Yellow<br>
</h4>
<p data-start=""335"" data-end=""577"">Upgrade your child’s wardrobe with our <strong data-start=""374"" data-end=""395"">Kids Matching Set</strong>, designed for both comfort and everyday style. Featuring fun, eye-catching prints and available in multiple colors, this set is perfect for kids who love playful and trendy outfits.</p>
<p data-start=""579"" data-end=""851"">Crafted from soft, premium-quality fabric, the top provides a cozy and breathable feel, while the matching pants offer a relaxed fit for all-day comfort. Whether it’s playtime, casual outings, or lounging at home, this outfit keeps your little one comfortable and stylish.</p>
<p data-start=""853"" data-end=""956"">With its versatile design and vibrant color options, this matching set is a must-have for every season.</p>
<p data-start=""958"" data-end=""973"">✨ <strong data-start=""960"" data-end=""973"">Features:</strong></p>
<ul data-start=""974"" data-end=""1188"">
<li data-section-id=""xwdhyn"" data-start=""974"" data-end=""1024"">Soft and breathable fabric for maximum comfort</li>
<li data-section-id=""a2awt4"" data-start=""1025"" data-end=""1069"">Available in multiple colors &amp; prints 🎨</li>
<li data-section-id=""5w87hx"" data-start=""1070"" data-end=""1105"">Comfortable fit for active kids</li>
<li data-section-id=""1bktu6g"" data-start=""1106"" data-end=""1141"">Elastic waistband for easy wear</li>
<li data-section-id=""1k505dq"" data-start=""1142"" data-end=""1188"">Perfect for daily wear, outings &amp; playtime</li>
</ul>
<p data-start=""1190"" data-end=""1256"">Let your kids enjoy <strong data-start=""1210"" data-end=""1256"">comfort, style, and fun—all in one outfit!</strong></p>
<h4>
<br><br>
</h4>",BBG FASHION CLOTHING STORE,Apparel & Accessories > Clothing > Baby & Children's Clothing > Baby & Children's Sleepwear,Kids Pajama Set,Kids Pajama Set,true,Size,1 - 2 Years,,,,,,,,'10743120,0.5,,0,deny,manual,1499.00,,true,false,,,,,'10743120,https://cdn.shopify.com/s/files/1/0618/2368/0740/files/20_1080x_060d2a40-3b7a-4f7d-97dc-409bc7357b44.webp?v=1776938662,1,"",false,,"Shop Kids Matching Set in multiple colors & fun prints. Soft, comfortable & stylish outfit for kids. Perfect for everyday wear in Pakistan. Order now!",,,,,,,,,,,,,,,,,,,,,yellow-1; animal,,,,,,,,,,,,,,,,,,,,https://cdn.shopify.com/s/files/1/0618/2368/0740/files/20_1080x_060d2a40-3b7a-4f7d-97dc-409bc7357b44.webp?v=1776938662,g,,,true,,,active
kids-matching-set-baby-cute-cat-yellow,,,,,,,,,3 - 4 Years,,,,,,,,'10743121,0.5,,0,deny,manual,1499.00,,true,false,,,,,'10743121,https://cdn.shopify.com/s/files/1/0618/2368/0740/files/1-14_72df0c46-f6bc-483a-9aef-bcd28d6f544f.webp?v=1776934983,2,"",,,,,,,,,,,,,,,,,,,,,,,,,,,,,,,,,,,,,,,,,,,,https://cdn.shopify.com/s/files/1/0618/2368/0740/files/20_1080x_060d2a40-3b7a-4f7d-97dc-409bc7357b44.webp?v=1776938662,g,,,,,,
kids-matching-set-baby-cute-cat-yellow,,,,,,,,,5 - 6 Years,,,,,,,,'10743122,0.5,,0,deny,manual,1499.00,,true,false,,,,,'10743122,,,,,,,,,,,,,,,,,,,,,,,,,,,,,,,,,,,,,,,,,,,,,,,https://cdn.shopify.com/s/files/1/0618/2368/0740/files/20_1080x_060d2a40-3b7a-4f7d-97dc-409bc7357b44.webp?v=1776938662,g,,,,,,
kids-matching-set-baby-cute-cat-yellow,,,,,,,,,7 - 8 Years,,,,,,,,'10743123,0.5,,0,deny,manual,1499.00,,true,false,,,,,'10743123,,,,,,,,,,,,,,,,,,,,,,,,,,,,,,,,,,,,,,,,,,,,,,,https://cdn.shopify.com/s/files/1/0618/2368/0740/files/20_1080x_060d2a40-3b7a-4f7d-97dc-409bc7357b44.webp?v=1776938662,g,,,,,,
kids-matching-set-baby-cute-cat-yellow,,,,,,,,,9 - 10 Years,,,,,,,,'10743124,0.5,,0,deny,manual,1499.00,,true,false,,,,,'10743124,,,,,,,,,,,,,,,,,,,,,,,,,,,,,,,,,,,,,,,,,,,,,,,https://cdn.shopify.com/s/files/1/0618/2368/0740/files/20_1080x_060d2a40-3b7a-4f7d-97dc-409bc7357b44.webp?v=1776938662,g,,,,,,
kids-matching-set-baby-cute-cat-yellow,,,,,,,,,11 - 12 Years,,,,,,,,'10743125,0.5,,0,deny,manual,1499.00,,true,false,,,,,'10743125,,,,,,,,,,,,,,,,,,,,,,,,,,,,,,,,,,,,,,,,,,,,,,,https://cdn.shopify.com/s/files/1/0618/2368/0740/files/20_1080x_060d2a40-3b7a-4f7d-97dc-409bc7357b44.webp?v=1776938662,g,,,,,,
kids-matching-set-baby-cute-cat-yellow,,,,,,,,,13 - 14 Years,,,,,,,,'10743126,0.5,,0,deny,manual,1499.00,,true,false,,,,,'10743126,,,,,,,,,,,,,,,,,,,,,,,,,,,,,,,,,,,,,,,,,,,,,,,https://cdn.shopify.com/s/files/1/0618/2368/0740/files/20_1080x_060d2a40-3b7a-4f7d-97dc-409bc7357b44.webp?v=1776938662,g,,,,,,
kids-matching-set-adidas-brown,Kids Matching Set | Adidas - Brown,"<h4><span data-sheets-root=""1"">Kids Matching Set | Adidas - Brown</span></h4>
<p data-start=""335"" data-end=""577"">Upgrade your child’s wardrobe with our <strong data-start=""374"" data-end=""395"">Kids Matching Set</strong>, designed for both comfort and everyday style. Featuring fun, eye-catching prints and available in multiple colors, this set is perfect for kids who love playful and trendy outfits.</p>
<p data-start=""579"" data-end=""851"">Crafted from soft, premium-quality fabric, the top provides a cozy and breathable feel, while the matching pants offer a relaxed fit for all-day comfort. Whether it’s playtime, casual outings, or lounging at home, this outfit keeps your little one comfortable and stylish.</p>
<p data-start=""853"" data-end=""956"">With its versatile design and vibrant color options, this matching set is a must-have for every season.</p>
<p data-start=""958"" data-end=""973"">✨ <strong data-start=""960"" data-end=""973"">Features:</strong></p>
<ul data-start=""974"" data-end=""1188"">
<li data-section-id=""xwdhyn"" data-start=""974"" data-end=""1024"">Soft and breathable fabric for maximum comfort</li>
<li data-section-id=""a2awt4"" data-start=""1025"" data-end=""1069"">Available in multiple colors &amp; prints 🎨</li>
<li data-section-id=""5w87hx"" data-start=""1070"" data-end=""1105"">Comfortable fit for active kids</li>
<li data-section-id=""1bktu6g"" data-start=""1106"" data-end=""1141"">Elastic waistband for easy wear</li>
<li data-section-id=""1k505dq"" data-start=""1142"" data-end=""1188"">Perfect for daily wear, outings &amp; playtime</li>
</ul>
<p data-start=""1190"" data-end=""1256"">Let your kids enjoy <strong data-start=""1210"" data-end=""1256"">comfort, style, and fun—all in one outfit!</strong></p>",BBG FASHION CLOTHING STORE,Apparel & Accessories > Clothing > Baby & Children's Clothing > Baby & Children's Outfits,Kids Pajama Set,Kids Pajama Set,true,Size,1 - 2 Years,,,,,,,,'10743109,0.5,,0,deny,manual,1499.00,,true,false,,,,,'10743109,https://cdn.shopify.com/s/files/1/0618/2368/0740/files/23_1080x_8ac7431d-05d7-4655-a92f-24454b2cdf72.webp?v=1776935925,1,"",false,,"Shop Kids Matching Set in multiple colors & fun prints. Soft, comfortable & stylish outfit for kids. Perfect for everyday wear in Pakistan. Order now!",,,,,,,,,,,,,,,,,,,,,brown-1,casual; everyday,,,,,,,,long,,,,,,,,,,,https://cdn.shopify.com/s/files/1/0618/2368/0740/files/23_1080x_8ac7431d-05d7-4655-a92f-24454b2cdf72.webp?v=1776935925,g,,,true,,,active
kids-matching-set-adidas-brown,,,,,,,,,3 - 4 Years,,,,,,,,'10743110,0.5,,0,deny,manual,1499.00,,true,false,,,,,'10743110,https://cdn.shopify.com/s/files/1/0618/2368/0740/files/1-14_72df0c46-f6bc-483a-9aef-bcd28d6f544f.webp?v=1776934983,2,"",,,,,,,,,,,,,,,,,,,,,,,,,,,,,,,,,,,,,,,,,,,,https://cdn.shopify.com/s/files/1/0618/2368/0740/files/23_1080x_8ac7431d-05d7-4655-a92f-24454b2cdf72.webp?v=1776935925,g,,,,,,
kids-matching-set-adidas-brown,,,,,,,,,5 - 6 Years,,,,,,,,'10743111,0.5,,0,deny,manual,1499.00,,true,false,,,,,'10743111,,,,,,,,,,,,,,,,,,,,,,,,,,,,,,,,,,,,,,,,,,,,,,,https://cdn.shopify.com/s/files/1/0618/2368/0740/files/23_1080x_8ac7431d-05d7-4655-a92f-24454b2cdf72.webp?v=1776935925,g,,,,,,
kids-matching-set-adidas-brown,,,,,,,,,7 - 8 Years,,,,,,,,'10743112,0.5,,0,deny,manual,1499.00,,true,false,,,,,'10743112,,,,,,,,,,,,,,,,,,,,,,,,,,,,,,,,,,,,,,,,,,,,,,,https://cdn.shopify.com/s/files/1/0618/2368/0740/files/23_1080x_8ac7431d-05d7-4655-a92f-24454b2cdf72.webp?v=1776935925,g,,,,,,
kids-matching-set-adidas-brown,,,,,,,,,9 - 10 Years,,,,,,,,'10743113,0.5,,0,deny,manual,1499.00,,true,false,,,,,'10743113,,,,,,,,,,,,,,,,,,,,,,,,,,,,,,,,,,,,,,,,,,,,,,,https://cdn.shopify.com/s/files/1/0618/2368/0740/files/23_1080x_8ac7431d-05d7-4655-a92f-24454b2cdf72.webp?v=1776935925,g,,,,,,
kids-matching-set-adidas-brown,,,,,,,,,11 - 12 Years,,,,,,,,'10743114,0.5,,0,deny,manual,1499.00,,true,false,,,,,'10743114,,,,,,,,,,,,,,,,,,,,,,,,,,,,,,,,,,,,,,,,,,,,,,,https://cdn.shopify.com/s/files/1/0618/2368/0740/files/23_1080x_8ac7431d-05d7-4655-a92f-24454b2cdf72.webp?v=1776935925,g,,,,,,
kids-matching-set-adidas-brown,,,,,,,,,13 -14 Years,,,,,,,,'10743115,0.5,,0,deny,manual,1499.00,,true,false,,,,,'10743115,,,,,,,,,,,,,,,,,,,,,,,,,,,,,,,,,,,,,,,,,,,,,,,https://cdn.shopify.com/s/files/1/0618/2368/0740/files/23_1080x_8ac7431d-05d7-4655-a92f-24454b2cdf72.webp?v=1776935925,g,,,,,,
women-round-neck-lounge-wear-never-give-up-red,Women Round-Neck Lounge Wear | Never Give Up - Red,"<h4><strong>Women Round-Neck Lounge Wear | Never Give Up - Red</strong></h4>
<p data-start=""78"" data-end=""355"">Stay comfortable and motivated with the<span> </span><strong data-start=""118"" data-end=""166"">Women Round-Neck Lounge Wear | Never Give Up</strong><span> </span>set. Designed for everyday ease, this stylish co-ord features a soft round-neck top with an inspiring “Never Give Up” graphic and relaxed wide-leg trousers for a modern, effortless look.</p>
<p data-start=""357"" data-end=""638"">Made from breathable and lightweight fabric, this lounge set keeps you comfortable whether you're relaxing at home, running errands, or enjoying casual outings. The minimal yet uplifting design adds a positive vibe to your wardrobe, while the relaxed fit ensures all-day comfort.</p>
<p data-start=""640"" data-end=""741"">Available in<span> </span><strong data-start=""653"" data-end=""672"">multiple colors</strong>, so you can choose your favorite style or mix and match your mood.</p>
<p data-start=""743"" data-end=""762""><strong data-start=""743"" data-end=""760"">Key Features:</strong></p>
<ul data-start=""763"" data-end=""1007"">
<li data-section-id=""3pudom"" data-start=""763"" data-end=""806"">
<p data-start=""765"" data-end=""806"">Soft, breathable &amp; skin-friendly fabric</p>
</li>
<li data-section-id=""133sst6"" data-start=""807"" data-end=""861"">
<p data-start=""809"" data-end=""861"">Round-neck full sleeve top with motivational print</p>
</li>
<li data-section-id=""1f2pvq3"" data-start=""862"" data-end=""895"">
<p data-start=""864"" data-end=""895"">Comfortable wide-leg trousers</p>
</li>
<li data-section-id=""1tt6azv"" data-start=""896"" data-end=""929"">
<p data-start=""898"" data-end=""929"">Relaxed fit for everyday wear</p>
</li>
<li data-section-id=""nohg9f"" data-start=""930"" data-end=""974"">
<p data-start=""932"" data-end=""974"">Ideal for lounging, casual wear &amp; travel</p>
</li>
<li data-section-id=""arqrzc"" data-start=""975"" data-end=""1007"">
<p data-start=""977"" data-end=""1007"">Available in multiple colors</p>
</li>
</ul>",BBG FASHION,Apparel & Accessories > Clothing > Sleepwear & Loungewear,Article 52,Loungewear,true,Size,medium,product.metafields.shopify.size,,,,,,,'10743116,500.0,shopify,99,deny,manual,1599.00,,true,false,,,,,'10743116,https://cdn.shopify.com/s/files/1/0618/2368/0740/files/2_77e42d19-de66-455e-9ab0-41bfcd9540de.png?v=1776936842,1,"",false,,"Shop Women Round-Neck Lounge Wear “Never Give Up” set. Soft, comfortable & stylish co-ord available in multiple colors—perfect for lounging and everyday wear.",,,,,,,,,,,,,,,,,,,,,,,,,,,,,,,medium; large; xl; xxl,,,,,,,,,,,g,,,true,,,active
women-round-neck-lounge-wear-never-give-up-red,,,,,,,,,large,,,,,,,,'10743117,500.0,shopify,99,deny,manual,1599.00,,true,false,,,,,'10743117,https://cdn.shopify.com/s/files/1/0618/2368/0740/files/1_779703ec-860a-4687-bb09-dff24cbf56df.png?v=1776936841,2,"",,,,,,,,,,,,,,,,,,,,,,,,,,,,,,,,,,,,,,,,,,,,,g,,,,,,
women-round-neck-lounge-wear-never-give-up-red,,,,,,,,,xl,,,,,,,,'10743118,500.0,shopify,98,deny,manual,1699.00,,true,false,,,,,'10743118,https://cdn.shopify.com/s/files/1/0618/2368/0740/files/3_10cd8c75-bc69-48a7-9f09-0d06d744768d.png?v=1776936842,3,"",,,,,,,,,,,,,,,,,,,,,,,,,,,,,,,,,,,,,,,,,,,,,g,,,,,,
women-round-neck-lounge-wear-never-give-up-red,,,,,,,,,xxl,,,,,,,,'10743119,500.0,shopify,99,deny,manual,1799.00,,true,false,,,,,'10743119,https://cdn.shopify.com/s/files/1/0618/2368/0740/files/4_c25c30bc-debb-400b-a6cf-412c428c5b79.png?v=1776936841,4,"",,,,,,,,,,,,,,,,,,,,,,,,,,,,,,,,,,,,,,,,,,,,,g,,,,,,
women-round-neck-lounge-wear-never-give-up-red,,,,,,,,,,,,,,,,,,,,,,,,,,,,,,,,https://cdn.shopify.com/s/files/1/0618/2368/0740/files/5_139c836a-b55d-417d-91ee-a92049e2ad2e.png?v=1776936841,5,"",,,,,,,,,,,,,,,,,,,,,,,,,,,,,,,,,,,,,,,,,,,,,,,,,,,
women-round-neck-lounge-wear-never-give-up-red,,,,,,,,,,,,,,,,,,,,,,,,,,,,,,,,https://cdn.shopify.com/s/files/1/0618/2368/0740/files/2_4e9ec078-e232-4f6b-8463-ca2a5beb183c.webp?v=1775824391,6,Women Fleece Nightsuit - back view - women's wear Pakistan,,,,,,,,,,,,,,,,,,,,,,,,,,,,,,,,,,,,,,,,,,,,,,,,,,,
kids-matching-set-adidas-yellow,Kids Matching Set | Adidas - Yellow,"<h4><span data-sheets-root=""1"">Kids Matching Set | Adidas - Yellow</span></h4>
<p data-start=""335"" data-end=""577"">Upgrade your child’s wardrobe with our <strong data-start=""374"" data-end=""395"">Kids Matching Set</strong>, designed for both comfort and everyday style. Featuring fun, eye-catching prints and available in multiple colors, this set is perfect for kids who love playful and trendy outfits.</p>
<p data-start=""579"" data-end=""851"">Crafted from soft, premium-quality fabric, the top provides a cozy and breathable feel, while the matching pants offer a relaxed fit for all-day comfort. Whether it’s playtime, casual outings, or lounging at home, this outfit keeps your little one comfortable and stylish.</p>
<p data-start=""853"" data-end=""956"">With its versatile design and vibrant color options, this matching set is a must-have for every season.</p>
<p data-start=""958"" data-end=""973"">✨ <strong data-start=""960"" data-end=""973"">Features:</strong></p>
<ul data-start=""974"" data-end=""1188"">
<li data-section-id=""xwdhyn"" data-start=""974"" data-end=""1024"">Soft and breathable fabric for maximum comfort</li>
<li data-section-id=""a2awt4"" data-start=""1025"" data-end=""1069"">Available in multiple colors &amp; prints 🎨</li>
<li data-section-id=""5w87hx"" data-start=""1070"" data-end=""1105"">Comfortable fit for active kids</li>
<li data-section-id=""1bktu6g"" data-start=""1106"" data-end=""1141"">Elastic waistband for easy wear</li>
<li data-section-id=""1k505dq"" data-start=""1142"" data-end=""1188"">Perfect for daily wear, outings &amp; playtime</li>
</ul>
<p data-start=""1190"" data-end=""1256"">Let your kids enjoy <strong data-start=""1210"" data-end=""1256"">comfort, style, and fun—all in one outfit!</strong></p>",BBG FASHION CLOTHING STORE,Apparel & Accessories > Clothing > Baby & Children's Clothing > Baby & Children's Outfits,Kids Pajama Set,Kids Pajama Set,true,Size,1 - 2 Years,,,,,,,,'10743090,0.5,shopify,123123,deny,manual,1499.00,,true,false,,,,,'10743090,https://cdn.shopify.com/s/files/1/0618/2368/0740/files/24_1080x_55be78bd-14f1-4434-8648-db3f0b956599.webp?v=1776935920,1,"",false,,"Shop Kids Matching Set in multiple colors & fun prints. Soft, comfortable & stylish outfit for kids. Perfect for everyday wear in Pakistan. Order now!",,,,,,,,,,,,,,,,,,,,,yellow-1,casual; everyday,,,,,,,,long,,,,,,,,,,,https://cdn.shopify.com/s/files/1/0618/2368/0740/files/24_1080x_55be78bd-14f1-4434-8648-db3f0b956599.webp?v=1776935920,g,,,true,,,active
kids-matching-set-adidas-yellow,,,,,,,,,3 - 4 Years,,,,,,,,'10743091,0.5,shopify,123123,deny,manual,1499.00,,true,false,,,,,'10743091,https://cdn.shopify.com/s/files/1/0618/2368/0740/files/1-14_72df0c46-f6bc-483a-9aef-bcd28d6f544f.webp?v=1776934983,2,"",,,,,,,,,,,,,,,,,,,,,,,,,,,,,,,,,,,,,,,,,,,,https://cdn.shopify.com/s/files/1/0618/2368/0740/files/24_1080x_55be78bd-14f1-4434-8648-db3f0b956599.webp?v=1776935920,g,,,,,,
kids-matching-set-adidas-yellow,,,,,,,,,5 - 6 Years,,,,,,,,'10743092,0.5,shopify,123123,deny,manual,1499.00,,true,false,,,,,'10743092,,,,,,,,,,,,,,,,,,,,,,,,,,,,,,,,,,,,,,,,,,,,,,,https://cdn.shopify.com/s/files/1/0618/2368/0740/files/24_1080x_55be78bd-14f1-4434-8648-db3f0b956599.webp?v=1776935920,g,,,,,,
kids-matching-set-adidas-yellow,,,,,,,,,7 - 8 Years,,,,,,,,'10743093,0.5,shopify,123123,deny,manual,1499.00,,true,false,,,,,'10743093,,,,,,,,,,,,,,,,,,,,,,,,,,,,,,,,,,,,,,,,,,,,,,,https://cdn.shopify.com/s/files/1/0618/2368/0740/files/24_1080x_55be78bd-14f1-4434-8648-db3f0b956599.webp?v=1776935920,g,,,,,,
kids-matching-set-adidas-yellow,,,,,,,,,9 - 10 Years,,,,,,,,'10743094,0.5,shopify,123123,deny,manual,1499.00,,true,false,,,,,'10743094,,,,,,,,,,,,,,,,,,,,,,,,,,,,,,,,,,,,,,,,,,,,,,,https://cdn.shopify.com/s/files/1/0618/2368/0740/files/24_1080x_55be78bd-14f1-4434-8648-db3f0b956599.webp?v=1776935920,g,,,,,,
kids-matching-set-adidas-yellow,,,,,,,,,11 - 12 Years,,,,,,,,'10743095,0.5,shopify,123123,deny,manual,1499.00,,true,false,,,,,'10743095,,,,,,,,,,,,,,,,,,,,,,,,,,,,,,,,,,,,,,,,,,,,,,,https://cdn.shopify.com/s/files/1/0618/2368/0740/files/24_1080x_55be78bd-14f1-4434-8648-db3f0b956599.webp?v=1776935920,g,,,,,,
kids-matching-set-adidas-yellow,,,,,,,,,13 - 14 Years,,,,,,,,'10743096,0.5,shopify,123123,deny,manual,1499.00,,true,false,,,,,'10743096,,,,,,,,,,,,,,,,,,,,,,,,,,,,,,,,,,,,,,,,,,,,,,,https://cdn.shopify.com/s/files/1/0618/2368/0740/files/24_1080x_55be78bd-14f1-4434-8648-db3f0b956599.webp?v=1776935920,g,,,,,,
kids-matching-set-dinosaur-world-brown,Kids Matching Set | Dinosaur World - Brown,"<h4>Kids Matching Set | Dinosaur World - Brown<br>
</h4>
<p data-start=""335"" data-end=""577"">Upgrade your child’s wardrobe with our <strong data-start=""374"" data-end=""395"">Kids Matching Set</strong>, designed for both comfort and everyday style. Featuring fun, eye-catching prints and available in multiple colors, this set is perfect for kids who love playful and trendy outfits.</p>
<p data-start=""579"" data-end=""851"">Crafted from soft, premium-quality fabric, the top provides a cozy and breathable feel, while the matching pants offer a relaxed fit for all-day comfort. Whether it’s playtime, casual outings, or lounging at home, this outfit keeps your little one comfortable and stylish.</p>
<p data-start=""853"" data-end=""956"">With its versatile design and vibrant color options, this matching set is a must-have for every season.</p>
<p data-start=""958"" data-end=""973"">✨ <strong data-start=""960"" data-end=""973"">Features:</strong></p>
<ul data-start=""974"" data-end=""1188"">
<li data-section-id=""xwdhyn"" data-start=""974"" data-end=""1024"">Soft and breathable fabric for maximum comfort</li>
<li data-section-id=""a2awt4"" data-start=""1025"" data-end=""1069"">Available in multiple colors &amp; prints 🎨</li>
<li data-section-id=""5w87hx"" data-start=""1070"" data-end=""1105"">Comfortable fit for active kids</li>
<li data-section-id=""1bktu6g"" data-start=""1106"" data-end=""1141"">Elastic waistband for easy wear</li>
<li data-section-id=""1k505dq"" data-start=""1142"" data-end=""1188"">Perfect for daily wear, outings &amp; playtime</li>
</ul>
<p data-start=""1190"" data-end=""1256"">Let your kids enjoy <strong data-start=""1210"" data-end=""1256"">comfort, style, and fun—all in one outfit!</strong></p>",BBG FASHION CLOTHING STORE,Apparel & Accessories > Clothing > Baby & Children's Clothing > Baby & Children's Outfits,Kids Pajama Set,Kids Pajama Set,true,Size,1 - 2 Years,,,,,,,,'10743083,0.5,shopify,123,deny,manual,1499.00,,true,false,,,,,'10743083,https://cdn.shopify.com/s/files/1/0618/2368/0740/files/12_1448x_7fef1080-b652-42c4-803e-d518d6a1bc9c.webp?v=1776935147,1,"",false,,"Shop Kids Matching Set in multiple colors & fun prints. Soft, comfortable & stylish outfit for kids. Perfect for everyday wear in Pakistan. Order now!",,,,,,,,,,,,,,,,,,,,,brown-1; animal,casual; everyday,,,,,,,,long,,,,,,,,,,,https://cdn.shopify.com/s/files/1/0618/2368/0740/files/12_1448x_7fef1080-b652-42c4-803e-d518d6a1bc9c.webp?v=1776935147,g,,,true,,,active
kids-matching-set-dinosaur-world-brown,,,,,,,,,3 - 4 Years,,,,,,,,'10743084,0.5,shopify,123,deny,manual,1499.00,,true,false,,,,,'10743084,https://cdn.shopify.com/s/files/1/0618/2368/0740/files/1-14_72df0c46-f6bc-483a-9aef-bcd28d6f544f.webp?v=1776934983,2,"",,,,,,,,,,,,,,,,,,,,,,,,,,,,,,,,,,,,,,,,,,,,https://cdn.shopify.com/s/files/1/0618/2368/0740/files/12_1448x_7fef1080-b652-42c4-803e-d518d6a1bc9c.webp?v=1776935147,g,,,,,,
kids-matching-set-dinosaur-world-brown,,,,,,,,,5 - 6 Years,,,,,,,,'10743085,0.5,shopify,123,deny,manual,1499.00,,true,false,,,,,'10743085,,,,,,,,,,,,,,,,,,,,,,,,,,,,,,,,,,,,,,,,,,,,,,,https://cdn.shopify.com/s/files/1/0618/2368/0740/files/12_1448x_7fef1080-b652-42c4-803e-d518d6a1bc9c.webp?v=1776935147,g,,,,,,
kids-matching-set-dinosaur-world-brown,,,,,,,,,7 - 8 Years,,,,,,,,'10743086,0.5,shopify,123,deny,manual,1499.00,,true,false,,,,,'10743086,,,,,,,,,,,,,,,,,,,,,,,,,,,,,,,,,,,,,,,,,,,,,,,https://cdn.shopify.com/s/files/1/0618/2368/0740/files/12_1448x_7fef1080-b652-42c4-803e-d518d6a1bc9c.webp?v=1776935147,g,,,,,,
kids-matching-set-dinosaur-world-brown,,,,,,,,,9 - 10 Years,,,,,,,,'10743087,0.5,shopify,123,deny,manual,1499.00,,true,false,,,,,'10743087,,,,,,,,,,,,,,,,,,,,,,,,,,,,,,,,,,,,,,,,,,,,,,,https://cdn.shopify.com/s/files/1/0618/2368/0740/files/12_1448x_7fef1080-b652-42c4-803e-d518d6a1bc9c.webp?v=1776935147,g,,,,,,
kids-matching-set-dinosaur-world-brown,,,,,,,,,11 - 12 Years,,,,,,,,'10743088,0.5,shopify,123,deny,manual,1499.00,,true,false,,,,,'10743088,,,,,,,,,,,,,,,,,,,,,,,,,,,,,,,,,,,,,,,,,,,,,,,https://cdn.shopify.com/s/files/1/0618/2368/0740/files/12_1448x_7fef1080-b652-42c4-803e-d518d6a1bc9c.webp?v=1776935147,g,,,,,,
kids-matching-set-dinosaur-world-brown,,,,,,,,,13 - 14 Years,,,,,,,,'10743089,0.5,shopify,123,deny,manual,1499.00,,true,false,,,,,'10743089,,,,,,,,,,,,,,,,,,,,,,,,,,,,,,,,,,,,,,,,,,,,,,,https://cdn.shopify.com/s/files/1/0618/2368/0740/files/12_1448x_7fef1080-b652-42c4-803e-d518d6a1bc9c.webp?v=1776935147,g,,,,,,
funky-style-t-shirt-trouser-skin,Funky Style T-Shirt & Trouser | Skin,"<h4 data-start=""104"" data-end=""362""><strong>Funky Style T-Shirt &amp; Trouser | Skin</strong></h4>
<p data-end=""384"" data-start=""107"">Add a playful vibe to your everyday wardrobe with the<span> </span><strong data-end=""198"" data-start=""161"">Funky Style T-Shirt &amp; Trouser Set</strong>. Designed for comfort and style, this trendy co-ord features a soft graphic t-shirt paired with relaxed-fit trousers, making it perfect for lounging, casual outings, or everyday wear.</p>
<p data-end=""614"" data-start=""386"">Crafted from breathable and lightweight fabric, this set ensures all-day comfort while keeping your look effortlessly stylish. The fun graphic print adds a youthful, modern touch, while the easy fit allows freedom of movement.</p>
<p data-end=""732"" data-start=""713""><strong data-end=""730"" data-start=""713"">Key Features:</strong></p>
<ul data-end=""930"" data-start=""733"">
<li data-end=""774"" data-start=""733"" data-section-id=""1ulncgd"">
<p data-end=""774"" data-start=""735"">Soft, breathable &amp; lightweight fabric</p>
</li>
<li data-end=""813"" data-start=""775"" data-section-id=""1kevskt"">
<p data-end=""813"" data-start=""777"">Trendy funky graphic print t-shirt</p>
</li>
<li data-end=""850"" data-start=""814"" data-section-id=""7bjzma"">
<p data-end=""850"" data-start=""816"">Comfortable relaxed-fit trousers</p>
</li>
<li data-end=""889"" data-start=""851"" data-section-id=""15koanl"">
<p data-end=""889"" data-start=""853"">Perfect for casual wear &amp; lounging</p>
</li>
<li data-end=""930"" data-start=""890"" data-section-id=""4zvr48"">
<p data-end=""930"" data-start=""892"">Available in multiple stylish colors</p>
</li>
</ul>",BBG FASHION,Apparel & Accessories > Clothing > Sleepwear & Loungewear,Pajama Set,"casual wear twinset, NEW ARRIVAL, woo",false,Size,medium,product.metafields.shopify.size,,,,,,,'10743080,500.0,shopify,99,deny,manual,1499.00,,true,false,,,,,'10743080,https://cdn.shopify.com/s/files/1/0618/2368/0740/files/4_560e8b30-538d-4356-aaaa-4fd04ff7a06d.png?v=1776935308,1,"",false,,"Shop Funky Style T-Shirt & Trouser Set in purple, pink, grey & brown. Comfortable, stylish co-ord set perfect for casual wear and everyday lounging.",,,,,,,,,,,,,,,,,,,,,purple; brown-1; gray-3; pink,,,,,,,,,,medium; large; xl,,,,,,,,,,,g,,,true,,,draft
funky-style-t-shirt-trouser-skin,,,,,,,,,large,,,,,,,,'10743081,500.0,shopify,99,deny,manual,1499.00,,true,false,,,,,'10743081,https://cdn.shopify.com/s/files/1/0618/2368/0740/files/2_d85eb4d9-2754-4b4a-afca-e2c9ec1a1241.png?v=1776935308,2,"",,,,,,,,,,,,,,,,,,,,,,,,,,,,,,,,,,,,,,,,,,,,,g,,,,,,
funky-style-t-shirt-trouser-skin,,,,,,,,,xl,,,,,,,,'10743082,500.0,shopify,98,deny,manual,1499.00,,true,false,,,,,'10743082,https://cdn.shopify.com/s/files/1/0618/2368/0740/files/3_8c45f68b-16fd-4344-9353-724491f6cd5c.png?v=1776935308,3,"",,,,,,,,,,,,,,,,,,,,,,,,,,,,,,,,,,,,,,,,,,,,,g,,,,,,
funky-style-t-shirt-trouser-skin,,,,,,,,,,,,,,,,,,,,,,,,,,,,,,,,https://cdn.shopify.com/s/files/1/0618/2368/0740/files/1_484e8fcc-588a-436f-96cd-cc5261a24b5f.png?v=1776935308,4,"",,,,,,,,,,,,,,,,,,,,,,,,,,,,,,,,,,,,,,,,,,,,,,,,,,,
funky-style-t-shirt-trouser-skin,,,,,,,,,,,,,,,,,,,,,,,,,,,,,,,,https://cdn.shopify.com/s/files/1/0618/2368/0740/files/2_4e9ec078-e232-4f6b-8463-ca2a5beb183c.webp?v=1775824391,5,Women Fleece Nightsuit - back view - women's wear Pakistan,,,,,,,,,,,,,,,,,,,,,,,,,,,,,,,,,,,,,,,,,,,,,,,,,,,
kids-matching-set-dinosaur-world-yellow,Kids Matching Set | Dinosaur World - Yellow,"<h4>Kids Matching Set | Dinosaur World - Yellow<br>
</h4>
<p data-start=""335"" data-end=""577"">Upgrade your child’s wardrobe with our <strong data-start=""374"" data-end=""395"">Kids Matching Set</strong>, designed for both comfort and everyday style. Featuring fun, eye-catching prints and available in multiple colors, this set is perfect for kids who love playful and trendy outfits.</p>
<p data-start=""579"" data-end=""851"">Crafted from soft, premium-quality fabric, the top provides a cozy and breathable feel, while the matching pants offer a relaxed fit for all-day comfort. Whether it’s playtime, casual outings, or lounging at home, this outfit keeps your little one comfortable and stylish.</p>
<p data-start=""853"" data-end=""956"">With its versatile design and vibrant color options, this matching set is a must-have for every season.</p>
<p data-start=""958"" data-end=""973"">✨ <strong data-start=""960"" data-end=""973"">Features:</strong></p>
<ul data-start=""974"" data-end=""1188"">
<li data-section-id=""xwdhyn"" data-start=""974"" data-end=""1024"">Soft and breathable fabric for maximum comfort</li>
<li data-section-id=""a2awt4"" data-start=""1025"" data-end=""1069"">Available in multiple colors &amp; prints 🎨</li>
<li data-section-id=""5w87hx"" data-start=""1070"" data-end=""1105"">Comfortable fit for active kids</li>
<li data-section-id=""1bktu6g"" data-start=""1106"" data-end=""1141"">Elastic waistband for easy wear</li>
<li data-section-id=""1k505dq"" data-start=""1142"" data-end=""1188"">Perfect for daily wear, outings &amp; playtime</li>
</ul>
<p data-start=""1190"" data-end=""1256"">Let your kids enjoy <strong data-start=""1210"" data-end=""1256"">comfort, style, and fun—all in one outfit!</strong></p>",BBG FASHION CLOTHING STORE,Apparel & Accessories > Clothing > Sleepwear & Loungewear > Pajamas,Kids Pajama Set,Kids Pajama Set,true,Size,1-2-years,product.metafields.shopify.size,,,,,,,'10743073,0.5,,0,deny,manual,1499.00,,true,false,,,,,'10743073,https://cdn.shopify.com/s/files/1/0618/2368/0740/files/11_1448x_bdb3ff32-24a6-4651-8627-0ac6209848c8.webp?v=1776934941,1,"",false,,"Shop Kids Matching Set in multiple colors & fun prints. Soft, comfortable & stylish outfit for kids. Perfect for everyday wear in Pakistan. Order now!",2580,,kids,,,,,,,,,,,,,kids,,,,,yellow-1; fruity,,,,,,,,,,1-2-years; 3-4-years; 5-6-years; 7-8-years; 9-10-years; 11-12-years; 13-14-years,,,girls,medium,,,,,,https://cdn.shopify.com/s/files/1/0618/2368/0740/files/11_1448x_bdb3ff32-24a6-4651-8627-0ac6209848c8.webp?v=1776934941,g,,,true,,,active
kids-matching-set-dinosaur-world-yellow,,,,,,,,,3-4-years,,,,,,,,'10743074,0.5,,0,deny,manual,1499.00,,true,false,,,,,'10743074,https://cdn.shopify.com/s/files/1/0618/2368/0740/files/1-14_72df0c46-f6bc-483a-9aef-bcd28d6f544f.webp?v=1776934983,2,"",,,,,,,,,,,,,,,,,,,,,,,,,,,,,,,,,,,,,,,,,,,,https://cdn.shopify.com/s/files/1/0618/2368/0740/files/11_1448x_bdb3ff32-24a6-4651-8627-0ac6209848c8.webp?v=1776934941,g,,,,,,
kids-matching-set-dinosaur-world-yellow,,,,,,,,,5-6-years,,,,,,,,'10743075,0.5,,0,deny,manual,1499.00,,true,false,,,,,'10743075,,,,,,,,,,,,,,,,,,,,,,,,,,,,,,,,,,,,,,,,,,,,,,,https://cdn.shopify.com/s/files/1/0618/2368/0740/files/11_1448x_bdb3ff32-24a6-4651-8627-0ac6209848c8.webp?v=1776934941,g,,,,,,
kids-matching-set-dinosaur-world-yellow,,,,,,,,,7-8-years,,,,,,,,'10743076,0.5,,0,deny,manual,1499.00,,true,false,,,,,'10743076,,,,,,,,,,,,,,,,,,,,,,,,,,,,,,,,,,,,,,,,,,,,,,,https://cdn.shopify.com/s/files/1/0618/2368/0740/files/11_1448x_bdb3ff32-24a6-4651-8627-0ac6209848c8.webp?v=1776934941,g,,,,,,
kids-matching-set-dinosaur-world-yellow,,,,,,,,,9-10-years,,,,,,,,'10743077,0.5,,0,deny,manual,1499.00,,true,false,,,,,'10743077,,,,,,,,,,,,,,,,,,,,,,,,,,,,,,,,,,,,,,,,,,,,,,,https://cdn.shopify.com/s/files/1/0618/2368/0740/files/11_1448x_bdb3ff32-24a6-4651-8627-0ac6209848c8.webp?v=1776934941,g,,,,,,
kids-matching-set-dinosaur-world-yellow,,,,,,,,,11-12-years,,,,,,,,'10743078,0.5,,0,deny,manual,1499.00,,true,false,,,,,'10743078,,,,,,,,,,,,,,,,,,,,,,,,,,,,,,,,,,,,,,,,,,,,,,,https://cdn.shopify.com/s/files/1/0618/2368/0740/files/11_1448x_bdb3ff32-24a6-4651-8627-0ac6209848c8.webp?v=1776934941,g,,,,,,
kids-matching-set-dinosaur-world-yellow,,,,,,,,,13-14-years,,,,,,,,'10743079,0.5,,0,deny,manual,1499.00,,true,false,,,,,'10743079,,,,,,,,,,,,,,,,,,,,,,,,,,,,,,,,,,,,,,,,,,,,,,,https://cdn.shopify.com/s/files/1/0618/2368/0740/files/11_1448x_bdb3ff32-24a6-4651-8627-0ac6209848c8.webp?v=1776934941,g,,,,,,
funky-style-t-shirt-trouser-grey,Funky Style T-Shirt & Trouser | Grey,"<h4 data-start=""104"" data-end=""362""><strong>Funky Style T-Shirt &amp; Trouser | Grey</strong></h4>
<p data-end=""384"" data-start=""107"">Add a playful vibe to your everyday wardrobe with the<span> </span><strong data-end=""198"" data-start=""161"">Funky Style T-Shirt &amp; Trouser Set</strong>. Designed for comfort and style, this trendy co-ord features a soft graphic t-shirt paired with relaxed-fit trousers, making it perfect for lounging, casual outings, or everyday wear.</p>
<p data-end=""614"" data-start=""386"">Crafted from breathable and lightweight fabric, this set ensures all-day comfort while keeping your look effortlessly stylish. The fun graphic print adds a youthful, modern touch, while the easy fit allows freedom of movement.</p>
<p data-end=""732"" data-start=""713""><strong data-end=""730"" data-start=""713"">Key Features:</strong></p>
<ul data-end=""930"" data-start=""733"">
<li data-end=""774"" data-start=""733"" data-section-id=""1ulncgd"">
<p data-end=""774"" data-start=""735"">Soft, breathable &amp; lightweight fabric</p>
</li>
<li data-end=""813"" data-start=""775"" data-section-id=""1kevskt"">
<p data-end=""813"" data-start=""777"">Trendy funky graphic print t-shirt</p>
</li>
<li data-end=""850"" data-start=""814"" data-section-id=""7bjzma"">
<p data-end=""850"" data-start=""816"">Comfortable relaxed-fit trousers</p>
</li>
<li data-end=""889"" data-start=""851"" data-section-id=""15koanl"">
<p data-end=""889"" data-start=""853"">Perfect for casual wear &amp; lounging</p>
</li>
<li data-end=""930"" data-start=""890"" data-section-id=""4zvr48"">
<p data-end=""930"" data-start=""892"">Available in multiple stylish colors</p>
</li>
</ul>",BBG FASHION,Apparel & Accessories > Clothing > Sleepwear & Loungewear,Pajama Set,"casual wear twinset, NEW ARRIVAL, woo",false,Size,medium,product.metafields.shopify.size,,,,,,,'10743070,500.0,shopify,99,deny,manual,1499.00,,true,false,,,,,'10743070,https://cdn.shopify.com/s/files/1/0618/2368/0740/files/3_b6f33593-a20b-42bc-8a3b-1dd672a7282c.png?v=1776934828,1,"",false,,"Shop Funky Style T-Shirt & Trouser Set in purple, pink, grey & brown. Comfortable, stylish co-ord set perfect for casual wear and everyday lounging.",,,,,,,,,,,,,,,,,,,,,purple; brown-1; gray-3; pink,,,,,,,,,,medium; large; xl,,,,,,,,,,,g,,,true,,,draft
funky-style-t-shirt-trouser-grey,,,,,,,,,large,,,,,,,,'10743071,500.0,shopify,99,deny,manual,1499.00,,true,false,,,,,'10743071,https://cdn.shopify.com/s/files/1/0618/2368/0740/files/1_eb9d0ea2-97a5-49a0-8945-116807076300.png?v=1776934828,2,"",,,,,,,,,,,,,,,,,,,,,,,,,,,,,,,,,,,,,,,,,,,,,g,,,,,,
funky-style-t-shirt-trouser-grey,,,,,,,,,xl,,,,,,,,'10743072,500.0,shopify,99,deny,manual,1499.00,,true,false,,,,,'10743072,https://cdn.shopify.com/s/files/1/0618/2368/0740/files/2_24dc868e-77ec-4355-99ae-2f501ca14acb.png?v=1776934828,3,"",,,,,,,,,,,,,,,,,,,,,,,,,,,,,,,,,,,,,,,,,,,,,g,,,,,,
funky-style-t-shirt-trouser-grey,,,,,,,,,,,,,,,,,,,,,,,,,,,,,,,,https://cdn.shopify.com/s/files/1/0618/2368/0740/files/4_3d93433b-6647-4428-b499-0043a89a2121.png?v=1776934828,4,"",,,,,,,,,,,,,,,,,,,,,,,,,,,,,,,,,,,,,,,,,,,,,,,,,,,
funky-style-t-shirt-trouser-grey,,,,,,,,,,,,,,,,,,,,,,,,,,,,,,,,https://cdn.shopify.com/s/files/1/0618/2368/0740/files/5_fa3d1eb2-48b6-4078-87d1-408ab2ec649f.png?v=1776934829,5,"",,,,,,,,,,,,,,,,,,,,,,,,,,,,,,,,,,,,,,,,,,,,,,,,,,,
funky-style-t-shirt-trouser-grey,,,,,,,,,,,,,,,,,,,,,,,,,,,,,,,,https://cdn.shopify.com/s/files/1/0618/2368/0740/files/2_4e9ec078-e232-4f6b-8463-ca2a5beb183c.webp?v=1775824391,6,Women Fleece Nightsuit - back view - women's wear Pakistan,,,,,,,,,,,,,,,,,,,,,,,,,,,,,,,,,,,,,,,,,,,,,,,,,,,
funky-style-t-shirt-trouser-pink,Funky Style T-Shirt & Trouser | Pink,"<h4 data-start=""104"" data-end=""362""><strong>Funky Style T-Shirt &amp; Trouser | Pink</strong></h4>
<p data-end=""384"" data-start=""107"">Add a playful vibe to your everyday wardrobe with the<span> </span><strong data-end=""198"" data-start=""161"">Funky Style T-Shirt &amp; Trouser Set</strong>. Designed for comfort and style, this trendy co-ord features a soft graphic t-shirt paired with relaxed-fit trousers, making it perfect for lounging, casual outings, or everyday wear.</p>
<p data-end=""614"" data-start=""386"">Crafted from breathable and lightweight fabric, this set ensures all-day comfort while keeping your look effortlessly stylish. The fun graphic print adds a youthful, modern touch, while the easy fit allows freedom of movement.</p>
<p data-end=""732"" data-start=""713""><strong data-end=""730"" data-start=""713"">Key Features:</strong></p>
<ul data-end=""930"" data-start=""733"">
<li data-end=""774"" data-start=""733"" data-section-id=""1ulncgd"">
<p data-end=""774"" data-start=""735"">Soft, breathable &amp; lightweight fabric</p>
</li>
<li data-end=""813"" data-start=""775"" data-section-id=""1kevskt"">
<p data-end=""813"" data-start=""777"">Trendy funky graphic print t-shirt</p>
</li>
<li data-end=""850"" data-start=""814"" data-section-id=""7bjzma"">
<p data-end=""850"" data-start=""816"">Comfortable relaxed-fit trousers</p>
</li>
<li data-end=""889"" data-start=""851"" data-section-id=""15koanl"">
<p data-end=""889"" data-start=""853"">Perfect for casual wear &amp; lounging</p>
</li>
<li data-end=""930"" data-start=""890"" data-section-id=""4zvr48"">
<p data-end=""930"" data-start=""892"">Available in multiple stylish colors</p>
</li>
</ul>",BBG FASHION,Apparel & Accessories > Clothing > Sleepwear & Loungewear,Pajama Set,"casual wear twinset, NEW ARRIVAL, woo",true,Size,medium,product.metafields.shopify.size,,,,,,,'10743064,500.0,shopify,99,deny,manual,1499.00,,true,false,,,,,'10743064,https://cdn.shopify.com/s/files/1/0618/2368/0740/files/4_0caade67-1a70-44d5-8cac-a5f73c551fed.png?v=1776934492,1,"",false,,"Shop Funky Style T-Shirt & Trouser Set in purple, pink, grey & brown. Comfortable, stylish co-ord set perfect for casual wear and everyday lounging.",,,,,,,,,,,,,,,,,,,,,purple; brown-1; gray-3; pink,,,,,,,,,,medium; large; xl,,,,,,,,,,,g,,,true,,,active
funky-style-t-shirt-trouser-pink,,,,,,,,,large,,,,,,,,'10743065,500.0,shopify,99,deny,manual,1499.00,,true,false,,,,,'10743065,https://cdn.shopify.com/s/files/1/0618/2368/0740/files/2_4a27f93e-8ae6-4cb3-8a9f-962c5ef40331.png?v=1776934492,2,"",,,,,,,,,,,,,,,,,,,,,,,,,,,,,,,,,,,,,,,,,,,,,g,,,,,,
funky-style-t-shirt-trouser-pink,,,,,,,,,xl,,,,,,,,'10743066,500.0,shopify,99,deny,manual,1499.00,,true,false,,,,,'10743066,https://cdn.shopify.com/s/files/1/0618/2368/0740/files/3_cf6d3bb5-9b35-4c4c-b38f-ec375fe4b2ac.png?v=1776934492,3,"",,,,,,,,,,,,,,,,,,,,,,,,,,,,,,,,,,,,,,,,,,,,,g,,,,,,
funky-style-t-shirt-trouser-pink,,,,,,,,,,,,,,,,,,,,,,,,,,,,,,,,https://cdn.shopify.com/s/files/1/0618/2368/0740/files/1_0da40230-447b-4d04-bbf8-bc8de1fe6216.png?v=1776934491,4,"",,,,,,,,,,,,,,,,,,,,,,,,,,,,,,,,,,,,,,,,,,,,,,,,,,,
funky-style-t-shirt-trouser-pink,,,,,,,,,,,,,,,,,,,,,,,,,,,,,,,,https://cdn.shopify.com/s/files/1/0618/2368/0740/files/5_a9cddef4-e62d-4c97-9d71-1e1c9eb7a847.png?v=1776934476,5,"",,,,,,,,,,,,,,,,,,,,,,,,,,,,,,,,,,,,,,,,,,,,,,,,,,,
funky-style-t-shirt-trouser-pink,,,,,,,,,,,,,,,,,,,,,,,,,,,,,,,,https://cdn.shopify.com/s/files/1/0618/2368/0740/files/2_4e9ec078-e232-4f6b-8463-ca2a5beb183c.webp?v=1775824391,6,Women Fleece Nightsuit - back view - women's wear Pakistan,,,,,,,,,,,,,,,,,,,,,,,,,,,,,,,,,,,,,,,,,,,,,,,,,,,
kids-matching-set-leopard-brown,Kids Matching Set | Leopard - Brown,"<h4><strong><span data-sheets-root=""1"">Kids Matching Set | Leopard - Brown<br><br></span></strong></h4>
<p data-start=""335"" data-end=""577"">Upgrade your child’s wardrobe with our <strong data-start=""374"" data-end=""395"">Kids Matching Set</strong>, designed for both comfort and everyday style. Featuring fun, eye-catching prints and available in multiple colors, this set is perfect for kids who love playful and trendy outfits.</p>
<p data-start=""579"" data-end=""851"">Crafted from soft, premium-quality fabric, the top provides a cozy and breathable feel, while the matching pants offer a relaxed fit for all-day comfort. Whether it’s playtime, casual outings, or lounging at home, this outfit keeps your little one comfortable and stylish.</p>
<p data-start=""853"" data-end=""956"">With its versatile design and vibrant color options, this matching set is a must-have for every season.</p>
<p data-start=""958"" data-end=""973"">✨ <strong data-start=""960"" data-end=""973"">Features:</strong></p>
<ul data-start=""974"" data-end=""1188"">
<li data-section-id=""xwdhyn"" data-start=""974"" data-end=""1024"">Soft and breathable fabric for maximum comfort</li>
<li data-section-id=""a2awt4"" data-start=""1025"" data-end=""1069"">Available in multiple colors &amp; prints 🎨</li>
<li data-section-id=""5w87hx"" data-start=""1070"" data-end=""1105"">Comfortable fit for active kids</li>
<li data-section-id=""1bktu6g"" data-start=""1106"" data-end=""1141"">Elastic waistband for easy wear</li>
<li data-section-id=""1k505dq"" data-start=""1142"" data-end=""1188"">Perfect for daily wear, outings &amp; playtime</li>
</ul>
<p data-start=""1190"" data-end=""1256"">Let your kids enjoy <strong data-start=""1210"" data-end=""1256"">comfort, style, and fun—all in one outfit!</strong></p>
<h4><strong><span data-sheets-root=""1""><br></span></strong></h4>",BBG FASHION CLOTHING STORE,Apparel & Accessories > Clothing > Baby & Children's Clothing > Baby & Children's Sleepwear,Kids Pajama Set,Kids Pajama Set,true,Size,1 - 2 Years,,,,,,,,'10743054,0.5,shopify,123,deny,manual,1499.00,,true,false,,,,,'10743054,https://cdn.shopify.com/s/files/1/0618/2368/0740/files/8_1080x_698360b6-4474-4fdd-ab57-769b69326ce4.webp?v=1776931174,1,"",false,,"Shop Kids Matching Set in multiple colors & fun prints. Soft, comfortable & stylish outfit for kids. Perfect for everyday wear in Pakistan. Order now!",,,,,,,,,,,,,,,,,,,,,animal,,,,,,,,,,,,,,,,,,,,https://cdn.shopify.com/s/files/1/0618/2368/0740/files/8_1080x_698360b6-4474-4fdd-ab57-769b69326ce4.webp?v=1776931174,g,,,true,,,active
kids-matching-set-leopard-brown,,,,,,,,,3 - 4 Years,,,,,,,,'10743055,0.5,shopify,123,deny,manual,1499.00,,true,false,,,,,'10743055,https://cdn.shopify.com/s/files/1/0618/2368/0740/files/1-14_bc345b12-deaf-421c-b0f8-966f735916db.webp?v=1776931189,2,"",,,,,,,,,,,,,,,,,,,,,,,,,,,,,,,,,,,,,,,,,,,,https://cdn.shopify.com/s/files/1/0618/2368/0740/files/8_1080x_698360b6-4474-4fdd-ab57-769b69326ce4.webp?v=1776931174,g,,,,,,
kids-matching-set-leopard-brown,,,,,,,,,5 - 6 Years,,,,,,,,'10743056,0.5,shopify,123,deny,manual,1499.00,,true,false,,,,,'10743056,,,,,,,,,,,,,,,,,,,,,,,,,,,,,,,,,,,,,,,,,,,,,,,https://cdn.shopify.com/s/files/1/0618/2368/0740/files/8_1080x_698360b6-4474-4fdd-ab57-769b69326ce4.webp?v=1776931174,g,,,,,,
kids-matching-set-leopard-brown,,,,,,,,,7 - 8 Years,,,,,,,,'10743057,0.5,shopify,123,deny,manual,1499.00,,true,false,,,,,'10743057,,,,,,,,,,,,,,,,,,,,,,,,,,,,,,,,,,,,,,,,,,,,,,,https://cdn.shopify.com/s/files/1/0618/2368/0740/files/8_1080x_698360b6-4474-4fdd-ab57-769b69326ce4.webp?v=1776931174,g,,,,,,
kids-matching-set-leopard-brown,,,,,,,,,9 - 10 Years,,,,,,,,'10743058,0.5,shopify,123,deny,manual,1499.00,,true,false,,,,,'10743058,,,,,,,,,,,,,,,,,,,,,,,,,,,,,,,,,,,,,,,,,,,,,,,https://cdn.shopify.com/s/files/1/0618/2368/0740/files/8_1080x_698360b6-4474-4fdd-ab57-769b69326ce4.webp?v=1776931174,g,,,,,,
kids-matching-set-leopard-brown,,,,,,,,,11 - 12 Years,,,,,,,,'10743059,0.5,shopify,123,deny,manual,1499.00,,true,false,,,,,'10743059,,,,,,,,,,,,,,,,,,,,,,,,,,,,,,,,,,,,,,,,,,,,,,,https://cdn.shopify.com/s/files/1/0618/2368/0740/files/8_1080x_698360b6-4474-4fdd-ab57-769b69326ce4.webp?v=1776931174,g,,,,,,
kids-matching-set-leopard-brown,,,,,,,,,13 - 14 Years,,,,,,,,'10743060,0.5,shopify,123,deny,manual,1499.00,,true,false,,,,,'10743060,,,,,,,,,,,,,,,,,,,,,,,,,,,,,,,,,,,,,,,,,,,,,,,https://cdn.shopify.com/s/files/1/0618/2368/0740/files/8_1080x_698360b6-4474-4fdd-ab57-769b69326ce4.webp?v=1776931174,g,,,,,,
kids-matching-set-leopard-yellow,Kids Matching Set | Leopard - Yellow,"<h4><strong><span data-sheets-root=""1"">Kids Matching Set | Leopard - Yellow<br><br></span></strong></h4>
<p data-start=""335"" data-end=""577"">Upgrade your child’s wardrobe with our <strong data-start=""374"" data-end=""395"">Kids Matching Set</strong>, designed for both comfort and everyday style. Featuring fun, eye-catching prints and available in multiple colors, this set is perfect for kids who love playful and trendy outfits.</p>
<p data-start=""579"" data-end=""851"">Crafted from soft, premium-quality fabric, the top provides a cozy and breathable feel, while the matching pants offer a relaxed fit for all-day comfort. Whether it’s playtime, casual outings, or lounging at home, this outfit keeps your little one comfortable and stylish.</p>
<p data-start=""853"" data-end=""956"">With its versatile design and vibrant color options, this matching set is a must-have for every season.</p>
<p data-start=""958"" data-end=""973"">✨ <strong data-start=""960"" data-end=""973"">Features:</strong></p>
<ul data-start=""974"" data-end=""1188"">
<li data-section-id=""xwdhyn"" data-start=""974"" data-end=""1024"">Soft and breathable fabric for maximum comfort</li>
<li data-section-id=""a2awt4"" data-start=""1025"" data-end=""1069"">Available in multiple colors &amp; prints 🎨</li>
<li data-section-id=""5w87hx"" data-start=""1070"" data-end=""1105"">Comfortable fit for active kids</li>
<li data-section-id=""1bktu6g"" data-start=""1106"" data-end=""1141"">Elastic waistband for easy wear</li>
<li data-section-id=""1k505dq"" data-start=""1142"" data-end=""1188"">Perfect for daily wear, outings &amp; playtime</li>
</ul>
<p data-start=""1190"" data-end=""1256"">Let your kids enjoy <strong data-start=""1210"" data-end=""1256"">comfort, style, and fun—all in one outfit!</strong></p>
<h4><strong><span data-sheets-root=""1""><br></span></strong></h4>",BBG FASHION CLOTHING STORE,Apparel & Accessories > Clothing > Baby & Children's Clothing > Baby & Children's Outfits,Kids Pajama Set,Kids Pajama Set,true,Size,1 - 2 Years,,,,,,,,'10743047,0.5,shopify,123,deny,manual,1499.00,,true,false,,,,,'10743047,https://cdn.shopify.com/s/files/1/0618/2368/0740/files/7_1448x_7d42851f-6430-449e-972b-e4abba11b756.webp?v=1776931167,1,"",false,,"Shop Kids Matching Set in multiple colors & fun prints. Soft, comfortable & stylish outfit for kids. Perfect for everyday wear in Pakistan. Order now!",,,,,,,,,,,,,,,,,,,,,animal,casual; everyday,,,,,,,,long,,,,,,,,,,,https://cdn.shopify.com/s/files/1/0618/2368/0740/files/7_1448x_7d42851f-6430-449e-972b-e4abba11b756.webp?v=1776931167,g,,,true,,,active
kids-matching-set-leopard-yellow,,,,,,,,,3 - 4 Years,,,,,,,,'10743048,0.5,shopify,123,deny,manual,1499.00,,true,false,,,,,'10743048,https://cdn.shopify.com/s/files/1/0618/2368/0740/files/1-14_bc345b12-deaf-421c-b0f8-966f735916db.webp?v=1776931189,2,"",,,,,,,,,,,,,,,,,,,,,,,,,,,,,,,,,,,,,,,,,,,,https://cdn.shopify.com/s/files/1/0618/2368/0740/files/7_1448x_7d42851f-6430-449e-972b-e4abba11b756.webp?v=1776931167,g,,,,,,
kids-matching-set-leopard-yellow,,,,,,,,,5 - 6 Years,,,,,,,,'10743049,0.5,shopify,123,deny,manual,1499.00,,true,false,,,,,'10743049,,,,,,,,,,,,,,,,,,,,,,,,,,,,,,,,,,,,,,,,,,,,,,,https://cdn.shopify.com/s/files/1/0618/2368/0740/files/7_1448x_7d42851f-6430-449e-972b-e4abba11b756.webp?v=1776931167,g,,,,,,
kids-matching-set-leopard-yellow,,,,,,,,,7 -8 Years,,,,,,,,'10743050,0.5,shopify,123,deny,manual,1499.00,,true,false,,,,,'10743050,,,,,,,,,,,,,,,,,,,,,,,,,,,,,,,,,,,,,,,,,,,,,,,https://cdn.shopify.com/s/files/1/0618/2368/0740/files/7_1448x_7d42851f-6430-449e-972b-e4abba11b756.webp?v=1776931167,g,,,,,,
kids-matching-set-leopard-yellow,,,,,,,,,9 - 10 Years,,,,,,,,'10743051,0.5,shopify,123,deny,manual,1499.00,,true,false,,,,,'10743051,,,,,,,,,,,,,,,,,,,,,,,,,,,,,,,,,,,,,,,,,,,,,,,https://cdn.shopify.com/s/files/1/0618/2368/0740/files/7_1448x_7d42851f-6430-449e-972b-e4abba11b756.webp?v=1776931167,g,,,,,,
kids-matching-set-leopard-yellow,,,,,,,,,11 - 12 Years,,,,,,,,'10743052,0.5,shopify,123,deny,manual,1499.00,,true,false,,,,,'10743052,,,,,,,,,,,,,,,,,,,,,,,,,,,,,,,,,,,,,,,,,,,,,,,https://cdn.shopify.com/s/files/1/0618/2368/0740/files/7_1448x_7d42851f-6430-449e-972b-e4abba11b756.webp?v=1776931167,g,,,,,,
kids-matching-set-leopard-yellow,,,,,,,,,13 - 14 Years,,,,,,,,'10743053,0.5,shopify,123,deny,manual,1499.00,,true,false,,,,,'10743053,,,,,,,,,,,,,,,,,,,,,,,,,,,,,,,,,,,,,,,,,,,,,,,https://cdn.shopify.com/s/files/1/0618/2368/0740/files/7_1448x_7d42851f-6430-449e-972b-e4abba11b756.webp?v=1776931167,g,,,,,,
kids-matching-set-can-we-be-heros-brown,Kids Matching Set | Can We Be Heros - Brown,"<h4><strong>Kids Matching Set | Can We Be Heros - Brown<br><br></strong></h4>
<p data-start=""335"" data-end=""577"">Upgrade your child’s wardrobe with our <strong data-start=""374"" data-end=""395"">Kids Matching Set</strong>, designed for both comfort and everyday style. Featuring fun, eye-catching prints and available in multiple colors, this set is perfect for kids who love playful and trendy outfits.</p>
<p data-start=""579"" data-end=""851"">Crafted from soft, premium-quality fabric, the top provides a cozy and breathable feel, while the matching pants offer a relaxed fit for all-day comfort. Whether it’s playtime, casual outings, or lounging at home, this outfit keeps your little one comfortable and stylish.</p>
<p data-start=""853"" data-end=""956"">With its versatile design and vibrant color options, this matching set is a must-have for every season.</p>
<p data-start=""958"" data-end=""973"">✨ <strong data-start=""960"" data-end=""973"">Features:</strong></p>
<ul data-start=""974"" data-end=""1188"">
<li data-section-id=""xwdhyn"" data-start=""974"" data-end=""1024"">Soft and breathable fabric for maximum comfort</li>
<li data-section-id=""a2awt4"" data-start=""1025"" data-end=""1069"">Available in multiple colors &amp; prints 🎨</li>
<li data-section-id=""5w87hx"" data-start=""1070"" data-end=""1105"">Comfortable fit for active kids</li>
<li data-section-id=""1bktu6g"" data-start=""1106"" data-end=""1141"">Elastic waistband for easy wear</li>
<li data-section-id=""1k505dq"" data-start=""1142"" data-end=""1188"">Perfect for daily wear, outings &amp; playtime</li>
</ul>
<p data-start=""1190"" data-end=""1256"">Let your kids enjoy <strong data-start=""1210"" data-end=""1256"">comfort, style, and fun—all in one outfit!</strong></p>
<h4><strong><br></strong></h4>",BBG FASHION CLOTHING STORE,Apparel & Accessories > Clothing > Baby & Children's Clothing > Baby & Children's Outfits,Kids Pajama Set,Kids Pajama Set,true,Size,1 - 2 Years,,,,,,,,'10743040,0.5,shopify,123123,deny,manual,1499.00,,true,false,,,,,'10743040,https://cdn.shopify.com/s/files/1/0618/2368/0740/files/32_1080x_ca0f2efc-459d-4ead-8e77-7a550988022e.webp?v=1776928227,1,"",false,,"Shop Kids Matching Set in multiple colors & fun prints. Soft, comfortable & stylish outfit for kids. Perfect for everyday wear in Pakistan. Order now!",,,,,,,,,,,,,,,,,,,,,brown-1,casual; everyday,,,,,,,,long,,,,,,,,,,,https://cdn.shopify.com/s/files/1/0618/2368/0740/files/32_1080x_ca0f2efc-459d-4ead-8e77-7a550988022e.webp?v=1776928227,g,,,true,,,active
kids-matching-set-can-we-be-heros-brown,,,,,,,,,3 - 4 Years,,,,,,,,'10743041,0.5,shopify,123123,deny,manual,1499.00,,true,false,,,,,'10743041,https://cdn.shopify.com/s/files/1/0618/2368/0740/files/1-14_a0d1506c-c6e8-488c-b77f-312d85b640ab.webp?v=1776928248,2,"",,,,,,,,,,,,,,,,,,,,,,,,,,,,,,,,,,,,,,,,,,,,https://cdn.shopify.com/s/files/1/0618/2368/0740/files/32_1080x_ca0f2efc-459d-4ead-8e77-7a550988022e.webp?v=1776928227,g,,,,,,
kids-matching-set-can-we-be-heros-brown,,,,,,,,,5 - 6 years,,,,,,,,'10743042,0.5,shopify,123123,deny,manual,1499.00,,true,false,,,,,'10743042,,,,,,,,,,,,,,,,,,,,,,,,,,,,,,,,,,,,,,,,,,,,,,,https://cdn.shopify.com/s/files/1/0618/2368/0740/files/32_1080x_ca0f2efc-459d-4ead-8e77-7a550988022e.webp?v=1776928227,g,,,,,,
kids-matching-set-can-we-be-heros-brown,,,,,,,,,7 - 8 Years,,,,,,,,'10743043,0.5,shopify,123123,deny,manual,1499.00,,true,false,,,,,'10743043,,,,,,,,,,,,,,,,,,,,,,,,,,,,,,,,,,,,,,,,,,,,,,,https://cdn.shopify.com/s/files/1/0618/2368/0740/files/32_1080x_ca0f2efc-459d-4ead-8e77-7a550988022e.webp?v=1776928227,g,,,,,,
kids-matching-set-can-we-be-heros-brown,,,,,,,,,9  - 10 years,,,,,,,,'10743044,0.5,shopify,123123,deny,manual,1499.00,,true,false,,,,,'10743044,,,,,,,,,,,,,,,,,,,,,,,,,,,,,,,,,,,,,,,,,,,,,,,https://cdn.shopify.com/s/files/1/0618/2368/0740/files/32_1080x_ca0f2efc-459d-4ead-8e77-7a550988022e.webp?v=1776928227,g,,,,,,
kids-matching-set-can-we-be-heros-brown,,,,,,,,,11 - 12 Yeras,,,,,,,,'10743045,0.5,shopify,123123,deny,manual,1499.00,,true,false,,,,,'10743045,,,,,,,,,,,,,,,,,,,,,,,,,,,,,,,,,,,,,,,,,,,,,,,https://cdn.shopify.com/s/files/1/0618/2368/0740/files/32_1080x_ca0f2efc-459d-4ead-8e77-7a550988022e.webp?v=1776928227,g,,,,,,
kids-matching-set-can-we-be-heros-brown,,,,,,,,,13 - 14 Years,,,,,,,,'10743046,0.5,shopify,123123,deny,manual,1499.00,,true,false,,,,,'10743046,,,,,,,,,,,,,,,,,,,,,,,,,,,,,,,,,,,,,,,,,,,,,,,https://cdn.shopify.com/s/files/1/0618/2368/0740/files/32_1080x_ca0f2efc-459d-4ead-8e77-7a550988022e.webp?v=1776928227,g,,,,,,
kids-matching-set-can-we-be-heros-red,Kids Matching Set | Can We Be Heros - Red,"<h4><strong>Kids Matching Set | Can We Be Heros - Red<br><br></strong></h4>
<p data-start=""335"" data-end=""577"">Upgrade your child’s wardrobe with our <strong data-start=""374"" data-end=""395"">Kids Matching Set</strong>, designed for both comfort and everyday style. Featuring fun, eye-catching prints and available in multiple colors, this set is perfect for kids who love playful and trendy outfits.</p>
<p data-start=""579"" data-end=""851"">Crafted from soft, premium-quality fabric, the top provides a cozy and breathable feel, while the matching pants offer a relaxed fit for all-day comfort. Whether it’s playtime, casual outings, or lounging at home, this outfit keeps your little one comfortable and stylish.</p>
<p data-start=""853"" data-end=""956"">With its versatile design and vibrant color options, this matching set is a must-have for every season.</p>
<p data-start=""958"" data-end=""973"">✨ <strong data-start=""960"" data-end=""973"">Features:</strong></p>
<ul data-start=""974"" data-end=""1188"">
<li data-section-id=""xwdhyn"" data-start=""974"" data-end=""1024"">Soft and breathable fabric for maximum comfort</li>
<li data-section-id=""a2awt4"" data-start=""1025"" data-end=""1069"">Available in multiple colors &amp; prints 🎨</li>
<li data-section-id=""5w87hx"" data-start=""1070"" data-end=""1105"">Comfortable fit for active kids</li>
<li data-section-id=""1bktu6g"" data-start=""1106"" data-end=""1141"">Elastic waistband for easy wear</li>
<li data-section-id=""1k505dq"" data-start=""1142"" data-end=""1188"">Perfect for daily wear, outings &amp; playtime</li>
</ul>
<p data-start=""1190"" data-end=""1256"">Let your kids enjoy <strong data-start=""1210"" data-end=""1256"">comfort, style, and fun—all in one outfit!</strong></p>
<h4><strong><br></strong></h4>",BBG FASHION CLOTHING STORE,Apparel & Accessories > Clothing > Baby & Children's Clothing > Baby & Children's Outfits,Kids Pajama Set,Kids Pajama Set,true,Size,1 - 2 Years,,,,,,,,'10743033,0.5,,0,deny,manual,1499.00,,true,false,,,,,'10743033,https://cdn.shopify.com/s/files/1/0618/2368/0740/files/31_1448x_598003ab-bae3-4b19-8f46-53f68b906c66.webp?v=1776928207,1,"",false,,"Shop Kids Matching Set in multiple colors & fun prints. Soft, comfortable & stylish outfit for kids. Perfect for everyday wear in Pakistan. Order now!",,,,,,,,,,,,,,,,,,,,,magenta,casual; everyday,,,,,,,,long,,,,,,,,,,,https://cdn.shopify.com/s/files/1/0618/2368/0740/files/31_1448x_598003ab-bae3-4b19-8f46-53f68b906c66.webp?v=1776928207,g,,,true,,,active
kids-matching-set-can-we-be-heros-red,,,,,,,,,3 - 4 Years,,,,,,,,'10743034,0.5,,0,deny,manual,1499.00,,true,false,,,,,'10743034,https://cdn.shopify.com/s/files/1/0618/2368/0740/files/1-14_a0d1506c-c6e8-488c-b77f-312d85b640ab.webp?v=1776928248,2,"",,,,,,,,,,,,,,,,,,,,,,,,,,,,,,,,,,,,,,,,,,,,https://cdn.shopify.com/s/files/1/0618/2368/0740/files/31_1448x_598003ab-bae3-4b19-8f46-53f68b906c66.webp?v=1776928207,g,,,,,,
kids-matching-set-can-we-be-heros-red,,,,,,,,,5 - 6 Years,,,,,,,,'10743035,0.5,,0,deny,manual,1499.00,,true,false,,,,,'10743035,,,,,,,,,,,,,,,,,,,,,,,,,,,,,,,,,,,,,,,,,,,,,,,https://cdn.shopify.com/s/files/1/0618/2368/0740/files/31_1448x_598003ab-bae3-4b19-8f46-53f68b906c66.webp?v=1776928207,g,,,,,,
kids-matching-set-can-we-be-heros-red,,,,,,,,,7 - 8 Years,,,,,,,,'10743036,0.5,,0,deny,manual,1499.00,,true,false,,,,,'10743036,,,,,,,,,,,,,,,,,,,,,,,,,,,,,,,,,,,,,,,,,,,,,,,https://cdn.shopify.com/s/files/1/0618/2368/0740/files/31_1448x_598003ab-bae3-4b19-8f46-53f68b906c66.webp?v=1776928207,g,,,,,,
kids-matching-set-can-we-be-heros-red,,,,,,,,,9 - 10 Years,,,,,,,,'10743037,0.5,,0,deny,manual,1499.00,,true,false,,,,,'10743037,,,,,,,,,,,,,,,,,,,,,,,,,,,,,,,,,,,,,,,,,,,,,,,https://cdn.shopify.com/s/files/1/0618/2368/0740/files/31_1448x_598003ab-bae3-4b19-8f46-53f68b906c66.webp?v=1776928207,g,,,,,,
kids-matching-set-can-we-be-heros-red,,,,,,,,,11 - 12 Yeras,,,,,,,,'10743038,0.5,,0,deny,manual,1499.00,,true,false,,,,,'10743038,,,,,,,,,,,,,,,,,,,,,,,,,,,,,,,,,,,,,,,,,,,,,,,https://cdn.shopify.com/s/files/1/0618/2368/0740/files/31_1448x_598003ab-bae3-4b19-8f46-53f68b906c66.webp?v=1776928207,g,,,,,,
kids-matching-set-can-we-be-heros-red,,,,,,,,,13 - 14 Years,,,,,,,,'10743039,0.5,,0,deny,manual,1499.00,,true,false,,,,,'10743039,,,,,,,,,,,,,,,,,,,,,,,,,,,,,,,,,,,,,,,,,,,,,,,https://cdn.shopify.com/s/files/1/0618/2368/0740/files/31_1448x_598003ab-bae3-4b19-8f46-53f68b906c66.webp?v=1776928207,g,,,,,,
kids-matching-set-captain-america-brown,Kids Matching Set | Captain America - Brown,"<h4><strong>Kids Matching Set | Captain America - Brown<br><br></strong></h4>
<p data-start=""335"" data-end=""577"">Upgrade your child’s wardrobe with our <strong data-start=""374"" data-end=""395"">Kids Matching Set</strong>, designed for both comfort and everyday style. Featuring fun, eye-catching prints and available in multiple colors, this set is perfect for kids who love playful and trendy outfits.</p>
<p data-start=""579"" data-end=""851"">Crafted from soft, premium-quality fabric, the top provides a cozy and breathable feel, while the matching pants offer a relaxed fit for all-day comfort. Whether it’s playtime, casual outings, or lounging at home, this outfit keeps your little one comfortable and stylish.</p>
<p data-start=""853"" data-end=""956"">With its versatile design and vibrant color options, this matching set is a must-have for every season.</p>
<p data-start=""958"" data-end=""973"">✨ <strong data-start=""960"" data-end=""973"">Features:</strong></p>
<ul data-start=""974"" data-end=""1188"">
<li data-section-id=""xwdhyn"" data-start=""974"" data-end=""1024"">Soft and breathable fabric for maximum comfort</li>
<li data-section-id=""a2awt4"" data-start=""1025"" data-end=""1069"">Available in multiple colors &amp; prints 🎨</li>
<li data-section-id=""5w87hx"" data-start=""1070"" data-end=""1105"">Comfortable fit for active kids</li>
<li data-section-id=""1bktu6g"" data-start=""1106"" data-end=""1141"">Elastic waistband for easy wear</li>
<li data-section-id=""1k505dq"" data-start=""1142"" data-end=""1188"">Perfect for daily wear, outings &amp; playtime</li>
</ul>
<p data-start=""1190"" data-end=""1256"">Let your kids enjoy <strong data-start=""1210"" data-end=""1256"">comfort, style, and fun—all in one outfit!</strong></p>",BBG FASHION CLOTHING STORE,Apparel & Accessories > Clothing > Baby & Children's Clothing > Baby & Children's Outfits,Kids Pajama Set,Kids Pajama Set,true,size,1 - 2 Years,,,,,,,,'10743025,0.5,,0,deny,manual,1499.00,,true,false,,,,,'10743025,https://cdn.shopify.com/s/files/1/0618/2368/0740/files/2_1080x_a46a2c50-529f-44a1-8b77-ada1f34ac54c.webp?v=1776925317,1,"",false,,"Shop Kids Matching Set in multiple colors & fun prints. Soft, comfortable & stylish outfit for kids. Perfect for everyday wear in Pakistan. Order now!",,,,,,,,,,,,,,,,,,,,,brown-1,casual; everyday,,,,,,,,long,,,,,,,,,,,https://cdn.shopify.com/s/files/1/0618/2368/0740/files/2_1080x_a46a2c50-529f-44a1-8b77-ada1f34ac54c.webp?v=1776925317,g,,,true,,,active
kids-matching-set-captain-america-brown,,,,,,,,,3 - 4 Years,,,,,,,,'10743026,0.5,,0,deny,manual,1499.00,,true,false,,,,,'10743026,https://cdn.shopify.com/s/files/1/0618/2368/0740/files/1-14_1c9541d9-70d6-4aff-aa13-30226b6c08c0.webp?v=1776925340,2,"",,,,,,,,,,,,,,,,,,,,,,,,,,,,,,,,,,,,,,,,,,,,https://cdn.shopify.com/s/files/1/0618/2368/0740/files/2_1080x_a46a2c50-529f-44a1-8b77-ada1f34ac54c.webp?v=1776925317,g,,,,,,
kids-matching-set-captain-america-brown,,,,,,,,,5 - 6 Years,,,,,,,,'10743027,0.5,,0,deny,manual,1499.00,,true,false,,,,,'10743027,,,,,,,,,,,,,,,,,,,,,,,,,,,,,,,,,,,,,,,,,,,,,,,https://cdn.shopify.com/s/files/1/0618/2368/0740/files/2_1080x_a46a2c50-529f-44a1-8b77-ada1f34ac54c.webp?v=1776925317,g,,,,,,
kids-matching-set-captain-america-brown,,,,,,,,,7 - 8 Years,,,,,,,,'10743028,0.5,,0,deny,manual,1499.00,,true,false,,,,,'10743028,,,,,,,,,,,,,,,,,,,,,,,,,,,,,,,,,,,,,,,,,,,,,,,https://cdn.shopify.com/s/files/1/0618/2368/0740/files/2_1080x_a46a2c50-529f-44a1-8b77-ada1f34ac54c.webp?v=1776925317,g,,,,,,
kids-matching-set-captain-america-brown,,,,,,,,,9 - 10 Years,,,,,,,,'10743029,0.5,,0,deny,manual,1499.00,,true,false,,,,,'10743029,,,,,,,,,,,,,,,,,,,,,,,,,,,,,,,,,,,,,,,,,,,,,,,https://cdn.shopify.com/s/files/1/0618/2368/0740/files/2_1080x_a46a2c50-529f-44a1-8b77-ada1f34ac54c.webp?v=1776925317,g,,,,,,
kids-matching-set-captain-america-brown,,,,,,,,,11 - 12 Years,,,,,,,,'10743030,0.5,,-1,deny,manual,1499.00,,true,false,,,,,'10743030,,,,,,,,,,,,,,,,,,,,,,,,,,,,,,,,,,,,,,,,,,,,,,,https://cdn.shopify.com/s/files/1/0618/2368/0740/files/2_1080x_a46a2c50-529f-44a1-8b77-ada1f34ac54c.webp?v=1776925317,g,,,,,,
kids-matching-set-captain-america-brown,,,,,,,,,13 - 14 Years,,,,,,,,'10743031,0.5,,0,deny,manual,1499.00,,true,false,,,,,'10743031,,,,,,,,,,,,,,,,,,,,,,,,,,,,,,,,,,,,,,,,,,,,,,,https://cdn.shopify.com/s/files/1/0618/2368/0740/files/2_1080x_a46a2c50-529f-44a1-8b77-ada1f34ac54c.webp?v=1776925317,g,,,,,,
kids-matching-set-captain-america-yellow,Kids Matching Set | Captain America - Yellow,"<p><strong><span data-sheets-root=""1"">Kids Matching Set | Captain America - Yellow<br><br></span></strong></p>
<p data-start=""335"" data-end=""577"">Upgrade your child’s wardrobe with our <strong data-start=""374"" data-end=""395"">Kids Matching Set</strong>, designed for both comfort and everyday style. Featuring fun, eye-catching prints and available in multiple colors, this set is perfect for kids who love playful and trendy outfits.</p>
<p data-start=""579"" data-end=""851"">Crafted from soft, premium-quality fabric, the top provides a cozy and breathable feel, while the matching pants offer a relaxed fit for all-day comfort. Whether it’s playtime, casual outings, or lounging at home, this outfit keeps your little one comfortable and stylish.</p>
<p data-start=""853"" data-end=""956"">With its versatile design and vibrant color options, this matching set is a must-have for every season.</p>
<p data-start=""958"" data-end=""973"">✨ <strong data-start=""960"" data-end=""973"">Features:</strong></p>
<ul data-start=""974"" data-end=""1188"">
<li data-section-id=""xwdhyn"" data-start=""974"" data-end=""1024"">Soft and breathable fabric for maximum comfort</li>
<li data-section-id=""a2awt4"" data-start=""1025"" data-end=""1069"">Available in multiple colors &amp; prints 🎨</li>
<li data-section-id=""5w87hx"" data-start=""1070"" data-end=""1105"">Comfortable fit for active kids</li>
<li data-section-id=""1bktu6g"" data-start=""1106"" data-end=""1141"">Elastic waistband for easy wear</li>
<li data-section-id=""1k505dq"" data-start=""1142"" data-end=""1188"">Perfect for daily wear, outings &amp; playtime</li>
</ul>
<p data-start=""1190"" data-end=""1256"">Let your kids enjoy <strong data-start=""1210"" data-end=""1256"">comfort, style, and fun—all in one outfit!</strong></p>
<p><strong><span data-sheets-root=""1""><br><br></span></strong></p>
<p data-end=""459"" data-start=""244""><br></p>",BBG FASHION CLOTHING STORE,Apparel & Accessories > Clothing > Baby & Children's Clothing > Baby & Children's Outfits,Kids Pajama Set,Kids Pajama Set,true,Size,1 - 2 Years,,,,,,,,'10743019,0.5,shopify,123,deny,manual,1499.00,,true,false,,,,,'10743019,https://cdn.shopify.com/s/files/1/0618/2368/0740/files/1_1080x_7967109c-ccff-4d47-ae02-78d4afbc9422.webp?v=1776925354,1,"",false,,"Shop Kids Matching Set in multiple colors & fun prints. Soft, comfortable & stylish outfit for kids. Perfect for everyday wear in Pakistan. Order now!",,,,,,,,,,,,,,,,,,,,,yellow-1,casual; everyday,,,,,,,,long,,,,,,,,,,,https://cdn.shopify.com/s/files/1/0618/2368/0740/files/1_1080x_7967109c-ccff-4d47-ae02-78d4afbc9422.webp?v=1776925354,g,,,true,,,active
kids-matching-set-captain-america-yellow,,,,,,,,,3 - 4 Years,,,,,,,,'10743020,0.5,shopify,123,deny,manual,1499.00,,true,false,,,,,'10743020,https://cdn.shopify.com/s/files/1/0618/2368/0740/files/1-14_1c9541d9-70d6-4aff-aa13-30226b6c08c0.webp?v=1776925340,2,"",,,,,,,,,,,,,,,,,,,,,,,,,,,,,,,,,,,,,,,,,,,,https://cdn.shopify.com/s/files/1/0618/2368/0740/files/1_1080x_7967109c-ccff-4d47-ae02-78d4afbc9422.webp?v=1776925354,g,,,,,,
kids-matching-set-captain-america-yellow,,,,,,,,,5 - 6 Years,,,,,,,,'10743021,0.5,shopify,123,deny,manual,1499.00,,true,false,,,,,'10743021,,,,,,,,,,,,,,,,,,,,,,,,,,,,,,,,,,,,,,,,,,,,,,,https://cdn.shopify.com/s/files/1/0618/2368/0740/files/1_1080x_7967109c-ccff-4d47-ae02-78d4afbc9422.webp?v=1776925354,g,,,,,,
kids-matching-set-captain-america-yellow,,,,,,,,,7 - 8 Years,,,,,,,,'10743022,0.5,shopify,123,deny,manual,1499.00,,true,false,,,,,'10743022,,,,,,,,,,,,,,,,,,,,,,,,,,,,,,,,,,,,,,,,,,,,,,,https://cdn.shopify.com/s/files/1/0618/2368/0740/files/1_1080x_7967109c-ccff-4d47-ae02-78d4afbc9422.webp?v=1776925354,g,,,,,,
kids-matching-set-captain-america-yellow,,,,,,,,,9 - 10 Years,,,,,,,,'10743023,0.5,shopify,123,deny,manual,1499.00,,true,false,,,,,'10743023,,,,,,,,,,,,,,,,,,,,,,,,,,,,,,,,,,,,,,,,,,,,,,,https://cdn.shopify.com/s/files/1/0618/2368/0740/files/1_1080x_7967109c-ccff-4d47-ae02-78d4afbc9422.webp?v=1776925354,g,,,,,,
kids-matching-set-captain-america-yellow,,,,,,,,,11 - 12 Years,,,,,,,,'10743024,0.5,shopify,123,deny,manual,1499.00,,true,false,,,,,'10743024,,,,,,,,,,,,,,,,,,,,,,,,,,,,,,,,,,,,,,,,,,,,,,,https://cdn.shopify.com/s/files/1/0618/2368/0740/files/1_1080x_7967109c-ccff-4d47-ae02-78d4afbc9422.webp?v=1776925354,g,,,,,,
kids-matching-set-captain-america-yellow,,,,,,,,,13 - 14 Years,,,,,,,,'10743032,0.5,shopify,123,deny,manual,1499.00,,true,false,,,,,'10743032,,,,,,,,,,,,,,,,,,,,,,,,,,,,,,,,,,,,,,,,,,,,,,,https://cdn.shopify.com/s/files/1/0618/2368/0740/files/1_1080x_7967109c-ccff-4d47-ae02-78d4afbc9422.webp?v=1776925354,g,,,,,,
kids-bunny-winter-sweat-shirt-set-white-brown,Kids Bunny Winter Sweat Shirt Set - White & Brown,"<h4>Kids Bunny Winter Sweat Shirt Set - White &amp; Brown</h4>
<p data-start=""98"" data-end=""431"">Make winter dressing fun and cozy with the<span>  <strong>Kids Bunny Winter Sweat Shirt Set - White &amp; Brown . </strong></span><strong> </strong>Designed with an adorable bunny print and vibrant color contrast, this outfit is perfect for playful days and comfy nights. The soft fleece fabric keeps your little one warm, while the relaxed fit allows easy movement for all-day comfort.</p>
<p data-start=""433"" data-end=""636"">The cute bow detail and charming cartoon design add a stylish touch, making it a must-have for both casual outings and home wear. Available in multiple colors, so you can pick your child’s favorite look!</p>
<p data-start=""638"" data-end=""657""><strong data-start=""638"" data-end=""655"">Key Features:</strong></p>
<ul data-start=""658"" data-end=""922"">
<li data-section-id=""pkq110"" data-start=""658"" data-end=""705"">
<p data-start=""660"" data-end=""705"">Soft, warm fleece fabric for winter comfort</p>
</li>
<li data-section-id=""1y2do34"" data-start=""706"" data-end=""751"">
<p data-start=""708"" data-end=""751"">Cute bunny cartoon design with bow detail</p>
</li>
<li data-section-id=""1b5mdta"" data-start=""752"" data-end=""791"">
<p data-start=""754"" data-end=""791"">Elastic waistband for a perfect fit</p>
</li>
<li data-section-id=""1sxg80n"" data-start=""792"" data-end=""830"">
<p data-start=""794"" data-end=""830"">Durable and kid-friendly stitching</p>
</li>
<li data-section-id=""1oulrjb"" data-start=""831"" data-end=""878"">
<p data-start=""833"" data-end=""878"">Ideal for daily wear, outings, and lounging</p>
</li>
<li data-section-id=""acd1dj"" data-start=""879"" data-end=""922"">
<p data-start=""881"" data-end=""922"">Available in multiple attractive colors</p>
</li>
</ul>
<h4><br></h4>",BBG FASHION CLOTHING STORE,Apparel & Accessories > Clothing > Baby & Toddler Clothing,Kids Sweatshirt & Pant,"Kids Winter Collection, kidssweatshirtandpant",true,Size,1-2-years,product.metafields.shopify.size,,,,,,,'10743013,500.0,,99,deny,manual,1699.00,,true,false,,,,,'10743013,https://cdn.shopify.com/s/files/1/0618/2368/0740/files/ChatGPT_Image_Apr_22_2026_06_43_08_PM_1.png?v=1776925442,1,"",false,,"Shop Kids Bunny Winter Sweat Shirt Set - White & Brown .  Soft fleece, cute cartoon design, and comfy fit—perfect winter outfit for kids. Available in multiple colors.",,,,,,,,,,,,,,,,,,,,,,,,,,,,,,,1-2-years; 3-4-years; 5-6-years; 7-8-years; 9-10-years; 11-12-years,,,,,,,,,,,g,,,true,,,active
kids-bunny-winter-sweat-shirt-set-white-brown,,,,,,,,,3-4-years,,,,,,,,'10743014,500.0,,99,deny,manual,1699.00,,true,false,,,,,'10743014,https://cdn.shopify.com/s/files/1/0618/2368/0740/files/BBg_Kids_Size_chart_2b336c6e-f810-47dc-bc9a-69fea9e3b06b.webp?v=1767096499,2,Yellow White Bunny Kids Sweatshirt Pant size chart - measurements guide,,,,,,,,,,,,,,,,,,,,,,,,,,,,,,,,,,,,,,,,,,,,,g,,,,,,
kids-bunny-winter-sweat-shirt-set-white-brown,,,,,,,,,5-6-years,,,,,,,,'10743015,500.0,,99,deny,manual,1699.00,,true,false,,,,,'10743015,,,,,,,,,,,,,,,,,,,,,,,,,,,,,,,,,,,,,,,,,,,,,,,,g,,,,,,
kids-bunny-winter-sweat-shirt-set-white-brown,,,,,,,,,7-8-years,,,,,,,,'10743016,500.0,,99,deny,manual,1699.00,,true,false,,,,,'10743016,,,,,,,,,,,,,,,,,,,,,,,,,,,,,,,,,,,,,,,,,,,,,,,,g,,,,,,
kids-bunny-winter-sweat-shirt-set-white-brown,,,,,,,,,9-10-years,,,,,,,,'10743017,500.0,,99,deny,manual,1699.00,,true,false,,,,,'10743017,,,,,,,,,,,,,,,,,,,,,,,,,,,,,,,,,,,,,,,,,,,,,,,,g,,,,,,
kids-bunny-winter-sweat-shirt-set-white-brown,,,,,,,,,11-12-years,,,,,,,,'10743018,500.0,,99,deny,manual,1699.00,,true,false,,,,,'10743018,,,,,,,,,,,,,,,,,,,,,,,,,,,,,,,,,,,,,,,,,,,,,,,,g,,,,,,
kids-bunny-winter-sweat-shirt-set-yellow-white,Kids Bunny Winter Sweat Shirt Set - Yellow & White,"<h4>Kids Bunny Winter Sweat Shirt Set - Yellow &amp; White</h4>
<p data-start=""98"" data-end=""431"">Make winter dressing fun and cozy with the<span> Kids Bunny <strong>Winter Sweat Shirt Set - Yellow &amp; White</strong></span><strong>. </strong>Designed with an adorable bunny print and vibrant color contrast, this outfit is perfect for playful days and comfy nights. The soft fleece fabric keeps your little one warm, while the relaxed fit allows easy movement for all-day comfort.</p>
<p data-start=""433"" data-end=""636"">The cute bow detail and charming cartoon design add a stylish touch, making it a must-have for both casual outings and home wear. Available in multiple colors, so you can pick your child’s favorite look!</p>
<p data-start=""638"" data-end=""657""><strong data-start=""638"" data-end=""655"">Key Features:</strong></p>
<ul data-start=""658"" data-end=""922"">
<li data-section-id=""pkq110"" data-start=""658"" data-end=""705"">
<p data-start=""660"" data-end=""705"">Soft, warm fleece fabric for winter comfort</p>
</li>
<li data-section-id=""1y2do34"" data-start=""706"" data-end=""751"">
<p data-start=""708"" data-end=""751"">Cute bunny cartoon design with bow detail</p>
</li>
<li data-section-id=""1b5mdta"" data-start=""752"" data-end=""791"">
<p data-start=""754"" data-end=""791"">Elastic waistband for a perfect fit</p>
</li>
<li data-section-id=""1sxg80n"" data-start=""792"" data-end=""830"">
<p data-start=""794"" data-end=""830"">Durable and kid-friendly stitching</p>
</li>
<li data-section-id=""1oulrjb"" data-start=""831"" data-end=""878"">
<p data-start=""833"" data-end=""878"">Ideal for daily wear, outings, and lounging</p>
</li>
<li data-section-id=""acd1dj"" data-start=""879"" data-end=""922"">
<p data-start=""881"" data-end=""922"">Available in multiple attractive colors</p>
</li>
</ul>
<h4></h4>",BBG FASHION CLOTHING STORE,Apparel & Accessories > Clothing > Baby & Toddler Clothing,Kids Sweatshirt & Pant,"Kids Winter Collection, kidssweatshirtandpant",true,Size,1-2-years,product.metafields.shopify.size,,,,,,,'10743007,500.0,,99,deny,manual,1699.00,,true,false,,,,,'10743007,https://cdn.shopify.com/s/files/1/0618/2368/0740/files/ChatGPT_Image_Apr_23_2026_11_15_56_AM.png?v=1776925062,1,"",false,,"Shop Kids Bunny Winter Sweat Shirt Set - Yellow & White .  Soft fleece, cute cartoon design, and comfy fit—perfect winter outfit for kids. Available in multiple colors.",,,,,,,,,,,,,,,,,,,,,,,,,,,,,,,1-2-years; 3-4-years; 5-6-years; 7-8-years; 9-10-years; 11-12-years,,,,,,,,,,,g,,,true,,,active
