Handle,Title,Body (HTML),Vendor,Product Category,Type,Tags,Published,Option1 Name,Option1 Value,Option1 Linked To,Option2 Name,Option2 Value,Option2 Linked To,Option3 Name,Option3 Value,Option3 Linked To,Variant SKU,Variant Grams,Variant Inventory Tracker,Variant Inventory Qty,Variant Inventory Policy,Variant Fulfillment Service,Variant Price,Variant Compare At Price,Variant Requires Shipping,Variant Taxable,Unit Price Total Measure,Unit Price Total Measure Unit,Unit Price Base Measure,Unit Price Base Measure Unit,Variant Barcode,Image Src,Image Position,Image Alt Text,Gift Card,SEO Title,SEO Description,Google Shopping / Google Product Category,Google Shopping / Gender,Google Shopping / Age Group,Google Shopping / MPN,Google Shopping / Condition,Google Shopping / Custom Product,Google Shopping / Custom Label 0,Google Shopping / Custom Label 1,Google Shopping / Custom Label 2,Google Shopping / Custom Label 3,Google Shopping / Custom Label 4,Google: Custom Product (product.metafields.mm-google-shopping.custom_product),Product rating count (product.metafields.reviews.rating_count),Activewear clothing features (product.metafields.shopify.activewear-clothing-features),Activity (product.metafields.shopify.activity),Age group (product.metafields.shopify.age-group),Baby/Toddler clothing features (product.metafields.shopify.baby-toddler-clothing-features),Baby/Toddler sleepwear style (product.metafields.shopify.baby-toddler-sleepwear-style),Care instructions (product.metafields.shopify.care-instructions),Clothing features (product.metafields.shopify.clothing-features),Color (product.metafields.shopify.color-pattern),Dress occasion (product.metafields.shopify.dress-occasion),Dress style (product.metafields.shopify.dress-style),Fabric (product.metafields.shopify.fabric),Fit (product.metafields.shopify.fit),Intimate apparel features (product.metafields.shopify.intimate-apparel-features),Neckline (product.metafields.shopify.neckline),One-piece style (product.metafields.shopify.one-piece-style),Outerwear clothing features (product.metafields.shopify.outerwear-clothing-features),Pants length type (product.metafields.shopify.pants-length-type),Size (product.metafields.shopify.size),Skirt/Dress length type (product.metafields.shopify.skirt-dress-length-type),Sleeve length type (product.metafields.shopify.sleeve-length-type),Target gender (product.metafields.shopify.target-gender),Top length type (product.metafields.shopify.top-length-type),Waist rise (product.metafields.shopify.waist-rise),Complementary products (product.metafields.shopify--discovery--product_recommendation.complementary_products),Related products (product.metafields.shopify--discovery--product_recommendation.related_products),Related products settings (product.metafields.shopify--discovery--product_recommendation.related_products_display),Search product boosts (product.metafields.shopify--discovery--product_search_boost.queries),Variant Image,Variant Weight Unit,Variant Tax Code,Cost per item,Included / Pakistan,Price / Pakistan,Compare At Price / Pakistan,Status
kids-summer-pack-1,,,,,,,,,6 Years,,,6 Years,,,,,'10706887,0.0,shopify,90,deny,manual,2098.00,,true,true,,,,,'10706887,,,,,,,,,,,,,,,,,,,,,,,,,,,,,,,,,,,,,,,,,,,,,,,,g,,,,,,
numbers-snug-pajama-set-copy,Numbers Snug Kids Pajama Set,"<h4>Numbers Snug Kids Pajama Set</h4>
<p>Cozy up in our Number Print Pajama Set! Made with a soft and stretchy knitted fabric, this 2-piece set features a round neckline, regular sleeves, and a cute cartoon and letter pattern. Perfect for Spring/ This set is ideal for Spring/Fall temperatures, is machine washable, and requires minimal maintenance. Embrace the cuteness and comfy style!</p>
<!---->",BBG FASHION CLOTHING STORE,Apparel & Accessories > Clothing > Baby & Toddler Clothing > Baby & Toddler Outfits,Kids Pajama Set,Kids Pajama Set,true,Size,1-2-years,product.metafields.shopify.size,,,,,,,'10713742,0.4,shopify,199,deny,manual,999.00,,true,false,,,,,'10713742,https://cdn.shopify.com/s/files/1/0618/2368/0740/files/4_38.jpg?v=1773055248,1,Numbers Snug Pajama Set Copy - front view - unisex wear Pakistan,false,,"Bright and playful kids’ outfit featuring a colorful number print t-shirt with matching shorts. Made from soft, breathable fabric for all-day comfort—perfect for casual wear, playtime, and summer outings.",,,,,,,,,,,,,,,,,breathable-design; easy-to-use-buttons-snaps,,,,multicolor; tie-dye,,,soft-cotton-jersey,,,,,,,1-2-years; 3-4-years; 5-6-years; 7-8-years; 9-10-years; 11-12-years,,,unisex,,,,,,,https://cdn.shopify.com/s/files/1/0618/2368/0740/files/4_38.jpg?v=1773055248,g,,,true,,,active
numbers-snug-pajama-set-copy,,,,,,,,,3-4-years,,,,,,,,'10713743,0.4,shopify,188,deny,manual,999.00,,true,false,,,,,'10713743,https://cdn.shopify.com/s/files/1/0618/2368/0740/files/1_39.jpg?v=1773055311,2,Numbers Snug Pajama Set Copy - back view - unisex wear Pakistan,,,,,,,,,,,,,,,,,,,,,,,,,,,,,,,,,,,,,,,,,,,,https://cdn.shopify.com/s/files/1/0618/2368/0740/files/4_38.jpg?v=1773055248,g,,,,,,
numbers-snug-pajama-set-copy,,,,,,,,,5-6-years,,,,,,,,'10713744,0.4,,-17,deny,manual,999.00,,true,false,,,,,'10713744,https://cdn.shopify.com/s/files/1/0618/2368/0740/files/2_41.jpg?v=1773055310,3,Numbers Snug Pajama Set Copy - side view - unisex wear Pakistan,,,,,,,,,,,,,,,,,,,,,,,,,,,,,,,,,,,,,,,,,,,,https://cdn.shopify.com/s/files/1/0618/2368/0740/files/4_38.jpg?v=1773055248,g,,,,,,
numbers-snug-pajama-set-copy,,,,,,,,,7-8-years,,,,,,,,'10713745,0.4,,-8,deny,manual,999.00,,true,false,,,,,'10713745,https://cdn.shopify.com/s/files/1/0618/2368/0740/files/3_40.jpg?v=1773055310,4,Numbers Snug Pajama Set Copy - detail shot - unisex wear Pakistan,,,,,,,,,,,,,,,,,,,,,,,,,,,,,,,,,,,,,,,,,,,,https://cdn.shopify.com/s/files/1/0618/2368/0740/files/4_38.jpg?v=1773055248,g,,,,,,
numbers-snug-pajama-set-copy,,,,,,,,,9-10-years,,,,,,,,'10713746,0.4,,-7,deny,manual,999.00,,true,false,,,,,'10713746,https://cdn.shopify.com/s/files/1/0618/2368/0740/files/5_41.jpg?v=1773055311,5,Numbers Snug Pajama Set Copy - front view - unisex wear Pakistan,,,,,,,,,,,,,,,,,,,,,,,,,,,,,,,,,,,,,,,,,,,,https://cdn.shopify.com/s/files/1/0618/2368/0740/files/4_38.jpg?v=1773055248,g,,,,,,
numbers-snug-pajama-set-copy,,,,,,,,,11-12-years,,,,,,,,'10713747,0.4,,-3,deny,manual,999.00,,true,false,,,,,'10713747,https://cdn.shopify.com/s/files/1/0618/2368/0740/files/imgi_20_imgi_80_BBg_Kids_Size_chart_1080x_1_1080x_540x_17e8be58-f128-4fe1-a532-e7d89a58b51e.webp?v=1774369747,6,Yellow Police Car Pajama Set size chart - measurements guide,,,,,,,,,,,,,,,,,,,,,,,,,,,,,,,,,,,,,,,,,,,,https://cdn.shopify.com/s/files/1/0618/2368/0740/files/4_38.jpg?v=1773055248,g,,,,,,
galaxy-print-pajama-set,Galaxy Print Kids Pajama Set,"<p data-start=""222"" data-end=""450"">Let your little adventurer explore the universe in style with the <em data-start=""288"" data-end=""320"">Space Explorer Kids Co-Ord Set</em>. Featuring a playful all-over print of planets, rockets, and stars, this outfit is perfect for kids who love space and adventure.</p>
<p data-start=""452"" data-end=""701"">Made from soft and breathable fabric, this co-ord set keeps your child comfortable all day long—whether it’s playtime, casual outings, or relaxing at home. The lightweight design and relaxed fit ensure easy movement, making it ideal for active kids.</p>
<p data-start=""703"" data-end=""790"">Fun, stylish, and super comfy—this is a must-have for every little explorer’s wardrobe.</p>
<p data-start=""792"" data-end=""811""><strong data-start=""792"" data-end=""809"">Key Features:</strong></p>
<ul data-start=""812"" data-end=""1026"">
<li data-section-id=""15vdfkq"" data-start=""812"" data-end=""860"">Soft &amp; breathable fabric for all-day comfort</li>
<li data-section-id=""1w2x5qq"" data-start=""861"" data-end=""914"">Fun space-themed print (planets, rockets &amp; stars)</li>
<li data-section-id=""11vxdih"" data-start=""915"" data-end=""947"">Lightweight and easy to wear</li>
<li data-section-id=""1yo5ocy"" data-start=""948"" data-end=""979"">Relaxed fit for active kids</li>
<li data-section-id=""6uhnvi"" data-start=""980"" data-end=""1026"">Perfect for daily wear, playtime &amp; outings</li>
</ul>
<!---->",BBG FASHION CLOTHING STORE,Apparel & Accessories > Clothing > Baby & Toddler Clothing > Baby & Toddler Outfits,Kids Pajama Set,Kids Pajama Set,true,Size,1-2-years,product.metafields.shopify.size,,,,,,,'10713736,0.4,,-5,deny,manual,999.00,,true,false,,,,,'10713736,https://cdn.shopify.com/s/files/1/0618/2368/0740/files/4_73.webp?v=1772880569,1,Galaxy Print Pajama Set - front view - unisex wear Pakistan,false,,"Shop the Space Explorer Kids White Co-Ord Set with fun space prints. Comfortable, lightweight, and perfect for everyday wear and playtime.",,,,,,,,,,,,,,,,,,,,,multicolor,,,soft-cotton-jersey,,,,,,,1-2-years; 3-4-years; 5-6-years; 7-8-years; 9-10-years; 11-12-years; 13-14-years,,,unisex,,,,,,,https://cdn.shopify.com/s/files/1/0618/2368/0740/files/4_73.webp?v=1772880569,g,,,true,,,active
galaxy-print-pajama-set,,,,,,,,,3-4-years,,,,,,,,'10713737,0.4,,-8,deny,manual,999.00,,true,false,,,,,'10713737,https://cdn.shopify.com/s/files/1/0618/2368/0740/files/1_73.webp?v=1772880584,2,Galaxy Print Pajama Set - back view - unisex wear Pakistan,,,,,,,,,,,,,,,,,,,,,,,,,,,,,,,,,,,,,,,,,,,,https://cdn.shopify.com/s/files/1/0618/2368/0740/files/4_73.webp?v=1772880569,g,,,,,,
galaxy-print-pajama-set,,,,,,,,,5-6-years,,,,,,,,'10713738,0.4,,-6,deny,manual,999.00,,true,false,,,,,'10713738,https://cdn.shopify.com/s/files/1/0618/2368/0740/files/2_74.webp?v=1772880584,3,Galaxy Print Pajama Set - side view - unisex wear Pakistan,,,,,,,,,,,,,,,,,,,,,,,,,,,,,,,,,,,,,,,,,,,,https://cdn.shopify.com/s/files/1/0618/2368/0740/files/4_73.webp?v=1772880569,g,,,,,,
galaxy-print-pajama-set,,,,,,,,,7-8-years,,,,,,,,'10713739,0.4,,-2,deny,manual,999.00,,true,false,,,,,'10713739,https://cdn.shopify.com/s/files/1/0618/2368/0740/files/3_77.webp?v=1772880584,4,Galaxy Print Pajama Set - detail shot - unisex wear Pakistan,,,,,,,,,,,,,,,,,,,,,,,,,,,,,,,,,,,,,,,,,,,,https://cdn.shopify.com/s/files/1/0618/2368/0740/files/4_73.webp?v=1772880569,g,,,,,,
galaxy-print-pajama-set,,,,,,,,,9-10-years,,,,,,,,'10713740,0.4,,-5,deny,manual,999.00,,true,false,,,,,'10713740,https://cdn.shopify.com/s/files/1/0618/2368/0740/files/5_74.webp?v=1772880584,5,Galaxy Print Pajama Set - front view - unisex wear Pakistan,,,,,,,,,,,,,,,,,,,,,,,,,,,,,,,,,,,,,,,,,,,,https://cdn.shopify.com/s/files/1/0618/2368/0740/files/4_73.webp?v=1772880569,g,,,,,,
galaxy-print-pajama-set,,,,,,,,,11-12-years,,,,,,,,'10713741,0.4,,-3,deny,manual,999.00,,true,false,,,,,'10713741,https://cdn.shopify.com/s/files/1/0618/2368/0740/files/imgi_20_imgi_80_BBg_Kids_Size_chart_1080x_1_1080x_540x_17e8be58-f128-4fe1-a532-e7d89a58b51e.webp?v=1774369747,6,Yellow Police Car Pajama Set size chart - measurements guide,,,,,,,,,,,,,,,,,,,,,,,,,,,,,,,,,,,,,,,,,,,,https://cdn.shopify.com/s/files/1/0618/2368/0740/files/4_73.webp?v=1772880569,g,,,,,,
cartoon-graphic-pajama-set-1,Cartoon Graphic Kids Pajama Set,"<h4>Cartoon Graphic Kids Pajamas Set</h4>
<p>Cozy up in our Cartoon Graphic Pajama Set! Made with a soft and stretchy knitted fabric, this 2-piece set features a round neckline, regular sleeves, and a cute cartoon and letter pattern. Perfect for Spring/ Fall temperatures, machine washable, and easy to care for. Embrace the cuteness and comfy style!</p>
<!---->",BBG FASHION CLOTHING STORE,Apparel & Accessories > Clothing > Baby & Toddler Clothing > Baby & Toddler Outfits,Kids Pajama Set,Kids Pajama Set,true,Size,1-2-years,product.metafields.shopify.size,,,,,,,'10713730,0.4,,-2,deny,manual,999.00,,true,false,,,,,'10713730,https://cdn.shopify.com/s/files/1/0618/2368/0740/files/5_60.webp?v=1772133777,1,Cartoon Graphic Pajama Set 1 - front view - unisex wear Pakistan,false,,"Stylish kids’ co-ord set featuring a trendy monochrome cartoon print t-shirt and matching pants. Crafted from soft, breathable fabric for maximum comfort—perfect for everyday wear, playtime, and casual outings.",,,,,,,,,,,,,,,,,,,,,multicolor,,,soft-cotton-jersey,,,,,,,1-2-years; 3-4-years; 5-6-years; 7-8-years; 9-10-years; 11-12-years; 13-14-years,,,unisex,,,,,,,https://cdn.shopify.com/s/files/1/0618/2368/0740/files/5_60.webp?v=1772133777,g,,,true,,,active
cartoon-graphic-pajama-set-1,,,,,,,,,3-4-years,,,,,,,,'10713731,0.4,,-6,deny,manual,999.00,,true,false,,,,,'10713731,https://cdn.shopify.com/s/files/1/0618/2368/0740/files/1_59.webp?v=1772133806,2,Cartoon Graphic Pajama Set 1 - back view - unisex wear Pakistan,,,,,,,,,,,,,,,,,,,,,,,,,,,,,,,,,,,,,,,,,,,,https://cdn.shopify.com/s/files/1/0618/2368/0740/files/5_60.webp?v=1772133777,g,,,,,,
cartoon-graphic-pajama-set-1,,,,,,,,,5-6-years,,,,,,,,'10713732,0.4,,-3,deny,manual,999.00,,true,false,,,,,'10713732,https://cdn.shopify.com/s/files/1/0618/2368/0740/files/2_60.webp?v=1772133806,3,Cartoon Graphic Pajama Set 1 - side view - unisex wear Pakistan,,,,,,,,,,,,,,,,,,,,,,,,,,,,,,,,,,,,,,,,,,,,https://cdn.shopify.com/s/files/1/0618/2368/0740/files/5_60.webp?v=1772133777,g,,,,,,
cartoon-graphic-pajama-set-1,,,,,,,,,7-8-years,,,,,,,,'10713733,0.4,,-1,deny,manual,999.00,,true,false,,,,,'10713733,https://cdn.shopify.com/s/files/1/0618/2368/0740/files/3_63.webp?v=1772133806,4,Cartoon Graphic Pajama Set 1 - detail shot - unisex wear Pakistan,,,,,,,,,,,,,,,,,,,,,,,,,,,,,,,,,,,,,,,,,,,,https://cdn.shopify.com/s/files/1/0618/2368/0740/files/5_60.webp?v=1772133777,g,,,,,,
cartoon-graphic-pajama-set-1,,,,,,,,,9-10-years,,,,,,,,'10713734,0.4,,-1,deny,manual,999.00,,true,false,,,,,'10713734,https://cdn.shopify.com/s/files/1/0618/2368/0740/files/4_59.webp?v=1772133806,5,Cartoon Graphic Pajama Set 1 - front view - unisex wear Pakistan,,,,,,,,,,,,,,,,,,,,,,,,,,,,,,,,,,,,,,,,,,,,https://cdn.shopify.com/s/files/1/0618/2368/0740/files/5_60.webp?v=1772133777,g,,,,,,
cartoon-graphic-pajama-set-1,,,,,,,,,11-12-years,,,,,,,,'10713735,0.4,,0,deny,manual,999.00,,true,false,,,,,'10713735,https://cdn.shopify.com/s/files/1/0618/2368/0740/files/bbg_ecade065-9976-40f2-98be-8f438fa2c994.png?v=1775914545,6,We Can Be Heroes Matching Set T Shirt And Pants - detail shot - unisex wear Pakistan,,,,,,,,,,,,,,,,,,,,,,,,,,,,,,,,,,,,,,,,,,,,https://cdn.shopify.com/s/files/1/0618/2368/0740/files/5_60.webp?v=1772133777,g,,,,,,
cartoon-graphic-pajama-set-1,,,,,,,,,13-14-years,,,,,,,,'10706884,0.4,,-3,deny,manual,999.00,,true,false,,,,,'10706884,,,,,,,,,,,,,,,,,,,,,,,,,,,,,,,,,,,,,,,,,,,,,,,https://cdn.shopify.com/s/files/1/0618/2368/0740/files/5_60.webp?v=1772133777,g,,,,,,
cartoon-graphic-pajama-set,Pop Art Print Pajama Set,"<h4>Pop Art Print Pajama Set</h4>
<p>Cozy up in our Cartoon Graphic Pajama Set! Made with a soft and stretchy knitted fabric, this 2-piece set features a round neckline, regular sleeves, and a cute cartoon and letter pattern. Perfect for Spring/ Fall temperatures, machine washable, and easy to care for. Embrace the cuteness and comfy style!</p>
<!---->",BBG FASHION CLOTHING STORE,Apparel & Accessories > Clothing > Baby & Toddler Clothing > Baby & Toddler Outfits,Kids Pajama Set,Kids Pajama Set,true,Size,1-2-years,product.metafields.shopify.size,,,,,,,'10713724,0.4,,-3,deny,manual,999.00,,true,false,,,,,'10713724,https://cdn.shopify.com/s/files/1/0618/2368/0740/files/4_74.webp?v=1772881618,1,Cartoon Graphic Pajama Set - front view - unisex wear Pakistan,false,,,,,,,,,,,,,,,,,,,breathable-design,,,,multicolor; tie-dye,,,soft-cotton-jersey,,,,,,,1-2-years; 3-4-years; 5-6-years; 7-8-years; 9-10-years; 11-12-years; 13-14-years,,,unisex,,,,,,,https://cdn.shopify.com/s/files/1/0618/2368/0740/files/4_74.webp?v=1772881618,g,,,true,,,active
cartoon-graphic-pajama-set,,,,,,,,,3-4-years,,,,,,,,'10713725,0.4,,-7,deny,manual,999.00,,true,false,,,,,'10713725,https://cdn.shopify.com/s/files/1/0618/2368/0740/files/1_75.webp?v=1772881636,2,Cartoon Graphic Pajama Set - back view - unisex wear Pakistan,,,,,,,,,,,,,,,,,,,,,,,,,,,,,,,,,,,,,,,,,,,,https://cdn.shopify.com/s/files/1/0618/2368/0740/files/4_74.webp?v=1772881618,g,,,,,,
cartoon-graphic-pajama-set,,,,,,,,,5-6-years,,,,,,,,'10713726,0.4,,-6,deny,manual,999.00,,true,false,,,,,'10713726,https://cdn.shopify.com/s/files/1/0618/2368/0740/files/2_75.webp?v=1772881636,3,Cartoon Graphic Pajama Set - side view - unisex wear Pakistan,,,,,,,,,,,,,,,,,,,,,,,,,,,,,,,,,,,,,,,,,,,,https://cdn.shopify.com/s/files/1/0618/2368/0740/files/4_74.webp?v=1772881618,g,,,,,,
cartoon-graphic-pajama-set,,,,,,,,,7-8-years,,,,,,,,'10713727,0.4,,-9,deny,manual,999.00,,true,false,,,,,'10713727,https://cdn.shopify.com/s/files/1/0618/2368/0740/files/3_78.webp?v=1772881636,4,Cartoon Graphic Pajama Set - detail shot - unisex wear Pakistan,,,,,,,,,,,,,,,,,,,,,,,,,,,,,,,,,,,,,,,,,,,,https://cdn.shopify.com/s/files/1/0618/2368/0740/files/4_74.webp?v=1772881618,g,,,,,,
cartoon-graphic-pajama-set,,,,,,,,,9-10-years,,,,,,,,'10713728,0.4,,-3,deny,manual,999.00,,true,false,,,,,'10713728,https://cdn.shopify.com/s/files/1/0618/2368/0740/files/5_75.webp?v=1772881648,5,Cartoon Graphic Pajama Set - front view - unisex wear Pakistan,,,,,,,,,,,,,,,,,,,,,,,,,,,,,,,,,,,,,,,,,,,,https://cdn.shopify.com/s/files/1/0618/2368/0740/files/4_74.webp?v=1772881618,g,,,,,,
cartoon-graphic-pajama-set,,,,,,,,,11-12-years,,,,,,,,'10713729,0.4,,-9,deny,manual,999.00,,true,false,,,,,'10713729,https://cdn.shopify.com/s/files/1/0618/2368/0740/files/imgi_20_imgi_80_BBg_Kids_Size_chart_1080x_1_1080x_540x_17e8be58-f128-4fe1-a532-e7d89a58b51e.webp?v=1774369747,6,Yellow Police Car Pajama Set size chart - measurements guide,,,,,,,,,,,,,,,,,,,,,,,,,,,,,,,,,,,,,,,,,,,,https://cdn.shopify.com/s/files/1/0618/2368/0740/files/4_74.webp?v=1772881618,g,,,,,,
cartoon-graphic-pajama-set,,,,,,,,,13-14-years,,,,,,,,'10706883,0.4,,-6,deny,manual,999.00,,true,false,,,,,'10706883,,,,,,,,,,,,,,,,,,,,,,,,,,,,,,,,,,,,,,,,,,,,,,,https://cdn.shopify.com/s/files/1/0618/2368/0740/files/4_74.webp?v=1772881618,g,,,,,,
marvel-kids-t-shirt-copy-1,TEDDY BEAR SKATEBOARD KIDS T SHIRT,"<h4>TEDDY BEAR SKATEBOARD KIDS T SHIRT</h4>
<div>Fabric: Soft High-Quality Jersey</div>
<div>Short Sleeve T-Shirt</div>
<div>Round Neck</div>
<div>High Quality DTF Printed </div>
<div>Soft and Comfortable Wear</div>
<div>Easy Wash &amp; Press</div>
<div>Sizes 1-12 years </div>
<div><span>Disclaimer: Colors may vary slightly due to studio lights. </span></div>",BBG FASHION,Apparel & Accessories > Clothing > Clothing Tops > T-Shirts,kids T-Shirts,kids T-Shirts,false,Size,1-2 yrs,,Color,Orange,,,,,'10713627,200.0,shopify,24786,continue,manual,799.00,0.00,true,false,,,,,'10713627,https://cdn.shopify.com/s/files/1/0618/2368/0740/files/30_7962c4c5-66d0-4761-a455-a2681eaf4994.png?v=1719669377,1,Marvel Kids T Shirt Copy 1 - front view - kids wear Pakistan,false,,,212,,,,,,,,,,,,,,,,,,,,,,,,,,,,,,,,,,,,,,,,https://cdn.shopify.com/s/files/1/0618/2368/0740/files/30_7962c4c5-66d0-4761-a455-a2681eaf4994.png?v=1719669377,kg,,,true,,,draft
marvel-kids-t-shirt-copy-1,,,,,,,,,1-2 yrs,,,Yellow,,,,,'10713628,200.0,shopify,24786,continue,manual,799.00,0.00,true,true,,,,,'10713628,https://cdn.shopify.com/s/files/1/0618/2368/0740/files/bbg_52c11d4e-abc8-46fd-bf9e-e6c4bd11aaf9.png?v=1719669638,2,Unicorn T Shirt For Kids Copy - back view - kids wear Pakistan,,,,,,,,,,,,,,,,,,,,,,,,,,,,,,,,,,,,,,,,,,,,https://cdn.shopify.com/s/files/1/0618/2368/0740/files/20_33e1f52b-83e9-46be-95a3-3928e7faec53.png?v=1719671768,kg,,,,,,
marvel-kids-t-shirt-copy-1,,,,,,,,,1-2 yrs,,,Red,,,,,'10713629,200.0,shopify,24786,continue,manual,799.00,0.00,true,true,,,,,'10713629,https://cdn.shopify.com/s/files/1/0618/2368/0740/files/19_d11cbf7e-6c0b-4af3-8fb0-c652042ea013.png?v=1719671768,3,Marvel Kids T Shirt Copy 1 - side view - kids wear Pakistan,,,,,,,,,,,,,,,,,,,,,,,,,,,,,,,,,,,,,,,,,,,,https://cdn.shopify.com/s/files/1/0618/2368/0740/files/28_75dd3ac9-5188-4248-bd2d-0e774ba9940e.png?v=1719671768,kg,,,,,,
marvel-kids-t-shirt-copy-1,,,,,,,,,1-2 yrs,,,Grey,,,,,'10713630,200.0,shopify,24786,continue,manual,799.00,0.00,true,true,,,,,'10713630,https://cdn.shopify.com/s/files/1/0618/2368/0740/files/20_049a4973-39eb-44d2-8fac-dd1376bbeb61.png?v=1719671768,4,Marvel Kids T Shirt Copy 1 - detail shot - kids wear Pakistan,,,,,,,,,,,,,,,,,,,,,,,,,,,,,,,,,,,,,,,,,,,,https://cdn.shopify.com/s/files/1/0618/2368/0740/files/19_5fd538f0-1a64-4e08-b74c-2686194f1bee.png?v=1719671768,kg,,,,,,
marvel-kids-t-shirt-copy-1,,,,,,,,,1-2 yrs,,,Purple,,,,,'10713631,200.0,shopify,24786,continue,manual,799.00,0.00,true,true,,,,,'10713631,https://cdn.shopify.com/s/files/1/0618/2368/0740/files/21_ebaa023b-b662-41e5-945b-abffd4b5c199.png?v=1719671768,5,Marvel Kids T Shirt Copy 1 - front view - kids wear Pakistan,,,,,,,,,,,,,,,,,,,,,,,,,,,,,,,,,,,,,,,,,,,,https://cdn.shopify.com/s/files/1/0618/2368/0740/files/32_4b6577bc-68c3-4e13-bd16-0d27413779c1.png?v=1719671768,kg,,,,,,
marvel-kids-t-shirt-copy-1,,,,,,,,,1-2 yrs,,,Beige,,,,,'10713632,200.0,shopify,24786,continue,manual,799.00,0.00,true,true,,,,,'10713632,https://cdn.shopify.com/s/files/1/0618/2368/0740/files/22_2a1163c4-1565-45ca-a44e-a7ea0e6c6f7d.png?v=1719671768,6,Marvel Kids T Shirt Copy 1 - back view - kids wear Pakistan,,,,,,,,,,,,,,,,,,,,,,,,,,,,,,,,,,,,,,,,,,,,https://cdn.shopify.com/s/files/1/0618/2368/0740/files/25_81bb663e-f1ec-4ad8-b4e4-b0e51c035a7a.png?v=1719671768,kg,,,,,,
marvel-kids-t-shirt-copy-1,,,,,,,,,1-2 yrs,,,Light Blue,,,,,'10713633,200.0,shopify,24786,continue,manual,799.00,0.00,true,true,,,,,'10713633,https://cdn.shopify.com/s/files/1/0618/2368/0740/files/23_6a842292-cb09-4a1a-9cda-15f0cf672120.png?v=1719671768,7,Marvel Kids T Shirt Copy 1 - side view - kids wear Pakistan,,,,,,,,,,,,,,,,,,,,,,,,,,,,,,,,,,,,,,,,,,,,https://cdn.shopify.com/s/files/1/0618/2368/0740/files/21_ebaa023b-b662-41e5-945b-abffd4b5c199.png?v=1719671768,kg,,,,,,
marvel-kids-t-shirt-copy-1,,,,,,,,,1-2 yrs,,,Royal Blue,,,,,'10713634,200.0,shopify,24786,continue,manual,799.00,0.00,true,true,,,,,'10713634,https://cdn.shopify.com/s/files/1/0618/2368/0740/files/24_4de21291-5b7e-42c1-948f-2e35a6a5d441.png?v=1719671768,8,Marvel Kids T Shirt Copy 1 - detail shot - kids wear Pakistan,,,,,,,,,,,,,,,,,,,,,,,,,,,,,,,,,,,,,,,,,,,,https://cdn.shopify.com/s/files/1/0618/2368/0740/files/31_c14313d5-5599-46a1-8f9f-b26410968ab0.png?v=1719671768,kg,,,,,,
marvel-kids-t-shirt-copy-1,,,,,,,,,1-2 yrs,,,White,,,,,'10713635,200.0,shopify,24786,continue,manual,799.00,0.00,true,true,,,,,'10713635,https://cdn.shopify.com/s/files/1/0618/2368/0740/files/25_81bb663e-f1ec-4ad8-b4e4-b0e51c035a7a.png?v=1719671768,9,Marvel Kids T Shirt Copy 1 - front view - kids wear Pakistan,,,,,,,,,,,,,,,,,,,,,,,,,,,,,,,,,,,,,,,,,,,,https://cdn.shopify.com/s/files/1/0618/2368/0740/files/26_0ff58e06-0ba7-44bf-b3a2-d2cb1c93e89f.png?v=1719671768,kg,,,,,,
marvel-kids-t-shirt-copy-1,,,,,,,,,1-2 yrs,,,Pink,,,,,'10713636,200.0,shopify,24786,continue,manual,799.00,0.00,true,true,,,,,'10713636,https://cdn.shopify.com/s/files/1/0618/2368/0740/files/26_0ff58e06-0ba7-44bf-b3a2-d2cb1c93e89f.png?v=1719671768,10,Marvel Kids T Shirt Copy 1 - back view - kids wear Pakistan,,,,,,,,,,,,,,,,,,,,,,,,,,,,,,,,,,,,,,,,,,,,https://cdn.shopify.com/s/files/1/0618/2368/0740/files/29_aa5477f6-1414-41d1-9dbd-cdc9d578b857.png?v=1719671768,kg,,,,,,
marvel-kids-t-shirt-copy-1,,,,,,,,,1-2 yrs,,,Bottle green,,,,,'10713637,200.0,shopify,24786,continue,manual,799.00,0.00,true,true,,,,,'10713637,https://cdn.shopify.com/s/files/1/0618/2368/0740/files/27_a7f6509b-f255-4083-a951-586c6396f211.png?v=1719671768,11,Marvel Kids T Shirt Copy 1 - side view - kids wear Pakistan,,,,,,,,,,,,,,,,,,,,,,,,,,,,,,,,,,,,,,,,,,,,https://cdn.shopify.com/s/files/1/0618/2368/0740/files/23_6a842292-cb09-4a1a-9cda-15f0cf672120.png?v=1719671768,kg,,,,,,
marvel-kids-t-shirt-copy-1,,,,,,,,,1-2 yrs,,,Mahroon,,,,,'10713638,200.0,shopify,24786,continue,manual,799.00,0.00,true,true,,,,,'10713638,https://cdn.shopify.com/s/files/1/0618/2368/0740/files/28_75dd3ac9-5188-4248-bd2d-0e774ba9940e.png?v=1719671768,12,Marvel Kids T Shirt Copy 1 - detail shot - kids wear Pakistan,,,,,,,,,,,,,,,,,,,,,,,,,,,,,,,,,,,,,,,,,,,,https://cdn.shopify.com/s/files/1/0618/2368/0740/files/27_a7f6509b-f255-4083-a951-586c6396f211.png?v=1719671768,kg,,,,,,
marvel-kids-t-shirt-copy-1,,,,,,,,,1-2 yrs,,,Green,,,,,'10713639,200.0,shopify,24786,continue,manual,799.00,0.00,true,true,,,,,'10713639,https://cdn.shopify.com/s/files/1/0618/2368/0740/files/29_aa5477f6-1414-41d1-9dbd-cdc9d578b857.png?v=1719671768,13,Marvel Kids T Shirt Copy 1 - front view - kids wear Pakistan,,,,,,,,,,,,,,,,,,,,,,,,,,,,,,,,,,,,,,,,,,,,https://cdn.shopify.com/s/files/1/0618/2368/0740/files/24_4de21291-5b7e-42c1-948f-2e35a6a5d441.png?v=1719671768,kg,,,,,,
marvel-kids-t-shirt-copy-1,,,,,,,,,1-2 yrs,,,Navy Blue,,,,,'10713640,200.0,shopify,24786,continue,manual,799.00,0.00,true,true,,,,,'10713640,https://cdn.shopify.com/s/files/1/0618/2368/0740/files/31_c14313d5-5599-46a1-8f9f-b26410968ab0.png?v=1719671768,14,Marvel Kids T Shirt Copy 1 - back view - kids wear Pakistan,,,,,,,,,,,,,,,,,,,,,,,,,,,,,,,,,,,,,,,,,,,,https://cdn.shopify.com/s/files/1/0618/2368/0740/files/22_2a1163c4-1565-45ca-a44e-a7ea0e6c6f7d.png?v=1719671768,kg,,,,,,
marvel-kids-t-shirt-copy-1,,,,,,,,,3-4 yrs,,,Orange,,,,,'10713641,200.0,shopify,24786,continue,manual,799.00,0.00,true,true,,,,,'10713641,https://cdn.shopify.com/s/files/1/0618/2368/0740/files/32_4b6577bc-68c3-4e13-bd16-0d27413779c1.png?v=1719671768,15,Marvel Kids T Shirt Copy 1 - side view - kids wear Pakistan,,,,,,,,,,,,,,,,,,,,,,,,,,,,,,,,,,,,,,,,,,,,https://cdn.shopify.com/s/files/1/0618/2368/0740/files/30_7962c4c5-66d0-4761-a455-a2681eaf4994.png?v=1719669377,kg,,,,,,
marvel-kids-t-shirt-copy-1,,,,,,,,,3-4 yrs,,,Yellow,,,,,'10713642,200.0,shopify,24786,continue,manual,799.00,0.00,true,true,,,,,'10713642,https://cdn.shopify.com/s/files/1/0618/2368/0740/files/20_33e1f52b-83e9-46be-95a3-3928e7faec53.png?v=1719671768,16,Marvel Kids T Shirt Copy 1 - detail shot - kids wear Pakistan,,,,,,,,,,,,,,,,,,,,,,,,,,,,,,,,,,,,,,,,,,,,https://cdn.shopify.com/s/files/1/0618/2368/0740/files/20_33e1f52b-83e9-46be-95a3-3928e7faec53.png?v=1719671768,kg,,,,,,
marvel-kids-t-shirt-copy-1,,,,,,,,,3-4 yrs,,,Red,,,,,'10713643,200.0,shopify,24786,continue,manual,799.00,0.00,true,true,,,,,'10713643,https://cdn.shopify.com/s/files/1/0618/2368/0740/files/19_5fd538f0-1a64-4e08-b74c-2686194f1bee.png?v=1719671768,17,Marvel Kids T Shirt Copy 1 - front view - kids wear Pakistan,,,,,,,,,,,,,,,,,,,,,,,,,,,,,,,,,,,,,,,,,,,,https://cdn.shopify.com/s/files/1/0618/2368/0740/files/28_75dd3ac9-5188-4248-bd2d-0e774ba9940e.png?v=1719671768,kg,,,,,,
marvel-kids-t-shirt-copy-1,,,,,,,,,3-4 yrs,,,Grey,,,,,'10713644,200.0,shopify,24786,continue,manual,799.00,0.00,true,true,,,,,'10713644,,,,,,,,,,,,,,,,,,,,,,,,,,,,,,,,,,,,,,,,,,,,,,,https://cdn.shopify.com/s/files/1/0618/2368/0740/files/19_5fd538f0-1a64-4e08-b74c-2686194f1bee.png?v=1719671768,kg,,,,,,
marvel-kids-t-shirt-copy-1,,,,,,,,,3-4 yrs,,,Purple,,,,,'10713645,200.0,shopify,24786,continue,manual,799.00,0.00,true,true,,,,,'10713645,,,,,,,,,,,,,,,,,,,,,,,,,,,,,,,,,,,,,,,,,,,,,,,https://cdn.shopify.com/s/files/1/0618/2368/0740/files/32_4b6577bc-68c3-4e13-bd16-0d27413779c1.png?v=1719671768,kg,,,,,,
marvel-kids-t-shirt-copy-1,,,,,,,,,3-4 yrs,,,Beige,,,,,'10713646,200.0,shopify,24786,continue,manual,799.00,0.00,true,true,,,,,'10713646,,,,,,,,,,,,,,,,,,,,,,,,,,,,,,,,,,,,,,,,,,,,,,,https://cdn.shopify.com/s/files/1/0618/2368/0740/files/25_81bb663e-f1ec-4ad8-b4e4-b0e51c035a7a.png?v=1719671768,kg,,,,,,
marvel-kids-t-shirt-copy-1,,,,,,,,,3-4 yrs,,,Light Blue,,,,,'10713647,200.0,shopify,24786,continue,manual,799.00,0.00,true,true,,,,,'10713647,,,,,,,,,,,,,,,,,,,,,,,,,,,,,,,,,,,,,,,,,,,,,,,https://cdn.shopify.com/s/files/1/0618/2368/0740/files/21_ebaa023b-b662-41e5-945b-abffd4b5c199.png?v=1719671768,kg,,,,,,
marvel-kids-t-shirt-copy-1,,,,,,,,,3-4 yrs,,,Royal Blue,,,,,'10713648,200.0,shopify,24786,continue,manual,799.00,0.00,true,true,,,,,'10713648,,,,,,,,,,,,,,,,,,,,,,,,,,,,,,,,,,,,,,,,,,,,,,,https://cdn.shopify.com/s/files/1/0618/2368/0740/files/31_c14313d5-5599-46a1-8f9f-b26410968ab0.png?v=1719671768,kg,,,,,,
marvel-kids-t-shirt-copy-1,,,,,,,,,3-4 yrs,,,White,,,,,'10713649,200.0,shopify,24786,continue,manual,799.00,0.00,true,true,,,,,'10713649,,,,,,,,,,,,,,,,,,,,,,,,,,,,,,,,,,,,,,,,,,,,,,,https://cdn.shopify.com/s/files/1/0618/2368/0740/files/26_0ff58e06-0ba7-44bf-b3a2-d2cb1c93e89f.png?v=1719671768,kg,,,,,,
marvel-kids-t-shirt-copy-1,,,,,,,,,3-4 yrs,,,Pink,,,,,'10713650,200.0,shopify,24786,continue,manual,799.00,0.00,true,true,,,,,'10713650,,,,,,,,,,,,,,,,,,,,,,,,,,,,,,,,,,,,,,,,,,,,,,,https://cdn.shopify.com/s/files/1/0618/2368/0740/files/29_aa5477f6-1414-41d1-9dbd-cdc9d578b857.png?v=1719671768,kg,,,,,,
marvel-kids-t-shirt-copy-1,,,,,,,,,3-4 yrs,,,Bottle green,,,,,'10713651,200.0,shopify,24785,continue,manual,799.00,0.00,true,true,,,,,'10713651,,,,,,,,,,,,,,,,,,,,,,,,,,,,,,,,,,,,,,,,,,,,,,,https://cdn.shopify.com/s/files/1/0618/2368/0740/files/23_6a842292-cb09-4a1a-9cda-15f0cf672120.png?v=1719671768,kg,,,,,,
marvel-kids-t-shirt-copy-1,,,,,,,,,3-4 yrs,,,Mahroon,,,,,'10713652,200.0,shopify,24786,continue,manual,799.00,0.00,true,true,,,,,'10713652,,,,,,,,,,,,,,,,,,,,,,,,,,,,,,,,,,,,,,,,,,,,,,,https://cdn.shopify.com/s/files/1/0618/2368/0740/files/27_a7f6509b-f255-4083-a951-586c6396f211.png?v=1719671768,kg,,,,,,
marvel-kids-t-shirt-copy-1,,,,,,,,,3-4 yrs,,,Green,,,,,'10713653,200.0,shopify,24786,continue,manual,799.00,0.00,true,true,,,,,'10713653,,,,,,,,,,,,,,,,,,,,,,,,,,,,,,,,,,,,,,,,,,,,,,,https://cdn.shopify.com/s/files/1/0618/2368/0740/files/24_4de21291-5b7e-42c1-948f-2e35a6a5d441.png?v=1719671768,kg,,,,,,
marvel-kids-t-shirt-copy-1,,,,,,,,,3-4 yrs,,,Navy Blue,,,,,'10713654,200.0,shopify,24786,continue,manual,799.00,0.00,true,true,,,,,'10713654,,,,,,,,,,,,,,,,,,,,,,,,,,,,,,,,,,,,,,,,,,,,,,,https://cdn.shopify.com/s/files/1/0618/2368/0740/files/22_2a1163c4-1565-45ca-a44e-a7ea0e6c6f7d.png?v=1719671768,kg,,,,,,
marvel-kids-t-shirt-copy-1,,,,,,,,,5-6 yrs,,,Orange,,,,,'10713655,200.0,shopify,23211,continue,manual,799.00,0.00,true,true,,,,,'10713655,,,,,,,,,,,,,,,,,,,,,,,,,,,,,,,,,,,,,,,,,,,,,,,https://cdn.shopify.com/s/files/1/0618/2368/0740/files/30_7962c4c5-66d0-4761-a455-a2681eaf4994.png?v=1719669377,kg,,,,,,
marvel-kids-t-shirt-copy-1,,,,,,,,,5-6 yrs,,,Yellow,,,,,'10713656,200.0,shopify,23211,continue,manual,799.00,0.00,true,true,,,,,'10713656,,,,,,,,,,,,,,,,,,,,,,,,,,,,,,,,,,,,,,,,,,,,,,,https://cdn.shopify.com/s/files/1/0618/2368/0740/files/20_33e1f52b-83e9-46be-95a3-3928e7faec53.png?v=1719671768,kg,,,,,,
marvel-kids-t-shirt-copy-1,,,,,,,,,5-6 yrs,,,Red,,,,,'10713657,200.0,shopify,23211,continue,manual,799.00,0.00,true,true,,,,,'10713657,,,,,,,,,,,,,,,,,,,,,,,,,,,,,,,,,,,,,,,,,,,,,,,https://cdn.shopify.com/s/files/1/0618/2368/0740/files/28_75dd3ac9-5188-4248-bd2d-0e774ba9940e.png?v=1719671768,kg,,,,,,
marvel-kids-t-shirt-copy-1,,,,,,,,,5-6 yrs,,,Grey,,,,,'10713658,200.0,shopify,23211,continue,manual,799.00,0.00,true,true,,,,,'10713658,,,,,,,,,,,,,,,,,,,,,,,,,,,,,,,,,,,,,,,,,,,,,,,https://cdn.shopify.com/s/files/1/0618/2368/0740/files/19_5fd538f0-1a64-4e08-b74c-2686194f1bee.png?v=1719671768,kg,,,,,,
marvel-kids-t-shirt-copy-1,,,,,,,,,5-6 yrs,,,Purple,,,,,'10713659,200.0,shopify,23211,continue,manual,799.00,0.00,true,true,,,,,'10713659,,,,,,,,,,,,,,,,,,,,,,,,,,,,,,,,,,,,,,,,,,,,,,,https://cdn.shopify.com/s/files/1/0618/2368/0740/files/32_4b6577bc-68c3-4e13-bd16-0d27413779c1.png?v=1719671768,kg,,,,,,
marvel-kids-t-shirt-copy-1,,,,,,,,,5-6 yrs,,,Beige,,,,,'10713660,200.0,shopify,23211,continue,manual,799.00,0.00,true,true,,,,,'10713660,,,,,,,,,,,,,,,,,,,,,,,,,,,,,,,,,,,,,,,,,,,,,,,https://cdn.shopify.com/s/files/1/0618/2368/0740/files/25_81bb663e-f1ec-4ad8-b4e4-b0e51c035a7a.png?v=1719671768,kg,,,,,,
marvel-kids-t-shirt-copy-1,,,,,,,,,5-6 yrs,,,Light Blue,,,,,'10713661,200.0,shopify,23211,continue,manual,799.00,0.00,true,true,,,,,'10713661,,,,,,,,,,,,,,,,,,,,,,,,,,,,,,,,,,,,,,,,,,,,,,,https://cdn.shopify.com/s/files/1/0618/2368/0740/files/21_ebaa023b-b662-41e5-945b-abffd4b5c199.png?v=1719671768,kg,,,,,,
marvel-kids-t-shirt-copy-1,,,,,,,,,5-6 yrs,,,Royal Blue,,,,,'10713662,200.0,shopify,23211,continue,manual,799.00,0.00,true,true,,,,,'10713662,,,,,,,,,,,,,,,,,,,,,,,,,,,,,,,,,,,,,,,,,,,,,,,https://cdn.shopify.com/s/files/1/0618/2368/0740/files/31_c14313d5-5599-46a1-8f9f-b26410968ab0.png?v=1719671768,kg,,,,,,
marvel-kids-t-shirt-copy-1,,,,,,,,,5-6 yrs,,,White,,,,,'10713663,200.0,shopify,23211,continue,manual,799.00,0.00,true,true,,,,,'10713663,,,,,,,,,,,,,,,,,,,,,,,,,,,,,,,,,,,,,,,,,,,,,,,https://cdn.shopify.com/s/files/1/0618/2368/0740/files/26_0ff58e06-0ba7-44bf-b3a2-d2cb1c93e89f.png?v=1719671768,kg,,,,,,
marvel-kids-t-shirt-copy-1,,,,,,,,,5-6 yrs,,,Pink,,,,,'10713664,200.0,shopify,23211,continue,manual,799.00,0.00,true,true,,,,,'10713664,,,,,,,,,,,,,,,,,,,,,,,,,,,,,,,,,,,,,,,,,,,,,,,https://cdn.shopify.com/s/files/1/0618/2368/0740/files/29_aa5477f6-1414-41d1-9dbd-cdc9d578b857.png?v=1719671768,kg,,,,,,
marvel-kids-t-shirt-copy-1,,,,,,,,,5-6 yrs,,,Bottle green,,,,,'10713665,200.0,shopify,23211,continue,manual,799.00,0.00,true,true,,,,,'10713665,,,,,,,,,,,,,,,,,,,,,,,,,,,,,,,,,,,,,,,,,,,,,,,https://cdn.shopify.com/s/files/1/0618/2368/0740/files/23_6a842292-cb09-4a1a-9cda-15f0cf672120.png?v=1719671768,kg,,,,,,
marvel-kids-t-shirt-copy-1,,,,,,,,,5-6 yrs,,,Mahroon,,,,,'10713666,200.0,shopify,23211,continue,manual,799.00,0.00,true,true,,,,,'10713666,,,,,,,,,,,,,,,,,,,,,,,,,,,,,,,,,,,,,,,,,,,,,,,https://cdn.shopify.com/s/files/1/0618/2368/0740/files/27_a7f6509b-f255-4083-a951-586c6396f211.png?v=1719671768,kg,,,,,,
marvel-kids-t-shirt-copy-1,,,,,,,,,5-6 yrs,,,Green,,,,,'10713667,200.0,shopify,23211,continue,manual,799.00,0.00,true,true,,,,,'10713667,,,,,,,,,,,,,,,,,,,,,,,,,,,,,,,,,,,,,,,,,,,,,,,https://cdn.shopify.com/s/files/1/0618/2368/0740/files/24_4de21291-5b7e-42c1-948f-2e35a6a5d441.png?v=1719671768,kg,,,,,,
marvel-kids-t-shirt-copy-1,,,,,,,,,5-6 yrs,,,Navy Blue,,,,,'10713668,200.0,shopify,23211,continue,manual,799.00,0.00,true,true,,,,,'10713668,,,,,,,,,,,,,,,,,,,,,,,,,,,,,,,,,,,,,,,,,,,,,,,https://cdn.shopify.com/s/files/1/0618/2368/0740/files/22_2a1163c4-1565-45ca-a44e-a7ea0e6c6f7d.png?v=1719671768,kg,,,,,,
marvel-kids-t-shirt-copy-1,,,,,,,,,7-8 yrs,,,Orange,,,,,'10713669,200.0,shopify,11653,continue,manual,799.00,0.00,true,true,,,,,'10713669,,,,,,,,,,,,,,,,,,,,,,,,,,,,,,,,,,,,,,,,,,,,,,,https://cdn.shopify.com/s/files/1/0618/2368/0740/files/30_7962c4c5-66d0-4761-a455-a2681eaf4994.png?v=1719669377,kg,,,,,,
marvel-kids-t-shirt-copy-1,,,,,,,,,7-8 yrs,,,Yellow,,,,,'10713670,200.0,shopify,11653,continue,manual,799.00,0.00,true,true,,,,,'10713670,,,,,,,,,,,,,,,,,,,,,,,,,,,,,,,,,,,,,,,,,,,,,,,https://cdn.shopify.com/s/files/1/0618/2368/0740/files/20_33e1f52b-83e9-46be-95a3-3928e7faec53.png?v=1719671768,kg,,,,,,
marvel-kids-t-shirt-copy-1,,,,,,,,,7-8 yrs,,,Red,,,,,'10713671,200.0,shopify,11653,continue,manual,799.00,0.00,true,true,,,,,'10713671,,,,,,,,,,,,,,,,,,,,,,,,,,,,,,,,,,,,,,,,,,,,,,,https://cdn.shopify.com/s/files/1/0618/2368/0740/files/28_75dd3ac9-5188-4248-bd2d-0e774ba9940e.png?v=1719671768,kg,,,,,,
marvel-kids-t-shirt-copy-1,,,,,,,,,7-8 yrs,,,Grey,,,,,'10713672,200.0,shopify,11653,continue,manual,799.00,0.00,true,true,,,,,'10713672,,,,,,,,,,,,,,,,,,,,,,,,,,,,,,,,,,,,,,,,,,,,,,,https://cdn.shopify.com/s/files/1/0618/2368/0740/files/19_5fd538f0-1a64-4e08-b74c-2686194f1bee.png?v=1719671768,kg,,,,,,
marvel-kids-t-shirt-copy-1,,,,,,,,,7-8 yrs,,,Purple,,,,,'10713673,200.0,shopify,11653,continue,manual,799.00,0.00,true,true,,,,,'10713673,,,,,,,,,,,,,,,,,,,,,,,,,,,,,,,,,,,,,,,,,,,,,,,https://cdn.shopify.com/s/files/1/0618/2368/0740/files/32_4b6577bc-68c3-4e13-bd16-0d27413779c1.png?v=1719671768,kg,,,,,,
marvel-kids-t-shirt-copy-1,,,,,,,,,7-8 yrs,,,Beige,,,,,'10713674,200.0,shopify,11653,continue,manual,799.00,0.00,true,true,,,,,'10713674,,,,,,,,,,,,,,,,,,,,,,,,,,,,,,,,,,,,,,,,,,,,,,,https://cdn.shopify.com/s/files/1/0618/2368/0740/files/25_81bb663e-f1ec-4ad8-b4e4-b0e51c035a7a.png?v=1719671768,kg,,,,,,
marvel-kids-t-shirt-copy-1,,,,,,,,,7-8 yrs,,,Light Blue,,,,,'10713675,200.0,shopify,11653,continue,manual,799.00,0.00,true,true,,,,,'10713675,,,,,,,,,,,,,,,,,,,,,,,,,,,,,,,,,,,,,,,,,,,,,,,https://cdn.shopify.com/s/files/1/0618/2368/0740/files/21_ebaa023b-b662-41e5-945b-abffd4b5c199.png?v=1719671768,kg,,,,,,
marvel-kids-t-shirt-copy-1,,,,,,,,,7-8 yrs,,,Royal Blue,,,,,'10713676,200.0,shopify,11653,continue,manual,799.00,0.00,true,true,,,,,'10713676,,,,,,,,,,,,,,,,,,,,,,,,,,,,,,,,,,,,,,,,,,,,,,,https://cdn.shopify.com/s/files/1/0618/2368/0740/files/31_c14313d5-5599-46a1-8f9f-b26410968ab0.png?v=1719671768,kg,,,,,,
marvel-kids-t-shirt-copy-1,,,,,,,,,7-8 yrs,,,White,,,,,'10713677,200.0,shopify,11653,continue,manual,799.00,0.00,true,true,,,,,'10713677,,,,,,,,,,,,,,,,,,,,,,,,,,,,,,,,,,,,,,,,,,,,,,,https://cdn.shopify.com/s/files/1/0618/2368/0740/files/26_0ff58e06-0ba7-44bf-b3a2-d2cb1c93e89f.png?v=1719671768,kg,,,,,,
marvel-kids-t-shirt-copy-1,,,,,,,,,7-8 yrs,,,Pink,,,,,'10713678,200.0,shopify,11653,continue,manual,799.00,0.00,true,true,,,,,'10713678,,,,,,,,,,,,,,,,,,,,,,,,,,,,,,,,,,,,,,,,,,,,,,,https://cdn.shopify.com/s/files/1/0618/2368/0740/files/29_aa5477f6-1414-41d1-9dbd-cdc9d578b857.png?v=1719671768,kg,,,,,,
marvel-kids-t-shirt-copy-1,,,,,,,,,7-8 yrs,,,Bottle green,,,,,'10713679,200.0,shopify,11652,continue,manual,799.00,0.00,true,true,,,,,'10713679,,,,,,,,,,,,,,,,,,,,,,,,,,,,,,,,,,,,,,,,,,,,,,,https://cdn.shopify.com/s/files/1/0618/2368/0740/files/23_6a842292-cb09-4a1a-9cda-15f0cf672120.png?v=1719671768,kg,,,,,,
marvel-kids-t-shirt-copy-1,,,,,,,,,7-8 yrs,,,Mahroon,,,,,'10713680,200.0,shopify,11653,continue,manual,799.00,0.00,true,true,,,,,'10713680,,,,,,,,,,,,,,,,,,,,,,,,,,,,,,,,,,,,,,,,,,,,,,,https://cdn.shopify.com/s/files/1/0618/2368/0740/files/27_a7f6509b-f255-4083-a951-586c6396f211.png?v=1719671768,kg,,,,,,
marvel-kids-t-shirt-copy-1,,,,,,,,,7-8 yrs,,,Green,,,,,'10713681,200.0,shopify,11653,continue,manual,799.00,0.00,true,true,,,,,'10713681,,,,,,,,,,,,,,,,,,,,,,,,,,,,,,,,,,,,,,,,,,,,,,,https://cdn.shopify.com/s/files/1/0618/2368/0740/files/24_4de21291-5b7e-42c1-948f-2e35a6a5d441.png?v=1719671768,kg,,,,,,
marvel-kids-t-shirt-copy-1,,,,,,,,,7-8 yrs,,,Navy Blue,,,,,'10713682,200.0,shopify,11653,continue,manual,799.00,0.00,true,true,,,,,'10713682,,,,,,,,,,,,,,,,,,,,,,,,,,,,,,,,,,,,,,,,,,,,,,,https://cdn.shopify.com/s/files/1/0618/2368/0740/files/22_2a1163c4-1565-45ca-a44e-a7ea0e6c6f7d.png?v=1719671768,kg,,,,,,
marvel-kids-t-shirt-copy-1,,,,,,,,,9-10 yrs,,,Orange,,,,,'10713683,200.0,shopify,199876,continue,manual,899.00,0.00,true,true,,,,,'10713683,,,,,,,,,,,,,,,,,,,,,,,,,,,,,,,,,,,,,,,,,,,,,,,https://cdn.shopify.com/s/files/1/0618/2368/0740/files/30_7962c4c5-66d0-4761-a455-a2681eaf4994.png?v=1719669377,kg,,,,,,
marvel-kids-t-shirt-copy-1,,,,,,,,,9-10 yrs,,,Yellow,,,,,'10713684,200.0,shopify,199876,continue,manual,899.00,0.00,true,true,,,,,'10713684,,,,,,,,,,,,,,,,,,,,,,,,,,,,,,,,,,,,,,,,,,,,,,,https://cdn.shopify.com/s/files/1/0618/2368/0740/files/20_33e1f52b-83e9-46be-95a3-3928e7faec53.png?v=1719671768,kg,,,,,,
marvel-kids-t-shirt-copy-1,,,,,,,,,9-10 yrs,,,Red,,,,,'10713685,200.0,shopify,199876,continue,manual,899.00,0.00,true,true,,,,,'10713685,,,,,,,,,,,,,,,,,,,,,,,,,,,,,,,,,,,,,,,,,,,,,,,https://cdn.shopify.com/s/files/1/0618/2368/0740/files/28_75dd3ac9-5188-4248-bd2d-0e774ba9940e.png?v=1719671768,kg,,,,,,
marvel-kids-t-shirt-copy-1,,,,,,,,,9-10 yrs,,,Grey,,,,,'10713686,200.0,shopify,199876,continue,manual,899.00,0.00,true,true,,,,,'10713686,,,,,,,,,,,,,,,,,,,,,,,,,,,,,,,,,,,,,,,,,,,,,,,https://cdn.shopify.com/s/files/1/0618/2368/0740/files/19_5fd538f0-1a64-4e08-b74c-2686194f1bee.png?v=1719671768,kg,,,,,,
marvel-kids-t-shirt-copy-1,,,,,,,,,9-10 yrs,,,Purple,,,,,'10713687,200.0,shopify,199876,continue,manual,899.00,0.00,true,true,,,,,'10713687,,,,,,,,,,,,,,,,,,,,,,,,,,,,,,,,,,,,,,,,,,,,,,,https://cdn.shopify.com/s/files/1/0618/2368/0740/files/32_4b6577bc-68c3-4e13-bd16-0d27413779c1.png?v=1719671768,kg,,,,,,
marvel-kids-t-shirt-copy-1,,,,,,,,,9-10 yrs,,,Beige,,,,,'10713688,200.0,shopify,199876,continue,manual,899.00,0.00,true,true,,,,,'10713688,,,,,,,,,,,,,,,,,,,,,,,,,,,,,,,,,,,,,,,,,,,,,,,https://cdn.shopify.com/s/files/1/0618/2368/0740/files/25_81bb663e-f1ec-4ad8-b4e4-b0e51c035a7a.png?v=1719671768,kg,,,,,,
marvel-kids-t-shirt-copy-1,,,,,,,,,9-10 yrs,,,Light Blue,,,,,'10713689,200.0,shopify,199876,continue,manual,899.00,0.00,true,true,,,,,'10713689,,,,,,,,,,,,,,,,,,,,,,,,,,,,,,,,,,,,,,,,,,,,,,,https://cdn.shopify.com/s/files/1/0618/2368/0740/files/21_ebaa023b-b662-41e5-945b-abffd4b5c199.png?v=1719671768,kg,,,,,,
marvel-kids-t-shirt-copy-1,,,,,,,,,9-10 yrs,,,Royal Blue,,,,,'10713690,200.0,shopify,199876,continue,manual,899.00,0.00,true,true,,,,,'10713690,,,,,,,,,,,,,,,,,,,,,,,,,,,,,,,,,,,,,,,,,,,,,,,https://cdn.shopify.com/s/files/1/0618/2368/0740/files/31_c14313d5-5599-46a1-8f9f-b26410968ab0.png?v=1719671768,kg,,,,,,
marvel-kids-t-shirt-copy-1,,,,,,,,,9-10 yrs,,,White,,,,,'10713691,200.0,shopify,199876,continue,manual,899.00,0.00,true,true,,,,,'10713691,,,,,,,,,,,,,,,,,,,,,,,,,,,,,,,,,,,,,,,,,,,,,,,https://cdn.shopify.com/s/files/1/0618/2368/0740/files/26_0ff58e06-0ba7-44bf-b3a2-d2cb1c93e89f.png?v=1719671768,kg,,,,,,
marvel-kids-t-shirt-copy-1,,,,,,,,,9-10 yrs,,,Pink,,,,,'10713692,200.0,shopify,199876,continue,manual,899.00,0.00,true,true,,,,,'10713692,,,,,,,,,,,,,,,,,,,,,,,,,,,,,,,,,,,,,,,,,,,,,,,https://cdn.shopify.com/s/files/1/0618/2368/0740/files/29_aa5477f6-1414-41d1-9dbd-cdc9d578b857.png?v=1719671768,kg,,,,,,
marvel-kids-t-shirt-copy-1,,,,,,,,,9-10 yrs,,,Bottle green,,,,,'10713693,200.0,shopify,199876,continue,manual,899.00,0.00,true,true,,,,,'10713693,,,,,,,,,,,,,,,,,,,,,,,,,,,,,,,,,,,,,,,,,,,,,,,https://cdn.shopify.com/s/files/1/0618/2368/0740/files/23_6a842292-cb09-4a1a-9cda-15f0cf672120.png?v=1719671768,kg,,,,,,
marvel-kids-t-shirt-copy-1,,,,,,,,,9-10 yrs,,,Mahroon,,,,,'10713694,200.0,shopify,199876,continue,manual,899.00,0.00,true,true,,,,,'10713694,,,,,,,,,,,,,,,,,,,,,,,,,,,,,,,,,,,,,,,,,,,,,,,https://cdn.shopify.com/s/files/1/0618/2368/0740/files/27_a7f6509b-f255-4083-a951-586c6396f211.png?v=1719671768,kg,,,,,,
marvel-kids-t-shirt-copy-1,,,,,,,,,9-10 yrs,,,Green,,,,,'10713695,200.0,shopify,199876,continue,manual,899.00,0.00,true,true,,,,,'10713695,,,,,,,,,,,,,,,,,,,,,,,,,,,,,,,,,,,,,,,,,,,,,,,https://cdn.shopify.com/s/files/1/0618/2368/0740/files/24_4de21291-5b7e-42c1-948f-2e35a6a5d441.png?v=1719671768,kg,,,,,,
marvel-kids-t-shirt-copy-1,,,,,,,,,9-10 yrs,,,Navy Blue,,,,,'10713696,200.0,shopify,199876,continue,manual,899.00,0.00,true,true,,,,,'10713696,,,,,,,,,,,,,,,,,,,,,,,,,,,,,,,,,,,,,,,,,,,,,,,https://cdn.shopify.com/s/files/1/0618/2368/0740/files/22_2a1163c4-1565-45ca-a44e-a7ea0e6c6f7d.png?v=1719671768,kg,,,,,,
marvel-kids-t-shirt-copy-1,,,,,,,,,11-12 yrs,,,Orange,,,,,'10713697,200.0,shopify,121432,continue,manual,899.00,0.00,true,true,,,,,'10713697,,,,,,,,,,,,,,,,,,,,,,,,,,,,,,,,,,,,,,,,,,,,,,,https://cdn.shopify.com/s/files/1/0618/2368/0740/files/30_7962c4c5-66d0-4761-a455-a2681eaf4994.png?v=1719669377,kg,,,,,,
marvel-kids-t-shirt-copy-1,,,,,,,,,11-12 yrs,,,Yellow,,,,,'10713698,200.0,shopify,121432,continue,manual,899.00,0.00,true,true,,,,,'10713698,,,,,,,,,,,,,,,,,,,,,,,,,,,,,,,,,,,,,,,,,,,,,,,https://cdn.shopify.com/s/files/1/0618/2368/0740/files/20_33e1f52b-83e9-46be-95a3-3928e7faec53.png?v=1719671768,kg,,,,,,
marvel-kids-t-shirt-copy-1,,,,,,,,,11-12 yrs,,,Red,,,,,'10713699,200.0,shopify,121432,continue,manual,899.00,0.00,true,true,,,,,'10713699,,,,,,,,,,,,,,,,,,,,,,,,,,,,,,,,,,,,,,,,,,,,,,,https://cdn.shopify.com/s/files/1/0618/2368/0740/files/28_75dd3ac9-5188-4248-bd2d-0e774ba9940e.png?v=1719671768,kg,,,,,,
marvel-kids-t-shirt-copy-1,,,,,,,,,11-12 yrs,,,Grey,,,,,'10713700,200.0,shopify,121432,continue,manual,899.00,0.00,true,true,,,,,'10713700,,,,,,,,,,,,,,,,,,,,,,,,,,,,,,,,,,,,,,,,,,,,,,,https://cdn.shopify.com/s/files/1/0618/2368/0740/files/19_5fd538f0-1a64-4e08-b74c-2686194f1bee.png?v=1719671768,kg,,,,,,
marvel-kids-t-shirt-copy-1,,,,,,,,,11-12 yrs,,,Purple,,,,,'10713701,200.0,shopify,121432,continue,manual,899.00,0.00,true,true,,,,,'10713701,,,,,,,,,,,,,,,,,,,,,,,,,,,,,,,,,,,,,,,,,,,,,,,https://cdn.shopify.com/s/files/1/0618/2368/0740/files/32_4b6577bc-68c3-4e13-bd16-0d27413779c1.png?v=1719671768,kg,,,,,,
marvel-kids-t-shirt-copy-1,,,,,,,,,11-12 yrs,,,Beige,,,,,'10713702,200.0,shopify,121432,continue,manual,899.00,0.00,true,true,,,,,'10713702,,,,,,,,,,,,,,,,,,,,,,,,,,,,,,,,,,,,,,,,,,,,,,,https://cdn.shopify.com/s/files/1/0618/2368/0740/files/25_81bb663e-f1ec-4ad8-b4e4-b0e51c035a7a.png?v=1719671768,kg,,,,,,
marvel-kids-t-shirt-copy-1,,,,,,,,,11-12 yrs,,,Light Blue,,,,,'10713703,200.0,shopify,121432,continue,manual,899.00,0.00,true,true,,,,,'10713703,,,,,,,,,,,,,,,,,,,,,,,,,,,,,,,,,,,,,,,,,,,,,,,https://cdn.shopify.com/s/files/1/0618/2368/0740/files/21_ebaa023b-b662-41e5-945b-abffd4b5c199.png?v=1719671768,kg,,,,,,
marvel-kids-t-shirt-copy-1,,,,,,,,,11-12 yrs,,,Royal Blue,,,,,'10713704,200.0,shopify,121432,continue,manual,899.00,0.00,true,true,,,,,'10713704,,,,,,,,,,,,,,,,,,,,,,,,,,,,,,,,,,,,,,,,,,,,,,,https://cdn.shopify.com/s/files/1/0618/2368/0740/files/31_c14313d5-5599-46a1-8f9f-b26410968ab0.png?v=1719671768,kg,,,,,,
marvel-kids-t-shirt-copy-1,,,,,,,,,11-12 yrs,,,White,,,,,'10713705,200.0,shopify,121432,continue,manual,899.00,0.00,true,true,,,,,'10713705,,,,,,,,,,,,,,,,,,,,,,,,,,,,,,,,,,,,,,,,,,,,,,,https://cdn.shopify.com/s/files/1/0618/2368/0740/files/26_0ff58e06-0ba7-44bf-b3a2-d2cb1c93e89f.png?v=1719671768,kg,,,,,,
marvel-kids-t-shirt-copy-1,,,,,,,,,11-12 yrs,,,Pink,,,,,'10713706,200.0,shopify,121432,continue,manual,899.00,0.00,true,true,,,,,'10713706,,,,,,,,,,,,,,,,,,,,,,,,,,,,,,,,,,,,,,,,,,,,,,,https://cdn.shopify.com/s/files/1/0618/2368/0740/files/29_aa5477f6-1414-41d1-9dbd-cdc9d578b857.png?v=1719671768,kg,,,,,,
marvel-kids-t-shirt-copy-1,,,,,,,,,11-12 yrs,,,Bottle green,,,,,'10713707,200.0,shopify,121432,continue,manual,899.00,0.00,true,true,,,,,'10713707,,,,,,,,,,,,,,,,,,,,,,,,,,,,,,,,,,,,,,,,,,,,,,,https://cdn.shopify.com/s/files/1/0618/2368/0740/files/23_6a842292-cb09-4a1a-9cda-15f0cf672120.png?v=1719671768,kg,,,,,,
marvel-kids-t-shirt-copy-1,,,,,,,,,11-12 yrs,,,Mahroon,,,,,'10713708,200.0,shopify,121432,continue,manual,899.00,0.00,true,true,,,,,'10713708,,,,,,,,,,,,,,,,,,,,,,,,,,,,,,,,,,,,,,,,,,,,,,,https://cdn.shopify.com/s/files/1/0618/2368/0740/files/27_a7f6509b-f255-4083-a951-586c6396f211.png?v=1719671768,kg,,,,,,
marvel-kids-t-shirt-copy-1,,,,,,,,,11-12 yrs,,,Green,,,,,'10713709,200.0,shopify,121432,continue,manual,899.00,0.00,true,true,,,,,'10713709,,,,,,,,,,,,,,,,,,,,,,,,,,,,,,,,,,,,,,,,,,,,,,,https://cdn.shopify.com/s/files/1/0618/2368/0740/files/24_4de21291-5b7e-42c1-948f-2e35a6a5d441.png?v=1719671768,kg,,,,,,
marvel-kids-t-shirt-copy-1,,,,,,,,,11-12 yrs,,,Navy Blue,,,,,'10713710,200.0,shopify,121432,continue,manual,899.00,0.00,true,true,,,,,'10713710,,,,,,,,,,,,,,,,,,,,,,,,,,,,,,,,,,,,,,,,,,,,,,,https://cdn.shopify.com/s/files/1/0618/2368/0740/files/22_2a1163c4-1565-45ca-a44e-a7ea0e6c6f7d.png?v=1719671768,kg,,,,,,
marvel-kids-t-shirt-copy-1,,,,,,,,,13-14 yrs,,,Orange,,,,,'10713711,200.0,shopify,100,continue,manual,999.00,0.00,true,true,,,,,'10713711,,,,,,,,,,,,,,,,,,,,,,,,,,,,,,,,,,,,,,,,,,,,,,,https://cdn.shopify.com/s/files/1/0618/2368/0740/files/30_7962c4c5-66d0-4761-a455-a2681eaf4994.png?v=1719669377,kg,,,,,,
marvel-kids-t-shirt-copy-1,,,,,,,,,13-14 yrs,,,Yellow,,,,,'10713712,200.0,shopify,100,continue,manual,999.00,0.00,true,true,,,,,'10713712,,,,,,,,,,,,,,,,,,,,,,,,,,,,,,,,,,,,,,,,,,,,,,,https://cdn.shopify.com/s/files/1/0618/2368/0740/files/30_7962c4c5-66d0-4761-a455-a2681eaf4994.png?v=1719669377,kg,,,,,,
marvel-kids-t-shirt-copy-1,,,,,,,,,13-14 yrs,,,Red,,,,,'10713713,200.0,shopify,100,continue,manual,999.00,0.00,true,true,,,,,'10713713,,,,,,,,,,,,,,,,,,,,,,,,,,,,,,,,,,,,,,,,,,,,,,,https://cdn.shopify.com/s/files/1/0618/2368/0740/files/30_7962c4c5-66d0-4761-a455-a2681eaf4994.png?v=1719669377,kg,,,,,,
marvel-kids-t-shirt-copy-1,,,,,,,,,13-14 yrs,,,Grey,,,,,'10713714,200.0,shopify,100,continue,manual,999.00,0.00,true,true,,,,,'10713714,,,,,,,,,,,,,,,,,,,,,,,,,,,,,,,,,,,,,,,,,,,,,,,https://cdn.shopify.com/s/files/1/0618/2368/0740/files/30_7962c4c5-66d0-4761-a455-a2681eaf4994.png?v=1719669377,kg,,,,,,
marvel-kids-t-shirt-copy-1,,,,,,,,,13-14 yrs,,,Purple,,,,,'10713715,200.0,shopify,100,continue,manual,999.00,0.00,true,true,,,,,'10713715,,,,,,,,,,,,,,,,,,,,,,,,,,,,,,,,,,,,,,,,,,,,,,,https://cdn.shopify.com/s/files/1/0618/2368/0740/files/30_7962c4c5-66d0-4761-a455-a2681eaf4994.png?v=1719669377,kg,,,,,,
marvel-kids-t-shirt-copy-1,,,,,,,,,13-14 yrs,,,Beige,,,,,'10713716,200.0,shopify,100,continue,manual,999.00,0.00,true,true,,,,,'10713716,,,,,,,,,,,,,,,,,,,,,,,,,,,,,,,,,,,,,,,,,,,,,,,https://cdn.shopify.com/s/files/1/0618/2368/0740/files/30_7962c4c5-66d0-4761-a455-a2681eaf4994.png?v=1719669377,kg,,,,,,
marvel-kids-t-shirt-copy-1,,,,,,,,,13-14 yrs,,,Light Blue,,,,,'10713717,200.0,shopify,100,continue,manual,999.00,0.00,true,true,,,,,'10713717,,,,,,,,,,,,,,,,,,,,,,,,,,,,,,,,,,,,,,,,,,,,,,,https://cdn.shopify.com/s/files/1/0618/2368/0740/files/30_7962c4c5-66d0-4761-a455-a2681eaf4994.png?v=1719669377,kg,,,,,,
marvel-kids-t-shirt-copy-1,,,,,,,,,13-14 yrs,,,Royal Blue,,,,,'10713718,200.0,shopify,100,continue,manual,999.00,0.00,true,true,,,,,'10713718,,,,,,,,,,,,,,,,,,,,,,,,,,,,,,,,,,,,,,,,,,,,,,,https://cdn.shopify.com/s/files/1/0618/2368/0740/files/30_7962c4c5-66d0-4761-a455-a2681eaf4994.png?v=1719669377,kg,,,,,,
marvel-kids-t-shirt-copy-1,,,,,,,,,13-14 yrs,,,White,,,,,'10713719,200.0,shopify,100,continue,manual,999.00,0.00,true,true,,,,,'10713719,,,,,,,,,,,,,,,,,,,,,,,,,,,,,,,,,,,,,,,,,,,,,,,https://cdn.shopify.com/s/files/1/0618/2368/0740/files/30_7962c4c5-66d0-4761-a455-a2681eaf4994.png?v=1719669377,kg,,,,,,
marvel-kids-t-shirt-copy-1,,,,,,,,,13-14 yrs,,,Pink,,,,,'10713720,200.0,shopify,100,continue,manual,999.00,0.00,true,true,,,,,'10713720,,,,,,,,,,,,,,,,,,,,,,,,,,,,,,,,,,,,,,,,,,,,,,,https://cdn.shopify.com/s/files/1/0618/2368/0740/files/30_7962c4c5-66d0-4761-a455-a2681eaf4994.png?v=1719669377,kg,,,,,,
marvel-kids-t-shirt-copy-1,,,,,,,,,13-14 yrs,,,Bottle green,,,,,'10713721,200.0,shopify,100,continue,manual,999.00,0.00,true,true,,,,,'10713721,,,,,,,,,,,,,,,,,,,,,,,,,,,,,,,,,,,,,,,,,,,,,,,https://cdn.shopify.com/s/files/1/0618/2368/0740/files/30_7962c4c5-66d0-4761-a455-a2681eaf4994.png?v=1719669377,kg,,,,,,
marvel-kids-t-shirt-copy-1,,,,,,,,,13-14 yrs,,,Mahroon,,,,,'10713722,200.0,shopify,100,continue,manual,999.00,0.00,true,true,,,,,'10713722,,,,,,,,,,,,,,,,,,,,,,,,,,,,,,,,,,,,,,,,,,,,,,,https://cdn.shopify.com/s/files/1/0618/2368/0740/files/30_7962c4c5-66d0-4761-a455-a2681eaf4994.png?v=1719669377,kg,,,,,,
marvel-kids-t-shirt-copy-1,,,,,,,,,13-14 yrs,,,Green,,,,,'10713723,200.0,shopify,100,continue,manual,999.00,0.00,true,true,,,,,'10713723,,,,,,,,,,,,,,,,,,,,,,,,,,,,,,,,,,,,,,,,,,,,,,,https://cdn.shopify.com/s/files/1/0618/2368/0740/files/30_7962c4c5-66d0-4761-a455-a2681eaf4994.png?v=1719669377,kg,,,,,,
marvel-kids-t-shirt-copy-1,,,,,,,,,13-14 yrs,,,Navy Blue,,,,,'10706882,200.0,shopify,100,continue,manual,999.00,0.00,true,true,,,,,'10706882,,,,,,,,,,,,,,,,,,,,,,,,,,,,,,,,,,,,,,,,,,,,,,,https://cdn.shopify.com/s/files/1/0618/2368/0740/files/30_7962c4c5-66d0-4761-a455-a2681eaf4994.png?v=1719669377,kg,,,,,,
spider-man-ii-kids-t-shirt-copy,TAKE IT EASY KIDS T SHIRT,"<h4>TAKE IT EASY KIDS T SHIRT</h4>
<div>Fabric: Soft High-Quality Jersey</div>
<div>Short Sleeve T-Shirt</div>
<div>Round Neck</div>
<div>High Quality DTF Printed </div>
<div>Soft and Comfortable Wear</div>
<div>Easy Wash &amp; Press</div>
<div>Sizes 1-14 years </div>
<div><span>Disclaimer: Colors may vary slightly due to studio lights. </span></div>",BBG FASHION,Apparel & Accessories > Clothing > Clothing Tops > T-Shirts,kids T-Shirts,kids T-Shirts,false,Size,1-2 yrs,,Color,Black,,,,,'10713558,200.0,shopify,24786,continue,manual,799.00,,true,true,,,,,'10713558,https://cdn.shopify.com/s/files/1/0618/2368/0740/files/16_ce66ca3e-84f1-4f0d-91ba-6c408575f294.png?v=1719669345,1,Spider Man Ii Kids T Shirt Copy - front view - kids wear Pakistan,false,,,212,,,,,,,,,,,,,,,,,,,,,,,,,,,,,,,,,,,,,,,,https://cdn.shopify.com/s/files/1/0618/2368/0740/files/16_ce66ca3e-84f1-4f0d-91ba-6c408575f294.png?v=1719669345,kg,,,true,,,draft
spider-man-ii-kids-t-shirt-copy,,,,,,,,,1-2 yrs,,,Red,,,,,'10713559,200.0,shopify,24786,continue,manual,799.00,,true,true,,,,,'10713559,https://cdn.shopify.com/s/files/1/0618/2368/0740/files/bbg_52c11d4e-abc8-46fd-bf9e-e6c4bd11aaf9.png?v=1719669638,2,Unicorn T Shirt For Kids Copy - back view - kids wear Pakistan,,,,,,,,,,,,,,,,,,,,,,,,,,,,,,,,,,,,,,,,,,,,https://cdn.shopify.com/s/files/1/0618/2368/0740/files/17_819f4a8d-c494-4a5e-97a3-04e567e45502.png?v=1719671344,kg,,,,,,
spider-man-ii-kids-t-shirt-copy,,,,,,,,,1-2 yrs,,,Yellow,,,,,'10713560,200.0,shopify,24786,continue,manual,799.00,,true,true,,,,,'10713560,https://cdn.shopify.com/s/files/1/0618/2368/0740/files/15_a758d310-3326-4f9c-a848-25639d1ee87d.png?v=1719671344,3,Spider Man Ii Kids T Shirt Copy - side view - kids wear Pakistan,,,,,,,,,,,,,,,,,,,,,,,,,,,,,,,,,,,,,,,,,,,,https://cdn.shopify.com/s/files/1/0618/2368/0740/files/21_2eaad64d-a3de-490f-821b-20f1fb16f739.png?v=1719671344,kg,,,,,,
spider-man-ii-kids-t-shirt-copy,,,,,,,,,1-2 yrs,,,Royal Blue,,,,,'10713561,200.0,shopify,24786,continue,manual,799.00,,true,true,,,,,'10713561,https://cdn.shopify.com/s/files/1/0618/2368/0740/files/17_819f4a8d-c494-4a5e-97a3-04e567e45502.png?v=1719671344,4,Spider Man Ii Kids T Shirt Copy - detail shot - kids wear Pakistan,,,,,,,,,,,,,,,,,,,,,,,,,,,,,,,,,,,,,,,,,,,,https://cdn.shopify.com/s/files/1/0618/2368/0740/files/19_7d9819fd-206c-4deb-a543-6ef54be459cb.png?v=1719671344,kg,,,,,,
spider-man-ii-kids-t-shirt-copy,,,,,,,,,1-2 yrs,,,White,,,,,'10713562,200.0,shopify,24786,continue,manual,799.00,,true,true,,,,,'10713562,https://cdn.shopify.com/s/files/1/0618/2368/0740/files/18_df47c6f4-0dea-4ecc-9ab4-a9cfdebaebd2.png?v=1719671344,5,Spider Man Ii Kids T Shirt Copy - front view - kids wear Pakistan,,,,,,,,,,,,,,,,,,,,,,,,,,,,,,,,,,,,,,,,,,,,https://cdn.shopify.com/s/files/1/0618/2368/0740/files/15_a758d310-3326-4f9c-a848-25639d1ee87d.png?v=1719671344,kg,,,,,,
spider-man-ii-kids-t-shirt-copy,,,,,,,,,1-2 yrs,,,Bottle green,,,,,'10713563,200.0,shopify,24786,continue,manual,799.00,,true,true,,,,,'10713563,https://cdn.shopify.com/s/files/1/0618/2368/0740/files/19_7d9819fd-206c-4deb-a543-6ef54be459cb.png?v=1719671344,6,Spider Man Ii Kids T Shirt Copy - back view - kids wear Pakistan,,,,,,,,,,,,,,,,,,,,,,,,,,,,,,,,,,,,,,,,,,,,https://cdn.shopify.com/s/files/1/0618/2368/0740/files/23_1e359b7f-0b8a-4cc9-8053-2bc0fb6ec9b8.png?v=1719669346,kg,,,,,,
spider-man-ii-kids-t-shirt-copy,,,,,,,,,1-2 yrs,,,Orange,,,,,'10713564,200.0,shopify,24786,continue,manual,799.00,,true,true,,,,,'10713564,https://cdn.shopify.com/s/files/1/0618/2368/0740/files/20_065ab760-373f-419d-b413-b4fb8ea31467.png?v=1719671344,7,Spider Man Ii Kids T Shirt Copy - side view - kids wear Pakistan,,,,,,,,,,,,,,,,,,,,,,,,,,,,,,,,,,,,,,,,,,,,https://cdn.shopify.com/s/files/1/0618/2368/0740/files/18_df47c6f4-0dea-4ecc-9ab4-a9cfdebaebd2.png?v=1719671344,kg,,,,,,
spider-man-ii-kids-t-shirt-copy,,,,,,,,,1-2 yrs,,,Mahroon,,,,,'10713565,200.0,shopify,24786,continue,manual,799.00,,true,true,,,,,'10713565,https://cdn.shopify.com/s/files/1/0618/2368/0740/files/21_2eaad64d-a3de-490f-821b-20f1fb16f739.png?v=1719671344,8,Spider Man Ii Kids T Shirt Copy - detail shot - kids wear Pakistan,,,,,,,,,,,,,,,,,,,,,,,,,,,,,,,,,,,,,,,,,,,,https://cdn.shopify.com/s/files/1/0618/2368/0740/files/20_065ab760-373f-419d-b413-b4fb8ea31467.png?v=1719671344,kg,,,,,,
spider-man-ii-kids-t-shirt-copy,,,,,,,,,1-2 yrs,,,Green,,,,,'10713566,200.0,shopify,24786,continue,manual,799.00,,true,true,,,,,'10713566,https://cdn.shopify.com/s/files/1/0618/2368/0740/files/22_f4a28841-bf12-4e55-90e4-72a7dda4bc6e.png?v=1719671344,9,Spider Man Ii Kids T Shirt Copy - front view - kids wear Pakistan,,,,,,,,,,,,,,,,,,,,,,,,,,,,,,,,,,,,,,,,,,,,https://cdn.shopify.com/s/files/1/0618/2368/0740/files/24_a6678226-c254-4f1c-808d-6e5e7e41222f.png?v=1719669346,kg,,,,,,
spider-man-ii-kids-t-shirt-copy,,,,,,,,,1-2 yrs,,,Navy Blue,,,,,'10713567,200.0,shopify,24786,continue,manual,799.00,,true,true,,,,,'10713567,https://cdn.shopify.com/s/files/1/0618/2368/0740/files/23_1e359b7f-0b8a-4cc9-8053-2bc0fb6ec9b8.png?v=1719669346,10,Spider Man Ii Kids T Shirt Copy - back view - kids wear Pakistan,,,,,,,,,,,,,,,,,,,,,,,,,,,,,,,,,,,,,,,,,,,,https://cdn.shopify.com/s/files/1/0618/2368/0740/files/22_f4a28841-bf12-4e55-90e4-72a7dda4bc6e.png?v=1719671344,kg,,,,,,
spider-man-ii-kids-t-shirt-copy,,,,,,,,,3-4 yrs,,,Black,,,,,'10713568,200.0,shopify,24786,continue,manual,799.00,,true,true,,,,,'10713568,https://cdn.shopify.com/s/files/1/0618/2368/0740/files/24_a6678226-c254-4f1c-808d-6e5e7e41222f.png?v=1719669346,11,Spider Man Ii Kids T Shirt Copy - side view - kids wear Pakistan,,,,,,,,,,,,,,,,,,,,,,,,,,,,,,,,,,,,,,,,,,,,https://cdn.shopify.com/s/files/1/0618/2368/0740/files/16_ce66ca3e-84f1-4f0d-91ba-6c408575f294.png?v=1719669345,kg,,,,,,
spider-man-ii-kids-t-shirt-copy,,,,,,,,,3-4 yrs,,,Red,,,,,'10713569,200.0,shopify,24786,continue,manual,799.00,,true,true,,,,,'10713569,,,,,,,,,,,,,,,,,,,,,,,,,,,,,,,,,,,,,,,,,,,,,,,https://cdn.shopify.com/s/files/1/0618/2368/0740/files/17_819f4a8d-c494-4a5e-97a3-04e567e45502.png?v=1719671344,kg,,,,,,
spider-man-ii-kids-t-shirt-copy,,,,,,,,,3-4 yrs,,,Yellow,,,,,'10713570,200.0,shopify,24786,continue,manual,799.00,,true,true,,,,,'10713570,,,,,,,,,,,,,,,,,,,,,,,,,,,,,,,,,,,,,,,,,,,,,,,https://cdn.shopify.com/s/files/1/0618/2368/0740/files/21_2eaad64d-a3de-490f-821b-20f1fb16f739.png?v=1719671344,kg,,,,,,
spider-man-ii-kids-t-shirt-copy,,,,,,,,,3-4 yrs,,,Royal Blue,,,,,'10713571,200.0,shopify,24786,continue,manual,799.00,,true,true,,,,,'10713571,,,,,,,,,,,,,,,,,,,,,,,,,,,,,,,,,,,,,,,,,,,,,,,https://cdn.shopify.com/s/files/1/0618/2368/0740/files/19_7d9819fd-206c-4deb-a543-6ef54be459cb.png?v=1719671344,kg,,,,,,
spider-man-ii-kids-t-shirt-copy,,,,,,,,,3-4 yrs,,,White,,,,,'10713572,200.0,shopify,24786,continue,manual,799.00,,true,true,,,,,'10713572,,,,,,,,,,,,,,,,,,,,,,,,,,,,,,,,,,,,,,,,,,,,,,,https://cdn.shopify.com/s/files/1/0618/2368/0740/files/15_a758d310-3326-4f9c-a848-25639d1ee87d.png?v=1719671344,kg,,,,,,
spider-man-ii-kids-t-shirt-copy,,,,,,,,,3-4 yrs,,,Bottle green,,,,,'10713573,200.0,shopify,24786,continue,manual,799.00,,true,true,,,,,'10713573,,,,,,,,,,,,,,,,,,,,,,,,,,,,,,,,,,,,,,,,,,,,,,,https://cdn.shopify.com/s/files/1/0618/2368/0740/files/23_1e359b7f-0b8a-4cc9-8053-2bc0fb6ec9b8.png?v=1719669346,kg,,,,,,
spider-man-ii-kids-t-shirt-copy,,,,,,,,,3-4 yrs,,,Orange,,,,,'10713574,200.0,shopify,24786,continue,manual,799.00,,true,true,,,,,'10713574,,,,,,,,,,,,,,,,,,,,,,,,,,,,,,,,,,,,,,,,,,,,,,,https://cdn.shopify.com/s/files/1/0618/2368/0740/files/18_df47c6f4-0dea-4ecc-9ab4-a9cfdebaebd2.png?v=1719671344,kg,,,,,,
spider-man-ii-kids-t-shirt-copy,,,,,,,,,3-4 yrs,,,Mahroon,,,,,'10713575,200.0,shopify,24786,continue,manual,799.00,,true,true,,,,,'10713575,,,,,,,,,,,,,,,,,,,,,,,,,,,,,,,,,,,,,,,,,,,,,,,https://cdn.shopify.com/s/files/1/0618/2368/0740/files/20_065ab760-373f-419d-b413-b4fb8ea31467.png?v=1719671344,kg,,,,,,
spider-man-ii-kids-t-shirt-copy,,,,,,,,,3-4 yrs,,,Green,,,,,'10713576,200.0,shopify,24785,continue,manual,799.00,,true,true,,,,,'10713576,,,,,,,,,,,,,,,,,,,,,,,,,,,,,,,,,,,,,,,,,,,,,,,https://cdn.shopify.com/s/files/1/0618/2368/0740/files/24_a6678226-c254-4f1c-808d-6e5e7e41222f.png?v=1719669346,kg,,,,,,
spider-man-ii-kids-t-shirt-copy,,,,,,,,,3-4 yrs,,,Navy Blue,,,,,'10713577,200.0,shopify,24786,continue,manual,799.00,,true,true,,,,,'10713577,,,,,,,,,,,,,,,,,,,,,,,,,,,,,,,,,,,,,,,,,,,,,,,https://cdn.shopify.com/s/files/1/0618/2368/0740/files/22_f4a28841-bf12-4e55-90e4-72a7dda4bc6e.png?v=1719671344,kg,,,,,,
spider-man-ii-kids-t-shirt-copy,,,,,,,,,5-6 yrs,,,Black,,,,,'10713578,200.0,shopify,23210,continue,manual,799.00,,true,true,,,,,'10713578,,,,,,,,,,,,,,,,,,,,,,,,,,,,,,,,,,,,,,,,,,,,,,,https://cdn.shopify.com/s/files/1/0618/2368/0740/files/16_ce66ca3e-84f1-4f0d-91ba-6c408575f294.png?v=1719669345,kg,,,,,,
spider-man-ii-kids-t-shirt-copy,,,,,,,,,5-6 yrs,,,Red,,,,,'10713579,200.0,shopify,23211,continue,manual,799.00,0.00,true,true,,,,,'10713579,,,,,,,,,,,,,,,,,,,,,,,,,,,,,,,,,,,,,,,,,,,,,,,https://cdn.shopify.com/s/files/1/0618/2368/0740/files/17_819f4a8d-c494-4a5e-97a3-04e567e45502.png?v=1719671344,kg,,,,,,
spider-man-ii-kids-t-shirt-copy,,,,,,,,,5-6 yrs,,,Yellow,,,,,'10713580,200.0,shopify,23211,continue,manual,799.00,,true,true,,,,,'10713580,,,,,,,,,,,,,,,,,,,,,,,,,,,,,,,,,,,,,,,,,,,,,,,https://cdn.shopify.com/s/files/1/0618/2368/0740/files/21_2eaad64d-a3de-490f-821b-20f1fb16f739.png?v=1719671344,kg,,,,,,
spider-man-ii-kids-t-shirt-copy,,,,,,,,,5-6 yrs,,,Royal Blue,,,,,'10713581,200.0,shopify,23211,continue,manual,799.00,,true,true,,,,,'10713581,,,,,,,,,,,,,,,,,,,,,,,,,,,,,,,,,,,,,,,,,,,,,,,https://cdn.shopify.com/s/files/1/0618/2368/0740/files/19_7d9819fd-206c-4deb-a543-6ef54be459cb.png?v=1719671344,kg,,,,,,
spider-man-ii-kids-t-shirt-copy,,,,,,,,,5-6 yrs,,,White,,,,,'10713582,200.0,shopify,23210,continue,manual,799.00,,true,true,,,,,'10713582,,,,,,,,,,,,,,,,,,,,,,,,,,,,,,,,,,,,,,,,,,,,,,,https://cdn.shopify.com/s/files/1/0618/2368/0740/files/15_a758d310-3326-4f9c-a848-25639d1ee87d.png?v=1719671344,kg,,,,,,
spider-man-ii-kids-t-shirt-copy,,,,,,,,,5-6 yrs,,,Bottle green,,,,,'10713583,200.0,shopify,23211,continue,manual,799.00,,true,true,,,,,'10713583,,,,,,,,,,,,,,,,,,,,,,,,,,,,,,,,,,,,,,,,,,,,,,,https://cdn.shopify.com/s/files/1/0618/2368/0740/files/23_1e359b7f-0b8a-4cc9-8053-2bc0fb6ec9b8.png?v=1719669346,kg,,,,,,
spider-man-ii-kids-t-shirt-copy,,,,,,,,,5-6 yrs,,,Orange,,,,,'10713584,200.0,shopify,23211,continue,manual,799.00,,true,true,,,,,'10713584,,,,,,,,,,,,,,,,,,,,,,,,,,,,,,,,,,,,,,,,,,,,,,,https://cdn.shopify.com/s/files/1/0618/2368/0740/files/18_df47c6f4-0dea-4ecc-9ab4-a9cfdebaebd2.png?v=1719671344,kg,,,,,,
spider-man-ii-kids-t-shirt-copy,,,,,,,,,5-6 yrs,,,Mahroon,,,,,'10713585,200.0,shopify,23211,continue,manual,799.00,,true,true,,,,,'10713585,,,,,,,,,,,,,,,,,,,,,,,,,,,,,,,,,,,,,,,,,,,,,,,https://cdn.shopify.com/s/files/1/0618/2368/0740/files/20_065ab760-373f-419d-b413-b4fb8ea31467.png?v=1719671344,kg,,,,,,
spider-man-ii-kids-t-shirt-copy,,,,,,,,,5-6 yrs,,,Green,,,,,'10713586,200.0,shopify,23211,continue,manual,799.00,,true,true,,,,,'10713586,,,,,,,,,,,,,,,,,,,,,,,,,,,,,,,,,,,,,,,,,,,,,,,https://cdn.shopify.com/s/files/1/0618/2368/0740/files/24_a6678226-c254-4f1c-808d-6e5e7e41222f.png?v=1719669346,kg,,,,,,
spider-man-ii-kids-t-shirt-copy,,,,,,,,,5-6 yrs,,,Navy Blue,,,,,'10713587,200.0,shopify,23211,continue,manual,799.00,,true,true,,,,,'10713587,,,,,,,,,,,,,,,,,,,,,,,,,,,,,,,,,,,,,,,,,,,,,,,https://cdn.shopify.com/s/files/1/0618/2368/0740/files/22_f4a28841-bf12-4e55-90e4-72a7dda4bc6e.png?v=1719671344,kg,,,,,,
spider-man-ii-kids-t-shirt-copy,,,,,,,,,7-8 yrs,,,Black,,,,,'10713588,200.0,shopify,11652,continue,manual,799.00,,true,true,,,,,'10713588,,,,,,,,,,,,,,,,,,,,,,,,,,,,,,,,,,,,,,,,,,,,,,,https://cdn.shopify.com/s/files/1/0618/2368/0740/files/16_ce66ca3e-84f1-4f0d-91ba-6c408575f294.png?v=1719669345,kg,,,,,,
spider-man-ii-kids-t-shirt-copy,,,,,,,,,7-8 yrs,,,Red,,,,,'10713589,200.0,shopify,11653,continue,manual,799.00,,true,true,,,,,'10713589,,,,,,,,,,,,,,,,,,,,,,,,,,,,,,,,,,,,,,,,,,,,,,,https://cdn.shopify.com/s/files/1/0618/2368/0740/files/17_819f4a8d-c494-4a5e-97a3-04e567e45502.png?v=1719671344,kg,,,,,,
spider-man-ii-kids-t-shirt-copy,,,,,,,,,7-8 yrs,,,Yellow,,,,,'10713590,200.0,shopify,11653,continue,manual,799.00,,true,true,,,,,'10713590,,,,,,,,,,,,,,,,,,,,,,,,,,,,,,,,,,,,,,,,,,,,,,,https://cdn.shopify.com/s/files/1/0618/2368/0740/files/21_2eaad64d-a3de-490f-821b-20f1fb16f739.png?v=1719671344,kg,,,,,,
spider-man-ii-kids-t-shirt-copy,,,,,,,,,7-8 yrs,,,Royal Blue,,,,,'10713591,200.0,shopify,11653,continue,manual,799.00,,true,true,,,,,'10713591,,,,,,,,,,,,,,,,,,,,,,,,,,,,,,,,,,,,,,,,,,,,,,,https://cdn.shopify.com/s/files/1/0618/2368/0740/files/19_7d9819fd-206c-4deb-a543-6ef54be459cb.png?v=1719671344,kg,,,,,,
spider-man-ii-kids-t-shirt-copy,,,,,,,,,7-8 yrs,,,White,,,,,'10713592,200.0,shopify,11653,continue,manual,799.00,,true,true,,,,,'10713592,,,,,,,,,,,,,,,,,,,,,,,,,,,,,,,,,,,,,,,,,,,,,,,https://cdn.shopify.com/s/files/1/0618/2368/0740/files/15_a758d310-3326-4f9c-a848-25639d1ee87d.png?v=1719671344,kg,,,,,,
spider-man-ii-kids-t-shirt-copy,,,,,,,,,7-8 yrs,,,Bottle green,,,,,'10713593,200.0,shopify,11653,continue,manual,799.00,,true,true,,,,,'10713593,,,,,,,,,,,,,,,,,,,,,,,,,,,,,,,,,,,,,,,,,,,,,,,https://cdn.shopify.com/s/files/1/0618/2368/0740/files/23_1e359b7f-0b8a-4cc9-8053-2bc0fb6ec9b8.png?v=1719669346,kg,,,,,,
spider-man-ii-kids-t-shirt-copy,,,,,,,,,7-8 yrs,,,Orange,,,,,'10713594,200.0,shopify,11653,continue,manual,799.00,,true,true,,,,,'10713594,,,,,,,,,,,,,,,,,,,,,,,,,,,,,,,,,,,,,,,,,,,,,,,https://cdn.shopify.com/s/files/1/0618/2368/0740/files/18_df47c6f4-0dea-4ecc-9ab4-a9cfdebaebd2.png?v=1719671344,kg,,,,,,
spider-man-ii-kids-t-shirt-copy,,,,,,,,,7-8 yrs,,,Mahroon,,,,,'10713595,200.0,shopify,11653,continue,manual,799.00,,true,true,,,,,'10713595,,,,,,,,,,,,,,,,,,,,,,,,,,,,,,,,,,,,,,,,,,,,,,,https://cdn.shopify.com/s/files/1/0618/2368/0740/files/20_065ab760-373f-419d-b413-b4fb8ea31467.png?v=1719671344,kg,,,,,,
spider-man-ii-kids-t-shirt-copy,,,,,,,,,7-8 yrs,,,Green,,,,,'10713596,200.0,shopify,11653,continue,manual,799.00,,true,true,,,,,'10713596,,,,,,,,,,,,,,,,,,,,,,,,,,,,,,,,,,,,,,,,,,,,,,,https://cdn.shopify.com/s/files/1/0618/2368/0740/files/24_a6678226-c254-4f1c-808d-6e5e7e41222f.png?v=1719669346,kg,,,,,,
spider-man-ii-kids-t-shirt-copy,,,,,,,,,7-8 yrs,,,Navy Blue,,,,,'10713597,200.0,shopify,11653,continue,manual,799.00,,true,true,,,,,'10713597,,,,,,,,,,,,,,,,,,,,,,,,,,,,,,,,,,,,,,,,,,,,,,,https://cdn.shopify.com/s/files/1/0618/2368/0740/files/22_f4a28841-bf12-4e55-90e4-72a7dda4bc6e.png?v=1719671344,kg,,,,,,
spider-man-ii-kids-t-shirt-copy,,,,,,,,,9-10 yrs,,,Black,,,,,'10713598,200.0,shopify,199875,continue,manual,899.00,,true,true,,,,,'10713598,,,,,,,,,,,,,,,,,,,,,,,,,,,,,,,,,,,,,,,,,,,,,,,https://cdn.shopify.com/s/files/1/0618/2368/0740/files/16_ce66ca3e-84f1-4f0d-91ba-6c408575f294.png?v=1719669345,kg,,,,,,
spider-man-ii-kids-t-shirt-copy,,,,,,,,,9-10 yrs,,,Red,,,,,'10713599,200.0,shopify,199876,continue,manual,899.00,,true,true,,,,,'10713599,,,,,,,,,,,,,,,,,,,,,,,,,,,,,,,,,,,,,,,,,,,,,,,https://cdn.shopify.com/s/files/1/0618/2368/0740/files/17_819f4a8d-c494-4a5e-97a3-04e567e45502.png?v=1719671344,kg,,,,,,
spider-man-ii-kids-t-shirt-copy,,,,,,,,,9-10 yrs,,,Yellow,,,,,'10713600,200.0,shopify,199876,continue,manual,899.00,,true,true,,,,,'10713600,,,,,,,,,,,,,,,,,,,,,,,,,,,,,,,,,,,,,,,,,,,,,,,https://cdn.shopify.com/s/files/1/0618/2368/0740/files/21_2eaad64d-a3de-490f-821b-20f1fb16f739.png?v=1719671344,kg,,,,,,
spider-man-ii-kids-t-shirt-copy,,,,,,,,,9-10 yrs,,,Royal Blue,,,,,'10713601,200.0,shopify,199876,continue,manual,899.00,,true,true,,,,,'10713601,,,,,,,,,,,,,,,,,,,,,,,,,,,,,,,,,,,,,,,,,,,,,,,https://cdn.shopify.com/s/files/1/0618/2368/0740/files/19_7d9819fd-206c-4deb-a543-6ef54be459cb.png?v=1719671344,kg,,,,,,
spider-man-ii-kids-t-shirt-copy,,,,,,,,,9-10 yrs,,,White,,,,,'10713602,200.0,shopify,199876,continue,manual,899.00,,true,true,,,,,'10713602,,,,,,,,,,,,,,,,,,,,,,,,,,,,,,,,,,,,,,,,,,,,,,,https://cdn.shopify.com/s/files/1/0618/2368/0740/files/15_a758d310-3326-4f9c-a848-25639d1ee87d.png?v=1719671344,kg,,,,,,
spider-man-ii-kids-t-shirt-copy,,,,,,,,,9-10 yrs,,,Bottle green,,,,,'10713603,200.0,shopify,199876,continue,manual,899.00,,true,true,,,,,'10713603,,,,,,,,,,,,,,,,,,,,,,,,,,,,,,,,,,,,,,,,,,,,,,,https://cdn.shopify.com/s/files/1/0618/2368/0740/files/23_1e359b7f-0b8a-4cc9-8053-2bc0fb6ec9b8.png?v=1719669346,kg,,,,,,
spider-man-ii-kids-t-shirt-copy,,,,,,,,,9-10 yrs,,,Orange,,,,,'10713604,200.0,shopify,199876,continue,manual,899.00,,true,true,,,,,'10713604,,,,,,,,,,,,,,,,,,,,,,,,,,,,,,,,,,,,,,,,,,,,,,,https://cdn.shopify.com/s/files/1/0618/2368/0740/files/18_df47c6f4-0dea-4ecc-9ab4-a9cfdebaebd2.png?v=1719671344,kg,,,,,,
spider-man-ii-kids-t-shirt-copy,,,,,,,,,9-10 yrs,,,Mahroon,,,,,'10713605,200.0,shopify,199876,continue,manual,899.00,,true,true,,,,,'10713605,,,,,,,,,,,,,,,,,,,,,,,,,,,,,,,,,,,,,,,,,,,,,,,https://cdn.shopify.com/s/files/1/0618/2368/0740/files/20_065ab760-373f-419d-b413-b4fb8ea31467.png?v=1719671344,kg,,,,,,
spider-man-ii-kids-t-shirt-copy,,,,,,,,,9-10 yrs,,,Green,,,,,'10713606,200.0,shopify,199876,continue,manual,899.00,,true,true,,,,,'10713606,,,,,,,,,,,,,,,,,,,,,,,,,,,,,,,,,,,,,,,,,,,,,,,https://cdn.shopify.com/s/files/1/0618/2368/0740/files/24_a6678226-c254-4f1c-808d-6e5e7e41222f.png?v=1719669346,kg,,,,,,
spider-man-ii-kids-t-shirt-copy,,,,,,,,,9-10 yrs,,,Navy Blue,,,,,'10713607,200.0,shopify,199876,continue,manual,899.00,,true,true,,,,,'10713607,,,,,,,,,,,,,,,,,,,,,,,,,,,,,,,,,,,,,,,,,,,,,,,https://cdn.shopify.com/s/files/1/0618/2368/0740/files/22_f4a28841-bf12-4e55-90e4-72a7dda4bc6e.png?v=1719671344,kg,,,,,,
spider-man-ii-kids-t-shirt-copy,,,,,,,,,11-12 yrs,,,Black,,,,,'10713608,200.0,shopify,121432,continue,manual,899.00,,true,true,,,,,'10713608,,,,,,,,,,,,,,,,,,,,,,,,,,,,,,,,,,,,,,,,,,,,,,,https://cdn.shopify.com/s/files/1/0618/2368/0740/files/16_ce66ca3e-84f1-4f0d-91ba-6c408575f294.png?v=1719669345,kg,,,,,,
spider-man-ii-kids-t-shirt-copy,,,,,,,,,11-12 yrs,,,Red,,,,,'10713609,200.0,shopify,121432,continue,manual,899.00,,true,true,,,,,'10713609,,,,,,,,,,,,,,,,,,,,,,,,,,,,,,,,,,,,,,,,,,,,,,,https://cdn.shopify.com/s/files/1/0618/2368/0740/files/17_819f4a8d-c494-4a5e-97a3-04e567e45502.png?v=1719671344,kg,,,,,,
spider-man-ii-kids-t-shirt-copy,,,,,,,,,11-12 yrs,,,Yellow,,,,,'10713610,200.0,shopify,121432,continue,manual,899.00,,true,true,,,,,'10713610,,,,,,,,,,,,,,,,,,,,,,,,,,,,,,,,,,,,,,,,,,,,,,,https://cdn.shopify.com/s/files/1/0618/2368/0740/files/21_2eaad64d-a3de-490f-821b-20f1fb16f739.png?v=1719671344,kg,,,,,,
spider-man-ii-kids-t-shirt-copy,,,,,,,,,11-12 yrs,,,Royal Blue,,,,,'10713611,200.0,shopify,121432,continue,manual,899.00,,true,true,,,,,'10713611,,,,,,,,,,,,,,,,,,,,,,,,,,,,,,,,,,,,,,,,,,,,,,,https://cdn.shopify.com/s/files/1/0618/2368/0740/files/19_7d9819fd-206c-4deb-a543-6ef54be459cb.png?v=1719671344,kg,,,,,,
spider-man-ii-kids-t-shirt-copy,,,,,,,,,11-12 yrs,,,White,,,,,'10713612,200.0,shopify,121432,continue,manual,899.00,,true,true,,,,,'10713612,,,,,,,,,,,,,,,,,,,,,,,,,,,,,,,,,,,,,,,,,,,,,,,https://cdn.shopify.com/s/files/1/0618/2368/0740/files/15_a758d310-3326-4f9c-a848-25639d1ee87d.png?v=1719671344,kg,,,,,,
spider-man-ii-kids-t-shirt-copy,,,,,,,,,11-12 yrs,,,Bottle green,,,,,'10713613,200.0,shopify,121432,continue,manual,899.00,,true,true,,,,,'10713613,,,,,,,,,,,,,,,,,,,,,,,,,,,,,,,,,,,,,,,,,,,,,,,https://cdn.shopify.com/s/files/1/0618/2368/0740/files/23_1e359b7f-0b8a-4cc9-8053-2bc0fb6ec9b8.png?v=1719669346,kg,,,,,,
spider-man-ii-kids-t-shirt-copy,,,,,,,,,11-12 yrs,,,Orange,,,,,'10713614,200.0,shopify,121432,continue,manual,899.00,,true,true,,,,,'10713614,,,,,,,,,,,,,,,,,,,,,,,,,,,,,,,,,,,,,,,,,,,,,,,https://cdn.shopify.com/s/files/1/0618/2368/0740/files/18_df47c6f4-0dea-4ecc-9ab4-a9cfdebaebd2.png?v=1719671344,kg,,,,,,
spider-man-ii-kids-t-shirt-copy,,,,,,,,,11-12 yrs,,,Mahroon,,,,,'10713615,200.0,shopify,121432,continue,manual,899.00,,true,true,,,,,'10713615,,,,,,,,,,,,,,,,,,,,,,,,,,,,,,,,,,,,,,,,,,,,,,,https://cdn.shopify.com/s/files/1/0618/2368/0740/files/20_065ab760-373f-419d-b413-b4fb8ea31467.png?v=1719671344,kg,,,,,,
spider-man-ii-kids-t-shirt-copy,,,,,,,,,11-12 yrs,,,Green,,,,,'10713616,200.0,shopify,121432,continue,manual,899.00,,true,true,,,,,'10713616,,,,,,,,,,,,,,,,,,,,,,,,,,,,,,,,,,,,,,,,,,,,,,,https://cdn.shopify.com/s/files/1/0618/2368/0740/files/24_a6678226-c254-4f1c-808d-6e5e7e41222f.png?v=1719669346,kg,,,,,,
spider-man-ii-kids-t-shirt-copy,,,,,,,,,11-12 yrs,,,Navy Blue,,,,,'10713617,200.0,shopify,121432,continue,manual,899.00,,true,true,,,,,'10713617,,,,,,,,,,,,,,,,,,,,,,,,,,,,,,,,,,,,,,,,,,,,,,,https://cdn.shopify.com/s/files/1/0618/2368/0740/files/22_f4a28841-bf12-4e55-90e4-72a7dda4bc6e.png?v=1719671344,kg,,,,,,
spider-man-ii-kids-t-shirt-copy,,,,,,,,,13-14 yrs,,,Black,,,,,'10713618,200.0,shopify,100,continue,manual,999.00,,true,true,,,,,'10713618,,,,,,,,,,,,,,,,,,,,,,,,,,,,,,,,,,,,,,,,,,,,,,,https://cdn.shopify.com/s/files/1/0618/2368/0740/files/16_ce66ca3e-84f1-4f0d-91ba-6c408575f294.png?v=1719669345,kg,,,,,,
spider-man-ii-kids-t-shirt-copy,,,,,,,,,13-14 yrs,,,Red,,,,,'10713619,200.0,shopify,100,continue,manual,999.00,,true,true,,,,,'10713619,,,,,,,,,,,,,,,,,,,,,,,,,,,,,,,,,,,,,,,,,,,,,,,https://cdn.shopify.com/s/files/1/0618/2368/0740/files/16_ce66ca3e-84f1-4f0d-91ba-6c408575f294.png?v=1719669345,kg,,,,,,
spider-man-ii-kids-t-shirt-copy,,,,,,,,,13-14 yrs,,,Yellow,,,,,'10713620,200.0,shopify,100,continue,manual,999.00,,true,true,,,,,'10713620,,,,,,,,,,,,,,,,,,,,,,,,,,,,,,,,,,,,,,,,,,,,,,,https://cdn.shopify.com/s/files/1/0618/2368/0740/files/16_ce66ca3e-84f1-4f0d-91ba-6c408575f294.png?v=1719669345,kg,,,,,,
spider-man-ii-kids-t-shirt-copy,,,,,,,,,13-14 yrs,,,Royal Blue,,,,,'10713621,200.0,shopify,100,continue,manual,999.00,,true,true,,,,,'10713621,,,,,,,,,,,,,,,,,,,,,,,,,,,,,,,,,,,,,,,,,,,,,,,https://cdn.shopify.com/s/files/1/0618/2368/0740/files/16_ce66ca3e-84f1-4f0d-91ba-6c408575f294.png?v=1719669345,kg,,,,,,
spider-man-ii-kids-t-shirt-copy,,,,,,,,,13-14 yrs,,,White,,,,,'10713622,200.0,shopify,100,continue,manual,999.00,,true,true,,,,,'10713622,,,,,,,,,,,,,,,,,,,,,,,,,,,,,,,,,,,,,,,,,,,,,,,https://cdn.shopify.com/s/files/1/0618/2368/0740/files/16_ce66ca3e-84f1-4f0d-91ba-6c408575f294.png?v=1719669345,kg,,,,,,
spider-man-ii-kids-t-shirt-copy,,,,,,,,,13-14 yrs,,,Bottle green,,,,,'10713623,200.0,shopify,100,continue,manual,999.00,,true,true,,,,,'10713623,,,,,,,,,,,,,,,,,,,,,,,,,,,,,,,,,,,,,,,,,,,,,,,https://cdn.shopify.com/s/files/1/0618/2368/0740/files/16_ce66ca3e-84f1-4f0d-91ba-6c408575f294.png?v=1719669345,kg,,,,,,
spider-man-ii-kids-t-shirt-copy,,,,,,,,,13-14 yrs,,,Orange,,,,,'10713624,200.0,shopify,100,continue,manual,999.00,,true,true,,,,,'10713624,,,,,,,,,,,,,,,,,,,,,,,,,,,,,,,,,,,,,,,,,,,,,,,https://cdn.shopify.com/s/files/1/0618/2368/0740/files/16_ce66ca3e-84f1-4f0d-91ba-6c408575f294.png?v=1719669345,kg,,,,,,
spider-man-ii-kids-t-shirt-copy,,,,,,,,,13-14 yrs,,,Mahroon,,,,,'10713625,200.0,shopify,100,continue,manual,999.00,,true,true,,,,,'10713625,,,,,,,,,,,,,,,,,,,,,,,,,,,,,,,,,,,,,,,,,,,,,,,https://cdn.shopify.com/s/files/1/0618/2368/0740/files/16_ce66ca3e-84f1-4f0d-91ba-6c408575f294.png?v=1719669345,kg,,,,,,
spider-man-ii-kids-t-shirt-copy,,,,,,,,,13-14 yrs,,,Green,,,,,'10713626,200.0,shopify,100,continue,manual,999.00,,true,true,,,,,'10713626,,,,,,,,,,,,,,,,,,,,,,,,,,,,,,,,,,,,,,,,,,,,,,,https://cdn.shopify.com/s/files/1/0618/2368/0740/files/16_ce66ca3e-84f1-4f0d-91ba-6c408575f294.png?v=1719669345,kg,,,,,,
spider-man-ii-kids-t-shirt-copy,,,,,,,,,13-14 yrs,,,Navy Blue,,,,,'10706881,200.0,shopify,100,continue,manual,999.00,,true,true,,,,,'10706881,,,,,,,,,,,,,,,,,,,,,,,,,,,,,,,,,,,,,,,,,,,,,,,https://cdn.shopify.com/s/files/1/0618/2368/0740/files/16_ce66ca3e-84f1-4f0d-91ba-6c408575f294.png?v=1719669345,kg,,,,,,
marvel-kids-t-shirt-copy,SNOOPY KIDS T SHIRT,"<h4>SNOOPY KIDS T SHIRT</h4>
<div>Fabric: Soft High-Quality Jersey</div>
<div>Short Sleeve T-Shirt</div>
<div>Round Neck</div>
<div>High Quality DTF Printed </div>
<div>Soft and Comfortable Wear</div>
<div>Easy Wash &amp; Press</div>
<div>Sizes 1-14 years </div>
<div><span>Disclaimer: Colors may vary slightly due to studio lights. </span></div>",BBG FASHION,Apparel & Accessories > Clothing > Clothing Tops > T-Shirts,kids T-Shirts,kids T-Shirts,false,Size,1-2 yrs,,Color,Light Blue,,,,,'10713461,200.0,shopify,24786,continue,manual,799.00,0.00,true,true,,,,,'10713461,https://cdn.shopify.com/s/files/1/0618/2368/0740/files/24_7e0d7162-0817-43cc-b12c-898f74b21726.png?v=1719669324,1,Marvel Kids T Shirt Copy - front view - kids wear Pakistan,false,,,212,,,,,,,,,,,,,,,,,,,,,,,,,,,,,,,,,,,,,,,,https://cdn.shopify.com/s/files/1/0618/2368/0740/files/24_7e0d7162-0817-43cc-b12c-898f74b21726.png?v=1719669324,kg,,,true,,,draft
marvel-kids-t-shirt-copy,,,,,,,,,1-2 yrs,,,Black,,,,,'10713462,200.0,shopify,24786,continue,manual,799.00,0.00,true,true,,,,,'10713462,https://cdn.shopify.com/s/files/1/0618/2368/0740/files/bbg_52c11d4e-abc8-46fd-bf9e-e6c4bd11aaf9.png?v=1719669638,2,Unicorn T Shirt For Kids Copy - back view - kids wear Pakistan,,,,,,,,,,,,,,,,,,,,,,,,,,,,,,,,,,,,,,,,,,,,https://cdn.shopify.com/s/files/1/0618/2368/0740/files/15_f195f56c-3392-4c0b-abce-7f4e3d6472c8.png?v=1719669325,kg,,,,,,
marvel-kids-t-shirt-copy,,,,,,,,,1-2 yrs,,,Grey,,,,,'10713463,200.0,shopify,24785,continue,manual,799.00,0.00,true,true,,,,,'10713463,https://cdn.shopify.com/s/files/1/0618/2368/0740/files/26_7453daeb-751e-47f0-bb06-e4d361e2d89c.png?v=1719673866,3,Marvel Kids T Shirt Copy - side view - kids wear Pakistan,,,,,,,,,,,,,,,,,,,,,,,,,,,,,,,,,,,,,,,,,,,,https://cdn.shopify.com/s/files/1/0618/2368/0740/files/22_d3a80be8-3db4-419c-9ecd-fb820240aac6.png?v=1719673866,kg,,,,,,
marvel-kids-t-shirt-copy,,,,,,,,,1-2 yrs,,,Beige,,,,,'10713464,200.0,shopify,24786,continue,manual,799.00,0.00,true,true,,,,,'10713464,https://cdn.shopify.com/s/files/1/0618/2368/0740/files/17_30caec5d-dff0-45f7-bf02-7c97065d9ae7.png?v=1719673866,4,Marvel Kids T Shirt Copy - detail shot - kids wear Pakistan,,,,,,,,,,,,,,,,,,,,,,,,,,,,,,,,,,,,,,,,,,,,https://cdn.shopify.com/s/files/1/0618/2368/0740/files/28_0b403b5a-d680-4f4a-b81f-a4cbd51960f9.png?v=1719669325,kg,,,,,,
marvel-kids-t-shirt-copy,,,,,,,,,1-2 yrs,,,Red,,,,,'10713465,200.0,shopify,24786,continue,manual,799.00,0.00,true,true,,,,,'10713465,https://cdn.shopify.com/s/files/1/0618/2368/0740/files/18_eff829ee-da9a-43f1-a9fb-4e88e5d3527b.png?v=1719673866,5,Marvel Kids T Shirt Copy - front view - kids wear Pakistan,,,,,,,,,,,,,,,,,,,,,,,,,,,,,,,,,,,,,,,,,,,,https://cdn.shopify.com/s/files/1/0618/2368/0740/files/17_30caec5d-dff0-45f7-bf02-7c97065d9ae7.png?v=1719673866,kg,,,,,,
marvel-kids-t-shirt-copy,,,,,,,,,1-2 yrs,,,Yellow,,,,,'10713466,200.0,shopify,24786,continue,manual,799.00,0.00,true,true,,,,,'10713466,https://cdn.shopify.com/s/files/1/0618/2368/0740/files/19_e7faddc0-35bd-45c1-8ed3-858ba7d1d595.png?v=1719673866,6,Marvel Kids T Shirt Copy - back view - kids wear Pakistan,,,,,,,,,,,,,,,,,,,,,,,,,,,,,,,,,,,,,,,,,,,,https://cdn.shopify.com/s/files/1/0618/2368/0740/files/23_66a1b052-6fb3-4d49-889e-09e21d95aeb3.png?v=1719669325,kg,,,,,,
marvel-kids-t-shirt-copy,,,,,,,,,1-2 yrs,,,Royal Blue,,,,,'10713467,200.0,shopify,24786,continue,manual,799.00,0.00,true,true,,,,,'10713467,https://cdn.shopify.com/s/files/1/0618/2368/0740/files/20_0bb90fb6-120e-4bda-b02c-6c0572e3b54c.png?v=1719673866,7,Marvel Kids T Shirt Copy - side view - kids wear Pakistan,,,,,,,,,,,,,,,,,,,,,,,,,,,,,,,,,,,,,,,,,,,,https://cdn.shopify.com/s/files/1/0618/2368/0740/files/19_e7faddc0-35bd-45c1-8ed3-858ba7d1d595.png?v=1719673866,kg,,,,,,
marvel-kids-t-shirt-copy,,,,,,,,,1-2 yrs,,,White,,,,,'10713468,200.0,shopify,24786,continue,manual,799.00,0.00,true,true,,,,,'10713468,https://cdn.shopify.com/s/files/1/0618/2368/0740/files/21_ee9849b9-6205-4cdb-9711-1a8de03bc041.png?v=1719673866,8,Marvel Kids T Shirt Copy - detail shot - kids wear Pakistan,,,,,,,,,,,,,,,,,,,,,,,,,,,,,,,,,,,,,,,,,,,,https://cdn.shopify.com/s/files/1/0618/2368/0740/files/16_b0423c6b-8090-4c51-a6de-08c6e76194a9.png?v=1719669325,kg,,,,,,
marvel-kids-t-shirt-copy,,,,,,,,,1-2 yrs,,,Pink,,,,,'10713469,200.0,shopify,24786,continue,manual,799.00,0.00,true,true,,,,,'10713469,https://cdn.shopify.com/s/files/1/0618/2368/0740/files/22_d3a80be8-3db4-419c-9ecd-fb820240aac6.png?v=1719673866,9,Marvel Kids T Shirt Copy - front view - kids wear Pakistan,,,,,,,,,,,,,,,,,,,,,,,,,,,,,,,,,,,,,,,,,,,,https://cdn.shopify.com/s/files/1/0618/2368/0740/files/20_0bb90fb6-120e-4bda-b02c-6c0572e3b54c.png?v=1719673866,kg,,,,,,
marvel-kids-t-shirt-copy,,,,,,,,,1-2 yrs,,,Bottle green,,,,,'10713470,200.0,shopify,24786,continue,manual,799.00,0.00,true,true,,,,,'10713470,https://cdn.shopify.com/s/files/1/0618/2368/0740/files/23_66a1b052-6fb3-4d49-889e-09e21d95aeb3.png?v=1719669325,10,Marvel Kids T Shirt Copy - back view - kids wear Pakistan,,,,,,,,,,,,,,,,,,,,,,,,,,,,,,,,,,,,,,,,,,,,https://cdn.shopify.com/s/files/1/0618/2368/0740/files/26_7453daeb-751e-47f0-bb06-e4d361e2d89c.png?v=1719673866,kg,,,,,,
marvel-kids-t-shirt-copy,,,,,,,,,1-2 yrs,,,Orange,,,,,'10713471,200.0,shopify,24786,continue,manual,799.00,0.00,true,true,,,,,'10713471,https://cdn.shopify.com/s/files/1/0618/2368/0740/files/25_ac6a966c-6b97-418c-af5c-0575ea987fd5.png?v=1719669325,11,Marvel Kids T Shirt Copy - side view - kids wear Pakistan,,,,,,,,,,,,,,,,,,,,,,,,,,,,,,,,,,,,,,,,,,,,https://cdn.shopify.com/s/files/1/0618/2368/0740/files/18_eff829ee-da9a-43f1-a9fb-4e88e5d3527b.png?v=1719673866,kg,,,,,,
marvel-kids-t-shirt-copy,,,,,,,,,1-2 yrs,,,Mahroon,,,,,'10713472,200.0,shopify,24786,continue,manual,799.00,0.00,true,true,,,,,'10713472,https://cdn.shopify.com/s/files/1/0618/2368/0740/files/27_146c53a7-e85e-4496-b8dc-9182226bbbbd.png?v=1719669325,12,Marvel Kids T Shirt Copy - detail shot - kids wear Pakistan,,,,,,,,,,,,,,,,,,,,,,,,,,,,,,,,,,,,,,,,,,,,https://cdn.shopify.com/s/files/1/0618/2368/0740/files/21_ee9849b9-6205-4cdb-9711-1a8de03bc041.png?v=1719673866,kg,,,,,,
marvel-kids-t-shirt-copy,,,,,,,,,1-2 yrs,,,Green,,,,,'10713473,200.0,shopify,24786,continue,manual,799.00,0.00,true,true,,,,,'10713473,https://cdn.shopify.com/s/files/1/0618/2368/0740/files/28_0b403b5a-d680-4f4a-b81f-a4cbd51960f9.png?v=1719669325,13,Marvel Kids T Shirt Copy - front view - kids wear Pakistan,,,,,,,,,,,,,,,,,,,,,,,,,,,,,,,,,,,,,,,,,,,,https://cdn.shopify.com/s/files/1/0618/2368/0740/files/27_146c53a7-e85e-4496-b8dc-9182226bbbbd.png?v=1719669325,kg,,,,,,
marvel-kids-t-shirt-copy,,,,,,,,,1-2 yrs,,,Navy Blue,,,,,'10713474,200.0,shopify,24786,continue,manual,799.00,0.00,true,true,,,,,'10713474,https://cdn.shopify.com/s/files/1/0618/2368/0740/files/15_f195f56c-3392-4c0b-abce-7f4e3d6472c8.png?v=1719669325,14,Marvel Kids T Shirt Copy - back view - kids wear Pakistan,,,,,,,,,,,,,,,,,,,,,,,,,,,,,,,,,,,,,,,,,,,,https://cdn.shopify.com/s/files/1/0618/2368/0740/files/25_ac6a966c-6b97-418c-af5c-0575ea987fd5.png?v=1719669325,kg,,,,,,
marvel-kids-t-shirt-copy,,,,,,,,,3-4 yrs,,,Light Blue,,,,,'10713475,200.0,shopify,24786,continue,manual,799.00,0.00,true,true,,,,,'10713475,https://cdn.shopify.com/s/files/1/0618/2368/0740/files/16_b0423c6b-8090-4c51-a6de-08c6e76194a9.png?v=1719669325,15,Marvel Kids T Shirt Copy - side view - kids wear Pakistan,,,,,,,,,,,,,,,,,,,,,,,,,,,,,,,,,,,,,,,,,,,,https://cdn.shopify.com/s/files/1/0618/2368/0740/files/24_7e0d7162-0817-43cc-b12c-898f74b21726.png?v=1719669324,kg,,,,,,
marvel-kids-t-shirt-copy,,,,,,,,,3-4 yrs,,,Black,,,,,'10713476,200.0,shopify,24786,continue,manual,799.00,0.00,true,true,,,,,'10713476,,,,,,,,,,,,,,,,,,,,,,,,,,,,,,,,,,,,,,,,,,,,,,,https://cdn.shopify.com/s/files/1/0618/2368/0740/files/15_f195f56c-3392-4c0b-abce-7f4e3d6472c8.png?v=1719669325,kg,,,,,,
marvel-kids-t-shirt-copy,,,,,,,,,3-4 yrs,,,Grey,,,,,'10713477,200.0,shopify,24786,continue,manual,799.00,0.00,true,true,,,,,'10713477,,,,,,,,,,,,,,,,,,,,,,,,,,,,,,,,,,,,,,,,,,,,,,,https://cdn.shopify.com/s/files/1/0618/2368/0740/files/22_d3a80be8-3db4-419c-9ecd-fb820240aac6.png?v=1719673866,kg,,,,,,
marvel-kids-t-shirt-copy,,,,,,,,,3-4 yrs,,,Beige,,,,,'10713478,200.0,shopify,24786,continue,manual,799.00,0.00,true,true,,,,,'10713478,,,,,,,,,,,,,,,,,,,,,,,,,,,,,,,,,,,,,,,,,,,,,,,https://cdn.shopify.com/s/files/1/0618/2368/0740/files/28_0b403b5a-d680-4f4a-b81f-a4cbd51960f9.png?v=1719669325,kg,,,,,,
marvel-kids-t-shirt-copy,,,,,,,,,3-4 yrs,,,Red,,,,,'10713479,200.0,shopify,24786,continue,manual,799.00,0.00,true,true,,,,,'10713479,,,,,,,,,,,,,,,,,,,,,,,,,,,,,,,,,,,,,,,,,,,,,,,https://cdn.shopify.com/s/files/1/0618/2368/0740/files/17_30caec5d-dff0-45f7-bf02-7c97065d9ae7.png?v=1719673866,kg,,,,,,
marvel-kids-t-shirt-copy,,,,,,,,,3-4 yrs,,,Yellow,,,,,'10713480,200.0,shopify,24786,continue,manual,799.00,0.00,true,true,,,,,'10713480,,,,,,,,,,,,,,,,,,,,,,,,,,,,,,,,,,,,,,,,,,,,,,,https://cdn.shopify.com/s/files/1/0618/2368/0740/files/23_66a1b052-6fb3-4d49-889e-09e21d95aeb3.png?v=1719669325,kg,,,,,,
marvel-kids-t-shirt-copy,,,,,,,,,3-4 yrs,,,Royal Blue,,,,,'10713481,200.0,shopify,24786,continue,manual,799.00,0.00,true,true,,,,,'10713481,,,,,,,,,,,,,,,,,,,,,,,,,,,,,,,,,,,,,,,,,,,,,,,https://cdn.shopify.com/s/files/1/0618/2368/0740/files/19_e7faddc0-35bd-45c1-8ed3-858ba7d1d595.png?v=1719673866,kg,,,,,,
marvel-kids-t-shirt-copy,,,,,,,,,3-4 yrs,,,White,,,,,'10713482,200.0,shopify,24786,continue,manual,799.00,0.00,true,true,,,,,'10713482,,,,,,,,,,,,,,,,,,,,,,,,,,,,,,,,,,,,,,,,,,,,,,,https://cdn.shopify.com/s/files/1/0618/2368/0740/files/16_b0423c6b-8090-4c51-a6de-08c6e76194a9.png?v=1719669325,kg,,,,,,
marvel-kids-t-shirt-copy,,,,,,,,,3-4 yrs,,,Pink,,,,,'10713483,200.0,shopify,24786,continue,manual,799.00,0.00,true,true,,,,,'10713483,,,,,,,,,,,,,,,,,,,,,,,,,,,,,,,,,,,,,,,,,,,,,,,https://cdn.shopify.com/s/files/1/0618/2368/0740/files/20_0bb90fb6-120e-4bda-b02c-6c0572e3b54c.png?v=1719673866,kg,,,,,,
marvel-kids-t-shirt-copy,,,,,,,,,3-4 yrs,,,Bottle green,,,,,'10713484,200.0,shopify,24786,continue,manual,799.00,0.00,true,true,,,,,'10713484,,,,,,,,,,,,,,,,,,,,,,,,,,,,,,,,,,,,,,,,,,,,,,,https://cdn.shopify.com/s/files/1/0618/2368/0740/files/26_7453daeb-751e-47f0-bb06-e4d361e2d89c.png?v=1719673866,kg,,,,,,
marvel-kids-t-shirt-copy,,,,,,,,,3-4 yrs,,,Orange,,,,,'10713485,200.0,shopify,24786,continue,manual,799.00,0.00,true,true,,,,,'10713485,,,,,,,,,,,,,,,,,,,,,,,,,,,,,,,,,,,,,,,,,,,,,,,https://cdn.shopify.com/s/files/1/0618/2368/0740/files/18_eff829ee-da9a-43f1-a9fb-4e88e5d3527b.png?v=1719673866,kg,,,,,,
marvel-kids-t-shirt-copy,,,,,,,,,3-4 yrs,,,Mahroon,,,,,'10713486,200.0,shopify,24786,continue,manual,799.00,0.00,true,true,,,,,'10713486,,,,,,,,,,,,,,,,,,,,,,,,,,,,,,,,,,,,,,,,,,,,,,,https://cdn.shopify.com/s/files/1/0618/2368/0740/files/21_ee9849b9-6205-4cdb-9711-1a8de03bc041.png?v=1719673866,kg,,,,,,
marvel-kids-t-shirt-copy,,,,,,,,,3-4 yrs,,,Green,,,,,'10713487,200.0,shopify,24786,continue,manual,799.00,0.00,true,true,,,,,'10713487,,,,,,,,,,,,,,,,,,,,,,,,,,,,,,,,,,,,,,,,,,,,,,,https://cdn.shopify.com/s/files/1/0618/2368/0740/files/27_146c53a7-e85e-4496-b8dc-9182226bbbbd.png?v=1719669325,kg,,,,,,
marvel-kids-t-shirt-copy,,,,,,,,,3-4 yrs,,,Navy Blue,,,,,'10713488,200.0,shopify,24786,continue,manual,799.00,0.00,true,true,,,,,'10713488,,,,,,,,,,,,,,,,,,,,,,,,,,,,,,,,,,,,,,,,,,,,,,,https://cdn.shopify.com/s/files/1/0618/2368/0740/files/25_ac6a966c-6b97-418c-af5c-0575ea987fd5.png?v=1719669325,kg,,,,,,
marvel-kids-t-shirt-copy,,,,,,,,,5-6 yrs,,,Light Blue,,,,,'10713489,200.0,shopify,23211,continue,manual,799.00,0.00,true,true,,,,,'10713489,,,,,,,,,,,,,,,,,,,,,,,,,,,,,,,,,,,,,,,,,,,,,,,https://cdn.shopify.com/s/files/1/0618/2368/0740/files/24_7e0d7162-0817-43cc-b12c-898f74b21726.png?v=1719669324,kg,,,,,,
marvel-kids-t-shirt-copy,,,,,,,,,5-6 yrs,,,Black,,,,,'10713490,200.0,shopify,23211,continue,manual,799.00,0.00,true,true,,,,,'10713490,,,,,,,,,,,,,,,,,,,,,,,,,,,,,,,,,,,,,,,,,,,,,,,https://cdn.shopify.com/s/files/1/0618/2368/0740/files/15_f195f56c-3392-4c0b-abce-7f4e3d6472c8.png?v=1719669325,kg,,,,,,
marvel-kids-t-shirt-copy,,,,,,,,,5-6 yrs,,,Grey,,,,,'10713491,200.0,shopify,23211,continue,manual,799.00,0.00,true,true,,,,,'10713491,,,,,,,,,,,,,,,,,,,,,,,,,,,,,,,,,,,,,,,,,,,,,,,https://cdn.shopify.com/s/files/1/0618/2368/0740/files/22_d3a80be8-3db4-419c-9ecd-fb820240aac6.png?v=1719673866,kg,,,,,,
marvel-kids-t-shirt-copy,,,,,,,,,5-6 yrs,,,Beige,,,,,'10713492,200.0,shopify,23211,continue,manual,799.00,0.00,true,true,,,,,'10713492,,,,,,,,,,,,,,,,,,,,,,,,,,,,,,,,,,,,,,,,,,,,,,,https://cdn.shopify.com/s/files/1/0618/2368/0740/files/28_0b403b5a-d680-4f4a-b81f-a4cbd51960f9.png?v=1719669325,kg,,,,,,
marvel-kids-t-shirt-copy,,,,,,,,,5-6 yrs,,,Red,,,,,'10713493,200.0,shopify,23211,continue,manual,799.00,0.00,true,true,,,,,'10713493,,,,,,,,,,,,,,,,,,,,,,,,,,,,,,,,,,,,,,,,,,,,,,,https://cdn.shopify.com/s/files/1/0618/2368/0740/files/17_30caec5d-dff0-45f7-bf02-7c97065d9ae7.png?v=1719673866,kg,,,,,,
marvel-kids-t-shirt-copy,,,,,,,,,5-6 yrs,,,Yellow,,,,,'10713494,200.0,shopify,23211,continue,manual,799.00,0.00,true,true,,,,,'10713494,,,,,,,,,,,,,,,,,,,,,,,,,,,,,,,,,,,,,,,,,,,,,,,https://cdn.shopify.com/s/files/1/0618/2368/0740/files/23_66a1b052-6fb3-4d49-889e-09e21d95aeb3.png?v=1719669325,kg,,,,,,
marvel-kids-t-shirt-copy,,,,,,,,,5-6 yrs,,,Royal Blue,,,,,'10713495,200.0,shopify,23211,continue,manual,799.00,0.00,true,true,,,,,'10713495,,,,,,,,,,,,,,,,,,,,,,,,,,,,,,,,,,,,,,,,,,,,,,,https://cdn.shopify.com/s/files/1/0618/2368/0740/files/19_e7faddc0-35bd-45c1-8ed3-858ba7d1d595.png?v=1719673866,kg,,,,,,
marvel-kids-t-shirt-copy,,,,,,,,,5-6 yrs,,,White,,,,,'10713496,200.0,shopify,23211,continue,manual,799.00,0.00,true,true,,,,,'10713496,,,,,,,,,,,,,,,,,,,,,,,,,,,,,,,,,,,,,,,,,,,,,,,https://cdn.shopify.com/s/files/1/0618/2368/0740/files/16_b0423c6b-8090-4c51-a6de-08c6e76194a9.png?v=1719669325,kg,,,,,,
marvel-kids-t-shirt-copy,,,,,,,,,5-6 yrs,,,Pink,,,,,'10713497,200.0,shopify,23211,continue,manual,799.00,0.00,true,true,,,,,'10713497,,,,,,,,,,,,,,,,,,,,,,,,,,,,,,,,,,,,,,,,,,,,,,,https://cdn.shopify.com/s/files/1/0618/2368/0740/files/20_0bb90fb6-120e-4bda-b02c-6c0572e3b54c.png?v=1719673866,kg,,,,,,
marvel-kids-t-shirt-copy,,,,,,,,,5-6 yrs,,,Bottle green,,,,,'10713498,200.0,shopify,23211,continue,manual,799.00,0.00,true,true,,,,,'10713498,,,,,,,,,,,,,,,,,,,,,,,,,,,,,,,,,,,,,,,,,,,,,,,https://cdn.shopify.com/s/files/1/0618/2368/0740/files/26_7453daeb-751e-47f0-bb06-e4d361e2d89c.png?v=1719673866,kg,,,,,,
marvel-kids-t-shirt-copy,,,,,,,,,5-6 yrs,,,Orange,,,,,'10713499,200.0,shopify,23211,continue,manual,799.00,0.00,true,true,,,,,'10713499,,,,,,,,,,,,,,,,,,,,,,,,,,,,,,,,,,,,,,,,,,,,,,,https://cdn.shopify.com/s/files/1/0618/2368/0740/files/18_eff829ee-da9a-43f1-a9fb-4e88e5d3527b.png?v=1719673866,kg,,,,,,
marvel-kids-t-shirt-copy,,,,,,,,,5-6 yrs,,,Mahroon,,,,,'10713500,200.0,shopify,23211,continue,manual,799.00,0.00,true,true,,,,,'10713500,,,,,,,,,,,,,,,,,,,,,,,,,,,,,,,,,,,,,,,,,,,,,,,https://cdn.shopify.com/s/files/1/0618/2368/0740/files/21_ee9849b9-6205-4cdb-9711-1a8de03bc041.png?v=1719673866,kg,,,,,,
marvel-kids-t-shirt-copy,,,,,,,,,5-6 yrs,,,Green,,,,,'10713501,200.0,shopify,23211,continue,manual,799.00,0.00,true,true,,,,,'10713501,,,,,,,,,,,,,,,,,,,,,,,,,,,,,,,,,,,,,,,,,,,,,,,https://cdn.shopify.com/s/files/1/0618/2368/0740/files/27_146c53a7-e85e-4496-b8dc-9182226bbbbd.png?v=1719669325,kg,,,,,,
marvel-kids-t-shirt-copy,,,,,,,,,5-6 yrs,,,Navy Blue,,,,,'10713502,200.0,shopify,23211,continue,manual,799.00,0.00,true,true,,,,,'10713502,,,,,,,,,,,,,,,,,,,,,,,,,,,,,,,,,,,,,,,,,,,,,,,https://cdn.shopify.com/s/files/1/0618/2368/0740/files/25_ac6a966c-6b97-418c-af5c-0575ea987fd5.png?v=1719669325,kg,,,,,,
marvel-kids-t-shirt-copy,,,,,,,,,7-8 yrs,,,Light Blue,,,,,'10713503,200.0,shopify,11653,continue,manual,799.00,0.00,true,true,,,,,'10713503,,,,,,,,,,,,,,,,,,,,,,,,,,,,,,,,,,,,,,,,,,,,,,,https://cdn.shopify.com/s/files/1/0618/2368/0740/files/24_7e0d7162-0817-43cc-b12c-898f74b21726.png?v=1719669324,kg,,,,,,
marvel-kids-t-shirt-copy,,,,,,,,,7-8 yrs,,,Black,,,,,'10713504,200.0,shopify,11653,continue,manual,799.00,0.00,true,true,,,,,'10713504,,,,,,,,,,,,,,,,,,,,,,,,,,,,,,,,,,,,,,,,,,,,,,,https://cdn.shopify.com/s/files/1/0618/2368/0740/files/15_f195f56c-3392-4c0b-abce-7f4e3d6472c8.png?v=1719669325,kg,,,,,,
marvel-kids-t-shirt-copy,,,,,,,,,7-8 yrs,,,Grey,,,,,'10713505,200.0,shopify,11653,continue,manual,799.00,0.00,true,true,,,,,'10713505,,,,,,,,,,,,,,,,,,,,,,,,,,,,,,,,,,,,,,,,,,,,,,,https://cdn.shopify.com/s/files/1/0618/2368/0740/files/22_d3a80be8-3db4-419c-9ecd-fb820240aac6.png?v=1719673866,kg,,,,,,
marvel-kids-t-shirt-copy,,,,,,,,,7-8 yrs,,,Beige,,,,,'10713506,200.0,shopify,11653,continue,manual,799.00,0.00,true,true,,,,,'10713506,,,,,,,,,,,,,,,,,,,,,,,,,,,,,,,,,,,,,,,,,,,,,,,https://cdn.shopify.com/s/files/1/0618/2368/0740/files/28_0b403b5a-d680-4f4a-b81f-a4cbd51960f9.png?v=1719669325,kg,,,,,,
marvel-kids-t-shirt-copy,,,,,,,,,7-8 yrs,,,Red,,,,,'10713507,200.0,shopify,11652,continue,manual,799.00,0.00,true,true,,,,,'10713507,,,,,,,,,,,,,,,,,,,,,,,,,,,,,,,,,,,,,,,,,,,,,,,https://cdn.shopify.com/s/files/1/0618/2368/0740/files/17_30caec5d-dff0-45f7-bf02-7c97065d9ae7.png?v=1719673866,kg,,,,,,
marvel-kids-t-shirt-copy,,,,,,,,,7-8 yrs,,,Yellow,,,,,'10713508,200.0,shopify,11653,continue,manual,799.00,0.00,true,true,,,,,'10713508,,,,,,,,,,,,,,,,,,,,,,,,,,,,,,,,,,,,,,,,,,,,,,,https://cdn.shopify.com/s/files/1/0618/2368/0740/files/23_66a1b052-6fb3-4d49-889e-09e21d95aeb3.png?v=1719669325,kg,,,,,,
marvel-kids-t-shirt-copy,,,,,,,,,7-8 yrs,,,Royal Blue,,,,,'10713509,200.0,shopify,11653,continue,manual,799.00,0.00,true,true,,,,,'10713509,,,,,,,,,,,,,,,,,,,,,,,,,,,,,,,,,,,,,,,,,,,,,,,https://cdn.shopify.com/s/files/1/0618/2368/0740/files/19_e7faddc0-35bd-45c1-8ed3-858ba7d1d595.png?v=1719673866,kg,,,,,,
marvel-kids-t-shirt-copy,,,,,,,,,7-8 yrs,,,White,,,,,'10713510,200.0,shopify,11653,continue,manual,799.00,0.00,true,true,,,,,'10713510,,,,,,,,,,,,,,,,,,,,,,,,,,,,,,,,,,,,,,,,,,,,,,,https://cdn.shopify.com/s/files/1/0618/2368/0740/files/16_b0423c6b-8090-4c51-a6de-08c6e76194a9.png?v=1719669325,kg,,,,,,
marvel-kids-t-shirt-copy,,,,,,,,,7-8 yrs,,,Pink,,,,,'10713511,200.0,shopify,11653,continue,manual,799.00,0.00,true,true,,,,,'10713511,,,,,,,,,,,,,,,,,,,,,,,,,,,,,,,,,,,,,,,,,,,,,,,https://cdn.shopify.com/s/files/1/0618/2368/0740/files/20_0bb90fb6-120e-4bda-b02c-6c0572e3b54c.png?v=1719673866,kg,,,,,,
marvel-kids-t-shirt-copy,,,,,,,,,7-8 yrs,,,Bottle green,,,,,'10713512,200.0,shopify,11653,continue,manual,799.00,0.00,true,true,,,,,'10713512,,,,,,,,,,,,,,,,,,,,,,,,,,,,,,,,,,,,,,,,,,,,,,,https://cdn.shopify.com/s/files/1/0618/2368/0740/files/26_7453daeb-751e-47f0-bb06-e4d361e2d89c.png?v=1719673866,kg,,,,,,
marvel-kids-t-shirt-copy,,,,,,,,,7-8 yrs,,,Orange,,,,,'10713513,200.0,shopify,11653,continue,manual,799.00,0.00,true,true,,,,,'10713513,,,,,,,,,,,,,,,,,,,,,,,,,,,,,,,,,,,,,,,,,,,,,,,https://cdn.shopify.com/s/files/1/0618/2368/0740/files/18_eff829ee-da9a-43f1-a9fb-4e88e5d3527b.png?v=1719673866,kg,,,,,,
marvel-kids-t-shirt-copy,,,,,,,,,7-8 yrs,,,Mahroon,,,,,'10713514,200.0,shopify,11653,continue,manual,799.00,0.00,true,true,,,,,'10713514,,,,,,,,,,,,,,,,,,,,,,,,,,,,,,,,,,,,,,,,,,,,,,,https://cdn.shopify.com/s/files/1/0618/2368/0740/files/21_ee9849b9-6205-4cdb-9711-1a8de03bc041.png?v=1719673866,kg,,,,,,
marvel-kids-t-shirt-copy,,,,,,,,,7-8 yrs,,,Green,,,,,'10713515,200.0,shopify,11653,continue,manual,799.00,0.00,true,true,,,,,'10713515,,,,,,,,,,,,,,,,,,,,,,,,,,,,,,,,,,,,,,,,,,,,,,,https://cdn.shopify.com/s/files/1/0618/2368/0740/files/27_146c53a7-e85e-4496-b8dc-9182226bbbbd.png?v=1719669325,kg,,,,,,
marvel-kids-t-shirt-copy,,,,,,,,,7-8 yrs,,,Navy Blue,,,,,'10713516,200.0,shopify,11653,continue,manual,799.00,0.00,true,true,,,,,'10713516,,,,,,,,,,,,,,,,,,,,,,,,,,,,,,,,,,,,,,,,,,,,,,,https://cdn.shopify.com/s/files/1/0618/2368/0740/files/25_ac6a966c-6b97-418c-af5c-0575ea987fd5.png?v=1719669325,kg,,,,,,
marvel-kids-t-shirt-copy,,,,,,,,,9-10 yrs,,,Light Blue,,,,,'10713517,200.0,shopify,199874,continue,manual,899.00,0.00,true,true,,,,,'10713517,,,,,,,,,,,,,,,,,,,,,,,,,,,,,,,,,,,,,,,,,,,,,,,https://cdn.shopify.com/s/files/1/0618/2368/0740/files/24_7e0d7162-0817-43cc-b12c-898f74b21726.png?v=1719669324,kg,,,,,,
marvel-kids-t-shirt-copy,,,,,,,,,9-10 yrs,,,Black,,,,,'10713518,200.0,shopify,199876,continue,manual,899.00,0.00,true,true,,,,,'10713518,,,,,,,,,,,,,,,,,,,,,,,,,,,,,,,,,,,,,,,,,,,,,,,https://cdn.shopify.com/s/files/1/0618/2368/0740/files/15_f195f56c-3392-4c0b-abce-7f4e3d6472c8.png?v=1719669325,kg,,,,,,
marvel-kids-t-shirt-copy,,,,,,,,,9-10 yrs,,,Grey,,,,,'10713519,200.0,shopify,199876,continue,manual,899.00,0.00,true,true,,,,,'10713519,,,,,,,,,,,,,,,,,,,,,,,,,,,,,,,,,,,,,,,,,,,,,,,https://cdn.shopify.com/s/files/1/0618/2368/0740/files/22_d3a80be8-3db4-419c-9ecd-fb820240aac6.png?v=1719673866,kg,,,,,,
marvel-kids-t-shirt-copy,,,,,,,,,9-10 yrs,,,Beige,,,,,'10713520,200.0,shopify,199876,continue,manual,899.00,0.00,true,true,,,,,'10713520,,,,,,,,,,,,,,,,,,,,,,,,,,,,,,,,,,,,,,,,,,,,,,,https://cdn.shopify.com/s/files/1/0618/2368/0740/files/28_0b403b5a-d680-4f4a-b81f-a4cbd51960f9.png?v=1719669325,kg,,,,,,
marvel-kids-t-shirt-copy,,,,,,,,,9-10 yrs,,,Red,,,,,'10713521,200.0,shopify,199876,continue,manual,899.00,0.00,true,true,,,,,'10713521,,,,,,,,,,,,,,,,,,,,,,,,,,,,,,,,,,,,,,,,,,,,,,,https://cdn.shopify.com/s/files/1/0618/2368/0740/files/17_30caec5d-dff0-45f7-bf02-7c97065d9ae7.png?v=1719673866,kg,,,,,,
marvel-kids-t-shirt-copy,,,,,,,,,9-10 yrs,,,Yellow,,,,,'10713522,200.0,shopify,199876,continue,manual,899.00,0.00,true,true,,,,,'10713522,,,,,,,,,,,,,,,,,,,,,,,,,,,,,,,,,,,,,,,,,,,,,,,https://cdn.shopify.com/s/files/1/0618/2368/0740/files/23_66a1b052-6fb3-4d49-889e-09e21d95aeb3.png?v=1719669325,kg,,,,,,
marvel-kids-t-shirt-copy,,,,,,,,,9-10 yrs,,,Royal Blue,,,,,'10713523,200.0,shopify,199876,continue,manual,899.00,0.00,true,true,,,,,'10713523,,,,,,,,,,,,,,,,,,,,,,,,,,,,,,,,,,,,,,,,,,,,,,,https://cdn.shopify.com/s/files/1/0618/2368/0740/files/19_e7faddc0-35bd-45c1-8ed3-858ba7d1d595.png?v=1719673866,kg,,,,,,
marvel-kids-t-shirt-copy,,,,,,,,,9-10 yrs,,,White,,,,,'10713524,200.0,shopify,199876,continue,manual,899.00,0.00,true,true,,,,,'10713524,,,,,,,,,,,,,,,,,,,,,,,,,,,,,,,,,,,,,,,,,,,,,,,https://cdn.shopify.com/s/files/1/0618/2368/0740/files/16_b0423c6b-8090-4c51-a6de-08c6e76194a9.png?v=1719669325,kg,,,,,,
marvel-kids-t-shirt-copy,,,,,,,,,9-10 yrs,,,Pink,,,,,'10713525,200.0,shopify,199876,continue,manual,899.00,0.00,true,true,,,,,'10713525,,,,,,,,,,,,,,,,,,,,,,,,,,,,,,,,,,,,,,,,,,,,,,,https://cdn.shopify.com/s/files/1/0618/2368/0740/files/20_0bb90fb6-120e-4bda-b02c-6c0572e3b54c.png?v=1719673866,kg,,,,,,
marvel-kids-t-shirt-copy,,,,,,,,,9-10 yrs,,,Bottle green,,,,,'10713526,200.0,shopify,199876,continue,manual,899.00,0.00,true,true,,,,,'10713526,,,,,,,,,,,,,,,,,,,,,,,,,,,,,,,,,,,,,,,,,,,,,,,https://cdn.shopify.com/s/files/1/0618/2368/0740/files/26_7453daeb-751e-47f0-bb06-e4d361e2d89c.png?v=1719673866,kg,,,,,,
marvel-kids-t-shirt-copy,,,,,,,,,9-10 yrs,,,Orange,,,,,'10713527,200.0,shopify,199876,continue,manual,899.00,0.00,true,true,,,,,'10713527,,,,,,,,,,,,,,,,,,,,,,,,,,,,,,,,,,,,,,,,,,,,,,,https://cdn.shopify.com/s/files/1/0618/2368/0740/files/18_eff829ee-da9a-43f1-a9fb-4e88e5d3527b.png?v=1719673866,kg,,,,,,
marvel-kids-t-shirt-copy,,,,,,,,,9-10 yrs,,,Mahroon,,,,,'10713528,200.0,shopify,199876,continue,manual,899.00,0.00,true,true,,,,,'10713528,,,,,,,,,,,,,,,,,,,,,,,,,,,,,,,,,,,,,,,,,,,,,,,https://cdn.shopify.com/s/files/1/0618/2368/0740/files/21_ee9849b9-6205-4cdb-9711-1a8de03bc041.png?v=1719673866,kg,,,,,,
marvel-kids-t-shirt-copy,,,,,,,,,9-10 yrs,,,Green,,,,,'10713529,200.0,shopify,199876,continue,manual,899.00,0.00,true,true,,,,,'10713529,,,,,,,,,,,,,,,,,,,,,,,,,,,,,,,,,,,,,,,,,,,,,,,https://cdn.shopify.com/s/files/1/0618/2368/0740/files/27_146c53a7-e85e-4496-b8dc-9182226bbbbd.png?v=1719669325,kg,,,,,,
marvel-kids-t-shirt-copy,,,,,,,,,9-10 yrs,,,Navy Blue,,,,,'10713530,200.0,shopify,199876,continue,manual,899.00,0.00,true,true,,,,,'10713530,,,,,,,,,,,,,,,,,,,,,,,,,,,,,,,,,,,,,,,,,,,,,,,https://cdn.shopify.com/s/files/1/0618/2368/0740/files/25_ac6a966c-6b97-418c-af5c-0575ea987fd5.png?v=1719669325,kg,,,,,,
marvel-kids-t-shirt-copy,,,,,,,,,11-12 yrs,,,Light Blue,,,,,'10713531,200.0,shopify,121432,continue,manual,899.00,0.00,true,true,,,,,'10713531,,,,,,,,,,,,,,,,,,,,,,,,,,,,,,,,,,,,,,,,,,,,,,,https://cdn.shopify.com/s/files/1/0618/2368/0740/files/24_7e0d7162-0817-43cc-b12c-898f74b21726.png?v=1719669324,kg,,,,,,
marvel-kids-t-shirt-copy,,,,,,,,,11-12 yrs,,,Black,,,,,'10713532,200.0,shopify,121432,continue,manual,899.00,0.00,true,true,,,,,'10713532,,,,,,,,,,,,,,,,,,,,,,,,,,,,,,,,,,,,,,,,,,,,,,,https://cdn.shopify.com/s/files/1/0618/2368/0740/files/15_f195f56c-3392-4c0b-abce-7f4e3d6472c8.png?v=1719669325,kg,,,,,,
marvel-kids-t-shirt-copy,,,,,,,,,11-12 yrs,,,Grey,,,,,'10713533,200.0,shopify,121432,continue,manual,899.00,0.00,true,true,,,,,'10713533,,,,,,,,,,,,,,,,,,,,,,,,,,,,,,,,,,,,,,,,,,,,,,,https://cdn.shopify.com/s/files/1/0618/2368/0740/files/22_d3a80be8-3db4-419c-9ecd-fb820240aac6.png?v=1719673866,kg,,,,,,
marvel-kids-t-shirt-copy,,,,,,,,,11-12 yrs,,,Beige,,,,,'10713534,200.0,shopify,121432,continue,manual,899.00,0.00,true,true,,,,,'10713534,,,,,,,,,,,,,,,,,,,,,,,,,,,,,,,,,,,,,,,,,,,,,,,https://cdn.shopify.com/s/files/1/0618/2368/0740/files/28_0b403b5a-d680-4f4a-b81f-a4cbd51960f9.png?v=1719669325,kg,,,,,,
marvel-kids-t-shirt-copy,,,,,,,,,11-12 yrs,,,Red,,,,,'10713535,200.0,shopify,121432,continue,manual,899.00,0.00,true,true,,,,,'10713535,,,,,,,,,,,,,,,,,,,,,,,,,,,,,,,,,,,,,,,,,,,,,,,https://cdn.shopify.com/s/files/1/0618/2368/0740/files/17_30caec5d-dff0-45f7-bf02-7c97065d9ae7.png?v=1719673866,kg,,,,,,
marvel-kids-t-shirt-copy,,,,,,,,,11-12 yrs,,,Yellow,,,,,'10713536,200.0,shopify,121432,continue,manual,899.00,0.00,true,true,,,,,'10713536,,,,,,,,,,,,,,,,,,,,,,,,,,,,,,,,,,,,,,,,,,,,,,,https://cdn.shopify.com/s/files/1/0618/2368/0740/files/23_66a1b052-6fb3-4d49-889e-09e21d95aeb3.png?v=1719669325,kg,,,,,,
marvel-kids-t-shirt-copy,,,,,,,,,11-12 yrs,,,Royal Blue,,,,,'10713537,200.0,shopify,121432,continue,manual,899.00,0.00,true,true,,,,,'10713537,,,,,,,,,,,,,,,,,,,,,,,,,,,,,,,,,,,,,,,,,,,,,,,https://cdn.shopify.com/s/files/1/0618/2368/0740/files/19_e7faddc0-35bd-45c1-8ed3-858ba7d1d595.png?v=1719673866,kg,,,,,,
marvel-kids-t-shirt-copy,,,,,,,,,11-12 yrs,,,White,,,,,'10713538,200.0,shopify,121432,continue,manual,899.00,0.00,true,true,,,,,'10713538,,,,,,,,,,,,,,,,,,,,,,,,,,,,,,,,,,,,,,,,,,,,,,,https://cdn.shopify.com/s/files/1/0618/2368/0740/files/16_b0423c6b-8090-4c51-a6de-08c6e76194a9.png?v=1719669325,kg,,,,,,
marvel-kids-t-shirt-copy,,,,,,,,,11-12 yrs,,,Pink,,,,,'10713539,200.0,shopify,121432,continue,manual,899.00,0.00,true,true,,,,,'10713539,,,,,,,,,,,,,,,,,,,,,,,,,,,,,,,,,,,,,,,,,,,,,,,https://cdn.shopify.com/s/files/1/0618/2368/0740/files/20_0bb90fb6-120e-4bda-b02c-6c0572e3b54c.png?v=1719673866,kg,,,,,,
marvel-kids-t-shirt-copy,,,,,,,,,11-12 yrs,,,Bottle green,,,,,'10713540,200.0,shopify,121432,continue,manual,899.00,0.00,true,true,,,,,'10713540,,,,,,,,,,,,,,,,,,,,,,,,,,,,,,,,,,,,,,,,,,,,,,,https://cdn.shopify.com/s/files/1/0618/2368/0740/files/26_7453daeb-751e-47f0-bb06-e4d361e2d89c.png?v=1719673866,kg,,,,,,
marvel-kids-t-shirt-copy,,,,,,,,,11-12 yrs,,,Orange,,,,,'10713541,200.0,shopify,121432,continue,manual,899.00,0.00,true,true,,,,,'10713541,,,,,,,,,,,,,,,,,,,,,,,,,,,,,,,,,,,,,,,,,,,,,,,https://cdn.shopify.com/s/files/1/0618/2368/0740/files/18_eff829ee-da9a-43f1-a9fb-4e88e5d3527b.png?v=1719673866,kg,,,,,,
marvel-kids-t-shirt-copy,,,,,,,,,11-12 yrs,,,Mahroon,,,,,'10713542,200.0,shopify,121432,continue,manual,899.00,0.00,true,true,,,,,'10713542,,,,,,,,,,,,,,,,,,,,,,,,,,,,,,,,,,,,,,,,,,,,,,,https://cdn.shopify.com/s/files/1/0618/2368/0740/files/21_ee9849b9-6205-4cdb-9711-1a8de03bc041.png?v=1719673866,kg,,,,,,
marvel-kids-t-shirt-copy,,,,,,,,,11-12 yrs,,,Green,,,,,'10713543,200.0,shopify,121432,continue,manual,899.00,0.00,true,true,,,,,'10713543,,,,,,,,,,,,,,,,,,,,,,,,,,,,,,,,,,,,,,,,,,,,,,,https://cdn.shopify.com/s/files/1/0618/2368/0740/files/27_146c53a7-e85e-4496-b8dc-9182226bbbbd.png?v=1719669325,kg,,,,,,
marvel-kids-t-shirt-copy,,,,,,,,,11-12 yrs,,,Navy Blue,,,,,'10713544,200.0,shopify,121432,continue,manual,899.00,0.00,true,true,,,,,'10713544,,,,,,,,,,,,,,,,,,,,,,,,,,,,,,,,,,,,,,,,,,,,,,,https://cdn.shopify.com/s/files/1/0618/2368/0740/files/25_ac6a966c-6b97-418c-af5c-0575ea987fd5.png?v=1719669325,kg,,,,,,
marvel-kids-t-shirt-copy,,,,,,,,,13-14 yrs,,,Light Blue,,,,,'10713545,200.0,shopify,100,continue,manual,999.00,0.00,true,true,,,,,'10713545,,,,,,,,,,,,,,,,,,,,,,,,,,,,,,,,,,,,,,,,,,,,,,,https://cdn.shopify.com/s/files/1/0618/2368/0740/files/24_7e0d7162-0817-43cc-b12c-898f74b21726.png?v=1719669324,kg,,,,,,
marvel-kids-t-shirt-copy,,,,,,,,,13-14 yrs,,,Black,,,,,'10713546,200.0,shopify,100,continue,manual,999.00,0.00,true,true,,,,,'10713546,,,,,,,,,,,,,,,,,,,,,,,,,,,,,,,,,,,,,,,,,,,,,,,https://cdn.shopify.com/s/files/1/0618/2368/0740/files/24_7e0d7162-0817-43cc-b12c-898f74b21726.png?v=1719669324,kg,,,,,,
marvel-kids-t-shirt-copy,,,,,,,,,13-14 yrs,,,Grey,,,,,'10713547,200.0,shopify,100,continue,manual,999.00,0.00,true,true,,,,,'10713547,,,,,,,,,,,,,,,,,,,,,,,,,,,,,,,,,,,,,,,,,,,,,,,https://cdn.shopify.com/s/files/1/0618/2368/0740/files/24_7e0d7162-0817-43cc-b12c-898f74b21726.png?v=1719669324,kg,,,,,,
marvel-kids-t-shirt-copy,,,,,,,,,13-14 yrs,,,Beige,,,,,'10713548,200.0,shopify,100,continue,manual,999.00,0.00,true,true,,,,,'10713548,,,,,,,,,,,,,,,,,,,,,,,,,,,,,,,,,,,,,,,,,,,,,,,https://cdn.shopify.com/s/files/1/0618/2368/0740/files/24_7e0d7162-0817-43cc-b12c-898f74b21726.png?v=1719669324,kg,,,,,,
marvel-kids-t-shirt-copy,,,,,,,,,13-14 yrs,,,Red,,,,,'10713549,200.0,shopify,100,continue,manual,999.00,0.00,true,true,,,,,'10713549,,,,,,,,,,,,,,,,,,,,,,,,,,,,,,,,,,,,,,,,,,,,,,,https://cdn.shopify.com/s/files/1/0618/2368/0740/files/24_7e0d7162-0817-43cc-b12c-898f74b21726.png?v=1719669324,kg,,,,,,
marvel-kids-t-shirt-copy,,,,,,,,,13-14 yrs,,,Yellow,,,,,'10713550,200.0,shopify,100,continue,manual,999.00,0.00,true,true,,,,,'10713550,,,,,,,,,,,,,,,,,,,,,,,,,,,,,,,,,,,,,,,,,,,,,,,https://cdn.shopify.com/s/files/1/0618/2368/0740/files/24_7e0d7162-0817-43cc-b12c-898f74b21726.png?v=1719669324,kg,,,,,,
marvel-kids-t-shirt-copy,,,,,,,,,13-14 yrs,,,Royal Blue,,,,,'10713551,200.0,shopify,100,continue,manual,999.00,0.00,true,true,,,,,'10713551,,,,,,,,,,,,,,,,,,,,,,,,,,,,,,,,,,,,,,,,,,,,,,,https://cdn.shopify.com/s/files/1/0618/2368/0740/files/24_7e0d7162-0817-43cc-b12c-898f74b21726.png?v=1719669324,kg,,,,,,
marvel-kids-t-shirt-copy,,,,,,,,,13-14 yrs,,,White,,,,,'10713552,200.0,shopify,100,continue,manual,999.00,0.00,true,true,,,,,'10713552,,,,,,,,,,,,,,,,,,,,,,,,,,,,,,,,,,,,,,,,,,,,,,,https://cdn.shopify.com/s/files/1/0618/2368/0740/files/24_7e0d7162-0817-43cc-b12c-898f74b21726.png?v=1719669324,kg,,,,,,
marvel-kids-t-shirt-copy,,,,,,,,,13-14 yrs,,,Pink,,,,,'10713553,200.0,shopify,100,continue,manual,999.00,0.00,true,true,,,,,'10713553,,,,,,,,,,,,,,,,,,,,,,,,,,,,,,,,,,,,,,,,,,,,,,,https://cdn.shopify.com/s/files/1/0618/2368/0740/files/24_7e0d7162-0817-43cc-b12c-898f74b21726.png?v=1719669324,kg,,,,,,
marvel-kids-t-shirt-copy,,,,,,,,,13-14 yrs,,,Bottle green,,,,,'10713554,200.0,shopify,100,continue,manual,999.00,0.00,true,true,,,,,'10713554,,,,,,,,,,,,,,,,,,,,,,,,,,,,,,,,,,,,,,,,,,,,,,,https://cdn.shopify.com/s/files/1/0618/2368/0740/files/24_7e0d7162-0817-43cc-b12c-898f74b21726.png?v=1719669324,kg,,,,,,
marvel-kids-t-shirt-copy,,,,,,,,,13-14 yrs,,,Orange,,,,,'10713555,200.0,shopify,100,continue,manual,999.00,0.00,true,true,,,,,'10713555,,,,,,,,,,,,,,,,,,,,,,,,,,,,,,,,,,,,,,,,,,,,,,,https://cdn.shopify.com/s/files/1/0618/2368/0740/files/24_7e0d7162-0817-43cc-b12c-898f74b21726.png?v=1719669324,kg,,,,,,
marvel-kids-t-shirt-copy,,,,,,,,,13-14 yrs,,,Mahroon,,,,,'10713556,200.0,shopify,100,continue,manual,999.00,0.00,true,true,,,,,'10713556,,,,,,,,,,,,,,,,,,,,,,,,,,,,,,,,,,,,,,,,,,,,,,,https://cdn.shopify.com/s/files/1/0618/2368/0740/files/24_7e0d7162-0817-43cc-b12c-898f74b21726.png?v=1719669324,kg,,,,,,
marvel-kids-t-shirt-copy,,,,,,,,,13-14 yrs,,,Green,,,,,'10713557,200.0,shopify,100,continue,manual,999.00,0.00,true,true,,,,,'10713557,,,,,,,,,,,,,,,,,,,,,,,,,,,,,,,,,,,,,,,,,,,,,,,https://cdn.shopify.com/s/files/1/0618/2368/0740/files/24_7e0d7162-0817-43cc-b12c-898f74b21726.png?v=1719669324,kg,,,,,,
marvel-kids-t-shirt-copy,,,,,,,,,13-14 yrs,,,Navy Blue,,,,,'10706880,200.0,shopify,100,continue,manual,999.00,0.00,true,true,,,,,'10706880,,,,,,,,,,,,,,,,,,,,,,,,,,,,,,,,,,,,,,,,,,,,,,,https://cdn.shopify.com/s/files/1/0618/2368/0740/files/24_7e0d7162-0817-43cc-b12c-898f74b21726.png?v=1719669324,kg,,,,,,
love-peace-joy-kids-t-shirt-copy,MARVEL KIDS T SHIRT,"<h4>MARVEL KIDS T SHIRT</h4>
<div>Fabric: Soft High-Quality Jersey</div>
<div>Short Sleeve T-Shirt</div>
<div>Round Neck</div>
<div>High Quality DTF Printed </div>
<div>Soft and Comfortable Wear</div>
<div>Easy Wash &amp; Press</div>
<div>Sizes 1-12 years </div>
<div><span>Disclaimer: Colors may vary slightly due to studio lights. </span></div>",BBG FASHION,Apparel & Accessories > Clothing > Clothing Tops > T-Shirts,kids T-Shirts,kids T-Shirts,false,Size,1-2 YRS,,Color,Grey,,,,,'10713392,200.0,shopify,24786,continue,manual,799.00,0.00,true,true,,,,,'10713392,https://cdn.shopify.com/s/files/1/0618/2368/0740/files/19_d06bed82-5db8-4515-b7f3-bacdaa1d0135.png?v=1719669298,1,Love Peace Joy Kids T Shirt Copy - front view - kids wear Pakistan,false,,,212,,,,,,,,,,,,,,,,,,,,,,,,,,,,,,,,,,,,,,,,https://cdn.shopify.com/s/files/1/0618/2368/0740/files/19_d06bed82-5db8-4515-b7f3-bacdaa1d0135.png?v=1719669298,kg,,,true,,,draft
love-peace-joy-kids-t-shirt-copy,,,,,,,,,1-2 YRS,,,Purple,,,,,'10713393,200.0,shopify,24786,continue,manual,799.00,0.00,true,true,,,,,'10713393,https://cdn.shopify.com/s/files/1/0618/2368/0740/files/bbg_52c11d4e-abc8-46fd-bf9e-e6c4bd11aaf9.png?v=1719669638,2,Unicorn T Shirt For Kids Copy - back view - kids wear Pakistan,,,,,,,,,,,,,,,,,,,,,,,,,,,,,,,,,,,,,,,,,,,,https://cdn.shopify.com/s/files/1/0618/2368/0740/files/32_d75becb7-5a41-4861-91fb-e5bf027a3e9b.png?v=1719669298,kg,,,,,,
love-peace-joy-kids-t-shirt-copy,,,,,,,,,1-2 YRS,,,Black,,,,,'10713394,200.0,shopify,24785,continue,manual,799.00,0.00,true,true,,,,,'10713394,https://cdn.shopify.com/s/files/1/0618/2368/0740/files/12_f589bd78-e596-40e1-b8ef-1eed352c76ab.png?v=1719673791,3,Love Peace Joy Kids T Shirt Copy - side view - kids wear Pakistan,,,,,,,,,,,,,,,,,,,,,,,,,,,,,,,,,,,,,,,,,,,,,kg,,,,,,
love-peace-joy-kids-t-shirt-copy,,,,,,,,,1-2 YRS,,,Red,,,,,'10713395,200.0,shopify,24786,continue,manual,799.00,0.00,true,true,,,,,'10713395,https://cdn.shopify.com/s/files/1/0618/2368/0740/files/13_3752b309-8a9a-4f5f-a28d-78f4a1c15d87.png?v=1719673791,4,Love Peace Joy Kids T Shirt Copy - detail shot - kids wear Pakistan,,,,,,,,,,,,,,,,,,,,,,,,,,,,,,,,,,,,,,,,,,,,https://cdn.shopify.com/s/files/1/0618/2368/0740/files/14_ae247ebc-258f-488e-aefb-045c98c29e9d.png?v=1719673791,kg,,,,,,
love-peace-joy-kids-t-shirt-copy,,,,,,,,,1-2 YRS,,,Yellow,,,,,'10713396,200.0,shopify,24786,continue,manual,799.00,0.00,true,true,,,,,'10713396,https://cdn.shopify.com/s/files/1/0618/2368/0740/files/14_ae247ebc-258f-488e-aefb-045c98c29e9d.png?v=1719673791,5,Love Peace Joy Kids T Shirt Copy - front view - kids wear Pakistan,,,,,,,,,,,,,,,,,,,,,,,,,,,,,,,,,,,,,,,,,,,,https://cdn.shopify.com/s/files/1/0618/2368/0740/files/20_b8bf4f79-54db-452c-99bc-e8a0d48ef084.png?v=1719669298,kg,,,,,,
love-peace-joy-kids-t-shirt-copy,,,,,,,,,1-2 YRS,,,White,,,,,'10713397,200.0,shopify,24786,continue,manual,799.00,0.00,true,true,,,,,'10713397,https://cdn.shopify.com/s/files/1/0618/2368/0740/files/15_ba475710-d0f7-4f20-9fbb-c2f00acd51ef.png?v=1719673791,6,Love Peace Joy Kids T Shirt Copy - back view - kids wear Pakistan,,,,,,,,,,,,,,,,,,,,,,,,,,,,,,,,,,,,,,,,,,,,https://cdn.shopify.com/s/files/1/0618/2368/0740/files/13_f9dcb047-e244-4be6-8e87-ad9ce504ce2b.png?v=1719669298,kg,,,,,,
love-peace-joy-kids-t-shirt-copy,,,,,,,,,1-2 YRS,,,Pink,,,,,'10713398,200.0,shopify,24786,continue,manual,799.00,0.00,true,true,,,,,'10713398,https://cdn.shopify.com/s/files/1/0618/2368/0740/files/16_42ff2cb8-a7b5-4d2a-83e8-e4501d7728b8.png?v=1719673791,7,Love Peace Joy Kids T Shirt Copy - side view - kids wear Pakistan,,,,,,,,,,,,,,,,,,,,,,,,,,,,,,,,,,,,,,,,,,,,https://cdn.shopify.com/s/files/1/0618/2368/0740/files/17_93e696f3-9a05-45fc-87ed-4f9737639795.png?v=1719673791,kg,,,,,,
love-peace-joy-kids-t-shirt-copy,,,,,,,,,1-2 YRS,,,Orange,,,,,'10713399,200.0,shopify,24786,continue,manual,799.00,0.00,true,true,,,,,'10713399,https://cdn.shopify.com/s/files/1/0618/2368/0740/files/17_93e696f3-9a05-45fc-87ed-4f9737639795.png?v=1719673791,8,Love Peace Joy Kids T Shirt Copy - detail shot - kids wear Pakistan,,,,,,,,,,,,,,,,,,,,,,,,,,,,,,,,,,,,,,,,,,,,https://cdn.shopify.com/s/files/1/0618/2368/0740/files/15_ba475710-d0f7-4f20-9fbb-c2f00acd51ef.png?v=1719673791,kg,,,,,,
love-peace-joy-kids-t-shirt-copy,,,,,,,,,1-2 YRS,,,Mahroon,,,,,'10713400,200.0,shopify,24786,continue,manual,799.00,0.00,true,true,,,,,'10713400,https://cdn.shopify.com/s/files/1/0618/2368/0740/files/18_166cb332-ef84-4b34-8a83-8c3878a43aac.png?v=1719673791,9,Love Peace Joy Kids T Shirt Copy - front view - kids wear Pakistan,,,,,,,,,,,,,,,,,,,,,,,,,,,,,,,,,,,,,,,,,,,,https://cdn.shopify.com/s/files/1/0618/2368/0740/files/18_166cb332-ef84-4b34-8a83-8c3878a43aac.png?v=1719673791,kg,,,,,,
love-peace-joy-kids-t-shirt-copy,,,,,,,,,1-2 YRS,,,Navy Blue,,,,,'10713401,200.0,shopify,24786,continue,manual,799.00,0.00,true,true,,,,,'10713401,https://cdn.shopify.com/s/files/1/0618/2368/0740/files/20_b8bf4f79-54db-452c-99bc-e8a0d48ef084.png?v=1719669298,10,Love Peace Joy Kids T Shirt Copy - back view - kids wear Pakistan,,,,,,,,,,,,,,,,,,,,,,,,,,,,,,,,,,,,,,,,,,,,,kg,,,,,,
love-peace-joy-kids-t-shirt-copy,,,,,,,,,3-4 YRS,,,Grey,,,,,'10713402,200.0,shopify,24784,continue,manual,799.00,0.00,true,true,,,,,'10713402,https://cdn.shopify.com/s/files/1/0618/2368/0740/files/32_d75becb7-5a41-4861-91fb-e5bf027a3e9b.png?v=1719669298,11,Love Peace Joy Kids T Shirt Copy - side view - kids wear Pakistan,,,,,,,,,,,,,,,,,,,,,,,,,,,,,,,,,,,,,,,,,,,,https://cdn.shopify.com/s/files/1/0618/2368/0740/files/19_d06bed82-5db8-4515-b7f3-bacdaa1d0135.png?v=1719669298,kg,,,,,,
love-peace-joy-kids-t-shirt-copy,,,,,,,,,3-4 YRS,,,Purple,,,,,'10713403,200.0,shopify,24786,continue,manual,799.00,0.00,true,true,,,,,'10713403,https://cdn.shopify.com/s/files/1/0618/2368/0740/files/13_f9dcb047-e244-4be6-8e87-ad9ce504ce2b.png?v=1719669298,12,Love Peace Joy Kids T Shirt Copy - detail shot - kids wear Pakistan,,,,,,,,,,,,,,,,,,,,,,,,,,,,,,,,,,,,,,,,,,,,https://cdn.shopify.com/s/files/1/0618/2368/0740/files/32_d75becb7-5a41-4861-91fb-e5bf027a3e9b.png?v=1719669298,kg,,,,,,
love-peace-joy-kids-t-shirt-copy,,,,,,,,,3-4 YRS,,,Black,,,,,'10713404,200.0,shopify,24786,continue,manual,799.00,0.00,true,true,,,,,'10713404,,,,,,,,,,,,,,,,,,,,,,,,,,,,,,,,,,,,,,,,,,,,,,,,kg,,,,,,
love-peace-joy-kids-t-shirt-copy,,,,,,,,,3-4 YRS,,,Red,,,,,'10713405,200.0,shopify,24785,continue,manual,799.00,0.00,true,true,,,,,'10713405,,,,,,,,,,,,,,,,,,,,,,,,,,,,,,,,,,,,,,,,,,,,,,,https://cdn.shopify.com/s/files/1/0618/2368/0740/files/14_ae247ebc-258f-488e-aefb-045c98c29e9d.png?v=1719673791,kg,,,,,,
love-peace-joy-kids-t-shirt-copy,,,,,,,,,3-4 YRS,,,Yellow,,,,,'10713406,200.0,shopify,24786,continue,manual,799.00,0.00,true,true,,,,,'10713406,,,,,,,,,,,,,,,,,,,,,,,,,,,,,,,,,,,,,,,,,,,,,,,https://cdn.shopify.com/s/files/1/0618/2368/0740/files/20_b8bf4f79-54db-452c-99bc-e8a0d48ef084.png?v=1719669298,kg,,,,,,
love-peace-joy-kids-t-shirt-copy,,,,,,,,,3-4 YRS,,,White,,,,,'10713407,200.0,shopify,24786,continue,manual,799.00,0.00,true,true,,,,,'10713407,,,,,,,,,,,,,,,,,,,,,,,,,,,,,,,,,,,,,,,,,,,,,,,https://cdn.shopify.com/s/files/1/0618/2368/0740/files/13_f9dcb047-e244-4be6-8e87-ad9ce504ce2b.png?v=1719669298,kg,,,,,,
love-peace-joy-kids-t-shirt-copy,,,,,,,,,3-4 YRS,,,Pink,,,,,'10713408,200.0,shopify,24786,continue,manual,799.00,0.00,true,true,,,,,'10713408,,,,,,,,,,,,,,,,,,,,,,,,,,,,,,,,,,,,,,,,,,,,,,,https://cdn.shopify.com/s/files/1/0618/2368/0740/files/17_93e696f3-9a05-45fc-87ed-4f9737639795.png?v=1719673791,kg,,,,,,
love-peace-joy-kids-t-shirt-copy,,,,,,,,,3-4 YRS,,,Orange,,,,,'10713409,200.0,shopify,24786,continue,manual,799.00,0.00,true,true,,,,,'10713409,,,,,,,,,,,,,,,,,,,,,,,,,,,,,,,,,,,,,,,,,,,,,,,https://cdn.shopify.com/s/files/1/0618/2368/0740/files/15_ba475710-d0f7-4f20-9fbb-c2f00acd51ef.png?v=1719673791,kg,,,,,,
love-peace-joy-kids-t-shirt-copy,,,,,,,,,3-4 YRS,,,Mahroon,,,,,'10713410,200.0,shopify,24786,continue,manual,799.00,0.00,true,true,,,,,'10713410,,,,,,,,,,,,,,,,,,,,,,,,,,,,,,,,,,,,,,,,,,,,,,,https://cdn.shopify.com/s/files/1/0618/2368/0740/files/18_166cb332-ef84-4b34-8a83-8c3878a43aac.png?v=1719673791,kg,,,,,,
love-peace-joy-kids-t-shirt-copy,,,,,,,,,3-4 YRS,,,Navy Blue,,,,,'10713411,200.0,shopify,24786,continue,manual,799.00,0.00,true,true,,,,,'10713411,,,,,,,,,,,,,,,,,,,,,,,,,,,,,,,,,,,,,,,,,,,,,,,,kg,,,,,,
love-peace-joy-kids-t-shirt-copy,,,,,,,,,5-6 YRS,,,Grey,,,,,'10713412,200.0,shopify,23211,continue,manual,799.00,0.00,true,true,,,,,'10713412,,,,,,,,,,,,,,,,,,,,,,,,,,,,,,,,,,,,,,,,,,,,,,,https://cdn.shopify.com/s/files/1/0618/2368/0740/files/19_d06bed82-5db8-4515-b7f3-bacdaa1d0135.png?v=1719669298,kg,,,,,,
love-peace-joy-kids-t-shirt-copy,,,,,,,,,5-6 YRS,,,Purple,,,,,'10713413,200.0,shopify,23211,continue,manual,799.00,0.00,true,true,,,,,'10713413,,,,,,,,,,,,,,,,,,,,,,,,,,,,,,,,,,,,,,,,,,,,,,,https://cdn.shopify.com/s/files/1/0618/2368/0740/files/32_d75becb7-5a41-4861-91fb-e5bf027a3e9b.png?v=1719669298,kg,,,,,,
love-peace-joy-kids-t-shirt-copy,,,,,,,,,5-6 YRS,,,Black,,,,,'10713414,200.0,shopify,23211,continue,manual,799.00,0.00,true,true,,,,,'10713414,,,,,,,,,,,,,,,,,,,,,,,,,,,,,,,,,,,,,,,,,,,,,,,,kg,,,,,,
love-peace-joy-kids-t-shirt-copy,,,,,,,,,5-6 YRS,,,Red,,,,,'10713415,200.0,shopify,23211,continue,manual,799.00,0.00,true,true,,,,,'10713415,,,,,,,,,,,,,,,,,,,,,,,,,,,,,,,,,,,,,,,,,,,,,,,https://cdn.shopify.com/s/files/1/0618/2368/0740/files/14_ae247ebc-258f-488e-aefb-045c98c29e9d.png?v=1719673791,kg,,,,,,
love-peace-joy-kids-t-shirt-copy,,,,,,,,,5-6 YRS,,,Yellow,,,,,'10713416,200.0,shopify,23210,continue,manual,799.00,0.00,true,true,,,,,'10713416,,,,,,,,,,,,,,,,,,,,,,,,,,,,,,,,,,,,,,,,,,,,,,,https://cdn.shopify.com/s/files/1/0618/2368/0740/files/20_b8bf4f79-54db-452c-99bc-e8a0d48ef084.png?v=1719669298,kg,,,,,,
love-peace-joy-kids-t-shirt-copy,,,,,,,,,5-6 YRS,,,White,,,,,'10713417,200.0,shopify,23211,continue,manual,799.00,0.00,true,true,,,,,'10713417,,,,,,,,,,,,,,,,,,,,,,,,,,,,,,,,,,,,,,,,,,,,,,,https://cdn.shopify.com/s/files/1/0618/2368/0740/files/13_f9dcb047-e244-4be6-8e87-ad9ce504ce2b.png?v=1719669298,kg,,,,,,
love-peace-joy-kids-t-shirt-copy,,,,,,,,,5-6 YRS,,,Pink,,,,,'10713418,200.0,shopify,23211,continue,manual,799.00,0.00,true,true,,,,,'10713418,,,,,,,,,,,,,,,,,,,,,,,,,,,,,,,,,,,,,,,,,,,,,,,https://cdn.shopify.com/s/files/1/0618/2368/0740/files/17_93e696f3-9a05-45fc-87ed-4f9737639795.png?v=1719673791,kg,,,,,,
love-peace-joy-kids-t-shirt-copy,,,,,,,,,5-6 YRS,,,Orange,,,,,'10713419,200.0,shopify,23211,continue,manual,799.00,0.00,true,true,,,,,'10713419,,,,,,,,,,,,,,,,,,,,,,,,,,,,,,,,,,,,,,,,,,,,,,,https://cdn.shopify.com/s/files/1/0618/2368/0740/files/15_ba475710-d0f7-4f20-9fbb-c2f00acd51ef.png?v=1719673791,kg,,,,,,
love-peace-joy-kids-t-shirt-copy,,,,,,,,,5-6 YRS,,,Mahroon,,,,,'10713420,200.0,shopify,23211,continue,manual,799.00,0.00,true,true,,,,,'10713420,,,,,,,,,,,,,,,,,,,,,,,,,,,,,,,,,,,,,,,,,,,,,,,https://cdn.shopify.com/s/files/1/0618/2368/0740/files/18_166cb332-ef84-4b34-8a83-8c3878a43aac.png?v=1719673791,kg,,,,,,
love-peace-joy-kids-t-shirt-copy,,,,,,,,,5-6 YRS,,,Navy Blue,,,,,'10713421,200.0,shopify,23210,continue,manual,799.00,0.00,true,true,,,,,'10713421,,,,,,,,,,,,,,,,,,,,,,,,,,,,,,,,,,,,,,,,,,,,,,,,kg,,,,,,
love-peace-joy-kids-t-shirt-copy,,,,,,,,,7-8 YRS,,,Grey,,,,,'10713422,200.0,shopify,11652,continue,manual,799.00,0.00,true,true,,,,,'10713422,,,,,,,,,,,,,,,,,,,,,,,,,,,,,,,,,,,,,,,,,,,,,,,https://cdn.shopify.com/s/files/1/0618/2368/0740/files/19_d06bed82-5db8-4515-b7f3-bacdaa1d0135.png?v=1719669298,kg,,,,,,
love-peace-joy-kids-t-shirt-copy,,,,,,,,,7-8 YRS,,,Purple,,,,,'10713423,200.0,shopify,11653,continue,manual,799.00,0.00,true,true,,,,,'10713423,,,,,,,,,,,,,,,,,,,,,,,,,,,,,,,,,,,,,,,,,,,,,,,https://cdn.shopify.com/s/files/1/0618/2368/0740/files/32_d75becb7-5a41-4861-91fb-e5bf027a3e9b.png?v=1719669298,kg,,,,,,
love-peace-joy-kids-t-shirt-copy,,,,,,,,,7-8 YRS,,,Black,,,,,'10713424,200.0,shopify,11653,continue,manual,799.00,0.00,true,true,,,,,'10713424,,,,,,,,,,,,,,,,,,,,,,,,,,,,,,,,,,,,,,,,,,,,,,,,kg,,,,,,
love-peace-joy-kids-t-shirt-copy,,,,,,,,,7-8 YRS,,,Red,,,,,'10713425,200.0,shopify,11653,continue,manual,799.00,0.00,true,true,,,,,'10713425,,,,,,,,,,,,,,,,,,,,,,,,,,,,,,,,,,,,,,,,,,,,,,,https://cdn.shopify.com/s/files/1/0618/2368/0740/files/14_ae247ebc-258f-488e-aefb-045c98c29e9d.png?v=1719673791,kg,,,,,,
love-peace-joy-kids-t-shirt-copy,,,,,,,,,7-8 YRS,,,Yellow,,,,,'10713426,200.0,shopify,11653,continue,manual,799.00,0.00,true,true,,,,,'10713426,,,,,,,,,,,,,,,,,,,,,,,,,,,,,,,,,,,,,,,,,,,,,,,https://cdn.shopify.com/s/files/1/0618/2368/0740/files/20_b8bf4f79-54db-452c-99bc-e8a0d48ef084.png?v=1719669298,kg,,,,,,
love-peace-joy-kids-t-shirt-copy,,,,,,,,,7-8 YRS,,,White,,,,,'10713427,200.0,shopify,11653,continue,manual,799.00,0.00,true,true,,,,,'10713427,,,,,,,,,,,,,,,,,,,,,,,,,,,,,,,,,,,,,,,,,,,,,,,https://cdn.shopify.com/s/files/1/0618/2368/0740/files/13_f9dcb047-e244-4be6-8e87-ad9ce504ce2b.png?v=1719669298,kg,,,,,,
love-peace-joy-kids-t-shirt-copy,,,,,,,,,7-8 YRS,,,Pink,,,,,'10713428,200.0,shopify,11653,continue,manual,799.00,0.00,true,true,,,,,'10713428,,,,,,,,,,,,,,,,,,,,,,,,,,,,,,,,,,,,,,,,,,,,,,,https://cdn.shopify.com/s/files/1/0618/2368/0740/files/17_93e696f3-9a05-45fc-87ed-4f9737639795.png?v=1719673791,kg,,,,,,
love-peace-joy-kids-t-shirt-copy,,,,,,,,,7-8 YRS,,,Orange,,,,,'10713429,200.0,shopify,11653,continue,manual,799.00,0.00,true,true,,,,,'10713429,,,,,,,,,,,,,,,,,,,,,,,,,,,,,,,,,,,,,,,,,,,,,,,https://cdn.shopify.com/s/files/1/0618/2368/0740/files/15_ba475710-d0f7-4f20-9fbb-c2f00acd51ef.png?v=1719673791,kg,,,,,,
love-peace-joy-kids-t-shirt-copy,,,,,,,,,7-8 YRS,,,Mahroon,,,,,'10713430,200.0,shopify,11653,continue,manual,799.00,0.00,true,true,,,,,'10713430,,,,,,,,,,,,,,,,,,,,,,,,,,,,,,,,,,,,,,,,,,,,,,,https://cdn.shopify.com/s/files/1/0618/2368/0740/files/18_166cb332-ef84-4b34-8a83-8c3878a43aac.png?v=1719673791,kg,,,,,,
love-peace-joy-kids-t-shirt-copy,,,,,,,,,7-8 YRS,,,Navy Blue,,,,,'10713431,200.0,shopify,11652,continue,manual,799.00,0.00,true,true,,,,,'10713431,,,,,,,,,,,,,,,,,,,,,,,,,,,,,,,,,,,,,,,,,,,,,,,,kg,,,,,,
love-peace-joy-kids-t-shirt-copy,,,,,,,,,9-10 YRS,,,Grey,,,,,'10713432,200.0,shopify,199876,continue,manual,899.00,0.00,true,true,,,,,'10713432,,,,,,,,,,,,,,,,,,,,,,,,,,,,,,,,,,,,,,,,,,,,,,,https://cdn.shopify.com/s/files/1/0618/2368/0740/files/19_d06bed82-5db8-4515-b7f3-bacdaa1d0135.png?v=1719669298,kg,,,,,,
love-peace-joy-kids-t-shirt-copy,,,,,,,,,9-10 YRS,,,Purple,,,,,'10713433,200.0,shopify,199876,continue,manual,899.00,0.00,true,true,,,,,'10713433,,,,,,,,,,,,,,,,,,,,,,,,,,,,,,,,,,,,,,,,,,,,,,,https://cdn.shopify.com/s/files/1/0618/2368/0740/files/32_d75becb7-5a41-4861-91fb-e5bf027a3e9b.png?v=1719669298,kg,,,,,,
love-peace-joy-kids-t-shirt-copy,,,,,,,,,9-10 YRS,,,Black,,,,,'10713434,200.0,shopify,199876,continue,manual,899.00,0.00,true,true,,,,,'10713434,,,,,,,,,,,,,,,,,,,,,,,,,,,,,,,,,,,,,,,,,,,,,,,,kg,,,,,,
love-peace-joy-kids-t-shirt-copy,,,,,,,,,9-10 YRS,,,Red,,,,,'10713435,200.0,shopify,199876,continue,manual,899.00,0.00,true,true,,,,,'10713435,,,,,,,,,,,,,,,,,,,,,,,,,,,,,,,,,,,,,,,,,,,,,,,https://cdn.shopify.com/s/files/1/0618/2368/0740/files/14_ae247ebc-258f-488e-aefb-045c98c29e9d.png?v=1719673791,kg,,,,,,
love-peace-joy-kids-t-shirt-copy,,,,,,,,,9-10 YRS,,,Yellow,,,,,'10713436,200.0,shopify,199876,continue,manual,899.00,0.00,true,true,,,,,'10713436,,,,,,,,,,,,,,,,,,,,,,,,,,,,,,,,,,,,,,,,,,,,,,,https://cdn.shopify.com/s/files/1/0618/2368/0740/files/20_b8bf4f79-54db-452c-99bc-e8a0d48ef084.png?v=1719669298,kg,,,,,,
love-peace-joy-kids-t-shirt-copy,,,,,,,,,9-10 YRS,,,White,,,,,'10713437,200.0,shopify,199876,continue,manual,899.00,0.00,true,true,,,,,'10713437,,,,,,,,,,,,,,,,,,,,,,,,,,,,,,,,,,,,,,,,,,,,,,,https://cdn.shopify.com/s/files/1/0618/2368/0740/files/13_f9dcb047-e244-4be6-8e87-ad9ce504ce2b.png?v=1719669298,kg,,,,,,
love-peace-joy-kids-t-shirt-copy,,,,,,,,,9-10 YRS,,,Pink,,,,,'10713438,200.0,shopify,199876,continue,manual,899.00,0.00,true,true,,,,,'10713438,,,,,,,,,,,,,,,,,,,,,,,,,,,,,,,,,,,,,,,,,,,,,,,https://cdn.shopify.com/s/files/1/0618/2368/0740/files/17_93e696f3-9a05-45fc-87ed-4f9737639795.png?v=1719673791,kg,,,,,,
love-peace-joy-kids-t-shirt-copy,,,,,,,,,9-10 YRS,,,Orange,,,,,'10713439,200.0,shopify,199876,continue,manual,899.00,0.00,true,true,,,,,'10713439,,,,,,,,,,,,,,,,,,,,,,,,,,,,,,,,,,,,,,,,,,,,,,,https://cdn.shopify.com/s/files/1/0618/2368/0740/files/15_ba475710-d0f7-4f20-9fbb-c2f00acd51ef.png?v=1719673791,kg,,,,,,
love-peace-joy-kids-t-shirt-copy,,,,,,,,,9-10 YRS,,,Mahroon,,,,,'10713440,200.0,shopify,199876,continue,manual,899.00,0.00,true,true,,,,,'10713440,,,,,,,,,,,,,,,,,,,,,,,,,,,,,,,,,,,,,,,,,,,,,,,https://cdn.shopify.com/s/files/1/0618/2368/0740/files/18_166cb332-ef84-4b34-8a83-8c3878a43aac.png?v=1719673791,kg,,,,,,
love-peace-joy-kids-t-shirt-copy,,,,,,,,,9-10 YRS,,,Navy Blue,,,,,'10713441,200.0,shopify,199876,continue,manual,899.00,0.00,true,true,,,,,'10713441,,,,,,,,,,,,,,,,,,,,,,,,,,,,,,,,,,,,,,,,,,,,,,,,kg,,,,,,
love-peace-joy-kids-t-shirt-copy,,,,,,,,,11-12 YRS,,,Grey,,,,,'10713442,200.0,shopify,121432,continue,manual,899.00,0.00,true,true,,,,,'10713442,,,,,,,,,,,,,,,,,,,,,,,,,,,,,,,,,,,,,,,,,,,,,,,https://cdn.shopify.com/s/files/1/0618/2368/0740/files/19_d06bed82-5db8-4515-b7f3-bacdaa1d0135.png?v=1719669298,kg,,,,,,
love-peace-joy-kids-t-shirt-copy,,,,,,,,,11-12 YRS,,,Purple,,,,,'10713443,200.0,shopify,121432,continue,manual,899.00,0.00,true,true,,,,,'10713443,,,,,,,,,,,,,,,,,,,,,,,,,,,,,,,,,,,,,,,,,,,,,,,https://cdn.shopify.com/s/files/1/0618/2368/0740/files/32_d75becb7-5a41-4861-91fb-e5bf027a3e9b.png?v=1719669298,kg,,,,,,
love-peace-joy-kids-t-shirt-copy,,,,,,,,,11-12 YRS,,,Black,,,,,'10713444,200.0,shopify,121432,continue,manual,899.00,0.00,true,true,,,,,'10713444,,,,,,,,,,,,,,,,,,,,,,,,,,,,,,,,,,,,,,,,,,,,,,,,kg,,,,,,
love-peace-joy-kids-t-shirt-copy,,,,,,,,,11-12 YRS,,,Red,,,,,'10713445,200.0,shopify,121432,continue,manual,899.00,0.00,true,true,,,,,'10713445,,,,,,,,,,,,,,,,,,,,,,,,,,,,,,,,,,,,,,,,,,,,,,,https://cdn.shopify.com/s/files/1/0618/2368/0740/files/14_ae247ebc-258f-488e-aefb-045c98c29e9d.png?v=1719673791,kg,,,,,,
love-peace-joy-kids-t-shirt-copy,,,,,,,,,11-12 YRS,,,Yellow,,,,,'10713446,200.0,shopify,121432,continue,manual,899.00,0.00,true,true,,,,,'10713446,,,,,,,,,,,,,,,,,,,,,,,,,,,,,,,,,,,,,,,,,,,,,,,https://cdn.shopify.com/s/files/1/0618/2368/0740/files/20_b8bf4f79-54db-452c-99bc-e8a0d48ef084.png?v=1719669298,kg,,,,,,
love-peace-joy-kids-t-shirt-copy,,,,,,,,,11-12 YRS,,,White,,,,,'10713447,200.0,shopify,121432,continue,manual,899.00,0.00,true,true,,,,,'10713447,,,,,,,,,,,,,,,,,,,,,,,,,,,,,,,,,,,,,,,,,,,,,,,https://cdn.shopify.com/s/files/1/0618/2368/0740/files/13_f9dcb047-e244-4be6-8e87-ad9ce504ce2b.png?v=1719669298,kg,,,,,,
love-peace-joy-kids-t-shirt-copy,,,,,,,,,11-12 YRS,,,Pink,,,,,'10713448,200.0,shopify,121432,continue,manual,899.00,0.00,true,true,,,,,'10713448,,,,,,,,,,,,,,,,,,,,,,,,,,,,,,,,,,,,,,,,,,,,,,,https://cdn.shopify.com/s/files/1/0618/2368/0740/files/17_93e696f3-9a05-45fc-87ed-4f9737639795.png?v=1719673791,kg,,,,,,
love-peace-joy-kids-t-shirt-copy,,,,,,,,,11-12 YRS,,,Orange,,,,,'10713449,200.0,shopify,121432,continue,manual,899.00,0.00,true,true,,,,,'10713449,,,,,,,,,,,,,,,,,,,,,,,,,,,,,,,,,,,,,,,,,,,,,,,https://cdn.shopify.com/s/files/1/0618/2368/0740/files/15_ba475710-d0f7-4f20-9fbb-c2f00acd51ef.png?v=1719673791,kg,,,,,,
love-peace-joy-kids-t-shirt-copy,,,,,,,,,11-12 YRS,,,Mahroon,,,,,'10713450,200.0,shopify,121432,continue,manual,899.00,0.00,true,true,,,,,'10713450,,,,,,,,,,,,,,,,,,,,,,,,,,,,,,,,,,,,,,,,,,,,,,,https://cdn.shopify.com/s/files/1/0618/2368/0740/files/18_166cb332-ef84-4b34-8a83-8c3878a43aac.png?v=1719673791,kg,,,,,,
love-peace-joy-kids-t-shirt-copy,,,,,,,,,11-12 YRS,,,Navy Blue,,,,,'10713451,200.0,shopify,121432,continue,manual,899.00,0.00,true,true,,,,,'10713451,,,,,,,,,,,,,,,,,,,,,,,,,,,,,,,,,,,,,,,,,,,,,,,,kg,,,,,,
love-peace-joy-kids-t-shirt-copy,,,,,,,,,13-14 YRS,,,Grey,,,,,'10713452,200.0,shopify,0,continue,manual,999.00,0.00,true,true,,,,,'10713452,,,,,,,,,,,,,,,,,,,,,,,,,,,,,,,,,,,,,,,,,,,,,,,https://cdn.shopify.com/s/files/1/0618/2368/0740/files/19_d06bed82-5db8-4515-b7f3-bacdaa1d0135.png?v=1719669298,kg,,,,,,
love-peace-joy-kids-t-shirt-copy,,,,,,,,,13-14 YRS,,,Purple,,,,,'10713453,200.0,shopify,0,continue,manual,999.00,0.00,true,true,,,,,'10713453,,,,,,,,,,,,,,,,,,,,,,,,,,,,,,,,,,,,,,,,,,,,,,,https://cdn.shopify.com/s/files/1/0618/2368/0740/files/19_d06bed82-5db8-4515-b7f3-bacdaa1d0135.png?v=1719669298,kg,,,,,,
love-peace-joy-kids-t-shirt-copy,,,,,,,,,13-14 YRS,,,Black,,,,,'10713454,200.0,shopify,0,continue,manual,999.00,0.00,true,true,,,,,'10713454,,,,,,,,,,,,,,,,,,,,,,,,,,,,,,,,,,,,,,,,,,,,,,,https://cdn.shopify.com/s/files/1/0618/2368/0740/files/19_d06bed82-5db8-4515-b7f3-bacdaa1d0135.png?v=1719669298,kg,,,,,,
love-peace-joy-kids-t-shirt-copy,,,,,,,,,13-14 YRS,,,Red,,,,,'10713455,200.0,shopify,0,continue,manual,999.00,0.00,true,true,,,,,'10713455,,,,,,,,,,,,,,,,,,,,,,,,,,,,,,,,,,,,,,,,,,,,,,,https://cdn.shopify.com/s/files/1/0618/2368/0740/files/19_d06bed82-5db8-4515-b7f3-bacdaa1d0135.png?v=1719669298,kg,,,,,,
love-peace-joy-kids-t-shirt-copy,,,,,,,,,13-14 YRS,,,Yellow,,,,,'10713456,200.0,shopify,0,continue,manual,999.00,0.00,true,true,,,,,'10713456,,,,,,,,,,,,,,,,,,,,,,,,,,,,,,,,,,,,,,,,,,,,,,,https://cdn.shopify.com/s/files/1/0618/2368/0740/files/19_d06bed82-5db8-4515-b7f3-bacdaa1d0135.png?v=1719669298,kg,,,,,,
love-peace-joy-kids-t-shirt-copy,,,,,,,,,13-14 YRS,,,White,,,,,'10713457,200.0,shopify,0,continue,manual,999.00,0.00,true,true,,,,,'10713457,,,,,,,,,,,,,,,,,,,,,,,,,,,,,,,,,,,,,,,,,,,,,,,https://cdn.shopify.com/s/files/1/0618/2368/0740/files/19_d06bed82-5db8-4515-b7f3-bacdaa1d0135.png?v=1719669298,kg,,,,,,
love-peace-joy-kids-t-shirt-copy,,,,,,,,,13-14 YRS,,,Pink,,,,,'10713458,200.0,shopify,0,continue,manual,999.00,0.00,true,true,,,,,'10713458,,,,,,,,,,,,,,,,,,,,,,,,,,,,,,,,,,,,,,,,,,,,,,,https://cdn.shopify.com/s/files/1/0618/2368/0740/files/19_d06bed82-5db8-4515-b7f3-bacdaa1d0135.png?v=1719669298,kg,,,,,,
love-peace-joy-kids-t-shirt-copy,,,,,,,,,13-14 YRS,,,Orange,,,,,'10713459,200.0,shopify,0,continue,manual,999.00,0.00,true,true,,,,,'10713459,,,,,,,,,,,,,,,,,,,,,,,,,,,,,,,,,,,,,,,,,,,,,,,https://cdn.shopify.com/s/files/1/0618/2368/0740/files/19_d06bed82-5db8-4515-b7f3-bacdaa1d0135.png?v=1719669298,kg,,,,,,
love-peace-joy-kids-t-shirt-copy,,,,,,,,,13-14 YRS,,,Mahroon,,,,,'10713460,200.0,shopify,0,continue,manual,999.00,0.00,true,true,,,,,'10713460,,,,,,,,,,,,,,,,,,,,,,,,,,,,,,,,,,,,,,,,,,,,,,,https://cdn.shopify.com/s/files/1/0618/2368/0740/files/19_d06bed82-5db8-4515-b7f3-bacdaa1d0135.png?v=1719669298,kg,,,,,,
love-peace-joy-kids-t-shirt-copy,,,,,,,,,13-14 YRS,,,Navy Blue,,,,,'10706879,200.0,shopify,0,continue,manual,999.00,0.00,true,true,,,,,'10706879,,,,,,,,,,,,,,,,,,,,,,,,,,,,,,,,,,,,,,,,,,,,,,,https://cdn.shopify.com/s/files/1/0618/2368/0740/files/19_d06bed82-5db8-4515-b7f3-bacdaa1d0135.png?v=1719669298,kg,,,,,,
little-dino-kids-t-shirt-copy,"LOVE,PEACE,JOY KIDS T SHIRT","<h4>LOVE,PEACE,JOY KIDS T SHIRT</h4>
<div>Fabric: Soft High-Quality Jersey</div>
<div>Short Sleeve T-Shirt</div>
<div>Round Neck</div>
<div>High Quality DTF Printed </div>
<div>Soft and Comfortable Wear</div>
<div>Easy Wash &amp; Press</div>
<div>Sizes 1-12 years </div>
<div><span>Disclaimer: Colors may vary slightly due to studio lights. </span></div>",BBG FASHION,Apparel & Accessories > Clothing > Clothing Tops > T-Shirts,kids T-Shirts,kids T-Shirts,false,Size,1-2 YRS,,Color,Purple,,,,,'10713295,200.0,shopify,128,continue,manual,799.00,0.00,true,true,,,,,'10713295,https://cdn.shopify.com/s/files/1/0618/2368/0740/files/32_50cd2180-ae18-4791-acf9-fe1d82cf3c2d.png?v=1719669265,1,Little Dino Kids T Shirt Copy - front view - kids wear Pakistan,false,,,212,,,,,,,,,,,,,,,,,,,,,,,,,,,,,,,,,,,,,,,,https://cdn.shopify.com/s/files/1/0618/2368/0740/files/32_50cd2180-ae18-4791-acf9-fe1d82cf3c2d.png?v=1719669265,kg,,,true,,,draft
little-dino-kids-t-shirt-copy,,,,,,,,,1-2 YRS,,,Black,,,,,'10713296,200.0,shopify,50,continue,manual,799.00,0.00,true,true,,,,,'10713296,https://cdn.shopify.com/s/files/1/0618/2368/0740/files/bbg_52c11d4e-abc8-46fd-bf9e-e6c4bd11aaf9.png?v=1719669638,2,Unicorn T Shirt For Kids Copy - back view - kids wear Pakistan,,,,,,,,,,,,,,,,,,,,,,,,,,,,,,,,,,,,,,,,,,,,https://cdn.shopify.com/s/files/1/0618/2368/0740/files/12_15ebc063-b68e-43cf-bbd4-f388abde7c15.png?v=1719673484,kg,,,,,,
little-dino-kids-t-shirt-copy,,,,,,,,,1-2 YRS,,,Beige,,,,,'10713297,200.0,shopify,150,continue,manual,799.00,0.00,true,true,,,,,'10713297,https://cdn.shopify.com/s/files/1/0618/2368/0740/files/12_53843f9a-a870-43e8-b760-4dc464e0abc9.png?v=1719673484,3,Little Dino Kids T Shirt Copy - side view - kids wear Pakistan,,,,,,,,,,,,,,,,,,,,,,,,,,,,,,,,,,,,,,,,,,,,https://cdn.shopify.com/s/files/1/0618/2368/0740/files/25_f690a351-fdfd-4406-8d94-ec402f55ccfa.png?v=1719673484,kg,,,,,,
little-dino-kids-t-shirt-copy,,,,,,,,,1-2 YRS,,,Red,,,,,'10713298,200.0,shopify,50,continue,manual,799.00,0.00,true,true,,,,,'10713298,https://cdn.shopify.com/s/files/1/0618/2368/0740/files/19_736feca2-6df5-466d-bd56-8f81bbd59727.png?v=1719673484,4,Little Dino Kids T Shirt Copy - detail shot - kids wear Pakistan,,,,,,,,,,,,,,,,,,,,,,,,,,,,,,,,,,,,,,,,,,,,https://cdn.shopify.com/s/files/1/0618/2368/0740/files/28_1ce0af24-46b4-4a9f-9123-e2ee5fbe2eb1.png?v=1719673484,kg,,,,,,
little-dino-kids-t-shirt-copy,,,,,,,,,1-2 YRS,,,Yellow,,,,,'10713299,200.0,shopify,50,continue,manual,799.00,0.00,true,true,,,,,'10713299,https://cdn.shopify.com/s/files/1/0618/2368/0740/files/20_5f5431d5-df96-4133-8972-8e30f41f1f79.png?v=1719673484,5,Little Dino Kids T Shirt Copy - front view - kids wear Pakistan,,,,,,,,,,,,,,,,,,,,,,,,,,,,,,,,,,,,,,,,,,,,https://cdn.shopify.com/s/files/1/0618/2368/0740/files/20_af624099-557c-4d4d-8441-f64baca516c0.png?v=1719673484,kg,,,,,,
little-dino-kids-t-shirt-copy,,,,,,,,,1-2 YRS,,,Grey,,,,,'10713300,200.0,shopify,50,continue,manual,799.00,0.00,true,true,,,,,'10713300,https://cdn.shopify.com/s/files/1/0618/2368/0740/files/21_dfb290a2-5dba-44c6-9dfd-590bd9e850ec.png?v=1719673484,6,Little Dino Kids T Shirt Copy - back view - kids wear Pakistan,,,,,,,,,,,,,,,,,,,,,,,,,,,,,,,,,,,,,,,,,,,,https://cdn.shopify.com/s/files/1/0618/2368/0740/files/19_91d78af3-72e0-435a-8a42-d65c6ed604a1.png?v=1719673484,kg,,,,,,
little-dino-kids-t-shirt-copy,,,,,,,,,1-2 YRS,,,Royal Blue,,,,,'10713301,200.0,shopify,50,continue,manual,799.00,0.00,true,true,,,,,'10713301,https://cdn.shopify.com/s/files/1/0618/2368/0740/files/22_af84742d-975c-4074-b13a-70acc56aee47.png?v=1719673484,7,Little Dino Kids T Shirt Copy - side view - kids wear Pakistan,,,,,,,,,,,,,,,,,,,,,,,,,,,,,,,,,,,,,,,,,,,,https://cdn.shopify.com/s/files/1/0618/2368/0740/files/31_746b1f88-e4d8-4f13-86c7-06c5b88d4168.png?v=1719673484,kg,,,,,,
little-dino-kids-t-shirt-copy,,,,,,,,,1-2 YRS,,,White,,,,,'10713302,200.0,shopify,50,continue,manual,799.00,0.00,true,true,,,,,'10713302,https://cdn.shopify.com/s/files/1/0618/2368/0740/files/23_7a44a4b5-26d8-4df3-a1c2-58f10dd963a9.png?v=1719673484,8,Little Dino Kids T Shirt Copy - detail shot - kids wear Pakistan,,,,,,,,,,,,,,,,,,,,,,,,,,,,,,,,,,,,,,,,,,,,https://cdn.shopify.com/s/files/1/0618/2368/0740/files/26_d42517fe-d1cb-4879-afd5-4ba081d793c7.png?v=1719673484,kg,,,,,,
little-dino-kids-t-shirt-copy,,,,,,,,,1-2 YRS,,,Pink,,,,,'10713303,200.0,shopify,50,continue,manual,799.00,0.00,true,true,,,,,'10713303,https://cdn.shopify.com/s/files/1/0618/2368/0740/files/24_9671d813-8ea0-4b82-afda-5dd44e22c1f1.png?v=1719673484,9,Little Dino Kids T Shirt Copy - front view - kids wear Pakistan,,,,,,,,,,,,,,,,,,,,,,,,,,,,,,,,,,,,,,,,,,,,https://cdn.shopify.com/s/files/1/0618/2368/0740/files/29_3bc95998-5cd3-42dd-80af-e5cbe4193249.png?v=1719673484,kg,,,,,,
little-dino-kids-t-shirt-copy,,,,,,,,,1-2 YRS,,,Bottle green,,,,,'10713304,200.0,shopify,50,continue,manual,799.00,0.00,true,true,,,,,'10713304,https://cdn.shopify.com/s/files/1/0618/2368/0740/files/25_f690a351-fdfd-4406-8d94-ec402f55ccfa.png?v=1719673484,10,Little Dino Kids T Shirt Copy - back view - kids wear Pakistan,,,,,,,,,,,,,,,,,,,,,,,,,,,,,,,,,,,,,,,,,,,,https://cdn.shopify.com/s/files/1/0618/2368/0740/files/23_7a44a4b5-26d8-4df3-a1c2-58f10dd963a9.png?v=1719673484,kg,,,,,,
little-dino-kids-t-shirt-copy,,,,,,,,,1-2 YRS,,,Orange,,,,,'10713305,200.0,shopify,50,continue,manual,799.00,0.00,true,true,,,,,'10713305,https://cdn.shopify.com/s/files/1/0618/2368/0740/files/26_d42517fe-d1cb-4879-afd5-4ba081d793c7.png?v=1719673484,11,Little Dino Kids T Shirt Copy - side view - kids wear Pakistan,,,,,,,,,,,,,,,,,,,,,,,,,,,,,,,,,,,,,,,,,,,,https://cdn.shopify.com/s/files/1/0618/2368/0740/files/30_e9f9831d-7eb9-461a-8e7d-1f5830c03c7a.png?v=1719673484,kg,,,,,,
little-dino-kids-t-shirt-copy,,,,,,,,,1-2 YRS,,,Mahroon,,,,,'10713306,200.0,shopify,50,continue,manual,799.00,0.00,true,true,,,,,'10713306,https://cdn.shopify.com/s/files/1/0618/2368/0740/files/27_d4f30142-ffdd-4717-9597-dd536c08ce14.png?v=1719673484,12,Little Dino Kids T Shirt Copy - detail shot - kids wear Pakistan,,,,,,,,,,,,,,,,,,,,,,,,,,,,,,,,,,,,,,,,,,,,https://cdn.shopify.com/s/files/1/0618/2368/0740/files/27_d4f30142-ffdd-4717-9597-dd536c08ce14.png?v=1719673484,kg,,,,,,
little-dino-kids-t-shirt-copy,,,,,,,,,1-2 YRS,,,Green,,,,,'10713307,200.0,shopify,150,continue,manual,799.00,0.00,true,true,,,,,'10713307,https://cdn.shopify.com/s/files/1/0618/2368/0740/files/28_1ce0af24-46b4-4a9f-9123-e2ee5fbe2eb1.png?v=1719673484,13,Little Dino Kids T Shirt Copy - front view - kids wear Pakistan,,,,,,,,,,,,,,,,,,,,,,,,,,,,,,,,,,,,,,,,,,,,https://cdn.shopify.com/s/files/1/0618/2368/0740/files/24_9671d813-8ea0-4b82-afda-5dd44e22c1f1.png?v=1719673484,kg,,,,,,
little-dino-kids-t-shirt-copy,,,,,,,,,1-2 YRS,,,Navy Blue,,,,,'10713308,200.0,shopify,150,continue,manual,799.00,0.00,true,true,,,,,'10713308,https://cdn.shopify.com/s/files/1/0618/2368/0740/files/29_3bc95998-5cd3-42dd-80af-e5cbe4193249.png?v=1719673484,14,Little Dino Kids T Shirt Copy - back view - kids wear Pakistan,,,,,,,,,,,,,,,,,,,,,,,,,,,,,,,,,,,,,,,,,,,,https://cdn.shopify.com/s/files/1/0618/2368/0740/files/22_af84742d-975c-4074-b13a-70acc56aee47.png?v=1719673484,kg,,,,,,
little-dino-kids-t-shirt-copy,,,,,,,,,3-4 YRS,,,Purple,,,,,'10713309,200.0,shopify,128,continue,manual,799.00,0.00,true,true,,,,,'10713309,https://cdn.shopify.com/s/files/1/0618/2368/0740/files/30_e9f9831d-7eb9-461a-8e7d-1f5830c03c7a.png?v=1719673484,15,Little Dino Kids T Shirt Copy - side view - kids wear Pakistan,,,,,,,,,,,,,,,,,,,,,,,,,,,,,,,,,,,,,,,,,,,,https://cdn.shopify.com/s/files/1/0618/2368/0740/files/32_50cd2180-ae18-4791-acf9-fe1d82cf3c2d.png?v=1719669265,kg,,,,,,
little-dino-kids-t-shirt-copy,,,,,,,,,3-4 YRS,,,Black,,,,,'10713310,200.0,shopify,50,continue,manual,799.00,0.00,true,true,,,,,'10713310,https://cdn.shopify.com/s/files/1/0618/2368/0740/files/31_746b1f88-e4d8-4f13-86c7-06c5b88d4168.png?v=1719673484,16,Little Dino Kids T Shirt Copy - detail shot - kids wear Pakistan,,,,,,,,,,,,,,,,,,,,,,,,,,,,,,,,,,,,,,,,,,,,https://cdn.shopify.com/s/files/1/0618/2368/0740/files/12_15ebc063-b68e-43cf-bbd4-f388abde7c15.png?v=1719673484,kg,,,,,,
little-dino-kids-t-shirt-copy,,,,,,,,,3-4 YRS,,,Beige,,,,,'10713311,200.0,shopify,150,continue,manual,799.00,0.00,true,true,,,,,'10713311,https://cdn.shopify.com/s/files/1/0618/2368/0740/files/12_15ebc063-b68e-43cf-bbd4-f388abde7c15.png?v=1719673484,17,Little Dino Kids T Shirt Copy - front view - kids wear Pakistan,,,,,,,,,,,,,,,,,,,,,,,,,,,,,,,,,,,,,,,,,,,,https://cdn.shopify.com/s/files/1/0618/2368/0740/files/25_f690a351-fdfd-4406-8d94-ec402f55ccfa.png?v=1719673484,kg,,,,,,
little-dino-kids-t-shirt-copy,,,,,,,,,3-4 YRS,,,Red,,,,,'10713312,200.0,shopify,50,continue,manual,799.00,0.00,true,true,,,,,'10713312,https://cdn.shopify.com/s/files/1/0618/2368/0740/files/20_af624099-557c-4d4d-8441-f64baca516c0.png?v=1719673484,18,Little Dino Kids T Shirt Copy - back view - kids wear Pakistan,,,,,,,,,,,,,,,,,,,,,,,,,,,,,,,,,,,,,,,,,,,,https://cdn.shopify.com/s/files/1/0618/2368/0740/files/28_1ce0af24-46b4-4a9f-9123-e2ee5fbe2eb1.png?v=1719673484,kg,,,,,,
little-dino-kids-t-shirt-copy,,,,,,,,,3-4 YRS,,,Yellow,,,,,'10713313,200.0,shopify,50,continue,manual,799.00,0.00,true,true,,,,,'10713313,https://cdn.shopify.com/s/files/1/0618/2368/0740/files/19_91d78af3-72e0-435a-8a42-d65c6ed604a1.png?v=1719673484,19,Little Dino Kids T Shirt Copy - side view - kids wear Pakistan,,,,,,,,,,,,,,,,,,,,,,,,,,,,,,,,,,,,,,,,,,,,https://cdn.shopify.com/s/files/1/0618/2368/0740/files/20_af624099-557c-4d4d-8441-f64baca516c0.png?v=1719673484,kg,,,,,,
little-dino-kids-t-shirt-copy,,,,,,,,,3-4 YRS,,,Grey,,,,,'10713314,200.0,shopify,50,continue,manual,799.00,0.00,true,true,,,,,'10713314,,,,,,,,,,,,,,,,,,,,,,,,,,,,,,,,,,,,,,,,,,,,,,,https://cdn.shopify.com/s/files/1/0618/2368/0740/files/19_91d78af3-72e0-435a-8a42-d65c6ed604a1.png?v=1719673484,kg,,,,,,
little-dino-kids-t-shirt-copy,,,,,,,,,3-4 YRS,,,Royal Blue,,,,,'10713315,200.0,shopify,50,continue,manual,799.00,0.00,true,true,,,,,'10713315,,,,,,,,,,,,,,,,,,,,,,,,,,,,,,,,,,,,,,,,,,,,,,,https://cdn.shopify.com/s/files/1/0618/2368/0740/files/31_746b1f88-e4d8-4f13-86c7-06c5b88d4168.png?v=1719673484,kg,,,,,,
little-dino-kids-t-shirt-copy,,,,,,,,,3-4 YRS,,,White,,,,,'10713316,200.0,shopify,50,continue,manual,799.00,0.00,true,true,,,,,'10713316,,,,,,,,,,,,,,,,,,,,,,,,,,,,,,,,,,,,,,,,,,,,,,,https://cdn.shopify.com/s/files/1/0618/2368/0740/files/26_d42517fe-d1cb-4879-afd5-4ba081d793c7.png?v=1719673484,kg,,,,,,
little-dino-kids-t-shirt-copy,,,,,,,,,3-4 YRS,,,Pink,,,,,'10713317,200.0,shopify,50,continue,manual,799.00,0.00,true,true,,,,,'10713317,,,,,,,,,,,,,,,,,,,,,,,,,,,,,,,,,,,,,,,,,,,,,,,https://cdn.shopify.com/s/files/1/0618/2368/0740/files/29_3bc95998-5cd3-42dd-80af-e5cbe4193249.png?v=1719673484,kg,,,,,,
little-dino-kids-t-shirt-copy,,,,,,,,,3-4 YRS,,,Bottle green,,,,,'10713318,200.0,shopify,50,continue,manual,799.00,0.00,true,true,,,,,'10713318,,,,,,,,,,,,,,,,,,,,,,,,,,,,,,,,,,,,,,,,,,,,,,,https://cdn.shopify.com/s/files/1/0618/2368/0740/files/23_7a44a4b5-26d8-4df3-a1c2-58f10dd963a9.png?v=1719673484,kg,,,,,,
little-dino-kids-t-shirt-copy,,,,,,,,,3-4 YRS,,,Orange,,,,,'10713319,200.0,shopify,50,continue,manual,799.00,0.00,true,true,,,,,'10713319,,,,,,,,,,,,,,,,,,,,,,,,,,,,,,,,,,,,,,,,,,,,,,,https://cdn.shopify.com/s/files/1/0618/2368/0740/files/30_e9f9831d-7eb9-461a-8e7d-1f5830c03c7a.png?v=1719673484,kg,,,,,,
little-dino-kids-t-shirt-copy,,,,,,,,,3-4 YRS,,,Mahroon,,,,,'10713320,200.0,shopify,50,continue,manual,799.00,0.00,true,true,,,,,'10713320,,,,,,,,,,,,,,,,,,,,,,,,,,,,,,,,,,,,,,,,,,,,,,,https://cdn.shopify.com/s/files/1/0618/2368/0740/files/27_d4f30142-ffdd-4717-9597-dd536c08ce14.png?v=1719673484,kg,,,,,,
little-dino-kids-t-shirt-copy,,,,,,,,,3-4 YRS,,,Green,,,,,'10713321,200.0,shopify,150,continue,manual,799.00,0.00,true,true,,,,,'10713321,,,,,,,,,,,,,,,,,,,,,,,,,,,,,,,,,,,,,,,,,,,,,,,https://cdn.shopify.com/s/files/1/0618/2368/0740/files/24_9671d813-8ea0-4b82-afda-5dd44e22c1f1.png?v=1719673484,kg,,,,,,
little-dino-kids-t-shirt-copy,,,,,,,,,3-4 YRS,,,Navy Blue,,,,,'10713322,200.0,shopify,150,continue,manual,799.00,0.00,true,true,,,,,'10713322,,,,,,,,,,,,,,,,,,,,,,,,,,,,,,,,,,,,,,,,,,,,,,,https://cdn.shopify.com/s/files/1/0618/2368/0740/files/22_af84742d-975c-4074-b13a-70acc56aee47.png?v=1719673484,kg,,,,,,
little-dino-kids-t-shirt-copy,,,,,,,,,5-6 YRS,,,Purple,,,,,'10713323,200.0,shopify,128,continue,manual,799.00,0.00,true,true,,,,,'10713323,,,,,,,,,,,,,,,,,,,,,,,,,,,,,,,,,,,,,,,,,,,,,,,https://cdn.shopify.com/s/files/1/0618/2368/0740/files/32_50cd2180-ae18-4791-acf9-fe1d82cf3c2d.png?v=1719669265,kg,,,,,,
little-dino-kids-t-shirt-copy,,,,,,,,,5-6 YRS,,,Black,,,,,'10713324,200.0,shopify,50,continue,manual,799.00,0.00,true,true,,,,,'10713324,,,,,,,,,,,,,,,,,,,,,,,,,,,,,,,,,,,,,,,,,,,,,,,https://cdn.shopify.com/s/files/1/0618/2368/0740/files/12_15ebc063-b68e-43cf-bbd4-f388abde7c15.png?v=1719673484,kg,,,,,,
little-dino-kids-t-shirt-copy,,,,,,,,,5-6 YRS,,,Beige,,,,,'10713325,200.0,shopify,150,continue,manual,799.00,0.00,true,true,,,,,'10713325,,,,,,,,,,,,,,,,,,,,,,,,,,,,,,,,,,,,,,,,,,,,,,,https://cdn.shopify.com/s/files/1/0618/2368/0740/files/25_f690a351-fdfd-4406-8d94-ec402f55ccfa.png?v=1719673484,kg,,,,,,
little-dino-kids-t-shirt-copy,,,,,,,,,5-6 YRS,,,Red,,,,,'10713326,200.0,shopify,50,continue,manual,799.00,0.00,true,true,,,,,'10713326,,,,,,,,,,,,,,,,,,,,,,,,,,,,,,,,,,,,,,,,,,,,,,,https://cdn.shopify.com/s/files/1/0618/2368/0740/files/28_1ce0af24-46b4-4a9f-9123-e2ee5fbe2eb1.png?v=1719673484,kg,,,,,,
little-dino-kids-t-shirt-copy,,,,,,,,,5-6 YRS,,,Yellow,,,,,'10713327,200.0,shopify,50,continue,manual,799.00,0.00,true,true,,,,,'10713327,,,,,,,,,,,,,,,,,,,,,,,,,,,,,,,,,,,,,,,,,,,,,,,https://cdn.shopify.com/s/files/1/0618/2368/0740/files/20_af624099-557c-4d4d-8441-f64baca516c0.png?v=1719673484,kg,,,,,,
little-dino-kids-t-shirt-copy,,,,,,,,,5-6 YRS,,,Grey,,,,,'10713328,200.0,shopify,50,continue,manual,799.00,0.00,true,true,,,,,'10713328,,,,,,,,,,,,,,,,,,,,,,,,,,,,,,,,,,,,,,,,,,,,,,,https://cdn.shopify.com/s/files/1/0618/2368/0740/files/19_91d78af3-72e0-435a-8a42-d65c6ed604a1.png?v=1719673484,kg,,,,,,
little-dino-kids-t-shirt-copy,,,,,,,,,5-6 YRS,,,Royal Blue,,,,,'10713329,200.0,shopify,50,continue,manual,799.00,0.00,true,true,,,,,'10713329,,,,,,,,,,,,,,,,,,,,,,,,,,,,,,,,,,,,,,,,,,,,,,,https://cdn.shopify.com/s/files/1/0618/2368/0740/files/31_746b1f88-e4d8-4f13-86c7-06c5b88d4168.png?v=1719673484,kg,,,,,,
little-dino-kids-t-shirt-copy,,,,,,,,,5-6 YRS,,,White,,,,,'10713330,200.0,shopify,50,continue,manual,799.00,0.00,true,true,,,,,'10713330,,,,,,,,,,,,,,,,,,,,,,,,,,,,,,,,,,,,,,,,,,,,,,,https://cdn.shopify.com/s/files/1/0618/2368/0740/files/26_d42517fe-d1cb-4879-afd5-4ba081d793c7.png?v=1719673484,kg,,,,,,
little-dino-kids-t-shirt-copy,,,,,,,,,5-6 YRS,,,Pink,,,,,'10713331,200.0,shopify,50,continue,manual,799.00,0.00,true,true,,,,,'10713331,,,,,,,,,,,,,,,,,,,,,,,,,,,,,,,,,,,,,,,,,,,,,,,https://cdn.shopify.com/s/files/1/0618/2368/0740/files/29_3bc95998-5cd3-42dd-80af-e5cbe4193249.png?v=1719673484,kg,,,,,,
little-dino-kids-t-shirt-copy,,,,,,,,,5-6 YRS,,,Bottle green,,,,,'10713332,200.0,shopify,50,continue,manual,799.00,0.00,true,true,,,,,'10713332,,,,,,,,,,,,,,,,,,,,,,,,,,,,,,,,,,,,,,,,,,,,,,,https://cdn.shopify.com/s/files/1/0618/2368/0740/files/23_7a44a4b5-26d8-4df3-a1c2-58f10dd963a9.png?v=1719673484,kg,,,,,,
little-dino-kids-t-shirt-copy,,,,,,,,,5-6 YRS,,,Orange,,,,,'10713333,200.0,shopify,50,continue,manual,799.00,0.00,true,true,,,,,'10713333,,,,,,,,,,,,,,,,,,,,,,,,,,,,,,,,,,,,,,,,,,,,,,,https://cdn.shopify.com/s/files/1/0618/2368/0740/files/30_e9f9831d-7eb9-461a-8e7d-1f5830c03c7a.png?v=1719673484,kg,,,,,,
little-dino-kids-t-shirt-copy,,,,,,,,,5-6 YRS,,,Mahroon,,,,,'10713334,200.0,shopify,50,continue,manual,799.00,0.00,true,true,,,,,'10713334,,,,,,,,,,,,,,,,,,,,,,,,,,,,,,,,,,,,,,,,,,,,,,,https://cdn.shopify.com/s/files/1/0618/2368/0740/files/27_d4f30142-ffdd-4717-9597-dd536c08ce14.png?v=1719673484,kg,,,,,,
little-dino-kids-t-shirt-copy,,,,,,,,,5-6 YRS,,,Green,,,,,'10713335,200.0,shopify,150,continue,manual,799.00,0.00,true,true,,,,,'10713335,,,,,,,,,,,,,,,,,,,,,,,,,,,,,,,,,,,,,,,,,,,,,,,https://cdn.shopify.com/s/files/1/0618/2368/0740/files/24_9671d813-8ea0-4b82-afda-5dd44e22c1f1.png?v=1719673484,kg,,,,,,
little-dino-kids-t-shirt-copy,,,,,,,,,5-6 YRS,,,Navy Blue,,,,,'10713336,200.0,shopify,150,continue,manual,799.00,0.00,true,true,,,,,'10713336,,,,,,,,,,,,,,,,,,,,,,,,,,,,,,,,,,,,,,,,,,,,,,,https://cdn.shopify.com/s/files/1/0618/2368/0740/files/22_af84742d-975c-4074-b13a-70acc56aee47.png?v=1719673484,kg,,,,,,
little-dino-kids-t-shirt-copy,,,,,,,,,7-8 YRS,,,Purple,,,,,'10713337,200.0,shopify,128,continue,manual,799.00,0.00,true,true,,,,,'10713337,,,,,,,,,,,,,,,,,,,,,,,,,,,,,,,,,,,,,,,,,,,,,,,https://cdn.shopify.com/s/files/1/0618/2368/0740/files/32_50cd2180-ae18-4791-acf9-fe1d82cf3c2d.png?v=1719669265,kg,,,,,,
little-dino-kids-t-shirt-copy,,,,,,,,,7-8 YRS,,,Black,,,,,'10713338,200.0,shopify,50,continue,manual,799.00,0.00,true,true,,,,,'10713338,,,,,,,,,,,,,,,,,,,,,,,,,,,,,,,,,,,,,,,,,,,,,,,https://cdn.shopify.com/s/files/1/0618/2368/0740/files/12_15ebc063-b68e-43cf-bbd4-f388abde7c15.png?v=1719673484,kg,,,,,,
little-dino-kids-t-shirt-copy,,,,,,,,,7-8 YRS,,,Beige,,,,,'10713339,200.0,shopify,150,continue,manual,799.00,0.00,true,true,,,,,'10713339,,,,,,,,,,,,,,,,,,,,,,,,,,,,,,,,,,,,,,,,,,,,,,,https://cdn.shopify.com/s/files/1/0618/2368/0740/files/25_f690a351-fdfd-4406-8d94-ec402f55ccfa.png?v=1719673484,kg,,,,,,
little-dino-kids-t-shirt-copy,,,,,,,,,7-8 YRS,,,Red,,,,,'10713340,200.0,shopify,50,continue,manual,799.00,0.00,true,true,,,,,'10713340,,,,,,,,,,,,,,,,,,,,,,,,,,,,,,,,,,,,,,,,,,,,,,,https://cdn.shopify.com/s/files/1/0618/2368/0740/files/28_1ce0af24-46b4-4a9f-9123-e2ee5fbe2eb1.png?v=1719673484,kg,,,,,,
little-dino-kids-t-shirt-copy,,,,,,,,,7-8 YRS,,,Yellow,,,,,'10713341,200.0,shopify,50,continue,manual,799.00,0.00,true,true,,,,,'10713341,,,,,,,,,,,,,,,,,,,,,,,,,,,,,,,,,,,,,,,,,,,,,,,https://cdn.shopify.com/s/files/1/0618/2368/0740/files/20_af624099-557c-4d4d-8441-f64baca516c0.png?v=1719673484,kg,,,,,,
little-dino-kids-t-shirt-copy,,,,,,,,,7-8 YRS,,,Grey,,,,,'10713342,200.0,shopify,50,continue,manual,799.00,0.00,true,true,,,,,'10713342,,,,,,,,,,,,,,,,,,,,,,,,,,,,,,,,,,,,,,,,,,,,,,,https://cdn.shopify.com/s/files/1/0618/2368/0740/files/19_91d78af3-72e0-435a-8a42-d65c6ed604a1.png?v=1719673484,kg,,,,,,
little-dino-kids-t-shirt-copy,,,,,,,,,7-8 YRS,,,Royal Blue,,,,,'10713343,200.0,shopify,50,continue,manual,799.00,0.00,true,true,,,,,'10713343,,,,,,,,,,,,,,,,,,,,,,,,,,,,,,,,,,,,,,,,,,,,,,,https://cdn.shopify.com/s/files/1/0618/2368/0740/files/31_746b1f88-e4d8-4f13-86c7-06c5b88d4168.png?v=1719673484,kg,,,,,,
little-dino-kids-t-shirt-copy,,,,,,,,,7-8 YRS,,,White,,,,,'10713344,200.0,shopify,50,continue,manual,799.00,0.00,true,true,,,,,'10713344,,,,,,,,,,,,,,,,,,,,,,,,,,,,,,,,,,,,,,,,,,,,,,,https://cdn.shopify.com/s/files/1/0618/2368/0740/files/26_d42517fe-d1cb-4879-afd5-4ba081d793c7.png?v=1719673484,kg,,,,,,
little-dino-kids-t-shirt-copy,,,,,,,,,7-8 YRS,,,Pink,,,,,'10713345,200.0,shopify,49,continue,manual,799.00,0.00,true,true,,,,,'10713345,,,,,,,,,,,,,,,,,,,,,,,,,,,,,,,,,,,,,,,,,,,,,,,https://cdn.shopify.com/s/files/1/0618/2368/0740/files/29_3bc95998-5cd3-42dd-80af-e5cbe4193249.png?v=1719673484,kg,,,,,,
little-dino-kids-t-shirt-copy,,,,,,,,,7-8 YRS,,,Bottle green,,,,,'10713346,200.0,shopify,50,continue,manual,799.00,0.00,true,true,,,,,'10713346,,,,,,,,,,,,,,,,,,,,,,,,,,,,,,,,,,,,,,,,,,,,,,,https://cdn.shopify.com/s/files/1/0618/2368/0740/files/23_7a44a4b5-26d8-4df3-a1c2-58f10dd963a9.png?v=1719673484,kg,,,,,,
little-dino-kids-t-shirt-copy,,,,,,,,,7-8 YRS,,,Orange,,,,,'10713347,200.0,shopify,50,continue,manual,799.00,0.00,true,true,,,,,'10713347,,,,,,,,,,,,,,,,,,,,,,,,,,,,,,,,,,,,,,,,,,,,,,,https://cdn.shopify.com/s/files/1/0618/2368/0740/files/30_e9f9831d-7eb9-461a-8e7d-1f5830c03c7a.png?v=1719673484,kg,,,,,,
little-dino-kids-t-shirt-copy,,,,,,,,,7-8 YRS,,,Mahroon,,,,,'10713348,200.0,shopify,50,continue,manual,799.00,0.00,true,true,,,,,'10713348,,,,,,,,,,,,,,,,,,,,,,,,,,,,,,,,,,,,,,,,,,,,,,,https://cdn.shopify.com/s/files/1/0618/2368/0740/files/27_d4f30142-ffdd-4717-9597-dd536c08ce14.png?v=1719673484,kg,,,,,,
little-dino-kids-t-shirt-copy,,,,,,,,,7-8 YRS,,,Green,,,,,'10713349,200.0,shopify,150,continue,manual,799.00,0.00,true,true,,,,,'10713349,,,,,,,,,,,,,,,,,,,,,,,,,,,,,,,,,,,,,,,,,,,,,,,https://cdn.shopify.com/s/files/1/0618/2368/0740/files/24_9671d813-8ea0-4b82-afda-5dd44e22c1f1.png?v=1719673484,kg,,,,,,
little-dino-kids-t-shirt-copy,,,,,,,,,7-8 YRS,,,Navy Blue,,,,,'10713350,200.0,shopify,150,continue,manual,799.00,0.00,true,true,,,,,'10713350,,,,,,,,,,,,,,,,,,,,,,,,,,,,,,,,,,,,,,,,,,,,,,,https://cdn.shopify.com/s/files/1/0618/2368/0740/files/22_af84742d-975c-4074-b13a-70acc56aee47.png?v=1719673484,kg,,,,,,
little-dino-kids-t-shirt-copy,,,,,,,,,9-10 YRS,,,Purple,,,,,'10713351,200.0,shopify,128,continue,manual,899.00,0.00,true,true,,,,,'10713351,,,,,,,,,,,,,,,,,,,,,,,,,,,,,,,,,,,,,,,,,,,,,,,https://cdn.shopify.com/s/files/1/0618/2368/0740/files/32_50cd2180-ae18-4791-acf9-fe1d82cf3c2d.png?v=1719669265,kg,,,,,,
little-dino-kids-t-shirt-copy,,,,,,,,,9-10 YRS,,,Black,,,,,'10713352,200.0,shopify,50,continue,manual,899.00,0.00,true,true,,,,,'10713352,,,,,,,,,,,,,,,,,,,,,,,,,,,,,,,,,,,,,,,,,,,,,,,https://cdn.shopify.com/s/files/1/0618/2368/0740/files/12_15ebc063-b68e-43cf-bbd4-f388abde7c15.png?v=1719673484,kg,,,,,,
little-dino-kids-t-shirt-copy,,,,,,,,,9-10 YRS,,,Beige,,,,,'10713353,200.0,shopify,150,continue,manual,899.00,0.00,true,true,,,,,'10713353,,,,,,,,,,,,,,,,,,,,,,,,,,,,,,,,,,,,,,,,,,,,,,,https://cdn.shopify.com/s/files/1/0618/2368/0740/files/25_f690a351-fdfd-4406-8d94-ec402f55ccfa.png?v=1719673484,kg,,,,,,
little-dino-kids-t-shirt-copy,,,,,,,,,9-10 YRS,,,Red,,,,,'10713354,200.0,shopify,50,continue,manual,899.00,0.00,true,true,,,,,'10713354,,,,,,,,,,,,,,,,,,,,,,,,,,,,,,,,,,,,,,,,,,,,,,,https://cdn.shopify.com/s/files/1/0618/2368/0740/files/28_1ce0af24-46b4-4a9f-9123-e2ee5fbe2eb1.png?v=1719673484,kg,,,,,,
little-dino-kids-t-shirt-copy,,,,,,,,,9-10 YRS,,,Yellow,,,,,'10713355,200.0,shopify,50,continue,manual,899.00,0.00,true,true,,,,,'10713355,,,,,,,,,,,,,,,,,,,,,,,,,,,,,,,,,,,,,,,,,,,,,,,https://cdn.shopify.com/s/files/1/0618/2368/0740/files/20_af624099-557c-4d4d-8441-f64baca516c0.png?v=1719673484,kg,,,,,,
little-dino-kids-t-shirt-copy,,,,,,,,,9-10 YRS,,,Grey,,,,,'10713356,200.0,shopify,50,continue,manual,899.00,0.00,true,true,,,,,'10713356,,,,,,,,,,,,,,,,,,,,,,,,,,,,,,,,,,,,,,,,,,,,,,,https://cdn.shopify.com/s/files/1/0618/2368/0740/files/19_91d78af3-72e0-435a-8a42-d65c6ed604a1.png?v=1719673484,kg,,,,,,
little-dino-kids-t-shirt-copy,,,,,,,,,9-10 YRS,,,Royal Blue,,,,,'10713357,200.0,shopify,50,continue,manual,899.00,0.00,true,true,,,,,'10713357,,,,,,,,,,,,,,,,,,,,,,,,,,,,,,,,,,,,,,,,,,,,,,,https://cdn.shopify.com/s/files/1/0618/2368/0740/files/31_746b1f88-e4d8-4f13-86c7-06c5b88d4168.png?v=1719673484,kg,,,,,,
little-dino-kids-t-shirt-copy,,,,,,,,,9-10 YRS,,,White,,,,,'10713358,200.0,shopify,50,continue,manual,899.00,0.00,true,true,,,,,'10713358,,,,,,,,,,,,,,,,,,,,,,,,,,,,,,,,,,,,,,,,,,,,,,,https://cdn.shopify.com/s/files/1/0618/2368/0740/files/26_d42517fe-d1cb-4879-afd5-4ba081d793c7.png?v=1719673484,kg,,,,,,
little-dino-kids-t-shirt-copy,,,,,,,,,9-10 YRS,,,Pink,,,,,'10713359,200.0,shopify,50,continue,manual,899.00,0.00,true,true,,,,,'10713359,,,,,,,,,,,,,,,,,,,,,,,,,,,,,,,,,,,,,,,,,,,,,,,https://cdn.shopify.com/s/files/1/0618/2368/0740/files/29_3bc95998-5cd3-42dd-80af-e5cbe4193249.png?v=1719673484,kg,,,,,,
little-dino-kids-t-shirt-copy,,,,,,,,,9-10 YRS,,,Bottle green,,,,,'10713360,200.0,shopify,50,continue,manual,899.00,0.00,true,true,,,,,'10713360,,,,,,,,,,,,,,,,,,,,,,,,,,,,,,,,,,,,,,,,,,,,,,,https://cdn.shopify.com/s/files/1/0618/2368/0740/files/23_7a44a4b5-26d8-4df3-a1c2-58f10dd963a9.png?v=1719673484,kg,,,,,,
little-dino-kids-t-shirt-copy,,,,,,,,,9-10 YRS,,,Orange,,,,,'10713361,200.0,shopify,50,continue,manual,899.00,0.00,true,true,,,,,'10713361,,,,,,,,,,,,,,,,,,,,,,,,,,,,,,,,,,,,,,,,,,,,,,,https://cdn.shopify.com/s/files/1/0618/2368/0740/files/30_e9f9831d-7eb9-461a-8e7d-1f5830c03c7a.png?v=1719673484,kg,,,,,,
little-dino-kids-t-shirt-copy,,,,,,,,,9-10 YRS,,,Mahroon,,,,,'10713362,200.0,shopify,50,continue,manual,899.00,0.00,true,true,,,,,'10713362,,,,,,,,,,,,,,,,,,,,,,,,,,,,,,,,,,,,,,,,,,,,,,,https://cdn.shopify.com/s/files/1/0618/2368/0740/files/27_d4f30142-ffdd-4717-9597-dd536c08ce14.png?v=1719673484,kg,,,,,,
little-dino-kids-t-shirt-copy,,,,,,,,,9-10 YRS,,,Green,,,,,'10713363,200.0,shopify,150,continue,manual,899.00,0.00,true,true,,,,,'10713363,,,,,,,,,,,,,,,,,,,,,,,,,,,,,,,,,,,,,,,,,,,,,,,https://cdn.shopify.com/s/files/1/0618/2368/0740/files/24_9671d813-8ea0-4b82-afda-5dd44e22c1f1.png?v=1719673484,kg,,,,,,
little-dino-kids-t-shirt-copy,,,,,,,,,9-10 YRS,,,Navy Blue,,,,,'10713364,200.0,shopify,150,continue,manual,899.00,0.00,true,true,,,,,'10713364,,,,,,,,,,,,,,,,,,,,,,,,,,,,,,,,,,,,,,,,,,,,,,,https://cdn.shopify.com/s/files/1/0618/2368/0740/files/22_af84742d-975c-4074-b13a-70acc56aee47.png?v=1719673484,kg,,,,,,
little-dino-kids-t-shirt-copy,,,,,,,,,11-12 YRS,,,Purple,,,,,'10713365,200.0,shopify,128,continue,manual,899.00,0.00,true,true,,,,,'10713365,,,,,,,,,,,,,,,,,,,,,,,,,,,,,,,,,,,,,,,,,,,,,,,https://cdn.shopify.com/s/files/1/0618/2368/0740/files/32_50cd2180-ae18-4791-acf9-fe1d82cf3c2d.png?v=1719669265,kg,,,,,,
little-dino-kids-t-shirt-copy,,,,,,,,,11-12 YRS,,,Black,,,,,'10713366,200.0,shopify,50,continue,manual,899.00,0.00,true,true,,,,,'10713366,,,,,,,,,,,,,,,,,,,,,,,,,,,,,,,,,,,,,,,,,,,,,,,https://cdn.shopify.com/s/files/1/0618/2368/0740/files/12_15ebc063-b68e-43cf-bbd4-f388abde7c15.png?v=1719673484,kg,,,,,,
little-dino-kids-t-shirt-copy,,,,,,,,,11-12 YRS,,,Beige,,,,,'10713367,200.0,shopify,150,continue,manual,899.00,0.00,true,true,,,,,'10713367,,,,,,,,,,,,,,,,,,,,,,,,,,,,,,,,,,,,,,,,,,,,,,,https://cdn.shopify.com/s/files/1/0618/2368/0740/files/25_f690a351-fdfd-4406-8d94-ec402f55ccfa.png?v=1719673484,kg,,,,,,
little-dino-kids-t-shirt-copy,,,,,,,,,11-12 YRS,,,Red,,,,,'10713368,200.0,shopify,50,continue,manual,899.00,0.00,true,true,,,,,'10713368,,,,,,,,,,,,,,,,,,,,,,,,,,,,,,,,,,,,,,,,,,,,,,,https://cdn.shopify.com/s/files/1/0618/2368/0740/files/28_1ce0af24-46b4-4a9f-9123-e2ee5fbe2eb1.png?v=1719673484,kg,,,,,,
little-dino-kids-t-shirt-copy,,,,,,,,,11-12 YRS,,,Yellow,,,,,'10713369,200.0,shopify,50,continue,manual,899.00,0.00,true,true,,,,,'10713369,,,,,,,,,,,,,,,,,,,,,,,,,,,,,,,,,,,,,,,,,,,,,,,https://cdn.shopify.com/s/files/1/0618/2368/0740/files/20_af624099-557c-4d4d-8441-f64baca516c0.png?v=1719673484,kg,,,,,,
little-dino-kids-t-shirt-copy,,,,,,,,,11-12 YRS,,,Grey,,,,,'10713370,200.0,shopify,50,continue,manual,899.00,0.00,true,true,,,,,'10713370,,,,,,,,,,,,,,,,,,,,,,,,,,,,,,,,,,,,,,,,,,,,,,,https://cdn.shopify.com/s/files/1/0618/2368/0740/files/19_91d78af3-72e0-435a-8a42-d65c6ed604a1.png?v=1719673484,kg,,,,,,
little-dino-kids-t-shirt-copy,,,,,,,,,11-12 YRS,,,Royal Blue,,,,,'10713371,200.0,shopify,50,continue,manual,899.00,0.00,true,true,,,,,'10713371,,,,,,,,,,,,,,,,,,,,,,,,,,,,,,,,,,,,,,,,,,,,,,,https://cdn.shopify.com/s/files/1/0618/2368/0740/files/31_746b1f88-e4d8-4f13-86c7-06c5b88d4168.png?v=1719673484,kg,,,,,,
little-dino-kids-t-shirt-copy,,,,,,,,,11-12 YRS,,,White,,,,,'10713372,200.0,shopify,50,continue,manual,899.00,0.00,true,true,,,,,'10713372,,,,,,,,,,,,,,,,,,,,,,,,,,,,,,,,,,,,,,,,,,,,,,,https://cdn.shopify.com/s/files/1/0618/2368/0740/files/26_d42517fe-d1cb-4879-afd5-4ba081d793c7.png?v=1719673484,kg,,,,,,
little-dino-kids-t-shirt-copy,,,,,,,,,11-12 YRS,,,Pink,,,,,'10713373,200.0,shopify,50,continue,manual,899.00,0.00,true,true,,,,,'10713373,,,,,,,,,,,,,,,,,,,,,,,,,,,,,,,,,,,,,,,,,,,,,,,https://cdn.shopify.com/s/files/1/0618/2368/0740/files/29_3bc95998-5cd3-42dd-80af-e5cbe4193249.png?v=1719673484,kg,,,,,,
little-dino-kids-t-shirt-copy,,,,,,,,,11-12 YRS,,,Bottle green,,,,,'10713374,200.0,shopify,50,continue,manual,899.00,0.00,true,true,,,,,'10713374,,,,,,,,,,,,,,,,,,,,,,,,,,,,,,,,,,,,,,,,,,,,,,,https://cdn.shopify.com/s/files/1/0618/2368/0740/files/23_7a44a4b5-26d8-4df3-a1c2-58f10dd963a9.png?v=1719673484,kg,,,,,,
little-dino-kids-t-shirt-copy,,,,,,,,,11-12 YRS,,,Orange,,,,,'10713375,200.0,shopify,50,continue,manual,899.00,0.00,true,true,,,,,'10713375,,,,,,,,,,,,,,,,,,,,,,,,,,,,,,,,,,,,,,,,,,,,,,,https://cdn.shopify.com/s/files/1/0618/2368/0740/files/30_e9f9831d-7eb9-461a-8e7d-1f5830c03c7a.png?v=1719673484,kg,,,,,,
little-dino-kids-t-shirt-copy,,,,,,,,,11-12 YRS,,,Mahroon,,,,,'10713376,200.0,shopify,50,continue,manual,899.00,0.00,true,true,,,,,'10713376,,,,,,,,,,,,,,,,,,,,,,,,,,,,,,,,,,,,,,,,,,,,,,,https://cdn.shopify.com/s/files/1/0618/2368/0740/files/27_d4f30142-ffdd-4717-9597-dd536c08ce14.png?v=1719673484,kg,,,,,,
little-dino-kids-t-shirt-copy,,,,,,,,,11-12 YRS,,,Green,,,,,'10713377,200.0,shopify,150,continue,manual,899.00,0.00,true,true,,,,,'10713377,,,,,,,,,,,,,,,,,,,,,,,,,,,,,,,,,,,,,,,,,,,,,,,https://cdn.shopify.com/s/files/1/0618/2368/0740/files/24_9671d813-8ea0-4b82-afda-5dd44e22c1f1.png?v=1719673484,kg,,,,,,
little-dino-kids-t-shirt-copy,,,,,,,,,11-12 YRS,,,Navy Blue,,,,,'10713378,200.0,shopify,150,continue,manual,899.00,0.00,true,true,,,,,'10713378,,,,,,,,,,,,,,,,,,,,,,,,,,,,,,,,,,,,,,,,,,,,,,,https://cdn.shopify.com/s/files/1/0618/2368/0740/files/22_af84742d-975c-4074-b13a-70acc56aee47.png?v=1719673484,kg,,,,,,
little-dino-kids-t-shirt-copy,,,,,,,,,13-14 YRS,,,Purple,,,,,'10713379,200.0,shopify,70,continue,manual,999.00,0.00,true,true,,,,,'10713379,,,,,,,,,,,,,,,,,,,,,,,,,,,,,,,,,,,,,,,,,,,,,,,https://cdn.shopify.com/s/files/1/0618/2368/0740/files/32_50cd2180-ae18-4791-acf9-fe1d82cf3c2d.png?v=1719669265,kg,,,,,,
little-dino-kids-t-shirt-copy,,,,,,,,,13-14 YRS,,,Black,,,,,'10713380,200.0,shopify,70,continue,manual,999.00,0.00,true,true,,,,,'10713380,,,,,,,,,,,,,,,,,,,,,,,,,,,,,,,,,,,,,,,,,,,,,,,https://cdn.shopify.com/s/files/1/0618/2368/0740/files/32_50cd2180-ae18-4791-acf9-fe1d82cf3c2d.png?v=1719669265,kg,,,,,,
little-dino-kids-t-shirt-copy,,,,,,,,,13-14 YRS,,,Beige,,,,,'10713381,200.0,shopify,70,continue,manual,999.00,0.00,true,true,,,,,'10713381,,,,,,,,,,,,,,,,,,,,,,,,,,,,,,,,,,,,,,,,,,,,,,,https://cdn.shopify.com/s/files/1/0618/2368/0740/files/32_50cd2180-ae18-4791-acf9-fe1d82cf3c2d.png?v=1719669265,kg,,,,,,
little-dino-kids-t-shirt-copy,,,,,,,,,13-14 YRS,,,Red,,,,,'10713382,200.0,shopify,70,continue,manual,999.00,0.00,true,true,,,,,'10713382,,,,,,,,,,,,,,,,,,,,,,,,,,,,,,,,,,,,,,,,,,,,,,,https://cdn.shopify.com/s/files/1/0618/2368/0740/files/32_50cd2180-ae18-4791-acf9-fe1d82cf3c2d.png?v=1719669265,kg,,,,,,
little-dino-kids-t-shirt-copy,,,,,,,,,13-14 YRS,,,Yellow,,,,,'10713383,200.0,shopify,70,continue,manual,999.00,0.00,true,true,,,,,'10713383,,,,,,,,,,,,,,,,,,,,,,,,,,,,,,,,,,,,,,,,,,,,,,,https://cdn.shopify.com/s/files/1/0618/2368/0740/files/32_50cd2180-ae18-4791-acf9-fe1d82cf3c2d.png?v=1719669265,kg,,,,,,
little-dino-kids-t-shirt-copy,,,,,,,,,13-14 YRS,,,Grey,,,,,'10713384,200.0,shopify,70,continue,manual,999.00,0.00,true,true,,,,,'10713384,,,,,,,,,,,,,,,,,,,,,,,,,,,,,,,,,,,,,,,,,,,,,,,https://cdn.shopify.com/s/files/1/0618/2368/0740/files/32_50cd2180-ae18-4791-acf9-fe1d82cf3c2d.png?v=1719669265,kg,,,,,,
little-dino-kids-t-shirt-copy,,,,,,,,,13-14 YRS,,,Royal Blue,,,,,'10713385,200.0,shopify,70,continue,manual,999.00,0.00,true,true,,,,,'10713385,,,,,,,,,,,,,,,,,,,,,,,,,,,,,,,,,,,,,,,,,,,,,,,https://cdn.shopify.com/s/files/1/0618/2368/0740/files/32_50cd2180-ae18-4791-acf9-fe1d82cf3c2d.png?v=1719669265,kg,,,,,,
little-dino-kids-t-shirt-copy,,,,,,,,,13-14 YRS,,,White,,,,,'10713386,200.0,shopify,70,continue,manual,999.00,0.00,true,true,,,,,'10713386,,,,,,,,,,,,,,,,,,,,,,,,,,,,,,,,,,,,,,,,,,,,,,,https://cdn.shopify.com/s/files/1/0618/2368/0740/files/32_50cd2180-ae18-4791-acf9-fe1d82cf3c2d.png?v=1719669265,kg,,,,,,
little-dino-kids-t-shirt-copy,,,,,,,,,13-14 YRS,,,Pink,,,,,'10713387,200.0,shopify,70,continue,manual,999.00,0.00,true,true,,,,,'10713387,,,,,,,,,,,,,,,,,,,,,,,,,,,,,,,,,,,,,,,,,,,,,,,https://cdn.shopify.com/s/files/1/0618/2368/0740/files/32_50cd2180-ae18-4791-acf9-fe1d82cf3c2d.png?v=1719669265,kg,,,,,,
little-dino-kids-t-shirt-copy,,,,,,,,,13-14 YRS,,,Bottle green,,,,,'10713388,200.0,shopify,70,continue,manual,999.00,0.00,true,true,,,,,'10713388,,,,,,,,,,,,,,,,,,,,,,,,,,,,,,,,,,,,,,,,,,,,,,,https://cdn.shopify.com/s/files/1/0618/2368/0740/files/32_50cd2180-ae18-4791-acf9-fe1d82cf3c2d.png?v=1719669265,kg,,,,,,
little-dino-kids-t-shirt-copy,,,,,,,,,13-14 YRS,,,Orange,,,,,'10713389,200.0,shopify,70,continue,manual,999.00,0.00,true,true,,,,,'10713389,,,,,,,,,,,,,,,,,,,,,,,,,,,,,,,,,,,,,,,,,,,,,,,https://cdn.shopify.com/s/files/1/0618/2368/0740/files/32_50cd2180-ae18-4791-acf9-fe1d82cf3c2d.png?v=1719669265,kg,,,,,,
little-dino-kids-t-shirt-copy,,,,,,,,,13-14 YRS,,,Mahroon,,,,,'10713390,200.0,shopify,70,continue,manual,999.00,0.00,true,true,,,,,'10713390,,,,,,,,,,,,,,,,,,,,,,,,,,,,,,,,,,,,,,,,,,,,,,,https://cdn.shopify.com/s/files/1/0618/2368/0740/files/32_50cd2180-ae18-4791-acf9-fe1d82cf3c2d.png?v=1719669265,kg,,,,,,
little-dino-kids-t-shirt-copy,,,,,,,,,13-14 YRS,,,Green,,,,,'10713391,200.0,shopify,70,continue,manual,999.00,0.00,true,true,,,,,'10713391,,,,,,,,,,,,,,,,,,,,,,,,,,,,,,,,,,,,,,,,,,,,,,,https://cdn.shopify.com/s/files/1/0618/2368/0740/files/32_50cd2180-ae18-4791-acf9-fe1d82cf3c2d.png?v=1719669265,kg,,,,,,
little-dino-kids-t-shirt-copy,,,,,,,,,13-14 YRS,,,Navy Blue,,,,,'10706878,200.0,shopify,70,continue,manual,999.00,0.00,true,true,,,,,'10706878,,,,,,,,,,,,,,,,,,,,,,,,,,,,,,,,,,,,,,,,,,,,,,,https://cdn.shopify.com/s/files/1/0618/2368/0740/files/32_50cd2180-ae18-4791-acf9-fe1d82cf3c2d.png?v=1719669265,kg,,,,,,
just-do-it-kids-t-shirt-copy,LITTLE DINO KIDS T SHIRT,"<h4>LITTLE DINO KIDS T SHIRT</h4>
<div>Fabric: Soft High-Quality Jersey</div>
<div>Short Sleeve T-Shirt</div>
<div>Round Neck</div>
<div>High Quality DTF Printed </div>
<div>Soft and Comfortable Wear</div>
<div>Easy Wash &amp; Press</div>
<div>Sizes 1-14 years </div>
<div><span>Disclaimer: Colors may vary slightly due to studio lights. </span></div>",BBG FASHION,Apparel & Accessories > Clothing > Clothing Tops > T-Shirts,kids T-Shirts,kids T-Shirts,false,Size,1-2 YRS,,Color,Beige,,,,,'10713198,200.0,shopify,150,continue,manual,799.00,0.00,true,true,,,,,'10713198,https://cdn.shopify.com/s/files/1/0618/2368/0740/files/25_0dd1e0a4-83c7-49ab-94be-280533e3268a.png?v=1719669231,1,Just Do It Kids T Shirt Copy - front view - kids wear Pakistan,false,,,212,,,,,,,,,,,,,,,,,,,,,,,,,,,,,,,,,,,,,,,,https://cdn.shopify.com/s/files/1/0618/2368/0740/files/25_0dd1e0a4-83c7-49ab-94be-280533e3268a.png?v=1719669231,kg,,,true,,,draft
just-do-it-kids-t-shirt-copy,,,,,,,,,1-2 YRS,,,Red,,,,,'10713199,200.0,shopify,50,continue,manual,799.00,,true,true,,,,,'10713199,https://cdn.shopify.com/s/files/1/0618/2368/0740/files/bbg_52c11d4e-abc8-46fd-bf9e-e6c4bd11aaf9.png?v=1719669638,2,Unicorn T Shirt For Kids Copy - back view - kids wear Pakistan,,,,,,,,,,,,,,,,,,,,,,,,,,,,,,,,,,,,,,,,,,,,https://cdn.shopify.com/s/files/1/0618/2368/0740/files/28_969015eb-39c0-43c5-b460-5e13614c6b42.png?v=1719673278,kg,,,,,,
just-do-it-kids-t-shirt-copy,,,,,,,,,1-2 YRS,,,Yellow,,,,,'10713200,200.0,shopify,50,continue,manual,799.00,,true,true,,,,,'10713200,https://cdn.shopify.com/s/files/1/0618/2368/0740/files/27_5a18eb76-59ba-4ffe-83a5-ff8d7ab7949c.png?v=1719673278,3,Just Do It Kids T Shirt Copy - side view - kids wear Pakistan,,,,,,,,,,,,,,,,,,,,,,,,,,,,,,,,,,,,,,,,,,,,https://cdn.shopify.com/s/files/1/0618/2368/0740/files/20_e6b13813-eddc-41cd-8450-0c0de035127f.png?v=1719673278,kg,,,,,,
just-do-it-kids-t-shirt-copy,,,,,,,,,1-2 YRS,,,Light Blue,,,,,'10713201,200.0,shopify,50,continue,manual,799.00,,true,true,,,,,'10713201,https://cdn.shopify.com/s/files/1/0618/2368/0740/files/12_58225de3-c419-48c4-85db-aba9cb53ddc5.png?v=1719673278,4,Just Do It Kids T Shirt Copy - detail shot - kids wear Pakistan,,,,,,,,,,,,,,,,,,,,,,,,,,,,,,,,,,,,,,,,,,,,https://cdn.shopify.com/s/files/1/0618/2368/0740/files/21_0560153e-d168-4904-b581-1bfb5bbe6342.png?v=1719673278,kg,,,,,,
just-do-it-kids-t-shirt-copy,,,,,,,,,1-2 YRS,,,Grey,,,,,'10713202,200.0,shopify,50,continue,manual,799.00,,true,true,,,,,'10713202,https://cdn.shopify.com/s/files/1/0618/2368/0740/files/19_90c08b75-e5d1-4b35-bb4f-3d47e332b573.png?v=1719673278,5,Just Do It Kids T Shirt Copy - front view - kids wear Pakistan,,,,,,,,,,,,,,,,,,,,,,,,,,,,,,,,,,,,,,,,,,,,https://cdn.shopify.com/s/files/1/0618/2368/0740/files/19_a9d9c5aa-8e0c-4ed2-bc9d-4d748df115ff.png?v=1719673278,kg,,,,,,
just-do-it-kids-t-shirt-copy,,,,,,,,,1-2 YRS,,,White,,,,,'10713203,200.0,shopify,50,continue,manual,799.00,,true,true,,,,,'10713203,https://cdn.shopify.com/s/files/1/0618/2368/0740/files/20_f4fc4c3c-9096-4e48-9580-47f384d48172.png?v=1719673278,6,Just Do It Kids T Shirt Copy - back view - kids wear Pakistan,,,,,,,,,,,,,,,,,,,,,,,,,,,,,,,,,,,,,,,,,,,,https://cdn.shopify.com/s/files/1/0618/2368/0740/files/26_7b844d60-449e-47ae-b597-84ca6648c1b8.png?v=1719673278,kg,,,,,,
just-do-it-kids-t-shirt-copy,,,,,,,,,1-2 YRS,,,Pink,,,,,'10713204,200.0,shopify,50,continue,manual,799.00,,true,true,,,,,'10713204,https://cdn.shopify.com/s/files/1/0618/2368/0740/files/21_0560153e-d168-4904-b581-1bfb5bbe6342.png?v=1719673278,7,Just Do It Kids T Shirt Copy - side view - kids wear Pakistan,,,,,,,,,,,,,,,,,,,,,,,,,,,,,,,,,,,,,,,,,,,,https://cdn.shopify.com/s/files/1/0618/2368/0740/files/29_1e31f7b2-6ce2-4e1e-938f-0bf4a8cce590.png?v=1719673278,kg,,,,,,
just-do-it-kids-t-shirt-copy,,,,,,,,,1-2 YRS,,,Bottle green,,,,,'10713205,200.0,shopify,50,continue,manual,799.00,,true,true,,,,,'10713205,https://cdn.shopify.com/s/files/1/0618/2368/0740/files/22_0008d88d-84f9-4288-aa52-108c03b487b2.png?v=1719673278,8,Just Do It Kids T Shirt Copy - detail shot - kids wear Pakistan,,,,,,,,,,,,,,,,,,,,,,,,,,,,,,,,,,,,,,,,,,,,https://cdn.shopify.com/s/files/1/0618/2368/0740/files/23_a92a3f2d-880a-43e5-bf4f-2e3408df0b67.png?v=1719673278,kg,,,,,,
just-do-it-kids-t-shirt-copy,,,,,,,,,1-2 YRS,,,Orange,,,,,'10713206,200.0,shopify,50,continue,manual,799.00,,true,true,,,,,'10713206,https://cdn.shopify.com/s/files/1/0618/2368/0740/files/23_a92a3f2d-880a-43e5-bf4f-2e3408df0b67.png?v=1719673278,9,Just Do It Kids T Shirt Copy - front view - kids wear Pakistan,,,,,,,,,,,,,,,,,,,,,,,,,,,,,,,,,,,,,,,,,,,,https://cdn.shopify.com/s/files/1/0618/2368/0740/files/30_269bf323-eae8-4f3b-b5c6-c01a4a77fae3.png?v=1719673278,kg,,,,,,
just-do-it-kids-t-shirt-copy,,,,,,,,,1-2 YRS,,,Black,,,,,'10713207,200.0,shopify,50,continue,manual,799.00,,true,true,,,,,'10713207,https://cdn.shopify.com/s/files/1/0618/2368/0740/files/24_0353d2c5-d173-42ef-a623-a594a83d878d.png?v=1719673278,10,Just Do It Kids T Shirt Copy - back view - kids wear Pakistan,,,,,,,,,,,,,,,,,,,,,,,,,,,,,,,,,,,,,,,,,,,,https://cdn.shopify.com/s/files/1/0618/2368/0740/files/12_1a8cf577-ce7e-4876-9d76-90566fcec81f.png?v=1719673278,kg,,,,,,
just-do-it-kids-t-shirt-copy,,,,,,,,,1-2 YRS,,,Mahroon,,,,,'10713208,200.0,shopify,50,continue,manual,799.00,,true,true,,,,,'10713208,https://cdn.shopify.com/s/files/1/0618/2368/0740/files/26_7b844d60-449e-47ae-b597-84ca6648c1b8.png?v=1719673278,11,Just Do It Kids T Shirt Copy - side view - kids wear Pakistan,,,,,,,,,,,,,,,,,,,,,,,,,,,,,,,,,,,,,,,,,,,,https://cdn.shopify.com/s/files/1/0618/2368/0740/files/27_5a18eb76-59ba-4ffe-83a5-ff8d7ab7949c.png?v=1719673278,kg,,,,,,
just-do-it-kids-t-shirt-copy,,,,,,,,,1-2 YRS,,,Green,,,,,'10713209,200.0,shopify,150,continue,manual,799.00,,true,true,,,,,'10713209,https://cdn.shopify.com/s/files/1/0618/2368/0740/files/28_969015eb-39c0-43c5-b460-5e13614c6b42.png?v=1719673278,12,Just Do It Kids T Shirt Copy - detail shot - kids wear Pakistan,,,,,,,,,,,,,,,,,,,,,,,,,,,,,,,,,,,,,,,,,,,,https://cdn.shopify.com/s/files/1/0618/2368/0740/files/24_0353d2c5-d173-42ef-a623-a594a83d878d.png?v=1719673278,kg,,,,,,
just-do-it-kids-t-shirt-copy,,,,,,,,,1-2 YRS,,,Navy Blue,,,,,'10713210,200.0,shopify,149,continue,manual,799.00,,true,true,,,,,'10713210,https://cdn.shopify.com/s/files/1/0618/2368/0740/files/29_1e31f7b2-6ce2-4e1e-938f-0bf4a8cce590.png?v=1719673278,13,Just Do It Kids T Shirt Copy - front view - kids wear Pakistan,,,,,,,,,,,,,,,,,,,,,,,,,,,,,,,,,,,,,,,,,,,,https://cdn.shopify.com/s/files/1/0618/2368/0740/files/22_0008d88d-84f9-4288-aa52-108c03b487b2.png?v=1719673278,kg,,,,,,
just-do-it-kids-t-shirt-copy,,,,,,,,,1-2 YRS,,,Purple,,,,,'10713211,200.0,shopify,128,continue,manual,799.00,,true,true,,,,,'10713211,https://cdn.shopify.com/s/files/1/0618/2368/0740/files/30_269bf323-eae8-4f3b-b5c6-c01a4a77fae3.png?v=1719673278,14,Just Do It Kids T Shirt Copy - back view - kids wear Pakistan,,,,,,,,,,,,,,,,,,,,,,,,,,,,,,,,,,,,,,,,,,,,https://cdn.shopify.com/s/files/1/0618/2368/0740/files/32_5c057d3f-eaed-41c2-878e-7c77b1b8deb6.png?v=1719673278,kg,,,,,,
just-do-it-kids-t-shirt-copy,,,,,,,,,3-4 YRS,,,Beige,,,,,'10713212,200.0,shopify,149,continue,manual,799.00,,true,true,,,,,'10713212,https://cdn.shopify.com/s/files/1/0618/2368/0740/files/31_9fdfc277-89f7-4157-8f8d-cbf83b50b884.png?v=1719673278,15,Just Do It Kids T Shirt Copy - side view - kids wear Pakistan,,,,,,,,,,,,,,,,,,,,,,,,,,,,,,,,,,,,,,,,,,,,https://cdn.shopify.com/s/files/1/0618/2368/0740/files/25_0dd1e0a4-83c7-49ab-94be-280533e3268a.png?v=1719669231,kg,,,,,,
just-do-it-kids-t-shirt-copy,,,,,,,,,3-4 YRS,,,Red,,,,,'10713213,200.0,shopify,50,continue,manual,799.00,,true,true,,,,,'10713213,https://cdn.shopify.com/s/files/1/0618/2368/0740/files/32_5c057d3f-eaed-41c2-878e-7c77b1b8deb6.png?v=1719673278,16,Just Do It Kids T Shirt Copy - detail shot - kids wear Pakistan,,,,,,,,,,,,,,,,,,,,,,,,,,,,,,,,,,,,,,,,,,,,https://cdn.shopify.com/s/files/1/0618/2368/0740/files/28_969015eb-39c0-43c5-b460-5e13614c6b42.png?v=1719673278,kg,,,,,,
just-do-it-kids-t-shirt-copy,,,,,,,,,3-4 YRS,,,Yellow,,,,,'10713214,200.0,shopify,50,continue,manual,799.00,,true,true,,,,,'10713214,https://cdn.shopify.com/s/files/1/0618/2368/0740/files/20_e6b13813-eddc-41cd-8450-0c0de035127f.png?v=1719673278,17,Just Do It Kids T Shirt Copy - front view - kids wear Pakistan,,,,,,,,,,,,,,,,,,,,,,,,,,,,,,,,,,,,,,,,,,,,https://cdn.shopify.com/s/files/1/0618/2368/0740/files/20_e6b13813-eddc-41cd-8450-0c0de035127f.png?v=1719673278,kg,,,,,,
just-do-it-kids-t-shirt-copy,,,,,,,,,3-4 YRS,,,Light Blue,,,,,'10713215,200.0,shopify,50,continue,manual,799.00,,true,true,,,,,'10713215,https://cdn.shopify.com/s/files/1/0618/2368/0740/files/19_a9d9c5aa-8e0c-4ed2-bc9d-4d748df115ff.png?v=1719673278,18,Just Do It Kids T Shirt Copy - back view - kids wear Pakistan,,,,,,,,,,,,,,,,,,,,,,,,,,,,,,,,,,,,,,,,,,,,https://cdn.shopify.com/s/files/1/0618/2368/0740/files/21_0560153e-d168-4904-b581-1bfb5bbe6342.png?v=1719673278,kg,,,,,,
just-do-it-kids-t-shirt-copy,,,,,,,,,3-4 YRS,,,Grey,,,,,'10713216,200.0,shopify,50,continue,manual,799.00,,true,true,,,,,'10713216,https://cdn.shopify.com/s/files/1/0618/2368/0740/files/12_1a8cf577-ce7e-4876-9d76-90566fcec81f.png?v=1719673278,19,Just Do It Kids T Shirt Copy - side view - kids wear Pakistan,,,,,,,,,,,,,,,,,,,,,,,,,,,,,,,,,,,,,,,,,,,,https://cdn.shopify.com/s/files/1/0618/2368/0740/files/19_a9d9c5aa-8e0c-4ed2-bc9d-4d748df115ff.png?v=1719673278,kg,,,,,,
just-do-it-kids-t-shirt-copy,,,,,,,,,3-4 YRS,,,White,,,,,'10713217,200.0,shopify,50,continue,manual,799.00,,true,true,,,,,'10713217,,,,,,,,,,,,,,,,,,,,,,,,,,,,,,,,,,,,,,,,,,,,,,,https://cdn.shopify.com/s/files/1/0618/2368/0740/files/26_7b844d60-449e-47ae-b597-84ca6648c1b8.png?v=1719673278,kg,,,,,,
just-do-it-kids-t-shirt-copy,,,,,,,,,3-4 YRS,,,Pink,,,,,'10713218,200.0,shopify,50,continue,manual,799.00,,true,true,,,,,'10713218,,,,,,,,,,,,,,,,,,,,,,,,,,,,,,,,,,,,,,,,,,,,,,,https://cdn.shopify.com/s/files/1/0618/2368/0740/files/29_1e31f7b2-6ce2-4e1e-938f-0bf4a8cce590.png?v=1719673278,kg,,,,,,
just-do-it-kids-t-shirt-copy,,,,,,,,,3-4 YRS,,,Bottle green,,,,,'10713219,200.0,shopify,50,continue,manual,799.00,,true,true,,,,,'10713219,,,,,,,,,,,,,,,,,,,,,,,,,,,,,,,,,,,,,,,,,,,,,,,https://cdn.shopify.com/s/files/1/0618/2368/0740/files/23_a92a3f2d-880a-43e5-bf4f-2e3408df0b67.png?v=1719673278,kg,,,,,,
just-do-it-kids-t-shirt-copy,,,,,,,,,3-4 YRS,,,Orange,,,,,'10713220,200.0,shopify,50,continue,manual,799.00,,true,true,,,,,'10713220,,,,,,,,,,,,,,,,,,,,,,,,,,,,,,,,,,,,,,,,,,,,,,,https://cdn.shopify.com/s/files/1/0618/2368/0740/files/30_269bf323-eae8-4f3b-b5c6-c01a4a77fae3.png?v=1719673278,kg,,,,,,
