Handle,Title,Body (HTML),Vendor,Product Category,Type,Tags,Published,Option1 Name,Option1 Value,Option1 Linked To,Option2 Name,Option2 Value,Option2 Linked To,Option3 Name,Option3 Value,Option3 Linked To,Variant SKU,Variant Grams,Variant Inventory Tracker,Variant Inventory Qty,Variant Inventory Policy,Variant Fulfillment Service,Variant Price,Variant Compare At Price,Variant Requires Shipping,Variant Taxable,Unit Price Total Measure,Unit Price Total Measure Unit,Unit Price Base Measure,Unit Price Base Measure Unit,Variant Barcode,Image Src,Image Position,Image Alt Text,Gift Card,SEO Title,SEO Description,Google Shopping / Google Product Category,Google Shopping / Gender,Google Shopping / Age Group,Google Shopping / MPN,Google Shopping / Condition,Google Shopping / Custom Product,Google Shopping / Custom Label 0,Google Shopping / Custom Label 1,Google Shopping / Custom Label 2,Google Shopping / Custom Label 3,Google Shopping / Custom Label 4,Google: Custom Product (product.metafields.mm-google-shopping.custom_product),Product rating count (product.metafields.reviews.rating_count),Activewear clothing features (product.metafields.shopify.activewear-clothing-features),Activity (product.metafields.shopify.activity),Age group (product.metafields.shopify.age-group),Baby/Toddler clothing features (product.metafields.shopify.baby-toddler-clothing-features),Baby/Toddler sleepwear style (product.metafields.shopify.baby-toddler-sleepwear-style),Care instructions (product.metafields.shopify.care-instructions),Clothing features (product.metafields.shopify.clothing-features),Color (product.metafields.shopify.color-pattern),Dress occasion (product.metafields.shopify.dress-occasion),Dress style (product.metafields.shopify.dress-style),Fabric (product.metafields.shopify.fabric),Fit (product.metafields.shopify.fit),Intimate apparel features (product.metafields.shopify.intimate-apparel-features),Neckline (product.metafields.shopify.neckline),One-piece style (product.metafields.shopify.one-piece-style),Outerwear clothing features (product.metafields.shopify.outerwear-clothing-features),Pants length type (product.metafields.shopify.pants-length-type),Size (product.metafields.shopify.size),Skirt/Dress length type (product.metafields.shopify.skirt-dress-length-type),Sleeve length type (product.metafields.shopify.sleeve-length-type),Target gender (product.metafields.shopify.target-gender),Top length type (product.metafields.shopify.top-length-type),Waist rise (product.metafields.shopify.waist-rise),Complementary products (product.metafields.shopify--discovery--product_recommendation.complementary_products),Related products (product.metafields.shopify--discovery--product_recommendation.related_products),Related products settings (product.metafields.shopify--discovery--product_recommendation.related_products_display),Search product boosts (product.metafields.shopify--discovery--product_search_boost.queries),Variant Image,Variant Weight Unit,Variant Tax Code,Cost per item,Included / Pakistan,Price / Pakistan,Compare At Price / Pakistan,Status
dino-saur-world-printed-kids-hoodie-set-copy,,,,,,,,,11 - 12 Years,,,yellow-1,,,,,'10716928,500.0,shopify,200,continue,manual,1399.00,0.00,true,false,,,,,'10716928,,,,,,,,,,,,,,,,,,,,,,,,,,,,,,,,,,,,,,,,,,,,,,,https://cdn.shopify.com/s/files/1/0618/2368/0740/files/WhatsApp_Image_2025-01-06_at_8.02.27_PM.jpg?v=1736247591,kg,,,,,,
dino-saur-world-printed-kids-hoodie-set-copy,,,,,,,,,11 - 12 Years,,,navy-1,,,,,'10716929,500.0,shopify,200,continue,manual,1399.00,0.00,true,false,,,,,'10716929,,,,,,,,,,,,,,,,,,,,,,,,,,,,,,,,,,,,,,,,,,,,,,,https://cdn.shopify.com/s/files/1/0618/2368/0740/files/WhatsApp_Image_2025-01-06_at_8.02.29_PM_1.jpg?v=1736247591,kg,,,,,,
dino-saur-world-printed-kids-hoodie-set-copy,,,,,,,,,11 - 12 Years,,,dark-grey,,,,,'10706997,500.0,shopify,200,continue,manual,1399.00,0.00,true,false,,,,,'10706997,,,,,,,,,,,,,,,,,,,,,,,,,,,,,,,,,,,,,,,,,,,,,,,https://cdn.shopify.com/s/files/1/0618/2368/0740/files/WhatsApp_Image_2025-01-06_at_8.02.29_PM.jpg?v=1736247591,kg,,,,,,
super-mario-printed-kids-hoodie-set-copy,Kids Winter Hoodie Set | Dinosaur World Printed,"<h4><strong><span data-sheets-root=""1"">Kids Winter Hoodie Set | Dinosaur World Printed<br><br></span></strong></h4>
<p data-start=""199"" data-end=""432"">Featuring an exciting dinosaur-themed design, this outfit brings imagination and energy to your little one’s everyday style.</p>
<p data-start=""434"" data-end=""703"">Made from soft, premium fleece fabric, the hoodie keeps your child warm and cozy during chilly days, while the matching jogger pants provide a relaxed and comfortable fit for active play. Whether it’s school, playtime, or outings, this set is built for comfort and fun.</p>
<p data-start=""705"" data-end=""845"">The vibrant “Dinosaur World” print adds a bold and adventurous look, making it a perfect choice for kids who love dinosaurs and exploration.</p>
<p data-start=""847"" data-end=""862"">✨ <strong data-start=""849"" data-end=""862"">Features:</strong></p>
<ul data-start=""863"" data-end=""1090"">
<li data-section-id=""m2jogh"" data-start=""863"" data-end=""906"">Soft fleece fabric for warmth &amp; comfort</li>
<li data-section-id=""11qfksa"" data-start=""907"" data-end=""952"">Exciting dinosaur world printed design 🦖</li>
<li data-section-id=""gklsta"" data-start=""953"" data-end=""991"">Cozy hoodie with soft inner lining</li>
<li data-section-id=""1qd8zxj"" data-start=""992"" data-end=""1040"">Matching jogger pants with elastic waistband</li>
<li data-section-id=""9bnese"" data-start=""1041"" data-end=""1090"">Ideal for daily wear, school &amp; winter outings</li>
</ul>
<p data-start=""1092"" data-end=""1160"">Let your kids stay <strong data-start=""1111"" data-end=""1147"">warm, comfy, and adventure-ready</strong> this winter!</p>
<h4><strong><span data-sheets-root=""1""><br></span></strong></h4>",BBG FASHION,Apparel & Accessories > Clothing > Baby & Toddler Clothing,Kids Hoodie Set,Kids Winter Collection,true,Size,1 - 2 Years,,Color,blue,product.metafields.shopify.color-pattern,,,,'10716848,500.0,shopify,100,continue,manual,1399.00,0.00,true,false,,,,,'10716848,https://cdn.shopify.com/s/files/1/0618/2368/0740/files/WhatsApp_Image_2025-01-06_at_7.57.30_PM.jpg?v=1736247290,1,Super Mario Printed Kids Hoodie Set Copy - close-up detail - kids wear Pakistan,false,,"Shop Kids Winter Hoodie Set Dinosaur World Printed in soft fleece. Warm, cozy & fun winter outfit for kids. Perfect everyday wear in Pakistan. Order now!",182,,,,,,,,,,,,,,,,,,,,blue; red; pink; silver; yellow-1; navy-1; dark-grey,,,fleece,,,,,,,,,,,,,,,,,https://cdn.shopify.com/s/files/1/0618/2368/0740/files/WhatsApp_Image_2025-01-06_at_7.57.32_PM_1.jpg?v=1736247290,kg,,,true,,,active
super-mario-printed-kids-hoodie-set-copy,,,,,,,,,1 - 2 Years,,,red,,,,,'10716849,500.0,shopify,100,continue,manual,1399.00,0.00,true,false,,,,,'10716849,https://cdn.shopify.com/s/files/1/0618/2368/0740/files/WhatsApp_Image_2025-01-06_at_7.57.28_PM.jpg?v=1736247290,2,Super Mario Printed Kids Hoodie Set Copy - front view - kids wear Pakistan,,,,,,,,,,,,,,,,,,,,,,,,,,,,,,,,,,,,,,,,,,,,https://cdn.shopify.com/s/files/1/0618/2368/0740/files/WhatsApp_Image_2025-01-06_at_7.57.29_PM.jpg?v=1736247290,kg,,,,,,
super-mario-printed-kids-hoodie-set-copy,,,,,,,,,1 - 2 Years,,,pink,,,,,'10716850,500.0,shopify,100,continue,manual,1399.00,0.00,true,false,,,,,'10716850,https://cdn.shopify.com/s/files/1/0618/2368/0740/files/WhatsApp_Image_2025-01-06_at_7.57.29_PM.jpg?v=1736247290,3,Super Mario Printed Kids Hoodie Set Copy - back view - kids wear Pakistan,,,,,,,,,,,,,,,,,,,,,,,,,,,,,,,,,,,,,,,,,,,,https://cdn.shopify.com/s/files/1/0618/2368/0740/files/WhatsApp_Image_2025-01-06_at_7.57.30_PM.jpg?v=1736247290,kg,,,,,,
super-mario-printed-kids-hoodie-set-copy,,,,,,,,,1 - 2 Years,,,silver,,,,,'10716851,500.0,shopify,100,continue,manual,1399.00,0.00,true,false,,,,,'10716851,https://cdn.shopify.com/s/files/1/0618/2368/0740/files/WhatsApp_Image_2025-01-06_at_7.57.30_PM_1.jpg?v=1736247290,4,Super Mario Printed Kids Hoodie Set Copy - detail shot - kids wear Pakistan,,,,,,,,,,,,,,,,,,,,,,,,,,,,,,,,,,,,,,,,,,,,https://cdn.shopify.com/s/files/1/0618/2368/0740/files/WhatsApp_Image_2025-01-06_at_7.57.30_PM_1.jpg?v=1736247290,kg,,,,,,
super-mario-printed-kids-hoodie-set-copy,,,,,,,,,1 - 2 Years,,,yellow-1,,,,,'10716852,500.0,shopify,100,continue,manual,1399.00,0.00,true,false,,,,,'10716852,https://cdn.shopify.com/s/files/1/0618/2368/0740/files/WhatsApp_Image_2025-01-06_at_7.57.31_PM.jpg?v=1736247290,5,Super Mario Printed Kids Hoodie Set Copy - flat lay - kids wear Pakistan,,,,,,,,,,,,,,,,,,,,,,,,,,,,,,,,,,,,,,,,,,,,https://cdn.shopify.com/s/files/1/0618/2368/0740/files/WhatsApp_Image_2025-01-06_at_7.57.28_PM.jpg?v=1736247290,kg,,,,,,
super-mario-printed-kids-hoodie-set-copy,,,,,,,,,1 - 2 Years,,,navy-1,,,,,'10716853,500.0,shopify,100,continue,manual,1399.00,0.00,true,false,,,,,'10716853,https://cdn.shopify.com/s/files/1/0618/2368/0740/files/WhatsApp_Image_2025-01-06_at_7.57.32_PM_1.jpg?v=1736247290,6,Super Mario Printed Kids Hoodie Set Copy - lifestyle view - kids wear Pakistan,,,,,,,,,,,,,,,,,,,,,,,,,,,,,,,,,,,,,,,,,,,,https://cdn.shopify.com/s/files/1/0618/2368/0740/files/WhatsApp_Image_2025-01-06_at_7.57.32_PM.jpg?v=1736247290,kg,,,,,,
super-mario-printed-kids-hoodie-set-copy,,,,,,,,,1 - 2 Years,,,dark-grey,,,,,'10716854,500.0,shopify,100,continue,manual,1399.00,0.00,true,false,,,,,'10716854,https://cdn.shopify.com/s/files/1/0618/2368/0740/files/WhatsApp_Image_2025-01-06_at_7.57.32_PM.jpg?v=1736247290,7,Super Mario Printed Kids Hoodie Set Copy size chart - measurements guide,,,,,,,,,,,,,,,,,,,,,,,,,,,,,,,,,,,,,,,,,,,,https://cdn.shopify.com/s/files/1/0618/2368/0740/files/WhatsApp_Image_2025-01-06_at_7.57.31_PM.jpg?v=1736247290,kg,,,,,,
super-mario-printed-kids-hoodie-set-copy,,,,,,,,,3 - 4 Years,,,blue,,,,,'10716855,500.0,shopify,100,continue,manual,1399.00,0.00,true,false,,,,,'10716855,https://cdn.shopify.com/s/files/1/0618/2368/0740/files/kidssizechart_e28feb53-900a-4966-81fe-20382accf994.jpg?v=1776761612,8,We Can Be Heroes Printed Kids Hoodie Set Copy size chart - measurements guide,,,,,,,,,,,,,,,,,,,,,,,,,,,,,,,,,,,,,,,,,,,,https://cdn.shopify.com/s/files/1/0618/2368/0740/files/WhatsApp_Image_2025-01-06_at_7.57.32_PM_1.jpg?v=1736247290,kg,,,,,,
super-mario-printed-kids-hoodie-set-copy,,,,,,,,,3 - 4 Years,,,red,,,,,'10716856,500.0,shopify,100,continue,manual,1399.00,0.00,true,false,,,,,'10716856,,,,,,,,,,,,,,,,,,,,,,,,,,,,,,,,,,,,,,,,,,,,,,,https://cdn.shopify.com/s/files/1/0618/2368/0740/files/WhatsApp_Image_2025-01-06_at_7.57.29_PM.jpg?v=1736247290,kg,,,,,,
super-mario-printed-kids-hoodie-set-copy,,,,,,,,,3 - 4 Years,,,pink,,,,,'10716857,500.0,shopify,100,continue,manual,1399.00,0.00,true,false,,,,,'10716857,,,,,,,,,,,,,,,,,,,,,,,,,,,,,,,,,,,,,,,,,,,,,,,https://cdn.shopify.com/s/files/1/0618/2368/0740/files/WhatsApp_Image_2025-01-06_at_7.57.30_PM.jpg?v=1736247290,kg,,,,,,
super-mario-printed-kids-hoodie-set-copy,,,,,,,,,3 - 4 Years,,,silver,,,,,'10716858,500.0,shopify,100,continue,manual,1399.00,0.00,true,false,,,,,'10716858,,,,,,,,,,,,,,,,,,,,,,,,,,,,,,,,,,,,,,,,,,,,,,,https://cdn.shopify.com/s/files/1/0618/2368/0740/files/WhatsApp_Image_2025-01-06_at_7.57.30_PM_1.jpg?v=1736247290,kg,,,,,,
super-mario-printed-kids-hoodie-set-copy,,,,,,,,,3 - 4 Years,,,yellow-1,,,,,'10716859,500.0,shopify,100,continue,manual,1399.00,0.00,true,false,,,,,'10716859,,,,,,,,,,,,,,,,,,,,,,,,,,,,,,,,,,,,,,,,,,,,,,,https://cdn.shopify.com/s/files/1/0618/2368/0740/files/WhatsApp_Image_2025-01-06_at_7.57.28_PM.jpg?v=1736247290,kg,,,,,,
super-mario-printed-kids-hoodie-set-copy,,,,,,,,,3 - 4 Years,,,navy-1,,,,,'10716860,500.0,shopify,100,continue,manual,1399.00,0.00,true,false,,,,,'10716860,,,,,,,,,,,,,,,,,,,,,,,,,,,,,,,,,,,,,,,,,,,,,,,https://cdn.shopify.com/s/files/1/0618/2368/0740/files/WhatsApp_Image_2025-01-06_at_7.57.32_PM.jpg?v=1736247290,kg,,,,,,
super-mario-printed-kids-hoodie-set-copy,,,,,,,,,3 - 4 Years,,,dark-grey,,,,,'10716861,500.0,shopify,100,continue,manual,1399.00,0.00,true,false,,,,,'10716861,,,,,,,,,,,,,,,,,,,,,,,,,,,,,,,,,,,,,,,,,,,,,,,https://cdn.shopify.com/s/files/1/0618/2368/0740/files/WhatsApp_Image_2025-01-06_at_7.57.31_PM.jpg?v=1736247290,kg,,,,,,
super-mario-printed-kids-hoodie-set-copy,,,,,,,,,5 - 6 Years,,,blue,,,,,'10716862,500.0,shopify,100,continue,manual,1399.00,0.00,true,false,,,,,'10716862,,,,,,,,,,,,,,,,,,,,,,,,,,,,,,,,,,,,,,,,,,,,,,,https://cdn.shopify.com/s/files/1/0618/2368/0740/files/WhatsApp_Image_2025-01-06_at_7.57.32_PM_1.jpg?v=1736247290,kg,,,,,,
super-mario-printed-kids-hoodie-set-copy,,,,,,,,,5 - 6 Years,,,red,,,,,'10716863,500.0,shopify,100,continue,manual,1399.00,0.00,true,false,,,,,'10716863,,,,,,,,,,,,,,,,,,,,,,,,,,,,,,,,,,,,,,,,,,,,,,,https://cdn.shopify.com/s/files/1/0618/2368/0740/files/WhatsApp_Image_2025-01-06_at_7.57.29_PM.jpg?v=1736247290,kg,,,,,,
super-mario-printed-kids-hoodie-set-copy,,,,,,,,,5 - 6 Years,,,pink,,,,,'10716864,500.0,shopify,100,continue,manual,1399.00,0.00,true,false,,,,,'10716864,,,,,,,,,,,,,,,,,,,,,,,,,,,,,,,,,,,,,,,,,,,,,,,https://cdn.shopify.com/s/files/1/0618/2368/0740/files/WhatsApp_Image_2025-01-06_at_7.57.30_PM.jpg?v=1736247290,kg,,,,,,
super-mario-printed-kids-hoodie-set-copy,,,,,,,,,5 - 6 Years,,,silver,,,,,'10716865,500.0,shopify,100,continue,manual,1399.00,0.00,true,false,,,,,'10716865,,,,,,,,,,,,,,,,,,,,,,,,,,,,,,,,,,,,,,,,,,,,,,,https://cdn.shopify.com/s/files/1/0618/2368/0740/files/WhatsApp_Image_2025-01-06_at_7.57.30_PM_1.jpg?v=1736247290,kg,,,,,,
super-mario-printed-kids-hoodie-set-copy,,,,,,,,,5 - 6 Years,,,yellow-1,,,,,'10716866,500.0,shopify,100,continue,manual,1399.00,0.00,true,false,,,,,'10716866,,,,,,,,,,,,,,,,,,,,,,,,,,,,,,,,,,,,,,,,,,,,,,,https://cdn.shopify.com/s/files/1/0618/2368/0740/files/WhatsApp_Image_2025-01-06_at_7.57.28_PM.jpg?v=1736247290,kg,,,,,,
super-mario-printed-kids-hoodie-set-copy,,,,,,,,,5 - 6 Years,,,navy-1,,,,,'10716867,500.0,shopify,100,continue,manual,1399.00,0.00,true,false,,,,,'10716867,,,,,,,,,,,,,,,,,,,,,,,,,,,,,,,,,,,,,,,,,,,,,,,https://cdn.shopify.com/s/files/1/0618/2368/0740/files/WhatsApp_Image_2025-01-06_at_7.57.32_PM.jpg?v=1736247290,kg,,,,,,
super-mario-printed-kids-hoodie-set-copy,,,,,,,,,5 - 6 Years,,,dark-grey,,,,,'10716868,500.0,shopify,100,continue,manual,1399.00,0.00,true,false,,,,,'10716868,,,,,,,,,,,,,,,,,,,,,,,,,,,,,,,,,,,,,,,,,,,,,,,https://cdn.shopify.com/s/files/1/0618/2368/0740/files/WhatsApp_Image_2025-01-06_at_7.57.31_PM.jpg?v=1736247290,kg,,,,,,
super-mario-printed-kids-hoodie-set-copy,,,,,,,,,7 - 8 Years,,,blue,,,,,'10716869,500.0,shopify,100,continue,manual,1399.00,0.00,true,false,,,,,'10716869,,,,,,,,,,,,,,,,,,,,,,,,,,,,,,,,,,,,,,,,,,,,,,,https://cdn.shopify.com/s/files/1/0618/2368/0740/files/WhatsApp_Image_2025-01-06_at_7.57.32_PM_1.jpg?v=1736247290,kg,,,,,,
super-mario-printed-kids-hoodie-set-copy,,,,,,,,,7 - 8 Years,,,red,,,,,'10716870,500.0,shopify,100,continue,manual,1399.00,0.00,true,false,,,,,'10716870,,,,,,,,,,,,,,,,,,,,,,,,,,,,,,,,,,,,,,,,,,,,,,,https://cdn.shopify.com/s/files/1/0618/2368/0740/files/WhatsApp_Image_2025-01-06_at_7.57.29_PM.jpg?v=1736247290,kg,,,,,,
super-mario-printed-kids-hoodie-set-copy,,,,,,,,,7 - 8 Years,,,pink,,,,,'10716871,500.0,shopify,100,continue,manual,1399.00,0.00,true,false,,,,,'10716871,,,,,,,,,,,,,,,,,,,,,,,,,,,,,,,,,,,,,,,,,,,,,,,https://cdn.shopify.com/s/files/1/0618/2368/0740/files/WhatsApp_Image_2025-01-06_at_7.57.30_PM.jpg?v=1736247290,kg,,,,,,
super-mario-printed-kids-hoodie-set-copy,,,,,,,,,7 - 8 Years,,,silver,,,,,'10716872,500.0,shopify,100,continue,manual,1399.00,0.00,true,false,,,,,'10716872,,,,,,,,,,,,,,,,,,,,,,,,,,,,,,,,,,,,,,,,,,,,,,,https://cdn.shopify.com/s/files/1/0618/2368/0740/files/WhatsApp_Image_2025-01-06_at_7.57.30_PM_1.jpg?v=1736247290,kg,,,,,,
super-mario-printed-kids-hoodie-set-copy,,,,,,,,,7 - 8 Years,,,yellow-1,,,,,'10716873,500.0,shopify,100,continue,manual,1399.00,0.00,true,false,,,,,'10716873,,,,,,,,,,,,,,,,,,,,,,,,,,,,,,,,,,,,,,,,,,,,,,,https://cdn.shopify.com/s/files/1/0618/2368/0740/files/WhatsApp_Image_2025-01-06_at_7.57.28_PM.jpg?v=1736247290,kg,,,,,,
super-mario-printed-kids-hoodie-set-copy,,,,,,,,,7 - 8 Years,,,navy-1,,,,,'10716874,500.0,shopify,100,continue,manual,1399.00,0.00,true,false,,,,,'10716874,,,,,,,,,,,,,,,,,,,,,,,,,,,,,,,,,,,,,,,,,,,,,,,https://cdn.shopify.com/s/files/1/0618/2368/0740/files/WhatsApp_Image_2025-01-06_at_7.57.32_PM.jpg?v=1736247290,kg,,,,,,
super-mario-printed-kids-hoodie-set-copy,,,,,,,,,7 - 8 Years,,,dark-grey,,,,,'10716875,500.0,shopify,100,continue,manual,1399.00,0.00,true,false,,,,,'10716875,,,,,,,,,,,,,,,,,,,,,,,,,,,,,,,,,,,,,,,,,,,,,,,https://cdn.shopify.com/s/files/1/0618/2368/0740/files/WhatsApp_Image_2025-01-06_at_7.57.31_PM.jpg?v=1736247290,kg,,,,,,
super-mario-printed-kids-hoodie-set-copy,,,,,,,,,9 - 10 Years,,,blue,,,,,'10716876,500.0,shopify,100,continue,manual,1399.00,0.00,true,false,,,,,'10716876,,,,,,,,,,,,,,,,,,,,,,,,,,,,,,,,,,,,,,,,,,,,,,,https://cdn.shopify.com/s/files/1/0618/2368/0740/files/WhatsApp_Image_2025-01-06_at_7.57.32_PM_1.jpg?v=1736247290,kg,,,,,,
super-mario-printed-kids-hoodie-set-copy,,,,,,,,,9 - 10 Years,,,red,,,,,'10716877,500.0,shopify,100,continue,manual,1399.00,0.00,true,false,,,,,'10716877,,,,,,,,,,,,,,,,,,,,,,,,,,,,,,,,,,,,,,,,,,,,,,,https://cdn.shopify.com/s/files/1/0618/2368/0740/files/WhatsApp_Image_2025-01-06_at_7.57.29_PM.jpg?v=1736247290,kg,,,,,,
super-mario-printed-kids-hoodie-set-copy,,,,,,,,,9 - 10 Years,,,pink,,,,,'10716878,500.0,shopify,100,continue,manual,1399.00,0.00,true,false,,,,,'10716878,,,,,,,,,,,,,,,,,,,,,,,,,,,,,,,,,,,,,,,,,,,,,,,https://cdn.shopify.com/s/files/1/0618/2368/0740/files/WhatsApp_Image_2025-01-06_at_7.57.30_PM.jpg?v=1736247290,kg,,,,,,
super-mario-printed-kids-hoodie-set-copy,,,,,,,,,9 - 10 Years,,,silver,,,,,'10716879,500.0,shopify,100,continue,manual,1399.00,0.00,true,false,,,,,'10716879,,,,,,,,,,,,,,,,,,,,,,,,,,,,,,,,,,,,,,,,,,,,,,,https://cdn.shopify.com/s/files/1/0618/2368/0740/files/WhatsApp_Image_2025-01-06_at_7.57.30_PM_1.jpg?v=1736247290,kg,,,,,,
super-mario-printed-kids-hoodie-set-copy,,,,,,,,,9 - 10 Years,,,yellow-1,,,,,'10716880,500.0,shopify,100,continue,manual,1399.00,0.00,true,false,,,,,'10716880,,,,,,,,,,,,,,,,,,,,,,,,,,,,,,,,,,,,,,,,,,,,,,,https://cdn.shopify.com/s/files/1/0618/2368/0740/files/WhatsApp_Image_2025-01-06_at_7.57.28_PM.jpg?v=1736247290,kg,,,,,,
super-mario-printed-kids-hoodie-set-copy,,,,,,,,,9 - 10 Years,,,navy-1,,,,,'10716881,500.0,shopify,100,continue,manual,1399.00,0.00,true,false,,,,,'10716881,,,,,,,,,,,,,,,,,,,,,,,,,,,,,,,,,,,,,,,,,,,,,,,https://cdn.shopify.com/s/files/1/0618/2368/0740/files/WhatsApp_Image_2025-01-06_at_7.57.32_PM.jpg?v=1736247290,kg,,,,,,
super-mario-printed-kids-hoodie-set-copy,,,,,,,,,9 - 10 Years,,,dark-grey,,,,,'10716882,500.0,shopify,100,continue,manual,1399.00,0.00,true,false,,,,,'10716882,,,,,,,,,,,,,,,,,,,,,,,,,,,,,,,,,,,,,,,,,,,,,,,https://cdn.shopify.com/s/files/1/0618/2368/0740/files/WhatsApp_Image_2025-01-06_at_7.57.31_PM.jpg?v=1736247290,kg,,,,,,
super-mario-printed-kids-hoodie-set-copy,,,,,,,,,11 - 12 Years,,,blue,,,,,'10716883,500.0,shopify,99,continue,manual,1399.00,0.00,true,false,,,,,'10716883,,,,,,,,,,,,,,,,,,,,,,,,,,,,,,,,,,,,,,,,,,,,,,,https://cdn.shopify.com/s/files/1/0618/2368/0740/files/WhatsApp_Image_2025-01-06_at_7.57.32_PM_1.jpg?v=1736247290,kg,,,,,,
super-mario-printed-kids-hoodie-set-copy,,,,,,,,,11 - 12 Years,,,red,,,,,'10716884,500.0,shopify,100,continue,manual,1399.00,0.00,true,false,,,,,'10716884,,,,,,,,,,,,,,,,,,,,,,,,,,,,,,,,,,,,,,,,,,,,,,,https://cdn.shopify.com/s/files/1/0618/2368/0740/files/WhatsApp_Image_2025-01-06_at_7.57.29_PM.jpg?v=1736247290,kg,,,,,,
super-mario-printed-kids-hoodie-set-copy,,,,,,,,,11 - 12 Years,,,pink,,,,,'10716885,500.0,shopify,100,continue,manual,1399.00,0.00,true,false,,,,,'10716885,,,,,,,,,,,,,,,,,,,,,,,,,,,,,,,,,,,,,,,,,,,,,,,https://cdn.shopify.com/s/files/1/0618/2368/0740/files/WhatsApp_Image_2025-01-06_at_7.57.30_PM.jpg?v=1736247290,kg,,,,,,
super-mario-printed-kids-hoodie-set-copy,,,,,,,,,11 - 12 Years,,,silver,,,,,'10716886,500.0,shopify,100,continue,manual,1399.00,0.00,true,false,,,,,'10716886,,,,,,,,,,,,,,,,,,,,,,,,,,,,,,,,,,,,,,,,,,,,,,,https://cdn.shopify.com/s/files/1/0618/2368/0740/files/WhatsApp_Image_2025-01-06_at_7.57.30_PM_1.jpg?v=1736247290,kg,,,,,,
super-mario-printed-kids-hoodie-set-copy,,,,,,,,,11 - 12 Years,,,yellow-1,,,,,'10716887,500.0,shopify,100,continue,manual,1399.00,0.00,true,false,,,,,'10716887,,,,,,,,,,,,,,,,,,,,,,,,,,,,,,,,,,,,,,,,,,,,,,,https://cdn.shopify.com/s/files/1/0618/2368/0740/files/WhatsApp_Image_2025-01-06_at_7.57.28_PM.jpg?v=1736247290,kg,,,,,,
super-mario-printed-kids-hoodie-set-copy,,,,,,,,,11 - 12 Years,,,navy-1,,,,,'10716888,500.0,shopify,100,continue,manual,1399.00,0.00,true,false,,,,,'10716888,,,,,,,,,,,,,,,,,,,,,,,,,,,,,,,,,,,,,,,,,,,,,,,https://cdn.shopify.com/s/files/1/0618/2368/0740/files/WhatsApp_Image_2025-01-06_at_7.57.32_PM.jpg?v=1736247290,kg,,,,,,
super-mario-printed-kids-hoodie-set-copy,,,,,,,,,11 - 12 Years,,,dark-grey,,,,,'10706996,500.0,shopify,100,continue,manual,1399.00,0.00,true,false,,,,,'10706996,,,,,,,,,,,,,,,,,,,,,,,,,,,,,,,,,,,,,,,,,,,,,,,https://cdn.shopify.com/s/files/1/0618/2368/0740/files/WhatsApp_Image_2025-01-06_at_7.57.31_PM.jpg?v=1736247290,kg,,,,,,
stay-true-printed-kids-hoodie-set-copy,Kids Winter Hoodie Set | Super Mario Printed,"<h4><strong><span data-sheets-root=""1"">Kids Winter Hoodie Set | Super Mario Printed<br><br></span></strong></h4>
<p data-start=""275"" data-end=""503"">Featuring a fun, game-inspired character design, this outfit brings excitement and adventure to your little one’s everyday look.</p>
<p data-start=""505"" data-end=""782"">Crafted from soft, premium fleece fabric, the hoodie keeps your child warm and cozy during chilly days, while the matching jogger pants provide a comfortable and flexible fit for active play. Perfect for school, playtime, or outings, this set blends comfort with playful style.</p>
<p data-start=""784"" data-end=""868"">The colorful gaming-inspired print adds a lively and energetic touch that kids love.</p>
<p data-start=""870"" data-end=""885"">✨ <strong data-start=""872"" data-end=""885"">Features:</strong></p>
<ul data-start=""886"" data-end=""1107"">
<li data-section-id=""m2jogh"" data-start=""886"" data-end=""929"">Soft fleece fabric for warmth &amp; comfort</li>
<li data-section-id=""bzp5xu"" data-start=""930"" data-end=""969"">Fun game-inspired printed design 🍄</li>
<li data-section-id=""gklsta"" data-start=""970"" data-end=""1008"">Cozy hoodie with soft inner lining</li>
<li data-section-id=""1qd8zxj"" data-start=""1009"" data-end=""1057"">Matching jogger pants with elastic waistband</li>
<li data-section-id=""9bnese"" data-start=""1058"" data-end=""1107"">Ideal for daily wear, school &amp; winter outings</li>
</ul>
<p data-start=""1109"" data-end=""1181"">Let your kids stay <strong data-start=""1128"" data-end=""1168"">warm, comfy, and ready for adventure</strong> this winter!</p>
<h4><strong><span data-sheets-root=""1""><br></span></strong></h4>",BBG FASHION,Apparel & Accessories > Clothing > Baby & Toddler Clothing,Kids Hoodie Set,Kids Winter Collection,true,Size,1 - 2 Years,,Color,blue,product.metafields.shopify.color-pattern,,,,'10716807,500.0,shopify,100,continue,manual,1399.00,0.00,true,false,,,,,'10716807,https://cdn.shopify.com/s/files/1/0618/2368/0740/files/WhatsApp_Image_2025-01-06_at_7.54.52_PM_1.jpg?v=1736247009,1,Stay True Printed Kids Hoodie Set Copy - front view - kids wear Pakistan,false,,"Shop Kids Winter Hoodie Set Super Mario Style Printed in soft fleece. Warm, cozy & fun winter outfit for kids. Perfect everyday wear in Pakistan. Order now!",182,,,,,,,,,,,,,,,,,,,,blue; red; pink; silver; yellow-1; navy-1; dark-grey,,,fleece,,,,,,,,,,,,,,,,,https://cdn.shopify.com/s/files/1/0618/2368/0740/files/WhatsApp_Image_2025-01-06_at_7.54.56_PM.jpg?v=1736247009,kg,,,true,,,active
stay-true-printed-kids-hoodie-set-copy,,,,,,,,,1 - 2 Years,,,red,,,,,'10716808,500.0,shopify,100,continue,manual,1399.00,0.00,true,false,,,,,'10716808,https://cdn.shopify.com/s/files/1/0618/2368/0740/files/WhatsApp_Image_2025-01-06_at_7.54.51_PM.jpg?v=1736247009,2,Stay True Printed Kids Hoodie Set Copy - back view - kids wear Pakistan,,,,,,,,,,,,,,,,,,,,,,,,,,,,,,,,,,,,,,,,,,,,https://cdn.shopify.com/s/files/1/0618/2368/0740/files/WhatsApp_Image_2025-01-06_at_7.54.52_PM.jpg?v=1736247009,kg,,,,,,
stay-true-printed-kids-hoodie-set-copy,,,,,,,,,1 - 2 Years,,,pink,,,,,'10716809,500.0,shopify,100,continue,manual,1399.00,0.00,true,false,,,,,'10716809,https://cdn.shopify.com/s/files/1/0618/2368/0740/files/WhatsApp_Image_2025-01-06_at_7.54.52_PM_2.jpg?v=1736247009,3,Stay True Printed Kids Hoodie Set Copy - side view - kids wear Pakistan,,,,,,,,,,,,,,,,,,,,,,,,,,,,,,,,,,,,,,,,,,,,https://cdn.shopify.com/s/files/1/0618/2368/0740/files/WhatsApp_Image_2025-01-06_at_7.54.52_PM_1.jpg?v=1736247009,kg,,,,,,
stay-true-printed-kids-hoodie-set-copy,,,,,,,,,1 - 2 Years,,,silver,,,,,'10716810,500.0,shopify,100,continue,manual,1399.00,0.00,true,false,,,,,'10716810,https://cdn.shopify.com/s/files/1/0618/2368/0740/files/WhatsApp_Image_2025-01-06_at_7.54.52_PM.jpg?v=1736247009,4,Stay True Printed Kids Hoodie Set Copy - detail shot - kids wear Pakistan,,,,,,,,,,,,,,,,,,,,,,,,,,,,,,,,,,,,,,,,,,,,https://cdn.shopify.com/s/files/1/0618/2368/0740/files/WhatsApp_Image_2025-01-06_at_7.54.52_PM_2.jpg?v=1736247009,kg,,,,,,
stay-true-printed-kids-hoodie-set-copy,,,,,,,,,1 - 2 Years,,,yellow-1,,,,,'10716811,500.0,shopify,100,continue,manual,1399.00,0.00,true,false,,,,,'10716811,https://cdn.shopify.com/s/files/1/0618/2368/0740/files/WhatsApp_Image_2025-01-06_at_7.54.53_PM.jpg?v=1736247009,5,Stay True Printed Kids Hoodie Set Copy - close-up detail - kids wear Pakistan,,,,,,,,,,,,,,,,,,,,,,,,,,,,,,,,,,,,,,,,,,,,https://cdn.shopify.com/s/files/1/0618/2368/0740/files/WhatsApp_Image_2025-01-06_at_7.54.51_PM.jpg?v=1736247009,kg,,,,,,
stay-true-printed-kids-hoodie-set-copy,,,,,,,,,1 - 2 Years,,,navy-1,,,,,'10716812,500.0,shopify,100,continue,manual,1399.00,0.00,true,false,,,,,'10716812,https://cdn.shopify.com/s/files/1/0618/2368/0740/files/WhatsApp_Image_2025-01-06_at_7.54.56_PM.jpg?v=1736247009,6,Stay True Printed Kids Hoodie Set Copy size chart - measurements guide,,,,,,,,,,,,,,,,,,,,,,,,,,,,,,,,,,,,,,,,,,,,https://cdn.shopify.com/s/files/1/0618/2368/0740/files/WhatsApp_Image_2025-01-06_at_7.54.55_PM.jpg?v=1736247009,kg,,,,,,
stay-true-printed-kids-hoodie-set-copy,,,,,,,,,1 - 2 Years,,,dark-grey,,,,,'10716813,500.0,shopify,100,continue,manual,1399.00,0.00,true,false,,,,,'10716813,https://cdn.shopify.com/s/files/1/0618/2368/0740/files/WhatsApp_Image_2025-01-06_at_7.54.55_PM.jpg?v=1736247009,7,Stay True Printed Kids Hoodie Set Copy - flat lay - kids wear Pakistan,,,,,,,,,,,,,,,,,,,,,,,,,,,,,,,,,,,,,,,,,,,,https://cdn.shopify.com/s/files/1/0618/2368/0740/files/WhatsApp_Image_2025-01-06_at_7.54.53_PM.jpg?v=1736247009,kg,,,,,,
stay-true-printed-kids-hoodie-set-copy,,,,,,,,,3 - 4 Years,,,blue,,,,,'10716814,500.0,shopify,100,continue,manual,1399.00,0.00,true,false,,,,,'10716814,https://cdn.shopify.com/s/files/1/0618/2368/0740/files/kidssizechart_e28feb53-900a-4966-81fe-20382accf994.jpg?v=1776761612,8,We Can Be Heroes Printed Kids Hoodie Set Copy size chart - measurements guide,,,,,,,,,,,,,,,,,,,,,,,,,,,,,,,,,,,,,,,,,,,,https://cdn.shopify.com/s/files/1/0618/2368/0740/files/WhatsApp_Image_2025-01-06_at_7.54.56_PM.jpg?v=1736247009,kg,,,,,,
stay-true-printed-kids-hoodie-set-copy,,,,,,,,,3 - 4 Years,,,red,,,,,'10716815,500.0,shopify,100,continue,manual,1399.00,0.00,true,false,,,,,'10716815,,,,,,,,,,,,,,,,,,,,,,,,,,,,,,,,,,,,,,,,,,,,,,,https://cdn.shopify.com/s/files/1/0618/2368/0740/files/WhatsApp_Image_2025-01-06_at_7.54.52_PM.jpg?v=1736247009,kg,,,,,,
stay-true-printed-kids-hoodie-set-copy,,,,,,,,,3 - 4 Years,,,pink,,,,,'10716816,500.0,shopify,100,continue,manual,1399.00,0.00,true,false,,,,,'10716816,,,,,,,,,,,,,,,,,,,,,,,,,,,,,,,,,,,,,,,,,,,,,,,https://cdn.shopify.com/s/files/1/0618/2368/0740/files/WhatsApp_Image_2025-01-06_at_7.54.52_PM_1.jpg?v=1736247009,kg,,,,,,
stay-true-printed-kids-hoodie-set-copy,,,,,,,,,3 - 4 Years,,,silver,,,,,'10716817,500.0,shopify,100,continue,manual,1399.00,0.00,true,false,,,,,'10716817,,,,,,,,,,,,,,,,,,,,,,,,,,,,,,,,,,,,,,,,,,,,,,,https://cdn.shopify.com/s/files/1/0618/2368/0740/files/WhatsApp_Image_2025-01-06_at_7.54.52_PM_2.jpg?v=1736247009,kg,,,,,,
stay-true-printed-kids-hoodie-set-copy,,,,,,,,,3 - 4 Years,,,yellow-1,,,,,'10716818,500.0,shopify,100,continue,manual,1399.00,0.00,true,false,,,,,'10716818,,,,,,,,,,,,,,,,,,,,,,,,,,,,,,,,,,,,,,,,,,,,,,,https://cdn.shopify.com/s/files/1/0618/2368/0740/files/WhatsApp_Image_2025-01-06_at_7.54.51_PM.jpg?v=1736247009,kg,,,,,,
stay-true-printed-kids-hoodie-set-copy,,,,,,,,,3 - 4 Years,,,navy-1,,,,,'10716819,500.0,shopify,100,continue,manual,1399.00,0.00,true,false,,,,,'10716819,,,,,,,,,,,,,,,,,,,,,,,,,,,,,,,,,,,,,,,,,,,,,,,https://cdn.shopify.com/s/files/1/0618/2368/0740/files/WhatsApp_Image_2025-01-06_at_7.54.55_PM.jpg?v=1736247009,kg,,,,,,
stay-true-printed-kids-hoodie-set-copy,,,,,,,,,3 - 4 Years,,,dark-grey,,,,,'10716820,500.0,shopify,100,continue,manual,1399.00,0.00,true,false,,,,,'10716820,,,,,,,,,,,,,,,,,,,,,,,,,,,,,,,,,,,,,,,,,,,,,,,https://cdn.shopify.com/s/files/1/0618/2368/0740/files/WhatsApp_Image_2025-01-06_at_7.54.53_PM.jpg?v=1736247009,kg,,,,,,
stay-true-printed-kids-hoodie-set-copy,,,,,,,,,5 - 6 Years,,,blue,,,,,'10716821,500.0,shopify,100,continue,manual,1399.00,0.00,true,false,,,,,'10716821,,,,,,,,,,,,,,,,,,,,,,,,,,,,,,,,,,,,,,,,,,,,,,,https://cdn.shopify.com/s/files/1/0618/2368/0740/files/WhatsApp_Image_2025-01-06_at_7.54.56_PM.jpg?v=1736247009,kg,,,,,,
stay-true-printed-kids-hoodie-set-copy,,,,,,,,,5 - 6 Years,,,red,,,,,'10716822,500.0,shopify,100,continue,manual,1399.00,0.00,true,false,,,,,'10716822,,,,,,,,,,,,,,,,,,,,,,,,,,,,,,,,,,,,,,,,,,,,,,,https://cdn.shopify.com/s/files/1/0618/2368/0740/files/WhatsApp_Image_2025-01-06_at_7.54.52_PM.jpg?v=1736247009,kg,,,,,,
stay-true-printed-kids-hoodie-set-copy,,,,,,,,,5 - 6 Years,,,pink,,,,,'10716823,500.0,shopify,100,continue,manual,1399.00,0.00,true,false,,,,,'10716823,,,,,,,,,,,,,,,,,,,,,,,,,,,,,,,,,,,,,,,,,,,,,,,https://cdn.shopify.com/s/files/1/0618/2368/0740/files/WhatsApp_Image_2025-01-06_at_7.54.52_PM_1.jpg?v=1736247009,kg,,,,,,
stay-true-printed-kids-hoodie-set-copy,,,,,,,,,5 - 6 Years,,,silver,,,,,'10716824,500.0,shopify,100,continue,manual,1399.00,0.00,true,false,,,,,'10716824,,,,,,,,,,,,,,,,,,,,,,,,,,,,,,,,,,,,,,,,,,,,,,,https://cdn.shopify.com/s/files/1/0618/2368/0740/files/WhatsApp_Image_2025-01-06_at_7.54.52_PM_2.jpg?v=1736247009,kg,,,,,,
stay-true-printed-kids-hoodie-set-copy,,,,,,,,,5 - 6 Years,,,yellow-1,,,,,'10716825,500.0,shopify,100,continue,manual,1399.00,0.00,true,false,,,,,'10716825,,,,,,,,,,,,,,,,,,,,,,,,,,,,,,,,,,,,,,,,,,,,,,,https://cdn.shopify.com/s/files/1/0618/2368/0740/files/WhatsApp_Image_2025-01-06_at_7.54.51_PM.jpg?v=1736247009,kg,,,,,,
stay-true-printed-kids-hoodie-set-copy,,,,,,,,,5 - 6 Years,,,navy-1,,,,,'10716826,500.0,shopify,100,continue,manual,1399.00,0.00,true,false,,,,,'10716826,,,,,,,,,,,,,,,,,,,,,,,,,,,,,,,,,,,,,,,,,,,,,,,https://cdn.shopify.com/s/files/1/0618/2368/0740/files/WhatsApp_Image_2025-01-06_at_7.54.55_PM.jpg?v=1736247009,kg,,,,,,
stay-true-printed-kids-hoodie-set-copy,,,,,,,,,5 - 6 Years,,,dark-grey,,,,,'10716827,500.0,shopify,100,continue,manual,1399.00,0.00,true,false,,,,,'10716827,,,,,,,,,,,,,,,,,,,,,,,,,,,,,,,,,,,,,,,,,,,,,,,https://cdn.shopify.com/s/files/1/0618/2368/0740/files/WhatsApp_Image_2025-01-06_at_7.54.53_PM.jpg?v=1736247009,kg,,,,,,
stay-true-printed-kids-hoodie-set-copy,,,,,,,,,7 - 8 Years,,,blue,,,,,'10716828,500.0,shopify,100,continue,manual,1399.00,0.00,true,false,,,,,'10716828,,,,,,,,,,,,,,,,,,,,,,,,,,,,,,,,,,,,,,,,,,,,,,,https://cdn.shopify.com/s/files/1/0618/2368/0740/files/WhatsApp_Image_2025-01-06_at_7.54.56_PM.jpg?v=1736247009,kg,,,,,,
stay-true-printed-kids-hoodie-set-copy,,,,,,,,,7 - 8 Years,,,red,,,,,'10716829,500.0,shopify,100,continue,manual,1399.00,0.00,true,false,,,,,'10716829,,,,,,,,,,,,,,,,,,,,,,,,,,,,,,,,,,,,,,,,,,,,,,,https://cdn.shopify.com/s/files/1/0618/2368/0740/files/WhatsApp_Image_2025-01-06_at_7.54.52_PM.jpg?v=1736247009,kg,,,,,,
stay-true-printed-kids-hoodie-set-copy,,,,,,,,,7 - 8 Years,,,pink,,,,,'10716830,500.0,shopify,100,continue,manual,1399.00,0.00,true,false,,,,,'10716830,,,,,,,,,,,,,,,,,,,,,,,,,,,,,,,,,,,,,,,,,,,,,,,https://cdn.shopify.com/s/files/1/0618/2368/0740/files/WhatsApp_Image_2025-01-06_at_7.54.52_PM_1.jpg?v=1736247009,kg,,,,,,
stay-true-printed-kids-hoodie-set-copy,,,,,,,,,7 - 8 Years,,,silver,,,,,'10716831,500.0,shopify,100,continue,manual,1399.00,0.00,true,false,,,,,'10716831,,,,,,,,,,,,,,,,,,,,,,,,,,,,,,,,,,,,,,,,,,,,,,,https://cdn.shopify.com/s/files/1/0618/2368/0740/files/WhatsApp_Image_2025-01-06_at_7.54.52_PM_2.jpg?v=1736247009,kg,,,,,,
stay-true-printed-kids-hoodie-set-copy,,,,,,,,,7 - 8 Years,,,yellow-1,,,,,'10716832,500.0,shopify,100,continue,manual,1399.00,0.00,true,false,,,,,'10716832,,,,,,,,,,,,,,,,,,,,,,,,,,,,,,,,,,,,,,,,,,,,,,,https://cdn.shopify.com/s/files/1/0618/2368/0740/files/WhatsApp_Image_2025-01-06_at_7.54.51_PM.jpg?v=1736247009,kg,,,,,,
stay-true-printed-kids-hoodie-set-copy,,,,,,,,,7 - 8 Years,,,navy-1,,,,,'10716833,500.0,shopify,100,continue,manual,1399.00,0.00,true,false,,,,,'10716833,,,,,,,,,,,,,,,,,,,,,,,,,,,,,,,,,,,,,,,,,,,,,,,https://cdn.shopify.com/s/files/1/0618/2368/0740/files/WhatsApp_Image_2025-01-06_at_7.54.55_PM.jpg?v=1736247009,kg,,,,,,
stay-true-printed-kids-hoodie-set-copy,,,,,,,,,7 - 8 Years,,,dark-grey,,,,,'10716834,500.0,shopify,100,continue,manual,1399.00,0.00,true,false,,,,,'10716834,,,,,,,,,,,,,,,,,,,,,,,,,,,,,,,,,,,,,,,,,,,,,,,https://cdn.shopify.com/s/files/1/0618/2368/0740/files/WhatsApp_Image_2025-01-06_at_7.54.53_PM.jpg?v=1736247009,kg,,,,,,
stay-true-printed-kids-hoodie-set-copy,,,,,,,,,9 - 10 Years,,,blue,,,,,'10716835,500.0,shopify,100,continue,manual,1399.00,0.00,true,false,,,,,'10716835,,,,,,,,,,,,,,,,,,,,,,,,,,,,,,,,,,,,,,,,,,,,,,,https://cdn.shopify.com/s/files/1/0618/2368/0740/files/WhatsApp_Image_2025-01-06_at_7.54.56_PM.jpg?v=1736247009,kg,,,,,,
stay-true-printed-kids-hoodie-set-copy,,,,,,,,,9 - 10 Years,,,red,,,,,'10716836,500.0,shopify,100,continue,manual,1399.00,0.00,true,false,,,,,'10716836,,,,,,,,,,,,,,,,,,,,,,,,,,,,,,,,,,,,,,,,,,,,,,,https://cdn.shopify.com/s/files/1/0618/2368/0740/files/WhatsApp_Image_2025-01-06_at_7.54.52_PM.jpg?v=1736247009,kg,,,,,,
stay-true-printed-kids-hoodie-set-copy,,,,,,,,,9 - 10 Years,,,pink,,,,,'10716837,500.0,shopify,100,continue,manual,1399.00,0.00,true,false,,,,,'10716837,,,,,,,,,,,,,,,,,,,,,,,,,,,,,,,,,,,,,,,,,,,,,,,https://cdn.shopify.com/s/files/1/0618/2368/0740/files/WhatsApp_Image_2025-01-06_at_7.54.52_PM_1.jpg?v=1736247009,kg,,,,,,
stay-true-printed-kids-hoodie-set-copy,,,,,,,,,9 - 10 Years,,,silver,,,,,'10716838,500.0,shopify,100,continue,manual,1399.00,0.00,true,false,,,,,'10716838,,,,,,,,,,,,,,,,,,,,,,,,,,,,,,,,,,,,,,,,,,,,,,,https://cdn.shopify.com/s/files/1/0618/2368/0740/files/WhatsApp_Image_2025-01-06_at_7.54.52_PM_2.jpg?v=1736247009,kg,,,,,,
stay-true-printed-kids-hoodie-set-copy,,,,,,,,,9 - 10 Years,,,yellow-1,,,,,'10716839,500.0,shopify,100,continue,manual,1399.00,0.00,true,false,,,,,'10716839,,,,,,,,,,,,,,,,,,,,,,,,,,,,,,,,,,,,,,,,,,,,,,,https://cdn.shopify.com/s/files/1/0618/2368/0740/files/WhatsApp_Image_2025-01-06_at_7.54.51_PM.jpg?v=1736247009,kg,,,,,,
stay-true-printed-kids-hoodie-set-copy,,,,,,,,,9 - 10 Years,,,navy-1,,,,,'10716840,500.0,shopify,100,continue,manual,1399.00,0.00,true,false,,,,,'10716840,,,,,,,,,,,,,,,,,,,,,,,,,,,,,,,,,,,,,,,,,,,,,,,https://cdn.shopify.com/s/files/1/0618/2368/0740/files/WhatsApp_Image_2025-01-06_at_7.54.55_PM.jpg?v=1736247009,kg,,,,,,
stay-true-printed-kids-hoodie-set-copy,,,,,,,,,9 - 10 Years,,,dark-grey,,,,,'10716841,500.0,shopify,100,continue,manual,1399.00,0.00,true,false,,,,,'10716841,,,,,,,,,,,,,,,,,,,,,,,,,,,,,,,,,,,,,,,,,,,,,,,https://cdn.shopify.com/s/files/1/0618/2368/0740/files/WhatsApp_Image_2025-01-06_at_7.54.53_PM.jpg?v=1736247009,kg,,,,,,
stay-true-printed-kids-hoodie-set-copy,,,,,,,,,11 - 12 Years,,,blue,,,,,'10716842,500.0,shopify,100,continue,manual,1399.00,0.00,true,false,,,,,'10716842,,,,,,,,,,,,,,,,,,,,,,,,,,,,,,,,,,,,,,,,,,,,,,,https://cdn.shopify.com/s/files/1/0618/2368/0740/files/WhatsApp_Image_2025-01-06_at_7.54.56_PM.jpg?v=1736247009,kg,,,,,,
stay-true-printed-kids-hoodie-set-copy,,,,,,,,,11 - 12 Years,,,red,,,,,'10716843,500.0,shopify,100,continue,manual,1399.00,0.00,true,false,,,,,'10716843,,,,,,,,,,,,,,,,,,,,,,,,,,,,,,,,,,,,,,,,,,,,,,,https://cdn.shopify.com/s/files/1/0618/2368/0740/files/WhatsApp_Image_2025-01-06_at_7.54.52_PM.jpg?v=1736247009,kg,,,,,,
stay-true-printed-kids-hoodie-set-copy,,,,,,,,,11 - 12 Years,,,pink,,,,,'10716844,500.0,shopify,100,continue,manual,1399.00,0.00,true,false,,,,,'10716844,,,,,,,,,,,,,,,,,,,,,,,,,,,,,,,,,,,,,,,,,,,,,,,https://cdn.shopify.com/s/files/1/0618/2368/0740/files/WhatsApp_Image_2025-01-06_at_7.54.52_PM_1.jpg?v=1736247009,kg,,,,,,
stay-true-printed-kids-hoodie-set-copy,,,,,,,,,11 - 12 Years,,,silver,,,,,'10716845,500.0,shopify,100,continue,manual,1399.00,0.00,true,false,,,,,'10716845,,,,,,,,,,,,,,,,,,,,,,,,,,,,,,,,,,,,,,,,,,,,,,,https://cdn.shopify.com/s/files/1/0618/2368/0740/files/WhatsApp_Image_2025-01-06_at_7.54.52_PM_2.jpg?v=1736247009,kg,,,,,,
stay-true-printed-kids-hoodie-set-copy,,,,,,,,,11 - 12 Years,,,yellow-1,,,,,'10716846,500.0,shopify,100,continue,manual,1399.00,0.00,true,false,,,,,'10716846,,,,,,,,,,,,,,,,,,,,,,,,,,,,,,,,,,,,,,,,,,,,,,,https://cdn.shopify.com/s/files/1/0618/2368/0740/files/WhatsApp_Image_2025-01-06_at_7.54.51_PM.jpg?v=1736247009,kg,,,,,,
stay-true-printed-kids-hoodie-set-copy,,,,,,,,,11 - 12 Years,,,navy-1,,,,,'10716847,500.0,shopify,100,continue,manual,1399.00,0.00,true,false,,,,,'10716847,,,,,,,,,,,,,,,,,,,,,,,,,,,,,,,,,,,,,,,,,,,,,,,https://cdn.shopify.com/s/files/1/0618/2368/0740/files/WhatsApp_Image_2025-01-06_at_7.54.55_PM.jpg?v=1736247009,kg,,,,,,
stay-true-printed-kids-hoodie-set-copy,,,,,,,,,11 - 12 Years,,,dark-grey,,,,,'10706995,500.0,shopify,100,continue,manual,1399.00,0.00,true,false,,,,,'10706995,,,,,,,,,,,,,,,,,,,,,,,,,,,,,,,,,,,,,,,,,,,,,,,https://cdn.shopify.com/s/files/1/0618/2368/0740/files/WhatsApp_Image_2025-01-06_at_7.54.53_PM.jpg?v=1736247009,kg,,,,,,
just-do-it-printed-kids-hoodie-set-copy,Kids Winter Hoodie Set | Stay True Printed,"<h4><strong><span data-sheets-root=""1"">Kids Winter Hoodie Set | Stay True Printed<br><br></span></strong></h4>
<p data-start=""213"" data-end=""442"">Featuring a bold and meaningful “Stay True” print, this outfit adds a modern and confident touch to your child’s everyday look.</p>
<p data-start=""444"" data-end=""719"">Made from soft, premium fleece fabric, the hoodie provides cozy warmth during chilly days, while the matching jogger pants offer a relaxed and comfortable fit for all-day wear. Whether it’s school, playtime, or casual outings, this set is designed for both comfort and style.</p>
<p data-start=""721"" data-end=""820"">The simple yet powerful design makes it a perfect choice for kids who love a trendy and clean look.</p>
<p data-start=""822"" data-end=""837"">✨ <strong data-start=""824"" data-end=""837"">Features:</strong></p>
<ul data-start=""838"" data-end=""1060"">
<li data-section-id=""m2jogh"" data-start=""838"" data-end=""881"">Soft fleece fabric for warmth &amp; comfort</li>
<li data-section-id=""11wavje"" data-start=""882"" data-end=""922"">Stylish “Stay True” printed design ✨</li>
<li data-section-id=""gklsta"" data-start=""923"" data-end=""961"">Cozy hoodie with soft inner lining</li>
<li data-section-id=""1qd8zxj"" data-start=""962"" data-end=""1010"">Matching jogger pants with elastic waistband</li>
<li data-section-id=""9bnese"" data-start=""1011"" data-end=""1060"">Ideal for daily wear, school &amp; winter outings</li>
</ul>
<p data-start=""1062"" data-end=""1139"">Let your kids stay <strong data-start=""1081"" data-end=""1126"">warm, confident, and effortlessly stylish</strong> this winter!</p>
<h4><strong><span data-sheets-root=""1""><br></span></strong></h4>",BBG FASHION,Apparel & Accessories > Clothing > Baby & Toddler Clothing,Kids Hoodie Set,Kids Winter Collection,true,Size,1 - 2 Years,,Color,blue,product.metafields.shopify.color-pattern,,,,'10716766,500.0,shopify,100,continue,manual,1399.00,0.00,true,false,,,,,'10716766,https://cdn.shopify.com/s/files/1/0618/2368/0740/files/WhatsApp_Image_2025-01-06_at_7.54.30_PM.jpg?v=1736246437,1,Just Do It Printed Kids Hoodie Set Copy - side view - kids wear Pakistan,false,,"Shop Kids Winter Hoodie Set Stay True Printed in soft fleece. Warm, stylish & comfortable winter outfit for kids. Perfect everyday wear in Pakistan. Order now!",182,,,,,,,,,,,,,,,,,,,,blue; red; pink; silver; yellow-1; navy-1; dark-grey,,,fleece,,,,,,,,,,,,,,,,,https://cdn.shopify.com/s/files/1/0618/2368/0740/files/WhatsApp_Image_2025-01-06_at_7.54.34_PM.jpg?v=1736246437,kg,,,true,,,active
just-do-it-printed-kids-hoodie-set-copy,,,,,,,,,1 - 2 Years,,,red,,,,,'10716767,500.0,shopify,100,continue,manual,1399.00,0.00,true,false,,,,,'10716767,https://cdn.shopify.com/s/files/1/0618/2368/0740/files/WhatsApp_Image_2025-01-06_at_7.54.28_PM.jpg?v=1736246437,2,Just Do It Printed Kids Hoodie Set Copy - front view - kids wear Pakistan,,,,,,,,,,,,,,,,,,,,,,,,,,,,,,,,,,,,,,,,,,,,https://cdn.shopify.com/s/files/1/0618/2368/0740/files/WhatsApp_Image_2025-01-06_at_7.54.29_PM.jpg?v=1736246437,kg,,,,,,
just-do-it-printed-kids-hoodie-set-copy,,,,,,,,,1 - 2 Years,,,pink,,,,,'10716768,500.0,shopify,100,continue,manual,1399.00,0.00,true,false,,,,,'10716768,https://cdn.shopify.com/s/files/1/0618/2368/0740/files/WhatsApp_Image_2025-01-06_at_7.54.29_PM.jpg?v=1736246437,3,Just Do It Printed Kids Hoodie Set Copy - back view - kids wear Pakistan,,,,,,,,,,,,,,,,,,,,,,,,,,,,,,,,,,,,,,,,,,,,https://cdn.shopify.com/s/files/1/0618/2368/0740/files/WhatsApp_Image_2025-01-06_at_7.54.30_PM.jpg?v=1736246437,kg,,,,,,
just-do-it-printed-kids-hoodie-set-copy,,,,,,,,,1 - 2 Years,,,silver,,,,,'10716769,500.0,shopify,100,continue,manual,1399.00,0.00,true,false,,,,,'10716769,https://cdn.shopify.com/s/files/1/0618/2368/0740/files/WhatsApp_Image_2025-01-06_at_7.54.31_PM.jpg?v=1736246437,4,Just Do It Printed Kids Hoodie Set Copy - detail shot - kids wear Pakistan,,,,,,,,,,,,,,,,,,,,,,,,,,,,,,,,,,,,,,,,,,,,https://cdn.shopify.com/s/files/1/0618/2368/0740/files/WhatsApp_Image_2025-01-06_at_7.54.31_PM.jpg?v=1736246437,kg,,,,,,
just-do-it-printed-kids-hoodie-set-copy,,,,,,,,,1 - 2 Years,,,yellow-1,,,,,'10716770,500.0,shopify,100,continue,manual,1399.00,0.00,true,false,,,,,'10716770,https://cdn.shopify.com/s/files/1/0618/2368/0740/files/WhatsApp_Image_2025-01-06_at_7.54.32_PM_1.jpg?v=1736246437,5,Just Do It Printed Kids Hoodie Set Copy - close-up detail - kids wear Pakistan,,,,,,,,,,,,,,,,,,,,,,,,,,,,,,,,,,,,,,,,,,,,https://cdn.shopify.com/s/files/1/0618/2368/0740/files/WhatsApp_Image_2025-01-06_at_7.54.28_PM.jpg?v=1736246437,kg,,,,,,
just-do-it-printed-kids-hoodie-set-copy,,,,,,,,,1 - 2 Years,,,navy-1,,,,,'10716771,500.0,shopify,100,continue,manual,1399.00,0.00,true,false,,,,,'10716771,https://cdn.shopify.com/s/files/1/0618/2368/0740/files/WhatsApp_Image_2025-01-06_at_7.54.32_PM.jpg?v=1736246437,6,Just Do It Printed Kids Hoodie Set Copy - flat lay - kids wear Pakistan,,,,,,,,,,,,,,,,,,,,,,,,,,,,,,,,,,,,,,,,,,,,https://cdn.shopify.com/s/files/1/0618/2368/0740/files/WhatsApp_Image_2025-01-06_at_7.54.32_PM_1.jpg?v=1736246437,kg,,,,,,
just-do-it-printed-kids-hoodie-set-copy,,,,,,,,,1 - 2 Years,,,dark-grey,,,,,'10716772,500.0,shopify,100,continue,manual,1399.00,0.00,true,false,,,,,'10716772,https://cdn.shopify.com/s/files/1/0618/2368/0740/files/WhatsApp_Image_2025-01-06_at_7.54.34_PM.jpg?v=1736246437,7,Just Do It Printed Kids Hoodie Set Copy size chart - measurements guide,,,,,,,,,,,,,,,,,,,,,,,,,,,,,,,,,,,,,,,,,,,,https://cdn.shopify.com/s/files/1/0618/2368/0740/files/WhatsApp_Image_2025-01-06_at_7.54.32_PM.jpg?v=1736246437,kg,,,,,,
just-do-it-printed-kids-hoodie-set-copy,,,,,,,,,3 - 4 Years,,,blue,,,,,'10716773,500.0,shopify,100,continue,manual,1399.00,0.00,true,false,,,,,'10716773,https://cdn.shopify.com/s/files/1/0618/2368/0740/files/kidssizechart_e28feb53-900a-4966-81fe-20382accf994.jpg?v=1776761612,8,We Can Be Heroes Printed Kids Hoodie Set Copy size chart - measurements guide,,,,,,,,,,,,,,,,,,,,,,,,,,,,,,,,,,,,,,,,,,,,https://cdn.shopify.com/s/files/1/0618/2368/0740/files/WhatsApp_Image_2025-01-06_at_7.54.34_PM.jpg?v=1736246437,kg,,,,,,
just-do-it-printed-kids-hoodie-set-copy,,,,,,,,,3 - 4 Years,,,red,,,,,'10716774,500.0,shopify,100,continue,manual,1399.00,0.00,true,false,,,,,'10716774,,,,,,,,,,,,,,,,,,,,,,,,,,,,,,,,,,,,,,,,,,,,,,,https://cdn.shopify.com/s/files/1/0618/2368/0740/files/WhatsApp_Image_2025-01-06_at_7.54.29_PM.jpg?v=1736246437,kg,,,,,,
just-do-it-printed-kids-hoodie-set-copy,,,,,,,,,3 - 4 Years,,,pink,,,,,'10716775,500.0,shopify,100,continue,manual,1399.00,0.00,true,false,,,,,'10716775,,,,,,,,,,,,,,,,,,,,,,,,,,,,,,,,,,,,,,,,,,,,,,,https://cdn.shopify.com/s/files/1/0618/2368/0740/files/WhatsApp_Image_2025-01-06_at_7.54.30_PM.jpg?v=1736246437,kg,,,,,,
just-do-it-printed-kids-hoodie-set-copy,,,,,,,,,3 - 4 Years,,,silver,,,,,'10716776,500.0,shopify,100,continue,manual,1399.00,0.00,true,false,,,,,'10716776,,,,,,,,,,,,,,,,,,,,,,,,,,,,,,,,,,,,,,,,,,,,,,,https://cdn.shopify.com/s/files/1/0618/2368/0740/files/WhatsApp_Image_2025-01-06_at_7.54.31_PM.jpg?v=1736246437,kg,,,,,,
just-do-it-printed-kids-hoodie-set-copy,,,,,,,,,3 - 4 Years,,,yellow-1,,,,,'10716777,500.0,shopify,100,continue,manual,1399.00,0.00,true,false,,,,,'10716777,,,,,,,,,,,,,,,,,,,,,,,,,,,,,,,,,,,,,,,,,,,,,,,https://cdn.shopify.com/s/files/1/0618/2368/0740/files/WhatsApp_Image_2025-01-06_at_7.54.28_PM.jpg?v=1736246437,kg,,,,,,
just-do-it-printed-kids-hoodie-set-copy,,,,,,,,,3 - 4 Years,,,navy-1,,,,,'10716778,500.0,shopify,100,continue,manual,1399.00,0.00,true,false,,,,,'10716778,,,,,,,,,,,,,,,,,,,,,,,,,,,,,,,,,,,,,,,,,,,,,,,https://cdn.shopify.com/s/files/1/0618/2368/0740/files/WhatsApp_Image_2025-01-06_at_7.54.32_PM_1.jpg?v=1736246437,kg,,,,,,
just-do-it-printed-kids-hoodie-set-copy,,,,,,,,,3 - 4 Years,,,dark-grey,,,,,'10716779,500.0,shopify,100,continue,manual,1399.00,0.00,true,false,,,,,'10716779,,,,,,,,,,,,,,,,,,,,,,,,,,,,,,,,,,,,,,,,,,,,,,,https://cdn.shopify.com/s/files/1/0618/2368/0740/files/WhatsApp_Image_2025-01-06_at_7.54.32_PM.jpg?v=1736246437,kg,,,,,,
just-do-it-printed-kids-hoodie-set-copy,,,,,,,,,5 - 6 Years,,,blue,,,,,'10716780,500.0,shopify,100,continue,manual,1399.00,0.00,true,false,,,,,'10716780,,,,,,,,,,,,,,,,,,,,,,,,,,,,,,,,,,,,,,,,,,,,,,,https://cdn.shopify.com/s/files/1/0618/2368/0740/files/WhatsApp_Image_2025-01-06_at_7.54.34_PM.jpg?v=1736246437,kg,,,,,,
just-do-it-printed-kids-hoodie-set-copy,,,,,,,,,5 - 6 Years,,,red,,,,,'10716781,500.0,shopify,100,continue,manual,1399.00,0.00,true,false,,,,,'10716781,,,,,,,,,,,,,,,,,,,,,,,,,,,,,,,,,,,,,,,,,,,,,,,https://cdn.shopify.com/s/files/1/0618/2368/0740/files/WhatsApp_Image_2025-01-06_at_7.54.29_PM.jpg?v=1736246437,kg,,,,,,
just-do-it-printed-kids-hoodie-set-copy,,,,,,,,,5 - 6 Years,,,pink,,,,,'10716782,500.0,shopify,100,continue,manual,1399.00,0.00,true,false,,,,,'10716782,,,,,,,,,,,,,,,,,,,,,,,,,,,,,,,,,,,,,,,,,,,,,,,https://cdn.shopify.com/s/files/1/0618/2368/0740/files/WhatsApp_Image_2025-01-06_at_7.54.30_PM.jpg?v=1736246437,kg,,,,,,
just-do-it-printed-kids-hoodie-set-copy,,,,,,,,,5 - 6 Years,,,silver,,,,,'10716783,500.0,shopify,100,continue,manual,1399.00,0.00,true,false,,,,,'10716783,,,,,,,,,,,,,,,,,,,,,,,,,,,,,,,,,,,,,,,,,,,,,,,https://cdn.shopify.com/s/files/1/0618/2368/0740/files/WhatsApp_Image_2025-01-06_at_7.54.31_PM.jpg?v=1736246437,kg,,,,,,
just-do-it-printed-kids-hoodie-set-copy,,,,,,,,,5 - 6 Years,,,yellow-1,,,,,'10716784,500.0,shopify,100,continue,manual,1399.00,0.00,true,false,,,,,'10716784,,,,,,,,,,,,,,,,,,,,,,,,,,,,,,,,,,,,,,,,,,,,,,,https://cdn.shopify.com/s/files/1/0618/2368/0740/files/WhatsApp_Image_2025-01-06_at_7.54.28_PM.jpg?v=1736246437,kg,,,,,,
just-do-it-printed-kids-hoodie-set-copy,,,,,,,,,5 - 6 Years,,,navy-1,,,,,'10716785,500.0,shopify,100,continue,manual,1399.00,0.00,true,false,,,,,'10716785,,,,,,,,,,,,,,,,,,,,,,,,,,,,,,,,,,,,,,,,,,,,,,,https://cdn.shopify.com/s/files/1/0618/2368/0740/files/WhatsApp_Image_2025-01-06_at_7.54.32_PM_1.jpg?v=1736246437,kg,,,,,,
just-do-it-printed-kids-hoodie-set-copy,,,,,,,,,5 - 6 Years,,,dark-grey,,,,,'10716786,500.0,shopify,100,continue,manual,1399.00,0.00,true,false,,,,,'10716786,,,,,,,,,,,,,,,,,,,,,,,,,,,,,,,,,,,,,,,,,,,,,,,https://cdn.shopify.com/s/files/1/0618/2368/0740/files/WhatsApp_Image_2025-01-06_at_7.54.32_PM.jpg?v=1736246437,kg,,,,,,
just-do-it-printed-kids-hoodie-set-copy,,,,,,,,,7 - 8 Years,,,blue,,,,,'10716787,500.0,shopify,100,continue,manual,1399.00,0.00,true,false,,,,,'10716787,,,,,,,,,,,,,,,,,,,,,,,,,,,,,,,,,,,,,,,,,,,,,,,https://cdn.shopify.com/s/files/1/0618/2368/0740/files/WhatsApp_Image_2025-01-06_at_7.54.34_PM.jpg?v=1736246437,kg,,,,,,
just-do-it-printed-kids-hoodie-set-copy,,,,,,,,,7 - 8 Years,,,red,,,,,'10716788,500.0,shopify,100,continue,manual,1399.00,0.00,true,false,,,,,'10716788,,,,,,,,,,,,,,,,,,,,,,,,,,,,,,,,,,,,,,,,,,,,,,,https://cdn.shopify.com/s/files/1/0618/2368/0740/files/WhatsApp_Image_2025-01-06_at_7.54.29_PM.jpg?v=1736246437,kg,,,,,,
just-do-it-printed-kids-hoodie-set-copy,,,,,,,,,7 - 8 Years,,,pink,,,,,'10716789,500.0,shopify,100,continue,manual,1399.00,0.00,true,false,,,,,'10716789,,,,,,,,,,,,,,,,,,,,,,,,,,,,,,,,,,,,,,,,,,,,,,,https://cdn.shopify.com/s/files/1/0618/2368/0740/files/WhatsApp_Image_2025-01-06_at_7.54.30_PM.jpg?v=1736246437,kg,,,,,,
just-do-it-printed-kids-hoodie-set-copy,,,,,,,,,7 - 8 Years,,,silver,,,,,'10716790,500.0,shopify,100,continue,manual,1399.00,0.00,true,false,,,,,'10716790,,,,,,,,,,,,,,,,,,,,,,,,,,,,,,,,,,,,,,,,,,,,,,,https://cdn.shopify.com/s/files/1/0618/2368/0740/files/WhatsApp_Image_2025-01-06_at_7.54.31_PM.jpg?v=1736246437,kg,,,,,,
just-do-it-printed-kids-hoodie-set-copy,,,,,,,,,7 - 8 Years,,,yellow-1,,,,,'10716791,500.0,shopify,99,continue,manual,1399.00,0.00,true,false,,,,,'10716791,,,,,,,,,,,,,,,,,,,,,,,,,,,,,,,,,,,,,,,,,,,,,,,https://cdn.shopify.com/s/files/1/0618/2368/0740/files/WhatsApp_Image_2025-01-06_at_7.54.28_PM.jpg?v=1736246437,kg,,,,,,
just-do-it-printed-kids-hoodie-set-copy,,,,,,,,,7 - 8 Years,,,navy-1,,,,,'10716792,500.0,shopify,100,continue,manual,1399.00,0.00,true,false,,,,,'10716792,,,,,,,,,,,,,,,,,,,,,,,,,,,,,,,,,,,,,,,,,,,,,,,https://cdn.shopify.com/s/files/1/0618/2368/0740/files/WhatsApp_Image_2025-01-06_at_7.54.32_PM_1.jpg?v=1736246437,kg,,,,,,
just-do-it-printed-kids-hoodie-set-copy,,,,,,,,,7 - 8 Years,,,dark-grey,,,,,'10716793,500.0,shopify,100,continue,manual,1399.00,0.00,true,false,,,,,'10716793,,,,,,,,,,,,,,,,,,,,,,,,,,,,,,,,,,,,,,,,,,,,,,,https://cdn.shopify.com/s/files/1/0618/2368/0740/files/WhatsApp_Image_2025-01-06_at_7.54.32_PM.jpg?v=1736246437,kg,,,,,,
just-do-it-printed-kids-hoodie-set-copy,,,,,,,,,9 - 10 Years,,,blue,,,,,'10716794,500.0,shopify,100,continue,manual,1399.00,0.00,true,false,,,,,'10716794,,,,,,,,,,,,,,,,,,,,,,,,,,,,,,,,,,,,,,,,,,,,,,,https://cdn.shopify.com/s/files/1/0618/2368/0740/files/WhatsApp_Image_2025-01-06_at_7.54.34_PM.jpg?v=1736246437,kg,,,,,,
just-do-it-printed-kids-hoodie-set-copy,,,,,,,,,9 - 10 Years,,,red,,,,,'10716795,500.0,shopify,100,continue,manual,1399.00,0.00,true,false,,,,,'10716795,,,,,,,,,,,,,,,,,,,,,,,,,,,,,,,,,,,,,,,,,,,,,,,https://cdn.shopify.com/s/files/1/0618/2368/0740/files/WhatsApp_Image_2025-01-06_at_7.54.29_PM.jpg?v=1736246437,kg,,,,,,
just-do-it-printed-kids-hoodie-set-copy,,,,,,,,,9 - 10 Years,,,pink,,,,,'10716796,500.0,shopify,100,continue,manual,1399.00,0.00,true,false,,,,,'10716796,,,,,,,,,,,,,,,,,,,,,,,,,,,,,,,,,,,,,,,,,,,,,,,https://cdn.shopify.com/s/files/1/0618/2368/0740/files/WhatsApp_Image_2025-01-06_at_7.54.30_PM.jpg?v=1736246437,kg,,,,,,
just-do-it-printed-kids-hoodie-set-copy,,,,,,,,,9 - 10 Years,,,silver,,,,,'10716797,500.0,shopify,100,continue,manual,1399.00,0.00,true,false,,,,,'10716797,,,,,,,,,,,,,,,,,,,,,,,,,,,,,,,,,,,,,,,,,,,,,,,https://cdn.shopify.com/s/files/1/0618/2368/0740/files/WhatsApp_Image_2025-01-06_at_7.54.31_PM.jpg?v=1736246437,kg,,,,,,
just-do-it-printed-kids-hoodie-set-copy,,,,,,,,,9 - 10 Years,,,yellow-1,,,,,'10716798,500.0,shopify,100,continue,manual,1399.00,0.00,true,false,,,,,'10716798,,,,,,,,,,,,,,,,,,,,,,,,,,,,,,,,,,,,,,,,,,,,,,,https://cdn.shopify.com/s/files/1/0618/2368/0740/files/WhatsApp_Image_2025-01-06_at_7.54.28_PM.jpg?v=1736246437,kg,,,,,,
just-do-it-printed-kids-hoodie-set-copy,,,,,,,,,9 - 10 Years,,,navy-1,,,,,'10716799,500.0,shopify,100,continue,manual,1399.00,0.00,true,false,,,,,'10716799,,,,,,,,,,,,,,,,,,,,,,,,,,,,,,,,,,,,,,,,,,,,,,,https://cdn.shopify.com/s/files/1/0618/2368/0740/files/WhatsApp_Image_2025-01-06_at_7.54.32_PM_1.jpg?v=1736246437,kg,,,,,,
just-do-it-printed-kids-hoodie-set-copy,,,,,,,,,9 - 10 Years,,,dark-grey,,,,,'10716800,500.0,shopify,100,continue,manual,1399.00,0.00,true,false,,,,,'10716800,,,,,,,,,,,,,,,,,,,,,,,,,,,,,,,,,,,,,,,,,,,,,,,https://cdn.shopify.com/s/files/1/0618/2368/0740/files/WhatsApp_Image_2025-01-06_at_7.54.32_PM.jpg?v=1736246437,kg,,,,,,
just-do-it-printed-kids-hoodie-set-copy,,,,,,,,,11 - 12 Years,,,blue,,,,,'10716801,500.0,shopify,100,continue,manual,1399.00,0.00,true,false,,,,,'10716801,,,,,,,,,,,,,,,,,,,,,,,,,,,,,,,,,,,,,,,,,,,,,,,https://cdn.shopify.com/s/files/1/0618/2368/0740/files/WhatsApp_Image_2025-01-06_at_7.54.34_PM.jpg?v=1736246437,kg,,,,,,
just-do-it-printed-kids-hoodie-set-copy,,,,,,,,,11 - 12 Years,,,red,,,,,'10716802,500.0,shopify,100,continue,manual,1399.00,0.00,true,false,,,,,'10716802,,,,,,,,,,,,,,,,,,,,,,,,,,,,,,,,,,,,,,,,,,,,,,,https://cdn.shopify.com/s/files/1/0618/2368/0740/files/WhatsApp_Image_2025-01-06_at_7.54.29_PM.jpg?v=1736246437,kg,,,,,,
just-do-it-printed-kids-hoodie-set-copy,,,,,,,,,11 - 12 Years,,,pink,,,,,'10716803,500.0,shopify,100,continue,manual,1399.00,0.00,true,false,,,,,'10716803,,,,,,,,,,,,,,,,,,,,,,,,,,,,,,,,,,,,,,,,,,,,,,,https://cdn.shopify.com/s/files/1/0618/2368/0740/files/WhatsApp_Image_2025-01-06_at_7.54.30_PM.jpg?v=1736246437,kg,,,,,,
just-do-it-printed-kids-hoodie-set-copy,,,,,,,,,11 - 12 Years,,,silver,,,,,'10716804,500.0,shopify,100,continue,manual,1399.00,0.00,true,false,,,,,'10716804,,,,,,,,,,,,,,,,,,,,,,,,,,,,,,,,,,,,,,,,,,,,,,,https://cdn.shopify.com/s/files/1/0618/2368/0740/files/WhatsApp_Image_2025-01-06_at_7.54.31_PM.jpg?v=1736246437,kg,,,,,,
just-do-it-printed-kids-hoodie-set-copy,,,,,,,,,11 - 12 Years,,,yellow-1,,,,,'10716805,500.0,shopify,100,continue,manual,1399.00,0.00,true,false,,,,,'10716805,,,,,,,,,,,,,,,,,,,,,,,,,,,,,,,,,,,,,,,,,,,,,,,https://cdn.shopify.com/s/files/1/0618/2368/0740/files/WhatsApp_Image_2025-01-06_at_7.54.28_PM.jpg?v=1736246437,kg,,,,,,
just-do-it-printed-kids-hoodie-set-copy,,,,,,,,,11 - 12 Years,,,navy-1,,,,,'10716806,500.0,shopify,100,continue,manual,1399.00,0.00,true,false,,,,,'10716806,,,,,,,,,,,,,,,,,,,,,,,,,,,,,,,,,,,,,,,,,,,,,,,https://cdn.shopify.com/s/files/1/0618/2368/0740/files/WhatsApp_Image_2025-01-06_at_7.54.32_PM_1.jpg?v=1736246437,kg,,,,,,
just-do-it-printed-kids-hoodie-set-copy,,,,,,,,,11 - 12 Years,,,dark-grey,,,,,'10706994,500.0,shopify,99,continue,manual,1399.00,0.00,true,false,,,,,'10706994,,,,,,,,,,,,,,,,,,,,,,,,,,,,,,,,,,,,,,,,,,,,,,,https://cdn.shopify.com/s/files/1/0618/2368/0740/files/WhatsApp_Image_2025-01-06_at_7.54.32_PM.jpg?v=1736246437,kg,,,,,,
batman-printed-kids-hoodie-set-copy-1,Kids Winter Hoodie Set | Just do it Printed,"<h4><strong>Kids Winter Hoodie Set | Just do it Printed<br><br></strong></h4>
<p data-start=""271"" data-end=""519"">Featuring a bold, motivational text design, this outfit brings confidence, energy, and a sporty edge to your child’s everyday look.</p>
<p data-start=""521"" data-end=""801"">Made from soft, premium fleece fabric, the hoodie keeps your child warm and cozy during chilly days, while the matching jogger pants provide a relaxed, flexible fit for all-day movement. Whether it’s school, playtime, or outdoor fun, this set is built for comfort and performance.</p>
<p data-start=""803"" data-end=""918"">The strong, positive message adds a trendy and confident vibe—perfect for kids who like to stay active and stylish.</p>
<p data-start=""920"" data-end=""935"">✨ <strong data-start=""922"" data-end=""935"">Features:</strong></p>
<ul data-start=""936"" data-end=""1168"">
<li data-section-id=""m2jogh"" data-start=""936"" data-end=""979"">Soft fleece fabric for warmth &amp; comfort</li>
<li data-section-id=""idthjo"" data-start=""980"" data-end=""1026"">Motivational sport-style printed design 💪</li>
<li data-section-id=""gklsta"" data-start=""1027"" data-end=""1065"">Cozy hoodie with soft inner lining</li>
<li data-section-id=""1qd8zxj"" data-start=""1066"" data-end=""1114"">Matching jogger pants with elastic waistband</li>
<li data-section-id=""1qngs83"" data-start=""1115"" data-end=""1168"">Ideal for daily wear, school &amp; outdoor activities</li>
</ul>
<p data-start=""1170"" data-end=""1243"">Let your kids stay <strong data-start=""1189"" data-end=""1230"">warm, confident, and ready for action</strong> this winter!</p>
<h4><strong><br></strong></h4>",BBG FASHION,Apparel & Accessories > Clothing > Baby & Toddler Clothing,Kids Hoodie Set,Kids Winter Collection,true,Size,1 - 2 Years,,Color,blue,product.metafields.shopify.color-pattern,,,,'10716725,500.0,shopify,200,continue,manual,1399.00,0.00,true,false,,,,,'10716725,https://cdn.shopify.com/s/files/1/0618/2368/0740/files/WhatsApp_Image_2025-01-06_at_7.54.10_PM_1.jpg?v=1736246119,1,Batman Printed Kids Hoodie Set Copy 1 - front view - kids wear Pakistan,false,,"Shop Kids Winter Hoodie Set Just Do It Style Printed in soft fleece. Warm, sporty & stylish winter outfit for kids. Perfect everyday wear in Pakistan. Order now!",182,,,,,,,,,,,,,,,,,,,,blue; red; pink; silver; yellow-1; navy-1; dark-grey,,,fleece,,,,,,,,,,,,,,,,,https://cdn.shopify.com/s/files/1/0618/2368/0740/files/WhatsApp_Image_2025-01-06_at_7.54.12_PM.jpg?v=1736246119,kg,,,true,,,active
batman-printed-kids-hoodie-set-copy-1,,,,,,,,,1 - 2 Years,,,red,,,,,'10716726,500.0,shopify,200,continue,manual,1399.00,0.00,true,false,,,,,'10716726,https://cdn.shopify.com/s/files/1/0618/2368/0740/files/WhatsApp_Image_2025-01-06_at_7.54.11_PM_1.jpg?v=1736246119,2,Batman Printed Kids Hoodie Set Copy 1 - back view - kids wear Pakistan,,,,,,,,,,,,,,,,,,,,,,,,,,,,,,,,,,,,,,,,,,,,https://cdn.shopify.com/s/files/1/0618/2368/0740/files/WhatsApp_Image_2025-01-06_at_7.54.10_PM.jpg?v=1736246119,kg,,,,,,
batman-printed-kids-hoodie-set-copy-1,,,,,,,,,1 - 2 Years,,,pink,,,,,'10716727,500.0,shopify,200,continue,manual,1399.00,0.00,true,false,,,,,'10716727,https://cdn.shopify.com/s/files/1/0618/2368/0740/files/WhatsApp_Image_2025-01-06_at_7.54.09_PM.jpg?v=1736246119,3,Batman Printed Kids Hoodie Set Copy 1 - side view - kids wear Pakistan,,,,,,,,,,,,,,,,,,,,,,,,,,,,,,,,,,,,,,,,,,,,https://cdn.shopify.com/s/files/1/0618/2368/0740/files/WhatsApp_Image_2025-01-06_at_7.54.10_PM_1.jpg?v=1736246119,kg,,,,,,
batman-printed-kids-hoodie-set-copy-1,,,,,,,,,1 - 2 Years,,,silver,,,,,'10716728,500.0,shopify,200,continue,manual,1399.00,0.00,true,false,,,,,'10716728,https://cdn.shopify.com/s/files/1/0618/2368/0740/files/WhatsApp_Image_2025-01-06_at_7.54.10_PM.jpg?v=1736246119,4,Batman Printed Kids Hoodie Set Copy 1 - detail shot - kids wear Pakistan,,,,,,,,,,,,,,,,,,,,,,,,,,,,,,,,,,,,,,,,,,,,https://cdn.shopify.com/s/files/1/0618/2368/0740/files/WhatsApp_Image_2025-01-06_at_7.54.11_PM.jpg?v=1736246119,kg,,,,,,
batman-printed-kids-hoodie-set-copy-1,,,,,,,,,1 - 2 Years,,,yellow-1,,,,,'10716729,500.0,shopify,200,continue,manual,1399.00,0.00,true,false,,,,,'10716729,https://cdn.shopify.com/s/files/1/0618/2368/0740/files/WhatsApp_Image_2025-01-06_at_7.54.11_PM_2.jpg?v=1736246119,5,Batman Printed Kids Hoodie Set Copy 1 - close-up detail - kids wear Pakistan,,,,,,,,,,,,,,,,,,,,,,,,,,,,,,,,,,,,,,,,,,,,https://cdn.shopify.com/s/files/1/0618/2368/0740/files/WhatsApp_Image_2025-01-06_at_7.54.09_PM.jpg?v=1736246119,kg,,,,,,
batman-printed-kids-hoodie-set-copy-1,,,,,,,,,1 - 2 Years,,,navy-1,,,,,'10716730,500.0,shopify,200,continue,manual,1399.00,0.00,true,false,,,,,'10716730,https://cdn.shopify.com/s/files/1/0618/2368/0740/files/WhatsApp_Image_2025-01-06_at_7.54.11_PM.jpg?v=1736246119,6,Batman Printed Kids Hoodie Set Copy 1 - flat lay - kids wear Pakistan,,,,,,,,,,,,,,,,,,,,,,,,,,,,,,,,,,,,,,,,,,,,https://cdn.shopify.com/s/files/1/0618/2368/0740/files/WhatsApp_Image_2025-01-06_at_7.54.11_PM_2.jpg?v=1736246119,kg,,,,,,
batman-printed-kids-hoodie-set-copy-1,,,,,,,,,1 - 2 Years,,,dark-grey,,,,,'10716731,500.0,shopify,200,continue,manual,1399.00,0.00,true,false,,,,,'10716731,https://cdn.shopify.com/s/files/1/0618/2368/0740/files/WhatsApp_Image_2025-01-06_at_7.54.12_PM.jpg?v=1736246119,7,Batman Printed Kids Hoodie Set Copy 1 - lifestyle view - kids wear Pakistan,,,,,,,,,,,,,,,,,,,,,,,,,,,,,,,,,,,,,,,,,,,,https://cdn.shopify.com/s/files/1/0618/2368/0740/files/WhatsApp_Image_2025-01-06_at_7.54.11_PM_1.jpg?v=1736246119,kg,,,,,,
batman-printed-kids-hoodie-set-copy-1,,,,,,,,,3 - 4 Years,,,blue,,,,,'10716732,500.0,shopify,200,continue,manual,1399.00,0.00,true,false,,,,,'10716732,https://cdn.shopify.com/s/files/1/0618/2368/0740/files/kidssizechart_e28feb53-900a-4966-81fe-20382accf994.jpg?v=1776761612,8,We Can Be Heroes Printed Kids Hoodie Set Copy size chart - measurements guide,,,,,,,,,,,,,,,,,,,,,,,,,,,,,,,,,,,,,,,,,,,,https://cdn.shopify.com/s/files/1/0618/2368/0740/files/WhatsApp_Image_2025-01-06_at_7.54.12_PM.jpg?v=1736246119,kg,,,,,,
batman-printed-kids-hoodie-set-copy-1,,,,,,,,,3 - 4 Years,,,red,,,,,'10716733,500.0,shopify,200,continue,manual,1399.00,0.00,true,false,,,,,'10716733,,,,,,,,,,,,,,,,,,,,,,,,,,,,,,,,,,,,,,,,,,,,,,,https://cdn.shopify.com/s/files/1/0618/2368/0740/files/WhatsApp_Image_2025-01-06_at_7.54.10_PM.jpg?v=1736246119,kg,,,,,,
batman-printed-kids-hoodie-set-copy-1,,,,,,,,,3 - 4 Years,,,pink,,,,,'10716734,500.0,shopify,200,continue,manual,1399.00,0.00,true,false,,,,,'10716734,,,,,,,,,,,,,,,,,,,,,,,,,,,,,,,,,,,,,,,,,,,,,,,https://cdn.shopify.com/s/files/1/0618/2368/0740/files/WhatsApp_Image_2025-01-06_at_7.54.10_PM_1.jpg?v=1736246119,kg,,,,,,
batman-printed-kids-hoodie-set-copy-1,,,,,,,,,3 - 4 Years,,,silver,,,,,'10716735,500.0,shopify,200,continue,manual,1399.00,0.00,true,false,,,,,'10716735,,,,,,,,,,,,,,,,,,,,,,,,,,,,,,,,,,,,,,,,,,,,,,,https://cdn.shopify.com/s/files/1/0618/2368/0740/files/WhatsApp_Image_2025-01-06_at_7.54.11_PM.jpg?v=1736246119,kg,,,,,,
batman-printed-kids-hoodie-set-copy-1,,,,,,,,,3 - 4 Years,,,yellow-1,,,,,'10716736,500.0,shopify,200,continue,manual,1399.00,0.00,true,false,,,,,'10716736,,,,,,,,,,,,,,,,,,,,,,,,,,,,,,,,,,,,,,,,,,,,,,,https://cdn.shopify.com/s/files/1/0618/2368/0740/files/WhatsApp_Image_2025-01-06_at_7.54.09_PM.jpg?v=1736246119,kg,,,,,,
batman-printed-kids-hoodie-set-copy-1,,,,,,,,,3 - 4 Years,,,navy-1,,,,,'10716737,500.0,shopify,200,continue,manual,1399.00,0.00,true,false,,,,,'10716737,,,,,,,,,,,,,,,,,,,,,,,,,,,,,,,,,,,,,,,,,,,,,,,https://cdn.shopify.com/s/files/1/0618/2368/0740/files/WhatsApp_Image_2025-01-06_at_7.54.11_PM_2.jpg?v=1736246119,kg,,,,,,
batman-printed-kids-hoodie-set-copy-1,,,,,,,,,3 - 4 Years,,,dark-grey,,,,,'10716738,500.0,shopify,200,continue,manual,1399.00,0.00,true,false,,,,,'10716738,,,,,,,,,,,,,,,,,,,,,,,,,,,,,,,,,,,,,,,,,,,,,,,https://cdn.shopify.com/s/files/1/0618/2368/0740/files/WhatsApp_Image_2025-01-06_at_7.54.11_PM_1.jpg?v=1736246119,kg,,,,,,
batman-printed-kids-hoodie-set-copy-1,,,,,,,,,5 - 6 Years,,,blue,,,,,'10716739,500.0,shopify,200,continue,manual,1399.00,0.00,true,false,,,,,'10716739,,,,,,,,,,,,,,,,,,,,,,,,,,,,,,,,,,,,,,,,,,,,,,,https://cdn.shopify.com/s/files/1/0618/2368/0740/files/WhatsApp_Image_2025-01-06_at_7.54.12_PM.jpg?v=1736246119,kg,,,,,,
batman-printed-kids-hoodie-set-copy-1,,,,,,,,,5 - 6 Years,,,red,,,,,'10716740,500.0,shopify,200,continue,manual,1399.00,0.00,true,false,,,,,'10716740,,,,,,,,,,,,,,,,,,,,,,,,,,,,,,,,,,,,,,,,,,,,,,,https://cdn.shopify.com/s/files/1/0618/2368/0740/files/WhatsApp_Image_2025-01-06_at_7.54.10_PM.jpg?v=1736246119,kg,,,,,,
batman-printed-kids-hoodie-set-copy-1,,,,,,,,,5 - 6 Years,,,pink,,,,,'10716741,500.0,shopify,200,continue,manual,1399.00,0.00,true,false,,,,,'10716741,,,,,,,,,,,,,,,,,,,,,,,,,,,,,,,,,,,,,,,,,,,,,,,https://cdn.shopify.com/s/files/1/0618/2368/0740/files/WhatsApp_Image_2025-01-06_at_7.54.10_PM_1.jpg?v=1736246119,kg,,,,,,
batman-printed-kids-hoodie-set-copy-1,,,,,,,,,5 - 6 Years,,,silver,,,,,'10716742,500.0,shopify,200,continue,manual,1399.00,0.00,true,false,,,,,'10716742,,,,,,,,,,,,,,,,,,,,,,,,,,,,,,,,,,,,,,,,,,,,,,,https://cdn.shopify.com/s/files/1/0618/2368/0740/files/WhatsApp_Image_2025-01-06_at_7.54.11_PM.jpg?v=1736246119,kg,,,,,,
batman-printed-kids-hoodie-set-copy-1,,,,,,,,,5 - 6 Years,,,yellow-1,,,,,'10716743,500.0,shopify,200,continue,manual,1399.00,0.00,true,false,,,,,'10716743,,,,,,,,,,,,,,,,,,,,,,,,,,,,,,,,,,,,,,,,,,,,,,,https://cdn.shopify.com/s/files/1/0618/2368/0740/files/WhatsApp_Image_2025-01-06_at_7.54.09_PM.jpg?v=1736246119,kg,,,,,,
batman-printed-kids-hoodie-set-copy-1,,,,,,,,,5 - 6 Years,,,navy-1,,,,,'10716744,500.0,shopify,200,continue,manual,1399.00,0.00,true,false,,,,,'10716744,,,,,,,,,,,,,,,,,,,,,,,,,,,,,,,,,,,,,,,,,,,,,,,https://cdn.shopify.com/s/files/1/0618/2368/0740/files/WhatsApp_Image_2025-01-06_at_7.54.11_PM_2.jpg?v=1736246119,kg,,,,,,
batman-printed-kids-hoodie-set-copy-1,,,,,,,,,5 - 6 Years,,,dark-grey,,,,,'10716745,500.0,shopify,200,continue,manual,1399.00,0.00,true,false,,,,,'10716745,,,,,,,,,,,,,,,,,,,,,,,,,,,,,,,,,,,,,,,,,,,,,,,https://cdn.shopify.com/s/files/1/0618/2368/0740/files/WhatsApp_Image_2025-01-06_at_7.54.11_PM_1.jpg?v=1736246119,kg,,,,,,
batman-printed-kids-hoodie-set-copy-1,,,,,,,,,7 - 8 Years,,,blue,,,,,'10716746,500.0,shopify,200,continue,manual,1399.00,0.00,true,false,,,,,'10716746,,,,,,,,,,,,,,,,,,,,,,,,,,,,,,,,,,,,,,,,,,,,,,,https://cdn.shopify.com/s/files/1/0618/2368/0740/files/WhatsApp_Image_2025-01-06_at_7.54.12_PM.jpg?v=1736246119,kg,,,,,,
batman-printed-kids-hoodie-set-copy-1,,,,,,,,,7 - 8 Years,,,red,,,,,'10716747,500.0,shopify,200,continue,manual,1399.00,0.00,true,false,,,,,'10716747,,,,,,,,,,,,,,,,,,,,,,,,,,,,,,,,,,,,,,,,,,,,,,,https://cdn.shopify.com/s/files/1/0618/2368/0740/files/WhatsApp_Image_2025-01-06_at_7.54.10_PM.jpg?v=1736246119,kg,,,,,,
batman-printed-kids-hoodie-set-copy-1,,,,,,,,,7 - 8 Years,,,pink,,,,,'10716748,500.0,shopify,200,continue,manual,1399.00,0.00,true,false,,,,,'10716748,,,,,,,,,,,,,,,,,,,,,,,,,,,,,,,,,,,,,,,,,,,,,,,https://cdn.shopify.com/s/files/1/0618/2368/0740/files/WhatsApp_Image_2025-01-06_at_7.54.10_PM_1.jpg?v=1736246119,kg,,,,,,
batman-printed-kids-hoodie-set-copy-1,,,,,,,,,7 - 8 Years,,,silver,,,,,'10716749,500.0,shopify,200,continue,manual,1399.00,0.00,true,false,,,,,'10716749,,,,,,,,,,,,,,,,,,,,,,,,,,,,,,,,,,,,,,,,,,,,,,,https://cdn.shopify.com/s/files/1/0618/2368/0740/files/WhatsApp_Image_2025-01-06_at_7.54.11_PM.jpg?v=1736246119,kg,,,,,,
batman-printed-kids-hoodie-set-copy-1,,,,,,,,,7 - 8 Years,,,yellow-1,,,,,'10716750,500.0,shopify,200,continue,manual,1399.00,0.00,true,false,,,,,'10716750,,,,,,,,,,,,,,,,,,,,,,,,,,,,,,,,,,,,,,,,,,,,,,,https://cdn.shopify.com/s/files/1/0618/2368/0740/files/WhatsApp_Image_2025-01-06_at_7.54.09_PM.jpg?v=1736246119,kg,,,,,,
batman-printed-kids-hoodie-set-copy-1,,,,,,,,,7 - 8 Years,,,navy-1,,,,,'10716751,500.0,shopify,200,continue,manual,1399.00,0.00,true,false,,,,,'10716751,,,,,,,,,,,,,,,,,,,,,,,,,,,,,,,,,,,,,,,,,,,,,,,https://cdn.shopify.com/s/files/1/0618/2368/0740/files/WhatsApp_Image_2025-01-06_at_7.54.11_PM_2.jpg?v=1736246119,kg,,,,,,
batman-printed-kids-hoodie-set-copy-1,,,,,,,,,7 - 8 Years,,,dark-grey,,,,,'10716752,500.0,shopify,200,continue,manual,1399.00,0.00,true,false,,,,,'10716752,,,,,,,,,,,,,,,,,,,,,,,,,,,,,,,,,,,,,,,,,,,,,,,https://cdn.shopify.com/s/files/1/0618/2368/0740/files/WhatsApp_Image_2025-01-06_at_7.54.11_PM_1.jpg?v=1736246119,kg,,,,,,
batman-printed-kids-hoodie-set-copy-1,,,,,,,,,9 - 10 Years,,,blue,,,,,'10716753,500.0,shopify,200,continue,manual,1399.00,0.00,true,false,,,,,'10716753,,,,,,,,,,,,,,,,,,,,,,,,,,,,,,,,,,,,,,,,,,,,,,,https://cdn.shopify.com/s/files/1/0618/2368/0740/files/WhatsApp_Image_2025-01-06_at_7.54.12_PM.jpg?v=1736246119,kg,,,,,,
batman-printed-kids-hoodie-set-copy-1,,,,,,,,,9 - 10 Years,,,red,,,,,'10716754,500.0,shopify,200,continue,manual,1399.00,0.00,true,false,,,,,'10716754,,,,,,,,,,,,,,,,,,,,,,,,,,,,,,,,,,,,,,,,,,,,,,,https://cdn.shopify.com/s/files/1/0618/2368/0740/files/WhatsApp_Image_2025-01-06_at_7.54.10_PM.jpg?v=1736246119,kg,,,,,,
batman-printed-kids-hoodie-set-copy-1,,,,,,,,,9 - 10 Years,,,pink,,,,,'10716755,500.0,shopify,200,continue,manual,1399.00,0.00,true,false,,,,,'10716755,,,,,,,,,,,,,,,,,,,,,,,,,,,,,,,,,,,,,,,,,,,,,,,https://cdn.shopify.com/s/files/1/0618/2368/0740/files/WhatsApp_Image_2025-01-06_at_7.54.10_PM_1.jpg?v=1736246119,kg,,,,,,
batman-printed-kids-hoodie-set-copy-1,,,,,,,,,9 - 10 Years,,,silver,,,,,'10716756,500.0,shopify,200,continue,manual,1399.00,0.00,true,false,,,,,'10716756,,,,,,,,,,,,,,,,,,,,,,,,,,,,,,,,,,,,,,,,,,,,,,,https://cdn.shopify.com/s/files/1/0618/2368/0740/files/WhatsApp_Image_2025-01-06_at_7.54.11_PM.jpg?v=1736246119,kg,,,,,,
batman-printed-kids-hoodie-set-copy-1,,,,,,,,,9 - 10 Years,,,yellow-1,,,,,'10716757,500.0,shopify,200,continue,manual,1399.00,0.00,true,false,,,,,'10716757,,,,,,,,,,,,,,,,,,,,,,,,,,,,,,,,,,,,,,,,,,,,,,,https://cdn.shopify.com/s/files/1/0618/2368/0740/files/WhatsApp_Image_2025-01-06_at_7.54.09_PM.jpg?v=1736246119,kg,,,,,,
batman-printed-kids-hoodie-set-copy-1,,,,,,,,,9 - 10 Years,,,navy-1,,,,,'10716758,500.0,shopify,200,continue,manual,1399.00,0.00,true,false,,,,,'10716758,,,,,,,,,,,,,,,,,,,,,,,,,,,,,,,,,,,,,,,,,,,,,,,https://cdn.shopify.com/s/files/1/0618/2368/0740/files/WhatsApp_Image_2025-01-06_at_7.54.11_PM_2.jpg?v=1736246119,kg,,,,,,
batman-printed-kids-hoodie-set-copy-1,,,,,,,,,9 - 10 Years,,,dark-grey,,,,,'10716759,500.0,shopify,200,continue,manual,1399.00,0.00,true,false,,,,,'10716759,,,,,,,,,,,,,,,,,,,,,,,,,,,,,,,,,,,,,,,,,,,,,,,https://cdn.shopify.com/s/files/1/0618/2368/0740/files/WhatsApp_Image_2025-01-06_at_7.54.11_PM_1.jpg?v=1736246119,kg,,,,,,
batman-printed-kids-hoodie-set-copy-1,,,,,,,,,11 - 12 Years,,,blue,,,,,'10716760,500.0,shopify,200,continue,manual,1399.00,0.00,true,false,,,,,'10716760,,,,,,,,,,,,,,,,,,,,,,,,,,,,,,,,,,,,,,,,,,,,,,,https://cdn.shopify.com/s/files/1/0618/2368/0740/files/WhatsApp_Image_2025-01-06_at_7.54.12_PM.jpg?v=1736246119,kg,,,,,,
batman-printed-kids-hoodie-set-copy-1,,,,,,,,,11 - 12 Years,,,red,,,,,'10716761,500.0,shopify,200,continue,manual,1399.00,0.00,true,false,,,,,'10716761,,,,,,,,,,,,,,,,,,,,,,,,,,,,,,,,,,,,,,,,,,,,,,,https://cdn.shopify.com/s/files/1/0618/2368/0740/files/WhatsApp_Image_2025-01-06_at_7.54.10_PM.jpg?v=1736246119,kg,,,,,,
batman-printed-kids-hoodie-set-copy-1,,,,,,,,,11 - 12 Years,,,pink,,,,,'10716762,500.0,shopify,200,continue,manual,1399.00,0.00,true,false,,,,,'10716762,,,,,,,,,,,,,,,,,,,,,,,,,,,,,,,,,,,,,,,,,,,,,,,https://cdn.shopify.com/s/files/1/0618/2368/0740/files/WhatsApp_Image_2025-01-06_at_7.54.10_PM_1.jpg?v=1736246119,kg,,,,,,
batman-printed-kids-hoodie-set-copy-1,,,,,,,,,11 - 12 Years,,,silver,,,,,'10716763,500.0,shopify,200,continue,manual,1399.00,0.00,true,false,,,,,'10716763,,,,,,,,,,,,,,,,,,,,,,,,,,,,,,,,,,,,,,,,,,,,,,,https://cdn.shopify.com/s/files/1/0618/2368/0740/files/WhatsApp_Image_2025-01-06_at_7.54.11_PM.jpg?v=1736246119,kg,,,,,,
batman-printed-kids-hoodie-set-copy-1,,,,,,,,,11 - 12 Years,,,yellow-1,,,,,'10716764,500.0,shopify,200,continue,manual,1399.00,0.00,true,false,,,,,'10716764,,,,,,,,,,,,,,,,,,,,,,,,,,,,,,,,,,,,,,,,,,,,,,,https://cdn.shopify.com/s/files/1/0618/2368/0740/files/WhatsApp_Image_2025-01-06_at_7.54.09_PM.jpg?v=1736246119,kg,,,,,,
batman-printed-kids-hoodie-set-copy-1,,,,,,,,,11 - 12 Years,,,navy-1,,,,,'10716765,500.0,shopify,200,continue,manual,1399.00,0.00,true,false,,,,,'10716765,,,,,,,,,,,,,,,,,,,,,,,,,,,,,,,,,,,,,,,,,,,,,,,https://cdn.shopify.com/s/files/1/0618/2368/0740/files/WhatsApp_Image_2025-01-06_at_7.54.11_PM_2.jpg?v=1736246119,kg,,,,,,
batman-printed-kids-hoodie-set-copy-1,,,,,,,,,11 - 12 Years,,,dark-grey,,,,,'10706993,500.0,shopify,200,continue,manual,1399.00,0.00,true,false,,,,,'10706993,,,,,,,,,,,,,,,,,,,,,,,,,,,,,,,,,,,,,,,,,,,,,,,https://cdn.shopify.com/s/files/1/0618/2368/0740/files/WhatsApp_Image_2025-01-06_at_7.54.11_PM_1.jpg?v=1736246119,kg,,,,,,
batman-printed-kids-hoodie-set,Kids Winter Hoodie Set | Batman Printed,"<h4 data-start=""269"" data-end=""471""><strong><span data-sheets-root=""1"">Kids Winter Hoodie Set | Batman Printed<br><br></span></strong></h4>
<p data-start=""216"" data-end=""465"">Inspired by the legendary <span class=""hover:entity-accent entity-underline inline cursor-pointer align-baseline""><span class=""whitespace-normal"">Batman</span></span>, this outfit brings fun, confidence, and comfort together in one powerful look.</p>
<p data-start=""467"" data-end=""722"">Made from soft, premium fleece fabric, the hoodie keeps your child warm during chilly days, while the matching jogger pants provide a relaxed and flexible fit for active play. The bold Batman print adds a cool, adventurous touch that kids absolutely love.</p>
<p data-start=""724"" data-end=""851"">Perfect for school, outings, or everyday wear—this set is designed for kids who want to feel like superheroes wherever they go.</p>
<p data-start=""853"" data-end=""868"">✨ <strong data-start=""855"" data-end=""868"">Features:</strong></p>
<ul data-start=""869"" data-end=""1112"">
<li data-section-id=""gintap"" data-start=""869"" data-end=""920"">High-quality fleece fabric for warmth &amp; comfort</li>
<li data-section-id=""1wuzus7"" data-start=""921"" data-end=""973"">Iconic Batman print 🦇 for a cool superhero look</li>
<li data-section-id=""gklsta"" data-start=""974"" data-end=""1012"">Cozy hoodie with soft inner lining</li>
<li data-section-id=""1qd8zxj"" data-start=""1013"" data-end=""1061"">Matching jogger pants with elastic waistband</li>
<li data-section-id=""bgb9ri"" data-start=""1062"" data-end=""1112"">Ideal for casual wear, school &amp; winter outings</li>
</ul>
<p data-start=""1114"" data-end=""1191"">Let your child stay <strong data-start=""1134"" data-end=""1174"">warm, confident, and superhero-ready</strong> all winter long!</p>
<h4 data-start=""269"" data-end=""471""><strong><span data-sheets-root=""1""><br></span></strong></h4>",BBG FASHION,Apparel & Accessories > Clothing > Baby & Toddler Clothing,Kids Hoodie Set,Kids Winter Collection,true,Size,1 - 2 Years,,Color,pink,product.metafields.shopify.color-pattern,,,,'10716686,500.0,shopify,200,continue,manual,1399.00,0.00,true,false,,,,,'10716686,https://cdn.shopify.com/s/files/1/0618/2368/0740/files/WhatsApp_Image_2025-01-06_at_7.53.48_PM.jpg?v=1776756040,1,Batman Printed Kids Hoodie Set - close-up detail - kids wear Pakistan,false,,"Shop Kids Winter Hoodie Set Batman Printed in soft fleece. Warm, stylish & comfortable superhero outfit for kids. Perfect winter wear in Pakistan. Order now!",182,,,,,,,,,,,,,,,,,,,,pink; blue; red; silver; yellow-1; navy-1; dark-grey,,,fleece,,,,,,,,,,,,,,,,,https://cdn.shopify.com/s/files/1/0618/2368/0740/files/WhatsApp_Image_2025-01-06_at_7.53.48_PM.jpg?v=1776756040,kg,,,true,,,active
batman-printed-kids-hoodie-set,,,,,,,,,1 - 2 Years,,,blue,,,,,'10716684,500.0,shopify,200,continue,manual,1399.00,0.00,true,false,,,,,'10716684,https://cdn.shopify.com/s/files/1/0618/2368/0740/files/WhatsApp_Image_2025-01-06_at_7.53.47_PM_1.jpg?v=1776756040,2,Batman Printed Kids Hoodie Set - front view - kids wear Pakistan,,,,,,,,,,,,,,,,,,,,,,,,,,,,,,,,,,,,,,,,,,,,https://cdn.shopify.com/s/files/1/0618/2368/0740/files/WhatsApp_Image_2025-01-06_at_7.53.49_PM.jpg?v=1776756040,kg,,,,,,
batman-printed-kids-hoodie-set,,,,,,,,,1 - 2 Years,,,red,,,,,'10716685,500.0,shopify,200,continue,manual,1399.00,0.00,true,false,,,,,'10716685,https://cdn.shopify.com/s/files/1/0618/2368/0740/files/WhatsApp_Image_2025-01-06_at_7.53.47_PM.jpg?v=1776756040,3,Batman Printed Kids Hoodie Set - back view - kids wear Pakistan,,,,,,,,,,,,,,,,,,,,,,,,,,,,,,,,,,,,,,,,,,,,https://cdn.shopify.com/s/files/1/0618/2368/0740/files/WhatsApp_Image_2025-01-06_at_7.53.47_PM_1.jpg?v=1776756040,kg,,,,,,
batman-printed-kids-hoodie-set,,,,,,,,,1 - 2 Years,,,silver,,,,,'10716687,500.0,shopify,200,continue,manual,1399.00,0.00,true,false,,,,,'10716687,https://cdn.shopify.com/s/files/1/0618/2368/0740/files/WhatsApp_Image_2025-01-06_at_7.53.48_PM_1.jpg?v=1776756040,4,Batman Printed Kids Hoodie Set - side view - kids wear Pakistan,,,,,,,,,,,,,,,,,,,,,,,,,,,,,,,,,,,,,,,,,,,,https://cdn.shopify.com/s/files/1/0618/2368/0740/files/WhatsApp_Image_2025-01-06_at_7.53.48_PM_1.jpg?v=1776756040,kg,,,,,,
batman-printed-kids-hoodie-set,,,,,,,,,1 - 2 Years,,,yellow-1,,,,,'10716688,500.0,shopify,200,continue,manual,1399.00,0.00,true,false,,,,,'10716688,https://cdn.shopify.com/s/files/1/0618/2368/0740/files/WhatsApp_Image_2025-01-06_at_7.53.48_PM_2.jpg?v=1776756040,5,Batman Printed Kids Hoodie Set - detail shot - kids wear Pakistan,,,,,,,,,,,,,,,,,,,,,,,,,,,,,,,,,,,,,,,,,,,,https://cdn.shopify.com/s/files/1/0618/2368/0740/files/WhatsApp_Image_2025-01-06_at_7.53.47_PM.jpg?v=1776756040,kg,,,,,,
batman-printed-kids-hoodie-set,,,,,,,,,1 - 2 Years,,,navy-1,,,,,'10716689,500.0,shopify,200,continue,manual,1399.00,0.00,true,false,,,,,'10716689,https://cdn.shopify.com/s/files/1/0618/2368/0740/files/WhatsApp_Image_2025-01-06_at_7.53.49_PM_1.jpg?v=1776756040,6,Batman Printed Kids Hoodie Set - flat lay - kids wear Pakistan,,,,,,,,,,,,,,,,,,,,,,,,,,,,,,,,,,,,,,,,,,,,https://cdn.shopify.com/s/files/1/0618/2368/0740/files/WhatsApp_Image_2025-01-06_at_7.53.49_PM_1.jpg?v=1776756040,kg,,,,,,
batman-printed-kids-hoodie-set,,,,,,,,,1 - 2 Years,,,dark-grey,,,,,'10716690,500.0,shopify,200,continue,manual,1399.00,0.00,true,false,,,,,'10716690,https://cdn.shopify.com/s/files/1/0618/2368/0740/files/WhatsApp_Image_2025-01-06_at_7.53.49_PM.jpg?v=1776756040,7,Batman Printed Kids Hoodie Set size chart - measurements guide,,,,,,,,,,,,,,,,,,,,,,,,,,,,,,,,,,,,,,,,,,,,https://cdn.shopify.com/s/files/1/0618/2368/0740/files/WhatsApp_Image_2025-01-06_at_7.53.48_PM_2.jpg?v=1776756040,kg,,,,,,
batman-printed-kids-hoodie-set,,,,,,,,,3 - 4 Years,,,pink,,,,,'10716693,500.0,shopify,200,continue,manual,1399.00,0.00,true,false,,,,,'10716693,https://cdn.shopify.com/s/files/1/0618/2368/0740/files/kidssizechart_e28feb53-900a-4966-81fe-20382accf994.jpg?v=1776761612,8,We Can Be Heroes Printed Kids Hoodie Set Copy size chart - measurements guide,,,,,,,,,,,,,,,,,,,,,,,,,,,,,,,,,,,,,,,,,,,,https://cdn.shopify.com/s/files/1/0618/2368/0740/files/WhatsApp_Image_2025-01-06_at_7.53.48_PM.jpg?v=1776756040,kg,,,,,,
batman-printed-kids-hoodie-set,,,,,,,,,3 - 4 Years,,,blue,,,,,'10716691,500.0,shopify,200,continue,manual,1399.00,0.00,true,false,,,,,'10716691,,,,,,,,,,,,,,,,,,,,,,,,,,,,,,,,,,,,,,,,,,,,,,,https://cdn.shopify.com/s/files/1/0618/2368/0740/files/WhatsApp_Image_2025-01-06_at_7.53.49_PM.jpg?v=1776756040,kg,,,,,,
batman-printed-kids-hoodie-set,,,,,,,,,3 - 4 Years,,,red,,,,,'10716692,500.0,shopify,200,continue,manual,1399.00,0.00,true,false,,,,,'10716692,,,,,,,,,,,,,,,,,,,,,,,,,,,,,,,,,,,,,,,,,,,,,,,https://cdn.shopify.com/s/files/1/0618/2368/0740/files/WhatsApp_Image_2025-01-06_at_7.53.47_PM_1.jpg?v=1776756040,kg,,,,,,
batman-printed-kids-hoodie-set,,,,,,,,,3 - 4 Years,,,silver,,,,,'10716694,500.0,shopify,200,continue,manual,1399.00,0.00,true,false,,,,,'10716694,,,,,,,,,,,,,,,,,,,,,,,,,,,,,,,,,,,,,,,,,,,,,,,https://cdn.shopify.com/s/files/1/0618/2368/0740/files/WhatsApp_Image_2025-01-06_at_7.53.48_PM_1.jpg?v=1776756040,kg,,,,,,
batman-printed-kids-hoodie-set,,,,,,,,,3 - 4 Years,,,yellow-1,,,,,'10716695,500.0,shopify,200,continue,manual,1399.00,0.00,true,false,,,,,'10716695,,,,,,,,,,,,,,,,,,,,,,,,,,,,,,,,,,,,,,,,,,,,,,,https://cdn.shopify.com/s/files/1/0618/2368/0740/files/WhatsApp_Image_2025-01-06_at_7.53.47_PM.jpg?v=1776756040,kg,,,,,,
batman-printed-kids-hoodie-set,,,,,,,,,3 - 4 Years,,,navy-1,,,,,'10716696,500.0,shopify,200,continue,manual,1399.00,0.00,true,false,,,,,'10716696,,,,,,,,,,,,,,,,,,,,,,,,,,,,,,,,,,,,,,,,,,,,,,,https://cdn.shopify.com/s/files/1/0618/2368/0740/files/WhatsApp_Image_2025-01-06_at_7.53.49_PM_1.jpg?v=1776756040,kg,,,,,,
batman-printed-kids-hoodie-set,,,,,,,,,3 - 4 Years,,,dark-grey,,,,,'10716697,500.0,shopify,200,continue,manual,1399.00,0.00,true,false,,,,,'10716697,,,,,,,,,,,,,,,,,,,,,,,,,,,,,,,,,,,,,,,,,,,,,,,https://cdn.shopify.com/s/files/1/0618/2368/0740/files/WhatsApp_Image_2025-01-06_at_7.53.48_PM_2.jpg?v=1776756040,kg,,,,,,
batman-printed-kids-hoodie-set,,,,,,,,,5 - 6 Years,,,pink,,,,,'10716700,500.0,shopify,200,continue,manual,1399.00,0.00,true,false,,,,,'10716700,,,,,,,,,,,,,,,,,,,,,,,,,,,,,,,,,,,,,,,,,,,,,,,https://cdn.shopify.com/s/files/1/0618/2368/0740/files/WhatsApp_Image_2025-01-06_at_7.53.48_PM.jpg?v=1776756040,kg,,,,,,
batman-printed-kids-hoodie-set,,,,,,,,,5 - 6 Years,,,blue,,,,,'10716698,500.0,shopify,200,continue,manual,1399.00,0.00,true,false,,,,,'10716698,,,,,,,,,,,,,,,,,,,,,,,,,,,,,,,,,,,,,,,,,,,,,,,https://cdn.shopify.com/s/files/1/0618/2368/0740/files/WhatsApp_Image_2025-01-06_at_7.53.49_PM.jpg?v=1776756040,kg,,,,,,
batman-printed-kids-hoodie-set,,,,,,,,,5 - 6 Years,,,red,,,,,'10716699,500.0,shopify,200,continue,manual,1399.00,0.00,true,false,,,,,'10716699,,,,,,,,,,,,,,,,,,,,,,,,,,,,,,,,,,,,,,,,,,,,,,,https://cdn.shopify.com/s/files/1/0618/2368/0740/files/WhatsApp_Image_2025-01-06_at_7.53.47_PM_1.jpg?v=1776756040,kg,,,,,,
batman-printed-kids-hoodie-set,,,,,,,,,5 - 6 Years,,,silver,,,,,'10716701,500.0,shopify,200,continue,manual,1399.00,0.00,true,false,,,,,'10716701,,,,,,,,,,,,,,,,,,,,,,,,,,,,,,,,,,,,,,,,,,,,,,,https://cdn.shopify.com/s/files/1/0618/2368/0740/files/WhatsApp_Image_2025-01-06_at_7.53.48_PM_1.jpg?v=1776756040,kg,,,,,,
batman-printed-kids-hoodie-set,,,,,,,,,5 - 6 Years,,,yellow-1,,,,,'10716702,500.0,shopify,200,continue,manual,1399.00,0.00,true,false,,,,,'10716702,,,,,,,,,,,,,,,,,,,,,,,,,,,,,,,,,,,,,,,,,,,,,,,https://cdn.shopify.com/s/files/1/0618/2368/0740/files/WhatsApp_Image_2025-01-06_at_7.53.47_PM.jpg?v=1776756040,kg,,,,,,
batman-printed-kids-hoodie-set,,,,,,,,,5 - 6 Years,,,navy-1,,,,,'10716703,500.0,shopify,200,continue,manual,1399.00,0.00,true,false,,,,,'10716703,,,,,,,,,,,,,,,,,,,,,,,,,,,,,,,,,,,,,,,,,,,,,,,https://cdn.shopify.com/s/files/1/0618/2368/0740/files/WhatsApp_Image_2025-01-06_at_7.53.49_PM_1.jpg?v=1776756040,kg,,,,,,
batman-printed-kids-hoodie-set,,,,,,,,,5 - 6 Years,,,dark-grey,,,,,'10716704,500.0,shopify,200,continue,manual,1399.00,0.00,true,false,,,,,'10716704,,,,,,,,,,,,,,,,,,,,,,,,,,,,,,,,,,,,,,,,,,,,,,,https://cdn.shopify.com/s/files/1/0618/2368/0740/files/WhatsApp_Image_2025-01-06_at_7.53.48_PM_2.jpg?v=1776756040,kg,,,,,,
batman-printed-kids-hoodie-set,,,,,,,,,7 - 8 Years,,,pink,,,,,'10716707,500.0,shopify,200,continue,manual,1399.00,0.00,true,false,,,,,'10716707,,,,,,,,,,,,,,,,,,,,,,,,,,,,,,,,,,,,,,,,,,,,,,,https://cdn.shopify.com/s/files/1/0618/2368/0740/files/WhatsApp_Image_2025-01-06_at_7.53.48_PM.jpg?v=1776756040,kg,,,,,,
batman-printed-kids-hoodie-set,,,,,,,,,7 - 8 Years,,,blue,,,,,'10716705,500.0,shopify,200,continue,manual,1399.00,0.00,true,false,,,,,'10716705,,,,,,,,,,,,,,,,,,,,,,,,,,,,,,,,,,,,,,,,,,,,,,,https://cdn.shopify.com/s/files/1/0618/2368/0740/files/WhatsApp_Image_2025-01-06_at_7.53.49_PM.jpg?v=1776756040,kg,,,,,,
batman-printed-kids-hoodie-set,,,,,,,,,7 - 8 Years,,,red,,,,,'10716706,500.0,shopify,200,continue,manual,1399.00,0.00,true,false,,,,,'10716706,,,,,,,,,,,,,,,,,,,,,,,,,,,,,,,,,,,,,,,,,,,,,,,https://cdn.shopify.com/s/files/1/0618/2368/0740/files/WhatsApp_Image_2025-01-06_at_7.53.47_PM_1.jpg?v=1776756040,kg,,,,,,
batman-printed-kids-hoodie-set,,,,,,,,,7 - 8 Years,,,silver,,,,,'10716708,500.0,shopify,200,continue,manual,1399.00,0.00,true,false,,,,,'10716708,,,,,,,,,,,,,,,,,,,,,,,,,,,,,,,,,,,,,,,,,,,,,,,https://cdn.shopify.com/s/files/1/0618/2368/0740/files/WhatsApp_Image_2025-01-06_at_7.53.48_PM_1.jpg?v=1776756040,kg,,,,,,
batman-printed-kids-hoodie-set,,,,,,,,,7 - 8 Years,,,yellow-1,,,,,'10716709,500.0,shopify,200,continue,manual,1399.00,0.00,true,false,,,,,'10716709,,,,,,,,,,,,,,,,,,,,,,,,,,,,,,,,,,,,,,,,,,,,,,,https://cdn.shopify.com/s/files/1/0618/2368/0740/files/WhatsApp_Image_2025-01-06_at_7.53.47_PM.jpg?v=1776756040,kg,,,,,,
batman-printed-kids-hoodie-set,,,,,,,,,7 - 8 Years,,,navy-1,,,,,'10716710,500.0,shopify,200,continue,manual,1399.00,0.00,true,false,,,,,'10716710,,,,,,,,,,,,,,,,,,,,,,,,,,,,,,,,,,,,,,,,,,,,,,,https://cdn.shopify.com/s/files/1/0618/2368/0740/files/WhatsApp_Image_2025-01-06_at_7.53.49_PM_1.jpg?v=1776756040,kg,,,,,,
batman-printed-kids-hoodie-set,,,,,,,,,7 - 8 Years,,,dark-grey,,,,,'10716711,500.0,shopify,200,continue,manual,1399.00,0.00,true,false,,,,,'10716711,,,,,,,,,,,,,,,,,,,,,,,,,,,,,,,,,,,,,,,,,,,,,,,https://cdn.shopify.com/s/files/1/0618/2368/0740/files/WhatsApp_Image_2025-01-06_at_7.53.48_PM_2.jpg?v=1776756040,kg,,,,,,
batman-printed-kids-hoodie-set,,,,,,,,,9 - 10 Years,,,pink,,,,,'10716714,500.0,shopify,200,continue,manual,1399.00,0.00,true,false,,,,,'10716714,,,,,,,,,,,,,,,,,,,,,,,,,,,,,,,,,,,,,,,,,,,,,,,https://cdn.shopify.com/s/files/1/0618/2368/0740/files/WhatsApp_Image_2025-01-06_at_7.53.48_PM.jpg?v=1776756040,kg,,,,,,
batman-printed-kids-hoodie-set,,,,,,,,,9 - 10 Years,,,blue,,,,,'10716712,500.0,shopify,200,continue,manual,1399.00,0.00,true,false,,,,,'10716712,,,,,,,,,,,,,,,,,,,,,,,,,,,,,,,,,,,,,,,,,,,,,,,https://cdn.shopify.com/s/files/1/0618/2368/0740/files/WhatsApp_Image_2025-01-06_at_7.53.49_PM.jpg?v=1776756040,kg,,,,,,
batman-printed-kids-hoodie-set,,,,,,,,,9 - 10 Years,,,red,,,,,'10716713,500.0,shopify,200,continue,manual,1399.00,0.00,true,false,,,,,'10716713,,,,,,,,,,,,,,,,,,,,,,,,,,,,,,,,,,,,,,,,,,,,,,,https://cdn.shopify.com/s/files/1/0618/2368/0740/files/WhatsApp_Image_2025-01-06_at_7.53.47_PM_1.jpg?v=1776756040,kg,,,,,,
batman-printed-kids-hoodie-set,,,,,,,,,9 - 10 Years,,,silver,,,,,'10716715,500.0,shopify,200,continue,manual,1399.00,0.00,true,false,,,,,'10716715,,,,,,,,,,,,,,,,,,,,,,,,,,,,,,,,,,,,,,,,,,,,,,,https://cdn.shopify.com/s/files/1/0618/2368/0740/files/WhatsApp_Image_2025-01-06_at_7.53.48_PM_1.jpg?v=1776756040,kg,,,,,,
batman-printed-kids-hoodie-set,,,,,,,,,9 - 10 Years,,,yellow-1,,,,,'10716716,500.0,shopify,200,continue,manual,1399.00,0.00,true,false,,,,,'10716716,,,,,,,,,,,,,,,,,,,,,,,,,,,,,,,,,,,,,,,,,,,,,,,https://cdn.shopify.com/s/files/1/0618/2368/0740/files/WhatsApp_Image_2025-01-06_at_7.53.47_PM.jpg?v=1776756040,kg,,,,,,
batman-printed-kids-hoodie-set,,,,,,,,,9 - 10 Years,,,navy-1,,,,,'10716717,500.0,shopify,200,continue,manual,1399.00,0.00,true,false,,,,,'10716717,,,,,,,,,,,,,,,,,,,,,,,,,,,,,,,,,,,,,,,,,,,,,,,https://cdn.shopify.com/s/files/1/0618/2368/0740/files/WhatsApp_Image_2025-01-06_at_7.53.49_PM_1.jpg?v=1776756040,kg,,,,,,
batman-printed-kids-hoodie-set,,,,,,,,,9 - 10 Years,,,dark-grey,,,,,'10716718,500.0,shopify,200,continue,manual,1399.00,0.00,true,false,,,,,'10716718,,,,,,,,,,,,,,,,,,,,,,,,,,,,,,,,,,,,,,,,,,,,,,,https://cdn.shopify.com/s/files/1/0618/2368/0740/files/WhatsApp_Image_2025-01-06_at_7.53.48_PM_2.jpg?v=1776756040,kg,,,,,,
batman-printed-kids-hoodie-set,,,,,,,,,11 - 12 Years,,,pink,,,,,'10716721,500.0,shopify,200,continue,manual,1399.00,0.00,true,false,,,,,'10716721,,,,,,,,,,,,,,,,,,,,,,,,,,,,,,,,,,,,,,,,,,,,,,,https://cdn.shopify.com/s/files/1/0618/2368/0740/files/WhatsApp_Image_2025-01-06_at_7.53.48_PM.jpg?v=1776756040,kg,,,,,,
batman-printed-kids-hoodie-set,,,,,,,,,11 - 12 Years,,,blue,,,,,'10716719,500.0,shopify,200,continue,manual,1399.00,0.00,true,false,,,,,'10716719,,,,,,,,,,,,,,,,,,,,,,,,,,,,,,,,,,,,,,,,,,,,,,,https://cdn.shopify.com/s/files/1/0618/2368/0740/files/WhatsApp_Image_2025-01-06_at_7.53.49_PM.jpg?v=1776756040,kg,,,,,,
batman-printed-kids-hoodie-set,,,,,,,,,11 - 12 Years,,,red,,,,,'10716720,500.0,shopify,200,continue,manual,1399.00,0.00,true,false,,,,,'10716720,,,,,,,,,,,,,,,,,,,,,,,,,,,,,,,,,,,,,,,,,,,,,,,https://cdn.shopify.com/s/files/1/0618/2368/0740/files/WhatsApp_Image_2025-01-06_at_7.53.47_PM_1.jpg?v=1776756040,kg,,,,,,
batman-printed-kids-hoodie-set,,,,,,,,,11 - 12 Years,,,silver,,,,,'10716722,500.0,shopify,200,continue,manual,1399.00,0.00,true,false,,,,,'10716722,,,,,,,,,,,,,,,,,,,,,,,,,,,,,,,,,,,,,,,,,,,,,,,https://cdn.shopify.com/s/files/1/0618/2368/0740/files/WhatsApp_Image_2025-01-06_at_7.53.48_PM_1.jpg?v=1776756040,kg,,,,,,
batman-printed-kids-hoodie-set,,,,,,,,,11 - 12 Years,,,yellow-1,,,,,'10716723,500.0,shopify,200,continue,manual,1399.00,0.00,true,false,,,,,'10716723,,,,,,,,,,,,,,,,,,,,,,,,,,,,,,,,,,,,,,,,,,,,,,,https://cdn.shopify.com/s/files/1/0618/2368/0740/files/WhatsApp_Image_2025-01-06_at_7.53.47_PM.jpg?v=1776756040,kg,,,,,,
batman-printed-kids-hoodie-set,,,,,,,,,11 - 12 Years,,,navy-1,,,,,'10716724,500.0,shopify,200,continue,manual,1399.00,0.00,true,false,,,,,'10716724,,,,,,,,,,,,,,,,,,,,,,,,,,,,,,,,,,,,,,,,,,,,,,,https://cdn.shopify.com/s/files/1/0618/2368/0740/files/WhatsApp_Image_2025-01-06_at_7.53.49_PM_1.jpg?v=1776756040,kg,,,,,,
batman-printed-kids-hoodie-set,,,,,,,,,11 - 12 Years,,,dark-grey,,,,,'10706992,500.0,shopify,200,continue,manual,1399.00,0.00,true,false,,,,,'10706992,,,,,,,,,,,,,,,,,,,,,,,,,,,,,,,,,,,,,,,,,,,,,,,https://cdn.shopify.com/s/files/1/0618/2368/0740/files/WhatsApp_Image_2025-01-06_at_7.53.48_PM_2.jpg?v=1776756040,kg,,,,,,
that-so-fetch-hoodie-flapper-set,That So Fetch Hoodie Flapper Set,"<h4>That So Fetch Hoodie Flapper Set</h4>
<p>Introducing our cozy and chic Hoodie + Flapper Trouser Cord Set, designed for ultimate comfort and effortless style. Crafted from fleece, this set is incredibly soft against the skin, making it perfect for lounging at home or stepping out in style.</p>
<ul>
<li>
<strong>Ultra-Soft Fabric</strong>: Made from fleece for a luxurious feel against the skin.</li>
<li>
<strong>Stylish Hoodie</strong>: Relaxed fit with adjustable drawstrings and a cozy hood for added warmth.</li>
<li>
<strong>Flattering Trouser Design</strong>: Flapper-style trousers with a comfortable waistband and elegant drape.</li>
<li>
<strong>Versatile Wear</strong>: Perfect for lounging, running errands, or casual outings.</li>
<li>
<strong>All-Season Comfort</strong>: Lightweight yet warm, suitable for year-round wear.</li>
<li>
<strong>Easy Care</strong>: Machine washable for hassle-free maintenance.</li>
<li>
<strong>Available in Multiple Colors</strong>: Choose your favorite to express your unique style.</li>
</ul>",BBG FASHION,Apparel & Accessories > Clothing,Hoodie Set For Her,"Hoodie Set For Her, wintercollection, woo",false,Size,Small,,Fabric,fleece,product.metafields.shopify.fabric,Color,berry-blue,product.metafields.shopify.color-pattern,'10716665,700.0,shopify,99,deny,manual,2999.00,1899.00,true,false,,,,,'10716665,https://cdn.shopify.com/s/files/1/0618/2368/0740/files/6_adb3e932-cd78-45f3-918e-36992047ba40.png?v=1735682434,1,That So Fetch Hoodie Flapper Set - front view - unisex wear Pakistan,false,,,,,,,,,,,,,,,,,,,,,,,berry-blue; rose-gold; beige; black,,,fleece,,,,,,,,,,,,,,,,,https://cdn.shopify.com/s/files/1/0618/2368/0740/files/6_adb3e932-cd78-45f3-918e-36992047ba40.png?v=1735682434,g,,0.00,true,,,draft
that-so-fetch-hoodie-flapper-set,,,,,,,,,Small,,,fleece,,,rose-gold,,'10716666,700.0,shopify,100,deny,manual,2999.00,1899.00,true,false,,,,,'10716666,https://cdn.shopify.com/s/files/1/0618/2368/0740/files/9_b3a9fed9-d990-4678-9b12-66a09299baf3.png?v=1735682434,2,That So Fetch Hoodie Flapper Set - back view - unisex wear Pakistan,,,,,,,,,,,,,,,,,,,,,,,,,,,,,,,,,,,,,,,,,,,,https://cdn.shopify.com/s/files/1/0618/2368/0740/files/9_b3a9fed9-d990-4678-9b12-66a09299baf3.png?v=1735682434,g,,0.00,,,,
that-so-fetch-hoodie-flapper-set,,,,,,,,,Small,,,fleece,,,beige,,'10716667,700.0,shopify,100,deny,manual,2999.00,1899.00,true,false,,,,,'10716667,https://cdn.shopify.com/s/files/1/0618/2368/0740/files/7_a07a5d4a-11ab-40a5-8282-4e7a860bb5ee.png?v=1735682434,3,That So Fetch Hoodie Flapper Set - side view - unisex wear Pakistan,,,,,,,,,,,,,,,,,,,,,,,,,,,,,,,,,,,,,,,,,,,,https://cdn.shopify.com/s/files/1/0618/2368/0740/files/7_a07a5d4a-11ab-40a5-8282-4e7a860bb5ee.png?v=1735682434,g,,0.00,,,,
that-so-fetch-hoodie-flapper-set,,,,,,,,,Small,,,fleece,,,black,,'10716668,700.0,shopify,100,deny,manual,2999.00,1899.00,true,false,,,,,'10716668,https://cdn.shopify.com/s/files/1/0618/2368/0740/files/8_3eb21cfb-47f7-467a-bf89-af3f36ec1e1f.png?v=1735681337,4,That So Fetch Hoodie Flapper Set - detail shot - unisex wear Pakistan,,,,,,,,,,,,,,,,,,,,,,,,,,,,,,,,,,,,,,,,,,,,https://cdn.shopify.com/s/files/1/0618/2368/0740/files/8_3eb21cfb-47f7-467a-bf89-af3f36ec1e1f.png?v=1735681337,g,,0.00,,,,
that-so-fetch-hoodie-flapper-set,,,,,,,,,Medium,,,fleece,,,berry-blue,,'10716669,700.0,shopify,100,deny,manual,2999.00,1899.00,true,false,,,,,'10716669,https://cdn.shopify.com/s/files/1/0618/2368/0740/files/WhatsAppImage2024-12-28at6.26.15PM.jpg?v=1735681420,5,That So Fetch Hoodie Flapper Set - front view - unisex wear Pakistan,,,,,,,,,,,,,,,,,,,,,,,,,,,,,,,,,,,,,,,,,,,,https://cdn.shopify.com/s/files/1/0618/2368/0740/files/6_adb3e932-cd78-45f3-918e-36992047ba40.png?v=1735682434,g,,0.00,,,,
that-so-fetch-hoodie-flapper-set,,,,,,,,,Medium,,,fleece,,,rose-gold,,'10716670,700.0,shopify,100,deny,manual,2999.00,1899.00,true,false,,,,,'10716670,,,,,,,,,,,,,,,,,,,,,,,,,,,,,,,,,,,,,,,,,,,,,,,https://cdn.shopify.com/s/files/1/0618/2368/0740/files/9_b3a9fed9-d990-4678-9b12-66a09299baf3.png?v=1735682434,g,,0.00,,,,
that-so-fetch-hoodie-flapper-set,,,,,,,,,Medium,,,fleece,,,beige,,'10716671,700.0,shopify,100,deny,manual,2999.00,1899.00,true,false,,,,,'10716671,,,,,,,,,,,,,,,,,,,,,,,,,,,,,,,,,,,,,,,,,,,,,,,https://cdn.shopify.com/s/files/1/0618/2368/0740/files/7_a07a5d4a-11ab-40a5-8282-4e7a860bb5ee.png?v=1735682434,g,,0.00,,,,
that-so-fetch-hoodie-flapper-set,,,,,,,,,Medium,,,fleece,,,black,,'10716672,700.0,shopify,100,deny,manual,2999.00,1899.00,true,false,,,,,'10716672,,,,,,,,,,,,,,,,,,,,,,,,,,,,,,,,,,,,,,,,,,,,,,,https://cdn.shopify.com/s/files/1/0618/2368/0740/files/8_3eb21cfb-47f7-467a-bf89-af3f36ec1e1f.png?v=1735681337,g,,0.00,,,,
that-so-fetch-hoodie-flapper-set,,,,,,,,,Large,,,fleece,,,berry-blue,,'10716673,700.0,shopify,100,deny,manual,3199.00,1899.00,true,false,,,,,'10716673,,,,,,,,,,,,,,,,,,,,,,,,,,,,,,,,,,,,,,,,,,,,,,,https://cdn.shopify.com/s/files/1/0618/2368/0740/files/6_adb3e932-cd78-45f3-918e-36992047ba40.png?v=1735682434,g,,0.00,,,,
that-so-fetch-hoodie-flapper-set,,,,,,,,,Large,,,fleece,,,rose-gold,,'10716674,700.0,shopify,100,deny,manual,3199.00,1899.00,true,false,,,,,'10716674,,,,,,,,,,,,,,,,,,,,,,,,,,,,,,,,,,,,,,,,,,,,,,,https://cdn.shopify.com/s/files/1/0618/2368/0740/files/9_b3a9fed9-d990-4678-9b12-66a09299baf3.png?v=1735682434,g,,0.00,,,,
that-so-fetch-hoodie-flapper-set,,,,,,,,,Large,,,fleece,,,beige,,'10716675,700.0,shopify,100,deny,manual,3199.00,1899.00,true,false,,,,,'10716675,,,,,,,,,,,,,,,,,,,,,,,,,,,,,,,,,,,,,,,,,,,,,,,https://cdn.shopify.com/s/files/1/0618/2368/0740/files/7_a07a5d4a-11ab-40a5-8282-4e7a860bb5ee.png?v=1735682434,g,,0.00,,,,
that-so-fetch-hoodie-flapper-set,,,,,,,,,Large,,,fleece,,,black,,'10716676,700.0,shopify,100,deny,manual,3199.00,1899.00,true,false,,,,,'10716676,,,,,,,,,,,,,,,,,,,,,,,,,,,,,,,,,,,,,,,,,,,,,,,https://cdn.shopify.com/s/files/1/0618/2368/0740/files/8_3eb21cfb-47f7-467a-bf89-af3f36ec1e1f.png?v=1735681337,g,,0.00,,,,
that-so-fetch-hoodie-flapper-set,,,,,,,,,XL,,,fleece,,,berry-blue,,'10716677,700.0,shopify,100,deny,manual,3199.00,1899.00,true,false,,,,,'10716677,,,,,,,,,,,,,,,,,,,,,,,,,,,,,,,,,,,,,,,,,,,,,,,https://cdn.shopify.com/s/files/1/0618/2368/0740/files/6_adb3e932-cd78-45f3-918e-36992047ba40.png?v=1735682434,g,,0.00,,,,
that-so-fetch-hoodie-flapper-set,,,,,,,,,XL,,,fleece,,,rose-gold,,'10716678,700.0,shopify,100,deny,manual,3199.00,1899.00,true,false,,,,,'10716678,,,,,,,,,,,,,,,,,,,,,,,,,,,,,,,,,,,,,,,,,,,,,,,https://cdn.shopify.com/s/files/1/0618/2368/0740/files/9_b3a9fed9-d990-4678-9b12-66a09299baf3.png?v=1735682434,g,,0.00,,,,
that-so-fetch-hoodie-flapper-set,,,,,,,,,XL,,,fleece,,,beige,,'10716679,700.0,shopify,100,deny,manual,3199.00,1899.00,true,false,,,,,'10716679,,,,,,,,,,,,,,,,,,,,,,,,,,,,,,,,,,,,,,,,,,,,,,,https://cdn.shopify.com/s/files/1/0618/2368/0740/files/7_a07a5d4a-11ab-40a5-8282-4e7a860bb5ee.png?v=1735682434,g,,0.00,,,,
that-so-fetch-hoodie-flapper-set,,,,,,,,,XL,,,fleece,,,black,,'10716680,700.0,shopify,100,deny,manual,3199.00,1899.00,true,false,,,,,'10716680,,,,,,,,,,,,,,,,,,,,,,,,,,,,,,,,,,,,,,,,,,,,,,,https://cdn.shopify.com/s/files/1/0618/2368/0740/files/8_3eb21cfb-47f7-467a-bf89-af3f36ec1e1f.png?v=1735681337,g,,0.00,,,,
that-so-fetch-hoodie-flapper-set,,,,,,,,,XXL,,,fleece,,,berry-blue,,'10716681,700.0,shopify,100,deny,manual,3299.00,1899.00,true,false,,,,,'10716681,,,,,,,,,,,,,,,,,,,,,,,,,,,,,,,,,,,,,,,,,,,,,,,https://cdn.shopify.com/s/files/1/0618/2368/0740/files/6_adb3e932-cd78-45f3-918e-36992047ba40.png?v=1735682434,g,,0.00,,,,
that-so-fetch-hoodie-flapper-set,,,,,,,,,XXL,,,fleece,,,rose-gold,,'10716682,700.0,shopify,100,deny,manual,3299.00,1899.00,true,false,,,,,'10716682,,,,,,,,,,,,,,,,,,,,,,,,,,,,,,,,,,,,,,,,,,,,,,,https://cdn.shopify.com/s/files/1/0618/2368/0740/files/9_b3a9fed9-d990-4678-9b12-66a09299baf3.png?v=1735682434,g,,0.00,,,,
that-so-fetch-hoodie-flapper-set,,,,,,,,,XXL,,,fleece,,,beige,,'10716683,700.0,shopify,100,deny,manual,3299.00,1899.00,true,false,,,,,'10716683,,,,,,,,,,,,,,,,,,,,,,,,,,,,,,,,,,,,,,,,,,,,,,,https://cdn.shopify.com/s/files/1/0618/2368/0740/files/7_a07a5d4a-11ab-40a5-8282-4e7a860bb5ee.png?v=1735682434,g,,0.00,,,,
that-so-fetch-hoodie-flapper-set,,,,,,,,,XXL,,,fleece,,,black,,'10706991,700.0,shopify,100,deny,manual,3299.00,1899.00,true,false,,,,,'10706991,,,,,,,,,,,,,,,,,,,,,,,,,,,,,,,,,,,,,,,,,,,,,,,https://cdn.shopify.com/s/files/1/0618/2368/0740/files/8_3eb21cfb-47f7-467a-bf89-af3f36ec1e1f.png?v=1735681337,g,,0.00,,,,
winter-cord-set-with-bag,Winter Cord Set with Bag,"<h4>Winter Cord Set with Bag</h4>
<ul class="""">
<li class="""">
<p>Stay stylish and cozy with our Winter Cord Set with Bag! Made of luxurious fleece, this set comes in elegant colors and includes a matching shoulder bag. Perfect for casual wear during the colder months.</p>
</li>
</ul>",BBG FASHION CLOTHING STORE,Apparel & Accessories > Clothing > Outfit Sets,Winter Loungewear,winter tracksuit,false,Color,gray-3,product.metafields.shopify.color-pattern,Size,m,product.metafields.shopify.size,,,,'10716646,0.8,,0,deny,manual,2999.00,,true,false,,,,,'10716646,https://cdn.shopify.com/s/files/1/0618/2368/0740/files/1_1247c324-61fa-4b73-b40a-40c164ec3398.png?v=1735649062,1,Winter Cord Set With Bag - front view - unisex wear Pakistan,false,,,7313,,,,,,,,,,,,,,,,,,,,gray-3; navy-blue; black; beige; bottle-green,,,fleece,,,,,,,m; l; xl; 2xl,,,,,,,,,,https://cdn.shopify.com/s/files/1/0618/2368/0740/files/1_1247c324-61fa-4b73-b40a-40c164ec3398.png?v=1735649062,g,,,true,,,draft
winter-cord-set-with-bag,,,,,,,,,gray-3,,,l,,,,,'10716647,0.8,,0,deny,manual,2999.00,,true,false,,,,,'10716647,https://cdn.shopify.com/s/files/1/0618/2368/0740/files/3_46fdc3ee-f3c9-4598-b460-28f66755fc4b.png?v=1735649083,2,Winter Cord Set With Bag - back view - unisex wear Pakistan,,,,,,,,,,,,,,,,,,,,,,,,,,,,,,,,,,,,,,,,,,,,https://cdn.shopify.com/s/files/1/0618/2368/0740/files/1_1247c324-61fa-4b73-b40a-40c164ec3398.png?v=1735649062,g,,,,,,
winter-cord-set-with-bag,,,,,,,,,gray-3,,,xl,,,,,'10716648,0.8,,0,deny,manual,3199.00,,true,false,,,,,'10716648,https://cdn.shopify.com/s/files/1/0618/2368/0740/files/4_d247d6fd-cc61-4af9-9ced-4a88157a36b2.png?v=1735649104,3,Winter Cord Set With Bag - side view - unisex wear Pakistan,,,,,,,,,,,,,,,,,,,,,,,,,,,,,,,,,,,,,,,,,,,,https://cdn.shopify.com/s/files/1/0618/2368/0740/files/1_1247c324-61fa-4b73-b40a-40c164ec3398.png?v=1735649062,g,,,,,,
winter-cord-set-with-bag,,,,,,,,,gray-3,,,2xl,,,,,'10716649,0.8,,-1,deny,manual,3299.00,,true,false,,,,,'10716649,https://cdn.shopify.com/s/files/1/0618/2368/0740/files/5_6d7da008-1962-473d-bf94-2b1602adee65.png?v=1735649124,4,Winter Cord Set With Bag - detail shot - unisex wear Pakistan,,,,,,,,,,,,,,,,,,,,,,,,,,,,,,,,,,,,,,,,,,,,https://cdn.shopify.com/s/files/1/0618/2368/0740/files/1_1247c324-61fa-4b73-b40a-40c164ec3398.png?v=1735649062,g,,,,,,
winter-cord-set-with-bag,,,,,,,,,navy-blue,,,m,,,,,'10716650,0.8,,0,deny,manual,2999.00,,true,false,,,,,'10716650,https://cdn.shopify.com/s/files/1/0618/2368/0740/files/2_79599e72-befa-42ae-a3e1-144701f05456.png?v=1735649150,5,Winter Cord Set With Bag - front view - unisex wear Pakistan,,,,,,,,,,,,,,,,,,,,,,,,,,,,,,,,,,,,,,,,,,,,https://cdn.shopify.com/s/files/1/0618/2368/0740/files/3_46fdc3ee-f3c9-4598-b460-28f66755fc4b.png?v=1735649083,g,,,,,,
winter-cord-set-with-bag,,,,,,,,,navy-blue,,,l,,,,,'10716651,0.8,,0,deny,manual,2999.00,,true,false,,,,,'10716651,https://cdn.shopify.com/s/files/1/0618/2368/0740/products/HelloSummerVividInstagramPost_3_744836a5-a1cf-4162-a83d-fd3a6022777e.png?v=1654683693,6,Winter Cord Set With Bag - back view - unisex wear Pakistan,,,,,,,,,,,,,,,,,,,,,,,,,,,,,,,,,,,,,,,,,,,,https://cdn.shopify.com/s/files/1/0618/2368/0740/files/3_46fdc3ee-f3c9-4598-b460-28f66755fc4b.png?v=1735649083,g,,,,,,
winter-cord-set-with-bag,,,,,,,,,navy-blue,,,xl,,,,,'10716652,0.8,,-1,deny,manual,3199.00,,true,false,,,,,'10716652,,,,,,,,,,,,,,,,,,,,,,,,,,,,,,,,,,,,,,,,,,,,,,,https://cdn.shopify.com/s/files/1/0618/2368/0740/files/3_46fdc3ee-f3c9-4598-b460-28f66755fc4b.png?v=1735649083,g,,,,,,
winter-cord-set-with-bag,,,,,,,,,navy-blue,,,2xl,,,,,'10716653,0.8,,0,deny,manual,3299.00,,true,false,,,,,'10716653,,,,,,,,,,,,,,,,,,,,,,,,,,,,,,,,,,,,,,,,,,,,,,,https://cdn.shopify.com/s/files/1/0618/2368/0740/files/3_46fdc3ee-f3c9-4598-b460-28f66755fc4b.png?v=1735649083,g,,,,,,
winter-cord-set-with-bag,,,,,,,,,black,,,m,,,,,'10716654,0.8,,0,deny,manual,2999.00,,true,false,,,,,'10716654,,,,,,,,,,,,,,,,,,,,,,,,,,,,,,,,,,,,,,,,,,,,,,,https://cdn.shopify.com/s/files/1/0618/2368/0740/files/4_d247d6fd-cc61-4af9-9ced-4a88157a36b2.png?v=1735649104,g,,,,,,
winter-cord-set-with-bag,,,,,,,,,black,,,l,,,,,'10716655,0.8,,0,deny,manual,2999.00,,true,false,,,,,'10716655,,,,,,,,,,,,,,,,,,,,,,,,,,,,,,,,,,,,,,,,,,,,,,,https://cdn.shopify.com/s/files/1/0618/2368/0740/files/4_d247d6fd-cc61-4af9-9ced-4a88157a36b2.png?v=1735649104,g,,,,,,
winter-cord-set-with-bag,,,,,,,,,black,,,xl,,,,,'10716656,0.8,,0,deny,manual,3199.00,,true,false,,,,,'10716656,,,,,,,,,,,,,,,,,,,,,,,,,,,,,,,,,,,,,,,,,,,,,,,https://cdn.shopify.com/s/files/1/0618/2368/0740/files/4_d247d6fd-cc61-4af9-9ced-4a88157a36b2.png?v=1735649104,g,,,,,,
winter-cord-set-with-bag,,,,,,,,,black,,,2xl,,,,,'10716657,0.8,,-1,deny,manual,3299.00,,true,false,,,,,'10716657,,,,,,,,,,,,,,,,,,,,,,,,,,,,,,,,,,,,,,,,,,,,,,,https://cdn.shopify.com/s/files/1/0618/2368/0740/files/4_d247d6fd-cc61-4af9-9ced-4a88157a36b2.png?v=1735649104,g,,,,,,
winter-cord-set-with-bag,,,,,,,,,beige,,,m,,,,,'10716658,0.8,,-1,deny,manual,2999.00,,true,false,,,,,'10716658,,,,,,,,,,,,,,,,,,,,,,,,,,,,,,,,,,,,,,,,,,,,,,,https://cdn.shopify.com/s/files/1/0618/2368/0740/files/5_6d7da008-1962-473d-bf94-2b1602adee65.png?v=1735649124,g,,,,,,
winter-cord-set-with-bag,,,,,,,,,beige,,,l,,,,,'10716659,0.8,,0,deny,manual,2999.00,,true,false,,,,,'10716659,,,,,,,,,,,,,,,,,,,,,,,,,,,,,,,,,,,,,,,,,,,,,,,https://cdn.shopify.com/s/files/1/0618/2368/0740/files/5_6d7da008-1962-473d-bf94-2b1602adee65.png?v=1735649124,g,,,,,,
winter-cord-set-with-bag,,,,,,,,,beige,,,xl,,,,,'10716660,0.8,,0,deny,manual,3199.00,,true,false,,,,,'10716660,,,,,,,,,,,,,,,,,,,,,,,,,,,,,,,,,,,,,,,,,,,,,,,https://cdn.shopify.com/s/files/1/0618/2368/0740/files/5_6d7da008-1962-473d-bf94-2b1602adee65.png?v=1735649124,g,,,,,,
winter-cord-set-with-bag,,,,,,,,,beige,,,2xl,,,,,'10716661,0.8,,0,deny,manual,3299.00,,true,false,,,,,'10716661,,,,,,,,,,,,,,,,,,,,,,,,,,,,,,,,,,,,,,,,,,,,,,,https://cdn.shopify.com/s/files/1/0618/2368/0740/files/5_6d7da008-1962-473d-bf94-2b1602adee65.png?v=1735649124,g,,,,,,
winter-cord-set-with-bag,,,,,,,,,bottle-green,,,m,,,,,'10716662,0.8,,-1,deny,manual,2999.00,,true,false,,,,,'10716662,,,,,,,,,,,,,,,,,,,,,,,,,,,,,,,,,,,,,,,,,,,,,,,https://cdn.shopify.com/s/files/1/0618/2368/0740/files/2_79599e72-befa-42ae-a3e1-144701f05456.png?v=1735649150,g,,,,,,
winter-cord-set-with-bag,,,,,,,,,bottle-green,,,l,,,,,'10716663,0.8,,0,deny,manual,2999.00,,true,false,,,,,'10716663,,,,,,,,,,,,,,,,,,,,,,,,,,,,,,,,,,,,,,,,,,,,,,,https://cdn.shopify.com/s/files/1/0618/2368/0740/files/2_79599e72-befa-42ae-a3e1-144701f05456.png?v=1735649150,g,,,,,,
winter-cord-set-with-bag,,,,,,,,,bottle-green,,,xl,,,,,'10716664,0.8,,0,deny,manual,3199.00,,true,false,,,,,'10716664,,,,,,,,,,,,,,,,,,,,,,,,,,,,,,,,,,,,,,,,,,,,,,,https://cdn.shopify.com/s/files/1/0618/2368/0740/files/2_79599e72-befa-42ae-a3e1-144701f05456.png?v=1735649150,g,,,,,,
winter-cord-set-with-bag,,,,,,,,,bottle-green,,,2xl,,,,,'10706990,0.8,,-2,deny,manual,3299.00,,true,false,,,,,'10706990,,,,,,,,,,,,,,,,,,,,,,,,,,,,,,,,,,,,,,,,,,,,,,,https://cdn.shopify.com/s/files/1/0618/2368/0740/files/2_79599e72-befa-42ae-a3e1-144701f05456.png?v=1735649150,g,,,,,,
girl-power-drop-shoulder-loungewear,Girl Power Drop Shoulder Loungewear,"<h4>Girl Power Drop Shoulder Loungewear</h4>
<p>Experience effortless refinement and timeless elegance with our Multicolor Drop Shoulder Loungewear. Featuring clean lines, sophisticated style, and high-quality materials, it's perfect for any occasion. The soft and refined color palette adds a touch of distinction, making you stand out with effortless taste and refinement.</p>",BBG FASHION,Apparel & Accessories > Clothing > Sleepwear & Loungewear,winter loungewear,"NEW ARRIVAL, winter tracksuit, wintercollection, woo",false,Size,Medium,,Color,brown,product.metafields.shopify.color-pattern,,,,'10716638,800.0,shopify,93,deny,manual,2499.00,,true,true,,,,,'10716638,https://cdn.shopify.com/s/files/1/0618/2368/0740/files/20_0b5fadc3-0a65-4be2-b22f-da0ebb790ff6.webp?v=1766064547,1,Girl Power Drop Shoulder Loungewear - front view - unisex wear Pakistan,false,,,,,,,,,,,,,,,,,,,,,,,brown; pink; black,,,,,,,,,,s,,,girls,,,,,,,https://cdn.shopify.com/s/files/1/0618/2368/0740/files/20_0b5fadc3-0a65-4be2-b22f-da0ebb790ff6.webp?v=1766064547,g,,1000.00,true,,,draft
girl-power-drop-shoulder-loungewear,,,,,,,,,Medium,,,pink,,,,,'10716639,800.0,shopify,0,deny,manual,2499.00,,true,true,,,,,'10716639,https://cdn.shopify.com/s/files/1/0618/2368/0740/files/21_b868100b-24e4-488d-ab4d-2273498c4ae2.webp?v=1766064547,2,Girl Power Drop Shoulder Loungewear - back view - unisex wear Pakistan,,,,,,,,,,,,,,,,,,,,,,,,,,,,,,,,,,,,,,,,,,,,https://cdn.shopify.com/s/files/1/0618/2368/0740/files/22_e1b91c4c-1422-4e4b-a753-0d9a33707a8a.png?v=1766064547,g,,1000.00,,,,
girl-power-drop-shoulder-loungewear,,,,,,,,,Medium,,,black,,,,,'10716640,800.0,shopify,97,deny,manual,2499.00,,true,true,,,,,'10716640,https://cdn.shopify.com/s/files/1/0618/2368/0740/files/22_e1b91c4c-1422-4e4b-a753-0d9a33707a8a.png?v=1766064547,3,Girl Power Drop Shoulder Loungewear - side view - unisex wear Pakistan,,,,,,,,,,,,,,,,,,,,,,,,,,,,,,,,,,,,,,,,,,,,https://cdn.shopify.com/s/files/1/0618/2368/0740/files/21_b868100b-24e4-488d-ab4d-2273498c4ae2.webp?v=1766064547,g,,1000.00,,,,
girl-power-drop-shoulder-loungewear,,,,,,,,,Large,,,brown,,,,,'10716641,800.0,shopify,99,deny,manual,2599.00,,true,true,,,,,'10716641,https://cdn.shopify.com/s/files/1/0618/2368/0740/files/Sizechart_205f37fb-9097-4136-b68a-af5c137403a3.jpg?v=1766064547,4,White Tie Dye Loungewear Set size chart - measurements guide,,,,,,,,,,,,,,,,,,,,,,,,,,,,,,,,,,,,,,,,,,,,https://cdn.shopify.com/s/files/1/0618/2368/0740/files/20_0b5fadc3-0a65-4be2-b22f-da0ebb790ff6.webp?v=1766064547,g,,1000.00,,,,
girl-power-drop-shoulder-loungewear,,,,,,,,,Large,,,pink,,,,,'10716642,800.0,shopify,0,deny,manual,2599.00,,true,true,,,,,'10716642,,,,,,,,,,,,,,,,,,,,,,,,,,,,,,,,,,,,,,,,,,,,,,,https://cdn.shopify.com/s/files/1/0618/2368/0740/files/22_e1b91c4c-1422-4e4b-a753-0d9a33707a8a.png?v=1766064547,g,,1000.00,,,,
girl-power-drop-shoulder-loungewear,,,,,,,,,Large,,,black,,,,,'10716643,800.0,shopify,99,deny,manual,2599.00,,true,true,,,,,'10716643,,,,,,,,,,,,,,,,,,,,,,,,,,,,,,,,,,,,,,,,,,,,,,,https://cdn.shopify.com/s/files/1/0618/2368/0740/files/21_b868100b-24e4-488d-ab4d-2273498c4ae2.webp?v=1766064547,g,,1000.00,,,,
girl-power-drop-shoulder-loungewear,,,,,,,,,XL,,,brown,,,,,'10716644,800.0,shopify,99,deny,manual,2699.00,,true,true,,,,,'10716644,,,,,,,,,,,,,,,,,,,,,,,,,,,,,,,,,,,,,,,,,,,,,,,https://cdn.shopify.com/s/files/1/0618/2368/0740/files/20_0b5fadc3-0a65-4be2-b22f-da0ebb790ff6.webp?v=1766064547,g,,1000.00,,,,
girl-power-drop-shoulder-loungewear,,,,,,,,,XL,,,pink,,,,,'10716645,800.0,shopify,0,deny,manual,2699.00,,true,true,,,,,'10716645,,,,,,,,,,,,,,,,,,,,,,,,,,,,,,,,,,,,,,,,,,,,,,,https://cdn.shopify.com/s/files/1/0618/2368/0740/files/22_e1b91c4c-1422-4e4b-a753-0d9a33707a8a.png?v=1766064547,g,,1000.00,,,,
girl-power-drop-shoulder-loungewear,,,,,,,,,XL,,,black,,,,,'10706989,800.0,shopify,100,deny,manual,2699.00,,true,true,,,,,'10706989,,,,,,,,,,,,,,,,,,,,,,,,,,,,,,,,,,,,,,,,,,,,,,,https://cdn.shopify.com/s/files/1/0618/2368/0740/files/21_b868100b-24e4-488d-ab4d-2273498c4ae2.webp?v=1766064547,g,,1000.00,,,,
multi-pattern-drop-shoulder-loungewear,Multi Pattern Drop Shoulder Loungewear,"<h4>Multi Pattern Drop Shoulder Loungewear</h4>
<p>Experience effortless refinement and timeless elegance with our Multicolor Drop Shoulder Loungewear. Featuring clean lines, sophisticated style, and high-quality materials, it's perfect for any occasion. The soft and refined color palette adds a touch of distinction, making you stand out with effortless taste and refinement.</p>",BBG FASHION,Apparel & Accessories > Clothing > Sleepwear & Loungewear,winter loungewear,"NEW ARRIVAL, winter tracksuit, wintercollection, woo",false,Size,Medium,,Color,pink,product.metafields.shopify.color-pattern,,,,'10716630,800.0,shopify,0,deny,manual,2499.00,,true,true,,,,,'10716630,https://cdn.shopify.com/s/files/1/0618/2368/0740/files/19_e59842aa-32af-419a-afcc-d46fdfe4933c.png?v=1735569338,1,Multi Pattern Drop Shoulder Loungewear - front view - unisex wear Pakistan,false,,,,,,,,,,,,,,,,,,,,,,,pink; black; brown,,,,,,,,,,,,,,,,,,,,https://cdn.shopify.com/s/files/1/0618/2368/0740/files/19_e59842aa-32af-419a-afcc-d46fdfe4933c.png?v=1735569338,g,,1000.00,true,,,draft
multi-pattern-drop-shoulder-loungewear,,,,,,,,,Medium,,,black,,,,,'10716631,800.0,shopify,99,deny,manual,2499.00,,true,true,,,,,'10716631,https://cdn.shopify.com/s/files/1/0618/2368/0740/files/18_5b4a1b2e-a786-4007-b74e-cf0cd119eaee.png?v=1735569338,2,Multi Pattern Drop Shoulder Loungewear - back view - unisex wear Pakistan,,,,,,,,,,,,,,,,,,,,,,,,,,,,,,,,,,,,,,,,,,,,https://cdn.shopify.com/s/files/1/0618/2368/0740/files/18_5b4a1b2e-a786-4007-b74e-cf0cd119eaee.png?v=1735569338,g,,1000.00,,,,
multi-pattern-drop-shoulder-loungewear,,,,,,,,,Medium,,,brown,,,,,'10716632,800.0,shopify,94,deny,manual,2499.00,,true,true,,,,,'10716632,https://cdn.shopify.com/s/files/1/0618/2368/0740/files/17_a40b2ee1-5385-46e2-91f2-8f842fa1242e.png?v=1735569338,3,Multi Pattern Drop Shoulder Loungewear - side view - unisex wear Pakistan,,,,,,,,,,,,,,,,,,,,,,,,,,,,,,,,,,,,,,,,,,,,https://cdn.shopify.com/s/files/1/0618/2368/0740/files/17_a40b2ee1-5385-46e2-91f2-8f842fa1242e.png?v=1735569338,g,,1000.00,,,,
multi-pattern-drop-shoulder-loungewear,,,,,,,,,Large,,,pink,,,,,'10716633,800.0,shopify,0,deny,manual,2599.00,,true,true,,,,,'10716633,https://cdn.shopify.com/s/files/1/0618/2368/0740/files/Sizechart_205f37fb-9097-4136-b68a-af5c137403a3.jpg?v=1766064547,4,White Tie Dye Loungewear Set size chart - measurements guide,,,,,,,,,,,,,,,,,,,,,,,,,,,,,,,,,,,,,,,,,,,,https://cdn.shopify.com/s/files/1/0618/2368/0740/files/19_e59842aa-32af-419a-afcc-d46fdfe4933c.png?v=1735569338,g,,1000.00,,,,
multi-pattern-drop-shoulder-loungewear,,,,,,,,,Large,,,black,,,,,'10716634,800.0,shopify,98,deny,manual,2599.00,,true,true,,,,,'10716634,,,,,,,,,,,,,,,,,,,,,,,,,,,,,,,,,,,,,,,,,,,,,,,https://cdn.shopify.com/s/files/1/0618/2368/0740/files/18_5b4a1b2e-a786-4007-b74e-cf0cd119eaee.png?v=1735569338,g,,1000.00,,,,
multi-pattern-drop-shoulder-loungewear,,,,,,,,,Large,,,brown,,,,,'10716635,800.0,shopify,100,deny,manual,2599.00,,true,true,,,,,'10716635,,,,,,,,,,,,,,,,,,,,,,,,,,,,,,,,,,,,,,,,,,,,,,,https://cdn.shopify.com/s/files/1/0618/2368/0740/files/17_a40b2ee1-5385-46e2-91f2-8f842fa1242e.png?v=1735569338,g,,1000.00,,,,
multi-pattern-drop-shoulder-loungewear,,,,,,,,,XL,,,pink,,,,,'10716636,800.0,shopify,0,deny,manual,2699.00,,true,true,,,,,'10716636,,,,,,,,,,,,,,,,,,,,,,,,,,,,,,,,,,,,,,,,,,,,,,,https://cdn.shopify.com/s/files/1/0618/2368/0740/files/19_e59842aa-32af-419a-afcc-d46fdfe4933c.png?v=1735569338,g,,1000.00,,,,
multi-pattern-drop-shoulder-loungewear,,,,,,,,,XL,,,black,,,,,'10716637,800.0,shopify,99,deny,manual,2699.00,,true,true,,,,,'10716637,,,,,,,,,,,,,,,,,,,,,,,,,,,,,,,,,,,,,,,,,,,,,,,https://cdn.shopify.com/s/files/1/0618/2368/0740/files/18_5b4a1b2e-a786-4007-b74e-cf0cd119eaee.png?v=1735569338,g,,1000.00,,,,
multi-pattern-drop-shoulder-loungewear,,,,,,,,,XL,,,brown,,,,,'10706988,800.0,shopify,99,deny,manual,2699.00,,true,true,,,,,'10706988,,,,,,,,,,,,,,,,,,,,,,,,,,,,,,,,,,,,,,,,,,,,,,,https://cdn.shopify.com/s/files/1/0618/2368/0740/files/17_a40b2ee1-5385-46e2-91f2-8f842fa1242e.png?v=1735569338,g,,1000.00,,,,
colored-butterfly-drop-shoulder-loungewear,Colored Butterfly Drop Shoulder Loungewear,"<h4>Colored Butterfly Drop Shoulder Loungewear</h4>
<p>Experience effortless refinement and timeless elegance with our Multicolor Drop Shoulder Loungewear. Featuring clean lines, sophisticated style, and high-quality materials, it's perfect for any occasion. The soft and refined color palette adds a touch of distinction, making you stand out with effortless taste and refinement.</p>",BBG FASHION,Apparel & Accessories > Clothing > Sleepwear & Loungewear,winter loungewear,"NEW ARRIVAL, winter tracksuit, wintercollection, woo",false,Size,Medium,,Color,black,product.metafields.shopify.color-pattern,,,,'10716622,800.0,shopify,98,deny,manual,2499.00,,true,true,,,,,'10716622,https://cdn.shopify.com/s/files/1/0618/2368/0740/files/16_65e64730-2a18-4422-a2bd-9808e754ff0f.png?v=1735568986,1,Colored Butterfly Drop Shoulder Loungewear - front view - unisex wear Pakistan,false,,,,,,,,,,,,,,,'1,,,,,,,,black; brown; pink,,,,,,,,,,,,,,,,,,,,https://cdn.shopify.com/s/files/1/0618/2368/0740/files/15_2eab7ebf-814b-4b7e-8d58-b7dbeb2d0891.png?v=1735568986,g,,1000.00,true,,,draft
colored-butterfly-drop-shoulder-loungewear,,,,,,,,,Medium,,,brown,,,,,'10716623,800.0,shopify,95,deny,manual,2499.00,,true,true,,,,,'10716623,https://cdn.shopify.com/s/files/1/0618/2368/0740/files/15_2eab7ebf-814b-4b7e-8d58-b7dbeb2d0891.png?v=1735568986,2,Colored Butterfly Drop Shoulder Loungewear - back view - unisex wear Pakistan,,,,,,,,,,,,,,,,,,,,,,,,,,,,,,,,,,,,,,,,,,,,https://cdn.shopify.com/s/files/1/0618/2368/0740/files/14_b8ab66e6-ed4b-4d72-b445-a8dc2f9c6e94.png?v=1735568986,g,,1000.00,,,,
colored-butterfly-drop-shoulder-loungewear,,,,,,,,,Medium,,,pink,,,,,'10716624,800.0,shopify,0,deny,manual,2499.00,,true,true,,,,,'10716624,https://cdn.shopify.com/s/files/1/0618/2368/0740/files/14_b8ab66e6-ed4b-4d72-b445-a8dc2f9c6e94.png?v=1735568986,3,Colored Butterfly Drop Shoulder Loungewear - side view - unisex wear Pakistan,,,,,,,,,,,,,,,,,,,,,,,,,,,,,,,,,,,,,,,,,,,,https://cdn.shopify.com/s/files/1/0618/2368/0740/files/16_65e64730-2a18-4422-a2bd-9808e754ff0f.png?v=1735568986,g,,1000.00,,,,
colored-butterfly-drop-shoulder-loungewear,,,,,,,,,Large,,,black,,,,,'10716625,800.0,shopify,99,deny,manual,2599.00,,true,true,,,,,'10716625,https://cdn.shopify.com/s/files/1/0618/2368/0740/files/Sizechart_205f37fb-9097-4136-b68a-af5c137403a3.jpg?v=1766064547,4,White Tie Dye Loungewear Set size chart - measurements guide,,,,,,,,,,,,,,,,,,,,,,,,,,,,,,,,,,,,,,,,,,,,https://cdn.shopify.com/s/files/1/0618/2368/0740/files/15_2eab7ebf-814b-4b7e-8d58-b7dbeb2d0891.png?v=1735568986,g,,1000.00,,,,
colored-butterfly-drop-shoulder-loungewear,,,,,,,,,Large,,,brown,,,,,'10716626,800.0,shopify,98,deny,manual,2599.00,,true,true,,,,,'10716626,,,,,,,,,,,,,,,,,,,,,,,,,,,,,,,,,,,,,,,,,,,,,,,https://cdn.shopify.com/s/files/1/0618/2368/0740/files/14_b8ab66e6-ed4b-4d72-b445-a8dc2f9c6e94.png?v=1735568986,g,,1000.00,,,,
colored-butterfly-drop-shoulder-loungewear,,,,,,,,,Large,,,pink,,,,,'10716627,800.0,shopify,0,deny,manual,2599.00,,true,true,,,,,'10716627,,,,,,,,,,,,,,,,,,,,,,,,,,,,,,,,,,,,,,,,,,,,,,,https://cdn.shopify.com/s/files/1/0618/2368/0740/files/16_65e64730-2a18-4422-a2bd-9808e754ff0f.png?v=1735568986,g,,1000.00,,,,
colored-butterfly-drop-shoulder-loungewear,,,,,,,,,XL,,,black,,,,,'10716628,800.0,shopify,98,deny,manual,2699.00,,true,true,,,,,'10716628,,,,,,,,,,,,,,,,,,,,,,,,,,,,,,,,,,,,,,,,,,,,,,,https://cdn.shopify.com/s/files/1/0618/2368/0740/files/15_2eab7ebf-814b-4b7e-8d58-b7dbeb2d0891.png?v=1735568986,g,,1000.00,,,,
colored-butterfly-drop-shoulder-loungewear,,,,,,,,,XL,,,brown,,,,,'10716629,800.0,shopify,99,deny,manual,2699.00,,true,true,,,,,'10716629,,,,,,,,,,,,,,,,,,,,,,,,,,,,,,,,,,,,,,,,,,,,,,,https://cdn.shopify.com/s/files/1/0618/2368/0740/files/14_b8ab66e6-ed4b-4d72-b445-a8dc2f9c6e94.png?v=1735568986,g,,1000.00,,,,
colored-butterfly-drop-shoulder-loungewear,,,,,,,,,XL,,,pink,,,,,'10706987,800.0,shopify,0,deny,manual,2699.00,,true,true,,,,,'10706987,,,,,,,,,,,,,,,,,,,,,,,,,,,,,,,,,,,,,,,,,,,,,,,https://cdn.shopify.com/s/files/1/0618/2368/0740/files/16_65e64730-2a18-4422-a2bd-9808e754ff0f.png?v=1735568986,g,,1000.00,,,,
love-drop-shoulder-loungewear,Love Drop Shoulder Loungewear,"<h4>Love Drop Shoulder Loungewear</h4>
<p>Experience effortless refinement and timeless elegance with our Multicolor Drop Shoulder Loungewear. Featuring clean lines, sophisticated style, and high-quality materials, it's perfect for any occasion. The soft and refined color palette adds a touch of distinction, making you stand out with effortless taste and refinement.</p>",BBG FASHION,Apparel & Accessories > Clothing > Sleepwear & Loungewear,winter loungewear,"NEW ARRIVAL, winter tracksuit, wintercollection, woo",false,Size,Medium,,Color,black,product.metafields.shopify.color-pattern,,,,'10716614,800.0,shopify,94,deny,manual,2499.00,,true,true,,,,,'10716614,https://cdn.shopify.com/s/files/1/0618/2368/0740/files/12_968b9084-11b6-4151-a7ef-f3114bfae75a.png?v=1735568593,1,Love Drop Shoulder Loungewear - front view - unisex wear Pakistan,false,,,,,,,,,,,,,,,,,,,,,,,black; brown; pink,,,,,,,,,,,,,girls,,,,,,,https://cdn.shopify.com/s/files/1/0618/2368/0740/files/12_968b9084-11b6-4151-a7ef-f3114bfae75a.png?v=1735568593,g,,1000.00,true,,,draft
love-drop-shoulder-loungewear,,,,,,,,,Medium,,,brown,,,,,'10716615,800.0,shopify,96,deny,manual,2499.00,,true,true,,,,,'10716615,https://cdn.shopify.com/s/files/1/0618/2368/0740/files/11_8aa9a58a-5f9a-44c0-93fc-8492e71f39b2.png?v=1735568593,2,Love Drop Shoulder Loungewear - back view - unisex wear Pakistan,,,,,,,,,,,,,,,,,,,,,,,,,,,,,,,,,,,,,,,,,,,,https://cdn.shopify.com/s/files/1/0618/2368/0740/files/11_8aa9a58a-5f9a-44c0-93fc-8492e71f39b2.png?v=1735568593,g,,1000.00,,,,
love-drop-shoulder-loungewear,,,,,,,,,Medium,,,pink,,,,,'10716616,800.0,shopify,0,deny,manual,2499.00,,true,true,,,,,'10716616,https://cdn.shopify.com/s/files/1/0618/2368/0740/files/13_0566e101-2d5b-4aae-b54f-85fc343fac56.png?v=1735568593,3,Love Drop Shoulder Loungewear - side view - unisex wear Pakistan,,,,,,,,,,,,,,,,,,,,,,,,,,,,,,,,,,,,,,,,,,,,https://cdn.shopify.com/s/files/1/0618/2368/0740/files/13_0566e101-2d5b-4aae-b54f-85fc343fac56.png?v=1735568593,g,,1000.00,,,,
love-drop-shoulder-loungewear,,,,,,,,,Large,,,black,,,,,'10716617,800.0,shopify,98,deny,manual,2599.00,,true,true,,,,,'10716617,https://cdn.shopify.com/s/files/1/0618/2368/0740/files/Sizechart_205f37fb-9097-4136-b68a-af5c137403a3.jpg?v=1766064547,4,White Tie Dye Loungewear Set size chart - measurements guide,,,,,,,,,,,,,,,,,,,,,,,,,,,,,,,,,,,,,,,,,,,,https://cdn.shopify.com/s/files/1/0618/2368/0740/files/12_968b9084-11b6-4151-a7ef-f3114bfae75a.png?v=1735568593,g,,1000.00,,,,
love-drop-shoulder-loungewear,,,,,,,,,Large,,,brown,,,,,'10716618,800.0,shopify,98,deny,manual,2599.00,,true,true,,,,,'10716618,,,,,,,,,,,,,,,,,,,,,,,,,,,,,,,,,,,,,,,,,,,,,,,https://cdn.shopify.com/s/files/1/0618/2368/0740/files/11_8aa9a58a-5f9a-44c0-93fc-8492e71f39b2.png?v=1735568593,g,,1000.00,,,,
love-drop-shoulder-loungewear,,,,,,,,,Large,,,pink,,,,,'10716619,800.0,shopify,0,deny,manual,2599.00,,true,true,,,,,'10716619,,,,,,,,,,,,,,,,,,,,,,,,,,,,,,,,,,,,,,,,,,,,,,,https://cdn.shopify.com/s/files/1/0618/2368/0740/files/13_0566e101-2d5b-4aae-b54f-85fc343fac56.png?v=1735568593,g,,1000.00,,,,
love-drop-shoulder-loungewear,,,,,,,,,XL,,,black,,,,,'10716620,800.0,shopify,99,deny,manual,2699.00,,true,true,,,,,'10716620,,,,,,,,,,,,,,,,,,,,,,,,,,,,,,,,,,,,,,,,,,,,,,,https://cdn.shopify.com/s/files/1/0618/2368/0740/files/12_968b9084-11b6-4151-a7ef-f3114bfae75a.png?v=1735568593,g,,1000.00,,,,
love-drop-shoulder-loungewear,,,,,,,,,XL,,,brown,,,,,'10716621,800.0,shopify,99,deny,manual,2699.00,,true,true,,,,,'10716621,,,,,,,,,,,,,,,,,,,,,,,,,,,,,,,,,,,,,,,,,,,,,,,https://cdn.shopify.com/s/files/1/0618/2368/0740/files/11_8aa9a58a-5f9a-44c0-93fc-8492e71f39b2.png?v=1735568593,g,,1000.00,,,,
love-drop-shoulder-loungewear,,,,,,,,,XL,,,pink,,,,,'10706986,800.0,shopify,0,deny,manual,2699.00,,true,true,,,,,'10706986,,,,,,,,,,,,,,,,,,,,,,,,,,,,,,,,,,,,,,,,,,,,,,,https://cdn.shopify.com/s/files/1/0618/2368/0740/files/13_0566e101-2d5b-4aae-b54f-85fc343fac56.png?v=1735568593,g,,1000.00,,,,
winter-3-piece-cape-shawl-for-women-bottle-green,Winter 3 Piece Cape Shawl For Women | Bottle Green,"<h4 data-start=""93"" data-end=""364"">Winter 3 Piece Cape Shawl For Women | Bottle Green</h4>
<p data-start=""93"" data-end=""364"">Stay warm in style with the<span> </span><strong data-start=""121"" data-end=""160"">Winter 3 Piece Cape Shawl For Women</strong>, a perfect blend of elegance and comfort for the colder season. This chic set includes a soft inner top, matching trousers, and a beautifully designed cape shawl that adds a sophisticated layered look.</p>
<p data-start=""366"" data-end=""604"">Crafted from warm, cozy fabric, this outfit keeps you comfortable while maintaining a graceful silhouette. The stylish cape features elegant patterns and a flowy drape, making it ideal for casual outings, gatherings, or winter evenings.</p>
<p data-start=""606"" data-end=""762"">Designed for modern women who love effortless fashion, this 3-piece set is both practical and fashionable—giving you a complete winter look in one outfit.</p>
<p data-start=""764"" data-end=""843"">Available in<span> </span><strong data-start=""777"" data-end=""796"">multiple colors</strong>, so you can choose your perfect winter vibe.</p>
<p data-start=""845"" data-end=""864""><strong data-start=""845"" data-end=""862"">Key Features:</strong></p>
<ul data-start=""865"" data-end=""1122"">
<li data-section-id=""81wf2d"" data-start=""865"" data-end=""913"">
<p data-start=""867"" data-end=""913"">3-piece set: Inner top, trouser &amp; cape shawl</p>
</li>
<li data-section-id=""opqym4"" data-start=""914"" data-end=""949"">
<p data-start=""916"" data-end=""949"">Soft, warm &amp; comfortable fabric</p>
</li>
<li data-section-id=""27y7zv"" data-start=""950"" data-end=""995"">
<p data-start=""952"" data-end=""995"">Elegant patterned cape for a stylish look</p>
</li>
<li data-section-id=""1m7blz0"" data-start=""996"" data-end=""1032"">
<p data-start=""998"" data-end=""1032"">Relaxed fit for ease and comfort</p>
</li>
<li data-section-id=""1r4ayqa"" data-start=""1033"" data-end=""1089"">
<p data-start=""1035"" data-end=""1089"">Perfect for winter wear, casual outings &amp; gatherings</p>
</li>
<li data-section-id=""arqrzc"" data-start=""1090"" data-end=""1122"">
<p data-start=""1092"" data-end=""1122"">Available in multiple colors</p>
</li>
</ul>",BBG FASHION,Apparel & Accessories > Clothing > Sleepwear & Loungewear,winter loungewear,winter tracksuit,true,Size,medium,product.metafields.shopify.size,,,,,,,'10743248,500.0,shopify,99,continue,manual,3699.00,,true,false,,,,,'10743248,https://cdn.shopify.com/s/files/1/0618/2368/0740/files/WhatsApp_Image_2025-10-05_at_4.29.53_PM.jpg?v=1766065846,1,Winter 3 Piece Cape Shawl High Neck Trouser For Women - back view - women's wear Pakistan,false,Winter 3 Piece Cape Shawl For Women | Bottle Green,"Shop Winter 3 Piece Cape Shawl for Women—stylish, warm and comfortable outfit with inner, trousers & elegant cape. Available in multiple colors for winter wear.",,,,,,,,,,,,,'9,,,,,,,insulated,,,,fleece,,,,,,,medium; large; xl; xxl,,,girls,,,,,,,,g,,,true,,,active
winter-3-piece-cape-shawl-for-women-bottle-green,,,,,,,,,large,,,,,,,,'10743249,500.0,shopify,99,continue,manual,3699.00,,true,false,,,,,'10743249,,,,,,,,,,,,,,,,,,,,,,,,,,,,,,,,,,,,,,,,,,,,,,,,g,,,,,,
winter-3-piece-cape-shawl-for-women-bottle-green,,,,,,,,,xl,,,,,,,,'10743250,500.0,shopify,99,continue,manual,3799.00,,true,false,,,,,'10743250,,,,,,,,,,,,,,,,,,,,,,,,,,,,,,,,,,,,,,,,,,,,,,,,g,,,,,,
winter-3-piece-cape-shawl-for-women-bottle-green,,,,,,,,,xxl,,,,,,,,'10743251,500.0,shopify,99,continue,manual,3899.00,,true,false,,,,,'10743251,,,,,,,,,,,,,,,,,,,,,,,,,,,,,,,,,,,,,,,,,,,,,,,,g,,,,,,
colourful-heart-printed-sweatshirt-set-white,Colourful Heart Printed Sweatshirt Set | white,"<h4>Colourful Heart Printed Sweatshirt Set | white</h4>
<p data-start=""150"" data-end=""453"">Add color, comfort, and cuteness to your child’s winter wardrobe with the<span> </span><strong data-start=""224"" data-end=""266"">Colourful Heart Printed Sweatshirt Set</strong>. Designed with vibrant multi-color heart prints, this adorable outfit is available in<span> </span><strong data-start=""353"" data-end=""380"">2 stylish color options</strong>—classic black and soft cream—so you can pick your child’s favorite look.</p>
<p data-start=""455"" data-end=""739"">Made from premium fleece fabric, this set keeps your little one warm and cozy during chilly days while staying soft and gentle on the skin. The relaxed-fit sweatshirt ensures easy movement, and the matching jogger pants come with an elastic waistband for a secure and comfortable fit.</p>
<p data-start=""741"" data-end=""848"">Whether it’s playtime, outings, or everyday wear, this outfit delivers both style and comfort effortlessly.</p>
<p data-start=""850"" data-end=""869""><strong data-start=""850"" data-end=""867"">Key Features:</strong></p>
<ul data-start=""870"" data-end=""1168"">
<li data-section-id=""1o7awcp"" data-start=""870"" data-end=""920"">
<p data-start=""872"" data-end=""920"">2-piece set: printed sweatshirt &amp; jogger pants</p>
</li>
<li data-section-id=""xagbqh"" data-start=""921"" data-end=""961"">
<p data-start=""923"" data-end=""961"">Available in 2 colors: Black &amp; Cream</p>
</li>
<li data-section-id=""1qj0au4"" data-start=""962"" data-end=""1007"">
<p data-start=""964"" data-end=""1007"">Soft fleece fabric for warmth and comfort</p>
</li>
<li data-section-id=""1bsewh6"" data-start=""1008"" data-end=""1052"">
<p data-start=""1010"" data-end=""1052"">Eye-catching colorful heart print design</p>
</li>
<li data-section-id=""1bktu6g"" data-start=""1053"" data-end=""1088"">
<p data-start=""1055"" data-end=""1088"">Elastic waistband for easy wear</p>
</li>
<li data-section-id=""1yo5ocy"" data-start=""1089"" data-end=""1120"">
<p data-start=""1091"" data-end=""1120"">Relaxed fit for active kids</p>
</li>
<li data-section-id=""1ffsigb"" data-start=""1121"" data-end=""1168"">
<p data-start=""1123"" data-end=""1168"">Perfect for winter, casual wear &amp; daily use</p>
</li>
</ul>",BBG FASHION CLOTHING STORE,Apparel & Accessories > Clothing > Baby & Toddler Clothing,Kids Sweatshirt & Pant,"Kids Winter Collection, kidssweatshirtandpant",true,Size,1 - 2 Years,,,,,,,,'10716575,500.0,,-7,deny,manual,1399.00,1699.00,true,true,,,,,'10716575,https://cdn.shopify.com/s/files/1/0618/2368/0740/files/Untitled_design_21.png?v=1751826268,1,Multi Dot Bear Printed Sweatshirt Set Copy 1 - front view - unisex wear Pakistan,false,,"Shop Colourful Heart Printed Sweatshirt Set for kids. Available in black & cream, this cozy fleece outfit features vibrant heart prints—perfect for stylish winter wear.",,,kids,,,,,,,,,,,,,kids,,,,stretchable,white; black,,,fleece,,,,,,,,,,unisex,,,,,,,https://cdn.shopify.com/s/files/1/0618/2368/0740/files/Untitled_design_21.png?v=1751826268,g,,,true,,,active
colourful-heart-printed-sweatshirt-set-white,,,,,,,,,3 - 4 Years,,,,,,,,'10716577,500.0,,-1,deny,manual,1399.00,1699.00,true,true,,,,,'10716577,https://cdn.shopify.com/s/files/1/0618/2368/0740/files/1-14_cc45ef57-f281-425b-b63d-624df093a313.webp?v=1776521412,2,"",,,,,,,,,,,,,,,,,,,,,,,,,,,,,,,,,,,,,,,,,,,,https://cdn.shopify.com/s/files/1/0618/2368/0740/files/Untitled_design_21.png?v=1751826268,g,,,,,,
colourful-heart-printed-sweatshirt-set-white,,,,,,,,,5 - 6 Years,,,,,,,,'10716579,500.0,,0,deny,manual,1399.00,1799.00,true,true,,,,,'10716579,,,,,,,,,,,,,,,,,,,,,,,,,,,,,,,,,,,,,,,,,,,,,,,https://cdn.shopify.com/s/files/1/0618/2368/0740/files/Untitled_design_21.png?v=1751826268,g,,,,,,
colourful-heart-printed-sweatshirt-set-white,,,,,,,,,7 - 8 Years,,,,,,,,'10716581,500.0,,-1,deny,manual,1399.00,1799.00,true,true,,,,,'10716581,,,,,,,,,,,,,,,,,,,,,,,,,,,,,,,,,,,,,,,,,,,,,,,https://cdn.shopify.com/s/files/1/0618/2368/0740/files/Untitled_design_21.png?v=1751826268,g,,,,,,
colourful-heart-printed-sweatshirt-set-white,,,,,,,,,9 - 10 Years,,,,,,,,'10716583,500.0,,-1,deny,manual,1399.00,1899.00,true,true,,,,,'10716583,,,,,,,,,,,,,,,,,,,,,,,,,,,,,,,,,,,,,,,,,,,,,,,https://cdn.shopify.com/s/files/1/0618/2368/0740/files/Untitled_design_21.png?v=1751826268,g,,,,,,
winter-lapel-long-coat-for-women,Winter Lapel Long Coat For Women,"<h4>Winter Lapel Long Coat For Women </h4>
<ul>
<li>The women's fashionable casual long sleeve lengthened fleece coat cardigan fabric feels comfortable and exquisite. It is simple and delicate. It is a perfect version type for daily appointment and party.</li>
<li>For ladies, girls or juniors and makes you more beautiful, fashion and elegant.</li>
<li>Stylish and fashion design make you more attractive .Great for daily casual, It is made of high quality materials, durable enough for your daily wearing.</li>
<li>Washing is not easy to fade, and the precision textile process is not easy to be deformed by washing. High-quality fabric, comfortable skin mild and non-irritating.</li>
<li>Color Contrast clothing is classic and simple, it is never old-fashioned.</li>
</ul>
<h6><span style=""font-size: 1.4em;"">Machine washable, hand wash recommended. Please refer to the size chart below for details before purchasing to find out the details in the product description.</span></h6>
<p><br></p>
<p><span>Material : Fleece<br>Collar : Turn-down Collar<br>Sleeve Length : Full<br>Style : Cardigan<br></span></p>
<p><span>* Due to the difference between the different displays, the picture may not reflect the actual color of the item. Thank you!</span> </p>",BBG FASHION,Apparel & Accessories > Clothing > Outerwear > Coats & Jackets,coats,"Coats, wintercollection, woo",false,Size,Medium,,Color,Cream,,,,,'10716555,0.5,shopify,100,deny,manual,2999.00,2000.00,true,false,,,,,'10716555,https://cdn.shopify.com/s/files/1/0618/2368/0740/files/3_17_27693c67-ed38-4944-a5fe-8db3b967da6e.jpg?v=1768563889,1,Winter Lapel Long Coat For Women - front view - women's wear Pakistan,false,,"Shop Winter Lapel Long Coat for women. Elegant, warm and perfect for winter layering. Cash on Delivery available all over Pakistan.",,,,,,,,,,,,,'2,,,teens; adults,,,hand-wash-1; machine-washable-1,,cream; brown-1; berry-blue; black; rainbow; striped; yellow-1; navy-1,,,fleece,,,,,pockets-1; lightweight; insulated,,medium; large; extra-large,,long-1,girls,,,,,,,https://cdn.shopify.com/s/files/1/0618/2368/0740/files/3_17_27693c67-ed38-4944-a5fe-8db3b967da6e.jpg?v=1768563889,g,,1000.00,true,,,draft
winter-lapel-long-coat-for-women,,,,,,,,,Medium,,,Black,,,,,'10716556,0.5,shopify,100,deny,manual,2999.00,2000.00,true,false,,,,,'10716556,https://cdn.shopify.com/s/files/1/0618/2368/0740/files/4_20_95708793-ef9b-4fbf-b5fb-913cdb91aabb.jpg?v=1768563889,2,Winter Lapel Long Coat For Women - back view - women's wear Pakistan,,,,,,,,,,,,,,,,,,,,,,,,,,,,,,,,,,,,,,,,,,,,https://cdn.shopify.com/s/files/1/0618/2368/0740/files/4_20_95708793-ef9b-4fbf-b5fb-913cdb91aabb.jpg?v=1768563889,g,,1000.00,,,,
winter-lapel-long-coat-for-women,,,,,,,,,Medium,,,Yellow,,,,,'10716557,0.5,shopify,100,deny,manual,2999.00,2000.00,true,false,,,,,'10716557,https://cdn.shopify.com/s/files/1/0618/2368/0740/files/1_16_965f1cc4-c3fb-49d5-925a-d76e81392d84.jpg?v=1768563889,3,Winter Lapel Long Coat For Women - side view - women's wear Pakistan,,,,,,,,,,,,,,,,,,,,,,,,,,,,,,,,,,,,,,,,,,,,https://cdn.shopify.com/s/files/1/0618/2368/0740/files/1_16_965f1cc4-c3fb-49d5-925a-d76e81392d84.jpg?v=1768563889,g,,1000.00,,,,
winter-lapel-long-coat-for-women,,,,,,,,,Medium,,,brown,,,,,'10716558,0.5,shopify,100,deny,manual,2999.00,2000.00,true,false,,,,,'10716558,https://cdn.shopify.com/s/files/1/0618/2368/0740/files/5_19_da2d69d0-c402-4497-9bb2-98ac30a9a050.jpg?v=1768563889,4,Winter Lapel Long Coat For Women - detail shot - women's wear Pakistan,,,,,,,,,,,,,,,,,,,,,,,,,,,,,,,,,,,,,,,,,,,,https://cdn.shopify.com/s/files/1/0618/2368/0740/files/4_18_176fb44a-b887-42e9-885e-c6157a65f4cd.jpg?v=1768563889,g,,1000.00,,,,
winter-lapel-long-coat-for-women,,,,,,,,,Medium,,,navy blue,,,,,'10716560,0.5,shopify,100,deny,manual,2999.00,2000.00,true,false,,,,,'10716560,https://cdn.shopify.com/s/files/1/0618/2368/0740/files/4_18_176fb44a-b887-42e9-885e-c6157a65f4cd.jpg?v=1768563889,5,Winter Lapel Long Coat For Women - front view - women's wear Pakistan,,,,,,,,,,,,,,,,,,,,,,,,,,,,,,,,,,,,,,,,,,,,https://cdn.shopify.com/s/files/1/0618/2368/0740/files/5_19_da2d69d0-c402-4497-9bb2-98ac30a9a050.jpg?v=1768563889,g,,1000.00,,,,
winter-lapel-long-coat-for-women,,,,,,,,,Large,,,Cream,,,,,'10716562,0.5,shopify,100,deny,manual,2999.00,2000.00,true,false,,,,,'10716562,https://cdn.shopify.com/s/files/1/0618/2368/0740/files/cardigan-size-chart-1080x1350webp.webp?v=1768563889,6,Women S Navy Blue Long Fleece Winter Coat size chart - measurements guide,,,,,,,,,,,,,,,,,,,,,,,,,,,,,,,,,,,,,,,,,,,,https://cdn.shopify.com/s/files/1/0618/2368/0740/files/3_17_27693c67-ed38-4944-a5fe-8db3b967da6e.jpg?v=1768563889,g,,1000.00,,,,
winter-lapel-long-coat-for-women,,,,,,,,,Large,,,Black,,,,,'10716563,0.5,shopify,100,deny,manual,2999.00,2000.00,true,false,,,,,'10716563,,,,,,,,,,,,,,,,,,,,,,,,,,,,,,,,,,,,,,,,,,,,,,,https://cdn.shopify.com/s/files/1/0618/2368/0740/files/4_20_95708793-ef9b-4fbf-b5fb-913cdb91aabb.jpg?v=1768563889,g,,1000.00,,,,
winter-lapel-long-coat-for-women,,,,,,,,,Large,,,Yellow,,,,,'10716564,0.5,shopify,100,deny,manual,2999.00,2000.00,true,false,,,,,'10716564,,,,,,,,,,,,,,,,,,,,,,,,,,,,,,,,,,,,,,,,,,,,,,,https://cdn.shopify.com/s/files/1/0618/2368/0740/files/1_16_965f1cc4-c3fb-49d5-925a-d76e81392d84.jpg?v=1768563889,g,,1000.00,,,,
winter-lapel-long-coat-for-women,,,,,,,,,Large,,,brown,,,,,'10716565,0.5,shopify,100,deny,manual,2999.00,2000.00,true,false,,,,,'10716565,,,,,,,,,,,,,,,,,,,,,,,,,,,,,,,,,,,,,,,,,,,,,,,https://cdn.shopify.com/s/files/1/0618/2368/0740/files/4_18_176fb44a-b887-42e9-885e-c6157a65f4cd.jpg?v=1768563889,g,,1000.00,,,,
winter-lapel-long-coat-for-women,,,,,,,,,Large,,,navy blue,,,,,'10716567,0.5,shopify,100,deny,manual,2999.00,2000.00,true,false,,,,,'10716567,,,,,,,,,,,,,,,,,,,,,,,,,,,,,,,,,,,,,,,,,,,,,,,https://cdn.shopify.com/s/files/1/0618/2368/0740/files/5_19_da2d69d0-c402-4497-9bb2-98ac30a9a050.jpg?v=1768563889,g,,1000.00,,,,
winter-lapel-long-coat-for-women,,,,,,,,,XL,,,Cream,,,,,'10716569,0.5,shopify,100,deny,manual,2999.00,2000.00,true,false,,,,,'10716569,,,,,,,,,,,,,,,,,,,,,,,,,,,,,,,,,,,,,,,,,,,,,,,https://cdn.shopify.com/s/files/1/0618/2368/0740/files/3_17_27693c67-ed38-4944-a5fe-8db3b967da6e.jpg?v=1768563889,g,,1000.00,,,,
winter-lapel-long-coat-for-women,,,,,,,,,XL,,,Black,,,,,'10716570,0.5,shopify,100,deny,manual,2999.00,2000.00,true,false,,,,,'10716570,,,,,,,,,,,,,,,,,,,,,,,,,,,,,,,,,,,,,,,,,,,,,,,https://cdn.shopify.com/s/files/1/0618/2368/0740/files/4_20_95708793-ef9b-4fbf-b5fb-913cdb91aabb.jpg?v=1768563889,g,,1000.00,,,,
winter-lapel-long-coat-for-women,,,,,,,,,XL,,,Yellow,,,,,'10716571,0.5,shopify,100,deny,manual,2999.00,2000.00,true,false,,,,,'10716571,,,,,,,,,,,,,,,,,,,,,,,,,,,,,,,,,,,,,,,,,,,,,,,https://cdn.shopify.com/s/files/1/0618/2368/0740/files/1_16_965f1cc4-c3fb-49d5-925a-d76e81392d84.jpg?v=1768563889,g,,1000.00,,,,
winter-lapel-long-coat-for-women,,,,,,,,,XL,,,brown,,,,,'10716572,0.5,shopify,100,deny,manual,2999.00,2000.00,true,false,,,,,'10716572,,,,,,,,,,,,,,,,,,,,,,,,,,,,,,,,,,,,,,,,,,,,,,,https://cdn.shopify.com/s/files/1/0618/2368/0740/files/4_18_176fb44a-b887-42e9-885e-c6157a65f4cd.jpg?v=1768563889,g,,1000.00,,,,
winter-lapel-long-coat-for-women,,,,,,,,,XL,,,navy blue,,,,,'10716574,0.5,shopify,100,deny,manual,2999.00,2000.00,true,false,,,,,'10716574,,,,,,,,,,,,,,,,,,,,,,,,,,,,,,,,,,,,,,,,,,,,,,,https://cdn.shopify.com/s/files/1/0618/2368/0740/files/5_19_da2d69d0-c402-4497-9bb2-98ac30a9a050.jpg?v=1768563889,g,,1000.00,,,,
moon-sun-printed-women-hoodie-set-copy,Geometrical Heart Printed Women Hoodie Set,"<h4>Geometrical Heart Printed Women Hoodie Set</h4>
<ul class=""a-unordered-list a-vertical a-spacing-mini"">
<li>
<p>Pair of Hoodie &amp; Trouser</p>
<p>Fabric: Soft High-Quality Fleece</p>
<p>Full Sleeve &amp; Hoodie</p>
<p>Contrast Trouser</p>
<p>Round Neck</p>
<p>Comfortable Wear </p>
<p>Easy Wash &amp; Press</p>
</li>
</ul>",BBG FASHION,Apparel & Accessories > Clothing,Hoodie Set For Her,"Hoodie Set For Her, wintercollection, woo",false,Size,Small,,Fabric,fleece,product.metafields.shopify.fabric,Color,gray-3,product.metafields.shopify.color-pattern,'10716516,700.0,shopify,100,deny,manual,2199.00,1899.00,true,false,,,,,'10716516,https://cdn.shopify.com/s/files/1/0618/2368/0740/files/WhatsApp_Image_2024-12-24_at_6.42.43_PM_1.jpg?v=1735230797,1,Moon Sun Printed Women Hoodie Set Copy - front view - women's wear Pakistan,false,,,,,,,,,,,,,,,,,,,,,,,gray-3; olive-green; beige; yellow; purple; brown; silver; navy-blue; blue; black,,,fleece,,,,,,,,,,,,,,,,,https://cdn.shopify.com/s/files/1/0618/2368/0740/files/WhatsApp_Image_2024-12-24_at_6.42.44_PM_1.jpg?v=1735230797,g,,0.00,true,,,draft
moon-sun-printed-women-hoodie-set-copy,,,,,,,,,Small,,,fleece,,,olive-green,,'10716517,700.0,shopify,100,deny,manual,2199.00,1899.00,true,false,,,,,'10716517,https://cdn.shopify.com/s/files/1/0618/2368/0740/files/WhatsApp_Image_2024-12-24_at_6.42.43_PM.jpg?v=1735230797,2,Moon Sun Printed Women Hoodie Set Copy - back view - women's wear Pakistan,,,,,,,,,,,,,,,,,,,,,,,,,,,,,,,,,,,,,,,,,,,,https://cdn.shopify.com/s/files/1/0618/2368/0740/files/WhatsApp_Image_2024-12-24_at_6.42.45_PM.jpg?v=1735230792,g,,0.00,,,,
moon-sun-printed-women-hoodie-set-copy,,,,,,,,,Small,,,fleece,,,beige,,'10716518,700.0,shopify,100,deny,manual,2199.00,1899.00,true,false,,,,,'10716518,https://cdn.shopify.com/s/files/1/0618/2368/0740/files/WhatsApp_Image_2024-12-24_at_6.42.44_PM_1.jpg?v=1735230797,3,Moon Sun Printed Women Hoodie Set Copy - side view - women's wear Pakistan,,,,,,,,,,,,,,,,,,,,,,,,,,,,,,,,,,,,,,,,,,,,https://cdn.shopify.com/s/files/1/0618/2368/0740/files/WhatsApp_Image_2024-12-24_at_6.42.43_PM.jpg?v=1735230797,g,,0.00,,,,
moon-sun-printed-women-hoodie-set-copy,,,,,,,,,Small,,,fleece,,,yellow,,'10716519,700.0,shopify,100,deny,manual,2199.00,1899.00,true,false,,,,,'10716519,https://cdn.shopify.com/s/files/1/0618/2368/0740/files/WhatsApp_Image_2024-12-24_at_6.42.44_PM.jpg?v=1735230797,4,Moon Sun Printed Women Hoodie Set Copy - detail shot - women's wear Pakistan,,,,,,,,,,,,,,,,,,,,,,,,,,,,,,,,,,,,,,,,,,,,https://cdn.shopify.com/s/files/1/0618/2368/0740/files/WhatsApp_Image_2024-12-24_at_6.42.45_PM_1.jpg?v=1735230797,g,,0.00,,,,
moon-sun-printed-women-hoodie-set-copy,,,,,,,,,Small,,,fleece,,,purple,,'10716520,700.0,shopify,100,deny,manual,2199.00,1899.00,true,false,,,,,'10716520,https://cdn.shopify.com/s/files/1/0618/2368/0740/files/WhatsApp_Image_2024-12-24_at_6.42.45_PM_1.jpg?v=1735230797,5,Moon Sun Printed Women Hoodie Set Copy - front view - women's wear Pakistan,,,,,,,,,,,,,,,,,,,,,,,,,,,,,,,,,,,,,,,,,,,,https://cdn.shopify.com/s/files/1/0618/2368/0740/files/WhatsApp_Image_2024-12-24_at_6.42.46_PM.jpg?v=1735230792,g,,0.00,,,,
moon-sun-printed-women-hoodie-set-copy,,,,,,,,,Small,,,fleece,,,brown,,'10716521,700.0,shopify,100,deny,manual,2199.00,1899.00,true,false,,,,,'10716521,https://cdn.shopify.com/s/files/1/0618/2368/0740/files/WhatsApp_Image_2024-12-20_at_4.49.09_PM.jpg?v=1758896990,6,We See What We Want Printed Women Hoodie Set Copy - back view - women's wear Pakistan,,,,,,,,,,,,,,,,,,,,,,,,,,,,,,,,,,,,,,,,,,,,https://cdn.shopify.com/s/files/1/0618/2368/0740/files/WhatsApp_Image_2024-12-24_at_6.42.47_PM.jpg?v=1735230792,g,,0.00,,,,
moon-sun-printed-women-hoodie-set-copy,,,,,,,,,Small,,,fleece,,,silver,,'10716522,700.0,shopify,100,deny,manual,2199.00,1899.00,true,false,,,,,'10716522,https://cdn.shopify.com/s/files/1/0618/2368/0740/files/WhatsApp_Image_2024-12-24_at_6.42.45_PM.jpg?v=1735230792,7,Moon Sun Printed Women Hoodie Set Copy - side view - women's wear Pakistan,,,,,,,,,,,,,,,,,,,,,,,,,,,,,,,,,,,,,,,,,,,,https://cdn.shopify.com/s/files/1/0618/2368/0740/files/WhatsApp_Image_2024-12-24_at_6.42.47_PM_1.jpg?v=1735230792,g,,0.00,,,,
moon-sun-printed-women-hoodie-set-copy,,,,,,,,,Small,,,fleece,,,navy-blue,,'10716523,700.0,shopify,100,deny,manual,2199.00,1899.00,true,false,,,,,'10716523,https://cdn.shopify.com/s/files/1/0618/2368/0740/files/WhatsApp_Image_2024-12-24_at_6.42.46_PM.jpg?v=1735230792,8,Moon Sun Printed Women Hoodie Set Copy - detail shot - women's wear Pakistan,,,,,,,,,,,,,,,,,,,,,,,,,,,,,,,,,,,,,,,,,,,,https://cdn.shopify.com/s/files/1/0618/2368/0740/files/WhatsApp_Image_2024-12-24_at_6.42.43_PM_1.jpg?v=1735230797,g,,0.00,,,,
moon-sun-printed-women-hoodie-set-copy,,,,,,,,,Small,,,fleece,,,blue,,'10716524,700.0,shopify,100,deny,manual,2199.00,1899.00,true,false,,,,,'10716524,https://cdn.shopify.com/s/files/1/0618/2368/0740/files/WhatsApp_Image_2024-12-24_at_6.42.47_PM_1.jpg?v=1735230792,9,Moon Sun Printed Women Hoodie Set Copy - front view - women's wear Pakistan,,,,,,,,,,,,,,,,,,,,,,,,,,,,,,,,,,,,,,,,,,,,https://cdn.shopify.com/s/files/1/0618/2368/0740/files/WhatsApp_Image_2024-12-24_at_6.42.48_PM.jpg?v=1735230792,g,,0.00,,,,
moon-sun-printed-women-hoodie-set-copy,,,,,,,,,Small,,,fleece,,,black,,'10716525,700.0,shopify,100,deny,manual,2199.00,1899.00,true,false,,,,,'10716525,https://cdn.shopify.com/s/files/1/0618/2368/0740/files/WhatsApp_Image_2024-12-24_at_6.42.47_PM.jpg?v=1735230792,10,Moon Sun Printed Women Hoodie Set Copy - back view - women's wear Pakistan,,,,,,,,,,,,,,,,,,,,,,,,,,,,,,,,,,,,,,,,,,,,https://cdn.shopify.com/s/files/1/0618/2368/0740/files/WhatsApp_Image_2024-12-24_at_6.42.44_PM.jpg?v=1735230797,g,,0.00,,,,
moon-sun-printed-women-hoodie-set-copy,,,,,,,,,Medium,,,fleece,,,gray-3,,'10716526,700.0,shopify,100,deny,manual,2199.00,1899.00,true,false,,,,,'10716526,https://cdn.shopify.com/s/files/1/0618/2368/0740/files/WhatsApp_Image_2024-12-24_at_6.42.48_PM.jpg?v=1735230792,11,Moon Sun Printed Women Hoodie Set Copy - side view - women's wear Pakistan,,,,,,,,,,,,,,,,,,,,,,,,,,,,,,,,,,,,,,,,,,,,https://cdn.shopify.com/s/files/1/0618/2368/0740/files/WhatsApp_Image_2024-12-24_at_6.42.44_PM_1.jpg?v=1735230797,g,,0.00,,,,
moon-sun-printed-women-hoodie-set-copy,,,,,,,,,Medium,,,fleece,,,olive-green,,'10716527,700.0,shopify,100,deny,manual,2199.00,1899.00,true,false,,,,,'10716527,,,,,,,,,,,,,,,,,,,,,,,,,,,,,,,,,,,,,,,,,,,,,,,https://cdn.shopify.com/s/files/1/0618/2368/0740/files/WhatsApp_Image_2024-12-24_at_6.42.45_PM.jpg?v=1735230792,g,,0.00,,,,
moon-sun-printed-women-hoodie-set-copy,,,,,,,,,Medium,,,fleece,,,beige,,'10716528,700.0,shopify,100,deny,manual,2199.00,1899.00,true,false,,,,,'10716528,,,,,,,,,,,,,,,,,,,,,,,,,,,,,,,,,,,,,,,,,,,,,,,https://cdn.shopify.com/s/files/1/0618/2368/0740/files/WhatsApp_Image_2024-12-24_at_6.42.43_PM.jpg?v=1735230797,g,,0.00,,,,
moon-sun-printed-women-hoodie-set-copy,,,,,,,,,Medium,,,fleece,,,yellow,,'10716529,700.0,shopify,100,deny,manual,2199.00,1899.00,true,false,,,,,'10716529,,,,,,,,,,,,,,,,,,,,,,,,,,,,,,,,,,,,,,,,,,,,,,,https://cdn.shopify.com/s/files/1/0618/2368/0740/files/WhatsApp_Image_2024-12-24_at_6.42.45_PM_1.jpg?v=1735230797,g,,0.00,,,,
moon-sun-printed-women-hoodie-set-copy,,,,,,,,,Medium,,,fleece,,,purple,,'10716530,700.0,shopify,99,deny,manual,2199.00,1899.00,true,false,,,,,'10716530,,,,,,,,,,,,,,,,,,,,,,,,,,,,,,,,,,,,,,,,,,,,,,,https://cdn.shopify.com/s/files/1/0618/2368/0740/files/WhatsApp_Image_2024-12-24_at_6.42.46_PM.jpg?v=1735230792,g,,0.00,,,,
moon-sun-printed-women-hoodie-set-copy,,,,,,,,,Medium,,,fleece,,,brown,,'10716531,700.0,shopify,100,deny,manual,2199.00,1899.00,true,false,,,,,'10716531,,,,,,,,,,,,,,,,,,,,,,,,,,,,,,,,,,,,,,,,,,,,,,,https://cdn.shopify.com/s/files/1/0618/2368/0740/files/WhatsApp_Image_2024-12-24_at_6.42.47_PM.jpg?v=1735230792,g,,0.00,,,,
moon-sun-printed-women-hoodie-set-copy,,,,,,,,,Medium,,,fleece,,,silver,,'10716532,700.0,shopify,100,deny,manual,2199.00,1899.00,true,false,,,,,'10716532,,,,,,,,,,,,,,,,,,,,,,,,,,,,,,,,,,,,,,,,,,,,,,,https://cdn.shopify.com/s/files/1/0618/2368/0740/files/WhatsApp_Image_2024-12-24_at_6.42.47_PM_1.jpg?v=1735230792,g,,0.00,,,,
moon-sun-printed-women-hoodie-set-copy,,,,,,,,,Medium,,,fleece,,,navy-blue,,'10716533,700.0,shopify,100,deny,manual,2199.00,1899.00,true,false,,,,,'10716533,,,,,,,,,,,,,,,,,,,,,,,,,,,,,,,,,,,,,,,,,,,,,,,https://cdn.shopify.com/s/files/1/0618/2368/0740/files/WhatsApp_Image_2024-12-24_at_6.42.43_PM_1.jpg?v=1735230797,g,,0.00,,,,
moon-sun-printed-women-hoodie-set-copy,,,,,,,,,Medium,,,fleece,,,blue,,'10716534,700.0,shopify,100,deny,manual,2199.00,1899.00,true,false,,,,,'10716534,,,,,,,,,,,,,,,,,,,,,,,,,,,,,,,,,,,,,,,,,,,,,,,https://cdn.shopify.com/s/files/1/0618/2368/0740/files/WhatsApp_Image_2024-12-24_at_6.42.48_PM.jpg?v=1735230792,g,,0.00,,,,
moon-sun-printed-women-hoodie-set-copy,,,,,,,,,Medium,,,fleece,,,black,,'10716535,700.0,shopify,100,deny,manual,2199.00,1899.00,true,false,,,,,'10716535,,,,,,,,,,,,,,,,,,,,,,,,,,,,,,,,,,,,,,,,,,,,,,,https://cdn.shopify.com/s/files/1/0618/2368/0740/files/WhatsApp_Image_2024-12-24_at_6.42.44_PM.jpg?v=1735230797,g,,0.00,,,,
moon-sun-printed-women-hoodie-set-copy,,,,,,,,,Large,,,fleece,,,gray-3,,'10716536,700.0,shopify,100,deny,manual,2299.00,1899.00,true,false,,,,,'10716536,,,,,,,,,,,,,,,,,,,,,,,,,,,,,,,,,,,,,,,,,,,,,,,https://cdn.shopify.com/s/files/1/0618/2368/0740/files/WhatsApp_Image_2024-12-24_at_6.42.44_PM_1.jpg?v=1735230797,g,,0.00,,,,
moon-sun-printed-women-hoodie-set-copy,,,,,,,,,Large,,,fleece,,,olive-green,,'10716537,700.0,shopify,100,deny,manual,2299.00,1899.00,true,false,,,,,'10716537,,,,,,,,,,,,,,,,,,,,,,,,,,,,,,,,,,,,,,,,,,,,,,,https://cdn.shopify.com/s/files/1/0618/2368/0740/files/WhatsApp_Image_2024-12-24_at_6.42.45_PM.jpg?v=1735230792,g,,0.00,,,,
moon-sun-printed-women-hoodie-set-copy,,,,,,,,,Large,,,fleece,,,beige,,'10716538,700.0,shopify,100,deny,manual,2299.00,1899.00,true,false,,,,,'10716538,,,,,,,,,,,,,,,,,,,,,,,,,,,,,,,,,,,,,,,,,,,,,,,https://cdn.shopify.com/s/files/1/0618/2368/0740/files/WhatsApp_Image_2024-12-24_at_6.42.43_PM.jpg?v=1735230797,g,,0.00,,,,
moon-sun-printed-women-hoodie-set-copy,,,,,,,,,Large,,,fleece,,,yellow,,'10716539,700.0,shopify,100,deny,manual,2299.00,1899.00,true,false,,,,,'10716539,,,,,,,,,,,,,,,,,,,,,,,,,,,,,,,,,,,,,,,,,,,,,,,https://cdn.shopify.com/s/files/1/0618/2368/0740/files/WhatsApp_Image_2024-12-24_at_6.42.45_PM_1.jpg?v=1735230797,g,,0.00,,,,
moon-sun-printed-women-hoodie-set-copy,,,,,,,,,Large,,,fleece,,,purple,,'10716540,700.0,shopify,100,deny,manual,2299.00,1899.00,true,false,,,,,'10716540,,,,,,,,,,,,,,,,,,,,,,,,,,,,,,,,,,,,,,,,,,,,,,,https://cdn.shopify.com/s/files/1/0618/2368/0740/files/WhatsApp_Image_2024-12-24_at_6.42.46_PM.jpg?v=1735230792,g,,0.00,,,,
moon-sun-printed-women-hoodie-set-copy,,,,,,,,,Large,,,fleece,,,brown,,'10716541,700.0,shopify,100,deny,manual,2299.00,1899.00,true,false,,,,,'10716541,,,,,,,,,,,,,,,,,,,,,,,,,,,,,,,,,,,,,,,,,,,,,,,https://cdn.shopify.com/s/files/1/0618/2368/0740/files/WhatsApp_Image_2024-12-24_at_6.42.47_PM.jpg?v=1735230792,g,,0.00,,,,
moon-sun-printed-women-hoodie-set-copy,,,,,,,,,Large,,,fleece,,,silver,,'10716542,700.0,shopify,100,deny,manual,2299.00,1899.00,true,false,,,,,'10716542,,,,,,,,,,,,,,,,,,,,,,,,,,,,,,,,,,,,,,,,,,,,,,,https://cdn.shopify.com/s/files/1/0618/2368/0740/files/WhatsApp_Image_2024-12-24_at_6.42.47_PM_1.jpg?v=1735230792,g,,0.00,,,,
moon-sun-printed-women-hoodie-set-copy,,,,,,,,,Large,,,fleece,,,navy-blue,,'10716543,700.0,shopify,100,deny,manual,2299.00,1899.00,true,false,,,,,'10716543,,,,,,,,,,,,,,,,,,,,,,,,,,,,,,,,,,,,,,,,,,,,,,,https://cdn.shopify.com/s/files/1/0618/2368/0740/files/WhatsApp_Image_2024-12-24_at_6.42.43_PM_1.jpg?v=1735230797,g,,0.00,,,,
moon-sun-printed-women-hoodie-set-copy,,,,,,,,,Large,,,fleece,,,blue,,'10716544,700.0,shopify,100,deny,manual,2299.00,1899.00,true,false,,,,,'10716544,,,,,,,,,,,,,,,,,,,,,,,,,,,,,,,,,,,,,,,,,,,,,,,https://cdn.shopify.com/s/files/1/0618/2368/0740/files/WhatsApp_Image_2024-12-24_at_6.42.48_PM.jpg?v=1735230792,g,,0.00,,,,
moon-sun-printed-women-hoodie-set-copy,,,,,,,,,Large,,,fleece,,,black,,'10716545,700.0,shopify,100,deny,manual,2299.00,1899.00,true,false,,,,,'10716545,,,,,,,,,,,,,,,,,,,,,,,,,,,,,,,,,,,,,,,,,,,,,,,https://cdn.shopify.com/s/files/1/0618/2368/0740/files/WhatsApp_Image_2024-12-24_at_6.42.44_PM.jpg?v=1735230797,g,,0.00,,,,
moon-sun-printed-women-hoodie-set-copy,,,,,,,,,XL,,,fleece,,,gray-3,,'10716546,700.0,shopify,100,deny,manual,2399.00,1899.00,true,false,,,,,'10716546,,,,,,,,,,,,,,,,,,,,,,,,,,,,,,,,,,,,,,,,,,,,,,,https://cdn.shopify.com/s/files/1/0618/2368/0740/files/WhatsApp_Image_2024-12-24_at_6.42.44_PM_1.jpg?v=1735230797,g,,0.00,,,,
moon-sun-printed-women-hoodie-set-copy,,,,,,,,,XL,,,fleece,,,olive-green,,'10716547,700.0,shopify,100,deny,manual,2399.00,1899.00,true,false,,,,,'10716547,,,,,,,,,,,,,,,,,,,,,,,,,,,,,,,,,,,,,,,,,,,,,,,https://cdn.shopify.com/s/files/1/0618/2368/0740/files/WhatsApp_Image_2024-12-24_at_6.42.45_PM.jpg?v=1735230792,g,,0.00,,,,
moon-sun-printed-women-hoodie-set-copy,,,,,,,,,XL,,,fleece,,,beige,,'10716548,700.0,shopify,100,deny,manual,2399.00,1899.00,true,false,,,,,'10716548,,,,,,,,,,,,,,,,,,,,,,,,,,,,,,,,,,,,,,,,,,,,,,,https://cdn.shopify.com/s/files/1/0618/2368/0740/files/WhatsApp_Image_2024-12-24_at_6.42.43_PM.jpg?v=1735230797,g,,0.00,,,,
moon-sun-printed-women-hoodie-set-copy,,,,,,,,,XL,,,fleece,,,yellow,,'10716549,700.0,shopify,100,deny,manual,2399.00,1899.00,true,false,,,,,'10716549,,,,,,,,,,,,,,,,,,,,,,,,,,,,,,,,,,,,,,,,,,,,,,,https://cdn.shopify.com/s/files/1/0618/2368/0740/files/WhatsApp_Image_2024-12-24_at_6.42.45_PM_1.jpg?v=1735230797,g,,0.00,,,,
moon-sun-printed-women-hoodie-set-copy,,,,,,,,,XL,,,fleece,,,purple,,'10716550,700.0,shopify,100,deny,manual,2399.00,1899.00,true,false,,,,,'10716550,,,,,,,,,,,,,,,,,,,,,,,,,,,,,,,,,,,,,,,,,,,,,,,https://cdn.shopify.com/s/files/1/0618/2368/0740/files/WhatsApp_Image_2024-12-24_at_6.42.46_PM.jpg?v=1735230792,g,,0.00,,,,
moon-sun-printed-women-hoodie-set-copy,,,,,,,,,XL,,,fleece,,,brown,,'10716551,700.0,shopify,100,deny,manual,2399.00,1899.00,true,false,,,,,'10716551,,,,,,,,,,,,,,,,,,,,,,,,,,,,,,,,,,,,,,,,,,,,,,,https://cdn.shopify.com/s/files/1/0618/2368/0740/files/WhatsApp_Image_2024-12-24_at_6.42.47_PM.jpg?v=1735230792,g,,0.00,,,,
moon-sun-printed-women-hoodie-set-copy,,,,,,,,,XL,,,fleece,,,silver,,'10716552,700.0,shopify,100,deny,manual,2399.00,1899.00,true,false,,,,,'10716552,,,,,,,,,,,,,,,,,,,,,,,,,,,,,,,,,,,,,,,,,,,,,,,https://cdn.shopify.com/s/files/1/0618/2368/0740/files/WhatsApp_Image_2024-12-24_at_6.42.47_PM_1.jpg?v=1735230792,g,,0.00,,,,
moon-sun-printed-women-hoodie-set-copy,,,,,,,,,XL,,,fleece,,,navy-blue,,'10716553,700.0,shopify,100,deny,manual,2399.00,1899.00,true,false,,,,,'10716553,,,,,,,,,,,,,,,,,,,,,,,,,,,,,,,,,,,,,,,,,,,,,,,https://cdn.shopify.com/s/files/1/0618/2368/0740/files/WhatsApp_Image_2024-12-24_at_6.42.43_PM_1.jpg?v=1735230797,g,,0.00,,,,
moon-sun-printed-women-hoodie-set-copy,,,,,,,,,XL,,,fleece,,,blue,,'10716554,700.0,shopify,100,deny,manual,2399.00,1899.00,true,false,,,,,'10716554,,,,,,,,,,,,,,,,,,,,,,,,,,,,,,,,,,,,,,,,,,,,,,,https://cdn.shopify.com/s/files/1/0618/2368/0740/files/WhatsApp_Image_2024-12-24_at_6.42.48_PM.jpg?v=1735230792,g,,0.00,,,,
moon-sun-printed-women-hoodie-set-copy,,,,,,,,,XL,,,fleece,,,black,,'10706981,700.0,shopify,100,deny,manual,2399.00,1899.00,true,false,,,,,'10706981,,,,,,,,,,,,,,,,,,,,,,,,,,,,,,,,,,,,,,,,,,,,,,,https://cdn.shopify.com/s/files/1/0618/2368/0740/files/WhatsApp_Image_2024-12-24_at_6.42.44_PM.jpg?v=1735230797,g,,0.00,,,,
we-see-what-we-want-printed-women-hoodie-set-copy,Moon & Sun Printed Women Hoodie Set,"<h4>Moon &amp; Sun Printed Women Hoodie Set </h4>
<ul class=""a-unordered-list a-vertical a-spacing-mini"">
<li>
<p>Pair of Hoodie &amp; Trouser</p>
<p>Fabric: Soft High-Quality Fleece</p>
<p>Full Sleeve &amp; Hoodie</p>
<p>Contrast Trouser</p>
<p>Round Neck</p>
<p>Comfortable Wear </p>
<p>Easy Wash &amp; Press</p>
</li>
</ul>",BBG FASHION,Apparel & Accessories > Clothing,Hoodie Set For Her,"Hoodie Set For Her, wintercollection, woo",false,Size,Small,,Fabric,fleece,product.metafields.shopify.fabric,Color,gray-3,product.metafields.shopify.color-pattern,'10716477,700.0,shopify,100,deny,manual,2199.00,1899.00,true,false,,,,,'10716477,https://cdn.shopify.com/s/files/1/0618/2368/0740/files/WhatsApp_Image_2024-12-24_at_6.38.02_PM.jpg?v=1735230447,1,We See What We Want Printed Women Hoodie Set Copy - front view - women's wear Pakistan,false,,,,,,,,,,,,,,,,,,,,,,,gray-3; olive-green; beige; yellow; purple; brown; silver; navy-blue; blue; black,,,fleece,,,,,,,,,,,,,,,,,https://cdn.shopify.com/s/files/1/0618/2368/0740/files/WhatsApp_Image_2024-12-24_at_6.38.04_PM.jpg?v=1735230447,g,,0.00,true,,,draft
we-see-what-we-want-printed-women-hoodie-set-copy,,,,,,,,,Small,,,fleece,,,olive-green,,'10716478,700.0,shopify,100,deny,manual,2199.00,1899.00,true,false,,,,,'10716478,https://cdn.shopify.com/s/files/1/0618/2368/0740/files/WhatsApp_Image_2024-12-24_at_6.38.03_PM_1.jpg?v=1735230447,2,We See What We Want Printed Women Hoodie Set Copy - back view - women's wear Pakistan,,,,,,,,,,,,,,,,,,,,,,,,,,,,,,,,,,,,,,,,,,,,https://cdn.shopify.com/s/files/1/0618/2368/0740/files/WhatsApp_Image_2024-12-24_at_6.38.04_PM_1.jpg?v=1735230447,g,,0.00,,,,
we-see-what-we-want-printed-women-hoodie-set-copy,,,,,,,,,Small,,,fleece,,,beige,,'10716479,700.0,shopify,100,deny,manual,2199.00,1899.00,true,false,,,,,'10716479,https://cdn.shopify.com/s/files/1/0618/2368/0740/files/WhatsApp_Image_2024-12-24_at_6.38.03_PM.jpg?v=1735230447,3,We See What We Want Printed Women Hoodie Set Copy - side view - women's wear Pakistan,,,,,,,,,,,,,,,,,,,,,,,,,,,,,,,,,,,,,,,,,,,,https://cdn.shopify.com/s/files/1/0618/2368/0740/files/WhatsApp_Image_2024-12-24_at_6.38.02_PM.jpg?v=1735230447,g,,0.00,,,,
we-see-what-we-want-printed-women-hoodie-set-copy,,,,,,,,,Small,,,fleece,,,yellow,,'10716480,700.0,shopify,100,deny,manual,2199.00,1899.00,true,false,,,,,'10716480,https://cdn.shopify.com/s/files/1/0618/2368/0740/files/WhatsApp_Image_2024-12-24_at_6.38.04_PM_1.jpg?v=1735230447,4,We See What We Want Printed Women Hoodie Set Copy - detail shot - women's wear Pakistan,,,,,,,,,,,,,,,,,,,,,,,,,,,,,,,,,,,,,,,,,,,,https://cdn.shopify.com/s/files/1/0618/2368/0740/files/WhatsApp_Image_2024-12-24_at_6.38.05_PM.jpg?v=1735230437,g,,0.00,,,,
we-see-what-we-want-printed-women-hoodie-set-copy,,,,,,,,,Small,,,fleece,,,purple,,'10716481,700.0,shopify,100,deny,manual,2199.00,1899.00,true,false,,,,,'10716481,https://cdn.shopify.com/s/files/1/0618/2368/0740/files/WhatsApp_Image_2024-12-24_at_6.38.04_PM.jpg?v=1735230447,5,We See What We Want Printed Women Hoodie Set Copy - front view - women's wear Pakistan,,,,,,,,,,,,,,,,,,,,,,,,,,,,,,,,,,,,,,,,,,,,https://cdn.shopify.com/s/files/1/0618/2368/0740/files/WhatsApp_Image_2024-12-24_at_6.38.05_PM_1.jpg?v=1735230436,g,,0.00,,,,
we-see-what-we-want-printed-women-hoodie-set-copy,,,,,,,,,Small,,,fleece,,,brown,,'10716482,700.0,shopify,100,deny,manual,2199.00,1899.00,true,false,,,,,'10716482,https://cdn.shopify.com/s/files/1/0618/2368/0740/files/WhatsApp_Image_2024-12-20_at_4.49.09_PM.jpg?v=1758896990,6,We See What We Want Printed Women Hoodie Set Copy - back view - women's wear Pakistan,,,,,,,,,,,,,,,,,,,,,,,,,,,,,,,,,,,,,,,,,,,,https://cdn.shopify.com/s/files/1/0618/2368/0740/files/WhatsApp_Image_2024-12-24_at_6.38.06_PM.jpg?v=1735230436,g,,0.00,,,,
we-see-what-we-want-printed-women-hoodie-set-copy,,,,,,,,,Small,,,fleece,,,silver,,'10716483,700.0,shopify,100,deny,manual,2199.00,1899.00,true,false,,,,,'10716483,https://cdn.shopify.com/s/files/1/0618/2368/0740/files/WhatsApp_Image_2024-12-24_at_6.38.05_PM_1.jpg?v=1735230436,7,We See What We Want Printed Women Hoodie Set Copy - side view - women's wear Pakistan,,,,,,,,,,,,,,,,,,,,,,,,,,,,,,,,,,,,,,,,,,,,https://cdn.shopify.com/s/files/1/0618/2368/0740/files/WhatsApp_Image_2024-12-24_at_6.38.06_PM_1.jpg?v=1735230437,g,,0.00,,,,
we-see-what-we-want-printed-women-hoodie-set-copy,,,,,,,,,Small,,,fleece,,,navy-blue,,'10716484,700.0,shopify,100,deny,manual,2199.00,1899.00,true,false,,,,,'10716484,https://cdn.shopify.com/s/files/1/0618/2368/0740/files/WhatsApp_Image_2024-12-24_at_6.38.05_PM.jpg?v=1735230437,8,We See What We Want Printed Women Hoodie Set Copy - detail shot - women's wear Pakistan,,,,,,,,,,,,,,,,,,,,,,,,,,,,,,,,,,,,,,,,,,,,https://cdn.shopify.com/s/files/1/0618/2368/0740/files/WhatsApp_Image_2024-12-24_at_6.38.03_PM.jpg?v=1735230447,g,,0.00,,,,
we-see-what-we-want-printed-women-hoodie-set-copy,,,,,,,,,Small,,,fleece,,,blue,,'10716485,700.0,shopify,100,deny,manual,2199.00,1899.00,true,false,,,,,'10716485,https://cdn.shopify.com/s/files/1/0618/2368/0740/files/WhatsApp_Image_2024-12-24_at_6.38.06_PM_1.jpg?v=1735230437,9,We See What We Want Printed Women Hoodie Set Copy - front view - women's wear Pakistan,,,,,,,,,,,,,,,,,,,,,,,,,,,,,,,,,,,,,,,,,,,,https://cdn.shopify.com/s/files/1/0618/2368/0740/files/WhatsApp_Image_2024-12-24_at_6.38.07_PM.jpg?v=1735230437,g,,0.00,,,,
we-see-what-we-want-printed-women-hoodie-set-copy,,,,,,,,,Small,,,fleece,,,black,,'10716486,700.0,shopify,100,deny,manual,2199.00,1899.00,true,false,,,,,'10716486,https://cdn.shopify.com/s/files/1/0618/2368/0740/files/WhatsApp_Image_2024-12-24_at_6.38.06_PM.jpg?v=1735230436,10,We See What We Want Printed Women Hoodie Set Copy - back view - women's wear Pakistan,,,,,,,,,,,,,,,,,,,,,,,,,,,,,,,,,,,,,,,,,,,,https://cdn.shopify.com/s/files/1/0618/2368/0740/files/WhatsApp_Image_2024-12-24_at_6.38.03_PM_1.jpg?v=1735230447,g,,0.00,,,,
we-see-what-we-want-printed-women-hoodie-set-copy,,,,,,,,,Medium,,,fleece,,,gray-3,,'10716487,700.0,shopify,100,deny,manual,2199.00,1899.00,true,false,,,,,'10716487,https://cdn.shopify.com/s/files/1/0618/2368/0740/files/WhatsApp_Image_2024-12-24_at_6.38.07_PM.jpg?v=1735230437,11,We See What We Want Printed Women Hoodie Set Copy - side view - women's wear Pakistan,,,,,,,,,,,,,,,,,,,,,,,,,,,,,,,,,,,,,,,,,,,,https://cdn.shopify.com/s/files/1/0618/2368/0740/files/WhatsApp_Image_2024-12-24_at_6.38.04_PM.jpg?v=1735230447,g,,0.00,,,,
we-see-what-we-want-printed-women-hoodie-set-copy,,,,,,,,,Medium,,,fleece,,,olive-green,,'10716488,700.0,shopify,100,deny,manual,2199.00,1899.00,true,false,,,,,'10716488,,,,,,,,,,,,,,,,,,,,,,,,,,,,,,,,,,,,,,,,,,,,,,,https://cdn.shopify.com/s/files/1/0618/2368/0740/files/WhatsApp_Image_2024-12-24_at_6.38.04_PM_1.jpg?v=1735230447,g,,0.00,,,,
we-see-what-we-want-printed-women-hoodie-set-copy,,,,,,,,,Medium,,,fleece,,,beige,,'10716489,700.0,shopify,100,deny,manual,2199.00,1899.00,true,false,,,,,'10716489,,,,,,,,,,,,,,,,,,,,,,,,,,,,,,,,,,,,,,,,,,,,,,,https://cdn.shopify.com/s/files/1/0618/2368/0740/files/WhatsApp_Image_2024-12-24_at_6.38.02_PM.jpg?v=1735230447,g,,0.00,,,,
we-see-what-we-want-printed-women-hoodie-set-copy,,,,,,,,,Medium,,,fleece,,,yellow,,'10716490,700.0,shopify,100,deny,manual,2199.00,1899.00,true,false,,,,,'10716490,,,,,,,,,,,,,,,,,,,,,,,,,,,,,,,,,,,,,,,,,,,,,,,https://cdn.shopify.com/s/files/1/0618/2368/0740/files/WhatsApp_Image_2024-12-24_at_6.38.05_PM.jpg?v=1735230437,g,,0.00,,,,
we-see-what-we-want-printed-women-hoodie-set-copy,,,,,,,,,Medium,,,fleece,,,purple,,'10716491,700.0,shopify,99,deny,manual,2199.00,1899.00,true,false,,,,,'10716491,,,,,,,,,,,,,,,,,,,,,,,,,,,,,,,,,,,,,,,,,,,,,,,https://cdn.shopify.com/s/files/1/0618/2368/0740/files/WhatsApp_Image_2024-12-24_at_6.38.05_PM_1.jpg?v=1735230436,g,,0.00,,,,
we-see-what-we-want-printed-women-hoodie-set-copy,,,,,,,,,Medium,,,fleece,,,brown,,'10716492,700.0,shopify,100,deny,manual,2199.00,1899.00,true,false,,,,,'10716492,,,,,,,,,,,,,,,,,,,,,,,,,,,,,,,,,,,,,,,,,,,,,,,https://cdn.shopify.com/s/files/1/0618/2368/0740/files/WhatsApp_Image_2024-12-24_at_6.38.06_PM.jpg?v=1735230436,g,,0.00,,,,
we-see-what-we-want-printed-women-hoodie-set-copy,,,,,,,,,Medium,,,fleece,,,silver,,'10716493,700.0,shopify,100,deny,manual,2199.00,1899.00,true,false,,,,,'10716493,,,,,,,,,,,,,,,,,,,,,,,,,,,,,,,,,,,,,,,,,,,,,,,https://cdn.shopify.com/s/files/1/0618/2368/0740/files/WhatsApp_Image_2024-12-24_at_6.38.06_PM_1.jpg?v=1735230437,g,,0.00,,,,
we-see-what-we-want-printed-women-hoodie-set-copy,,,,,,,,,Medium,,,fleece,,,navy-blue,,'10716494,700.0,shopify,100,deny,manual,2199.00,1899.00,true,false,,,,,'10716494,,,,,,,,,,,,,,,,,,,,,,,,,,,,,,,,,,,,,,,,,,,,,,,https://cdn.shopify.com/s/files/1/0618/2368/0740/files/WhatsApp_Image_2024-12-24_at_6.38.03_PM.jpg?v=1735230447,g,,0.00,,,,
we-see-what-we-want-printed-women-hoodie-set-copy,,,,,,,,,Medium,,,fleece,,,blue,,'10716495,700.0,shopify,100,deny,manual,2199.00,1899.00,true,false,,,,,'10716495,,,,,,,,,,,,,,,,,,,,,,,,,,,,,,,,,,,,,,,,,,,,,,,https://cdn.shopify.com/s/files/1/0618/2368/0740/files/WhatsApp_Image_2024-12-24_at_6.38.07_PM.jpg?v=1735230437,g,,0.00,,,,
we-see-what-we-want-printed-women-hoodie-set-copy,,,,,,,,,Medium,,,fleece,,,black,,'10716496,700.0,shopify,100,deny,manual,2199.00,1899.00,true,false,,,,,'10716496,,,,,,,,,,,,,,,,,,,,,,,,,,,,,,,,,,,,,,,,,,,,,,,https://cdn.shopify.com/s/files/1/0618/2368/0740/files/WhatsApp_Image_2024-12-24_at_6.38.03_PM_1.jpg?v=1735230447,g,,0.00,,,,
we-see-what-we-want-printed-women-hoodie-set-copy,,,,,,,,,Large,,,fleece,,,gray-3,,'10716497,700.0,shopify,100,deny,manual,2299.00,1899.00,true,false,,,,,'10716497,,,,,,,,,,,,,,,,,,,,,,,,,,,,,,,,,,,,,,,,,,,,,,,https://cdn.shopify.com/s/files/1/0618/2368/0740/files/WhatsApp_Image_2024-12-24_at_6.38.04_PM.jpg?v=1735230447,g,,0.00,,,,
we-see-what-we-want-printed-women-hoodie-set-copy,,,,,,,,,Large,,,fleece,,,olive-green,,'10716498,700.0,shopify,100,deny,manual,2299.00,1899.00,true,false,,,,,'10716498,,,,,,,,,,,,,,,,,,,,,,,,,,,,,,,,,,,,,,,,,,,,,,,https://cdn.shopify.com/s/files/1/0618/2368/0740/files/WhatsApp_Image_2024-12-24_at_6.38.04_PM_1.jpg?v=1735230447,g,,0.00,,,,
we-see-what-we-want-printed-women-hoodie-set-copy,,,,,,,,,Large,,,fleece,,,beige,,'10716499,700.0,shopify,100,deny,manual,2299.00,1899.00,true,false,,,,,'10716499,,,,,,,,,,,,,,,,,,,,,,,,,,,,,,,,,,,,,,,,,,,,,,,https://cdn.shopify.com/s/files/1/0618/2368/0740/files/WhatsApp_Image_2024-12-24_at_6.38.02_PM.jpg?v=1735230447,g,,0.00,,,,
we-see-what-we-want-printed-women-hoodie-set-copy,,,,,,,,,Large,,,fleece,,,yellow,,'10716500,700.0,shopify,100,deny,manual,2299.00,1899.00,true,false,,,,,'10716500,,,,,,,,,,,,,,,,,,,,,,,,,,,,,,,,,,,,,,,,,,,,,,,https://cdn.shopify.com/s/files/1/0618/2368/0740/files/WhatsApp_Image_2024-12-24_at_6.38.05_PM.jpg?v=1735230437,g,,0.00,,,,
we-see-what-we-want-printed-women-hoodie-set-copy,,,,,,,,,Large,,,fleece,,,purple,,'10716501,700.0,shopify,100,deny,manual,2299.00,1899.00,true,false,,,,,'10716501,,,,,,,,,,,,,,,,,,,,,,,,,,,,,,,,,,,,,,,,,,,,,,,https://cdn.shopify.com/s/files/1/0618/2368/0740/files/WhatsApp_Image_2024-12-24_at_6.38.05_PM_1.jpg?v=1735230436,g,,0.00,,,,
we-see-what-we-want-printed-women-hoodie-set-copy,,,,,,,,,Large,,,fleece,,,brown,,'10716502,700.0,shopify,100,deny,manual,2299.00,1899.00,true,false,,,,,'10716502,,,,,,,,,,,,,,,,,,,,,,,,,,,,,,,,,,,,,,,,,,,,,,,https://cdn.shopify.com/s/files/1/0618/2368/0740/files/WhatsApp_Image_2024-12-24_at_6.38.06_PM.jpg?v=1735230436,g,,0.00,,,,
we-see-what-we-want-printed-women-hoodie-set-copy,,,,,,,,,Large,,,fleece,,,silver,,'10716503,700.0,shopify,100,deny,manual,2299.00,1899.00,true,false,,,,,'10716503,,,,,,,,,,,,,,,,,,,,,,,,,,,,,,,,,,,,,,,,,,,,,,,https://cdn.shopify.com/s/files/1/0618/2368/0740/files/WhatsApp_Image_2024-12-24_at_6.38.06_PM_1.jpg?v=1735230437,g,,0.00,,,,
we-see-what-we-want-printed-women-hoodie-set-copy,,,,,,,,,Large,,,fleece,,,navy-blue,,'10716504,700.0,shopify,100,deny,manual,2299.00,1899.00,true,false,,,,,'10716504,,,,,,,,,,,,,,,,,,,,,,,,,,,,,,,,,,,,,,,,,,,,,,,https://cdn.shopify.com/s/files/1/0618/2368/0740/files/WhatsApp_Image_2024-12-24_at_6.38.03_PM.jpg?v=1735230447,g,,0.00,,,,
we-see-what-we-want-printed-women-hoodie-set-copy,,,,,,,,,Large,,,fleece,,,blue,,'10716505,700.0,shopify,100,deny,manual,2299.00,1899.00,true,false,,,,,'10716505,,,,,,,,,,,,,,,,,,,,,,,,,,,,,,,,,,,,,,,,,,,,,,,https://cdn.shopify.com/s/files/1/0618/2368/0740/files/WhatsApp_Image_2024-12-24_at_6.38.07_PM.jpg?v=1735230437,g,,0.00,,,,
we-see-what-we-want-printed-women-hoodie-set-copy,,,,,,,,,Large,,,fleece,,,black,,'10716506,700.0,shopify,100,deny,manual,2299.00,1899.00,true,false,,,,,'10716506,,,,,,,,,,,,,,,,,,,,,,,,,,,,,,,,,,,,,,,,,,,,,,,https://cdn.shopify.com/s/files/1/0618/2368/0740/files/WhatsApp_Image_2024-12-24_at_6.38.03_PM_1.jpg?v=1735230447,g,,0.00,,,,
we-see-what-we-want-printed-women-hoodie-set-copy,,,,,,,,,XL,,,fleece,,,gray-3,,'10716507,700.0,shopify,100,deny,manual,2399.00,1899.00,true,false,,,,,'10716507,,,,,,,,,,,,,,,,,,,,,,,,,,,,,,,,,,,,,,,,,,,,,,,https://cdn.shopify.com/s/files/1/0618/2368/0740/files/WhatsApp_Image_2024-12-24_at_6.38.04_PM.jpg?v=1735230447,g,,0.00,,,,
we-see-what-we-want-printed-women-hoodie-set-copy,,,,,,,,,XL,,,fleece,,,olive-green,,'10716508,700.0,shopify,100,deny,manual,2399.00,1899.00,true,false,,,,,'10716508,,,,,,,,,,,,,,,,,,,,,,,,,,,,,,,,,,,,,,,,,,,,,,,https://cdn.shopify.com/s/files/1/0618/2368/0740/files/WhatsApp_Image_2024-12-24_at_6.38.04_PM_1.jpg?v=1735230447,g,,0.00,,,,
we-see-what-we-want-printed-women-hoodie-set-copy,,,,,,,,,XL,,,fleece,,,beige,,'10716509,700.0,shopify,100,deny,manual,2399.00,1899.00,true,false,,,,,'10716509,,,,,,,,,,,,,,,,,,,,,,,,,,,,,,,,,,,,,,,,,,,,,,,https://cdn.shopify.com/s/files/1/0618/2368/0740/files/WhatsApp_Image_2024-12-24_at_6.38.02_PM.jpg?v=1735230447,g,,0.00,,,,
we-see-what-we-want-printed-women-hoodie-set-copy,,,,,,,,,XL,,,fleece,,,yellow,,'10716510,700.0,shopify,100,deny,manual,2399.00,1899.00,true,false,,,,,'10716510,,,,,,,,,,,,,,,,,,,,,,,,,,,,,,,,,,,,,,,,,,,,,,,https://cdn.shopify.com/s/files/1/0618/2368/0740/files/WhatsApp_Image_2024-12-24_at_6.38.05_PM.jpg?v=1735230437,g,,0.00,,,,
we-see-what-we-want-printed-women-hoodie-set-copy,,,,,,,,,XL,,,fleece,,,purple,,'10716511,700.0,shopify,100,deny,manual,2399.00,1899.00,true,false,,,,,'10716511,,,,,,,,,,,,,,,,,,,,,,,,,,,,,,,,,,,,,,,,,,,,,,,https://cdn.shopify.com/s/files/1/0618/2368/0740/files/WhatsApp_Image_2024-12-24_at_6.38.05_PM_1.jpg?v=1735230436,g,,0.00,,,,
we-see-what-we-want-printed-women-hoodie-set-copy,,,,,,,,,XL,,,fleece,,,brown,,'10716512,700.0,shopify,100,deny,manual,2399.00,1899.00,true,false,,,,,'10716512,,,,,,,,,,,,,,,,,,,,,,,,,,,,,,,,,,,,,,,,,,,,,,,https://cdn.shopify.com/s/files/1/0618/2368/0740/files/WhatsApp_Image_2024-12-24_at_6.38.06_PM.jpg?v=1735230436,g,,0.00,,,,
we-see-what-we-want-printed-women-hoodie-set-copy,,,,,,,,,XL,,,fleece,,,silver,,'10716513,700.0,shopify,100,deny,manual,2399.00,1899.00,true,false,,,,,'10716513,,,,,,,,,,,,,,,,,,,,,,,,,,,,,,,,,,,,,,,,,,,,,,,https://cdn.shopify.com/s/files/1/0618/2368/0740/files/WhatsApp_Image_2024-12-24_at_6.38.06_PM_1.jpg?v=1735230437,g,,0.00,,,,
we-see-what-we-want-printed-women-hoodie-set-copy,,,,,,,,,XL,,,fleece,,,navy-blue,,'10716514,700.0,shopify,100,deny,manual,2399.00,1899.00,true,false,,,,,'10716514,,,,,,,,,,,,,,,,,,,,,,,,,,,,,,,,,,,,,,,,,,,,,,,https://cdn.shopify.com/s/files/1/0618/2368/0740/files/WhatsApp_Image_2024-12-24_at_6.38.03_PM.jpg?v=1735230447,g,,0.00,,,,
we-see-what-we-want-printed-women-hoodie-set-copy,,,,,,,,,XL,,,fleece,,,blue,,'10716515,700.0,shopify,100,deny,manual,2399.00,1899.00,true,false,,,,,'10716515,,,,,,,,,,,,,,,,,,,,,,,,,,,,,,,,,,,,,,,,,,,,,,,https://cdn.shopify.com/s/files/1/0618/2368/0740/files/WhatsApp_Image_2024-12-24_at_6.38.07_PM.jpg?v=1735230437,g,,0.00,,,,
we-see-what-we-want-printed-women-hoodie-set-copy,,,,,,,,,XL,,,fleece,,,black,,'10706980,700.0,shopify,100,deny,manual,2399.00,1899.00,true,false,,,,,'10706980,,,,,,,,,,,,,,,,,,,,,,,,,,,,,,,,,,,,,,,,,,,,,,,https://cdn.shopify.com/s/files/1/0618/2368/0740/files/WhatsApp_Image_2024-12-24_at_6.38.03_PM_1.jpg?v=1735230447,g,,0.00,,,,
girl-power-printed-women-hoodie-set-copy,We See What We Want Printed Women Hoodie Set,"<h4>We See What We Want Printed Women Hoodie Set</h4>
<ul class=""a-unordered-list a-vertical a-spacing-mini"">
<li>
<p>Pair of Hoodie &amp; Trouser</p>
<p>Fabric: Soft High-Quality Fleece</p>
<p>Full Sleeve &amp; Hoodie</p>
<p>Contrast Trouser</p>
<p>Round Neck</p>
<p>Comfortable Wear </p>
<p>Easy Wash &amp; Press</p>
</li>
</ul>",BBG FASHION,Apparel & Accessories > Clothing,Hoodie Set For Her,"Hoodie Set For Her, wintercollection, woo",false,Size,Small,,Fabric,fleece,product.metafields.shopify.fabric,Color,gray-3,product.metafields.shopify.color-pattern,'10716438,700.0,shopify,100,deny,manual,2199.00,1899.00,true,false,,,,,'10716438,https://cdn.shopify.com/s/files/1/0618/2368/0740/files/WhatsApp_Image_2024-12-24_at_6.34.18_PM_1.jpg?v=1735229926,1,Girl Power Printed Women Hoodie Set Copy - front view - women's wear Pakistan,false,,We See What We Want Printed Women Hoodie Set Pair of Hoodie & Trouser Fabric: Soft High-Quality Fleece Full Sleeve & Hoodie Contrast Trouser Round Neck Comfortable Wear Easy Wash & Press,,,,,,,,,,,,,,,,,,,,,gray-3; olive-green; beige; yellow; purple; brown; silver; navy-blue; blue; black,,,fleece,,,,,,,,,,,,,,,,,https://cdn.shopify.com/s/files/1/0618/2368/0740/files/WhatsApp_Image_2024-12-24_at_6.34.19_PM.jpg?v=1735229926,g,,0.00,true,,,draft
girl-power-printed-women-hoodie-set-copy,,,,,,,,,Small,,,fleece,,,olive-green,,'10716439,700.0,shopify,100,deny,manual,2199.00,1899.00,true,false,,,,,'10716439,https://cdn.shopify.com/s/files/1/0618/2368/0740/files/WhatsApp_Image_2024-12-24_at_6.34.18_PM.jpg?v=1735229926,2,Girl Power Printed Women Hoodie Set Copy - back view - women's wear Pakistan,,,,,,,,,,,,,,,,,,,,,,,,,,,,,,,,,,,,,,,,,,,,https://cdn.shopify.com/s/files/1/0618/2368/0740/files/WhatsApp_Image_2024-12-24_at_6.34.19_PM_1.jpg?v=1735229926,g,,0.00,,,,
girl-power-printed-women-hoodie-set-copy,,,,,,,,,Small,,,fleece,,,beige,,'10716440,700.0,shopify,100,deny,manual,2199.00,1899.00,true,false,,,,,'10716440,https://cdn.shopify.com/s/files/1/0618/2368/0740/files/WhatsApp_Image_2024-12-24_at_6.34.19_PM_1.jpg?v=1735229926,3,Girl Power Printed Women Hoodie Set Copy - side view - women's wear Pakistan,,,,,,,,,,,,,,,,,,,,,,,,,,,,,,,,,,,,,,,,,,,,https://cdn.shopify.com/s/files/1/0618/2368/0740/files/WhatsApp_Image_2024-12-24_at_6.34.18_PM.jpg?v=1735229926,g,,0.00,,,,
girl-power-printed-women-hoodie-set-copy,,,,,,,,,Small,,,fleece,,,yellow,,'10716441,700.0,shopify,100,deny,manual,2199.00,1899.00,true,false,,,,,'10716441,https://cdn.shopify.com/s/files/1/0618/2368/0740/files/WhatsApp_Image_2024-12-24_at_6.34.19_PM.jpg?v=1735229926,4,Girl Power Printed Women Hoodie Set Copy - detail shot - women's wear Pakistan,,,,,,,,,,,,,,,,,,,,,,,,,,,,,,,,,,,,,,,,,,,,https://cdn.shopify.com/s/files/1/0618/2368/0740/files/WhatsApp_Image_2024-12-24_at_6.34.20_PM.jpg?v=1735229916,g,,0.00,,,,
girl-power-printed-women-hoodie-set-copy,,,,,,,,,Small,,,fleece,,,purple,,'10716442,700.0,shopify,100,deny,manual,2199.00,1899.00,true,false,,,,,'10716442,https://cdn.shopify.com/s/files/1/0618/2368/0740/files/WhatsApp_Image_2024-12-24_at_6.34.20_PM_1.jpg?v=1735229926,5,Girl Power Printed Women Hoodie Set Copy - front view - women's wear Pakistan,,,,,,,,,,,,,,,,,,,,,,,,,,,,,,,,,,,,,,,,,,,,https://cdn.shopify.com/s/files/1/0618/2368/0740/files/WhatsApp_Image_2024-12-24_at_6.34.20_PM_1.jpg?v=1735229926,g,,0.00,,,,
girl-power-printed-women-hoodie-set-copy,,,,,,,,,Small,,,fleece,,,brown,,'10716443,700.0,shopify,100,deny,manual,2199.00,1899.00,true,false,,,,,'10716443,https://cdn.shopify.com/s/files/1/0618/2368/0740/files/WhatsApp_Image_2024-12-20_at_4.49.09_PM.jpg?v=1758896990,6,We See What We Want Printed Women Hoodie Set Copy - back view - women's wear Pakistan,,,,,,,,,,,,,,,,,,,,,,,,,,,,,,,,,,,,,,,,,,,,https://cdn.shopify.com/s/files/1/0618/2368/0740/files/WhatsApp_Image_2024-12-24_at_6.34.21_PM.jpg?v=1735229916,g,,0.00,,,,
girl-power-printed-women-hoodie-set-copy,,,,,,,,,Small,,,fleece,,,silver,,'10716444,700.0,shopify,100,deny,manual,2199.00,1899.00,true,false,,,,,'10716444,https://cdn.shopify.com/s/files/1/0618/2368/0740/files/WhatsApp_Image_2024-12-24_at_6.34.20_PM.jpg?v=1735229916,7,Girl Power Printed Women Hoodie Set Copy - side view - women's wear Pakistan,,,,,,,,,,,,,,,,,,,,,,,,,,,,,,,,,,,,,,,,,,,,https://cdn.shopify.com/s/files/1/0618/2368/0740/files/WhatsApp_Image_2024-12-24_at_6.34.21_PM_1.jpg?v=1735229916,g,,0.00,,,,
girl-power-printed-women-hoodie-set-copy,,,,,,,,,Small,,,fleece,,,navy-blue,,'10716445,700.0,shopify,100,deny,manual,2199.00,1899.00,true,false,,,,,'10716445,https://cdn.shopify.com/s/files/1/0618/2368/0740/files/WhatsApp_Image_2024-12-24_at_6.34.21_PM_1.jpg?v=1735229916,8,Girl Power Printed Women Hoodie Set Copy - detail shot - women's wear Pakistan,,,,,,,,,,,,,,,,,,,,,,,,,,,,,,,,,,,,,,,,,,,,https://cdn.shopify.com/s/files/1/0618/2368/0740/files/WhatsApp_Image_2024-12-24_at_6.34.22_PM.jpg?v=1735229916,g,,0.00,,,,
girl-power-printed-women-hoodie-set-copy,,,,,,,,,Small,,,fleece,,,blue,,'10716446,700.0,shopify,100,deny,manual,2199.00,1899.00,true,false,,,,,'10716446,https://cdn.shopify.com/s/files/1/0618/2368/0740/files/WhatsApp_Image_2024-12-24_at_6.34.21_PM.jpg?v=1735229916,9,Girl Power Printed Women Hoodie Set Copy - front view - women's wear Pakistan,,,,,,,,,,,,,,,,,,,,,,,,,,,,,,,,,,,,,,,,,,,,https://cdn.shopify.com/s/files/1/0618/2368/0740/files/WhatsApp_Image_2024-12-24_at_6.34.23_PM.jpg?v=1735229915,g,,0.00,,,,
girl-power-printed-women-hoodie-set-copy,,,,,,,,,Small,,,fleece,,,black,,'10716447,700.0,shopify,100,deny,manual,2199.00,1899.00,true,false,,,,,'10716447,https://cdn.shopify.com/s/files/1/0618/2368/0740/files/WhatsApp_Image_2024-12-24_at_6.34.22_PM.jpg?v=1735229916,10,Girl Power Printed Women Hoodie Set Copy - back view - women's wear Pakistan,,,,,,,,,,,,,,,,,,,,,,,,,,,,,,,,,,,,,,,,,,,,https://cdn.shopify.com/s/files/1/0618/2368/0740/files/WhatsApp_Image_2024-12-24_at_6.34.18_PM_1.jpg?v=1735229926,g,,0.00,,,,
girl-power-printed-women-hoodie-set-copy,,,,,,,,,Medium,,,fleece,,,gray-3,,'10716448,700.0,shopify,100,deny,manual,2199.00,1899.00,true,false,,,,,'10716448,https://cdn.shopify.com/s/files/1/0618/2368/0740/files/WhatsApp_Image_2024-12-24_at_6.34.23_PM.jpg?v=1735229915,11,Girl Power Printed Women Hoodie Set Copy - side view - women's wear Pakistan,,,,,,,,,,,,,,,,,,,,,,,,,,,,,,,,,,,,,,,,,,,,https://cdn.shopify.com/s/files/1/0618/2368/0740/files/WhatsApp_Image_2024-12-24_at_6.34.19_PM.jpg?v=1735229926,g,,0.00,,,,
girl-power-printed-women-hoodie-set-copy,,,,,,,,,Medium,,,fleece,,,olive-green,,'10716449,700.0,shopify,100,deny,manual,2199.00,1899.00,true,false,,,,,'10716449,,,,,,,,,,,,,,,,,,,,,,,,,,,,,,,,,,,,,,,,,,,,,,,https://cdn.shopify.com/s/files/1/0618/2368/0740/files/WhatsApp_Image_2024-12-24_at_6.34.19_PM_1.jpg?v=1735229926,g,,0.00,,,,
girl-power-printed-women-hoodie-set-copy,,,,,,,,,Medium,,,fleece,,,beige,,'10716450,700.0,shopify,100,deny,manual,2199.00,1899.00,true,false,,,,,'10716450,,,,,,,,,,,,,,,,,,,,,,,,,,,,,,,,,,,,,,,,,,,,,,,https://cdn.shopify.com/s/files/1/0618/2368/0740/files/WhatsApp_Image_2024-12-24_at_6.34.18_PM.jpg?v=1735229926,g,,0.00,,,,
girl-power-printed-women-hoodie-set-copy,,,,,,,,,Medium,,,fleece,,,yellow,,'10716451,700.0,shopify,100,deny,manual,2199.00,1899.00,true,false,,,,,'10716451,,,,,,,,,,,,,,,,,,,,,,,,,,,,,,,,,,,,,,,,,,,,,,,https://cdn.shopify.com/s/files/1/0618/2368/0740/files/WhatsApp_Image_2024-12-24_at_6.34.20_PM.jpg?v=1735229916,g,,0.00,,,,
girl-power-printed-women-hoodie-set-copy,,,,,,,,,Medium,,,fleece,,,purple,,'10716452,700.0,shopify,98,deny,manual,2199.00,1899.00,true,false,,,,,'10716452,,,,,,,,,,,,,,,,,,,,,,,,,,,,,,,,,,,,,,,,,,,,,,,https://cdn.shopify.com/s/files/1/0618/2368/0740/files/WhatsApp_Image_2024-12-24_at_6.34.20_PM_1.jpg?v=1735229926,g,,0.00,,,,
girl-power-printed-women-hoodie-set-copy,,,,,,,,,Medium,,,fleece,,,brown,,'10716453,700.0,shopify,100,deny,manual,2199.00,1899.00,true,false,,,,,'10716453,,,,,,,,,,,,,,,,,,,,,,,,,,,,,,,,,,,,,,,,,,,,,,,https://cdn.shopify.com/s/files/1/0618/2368/0740/files/WhatsApp_Image_2024-12-24_at_6.34.21_PM.jpg?v=1735229916,g,,0.00,,,,
girl-power-printed-women-hoodie-set-copy,,,,,,,,,Medium,,,fleece,,,silver,,'10716454,700.0,shopify,99,deny,manual,2199.00,1899.00,true,false,,,,,'10716454,,,,,,,,,,,,,,,,,,,,,,,,,,,,,,,,,,,,,,,,,,,,,,,https://cdn.shopify.com/s/files/1/0618/2368/0740/files/WhatsApp_Image_2024-12-24_at_6.34.21_PM_1.jpg?v=1735229916,g,,0.00,,,,
girl-power-printed-women-hoodie-set-copy,,,,,,,,,Medium,,,fleece,,,navy-blue,,'10716455,700.0,shopify,100,deny,manual,2199.00,1899.00,true,false,,,,,'10716455,,,,,,,,,,,,,,,,,,,,,,,,,,,,,,,,,,,,,,,,,,,,,,,https://cdn.shopify.com/s/files/1/0618/2368/0740/files/WhatsApp_Image_2024-12-24_at_6.34.22_PM.jpg?v=1735229916,g,,0.00,,,,
girl-power-printed-women-hoodie-set-copy,,,,,,,,,Medium,,,fleece,,,blue,,'10716456,700.0,shopify,100,deny,manual,2199.00,1899.00,true,false,,,,,'10716456,,,,,,,,,,,,,,,,,,,,,,,,,,,,,,,,,,,,,,,,,,,,,,,https://cdn.shopify.com/s/files/1/0618/2368/0740/files/WhatsApp_Image_2024-12-24_at_6.34.23_PM.jpg?v=1735229915,g,,0.00,,,,
girl-power-printed-women-hoodie-set-copy,,,,,,,,,Medium,,,fleece,,,black,,'10716457,700.0,shopify,100,deny,manual,2199.00,1899.00,true,false,,,,,'10716457,,,,,,,,,,,,,,,,,,,,,,,,,,,,,,,,,,,,,,,,,,,,,,,https://cdn.shopify.com/s/files/1/0618/2368/0740/files/WhatsApp_Image_2024-12-24_at_6.34.18_PM_1.jpg?v=1735229926,g,,0.00,,,,
girl-power-printed-women-hoodie-set-copy,,,,,,,,,Large,,,fleece,,,gray-3,,'10716458,700.0,shopify,100,deny,manual,2299.00,1899.00,true,false,,,,,'10716458,,,,,,,,,,,,,,,,,,,,,,,,,,,,,,,,,,,,,,,,,,,,,,,https://cdn.shopify.com/s/files/1/0618/2368/0740/files/WhatsApp_Image_2024-12-24_at_6.34.19_PM.jpg?v=1735229926,g,,0.00,,,,
girl-power-printed-women-hoodie-set-copy,,,,,,,,,Large,,,fleece,,,olive-green,,'10716459,700.0,shopify,100,deny,manual,2299.00,1899.00,true,false,,,,,'10716459,,,,,,,,,,,,,,,,,,,,,,,,,,,,,,,,,,,,,,,,,,,,,,,https://cdn.shopify.com/s/files/1/0618/2368/0740/files/WhatsApp_Image_2024-12-24_at_6.34.19_PM_1.jpg?v=1735229926,g,,0.00,,,,
girl-power-printed-women-hoodie-set-copy,,,,,,,,,Large,,,fleece,,,beige,,'10716460,700.0,shopify,100,deny,manual,2299.00,1899.00,true,false,,,,,'10716460,,,,,,,,,,,,,,,,,,,,,,,,,,,,,,,,,,,,,,,,,,,,,,,https://cdn.shopify.com/s/files/1/0618/2368/0740/files/WhatsApp_Image_2024-12-24_at_6.34.18_PM.jpg?v=1735229926,g,,0.00,,,,
girl-power-printed-women-hoodie-set-copy,,,,,,,,,Large,,,fleece,,,yellow,,'10716461,700.0,shopify,100,deny,manual,2299.00,1899.00,true,false,,,,,'10716461,,,,,,,,,,,,,,,,,,,,,,,,,,,,,,,,,,,,,,,,,,,,,,,https://cdn.shopify.com/s/files/1/0618/2368/0740/files/WhatsApp_Image_2024-12-24_at_6.34.20_PM.jpg?v=1735229916,g,,0.00,,,,
girl-power-printed-women-hoodie-set-copy,,,,,,,,,Large,,,fleece,,,purple,,'10716462,700.0,shopify,100,deny,manual,2299.00,1899.00,true,false,,,,,'10716462,,,,,,,,,,,,,,,,,,,,,,,,,,,,,,,,,,,,,,,,,,,,,,,https://cdn.shopify.com/s/files/1/0618/2368/0740/files/WhatsApp_Image_2024-12-24_at_6.34.20_PM_1.jpg?v=1735229926,g,,0.00,,,,
girl-power-printed-women-hoodie-set-copy,,,,,,,,,Large,,,fleece,,,brown,,'10716463,700.0,shopify,100,deny,manual,2299.00,1899.00,true,false,,,,,'10716463,,,,,,,,,,,,,,,,,,,,,,,,,,,,,,,,,,,,,,,,,,,,,,,https://cdn.shopify.com/s/files/1/0618/2368/0740/files/WhatsApp_Image_2024-12-24_at_6.34.21_PM.jpg?v=1735229916,g,,0.00,,,,
girl-power-printed-women-hoodie-set-copy,,,,,,,,,Large,,,fleece,,,silver,,'10716464,700.0,shopify,100,deny,manual,2299.00,1899.00,true,false,,,,,'10716464,,,,,,,,,,,,,,,,,,,,,,,,,,,,,,,,,,,,,,,,,,,,,,,https://cdn.shopify.com/s/files/1/0618/2368/0740/files/WhatsApp_Image_2024-12-24_at_6.34.21_PM_1.jpg?v=1735229916,g,,0.00,,,,
girl-power-printed-women-hoodie-set-copy,,,,,,,,,Large,,,fleece,,,navy-blue,,'10716465,700.0,shopify,100,deny,manual,2299.00,1899.00,true,false,,,,,'10716465,,,,,,,,,,,,,,,,,,,,,,,,,,,,,,,,,,,,,,,,,,,,,,,https://cdn.shopify.com/s/files/1/0618/2368/0740/files/WhatsApp_Image_2024-12-24_at_6.34.22_PM.jpg?v=1735229916,g,,0.00,,,,
girl-power-printed-women-hoodie-set-copy,,,,,,,,,Large,,,fleece,,,blue,,'10716466,700.0,shopify,100,deny,manual,2299.00,1899.00,true,false,,,,,'10716466,,,,,,,,,,,,,,,,,,,,,,,,,,,,,,,,,,,,,,,,,,,,,,,https://cdn.shopify.com/s/files/1/0618/2368/0740/files/WhatsApp_Image_2024-12-24_at_6.34.23_PM.jpg?v=1735229915,g,,0.00,,,,
girl-power-printed-women-hoodie-set-copy,,,,,,,,,Large,,,fleece,,,black,,'10716467,700.0,shopify,100,deny,manual,2299.00,1899.00,true,false,,,,,'10716467,,,,,,,,,,,,,,,,,,,,,,,,,,,,,,,,,,,,,,,,,,,,,,,https://cdn.shopify.com/s/files/1/0618/2368/0740/files/WhatsApp_Image_2024-12-24_at_6.34.18_PM_1.jpg?v=1735229926,g,,0.00,,,,
girl-power-printed-women-hoodie-set-copy,,,,,,,,,XL,,,fleece,,,gray-3,,'10716468,700.0,shopify,100,deny,manual,2399.00,1899.00,true,false,,,,,'10716468,,,,,,,,,,,,,,,,,,,,,,,,,,,,,,,,,,,,,,,,,,,,,,,https://cdn.shopify.com/s/files/1/0618/2368/0740/files/WhatsApp_Image_2024-12-24_at_6.34.19_PM.jpg?v=1735229926,g,,0.00,,,,
girl-power-printed-women-hoodie-set-copy,,,,,,,,,XL,,,fleece,,,olive-green,,'10716469,700.0,shopify,100,deny,manual,2399.00,1899.00,true,false,,,,,'10716469,,,,,,,,,,,,,,,,,,,,,,,,,,,,,,,,,,,,,,,,,,,,,,,https://cdn.shopify.com/s/files/1/0618/2368/0740/files/WhatsApp_Image_2024-12-24_at_6.34.19_PM_1.jpg?v=1735229926,g,,0.00,,,,
girl-power-printed-women-hoodie-set-copy,,,,,,,,,XL,,,fleece,,,beige,,'10716470,700.0,shopify,100,deny,manual,2399.00,1899.00,true,false,,,,,'10716470,,,,,,,,,,,,,,,,,,,,,,,,,,,,,,,,,,,,,,,,,,,,,,,https://cdn.shopify.com/s/files/1/0618/2368/0740/files/WhatsApp_Image_2024-12-24_at_6.34.18_PM.jpg?v=1735229926,g,,0.00,,,,
girl-power-printed-women-hoodie-set-copy,,,,,,,,,XL,,,fleece,,,yellow,,'10716471,700.0,shopify,100,deny,manual,2399.00,1899.00,true,false,,,,,'10716471,,,,,,,,,,,,,,,,,,,,,,,,,,,,,,,,,,,,,,,,,,,,,,,https://cdn.shopify.com/s/files/1/0618/2368/0740/files/WhatsApp_Image_2024-12-24_at_6.34.20_PM.jpg?v=1735229916,g,,0.00,,,,
girl-power-printed-women-hoodie-set-copy,,,,,,,,,XL,,,fleece,,,purple,,'10716472,700.0,shopify,100,deny,manual,2399.00,1899.00,true,false,,,,,'10716472,,,,,,,,,,,,,,,,,,,,,,,,,,,,,,,,,,,,,,,,,,,,,,,https://cdn.shopify.com/s/files/1/0618/2368/0740/files/WhatsApp_Image_2024-12-24_at_6.34.20_PM_1.jpg?v=1735229926,g,,0.00,,,,
girl-power-printed-women-hoodie-set-copy,,,,,,,,,XL,,,fleece,,,brown,,'10716473,700.0,shopify,99,deny,manual,2399.00,1899.00,true,false,,,,,'10716473,,,,,,,,,,,,,,,,,,,,,,,,,,,,,,,,,,,,,,,,,,,,,,,https://cdn.shopify.com/s/files/1/0618/2368/0740/files/WhatsApp_Image_2024-12-24_at_6.34.21_PM.jpg?v=1735229916,g,,0.00,,,,
girl-power-printed-women-hoodie-set-copy,,,,,,,,,XL,,,fleece,,,silver,,'10716474,700.0,shopify,100,deny,manual,2399.00,1899.00,true,false,,,,,'10716474,,,,,,,,,,,,,,,,,,,,,,,,,,,,,,,,,,,,,,,,,,,,,,,https://cdn.shopify.com/s/files/1/0618/2368/0740/files/WhatsApp_Image_2024-12-24_at_6.34.21_PM_1.jpg?v=1735229916,g,,0.00,,,,
girl-power-printed-women-hoodie-set-copy,,,,,,,,,XL,,,fleece,,,navy-blue,,'10716475,700.0,shopify,100,deny,manual,2399.00,1899.00,true,false,,,,,'10716475,,,,,,,,,,,,,,,,,,,,,,,,,,,,,,,,,,,,,,,,,,,,,,,https://cdn.shopify.com/s/files/1/0618/2368/0740/files/WhatsApp_Image_2024-12-24_at_6.34.22_PM.jpg?v=1735229916,g,,0.00,,,,
girl-power-printed-women-hoodie-set-copy,,,,,,,,,XL,,,fleece,,,blue,,'10716476,700.0,shopify,100,deny,manual,2399.00,1899.00,true,false,,,,,'10716476,,,,,,,,,,,,,,,,,,,,,,,,,,,,,,,,,,,,,,,,,,,,,,,https://cdn.shopify.com/s/files/1/0618/2368/0740/files/WhatsApp_Image_2024-12-24_at_6.34.23_PM.jpg?v=1735229915,g,,0.00,,,,
girl-power-printed-women-hoodie-set-copy,,,,,,,,,XL,,,fleece,,,black,,'10706979,700.0,shopify,100,deny,manual,2399.00,1899.00,true,false,,,,,'10706979,,,,,,,,,,,,,,,,,,,,,,,,,,,,,,,,,,,,,,,,,,,,,,,https://cdn.shopify.com/s/files/1/0618/2368/0740/files/WhatsApp_Image_2024-12-24_at_6.34.18_PM_1.jpg?v=1735229926,g,,0.00,,,,
floral-bicycle-printed-women-hoodie-set-copy-5,Girl Power Printed Women Hoodie Set,"<h4>Girl Power Printed Women Hoodie Set </h4>
<ul class=""a-unordered-list a-vertical a-spacing-mini"">
<li>
<p>Pair of Hoodie &amp; Trouser</p>
<p>Fabric: Soft High-Quality Fleece</p>
<p>Full Sleeve &amp; Hoodie</p>
<p>Contrast Trouser</p>
<p>Round Neck</p>
<p>Comfortable Wear </p>
<p>Easy Wash &amp; Press</p>
</li>
</ul>",BBG FASHION,Apparel & Accessories > Clothing,Hoodie Set For Her,"Hoodie Set For Her, wintercollection, woo",false,Size,Small,,Fabric,fleece,product.metafields.shopify.fabric,Color,gray-3,product.metafields.shopify.color-pattern,'10716399,700.0,shopify,100,deny,manual,2199.00,1899.00,true,false,,,,,'10716399,https://cdn.shopify.com/s/files/1/0618/2368/0740/files/WhatsApp_Image_2024-12-24_at_6.25.00_PM.jpg?v=1735228788,1,Floral Bicycle Printed Women Hoodie Set Copy 5 - front view - women's wear Pakistan,false,,,,,,,,,,,,,,,,,,,,,,,gray-3; olive-green; beige; yellow; purple; brown; silver; navy-blue; blue; black,,,fleece,,,,,,,,,,,,,,,,,https://cdn.shopify.com/s/files/1/0618/2368/0740/files/WhatsApp_Image_2024-12-24_at_6.25.00_PM_1.jpg?v=1735228778,g,,0.00,true,,,draft
floral-bicycle-printed-women-hoodie-set-copy-5,,,,,,,,,Small,,,fleece,,,olive-green,,'10716400,700.0,shopify,100,deny,manual,2199.00,1899.00,true,false,,,,,'10716400,https://cdn.shopify.com/s/files/1/0618/2368/0740/files/WhatsApp_Image_2024-12-24_at_6.25.01_PM_1.jpg?v=1735228788,2,Floral Bicycle Printed Women Hoodie Set Copy 5 - back view - women's wear Pakistan,,,,,,,,,,,,,,,,,,,,,,,,,,,,,,,,,,,,,,,,,,,,https://cdn.shopify.com/s/files/1/0618/2368/0740/files/WhatsApp_Image_2024-12-24_at_6.25.01_PM.jpg?v=1735228788,g,,0.00,,,,
floral-bicycle-printed-women-hoodie-set-copy-5,,,,,,,,,Small,,,fleece,,,beige,,'10716401,700.0,shopify,100,deny,manual,2199.00,1899.00,true,false,,,,,'10716401,https://cdn.shopify.com/s/files/1/0618/2368/0740/files/WhatsApp_Image_2024-12-24_at_6.25.01_PM.jpg?v=1735228788,3,Floral Bicycle Printed Women Hoodie Set Copy 5 - side view - women's wear Pakistan,,,,,,,,,,,,,,,,,,,,,,,,,,,,,,,,,,,,,,,,,,,,https://cdn.shopify.com/s/files/1/0618/2368/0740/files/WhatsApp_Image_2024-12-24_at_6.24.59_PM.jpg?v=1735228778,g,,0.00,,,,
floral-bicycle-printed-women-hoodie-set-copy-5,,,,,,,,,Small,,,fleece,,,yellow,,'10716402,700.0,shopify,100,deny,manual,2199.00,1899.00,true,false,,,,,'10716402,https://cdn.shopify.com/s/files/1/0618/2368/0740/files/WhatsApp_Image_2024-12-24_at_6.25.02_PM_1.jpg?v=1735228788,4,Floral Bicycle Printed Women Hoodie Set Copy 5 - detail shot - women's wear Pakistan,,,,,,,,,,,,,,,,,,,,,,,,,,,,,,,,,,,,,,,,,,,,https://cdn.shopify.com/s/files/1/0618/2368/0740/files/WhatsApp_Image_2024-12-24_at_6.25.01_PM_1.jpg?v=1735228788,g,,0.00,,,,
floral-bicycle-printed-women-hoodie-set-copy-5,,,,,,,,,Small,,,fleece,,,purple,,'10716403,700.0,shopify,100,deny,manual,2199.00,1899.00,true,false,,,,,'10716403,https://cdn.shopify.com/s/files/1/0618/2368/0740/files/WhatsApp_Image_2024-12-24_at_6.25.02_PM.jpg?v=1735228788,5,Floral Bicycle Printed Women Hoodie Set Copy 5 - front view - women's wear Pakistan,,,,,,,,,,,,,,,,,,,,,,,,,,,,,,,,,,,,,,,,,,,,https://cdn.shopify.com/s/files/1/0618/2368/0740/files/WhatsApp_Image_2024-12-24_at_6.25.02_PM.jpg?v=1735228788,g,,0.00,,,,
floral-bicycle-printed-women-hoodie-set-copy-5,,,,,,,,,Small,,,fleece,,,brown,,'10716404,700.0,shopify,100,deny,manual,2199.00,1899.00,true,false,,,,,'10716404,https://cdn.shopify.com/s/files/1/0618/2368/0740/files/WhatsApp_Image_2024-12-20_at_4.49.09_PM.jpg?v=1758896990,6,We See What We Want Printed Women Hoodie Set Copy - back view - women's wear Pakistan,,,,,,,,,,,,,,,,,,,,,,,,,,,,,,,,,,,,,,,,,,,,https://cdn.shopify.com/s/files/1/0618/2368/0740/files/WhatsApp_Image_2024-12-24_at_6.25.02_PM_1.jpg?v=1735228788,g,,0.00,,,,
floral-bicycle-printed-women-hoodie-set-copy-5,,,,,,,,,Small,,,fleece,,,silver,,'10716405,700.0,shopify,100,deny,manual,2199.00,1899.00,true,false,,,,,'10716405,https://cdn.shopify.com/s/files/1/0618/2368/0740/files/WhatsApp_Image_2024-12-24_at_6.25.03_PM_1.jpg?v=1735228778,7,Floral Bicycle Printed Women Hoodie Set Copy 5 - side view - women's wear Pakistan,,,,,,,,,,,,,,,,,,,,,,,,,,,,,,,,,,,,,,,,,,,,https://cdn.shopify.com/s/files/1/0618/2368/0740/files/WhatsApp_Image_2024-12-24_at_6.25.03_PM.jpg?v=1735228778,g,,0.00,,,,
floral-bicycle-printed-women-hoodie-set-copy-5,,,,,,,,,Small,,,fleece,,,navy-blue,,'10716406,700.0,shopify,100,deny,manual,2199.00,1899.00,true,false,,,,,'10716406,https://cdn.shopify.com/s/files/1/0618/2368/0740/files/WhatsApp_Image_2024-12-24_at_6.25.04_PM.jpg?v=1735228778,8,Floral Bicycle Printed Women Hoodie Set Copy 5 - detail shot - women's wear Pakistan,,,,,,,,,,,,,,,,,,,,,,,,,,,,,,,,,,,,,,,,,,,,https://cdn.shopify.com/s/files/1/0618/2368/0740/files/WhatsApp_Image_2024-12-24_at_6.25.03_PM_1.jpg?v=1735228778,g,,0.00,,,,
floral-bicycle-printed-women-hoodie-set-copy-5,,,,,,,,,Small,,,fleece,,,blue,,'10716407,700.0,shopify,100,deny,manual,2199.00,1899.00,true,false,,,,,'10716407,https://cdn.shopify.com/s/files/1/0618/2368/0740/files/WhatsApp_Image_2024-12-24_at_6.24.59_PM.jpg?v=1735228778,9,Floral Bicycle Printed Women Hoodie Set Copy 5 - front view - women's wear Pakistan,,,,,,,,,,,,,,,,,,,,,,,,,,,,,,,,,,,,,,,,,,,,https://cdn.shopify.com/s/files/1/0618/2368/0740/files/WhatsApp_Image_2024-12-24_at_6.25.04_PM.jpg?v=1735228778,g,,0.00,,,,
floral-bicycle-printed-women-hoodie-set-copy-5,,,,,,,,,Small,,,fleece,,,black,,'10716408,700.0,shopify,100,deny,manual,2199.00,1899.00,true,false,,,,,'10716408,https://cdn.shopify.com/s/files/1/0618/2368/0740/files/WhatsApp_Image_2024-12-24_at_6.25.00_PM_1.jpg?v=1735228778,10,Floral Bicycle Printed Women Hoodie Set Copy 5 - back view - women's wear Pakistan,,,,,,,,,,,,,,,,,,,,,,,,,,,,,,,,,,,,,,,,,,,,https://cdn.shopify.com/s/files/1/0618/2368/0740/files/WhatsApp_Image_2024-12-24_at_6.25.00_PM.jpg?v=1735228788,g,,0.00,,,,
floral-bicycle-printed-women-hoodie-set-copy-5,,,,,,,,,Medium,,,fleece,,,gray-3,,'10716409,700.0,shopify,100,deny,manual,2199.00,1899.00,true,false,,,,,'10716409,https://cdn.shopify.com/s/files/1/0618/2368/0740/files/WhatsApp_Image_2024-12-24_at_6.25.03_PM.jpg?v=1735228778,11,Floral Bicycle Printed Women Hoodie Set Copy 5 - side view - women's wear Pakistan,,,,,,,,,,,,,,,,,,,,,,,,,,,,,,,,,,,,,,,,,,,,https://cdn.shopify.com/s/files/1/0618/2368/0740/files/WhatsApp_Image_2024-12-24_at_6.25.00_PM_1.jpg?v=1735228778,g,,0.00,,,,
floral-bicycle-printed-women-hoodie-set-copy-5,,,,,,,,,Medium,,,fleece,,,olive-green,,'10716410,700.0,shopify,100,deny,manual,2199.00,1899.00,true,false,,,,,'10716410,,,,,,,,,,,,,,,,,,,,,,,,,,,,,,,,,,,,,,,,,,,,,,,https://cdn.shopify.com/s/files/1/0618/2368/0740/files/WhatsApp_Image_2024-12-24_at_6.25.01_PM.jpg?v=1735228788,g,,0.00,,,,
floral-bicycle-printed-women-hoodie-set-copy-5,,,,,,,,,Medium,,,fleece,,,beige,,'10716411,700.0,shopify,100,deny,manual,2199.00,1899.00,true,false,,,,,'10716411,,,,,,,,,,,,,,,,,,,,,,,,,,,,,,,,,,,,,,,,,,,,,,,https://cdn.shopify.com/s/files/1/0618/2368/0740/files/WhatsApp_Image_2024-12-24_at_6.24.59_PM.jpg?v=1735228778,g,,0.00,,,,
floral-bicycle-printed-women-hoodie-set-copy-5,,,,,,,,,Medium,,,fleece,,,yellow,,'10716412,700.0,shopify,100,deny,manual,2199.00,1899.00,true,false,,,,,'10716412,,,,,,,,,,,,,,,,,,,,,,,,,,,,,,,,,,,,,,,,,,,,,,,https://cdn.shopify.com/s/files/1/0618/2368/0740/files/WhatsApp_Image_2024-12-24_at_6.25.01_PM_1.jpg?v=1735228788,g,,0.00,,,,
floral-bicycle-printed-women-hoodie-set-copy-5,,,,,,,,,Medium,,,fleece,,,purple,,'10716413,700.0,shopify,98,deny,manual,2199.00,1899.00,true,false,,,,,'10716413,,,,,,,,,,,,,,,,,,,,,,,,,,,,,,,,,,,,,,,,,,,,,,,https://cdn.shopify.com/s/files/1/0618/2368/0740/files/WhatsApp_Image_2024-12-24_at_6.25.02_PM.jpg?v=1735228788,g,,0.00,,,,
floral-bicycle-printed-women-hoodie-set-copy-5,,,,,,,,,Medium,,,fleece,,,brown,,'10716414,700.0,shopify,100,deny,manual,2199.00,1899.00,true,false,,,,,'10716414,,,,,,,,,,,,,,,,,,,,,,,,,,,,,,,,,,,,,,,,,,,,,,,https://cdn.shopify.com/s/files/1/0618/2368/0740/files/WhatsApp_Image_2024-12-24_at_6.25.02_PM_1.jpg?v=1735228788,g,,0.00,,,,
floral-bicycle-printed-women-hoodie-set-copy-5,,,,,,,,,Medium,,,fleece,,,silver,,'10716415,700.0,shopify,100,deny,manual,2199.00,1899.00,true,false,,,,,'10716415,,,,,,,,,,,,,,,,,,,,,,,,,,,,,,,,,,,,,,,,,,,,,,,https://cdn.shopify.com/s/files/1/0618/2368/0740/files/WhatsApp_Image_2024-12-24_at_6.25.03_PM.jpg?v=1735228778,g,,0.00,,,,
floral-bicycle-printed-women-hoodie-set-copy-5,,,,,,,,,Medium,,,fleece,,,navy-blue,,'10716416,700.0,shopify,100,deny,manual,2199.00,1899.00,true,false,,,,,'10716416,,,,,,,,,,,,,,,,,,,,,,,,,,,,,,,,,,,,,,,,,,,,,,,https://cdn.shopify.com/s/files/1/0618/2368/0740/files/WhatsApp_Image_2024-12-24_at_6.25.03_PM_1.jpg?v=1735228778,g,,0.00,,,,
floral-bicycle-printed-women-hoodie-set-copy-5,,,,,,,,,Medium,,,fleece,,,blue,,'10716417,700.0,shopify,100,deny,manual,2199.00,1899.00,true,false,,,,,'10716417,,,,,,,,,,,,,,,,,,,,,,,,,,,,,,,,,,,,,,,,,,,,,,,https://cdn.shopify.com/s/files/1/0618/2368/0740/files/WhatsApp_Image_2024-12-24_at_6.25.04_PM.jpg?v=1735228778,g,,0.00,,,,
floral-bicycle-printed-women-hoodie-set-copy-5,,,,,,,,,Medium,,,fleece,,,black,,'10716418,700.0,shopify,99,deny,manual,2199.00,1899.00,true,false,,,,,'10716418,,,,,,,,,,,,,,,,,,,,,,,,,,,,,,,,,,,,,,,,,,,,,,,https://cdn.shopify.com/s/files/1/0618/2368/0740/files/WhatsApp_Image_2024-12-24_at_6.25.00_PM.jpg?v=1735228788,g,,0.00,,,,
floral-bicycle-printed-women-hoodie-set-copy-5,,,,,,,,,Large,,,fleece,,,gray-3,,'10716419,700.0,shopify,100,deny,manual,2299.00,1899.00,true,false,,,,,'10716419,,,,,,,,,,,,,,,,,,,,,,,,,,,,,,,,,,,,,,,,,,,,,,,https://cdn.shopify.com/s/files/1/0618/2368/0740/files/WhatsApp_Image_2024-12-24_at_6.25.00_PM_1.jpg?v=1735228778,g,,0.00,,,,
floral-bicycle-printed-women-hoodie-set-copy-5,,,,,,,,,Large,,,fleece,,,olive-green,,'10716420,700.0,shopify,100,deny,manual,2299.00,1899.00,true,false,,,,,'10716420,,,,,,,,,,,,,,,,,,,,,,,,,,,,,,,,,,,,,,,,,,,,,,,https://cdn.shopify.com/s/files/1/0618/2368/0740/files/WhatsApp_Image_2024-12-24_at_6.25.01_PM.jpg?v=1735228788,g,,0.00,,,,
floral-bicycle-printed-women-hoodie-set-copy-5,,,,,,,,,Large,,,fleece,,,beige,,'10716421,700.0,shopify,100,deny,manual,2299.00,1899.00,true,false,,,,,'10716421,,,,,,,,,,,,,,,,,,,,,,,,,,,,,,,,,,,,,,,,,,,,,,,https://cdn.shopify.com/s/files/1/0618/2368/0740/files/WhatsApp_Image_2024-12-24_at_6.24.59_PM.jpg?v=1735228778,g,,0.00,,,,
floral-bicycle-printed-women-hoodie-set-copy-5,,,,,,,,,Large,,,fleece,,,yellow,,'10716422,700.0,shopify,100,deny,manual,2299.00,1899.00,true,false,,,,,'10716422,,,,,,,,,,,,,,,,,,,,,,,,,,,,,,,,,,,,,,,,,,,,,,,https://cdn.shopify.com/s/files/1/0618/2368/0740/files/WhatsApp_Image_2024-12-24_at_6.25.01_PM_1.jpg?v=1735228788,g,,0.00,,,,
floral-bicycle-printed-women-hoodie-set-copy-5,,,,,,,,,Large,,,fleece,,,purple,,'10716423,700.0,shopify,100,deny,manual,2299.00,1899.00,true,false,,,,,'10716423,,,,,,,,,,,,,,,,,,,,,,,,,,,,,,,,,,,,,,,,,,,,,,,https://cdn.shopify.com/s/files/1/0618/2368/0740/files/WhatsApp_Image_2024-12-24_at_6.25.02_PM.jpg?v=1735228788,g,,0.00,,,,
floral-bicycle-printed-women-hoodie-set-copy-5,,,,,,,,,Large,,,fleece,,,brown,,'10716424,700.0,shopify,100,deny,manual,2299.00,1899.00,true,false,,,,,'10716424,,,,,,,,,,,,,,,,,,,,,,,,,,,,,,,,,,,,,,,,,,,,,,,https://cdn.shopify.com/s/files/1/0618/2368/0740/files/WhatsApp_Image_2024-12-24_at_6.25.02_PM_1.jpg?v=1735228788,g,,0.00,,,,
floral-bicycle-printed-women-hoodie-set-copy-5,,,,,,,,,Large,,,fleece,,,silver,,'10716425,700.0,shopify,100,deny,manual,2299.00,1899.00,true,false,,,,,'10716425,,,,,,,,,,,,,,,,,,,,,,,,,,,,,,,,,,,,,,,,,,,,,,,https://cdn.shopify.com/s/files/1/0618/2368/0740/files/WhatsApp_Image_2024-12-24_at_6.25.03_PM.jpg?v=1735228778,g,,0.00,,,,
floral-bicycle-printed-women-hoodie-set-copy-5,,,,,,,,,Large,,,fleece,,,navy-blue,,'10716426,700.0,shopify,99,deny,manual,2299.00,1899.00,true,false,,,,,'10716426,,,,,,,,,,,,,,,,,,,,,,,,,,,,,,,,,,,,,,,,,,,,,,,https://cdn.shopify.com/s/files/1/0618/2368/0740/files/WhatsApp_Image_2024-12-24_at_6.25.03_PM_1.jpg?v=1735228778,g,,0.00,,,,
floral-bicycle-printed-women-hoodie-set-copy-5,,,,,,,,,Large,,,fleece,,,blue,,'10716427,700.0,shopify,100,deny,manual,2299.00,1899.00,true,false,,,,,'10716427,,,,,,,,,,,,,,,,,,,,,,,,,,,,,,,,,,,,,,,,,,,,,,,https://cdn.shopify.com/s/files/1/0618/2368/0740/files/WhatsApp_Image_2024-12-24_at_6.25.04_PM.jpg?v=1735228778,g,,0.00,,,,
floral-bicycle-printed-women-hoodie-set-copy-5,,,,,,,,,Large,,,fleece,,,black,,'10716428,700.0,shopify,100,deny,manual,2299.00,1899.00,true,false,,,,,'10716428,,,,,,,,,,,,,,,,,,,,,,,,,,,,,,,,,,,,,,,,,,,,,,,https://cdn.shopify.com/s/files/1/0618/2368/0740/files/WhatsApp_Image_2024-12-24_at_6.25.00_PM.jpg?v=1735228788,g,,0.00,,,,
floral-bicycle-printed-women-hoodie-set-copy-5,,,,,,,,,XL,,,fleece,,,gray-3,,'10716429,700.0,shopify,100,deny,manual,2399.00,1899.00,true,false,,,,,'10716429,,,,,,,,,,,,,,,,,,,,,,,,,,,,,,,,,,,,,,,,,,,,,,,https://cdn.shopify.com/s/files/1/0618/2368/0740/files/WhatsApp_Image_2024-12-24_at_6.25.00_PM_1.jpg?v=1735228778,g,,0.00,,,,
floral-bicycle-printed-women-hoodie-set-copy-5,,,,,,,,,XL,,,fleece,,,olive-green,,'10716430,700.0,shopify,100,deny,manual,2399.00,1899.00,true,false,,,,,'10716430,,,,,,,,,,,,,,,,,,,,,,,,,,,,,,,,,,,,,,,,,,,,,,,https://cdn.shopify.com/s/files/1/0618/2368/0740/files/WhatsApp_Image_2024-12-24_at_6.25.01_PM.jpg?v=1735228788,g,,0.00,,,,
floral-bicycle-printed-women-hoodie-set-copy-5,,,,,,,,,XL,,,fleece,,,beige,,'10716431,700.0,shopify,99,deny,manual,2399.00,1899.00,true,false,,,,,'10716431,,,,,,,,,,,,,,,,,,,,,,,,,,,,,,,,,,,,,,,,,,,,,,,https://cdn.shopify.com/s/files/1/0618/2368/0740/files/WhatsApp_Image_2024-12-24_at_6.24.59_PM.jpg?v=1735228778,g,,0.00,,,,
floral-bicycle-printed-women-hoodie-set-copy-5,,,,,,,,,XL,,,fleece,,,yellow,,'10716432,700.0,shopify,99,deny,manual,2399.00,1899.00,true,false,,,,,'10716432,,,,,,,,,,,,,,,,,,,,,,,,,,,,,,,,,,,,,,,,,,,,,,,https://cdn.shopify.com/s/files/1/0618/2368/0740/files/WhatsApp_Image_2024-12-24_at_6.25.01_PM_1.jpg?v=1735228788,g,,0.00,,,,
floral-bicycle-printed-women-hoodie-set-copy-5,,,,,,,,,XL,,,fleece,,,purple,,'10716433,700.0,shopify,100,deny,manual,2399.00,1899.00,true,false,,,,,'10716433,,,,,,,,,,,,,,,,,,,,,,,,,,,,,,,,,,,,,,,,,,,,,,,https://cdn.shopify.com/s/files/1/0618/2368/0740/files/WhatsApp_Image_2024-12-24_at_6.25.02_PM.jpg?v=1735228788,g,,0.00,,,,
floral-bicycle-printed-women-hoodie-set-copy-5,,,,,,,,,XL,,,fleece,,,brown,,'10716434,700.0,shopify,100,deny,manual,2399.00,1899.00,true,false,,,,,'10716434,,,,,,,,,,,,,,,,,,,,,,,,,,,,,,,,,,,,,,,,,,,,,,,https://cdn.shopify.com/s/files/1/0618/2368/0740/files/WhatsApp_Image_2024-12-24_at_6.25.02_PM_1.jpg?v=1735228788,g,,0.00,,,,
floral-bicycle-printed-women-hoodie-set-copy-5,,,,,,,,,XL,,,fleece,,,silver,,'10716435,700.0,shopify,100,deny,manual,2399.00,1899.00,true,false,,,,,'10716435,,,,,,,,,,,,,,,,,,,,,,,,,,,,,,,,,,,,,,,,,,,,,,,https://cdn.shopify.com/s/files/1/0618/2368/0740/files/WhatsApp_Image_2024-12-24_at_6.25.03_PM.jpg?v=1735228778,g,,0.00,,,,
floral-bicycle-printed-women-hoodie-set-copy-5,,,,,,,,,XL,,,fleece,,,navy-blue,,'10716436,700.0,shopify,100,deny,manual,2399.00,1899.00,true,false,,,,,'10716436,,,,,,,,,,,,,,,,,,,,,,,,,,,,,,,,,,,,,,,,,,,,,,,https://cdn.shopify.com/s/files/1/0618/2368/0740/files/WhatsApp_Image_2024-12-24_at_6.25.03_PM_1.jpg?v=1735228778,g,,0.00,,,,
floral-bicycle-printed-women-hoodie-set-copy-5,,,,,,,,,XL,,,fleece,,,blue,,'10716437,700.0,shopify,100,deny,manual,2399.00,1899.00,true,false,,,,,'10716437,,,,,,,,,,,,,,,,,,,,,,,,,,,,,,,,,,,,,,,,,,,,,,,https://cdn.shopify.com/s/files/1/0618/2368/0740/files/WhatsApp_Image_2024-12-24_at_6.25.04_PM.jpg?v=1735228778,g,,0.00,,,,
floral-bicycle-printed-women-hoodie-set-copy-5,,,,,,,,,XL,,,fleece,,,black,,'10706978,700.0,shopify,99,deny,manual,2399.00,1899.00,true,false,,,,,'10706978,,,,,,,,,,,,,,,,,,,,,,,,,,,,,,,,,,,,,,,,,,,,,,,https://cdn.shopify.com/s/files/1/0618/2368/0740/files/WhatsApp_Image_2024-12-24_at_6.25.00_PM.jpg?v=1735228788,g,,0.00,,,,
its-all-out-there-printed-hoodie,Its All Out There Printed Hoodie,"<h4>Its All Out There Printed Hoodie</h4>
<p>Unleash your adventurous spirit with our ""It's All Out There"" Printed Hoodie for her! Embrace the possibilities and stay cozy on your journeys. Made with high-quality materials, this hoodie is a must-have for any explorer. So, what are you waiting for? Grab yours today and conquer the world!</p>",BBG FASHION,Apparel & Accessories > Clothing > Clothing Tops > Hoodies,Hoodie For Her,"Hoodie For Her, wintercollection, woo",false,Size,Small,,Color,Black,,,,,'10716355,700.0,,0,deny,manual,1599.00,0.00,true,false,,,,,'10716355,https://cdn.shopify.com/s/files/1/0618/2368/0740/files/244_c51c9f66-65a0-4995-80ae-11357a471631.png?v=1735227757,1,Its All Out There Printed Hoodie - front view - unisex wear Pakistan,false,,"Look no further for the perfect casual hoodie – Colorful Standard’s take on the modern classic is thoughtfully crafted for the best fit in soft organic cotton.
",,,,,,,,,,,,,,,,,,,,,,,,,,,,,,,,,,,,,,,,,https://cdn.shopify.com/s/files/1/0618/2368/0740/files/244_c51c9f66-65a0-4995-80ae-11357a471631.png?v=1735227757,g,,0.00,true,,,draft
its-all-out-there-printed-hoodie,,,,,,,,,Small,,,Blue,,,,,'10716356,700.0,,0,deny,manual,1599.00,0.00,true,false,,,,,'10716356,https://cdn.shopify.com/s/files/1/0618/2368/0740/files/130.png?v=1735227800,2,Its All Out There Printed Hoodie - back view - unisex wear Pakistan,,,,,,,,,,,,,,,,,,,,,,,,,,,,,,,,,,,,,,,,,,,,https://cdn.shopify.com/s/files/1/0618/2368/0740/files/130.png?v=1735227800,g,,0.00,,,,
its-all-out-there-printed-hoodie,,,,,,,,,Small,,,Yellow,,,,,'10716357,700.0,,0,deny,manual,1599.00,0.00,true,false,,,,,'10716357,https://cdn.shopify.com/s/files/1/0618/2368/0740/files/56_449a7676-5a79-4bcd-ab2d-2740b3fbf5d9.png?v=1735227800,3,Its All Out There Printed Hoodie - side view - unisex wear Pakistan,,,,,,,,,,,,,,,,,,,,,,,,,,,,,,,,,,,,,,,,,,,,https://cdn.shopify.com/s/files/1/0618/2368/0740/files/56_449a7676-5a79-4bcd-ab2d-2740b3fbf5d9.png?v=1735227800,g,,0.00,,,,
its-all-out-there-printed-hoodie,,,,,,,,,Small,,,Olive Green,,,,,'10716358,700.0,,0,deny,manual,1599.00,0.00,true,false,,,,,'10716358,https://cdn.shopify.com/s/files/1/0618/2368/0740/files/103_84e28188-1e81-428a-a348-b65972656e85.png?v=1735227800,4,Its All Out There Printed Hoodie - detail shot - unisex wear Pakistan,,,,,,,,,,,,,,,,,,,,,,,,,,,,,,,,,,,,,,,,,,,,https://cdn.shopify.com/s/files/1/0618/2368/0740/files/103_84e28188-1e81-428a-a348-b65972656e85.png?v=1735227800,g,,0.00,,,,
its-all-out-there-printed-hoodie,,,,,,,,,Small,,,Rose Gold,,,,,'10716359,700.0,,0,deny,manual,1599.00,0.00,true,false,,,,,'10716359,https://cdn.shopify.com/s/files/1/0618/2368/0740/files/76.png?v=1735227800,5,Its All Out There Printed Hoodie - front view - unisex wear Pakistan,,,,,,,,,,,,,,,,,,,,,,,,,,,,,,,,,,,,,,,,,,,,https://cdn.shopify.com/s/files/1/0618/2368/0740/files/76.png?v=1735227800,g,,0.00,,,,
its-all-out-there-printed-hoodie,,,,,,,,,Small,,,Cream,,,,,'10716360,700.0,,0,deny,manual,1599.00,0.00,true,false,,,,,'10716360,https://cdn.shopify.com/s/files/1/0618/2368/0740/files/186_a17e7566-e113-48a6-8b05-757d8b4a9383.png?v=1735227800,6,Its All Out There Printed Hoodie - back view - unisex wear Pakistan,,,,,,,,,,,,,,,,,,,,,,,,,,,,,,,,,,,,,,,,,,,,https://cdn.shopify.com/s/files/1/0618/2368/0740/files/186_a17e7566-e113-48a6-8b05-757d8b4a9383.png?v=1735227800,g,,0.00,,,,
its-all-out-there-printed-hoodie,,,,,,,,,Small,,,Grey,,,,,'10716361,700.0,,0,deny,manual,1599.00,0.00,true,false,,,,,'10716361,https://cdn.shopify.com/s/files/1/0618/2368/0740/files/hoodiesizechart_8ec3b445-d6a7-4993-8fe3-cf237f05a022.webp?v=1765455802,7,Sun Flower Printed Hoodie size chart - measurements guide,,,,,,,,,,,,,,,,,,,,,,,,,,,,,,,,,,,,,,,,,,,,https://cdn.shopify.com/s/files/1/0618/2368/0740/files/213.png?v=1735226279,g,,0.00,,,,
its-all-out-there-printed-hoodie,,,,,,,,,Small,,,Mustard,,,,,'10716362,700.0,,0,deny,manual,1599.00,0.00,true,false,,,,,'10716362,https://cdn.shopify.com/s/files/1/0618/2368/0740/files/213.png?v=1735226279,8,Its All Out There Printed Hoodie - detail shot - unisex wear Pakistan,,,,,,,,,,,,,,,,,,,,,,,,,,,,,,,,,,,,,,,,,,,,https://cdn.shopify.com/s/files/1/0618/2368/0740/files/260.png?v=1735226293,g,,0.00,,,,
its-all-out-there-printed-hoodie,,,,,,,,,Small,,,Silver,,,,,'10716363,700.0,,0,deny,manual,1599.00,0.00,true,false,,,,,'10716363,https://cdn.shopify.com/s/files/1/0618/2368/0740/files/260.png?v=1735226293,9,Its All Out There Printed Hoodie - front view - unisex wear Pakistan,,,,,,,,,,,,,,,,,,,,,,,,,,,,,,,,,,,,,,,,,,,,https://cdn.shopify.com/s/files/1/0618/2368/0740/files/158.png?v=1735226307,g,,0.00,,,,
its-all-out-there-printed-hoodie,,,,,,,,,Medium,,,Black,,,,,'10716364,700.0,,-1,deny,manual,1599.00,0.00,true,false,,,,,'10716364,https://cdn.shopify.com/s/files/1/0618/2368/0740/files/158.png?v=1735226307,10,Its All Out There Printed Hoodie - back view - unisex wear Pakistan,,,,,,,,,,,,,,,,,,,,,,,,,,,,,,,,,,,,,,,,,,,,https://cdn.shopify.com/s/files/1/0618/2368/0740/files/244_c51c9f66-65a0-4995-80ae-11357a471631.png?v=1735227757,g,,0.00,,,,
its-all-out-there-printed-hoodie,,,,,,,,,Medium,,,Blue,,,,,'10716365,700.0,,0,deny,manual,1599.00,0.00,true,false,,,,,'10716365,,,,,,,,,,,,,,,,,,,,,,,,,,,,,,,,,,,,,,,,,,,,,,,https://cdn.shopify.com/s/files/1/0618/2368/0740/files/130.png?v=1735227800,g,,0.00,,,,
