Handle,Title,Body (HTML),Vendor,Product Category,Type,Tags,Published,Option1 Name,Option1 Value,Option1 Linked To,Option2 Name,Option2 Value,Option2 Linked To,Option3 Name,Option3 Value,Option3 Linked To,Variant SKU,Variant Grams,Variant Inventory Tracker,Variant Inventory Qty,Variant Inventory Policy,Variant Fulfillment Service,Variant Price,Variant Compare At Price,Variant Requires Shipping,Variant Taxable,Unit Price Total Measure,Unit Price Total Measure Unit,Unit Price Base Measure,Unit Price Base Measure Unit,Variant Barcode,Image Src,Image Position,Image Alt Text,Gift Card,SEO Title,SEO Description,Google Shopping / Google Product Category,Google Shopping / Gender,Google Shopping / Age Group,Google Shopping / MPN,Google Shopping / Condition,Google Shopping / Custom Product,Google Shopping / Custom Label 0,Google Shopping / Custom Label 1,Google Shopping / Custom Label 2,Google Shopping / Custom Label 3,Google Shopping / Custom Label 4,Google: Custom Product (product.metafields.mm-google-shopping.custom_product),Product rating count (product.metafields.reviews.rating_count),Activewear clothing features (product.metafields.shopify.activewear-clothing-features),Activity (product.metafields.shopify.activity),Age group (product.metafields.shopify.age-group),Baby/Toddler clothing features (product.metafields.shopify.baby-toddler-clothing-features),Baby/Toddler sleepwear style (product.metafields.shopify.baby-toddler-sleepwear-style),Care instructions (product.metafields.shopify.care-instructions),Clothing features (product.metafields.shopify.clothing-features),Color (product.metafields.shopify.color-pattern),Dress occasion (product.metafields.shopify.dress-occasion),Dress style (product.metafields.shopify.dress-style),Fabric (product.metafields.shopify.fabric),Fit (product.metafields.shopify.fit),Intimate apparel features (product.metafields.shopify.intimate-apparel-features),Neckline (product.metafields.shopify.neckline),One-piece style (product.metafields.shopify.one-piece-style),Outerwear clothing features (product.metafields.shopify.outerwear-clothing-features),Pants length type (product.metafields.shopify.pants-length-type),Size (product.metafields.shopify.size),Skirt/Dress length type (product.metafields.shopify.skirt-dress-length-type),Sleeve length type (product.metafields.shopify.sleeve-length-type),Target gender (product.metafields.shopify.target-gender),Top length type (product.metafields.shopify.top-length-type),Waist rise (product.metafields.shopify.waist-rise),Complementary products (product.metafields.shopify--discovery--product_recommendation.complementary_products),Related products (product.metafields.shopify--discovery--product_recommendation.related_products),Related products settings (product.metafields.shopify--discovery--product_recommendation.related_products_display),Search product boosts (product.metafields.shopify--discovery--product_search_boost.queries),Variant Image,Variant Weight Unit,Variant Tax Code,Cost per item,Included / Pakistan,Price / Pakistan,Compare At Price / Pakistan,Status
blue-green-bear-kids-sweatshirt-pant,,,,,,,,,11 - 12 Years,,,yellow-1,,,,,'10706773,500.0,,0,deny,manual,1399.00,,true,true,,,,,'10706773,,,,,,,,,,,,,,,,,,,,,,,,,,,,,,,,,,,,,,,,,,,,,,,https://cdn.shopify.com/s/files/1/0618/2368/0740/files/greenbearYellowSweatshirt_PantKidsSilkPajamasSetSweatshirt_PantKidsSilkPajamasSet_1a59b93b-9543-496c-8285-eb17df04a2a2.png?v=1776664318,g,,,,,,
blue-green-bear-kids-sweatshirt-pant,,,,,,,,,11 - 12 Years,,,navy-1,,,,,'10709159,500.0,,-1,deny,manual,1399.00,,true,true,,,,,'10709159,,,,,,,,,,,,,,,,,,,,,,,,,,,,,,,,,,,,,,,,,,,,,,,https://cdn.shopify.com/s/files/1/0618/2368/0740/files/GreenbearblueSweatshirt_Pant.png?v=1776664318,g,,,,,,
blue-green-bear-kids-sweatshirt-pant,,,,,,,,,11 - 12 Years,,,white,,,,,'10709160,500.0,,0,deny,manual,1399.00,,true,true,,,,,'10709160,,,,,,,,,,,,,,,,,,,,,,,,,,,,,,,,,,,,,,,,,,,,,,,https://cdn.shopify.com/s/files/1/0618/2368/0740/files/GreenbearwhiteSweatshirt_Pant_ed32ec4e-556f-42bd-8f34-353e588fdfdc.png?v=1776664318,g,,,,,,
blue-green-bear-kids-sweatshirt-pant,,,,,,,,,11 - 12 Years,,,red,,,,,'10709161,500.0,,0,deny,manual,1399.00,,true,true,,,,,'10709161,,,,,,,,,,,,,,,,,,,,,,,,,,,,,,,,,,,,,,,,,,,,,,,https://cdn.shopify.com/s/files/1/0618/2368/0740/files/GreenbearRedSweatshirt_Pant_978b7175-4e98-480c-995d-402bdbb2eb20.png?v=1776664318,g,,,,,,
blue-green-bear-kids-sweatshirt-pant,,,,,,,,,11 - 12 Years,,,silver,,,,,'10709162,500.0,,-1,deny,manual,1399.00,,true,true,,,,,'10709162,,,,,,,,,,,,,,,,,,,,,,,,,,,,,,,,,,,,,,,,,,,,,,,https://cdn.shopify.com/s/files/1/0618/2368/0740/files/GreenbearGreySweatshirt_Pant_d4566b5f-6a0d-4c66-9932-37e414417174.png?v=1776664318,g,,,,,,
blue-green-bear-kids-sweatshirt-pant,,,,,,,,,11 - 12 Years,,,orange,,,,,'10709163,500.0,,-1,deny,manual,1399.00,,true,true,,,,,'10709163,,,,,,,,,,,,,,,,,,,,,,,,,,,,,,,,,,,,,,,,,,,,,,,https://cdn.shopify.com/s/files/1/0618/2368/0740/files/greenbearOrangeSweatshirt_PantKidsSilkPajamasSet_1.png?v=1776664318,g,,,,,,
orange-cute-bear-kids-sweatshirt-pant,Kids Winter Sweat Shirt Set | Cute Bear Printed,"<h4>Kids Winter Sweat Shirt Set | Cute Bear Printed.<br>
</h4>
<p>Designed with both comfort and cuteness in mind, this adorable outfit features a soft sweatshirt with a trendy bear graphic paired with cozy matching pants.</p>
<p data-start=""443"" data-end=""712"">Made from premium-quality fleece fabric, it provides warmth without feeling heavy—perfect for everyday wear, outdoor play, or casual outings. The ribbed cuffs and elastic waistband ensure a snug fit, while the playful bear print adds a fun, fashionable touch kids love.</p>
<p data-start=""714"" data-end=""817"">Whether it’s a chilly morning or a relaxed evening, this set keeps your child comfortable all day long.</p>
<p data-start=""819"" data-end=""838""><strong data-start=""819"" data-end=""838"">✨ Key Features:</strong></p>
<ul data-start=""839"" data-end=""1099"">
<li data-section-id=""z6ksdb"" data-start=""839"" data-end=""890"">Soft &amp; warm fleece fabric (winter essential ❄️)</li>
<li data-section-id=""11xjcgv"" data-start=""891"" data-end=""928"">Adorable cute bear front print 🧸</li>
<li data-section-id=""1wwrkp8"" data-start=""929"" data-end=""976"">Comfortable elastic waistband for easy wear</li>
<li data-section-id=""b7vxol"" data-start=""977"" data-end=""1011"">Ribbed cuffs for a perfect fit</li>
<li data-section-id=""6pcig5"" data-start=""1012"" data-end=""1054"">Durable stitching for long-lasting use</li>
<li data-section-id=""13y9nba"" data-start=""1055"" data-end=""1099"">Ideal for daily wear, outings &amp; lounging</li>
</ul>",BBG FASHION CLOTHING STORE,Apparel & Accessories > Clothing > Baby & Toddler Clothing,Kids Sweatshirt & Pant,"Kids Winter Collection, kidssweatshirtandpant",true,Size,1-2-years,product.metafields.shopify.size,Color,yellow-1,product.metafields.shopify.color-pattern,,,,'10709076,500.0,,-1,deny,manual,1399.00,,true,false,,,,,'10709076,https://cdn.shopify.com/s/files/1/0618/2368/0740/files/CutebearyellowSweatshirt_PantKidsSilkPajamasSet_5fccab50-e11d-4ac4-afa5-8d2d7e96f023.png?v=1776492575,1,Orange Cute Bear Kids Sweatshirt Pant - back view - kids wear Pakistan,false,,"Shop Kids Winter Sweat Shirt Set with cute bear print. Soft fleece fabric, warm & comfortable for daily wear. Perfect winter outfit for kids in Pakistan.",,,,,,,,,,,,,,,,,,,,,yellow-1; orange; silver; navy-1; red; white,,,fleece,,,,,,,1-2-years; 3-4-years; 5-6-years-1; 7-8-years; 9-10-years; 11-12-years,,,,,,,,,,https://cdn.shopify.com/s/files/1/0618/2368/0740/files/CutebearyellowSweatshirt_PantKidsSilkPajamasSet_5fccab50-e11d-4ac4-afa5-8d2d7e96f023.png?v=1776492575,g,,,true,,,active
orange-cute-bear-kids-sweatshirt-pant,,,,,,,,,1-2-years,,,orange,,,,,'10709071,500.0,,-2,deny,manual,1399.00,,true,false,,,,,'10709071,https://cdn.shopify.com/s/files/1/0618/2368/0740/files/cutebearSweatshirt_PantKidsSilkPajamasSet.png?v=1776492575,2,Orange Cute Bear Kids Sweatshirt Pant - front view - kids wear Pakistan,,,,,,,,,,,,,,,,,,,,,,,,,,,,,,,,,,,,,,,,,,,,https://cdn.shopify.com/s/files/1/0618/2368/0740/files/cutebearSweatshirt_PantKidsSilkPajamasSet.png?v=1776492575,g,,,,,,
orange-cute-bear-kids-sweatshirt-pant,,,,,,,,,1-2-years,,,silver,,,,,'10709072,500.0,,0,deny,manual,1399.00,,true,false,,,,,'10709072,https://cdn.shopify.com/s/files/1/0618/2368/0740/files/CutebeargreySweatshirt_Pant_1.png?v=1776492575,3,Orange Cute Bear Kids Sweatshirt Pant - back view - kids wear Pakistan,,,,,,,,,,,,,,,,,,,,,,,,,,,,,,,,,,,,,,,,,,,,https://cdn.shopify.com/s/files/1/0618/2368/0740/files/CutebeargreySweatshirt_Pant_1.png?v=1776492575,g,,,,,,
orange-cute-bear-kids-sweatshirt-pant,,,,,,,,,1-2-years,,,navy-1,,,,,'10709073,500.0,,0,deny,manual,1399.00,,true,false,,,,,'10709073,https://cdn.shopify.com/s/files/1/0618/2368/0740/files/cutebearblueSweatshirt_Pant_1.png?v=1776492575,4,Orange Cute Bear Kids Sweatshirt Pant - side view - kids wear Pakistan,,,,,,,,,,,,,,,,,,,,,,,,,,,,,,,,,,,,,,,,,,,,https://cdn.shopify.com/s/files/1/0618/2368/0740/files/cutebearblueSweatshirt_Pant_1.png?v=1776492575,g,,,,,,
orange-cute-bear-kids-sweatshirt-pant,,,,,,,,,1-2-years,,,red,,,,,'10709074,500.0,,0,deny,manual,1399.00,,true,false,,,,,'10709074,https://cdn.shopify.com/s/files/1/0618/2368/0740/files/CutebearRedSweatshirt_Pant_1.png?v=1776492575,5,Orange Cute Bear Kids Sweatshirt Pant - detail shot - kids wear Pakistan,,,,,,,,,,,,,,,,,,,,,,,,,,,,,,,,,,,,,,,,,,,,https://cdn.shopify.com/s/files/1/0618/2368/0740/files/CutebearRedSweatshirt_Pant_1.png?v=1776492575,g,,,,,,
orange-cute-bear-kids-sweatshirt-pant,,,,,,,,,1-2-years,,,white,,,,,'10709075,500.0,,0,deny,manual,1399.00,,true,false,,,,,'10709075,https://cdn.shopify.com/s/files/1/0618/2368/0740/files/CutebearwhiteSweatshirt_Pant_4685e38c-d81c-44e7-8b1a-fe2b60928135.png?v=1776492575,6,Orange Cute Bear Kids Sweatshirt Pant - front view - kids wear Pakistan,,,,,,,,,,,,,,,,,,,,,,,,,,,,,,,,,,,,,,,,,,,,https://cdn.shopify.com/s/files/1/0618/2368/0740/files/CutebearwhiteSweatshirt_Pant_4685e38c-d81c-44e7-8b1a-fe2b60928135.png?v=1776492575,g,,,,,,
orange-cute-bear-kids-sweatshirt-pant,,,,,,,,,3-4-years,,,yellow-1,,,,,'10709082,500.0,,-6,deny,manual,1399.00,,true,false,,,,,'10709082,https://cdn.shopify.com/s/files/1/0618/2368/0740/files/BBg_Kids_Size_chart_2b336c6e-f810-47dc-bc9a-69fea9e3b06b.webp?v=1767096499,7,Yellow White Bunny Kids Sweatshirt Pant size chart - measurements guide,,,,,,,,,,,,,,,,,,,,,,,,,,,,,,,,,,,,,,,,,,,,https://cdn.shopify.com/s/files/1/0618/2368/0740/files/CutebearyellowSweatshirt_PantKidsSilkPajamasSet_5fccab50-e11d-4ac4-afa5-8d2d7e96f023.png?v=1776492575,g,,,,,,
orange-cute-bear-kids-sweatshirt-pant,,,,,,,,,3-4-years,,,orange,,,,,'10709077,500.0,,-28,deny,manual,1399.00,,true,false,,,,,'10709077,,,,,,,,,,,,,,,,,,,,,,,,,,,,,,,,,,,,,,,,,,,,,,,https://cdn.shopify.com/s/files/1/0618/2368/0740/files/cutebearSweatshirt_PantKidsSilkPajamasSet.png?v=1776492575,g,,,,,,
orange-cute-bear-kids-sweatshirt-pant,,,,,,,,,3-4-years,,,silver,,,,,'10709078,500.0,,-1,deny,manual,1399.00,,true,false,,,,,'10709078,,,,,,,,,,,,,,,,,,,,,,,,,,,,,,,,,,,,,,,,,,,,,,,https://cdn.shopify.com/s/files/1/0618/2368/0740/files/CutebeargreySweatshirt_Pant_1.png?v=1776492575,g,,,,,,
orange-cute-bear-kids-sweatshirt-pant,,,,,,,,,3-4-years,,,navy-1,,,,,'10709079,500.0,,-3,deny,manual,1399.00,,true,false,,,,,'10709079,,,,,,,,,,,,,,,,,,,,,,,,,,,,,,,,,,,,,,,,,,,,,,,https://cdn.shopify.com/s/files/1/0618/2368/0740/files/cutebearblueSweatshirt_Pant_1.png?v=1776492575,g,,,,,,
orange-cute-bear-kids-sweatshirt-pant,,,,,,,,,3-4-years,,,red,,,,,'10709080,500.0,,-2,deny,manual,1399.00,,true,false,,,,,'10709080,,,,,,,,,,,,,,,,,,,,,,,,,,,,,,,,,,,,,,,,,,,,,,,https://cdn.shopify.com/s/files/1/0618/2368/0740/files/CutebearRedSweatshirt_Pant_1.png?v=1776492575,g,,,,,,
orange-cute-bear-kids-sweatshirt-pant,,,,,,,,,3-4-years,,,white,,,,,'10709081,500.0,,-2,deny,manual,1399.00,,true,false,,,,,'10709081,,,,,,,,,,,,,,,,,,,,,,,,,,,,,,,,,,,,,,,,,,,,,,,https://cdn.shopify.com/s/files/1/0618/2368/0740/files/CutebearwhiteSweatshirt_Pant_4685e38c-d81c-44e7-8b1a-fe2b60928135.png?v=1776492575,g,,,,,,
orange-cute-bear-kids-sweatshirt-pant,,,,,,,,,5-6-years-1,,,yellow-1,,,,,'10709088,500.0,,0,deny,manual,1399.00,,true,false,,,,,'10709088,,,,,,,,,,,,,,,,,,,,,,,,,,,,,,,,,,,,,,,,,,,,,,,https://cdn.shopify.com/s/files/1/0618/2368/0740/files/CutebearyellowSweatshirt_PantKidsSilkPajamasSet_5fccab50-e11d-4ac4-afa5-8d2d7e96f023.png?v=1776492575,g,,,,,,
orange-cute-bear-kids-sweatshirt-pant,,,,,,,,,5-6-years-1,,,orange,,,,,'10709083,500.0,,-19,deny,manual,1399.00,,true,false,,,,,'10709083,,,,,,,,,,,,,,,,,,,,,,,,,,,,,,,,,,,,,,,,,,,,,,,https://cdn.shopify.com/s/files/1/0618/2368/0740/files/cutebearSweatshirt_PantKidsSilkPajamasSet.png?v=1776492575,g,,,,,,
orange-cute-bear-kids-sweatshirt-pant,,,,,,,,,5-6-years-1,,,silver,,,,,'10709084,500.0,,0,deny,manual,1399.00,,true,false,,,,,'10709084,,,,,,,,,,,,,,,,,,,,,,,,,,,,,,,,,,,,,,,,,,,,,,,https://cdn.shopify.com/s/files/1/0618/2368/0740/files/CutebeargreySweatshirt_Pant_1.png?v=1776492575,g,,,,,,
orange-cute-bear-kids-sweatshirt-pant,,,,,,,,,5-6-years-1,,,navy-1,,,,,'10709085,500.0,,-2,deny,manual,1399.00,,true,false,,,,,'10709085,,,,,,,,,,,,,,,,,,,,,,,,,,,,,,,,,,,,,,,,,,,,,,,https://cdn.shopify.com/s/files/1/0618/2368/0740/files/cutebearblueSweatshirt_Pant_1.png?v=1776492575,g,,,,,,
orange-cute-bear-kids-sweatshirt-pant,,,,,,,,,5-6-years-1,,,red,,,,,'10709086,500.0,,-2,deny,manual,1399.00,,true,false,,,,,'10709086,,,,,,,,,,,,,,,,,,,,,,,,,,,,,,,,,,,,,,,,,,,,,,,https://cdn.shopify.com/s/files/1/0618/2368/0740/files/CutebearRedSweatshirt_Pant_1.png?v=1776492575,g,,,,,,
orange-cute-bear-kids-sweatshirt-pant,,,,,,,,,5-6-years-1,,,white,,,,,'10709087,500.0,,0,deny,manual,1399.00,,true,false,,,,,'10709087,,,,,,,,,,,,,,,,,,,,,,,,,,,,,,,,,,,,,,,,,,,,,,,https://cdn.shopify.com/s/files/1/0618/2368/0740/files/CutebearwhiteSweatshirt_Pant_4685e38c-d81c-44e7-8b1a-fe2b60928135.png?v=1776492575,g,,,,,,
orange-cute-bear-kids-sweatshirt-pant,,,,,,,,,7-8-years,,,yellow-1,,,,,'10709094,500.0,,-3,deny,manual,1399.00,,true,false,,,,,'10709094,,,,,,,,,,,,,,,,,,,,,,,,,,,,,,,,,,,,,,,,,,,,,,,https://cdn.shopify.com/s/files/1/0618/2368/0740/files/CutebearyellowSweatshirt_PantKidsSilkPajamasSet_5fccab50-e11d-4ac4-afa5-8d2d7e96f023.png?v=1776492575,g,,,,,,
orange-cute-bear-kids-sweatshirt-pant,,,,,,,,,7-8-years,,,orange,,,,,'10709089,500.0,,-8,deny,manual,1399.00,,true,false,,,,,'10709089,,,,,,,,,,,,,,,,,,,,,,,,,,,,,,,,,,,,,,,,,,,,,,,https://cdn.shopify.com/s/files/1/0618/2368/0740/files/cutebearSweatshirt_PantKidsSilkPajamasSet.png?v=1776492575,g,,,,,,
orange-cute-bear-kids-sweatshirt-pant,,,,,,,,,7-8-years,,,silver,,,,,'10709090,500.0,,-1,deny,manual,1399.00,,true,false,,,,,'10709090,,,,,,,,,,,,,,,,,,,,,,,,,,,,,,,,,,,,,,,,,,,,,,,https://cdn.shopify.com/s/files/1/0618/2368/0740/files/CutebeargreySweatshirt_Pant_1.png?v=1776492575,g,,,,,,
orange-cute-bear-kids-sweatshirt-pant,,,,,,,,,7-8-years,,,navy-1,,,,,'10709091,500.0,,-3,deny,manual,1399.00,,true,false,,,,,'10709091,,,,,,,,,,,,,,,,,,,,,,,,,,,,,,,,,,,,,,,,,,,,,,,https://cdn.shopify.com/s/files/1/0618/2368/0740/files/cutebearblueSweatshirt_Pant_1.png?v=1776492575,g,,,,,,
orange-cute-bear-kids-sweatshirt-pant,,,,,,,,,7-8-years,,,red,,,,,'10709092,500.0,,0,deny,manual,1399.00,,true,false,,,,,'10709092,,,,,,,,,,,,,,,,,,,,,,,,,,,,,,,,,,,,,,,,,,,,,,,https://cdn.shopify.com/s/files/1/0618/2368/0740/files/CutebearRedSweatshirt_Pant_1.png?v=1776492575,g,,,,,,
orange-cute-bear-kids-sweatshirt-pant,,,,,,,,,7-8-years,,,white,,,,,'10709093,500.0,,-1,deny,manual,1399.00,,true,false,,,,,'10709093,,,,,,,,,,,,,,,,,,,,,,,,,,,,,,,,,,,,,,,,,,,,,,,https://cdn.shopify.com/s/files/1/0618/2368/0740/files/CutebearwhiteSweatshirt_Pant_4685e38c-d81c-44e7-8b1a-fe2b60928135.png?v=1776492575,g,,,,,,
orange-cute-bear-kids-sweatshirt-pant,,,,,,,,,9-10-years,,,yellow-1,,,,,'10709100,500.0,,-2,deny,manual,1399.00,,true,false,,,,,'10709100,,,,,,,,,,,,,,,,,,,,,,,,,,,,,,,,,,,,,,,,,,,,,,,https://cdn.shopify.com/s/files/1/0618/2368/0740/files/CutebearyellowSweatshirt_PantKidsSilkPajamasSet_5fccab50-e11d-4ac4-afa5-8d2d7e96f023.png?v=1776492575,g,,,,,,
orange-cute-bear-kids-sweatshirt-pant,,,,,,,,,9-10-years,,,orange,,,,,'10709095,500.0,,-6,deny,manual,1399.00,,true,false,,,,,'10709095,,,,,,,,,,,,,,,,,,,,,,,,,,,,,,,,,,,,,,,,,,,,,,,https://cdn.shopify.com/s/files/1/0618/2368/0740/files/cutebearSweatshirt_PantKidsSilkPajamasSet.png?v=1776492575,g,,,,,,
orange-cute-bear-kids-sweatshirt-pant,,,,,,,,,9-10-years,,,silver,,,,,'10709096,500.0,,-1,deny,manual,1399.00,,true,false,,,,,'10709096,,,,,,,,,,,,,,,,,,,,,,,,,,,,,,,,,,,,,,,,,,,,,,,https://cdn.shopify.com/s/files/1/0618/2368/0740/files/CutebeargreySweatshirt_Pant_1.png?v=1776492575,g,,,,,,
orange-cute-bear-kids-sweatshirt-pant,,,,,,,,,9-10-years,,,navy-1,,,,,'10709097,500.0,,-2,deny,manual,1399.00,,true,false,,,,,'10709097,,,,,,,,,,,,,,,,,,,,,,,,,,,,,,,,,,,,,,,,,,,,,,,https://cdn.shopify.com/s/files/1/0618/2368/0740/files/cutebearblueSweatshirt_Pant_1.png?v=1776492575,g,,,,,,
orange-cute-bear-kids-sweatshirt-pant,,,,,,,,,9-10-years,,,red,,,,,'10709098,500.0,,-2,deny,manual,1399.00,,true,false,,,,,'10709098,,,,,,,,,,,,,,,,,,,,,,,,,,,,,,,,,,,,,,,,,,,,,,,https://cdn.shopify.com/s/files/1/0618/2368/0740/files/CutebearRedSweatshirt_Pant_1.png?v=1776492575,g,,,,,,
orange-cute-bear-kids-sweatshirt-pant,,,,,,,,,9-10-years,,,white,,,,,'10709099,500.0,,0,deny,manual,1399.00,,true,false,,,,,'10709099,,,,,,,,,,,,,,,,,,,,,,,,,,,,,,,,,,,,,,,,,,,,,,,https://cdn.shopify.com/s/files/1/0618/2368/0740/files/CutebearwhiteSweatshirt_Pant_4685e38c-d81c-44e7-8b1a-fe2b60928135.png?v=1776492575,g,,,,,,
orange-cute-bear-kids-sweatshirt-pant,,,,,,,,,11-12-years,,,yellow-1,,,,,'10706771,500.0,,0,deny,manual,1399.00,,true,false,,,,,'10706771,,,,,,,,,,,,,,,,,,,,,,,,,,,,,,,,,,,,,,,,,,,,,,,https://cdn.shopify.com/s/files/1/0618/2368/0740/files/CutebearyellowSweatshirt_PantKidsSilkPajamasSet_5fccab50-e11d-4ac4-afa5-8d2d7e96f023.png?v=1776492575,g,,,,,,
orange-cute-bear-kids-sweatshirt-pant,,,,,,,,,11-12-years,,,orange,,,,,'10709101,500.0,,-5,deny,manual,1399.00,,true,false,,,,,'10709101,,,,,,,,,,,,,,,,,,,,,,,,,,,,,,,,,,,,,,,,,,,,,,,https://cdn.shopify.com/s/files/1/0618/2368/0740/files/cutebearSweatshirt_PantKidsSilkPajamasSet.png?v=1776492575,g,,,,,,
orange-cute-bear-kids-sweatshirt-pant,,,,,,,,,11-12-years,,,silver,,,,,'10709102,500.0,,-3,deny,manual,1399.00,,true,false,,,,,'10709102,,,,,,,,,,,,,,,,,,,,,,,,,,,,,,,,,,,,,,,,,,,,,,,https://cdn.shopify.com/s/files/1/0618/2368/0740/files/CutebeargreySweatshirt_Pant_1.png?v=1776492575,g,,,,,,
orange-cute-bear-kids-sweatshirt-pant,,,,,,,,,11-12-years,,,navy-1,,,,,'10709103,500.0,,0,deny,manual,1399.00,,true,false,,,,,'10709103,,,,,,,,,,,,,,,,,,,,,,,,,,,,,,,,,,,,,,,,,,,,,,,https://cdn.shopify.com/s/files/1/0618/2368/0740/files/cutebearblueSweatshirt_Pant_1.png?v=1776492575,g,,,,,,
orange-cute-bear-kids-sweatshirt-pant,,,,,,,,,11-12-years,,,red,,,,,'10709104,500.0,,-1,deny,manual,1399.00,,true,false,,,,,'10709104,,,,,,,,,,,,,,,,,,,,,,,,,,,,,,,,,,,,,,,,,,,,,,,https://cdn.shopify.com/s/files/1/0618/2368/0740/files/CutebearRedSweatshirt_Pant_1.png?v=1776492575,g,,,,,,
orange-cute-bear-kids-sweatshirt-pant,,,,,,,,,11-12-years,,,white,,,,,'10709105,500.0,,0,deny,manual,1399.00,,true,false,,,,,'10709105,,,,,,,,,,,,,,,,,,,,,,,,,,,,,,,,,,,,,,,,,,,,,,,https://cdn.shopify.com/s/files/1/0618/2368/0740/files/CutebearwhiteSweatshirt_Pant_4685e38c-d81c-44e7-8b1a-fe2b60928135.png?v=1776492575,g,,,,,,
yellow-lion-kids-sweatshirt-pant,Kids Winter Sweat Shirt Set | Vibrant Lion Printed,"<h4 data-start=""105"" data-end=""211""><strong data-start=""153"" data-end=""207"">Kids Winter Sweat Shirt Set | Vibrant Lion Printed</strong></h4>
<p data-start=""213"" data-end=""496"">Designed for both comfort and bold fashion, this winter set features a vibrant, multicolor lion print that adds a fun and powerful look to your child’s outfit. Made from soft and warm fabric, it keeps your kid cozy during chilly days while ensuring maximum comfort for everyday wear.</p>
<p data-start=""498"" data-end=""745"">The set includes a comfortable sweatshirt paired with matching trousers featuring an elastic waistband for a secure and flexible fit. Whether it’s for playtime, casual outings, or lounging at home, this outfit delivers both style and practicality.</p>
<p data-start=""747"" data-end=""868"">Durable stitching and breathable material make it perfect for active kids who need comfort without compromising on style.</p>
<p data-start=""870"" data-end=""883""><strong data-start=""870"" data-end=""883"">Features:</strong></p>
<ul data-start=""884"" data-end=""1064"">
<li data-section-id=""17tiup3"" data-start=""884"" data-end=""913"">Soft &amp; warm winter fabric</li>
<li data-section-id=""lp8fmo"" data-start=""914"" data-end=""949"">Eye-catching vibrant lion print</li>
<li data-section-id=""63crlm"" data-start=""950"" data-end=""988"">Comfortable elastic waist trousers</li>
<li data-section-id=""125b1da"" data-start=""989"" data-end=""1022"">Durable &amp; breathable material</li>
<li data-section-id=""1d3qqrq"" data-start=""1023"" data-end=""1064"">Ideal for daily wear &amp; winter outings</li>
</ul>",BBG FASHION CLOTHING STORE,Apparel & Accessories > Clothing > Baby & Toddler Clothing,Kids Sweatshirt & Pant,kidssweatshirtandpant,true,Size,1 - 2 Years,,Color,yellow-1,product.metafields.shopify.color-pattern,,,,'10742214,500.0,,0,deny,manual,1399.00,1599.00,true,true,,,,,'10742214,https://cdn.shopify.com/s/files/1/0618/2368/0740/files/BBGYellowlionSweatshirt_PantKidsSilkPajamasSet.png?v=1700665801,1,Yellow Lion Kids Sweatshirt Pant - front view - kids wear Pakistan,false,,"Shop Kids Winter Sweat Shirt Set with vibrant lion print. Warm, stylish & comfortable outfit for kids. Perfect for winter wear, playtime & casual use.",,,kids,,,,,,,,,,,,,kids,,,,stretchable,yellow-1; orange; navy-1; silver; white; red,,,fleece,,,,,,,,,,unisex,,,,,,,https://cdn.shopify.com/s/files/1/0618/2368/0740/files/BBGYellowlionSweatshirt_PantKidsSilkPajamasSet.png?v=1700665801,g,,,true,,,active
yellow-lion-kids-sweatshirt-pant,,,,,,,,,1 - 2 Years,,,orange,,,,,'10742215,500.0,,0,deny,manual,1399.00,1599.00,true,true,,,,,'10742215,https://cdn.shopify.com/s/files/1/0618/2368/0740/files/BBGOrangeLionSweatshirt_PantKidsSilkPajamasSet_1.png?v=1722936400,2,Yellow Lion Kids Sweatshirt Pant - back view - kids wear Pakistan,,,,,,,,,,,,,,,,,,,,,,,,,,,,,,,,,,,,,,,,,,,,https://cdn.shopify.com/s/files/1/0618/2368/0740/files/BBGOrangeLionSweatshirt_PantKidsSilkPajamasSet_1.png?v=1722936400,g,,,,,,
yellow-lion-kids-sweatshirt-pant,,,,,,,,,1 - 2 Years,,,navy-1,,,,,'10742216,500.0,,0,deny,manual,1399.00,1599.00,true,true,,,,,'10742216,https://cdn.shopify.com/s/files/1/0618/2368/0740/files/BBGBlueLionSweatshirt_Pant_1.png?v=1722936416,3,Yellow Lion Kids Sweatshirt Pant - side view - kids wear Pakistan,,,,,,,,,,,,,,,,,,,,,,,,,,,,,,,,,,,,,,,,,,,,https://cdn.shopify.com/s/files/1/0618/2368/0740/files/BBGBlueLionSweatshirt_Pant_1.png?v=1722936416,g,,,,,,
yellow-lion-kids-sweatshirt-pant,,,,,,,,,1 - 2 Years,,,silver,,,,,'10742217,500.0,,0,deny,manual,1399.00,1599.00,true,true,,,,,'10742217,https://cdn.shopify.com/s/files/1/0618/2368/0740/files/Cami_Tank_Capri_Set.png?v=1722937079,4,Yellow Lion Kids Sweatshirt Pant - detail shot - kids wear Pakistan,,,,,,,,,,,,,,,,,,,,,,,,,,,,,,,,,,,,,,,,,,,,https://cdn.shopify.com/s/files/1/0618/2368/0740/files/Cami_Tank_Capri_Set.png?v=1722937079,g,,,,,,
yellow-lion-kids-sweatshirt-pant,,,,,,,,,1 - 2 Years,,,white,,,,,'10742218,500.0,,0,deny,manual,1399.00,1599.00,true,true,,,,,'10742218,https://cdn.shopify.com/s/files/1/0618/2368/0740/files/BBGWhiteSweatshirt_Pant_50fba858-9eb0-4347-9119-7a983be1679e.png?v=1722936432,5,Yellow Lion Kids Sweatshirt Pant - front view - kids wear Pakistan,,,,,,,,,,,,,,,,,,,,,,,,,,,,,,,,,,,,,,,,,,,,https://cdn.shopify.com/s/files/1/0618/2368/0740/files/BBGWhiteSweatshirt_Pant_50fba858-9eb0-4347-9119-7a983be1679e.png?v=1722936432,g,,,,,,
yellow-lion-kids-sweatshirt-pant,,,,,,,,,1 - 2 Years,,,red,,,,,'10742219,500.0,,0,deny,manual,1399.00,1599.00,true,true,,,,,'10742219,https://cdn.shopify.com/s/files/1/0618/2368/0740/files/BBGRedLionSweatshirt_Pant_1.png?v=1722936446,6,Yellow Lion Kids Sweatshirt Pant - back view - kids wear Pakistan,,,,,,,,,,,,,,,,,,,,,,,,,,,,,,,,,,,,,,,,,,,,https://cdn.shopify.com/s/files/1/0618/2368/0740/files/BBGRedLionSweatshirt_Pant_1.png?v=1722936446,g,,,,,,
yellow-lion-kids-sweatshirt-pant,,,,,,,,,3 - 4 Years,,,yellow-1,,,,,'10709042,500.0,,-4,deny,manual,1399.00,1599.00,true,true,,,,,'10709042,https://cdn.shopify.com/s/files/1/0618/2368/0740/files/BBg_Kids_Size_chart_2b336c6e-f810-47dc-bc9a-69fea9e3b06b.webp?v=1767096499,7,Yellow White Bunny Kids Sweatshirt Pant size chart - measurements guide,,,,,,,,,,,,,,,,,,,,,,,,,,,,,,,,,,,,,,,,,,,,https://cdn.shopify.com/s/files/1/0618/2368/0740/files/BBGYellowlionSweatshirt_PantKidsSilkPajamasSet.png?v=1700665801,g,,,,,,
yellow-lion-kids-sweatshirt-pant,,,,,,,,,3 - 4 Years,,,orange,,,,,'10709043,500.0,,0,deny,manual,1399.00,1599.00,true,true,,,,,'10709043,,,,,,,,,,,,,,,,,,,,,,,,,,,,,,,,,,,,,,,,,,,,,,,https://cdn.shopify.com/s/files/1/0618/2368/0740/files/BBGOrangeLionSweatshirt_PantKidsSilkPajamasSet_1.png?v=1722936400,g,,,,,,
yellow-lion-kids-sweatshirt-pant,,,,,,,,,3 - 4 Years,,,navy-1,,,,,'10709044,500.0,,-2,deny,manual,1399.00,1599.00,true,true,,,,,'10709044,,,,,,,,,,,,,,,,,,,,,,,,,,,,,,,,,,,,,,,,,,,,,,,https://cdn.shopify.com/s/files/1/0618/2368/0740/files/BBGBlueLionSweatshirt_Pant_1.png?v=1722936416,g,,,,,,
yellow-lion-kids-sweatshirt-pant,,,,,,,,,3 - 4 Years,,,silver,,,,,'10709045,500.0,,-1,deny,manual,1399.00,1599.00,true,true,,,,,'10709045,,,,,,,,,,,,,,,,,,,,,,,,,,,,,,,,,,,,,,,,,,,,,,,https://cdn.shopify.com/s/files/1/0618/2368/0740/files/Cami_Tank_Capri_Set.png?v=1722937079,g,,,,,,
yellow-lion-kids-sweatshirt-pant,,,,,,,,,3 - 4 Years,,,white,,,,,'10709046,500.0,,0,deny,manual,1399.00,1599.00,true,true,,,,,'10709046,,,,,,,,,,,,,,,,,,,,,,,,,,,,,,,,,,,,,,,,,,,,,,,https://cdn.shopify.com/s/files/1/0618/2368/0740/files/BBGWhiteSweatshirt_Pant_50fba858-9eb0-4347-9119-7a983be1679e.png?v=1722936432,g,,,,,,
yellow-lion-kids-sweatshirt-pant,,,,,,,,,3 - 4 Years,,,red,,,,,'10709047,500.0,,-1,deny,manual,1399.00,1599.00,true,true,,,,,'10709047,,,,,,,,,,,,,,,,,,,,,,,,,,,,,,,,,,,,,,,,,,,,,,,https://cdn.shopify.com/s/files/1/0618/2368/0740/files/BBGRedLionSweatshirt_Pant_1.png?v=1722936446,g,,,,,,
yellow-lion-kids-sweatshirt-pant,,,,,,,,,5 - 6 Years,,,yellow-1,,,,,'10709048,500.0,,-6,deny,manual,1399.00,1599.00,true,true,,,,,'10709048,,,,,,,,,,,,,,,,,,,,,,,,,,,,,,,,,,,,,,,,,,,,,,,https://cdn.shopify.com/s/files/1/0618/2368/0740/files/BBGYellowlionSweatshirt_PantKidsSilkPajamasSet.png?v=1700665801,g,,,,,,
yellow-lion-kids-sweatshirt-pant,,,,,,,,,5 - 6 Years,,,orange,,,,,'10709049,500.0,,-1,deny,manual,1399.00,1599.00,true,true,,,,,'10709049,,,,,,,,,,,,,,,,,,,,,,,,,,,,,,,,,,,,,,,,,,,,,,,https://cdn.shopify.com/s/files/1/0618/2368/0740/files/BBGOrangeLionSweatshirt_PantKidsSilkPajamasSet_1.png?v=1722936400,g,,,,,,
yellow-lion-kids-sweatshirt-pant,,,,,,,,,5 - 6 Years,,,navy-1,,,,,'10709050,500.0,,-3,deny,manual,1399.00,1599.00,true,true,,,,,'10709050,,,,,,,,,,,,,,,,,,,,,,,,,,,,,,,,,,,,,,,,,,,,,,,https://cdn.shopify.com/s/files/1/0618/2368/0740/files/BBGBlueLionSweatshirt_Pant_1.png?v=1722936416,g,,,,,,
yellow-lion-kids-sweatshirt-pant,,,,,,,,,5 - 6 Years,,,silver,,,,,'10709051,500.0,,0,deny,manual,1399.00,1599.00,true,true,,,,,'10709051,,,,,,,,,,,,,,,,,,,,,,,,,,,,,,,,,,,,,,,,,,,,,,,https://cdn.shopify.com/s/files/1/0618/2368/0740/files/Cami_Tank_Capri_Set.png?v=1722937079,g,,,,,,
yellow-lion-kids-sweatshirt-pant,,,,,,,,,5 - 6 Years,,,white,,,,,'10709052,500.0,,0,deny,manual,1399.00,1599.00,true,true,,,,,'10709052,,,,,,,,,,,,,,,,,,,,,,,,,,,,,,,,,,,,,,,,,,,,,,,https://cdn.shopify.com/s/files/1/0618/2368/0740/files/BBGWhiteSweatshirt_Pant_50fba858-9eb0-4347-9119-7a983be1679e.png?v=1722936432,g,,,,,,
yellow-lion-kids-sweatshirt-pant,,,,,,,,,5 - 6 Years,,,red,,,,,'10709053,500.0,,-2,deny,manual,1399.00,1599.00,true,true,,,,,'10709053,,,,,,,,,,,,,,,,,,,,,,,,,,,,,,,,,,,,,,,,,,,,,,,https://cdn.shopify.com/s/files/1/0618/2368/0740/files/BBGRedLionSweatshirt_Pant_1.png?v=1722936446,g,,,,,,
yellow-lion-kids-sweatshirt-pant,,,,,,,,,7 - 8 Years,,,yellow-1,,,,,'10709054,500.0,,-3,deny,manual,1399.00,1599.00,true,true,,,,,'10709054,,,,,,,,,,,,,,,,,,,,,,,,,,,,,,,,,,,,,,,,,,,,,,,https://cdn.shopify.com/s/files/1/0618/2368/0740/files/BBGYellowlionSweatshirt_PantKidsSilkPajamasSet.png?v=1700665801,g,,,,,,
yellow-lion-kids-sweatshirt-pant,,,,,,,,,7 - 8 Years,,,orange,,,,,'10709055,500.0,,-2,deny,manual,1399.00,1599.00,true,true,,,,,'10709055,,,,,,,,,,,,,,,,,,,,,,,,,,,,,,,,,,,,,,,,,,,,,,,https://cdn.shopify.com/s/files/1/0618/2368/0740/files/BBGOrangeLionSweatshirt_PantKidsSilkPajamasSet_1.png?v=1722936400,g,,,,,,
yellow-lion-kids-sweatshirt-pant,,,,,,,,,7 - 8 Years,,,navy-1,,,,,'10709056,500.0,,-1,deny,manual,1399.00,1599.00,true,true,,,,,'10709056,,,,,,,,,,,,,,,,,,,,,,,,,,,,,,,,,,,,,,,,,,,,,,,https://cdn.shopify.com/s/files/1/0618/2368/0740/files/BBGBlueLionSweatshirt_Pant_1.png?v=1722936416,g,,,,,,
yellow-lion-kids-sweatshirt-pant,,,,,,,,,7 - 8 Years,,,silver,,,,,'10709057,500.0,,0,deny,manual,1399.00,1599.00,true,true,,,,,'10709057,,,,,,,,,,,,,,,,,,,,,,,,,,,,,,,,,,,,,,,,,,,,,,,https://cdn.shopify.com/s/files/1/0618/2368/0740/files/Cami_Tank_Capri_Set.png?v=1722937079,g,,,,,,
yellow-lion-kids-sweatshirt-pant,,,,,,,,,7 - 8 Years,,,white,,,,,'10709058,500.0,,0,deny,manual,1399.00,1599.00,true,true,,,,,'10709058,,,,,,,,,,,,,,,,,,,,,,,,,,,,,,,,,,,,,,,,,,,,,,,https://cdn.shopify.com/s/files/1/0618/2368/0740/files/BBGWhiteSweatshirt_Pant_50fba858-9eb0-4347-9119-7a983be1679e.png?v=1722936432,g,,,,,,
yellow-lion-kids-sweatshirt-pant,,,,,,,,,7 - 8 Years,,,red,,,,,'10709059,500.0,,-1,deny,manual,1399.00,1599.00,true,true,,,,,'10709059,,,,,,,,,,,,,,,,,,,,,,,,,,,,,,,,,,,,,,,,,,,,,,,https://cdn.shopify.com/s/files/1/0618/2368/0740/files/BBGRedLionSweatshirt_Pant_1.png?v=1722936446,g,,,,,,
yellow-lion-kids-sweatshirt-pant,,,,,,,,,9 - 10 Years,,,yellow-1,,,,,'10709060,500.0,,-6,deny,manual,1399.00,1599.00,true,true,,,,,'10709060,,,,,,,,,,,,,,,,,,,,,,,,,,,,,,,,,,,,,,,,,,,,,,,https://cdn.shopify.com/s/files/1/0618/2368/0740/files/BBGYellowlionSweatshirt_PantKidsSilkPajamasSet.png?v=1700665801,g,,,,,,
yellow-lion-kids-sweatshirt-pant,,,,,,,,,9 - 10 Years,,,orange,,,,,'10709061,500.0,,-2,deny,manual,1399.00,1599.00,true,true,,,,,'10709061,,,,,,,,,,,,,,,,,,,,,,,,,,,,,,,,,,,,,,,,,,,,,,,https://cdn.shopify.com/s/files/1/0618/2368/0740/files/BBGOrangeLionSweatshirt_PantKidsSilkPajamasSet_1.png?v=1722936400,g,,,,,,
yellow-lion-kids-sweatshirt-pant,,,,,,,,,9 - 10 Years,,,navy-1,,,,,'10709062,500.0,,-1,deny,manual,1399.00,1599.00,true,true,,,,,'10709062,,,,,,,,,,,,,,,,,,,,,,,,,,,,,,,,,,,,,,,,,,,,,,,https://cdn.shopify.com/s/files/1/0618/2368/0740/files/BBGBlueLionSweatshirt_Pant_1.png?v=1722936416,g,,,,,,
yellow-lion-kids-sweatshirt-pant,,,,,,,,,9 - 10 Years,,,silver,,,,,'10709063,500.0,,-2,deny,manual,1399.00,1599.00,true,true,,,,,'10709063,,,,,,,,,,,,,,,,,,,,,,,,,,,,,,,,,,,,,,,,,,,,,,,https://cdn.shopify.com/s/files/1/0618/2368/0740/files/Cami_Tank_Capri_Set.png?v=1722937079,g,,,,,,
yellow-lion-kids-sweatshirt-pant,,,,,,,,,9 - 10 Years,,,white,,,,,'10709064,500.0,,-1,deny,manual,1399.00,1599.00,true,true,,,,,'10709064,,,,,,,,,,,,,,,,,,,,,,,,,,,,,,,,,,,,,,,,,,,,,,,https://cdn.shopify.com/s/files/1/0618/2368/0740/files/BBGWhiteSweatshirt_Pant_50fba858-9eb0-4347-9119-7a983be1679e.png?v=1722936432,g,,,,,,
yellow-lion-kids-sweatshirt-pant,,,,,,,,,9 - 10 Years,,,red,,,,,'10709065,500.0,,-1,deny,manual,1399.00,1599.00,true,true,,,,,'10709065,,,,,,,,,,,,,,,,,,,,,,,,,,,,,,,,,,,,,,,,,,,,,,,https://cdn.shopify.com/s/files/1/0618/2368/0740/files/BBGRedLionSweatshirt_Pant_1.png?v=1722936446,g,,,,,,
yellow-lion-kids-sweatshirt-pant,,,,,,,,,11 - 12 Years,,,yellow-1,,,,,'10709066,500.0,,-3,deny,manual,1399.00,1599.00,true,true,,,,,'10709066,,,,,,,,,,,,,,,,,,,,,,,,,,,,,,,,,,,,,,,,,,,,,,,https://cdn.shopify.com/s/files/1/0618/2368/0740/files/BBGYellowlionSweatshirt_PantKidsSilkPajamasSet.png?v=1700665801,g,,,,,,
yellow-lion-kids-sweatshirt-pant,,,,,,,,,11 - 12 Years,,,orange,,,,,'10709067,500.0,,-2,deny,manual,1399.00,1599.00,true,true,,,,,'10709067,,,,,,,,,,,,,,,,,,,,,,,,,,,,,,,,,,,,,,,,,,,,,,,https://cdn.shopify.com/s/files/1/0618/2368/0740/files/BBGOrangeLionSweatshirt_PantKidsSilkPajamasSet_1.png?v=1722936400,g,,,,,,
yellow-lion-kids-sweatshirt-pant,,,,,,,,,11 - 12 Years,,,navy-1,,,,,'10709068,500.0,,0,deny,manual,1399.00,1599.00,true,true,,,,,'10709068,,,,,,,,,,,,,,,,,,,,,,,,,,,,,,,,,,,,,,,,,,,,,,,https://cdn.shopify.com/s/files/1/0618/2368/0740/files/BBGBlueLionSweatshirt_Pant_1.png?v=1722936416,g,,,,,,
yellow-lion-kids-sweatshirt-pant,,,,,,,,,11 - 12 Years,,,silver,,,,,'10709069,500.0,,-1,deny,manual,1399.00,1599.00,true,true,,,,,'10709069,,,,,,,,,,,,,,,,,,,,,,,,,,,,,,,,,,,,,,,,,,,,,,,https://cdn.shopify.com/s/files/1/0618/2368/0740/files/Cami_Tank_Capri_Set.png?v=1722937079,g,,,,,,
yellow-lion-kids-sweatshirt-pant,,,,,,,,,11 - 12 Years,,,white,,,,,'10709070,500.0,,0,deny,manual,1399.00,1599.00,true,true,,,,,'10709070,,,,,,,,,,,,,,,,,,,,,,,,,,,,,,,,,,,,,,,,,,,,,,,https://cdn.shopify.com/s/files/1/0618/2368/0740/files/BBGWhiteSweatshirt_Pant_50fba858-9eb0-4347-9119-7a983be1679e.png?v=1722936432,g,,,,,,
yellow-lion-kids-sweatshirt-pant,,,,,,,,,11 - 12 Years,,,red,,,,,'10706770,500.0,,0,deny,manual,1399.00,1599.00,true,true,,,,,'10706770,,,,,,,,,,,,,,,,,,,,,,,,,,,,,,,,,,,,,,,,,,,,,,,https://cdn.shopify.com/s/files/1/0618/2368/0740/files/BBGRedLionSweatshirt_Pant_1.png?v=1722936446,g,,,,,,
red-lion-printed-kids-hoodie-set,Kids Winter Hoodie Set | Vibrant Lion Printed,"<h4><strong><span data-sheets-root=""1"">Kids Winter Hoodie Set | Vibrant Lion Printed<br><br></span></strong></h4>
<p data-start=""227"" data-end=""468"">Featuring a bold and colorful lion design, this outfit brings energy, fun, and style together in one perfect set.</p>
<p data-start=""470"" data-end=""770"">Crafted from soft, premium fleece fabric, the hoodie keeps your little one warm and cozy during chilly days, while the matching jogger pants offer a comfortable and flexible fit for active play. Whether it’s school, outings, or everyday wear, this set is designed for both comfort and standout style.</p>
<p data-start=""772"" data-end=""895"">The vibrant lion print adds a lively and powerful look, making it a great choice for kids who love bright and bold outfits.</p>
<p data-start=""897"" data-end=""912"">✨ <strong data-start=""899"" data-end=""912"">Features:</strong></p>
<ul data-start=""913"" data-end=""1140"">
<li data-section-id=""m2jogh"" data-start=""913"" data-end=""956"">Soft fleece fabric for warmth &amp; comfort</li>
<li data-section-id=""ehd6cz"" data-start=""957"" data-end=""1002"">Colorful vibrant lion printed design 🦁🎨</li>
<li data-section-id=""gklsta"" data-start=""1003"" data-end=""1041"">Cozy hoodie with soft inner lining</li>
<li data-section-id=""1qd8zxj"" data-start=""1042"" data-end=""1090"">Matching jogger pants with elastic waistband</li>
<li data-section-id=""9bnese"" data-start=""1091"" data-end=""1140"">Ideal for daily wear, school &amp; winter outings</li>
</ul>
<p data-start=""1142"" data-end=""1211"">Let your kids stay <strong data-start=""1161"" data-end=""1198"">warm, stylish, and full of energy</strong> this winter!</p>
<h4><strong><span data-sheets-root=""1""><br></span></strong></h4>",BBG FASHION,Apparel & Accessories > Clothing,Kids Hoodie Set,Kids Winter Collection,true,Color,yellow-1,product.metafields.shopify.color-pattern,Size,1 - 2 Years,,,,,'10742994,500.0,shopify,200,deny,manual,1399.00,0.00,true,false,,,,,'10742994,https://cdn.shopify.com/s/files/1/0618/2368/0740/files/20250826_1919_Stylish_Kid_Fashion_remix_01k3kbt5gvfqc9y0avqkvpb41f.png?v=1756218353,1,Red Lion Printed Kids Hoodie Set - front view - kids wear Pakistan,false,,"Shop Kids Winter Hoodie Set Vibrant Lion Printed in soft fleece. Warm, colorful & stylish winter outfit for kids. Perfect everyday wear in Pakistan. Order now!",,,,,,,,,,,,,'2,,,,,,,,yellow-1; red; pink; dark-grey,,,,,,,,,,,,,,,,,,,,https://cdn.shopify.com/s/files/1/0618/2368/0740/files/20250826_1919_Stylish_Kid_Fashion_remix_01k3kbt5gvfqc9y0avqkvpb41f.png?v=1756218353,kg,,,true,,,active
red-lion-printed-kids-hoodie-set,,,,,,,,,yellow-1,,,3 - 4 Years,,,,,'10709023,500.0,shopify,200,deny,manual,1399.00,0.00,true,false,,,,,'10709023,https://cdn.shopify.com/s/files/1/0618/2368/0740/files/WhatsAppImage2023-09-26at12.56.42PM_9187ab96-8e57-4f3f-8f4f-f54ad73e7b14.jpg?v=1756218353,2,Red Lion Printed Kids Hoodie Set - side view - kids wear Pakistan,,,,,,,,,,,,,,,,,,,,,,,,,,,,,,,,,,,,,,,,,,,,https://cdn.shopify.com/s/files/1/0618/2368/0740/files/20250826_1919_Stylish_Kid_Fashion_remix_01k3kbt5gvfqc9y0avqkvpb41f.png?v=1756218353,kg,,,,,,
red-lion-printed-kids-hoodie-set,,,,,,,,,yellow-1,,,5 - 6 Years,,,,,'10709027,500.0,shopify,200,deny,manual,1399.00,0.00,true,false,,,,,'10709027,https://cdn.shopify.com/s/files/1/0618/2368/0740/files/WhatsAppImage2023-09-26at12.57.36PM.jpg?v=1756218353,3,Red Lion Printed Kids Hoodie Set - back view - kids wear Pakistan,,,,,,,,,,,,,,,,,,,,,,,,,,,,,,,,,,,,,,,,,,,,https://cdn.shopify.com/s/files/1/0618/2368/0740/files/20250826_1919_Stylish_Kid_Fashion_remix_01k3kbt5gvfqc9y0avqkvpb41f.png?v=1756218353,kg,,,,,,
red-lion-printed-kids-hoodie-set,,,,,,,,,yellow-1,,,7 - 8 Years,,,,,'10709031,500.0,shopify,200,deny,manual,1399.00,0.00,true,false,,,,,'10709031,https://cdn.shopify.com/s/files/1/0618/2368/0740/files/WhatsAppImage2023-09-26at12.57.58PM_98a5dacf-c7cb-4669-99c9-8d7dca066767.jpg?v=1756218353,4,Red Lion Printed Kids Hoodie Set - detail shot - kids wear Pakistan,,,,,,,,,,,,,,,,,,,,,,,,,,,,,,,,,,,,,,,,,,,,https://cdn.shopify.com/s/files/1/0618/2368/0740/files/20250826_1919_Stylish_Kid_Fashion_remix_01k3kbt5gvfqc9y0avqkvpb41f.png?v=1756218353,kg,,,,,,
red-lion-printed-kids-hoodie-set,,,,,,,,,yellow-1,,,9 - 10 Years,,,,,'10709035,500.0,shopify,200,deny,manual,1399.00,0.00,true,false,,,,,'10709035,https://cdn.shopify.com/s/files/1/0618/2368/0740/files/WhatsAppImage2022-06-06at1.24.37PM_1024x1024_1_1024x1024_be08f117-1a5a-4736-bcc9-d68c6d53704a.webp?v=1756218353,5,Red Lion Printed Kids Hoodie Set - front view - kids wear Pakistan,,,,,,,,,,,,,,,,,,,,,,,,,,,,,,,,,,,,,,,,,,,,https://cdn.shopify.com/s/files/1/0618/2368/0740/files/20250826_1919_Stylish_Kid_Fashion_remix_01k3kbt5gvfqc9y0avqkvpb41f.png?v=1756218353,kg,,,,,,
red-lion-printed-kids-hoodie-set,,,,,,,,,yellow-1,,,11 - 12 Years,,,,,'10709039,500.0,shopify,200,deny,manual,1399.00,0.00,true,false,,,,,'10709039,,,,,,,,,,,,,,,,,,,,,,,,,,,,,,,,,,,,,,,,,,,,,,,https://cdn.shopify.com/s/files/1/0618/2368/0740/files/20250826_1919_Stylish_Kid_Fashion_remix_01k3kbt5gvfqc9y0avqkvpb41f.png?v=1756218353,kg,,,,,,
red-lion-printed-kids-hoodie-set,,,,,,,,,red,,,1 - 2 Years,,,,,'10742995,500.0,shopify,200,deny,manual,1399.00,0.00,true,false,,,,,'10742995,,,,,,,,,,,,,,,,,,,,,,,,,,,,,,,,,,,,,,,,,,,,,,,https://cdn.shopify.com/s/files/1/0618/2368/0740/files/WhatsAppImage2023-09-26at12.57.36PM.jpg?v=1756218353,kg,,,,,,
red-lion-printed-kids-hoodie-set,,,,,,,,,red,,,3 - 4 Years,,,,,'10709024,500.0,shopify,200,deny,manual,1399.00,0.00,true,false,,,,,'10709024,,,,,,,,,,,,,,,,,,,,,,,,,,,,,,,,,,,,,,,,,,,,,,,https://cdn.shopify.com/s/files/1/0618/2368/0740/files/WhatsAppImage2023-09-26at12.57.36PM.jpg?v=1756218353,kg,,,,,,
red-lion-printed-kids-hoodie-set,,,,,,,,,red,,,5 - 6 Years,,,,,'10709028,500.0,shopify,200,deny,manual,1399.00,0.00,true,false,,,,,'10709028,,,,,,,,,,,,,,,,,,,,,,,,,,,,,,,,,,,,,,,,,,,,,,,https://cdn.shopify.com/s/files/1/0618/2368/0740/files/WhatsAppImage2023-09-26at12.57.36PM.jpg?v=1756218353,kg,,,,,,
red-lion-printed-kids-hoodie-set,,,,,,,,,red,,,7 - 8 Years,,,,,'10709032,500.0,shopify,200,deny,manual,1399.00,0.00,true,false,,,,,'10709032,,,,,,,,,,,,,,,,,,,,,,,,,,,,,,,,,,,,,,,,,,,,,,,https://cdn.shopify.com/s/files/1/0618/2368/0740/files/WhatsAppImage2023-09-26at12.57.36PM.jpg?v=1756218353,kg,,,,,,
red-lion-printed-kids-hoodie-set,,,,,,,,,red,,,9 - 10 Years,,,,,'10709036,500.0,shopify,200,deny,manual,1399.00,0.00,true,false,,,,,'10709036,,,,,,,,,,,,,,,,,,,,,,,,,,,,,,,,,,,,,,,,,,,,,,,https://cdn.shopify.com/s/files/1/0618/2368/0740/files/WhatsAppImage2023-09-26at12.57.36PM.jpg?v=1756218353,kg,,,,,,
red-lion-printed-kids-hoodie-set,,,,,,,,,red,,,11 - 12 Years,,,,,'10709040,500.0,shopify,200,deny,manual,1399.00,0.00,true,false,,,,,'10709040,,,,,,,,,,,,,,,,,,,,,,,,,,,,,,,,,,,,,,,,,,,,,,,https://cdn.shopify.com/s/files/1/0618/2368/0740/files/WhatsAppImage2023-09-26at12.57.36PM.jpg?v=1756218353,kg,,,,,,
red-lion-printed-kids-hoodie-set,,,,,,,,,pink,,,1 - 2 Years,,,,,'10742996,500.0,shopify,200,deny,manual,1399.00,0.00,true,false,,,,,'10742996,,,,,,,,,,,,,,,,,,,,,,,,,,,,,,,,,,,,,,,,,,,,,,,https://cdn.shopify.com/s/files/1/0618/2368/0740/files/WhatsAppImage2023-09-26at12.56.42PM_9187ab96-8e57-4f3f-8f4f-f54ad73e7b14.jpg?v=1756218353,kg,,,,,,
red-lion-printed-kids-hoodie-set,,,,,,,,,pink,,,3 - 4 Years,,,,,'10709025,500.0,shopify,200,deny,manual,1399.00,0.00,true,false,,,,,'10709025,,,,,,,,,,,,,,,,,,,,,,,,,,,,,,,,,,,,,,,,,,,,,,,https://cdn.shopify.com/s/files/1/0618/2368/0740/files/WhatsAppImage2023-09-26at12.56.42PM_9187ab96-8e57-4f3f-8f4f-f54ad73e7b14.jpg?v=1756218353,kg,,,,,,
red-lion-printed-kids-hoodie-set,,,,,,,,,pink,,,5 - 6 Years,,,,,'10709029,500.0,shopify,200,deny,manual,1399.00,0.00,true,false,,,,,'10709029,,,,,,,,,,,,,,,,,,,,,,,,,,,,,,,,,,,,,,,,,,,,,,,https://cdn.shopify.com/s/files/1/0618/2368/0740/files/WhatsAppImage2023-09-26at12.56.42PM_9187ab96-8e57-4f3f-8f4f-f54ad73e7b14.jpg?v=1756218353,kg,,,,,,
red-lion-printed-kids-hoodie-set,,,,,,,,,pink,,,7 - 8 Years,,,,,'10709033,500.0,shopify,200,deny,manual,1399.00,0.00,true,false,,,,,'10709033,,,,,,,,,,,,,,,,,,,,,,,,,,,,,,,,,,,,,,,,,,,,,,,https://cdn.shopify.com/s/files/1/0618/2368/0740/files/WhatsAppImage2023-09-26at12.56.42PM_9187ab96-8e57-4f3f-8f4f-f54ad73e7b14.jpg?v=1756218353,kg,,,,,,
red-lion-printed-kids-hoodie-set,,,,,,,,,pink,,,9 - 10 Years,,,,,'10709037,500.0,shopify,200,deny,manual,1399.00,0.00,true,false,,,,,'10709037,,,,,,,,,,,,,,,,,,,,,,,,,,,,,,,,,,,,,,,,,,,,,,,https://cdn.shopify.com/s/files/1/0618/2368/0740/files/WhatsAppImage2023-09-26at12.56.42PM_9187ab96-8e57-4f3f-8f4f-f54ad73e7b14.jpg?v=1756218353,kg,,,,,,
red-lion-printed-kids-hoodie-set,,,,,,,,,pink,,,11 - 12 Years,,,,,'10709041,500.0,shopify,200,deny,manual,1399.00,0.00,true,false,,,,,'10709041,,,,,,,,,,,,,,,,,,,,,,,,,,,,,,,,,,,,,,,,,,,,,,,https://cdn.shopify.com/s/files/1/0618/2368/0740/files/WhatsAppImage2023-09-26at12.56.42PM_9187ab96-8e57-4f3f-8f4f-f54ad73e7b14.jpg?v=1756218353,kg,,,,,,
red-lion-printed-kids-hoodie-set,,,,,,,,,dark-grey,,,1 - 2 Years,,,,,'10742997,500.0,shopify,200,deny,manual,1399.00,0.00,true,false,,,,,'10742997,,,,,,,,,,,,,,,,,,,,,,,,,,,,,,,,,,,,,,,,,,,,,,,https://cdn.shopify.com/s/files/1/0618/2368/0740/files/WhatsAppImage2023-09-26at12.57.58PM_98a5dacf-c7cb-4669-99c9-8d7dca066767.jpg?v=1756218353,kg,,,,,,
red-lion-printed-kids-hoodie-set,,,,,,,,,dark-grey,,,3 - 4 Years,,,,,'10709026,500.0,shopify,200,deny,manual,1399.00,0.00,true,false,,,,,'10709026,,,,,,,,,,,,,,,,,,,,,,,,,,,,,,,,,,,,,,,,,,,,,,,https://cdn.shopify.com/s/files/1/0618/2368/0740/files/WhatsAppImage2023-09-26at12.57.58PM_98a5dacf-c7cb-4669-99c9-8d7dca066767.jpg?v=1756218353,kg,,,,,,
red-lion-printed-kids-hoodie-set,,,,,,,,,dark-grey,,,5 - 6 Years,,,,,'10709030,500.0,shopify,200,deny,manual,1399.00,0.00,true,false,,,,,'10709030,,,,,,,,,,,,,,,,,,,,,,,,,,,,,,,,,,,,,,,,,,,,,,,https://cdn.shopify.com/s/files/1/0618/2368/0740/files/WhatsAppImage2023-09-26at12.57.58PM_98a5dacf-c7cb-4669-99c9-8d7dca066767.jpg?v=1756218353,kg,,,,,,
red-lion-printed-kids-hoodie-set,,,,,,,,,dark-grey,,,7 - 8 Years,,,,,'10709034,500.0,shopify,200,deny,manual,1399.00,0.00,true,false,,,,,'10709034,,,,,,,,,,,,,,,,,,,,,,,,,,,,,,,,,,,,,,,,,,,,,,,https://cdn.shopify.com/s/files/1/0618/2368/0740/files/WhatsAppImage2023-09-26at12.57.58PM_98a5dacf-c7cb-4669-99c9-8d7dca066767.jpg?v=1756218353,kg,,,,,,
red-lion-printed-kids-hoodie-set,,,,,,,,,dark-grey,,,9 - 10 Years,,,,,'10709038,500.0,shopify,200,deny,manual,1399.00,0.00,true,false,,,,,'10709038,,,,,,,,,,,,,,,,,,,,,,,,,,,,,,,,,,,,,,,,,,,,,,,https://cdn.shopify.com/s/files/1/0618/2368/0740/files/WhatsAppImage2023-09-26at12.57.58PM_98a5dacf-c7cb-4669-99c9-8d7dca066767.jpg?v=1756218353,kg,,,,,,
red-lion-printed-kids-hoodie-set,,,,,,,,,dark-grey,,,11 - 12 Years,,,,,'10706769,500.0,shopify,200,deny,manual,1399.00,0.00,true,false,,,,,'10706769,,,,,,,,,,,,,,,,,,,,,,,,,,,,,,,,,,,,,,,,,,,,,,,https://cdn.shopify.com/s/files/1/0618/2368/0740/files/WhatsAppImage2023-09-26at12.57.58PM_98a5dacf-c7cb-4669-99c9-8d7dca066767.jpg?v=1756218353,kg,,,,,,
beige-lion-cozy-long-sleeve-hoodie,Lion Cozy Long Sleeve Hoodie,"<h4>Lion Cozy Long Sleeve Hoodie</h4>
<ul class=""a-unordered-list a-vertical a-spacing-mini"">
<li><span class=""a-list-item"">Design: Unisex long-sleeved jumper, simple and fashionable, pullover with drawstring, hoodie, sweatshirt, with drawstring and pockets, threaded cuffs, windproof and warm.</span></li>
<li><span class=""a-list-item"">Print : DTF <span data-mce-fragment=""1""> </span><b data-mce-fragment=""1"">Direct to Film </b>print with care, it can last the lifetime of the garment. Easy Iron</span></li>
<li><span class=""a-list-item"">Material: Our sweatshirts are made of high-quality, breathable, soft and comfortable fabrics to provide you all-round care and warmth. The fabric is durable, does not fade easily and wrinkle, does not pill easily and does not shrink after washing.</span></li>
<li><span class=""a-list-item"">Occasion: casual sweatshirts are suitable for all occasions, home, office, school, club, gym etc.; suitable for all activities, shopping, parties, outdoor activities, cycling, skateboarding, etc.; can be combined with all jeans, casual trousers, yoga trousers, leather shoes, sports shoes, etc.</span></li>
<li><span class=""a-list-item"">Perfect gift: warm and stylish jumpers are the perfect gift for friends, sons, sister, wife, husbands and yourself. </span></li>
<li><span class=""a-list-item"">Size:  Medium | Large | XL</span></li>
</ul>",BBG FASHION,Apparel & Accessories > Clothing,Adult Hoodie,"wintercollection, woo",false,Size,Small,,Color,yellow,product.metafields.shopify.color-pattern,,,,'10708984,700.0,shopify,100,deny,manual,1599.00,1899.00,true,false,,,,,'10708984,https://cdn.shopify.com/s/files/1/0618/2368/0740/files/WhatsAppImage2023-09-17at10.39.04PM_1_8b4dcb47-300b-4817-9980-4813f374b8cf.jpg?v=1730727443,1,Beige Lion Cozy Long Sleeve Hoodie - front view - unisex wear Pakistan,false,,,,,,,,,,,,,,,,,,,,,,,yellow; cream; gray-1; silver; navy-blue; rose-gold; black; olive-green; burgundi; blue,,,,,,,,,,,,,,,,,,,,https://cdn.shopify.com/s/files/1/0618/2368/0740/files/WhatsAppImage2023-09-17at10.39.04PM_1_8b4dcb47-300b-4817-9980-4813f374b8cf.jpg?v=1730727443,g,,0.00,true,,,draft
beige-lion-cozy-long-sleeve-hoodie,,,,,,,,,Small,,,cream,,,,,'10708985,700.0,shopify,100,deny,manual,1599.00,1899.00,true,false,,,,,'10708985,https://cdn.shopify.com/s/files/1/0618/2368/0740/files/WhatsAppImage2023-09-18at1.17.06AM_3a5f0858-ec9c-4f8e-8423-ea5f720db3e6.jpg?v=1730727371,2,Beige Lion Cozy Long Sleeve Hoodie - back view - unisex wear Pakistan,,,,,,,,,,,,,,,,,,,,,,,,,,,,,,,,,,,,,,,,,,,,https://cdn.shopify.com/s/files/1/0618/2368/0740/files/48_afab5310-aadb-4e31-aa19-9532b54964c9.png?v=1730727609,g,,0.00,,,,
beige-lion-cozy-long-sleeve-hoodie,,,,,,,,,Small,,,gray-1,,,,,'10708986,700.0,shopify,100,deny,manual,1599.00,1899.00,true,false,,,,,'10708986,https://cdn.shopify.com/s/files/1/0618/2368/0740/files/40_f78aa0a3-5a3d-44dc-9727-80614cdc1a62.png?v=1730727402,3,Beige Lion Cozy Long Sleeve Hoodie - side view - unisex wear Pakistan,,,,,,,,,,,,,,,,,,,,,,,,,,,,,,,,,,,,,,,,,,,,https://cdn.shopify.com/s/files/1/0618/2368/0740/files/57.png?v=1730727460,g,,0.00,,,,
beige-lion-cozy-long-sleeve-hoodie,,,,,,,,,Small,,,silver,,,,,'10708987,700.0,shopify,100,deny,manual,1599.00,1899.00,true,false,,,,,'10708987,https://cdn.shopify.com/s/files/1/0618/2368/0740/files/57.png?v=1730727460,4,Beige Lion Cozy Long Sleeve Hoodie - detail shot - unisex wear Pakistan,,,,,,,,,,,,,,,,,,,,,,,,,,,,,,,,,,,,,,,,,,,,https://cdn.shopify.com/s/files/1/0618/2368/0740/files/40_f78aa0a3-5a3d-44dc-9727-80614cdc1a62.png?v=1730727402,g,,0.00,,,,
beige-lion-cozy-long-sleeve-hoodie,,,,,,,,,Small,,,navy-blue,,,,,'10708988,700.0,shopify,100,deny,manual,1599.00,1899.00,true,false,,,,,'10708988,https://cdn.shopify.com/s/files/1/0618/2368/0740/files/16_d4f3ae94-04eb-40e2-9e57-2019dd3191c9.png?v=1730727536,5,Beige Lion Cozy Long Sleeve Hoodie - front view - unisex wear Pakistan,,,,,,,,,,,,,,,,,,,,,,,,,,,,,,,,,,,,,,,,,,,,https://cdn.shopify.com/s/files/1/0618/2368/0740/files/32_7d1e9534-4471-43b6-ac2e-23a4155b9b0a.png?v=1730727558,g,,0.00,,,,
beige-lion-cozy-long-sleeve-hoodie,,,,,,,,,Small,,,rose-gold,,,,,'10708989,700.0,shopify,98,deny,manual,1599.00,1899.00,true,false,,,,,'10708989,https://cdn.shopify.com/s/files/1/0618/2368/0740/files/32_7d1e9534-4471-43b6-ac2e-23a4155b9b0a.png?v=1730727558,6,Beige Lion Cozy Long Sleeve Hoodie - back view - unisex wear Pakistan,,,,,,,,,,,,,,,,,,,,,,,,,,,,,,,,,,,,,,,,,,,,https://cdn.shopify.com/s/files/1/0618/2368/0740/files/16_d4f3ae94-04eb-40e2-9e57-2019dd3191c9.png?v=1730727536,g,,0.00,,,,
beige-lion-cozy-long-sleeve-hoodie,,,,,,,,,Small,,,black,,,,,'10708990,700.0,shopify,100,deny,manual,1599.00,1899.00,true,false,,,,,'10708990,https://cdn.shopify.com/s/files/1/0618/2368/0740/files/48_afab5310-aadb-4e31-aa19-9532b54964c9.png?v=1730727609,7,Beige Lion Cozy Long Sleeve Hoodie - side view - unisex wear Pakistan,,,,,,,,,,,,,,,,,,,,,,,,,,,,,,,,,,,,,,,,,,,,https://cdn.shopify.com/s/files/1/0618/2368/0740/files/WhatsAppImage2023-09-18at1.17.06AM_3a5f0858-ec9c-4f8e-8423-ea5f720db3e6.jpg?v=1730727371,g,,0.00,,,,
beige-lion-cozy-long-sleeve-hoodie,,,,,,,,,Small,,,olive-green,,,,,'10708991,700.0,shopify,100,deny,manual,1599.00,1899.00,true,false,,,,,'10708991,https://cdn.shopify.com/s/files/1/0618/2368/0740/files/22_85caa3eb-ab01-46f4-a45d-285ab040bbe6.png?v=1730727576,8,Beige Lion Cozy Long Sleeve Hoodie - detail shot - unisex wear Pakistan,,,,,,,,,,,,,,,,,,,,,,,,,,,,,,,,,,,,,,,,,,,,https://cdn.shopify.com/s/files/1/0618/2368/0740/files/22_85caa3eb-ab01-46f4-a45d-285ab040bbe6.png?v=1730727576,g,,0.00,,,,
beige-lion-cozy-long-sleeve-hoodie,,,,,,,,,Medium,,,yellow,,,,,'10708992,700.0,shopify,100,deny,manual,1599.00,1899.00,true,false,,,,,'10708992,https://cdn.shopify.com/s/files/1/0618/2368/0740/files/Basichoodie600x600_1_82d985c0-dcc0-4deb-ac72-9ded99e9bb59.png?v=1695393045,9,Beige Lion Cozy Long Sleeve Hoodie - front view - unisex wear Pakistan,,,,,,,,,,,,,,,,,,,,,,,,,,,,,,,,,,,,,,,,,,,,https://cdn.shopify.com/s/files/1/0618/2368/0740/files/WhatsAppImage2023-09-17at10.39.04PM_1_8b4dcb47-300b-4817-9980-4813f374b8cf.jpg?v=1730727443,g,,0.00,,,,
beige-lion-cozy-long-sleeve-hoodie,,,,,,,,,Medium,,,cream,,,,,'10708993,700.0,shopify,100,deny,manual,1599.00,1899.00,true,false,,,,,'10708993,,,,,,,,,,,,,,,,,,,,,,,,,,,,,,,,,,,,,,,,,,,,,,,https://cdn.shopify.com/s/files/1/0618/2368/0740/files/48_afab5310-aadb-4e31-aa19-9532b54964c9.png?v=1730727609,g,,0.00,,,,
beige-lion-cozy-long-sleeve-hoodie,,,,,,,,,Medium,,,gray-1,,,,,'10708994,700.0,shopify,100,deny,manual,1599.00,1899.00,true,false,,,,,'10708994,,,,,,,,,,,,,,,,,,,,,,,,,,,,,,,,,,,,,,,,,,,,,,,https://cdn.shopify.com/s/files/1/0618/2368/0740/files/57.png?v=1730727460,g,,0.00,,,,
beige-lion-cozy-long-sleeve-hoodie,,,,,,,,,Medium,,,silver,,,,,'10708995,700.0,shopify,100,deny,manual,1599.00,1899.00,true,false,,,,,'10708995,,,,,,,,,,,,,,,,,,,,,,,,,,,,,,,,,,,,,,,,,,,,,,,https://cdn.shopify.com/s/files/1/0618/2368/0740/files/40_f78aa0a3-5a3d-44dc-9727-80614cdc1a62.png?v=1730727402,g,,0.00,,,,
beige-lion-cozy-long-sleeve-hoodie,,,,,,,,,Medium,,,navy-blue,,,,,'10708996,700.0,shopify,100,deny,manual,1599.00,1899.00,true,false,,,,,'10708996,,,,,,,,,,,,,,,,,,,,,,,,,,,,,,,,,,,,,,,,,,,,,,,https://cdn.shopify.com/s/files/1/0618/2368/0740/files/32_7d1e9534-4471-43b6-ac2e-23a4155b9b0a.png?v=1730727558,g,,0.00,,,,
beige-lion-cozy-long-sleeve-hoodie,,,,,,,,,Medium,,,rose-gold,,,,,'10708997,700.0,shopify,100,deny,manual,1599.00,1899.00,true,false,,,,,'10708997,,,,,,,,,,,,,,,,,,,,,,,,,,,,,,,,,,,,,,,,,,,,,,,https://cdn.shopify.com/s/files/1/0618/2368/0740/files/16_d4f3ae94-04eb-40e2-9e57-2019dd3191c9.png?v=1730727536,g,,0.00,,,,
beige-lion-cozy-long-sleeve-hoodie,,,,,,,,,Medium,,,black,,,,,'10708998,700.0,shopify,100,deny,manual,1599.00,1899.00,true,false,,,,,'10708998,,,,,,,,,,,,,,,,,,,,,,,,,,,,,,,,,,,,,,,,,,,,,,,https://cdn.shopify.com/s/files/1/0618/2368/0740/files/WhatsAppImage2023-09-18at1.17.06AM_3a5f0858-ec9c-4f8e-8423-ea5f720db3e6.jpg?v=1730727371,g,,0.00,,,,
beige-lion-cozy-long-sleeve-hoodie,,,,,,,,,Medium,,,olive-green,,,,,'10708999,700.0,shopify,100,deny,manual,1599.00,1899.00,true,false,,,,,'10708999,,,,,,,,,,,,,,,,,,,,,,,,,,,,,,,,,,,,,,,,,,,,,,,https://cdn.shopify.com/s/files/1/0618/2368/0740/files/22_85caa3eb-ab01-46f4-a45d-285ab040bbe6.png?v=1730727576,g,,0.00,,,,
beige-lion-cozy-long-sleeve-hoodie,,,,,,,,,Large,,,yellow,,,,,'10709000,700.0,shopify,99,deny,manual,1599.00,1899.00,true,false,,,,,'10709000,,,,,,,,,,,,,,,,,,,,,,,,,,,,,,,,,,,,,,,,,,,,,,,https://cdn.shopify.com/s/files/1/0618/2368/0740/files/WhatsAppImage2023-09-17at10.39.04PM_1_8b4dcb47-300b-4817-9980-4813f374b8cf.jpg?v=1730727443,g,,0.00,,,,
beige-lion-cozy-long-sleeve-hoodie,,,,,,,,,Large,,,cream,,,,,'10709001,700.0,shopify,100,deny,manual,1599.00,1899.00,true,false,,,,,'10709001,,,,,,,,,,,,,,,,,,,,,,,,,,,,,,,,,,,,,,,,,,,,,,,https://cdn.shopify.com/s/files/1/0618/2368/0740/files/48_afab5310-aadb-4e31-aa19-9532b54964c9.png?v=1730727609,g,,0.00,,,,
beige-lion-cozy-long-sleeve-hoodie,,,,,,,,,Large,,,gray-1,,,,,'10709002,700.0,shopify,100,deny,manual,1599.00,1899.00,true,false,,,,,'10709002,,,,,,,,,,,,,,,,,,,,,,,,,,,,,,,,,,,,,,,,,,,,,,,https://cdn.shopify.com/s/files/1/0618/2368/0740/files/57.png?v=1730727460,g,,0.00,,,,
beige-lion-cozy-long-sleeve-hoodie,,,,,,,,,Large,,,silver,,,,,'10709003,700.0,shopify,100,deny,manual,1599.00,1899.00,true,false,,,,,'10709003,,,,,,,,,,,,,,,,,,,,,,,,,,,,,,,,,,,,,,,,,,,,,,,https://cdn.shopify.com/s/files/1/0618/2368/0740/files/40_f78aa0a3-5a3d-44dc-9727-80614cdc1a62.png?v=1730727402,g,,0.00,,,,
beige-lion-cozy-long-sleeve-hoodie,,,,,,,,,Large,,,navy-blue,,,,,'10709004,700.0,shopify,100,deny,manual,1599.00,1899.00,true,false,,,,,'10709004,,,,,,,,,,,,,,,,,,,,,,,,,,,,,,,,,,,,,,,,,,,,,,,https://cdn.shopify.com/s/files/1/0618/2368/0740/files/32_7d1e9534-4471-43b6-ac2e-23a4155b9b0a.png?v=1730727558,g,,0.00,,,,
beige-lion-cozy-long-sleeve-hoodie,,,,,,,,,Large,,,rose-gold,,,,,'10709005,700.0,shopify,100,deny,manual,1599.00,1899.00,true,false,,,,,'10709005,,,,,,,,,,,,,,,,,,,,,,,,,,,,,,,,,,,,,,,,,,,,,,,https://cdn.shopify.com/s/files/1/0618/2368/0740/files/16_d4f3ae94-04eb-40e2-9e57-2019dd3191c9.png?v=1730727536,g,,0.00,,,,
beige-lion-cozy-long-sleeve-hoodie,,,,,,,,,Large,,,black,,,,,'10709006,700.0,shopify,98,deny,manual,1599.00,1899.00,true,false,,,,,'10709006,,,,,,,,,,,,,,,,,,,,,,,,,,,,,,,,,,,,,,,,,,,,,,,https://cdn.shopify.com/s/files/1/0618/2368/0740/files/WhatsAppImage2023-09-18at1.17.06AM_3a5f0858-ec9c-4f8e-8423-ea5f720db3e6.jpg?v=1730727371,g,,0.00,,,,
beige-lion-cozy-long-sleeve-hoodie,,,,,,,,,Large,,,olive-green,,,,,'10709007,700.0,shopify,100,deny,manual,1599.00,1899.00,true,false,,,,,'10709007,,,,,,,,,,,,,,,,,,,,,,,,,,,,,,,,,,,,,,,,,,,,,,,https://cdn.shopify.com/s/files/1/0618/2368/0740/files/22_85caa3eb-ab01-46f4-a45d-285ab040bbe6.png?v=1730727576,g,,0.00,,,,
beige-lion-cozy-long-sleeve-hoodie,,,,,,,,,XL,,,yellow,,,,,'10709008,700.0,shopify,100,deny,manual,1699.00,1899.00,true,false,,,,,'10709008,,,,,,,,,,,,,,,,,,,,,,,,,,,,,,,,,,,,,,,,,,,,,,,https://cdn.shopify.com/s/files/1/0618/2368/0740/files/WhatsAppImage2023-09-17at10.39.04PM_1_8b4dcb47-300b-4817-9980-4813f374b8cf.jpg?v=1730727443,g,,0.00,,,,
beige-lion-cozy-long-sleeve-hoodie,,,,,,,,,XL,,,cream,,,,,'10709009,700.0,shopify,100,deny,manual,1699.00,1899.00,true,false,,,,,'10709009,,,,,,,,,,,,,,,,,,,,,,,,,,,,,,,,,,,,,,,,,,,,,,,https://cdn.shopify.com/s/files/1/0618/2368/0740/files/48_afab5310-aadb-4e31-aa19-9532b54964c9.png?v=1730727609,g,,0.00,,,,
beige-lion-cozy-long-sleeve-hoodie,,,,,,,,,XL,,,gray-1,,,,,'10709010,700.0,shopify,100,deny,manual,1699.00,1899.00,true,false,,,,,'10709010,,,,,,,,,,,,,,,,,,,,,,,,,,,,,,,,,,,,,,,,,,,,,,,https://cdn.shopify.com/s/files/1/0618/2368/0740/files/57.png?v=1730727460,g,,0.00,,,,
beige-lion-cozy-long-sleeve-hoodie,,,,,,,,,XL,,,silver,,,,,'10709011,700.0,shopify,100,deny,manual,1699.00,1899.00,true,false,,,,,'10709011,,,,,,,,,,,,,,,,,,,,,,,,,,,,,,,,,,,,,,,,,,,,,,,https://cdn.shopify.com/s/files/1/0618/2368/0740/files/40_f78aa0a3-5a3d-44dc-9727-80614cdc1a62.png?v=1730727402,g,,0.00,,,,
beige-lion-cozy-long-sleeve-hoodie,,,,,,,,,XL,,,navy-blue,,,,,'10709012,700.0,shopify,100,deny,manual,1699.00,1899.00,true,false,,,,,'10709012,,,,,,,,,,,,,,,,,,,,,,,,,,,,,,,,,,,,,,,,,,,,,,,https://cdn.shopify.com/s/files/1/0618/2368/0740/files/32_7d1e9534-4471-43b6-ac2e-23a4155b9b0a.png?v=1730727558,g,,0.00,,,,
beige-lion-cozy-long-sleeve-hoodie,,,,,,,,,XL,,,rose-gold,,,,,'10709013,700.0,shopify,100,deny,manual,1699.00,1899.00,true,false,,,,,'10709013,,,,,,,,,,,,,,,,,,,,,,,,,,,,,,,,,,,,,,,,,,,,,,,https://cdn.shopify.com/s/files/1/0618/2368/0740/files/16_d4f3ae94-04eb-40e2-9e57-2019dd3191c9.png?v=1730727536,g,,0.00,,,,
beige-lion-cozy-long-sleeve-hoodie,,,,,,,,,XL,,,black,,,,,'10709014,700.0,shopify,99,deny,manual,1699.00,1899.00,true,false,,,,,'10709014,,,,,,,,,,,,,,,,,,,,,,,,,,,,,,,,,,,,,,,,,,,,,,,https://cdn.shopify.com/s/files/1/0618/2368/0740/files/WhatsAppImage2023-09-18at1.17.06AM_3a5f0858-ec9c-4f8e-8423-ea5f720db3e6.jpg?v=1730727371,g,,0.00,,,,
beige-lion-cozy-long-sleeve-hoodie,,,,,,,,,XL,,,olive-green,,,,,'10709015,700.0,shopify,100,deny,manual,1699.00,1899.00,true,false,,,,,'10709015,,,,,,,,,,,,,,,,,,,,,,,,,,,,,,,,,,,,,,,,,,,,,,,https://cdn.shopify.com/s/files/1/0618/2368/0740/files/22_85caa3eb-ab01-46f4-a45d-285ab040bbe6.png?v=1730727576,g,,0.00,,,,
beige-lion-cozy-long-sleeve-hoodie,,,,,,,,,XXL,,,yellow,,,,,'10709016,700.0,shopify,100,deny,manual,1799.00,1899.00,true,false,,,,,'10709016,,,,,,,,,,,,,,,,,,,,,,,,,,,,,,,,,,,,,,,,,,,,,,,https://cdn.shopify.com/s/files/1/0618/2368/0740/files/WhatsAppImage2023-09-17at10.39.04PM_1_8b4dcb47-300b-4817-9980-4813f374b8cf.jpg?v=1730727443,g,,0.00,,,,
beige-lion-cozy-long-sleeve-hoodie,,,,,,,,,XXL,,,cream,,,,,'10709017,700.0,shopify,100,deny,manual,1799.00,1899.00,true,false,,,,,'10709017,,,,,,,,,,,,,,,,,,,,,,,,,,,,,,,,,,,,,,,,,,,,,,,https://cdn.shopify.com/s/files/1/0618/2368/0740/files/48_afab5310-aadb-4e31-aa19-9532b54964c9.png?v=1730727609,g,,0.00,,,,
beige-lion-cozy-long-sleeve-hoodie,,,,,,,,,XXL,,,gray-1,,,,,'10709018,700.0,shopify,100,deny,manual,1799.00,1899.00,true,false,,,,,'10709018,,,,,,,,,,,,,,,,,,,,,,,,,,,,,,,,,,,,,,,,,,,,,,,https://cdn.shopify.com/s/files/1/0618/2368/0740/files/57.png?v=1730727460,g,,0.00,,,,
beige-lion-cozy-long-sleeve-hoodie,,,,,,,,,XXL,,,silver,,,,,'10709019,700.0,shopify,100,deny,manual,1799.00,1899.00,true,false,,,,,'10709019,,,,,,,,,,,,,,,,,,,,,,,,,,,,,,,,,,,,,,,,,,,,,,,https://cdn.shopify.com/s/files/1/0618/2368/0740/files/40_f78aa0a3-5a3d-44dc-9727-80614cdc1a62.png?v=1730727402,g,,0.00,,,,
beige-lion-cozy-long-sleeve-hoodie,,,,,,,,,XXL,,,navy-blue,,,,,'10709020,700.0,shopify,100,deny,manual,1799.00,1899.00,true,false,,,,,'10709020,,,,,,,,,,,,,,,,,,,,,,,,,,,,,,,,,,,,,,,,,,,,,,,https://cdn.shopify.com/s/files/1/0618/2368/0740/files/32_7d1e9534-4471-43b6-ac2e-23a4155b9b0a.png?v=1730727558,g,,0.00,,,,
beige-lion-cozy-long-sleeve-hoodie,,,,,,,,,XXL,,,rose-gold,,,,,'10709021,700.0,shopify,100,deny,manual,1799.00,1899.00,true,false,,,,,'10709021,,,,,,,,,,,,,,,,,,,,,,,,,,,,,,,,,,,,,,,,,,,,,,,https://cdn.shopify.com/s/files/1/0618/2368/0740/files/16_d4f3ae94-04eb-40e2-9e57-2019dd3191c9.png?v=1730727536,g,,0.00,,,,
beige-lion-cozy-long-sleeve-hoodie,,,,,,,,,XXL,,,black,,,,,'10709022,700.0,shopify,100,deny,manual,1799.00,1899.00,true,false,,,,,'10709022,,,,,,,,,,,,,,,,,,,,,,,,,,,,,,,,,,,,,,,,,,,,,,,https://cdn.shopify.com/s/files/1/0618/2368/0740/files/WhatsAppImage2023-09-18at1.17.06AM_3a5f0858-ec9c-4f8e-8423-ea5f720db3e6.jpg?v=1730727371,g,,0.00,,,,
beige-lion-cozy-long-sleeve-hoodie,,,,,,,,,XXL,,,olive-green,,,,,'10706768,700.0,shopify,100,deny,manual,1799.00,1899.00,true,false,,,,,'10706768,,,,,,,,,,,,,,,,,,,,,,,,,,,,,,,,,,,,,,,,,,,,,,,https://cdn.shopify.com/s/files/1/0618/2368/0740/files/22_85caa3eb-ab01-46f4-a45d-285ab040bbe6.png?v=1730727576,g,,0.00,,,,
brown-daisy-loose-style-loungewear,Brown Daisy Loose Style Loungewear,"<h4>Brown Daisy Loose Style Loungewear </h4>
<ul class="""">
<li class="""">Night Suits for Women very attractive and trendy design</li>
<li class="""">Blended Cotton jersey stuff which will provide you most comfort zone at night</li>
<li class="""">washable Stuff but suitable for hand wash for long lasting of the night wear</li>
<li class="""">Not Suitable For Machine wash as this will reduce the durably of the night wear</li>
<li class="""">Export quality fabric use in the production of night suit</li>
<li class="""">Mostly suitable for wearing in summers</li>
<li class="""">premium and highly professional print work done on the night wear</li>
<li class="""">Round neck style night wear</li>
<li class="""">Long sleeves with round cuff</li>
<li class="""">Loose fitting trouser with extra stretchable material which will relax you more after wearing</li>
<li class="""">Trouser has no pockets</li>
<li class="""">Maximum durably of night wear is 7 months ( if you wash daily basis)</li>
<li class="""">Good Quality Elastic in trouser with maximum stretch</li>
<li class="""">Best Quality of stitching</li>
</ul>",BBG FASHION,Apparel & Accessories > Clothing > Sleepwear & Loungewear,Loungewear,"casual wear twinset, Loungewear, NEW ARRIVAL, woo",false,Size,Free Size,,Material,Soft Jersey,,,,,'10706767,500.0,shopify,52,deny,manual,1499.00,,true,false,,,,,'10706767,https://cdn.shopify.com/s/files/1/0618/2368/0740/files/NightsuitSilk_2.png?v=1691239824,1,Brown Daisy Loose Style Loungewear - front view - unisex wear Pakistan,false,,Brown Daisy Loose Style Loungewear Shirt And Trouser for Women very attractive and trendy design Blended Cotton jersey stuff which will provide you most comfort zone at night. Washable Sleep wear Stuff for long lasting Night wear available at www.bbgfashion.pk,,,,,,,,,,,,,'1,,,,,,,,,,,,,,,,,,,,,,,,,,,,https://cdn.shopify.com/s/files/1/0618/2368/0740/files/NightsuitSilk_2.png?v=1691239824,g,,,true,,,draft
brown-daisy-loose-style-loungewear,,,,,,,,,,,,,,,,,,,,,,,,,,,,,,,,https://cdn.shopify.com/s/files/1/0618/2368/0740/files/NightsuitSilk_3.png?v=1691239824,2,Brown Daisy Loose Style Loungewear - back view - unisex wear Pakistan,,,,,,,,,,,,,,,,,,,,,,,,,,,,,,,,,,,,,,,,,,,,,,,,,,,
brown-daisy-loose-style-loungewear,,,,,,,,,,,,,,,,,,,,,,,,,,,,,,,,https://cdn.shopify.com/s/files/1/0618/2368/0740/files/BBGfashionSizechart_e2d2fc49-c1cc-46ec-a4c6-1699237bbe83.webp?v=1691239843,3,Brown Daisy Loose Style Loungewear size chart - measurements guide,,,,,,,,,,,,,,,,,,,,,,,,,,,,,,,,,,,,,,,,,,,,,,,,,,,
black-daisy-loose-style-loungewear,Black Daisy Loose Style Loungewear,"<h4>Black Daisy Loose Style Loungewear </h4>
<ul class="""">
<li class="""">Night Suits for Women very attractive and trendy design</li>
<li class="""">Blended Cotton jersey stuff which will provide you most comfort zone at night</li>
<li class="""">washable Stuff but suitable for hand wash for long lasting of the night wear</li>
<li class="""">Not Suitable For Machine wash as this will reduce the durably of the night wear</li>
<li class="""">Export quality fabric use in the production of night suit</li>
<li class="""">Mostly suitable for wearing in summers</li>
<li class="""">premium and highly professional print work done on the night wear</li>
<li class="""">Round neck style night wear</li>
<li class="""">Long sleeves with round cuff</li>
<li class="""">Loose fitting trouser with extra stretchable material which will relax you more after wearing</li>
<li class="""">Trouser has no pockets</li>
<li class="""">Maximum durably of night wear is 7 months ( if you wash daily basis)</li>
<li class="""">Good Quality Elastic in trouser with maximum stretch</li>
<li class="""">Best Quality of stitching</li>
</ul>",BBG FASHION,Apparel & Accessories > Clothing > Sleepwear & Loungewear,Loungewear,"casual wear twinset, Loungewear, NEW ARRIVAL, woo",false,Size,Free Size,,Material,Soft Jersey,,,,,'10706766,500.0,shopify,76,deny,manual,1499.00,,true,false,,,,,'10706766,https://cdn.shopify.com/s/files/1/0618/2368/0740/files/WhatsAppImage2023-07-31at8.09.56PM.jpg?v=1691239717,1,Black Daisy Loose Style Loungewear - front view - unisex wear Pakistan,false,,Brown Daisy Loose Style Loungewear Shirt And Trouser for Women very attractive and trendy design Blended Cotton jersey stuff which will provide you most comfort zone at night. Washable Sleep wear Stuff for long lasting Night wear available at www.bbgfashion.pk,,,,,,,,,,,,,,,,,,,,,,,,,,,,,,,,,,,,,,,,,https://cdn.shopify.com/s/files/1/0618/2368/0740/files/WhatsAppImage2023-07-31at8.09.56PM.jpg?v=1691239717,g,,,true,,,draft
black-daisy-loose-style-loungewear,,,,,,,,,,,,,,,,,,,,,,,,,,,,,,,,https://cdn.shopify.com/s/files/1/0618/2368/0740/files/BBGfashionSizechart_a3be7907-2604-4fca-8d05-0c6a56793510.webp?v=1691239717,2,Black Daisy Loose Style Loungewear size chart - measurements guide,,,,,,,,,,,,,,,,,,,,,,,,,,,,,,,,,,,,,,,,,,,,,,,,,,,
brown-daisy-loose-wear-loungewear,Grey Daisy Loose Style Loungewear,"<h4>Grey Daisy Loose Style Loungewear </h4>
<ul class="""">
<li class="""">Night Suits for Women very attractive and trendy design</li>
<li class="""">Blended Cotton jersey stuff which will provide you most comfort zone at night</li>
<li class="""">washable Stuff but suitable for hand wash for long lasting of the night wear</li>
<li class="""">Not Suitable For Machine wash as this will reduce the durably of the night wear</li>
<li class="""">Export quality fabric use in the production of night suit</li>
<li class="""">Mostly suitable for wearing in summers</li>
<li class="""">premium and highly professional print work done on the night wear</li>
<li class="""">Round neck style night wear</li>
<li class="""">Long sleeves with round cuff</li>
<li class="""">Loose fitting trouser with extra stretchable material which will relax you more after wearing</li>
<li class="""">Trouser has no pockets</li>
<li class="""">Maximum durably of night wear is 7 months ( if you wash daily basis)</li>
<li class="""">Good Quality Elastic in trouser with maximum stretch</li>
<li class="""">Best Quality of stitching</li>
</ul>",BBG FASHION,Apparel & Accessories > Clothing > Sleepwear & Loungewear,Loungewear,"Loungewear, woo",false,Size,Free Size,,Material,Soft Jersey,,,,,'10706765,500.0,shopify,85,deny,manual,1499.00,,true,false,,,,,'10706765,https://cdn.shopify.com/s/files/1/0618/2368/0740/files/NightsuitSilk.png?v=1691239343,1,Brown Daisy Loose Wear Loungewear - front view - unisex wear Pakistan,false,,Brown Daisy Loose Style Loungewear Shirt And Trouser for Women very attractive and trendy design Blended Cotton jersey stuff which will provide you most comfort zone at night. Washable Sleep wear Stuff for long lasting Night wear available at www.bbgfashion.pk,,,,,,,,,,,,,'1,,,,,,,,,,,,,,,,,,,,,,,,,,,,https://cdn.shopify.com/s/files/1/0618/2368/0740/files/NightsuitSilk.png?v=1691239343,g,,,true,,,draft
brown-daisy-loose-wear-loungewear,,,,,,,,,,,,,,,,,,,,,,,,,,,,,,,,https://cdn.shopify.com/s/files/1/0618/2368/0740/files/BBGfashionSizechart_e83b751f-28a8-4d5d-88a3-3d73c61914c9.webp?v=1691239413,2,Brown Daisy Loose Wear Loungewear size chart - measurements guide,,,,,,,,,,,,,,,,,,,,,,,,,,,,,,,,,,,,,,,,,,,,,,,,,,,
cream-slit-short-sleeve-t-shirts-and-high-waist-wide-leg-pants,Baggy Style Loungewear - Cream,"<p data-start=""1942"" data-end=""2104"">Keep it minimal and classy with the <strong data-start=""1978"" data-end=""2012"">Baggy Style Loungewear – Cream</strong>. Featuring a soft cream shade, this set delivers a clean, modern look with maximum comfort.</p>
<p data-start=""2106"" data-end=""2220"">The relaxed silhouette and breathable fabric make it perfect for all-day wear, giving you a cozy yet stylish vibe.</p>
<p data-start=""2222"" data-end=""2243"">✨ <strong data-start=""2224"" data-end=""2241"">Key Features:</strong></p>
<ul data-start=""2244"" data-end=""2414"">
<li data-section-id=""y8yg0j"" data-start=""2244"" data-end=""2277"">Clean and elegant cream color</li>
<li data-section-id=""166f8e4"" data-start=""2278"" data-end=""2313"">Baggy/oversized fit for comfort</li>
<li data-section-id=""1u15nah"" data-start=""2314"" data-end=""2342"">Soft, lightweight fabric</li>
<li data-section-id=""11vvprb"" data-start=""2343"" data-end=""2377"">Easy movement and relaxed feel</li>
<li data-section-id=""lpjxl8"" data-start=""2378"" data-end=""2414"">Perfect for home and casual wear</li>
</ul>
<ul class=""""></ul>",BBG FASHION,Apparel & Accessories > Clothing > Sleepwear & Loungewear,Loungewear,Loungewear,true,Size,Medium,,Material,Soft Jersey,,,,,'10708980,500.0,shopify,123123,deny,manual,1799.00,0.00,true,false,,,,,'10708980,https://cdn.shopify.com/s/files/1/0618/2368/0740/files/WhatsAppImage2026-05-09at6.14.42PM.jpg?v=1778338819,1,"",false,,"Shop Baggy Style Loungewear in cream featuring a minimalist design, oversized fit, and breathable fabric—perfect for lounging and everyday style.",,,,,,,,,,,,,,,,,,,,,,,,,,,,,,,,,,,,,,,,"loungewear
pajama",,g,,,true,,,active
cream-slit-short-sleeve-t-shirts-and-high-waist-wide-leg-pants,,,,,,,,,Large,,,Soft Jersey,,,,,'10708981,500.0,shopify,123123,deny,manual,1799.00,0.00,true,false,,,,,'10708981,https://cdn.shopify.com/s/files/1/0618/2368/0740/files/WhatsAppImage2026-05-09at6.14.41PM_1.jpg?v=1778338819,2,"",,,,,,,,,,,,,,,,,,,,,,,,,,,,,,,,,,,,,,,,,,,,,g,,,,,,
cream-slit-short-sleeve-t-shirts-and-high-waist-wide-leg-pants,,,,,,,,,XL,,,Soft Jersey,,,,,'10706763,500.0,shopify,123123,deny,manual,1799.00,0.00,true,false,,,,,'10706763,https://cdn.shopify.com/s/files/1/0618/2368/0740/files/WhatsAppImage2026-05-09at6.14.41PM_2.jpg?v=1778338819,3,"",,,,,,,,,,,,,,,,,,,,,,,,,,,,,,,,,,,,,,,,,,,,,g,,,,,,
cream-slit-short-sleeve-t-shirts-and-high-waist-wide-leg-pants,,,,,,,,,,,,,,,,,,,,,,,,,,,,,,,,https://cdn.shopify.com/s/files/1/0618/2368/0740/files/WhatsAppImage2026-05-09at6.14.41PM.jpg?v=1778338819,4,"",,,,,,,,,,,,,,,,,,,,,,,,,,,,,,,,,,,,,,,,,,,,,,,,,,,
cream-slit-short-sleeve-t-shirts-and-high-waist-wide-leg-pants,,,,,,,,,,,,,,,,,,,,,,,,,,,,,,,,https://cdn.shopify.com/s/files/1/0618/2368/0740/files/WhatsAppImage2026-05-09at6.14.42PM_1.jpg?v=1778338819,5,"",,,,,,,,,,,,,,,,,,,,,,,,,,,,,,,,,,,,,,,,,,,,,,,,,,,
cream-slit-short-sleeve-t-shirts-and-high-waist-wide-leg-pants,,,,,,,,,,,,,,,,,,,,,,,,,,,,,,,,https://cdn.shopify.com/s/files/1/0618/2368/0740/files/1_ab99b572-ec92-4c87-99a5-2a6d91d7f5fb.webp?v=1778338819,6,"",,,,,,,,,,,,,,,,,,,,,,,,,,,,,,,,,,,,,,,,,,,,,,,,,,,
watermelon-red-slit-short-sleeve-t-shirts-and-high-waist-wide-leg-pants,Baggy Style Loungewear - Pink,"<p data-start=""3392"" data-end=""3571"">Add a soft and playful touch to your wardrobe with the <strong data-start=""3447"" data-end=""3480"">Baggy Style Loungewear – Pink</strong>. Designed for comfort and style, this set features a relaxed fit and a soothing pink tone.</p>
<p data-start=""3573"" data-end=""3696"">Perfect for lounging or casual days, the breathable fabric ensures you stay comfortable while looking effortlessly stylish.</p>
<p data-start=""3698"" data-end=""3719"">✨ <strong data-start=""3700"" data-end=""3717"">Key Features:</strong></p>
<ul data-start=""3720"" data-end=""3884"">
<li data-section-id=""1csphos"" data-start=""3720"" data-end=""3751"">Soft and stylish pink color</li>
<li data-section-id=""5sje30"" data-start=""3752"" data-end=""3776"">Trendy oversized fit</li>
<li data-section-id=""18e3hoi"" data-start=""3777"" data-end=""3814"">Breathable and lightweight fabric</li>
<li data-section-id=""1aih54m"" data-start=""3815"" data-end=""3849"">Relaxed and comfortable design</li>
<li data-section-id=""jsrri2"" data-start=""3850"" data-end=""3884"">Ideal for home and casual wear</li>
</ul>
<ul class=""""></ul>",BBG FASHION,Apparel & Accessories > Clothing > Sleepwear & Loungewear,Loungewear,Loungewear,true,Size,Medium,,Material,Soft Jersey,,,,,'10708976,500.0,shopify,123123,deny,manual,1799.00,0.00,true,false,,,,,'10708976,https://cdn.shopify.com/s/files/1/0618/2368/0740/files/v_2.png?v=1778338895,1,"",false,,"Shop Baggy Style Loungewear in pink featuring a soft color, oversized fit, and breathable fabric—perfect for lounging, casual wear, and everyday comfort.",,,,,,,,,,,,,,,,,,,,,,,,,,,,,,,,,,,,,,,,"loungewear
pajama",,g,,,true,,,active
watermelon-red-slit-short-sleeve-t-shirts-and-high-waist-wide-leg-pants,,,,,,,,,Large,,,Soft Jersey,,,,,'10708977,500.0,shopify,123123,deny,manual,1799.00,0.00,true,false,,,,,'10708977,https://cdn.shopify.com/s/files/1/0618/2368/0740/files/v_1.png?v=1778338899,2,"",,,,,,,,,,,,,,,,,,,,,,,,,,,,,,,,,,,,,,,,,,,,,g,,,,,,
watermelon-red-slit-short-sleeve-t-shirts-and-high-waist-wide-leg-pants,,,,,,,,,XL,,,Soft Jersey,,,,,'10706761,500.0,shopify,123123,deny,manual,1799.00,0.00,true,false,,,,,'10706761,https://cdn.shopify.com/s/files/1/0618/2368/0740/files/v_3.png?v=1778338895,3,"",,,,,,,,,,,,,,,,,,,,,,,,,,,,,,,,,,,,,,,,,,,,,g,,,,,,
watermelon-red-slit-short-sleeve-t-shirts-and-high-waist-wide-leg-pants,,,,,,,,,,,,,,,,,,,,,,,,,,,,,,,,https://cdn.shopify.com/s/files/1/0618/2368/0740/files/v_4.png?v=1778338896,4,"",,,,,,,,,,,,,,,,,,,,,,,,,,,,,,,,,,,,,,,,,,,,,,,,,,,
watermelon-red-slit-short-sleeve-t-shirts-and-high-waist-wide-leg-pants,,,,,,,,,,,,,,,,,,,,,,,,,,,,,,,,https://cdn.shopify.com/s/files/1/0618/2368/0740/files/v_5.png?v=1778338895,5,"",,,,,,,,,,,,,,,,,,,,,,,,,,,,,,,,,,,,,,,,,,,,,,,,,,,
watermelon-red-slit-short-sleeve-t-shirts-and-high-waist-wide-leg-pants,,,,,,,,,,,,,,,,,,,,,,,,,,,,,,,,https://cdn.shopify.com/s/files/1/0618/2368/0740/files/1_50ca3ce4-b62a-4d7f-b34b-f728604234aa.webp?v=1778338895,6,"",,,,,,,,,,,,,,,,,,,,,,,,,,,,,,,,,,,,,,,,,,,,,,,,,,,
pink-purple-unicorn-print-short-sleeve-tee-shorts-set,Pink Purple Unicorn Short Set,"<h4>Pink Purple Unicorn Short Set</h4>
<p>This summer, outfit your kids in style with this<span> Excavator Print Short-Sleeve Tee &amp; Shorts Set</span>.<br>Made of superior quality fabric, it features a comfortable stretch design and a perfect fit that allows active kids to move easily. It's a perfect solution for any summer outing.</p>
<p><strong>Fabric &amp; Printing</strong><br></p>
<ul>
<li><span>Soft, High-Quality Jersey Fabric</span></li>
<li><span>Multi-Color Fabric</span></li>
<li>Contrast Design</li>
<li><span>Comfort stretch shorts</span></li>
</ul>
<p> <strong>Material &amp; Care</strong></p>
<ul>
<li><span>Machine wash at 30°C.</span></li>
<li><span>Do not bleach</span></li>
<li><span>Iron at max 110°C.</span></li>
<li><span>Do not dry clean</span></li>
</ul>",BBG FASHION,Apparel & Accessories > Clothing > Baby & Toddler Clothing,Kids Half Sleeves Twinset,kids half sleeves,true,Size,2-6-months,product.metafields.shopify.size,,,,,,,'10708970,500.0,shopify,97,deny,manual,899.00,0.00,true,false,,,,,'10708970,https://cdn.shopify.com/s/files/1/0618/2368/0740/files/4_28.webp?v=1770816214,1,Pink Purple Unicorn Print Short Sleeve Tee Shorts Set - front view - unisex wear Pakistan,false,,"Shop this cute girls’ unicorn print shorts set featuring a soft pink t-shirt paired with comfy purple shorts. Made from breathable, skin-friendly fabric for all-day comfort—perfect for summer play, outings, and everyday wear for kids.",,,,,,,,,,,,,'3,,,,,,,,pink-1-1; tie-dye,,,,,,,,,,2-6-months; 6-12; 13-14-months; 2-3-years; 3-4-years; 4-5-years; 6-years,,,girls,,,,,,,,kg,,,true,,,active
pink-purple-unicorn-print-short-sleeve-tee-shorts-set,,,,,,,,,6-12,,,,,,,,'10708971,500.0,shopify,97,deny,manual,899.00,0.00,true,false,,,,,'10708971,https://cdn.shopify.com/s/files/1/0618/2368/0740/files/2_31.webp?v=1770816214,2,Pink Purple Unicorn Print Short Sleeve Tee Shorts Set - back view - unisex wear Pakistan,,,,,,,,,,,,,,,,,,,,,,,,,,,,,,,,,,,,,,,,,,,,,kg,,,,,,
pink-purple-unicorn-print-short-sleeve-tee-shorts-set,,,,,,,,,13-14-months,,,,,,,,'10708972,500.0,shopify,94,deny,manual,899.00,0.00,true,false,,,,,'10708972,https://cdn.shopify.com/s/files/1/0618/2368/0740/files/1_28.webp?v=1770816214,3,Pink Purple Unicorn Print Short Sleeve Tee Shorts Set - side view - unisex wear Pakistan,,,,,,,,,,,,,,,,,,,,,,,,,,,,,,,,,,,,,,,,,,,,,kg,,,,,,
pink-purple-unicorn-print-short-sleeve-tee-shorts-set,,,,,,,,,2-3-years,,,,,,,,'10708973,500.0,shopify,94,deny,manual,899.00,0.00,true,false,,,,,'10708973,https://cdn.shopify.com/s/files/1/0618/2368/0740/files/3_32.webp?v=1770816214,4,Pink Purple Unicorn Print Short Sleeve Tee Shorts Set - detail shot - unisex wear Pakistan,,,,,,,,,,,,,,,,,,,,,,,,,,,,,,,,,,,,,,,,,,,,,kg,,,,,,
pink-purple-unicorn-print-short-sleeve-tee-shorts-set,,,,,,,,,3-4-years,,,,,,,,'10708974,500.0,shopify,89,deny,manual,899.00,0.00,true,false,,,,,'10708974,https://cdn.shopify.com/s/files/1/0618/2368/0740/files/5_28.webp?v=1770816214,5,Pink Purple Unicorn Print Short Sleeve Tee Shorts Set - front view - unisex wear Pakistan,,,,,,,,,,,,,,,,,,,,,,,,,,,,,,,,,,,,,,,,,,,,,kg,,,,,,
pink-purple-unicorn-print-short-sleeve-tee-shorts-set,,,,,,,,,4-5-years,,,,,,,,'10708975,500.0,shopify,88,deny,manual,899.00,0.00,true,false,,,,,'10708975,https://cdn.shopify.com/s/files/1/0618/2368/0740/files/2-6bbgshortset_7300de0e-2ae2-47c6-804b-085d5d6dbbbe.webp?v=1781349705,6,"",,,,,,,,,,,,,,,,,,,,,,,,,,,,,,,,,,,,,,,,,,,,,kg,,,,,,
pink-purple-unicorn-print-short-sleeve-tee-shorts-set,,,,,,,,,6-years,,,,,,,,'10706760,500.0,shopify,90,deny,manual,899.00,0.00,true,false,,,,,'10706760,,,,,,,,,,,,,,,,,,,,,,,,,,,,,,,,,,,,,,,,,,,,,,,,kg,,,,,,
colorful-geometry-print-tank-top-and-shorts-set,Geo Splash Sando Set,"<h4>Geo Splash Sando Set</h4>
<p data-end=""610"" data-start=""286"">Bring color, comfort, and cool summer vibes together with the <strong data-end=""372"" data-start=""348"">Geo Splash Sando Set</strong> — a fun and stylish outfit designed for energetic little stars. Featuring a bold geometric print with vibrant colors and a modern sleeveless design, this matching set is perfect for sunny days, playtime, outings, and everyday adventures.</p>
<p data-end=""717"" data-start=""612"">Made with soft and breathable fabric, it keeps kids feeling fresh, comfy, and ready for fun all day long.</p>
<h3 data-end=""732"" data-start=""719"" data-section-id=""q4c1cr"">Features:</h3>
<ul data-end=""988"" data-start=""733"">
<li data-end=""761"" data-start=""733"" data-section-id=""1xzd5y7"">Soft &amp; breathable fabric</li>
<li data-end=""797"" data-start=""762"" data-section-id=""c79p7q"">Lightweight and summer-friendly</li>
<li data-end=""831"" data-start=""798"" data-section-id=""1dc9mwi"">Trendy geometric print design</li>
<li data-end=""870"" data-start=""832"" data-section-id=""26hm4p"">Comfortable sleeveless sando style</li>
<li data-end=""909"" data-start=""871"" data-section-id=""1f7jiaa"">Stretchable waistband for easy fit</li>
<li data-end=""948"" data-start=""910"" data-section-id=""4atqbj"">Perfect for casual wear &amp; playtime</li>
<li data-end=""988"" data-start=""949"" data-section-id=""5sefew"">Easy wash and durable for daily use</li>
</ul>
<h3 data-end=""1006"" data-start=""990"" data-section-id=""6h5g3v"">Fabric Feel:</h3>
<p data-end=""1068"" data-start=""1007"">Smooth, airy, and gentle on kids’ skin for all-day comfort ☀️</p>
<h3 data-end=""1091"" data-start=""1070"" data-section-id=""1dpy815"">Package Includes:</h3>
<ul data-end=""1132"" data-start=""1092"">
<li data-end=""1111"" data-start=""1092"" data-section-id=""1xjowpq"">1 Printed Sando</li>
<li data-end=""1132"" data-start=""1112"" data-section-id=""1qudr08"">1 Matching Short</li>
</ul>
<p data-is-only-node="""" data-is-last-node="""" data-end=""1215"" data-start=""1134"">A playful summer outfit made for kids who love bright colors and comfy fashion 🌈</p>",BBG FASHION,Apparel & Accessories > Clothing > Baby & Toddler Clothing,kids Sando,Kids Sando Set,true,Size,2-6-months,product.metafields.shopify.size,,,,,,,'10708964,500.0,shopify,75,deny,manual,899.00,0.00,true,false,,,,,'10708964,https://cdn.shopify.com/s/files/1/0618/2368/0740/files/ChatGPTImageMay13_2026_07_20_11PM.webp?v=1778685335,1,"",false,,"Shop the Geo Splash Sando Set for boys. Trendy geometric print, breathable soft fabric, lightweight comfort, and perfect summer style for active kids.",,,,,,,,,,,,,'3,,,,,,,,,,,,,,,,,,2-6-months; 6-12; 13-14-months; 2-3-years; 3-4-years; 4-5-years; 5-6-years-1,,,,,,,,,,,kg,,,true,,,active
colorful-geometry-print-tank-top-and-shorts-set,,,,,,,,,6-12,,,,,,,,'10708965,500.0,shopify,66,deny,manual,899.00,0.00,true,false,,,,,'10708965,https://cdn.shopify.com/s/files/1/0618/2368/0740/files/ChatGPTImageMay13_2026_07_20_14PM.webp?v=1778685335,2,"",,,,,,,,,,,,,,,,,,,,,,,,,,,,,,,,,,,,,,,,,,,,,kg,,,,,,
colorful-geometry-print-tank-top-and-shorts-set,,,,,,,,,13-14-months,,,,,,,,'10708966,500.0,shopify,79,deny,manual,899.00,0.00,true,false,,,,,'10708966,https://cdn.shopify.com/s/files/1/0618/2368/0740/files/ChatGPTImageMay13_2026_07_20_16PM.webp?v=1778685335,3,"",,,,,,,,,,,,,,,,,,,,,,,,,,,,,,,,,,,,,,,,,,,,,kg,,,,,,
colorful-geometry-print-tank-top-and-shorts-set,,,,,,,,,2-3-years,,,,,,,,'10708967,500.0,shopify,61,deny,manual,899.00,0.00,true,false,,,,,'10708967,https://cdn.shopify.com/s/files/1/0618/2368/0740/files/imgi_45_ChatGPT_Image_Mar_2_2026_08_02_23_PM_1080x_9f1802b2-4bff-4d0a-9e8d-7ecf9539323d.webp?v=1778685344,4,"",,,,,,,,,,,,,,,,,,,,,,,,,,,,,,,,,,,,,,,,,,,,,kg,,,,,,
colorful-geometry-print-tank-top-and-shorts-set,,,,,,,,,3-4-years,,,,,,,,'10708968,500.0,shopify,71,deny,manual,899.00,0.00,true,false,,,,,'10708968,,,,,,,,,,,,,,,,,,,,,,,,,,,,,,,,,,,,,,,,,,,,,,,,kg,,,,,,
colorful-geometry-print-tank-top-and-shorts-set,,,,,,,,,4-5-years,,,,,,,,'10708969,500.0,shopify,53,deny,manual,899.00,0.00,true,false,,,,,'10708969,,,,,,,,,,,,,,,,,,,,,,,,,,,,,,,,,,,,,,,,,,,,,,,,kg,,,,,,
colorful-geometry-print-tank-top-and-shorts-set,,,,,,,,,5-6-years-1,,,,,,,,'10706759,500.0,shopify,63,deny,manual,899.00,0.00,true,false,,,,,'10706759,,,,,,,,,,,,,,,,,,,,,,,,,,,,,,,,,,,,,,,,,,,,,,,,kg,,,,,,
white-feather-short-set,Blue Feather Short Set,"<h4>Blue Feather Short Set</h4>
<p>This summer, outfit your kids in style with this<span> White Feather Short Set</span>.<br>Made of superior quality fabric, it features a comfortable stretch design and a perfect fit that allows active kids to move easily. It's a perfect solution for any summer outing.</p>
<p><strong>Fabric &amp; Printing</strong><br></p>
<ul>
<li><span>Soft, High-Quality Jersey Fabric</span></li>
<li><span>Multi-Color Fabric</span></li>
<li>Contrast Pocket</li>
<li><span>Comfort stretch shorts</span></li>
</ul>
<p> <strong>Material &amp; Care</strong></p>
<ul>
<li><span>Machine wash at 30°C.</span></li>
<li><span>Do not bleach</span></li>
<li><span>Iron at max 110°C.</span></li>
<li><span>Do not dry clean</span></li>
</ul>",BBG FASHION,Apparel & Accessories > Clothing Accessories > Baby & Toddler Clothing Accessories,Kids Half Sleeves Twinset,kids half sleeves,true,Size,2-6-months,product.metafields.shopify.size,Color,blue,product.metafields.shopify.color-pattern,,,,'10708958,500.0,shopify,70,deny,manual,899.00,0.00,true,false,,,,,'10708958,https://cdn.shopify.com/s/files/1/0618/2368/0740/files/4_25.webp?v=1770814441,1,White Feather Short Set - front view - unisex wear Pakistan,false,,"Shop this adorable boys’ feather print shorts set featuring a soft white graphic t-shirt paired with vibrant blue shorts. Comfortable, breathable fabric perfect for summer play, casual outings, and everyday wear.",,,,,,,,,,,,,'10,,,,,,,,blue,,,soft-cotton-jersey,,,,,,,2-6-months; 6-12; 13-14-months; 2-3-years; 3-4-years; 4-5-years; 5-6-years-1,,,unisex,,,,blue-block-pattern-short-set; copy-of-grey-panel-t-shirt-shorts-set; cow-print-crew-neck-short-sleeve-t-shirt; daddy-me-print-t-shirt-shorts-set; dinosaur-pattern-t-shirt-shorts-set; galaxy-space-short-set; grey-panel-t-shirt-shorts-set; make-today-great-short-set,,,,kg,,,true,,,active
white-feather-short-set,,,,,,,,,6-12,,,blue,,,,,'10708959,500.0,shopify,95,deny,manual,899.00,0.00,true,false,,,,,'10708959,https://cdn.shopify.com/s/files/1/0618/2368/0740/files/3_29.webp?v=1770814441,2,White Feather Short Set - back view - unisex wear Pakistan,,,,,,,,,,,,,,,,,,,,,,,,,,,,,,,,,,,,,,,,,,,,,kg,,,,,,
white-feather-short-set,,,,,,,,,13-14-months,,,blue,,,,,'10708960,500.0,shopify,48,deny,manual,899.00,0.00,true,false,,,,,'10708960,https://cdn.shopify.com/s/files/1/0618/2368/0740/files/1_25.webp?v=1770814441,3,White Feather Short Set - side view - unisex wear Pakistan,,,,,,,,,,,,,,,,,,,,,,,,,,,,,,,,,,,,,,,,,,,,,kg,,,,,,
white-feather-short-set,,,,,,,,,2-3-years,,,blue,,,,,'10708961,500.0,shopify,57,deny,manual,899.00,0.00,true,false,,,,,'10708961,https://cdn.shopify.com/s/files/1/0618/2368/0740/files/2_28.webp?v=1770814441,4,White Feather Short Set - detail shot - unisex wear Pakistan,,,,,,,,,,,,,,,,,,,,,,,,,,,,,,,,,,,,,,,,,,,,,kg,,,,,,
white-feather-short-set,,,,,,,,,3-4-years,,,blue,,,,,'10708962,500.0,shopify,42,deny,manual,899.00,0.00,true,false,,,,,'10708962,https://cdn.shopify.com/s/files/1/0618/2368/0740/files/5_25.webp?v=1770814441,5,White Feather Short Set - front view - unisex wear Pakistan,,,,,,,,,,,,,,,,,,,,,,,,,,,,,,,,,,,,,,,,,,,,,kg,,,,,,
white-feather-short-set,,,,,,,,,4-5-years,,,blue,,,,,'10708963,500.0,shopify,59,deny,manual,899.00,0.00,true,false,,,,,'10708963,https://cdn.shopify.com/s/files/1/0618/2368/0740/files/2-6bbgshortset_a1162d89-398c-48c7-a3c4-ed5acf18b1da.webp?v=1781185337,6,"",,,,,,,,,,,,,,,,,,,,,,,,,,,,,,,,,,,,,,,,,,,,,kg,,,,,,
white-feather-short-set,,,,,,,,,5-6-years-1,,,blue,,,,,'10706758,500.0,shopify,57,deny,manual,899.00,0.00,true,false,,,,,'10706758,,,,,,,,,,,,,,,,,,,,,,,,,,,,,,,,,,,,,,,,,,,,,,,,kg,,,,,,
orange-white-black-pocket-short-set,Orange Machines Short Set,"<h4>Orange Machines Short Set</h4>
<p data-start=""349"" data-end=""507"">Bright, playful, and full of adventure — the <strong data-start=""394"" data-end=""423"">Orange Machines Short Set</strong> 🚜🧡 is made for little boys who love trucks, diggers, and all things construction!</p>
<p data-start=""509"" data-end=""743"">This fun summer outfit features a vibrant orange tee with cool machine graphics paired with stylish striped shorts for a trendy and comfortable look. Crafted from soft and breathable fabric, it keeps kids cool and active all day long.</p>
<p data-start=""745"" data-end=""904"">Whether it’s playtime, outdoor fun, family outings, or relaxing at home, this set delivers the perfect mix of comfort and style for energetic little explorers.</p>
<h3 data-section-id=""q4c1cr"" data-start=""906"" data-end=""919"">Features:</h3>
<ul data-start=""920"" data-end=""1179"">
<li data-section-id=""15vdfkq"" data-start=""920"" data-end=""968"">Soft &amp; breathable fabric for all-day comfort</li>
<li data-section-id=""7kohf7"" data-start=""969"" data-end=""1010"">Fun construction vehicle print design</li>
<li data-section-id=""il9bff"" data-start=""1011"" data-end=""1056"">Stylish striped shorts with elastic waist</li>
<li data-section-id=""zkbycd"" data-start=""1057"" data-end=""1096"">Lightweight and summer-friendly fit</li>
<li data-section-id=""11yktlv"" data-start=""1097"" data-end=""1138"">Perfect for playtime &amp; casual outings</li>
<li data-section-id=""1un8k1w"" data-start=""1139"" data-end=""1179"">Gentle and comfortable on kids’ skin</li>
</ul>
<p data-start=""1181"" data-end=""1295"" data-is-last-node="""" data-is-only-node="""">Built for fun and designed for comfort — the <strong data-start=""1226"" data-end=""1255"">Orange Machines Short Set</strong> is ready for every little adventure</p>",BBG FASHION,Apparel & Accessories > Clothing > Baby & Toddler Clothing,Kids Half Sleeves Twinset,kids half sleeves,true,Size,2-6-months,product.metafields.shopify.size,,,,,,,'10708952,500.0,shopify,69,deny,manual,899.00,0.00,true,false,,,,,'10708952,https://cdn.shopify.com/s/files/1/0618/2368/0740/files/WhatsAppImage2026-05-23at1.39.18PM_1.jpg?v=1779528447,1,"",false,,"Shop the Orange Machines Short Set for boys at BBG Fashion. Featuring playful construction vehicle prints, soft breathable fabric, and comfy striped shorts perfect for summer playtime and casual wear.",,,,,,,,,,,,,'7,,,,,,,,,,,,,,,,,,2-6-months; 6-12; 13-14-months; 2-3-years; 3-4-years; 4-5-years; 5-6-years-1,,,,,,,,,,,kg,,,true,,,active
orange-white-black-pocket-short-set,,,,,,,,,6-12,,,,,,,,'10708953,500.0,shopify,44,deny,manual,899.00,0.00,true,false,,,,,'10708953,https://cdn.shopify.com/s/files/1/0618/2368/0740/files/WhatsAppImage2026-05-23at1.39.18PM.jpg?v=1779528447,2,"",,,,,,,,,,,,,,,,,,,,,,,,,,,,,,,,,,,,,,,,,,,,,kg,,,,,,
orange-white-black-pocket-short-set,,,,,,,,,13-14-months,,,,,,,,'10708954,500.0,shopify,45,deny,manual,899.00,0.00,true,false,,,,,'10708954,https://cdn.shopify.com/s/files/1/0618/2368/0740/files/WhatsAppImage2026-05-23at1.39.17PM.jpg?v=1779528447,3,"",,,,,,,,,,,,,,,,,,,,,,,,,,,,,,,,,,,,,,,,,,,,,kg,,,,,,
orange-white-black-pocket-short-set,,,,,,,,,2-3-years,,,,,,,,'10708955,500.0,shopify,59,deny,manual,899.00,0.00,true,false,,,,,'10708955,https://cdn.shopify.com/s/files/1/0618/2368/0740/files/2-6bbgshortset_9e2fcb42-11c9-43be-b489-66aa80c051c6.webp?v=1781185343,4,"",,,,,,,,,,,,,,,,,,,,,,,,,,,,,,,,,,,,,,,,,,,,,kg,,,,,,
orange-white-black-pocket-short-set,,,,,,,,,3-4-years,,,,,,,,'10708956,500.0,shopify,35,deny,manual,899.00,0.00,true,false,,,,,'10708956,,,,,,,,,,,,,,,,,,,,,,,,,,,,,,,,,,,,,,,,,,,,,,,,kg,,,,,,
orange-white-black-pocket-short-set,,,,,,,,,4-5-years,,,,,,,,'10708957,500.0,shopify,61,deny,manual,899.00,0.00,true,false,,,,,'10708957,,,,,,,,,,,,,,,,,,,,,,,,,,,,,,,,,,,,,,,,,,,,,,,,kg,,,,,,
orange-white-black-pocket-short-set,,,,,,,,,5-6-years-1,,,,,,,,'10706757,500.0,shopify,57,deny,manual,899.00,0.00,true,false,,,,,'10706757,,,,,,,,,,,,,,,,,,,,,,,,,,,,,,,,,,,,,,,,,,,,,,,,kg,,,,,,
love-sleep-woman-pajama-set,Love Sleep Woman Pajama Set,"<h4 data-start=""847"" data-end=""1149"">Love Sleep Woman Pajama Set</h4>
<p data-start=""847"" data-end=""1149"">Stay comfortable and stylish with our<span> </span><strong data-start=""885"" data-end=""916"">Love Sleep Women Pajama Set</strong>, crafted for women who love cozy nights and relaxed weekends. Featuring a beautiful purple t-shirt with elegant ""Love Sleep"" typography and matching star-print trousers, this pajama set offers the perfect blend of comfort and style.</p>
<p data-start=""1151"" data-end=""1326"">Whether you're unwinding after a long day, enjoying a lazy morning, or getting a good night's sleep, this pajama set is designed to keep you feeling relaxed all day and night.</p>
<h3 data-section-id=""bfe9be"" data-start=""1328"" data-end=""1348"">Product Features</h3>
<p data-start=""1350"" data-end=""1629"">✔ Soft and breathable fabric<br data-start=""1378"" data-end=""1381"">✔ Comfortable regular fit<br data-start=""1406"" data-end=""1409"">✔ Stylish ""Love Sleep"" printed t-shirt<br data-start=""1447"" data-end=""1450"">✔ Matching star-print pajama trouser<br data-start=""1486"" data-end=""1489"">✔ Lightweight and skin-friendly material<br data-start=""1529"" data-end=""1532"">✔ Perfect for sleeping, lounging, and casual home wear<br data-start=""1586"" data-end=""1589"">✔ Durable stitching for long-lasting use</p>
<h3 data-section-id=""5t7ttf"" data-start=""1631"" data-end=""1651"">Package Includes</h3>
<ul data-start=""1653"" data-end=""1704"">
<li data-section-id=""sn9kjg"" data-start=""1653"" data-end=""1674"">
<p data-start=""1655"" data-end=""1674"">1 x Printed T-Shirt</p>
</li>
<li data-section-id=""5dunfg"" data-start=""1675"" data-end=""1704"">
<p data-start=""1677"" data-end=""1704"">1 x Matching Pajama Trouser</p>
</li>
</ul>",BBG FASHION,Uncategorized,Loungewear,casual wear twinset,true,Size,medium,product.metafields.shopify.size,,,,,,,'10708950,500.0,shopify,123,deny,manual,1499.00,,true,false,,,,,'10708950,https://cdn.shopify.com/s/files/1/0618/2368/0740/files/b_1_0580b7ec-6dd1-42c8-b9cb-b60557cf5760.webp?v=1781518291,1,"",false,,"Meet our Love Sleep Women Pajama Set – designed for cozy nights and relaxed mornings. Made from soft, breathable fabric with a trendy star-print pajama and stylish ""Love Sleep"" tee, it's the perfect combination of comfort and fashion.

",,,,,,,,,,,,,,,,,,,,,,,,,,,,,,,medium; large; xl,,,,,,,,,,,g,,,true,,,active
love-sleep-woman-pajama-set,,,,,,,,,large,,,,,,,,'10708951,500.0,shopify,23,deny,manual,1499.00,,true,false,,,,,'10708951,https://cdn.shopify.com/s/files/1/0618/2368/0740/files/b_2_055b70c7-2c0c-4e4c-97fd-38ea8886a09b.webp?v=1781518291,2,"",,,,,,,,,,,,,,,,,,,,,,,,,,,,,,,,,,,,,,,,,,,,,g,,,,,,
love-sleep-woman-pajama-set,,,,,,,,,xl,,,,,,,,'10706756,500.0,shopify,123,deny,manual,1499.00,,true,false,,,,,'10706756,https://cdn.shopify.com/s/files/1/0618/2368/0740/files/b_3_c5dfd70f-e4d5-471f-807b-672fd3bf9388.webp?v=1781518291,3,"",,,,,,,,,,,,,,,,,,,,,,,,,,,,,,,,,,,,,,,,,,,,,g,,,,,,
love-sleep-woman-pajama-set,,,,,,,,,,,,,,,,,,,,,,,,,,,,,,,,https://cdn.shopify.com/s/files/1/0618/2368/0740/files/Screenshot_2026-02-03_155735_540x_360x_b8272494-0eec-42dd-9c26-0aa61006c356.webp?v=1781518291,4,"",,,,,,,,,,,,,,,,,,,,,,,,,,,,,,,,,,,,,,,,,,,,,,,,,,,
copy-of-grey-flowered-and-bts-printed-loungewear,Yellow Flowered and BTS Printed Loungewear,"<h4>Yellow Flowered and BTS Printed Loungewear</h4>
<p>This Yellow BTS Printed Loungewear is an essential for the summer months. Crafted with a soft cotton jersey fabric, it provides the perfect blend of comfort and breathability. Non-restrictive, its relaxed shape ensures maximum ease and freedom of movement.</p>
<ul class="""">
<li class="""">Blended Cotton jersey stuff which will provide you most comfort zone at night</li>
<li class="""">Export quality fabric </li>
<li class="""">Round neck style night wear</li>
<li class="""">Long sleeves with round cuff</li>
<li class="""">Loose fitting trouser with extra stretchable material which will relax you more after wearing</li>
<li class="""">Trouser has no pockets</li>
<li class="""">Maximum durably of night wear is 7 months ( if you wash daily basis)</li>
<li class="""">Good Quality Elastic in trouser with maximum stretch</li>
<li class="""">Best Quality of stitching</li>
</ul>
<div><br></div>",BBG FASHION,Apparel & Accessories > Clothing > Sleepwear & Loungewear,Loungewear,"Loungewear, woo",false,Size,Free Size,,Material,Soft Jersey,,,,,'10708949,500.0,shopify,98,deny,manual,1599.00,,true,false,,,,,'10708949,https://cdn.shopify.com/s/files/1/0618/2368/0740/files/28_334413dc-503d-4d46-b0a4-0e8373f21064.png?v=1686174702,1,Copy Of Grey Flowered And Bts Printed Loungewear - front view - unisex wear Pakistan,false,,"This Pink Colored Butterfly Printed Loungewear is an essential for the summer months. Crafted with a soft cotton jersey fabric, it provides the perfect blend of comfort and breathability. Non-restrictive, its relaxed shape ensures maximum ease and freedom of movement.",,,,,,,,,,,,,,,,,,,,,,,,,,,,,,,,,,,,,,,,,https://cdn.shopify.com/s/files/1/0618/2368/0740/files/28_334413dc-503d-4d46-b0a4-0e8373f21064.png?v=1686174702,g,,,true,,,draft
copy-of-grey-flowered-and-bts-printed-loungewear,,,,,,,,,xxl,,,Soft Jersey,,,,,'10706755,500.0,shopify,100,deny,manual,1899.00,,true,false,,,,,'10706755,https://cdn.shopify.com/s/files/1/0618/2368/0740/files/SizeChartLoungewearbbgfashion.pk_95bba394-04a8-469f-a7c2-ad09315e8411.png?v=1770124152,2,Copy Of Grey Flowered And Bts Printed Loungewear size chart - measurements guide,,,,,,,,,,,,,,,,,,,,,,,,,,,,,,,,,,,,,,,,,,,,https://cdn.shopify.com/s/files/1/0618/2368/0740/files/28_334413dc-503d-4d46-b0a4-0e8373f21064.png?v=1686174702,g,,,,,,
copy-of-pink-flowered-and-bts-printed-loungewear,White Flowered and BTS Printed Loungewear,"<h4>White Flowered and BTS Printed Loungewear</h4>
<p>This Grey BTS Printed Loungewear is an essential for the summer months. Crafted with a soft cotton jersey fabric, it provides the perfect blend of comfort and breathability. Non-restrictive, its relaxed shape ensures maximum ease and freedom of movement.</p>
<ul class="""">
<li class="""">Blended Cotton jersey stuff which will provide you most comfort zone at night</li>
<li class="""">Export quality fabric </li>
<li class="""">Round neck style night wear</li>
<li class="""">Long sleeves with round cuff</li>
<li class="""">Loose fitting trouser with extra stretchable material which will relax you more after wearing</li>
<li class="""">Trouser has no pockets</li>
<li class="""">Maximum durably of night wear is 7 months ( if you wash daily basis)</li>
<li class="""">Good Quality Elastic in trouser with maximum stretch</li>
<li class="""">Best Quality of stitching</li>
</ul>
<div><br></div>",BBG FASHION,Apparel & Accessories > Clothing > Sleepwear & Loungewear,Loungewear,"Loungewear, woo",false,Size,Free Size,,Material,Soft Jersey,,,,,'10706754,500.0,shopify,198,deny,manual,1599.00,,true,false,,,,,'10706754,https://cdn.shopify.com/s/files/1/0618/2368/0740/files/27_61c0e7ab-2449-4268-bfbf-0a6bb8fd8f45.png?v=1686174333,1,Copy Of Pink Flowered And Bts Printed Loungewear - front view - unisex wear Pakistan,false,,"This Pink Colored Butterfly Printed Loungewear is an essential for the summer months. Crafted with a soft cotton jersey fabric, it provides the perfect blend of comfort and breathability. Non-restrictive, its relaxed shape ensures maximum ease and freedom of movement.",,,,,,,,,,,,,,,,,,,,,,,,,,,,,,,,,,,,,,,,,https://cdn.shopify.com/s/files/1/0618/2368/0740/files/27_61c0e7ab-2449-4268-bfbf-0a6bb8fd8f45.png?v=1686174333,g,,,true,,,draft
copy-of-pink-flowered-and-bts-printed-loungewear,,,,,,,,,,,,,,,,,,,,,,,,,,,,,,,,https://cdn.shopify.com/s/files/1/0618/2368/0740/files/SizeChartLoungewearbbgfashion.pk_6b29a03d-19f7-4a95-8cb0-cd20fc153d5b.png?v=1686174333,2,Copy Of Pink Flowered And Bts Printed Loungewear size chart - measurements guide,,,,,,,,,,,,,,,,,,,,,,,,,,,,,,,,,,,,,,,,,,,,,,,,,,,
copy-of-black-bts-printed-loungewear,Women's Premium 2 Piece Lounge Set - Pink & Black,"<h4 class=""product_title entry-title"">Women's Premium 2 Piece Lounge Set - Pink &amp; Black</h4>
<p>Experience everyday comfort with this<strong>  Women's Premium 2 Piece Lounge Set - Pink &amp; Black </strong>designed for relaxed living and effortless style. Featuring a breathable full-sleeve top paired with loose-fit trousers, this set offers the perfect balance of softness and comfort.</p>
<p data-end=""717"" data-start=""509"">Crafted from lightweight, skin-friendly fabric, it keeps you comfortable throughout the day and night. The relaxed silhouette allows easy movement, making it ideal for lounging, sleeping, or casual home wear.</p>
<p data-end=""814"" data-start=""719"">Available in multiple trendy colors, this nightsuit is a must-have essential for your wardrobe.</p>
<p data-end=""833"" data-start=""816""><strong data-end=""833"" data-start=""816"">Key Features:</strong></p>
<ul data-end=""1036"" data-start=""834"">
<li data-end=""875"" data-start=""834"" data-section-id=""1ulncgd"">
<p data-end=""875"" data-start=""836"">Soft, breathable &amp; lightweight fabric</p>
</li>
<li data-end=""911"" data-start=""876"" data-section-id=""f46jwt"">
<p data-end=""911"" data-start=""878"">Relaxed fit for maximum comfort</p>
</li>
<li data-end=""960"" data-start=""912"" data-section-id=""13n9y9o"">
<p data-end=""960"" data-start=""914"">Elastic waistband with adjustable drawstring</p>
</li>
<li data-end=""1003"" data-start=""961"" data-section-id=""1us257r"">
<p data-end=""1003"" data-start=""963"">Perfect for sleep, lounge &amp; daily wear</p>
</li>
<li data-end=""1036"" data-start=""1004"" data-section-id=""arqrzc"">
<p data-end=""1036"" data-start=""1006"">Available in multiple colors</p>
</li>
</ul>
<div><br></div>",BBG FASHION,Apparel & Accessories > Clothing > Sleepwear & Loungewear,Loungewear,"Loungewear, woo",false,Size,Free Size,,Material,Soft Jersey,,,,,'10706752,500.0,shopify,87,deny,manual,1599.00,,true,false,,,,,'10706752,https://cdn.shopify.com/s/files/1/0618/2368/0740/files/imgi_117_4_253db25f-2fbc-43cf-910f-20c5e1c4be7e.png?v=1770124511,1,Copy Of Black Bts Printed Loungewear - front view - unisex wear Pakistan,false,,"Shop women’s soft lounge nightsuit set with breathable fabric & relaxed fit. Perfect for sleep & home wear. Available in multiple stylish colors.

",,,,,,,,,,,,,'1,,,,,,,,,,,,,,,,,,,,,,,,,,,,https://cdn.shopify.com/s/files/1/0618/2368/0740/files/imgi_62_1_1080x_f9ff0a3f-2c96-45f2-96ec-ff3aab7a1ff8.png?v=1770124511,g,,,true,,,draft
copy-of-black-bts-printed-loungewear,,,,,,,,,XXL,,,Soft Jersey,,,,,'10742931,500.0,shopify,99,deny,manual,1899.00,,true,false,,,,,'10742931,https://cdn.shopify.com/s/files/1/0618/2368/0740/files/imgi_52_3_1080x_486990ac-af81-45bb-a736-f89939f6f3dc.png?v=1770124511,2,Copy Of Black Bts Printed Loungewear - back view - unisex wear Pakistan,,,,,,,,,,,,,,,,,,,,,,,,,,,,,,,,,,,,,,,,,,,,,g,,,,,,
copy-of-black-bts-printed-loungewear,,,,,,,,,,,,,,,,,,,,,,,,,,,,,,,,https://cdn.shopify.com/s/files/1/0618/2368/0740/files/imgi_57_5_1080x_6fb5c907-b981-4e1c-89a3-ea5897bad5e3.png?v=1770124511,3,Copy Of Black Bts Printed Loungewear - side view - unisex wear Pakistan,,,,,,,,,,,,,,,,,,,,,,,,,,,,,,,,,,,,,,,,,,,,,,,,,,,
copy-of-black-bts-printed-loungewear,,,,,,,,,,,,,,,,,,,,,,,,,,,,,,,,https://cdn.shopify.com/s/files/1/0618/2368/0740/files/imgi_67_2_1080x_c5837574-f8ce-4280-ae83-2fd23eaf774d.png?v=1770124511,4,Copy Of Black Bts Printed Loungewear - detail shot - unisex wear Pakistan,,,,,,,,,,,,,,,,,,,,,,,,,,,,,,,,,,,,,,,,,,,,,,,,,,,
copy-of-black-bts-printed-loungewear,,,,,,,,,,,,,,,,,,,,,,,,,,,,,,,,https://cdn.shopify.com/s/files/1/0618/2368/0740/files/imgi_62_1_1080x_f9ff0a3f-2c96-45f2-96ec-ff3aab7a1ff8.png?v=1770124511,5,Copy Of Black Bts Printed Loungewear - back view - unisex wear Pakistan,,,,,,,,,,,,,,,,,,,,,,,,,,,,,,,,,,,,,,,,,,,,,,,,,,,
copy-of-black-bts-printed-loungewear,,,,,,,,,,,,,,,,,,,,,,,,,,,,,,,,https://cdn.shopify.com/s/files/1/0618/2368/0740/files/SizeChartLoungewearbbgfashion.pk_b8e7ffcf-9881-4980-bb3f-a362484def4d.png?v=1770124511,6,Copy Of Black Bts Printed Loungewear size chart - measurements guide,,,,,,,,,,,,,,,,,,,,,,,,,,,,,,,,,,,,,,,,,,,,,,,,,,,
copy-of-yellow-bts-printed-loungewear,Women Premium 2 Piece Lounge Set | BTS - White & Blue,"<h4>Women Premium 2 Piece Lounge Set | BTS - White &amp; Blue</h4>
<p>Women Premium 2 Piece Lounge Set</p>
<p>Experience comfort without compromising on style with our Women Premium 2 Piece Lounge Set. Crafted from soft and breathable fabric, this set is designed to keep you feeling relaxed throughout the day and night.</p>
<p>The stylish printed top pairs perfectly with the comfortable elastic-waist trousers, creating a versatile outfit ideal for lounging at home, casual wear, travel, or bedtime. The lightweight fabric offers excellent comfort while maintaining a flattering and relaxed fit.</p>
<p>Features:<br>• Premium soft-touch fabric<br>• Stylish printed long-sleeve top<br>• Comfortable elastic waist trouser<br>• Relaxed and easy-to-wear fit<br>• Breathable and lightweight material<br>• Perfect for lounging, sleeping, and casual home wear<br>• Suitable for all seasons</p>
<p>Package Includes:<br>• 1 Printed Top<br>• 1 Matching Trouser</p>
<p>Care Instructions:<br>• Machine wash cold<br>• Do not bleach<br>• Tumble dry low<br>• Iron on low heat if required</p>
<p>Enjoy the perfect blend of comfort, quality, and everyday style with this premium lounge set.<br></p>",BBG FASHION,Apparel & Accessories > Clothing > Sleepwear & Loungewear,Loungewear,Loungewear,true,Size,medium,product.metafields.shopify.size,,,,,,,'10706751,500.0,shopify,84,deny,manual,1599.00,,true,false,,,,,'10706751,https://cdn.shopify.com/s/files/1/0618/2368/0740/files/a_1_0ed4b61f-a149-480d-bd68-e1db873005ea.webp?v=1781014300,1,"",false,,"Shop Women Premium 2 Piece Lounge Set featuring soft breathable fabric, stylish printed top, and comfortable trousers. Perfect for lounging, sleeping, and everyday comfort.",,,,,,,,,,,,,,,,,,,,,,,,,,,,,,,medium; large; xl; xxl,,,,,,,,,,,g,,,true,,,active
copy-of-yellow-bts-printed-loungewear,,,,,,,,,large,,,,,,,,'10758926,500.0,shopify,99,deny,manual,1599.00,,true,false,,,,,'10758926,https://cdn.shopify.com/s/files/1/0618/2368/0740/files/a_2_97e1ddff-df56-4d91-b989-c92900683827.webp?v=1781014300,2,"",,,,,,,,,,,,,,,,,,,,,,,,,,,,,,,,,,,,,,,,,,,,,g,,,,,,
copy-of-yellow-bts-printed-loungewear,,,,,,,,,xl,,,,,,,,'10758927,500.0,shopify,99,deny,manual,1599.00,,true,false,,,,,'10758927,https://cdn.shopify.com/s/files/1/0618/2368/0740/files/a_3_61f5a7ea-b7d7-402d-8f41-3b164c0b5a8e.webp?v=1781014300,3,"",,,,,,,,,,,,,,,,,,,,,,,,,,,,,,,,,,,,,,,,,,,,,g,,,,,,
copy-of-yellow-bts-printed-loungewear,,,,,,,,,xxl,,,,,,,,'10758928,500.0,shopify,99,deny,manual,1899.00,,true,false,,,,,'10758928,https://cdn.shopify.com/s/files/1/0618/2368/0740/files/Screenshot_2026-02-03_155735_540x_360x_fcf9fad1-5c7f-47ee-9279-88e1146a83c3.webp?v=1781014301,4,"",,,,,,,,,,,,,,,,,,,,,,,,,,,,,,,,,,,,,,,,,,,,,g,,,,,,
copy-of-black-bts-and-cartoons-printed-loungewear,Women Premium 2 Piece Lounge Set | BTS - Yellow & Grey,"<h4>Women Premium 2 Piece Lounge Set | BTS - Yellow &amp; Grey</h4>
<p>Women Premium 2 Piece Lounge Set</p>
<p>Experience comfort without compromising on style with our Women Premium 2 Piece Lounge Set. Crafted from soft and breathable fabric, this set is designed to keep you feeling relaxed throughout the day and night.</p>
<p>The stylish printed top pairs perfectly with the comfortable elastic-waist trousers, creating a versatile outfit ideal for lounging at home, casual wear, travel, or bedtime. The lightweight fabric offers excellent comfort while maintaining a flattering and relaxed fit.</p>
<p>Features:<br>• Premium soft-touch fabric<br>• Stylish printed long-sleeve top<br>• Comfortable elastic waist trouser<br>• Relaxed and easy-to-wear fit<br>• Breathable and lightweight material<br>• Perfect for lounging, sleeping, and casual home wear<br>• Suitable for all seasons</p>
<p>Package Includes:<br>• 1 Printed Top<br>• 1 Matching Trouser</p>
<p>Care Instructions:<br>• Machine wash cold<br>• Do not bleach<br>• Tumble dry low<br>• Iron on low heat if required</p>
<p>Enjoy the perfect blend of comfort, quality, and everyday style with this premium lounge set.<br></p>",nightsuit.pk,Apparel & Accessories > Clothing > Sleepwear & Loungewear,Loungewear,Loungewear,true,Size,m,product.metafields.shopify.size,,,,,,,'10708948,500.0,shopify,99,deny,manual,1599.00,,true,false,,,,,'10708948,https://cdn.shopify.com/s/files/1/0618/2368/0740/files/b_9.webp?v=1781013974,1,"",false,,"Shop Women Premium 2 Piece Lounge Set featuring soft breathable fabric, stylish printed top, and comfortable trousers. Perfect for lounging, sleeping, and everyday comfort.",,,,,,,,,,,,,,,,,,,,,,,,,,,,,,,m; large; xl; xxl,,,,,,,,,,,g,,,true,,,active
copy-of-black-bts-and-cartoons-printed-loungewear,,,,,,,,,large,,,,,,,,'10706750,500.0,shopify,99,deny,manual,1899.00,,true,false,,,,,'10706750,https://cdn.shopify.com/s/files/1/0618/2368/0740/files/b_7.webp?v=1781013974,2,"",,,,,,,,,,,,,,,,,,,,,,,,,,,,,,,,,,,,,,,,,,,,,g,,,,,,
copy-of-black-bts-and-cartoons-printed-loungewear,,,,,,,,,xl,,,,,,,,'10758924,500.0,shopify,99,deny,manual,1599.00,,true,false,,,,,'10758924,https://cdn.shopify.com/s/files/1/0618/2368/0740/files/b_8.webp?v=1781013974,3,"",,,,,,,,,,,,,,,,,,,,,,,,,,,,,,,,,,,,,,,,,,,,,g,,,,,,
copy-of-black-bts-and-cartoons-printed-loungewear,,,,,,,,,xxl,,,,,,,,'10758925,500.0,shopify,99,deny,manual,1899.00,,true,false,,,,,'10758925,https://cdn.shopify.com/s/files/1/0618/2368/0740/files/Screenshot_2026-02-03_155735_540x_360x_f20ca744-1859-4880-a6b5-fa69c74d9a8e.webp?v=1781013974,4,"",,,,,,,,,,,,,,,,,,,,,,,,,,,,,,,,,,,,,,,,,,,,,g,,,,,,
copy-of-yellow-bts-and-cartoons-printed-loungewear,Women Premium 2 Piece Lounge Set | BTS + Cartoons - White & Blue,"<h4>Women Premium 2 Piece Lounge Set | BTS + Cartoons - White &amp; Blue</h4>
<p data-start=""0"" data-end=""416"">Experience everyday comfort with the <strong data-start=""63"" data-end=""99"">Women Premium 2 Piece Lounge Set</strong> — designed for women who love soft fabrics and effortless style. This matching two-piece set offers a relaxed fit that feels cozy while keeping your look modern and elegant. Perfect for lounging at home, casual outings, or peaceful nights, the breathable premium fabric ensures all-day comfort with a luxurious feel.</p>
<p data-start=""418"" data-end=""436""><strong data-start=""418"" data-end=""434"">Key Features</strong></p>
<ul data-start=""437"" data-end=""772"">
<li data-section-id=""1x2imll"" data-start=""437"" data-end=""475"">Premium soft and breathable fabric</li>
<li data-section-id=""11kwvgr"" data-start=""476"" data-end=""510"">Comfortable relaxed-fit design</li>
<li data-section-id=""1r5syk"" data-start=""511"" data-end=""543"">Stylish matching 2-piece set</li>
<li data-section-id=""8kelsz"" data-start=""544"" data-end=""586"">Lightweight and skin-friendly material</li>
<li data-section-id=""1yndibs"" data-start=""587"" data-end=""627"">Elastic waistband for a flexible fit</li>
<li data-section-id=""1xqyopw"" data-start=""628"" data-end=""678"">Ideal for lounging, sleepwear, and casual wear</li>
<li data-section-id=""10c6wkw"" data-start=""679"" data-end=""728"">Easy to wear and perfect for everyday comfort</li>
<li data-section-id=""emp135"" data-start=""729"" data-end=""772"">Modern minimal look with a premium feel</li>
</ul>",BBG FASHION,Apparel & Accessories > Clothing > Sleepwear & Loungewear,Loungewear,Loungewear,true,Size,medium,product.metafields.shopify.size,,,,,,,'10706749,0.5,,99,deny,manual,1599.00,,true,false,,,,,'10706749,https://cdn.shopify.com/s/files/1/0618/2368/0740/files/2_0d743679-ba2c-4ce9-845b-347cb2809ab1.webp?v=1779198595,1,"",false,,"Shop the Women Premium 2 Piece Lounge Set made with soft breathable fabric and a relaxed comfy fit. Perfect for lounging, casual wear, and everyday comfort.",,,,,,,,,,,,,,,,,,,,,,,,,,,,,,,medium; large; xl; xxl,,,,,,,,,,,g,,,true,,,active
copy-of-yellow-bts-and-cartoons-printed-loungewear,,,,,,,,,large,,,,,,,,'10758488,0.5,,99,deny,manual,1599.00,,true,false,,,,,'10758488,https://cdn.shopify.com/s/files/1/0618/2368/0740/files/1_000f2c4b-54c6-4f63-8cea-6b33e6e711b0.webp?v=1779198594,2,"",,,,,,,,,,,,,,,,,,,,,,,,,,,,,,,,,,,,,,,,,,,,,g,,,,,,
copy-of-yellow-bts-and-cartoons-printed-loungewear,,,,,,,,,xl,,,,,,,,'10758489,0.5,,99,deny,manual,1599.00,,true,false,,,,,'10758489,https://cdn.shopify.com/s/files/1/0618/2368/0740/files/3_dcc46101-85eb-4844-bd44-0fb36e92d6d6.webp?v=1779198595,3,"",,,,,,,,,,,,,,,,,,,,,,,,,,,,,,,,,,,,,,,,,,,,,g,,,,,,
copy-of-yellow-bts-and-cartoons-printed-loungewear,,,,,,,,,xxl,,,,,,,,'10758490,0.5,,99,deny,manual,1899.00,,true,false,,,,,'10758490,https://cdn.shopify.com/s/files/1/0618/2368/0740/files/4_30a7a9aa-e4c2-4bd4-876a-a0aa47c2fc26.webp?v=1779198594,4,"",,,,,,,,,,,,,,,,,,,,,,,,,,,,,,,,,,,,,,,,,,,,,g,,,,,,
copy-of-yellow-bts-and-cartoons-printed-loungewear,,,,,,,,,,,,,,,,,,,,,,,,,,,,,,,,https://cdn.shopify.com/s/files/1/0618/2368/0740/files/Screenshot_2026-02-03_155735_540x_360x_447144a2-020e-4926-a7b9-ccc4ffb4366a.webp?v=1779198594,5,"",,,,,,,,,,,,,,,,,,,,,,,,,,,,,,,,,,,,,,,,,,,,,,,,,,,
copy-of-pink-bts-and-cartoons-printed-loungewear-1,Women Premium 2 Piece Lounge Set | BTS + Cartoons - Yellow & Grey,"<h4>Women Premium 2 Piece Lounge Set | BTS + Cartoons - Yellow &amp; Grey</h4>
<p data-start=""0"" data-end=""416"">Experience everyday comfort with the <strong data-start=""63"" data-end=""99"">Women Premium 2 Piece Lounge Set</strong> — designed for women who love soft fabrics and effortless style. This matching two-piece set offers a relaxed fit that feels cozy while keeping your look modern and elegant. Perfect for lounging at home, casual outings, or peaceful nights, the breathable premium fabric ensures all-day comfort with a luxurious feel.</p>
<p data-start=""418"" data-end=""436""><strong data-start=""418"" data-end=""434"">Key Features</strong></p>
<ul data-start=""437"" data-end=""772"">
<li data-section-id=""1x2imll"" data-start=""437"" data-end=""475"">Premium soft and breathable fabric</li>
<li data-section-id=""11kwvgr"" data-start=""476"" data-end=""510"">Comfortable relaxed-fit design</li>
<li data-section-id=""1r5syk"" data-start=""511"" data-end=""543"">Stylish matching 2-piece set</li>
<li data-section-id=""8kelsz"" data-start=""544"" data-end=""586"">Lightweight and skin-friendly material</li>
<li data-section-id=""1yndibs"" data-start=""587"" data-end=""627"">Elastic waistband for a flexible fit</li>
<li data-section-id=""1xqyopw"" data-start=""628"" data-end=""678"">Ideal for lounging, sleepwear, and casual wear</li>
<li data-section-id=""10c6wkw"" data-start=""679"" data-end=""728"">Easy to wear and perfect for everyday comfort</li>
<li data-section-id=""emp135"" data-start=""729"" data-end=""772"">Modern minimal look with a premium feel</li>
</ul>",BBG FASHION,Apparel & Accessories > Clothing > Sleepwear & Loungewear,Loungewear,Loungewear,true,Size,medium,product.metafields.shopify.size,,,,,,,'10708947,0.5,,100,deny,manual,1599.00,,true,false,,,,,'10708947,https://cdn.shopify.com/s/files/1/0618/2368/0740/files/10_3ab43b4d-f82a-4614-bd4b-7c6f98e11f8c.webp?v=1779198078,1,"",false,,"Shop the Women Premium 2 Piece Lounge Set made with soft breathable fabric and a relaxed comfy fit. Perfect for lounging, casual wear, and everyday comfort.",,,,,,,,,,,,,,,,,,,,,,,,,,,,,,,medium; large; xl; xxl,,,,,,,,,,,g,,,true,,,active
copy-of-pink-bts-and-cartoons-printed-loungewear-1,,,,,,,,,large,,,,,,,,'10758483,0.5,,99,deny,manual,1599.00,,true,false,,,,,'10758483,https://cdn.shopify.com/s/files/1/0618/2368/0740/files/9_d8b36a32-4971-439a-8ffe-756573a8b873.webp?v=1779198078,2,"",,,,,,,,,,,,,,,,,,,,,,,,,,,,,,,,,,,,,,,,,,,,,g,,,,,,
copy-of-pink-bts-and-cartoons-printed-loungewear-1,,,,,,,,,xl,,,,,,,,'10758484,0.5,,99,deny,manual,1599.00,,true,false,,,,,'10758484,https://cdn.shopify.com/s/files/1/0618/2368/0740/files/12_b474fb00-28bd-49b9-b388-6f0a9575663e.webp?v=1779198078,3,"",,,,,,,,,,,,,,,,,,,,,,,,,,,,,,,,,,,,,,,,,,,,,g,,,,,,
copy-of-pink-bts-and-cartoons-printed-loungewear-1,,,,,,,,,xxl,,,,,,,,'10758485,0.5,,99,deny,manual,1899.00,,true,false,,,,,'10758485,https://cdn.shopify.com/s/files/1/0618/2368/0740/files/11_71bba5be-7402-4f56-b655-bc71778e6bc2.webp?v=1779198078,4,"",,,,,,,,,,,,,,,,,,,,,,,,,,,,,,,,,,,,,,,,,,,,,g,,,,,,
copy-of-pink-bts-and-cartoons-printed-loungewear-1,,,,,,,,,,,,,,,,,,,,,,,,,,,,,,,,https://cdn.shopify.com/s/files/1/0618/2368/0740/files/Screenshot_2026-02-03_155735_540x_360x_61cd4339-7ae9-4e88-853c-04be8d6ca5e2.webp?v=1779198078,5,"",,,,,,,,,,,,,,,,,,,,,,,,,,,,,,,,,,,,,,,,,,,,,,,,,,,
copy-of-pink-bts-printed-loungewear,Women Premium 2 Piece Lounge Set | BTS + Cartoons - Pink & Grey,"<h4>Women Premium 2 Piece Lounge Set | BTS + Cartoons - Pink &amp; Grey</h4>
<p data-end=""416"" data-start=""0"">Experience everyday comfort with the <strong data-end=""99"" data-start=""63"">Women Premium 2 Piece Lounge Set</strong> — designed for women who love soft fabrics and effortless style. This matching two-piece set offers a relaxed fit that feels cozy while keeping your look modern and elegant. Perfect for lounging at home, casual outings, or peaceful nights, the breathable premium fabric ensures all-day comfort with a luxurious feel.</p>
<p data-end=""436"" data-start=""418""><strong data-end=""434"" data-start=""418"">Key Features</strong></p>
<ul data-end=""772"" data-start=""437"">
<li data-end=""475"" data-start=""437"" data-section-id=""1x2imll"">Premium soft and breathable fabric</li>
<li data-end=""510"" data-start=""476"" data-section-id=""11kwvgr"">Comfortable relaxed-fit design</li>
<li data-end=""543"" data-start=""511"" data-section-id=""1r5syk"">Stylish matching 2-piece set</li>
<li data-end=""586"" data-start=""544"" data-section-id=""8kelsz"">Lightweight and skin-friendly material</li>
<li data-end=""627"" data-start=""587"" data-section-id=""1yndibs"">Elastic waistband for a flexible fit</li>
<li data-end=""678"" data-start=""628"" data-section-id=""1xqyopw"">Ideal for lounging, sleepwear, and casual wear</li>
<li data-end=""728"" data-start=""679"" data-section-id=""10c6wkw"">Easy to wear and perfect for everyday comfort</li>
<li data-end=""772"" data-start=""729"" data-section-id=""emp135"">Modern minimal look with a premium feel</li>
</ul>",BBG FASHION,Apparel & Accessories > Clothing > Sleepwear & Loungewear,Loungewear,"Loungewear, woo",true,Size,medium,product.metafields.shopify.size,,,,,,,'10708946,0.5,,99,deny,manual,1599.00,,true,false,,,,,'10708946,https://cdn.shopify.com/s/files/1/0618/2368/0740/files/7_e43e428b-7bd8-4d08-bb37-05b73d90a3c4.webp?v=1779199012,1,"",false,,"Shop the Women Premium 2 Piece Lounge Set made with soft breathable fabric and a relaxed comfy fit. Perfect for lounging, casual wear, and everyday comfort.",,,,,,,,,,,,,,,,,,,,,,,,,,,,,,,medium; large; xl; xxl,,,,,,,,,,,g,,,true,,,active
copy-of-pink-bts-printed-loungewear,,,,,,,,,large,,,,,,,,'10758492,0.5,,99,deny,manual,1599.00,,true,false,,,,,'10758492,https://cdn.shopify.com/s/files/1/0618/2368/0740/files/8_7d9e481c-3653-49d9-9390-5ae28eddf201.webp?v=1779199012,2,"",,,,,,,,,,,,,,,,,,,,,,,,,,,,,,,,,,,,,,,,,,,,,g,,,,,,
copy-of-pink-bts-printed-loungewear,,,,,,,,,xl,,,,,,,,'10758493,0.5,,99,deny,manual,1599.00,,true,false,,,,,'10758493,https://cdn.shopify.com/s/files/1/0618/2368/0740/files/5_03e55c07-8a21-4695-b52a-6adc96800017.webp?v=1779199012,3,"",,,,,,,,,,,,,,,,,,,,,,,,,,,,,,,,,,,,,,,,,,,,,g,,,,,,
copy-of-pink-bts-printed-loungewear,,,,,,,,,xxl,,,,,,,,'10758494,0.5,,99,deny,manual,1899.00,,true,false,,,,,'10758494,https://cdn.shopify.com/s/files/1/0618/2368/0740/files/6_b715a1aa-457b-426d-8098-b33dabdeeca7.webp?v=1779199012,4,"",,,,,,,,,,,,,,,,,,,,,,,,,,,,,,,,,,,,,,,,,,,,,g,,,,,,
copy-of-pink-bts-printed-loungewear,,,,,,,,,,,,,,,,,,,,,,,,,,,,,,,,https://cdn.shopify.com/s/files/1/0618/2368/0740/files/Screenshot_2026-02-03_155735_540x_360x_21b8bf9c-dbfd-4bda-8969-7692d42c40f1.webp?v=1779199012,5,"",,,,,,,,,,,,,,,,,,,,,,,,,,,,,,,,,,,,,,,,,,,,,,,,,,,
copy-of-pink-colored-butterfly-printed-loungewear,Women Premium 2 Piece Lounge Set | BTS - Pink & Grey,"<h4>Women Premium 2 Piece Lounge Set | BTS - Pink &amp; Grey</h4>
<p>Women Premium 2 Piece Lounge Set</p>
<p>Experience comfort without compromising on style with our Women Premium 2 Piece Lounge Set. Crafted from soft and breathable fabric, this set is designed to keep you feeling relaxed throughout the day and night.</p>
<p>The stylish printed top pairs perfectly with the comfortable elastic-waist trousers, creating a versatile outfit ideal for lounging at home, casual wear, travel, or bedtime. The lightweight fabric offers excellent comfort while maintaining a flattering and relaxed fit.</p>
<p>Features:<br>• Premium soft-touch fabric<br>• Stylish printed long-sleeve top<br>• Comfortable elastic waist trouser<br>• Relaxed and easy-to-wear fit<br>• Breathable and lightweight material<br>• Perfect for lounging, sleeping, and casual home wear<br>• Suitable for all seasons</p>
<p>Package Includes:<br>• 1 Printed Top<br>• 1 Matching Trouser</p>
<p>Care Instructions:<br>• Machine wash cold<br>• Do not bleach<br>• Tumble dry low<br>• Iron on low heat if required</p>
<p>Enjoy the perfect blend of comfort, quality, and everyday style with this premium lounge set.<br></p>",BBG FASHION,Apparel & Accessories > Clothing > Sleepwear & Loungewear,Loungewear,Loungewear,true,Size,medium,product.metafields.shopify.size,,,,,,,'10758921,500.0,shopify,99,deny,manual,1599.00,,true,false,,,,,'10758921,https://cdn.shopify.com/s/files/1/0618/2368/0740/files/b_10.webp?v=1781013439,1,"",false,,"Shop Women Premium 2 Piece Lounge Set featuring soft breathable fabric, stylish printed top, and comfortable trousers. Perfect for lounging, sleeping, and everyday comfort.",,,,,,,,,,,,,,,,,,,,,,,,,,,,,,,medium; large; xl; xxl,,,,,,,,,,,g,,,true,,,active
copy-of-pink-colored-butterfly-printed-loungewear,,,,,,,,,large,,,,,,,,'10758922,500.0,shopify,99,deny,manual,1599.00,,true,false,,,,,'10758922,https://cdn.shopify.com/s/files/1/0618/2368/0740/files/b_12.webp?v=1781013438,2,"",,,,,,,,,,,,,,,,,,,,,,,,,,,,,,,,,,,,,,,,,,,,,g,,,,,,
copy-of-pink-colored-butterfly-printed-loungewear,,,,,,,,,xl,,,,,,,,'10758923,500.0,shopify,99,deny,manual,1599.00,,true,false,,,,,'10758923,https://cdn.shopify.com/s/files/1/0618/2368/0740/files/b_14.webp?v=1781013438,3,"",,,,,,,,,,,,,,,,,,,,,,,,,,,,,,,,,,,,,,,,,,,,,g,,,,,,
copy-of-pink-colored-butterfly-printed-loungewear,,,,,,,,,xxl,,,,,,,,'10706746,500.0,shopify,99,deny,manual,1899.00,,true,false,,,,,'10706746,https://cdn.shopify.com/s/files/1/0618/2368/0740/files/Screenshot_2026-02-03_155735_540x_360x_59fe0bea-b554-45a6-939f-25b2b34a6525.webp?v=1781013438,4,"",,,,,,,,,,,,,,,,,,,,,,,,,,,,,,,,,,,,,,,,,,,,,g,,,,,,
copy-of-black-love-heart-printed-loungewear,Women Premium 2 Piece Lounge Set | Love Heart - Pink & Grey,"<h4>Women Premium 2 Piece Lounge Set | Love Heart - Pink &amp; Grey</h4>
<p class=""isSelectedEnd""><span>Add a touch of comfort and style to your everyday routine with our Love Heart Lounge Set. Featuring a soft white top with an elegant heart print and a soothing grey-blue trouser, this set is designed to keep you comfortable throughout the day and night.</span></p>
<p class=""isSelectedEnd""><span>Crafted from soft, breathable fabric, it offers a relaxed fit that feels gentle against the skin while allowing easy movement. Whether you're enjoying a quiet morning, working from home, relaxing with family, or getting ready for a peaceful night's sleep, this lounge set delivers the perfect balance of comfort and style.</span></p>
<p class=""isSelectedEnd""><span>Features:</span><br><span>• Premium soft-touch fabric</span><br><span>• Stylish Love Heart front print</span><br><span>• Full-sleeve round neck top</span><br><span>• Comfortable elastic waist trouser</span><br><span>• Relaxed fit for everyday wear</span><br><span>• Lightweight and breathable</span><br><span>• Ideal for lounging, sleeping, and casual home wear</span></p>
<p class=""isSelectedEnd""><span>Color:</span><br><span>Top: White</span><br><span>Trouser: Grey-Blue</span><br><span>Ribbon: White</span></p>
<p class=""isSelectedEnd""><span>Package Includes:</span><br><span>1 x Printed Top</span><br><span>1 x Matching Trouser</span></p>
<p><span>Experience everyday comfort with a lounge set you'll reach for again and again.</span></p>",BBG FASHION,Apparel & Accessories > Clothing > Sleepwear & Loungewear,Loungewear,Loungewear,true,Size,medium,product.metafields.shopify.size,,,,,,,'10758914,500.0,shopify,99,deny,manual,1599.00,,true,false,,,,,'10758914,https://cdn.shopify.com/s/files/1/0618/2368/0740/files/2e84fd79-77a1-4446-a6f7-39badb54d77f.webp?v=1781006333,1,"",false,,"Stay comfortable in our Women Premium 2 Piece Love Heart Lounge Set. Soft breathable fabric, stylish design, and relaxed fit perfect for lounging, sleeping, and everyday comfort.",,,,,,,,,,,,,'1,,,,,,,,,,,,,,,,,,medium; large; xl; xxl,,,,,,,,,,,g,,,true,,,active
copy-of-black-love-heart-printed-loungewear,,,,,,,,,large,,,,,,,,'10758915,500.0,shopify,99,deny,manual,1599.00,,true,false,,,,,'10758915,https://cdn.shopify.com/s/files/1/0618/2368/0740/files/5fd3fc2b-c55d-4ef4-8c23-3f4a7bf07884.webp?v=1781006333,2,"",,,,,,,,,,,,,,,,,,,,,,,,,,,,,,,,,,,,,,,,,,,,,g,,,,,,
copy-of-black-love-heart-printed-loungewear,,,,,,,,,xl,,,,,,,,'10758916,500.0,shopify,99,deny,manual,1599.00,,true,false,,,,,'10758916,https://cdn.shopify.com/s/files/1/0618/2368/0740/files/81fe6ae8-fb21-4f75-a7ca-9dc9c5b7c855.webp?v=1781006333,3,"",,,,,,,,,,,,,,,,,,,,,,,,,,,,,,,,,,,,,,,,,,,,,g,,,,,,
copy-of-black-love-heart-printed-loungewear,,,,,,,,,xxl,,,,,,,,'10757937,500.0,shopify,98,deny,manual,1899.00,,true,false,,,,,'10757937,https://cdn.shopify.com/s/files/1/0618/2368/0740/files/Screenshot_2026-02-03_155735_540x_360x_fb9cfe62-8b70-4b6c-a101-9a33d30e0341.webp?v=1781006333,4,"",,,,,,,,,,,,,,,,,,,,,,,,,,,,,,,,,,,,,,,,,,,,,g,,,,,,
copy-of-grey-love-heart-printed-loungewear,Black Love Heart Printed Loungewear,"<h4>Yellow Tree Heart Printed Loungewear</h4>
<ul class=""""></ul>
<ul class="""">
<li class="""">Night Suits for Women very attractive and trendy design</li>
<li class="""">Blended Cotton jersey stuff which will provide you most comfort zone at night</li>
<li class="""">washable Stuff but suitable for hand wash for long lasting of the night wear</li>
<li class="""">Not Suitable For Machine wash as this will reduce the durably of the night wear</li>
<li class="""">Export quality fabric use in the production of night suit</li>
<li class="""">Mostly suitable for wearing in summers</li>
<li class="""">premium and highly professional print work done on the night wear</li>
<li class="""">Round neck style night wear</li>
<li class="""">Long sleeves with round cuff</li>
<li class="""">Loose fitting trouser with extra stretchable material which will relax you more after wearing</li>
<li class="""">Trouser has no pockets</li>
<li class="""">Maximum durably of night wear is 7 months ( if you wash daily basis)</li>
<li class="""">Good Quality Elastic in trouser with maximum stretch</li>
<li class="""">Best Quality of stitching</li>
</ul>
<div></div>",BBG FASHION,Apparel & Accessories > Clothing > Sleepwear & Loungewear,Loungewear,"Loungewear, woo",false,Size,Free Size,,Material,Soft Jersey,,,,,'10706744,500.0,shopify,81,deny,manual,1599.00,,true,false,,,,,'10706744,https://cdn.shopify.com/s/files/1/0618/2368/0740/files/16_9e39f8c9-a1a4-41c1-8730-7fd3692ca180.png?v=1685008468,1,Copy Of Grey Love Heart Printed Loungewear - front view - unisex wear Pakistan,false,,Yellow Tree Heart Printed Loungewear Ladies Sleep Dress Night Wear With Shirt And Trouser for Women very attractive and trendy design Blended Cotton jersey stuff which will provide you most comfort zone at night. Washable Sleep wear Stuff for long lasting Night wear available at www.bbgfashion.pk,,,,,,,,,,,,,,,,,,,,,,,,,,,,,,,,,,,,,,,,,https://cdn.shopify.com/s/files/1/0618/2368/0740/files/16_9e39f8c9-a1a4-41c1-8730-7fd3692ca180.png?v=1685008468,g,,,true,,,draft
copy-of-grey-love-heart-printed-loungewear,,,,,,,,,,,,,,,,,,,,,,,,,,,,,,,,https://cdn.shopify.com/s/files/1/0618/2368/0740/files/19_000765d6-f8f3-4a01-9545-9219375d1ca5.png?v=1685008468,2,Copy Of Grey Love Heart Printed Loungewear - back view - unisex wear Pakistan,,,,,,,,,,,,,,,,,,,,,,,,,,,,,,,,,,,,,,,,,,,,,,,,,,,
copy-of-yellow-love-heart-printed-loungewear,Women Premium 2 Piece Lounge Set | Love Heart - White & Blue,"<h4>Women Premium 2 Piece Lounge Set | Love Heart - White &amp; Blue</h4>
<p class=""isSelectedEnd""><span>Add a touch of comfort and style to your everyday routine with our Love Heart Lounge Set. Featuring a soft white top with an elegant heart print and a soothing grey-blue trouser, this set is designed to keep you comfortable throughout the day and night.</span></p>
<p class=""isSelectedEnd""><span>Crafted from soft, breathable fabric, it offers a relaxed fit that feels gentle against the skin while allowing easy movement. Whether you're enjoying a quiet morning, working from home, relaxing with family, or getting ready for a peaceful night's sleep, this lounge set delivers the perfect balance of comfort and style.</span></p>
<p class=""isSelectedEnd""><span>Features:</span><br><span>• Premium soft-touch fabric</span><br><span>• Stylish Love Heart front print</span><br><span>• Full-sleeve round neck top</span><br><span>• Comfortable elastic waist trouser</span><br><span>• Relaxed fit for everyday wear</span><br><span>• Lightweight and breathable</span><br><span>• Ideal for lounging, sleeping, and casual home wear</span></p>
<p class=""isSelectedEnd""><span>Color:</span><br><span>Top: White</span><br><span>Trouser: Grey-Blue</span><br><span>Ribbon: White</span></p>
<p class=""isSelectedEnd""><span>Package Includes:</span><br><span>1 x Printed Top</span><br><span>1 x Matching Trouser</span></p>
<p><span>Experience everyday comfort with a lounge set you'll reach for again and again.</span></p>",BBG FASHION,Apparel & Accessories > Clothing > Sleepwear & Loungewear,Loungewear,Loungewear,true,Size,medium,product.metafields.shopify.size,,,,,,,'10758917,500.0,shopify,99,deny,manual,1599.00,,true,false,,,,,'10758917,https://cdn.shopify.com/s/files/1/0618/2368/0740/files/a_5.webp?v=1781006599,1,"",false,,"Stay comfortable in our Women Premium 2 Piece Love Heart Lounge Set. Soft breathable fabric, stylish design, and relaxed fit perfect for lounging, sleeping, and everyday comfort.",,,,,,,,,,,,,,,,,,,,,,,,,,,,,,,medium; large; xl; xxl,,,,,,,,,,,g,,,true,,,active
copy-of-yellow-love-heart-printed-loungewear,,,,,,,,,large,,,,,,,,'10758918,500.0,shopify,99,deny,manual,1599.00,,true,false,,,,,'10758918,https://cdn.shopify.com/s/files/1/0618/2368/0740/files/a_6.webp?v=1781006599,2,"",,,,,,,,,,,,,,,,,,,,,,,,,,,,,,,,,,,,,,,,,,,,,g,,,,,,
copy-of-yellow-love-heart-printed-loungewear,,,,,,,,,xl,,,,,,,,'10758919,500.0,shopify,99,deny,manual,1599.00,,true,false,,,,,'10758919,https://cdn.shopify.com/s/files/1/0618/2368/0740/files/a_4.webp?v=1781006599,3,"",,,,,,,,,,,,,,,,,,,,,,,,,,,,,,,,,,,,,,,,,,,,,g,,,,,,
copy-of-yellow-love-heart-printed-loungewear,,,,,,,,,xxl,,,,,,,,'10758920,500.0,shopify,99,deny,manual,1899.00,,true,false,,,,,'10758920,https://cdn.shopify.com/s/files/1/0618/2368/0740/files/Screenshot_2026-02-03_155735_540x_360x_fde9ba4b-c14d-456f-83c7-0f7e58ab05e9.webp?v=1781006599,4,"",,,,,,,,,,,,,,,,,,,,,,,,,,,,,,,,,,,,,,,,,,,,,g,,,,,,
copy-of-yellow-tree-heart-printed-loungewear,Women Premium 2 Piece Lounge Set | Love Heart - Yellow & Grey,"<h4>Women Premium 2 Piece Lounge Set | Love Heart - Yellow &amp; Grey</h4>
<p class=""isSelectedEnd""><span>Add a touch of comfort and style to your everyday routine with our Love Heart Lounge Set. Featuring a soft white top with an elegant heart print and a soothing grey-blue trouser, this set is designed to keep you comfortable throughout the day and night.</span></p>
<p class=""isSelectedEnd""><span>Crafted from soft, breathable fabric, it offers a relaxed fit that feels gentle against the skin while allowing easy movement. Whether you're enjoying a quiet morning, working from home, relaxing with family, or getting ready for a peaceful night's sleep, this lounge set delivers the perfect balance of comfort and style.</span></p>
<p class=""isSelectedEnd""><span>Features:</span><br><span>• Premium soft-touch fabric</span><br><span>• Stylish Love Heart front print</span><br><span>• Full-sleeve round neck top</span><br><span>• Comfortable elastic waist trouser</span><br><span>• Relaxed fit for everyday wear</span><br><span>• Lightweight and breathable</span><br><span>• Ideal for lounging, sleeping, and casual home wear</span></p>
<p class=""isSelectedEnd""><span>Color:</span><br><span>Top: White</span><br><span>Trouser: Grey-Blue</span><br><span>Ribbon: White</span></p>
<p class=""isSelectedEnd""><span>Package Includes:</span><br><span>1 x Printed Top</span><br><span>1 x Matching Trouser</span></p>
<p><span>Experience everyday comfort with a lounge set you'll reach for again and again.</span></p>",BBG FASHION,Apparel & Accessories > Clothing > Sleepwear & Loungewear,Loungewear,Loungewear,true,Size,medium,product.metafields.shopify.size,,,,,,,'10758911,500.0,shopify,99,deny,manual,1599.00,,true,false,,,,,'10758911,https://cdn.shopify.com/s/files/1/0618/2368/0740/files/a_3_50d6d070-2c57-4c8d-a8e0-958b00ce5377.webp?v=1781005959,1,"",false,,"Stay comfortable in our Women Premium 2 Piece Love Heart Lounge Set. Soft breathable fabric, stylish design, and relaxed fit perfect for lounging, sleeping, and everyday comfort.",,,,,,,,,,,,,,,,,,,,,,,,,,,,,,,medium; large; xl; xxl,,,,,,,,,,,g,,,true,,,active
copy-of-yellow-tree-heart-printed-loungewear,,,,,,,,,large,,,,,,,,'10758912,500.0,shopify,99,deny,manual,1599.00,,true,false,,,,,'10758912,https://cdn.shopify.com/s/files/1/0618/2368/0740/files/a_1_9749da51-8ea1-413b-81c5-46fd1d76e488.webp?v=1781005959,2,"",,,,,,,,,,,,,,,,,,,,,,,,,,,,,,,,,,,,,,,,,,,,,g,,,,,,
copy-of-yellow-tree-heart-printed-loungewear,,,,,,,,,xl,,,,,,,,'10758913,500.0,shopify,99,deny,manual,1599.00,,true,false,,,,,'10758913,https://cdn.shopify.com/s/files/1/0618/2368/0740/files/a_2_88958afc-5455-42c3-9889-baaabbfec691.webp?v=1781005959,3,"",,,,,,,,,,,,,,,,,,,,,,,,,,,,,,,,,,,,,,,,,,,,,g,,,,,,
copy-of-yellow-tree-heart-printed-loungewear,,,,,,,,,xxl,,,,,,,,'10706742,500.0,shopify,100,deny,manual,1899.00,,true,false,,,,,'10706742,https://cdn.shopify.com/s/files/1/0618/2368/0740/files/Screenshot_2026-02-03_155735_540x_360x_b69052c5-69e9-4f75-89df-088c802ac5f7.webp?v=1781005959,4,"",,,,,,,,,,,,,,,,,,,,,,,,,,,,,,,,,,,,,,,,,,,,,g,,,,,,
copy-of-grey-panel-t-shirt-shorts-set,Blue & Grey Sando Set,"<h4 data-section-id=""1h4ers2"" data-start=""263"" data-end=""286"">Blue &amp; Grey Sando Set</h4>
<p data-start=""288"" data-end=""562"">Keep your little one cool, comfy, and stylish with the <strong data-start=""343"" data-end=""368"">Blue &amp; Grey Sando Set</strong> — a modern summer outfit designed for active kids. Featuring a sleeveless blue sando paired with soft grey shorts, this co-ord set delivers a clean, trendy look perfect for everyday adventures.</p>
<p data-start=""564"" data-end=""740"">Made from lightweight and breathable fabric, it keeps kids feeling fresh and comfortable throughout the day — whether they’re playing indoors, heading out, or relaxing at home.</p>
<h3 data-section-id=""q4c1cr"" data-start=""742"" data-end=""755"">Features:</h3>
<ul data-start=""756"" data-end=""1016"">
<li data-section-id=""1xzd5y7"" data-start=""756"" data-end=""784"">Soft &amp; breathable fabric</li>
<li data-section-id=""c79p7q"" data-start=""785"" data-end=""820"">Lightweight and summer-friendly</li>
<li data-section-id=""8mn4j0"" data-start=""821"" data-end=""860"">Comfortable sleeveless sando design</li>
<li data-section-id=""1i0692k"" data-start=""861"" data-end=""901"">Stretchable waistband for better fit</li>
<li data-section-id=""1nor1tu"" data-start=""902"" data-end=""937"">Smooth and gentle on kids’ skin</li>
<li data-section-id=""4atqbj"" data-start=""938"" data-end=""976"">Perfect for casual wear &amp; playtime</li>
<li data-section-id=""5sefew"" data-start=""977"" data-end=""1016"">Easy wash and durable for daily use</li>
</ul>
<h3 data-section-id=""6h5g3v"" data-start=""1018"" data-end=""1034"">Fabric Feel:</h3>
<p data-start=""1035"" data-end=""1082"">Soft, airy, and designed for all-day comfort ☀️</p>
<h3 data-section-id=""1dpy815"" data-start=""1084"" data-end=""1105"">Package Includes:</h3>
<ul data-start=""1106"" data-end=""1149"">
<li data-section-id=""7ll2bv"" data-start=""1106"" data-end=""1128"">1 Sleeveless Sando</li>
<li data-section-id=""1qudr08"" data-start=""1129"" data-end=""1149"">1 Matching Short</li>
</ul>
<p data-start=""1151"" data-end=""1240"" data-is-last-node="""" data-is-only-node="""">A simple yet stylish everyday outfit for boys who love comfort with a cool summer look 💙</p>",BBG FASHION,Apparel & Accessories > Clothing > Baby & Toddler Clothing,Kids Half Sleeves Twinset,Kids Sando Set,false,Size,2-6-months,product.metafields.shopify.size,,,,,,,'10708938,500.0,shopify,55,deny,manual,899.00,0.00,true,false,,,,,'10708938,https://cdn.shopify.com/s/files/1/0618/2368/0740/files/ChatGPTImageMay13_2026_07_33_29PM.webp?v=1778686024,1,"",false,,"Shop the Blue & Grey Sando Set for boys. Soft breathable fabric, lightweight comfort, sleeveless summer style, and perfect everyday wear for active kids.",,,,,,,,,,,,,'10,,,,,,,,,,,,,,,,,,2-6-months; 6-12; 13-14-months; 2-3-years; 3-4-years; 4-5-years; 5-6-years-1,,,,,,,,,,,kg,,,true,,,draft
copy-of-grey-panel-t-shirt-shorts-set,,,,,,,,,6-12,,,,,,,,'10708939,500.0,shopify,81,deny,manual,899.00,0.00,true,false,,,,,'10708939,https://cdn.shopify.com/s/files/1/0618/2368/0740/files/ChatGPTImageMay13_2026_07_33_30PM.webp?v=1778686024,2,"",,,,,,,,,,,,,,,,,,,,,,,,,,,,,,,,,,,,,,,,,,,,,kg,,,,,,
copy-of-grey-panel-t-shirt-shorts-set,,,,,,,,,13-14-months,,,,,,,,'10708940,500.0,shopify,79,deny,manual,899.00,0.00,true,false,,,,,'10708940,https://cdn.shopify.com/s/files/1/0618/2368/0740/files/ChatGPTImageMay13_2026_07_33_32PM.webp?v=1778686024,3,"",,,,,,,,,,,,,,,,,,,,,,,,,,,,,,,,,,,,,,,,,,,,,kg,,,,,,
copy-of-grey-panel-t-shirt-shorts-set,,,,,,,,,2-3-years,,,,,,,,'10708941,500.0,shopify,75,deny,manual,899.00,0.00,true,false,,,,,'10708941,https://cdn.shopify.com/s/files/1/0618/2368/0740/files/imgi_45_ChatGPT_Image_Mar_2_2026_08_02_23_PM_1080x_75a41967-cb95-4926-a7b5-f32bfe9c8a74.webp?v=1778686024,4,"",,,,,,,,,,,,,,,,,,,,,,,,,,,,,,,,,,,,,,,,,,,,,kg,,,,,,
copy-of-grey-panel-t-shirt-shorts-set,,,,,,,,,3-4-years,,,,,,,,'10708942,500.0,shopify,37,deny,manual,899.00,0.00,true,false,,,,,'10708942,,,,,,,,,,,,,,,,,,,,,,,,,,,,,,,,,,,,,,,,,,,,,,,,kg,,,,,,
copy-of-grey-panel-t-shirt-shorts-set,,,,,,,,,4-5-years,,,,,,,,'10708943,500.0,shopify,173,deny,manual,899.00,0.00,true,false,,,,,'10708943,,,,,,,,,,,,,,,,,,,,,,,,,,,,,,,,,,,,,,,,,,,,,,,,kg,,,,,,
copy-of-grey-panel-t-shirt-shorts-set,,,,,,,,,5-6-years-1,,,,,,,,'10706741,500.0,shopify,88,deny,manual,899.00,0.00,true,false,,,,,'10706741,,,,,,,,,,,,,,,,,,,,,,,,,,,,,,,,,,,,,,,,,,,,,,,,kg,,,,,,
camel-panel-t-shirt-shorts-set,Brown Panel T-shirt Shorts Set,"<p>This Brown Panel T-shirt and Shorts Set is perfect for any wardrobe. It is made from high-quality fabric that is both lightweight and durable for maximum comfort. The vivid brown panel details add a bold touch to the modern design. With long, loose shorts and a round-neck t-shirt, it provides fuss-free style and comfort.</p>
<p><strong data-mce-fragment=""1"">Fabric &amp; Printing</strong><br data-mce-fragment=""1""></p>
<ul data-mce-fragment=""1"">
<li data-mce-fragment=""1""><span data-mce-fragment=""1"">Soft, High-Quality Jersey Fabric</span></li>
<li data-mce-fragment=""1""><span data-mce-fragment=""1"">Multi-Color Fabric: Yellow, Heather Grey &amp; White</span></li>
<li data-mce-fragment=""1""><span data-mce-fragment=""1"">Panel Work</span></li>
<li data-mce-fragment=""1""><span data-mce-fragment=""1"">Comfort stretch shorts</span></li>
</ul>
<p data-mce-fragment=""1""> <strong data-mce-fragment=""1"">Material &amp; Care</strong></p>
<ul data-mce-fragment=""1"">
<li data-mce-fragment=""1""><span data-mce-fragment=""1"">Machine wash at 30°C.</span></li>
<li data-mce-fragment=""1""><span data-mce-fragment=""1"">Do not bleach</span></li>
<li data-mce-fragment=""1""><span data-mce-fragment=""1"">Iron at max 110°C.</span></li>
<li data-mce-fragment=""1""><span data-mce-fragment=""1"">Do not dry clean</span></li>
</ul>",BBG FASHION,Apparel & Accessories > Clothing > Baby & Toddler Clothing,Kids Half Sleeves Twinset,"k, kids half sleeves, NEW ARRIVAL",false,Size,2 - 6 Months,,,,,,,,'10708932,500.0,shopify,96,deny,manual,747.00,1199.00,true,false,,,,,'10708932,https://cdn.shopify.com/s/files/1/0618/2368/0740/files/5_d242eb7b-ff3a-4a1b-b3d5-064048cbecd5.png?v=1685435970,1,Camel Panel T Shirt Shorts Set - front view - unisex wear Pakistan,false,,Kidswear pair of Shirt & Trouser. Fabric: is Soft and High-Quality Jersey with Full Sleeve T-Shirt with Round Neck and Contrast Trouser Printed Cartoon Childrens Clothing comfortable to wear and Easy Wash. Available Kids collection wear size 1 - 10 Years with fresh fashions and Funny designs at www.bbgfashion.pk,,,,,,,,,,,,,,,,,,,,,,,,,,,,,,,,,,,,,,,,,https://cdn.shopify.com/s/files/1/0618/2368/0740/files/5_d242eb7b-ff3a-4a1b-b3d5-064048cbecd5.png?v=1685435970,kg,,,true,,,draft
camel-panel-t-shirt-shorts-set,,,,,,,,,6- 12 Months,,,,,,,,'10708933,500.0,shopify,93,deny,manual,747.00,1199.00,true,false,,,,,'10708933,https://cdn.shopify.com/s/files/1/0618/2368/0740/files/SizeChart_e34539f8-9f5c-4266-b172-15a18faa1451.jpg?v=1685435970,2,Camel Panel T Shirt Shorts Set size chart - measurements guide,,,,,,,,,,,,,,,,,,,,,,,,,,,,,,,,,,,,,,,,,,,,https://cdn.shopify.com/s/files/1/0618/2368/0740/files/5_d242eb7b-ff3a-4a1b-b3d5-064048cbecd5.png?v=1685435970,kg,,,,,,
camel-panel-t-shirt-shorts-set,,,,,,,,,13 - 24 Months,,,,,,,,'10708934,500.0,shopify,80,deny,manual,747.00,1199.00,true,false,,,,,'10708934,,,,,,,,,,,,,,,,,,,,,,,,,,,,,,,,,,,,,,,,,,,,,,,https://cdn.shopify.com/s/files/1/0618/2368/0740/files/5_d242eb7b-ff3a-4a1b-b3d5-064048cbecd5.png?v=1685435970,kg,,,,,,
camel-panel-t-shirt-shorts-set,,,,,,,,,2 - 3 Years,,,,,,,,'10708935,500.0,shopify,83,deny,manual,747.00,1199.00,true,false,,,,,'10708935,,,,,,,,,,,,,,,,,,,,,,,,,,,,,,,,,,,,,,,,,,,,,,,https://cdn.shopify.com/s/files/1/0618/2368/0740/files/5_d242eb7b-ff3a-4a1b-b3d5-064048cbecd5.png?v=1685435970,kg,,,,,,
camel-panel-t-shirt-shorts-set,,,,,,,,,3 - 4 Years,,,,,,,,'10708936,500.0,shopify,78,deny,manual,747.00,1199.00,true,false,,,,,'10708936,,,,,,,,,,,,,,,,,,,,,,,,,,,,,,,,,,,,,,,,,,,,,,,https://cdn.shopify.com/s/files/1/0618/2368/0740/files/5_d242eb7b-ff3a-4a1b-b3d5-064048cbecd5.png?v=1685435970,kg,,,,,,
camel-panel-t-shirt-shorts-set,,,,,,,,,4 - 5 Years,,,,,,,,'10708937,500.0,shopify,86,deny,manual,747.00,1199.00,true,false,,,,,'10708937,,,,,,,,,,,,,,,,,,,,,,,,,,,,,,,,,,,,,,,,,,,,,,,https://cdn.shopify.com/s/files/1/0618/2368/0740/files/5_d242eb7b-ff3a-4a1b-b3d5-064048cbecd5.png?v=1685435970,kg,,,,,,
camel-panel-t-shirt-shorts-set,,,,,,,,,6 Years,,,,,,,,'10706740,500.0,shopify,89,deny,manual,747.00,1199.00,true,false,,,,,'10706740,,,,,,,,,,,,,,,,,,,,,,,,,,,,,,,,,,,,,,,,,,,,,,,https://cdn.shopify.com/s/files/1/0618/2368/0740/files/5_d242eb7b-ff3a-4a1b-b3d5-064048cbecd5.png?v=1685435970,kg,,,,,,
maroon-panel-t-shirt-shorts-set,Maroon Panel T-shirt Shorts Set,"<p>This Maroon Panel T-shirt Shorts Set is perfect for any wardrobe. It is made from high-quality fabric that is both lightweight and durable for maximum comfort. The vivid Maroon panel details adds a bold touch to the modern design. With long, loose shorts and a round neck t-shirt, it provides fuss-free style and comfort.</p>
<p><strong data-mce-fragment=""1"">Fabric &amp; Printing</strong><br data-mce-fragment=""1""></p>
<ul data-mce-fragment=""1"">
<li data-mce-fragment=""1""><span data-mce-fragment=""1"">Soft High Quality Jersey Fabric</span></li>
<li data-mce-fragment=""1""><span data-mce-fragment=""1"" mce-data-marked=""1"">Multi Color Fabric Yellow, Heather Grey &amp; White</span></li>
<li data-mce-fragment=""1""><span data-mce-fragment=""1"" mce-data-marked=""1"">Panel Work</span></li>
<li data-mce-fragment=""1""><span data-mce-fragment=""1"" mce-data-marked=""1"">Comfort stretch shorts</span></li>
</ul>
<p data-mce-fragment=""1""> <strong data-mce-fragment=""1"">Material &amp; Care</strong></p>
<ul data-mce-fragment=""1"">
<li data-mce-fragment=""1""><span data-mce-fragment=""1"">Machine wash at 30 C</span></li>
<li data-mce-fragment=""1""><span data-mce-fragment=""1"">Do not bleach</span></li>
<li data-mce-fragment=""1""><span data-mce-fragment=""1"">Iron at max 110 C</span></li>
<li data-mce-fragment=""1""><span data-mce-fragment=""1"">Do not dry clean</span></li>
</ul>",BBG FASHION,Apparel & Accessories > Clothing > Baby & Toddler Clothing,Kids Half Sleeves Twinset,"k, kids half sleeves, NEW ARRIVAL",false,Size,2 - 6 Months,,,,,,,,'10708926,500.0,shopify,93,deny,manual,747.00,1199.00,true,false,,,,,'10708926,https://cdn.shopify.com/s/files/1/0618/2368/0740/files/6_19d59255-2884-4369-bcf9-8916df65f809.png?v=1685436014,1,Maroon Panel T Shirt Shorts Set - front view - unisex wear Pakistan,false,,Kidswear pair of Shirt & Trouser. Fabric: is Soft and High-Quality Jersey with Full Sleeve T-Shirt with Round Neck and Contrast Trouser Printed Cartoon Childrens Clothing comfortable to wear and Easy Wash. Available Kids collection wear size 1 - 10 Years with fresh fashions and Funny designs at www.bbgfashion.pk,,,,,,,,,,,,,'1,,,,,,,,,,,,,,,,,,,,,,,,,,,,https://cdn.shopify.com/s/files/1/0618/2368/0740/files/6_19d59255-2884-4369-bcf9-8916df65f809.png?v=1685436014,kg,,,true,,,draft
maroon-panel-t-shirt-shorts-set,,,,,,,,,6- 12 Months,,,,,,,,'10708927,500.0,shopify,90,deny,manual,747.00,1199.00,true,false,,,,,'10708927,https://cdn.shopify.com/s/files/1/0618/2368/0740/files/SizeChart_66b3fc2f-5039-4dae-948c-5ce022743a71.jpg?v=1685436014,2,Maroon Panel T Shirt Shorts Set size chart - measurements guide,,,,,,,,,,,,,,,,,,,,,,,,,,,,,,,,,,,,,,,,,,,,https://cdn.shopify.com/s/files/1/0618/2368/0740/files/6_19d59255-2884-4369-bcf9-8916df65f809.png?v=1685436014,kg,,,,,,
maroon-panel-t-shirt-shorts-set,,,,,,,,,13 - 24 Months,,,,,,,,'10708928,500.0,shopify,66,deny,manual,747.00,1199.00,true,false,,,,,'10708928,,,,,,,,,,,,,,,,,,,,,,,,,,,,,,,,,,,,,,,,,,,,,,,https://cdn.shopify.com/s/files/1/0618/2368/0740/files/6_19d59255-2884-4369-bcf9-8916df65f809.png?v=1685436014,kg,,,,,,
maroon-panel-t-shirt-shorts-set,,,,,,,,,2 - 3 Years,,,,,,,,'10708929,500.0,shopify,81,deny,manual,747.00,1199.00,true,false,,,,,'10708929,,,,,,,,,,,,,,,,,,,,,,,,,,,,,,,,,,,,,,,,,,,,,,,https://cdn.shopify.com/s/files/1/0618/2368/0740/files/6_19d59255-2884-4369-bcf9-8916df65f809.png?v=1685436014,kg,,,,,,
maroon-panel-t-shirt-shorts-set,,,,,,,,,3 - 4 Years,,,,,,,,'10708930,500.0,shopify,67,deny,manual,747.00,1199.00,true,false,,,,,'10708930,,,,,,,,,,,,,,,,,,,,,,,,,,,,,,,,,,,,,,,,,,,,,,,https://cdn.shopify.com/s/files/1/0618/2368/0740/files/6_19d59255-2884-4369-bcf9-8916df65f809.png?v=1685436014,kg,,,,,,
maroon-panel-t-shirt-shorts-set,,,,,,,,,4 - 5 Years,,,,,,,,'10708931,500.0,shopify,84,deny,manual,747.00,1199.00,true,false,,,,,'10708931,,,,,,,,,,,,,,,,,,,,,,,,,,,,,,,,,,,,,,,,,,,,,,,https://cdn.shopify.com/s/files/1/0618/2368/0740/files/6_19d59255-2884-4369-bcf9-8916df65f809.png?v=1685436014,kg,,,,,,
maroon-panel-t-shirt-shorts-set,,,,,,,,,6 Years,,,,,,,,'10706739,500.0,shopify,82,deny,manual,747.00,1199.00,true,false,,,,,'10706739,,,,,,,,,,,,,,,,,,,,,,,,,,,,,,,,,,,,,,,,,,,,,,,https://cdn.shopify.com/s/files/1/0618/2368/0740/files/6_19d59255-2884-4369-bcf9-8916df65f809.png?v=1685436014,kg,,,,,,
green-black-panel-t-shirt-shorts-set,Black Light Green and White Panel T-shirt Shorts Set,"<p>This Black, Light Green and white Panel T-shirt Shorts Set is perfect for any wardrobe. It is made from high-quality fabric that is both lightweight and durable for maximum comfort. The vivid Light Green panel details adds a bold touch to the modern design. With long, loose shorts and a round neck t-shirt, it provides fuss-free style and comfort.</p>
<p><strong data-mce-fragment=""1"">Fabric &amp; Printing</strong><br data-mce-fragment=""1""></p>
<ul data-mce-fragment=""1"">
<li data-mce-fragment=""1""><span data-mce-fragment=""1"">Soft High Quality Jersey Fabric</span></li>
<li data-mce-fragment=""1""><span data-mce-fragment=""1"" mce-data-marked=""1"">Multi Color Fabric Yellow, Heather Grey &amp; White</span></li>
<li data-mce-fragment=""1""><span data-mce-fragment=""1"" mce-data-marked=""1"">Panel Work</span></li>
<li data-mce-fragment=""1""><span data-mce-fragment=""1"" mce-data-marked=""1"">Comfort stretch shorts</span></li>
</ul>
<p data-mce-fragment=""1""> <strong data-mce-fragment=""1"">Material &amp; Care</strong></p>
<ul data-mce-fragment=""1"">
<li data-mce-fragment=""1""><span data-mce-fragment=""1"">Machine wash at 30 C</span></li>
<li data-mce-fragment=""1""><span data-mce-fragment=""1"">Do not bleach</span></li>
<li data-mce-fragment=""1""><span data-mce-fragment=""1"">Iron at max 110 C</span></li>
<li data-mce-fragment=""1""><span data-mce-fragment=""1"">Do not dry clean</span></li>
</ul>",BBG FASHION,Apparel & Accessories > Clothing > Baby & Toddler Clothing,Kids Half Sleeves Twinset,"k, kids half sleeves, NEW ARRIVAL",false,Size,2 - 6 Months,,,,,,,,'10708920,500.0,shopify,97,deny,manual,899.00,0.00,true,false,,,,,'10708920,https://cdn.shopify.com/s/files/1/0618/2368/0740/files/3_7cc77e9d-4dfa-40af-bb24-e4b28aed3a75.png?v=1684835585,1,Green Black Panel T Shirt Shorts Set - front view - unisex wear Pakistan,false,,Kidswear pair of Shirt & Trouser. Fabric: is Soft and High-Quality Jersey with Full Sleeve T-Shirt with Round Neck and Contrast Trouser Printed Cartoon Childrens Clothing comfortable to wear and Easy Wash. Available Kids collection wear size 1 - 10 Years with fresh fashions and Funny designs at www.bbgfashion.pk,,,,,,,,,,,,,'1,,,,,,,,,,,,,,,,,,,,,,,,,,,,https://cdn.shopify.com/s/files/1/0618/2368/0740/files/3_7cc77e9d-4dfa-40af-bb24-e4b28aed3a75.png?v=1684835585,kg,,,true,,,draft
green-black-panel-t-shirt-shorts-set,,,,,,,,,6- 12 Months,,,,,,,,'10708921,500.0,shopify,92,deny,manual,899.00,0.00,true,false,,,,,'10708921,https://cdn.shopify.com/s/files/1/0618/2368/0740/files/4_660ed262-a57b-4d8d-a790-4e249e8cd6a0.png?v=1684835588,2,Green Black Panel T Shirt Shorts Set - back view - unisex wear Pakistan,,,,,,,,,,,,,,,,,,,,,,,,,,,,,,,,,,,,,,,,,,,,https://cdn.shopify.com/s/files/1/0618/2368/0740/files/3_7cc77e9d-4dfa-40af-bb24-e4b28aed3a75.png?v=1684835585,kg,,,,,,
green-black-panel-t-shirt-shorts-set,,,,,,,,,13 - 24 Months,,,,,,,,'10708922,500.0,shopify,92,deny,manual,899.00,0.00,true,false,,,,,'10708922,https://cdn.shopify.com/s/files/1/0618/2368/0740/files/2_fa0c8320-b0ca-4263-942a-ffc82e3c4c98.png?v=1684835588,3,Green Black Panel T Shirt Shorts Set - side view - unisex wear Pakistan,,,,,,,,,,,,,,,,,,,,,,,,,,,,,,,,,,,,,,,,,,,,https://cdn.shopify.com/s/files/1/0618/2368/0740/files/3_7cc77e9d-4dfa-40af-bb24-e4b28aed3a75.png?v=1684835585,kg,,,,,,
green-black-panel-t-shirt-shorts-set,,,,,,,,,2 - 3 Years,,,,,,,,'10708923,500.0,shopify,92,deny,manual,899.00,0.00,true,false,,,,,'10708923,https://cdn.shopify.com/s/files/1/0618/2368/0740/files/SizeChart_d75f13c0-8a22-44c5-ab1e-b2c8f081a322.jpg?v=1684835588,4,Green Black Panel T Shirt Shorts Set size chart - measurements guide,,,,,,,,,,,,,,,,,,,,,,,,,,,,,,,,,,,,,,,,,,,,https://cdn.shopify.com/s/files/1/0618/2368/0740/files/3_7cc77e9d-4dfa-40af-bb24-e4b28aed3a75.png?v=1684835585,kg,,,,,,
green-black-panel-t-shirt-shorts-set,,,,,,,,,3 - 4 Years,,,,,,,,'10708924,500.0,shopify,93,deny,manual,899.00,0.00,true,false,,,,,'10708924,,,,,,,,,,,,,,,,,,,,,,,,,,,,,,,,,,,,,,,,,,,,,,,https://cdn.shopify.com/s/files/1/0618/2368/0740/files/3_7cc77e9d-4dfa-40af-bb24-e4b28aed3a75.png?v=1684835585,kg,,,,,,
green-black-panel-t-shirt-shorts-set,,,,,,,,,4 - 5 Years,,,,,,,,'10708925,500.0,shopify,93,deny,manual,899.00,0.00,true,false,,,,,'10708925,,,,,,,,,,,,,,,,,,,,,,,,,,,,,,,,,,,,,,,,,,,,,,,https://cdn.shopify.com/s/files/1/0618/2368/0740/files/3_7cc77e9d-4dfa-40af-bb24-e4b28aed3a75.png?v=1684835585,kg,,,,,,
green-black-panel-t-shirt-shorts-set,,,,,,,,,6 Years,,,,,,,,'10706738,500.0,shopify,92,deny,manual,899.00,0.00,true,false,,,,,'10706738,,,,,,,,,,,,,,,,,,,,,,,,,,,,,,,,,,,,,,,,,,,,,,,https://cdn.shopify.com/s/files/1/0618/2368/0740/files/3_7cc77e9d-4dfa-40af-bb24-e4b28aed3a75.png?v=1684835585,kg,,,,,,
grey-panel-t-shirt-shorts-set,Grey Panel T-shirt Shorts Set,"<p>This Grey Panel T-shirt Shorts Set is perfect for any wardrobe. It is made from high-quality fabric that is both lightweight and durable for maximum comfort. The vivid Grey panel details adds a bold touch to the modern design. With long, loose shorts and a round neck t-shirt, it provides fuss-free style and comfort.</p>
<p><strong data-mce-fragment=""1"">Fabric &amp; Printing</strong><br data-mce-fragment=""1""></p>
<ul data-mce-fragment=""1"">
<li data-mce-fragment=""1""><span data-mce-fragment=""1"">Soft High Quality Jersey Fabric</span></li>
<li data-mce-fragment=""1""><span data-mce-fragment=""1"" mce-data-marked=""1"">Multi Color Fabric Yellow, Heather Grey &amp; White</span></li>
<li data-mce-fragment=""1""><span data-mce-fragment=""1"" mce-data-marked=""1"">Panel Work</span></li>
<li data-mce-fragment=""1""><span data-mce-fragment=""1"" mce-data-marked=""1"">Comfort stretch shorts</span></li>
</ul>
<p data-mce-fragment=""1""> <strong data-mce-fragment=""1"">Material &amp; Care</strong></p>
<ul data-mce-fragment=""1"">
<li data-mce-fragment=""1""><span data-mce-fragment=""1"">Machine wash at 30 C</span></li>
<li data-mce-fragment=""1""><span data-mce-fragment=""1"">Do not bleach</span></li>
<li data-mce-fragment=""1""><span data-mce-fragment=""1"">Iron at max 110 C</span></li>
<li data-mce-fragment=""1""><span data-mce-fragment=""1"">Do not dry clean</span></li>
</ul>",BBG FASHION,Apparel & Accessories > Clothing > Baby & Toddler Clothing,Kids Half Sleeves Twinset,"k, kids half sleeves, NEW ARRIVAL",false,Size,2 - 6 Months,,,,,,,,'10708914,500.0,shopify,87,deny,manual,899.00,0.00,true,false,,,,,'10708914,https://cdn.shopify.com/s/files/1/0618/2368/0740/files/11_18e99ed9-ecb5-4611-ae0f-d3da54c7f8d5.png?v=1685436059,1,Grey Panel T Shirt Shorts Set - front view - unisex wear Pakistan,false,,Kidswear pair of Shirt & Trouser. Fabric: is Soft and High-Quality Jersey with Full Sleeve T-Shirt with Round Neck and Contrast Trouser Printed Cartoon Childrens Clothing comfortable to wear and Easy Wash. Available Kids collection wear size 1 - 10 Years with fresh fashions and Funny designs at www.bbgfashion.pk,,,,,,,,,,,,,'2,,,,,,,,,,,,,,,,,,,,,,,,,,,,https://cdn.shopify.com/s/files/1/0618/2368/0740/files/11_18e99ed9-ecb5-4611-ae0f-d3da54c7f8d5.png?v=1685436059,kg,,,true,,,draft
grey-panel-t-shirt-shorts-set,,,,,,,,,6- 12 Months,,,,,,,,'10708915,500.0,shopify,73,deny,manual,899.00,0.00,true,false,,,,,'10708915,https://cdn.shopify.com/s/files/1/0618/2368/0740/files/SizeChart_9a5645e6-b6af-43b3-b23b-7809418360d3.jpg?v=1685436059,2,Grey Panel T Shirt Shorts Set size chart - measurements guide,,,,,,,,,,,,,,,,,,,,,,,,,,,,,,,,,,,,,,,,,,,,https://cdn.shopify.com/s/files/1/0618/2368/0740/files/11_18e99ed9-ecb5-4611-ae0f-d3da54c7f8d5.png?v=1685436059,kg,,,,,,
grey-panel-t-shirt-shorts-set,,,,,,,,,13 - 24 Months,,,,,,,,'10708916,500.0,shopify,73,deny,manual,899.00,0.00,true,false,,,,,'10708916,,,,,,,,,,,,,,,,,,,,,,,,,,,,,,,,,,,,,,,,,,,,,,,https://cdn.shopify.com/s/files/1/0618/2368/0740/files/11_18e99ed9-ecb5-4611-ae0f-d3da54c7f8d5.png?v=1685436059,kg,,,,,,
grey-panel-t-shirt-shorts-set,,,,,,,,,2 - 3 Years,,,,,,,,'10708917,500.0,shopify,76,deny,manual,899.00,0.00,true,false,,,,,'10708917,,,,,,,,,,,,,,,,,,,,,,,,,,,,,,,,,,,,,,,,,,,,,,,https://cdn.shopify.com/s/files/1/0618/2368/0740/files/11_18e99ed9-ecb5-4611-ae0f-d3da54c7f8d5.png?v=1685436059,kg,,,,,,
grey-panel-t-shirt-shorts-set,,,,,,,,,3 - 4 Years,,,,,,,,'10708918,500.0,shopify,62,deny,manual,899.00,0.00,true,false,,,,,'10708918,,,,,,,,,,,,,,,,,,,,,,,,,,,,,,,,,,,,,,,,,,,,,,,https://cdn.shopify.com/s/files/1/0618/2368/0740/files/11_18e99ed9-ecb5-4611-ae0f-d3da54c7f8d5.png?v=1685436059,kg,,,,,,
grey-panel-t-shirt-shorts-set,,,,,,,,,4 - 5 Years,,,,,,,,'10708919,500.0,shopify,73,deny,manual,899.00,0.00,true,false,,,,,'10708919,,,,,,,,,,,,,,,,,,,,,,,,,,,,,,,,,,,,,,,,,,,,,,,https://cdn.shopify.com/s/files/1/0618/2368/0740/files/11_18e99ed9-ecb5-4611-ae0f-d3da54c7f8d5.png?v=1685436059,kg,,,,,,
grey-panel-t-shirt-shorts-set,,,,,,,,,6 Years,,,,,,,,'10706737,500.0,shopify,75,deny,manual,899.00,0.00,true,false,,,,,'10706737,,,,,,,,,,,,,,,,,,,,,,,,,,,,,,,,,,,,,,,,,,,,,,,https://cdn.shopify.com/s/files/1/0618/2368/0740/files/11_18e99ed9-ecb5-4611-ae0f-d3da54c7f8d5.png?v=1685436059,kg,,,,,,
black-panel-t-shirt-shorts-set,Black Panel T-shirt Shorts Set,"<p>This Black Panel T-shirt Shorts Set is perfect for any wardrobe. It is made from high-quality fabric that is both lightweight and durable for maximum comfort. The vivid Black panel details adds a bold touch to the modern design. With long, loose shorts and a round neck t-shirt, it provides fuss-free style and comfort.</p>
<p><strong data-mce-fragment=""1"">Fabric &amp; Printing</strong><br data-mce-fragment=""1""></p>
<ul data-mce-fragment=""1"">
<li data-mce-fragment=""1""><span data-mce-fragment=""1"">Soft High Quality Jersey Fabric</span></li>
<li data-mce-fragment=""1""><span data-mce-fragment=""1"" mce-data-marked=""1"">Multi Color Fabric Yellow, Heather Grey &amp; White</span></li>
<li data-mce-fragment=""1""><span data-mce-fragment=""1"" mce-data-marked=""1"">Panel Work</span></li>
<li data-mce-fragment=""1""><span data-mce-fragment=""1"" mce-data-marked=""1"">Comfort stretch shorts</span></li>
</ul>
<p data-mce-fragment=""1""> <strong data-mce-fragment=""1"">Material &amp; Care</strong></p>
<ul data-mce-fragment=""1"">
<li data-mce-fragment=""1""><span data-mce-fragment=""1"">Machine wash at 30 C</span></li>
<li data-mce-fragment=""1""><span data-mce-fragment=""1"">Do not bleach</span></li>
<li data-mce-fragment=""1""><span data-mce-fragment=""1"">Iron at max 110 C</span></li>
<li data-mce-fragment=""1""><span data-mce-fragment=""1"">Do not dry clean</span></li>
</ul>",BBG FASHION,Apparel & Accessories > Clothing > Baby & Toddler Clothing,Kids Half Sleeves Twinset,"k, kids half sleeves, NEW ARRIVAL",false,Size,2 - 6 Months,,,,,,,,'10708908,500.0,shopify,77,deny,manual,899.00,0.00,true,false,,,,,'10708908,https://cdn.shopify.com/s/files/1/0618/2368/0740/files/10_0abdf419-8299-417e-b250-8c0c8bbb717f.png?v=1684835072,1,Black Panel T Shirt Shorts Set - front view - unisex wear Pakistan,false,,Kidswear pair of Shirt & Trouser. Fabric: is Soft and High-Quality Jersey with Full Sleeve T-Shirt with Round Neck and Contrast Trouser Printed Cartoon Childrens Clothing comfortable to wear and Easy Wash. Available Kids collection wear size 1 - 10 Years with fresh fashions and Funny designs at www.bbgfashion.pk,,,,,,,,,,,,,,,,,,,,,black,,,,,,,,,,,,,,,,,,,,https://cdn.shopify.com/s/files/1/0618/2368/0740/files/10_0abdf419-8299-417e-b250-8c0c8bbb717f.png?v=1684835072,kg,,,true,,,draft
black-panel-t-shirt-shorts-set,,,,,,,,,6- 12 Months,,,,,,,,'10708909,500.0,shopify,61,deny,manual,899.00,0.00,true,false,,,,,'10708909,https://cdn.shopify.com/s/files/1/0618/2368/0740/files/SizeChart_0e25f793-0de8-44c6-8e8d-908876900c89.jpg?v=1684835072,2,Black Panel T Shirt Shorts Set size chart - measurements guide,,,,,,,,,,,,,,,,,,,,,,,,,,,,,,,,,,,,,,,,,,,,https://cdn.shopify.com/s/files/1/0618/2368/0740/files/10_0abdf419-8299-417e-b250-8c0c8bbb717f.png?v=1684835072,kg,,,,,,
black-panel-t-shirt-shorts-set,,,,,,,,,13 - 24 Months,,,,,,,,'10708910,500.0,shopify,51,deny,manual,899.00,0.00,true,false,,,,,'10708910,,,,,,,,,,,,,,,,,,,,,,,,,,,,,,,,,,,,,,,,,,,,,,,https://cdn.shopify.com/s/files/1/0618/2368/0740/files/10_0abdf419-8299-417e-b250-8c0c8bbb717f.png?v=1684835072,kg,,,,,,
black-panel-t-shirt-shorts-set,,,,,,,,,2 - 3 Years,,,,,,,,'10708911,500.0,shopify,63,deny,manual,899.00,0.00,true,false,,,,,'10708911,,,,,,,,,,,,,,,,,,,,,,,,,,,,,,,,,,,,,,,,,,,,,,,https://cdn.shopify.com/s/files/1/0618/2368/0740/files/10_0abdf419-8299-417e-b250-8c0c8bbb717f.png?v=1684835072,kg,,,,,,
black-panel-t-shirt-shorts-set,,,,,,,,,3 - 4 Years,,,,,,,,'10708912,500.0,shopify,37,deny,manual,899.00,0.00,true,false,,,,,'10708912,,,,,,,,,,,,,,,,,,,,,,,,,,,,,,,,,,,,,,,,,,,,,,,https://cdn.shopify.com/s/files/1/0618/2368/0740/files/10_0abdf419-8299-417e-b250-8c0c8bbb717f.png?v=1684835072,kg,,,,,,
black-panel-t-shirt-shorts-set,,,,,,,,,4 - 5 Years,,,,,,,,'10708913,500.0,shopify,55,deny,manual,899.00,0.00,true,false,,,,,'10708913,,,,,,,,,,,,,,,,,,,,,,,,,,,,,,,,,,,,,,,,,,,,,,,https://cdn.shopify.com/s/files/1/0618/2368/0740/files/10_0abdf419-8299-417e-b250-8c0c8bbb717f.png?v=1684835072,kg,,,,,,
black-panel-t-shirt-shorts-set,,,,,,,,,6 Years,,,,,,,,'10706736,500.0,shopify,61,deny,manual,899.00,0.00,true,false,,,,,'10706736,,,,,,,,,,,,,,,,,,,,,,,,,,,,,,,,,,,,,,,,,,,,,,,https://cdn.shopify.com/s/files/1/0618/2368/0740/files/10_0abdf419-8299-417e-b250-8c0c8bbb717f.png?v=1684835072,kg,,,,,,
red-panel-t-shirt-shorts-set,Red Panel T-shirt Shorts Set,"<p>This Red Panel T-shirt Shorts Set is perfect for any wardrobe. It is made from high-quality fabric that is both lightweight and durable for maximum comfort. The vivid Red panel details adds a bold touch to the modern design. With long, loose shorts and a round neck t-shirt, it provides fuss-free style and comfort.</p>
<p><strong data-mce-fragment=""1"">Fabric &amp; Printing</strong><br data-mce-fragment=""1""></p>
<ul data-mce-fragment=""1"">
<li data-mce-fragment=""1""><span data-mce-fragment=""1"">Soft High Quality Jersey Fabric</span></li>
<li data-mce-fragment=""1""><span data-mce-fragment=""1"" mce-data-marked=""1"">Multi Color Fabric Yellow, Heather Grey &amp; White</span></li>
<li data-mce-fragment=""1""><span data-mce-fragment=""1"" mce-data-marked=""1"">Panel Work</span></li>
<li data-mce-fragment=""1""><span data-mce-fragment=""1"" mce-data-marked=""1"">Comfort stretch shorts</span></li>
</ul>
<p data-mce-fragment=""1""> <strong data-mce-fragment=""1"">Material &amp; Care</strong></p>
<ul data-mce-fragment=""1"">
<li data-mce-fragment=""1""><span data-mce-fragment=""1"">Machine wash at 30 C</span></li>
<li data-mce-fragment=""1""><span data-mce-fragment=""1"">Do not bleach</span></li>
<li data-mce-fragment=""1""><span data-mce-fragment=""1"">Iron at max 110 C</span></li>
<li data-mce-fragment=""1""><span data-mce-fragment=""1"">Do not dry clean</span></li>
</ul>",BBG FASHION,Apparel & Accessories > Clothing > Baby & Toddler Clothing,Kids Half Sleeves Twinset,"k, kids half sleeves, NEW ARRIVAL",false,Size,2 - 6 Months,,,,,,,,'10708902,500.0,shopify,98,deny,manual,747.00,1199.00,true,false,,,,,'10708902,https://cdn.shopify.com/s/files/1/0618/2368/0740/files/1_4c880acd-1ce4-43d7-af3e-1992bedd19b0.png?v=1685436137,1,Red Panel T Shirt Shorts Set - front view - unisex wear Pakistan,false,,Kidswear pair of Shirt & Trouser. Fabric: is Soft and High-Quality Jersey with Full Sleeve T-Shirt with Round Neck and Contrast Trouser Printed Cartoon Childrens Clothing comfortable to wear and Easy Wash. Available Kids collection wear size 1 - 10 Years with fresh fashions and Funny designs at www.bbgfashion.pk,,,,,,,,,,,,,,,,,,,,,,,,,,,,,,,,,,,,,,,,,https://cdn.shopify.com/s/files/1/0618/2368/0740/files/1_4c880acd-1ce4-43d7-af3e-1992bedd19b0.png?v=1685436137,kg,,,true,,,draft
red-panel-t-shirt-shorts-set,,,,,,,,,6- 12 Months,,,,,,,,'10708903,500.0,shopify,93,deny,manual,747.00,1199.00,true,false,,,,,'10708903,https://cdn.shopify.com/s/files/1/0618/2368/0740/files/SizeChart_ddbfee2e-6d3d-469b-bae7-af3a17328166.jpg?v=1685436137,2,Red Panel T Shirt Shorts Set size chart - measurements guide,,,,,,,,,,,,,,,,,,,,,,,,,,,,,,,,,,,,,,,,,,,,https://cdn.shopify.com/s/files/1/0618/2368/0740/files/1_4c880acd-1ce4-43d7-af3e-1992bedd19b0.png?v=1685436137,kg,,,,,,
red-panel-t-shirt-shorts-set,,,,,,,,,13 - 24 Months,,,,,,,,'10708904,500.0,shopify,89,deny,manual,747.00,1199.00,true,false,,,,,'10708904,,,,,,,,,,,,,,,,,,,,,,,,,,,,,,,,,,,,,,,,,,,,,,,https://cdn.shopify.com/s/files/1/0618/2368/0740/files/1_4c880acd-1ce4-43d7-af3e-1992bedd19b0.png?v=1685436137,kg,,,,,,
red-panel-t-shirt-shorts-set,,,,,,,,,2 - 3 Years,,,,,,,,'10708905,500.0,shopify,92,deny,manual,747.00,1199.00,true,false,,,,,'10708905,,,,,,,,,,,,,,,,,,,,,,,,,,,,,,,,,,,,,,,,,,,,,,,https://cdn.shopify.com/s/files/1/0618/2368/0740/files/1_4c880acd-1ce4-43d7-af3e-1992bedd19b0.png?v=1685436137,kg,,,,,,
red-panel-t-shirt-shorts-set,,,,,,,,,3 - 4 Years,,,,,,,,'10708906,500.0,shopify,87,deny,manual,747.00,1199.00,true,false,,,,,'10708906,,,,,,,,,,,,,,,,,,,,,,,,,,,,,,,,,,,,,,,,,,,,,,,https://cdn.shopify.com/s/files/1/0618/2368/0740/files/1_4c880acd-1ce4-43d7-af3e-1992bedd19b0.png?v=1685436137,kg,,,,,,
red-panel-t-shirt-shorts-set,,,,,,,,,4 - 5 Years,,,,,,,,'10708907,500.0,shopify,93,deny,manual,747.00,1199.00,true,false,,,,,'10708907,,,,,,,,,,,,,,,,,,,,,,,,,,,,,,,,,,,,,,,,,,,,,,,https://cdn.shopify.com/s/files/1/0618/2368/0740/files/1_4c880acd-1ce4-43d7-af3e-1992bedd19b0.png?v=1685436137,kg,,,,,,
red-panel-t-shirt-shorts-set,,,,,,,,,6 Years,,,,,,,,'10706735,500.0,shopify,92,deny,manual,747.00,1199.00,true,false,,,,,'10706735,,,,,,,,,,,,,,,,,,,,,,,,,,,,,,,,,,,,,,,,,,,,,,,https://cdn.shopify.com/s/files/1/0618/2368/0740/files/1_4c880acd-1ce4-43d7-af3e-1992bedd19b0.png?v=1685436137,kg,,,,,,
yellow-panel-tshirt-shorts-set,Yellow Panel T-shirt Shorts Set,"<p>This Yellow Panel T-shirt Shorts Set is perfect for any wardrobe. It is made from high-quality fabric that is both lightweight and durable for maximum comfort. The vivid yellow panel details adds a bold touch to the modern design. With long, loose shorts and a round neck t-shirt, it provides fuss-free style and comfort.</p>
<p><strong data-mce-fragment=""1"">Fabric &amp; Printing</strong><br data-mce-fragment=""1""></p>
<ul data-mce-fragment=""1"">
<li data-mce-fragment=""1""><span data-mce-fragment=""1"">Soft High Quality Jersey Fabric</span></li>
<li data-mce-fragment=""1""><span data-mce-fragment=""1"" mce-data-marked=""1"">Multi Color Fabric Yellow, Heather Grey &amp; White</span></li>
<li data-mce-fragment=""1""><span data-mce-fragment=""1"" mce-data-marked=""1"">Panel Work</span></li>
<li data-mce-fragment=""1""><span data-mce-fragment=""1"" mce-data-marked=""1"">Comfort stretch shorts</span></li>
</ul>
<p data-mce-fragment=""1""> <strong data-mce-fragment=""1"">Material &amp; Care</strong></p>
<ul data-mce-fragment=""1"">
<li data-mce-fragment=""1""><span data-mce-fragment=""1"">Machine wash at 30 C</span></li>
<li data-mce-fragment=""1""><span data-mce-fragment=""1"">Do not bleach</span></li>
<li data-mce-fragment=""1""><span data-mce-fragment=""1"">Iron at max 110 C</span></li>
<li data-mce-fragment=""1""><span data-mce-fragment=""1"">Do not dry clean</span></li>
</ul>",BBG FASHION,Apparel & Accessories > Clothing > Baby & Toddler Clothing,Kids Half Sleeves Twinset,"k, kids half sleeves, NEW ARRIVAL",false,Size,2 - 6 Months,,,,,,,,'10708896,500.0,shopify,95,deny,manual,747.00,1199.00,true,false,,,,,'10708896,https://cdn.shopify.com/s/files/1/0618/2368/0740/files/9_697d0b77-675d-4503-abce-41992ea74045.png?v=1685436179,1,Yellow Panel Tshirt Shorts Set - front view - unisex wear Pakistan,false,,Kidswear pair of Shirt & Trouser. Fabric: is Soft and High-Quality Jersey with Full Sleeve T-Shirt with Round Neck and Contrast Trouser Printed Cartoon Childrens Clothing comfortable to wear and Easy Wash. Available Kids collection wear size 1 - 10 Years with fresh fashions and Funny designs at www.bbgfashion.pk,,,,,,,,,,,,,'1,,,,,,,,,,,,,,,,,,,,,,,,,,,,https://cdn.shopify.com/s/files/1/0618/2368/0740/files/9_697d0b77-675d-4503-abce-41992ea74045.png?v=1685436179,kg,,,true,,,draft
yellow-panel-tshirt-shorts-set,,,,,,,,,6- 12 Months,,,,,,,,'10708897,500.0,shopify,89,deny,manual,747.00,1199.00,true,false,,,,,'10708897,https://cdn.shopify.com/s/files/1/0618/2368/0740/files/NewArrival600x600_6c83659d-e40e-4deb-b8a1-d70921325519.png?v=1685436179,2,Yellow Panel Tshirt Shorts Set - back view - unisex wear Pakistan,,,,,,,,,,,,,,,,,,,,,,,,,,,,,,,,,,,,,,,,,,,,https://cdn.shopify.com/s/files/1/0618/2368/0740/files/9_697d0b77-675d-4503-abce-41992ea74045.png?v=1685436179,kg,,,,,,
yellow-panel-tshirt-shorts-set,,,,,,,,,13 - 24 Months,,,,,,,,'10708898,500.0,shopify,84,deny,manual,747.00,1199.00,true,false,,,,,'10708898,,,,,,,,,,,,,,,,,,,,,,,,,,,,,,,,,,,,,,,,,,,,,,,https://cdn.shopify.com/s/files/1/0618/2368/0740/files/9_697d0b77-675d-4503-abce-41992ea74045.png?v=1685436179,kg,,,,,,
yellow-panel-tshirt-shorts-set,,,,,,,,,2 - 3 Years,,,,,,,,'10708899,500.0,shopify,89,deny,manual,747.00,1199.00,true,false,,,,,'10708899,,,,,,,,,,,,,,,,,,,,,,,,,,,,,,,,,,,,,,,,,,,,,,,https://cdn.shopify.com/s/files/1/0618/2368/0740/files/9_697d0b77-675d-4503-abce-41992ea74045.png?v=1685436179,kg,,,,,,
yellow-panel-tshirt-shorts-set,,,,,,,,,3 - 4 Years,,,,,,,,'10708900,500.0,shopify,82,deny,manual,747.00,1199.00,true,false,,,,,'10708900,,,,,,,,,,,,,,,,,,,,,,,,,,,,,,,,,,,,,,,,,,,,,,,https://cdn.shopify.com/s/files/1/0618/2368/0740/files/9_697d0b77-675d-4503-abce-41992ea74045.png?v=1685436179,kg,,,,,,
yellow-panel-tshirt-shorts-set,,,,,,,,,4 - 5 Years,,,,,,,,'10708901,500.0,shopify,83,deny,manual,747.00,1199.00,true,false,,,,,'10708901,,,,,,,,,,,,,,,,,,,,,,,,,,,,,,,,,,,,,,,,,,,,,,,https://cdn.shopify.com/s/files/1/0618/2368/0740/files/9_697d0b77-675d-4503-abce-41992ea74045.png?v=1685436179,kg,,,,,,
yellow-panel-tshirt-shorts-set,,,,,,,,,6 Years,,,,,,,,'10706734,500.0,shopify,93,deny,manual,747.00,1199.00,true,false,,,,,'10706734,,,,,,,,,,,,,,,,,,,,,,,,,,,,,,,,,,,,,,,,,,,,,,,https://cdn.shopify.com/s/files/1/0618/2368/0740/files/9_697d0b77-675d-4503-abce-41992ea74045.png?v=1685436179,kg,,,,,,
women-red-silk-night-gown-3-piece,Women Red Silk Night Gown 3 piece,"<h4>Women Red Silk Night Gown 3 piece</h4>
<p>Slip into something a little more comfortable (and luxe) with this dreamy 3-piece Women Silk Night Gown set. It features an elegant robe with sexy lace trim design, plus a matching bra and panty. Top it off with a romantic floral lace trim at the sleeves or lower hem and you'll look so fine even while you sleep!</p>
<h5>Wash Instructions: Dry clean only.</h5>",BBG FASHION,Apparel & Accessories > Clothing > Sleepwear & Loungewear,Silk Nightwear,"NEW ARRIVAL, silk night suit, woo",false,Size,Medium,,Color,Red,,,,,'10708891,600.0,shopify,38,continue,manual,1899.00,,true,false,,,,,'10708891,https://cdn.shopify.com/s/files/1/0618/2368/0740/files/12_0040fc02-0ffe-444a-883d-aed3fa4765ae.png?v=1684161892,1,Women Red Silk Night Gown 3 Piece - front view - women's wear Pakistan,false,,,,,,,,,,,,,,,,,,,,,,,,,,,,,,,,,,,,,,,,,,,https://cdn.shopify.com/s/files/1/0618/2368/0740/files/12_0040fc02-0ffe-444a-883d-aed3fa4765ae.png?v=1684161892,g,,1000.00,true,,,draft
women-red-silk-night-gown-3-piece,,,,,,,,,Medium,,,Black,,,,,'10708892,600.0,shopify,85,continue,manual,1899.00,,true,false,,,,,'10708892,https://cdn.shopify.com/s/files/1/0618/2368/0740/files/13_0c5114ff-085e-416d-a327-c9c6eabbbf16.png?v=1684161892,2,Women Red Silk Night Gown 3 Piece - back view - women's wear Pakistan,,,,,,,,,,,,,,,,,,,,,,,,,,,,,,,,,,,,,,,,,,,,https://cdn.shopify.com/s/files/1/0618/2368/0740/files/9_d60d913e-e100-45e1-a41c-741ee177d609.png?v=1684161910,g,,1000.00,,,,
women-red-silk-night-gown-3-piece,,,,,,,,,Large,,,Red,,,,,'10708893,600.0,shopify,62,continue,manual,1899.00,,true,false,,,,,'10708893,https://cdn.shopify.com/s/files/1/0618/2368/0740/files/14_7102595d-f476-4b22-bea6-2f1ffcc55423.png?v=1684161892,3,Women Red Silk Night Gown 3 Piece - side view - women's wear Pakistan,,,,,,,,,,,,,,,,,,,,,,,,,,,,,,,,,,,,,,,,,,,,https://cdn.shopify.com/s/files/1/0618/2368/0740/files/12_0040fc02-0ffe-444a-883d-aed3fa4765ae.png?v=1684161892,g,,1000.00,,,,
women-red-silk-night-gown-3-piece,,,,,,,,,Large,,,Black,,,,,'10708894,600.0,shopify,86,continue,manual,1899.00,,true,false,,,,,'10708894,https://cdn.shopify.com/s/files/1/0618/2368/0740/files/Tie_Dye_2_bc6cb11f-38dc-4160-b131-cfa923906565.png?v=1684161900,4,Women Red Silk Night Gown 3 Piece - detail shot - women's wear Pakistan,,,,,,,,,,,,,,,,,,,,,,,,,,,,,,,,,,,,,,,,,,,,https://cdn.shopify.com/s/files/1/0618/2368/0740/files/9_d60d913e-e100-45e1-a41c-741ee177d609.png?v=1684161910,g,,1000.00,,,,
women-red-silk-night-gown-3-piece,,,,,,,,,XL,,,Red,,,,,'10708895,600.0,shopify,74,continue,manual,1899.00,,true,false,,,,,'10708895,https://cdn.shopify.com/s/files/1/0618/2368/0740/files/9_d60d913e-e100-45e1-a41c-741ee177d609.png?v=1684161910,5,Women Red Silk Night Gown 3 Piece - front view - women's wear Pakistan,,,,,,,,,,,,,,,,,,,,,,,,,,,,,,,,,,,,,,,,,,,,https://cdn.shopify.com/s/files/1/0618/2368/0740/files/12_0040fc02-0ffe-444a-883d-aed3fa4765ae.png?v=1684161892,g,,1000.00,,,,
women-red-silk-night-gown-3-piece,,,,,,,,,XL,,,Black,,,,,'10706733,600.0,shopify,97,continue,manual,1899.00,,true,false,,,,,'10706733,,,,,,,,,,,,,,,,,,,,,,,,,,,,,,,,,,,,,,,,,,,,,,,https://cdn.shopify.com/s/files/1/0618/2368/0740/files/9_d60d913e-e100-45e1-a41c-741ee177d609.png?v=1684161910,g,,1000.00,,,,
women-black-silk-night-gown-3-piece,Women Black Silk Night Gown 3 piece,"<h4>Women Black Silk Night Gown 3 piece</h4>
<p>Slip into something a little more comfortable (and luxe) with this dreamy 3-piece Women Silk Night Gown set. It features an elegant robe with sexy lace trim design, plus a matching bra and panty. Top it off with a romantic floral lace trim at the sleeves or lower hem and you'll look so fine even while you sleep!</p>
<h5>Wash Instructions: Dry clean only.</h5>",BBG FASHION,Apparel & Accessories > Clothing > Sleepwear & Loungewear,Silk Nightwear,"NEW ARRIVAL, silk night suit, woo",false,Size,Medium,,Color,Black,,,,,'10708886,600.0,shopify,37,continue,manual,1899.00,,true,false,,,,,'10708886,https://cdn.shopify.com/s/files/1/0618/2368/0740/files/9_fac22590-7799-428b-bfe3-94516013b1cf.png?v=1684161448,1,Women Black Silk Night Gown 3 Piece - front view - women's wear Pakistan,false,,,,,,,,,,,,,,,'1,,,,,,,,,,,,,,,,,,,,,,,,,,,,https://cdn.shopify.com/s/files/1/0618/2368/0740/files/9_fac22590-7799-428b-bfe3-94516013b1cf.png?v=1684161448,g,,1000.00,true,,,draft
women-black-silk-night-gown-3-piece,,,,,,,,,Medium,,,Red,,,,,'10708887,600.0,shopify,47,continue,manual,1899.00,,true,false,,,,,'10708887,https://cdn.shopify.com/s/files/1/0618/2368/0740/files/Red.png?v=1684161448,2,Women Black Silk Night Gown 3 Piece - back view - women's wear Pakistan,,,,,,,,,,,,,,,,,,,,,,,,,,,,,,,,,,,,,,,,,,,,https://cdn.shopify.com/s/files/1/0618/2368/0740/files/Red.png?v=1684161448,g,,1000.00,,,,
women-black-silk-night-gown-3-piece,,,,,,,,,Large,,,Black,,,,,'10708888,600.0,shopify,38,continue,manual,1899.00,,true,false,,,,,'10708888,https://cdn.shopify.com/s/files/1/0618/2368/0740/files/Tie_Dye_2.png?v=1684161448,3,Women Black Silk Night Gown 3 Piece - side view - women's wear Pakistan,,,,,,,,,,,,,,,,,,,,,,,,,,,,,,,,,,,,,,,,,,,,https://cdn.shopify.com/s/files/1/0618/2368/0740/files/9_fac22590-7799-428b-bfe3-94516013b1cf.png?v=1684161448,g,,1000.00,,,,
women-black-silk-night-gown-3-piece,,,,,,,,,Large,,,Red,,,,,'10708889,600.0,shopify,46,continue,manual,1899.00,,true,false,,,,,'10708889,https://cdn.shopify.com/s/files/1/0618/2368/0740/files/10_65258af8-3e0e-4e87-a403-fe55806f3779.png?v=1684161449,4,Women Black Silk Night Gown 3 Piece - detail shot - women's wear Pakistan,,,,,,,,,,,,,,,,,,,,,,,,,,,,,,,,,,,,,,,,,,,,https://cdn.shopify.com/s/files/1/0618/2368/0740/files/Red.png?v=1684161448,g,,1000.00,,,,
women-black-silk-night-gown-3-piece,,,,,,,,,XL,,,Black,,,,,'10708890,600.0,shopify,43,continue,manual,1899.00,,true,false,,,,,'10708890,https://cdn.shopify.com/s/files/1/0618/2368/0740/files/11_e2caf6f9-c9c0-43e3-a8cf-7be954ae758f.png?v=1684161448,5,Women Black Silk Night Gown 3 Piece - front view - women's wear Pakistan,,,,,,,,,,,,,,,,,,,,,,,,,,,,,,,,,,,,,,,,,,,,https://cdn.shopify.com/s/files/1/0618/2368/0740/files/9_fac22590-7799-428b-bfe3-94516013b1cf.png?v=1684161448,g,,1000.00,,,,
women-black-silk-night-gown-3-piece,,,,,,,,,XL,,,Red,,,,,'10706732,600.0,shopify,45,continue,manual,1899.00,,true,false,,,,,'10706732,,,,,,,,,,,,,,,,,,,,,,,,,,,,,,,,,,,,,,,,,,,,,,,https://cdn.shopify.com/s/files/1/0618/2368/0740/files/Red.png?v=1684161448,g,,1000.00,,,,
pink-colored-butterfly-lady-printed-loungewear,Women Premium 2 Piece Lounge Set | Colored Butterfly - Pink & Grey,"<h4><span data-sheets-root=""1"">Women's Premium 2 Piece Lounge Set | Colored Butterfly - Pink &amp; Black</span></h4>
<p data-start=""248"" data-end=""440"">Step into comfort and effortless style with our <strong data-start=""296"" data-end=""358"">Premium 2 Piece Lounge Set in Pink &amp; Black Butterfly Print</strong> — designed for women who love to feel relaxed yet look chic at home or on the go.</p>
<p data-start=""442"" data-end=""720"">This beautifully crafted set features a <strong data-start=""482"" data-end=""509"">soft, breathable fabric</strong> that feels gentle on the skin, making it perfect for all-day wear. The stylish butterfly print adds a playful yet elegant touch, while the modern pink &amp; black color combination keeps it trendy and eye-catching.</p>
<p data-start=""722"" data-end=""909"">The top offers a <strong data-start=""739"" data-end=""766"">comfortable relaxed fit</strong>, while the matching bottoms provide ease of movement with a snug yet flexible waistband — ideal for lounging, casual outings, or even bedtime.</p>
<p data-start=""911"" data-end=""1044"">Whether you're relaxing at home, running quick errands, or enjoying a cozy day, this set keeps you looking effortlessly put together.</p>
<p data-start=""1046"" data-end=""1063""><strong data-start=""1046"" data-end=""1063"">Key Features:</strong></p>
<ul data-start=""1064"" data-end=""1309"">
<li data-section-id=""kywiax"" data-start=""1064"" data-end=""1108"">Premium quality soft &amp; breathable fabric</li>
<li data-section-id=""1olobmg"" data-start=""1109"" data-end=""1143"">Stylish butterfly print design</li>
<li data-section-id=""1cbxkbl"" data-start=""1144"" data-end=""1185"">Trendy Pink &amp; Black color combination</li>
<li data-section-id=""f46jwt"" data-start=""1186"" data-end=""1221"">Relaxed fit for maximum comfort</li>
<li data-section-id=""1b5mdta"" data-start=""1222"" data-end=""1261"">Elastic waistband for a perfect fit</li>
<li data-section-id=""n8nixx"" data-start=""1262"" data-end=""1309"">Ideal for lounging, casual wear &amp; sleepwear</li>
</ul>
<p data-start=""1311"" data-end=""1405""><strong data-start=""1311"" data-end=""1322"">Fabric:</strong> Soft Cotton Blend<br data-start=""1340"" data-end=""1343""><strong data-start=""1343"" data-end=""1351"">Fit:</strong> Relaxed / Comfortable<br data-start=""1373"" data-end=""1376""><strong data-start=""1376"" data-end=""1387"">Season:</strong> All Season Wear</p>",BBG FASHION,Apparel & Accessories > Clothing > Sleepwear & Loungewear,Loungewear,Loungewear,false,Size,Free Size,,,,,,,,'10708885,500.0,shopify,100,deny,manual,1599.00,,true,false,,,,,'10708885,https://cdn.shopify.com/s/files/1/0618/2368/0740/files/7_c26bc7ee-561d-4064-ac1e-553a2478bdee.png?v=1683924885,1,Pink Colored Butterfly Lady Printed Loungewear - front view - unisex wear Pakistan,false,,"Shop women's premium pink & Grey butterfly lounge set in Pakistan. Soft, stylish & comfortable 2-piece outfit perfect for lounging, casual wear & sleep.",,,,,,,,,,,,,,,,,,,,,,,,,,,,,,,,,,,,,,,,,https://cdn.shopify.com/s/files/1/0618/2368/0740/files/7_c26bc7ee-561d-4064-ac1e-553a2478bdee.png?v=1683924885,g,,,true,,,draft
pink-colored-butterfly-lady-printed-loungewear,,,,,,,,,,,,,,,,,,,,,,,,,,,,,,,,https://cdn.shopify.com/s/files/1/0618/2368/0740/files/0330-1364862_1_4dd18512-c47c-4784-b872-00ac83d5c6a8.png?v=1683924885,2,Pink Colored Butterfly Lady Printed Loungewear - back view - unisex wear Pakistan,,,,,,,,,,,,,,,,,,,,,,,,,,,,,,,,,,,,,,,,,,,,,,,,,,,
black-colored-butterfly-lady-printed-loungewear,Women Premium 2 Piece Lounge Set | Colored Butterfly - Pink & Black,"<h4><span data-sheets-root=""1"">Women's Premium 2 Piece Lounge Set | Colored Butterfly - Pink &amp; Black</span></h4>
<p data-start=""248"" data-end=""440"">Step into comfort and effortless style with our <strong data-start=""296"" data-end=""358"">Premium 2 Piece Lounge Set in Pink &amp; Black Butterfly Print</strong> — designed for women who love to feel relaxed yet look chic at home or on the go.</p>
<p data-start=""442"" data-end=""720"">This beautifully crafted set features a <strong data-start=""482"" data-end=""509"">soft, breathable fabric</strong> that feels gentle on the skin, making it perfect for all-day wear. The stylish butterfly print adds a playful yet elegant touch, while the modern pink &amp; black color combination keeps it trendy and eye-catching.</p>
<p data-start=""722"" data-end=""909"">The top offers a <strong data-start=""739"" data-end=""766"">comfortable relaxed fit</strong>, while the matching bottoms provide ease of movement with a snug yet flexible waistband — ideal for lounging, casual outings, or even bedtime.</p>
<p data-start=""911"" data-end=""1044"">Whether you're relaxing at home, running quick errands, or enjoying a cozy day, this set keeps you looking effortlessly put together.</p>
<p data-start=""1046"" data-end=""1063""><strong data-start=""1046"" data-end=""1063"">Key Features:</strong></p>
<ul data-start=""1064"" data-end=""1309"">
<li data-section-id=""kywiax"" data-start=""1064"" data-end=""1108"">Premium quality soft &amp; breathable fabric</li>
<li data-section-id=""1olobmg"" data-start=""1109"" data-end=""1143"">Stylish butterfly print design</li>
<li data-section-id=""1cbxkbl"" data-start=""1144"" data-end=""1185"">Trendy Pink &amp; Black color combination</li>
<li data-section-id=""f46jwt"" data-start=""1186"" data-end=""1221"">Relaxed fit for maximum comfort</li>
<li data-section-id=""1b5mdta"" data-start=""1222"" data-end=""1261"">Elastic waistband for a perfect fit</li>
<li data-section-id=""n8nixx"" data-start=""1262"" data-end=""1309"">Ideal for lounging, casual wear &amp; sleepwear</li>
</ul>
<p data-start=""1311"" data-end=""1405""><strong data-start=""1311"" data-end=""1322"">Fabric:</strong> Soft Cotton Blend<br data-start=""1340"" data-end=""1343""><strong data-start=""1343"" data-end=""1351"">Fit:</strong> Relaxed / Comfortable<br data-start=""1373"" data-end=""1376""><strong data-start=""1376"" data-end=""1387"">Season:</strong> All Season Wear</p>",BBG FASHION,Apparel & Accessories > Clothing > Sleepwear & Loungewear,Loungewear,Loungewear,false,Size,Free Size,,,,,,,,'10706730,500.0,shopify,98,deny,manual,1599.00,,true,false,,,,,'10706730,https://cdn.shopify.com/s/files/1/0618/2368/0740/files/8_d66c7e7a-464c-4f69-813c-2c6cda8470eb.png?v=1683924787,1,Black Colored Butterfly Lady Printed Loungewear - front view - unisex wear Pakistan,false,,"Shop women's premium pink & black butterfly lounge set in Pakistan. Soft, stylish & comfortable 2-piece outfit perfect for lounging, casual wear & sleep.",,,,,,,,,,,,,,,,,,,,,,,,,,,,,,,,,,,,,,,,,https://cdn.shopify.com/s/files/1/0618/2368/0740/files/8_d66c7e7a-464c-4f69-813c-2c6cda8470eb.png?v=1683924787,g,,,true,,,draft
black-colored-butterfly-lady-printed-loungewear,,,,,,,,,,,,,,,,,,,,,,,,,,,,,,,,https://cdn.shopify.com/s/files/1/0618/2368/0740/files/0330-1364862_1_84b1ab0c-85ed-47f9-9a71-72b8fcdbd072.png?v=1683924787,2,Black Colored Butterfly Lady Printed Loungewear - back view - unisex wear Pakistan,,,,,,,,,,,,,,,,,,,,,,,,,,,,,,,,,,,,,,,,,,,,,,,,,,,
yellow-colored-butterfly-lady-printed-loungewear,Yellow Colored Butterfly Lady Printed Loungewear,"<h4>Yellow Colored Butterfly Lady Printed Loungewear</h4>
<p>This Yellow Colored Butterfly Printed Loungewear is an essential for the summer months. Crafted with a soft cotton jersey fabric, it provides the perfect blend of comfort and breathability. Non-restrictive, its relaxed shape ensures maximum ease and freedom of movement.</p>
<ul class="""">
<li class="""">Blended Cotton jersey stuff which will provide you most comfort zone at night</li>
<li class="""">Export quality fabric </li>
<li class="""">Round neck style night wear</li>
<li class="""">Long sleeves with round cuff</li>
<li class="""">Loose fitting trouser with extra stretchable material which will relax you more after wearing</li>
<li class="""">Trouser has no pockets</li>
<li class="""">Maximum durably of night wear is 7 months ( if you wash daily basis)</li>
<li class="""">Good Quality Elastic in trouser with maximum stretch</li>
<li class="""">Best Quality of stitching</li>
</ul>
<div><br></div>",BBG FASHION,Apparel & Accessories > Clothing > Sleepwear & Loungewear,Loungewear,"Loungewear, woo",false,Size,Free Size,,Material,Soft Jersey,,,,,'10708884,500.0,shopify,100,deny,manual,1599.00,,true,false,,,,,'10708884,https://cdn.shopify.com/s/files/1/0618/2368/0740/files/6_5a4bbb28-4935-4d59-aaa2-d75232e60c05.png?v=1683924684,1,Yellow Colored Butterfly Lady Printed Loungewear - front view - unisex wear Pakistan,false,,"This Yellow Colored Butterfly Printed Loungewear is an essential for the summer months. Crafted with a soft cotton jersey fabric, it provides the perfect blend of comfort and breathability. Non-restrictive, its relaxed shape ensures maximum ease and freedom of movement.",,,,,,,,,,,,,,,,,,,,,,,,,,,,,,,,,,,,,,,,,https://cdn.shopify.com/s/files/1/0618/2368/0740/files/6_5a4bbb28-4935-4d59-aaa2-d75232e60c05.png?v=1683924684,g,,,true,,,draft
yellow-colored-butterfly-lady-printed-loungewear,,,,,,,,,xxl,,,Soft Jersey,,,,,'10706729,500.0,shopify,99,deny,manual,1899.00,,true,false,,,,,'10706729,https://cdn.shopify.com/s/files/1/0618/2368/0740/files/0330-1364862_1_b86a914a-7429-4e97-af79-59a477428284.png?v=1683924695,2,Yellow Colored Butterfly Lady Printed Loungewear - back view - unisex wear Pakistan,,,,,,,,,,,,,,,,,,,,,,,,,,,,,,,,,,,,,,,,,,,,https://cdn.shopify.com/s/files/1/0618/2368/0740/files/6_5a4bbb28-4935-4d59-aaa2-d75232e60c05.png?v=1683924684,g,,,,,,
white-colored-butterfly-lady-printed-loungewear,White Colored Butterfly Lady Printed Loungewear,"<h4>White Colored Butterfly Lady Printed Loungewear</h4>
<p>This White Colored Butterfly Printed Loungewear is an essential for the summer months. Crafted with a soft cotton jersey fabric, it provides the perfect blend of comfort and breathability. Non-restrictive, its relaxed shape ensures maximum ease and freedom of movement.</p>
<ul class="""">
<li class="""">Blended Cotton jersey stuff which will provide you most comfort zone at night</li>
<li class="""">Export quality fabric </li>
<li class="""">Round neck style night wear</li>
<li class="""">Long sleeves with round cuff</li>
<li class="""">Loose fitting trouser with extra stretchable material which will relax you more after wearing</li>
<li class="""">Trouser has no pockets</li>
<li class="""">Maximum durably of night wear is 7 months ( if you wash daily basis)</li>
<li class="""">Good Quality Elastic in trouser with maximum stretch</li>
<li class="""">Best Quality of stitching</li>
</ul>
<div><br></div>",BBG FASHION,Apparel & Accessories > Clothing > Sleepwear & Loungewear,Loungewear,"Loungewear, woo",false,Size,Free Size,,Material,Soft Jersey,,,,,'10706728,500.0,shopify,197,deny,manual,1599.00,,true,false,,,,,'10706728,https://cdn.shopify.com/s/files/1/0618/2368/0740/files/5_5af887f2-b1c2-40bf-934e-ad438b54f3cd.png?v=1683924537,1,White Colored Butterfly Lady Printed Loungewear - front view - unisex wear Pakistan,false,,"This White Colored Butterfly Printed Loungewear is an essential for the summer months. Crafted with a soft cotton jersey fabric, it provides the perfect blend of comfort and breathability. Non-restrictive, its relaxed shape ensures maximum ease and freedom of movement.",,,,,,,,,,,,,,,,,,,,,,,,,,,,,,,,,,,,,,,,,https://cdn.shopify.com/s/files/1/0618/2368/0740/files/5_5af887f2-b1c2-40bf-934e-ad438b54f3cd.png?v=1683924537,g,,,true,,,draft
white-colored-butterfly-lady-printed-loungewear,,,,,,,,,,,,,,,,,,,,,,,,,,,,,,,,https://cdn.shopify.com/s/files/1/0618/2368/0740/files/0330-1364862_1_0bcf1316-33be-4e7f-9061-42bf3335ae3d.png?v=1683924537,2,White Colored Butterfly Lady Printed Loungewear - back view - unisex wear Pakistan,,,,,,,,,,,,,,,,,,,,,,,,,,,,,,,,,,,,,,,,,,,,,,,,,,,
womens-premium-2-piece-lounge-set-white-blue,Women's Premium 2 Piece Lounge Set - White & Blue,"<h4>Women's Premium 2 Piece Lounge Set - White &amp; Blue</h4>
<p data-end=""507"" data-start=""249"">Experience everyday comfort with this <strong><span style=""font-size: 0.875rem;"">Women's Premium 2 Piece Lounge Se</span></strong><span style=""font-size: 0.875rem;""><strong>t </strong>- <strong>White &amp; Blue</strong> </span><span style=""font-size: 0.875rem;"">designed for relaxed living and effortless style. Featuring a breathable full-sleeve top paired with loose-fit trousers, this set offers the perfect balance of softness and comfort.</span></p>
<p data-end=""717"" data-start=""509"">Crafted from lightweight, skin-friendly fabric, it keeps you comfortable throughout the day and night. The relaxed silhouette allows easy movement, making it ideal for lounging, sleeping, or casual home wear.</p>
<p data-end=""814"" data-start=""719"">Available in multiple trendy colors, this nightsuit is a must-have essential for your wardrobe.</p>
<p data-end=""833"" data-start=""816""><strong data-end=""833"" data-start=""816"">Key Features:</strong></p>
<ul>
<li style=""list-style-type: none;"">
<ul data-end=""1036"" data-start=""834"">
<li data-end=""875"" data-start=""834"" data-section-id=""1ulncgd"">
<p data-end=""875"" data-start=""836"">Soft, breathable &amp; lightweight fabric</p>
</li>
<li data-end=""911"" data-start=""876"" data-section-id=""f46jwt"">
<p data-end=""911"" data-start=""878"">Relaxed fit for maximum comfort</p>
</li>
<li data-end=""960"" data-start=""912"" data-section-id=""13n9y9o"">
<p data-end=""960"" data-start=""914"">Elastic waistband with adjustable drawstring</p>
</li>
<li data-end=""1003"" data-start=""961"" data-section-id=""1us257r"">
<p data-end=""1003"" data-start=""963"">Perfect for sleep, lounge &amp; daily wear</p>
</li>
<li data-end=""1036"" data-start=""1004"" data-section-id=""arqrzc"">
<p data-end=""1036"" data-start=""1006"">Available in multiple colors</p>
</li>
</ul>
</li>
</ul>
<div><br></div>",BBG FASHION,Apparel & Accessories > Clothing > Sleepwear & Loungewear,Loungewear,"Loungewear, woo",true,Size,Free Size,,Material,Soft Jersey,,,,,'10706727,500.0,shopify,195,deny,manual,1599.00,,true,false,,,,,'10706727,https://cdn.shopify.com/s/files/1/0618/2368/0740/files/imgi_69_4_1080x_6f62373e-db60-44ff-8071-b406907d8eed.png?v=1770125881,1,White Spring Lady Printed Loungewear - front view - unisex wear Pakistan,false,,Shop Women's Premium 2 Piece Lounge Set - White & Blue  with breathable fabric & relaxed fit. Perfect for sleep & home wear. Available in multiple stylish colors.,,,,,,,,,,,,,,,,,,,,,,,,,,,,,,,,,,,,,,,,,https://cdn.shopify.com/s/files/1/0618/2368/0740/files/imgi_79_2_1080x_e55d56d9-e3d8-46ef-bb23-ca98713cbffb.png?v=1770125882,g,,,true,,,active
womens-premium-2-piece-lounge-set-white-blue,,,,,,,,,XXL,,,Soft Jersey,,,,,'10742930,500.0,shopify,99,deny,manual,1899.00,,true,false,,,,,'10742930,https://cdn.shopify.com/s/files/1/0618/2368/0740/files/imgi_79_2_1080x_e55d56d9-e3d8-46ef-bb23-ca98713cbffb.png?v=1770125882,2,White Spring Lady Printed Loungewear - front view - unisex wear Pakistan,,,,,,,,,,,,,,,,,,,,,,,,,,,,,,,,,,,,,,,,,,,,,g,,,,,,
womens-premium-2-piece-lounge-set-white-blue,,,,,,,,,,,,,,,,,,,,,,,,,,,,,,,,https://cdn.shopify.com/s/files/1/0618/2368/0740/files/imgi_84_5_1080x_4c9581af-f92f-4930-afa0-c7a43ab932d4.png?v=1770125882,3,White Spring Lady Printed Loungewear - back view - unisex wear Pakistan,,,,,,,,,,,,,,,,,,,,,,,,,,,,,,,,,,,,,,,,,,,,,,,,,,,
womens-premium-2-piece-lounge-set-white-blue,,,,,,,,,,,,,,,,,,,,,,,,,,,,,,,,https://cdn.shopify.com/s/files/1/0618/2368/0740/files/imgi_64_3_1080x_3705ce42-09cc-43b6-838a-04870ff870d9.png?v=1770125882,4,White Spring Lady Printed Loungewear - side view - unisex wear Pakistan,,,,,,,,,,,,,,,,,,,,,,,,,,,,,,,,,,,,,,,,,,,,,,,,,,,
womens-premium-2-piece-lounge-set-white-blue,,,,,,,,,,,,,,,,,,,,,,,,,,,,,,,,https://cdn.shopify.com/s/files/1/0618/2368/0740/files/imgi_8_3_540x_abc01a30-c5af-4756-86bc-486caf17d751.png?v=1770125881,5,White Spring Lady Printed Loungewear - detail shot - unisex wear Pakistan,,,,,,,,,,,,,,,,,,,,,,,,,,,,,,,,,,,,,,,,,,,,,,,,,,,
womens-premium-2-piece-lounge-set-white-blue,,,,,,,,,,,,,,,,,,,,,,,,,,,,,,,,https://cdn.shopify.com/s/files/1/0618/2368/0740/files/3_pc_size_chart_4b800aca-2615-4cb5-b313-6c0e1eb583e5.webp?v=1776518442,6,"",,,,,,,,,,,,,,,,,,,,,,,,,,,,,,,,,,,,,,,,,,,,,,,,,,,
black-spring-lady-printed-loungewear,Black Spring Lady Printed Loungewear,"<h4>Black Spring Lady Printed Loungewear</h4>
<p>This Black Spring Lady Printed Loungewear is an essential for the summer months. Crafted with a soft cotton jersey fabric, it provides the perfect blend of comfort and breathability. Non-restrictive, its relaxed shape ensures maximum ease and freedom of movement.</p>
<ul class="""">
<li class="""">Blended Cotton jersey stuff which will provide you most comfort zone at night</li>
<li class="""">Export quality fabric </li>
<li class="""">Round neck style night wear</li>
<li class="""">Long sleeves with round cuff</li>
<li class="""">Loose fitting trouser with extra stretchable material which will relax you more after wearing</li>
<li class="""">Trouser has no pockets</li>
<li class="""">Maximum durably of night wear is 7 months ( if you wash daily basis)</li>
<li class="""">Good Quality Elastic in trouser with maximum stretch</li>
<li class="""">Best Quality of stitching</li>
</ul>
<div><br></div>",BBG FASHION,Apparel & Accessories > Clothing > Sleepwear & Loungewear,Loungewear,"Loungewear, woo",false,Size,Free Size,,Material,Soft Jersey,,,,,'10706726,500.0,shopify,95,deny,manual,1599.00,,true,false,,,,,'10706726,https://cdn.shopify.com/s/files/1/0618/2368/0740/files/1_7e2badd5-4229-4809-bba6-fdffb684fdb8.png?v=1683922445,1,Black Spring Lady Printed Loungewear - front view - unisex wear Pakistan,false,,"This Black Spring Lady Printed Loungewear is an essential for the summer months. Crafted with a soft cotton jersey fabric, it provides the perfect blend of comfort and breathability. Non-restrictive, its relaxed shape ensures maximum ease and freedom of movement.",,,,,,,,,,,,,,,,,,,,,,,,,,,,,,,,,,,,,,,,,https://cdn.shopify.com/s/files/1/0618/2368/0740/files/1_7e2badd5-4229-4809-bba6-fdffb684fdb8.png?v=1683922445,g,,,true,,,draft
black-spring-lady-printed-loungewear,,,,,,,,,,,,,,,,,,,,,,,,,,,,,,,,https://cdn.shopify.com/s/files/1/0618/2368/0740/files/0330-1364862_1_15630fac-695b-4d84-85fa-308c3961c24c.png?v=1683922455,2,Black Spring Lady Printed Loungewear - back view - unisex wear Pakistan,,,,,,,,,,,,,,,,,,,,,,,,,,,,,,,,,,,,,,,,,,,,,,,,,,,
pink-spring-lady-printed-loungewear,Pink Spring Lady Printed Loungewear,"<h4>Pink Spring Lady Printed Loungewear</h4>
<p>This Pink Spring Lady Printed Loungewear is an essential for the summer months. Crafted with a soft cotton jersey fabric, it provides the perfect blend of comfort and breathability. Non-restrictive, its relaxed shape ensures maximum ease and freedom of movement.</p>
<ul class="""">
<li class="""">Blended Cotton jersey stuff which will provide you most comfort zone at night</li>
<li class="""">Export quality fabric </li>
<li class="""">Round neck style night wear</li>
<li class="""">Long sleeves with round cuff</li>
<li class="""">Loose fitting trouser with extra stretchable material which will relax you more after wearing</li>
<li class="""">Trouser has no pockets</li>
<li class="""">Maximum durably of night wear is 7 months ( if you wash daily basis)</li>
<li class="""">Good Quality Elastic in trouser with maximum stretch</li>
<li class="""">Best Quality of stitching</li>
</ul>
<div><br></div>",BBG FASHION,Apparel & Accessories > Clothing > Sleepwear & Loungewear,Loungewear,"Loungewear, NEW ARRIVAL, woo",false,Size,Free Size,,Material,Soft Jersey,,,,,'10706725,500.0,shopify,95,deny,manual,1599.00,,true,false,,,,,'10706725,https://cdn.shopify.com/s/files/1/0618/2368/0740/files/4_8b1d5989-db5d-4b56-8f1b-572b36439692.png?v=1683922393,1,Pink Spring Lady Printed Loungewear - front view - unisex wear Pakistan,false,,"This Pink Spring Lady Printed Loungewear is an essential for the summer months. Crafted with a soft cotton jersey fabric, it provides the perfect blend of comfort and breathability. Non-restrictive, its relaxed shape ensures maximum ease and freedom of movement.",,,,,,,,,,,,,,,,,,,,,,,,,,,,,,,,,,,,,,,,,https://cdn.shopify.com/s/files/1/0618/2368/0740/files/4_8b1d5989-db5d-4b56-8f1b-572b36439692.png?v=1683922393,g,,,true,,,draft
pink-spring-lady-printed-loungewear,,,,,,,,,,,,,,,,,,,,,,,,,,,,,,,,https://cdn.shopify.com/s/files/1/0618/2368/0740/files/0330-1364862_1_ffa0d204-31f8-4677-af0f-e52129d89444.png?v=1683922393,2,Pink Spring Lady Printed Loungewear - back view - unisex wear Pakistan,,,,,,,,,,,,,,,,,,,,,,,,,,,,,,,,,,,,,,,,,,,,,,,,,,,
yellow-spring-lady-printed-loungewear,Yellow Spring Lady Printed Loungewear,"<h4>Yellow Spring Lady Printed Loungewear</h4>
<p>This Yellow Spring Lady Printed Loungewear is an essential for the summer months. Crafted with a soft cotton jersey fabric, it provides the perfect blend of comfort and breathability. Non-restrictive, its relaxed shape ensures maximum ease and freedom of movement.</p>
<ul class="""">
<li class="""">Blended Cotton jersey stuff which will provide you most comfort zone at night</li>
<li class="""">Export quality fabric </li>
<li class="""">Round neck style night wear</li>
<li class="""">Long sleeves with round cuff</li>
<li class="""">Loose fitting trouser with extra stretchable material which will relax you more after wearing</li>
<li class="""">Trouser has no pockets</li>
<li class="""">Maximum durably of night wear is 7 months ( if you wash daily basis)</li>
<li class="""">Good Quality Elastic in trouser with maximum stretch</li>
<li class="""">Best Quality of stitching</li>
</ul>
<div><br></div>",BBG FASHION,Apparel & Accessories > Clothing > Sleepwear & Loungewear,Loungewear,"Loungewear, woo",false,Size,Free Size,,Material,Soft Jersey,,,,,'10708883,500.0,shopify,99,deny,manual,1599.00,,true,false,,,,,'10708883,https://cdn.shopify.com/s/files/1/0618/2368/0740/files/3_2d5b12d8-597e-4cd1-8acb-8d4d3a96ffbb.png?v=1683921535,1,Yellow Spring Lady Printed Loungewear - front view - unisex wear Pakistan,false,,"This Yellow Spring Lady Printed Loungewear is an essential for the summer months. Crafted with a soft cotton jersey fabric, it provides the perfect blend of comfort and breathability. Non-restrictive, its relaxed shape ensures maximum ease and freedom of movement.",,,,,,,,,,,,,,,,,,,,,,,,,,,,,,,,,,,,,,,,,https://cdn.shopify.com/s/files/1/0618/2368/0740/files/3_2d5b12d8-597e-4cd1-8acb-8d4d3a96ffbb.png?v=1683921535,g,,,true,,,draft
yellow-spring-lady-printed-loungewear,,,,,,,,,xxl,,,Soft Jersey,,,,,'10706724,500.0,shopify,100,deny,manual,1899.00,,true,false,,,,,'10706724,https://cdn.shopify.com/s/files/1/0618/2368/0740/files/0330-1364862_1.png?v=1683922010,2,Yellow Spring Lady Printed Loungewear - back view - unisex wear Pakistan,,,,,,,,,,,,,,,,,,,,,,,,,,,,,,,,,,,,,,,,,,,,https://cdn.shopify.com/s/files/1/0618/2368/0740/files/3_2d5b12d8-597e-4cd1-8acb-8d4d3a96ffbb.png?v=1683921535,g,,,,,,
women-s-hot-pink-love-print-tee-trouser-co-ord-set,Pink Crush Pajama Set,"<h4 data-start=""214"" data-end=""457"">Pink Crush Pajama Set</h4>
<p class=""isSelectedEnd""><span>Bright, playful, and irresistibly comfortable, the Pink Crush Pajama Set is designed for women who love comfort with a touch of charm. Featuring a vibrant pink color and an all-over love-inspired print, this two-piece set adds a cheerful vibe to your everyday loungewear collection.</span></p>
<p class=""isSelectedEnd""><span>Made from soft, breathable fabric, it offers a relaxed fit that feels gentle on the skin and keeps you comfortable throughout the day and night. Whether you're relaxing at home, enjoying a lazy weekend, or settling in for a restful sleep, this pajama set is your perfect companion.</span></p>
<p class=""isSelectedEnd""><span>Features:</span><br><span>• Soft and breathable premium fabric</span><br><span>• Stylish all-over love print design</span><br><span>• Comfortable round-neck short-sleeve top</span><br><span>• Relaxed fit wide-leg trousers</span><br><span>• Lightweight and skin-friendly</span><br><span>• Ideal for lounging, sleeping, and casual home wear</span><br><span>• Easy-care fabric for everyday use</span></p>
<p class=""isSelectedEnd""><span>Color:</span><br><span>• Bright Pink</span></p>
<p class=""isSelectedEnd""><span>Package Includes:</span><br><span>• 1 Printed Top</span><br><span>• 1 Matching Pajama Trouser</span></p>
<p><span>Stay cozy, stylish, and comfortable with the Pink Crush Pajama Set — made for relaxing in style.</span></p>",BBG FASHION,Apparel & Accessories > Clothing > Sleepwear & Loungewear > Nightgowns,Pajama Set,casual wear twinset,true,Size,medium,product.metafields.shopify.size,,,,,,,'10708881,500.0,shopify,95,deny,manual,1499.00,,true,false,,,,,'10708881,https://cdn.shopify.com/s/files/1/0618/2368/0740/files/04_cc3ab9ff-ffa7-484d-857c-a94085390a1b.png?v=1775737667,1,Women S Hot Pink Love Print Tee Trouser Co Ord Set - front view - women's wear Pakistan,false,,"Shop the Pink Crush Pajama Set featuring a vibrant pink love-print design, soft breathable fabric, and a relaxed fit. Perfect for lounging, sleeping, and everyday comfort.",,,,,,,,,,,,,,,,,,,,,,,,,,,,,,,medium; large; xl,,,,,,,,,,,g,,,true,,,active
women-s-hot-pink-love-print-tee-trouser-co-ord-set,,,,,,,,,large,,,,,,,,'10708882,500.0,shopify,96,deny,manual,1499.00,,true,false,,,,,'10708882,https://cdn.shopify.com/s/files/1/0618/2368/0740/files/01_40c5fd82-a449-4d98-b578-64ee694122ed.png?v=1775737667,2,Women S Hot Pink Love Print Tee Trouser Co Ord Set - back view - women's wear Pakistan,,,,,,,,,,,,,,,,,,,,,,,,,,,,,,,,,,,,,,,,,,,,,g,,,,,,
women-s-hot-pink-love-print-tee-trouser-co-ord-set,,,,,,,,,xl,,,,,,,,'10706723,500.0,shopify,96,deny,manual,1499.00,,true,false,,,,,'10706723,https://cdn.shopify.com/s/files/1/0618/2368/0740/files/02_426fc403-12b9-429d-9e27-059d21845d65.png?v=1775737667,3,Women S Hot Pink Love Print Tee Trouser Co Ord Set - side view - women's wear Pakistan,,,,,,,,,,,,,,,,,,,,,,,,,,,,,,,,,,,,,,,,,,,,,g,,,,,,
women-s-hot-pink-love-print-tee-trouser-co-ord-set,,,,,,,,,,,,,,,,,,,,,,,,,,,,,,,,https://cdn.shopify.com/s/files/1/0618/2368/0740/files/03_3c1af342-b6ba-43ea-aeda-22ac702db7d6.png?v=1775737667,4,Women S Hot Pink Love Print Tee Trouser Co Ord Set - detail shot - women's wear Pakistan,,,,,,,,,,,,,,,,,,,,,,,,,,,,,,,,,,,,,,,,,,,,,,,,,,,
women-s-hot-pink-love-print-tee-trouser-co-ord-set,,,,,,,,,,,,,,,,,,,,,,,,,,,,,,,,https://cdn.shopify.com/s/files/1/0618/2368/0740/files/05_174c08fa-f547-4e63-8346-fd460d71dec7.png?v=1775737667,5,Women S Hot Pink Love Print Tee Trouser Co Ord Set - front view - women's wear Pakistan,,,,,,,,,,,,,,,,,,,,,,,,,,,,,,,,,,,,,,,,,,,,,,,,,,,
women-s-hot-pink-love-print-tee-trouser-co-ord-set,,,,,,,,,,,,,,,,,,,,,,,,,,,,,,,,https://cdn.shopify.com/s/files/1/0618/2368/0740/files/Sizechart.webp?v=1775737667,6,Women S Hot Pink Love Print Tee Trouser Co Ord Set size chart - measurements guide,,,,,,,,,,,,,,,,,,,,,,,,,,,,,,,,,,,,,,,,,,,,,,,,,,,
blue-superman-kids-short-sleeve-kids-wear,Blue Superman Kids Short Sleeve Kids Wear,"<h4 data-mce-fragment=""1"">Blue Superman Kids Short Sleeve Kids Wear</h4>
<p data-mce-fragment=""1"">Pair of Shirt &amp; Trouser</p>
<p data-mce-fragment=""1"">Fabric: Soft High-Quality Jersey</p>
<p data-mce-fragment=""1"">Full Sleeve T-Shirt</p>
<p data-mce-fragment=""1"">Contrast Trouser</p>
<p data-mce-fragment=""1"">Round Neck</p>
<p data-mce-fragment=""1"">Two-Tone Color Shirt</p>
<p data-mce-fragment=""1"">Printed Cartoon</p>
<p data-mce-fragment=""1"">Comfortable Wear</p>
<p data-mce-fragment=""1"">Easy Wash &amp; Press</p>
<p data-mce-fragment=""1"">Sizes 1-10 years<br data-mce-fragment=""1""></p>
<p data-mce-fragment=""1""><span data-mce-fragment=""1"">Gender: Male/ Female ( BABY &amp; BABA BOTH)</span></p>",BBG FASHION,Apparel & Accessories > Clothing > Baby & Toddler Clothing,Kids Half Sleeves Twinset,"k, kids half sleeves, NEW ARRIVAL",false,Size,2 - 6 Months,,,,,,,,'10708875,500.0,shopify,94,deny,manual,747.00,1199.00,true,false,,,,,'10708875,https://cdn.shopify.com/s/files/1/0618/2368/0740/products/7_4c997872-b2d9-40a4-beb3-5cff50c41520.png?v=1681130482,1,Blue Superman Kids Short Sleeve Kids Wear - front view - kids wear Pakistan,false,,Kidswear pair of Shirt & Trouser. Fabric: is Soft and High-Quality Jersey with Full Sleeve T-Shirt with Round Neck and Contrast Trouser Printed Cartoon Childrens Clothing comfortable to wear and Easy Wash. Available Kids collection wear size 1 - 10 Years with fresh fashions and Funny designs at www.bbgfashion.pk,,,,,,,,,,,,,,,,,,,,,,,,,,,,,,,,,,,,,,,,,https://cdn.shopify.com/s/files/1/0618/2368/0740/products/7_4c997872-b2d9-40a4-beb3-5cff50c41520.png?v=1681130482,kg,,,true,,,draft
blue-superman-kids-short-sleeve-kids-wear,,,,,,,,,6- 12 Months,,,,,,,,'10708876,500.0,shopify,77,deny,manual,747.00,1199.00,true,false,,,,,'10708876,https://cdn.shopify.com/s/files/1/0618/2368/0740/products/NewArrival600x600_86566a0d-c3f4-4e48-8f45-3a5ac0deaf55.png?v=1681130482,2,Blue Superman Kids Short Sleeve Kids Wear - back view - kids wear Pakistan,,,,,,,,,,,,,,,,,,,,,,,,,,,,,,,,,,,,,,,,,,,,https://cdn.shopify.com/s/files/1/0618/2368/0740/products/7_4c997872-b2d9-40a4-beb3-5cff50c41520.png?v=1681130482,kg,,,,,,
blue-superman-kids-short-sleeve-kids-wear,,,,,,,,,13 - 24 Months,,,,,,,,'10708877,500.0,shopify,73,deny,manual,747.00,1199.00,true,false,,,,,'10708877,,,,,,,,,,,,,,,,,,,,,,,,,,,,,,,,,,,,,,,,,,,,,,,https://cdn.shopify.com/s/files/1/0618/2368/0740/products/7_4c997872-b2d9-40a4-beb3-5cff50c41520.png?v=1681130482,kg,,,,,,
blue-superman-kids-short-sleeve-kids-wear,,,,,,,,,2 - 3 Years,,,,,,,,'10708878,500.0,shopify,84,deny,manual,747.00,1199.00,true,false,,,,,'10708878,,,,,,,,,,,,,,,,,,,,,,,,,,,,,,,,,,,,,,,,,,,,,,,https://cdn.shopify.com/s/files/1/0618/2368/0740/products/7_4c997872-b2d9-40a4-beb3-5cff50c41520.png?v=1681130482,kg,,,,,,
blue-superman-kids-short-sleeve-kids-wear,,,,,,,,,3 - 4 Years,,,,,,,,'10708879,500.0,shopify,73,deny,manual,747.00,1199.00,true,false,,,,,'10708879,,,,,,,,,,,,,,,,,,,,,,,,,,,,,,,,,,,,,,,,,,,,,,,https://cdn.shopify.com/s/files/1/0618/2368/0740/products/7_4c997872-b2d9-40a4-beb3-5cff50c41520.png?v=1681130482,kg,,,,,,
blue-superman-kids-short-sleeve-kids-wear,,,,,,,,,4 - 5 Years,,,,,,,,'10708880,500.0,shopify,86,deny,manual,747.00,1199.00,true,false,,,,,'10708880,,,,,,,,,,,,,,,,,,,,,,,,,,,,,,,,,,,,,,,,,,,,,,,https://cdn.shopify.com/s/files/1/0618/2368/0740/products/7_4c997872-b2d9-40a4-beb3-5cff50c41520.png?v=1681130482,kg,,,,,,
blue-superman-kids-short-sleeve-kids-wear,,,,,,,,,6 Years,,,,,,,,'10706722,500.0,shopify,81,deny,manual,747.00,1199.00,true,false,,,,,'10706722,,,,,,,,,,,,,,,,,,,,,,,,,,,,,,,,,,,,,,,,,,,,,,,https://cdn.shopify.com/s/files/1/0618/2368/0740/products/7_4c997872-b2d9-40a4-beb3-5cff50c41520.png?v=1681130482,kg,,,,,,
orange-truck-off-road-kids-short-sleeve-kids-wear,Orange Truck Short Set,"<h4 data-section-id=""1th45q5"" data-start=""340"" data-end=""366"">Orange Truck Short Set</h4>
<p data-start=""368"" data-end=""599"">Let your little champ roll into style with our fun and playful <strong data-start=""431"" data-end=""457"">Orange Truck Short Set</strong>. Designed with a cool truck graphic T-shirt and matching comfy shorts, this outfit is perfect for active boys who love adventure and comfort.</p>
<p data-start=""601"" data-end=""775"">Made from soft, breathable fabric, this summer-ready set keeps kids cool and comfortable all day long — whether they’re playing indoors, heading out, or enjoying family time.</p>
<h3 data-section-id=""q4c1cr"" data-start=""777"" data-end=""790"">Features:</h3>
<ul data-start=""791"" data-end=""1027"">
<li data-section-id=""yw7pwf"" data-start=""791"" data-end=""817"">Soft &amp; breathable fabric</li>
<li data-section-id=""1dstext"" data-start=""818"" data-end=""850"">Fun truck-themed graphic print</li>
<li data-section-id=""1w0n35c"" data-start=""851"" data-end=""885"">Comfortable elastic waist shorts</li>
<li data-section-id=""7n0ijn"" data-start=""886"" data-end=""926"">Lightweight and skin-friendly material</li>
<li data-section-id=""wsreaa"" data-start=""927"" data-end=""963"">Perfect for summer and casual wear</li>
<li data-section-id=""kubk5u"" data-start=""964"" data-end=""999"">Durable stitching for active kids</li>
<li data-section-id=""14zoq4i"" data-start=""1000"" data-end=""1027"">Easy to wash and maintain</li>
</ul>",BBG FASHION,Apparel & Accessories > Clothing > Baby & Toddler Clothing,Kids Half Sleeves Twinset,kids half sleeves,true,Size,2-6-months,product.metafields.shopify.size,,,,,,,'10708869,500.0,shopify,85,deny,manual,899.00,0.00,true,false,,,,,'10708869,https://cdn.shopify.com/s/files/1/0618/2368/0740/files/WhatsAppImage2026-05-22at6.09.07PM_1.jpg?v=1779457575,1,"",false,,"Shop the Orange Truck Short Set for boys at BBG Fashion. Featuring a cool truck-themed print, soft breathable fabric, and comfy shorts — perfect for summer adventures and everyday wear.",,,,,,,,,,,,,'1,,,,,,,,,,,,,,,,,,2-6-months; 6-12; 13-14-months; 2-3-years; 3-4-years; 4-5-years; 5-6-years-1,,,,,,,,,,,kg,,,true,,,active
orange-truck-off-road-kids-short-sleeve-kids-wear,,,,,,,,,6-12,,,,,,,,'10708870,500.0,shopify,71,deny,manual,899.00,0.00,true,false,,,,,'10708870,https://cdn.shopify.com/s/files/1/0618/2368/0740/files/WhatsAppImage2026-05-22at6.09.07PM_2.jpg?v=1779457575,2,"",,,,,,,,,,,,,,,,,,,,,,,,,,,,,,,,,,,,,,,,,,,,,kg,,,,,,
orange-truck-off-road-kids-short-sleeve-kids-wear,,,,,,,,,13-14-months,,,,,,,,'10708871,500.0,shopify,61,deny,manual,899.00,0.00,true,false,,,,,'10708871,https://cdn.shopify.com/s/files/1/0618/2368/0740/files/WhatsAppImage2026-05-22at6.09.07PM.jpg?v=1779457575,3,"",,,,,,,,,,,,,,,,,,,,,,,,,,,,,,,,,,,,,,,,,,,,,kg,,,,,,
orange-truck-off-road-kids-short-sleeve-kids-wear,,,,,,,,,2-3-years,,,,,,,,'10708872,500.0,shopify,61,deny,manual,899.00,0.00,true,false,,,,,'10708872,https://cdn.shopify.com/s/files/1/0618/2368/0740/files/2-6bbgshortset_b5818b23-7956-40aa-8909-163680ff6e5a.webp?v=1781185348,4,"",,,,,,,,,,,,,,,,,,,,,,,,,,,,,,,,,,,,,,,,,,,,,kg,,,,,,
orange-truck-off-road-kids-short-sleeve-kids-wear,,,,,,,,,3-4-years,,,,,,,,'10708873,500.0,shopify,65,deny,manual,899.00,0.00,true,false,,,,,'10708873,,,,,,,,,,,,,,,,,,,,,,,,,,,,,,,,,,,,,,,,,,,,,,,,kg,,,,,,
orange-truck-off-road-kids-short-sleeve-kids-wear,,,,,,,,,4-5-years,,,,,,,,'10708874,500.0,shopify,70,deny,manual,899.00,0.00,true,false,,,,,'10708874,,,,,,,,,,,,,,,,,,,,,,,,,,,,,,,,,,,,,,,,,,,,,,,,kg,,,,,,
orange-truck-off-road-kids-short-sleeve-kids-wear,,,,,,,,,5-6-years-1,,,,,,,,'10706721,500.0,shopify,67,deny,manual,899.00,0.00,true,false,,,,,'10706721,,,,,,,,,,,,,,,,,,,,,,,,,,,,,,,,,,,,,,,,,,,,,,,,kg,,,,,,
blue-sea-journey-kids-short-sleeve-kids-wear,Blue Sea Journey Kids Short Sleeve Kids Wear,"<h4 data-mce-fragment=""1"">Blue Sea Journey Kids Short Sleeve Kids Wear</h4>
<p data-mce-fragment=""1"">Pair of Shirt &amp; Trouser</p>
<p data-mce-fragment=""1"">Fabric: Soft High-Quality Jersey</p>
<p data-mce-fragment=""1"">Full Sleeve T-Shirt</p>
<p data-mce-fragment=""1"">Contrast Trouser</p>
<p data-mce-fragment=""1"">Round Neck</p>
<p data-mce-fragment=""1"">Two-Tone Color Shirt</p>
<p data-mce-fragment=""1"">Printed Cartoon</p>
<p data-mce-fragment=""1"">Comfortable Wear</p>
<p data-mce-fragment=""1"">Easy Wash &amp; Press</p>
<p data-mce-fragment=""1"">Sizes 1-10 years<br data-mce-fragment=""1""></p>
<p data-mce-fragment=""1""><span data-mce-fragment=""1"">Gender: Male/ Female ( BABY &amp; BABA BOTH)</span></p>",BBG FASHION,Apparel & Accessories > Clothing > Baby & Toddler Clothing,Kids Half Sleeves Twinset,"k, kids half sleeves, NEW ARRIVAL",false,Size,2 - 6 Months,,,,,,,,'10708863,500.0,shopify,86,deny,manual,899.00,0.00,true,false,,,,,'10708863,https://cdn.shopify.com/s/files/1/0618/2368/0740/products/5_bb9a8941-c597-4a6d-9b1e-89af6401b673.png?v=1681130325,1,Blue Sea Journey Kids Short Sleeve Kids Wear - front view - kids wear Pakistan,false,,Kidswear pair of Shirt & Trouser. Fabric: is Soft and High-Quality Jersey with Full Sleeve T-Shirt with Round Neck and Contrast Trouser Printed Cartoon Childrens Clothing comfortable to wear and Easy Wash. Available Kids collection wear size 1 - 10 Years with fresh fashions and Funny designs at www.bbgfashion.pk,,,,,,,,,,,,,,,,,,,,,,,,,,,,,,,,,,,,,,,,,https://cdn.shopify.com/s/files/1/0618/2368/0740/products/5_bb9a8941-c597-4a6d-9b1e-89af6401b673.png?v=1681130325,kg,,,true,,,draft
blue-sea-journey-kids-short-sleeve-kids-wear,,,,,,,,,6- 12 Months,,,,,,,,'10708864,500.0,shopify,66,deny,manual,899.00,0.00,true,false,,,,,'10708864,https://cdn.shopify.com/s/files/1/0618/2368/0740/products/NewArrival600x600_dccefab5-9912-4acb-972a-c57e307c327f.png?v=1681130330,2,Blue Sea Journey Kids Short Sleeve Kids Wear - back view - kids wear Pakistan,,,,,,,,,,,,,,,,,,,,,,,,,,,,,,,,,,,,,,,,,,,,https://cdn.shopify.com/s/files/1/0618/2368/0740/products/5_bb9a8941-c597-4a6d-9b1e-89af6401b673.png?v=1681130325,kg,,,,,,
blue-sea-journey-kids-short-sleeve-kids-wear,,,,,,,,,13 - 24 Months,,,,,,,,'10708865,500.0,shopify,63,deny,manual,899.00,0.00,true,false,,,,,'10708865,,,,,,,,,,,,,,,,,,,,,,,,,,,,,,,,,,,,,,,,,,,,,,,https://cdn.shopify.com/s/files/1/0618/2368/0740/products/5_bb9a8941-c597-4a6d-9b1e-89af6401b673.png?v=1681130325,kg,,,,,,
blue-sea-journey-kids-short-sleeve-kids-wear,,,,,,,,,2 - 3 Years,,,,,,,,'10708866,500.0,shopify,77,deny,manual,899.00,0.00,true,false,,,,,'10708866,,,,,,,,,,,,,,,,,,,,,,,,,,,,,,,,,,,,,,,,,,,,,,,https://cdn.shopify.com/s/files/1/0618/2368/0740/products/5_bb9a8941-c597-4a6d-9b1e-89af6401b673.png?v=1681130325,kg,,,,,,
blue-sea-journey-kids-short-sleeve-kids-wear,,,,,,,,,3 - 4 Years,,,,,,,,'10708867,500.0,shopify,69,deny,manual,899.00,0.00,true,false,,,,,'10708867,,,,,,,,,,,,,,,,,,,,,,,,,,,,,,,,,,,,,,,,,,,,,,,https://cdn.shopify.com/s/files/1/0618/2368/0740/products/5_bb9a8941-c597-4a6d-9b1e-89af6401b673.png?v=1681130325,kg,,,,,,
blue-sea-journey-kids-short-sleeve-kids-wear,,,,,,,,,4 - 5 Years,,,,,,,,'10708868,500.0,shopify,82,deny,manual,899.00,0.00,true,false,,,,,'10708868,,,,,,,,,,,,,,,,,,,,,,,,,,,,,,,,,,,,,,,,,,,,,,,https://cdn.shopify.com/s/files/1/0618/2368/0740/products/5_bb9a8941-c597-4a6d-9b1e-89af6401b673.png?v=1681130325,kg,,,,,,
blue-sea-journey-kids-short-sleeve-kids-wear,,,,,,,,,6 Years,,,,,,,,'10706720,500.0,shopify,83,deny,manual,899.00,0.00,true,false,,,,,'10706720,,,,,,,,,,,,,,,,,,,,,,,,,,,,,,,,,,,,,,,,,,,,,,,https://cdn.shopify.com/s/files/1/0618/2368/0740/products/5_bb9a8941-c597-4a6d-9b1e-89af6401b673.png?v=1681130325,kg,,,,,,
yellow-hi-dino-printed-kids-short-sleeve-kids-wear,Yellow Hi Dino Printed Kids Short Sleeve Kids Wear,"<h4 data-mce-fragment=""1"">Yellow Hi Dino Printed Kids Short Sleeve Kids Wear</h4>
<p data-mce-fragment=""1"">Pair of Shirt &amp; Trouser</p>
<p data-mce-fragment=""1"">Fabric: Soft High-Quality Jersey</p>
<p data-mce-fragment=""1"">Full Sleeve T-Shirt</p>
<p data-mce-fragment=""1"">Contrast Trouser</p>
<p data-mce-fragment=""1"">Round Neck</p>
<p data-mce-fragment=""1"">Two-Tone Color Shirt</p>
<p data-mce-fragment=""1"">Printed Cartoon</p>
<p data-mce-fragment=""1"">Comfortable Wear</p>
<p data-mce-fragment=""1"">Easy Wash &amp; Press</p>
<p data-mce-fragment=""1"">Sizes 1-10 years<br data-mce-fragment=""1""></p>
<p data-mce-fragment=""1""><span data-mce-fragment=""1"">Gender: Male/ Female ( BABY &amp; BABA BOTH)</span></p>",BBG FASHION,Apparel & Accessories > Clothing > Baby & Toddler Clothing,Kids Half Sleeves Twinset,"k, kids half sleeves, NEW ARRIVAL",false,Size,2 - 6 Months,,,,,,,,'10708857,500.0,shopify,84,deny,manual,747.00,1199.00,true,false,,,,,'10708857,https://cdn.shopify.com/s/files/1/0618/2368/0740/products/4_52e998fe-d415-4242-83c3-06e886486b68.png?v=1681130171,1,Yellow Hi Dino Printed Kids Short Sleeve Kids Wear - front view - kids wear Pakistan,false,,Kidswear pair of Shirt & Trouser. Fabric: is Soft and High-Quality Jersey with Full Sleeve T-Shirt with Round Neck and Contrast Trouser Printed Cartoon Childrens Clothing comfortable to wear and Easy Wash. Available Kids collection wear size 1 - 10 Years with fresh fashions and Funny designs at www.bbgfashion.pk,,,,,,,,,,,,,'1,,,,,,,,,,,,,,,,,,,,,,,,,,,,https://cdn.shopify.com/s/files/1/0618/2368/0740/products/4_52e998fe-d415-4242-83c3-06e886486b68.png?v=1681130171,kg,,,true,,,draft
yellow-hi-dino-printed-kids-short-sleeve-kids-wear,,,,,,,,,6- 12 Months,,,,,,,,'10708858,500.0,shopify,59,deny,manual,747.00,1199.00,true,false,,,,,'10708858,https://cdn.shopify.com/s/files/1/0618/2368/0740/products/NewArrival600x600_f6a80a15-da7c-4320-acbc-84b591b439e5.png?v=1681130177,2,Yellow Hi Dino Printed Kids Short Sleeve Kids Wear - back view - kids wear Pakistan,,,,,,,,,,,,,,,,,,,,,,,,,,,,,,,,,,,,,,,,,,,,https://cdn.shopify.com/s/files/1/0618/2368/0740/products/4_52e998fe-d415-4242-83c3-06e886486b68.png?v=1681130171,kg,,,,,,
yellow-hi-dino-printed-kids-short-sleeve-kids-wear,,,,,,,,,13 - 24 Months,,,,,,,,'10708859,500.0,shopify,52,deny,manual,747.00,1199.00,true,false,,,,,'10708859,,,,,,,,,,,,,,,,,,,,,,,,,,,,,,,,,,,,,,,,,,,,,,,https://cdn.shopify.com/s/files/1/0618/2368/0740/products/4_52e998fe-d415-4242-83c3-06e886486b68.png?v=1681130171,kg,,,,,,
yellow-hi-dino-printed-kids-short-sleeve-kids-wear,,,,,,,,,2 - 3 Years,,,,,,,,'10708860,500.0,shopify,69,deny,manual,747.00,1199.00,true,false,,,,,'10708860,,,,,,,,,,,,,,,,,,,,,,,,,,,,,,,,,,,,,,,,,,,,,,,https://cdn.shopify.com/s/files/1/0618/2368/0740/products/4_52e998fe-d415-4242-83c3-06e886486b68.png?v=1681130171,kg,,,,,,
yellow-hi-dino-printed-kids-short-sleeve-kids-wear,,,,,,,,,3 - 4 Years,,,,,,,,'10708861,500.0,shopify,52,deny,manual,747.00,1199.00,true,false,,,,,'10708861,,,,,,,,,,,,,,,,,,,,,,,,,,,,,,,,,,,,,,,,,,,,,,,https://cdn.shopify.com/s/files/1/0618/2368/0740/products/4_52e998fe-d415-4242-83c3-06e886486b68.png?v=1681130171,kg,,,,,,
yellow-hi-dino-printed-kids-short-sleeve-kids-wear,,,,,,,,,4 - 5 Years,,,,,,,,'10708862,500.0,shopify,68,deny,manual,747.00,1199.00,true,false,,,,,'10708862,,,,,,,,,,,,,,,,,,,,,,,,,,,,,,,,,,,,,,,,,,,,,,,https://cdn.shopify.com/s/files/1/0618/2368/0740/products/4_52e998fe-d415-4242-83c3-06e886486b68.png?v=1681130171,kg,,,,,,
yellow-hi-dino-printed-kids-short-sleeve-kids-wear,,,,,,,,,6 Years,,,,,,,,'10706719,500.0,shopify,68,deny,manual,747.00,1199.00,true,false,,,,,'10706719,,,,,,,,,,,,,,,,,,,,,,,,,,,,,,,,,,,,,,,,,,,,,,,https://cdn.shopify.com/s/files/1/0618/2368/0740/products/4_52e998fe-d415-4242-83c3-06e886486b68.png?v=1681130171,kg,,,,,,
sky-blue-roacket-printed-kids-short-sleeve-kids-wear,Sky Blue Rocket Printed Kids Short Sleeve Kids Wear,"<h4 data-mce-fragment=""1"">Sky Blue Rocket Printed Kids Short Sleeve Kids Wear</h4>
<p data-mce-fragment=""1"">Pair of Shirt &amp; Trouser</p>
<p data-mce-fragment=""1"">Fabric: Soft High-Quality Jersey</p>
<p data-mce-fragment=""1"">Full Sleeve T-Shirt</p>
<p data-mce-fragment=""1"">Contrast Trouser</p>
<p data-mce-fragment=""1"">Round Neck</p>
<p data-mce-fragment=""1"">Two-Tone Color Shirt</p>
<p data-mce-fragment=""1"">Printed Cartoon</p>
<p data-mce-fragment=""1"">Comfortable Wear</p>
<p data-mce-fragment=""1"">Easy Wash &amp; Press</p>
<p data-mce-fragment=""1"">Sizes 1-10 years<br data-mce-fragment=""1""></p>
<p data-mce-fragment=""1""><span data-mce-fragment=""1"">Gender: Male/ Female ( BABY &amp; BABA BOTH)</span></p>",BBG FASHION,Apparel & Accessories > Clothing > Baby & Toddler Clothing,Kids Half Sleeves Twinset,"k, kids half sleeves, NEW ARRIVAL",false,Size,2 - 6 Months,,,,,,,,'10708851,500.0,shopify,89,deny,manual,899.00,1199.00,true,false,,,,,'10708851,https://cdn.shopify.com/s/files/1/0618/2368/0740/products/3_2781ccdf-1654-412a-9158-ee2243a0e64b.png?v=1681130082,1,Sky Blue Roacket Printed Kids Short Sleeve Kids Wear - front view - kids wear Pakistan,false,,Kidswear pair of Shirt & Trouser. Fabric: is Soft and High-Quality Jersey with Full Sleeve T-Shirt with Round Neck and Contrast Trouser Printed Cartoon Childrens Clothing comfortable to wear and Easy Wash. Available Kids collection wear size 1 - 10 Years with fresh fashions and Funny designs at www.bbgfashion.pk,,,,,,,,,,,,,'1,,,,,,,,,,,,,,,,,,,,,,,,,,,,https://cdn.shopify.com/s/files/1/0618/2368/0740/products/3_2781ccdf-1654-412a-9158-ee2243a0e64b.png?v=1681130082,kg,,,true,,,draft
sky-blue-roacket-printed-kids-short-sleeve-kids-wear,,,,,,,,,6- 12 Months,,,,,,,,'10708852,500.0,shopify,84,deny,manual,899.00,1199.00,true,false,,,,,'10708852,https://cdn.shopify.com/s/files/1/0618/2368/0740/products/NewArrival600x600_1a0c4c28-828d-43fb-bf35-e889de5cfd55.png?v=1681130088,2,Sky Blue Roacket Printed Kids Short Sleeve Kids Wear - back view - kids wear Pakistan,,,,,,,,,,,,,,,,,,,,,,,,,,,,,,,,,,,,,,,,,,,,https://cdn.shopify.com/s/files/1/0618/2368/0740/products/3_2781ccdf-1654-412a-9158-ee2243a0e64b.png?v=1681130082,kg,,,,,,
sky-blue-roacket-printed-kids-short-sleeve-kids-wear,,,,,,,,,13 - 24 Months,,,,,,,,'10708853,500.0,shopify,86,deny,manual,899.00,1199.00,true,false,,,,,'10708853,,,,,,,,,,,,,,,,,,,,,,,,,,,,,,,,,,,,,,,,,,,,,,,https://cdn.shopify.com/s/files/1/0618/2368/0740/products/3_2781ccdf-1654-412a-9158-ee2243a0e64b.png?v=1681130082,kg,,,,,,
sky-blue-roacket-printed-kids-short-sleeve-kids-wear,,,,,,,,,2 - 3 Years,,,,,,,,'10708854,500.0,shopify,93,deny,manual,899.00,1199.00,true,false,,,,,'10708854,,,,,,,,,,,,,,,,,,,,,,,,,,,,,,,,,,,,,,,,,,,,,,,https://cdn.shopify.com/s/files/1/0618/2368/0740/products/3_2781ccdf-1654-412a-9158-ee2243a0e64b.png?v=1681130082,kg,,,,,,
sky-blue-roacket-printed-kids-short-sleeve-kids-wear,,,,,,,,,3 - 4 Years,,,,,,,,'10708855,500.0,shopify,88,deny,manual,899.00,1199.00,true,false,,,,,'10708855,,,,,,,,,,,,,,,,,,,,,,,,,,,,,,,,,,,,,,,,,,,,,,,https://cdn.shopify.com/s/files/1/0618/2368/0740/products/3_2781ccdf-1654-412a-9158-ee2243a0e64b.png?v=1681130082,kg,,,,,,
sky-blue-roacket-printed-kids-short-sleeve-kids-wear,,,,,,,,,4 - 5 Years,,,,,,,,'10708856,500.0,shopify,88,deny,manual,899.00,1199.00,true,false,,,,,'10708856,,,,,,,,,,,,,,,,,,,,,,,,,,,,,,,,,,,,,,,,,,,,,,,https://cdn.shopify.com/s/files/1/0618/2368/0740/products/3_2781ccdf-1654-412a-9158-ee2243a0e64b.png?v=1681130082,kg,,,,,,
sky-blue-roacket-printed-kids-short-sleeve-kids-wear,,,,,,,,,6 Years,,,,,,,,'10706718,500.0,shopify,93,deny,manual,899.00,1199.00,true,false,,,,,'10706718,,,,,,,,,,,,,,,,,,,,,,,,,,,,,,,,,,,,,,,,,,,,,,,https://cdn.shopify.com/s/files/1/0618/2368/0740/products/3_2781ccdf-1654-412a-9158-ee2243a0e64b.png?v=1681130082,kg,,,,,,
yellow-boom-dino-printed-kids-short-sleeve-kids-wear,Yellow Boom Dino Printed Kids Short Sleeve Kids Wear,"<h4 data-mce-fragment=""1"">Yellow Boom Dino Printed Kids Short Sleeve Kids Wear</h4>
<p data-mce-fragment=""1"">Pair of Shirt &amp; Trouser</p>
<p data-mce-fragment=""1"">Fabric: Soft High-Quality Jersey</p>
<p data-mce-fragment=""1"">Full Sleeve T-Shirt</p>
<p data-mce-fragment=""1"">Contrast Trouser</p>
<p data-mce-fragment=""1"">Round Neck</p>
<p data-mce-fragment=""1"">Two-Tone Color Shirt</p>
<p data-mce-fragment=""1"">Printed Cartoon</p>
<p data-mce-fragment=""1"">Comfortable Wear</p>
<p data-mce-fragment=""1"">Easy Wash &amp; Press</p>
<p data-mce-fragment=""1"">Sizes 1-10 years<br data-mce-fragment=""1""></p>
<p data-mce-fragment=""1""><span data-mce-fragment=""1"">Gender: Male/ Female ( BABY &amp; BABA BOTH)</span></p>",BBG FASHION,Apparel & Accessories > Clothing > Baby & Toddler Clothing,Kids Half Sleeves Twinset,"k, kids half sleeves, NEW ARRIVAL",false,Size,2 - 6 Months,,,,,,,,'10708845,500.0,shopify,85,deny,manual,899.00,1199.00,true,false,,,,,'10708845,https://cdn.shopify.com/s/files/1/0618/2368/0740/products/2_6e748dea-e61a-472f-8dd3-c85affd1aade.png?v=1681129935,1,Yellow Boom Dino Printed Kids Short Sleeve Kids Wear - front view - kids wear Pakistan,false,,Kidswear pair of Shirt & Trouser. Fabric: is Soft and High-Quality Jersey with Full Sleeve T-Shirt with Round Neck and Contrast Trouser Printed Cartoon Childrens Clothing comfortable to wear and Easy Wash. Available Kids collection wear size 1 - 10 Years with fresh fashions and Funny designs at www.bbgfashion.pk,,,,,,,,,,,,,'4,,,,,,,,,,,,,,,,,,,,,,,,,,,,https://cdn.shopify.com/s/files/1/0618/2368/0740/products/2_6e748dea-e61a-472f-8dd3-c85affd1aade.png?v=1681129935,kg,,,true,,,draft
yellow-boom-dino-printed-kids-short-sleeve-kids-wear,,,,,,,,,6- 12 Months,,,,,,,,'10708846,500.0,shopify,71,deny,manual,899.00,1199.00,true,false,,,,,'10708846,https://cdn.shopify.com/s/files/1/0618/2368/0740/products/NewArrival600x600_d2e19c37-166b-4757-9d12-b2820c2fb49c.png?v=1681129934,2,Yellow Boom Dino Printed Kids Short Sleeve Kids Wear - back view - kids wear Pakistan,,,,,,,,,,,,,,,,,,,,,,,,,,,,,,,,,,,,,,,,,,,,https://cdn.shopify.com/s/files/1/0618/2368/0740/products/2_6e748dea-e61a-472f-8dd3-c85affd1aade.png?v=1681129935,kg,,,,,,
yellow-boom-dino-printed-kids-short-sleeve-kids-wear,,,,,,,,,13 - 24 Months,,,,,,,,'10708847,500.0,shopify,56,deny,manual,899.00,1199.00,true,false,,,,,'10708847,,,,,,,,,,,,,,,,,,,,,,,,,,,,,,,,,,,,,,,,,,,,,,,https://cdn.shopify.com/s/files/1/0618/2368/0740/products/2_6e748dea-e61a-472f-8dd3-c85affd1aade.png?v=1681129935,kg,,,,,,
yellow-boom-dino-printed-kids-short-sleeve-kids-wear,,,,,,,,,2 - 3 Years,,,,,,,,'10708848,500.0,shopify,63,deny,manual,899.00,1199.00,true,false,,,,,'10708848,,,,,,,,,,,,,,,,,,,,,,,,,,,,,,,,,,,,,,,,,,,,,,,https://cdn.shopify.com/s/files/1/0618/2368/0740/products/2_6e748dea-e61a-472f-8dd3-c85affd1aade.png?v=1681129935,kg,,,,,,
yellow-boom-dino-printed-kids-short-sleeve-kids-wear,,,,,,,,,3 - 4 Years,,,,,,,,'10708849,500.0,shopify,66,deny,manual,899.00,1199.00,true,false,,,,,'10708849,,,,,,,,,,,,,,,,,,,,,,,,,,,,,,,,,,,,,,,,,,,,,,,https://cdn.shopify.com/s/files/1/0618/2368/0740/products/2_6e748dea-e61a-472f-8dd3-c85affd1aade.png?v=1681129935,kg,,,,,,
yellow-boom-dino-printed-kids-short-sleeve-kids-wear,,,,,,,,,4 - 5 Years,,,,,,,,'10708850,500.0,shopify,78,deny,manual,899.00,1199.00,true,false,,,,,'10708850,,,,,,,,,,,,,,,,,,,,,,,,,,,,,,,,,,,,,,,,,,,,,,,https://cdn.shopify.com/s/files/1/0618/2368/0740/products/2_6e748dea-e61a-472f-8dd3-c85affd1aade.png?v=1681129935,kg,,,,,,
yellow-boom-dino-printed-kids-short-sleeve-kids-wear,,,,,,,,,6 Years,,,,,,,,'10706717,500.0,shopify,82,deny,manual,899.00,1199.00,true,false,,,,,'10706717,,,,,,,,,,,,,,,,,,,,,,,,,,,,,,,,,,,,,,,,,,,,,,,https://cdn.shopify.com/s/files/1/0618/2368/0740/products/2_6e748dea-e61a-472f-8dd3-c85affd1aade.png?v=1681129935,kg,,,,,,
blue-green-printed-kids-short-sleeve-kids-wear,Volcano Dino Short Set - Blue,"<h4>Volcano Dino Short Set - Blue</h4>
<p data-start=""0"" data-end=""411"">Let your little explorer roar into fun with the <strong data-start=""74"" data-end=""100"">Volcano Dino Short Set</strong>. Designed for playful days and endless adventures, this adorable two-piece outfit features a vibrant dinosaur graphic tee paired with comfy matching shorts. Made from soft and breathable fabric, it keeps kids cool, active, and comfortable all day long. Perfect for summer outings, playdates, and everyday wear.</p>
<p data-start=""413"" data-end=""429""><strong data-start=""413"" data-end=""427"">Key Points</strong></p>
<ul data-start=""430"" data-end=""763"">
<li data-section-id=""1b58443"" data-start=""430"" data-end=""473"">Soft and breathable cotton-blend fabric</li>
<li data-section-id=""1r0qitf"" data-start=""474"" data-end=""523"">Fun dinosaur print with playful volcano theme</li>
<li data-section-id=""duma8f"" data-start=""524"" data-end=""570"">Comfortable round-neck half-sleeve t-shirt</li>
<li data-section-id=""4sa8jg"" data-start=""571"" data-end=""622"">Matching elastic-waist shorts for easy movement</li>
<li data-section-id=""7ocjvp"" data-start=""623"" data-end=""666"">Lightweight and perfect for summer wear</li>
<li data-section-id=""1y8hq6a"" data-start=""667"" data-end=""720"">Ideal for casual outings, playtime, and daily use</li>
<li data-section-id=""wmewt1"" data-start=""721"" data-end=""763"">Skin-friendly and gentle on kids’ skin</li>
</ul>",BBG FASHION,Apparel & Accessories > Clothing > Baby & Toddler Clothing,Kids Half Sleeves Twinset,"kids half sleeves, Premium Quality",true,Size,2-6-months,product.metafields.shopify.size,Color,blue-1,product.metafields.shopify.color-pattern,,,,'10708839,500.0,shopify,94,deny,manual,999.00,,true,false,,,,,'10708839,https://cdn.shopify.com/s/files/1/0618/2368/0740/files/WhatsAppImage2026-05-18at5.33.33PM.webp?v=1779108631,1,"",false,,"Shop the Volcano Dino Short Set for kids featuring a fun dinosaur graphic tee and comfy matching shorts. Soft, breathable, and perfect for summer adventures.",,,,,,,,,,,,,'4,,,,,,,,blue-1,,,,,,,,,,2-6-months; 6-12; 13-14-months; 2-3-years; 3-4-years; 4-5-years; 5-6-years-1,,,,,,,,,,,kg,,,true,,,active
blue-green-printed-kids-short-sleeve-kids-wear,,,,,,,,,6-12,,,blue-1,,,,,'10708840,500.0,shopify,93,deny,manual,999.00,,true,false,,,,,'10708840,https://cdn.shopify.com/s/files/1/0618/2368/0740/files/WhatsAppImage2026-05-18at5.33.32PM_1.webp?v=1779108631,2,"",,,,,,,,,,,,,,,,,,,,,,,,,,,,,,,,,,,,,,,,,,,,,kg,,,,,,
blue-green-printed-kids-short-sleeve-kids-wear,,,,,,,,,13-14-months,,,blue-1,,,,,'10708841,500.0,shopify,86,deny,manual,999.00,0.00,true,false,,,,,'10708841,https://cdn.shopify.com/s/files/1/0618/2368/0740/files/WhatsAppImage2026-05-18at5.33.32PM.webp?v=1779108631,3,"",,,,,,,,,,,,,,,,,,,,,,,,,,,,,,,,,,,,,,,,,,,,,kg,,,,,,
blue-green-printed-kids-short-sleeve-kids-wear,,,,,,,,,2-3-years,,,blue-1,,,,,'10708842,500.0,shopify,83,deny,manual,999.00,,true,false,,,,,'10708842,https://cdn.shopify.com/s/files/1/0618/2368/0740/files/0daa77f7-78a9-412e-8e66-13d3c33bae4f_ead6d1e2-8e7b-484e-920d-6afb5ef63b1a.webp?v=1781103856,4,"",,,,,,,,,,,,,,,,,,,,,,,,,,,,,,,,,,,,,,,,,,,,,kg,,,,,,
blue-green-printed-kids-short-sleeve-kids-wear,,,,,,,,,3-4-years,,,blue-1,,,,,'10708843,500.0,shopify,74,deny,manual,999.00,,true,false,,,,,'10708843,,,,,,,,,,,,,,,,,,,,,,,,,,,,,,,,,,,,,,,,,,,,,,,,kg,,,,,,
blue-green-printed-kids-short-sleeve-kids-wear,,,,,,,,,4-5-years,,,blue-1,,,,,'10708844,500.0,shopify,81,deny,manual,999.00,,true,false,,,,,'10708844,,,,,,,,,,,,,,,,,,,,,,,,,,,,,,,,,,,,,,,,,,,,,,,,kg,,,,,,
blue-green-printed-kids-short-sleeve-kids-wear,,,,,,,,,5-6-years-1,,,blue-1,,,,,'10706716,500.0,shopify,62,deny,manual,999.00,,true,false,,,,,'10706716,,,,,,,,,,,,,,,,,,,,,,,,,,,,,,,,,,,,,,,,,,,,,,,,kg,,,,,,
baby-pink-me-you-women-night-suit-pj-set-3-pieces,Women 3 Pieces Night Suit - Me + You,"<h4>Women 3 Pieces Night Suit - Me + You</h4>
<p class=""isSelectedEnd""><span>Experience the perfect blend of comfort and style with our Women's 3 Pieces Night Suit. Crafted from premium-quality fabric, this sleepwear set is designed to keep you comfortable throughout the night while looking effortlessly elegant.</span></p>
<p class=""isSelectedEnd""><strong><span>Set Includes:</span></strong></p>
<ul data-spread=""false"">
<li>
<p class=""isSelectedEnd""><span>1 Stylish Top</span></p>
</li>
<li>
<p class=""isSelectedEnd""><span>1 Comfortable Trouser</span></p>
</li>
<li>
<p class=""isSelectedEnd""><span>1 Matching Outer Layer</span></p>
</li>
</ul>
<p class=""isSelectedEnd""><strong><span>Product Features:</span></strong><br><span>✔ Soft &amp; Breathable Fabric</span><br><span>✔ Lightweight and Skin-Friendly Material</span><br><span>✔ Relaxed Fit for Maximum Comfort</span><br><span>✔ Durable Stitching and Premium Finish</span><br><span>✔ Ideal for Sleeping, Lounging, and Home Wear</span><br><span>✔ Suitable for All Seasons</span></p>
<p class=""isSelectedEnd""><span>Whether you're relaxing after a long day or enjoying a cozy morning at home, this 3-piece night suit offers the comfort you deserve and the style you love.</span></p>
<p><strong><span>Fabric:</span></strong><span> Premium Cotton Blend</span><br><strong><span>Category:</span></strong><span> Women's Nightwear</span><br><strong><span>Fit:</span></strong><span> Regular Comfort Fit</span><br><strong><span>Care Instructions:</span></strong><span> Machine Washable</span></p>",BBG FASHION,Apparel & Accessories > Clothing > Sleepwear & Loungewear,3 Piece Jersey,3 Piece Nightwear,true,Size,Medium,,Color,pink,product.metafields.shopify.color-pattern,,,,'10708820,500.0,shopify,37,deny,manual,2499.00,,true,false,,,,,'10708820,https://cdn.shopify.com/s/files/1/0618/2368/0740/files/WhatsApp_Image_2024-03-04_at_5.09.08_PM.jpg?v=1740864082,1,Baby Pink Me You Women Night Suit Pj Set 3 Pieces - detail shot - women's wear Pakistan,false,,"Shop our Women 3 Pieces Night Suit made from soft, breathable cotton for ultimate comfort. Stylish, lightweight, and perfect for sleeping or lounging at home.

",,,,,,,,,,,,,,,,,,,,,pink; black; blue-1; brown-1; grey-1,,,,,,,,,,,,,,,,,,,,https://cdn.shopify.com/s/files/1/0618/2368/0740/products/iorder3pieceprinted600x600.png?v=1680286942,g,,,true,,,active
baby-pink-me-you-women-night-suit-pj-set-3-pieces,,,,,,,,,Medium,,,black,,,,,'10708821,500.0,shopify,95,deny,manual,2499.00,,true,false,,,,,'10708821,https://cdn.shopify.com/s/files/1/0618/2368/0740/files/WhatsApp_Image_2024-03-02_at_5.05.22_PM_2.jpg?v=1740864082,2,Baby Pink Me You Women Night Suit Pj Set 3 Pieces - back view - women's wear Pakistan,,,,,,,,,,,,,,,,,,,,,,,,,,,,,,,,,,,,,,,,,,,,https://cdn.shopify.com/s/files/1/0618/2368/0740/files/WhatsApp_Image_2024-03-02_at_5.05.22_PM_2.jpg?v=1740864082,g,,,,,,
baby-pink-me-you-women-night-suit-pj-set-3-pieces,,,,,,,,,Medium,,,blue-1,,,,,'10708822,500.0,shopify,84,deny,manual,2499.00,,true,false,,,,,'10708822,https://cdn.shopify.com/s/files/1/0618/2368/0740/products/iorder3pieceprinted600x600.png?v=1680286942,3,Baby Pink Me You Women Night Suit Pj Set 3 Pieces - front view - women's wear Pakistan,,,,,,,,,,,,,,,,,,,,,,,,,,,,,,,,,,,,,,,,,,,,https://cdn.shopify.com/s/files/1/0618/2368/0740/files/WhatsApp_Image_2024-03-04_at_3.12.09_PM.jpg?v=1740864082,g,,,,,,
baby-pink-me-you-women-night-suit-pj-set-3-pieces,,,,,,,,,Medium,,,brown-1,,,,,'10708823,500.0,shopify,88,deny,manual,2499.00,,true,false,,,,,'10708823,https://cdn.shopify.com/s/files/1/0618/2368/0740/files/WhatsApp_Image_2024-03-04_at_3.12.09_PM.jpg?v=1740864082,4,Baby Pink Me You Women Night Suit Pj Set 3 Pieces - side view - women's wear Pakistan,,,,,,,,,,,,,,,,,,,,,,,,,,,,,,,,,,,,,,,,,,,,https://cdn.shopify.com/s/files/1/0618/2368/0740/files/WhatsApp_Image_2024-03-04_at_5.09.08_PM.jpg?v=1740864082,g,,,,,,
baby-pink-me-you-women-night-suit-pj-set-3-pieces,,,,,,,,,Medium,,,grey-1,,,,,'10708824,500.0,shopify,98,deny,manual,2499.00,,true,false,,,,,'10708824,https://cdn.shopify.com/s/files/1/0618/2368/0740/files/WhatsApp_Image_2024-03-04_at_5.16.44_PM.jpg?v=1740864082,5,Baby Pink Me You Women Night Suit Pj Set 3 Pieces - front view - women's wear Pakistan,,,,,,,,,,,,,,,,,,,,,,,,,,,,,,,,,,,,,,,,,,,,https://cdn.shopify.com/s/files/1/0618/2368/0740/files/WhatsApp_Image_2024-03-04_at_5.16.44_PM.jpg?v=1740864082,g,,,,,,
baby-pink-me-you-women-night-suit-pj-set-3-pieces,,,,,,,,,Large,,,pink,,,,,'10708825,500.0,shopify,75,deny,manual,2499.00,,true,false,,,,,'10708825,https://cdn.shopify.com/s/files/1/0618/2368/0740/products/Sizechart_0d848767-e78a-4e8b-a112-c516bccc82bb.webp?v=1740864082,6,Baby Pink Me You Women Night Suit Pj Set 3 Pieces size chart - measurements guide,,,,,,,,,,,,,,,,,,,,,,,,,,,,,,,,,,,,,,,,,,,,https://cdn.shopify.com/s/files/1/0618/2368/0740/products/iorder3pieceprinted600x600.png?v=1680286942,g,,,,,,
baby-pink-me-you-women-night-suit-pj-set-3-pieces,,,,,,,,,Large,,,black,,,,,'10708826,500.0,shopify,96,deny,manual,2499.00,,true,false,,,,,'10708826,,,,,,,,,,,,,,,,,,,,,,,,,,,,,,,,,,,,,,,,,,,,,,,https://cdn.shopify.com/s/files/1/0618/2368/0740/files/WhatsApp_Image_2024-03-02_at_5.05.22_PM_2.jpg?v=1740864082,g,,,,,,
baby-pink-me-you-women-night-suit-pj-set-3-pieces,,,,,,,,,Large,,,blue-1,,,,,'10708827,500.0,shopify,95,deny,manual,2499.00,,true,false,,,,,'10708827,,,,,,,,,,,,,,,,,,,,,,,,,,,,,,,,,,,,,,,,,,,,,,,https://cdn.shopify.com/s/files/1/0618/2368/0740/files/WhatsApp_Image_2024-03-04_at_3.12.09_PM.jpg?v=1740864082,g,,,,,,
baby-pink-me-you-women-night-suit-pj-set-3-pieces,,,,,,,,,Large,,,brown-1,,,,,'10708828,500.0,shopify,92,deny,manual,2499.00,,true,false,,,,,'10708828,,,,,,,,,,,,,,,,,,,,,,,,,,,,,,,,,,,,,,,,,,,,,,,https://cdn.shopify.com/s/files/1/0618/2368/0740/files/WhatsApp_Image_2024-03-04_at_5.09.08_PM.jpg?v=1740864082,g,,,,,,
baby-pink-me-you-women-night-suit-pj-set-3-pieces,,,,,,,,,Large,,,grey-1,,,,,'10708829,500.0,shopify,97,deny,manual,2499.00,,true,false,,,,,'10708829,,,,,,,,,,,,,,,,,,,,,,,,,,,,,,,,,,,,,,,,,,,,,,,https://cdn.shopify.com/s/files/1/0618/2368/0740/files/WhatsApp_Image_2024-03-04_at_5.16.44_PM.jpg?v=1740864082,g,,,,,,
baby-pink-me-you-women-night-suit-pj-set-3-pieces,,,,,,,,,XL,,,pink,,,,,'10708830,500.0,shopify,84,deny,manual,2499.00,,true,false,,,,,'10708830,,,,,,,,,,,,,,,,,,,,,,,,,,,,,,,,,,,,,,,,,,,,,,,https://cdn.shopify.com/s/files/1/0618/2368/0740/products/iorder3pieceprinted600x600.png?v=1680286942,g,,,,,,
baby-pink-me-you-women-night-suit-pj-set-3-pieces,,,,,,,,,XL,,,black,,,,,'10708831,500.0,shopify,100,deny,manual,2499.00,,true,false,,,,,'10708831,,,,,,,,,,,,,,,,,,,,,,,,,,,,,,,,,,,,,,,,,,,,,,,https://cdn.shopify.com/s/files/1/0618/2368/0740/files/WhatsApp_Image_2024-03-02_at_5.05.22_PM_2.jpg?v=1740864082,g,,,,,,
baby-pink-me-you-women-night-suit-pj-set-3-pieces,,,,,,,,,XL,,,blue-1,,,,,'10708832,500.0,shopify,96,deny,manual,2499.00,,true,false,,,,,'10708832,,,,,,,,,,,,,,,,,,,,,,,,,,,,,,,,,,,,,,,,,,,,,,,https://cdn.shopify.com/s/files/1/0618/2368/0740/files/WhatsApp_Image_2024-03-04_at_3.12.09_PM.jpg?v=1740864082,g,,,,,,
baby-pink-me-you-women-night-suit-pj-set-3-pieces,,,,,,,,,XL,,,brown-1,,,,,'10708833,500.0,shopify,97,deny,manual,2499.00,,true,false,,,,,'10708833,,,,,,,,,,,,,,,,,,,,,,,,,,,,,,,,,,,,,,,,,,,,,,,https://cdn.shopify.com/s/files/1/0618/2368/0740/files/WhatsApp_Image_2024-03-04_at_5.09.08_PM.jpg?v=1740864082,g,,,,,,
baby-pink-me-you-women-night-suit-pj-set-3-pieces,,,,,,,,,XL,,,grey-1,,,,,'10708834,500.0,shopify,99,deny,manual,2499.00,,true,false,,,,,'10708834,,,,,,,,,,,,,,,,,,,,,,,,,,,,,,,,,,,,,,,,,,,,,,,https://cdn.shopify.com/s/files/1/0618/2368/0740/files/WhatsApp_Image_2024-03-04_at_5.16.44_PM.jpg?v=1740864082,g,,,,,,
baby-pink-me-you-women-night-suit-pj-set-3-pieces,,,,,,,,,XXL,,,pink,,,,,'10708835,500.0,shopify,70,deny,manual,2699.00,,true,false,,,,,'10708835,,,,,,,,,,,,,,,,,,,,,,,,,,,,,,,,,,,,,,,,,,,,,,,https://cdn.shopify.com/s/files/1/0618/2368/0740/products/iorder3pieceprinted600x600.png?v=1680286942,g,,,,,,
baby-pink-me-you-women-night-suit-pj-set-3-pieces,,,,,,,,,XXL,,,black,,,,,'10708836,500.0,shopify,95,deny,manual,2699.00,,true,false,,,,,'10708836,,,,,,,,,,,,,,,,,,,,,,,,,,,,,,,,,,,,,,,,,,,,,,,https://cdn.shopify.com/s/files/1/0618/2368/0740/files/WhatsApp_Image_2024-03-02_at_5.05.22_PM_2.jpg?v=1740864082,g,,,,,,
baby-pink-me-you-women-night-suit-pj-set-3-pieces,,,,,,,,,XXL,,,blue-1,,,,,'10708837,500.0,shopify,94,deny,manual,2699.00,,true,false,,,,,'10708837,,,,,,,,,,,,,,,,,,,,,,,,,,,,,,,,,,,,,,,,,,,,,,,https://cdn.shopify.com/s/files/1/0618/2368/0740/files/WhatsApp_Image_2024-03-04_at_3.12.09_PM.jpg?v=1740864082,g,,,,,,
baby-pink-me-you-women-night-suit-pj-set-3-pieces,,,,,,,,,XXL,,,brown-1,,,,,'10708838,500.0,shopify,96,deny,manual,2699.00,,true,false,,,,,'10708838,,,,,,,,,,,,,,,,,,,,,,,,,,,,,,,,,,,,,,,,,,,,,,,https://cdn.shopify.com/s/files/1/0618/2368/0740/files/WhatsApp_Image_2024-03-04_at_5.09.08_PM.jpg?v=1740864082,g,,,,,,
baby-pink-me-you-women-night-suit-pj-set-3-pieces,,,,,,,,,XXL,,,grey-1,,,,,'10706715,500.0,shopify,97,deny,manual,2699.00,,true,false,,,,,'10706715,,,,,,,,,,,,,,,,,,,,,,,,,,,,,,,,,,,,,,,,,,,,,,,https://cdn.shopify.com/s/files/1/0618/2368/0740/files/WhatsApp_Image_2024-03-04_at_5.16.44_PM.jpg?v=1740864082,g,,,,,,
green-blue-dragon-printed-kids-wear,Green Blue Dragon Kids Wear,"<h4>Green Blue Dragon Kids Wear</h4>
<p>Pair of Shirt &amp; Trouser</p>
<p>Fabric: Soft High-Quality Jersey</p>
<p>Full Sleeve T-Shirt</p>
<p>Contrast Trouser</p>
<p>Round Neck</p>
<p>Two-Tone Color Shirt</p>
<p>Printed Cartoon</p>
<p>Comfortable Wear</p>
<p>Easy Wash &amp; Press</p>
<p>Sizes 1-10 years </p>",BBG FASHION,Apparel & Accessories > Clothing,Kids wear,"k, Kids Full Sleeves, NAK",false,Size,1 - 2 Years,,,,,,,,'10708816,500.0,shopify,90,deny,manual,799.00,,true,false,,,,,'10708816,https://cdn.shopify.com/s/files/1/0618/2368/0740/products/WhatsAppImage2022-12-17at4.10.01PM_1.jpg?v=1680001081,1,Green Blue Dragon Printed Kids Wear - front view - kids wear Pakistan,false,,Kidswear pair of Shirt & Trouser. Fabric: is Soft and High-Quality Jersey with Full Sleeve T-Shirt with Round Neck and Contrast Trouser Printed Cartoon Childrens Clothing comfortable to wear and Easy Wash. Available Kids collection wear size 1 - 10 Years with fresh fashions and Funny designs at www.bbgfashion.pk,,,,,,,,,,,,,,,,,,,,,,,,,,,,,,,,,,,,,,,,,https://cdn.shopify.com/s/files/1/0618/2368/0740/products/WhatsAppImage2022-12-17at4.10.01PM_1.jpg?v=1680001081,kg,,,true,,,draft
green-blue-dragon-printed-kids-wear,,,,,,,,,3 - 4 Years,,,,,,,,'10708817,500.0,shopify,94,deny,manual,799.00,,true,false,,,,,'10708817,https://cdn.shopify.com/s/files/1/0618/2368/0740/products/kidssizechart_ecd110a4-48ca-46cb-a8d2-ea9c130c96aa.png?v=1680001081,2,Green Blue Dragon Printed Kids Wear size chart - measurements guide,,,,,,,,,,,,,,,,,,,,,,,,,,,,,,,,,,,,,,,,,,,,https://cdn.shopify.com/s/files/1/0618/2368/0740/products/WhatsAppImage2022-12-17at4.10.01PM_1.jpg?v=1680001081,kg,,,,,,
green-blue-dragon-printed-kids-wear,,,,,,,,,5 - 6 Years,,,,,,,,'10708818,500.0,shopify,96,deny,manual,799.00,,true,false,,,,,'10708818,,,,,,,,,,,,,,,,,,,,,,,,,,,,,,,,,,,,,,,,,,,,,,,https://cdn.shopify.com/s/files/1/0618/2368/0740/products/WhatsAppImage2022-12-17at4.10.01PM_1.jpg?v=1680001081,kg,,,,,,
green-blue-dragon-printed-kids-wear,,,,,,,,,7 - 8 Years,,,,,,,,'10708819,500.0,shopify,94,deny,manual,799.00,,true,false,,,,,'10708819,,,,,,,,,,,,,,,,,,,,,,,,,,,,,,,,,,,,,,,,,,,,,,,https://cdn.shopify.com/s/files/1/0618/2368/0740/products/WhatsAppImage2022-12-17at4.10.01PM_1.jpg?v=1680001081,kg,,,,,,
green-blue-dragon-printed-kids-wear,,,,,,,,,9 - 10 Years,,,,,,,,'10706714,500.0,shopify,96,deny,manual,799.00,,true,false,,,,,'10706714,,,,,,,,,,,,,,,,,,,,,,,,,,,,,,,,,,,,,,,,,,,,,,,https://cdn.shopify.com/s/files/1/0618/2368/0740/products/WhatsAppImage2022-12-17at4.10.01PM_1.jpg?v=1680001081,kg,,,,,,
sky-blue-vacationing-woman-pajama-set,Sky Blue Vacationing Pajama Set,"<h4>Sky Blue Vacationing Woman Pajama Set</h4>
<ul class="""">
<li class="""">Night Suits for Women very attractive and trendy design</li>
<li class="""">Blended Cotton jersey stuff which will provide you most comfort zone at night</li>
<li class="""">washable Stuff but suitable for hand wash for long lasting of the night wear</li>
<li class="""">Not Suitable For Machine wash as this will reduce the durably of the night wear</li>
<li class="""">Export quality fabric use in the production of night suit</li>
<li class="""">Mostly suitable for wearing in summers</li>
<li class="""">premium and highly professional print work done on the night wear</li>
<li class="""">Round neck style night wear</li>
<li class="""">Long sleeves with round cuff</li>
<li class="""">Loose fitting trouser with extra stretchable material which will relax you more after wearing</li>
<li class="""">Trouser has no pockets</li>
<li class="""">Maximum durably of night wear is 7 months ( if you wash daily basis)</li>
<li class="""">Good Quality Elastic in trouser with maximum stretch</li>
<li class="""">Best Quality of stitching</li>
</ul>",BBG FASHION,Uncategorized,"","casual wear twinset, NEW ARRIVAL, woo",false,Size,Medium,,Material,Soft Jersey,,,,,'10708814,500.0,shopify,89,deny,manual,1299.00,,true,false,,,,,'10708814,https://cdn.shopify.com/s/files/1/0618/2368/0740/files/copyforiorder.png?v=1682690944,1,Sky Blue Vacationing Woman Pajama Set - front view - unisex wear Pakistan,false,,Sleepy Girl Woman Pajama Set Ladies Sleep Dress Night Wear With Shirt And Trouser for Women very attractive and trendy design Blended Cotton jersey stuff which will provide you most comfort zone at night. Washable Sleep wear Stuff for long lasting Night wear available at www.bbgfashion.pk,,,,,,,,,,,,,,,,,,,,,,,,,,,,,,,,,,,,,,,,,https://cdn.shopify.com/s/files/1/0618/2368/0740/files/copyforiorder.png?v=1682690944,g,,,true,,,draft
sky-blue-vacationing-woman-pajama-set,,,,,,,,,Large,,,Soft Jersey,,,,,'10708815,500.0,shopify,93,deny,manual,1299.00,,true,false,,,,,'10708815,https://cdn.shopify.com/s/files/1/0618/2368/0740/products/Sizechart_bb88b2c9-9b22-49de-a716-56b161483aab.webp?v=1682690944,2,Sky Blue Vacationing Woman Pajama Set size chart - measurements guide,,,,,,,,,,,,,,,,,,,,,,,,,,,,,,,,,,,,,,,,,,,,https://cdn.shopify.com/s/files/1/0618/2368/0740/files/copyforiorder.png?v=1682690944,g,,,,,,
sky-blue-vacationing-woman-pajama-set,,,,,,,,,XL,,,Soft Jersey,,,,,'10706713,500.0,shopify,87,deny,manual,1299.00,,true,false,,,,,'10706713,,,,,,,,,,,,,,,,,,,,,,,,,,,,,,,,,,,,,,,,,,,,,,,https://cdn.shopify.com/s/files/1/0618/2368/0740/files/copyforiorder.png?v=1682690944,g,,,,,,
green-avocado-woman-pajama-set-2,Green Avocado Woman Pajama Set,"<h4>Green Avocado Woman Pajama Set</h4>
<ul class="""">
<li class="""">butterfly Woman Pajama SetNight Suits for Women very attractive and trendy design<br>
</li>
</ul>
<ul class="""">
<li class="""">Blended Cotton jersey stuff which will provide you most comfort zone at night</li>
<li class="""">washable Stuff but suitable for hand wash for long lasting of the night wear</li>
<li class="""">Not Suitable For Machine wash as this will reduce the durably of the night wear</li>
<li class="""">Export quality fabric use in the production of night suit</li>
<li class="""">Mostly suitable for wearing in summers</li>
<li class="""">premium and highly professional print work done on the night wear</li>
<li class="""">Round neck style night wear</li>
<li class="""">Long sleeves with round cuff</li>
<li class="""">Loose fitting trouser with extra stretchable material which will relax you more after wearing</li>
<li class="""">Trouser has no pockets</li>
<li class="""">Maximum durably of night wear is 7 months ( if you wash daily basis)</li>
<li class="""">Good Quality Elastic in trouser with maximum stretch</li>
<li class="""">Best Quality of stitching</li>
</ul>",BBG FASHION,Apparel & Accessories > Clothing > Sleepwear & Loungewear,Pajama Set,"casual wear twinset, NEW ARRIVAL, woo",false,Size,Medium,,Material,Soft Jersey,,,,,'10708812,500.0,shopify,96,deny,manual,1299.00,,true,false,,,,,'10708812,https://cdn.shopify.com/s/files/1/0618/2368/0740/products/WhatsAppImage2023-03-15at3.50.54PM.jpg?v=1678884000,1,Green Avocado Woman Pajama Set 2 - front view - unisex wear Pakistan,false,,Sleepy Girl Woman Pajama Set Ladies Sleep Dress Night Wear With Shirt And Trouser for Women very attractive and trendy design Blended Cotton jersey stuff which will provide you most comfort zone at night. Washable Sleep wear Stuff for long lasting Night wear available at www.bbgfashion.pk,,,,,,,,,,,,,,,,,,,,,,,,,,,,,,,,,,,,,,,,,https://cdn.shopify.com/s/files/1/0618/2368/0740/products/WhatsAppImage2023-03-15at3.50.54PM.jpg?v=1678884000,g,,,true,,,draft
green-avocado-woman-pajama-set-2,,,,,,,,,Large,,,Soft Jersey,,,,,'10708813,500.0,shopify,96,deny,manual,1299.00,,true,false,,,,,'10708813,https://cdn.shopify.com/s/files/1/0618/2368/0740/products/Sizechart_25cbfb0a-0ad1-4619-a0e0-80a1d8b01a05.webp?v=1678884000,2,Green Avocado Woman Pajama Set 2 size chart - measurements guide,,,,,,,,,,,,,,,,,,,,,,,,,,,,,,,,,,,,,,,,,,,,https://cdn.shopify.com/s/files/1/0618/2368/0740/products/WhatsAppImage2023-03-15at3.50.54PM.jpg?v=1678884000,g,,,,,,
green-avocado-woman-pajama-set-2,,,,,,,,,XL,,,Soft Jersey,,,,,'10706712,500.0,shopify,95,deny,manual,1299.00,,true,false,,,,,'10706712,,,,,,,,,,,,,,,,,,,,,,,,,,,,,,,,,,,,,,,,,,,,,,,https://cdn.shopify.com/s/files/1/0618/2368/0740/products/WhatsAppImage2023-03-15at3.50.54PM.jpg?v=1678884000,g,,,,,,
maroon-kids-silk-pajamas-set,Maroon Kids Silk Pajamas Set,"<h4><span data-mce-fragment=""1"">Kids Silk Pajamas Set</span></h4>
<p><span data-mce-fragment=""1"">Give your little ones everything they need to enjoy a relaxing day at home, a good night's sleep, and sweet dreams in our soft and breathable pajamas. These unisex pajamas for kids are knitted by soft, smooth, and lightweight silk, which is very friendly to kid's skin. The long-sleeved top fastens with buttons and has a pocket. The pants have an elastic waist which is not tight.</span><br data-mce-fragment=""1""></p>
<p><span>Style: Two-piece silk pajamas set</span><br data-mce-fragment=""1""><span>Sleeve Type: Long Sleeves.</span><br data-mce-fragment=""1""><span>Matching Pants: Elastic long pants.</span><br data-mce-fragment=""1""><span>Closure: Button closure</span></p>
<p><span>The Perfect Gift: These soft pajamas are the perfect choice for kids. Whether you are shopping for yourself or buying for your kid as a gift, you and your family will love these pajamas. These sleep-wears wons let you down.<br data-mce-fragment=""1"">Benefits compared to regular sleepwear: 100 Percent Mulberry silk is the most healthy and breathable fabric for our skin, so it is not only silked nightwear but a second protection for our skin.</span></p>
<p> </p>
<p><span><b>Care For Your Sleepwear<br>The better care you take of it, the longer it will last.</b><br><b>How To Care</b><br>- Professional Dry Cleaning Recommended<br>- Hand wash or Machine wash in lukewarm water (30°C) on the most gentle cycle available.<br>- Use neutral or special detergent for silk<br>- Hang dry if possible, however, avoid direct sunlight exposure.<br>- Do Not Use Bleaches<br>- Do Not Tumble Dry</span></p>",BBG FASHION,,"","K, kid silk nightwear, NEW ARRIVAL, wintercollection",false,Size,5 - 6 Years,,,,,,,,'10708810,500.0,shopify,97,deny,manual,1099.00,,true,true,,,,,'10708810,https://cdn.shopify.com/s/files/1/0618/2368/0740/products/WhatsAppImage2023-03-12at1.08.23AM.jpg?v=1678722406,1,Maroon Kids Silk Pajamas Set - front view - kids wear Pakistan,false,,,,,,,,,,,,,,,,,,,,,,,,,,,,,,,,,,,,,,,,,,,https://cdn.shopify.com/s/files/1/0618/2368/0740/products/WhatsAppImage2023-03-12at1.08.23AM.jpg?v=1678722406,g,,450.00,true,,,draft
maroon-kids-silk-pajamas-set,,,,,,,,,7 - 8 Years,,,,,,,,'10708811,500.0,shopify,98,deny,manual,1099.00,,true,true,,,,,'10708811,https://cdn.shopify.com/s/files/1/0618/2368/0740/products/WhatsAppImage2022-06-06at1.24.37PM_6b41cdcf-3ee8-4b96-9b07-443be2064137.jpg?v=1678722414,2,Maroon Kids Silk Pajamas Set - back view - kids wear Pakistan,,,,,,,,,,,,,,,,,,,,,,,,,,,,,,,,,,,,,,,,,,,,https://cdn.shopify.com/s/files/1/0618/2368/0740/products/WhatsAppImage2023-03-12at1.08.23AM.jpg?v=1678722406,g,,450.00,,,,
maroon-kids-silk-pajamas-set,,,,,,,,,9 - 10 Years,,,,,,,,'10706711,500.0,shopify,95,deny,manual,1099.00,,true,true,,,,,'10706711,,,,,,,,,,,,,,,,,,,,,,,,,,,,,,,,,,,,,,,,,,,,,,,https://cdn.shopify.com/s/files/1/0618/2368/0740/products/WhatsAppImage2023-03-12at1.08.23AM.jpg?v=1678722406,g,,450.00,,,,
black-kids-silk-pajamas-set,Black Kids Silk Pajamas Set,"<h4><span data-mce-fragment=""1"">Kids Silk Pajamas Set</span></h4>
<p><span data-mce-fragment=""1"">Give your little ones everything they need to enjoy a relaxing day at home, a good night's sleep, and sweet dreams in our soft and breathable pajamas. These unisex pajamas for kids are knitted by soft, smooth, and lightweight silk, which is very friendly to kid's skin. The long-sleeved top fastens with buttons and has a pocket. The pants have an elastic waist which is not tight.</span><br data-mce-fragment=""1""></p>
<p><span>Style: Two-piece silk pajamas set</span><br data-mce-fragment=""1""><span>Sleeve Type: Long Sleeves.</span><br data-mce-fragment=""1""><span>Matching Pants: Elastic long pants.</span><br data-mce-fragment=""1""><span>Closure: Button closure</span></p>
<p><span>The Perfect Gift: These soft pajamas are the perfect choice for kids. Whether you are shopping for yourself or buying for your kid as a gift, you and your family will love these pajamas. These sleep-wears wons let you down.<br data-mce-fragment=""1"">Benefits compared to regular sleepwear: 100 Percent Mulberry silk is the most healthy and breathable fabric for our skin, so it is not only silked nightwear but a second protection for our skin.</span></p>
<p> </p>
<p><span><b>Care For Your Sleepwear<br>The better care you take of it, the longer it will last.</b><br><b>How To Care</b><br>- Professional Dry Cleaning Recommended<br>- Hand wash or Machine wash in lukewarm water (30°C) on the most gentle cycle available.<br>- Use neutral or special detergent for silk<br>- Hang dry if possible, however, avoid direct sunlight exposure.<br>- Do Not Use Bleaches<br>- Do Not Tumble Dry</span></p>",BBG FASHION,,"","K, kid silk nightwear, NEW ARRIVAL, wintercollection",false,Size,5 - 6 Years,,,,,,,,'10708808,500.0,shopify,97,deny,manual,1099.00,,true,true,,,,,'10708808,https://cdn.shopify.com/s/files/1/0618/2368/0740/products/WhatsAppImage2023-03-12at1.08.22AM.jpg?v=1678722355,1,Black Kids Silk Pajamas Set - front view - kids wear Pakistan,false,,,,,,,,,,,,,,,,,,,,,,,,,,,,,,,,,,,,,,,,,,,https://cdn.shopify.com/s/files/1/0618/2368/0740/products/WhatsAppImage2023-03-12at1.08.22AM.jpg?v=1678722355,g,,450.00,true,,,draft
black-kids-silk-pajamas-set,,,,,,,,,7 - 8 Years,,,,,,,,'10708809,500.0,shopify,98,deny,manual,1099.00,,true,true,,,,,'10708809,https://cdn.shopify.com/s/files/1/0618/2368/0740/products/WhatsAppImage2022-06-06at1.24.37PM_f0cb2dbe-766b-4964-991d-72aa64e94cb4.jpg?v=1678722355,2,Black Kids Silk Pajamas Set - back view - kids wear Pakistan,,,,,,,,,,,,,,,,,,,,,,,,,,,,,,,,,,,,,,,,,,,,https://cdn.shopify.com/s/files/1/0618/2368/0740/products/WhatsAppImage2023-03-12at1.08.22AM.jpg?v=1678722355,g,,450.00,,,,
black-kids-silk-pajamas-set,,,,,,,,,9 - 10 Years,,,,,,,,'10706710,500.0,shopify,96,deny,manual,1099.00,,true,true,,,,,'10706710,,,,,,,,,,,,,,,,,,,,,,,,,,,,,,,,,,,,,,,,,,,,,,,https://cdn.shopify.com/s/files/1/0618/2368/0740/products/WhatsAppImage2023-03-12at1.08.22AM.jpg?v=1678722355,g,,450.00,,,,
black-white-me-you-women-night-suit-pj-3-pieces-set,Black White me + you Women Night Suit PJ 3 Pieces Set,"<h4>Black White me + you Women Night Suit PJ 3 Pieces Set</h4>
<ul class="""">
<li class="""">Three Piece Long Sleeve + Vest + Loose Trouser</li>
<li class="""">Night Suits for Women very attractive and trendy design</li>
<li class="""">Blended Cotton jersey stuff which will provide you most comfort zone at night</li>
<li class="""">washable Stuff but suitable for hand wash for long lasting of the night wear</li>
<li class="""">Not Suitable For Machine wash as this will reduce the durably of the night wear</li>
<li class="""">Export quality fabric use in the production of night suit</li>
<li class="""">Mostly suitable for wearing in summers</li>
<li class="""">Premium and highly professional print work done on the night wear</li>
<li class="""">Round neck style night wear</li>
<li class="""">Long sleeves with round cuff</li>
<li class="""">Loose fitting trouser with extra stretchable material which will relax you more after wearing</li>
<li class="""">Trouser has no pockets</li>
<li class="""">Maximum durably of night wear is 7 months ( if you wash daily basis)</li>
<li class="""">Good Quality Elastic in trouser with maximum stretch</li>
<li class="""">Best Quality of stitching</li>
</ul>",BBG FASHION,Apparel & Accessories > Clothing > Sleepwear & Loungewear,3 Piece Jersey,"3 Piece Nightwear, NEW ARRIVAL, woo",false,Size,Medium,,Material,Soft Jersey,,,,,'10708805,500.0,shopify,56,deny,manual,1799.00,,true,false,,,,,'10708805,https://cdn.shopify.com/s/files/1/0618/2368/0740/products/25.png?v=1678640669,1,Black White Me You Women Night Suit Pj 3 Pieces Set - front view - women's wear Pakistan,false,,Green V-Neck Women Night Suit PJ Set Ladies Sleep Dress Night Wear With Shirt And Trouser for Women very attractive and trendy design Blended Cotton jersey stuff which will provide you most comfort zone at night. Washable Sleep wear Stuff for long lasting Night wear available at www.bbgfashion.pk,,,,,,,,,,,,,,,,,,,,,,,,,,,,,,,,,,,,,,,,,https://cdn.shopify.com/s/files/1/0618/2368/0740/products/25.png?v=1678640669,g,,,true,,,draft
black-white-me-you-women-night-suit-pj-3-pieces-set,,,,,,,,,Large,,,Soft Jersey,,,,,'10708806,500.0,shopify,56,deny,manual,1799.00,,true,false,,,,,'10708806,https://cdn.shopify.com/s/files/1/0618/2368/0740/products/Sizechart_61f07f5a-ca3c-45bd-a126-049c39104cf3.webp?v=1678640669,2,Black White Me You Women Night Suit Pj 3 Pieces Set size chart - measurements guide,,,,,,,,,,,,,,,,,,,,,,,,,,,,,,,,,,,,,,,,,,,,https://cdn.shopify.com/s/files/1/0618/2368/0740/products/25.png?v=1678640669,g,,,,,,
black-white-me-you-women-night-suit-pj-3-pieces-set,,,,,,,,,XL,,,Soft Jersey,,,,,'10708807,500.0,shopify,74,deny,manual,1799.00,,true,false,,,,,'10708807,,,,,,,,,,,,,,,,,,,,,,,,,,,,,,,,,,,,,,,,,,,,,,,https://cdn.shopify.com/s/files/1/0618/2368/0740/products/25.png?v=1678640669,g,,,,,,
black-white-me-you-women-night-suit-pj-3-pieces-set,,,,,,,,,XXL,,,Soft Jersey,,,,,'10706709,500.0,shopify,99,deny,manual,1899.00,,true,false,,,,,'10706709,,,,,,,,,,,,,,,,,,,,,,,,,,,,,,,,,,,,,,,,,,,,,,,https://cdn.shopify.com/s/files/1/0618/2368/0740/products/25.png?v=1678640669,g,,,,,,
women-3-piece-nightwear-lounge-set-with-butterfly-love-print-plus-size-loungewear,Women 3 Pieces Night Suit - Butterfly Love,"<h4>Women 3 Pieces Night Suit - Butterfly Love</h4>
<p class=""isSelectedEnd""><span>Experience the perfect blend of comfort and style with our Women's 3 Pieces Night Suit. Crafted from premium-quality fabric, this sleepwear set is designed to keep you comfortable throughout the night while looking effortlessly elegant.</span></p>
<p class=""isSelectedEnd""><strong><span>Set Includes:</span></strong></p>
<ul data-spread=""false"">
<li>
<p class=""isSelectedEnd""><span>1 Stylish Top</span></p>
</li>
<li>
<p class=""isSelectedEnd""><span>1 Comfortable Trouser</span></p>
</li>
<li>
<p class=""isSelectedEnd""><span>1 Matching Outer Layer</span></p>
</li>
</ul>
<p class=""isSelectedEnd""><strong><span>Product Features:</span></strong><br><span>✔ Soft &amp; Breathable Fabric</span><br><span>✔ Lightweight and Skin-Friendly Material</span><br><span>✔ Relaxed Fit for Maximum Comfort</span><br><span>✔ Durable Stitching and Premium Finish</span><br><span>✔ Ideal for Sleeping, Lounging, and Home Wear</span><br><span>✔ Suitable for All Seasons</span></p>
<p class=""isSelectedEnd""><span>Whether you're relaxing after a long day or enjoying a cozy morning at home, this 3-piece night suit offers the comfort you deserve and the style you love.</span></p>
<p><strong><span>Fabric:</span></strong><span> Premium Cotton Blend</span><br><strong><span>Category:</span></strong><span> Women's Nightwear</span><br><strong><span>Fit:</span></strong><span> Regular Comfort Fit</span><br><strong><span>Care Instructions:</span></strong><span> Machine Washable</span></p>",BBG FASHION,Apparel & Accessories > Clothing > Sleepwear & Loungewear,3 Piece Jersey,3 Piece Nightwear,true,Size,medium,product.metafields.shopify.size,Color,red,product.metafields.shopify.color-pattern,,,,'10708782,500.0,shopify,99,deny,manual,2499.00,,true,false,,,,,'10708782,https://cdn.shopify.com/s/files/1/0618/2368/0740/files/4_6a2b8513-f408-4730-9368-d414051ba9d6.png?v=1759414289,1,Women 3 Piece Nightwear Lounge Set With Butterfly Love Print Plus Size Loungewear - front view - women's wear Pakistan,false,,"Shop our Women 3 Pieces Night Suit made from soft, breathable cotton for ultimate comfort. Stylish, lightweight, and perfect for sleeping or lounging at home.

",,,,,,,,,,,,,'3,,,,,,,,red; black; pink; blue-1; brown-1; grey-1,,,,,,,,,,medium; l; xl; xxl,,,,,,,,,,https://cdn.shopify.com/s/files/1/0618/2368/0740/files/4_6a2b8513-f408-4730-9368-d414051ba9d6.png?v=1759414289,g,,,true,,,active
women-3-piece-nightwear-lounge-set-with-butterfly-love-print-plus-size-loungewear,,,,,,,,,medium,,,black,,,,,'10708783,500.0,shopify,93,deny,manual,2499.00,,true,false,,,,,'10708783,https://cdn.shopify.com/s/files/1/0618/2368/0740/files/5_476e62e4-d1cd-49f3-b16c-359851b2444f.png?v=1759414289,2,Women 3 Piece Nightwear Lounge Set With Butterfly Love Print Plus Size Loungewear - back view - women's wear Pakistan,,,,,,,,,,,,,,,,,,,,,,,,,,,,,,,,,,,,,,,,,,,,https://cdn.shopify.com/s/files/1/0618/2368/0740/files/16_26b54988-485c-4a44-96fa-e8335ed3c29f.png?v=1759414289,g,,,,,,
women-3-piece-nightwear-lounge-set-with-butterfly-love-print-plus-size-loungewear,,,,,,,,,medium,,,pink,,,,,'10708784,500.0,shopify,93,deny,manual,2499.00,,true,false,,,,,'10708784,https://cdn.shopify.com/s/files/1/0618/2368/0740/files/6_a146e0b5-838d-4e9c-be7f-fe1a2cc2ff17.png?v=1759414289,3,Women 3 Piece Nightwear Lounge Set With Butterfly Love Print Plus Size Loungewear - side view - women's wear Pakistan,,,,,,,,,,,,,,,,,,,,,,,,,,,,,,,,,,,,,,,,,,,,https://cdn.shopify.com/s/files/1/0618/2368/0740/files/7_0d70ca53-4434-4b10-83a6-fcd3508532d3.png?v=1759414289,g,,,,,,
women-3-piece-nightwear-lounge-set-with-butterfly-love-print-plus-size-loungewear,,,,,,,,,medium,,,blue-1,,,,,'10708785,500.0,shopify,96,deny,manual,2499.00,,true,false,,,,,'10708785,https://cdn.shopify.com/s/files/1/0618/2368/0740/files/16_26b54988-485c-4a44-96fa-e8335ed3c29f.png?v=1759414289,4,Women 3 Piece Nightwear Lounge Set With Butterfly Love Print Plus Size Loungewear - detail shot - women's wear Pakistan,,,,,,,,,,,,,,,,,,,,,,,,,,,,,,,,,,,,,,,,,,,,https://cdn.shopify.com/s/files/1/0618/2368/0740/files/1_b289f25f-78a4-4ca3-892f-e2e8cf9cd972.png?v=1759414289,g,,,,,,
women-3-piece-nightwear-lounge-set-with-butterfly-love-print-plus-size-loungewear,,,,,,,,,medium,,,brown-1,,,,,'10708786,500.0,shopify,100,deny,manual,2499.00,,true,false,,,,,'10708786,https://cdn.shopify.com/s/files/1/0618/2368/0740/files/7_0d70ca53-4434-4b10-83a6-fcd3508532d3.png?v=1759414289,5,Women 3 Piece Nightwear Lounge Set With Butterfly Love Print Plus Size Loungewear - front view - women's wear Pakistan,,,,,,,,,,,,,,,,,,,,,,,,,,,,,,,,,,,,,,,,,,,,https://cdn.shopify.com/s/files/1/0618/2368/0740/files/13_85cecaa6-1470-4b8b-94b2-802b1cebc60d.png?v=1759414289,g,,,,,,
women-3-piece-nightwear-lounge-set-with-butterfly-love-print-plus-size-loungewear,,,,,,,,,medium,,,grey-1,,,,,'10708787,500.0,shopify,98,deny,manual,2499.00,,true,false,,,,,'10708787,https://cdn.shopify.com/s/files/1/0618/2368/0740/files/1_b289f25f-78a4-4ca3-892f-e2e8cf9cd972.png?v=1759414289,6,Women 3 Piece Nightwear Lounge Set With Butterfly Love Print Plus Size Loungewear - back view - women's wear Pakistan,,,,,,,,,,,,,,,,,,,,,,,,,,,,,,,,,,,,,,,,,,,,https://cdn.shopify.com/s/files/1/0618/2368/0740/files/10_c757fa48-f518-4b10-a132-65d8960336c0.png?v=1759414289,g,,,,,,
women-3-piece-nightwear-lounge-set-with-butterfly-love-print-plus-size-loungewear,,,,,,,,,l,,,red,,,,,'10708788,500.0,shopify,99,deny,manual,2499.00,,true,false,,,,,'10708788,https://cdn.shopify.com/s/files/1/0618/2368/0740/files/13_85cecaa6-1470-4b8b-94b2-802b1cebc60d.png?v=1759414289,7,Women 3 Piece Nightwear Lounge Set With Butterfly Love Print Plus Size Loungewear - side view - women's wear Pakistan,,,,,,,,,,,,,,,,,,,,,,,,,,,,,,,,,,,,,,,,,,,,https://cdn.shopify.com/s/files/1/0618/2368/0740/files/4_6a2b8513-f408-4730-9368-d414051ba9d6.png?v=1759414289,g,,,,,,
women-3-piece-nightwear-lounge-set-with-butterfly-love-print-plus-size-loungewear,,,,,,,,,l,,,black,,,,,'10708789,500.0,shopify,95,deny,manual,2499.00,,true,false,,,,,'10708789,https://cdn.shopify.com/s/files/1/0618/2368/0740/files/10_c757fa48-f518-4b10-a132-65d8960336c0.png?v=1759414289,8,Women 3 Piece Nightwear Lounge Set With Butterfly Love Print Plus Size Loungewear - detail shot - women's wear Pakistan,,,,,,,,,,,,,,,,,,,,,,,,,,,,,,,,,,,,,,,,,,,,https://cdn.shopify.com/s/files/1/0618/2368/0740/files/16_26b54988-485c-4a44-96fa-e8335ed3c29f.png?v=1759414289,g,,,,,,
women-3-piece-nightwear-lounge-set-with-butterfly-love-print-plus-size-loungewear,,,,,,,,,l,,,pink,,,,,'10708790,500.0,shopify,99,deny,manual,2499.00,,true,false,,,,,'10708790,https://cdn.shopify.com/s/files/1/0618/2368/0740/files/ChatGPT_Image_Sep_27_2025_07_45_15_PM.png?v=1760795445,9,Womens 3 Piece Nightwear Lounge Set With Neon Heart Print Plus Size Loungewear - front view - women's wear Pakistan,,,,,,,,,,,,,,,,,,,,,,,,,,,,,,,,,,,,,,,,,,,,https://cdn.shopify.com/s/files/1/0618/2368/0740/files/7_0d70ca53-4434-4b10-83a6-fcd3508532d3.png?v=1759414289,g,,,,,,
women-3-piece-nightwear-lounge-set-with-butterfly-love-print-plus-size-loungewear,,,,,,,,,l,,,blue-1,,,,,'10708791,500.0,shopify,99,deny,manual,2499.00,,true,false,,,,,'10708791,,,,,,,,,,,,,,,,,,,,,,,,,,,,,,,,,,,,,,,,,,,,,,,https://cdn.shopify.com/s/files/1/0618/2368/0740/files/1_b289f25f-78a4-4ca3-892f-e2e8cf9cd972.png?v=1759414289,g,,,,,,
women-3-piece-nightwear-lounge-set-with-butterfly-love-print-plus-size-loungewear,,,,,,,,,l,,,brown-1,,,,,'10708792,500.0,shopify,99,deny,manual,2499.00,,true,false,,,,,'10708792,,,,,,,,,,,,,,,,,,,,,,,,,,,,,,,,,,,,,,,,,,,,,,,https://cdn.shopify.com/s/files/1/0618/2368/0740/files/13_85cecaa6-1470-4b8b-94b2-802b1cebc60d.png?v=1759414289,g,,,,,,
women-3-piece-nightwear-lounge-set-with-butterfly-love-print-plus-size-loungewear,,,,,,,,,l,,,grey-1,,,,,'10708793,500.0,shopify,99,deny,manual,2499.00,,true,false,,,,,'10708793,,,,,,,,,,,,,,,,,,,,,,,,,,,,,,,,,,,,,,,,,,,,,,,https://cdn.shopify.com/s/files/1/0618/2368/0740/files/10_c757fa48-f518-4b10-a132-65d8960336c0.png?v=1759414289,g,,,,,,
women-3-piece-nightwear-lounge-set-with-butterfly-love-print-plus-size-loungewear,,,,,,,,,xl,,,red,,,,,'10708794,500.0,shopify,99,deny,manual,2499.00,,true,false,,,,,'10708794,,,,,,,,,,,,,,,,,,,,,,,,,,,,,,,,,,,,,,,,,,,,,,,https://cdn.shopify.com/s/files/1/0618/2368/0740/files/4_6a2b8513-f408-4730-9368-d414051ba9d6.png?v=1759414289,g,,,,,,
women-3-piece-nightwear-lounge-set-with-butterfly-love-print-plus-size-loungewear,,,,,,,,,xl,,,black,,,,,'10708795,500.0,shopify,100,deny,manual,2499.00,,true,false,,,,,'10708795,,,,,,,,,,,,,,,,,,,,,,,,,,,,,,,,,,,,,,,,,,,,,,,https://cdn.shopify.com/s/files/1/0618/2368/0740/files/16_26b54988-485c-4a44-96fa-e8335ed3c29f.png?v=1759414289,g,,,,,,
women-3-piece-nightwear-lounge-set-with-butterfly-love-print-plus-size-loungewear,,,,,,,,,xl,,,pink,,,,,'10708796,500.0,shopify,100,deny,manual,2499.00,,true,false,,,,,'10708796,,,,,,,,,,,,,,,,,,,,,,,,,,,,,,,,,,,,,,,,,,,,,,,https://cdn.shopify.com/s/files/1/0618/2368/0740/files/7_0d70ca53-4434-4b10-83a6-fcd3508532d3.png?v=1759414289,g,,,,,,
women-3-piece-nightwear-lounge-set-with-butterfly-love-print-plus-size-loungewear,,,,,,,,,xl,,,blue-1,,,,,'10708797,500.0,shopify,99,deny,manual,2499.00,,true,false,,,,,'10708797,,,,,,,,,,,,,,,,,,,,,,,,,,,,,,,,,,,,,,,,,,,,,,,https://cdn.shopify.com/s/files/1/0618/2368/0740/files/1_b289f25f-78a4-4ca3-892f-e2e8cf9cd972.png?v=1759414289,g,,,,,,
women-3-piece-nightwear-lounge-set-with-butterfly-love-print-plus-size-loungewear,,,,,,,,,xl,,,brown-1,,,,,'10708798,500.0,shopify,99,deny,manual,2499.00,,true,false,,,,,'10708798,,,,,,,,,,,,,,,,,,,,,,,,,,,,,,,,,,,,,,,,,,,,,,,https://cdn.shopify.com/s/files/1/0618/2368/0740/files/13_85cecaa6-1470-4b8b-94b2-802b1cebc60d.png?v=1759414289,g,,,,,,
women-3-piece-nightwear-lounge-set-with-butterfly-love-print-plus-size-loungewear,,,,,,,,,xl,,,grey-1,,,,,'10708799,500.0,shopify,100,deny,manual,2499.00,,true,false,,,,,'10708799,,,,,,,,,,,,,,,,,,,,,,,,,,,,,,,,,,,,,,,,,,,,,,,https://cdn.shopify.com/s/files/1/0618/2368/0740/files/10_c757fa48-f518-4b10-a132-65d8960336c0.png?v=1759414289,g,,,,,,
women-3-piece-nightwear-lounge-set-with-butterfly-love-print-plus-size-loungewear,,,,,,,,,xxl,,,red,,,,,'10708800,500.0,shopify,97,deny,manual,2699.00,,true,false,,,,,'10708800,,,,,,,,,,,,,,,,,,,,,,,,,,,,,,,,,,,,,,,,,,,,,,,https://cdn.shopify.com/s/files/1/0618/2368/0740/files/4_6a2b8513-f408-4730-9368-d414051ba9d6.png?v=1759414289,g,,,,,,
women-3-piece-nightwear-lounge-set-with-butterfly-love-print-plus-size-loungewear,,,,,,,,,xxl,,,black,,,,,'10708801,500.0,shopify,97,deny,manual,2699.00,,true,false,,,,,'10708801,,,,,,,,,,,,,,,,,,,,,,,,,,,,,,,,,,,,,,,,,,,,,,,https://cdn.shopify.com/s/files/1/0618/2368/0740/files/16_26b54988-485c-4a44-96fa-e8335ed3c29f.png?v=1759414289,g,,,,,,
women-3-piece-nightwear-lounge-set-with-butterfly-love-print-plus-size-loungewear,,,,,,,,,xxl,,,pink,,,,,'10708802,500.0,shopify,99,deny,manual,2699.00,,true,false,,,,,'10708802,,,,,,,,,,,,,,,,,,,,,,,,,,,,,,,,,,,,,,,,,,,,,,,https://cdn.shopify.com/s/files/1/0618/2368/0740/files/7_0d70ca53-4434-4b10-83a6-fcd3508532d3.png?v=1759414289,g,,,,,,
women-3-piece-nightwear-lounge-set-with-butterfly-love-print-plus-size-loungewear,,,,,,,,,xxl,,,blue-1,,,,,'10708803,500.0,shopify,96,deny,manual,2699.00,,true,false,,,,,'10708803,,,,,,,,,,,,,,,,,,,,,,,,,,,,,,,,,,,,,,,,,,,,,,,https://cdn.shopify.com/s/files/1/0618/2368/0740/files/1_b289f25f-78a4-4ca3-892f-e2e8cf9cd972.png?v=1759414289,g,,,,,,
women-3-piece-nightwear-lounge-set-with-butterfly-love-print-plus-size-loungewear,,,,,,,,,xxl,,,brown-1,,,,,'10708804,500.0,shopify,98,deny,manual,2699.00,,true,false,,,,,'10708804,,,,,,,,,,,,,,,,,,,,,,,,,,,,,,,,,,,,,,,,,,,,,,,https://cdn.shopify.com/s/files/1/0618/2368/0740/files/13_85cecaa6-1470-4b8b-94b2-802b1cebc60d.png?v=1759414289,g,,,,,,
women-3-piece-nightwear-lounge-set-with-butterfly-love-print-plus-size-loungewear,,,,,,,,,xxl,,,grey-1,,,,,'10706708,500.0,shopify,97,deny,manual,2699.00,,true,false,,,,,'10706708,,,,,,,,,,,,,,,,,,,,,,,,,,,,,,,,,,,,,,,,,,,,,,,https://cdn.shopify.com/s/files/1/0618/2368/0740/files/10_c757fa48-f518-4b10-a132-65d8960336c0.png?v=1759414289,g,,,,,,
brown-black-butterfly-love-women-night-suit-pj-3-pieces-set,Brown Black Butterfly Love Women Night Suit PJ 3 Pieces Set,"<h4>Brown Black Butterfly Love Women Night Suit PJ 3 Pieces Set</h4>
<ul class="""">
<li class="""">Three Piece Long Sleeve + Vest + Loose Trouser</li>
<li class="""">Night Suits for Women very attractive and trendy design</li>
<li class="""">Blended Cotton jersey stuff which will provide you most comfort zone at night</li>
<li class="""">washable Stuff but suitable for hand wash for long lasting of the night wear</li>
<li class="""">Not Suitable For Machine wash as this will reduce the durably of the night wear</li>
<li class="""">Export quality fabric use in the production of night suit</li>
<li class="""">Mostly suitable for wearing in summers</li>
<li class="""">Premium and highly professional print work done on the night wear</li>
<li class="""">Round neck style night wear</li>
<li class="""">Long sleeves with round cuff</li>
<li class="""">Loose fitting trouser with extra stretchable material which will relax you more after wearing</li>
<li class="""">Trouser has no pockets</li>
<li class="""">Maximum durably of night wear is 7 months ( if you wash daily basis)</li>
<li class="""">Good Quality Elastic in trouser with maximum stretch</li>
<li class="""">Best Quality of stitching</li>
</ul>",BBG FASHION,Apparel & Accessories > Clothing > Sleepwear & Loungewear,3 Piece Jersey,"3 Piece Nightwear, NEW ARRIVAL, woo",false,Size,Medium,,Material,Soft Jersey,,,,,'10708779,500.0,shopify,24,deny,manual,1999.00,,true,false,,,,,'10708779,https://cdn.shopify.com/s/files/1/0618/2368/0740/products/23_f4209db2-55c5-4893-a813-b03b6fe00b16.png?v=1678640441,1,Brown Black Butterfly Love Women Night Suit Pj 3 Pieces Set - front view - women's wear Pakistan,false,,Green V-Neck Women Night Suit PJ Set Ladies Sleep Dress Night Wear With Shirt And Trouser for Women very attractive and trendy design Blended Cotton jersey stuff which will provide you most comfort zone at night. Washable Sleep wear Stuff for long lasting Night wear available at www.bbgfashion.pk,,,,,,,,,,,,,'1,,,,,,,,,,,,,,,,,,,,,,,,,,,,https://cdn.shopify.com/s/files/1/0618/2368/0740/products/23_f4209db2-55c5-4893-a813-b03b6fe00b16.png?v=1678640441,g,,,true,,,draft
brown-black-butterfly-love-women-night-suit-pj-3-pieces-set,,,,,,,,,Large,,,Soft Jersey,,,,,'10708780,500.0,shopify,52,deny,manual,1999.00,,true,false,,,,,'10708780,https://cdn.shopify.com/s/files/1/0618/2368/0740/products/Sizechart_417eae0e-deb3-450d-aecf-e013b2f09edd.jpg?v=1739368504,2,Brown Black Butterfly Love Women Night Suit Pj 3 Pieces Set size chart - measurements guide,,,,,,,,,,,,,,,,,,,,,,,,,,,,,,,,,,,,,,,,,,,,https://cdn.shopify.com/s/files/1/0618/2368/0740/products/23_f4209db2-55c5-4893-a813-b03b6fe00b16.png?v=1678640441,g,,,,,,
brown-black-butterfly-love-women-night-suit-pj-3-pieces-set,,,,,,,,,XL,,,Soft Jersey,,,,,'10708781,500.0,shopify,48,deny,manual,2299.00,,true,false,,,,,'10708781,,,,,,,,,,,,,,,,,,,,,,,,,,,,,,,,,,,,,,,,,,,,,,,https://cdn.shopify.com/s/files/1/0618/2368/0740/products/23_f4209db2-55c5-4893-a813-b03b6fe00b16.png?v=1678640441,g,,,,,,
brown-black-butterfly-love-women-night-suit-pj-3-pieces-set,,,,,,,,,XXL,,,Soft Jersey,,,,,'10706707,500.0,shopify,94,deny,manual,2499.00,,true,false,,,,,'10706707,,,,,,,,,,,,,,,,,,,,,,,,,,,,,,,,,,,,,,,,,,,,,,,https://cdn.shopify.com/s/files/1/0618/2368/0740/products/23_f4209db2-55c5-4893-a813-b03b6fe00b16.png?v=1678640441,g,,,,,,
brown-pink-butterfly-women-night-suit-pj-3-pieces-set,Brown Pink Butterfly Women Night Suit PJ 3 Pieces Set,"<h4>Brown Pink Butterfly Women Night Suit PJ 3 Pieces Set</h4>
<ul class="""">
<li class="""">Three Piece Long Sleeve + Vest + Loose Trouser</li>
<li class="""">Night Suits for Women very attractive and trendy design</li>
<li class="""">Blended Cotton jersey stuff which will provide you most comfort zone at night</li>
<li class="""">washable Stuff but suitable for hand wash for long lasting of the night wear</li>
<li class="""">Not Suitable For Machine wash as this will reduce the durably of the night wear</li>
<li class="""">Export quality fabric use in the production of night suit</li>
<li class="""">Mostly suitable for wearing in summers</li>
<li class="""">Premium and highly professional print work done on the night wear</li>
<li class="""">Round neck style night wear</li>
<li class="""">Long sleeves with round cuff</li>
<li class="""">Loose fitting trouser with extra stretchable material which will relax you more after wearing</li>
<li class="""">Trouser has no pockets</li>
<li class="""">Maximum durably of night wear is 7 months ( if you wash daily basis)</li>
<li class="""">Good Quality Elastic in trouser with maximum stretch</li>
<li class="""">Best Quality of stitching</li>
</ul>",BBG FASHION,Apparel & Accessories > Clothing > Sleepwear & Loungewear,3 Piece Jersey,"3 Piece Nightwear, NEW ARRIVAL, woo",false,Size,Medium,,Material,Soft Jersey,,,,,'10708776,500.0,shopify,69,deny,manual,1999.00,,true,false,,,,,'10708776,https://cdn.shopify.com/s/files/1/0618/2368/0740/products/22_26099f38-07cc-494a-8cc2-59884deaa024.png?v=1678640112,1,Brown Pink Butterfly Women Night Suit Pj 3 Pieces Set - front view - women's wear Pakistan,false,,Green V-Neck Women Night Suit PJ Set Ladies Sleep Dress Night Wear With Shirt And Trouser for Women very attractive and trendy design Blended Cotton jersey stuff which will provide you most comfort zone at night. Washable Sleep wear Stuff for long lasting Night wear available at www.bbgfashion.pk,,,,,,,,,,,,,'1,,,,,,,,,,,,,,,,,,,,,,,,,,,,https://cdn.shopify.com/s/files/1/0618/2368/0740/products/22_26099f38-07cc-494a-8cc2-59884deaa024.png?v=1678640112,g,,,true,,,draft
brown-pink-butterfly-women-night-suit-pj-3-pieces-set,,,,,,,,,Large,,,Soft Jersey,,,,,'10708777,500.0,shopify,56,deny,manual,1999.00,,true,false,,,,,'10708777,https://cdn.shopify.com/s/files/1/0618/2368/0740/products/Sizechart_62250acc-761b-4ca2-b20c-e72c892df326.jpg?v=1678640112,2,Brown Pink Butterfly Women Night Suit Pj 3 Pieces Set size chart - measurements guide,,,,,,,,,,,,,,,,,,,,,,,,,,,,,,,,,,,,,,,,,,,,https://cdn.shopify.com/s/files/1/0618/2368/0740/products/22_26099f38-07cc-494a-8cc2-59884deaa024.png?v=1678640112,g,,,,,,
brown-pink-butterfly-women-night-suit-pj-3-pieces-set,,,,,,,,,XL,,,Soft Jersey,,,,,'10708778,500.0,shopify,74,deny,manual,2299.00,,true,false,,,,,'10708778,,,,,,,,,,,,,,,,,,,,,,,,,,,,,,,,,,,,,,,,,,,,,,,https://cdn.shopify.com/s/files/1/0618/2368/0740/products/22_26099f38-07cc-494a-8cc2-59884deaa024.png?v=1678640112,g,,,,,,
brown-pink-butterfly-women-night-suit-pj-3-pieces-set,,,,,,,,,XXL,,,Soft Jersey,,,,,'10706706,500.0,shopify,95,deny,manual,2499.00,,true,false,,,,,'10706706,,,,,,,,,,,,,,,,,,,,,,,,,,,,,,,,,,,,,,,,,,,,,,,https://cdn.shopify.com/s/files/1/0618/2368/0740/products/22_26099f38-07cc-494a-8cc2-59884deaa024.png?v=1678640112,g,,,,,,
brown-minnie-mice-women-night-suit-pj-3-pieces-set,Minnie Mice Women Night Suit PJ 3 Pieces Set,"<h4>Minnie Mice Women Night Suit PJ 3 Pieces Set</h4>
<ul class="""">
<li class="""">Three Piece Long Sleeve + Vest + Loose Trouser</li>
<li class="""">Night Suits for Women very attractive and trendy design</li>
<li class="""">Blended Cotton jersey stuff which will provide you most comfort zone at night</li>
<li class="""">washable Stuff but suitable for hand wash for long lasting of the night wear</li>
<li class="""">Not Suitable For Machine wash as this will reduce the durably of the night wear</li>
<li class="""">Export quality fabric use in the production of night suit</li>
<li class="""">Mostly suitable for wearing in summers</li>
<li class="""">Premium and highly professional print work done on the night wear</li>
<li class="""">Round neck style night wear</li>
<li class="""">Long sleeves with round cuff</li>
<li class="""">Loose fitting trouser with extra stretchable material which will relax you more after wearing</li>
<li class="""">Trouser has no pockets</li>
<li class="""">Maximum durably of night wear is 7 months ( if you wash daily basis)</li>
<li class="""">Good Quality Elastic in trouser with maximum stretch</li>
<li class="""">Best Quality of stitching</li>
</ul>",BBG FASHION,Apparel & Accessories > Clothing > Sleepwear & Loungewear,3 Piece Jersey,"3 Piece Nightwear, woo",false,Size,Medium,,Material,Soft Jersey,,Color,Brown,,'10708765,500.0,shopify,83,deny,manual,1999.00,,true,false,,,,,'10708765,https://cdn.shopify.com/s/files/1/0618/2368/0740/products/21_d8651645-63f4-419b-9497-d40741ce7bb0.png?v=1678639968,1,Brown Minnie Mice Women Night Suit Pj 3 Pieces Set - front view - women's wear Pakistan,false,,"Shop Women’s Nightwear & Loungewear in Pakistan. Explore 3 piece night suits, stylish sleepwear & plus size nightwear in all sizes & colors.",,,,,,,,,,,,,'3,,,,,,,,pink,,,soft-cotton-jersey,,,,,,,,,,female,,,,,,,https://cdn.shopify.com/s/files/1/0618/2368/0740/products/21_d8651645-63f4-419b-9497-d40741ce7bb0.png?v=1678639968,g,,,true,,,draft
brown-minnie-mice-women-night-suit-pj-3-pieces-set,,,,,,,,,Medium,,,Soft Jersey,,,blue,,'10708766,500.0,shopify,100,deny,manual,1999.00,,true,false,,,,,'10708766,https://cdn.shopify.com/s/files/1/0618/2368/0740/files/WhatsApp_Image_2025-02-12_at_6.30.18_PM.jpg?v=1739367700,2,Brown Minnie Mice Women Night Suit Pj 3 Pieces Set - back view - women's wear Pakistan,,,,,,,,,,,,,,,,,,,,,,,,,,,,,,,,,,,,,,,,,,,,https://cdn.shopify.com/s/files/1/0618/2368/0740/files/WhatsApp_Image_2024-03-04_at_3.10.53_PM.jpg?v=1739367700,g,,,,,,
brown-minnie-mice-women-night-suit-pj-3-pieces-set,,,,,,,,,Medium,,,Soft Jersey,,,light blue,,'10708767,500.0,shopify,98,deny,manual,1999.00,,true,false,,,,,'10708767,https://cdn.shopify.com/s/files/1/0618/2368/0740/files/WhatsApp_Image_2024-03-04_at_3.10.53_PM.jpg?v=1739367700,3,Brown Minnie Mice Women Night Suit Pj 3 Pieces Set - detail shot - women's wear Pakistan,,,,,,,,,,,,,,,,,,,,,,,,,,,,,,,,,,,,,,,,,,,,https://cdn.shopify.com/s/files/1/0618/2368/0740/files/WhatsApp_Image_2025-02-12_at_6.30.18_PM.jpg?v=1739367700,g,,,,,,
brown-minnie-mice-women-night-suit-pj-3-pieces-set,,,,,,,,,Large,,,Soft Jersey,,,Brown,,'10708768,500.0,shopify,91,deny,manual,1999.00,,true,false,,,,,'10708768,https://cdn.shopify.com/s/files/1/0618/2368/0740/products/Sizechart_5d362f56-6d8c-4d88-a268-adf90b4451a7.jpg?v=1739367700,4,Brown Minnie Mice Women Night Suit Pj 3 Pieces Set size chart - measurements guide,,,,,,,,,,,,,,,,,,,,,,,,,,,,,,,,,,,,,,,,,,,,https://cdn.shopify.com/s/files/1/0618/2368/0740/products/21_d8651645-63f4-419b-9497-d40741ce7bb0.png?v=1678639968,g,,,,,,
brown-minnie-mice-women-night-suit-pj-3-pieces-set,,,,,,,,,Large,,,Soft Jersey,,,blue,,'10708769,500.0,shopify,97,deny,manual,1999.00,,true,false,,,,,'10708769,,,,,,,,,,,,,,,,,,,,,,,,,,,,,,,,,,,,,,,,,,,,,,,https://cdn.shopify.com/s/files/1/0618/2368/0740/files/WhatsApp_Image_2024-03-04_at_3.10.53_PM.jpg?v=1739367700,g,,,,,,
brown-minnie-mice-women-night-suit-pj-3-pieces-set,,,,,,,,,Large,,,Soft Jersey,,,light blue,,'10708770,500.0,shopify,98,deny,manual,1999.00,,true,false,,,,,'10708770,,,,,,,,,,,,,,,,,,,,,,,,,,,,,,,,,,,,,,,,,,,,,,,https://cdn.shopify.com/s/files/1/0618/2368/0740/files/WhatsApp_Image_2025-02-12_at_6.30.18_PM.jpg?v=1739367700,g,,,,,,
brown-minnie-mice-women-night-suit-pj-3-pieces-set,,,,,,,,,XL,,,Soft Jersey,,,Brown,,'10708771,500.0,shopify,94,deny,manual,2299.00,,true,false,,,,,'10708771,,,,,,,,,,,,,,,,,,,,,,,,,,,,,,,,,,,,,,,,,,,,,,,https://cdn.shopify.com/s/files/1/0618/2368/0740/products/21_d8651645-63f4-419b-9497-d40741ce7bb0.png?v=1678639968,g,,,,,,
brown-minnie-mice-women-night-suit-pj-3-pieces-set,,,,,,,,,XL,,,Soft Jersey,,,blue,,'10708772,500.0,shopify,98,deny,manual,2299.00,,true,false,,,,,'10708772,,,,,,,,,,,,,,,,,,,,,,,,,,,,,,,,,,,,,,,,,,,,,,,https://cdn.shopify.com/s/files/1/0618/2368/0740/files/WhatsApp_Image_2024-03-04_at_3.10.53_PM.jpg?v=1739367700,g,,,,,,
brown-minnie-mice-women-night-suit-pj-3-pieces-set,,,,,,,,,XL,,,Soft Jersey,,,light blue,,'10708773,500.0,shopify,100,deny,manual,2299.00,,true,false,,,,,'10708773,,,,,,,,,,,,,,,,,,,,,,,,,,,,,,,,,,,,,,,,,,,,,,,https://cdn.shopify.com/s/files/1/0618/2368/0740/files/WhatsApp_Image_2025-02-12_at_6.30.18_PM.jpg?v=1739367700,g,,,,,,
brown-minnie-mice-women-night-suit-pj-3-pieces-set,,,,,,,,,XXL,,,Soft Jersey,,,Brown,,'10708774,500.0,shopify,0,deny,manual,2499.00,,true,false,,,,,'10708774,,,,,,,,,,,,,,,,,,,,,,,,,,,,,,,,,,,,,,,,,,,,,,,https://cdn.shopify.com/s/files/1/0618/2368/0740/products/21_d8651645-63f4-419b-9497-d40741ce7bb0.png?v=1678639968,g,,,,,,
brown-minnie-mice-women-night-suit-pj-3-pieces-set,,,,,,,,,XXL,,,Soft Jersey,,,blue,,'10708775,500.0,shopify,98,deny,manual,2499.00,,true,false,,,,,'10708775,,,,,,,,,,,,,,,,,,,,,,,,,,,,,,,,,,,,,,,,,,,,,,,https://cdn.shopify.com/s/files/1/0618/2368/0740/files/WhatsApp_Image_2024-03-04_at_3.10.53_PM.jpg?v=1739367700,g,,,,,,
brown-minnie-mice-women-night-suit-pj-3-pieces-set,,,,,,,,,XXL,,,Soft Jersey,,,light blue,,'10706705,500.0,shopify,100,deny,manual,2499.00,,true,false,,,,,'10706705,,,,,,,,,,,,,,,,,,,,,,,,,,,,,,,,,,,,,,,,,,,,,,,https://cdn.shopify.com/s/files/1/0618/2368/0740/files/WhatsApp_Image_2025-02-12_at_6.30.18_PM.jpg?v=1739367700,g,,,,,,
brown-bts-women-night-suit-pj-3-pieces-set,Women 3 Pieces Night Suit - BTS Sign,"<h4>Women 3 Pieces Night Suit - BTS Sign</h4>
<p class=""isSelectedEnd""><span>Experience the perfect blend of comfort and style with our Women's 3 Pieces Night Suit. Crafted from premium-quality fabric, this sleepwear set is designed to keep you comfortable throughout the night while looking effortlessly elegant.</span></p>
<p class=""isSelectedEnd""><strong><span>Set Includes:</span></strong></p>
<ul data-spread=""false"">
<li>
<p class=""isSelectedEnd""><span>1 Stylish Top</span></p>
</li>
<li>
<p class=""isSelectedEnd""><span>1 Comfortable Trouser</span></p>
</li>
<li>
<p class=""isSelectedEnd""><span>1 Matching Outer Layer</span></p>
</li>
</ul>
<p class=""isSelectedEnd""><strong><span>Product Features:</span></strong><br><span>✔ Soft &amp; Breathable Fabric</span><br><span>✔ Lightweight and Skin-Friendly Material</span><br><span>✔ Relaxed Fit for Maximum Comfort</span><br><span>✔ Durable Stitching and Premium Finish</span><br><span>✔ Ideal for Sleeping, Lounging, and Home Wear</span><br><span>✔ Suitable for All Seasons</span></p>
<p class=""isSelectedEnd""><span>Whether you're relaxing after a long day or enjoying a cozy morning at home, this 3-piece night suit offers the comfort you deserve and the style you love.</span></p>
<p><strong><span>Fabric:</span></strong><span> Premium Cotton Blend</span><br><strong><span>Category:</span></strong><span> Women's Nightwear</span><br><strong><span>Fit:</span></strong><span> Regular Comfort Fit</span><br><strong><span>Care Instructions:</span></strong><span> Machine Washable</span></p>",BBG FASHION,Apparel & Accessories > Clothing > Sleepwear & Loungewear,3 Piece Jersey,3 Piece Nightwear,true,Color,brown-1,product.metafields.shopify.color-pattern,Size,Medium,,,,,'10708751,500.0,shopify,89,deny,manual,2499.00,,true,false,,,,,'10708751,https://cdn.shopify.com/s/files/1/0618/2368/0740/products/20_51ce6db7-9dac-4760-9f0f-458ca27519dd.png?v=1678639886,1,Brown Bts Women Night Suit Pj 3 Pieces Set - front view - women's wear Pakistan,false,,"Shop our Women 3 Pieces Night Suit made from soft, breathable cotton for ultimate comfort. Stylish, lightweight, and perfect for sleeping or lounging at home.

",,,,,,,,,,,,,,,,,,,,,brown-1; black; grey; blue-1; red,,,,,,,,,,,,,,,,,,,,,g,,,true,,,active
brown-bts-women-night-suit-pj-3-pieces-set,,,,,,,,,brown-1,,,Large,,,,,'10708755,500.0,shopify,93,deny,manual,2499.00,,true,false,,,,,'10708755,https://cdn.shopify.com/s/files/1/0618/2368/0740/files/WhatsApp_Image_2024-03-02_at_5.05.07_PM_2.jpg?v=1740864300,2,Brown Bts Women Night Suit Pj 3 Pieces Set - back view - women's wear Pakistan,,,,,,,,,,,,,,,,,,,,,,,,,,,,,,,,,,,,,,,,,,,,,g,,,,,,
brown-bts-women-night-suit-pj-3-pieces-set,,,,,,,,,brown-1,,,XL,,,,,'10708759,500.0,shopify,88,deny,manual,2499.00,,true,false,,,,,'10708759,https://cdn.shopify.com/s/files/1/0618/2368/0740/files/WhatsApp_Image_2024-03-04_at_3.10.55_PM.jpg?v=1740864300,3,Brown Bts Women Night Suit Pj 3 Pieces Set - side view - women's wear Pakistan,,,,,,,,,,,,,,,,,,,,,,,,,,,,,,,,,,,,,,,,,,,,,g,,,,,,
brown-bts-women-night-suit-pj-3-pieces-set,,,,,,,,,brown-1,,,XXL,,,,,'10708763,500.0,shopify,0,deny,manual,2699.00,,true,false,,,,,'10708763,https://cdn.shopify.com/s/files/1/0618/2368/0740/files/WhatsApp_Image_2024-03-04_at_5.16.36_PM.jpg?v=1740864300,4,Brown Bts Women Night Suit Pj 3 Pieces Set - detail shot - women's wear Pakistan,,,,,,,,,,,,,,,,,,,,,,,,,,,,,,,,,,,,,,,,,,,,,g,,,,,,
brown-bts-women-night-suit-pj-3-pieces-set,,,,,,,,,black,,,Medium,,,,,'10708750,500.0,shopify,85,deny,manual,2499.00,,true,false,,,,,'10708750,https://cdn.shopify.com/s/files/1/0618/2368/0740/files/Gemini_Generated_Image_plxl9jplxl9jplxl.webp?v=1769684495,5,Brown Bts Women Night Suit Pj 3 Pieces Set - back view - women's wear Pakistan,,,,,,,,,,,,,,,,,,,,,,,,,,,,,,,,,,,,,,,,,,,,,g,,,,,,
brown-bts-women-night-suit-pj-3-pieces-set,,,,,,,,,black,,,Large,,,,,'10708754,500.0,shopify,98,deny,manual,2499.00,,true,false,,,,,'10708754,https://cdn.shopify.com/s/files/1/0618/2368/0740/products/Sizechart_f32d22b7-45f4-4dc8-87f6-e1844218e486.jpg?v=1740864300,6,Brown Bts Women Night Suit Pj 3 Pieces Set size chart - measurements guide,,,,,,,,,,,,,,,,,,,,,,,,,,,,,,,,,,,,,,,,,,,,,g,,,,,,
brown-bts-women-night-suit-pj-3-pieces-set,,,,,,,,,black,,,XL,,,,,'10708758,500.0,shopify,98,deny,manual,2499.00,,true,false,,,,,'10708758,,,,,,,,,,,,,,,,,,,,,,,,,,,,,,,,,,,,,,,,,,,,,,,,g,,,,,,
brown-bts-women-night-suit-pj-3-pieces-set,,,,,,,,,black,,,XXL,,,,,'10708762,500.0,shopify,95,deny,manual,2699.00,,true,false,,,,,'10708762,,,,,,,,,,,,,,,,,,,,,,,,,,,,,,,,,,,,,,,,,,,,,,,,g,,,,,,
brown-bts-women-night-suit-pj-3-pieces-set,,,,,,,,,grey,,,Medium,,,,,'10708753,500.0,shopify,98,deny,manual,2499.00,,true,false,,,,,'10708753,,,,,,,,,,,,,,,,,,,,,,,,,,,,,,,,,,,,,,,,,,,,,,,,g,,,,,,
brown-bts-women-night-suit-pj-3-pieces-set,,,,,,,,,grey,,,Large,,,,,'10708757,500.0,shopify,97,deny,manual,2499.00,,true,false,,,,,'10708757,,,,,,,,,,,,,,,,,,,,,,,,,,,,,,,,,,,,,,,,,,,,,,,,g,,,,,,
brown-bts-women-night-suit-pj-3-pieces-set,,,,,,,,,grey,,,XL,,,,,'10708761,500.0,shopify,99,deny,manual,2499.00,,true,false,,,,,'10708761,,,,,,,,,,,,,,,,,,,,,,,,,,,,,,,,,,,,,,,,,,,,,,,,g,,,,,,
brown-bts-women-night-suit-pj-3-pieces-set,,,,,,,,,grey,,,XXL,,,,,'10706704,500.0,shopify,100,deny,manual,2699.00,,true,false,,,,,'10706704,,,,,,,,,,,,,,,,,,,,,,,,,,,,,,,,,,,,,,,,,,,,,,,,g,,,,,,
