Handle,Title,Body (HTML),Vendor,Product Category,Type,Tags,Published,Option1 Name,Option1 Value,Option1 Linked To,Option2 Name,Option2 Value,Option2 Linked To,Option3 Name,Option3 Value,Option3 Linked To,Variant SKU,Variant Grams,Variant Inventory Tracker,Variant Inventory Qty,Variant Inventory Policy,Variant Fulfillment Service,Variant Price,Variant Compare At Price,Variant Requires Shipping,Variant Taxable,Unit Price Total Measure,Unit Price Total Measure Unit,Unit Price Base Measure,Unit Price Base Measure Unit,Variant Barcode,Image Src,Image Position,Image Alt Text,Gift Card,SEO Title,SEO Description,Google Shopping / Google Product Category,Google Shopping / Gender,Google Shopping / Age Group,Google Shopping / MPN,Google Shopping / Condition,Google Shopping / Custom Product,Google Shopping / Custom Label 0,Google Shopping / Custom Label 1,Google Shopping / Custom Label 2,Google Shopping / Custom Label 3,Google Shopping / Custom Label 4,Google: Custom Product (product.metafields.mm-google-shopping.custom_product),Product rating count (product.metafields.reviews.rating_count),Activewear clothing features (product.metafields.shopify.activewear-clothing-features),Activity (product.metafields.shopify.activity),Age group (product.metafields.shopify.age-group),Baby/Toddler clothing features (product.metafields.shopify.baby-toddler-clothing-features),Baby/Toddler sleepwear style (product.metafields.shopify.baby-toddler-sleepwear-style),Care instructions (product.metafields.shopify.care-instructions),Clothing features (product.metafields.shopify.clothing-features),Color (product.metafields.shopify.color-pattern),Dress occasion (product.metafields.shopify.dress-occasion),Dress style (product.metafields.shopify.dress-style),Fabric (product.metafields.shopify.fabric),Fit (product.metafields.shopify.fit),Intimate apparel features (product.metafields.shopify.intimate-apparel-features),Neckline (product.metafields.shopify.neckline),One-piece style (product.metafields.shopify.one-piece-style),Outerwear clothing features (product.metafields.shopify.outerwear-clothing-features),Pants length type (product.metafields.shopify.pants-length-type),Size (product.metafields.shopify.size),Skirt/Dress length type (product.metafields.shopify.skirt-dress-length-type),Sleeve length type (product.metafields.shopify.sleeve-length-type),Target gender (product.metafields.shopify.target-gender),Top length type (product.metafields.shopify.top-length-type),Waist rise (product.metafields.shopify.waist-rise),Complementary products (product.metafields.shopify--discovery--product_recommendation.complementary_products),Related products (product.metafields.shopify--discovery--product_recommendation.related_products),Related products settings (product.metafields.shopify--discovery--product_recommendation.related_products_display),Search product boosts (product.metafields.shopify--discovery--product_search_boost.queries),Variant Image,Variant Weight Unit,Variant Tax Code,Cost per item,Included / Pakistan,Price / Pakistan,Compare At Price / Pakistan,Status
kids-two-tone-sweatshirt-jogger-set-sky-blue-black,,,,,,,,,13-14-years,,,,,,,,'10707106,0.5,shopify,99,deny,manual,2199.00,,true,true,,,,,'10707106,,,,,,,,,,,,,,,,,,,,,,,,,,,,,,,,,,,,,,,,,,,,,,,https://cdn.shopify.com/s/files/1/0618/2368/0740/files/Khep01_0010_HAN_7910.jpg?v=1762604595,g,,,,,,
kids-camo-co-ord-set-sleeveless-hoodie-jogger-pants,Kids Camo Co-Ord Set – Sleeveless Hoodie & Jogger Pants,"<h4>Kids Camo Co-Ord Set – Sleeveless Hoodie &amp; Jogger Pants</h4>
<p data-start=""356"" data-end=""667"">Bring cool comfort and playful energy to your child’s wardrobe with our <strong data-start=""428"" data-end=""452"">Kids Camo Co-Ord Set</strong>, designed for both <strong data-start=""472"" data-end=""490"">boys and girls</strong>. This trendy <strong data-start=""504"" data-end=""524"">two-piece outfit</strong> includes a <strong data-start=""536"" data-end=""568"">sleeveless camouflage hoodie</strong> paired with <strong data-start=""581"" data-end=""606"">matching jogger pants</strong>, perfect for active days, casual outings, or playtime fun.</p>
<p data-start=""669"" data-end=""923"">Crafted from <strong data-start=""682"" data-end=""722"">soft, breathable cotton blend fabric</strong>, it ensures all-day comfort with just the right amount of stretch. The joggers feature <strong data-start=""810"" data-end=""826"">ribbed cuffs</strong> and <strong data-start=""831"" data-end=""848"">ankle zippers</strong> for a snug fit, while the sleeveless hoodie adds a touch of urban style.</p>
<p data-start=""925"" data-end=""1012"">This <strong data-start=""930"" data-end=""952"">unisex camo outfit</strong> is a must-have for kids who love comfort with confidence.</p>
<hr data-start=""1014"" data-end=""1017"">
<h3 data-start=""1019"" data-end=""1042"">✨ <strong data-start=""1025"" data-end=""1042"">Key Features:</strong>
</h3>
<ul data-start=""1043"" data-end=""1421"">
<li data-start=""1043"" data-end=""1082"">
<p data-start=""1045"" data-end=""1082"">Stylish <strong data-start=""1053"" data-end=""1073"">camouflage print</strong> design</p>
</li>
<li data-start=""1083"" data-end=""1146"">
<p data-start=""1085"" data-end=""1146""><strong data-start=""1085"" data-end=""1106"">Sleeveless hoodie</strong> with front pockets and button closure</p>
</li>
<li data-start=""1147"" data-end=""1199"">
<p data-start=""1149"" data-end=""1199""><strong data-start=""1149"" data-end=""1183"">Elastic waistband jogger pants</strong> for easy wear</p>
</li>
<li data-start=""1200"" data-end=""1238"">
<p data-start=""1202"" data-end=""1238""><strong data-start=""1202"" data-end=""1219"">Ankle zippers</strong> for sporty flair</p>
</li>
<li data-start=""1239"" data-end=""1299"">
<p data-start=""1241"" data-end=""1299"">Made from <strong data-start=""1251"" data-end=""1297"">soft, durable, and breathable cotton blend</strong></p>
</li>
<li data-start=""1300"" data-end=""1365"">
<p data-start=""1302"" data-end=""1365"">Ideal for <strong data-start=""1312"" data-end=""1363"">casual wear, outdoor play, and everyday comfort</strong></p>
</li>
<li data-start=""1366"" data-end=""1421"">
<p data-start=""1368"" data-end=""1421"">Available in multiple sizes for <strong data-start=""1400"" data-end=""1419"">kids 1–14 years</strong></p>
</li>
</ul>",BBG FASHION CLOTHING STORE,Apparel & Accessories > Clothing > Baby & Toddler Clothing > Baby & Toddler Outfits,Premium Kidswear,Premium Kidswear,true,Size,1-2-years,product.metafields.shopify.size,,,,,,,'10718657,0.5,shopify,99,deny,manual,2199.00,,true,true,,,,,'10718657,https://cdn.shopify.com/s/files/1/0618/2368/0740/files/Khep03_0037_HAN_7396.jpg?v=1762603771,1,Kids Camo Co Ord Set Sleeveless Hoodie Jogger Pants - front view - kids wear Pakistan,false,,"Shop Kids Camo Co-Ord Set – Sleeveless Hoodie & Jogger Pants. Trendy camouflage outfit with soft fabric, perfect for active kids, casual wear, and everyday comfort.",7313,,,,,,,,,,,,,,,,,,,,,,,fleece,,,,,,,1-2-years; 3-4-years; 5-6-years; 7-8-years; 9-10-years; 11-12-years; 13-14-years,,,,,,,,,,,g,,,true,,,active
kids-camo-co-ord-set-sleeveless-hoodie-jogger-pants,,,,,,,,,3-4-years,,,,,,,,'10718658,0.5,shopify,99,deny,manual,2199.00,,true,true,,,,,'10718658,https://cdn.shopify.com/s/files/1/0618/2368/0740/files/Khep03_0035_HAN_7402.jpg?v=1762603771,2,Kids Camo Co Ord Set Sleeveless Hoodie Jogger Pants - back view - kids wear Pakistan,,,,,,,,,,,,,,,,,,,,,,,,,,,,,,,,,,,,,,,,,,,,,g,,,,,,
kids-camo-co-ord-set-sleeveless-hoodie-jogger-pants,,,,,,,,,5-6-years,,,,,,,,'10718659,0.5,shopify,99,deny,manual,2199.00,,true,true,,,,,'10718659,https://cdn.shopify.com/s/files/1/0618/2368/0740/files/Khep03_0045_HAN_7370.jpg?v=1762603771,3,Kids Camo Co Ord Set Sleeveless Hoodie Jogger Pants - side view - kids wear Pakistan,,,,,,,,,,,,,,,,,,,,,,,,,,,,,,,,,,,,,,,,,,,,,g,,,,,,
kids-camo-co-ord-set-sleeveless-hoodie-jogger-pants,,,,,,,,,7-8-years,,,,,,,,'10718660,0.5,shopify,99,deny,manual,2199.00,,true,true,,,,,'10718660,https://cdn.shopify.com/s/files/1/0618/2368/0740/files/khep04_0012_HAN_7390.jpg?v=1762603771,4,Kids Camo Co Ord Set Sleeveless Hoodie Jogger Pants - detail shot - kids wear Pakistan,,,,,,,,,,,,,,,,,,,,,,,,,,,,,,,,,,,,,,,,,,,,,g,,,,,,
kids-camo-co-ord-set-sleeveless-hoodie-jogger-pants,,,,,,,,,9-10-years,,,,,,,,'10718661,0.5,shopify,99,deny,manual,2199.00,,true,true,,,,,'10718661,https://cdn.shopify.com/s/files/1/0618/2368/0740/files/khep04_0013_HAN_7388.jpg?v=1762603771,5,Kids Camo Co Ord Set Sleeveless Hoodie Jogger Pants - close-up detail - kids wear Pakistan,,,,,,,,,,,,,,,,,,,,,,,,,,,,,,,,,,,,,,,,,,,,,g,,,,,,
kids-camo-co-ord-set-sleeveless-hoodie-jogger-pants,,,,,,,,,11-12-years,,,,,,,,'10718662,0.5,shopify,99,deny,manual,2199.00,,true,true,,,,,'10718662,https://cdn.shopify.com/s/files/1/0618/2368/0740/files/Khep03_0043_HAN_7383.jpg?v=1762603771,6,Kids Camo Co Ord Set Sleeveless Hoodie Jogger Pants - flat lay - kids wear Pakistan,,,,,,,,,,,,,,,,,,,,,,,,,,,,,,,,,,,,,,,,,,,,,g,,,,,,
kids-camo-co-ord-set-sleeveless-hoodie-jogger-pants,,,,,,,,,13-14-years,,,,,,,,'10707105,0.5,shopify,99,deny,manual,2199.00,,true,true,,,,,'10707105,https://cdn.shopify.com/s/files/1/0618/2368/0740/files/khep04_0014_HAN_7375.jpg?v=1762603771,7,Kids Camo Co Ord Set Sleeveless Hoodie Jogger Pants - lifestyle view - kids wear Pakistan,,,,,,,,,,,,,,,,,,,,,,,,,,,,,,,,,,,,,,,,,,,,,g,,,,,,
kids-camo-co-ord-set-sleeveless-hoodie-jogger-pants,,,,,,,,,,,,,,,,,,,,,,,,,,,,,,,,https://cdn.shopify.com/s/files/1/0618/2368/0740/files/Kids_Size_chart_0023ee60-9210-466d-8561-64d930dbfb74.jpg?v=1764772152,8,Mocha Grey Comfort Set Unisex Winter Fleece Wear size chart - measurements guide,,,,,,,,,,,,,,,,,,,,,,,,,,,,,,,,,,,,,,,,,,,,,,,,,,,
girls-bow-sweatshirt-leaf-print-jogger-set,Girls Bow Sweatshirt & Leaf Print Jogger Set | Forest Green,"<h4>Girls Bow Sweatshirt &amp; Leaf Print Jogger Set | Forest Green</h4>
<p data-start=""660"" data-end=""1015"">Our <strong data-start=""701"" data-end=""749"">Girls Bow Sweatshirt &amp; Leaf Print Jogger Set</strong> is designed to keep your little one warm and stylish this winter. Made from <strong data-start=""826"" data-end=""851"">premium cotton fleece</strong>, this adorable two-piece outfit features a <strong data-start=""895"" data-end=""922"">bow-detailed sweatshirt</strong> paired with <strong data-start=""935"" data-end=""971"">tropical leaf print jogger pants</strong> — a perfect blend of comfort and fashion.</p>
<p data-start=""1017"" data-end=""1235"">The <strong data-start=""1021"" data-end=""1043"">soft fleece fabric</strong> ensures warmth, while the <strong data-start=""1070"" data-end=""1095"">ribbed cuffs and hems</strong> add a neat finish. The joggers have an <strong data-start=""1135"" data-end=""1156"">elastic waistband</strong> and <strong data-start=""1161"" data-end=""1178"">ankle zippers</strong>, offering flexibility and an easy fit for active kids.</p>
<p data-start=""1237"" data-end=""1356"">Ideal for casual outings, family get-togethers, or playtime — this outfit makes your princess stand out effortlessly.</p>
<p data-start=""1358"" data-end=""1383"">🧵 <strong data-start=""1361"" data-end=""1381"">Product Details:</strong></p>
<ul data-start=""1384"" data-end=""1675"">
<li data-start=""1384"" data-end=""1416"">
<p data-start=""1386"" data-end=""1416"">Material: Soft cotton fleece</p>
</li>
<li data-start=""1417"" data-end=""1459"">
<p data-start=""1419"" data-end=""1459"">2-piece set: Sweatshirt + Jogger pants</p>
</li>
<li data-start=""1460"" data-end=""1503"">
<p data-start=""1462"" data-end=""1503"">Colors: Bottle Green &amp; Deep Red options</p>
</li>
<li data-start=""1504"" data-end=""1550"">
<p data-start=""1506"" data-end=""1550"">Bow detailing on sleeves for a trendy look</p>
</li>
<li data-start=""1551"" data-end=""1604"">
<p data-start=""1553"" data-end=""1604"">Printed joggers with ribbed cuffs and zip closure</p>
</li>
<li data-start=""1605"" data-end=""1645"">
<p data-start=""1607"" data-end=""1645"">Regular, comfy fit for everyday wear</p>
</li>
<li data-start=""1646"" data-end=""1675"">
<p data-start=""1648"" data-end=""1675"">Perfect for winter &amp; fall</p>
</li>
</ul>
<p data-start=""1677"" data-end=""1826"">✨ <strong data-start=""1679"" data-end=""1700"">Why Moms Love It:</strong><br data-start=""1700"" data-end=""1703"">✔ Stylish &amp; cozy design<br data-start=""1726"" data-end=""1729"">✔ Premium fleece warmth<br data-start=""1752"" data-end=""1755"">✔ Easy to wash &amp; long-lasting<br data-start=""1784"" data-end=""1787"">✔ Perfect for casual and outdoor wear</p>
<p data-start=""1828"" data-end=""1919"">📦 <strong data-start=""1831"" data-end=""1853"">Care Instructions:</strong><br data-start=""1853"" data-end=""1856"">Machine wash cold, gentle cycle. Do not bleach. Tumble dry low.</p>",BBG FASHION CLOTHING STORE,Apparel & Accessories > Clothing > Baby & Toddler Clothing > Baby & Toddler Outfits,Kids Sweatshirt & Pant,"kidssweatshirtandpant, Premium Kidswear",true,Size,1-2-years,product.metafields.shopify.size,,,,,,,'10718651,0.0,shopify,99,deny,manual,2199.00,,true,true,,,,,'10718651,https://cdn.shopify.com/s/files/1/0618/2368/0740/files/Khep03_0015_HAN_7295_54fccf30-c29b-44ff-b769-514fec6a15fb.jpg?v=1763025705,1,Girls Bow Sweatshirt Leaf Print Jogger Set - front view - unisex wear Pakistan,false,,"Shop Girls Bow Sweatshirt & Leaf Print Jogger Set – Forest Green. Stylish and cozy winter outfit with cute bow details and trendy leaf print, perfect for everyday wear and comfort.",7313,,,,,,,,,,,,,,,toddlers; kids; 1-2-years,,,,insulated,green-1; maroon,,,fleece; soft-cotton-jersey,,,,,,,1-2-years; 3-4-years; 5-6-years; 7-8-years; 9-10-years; 11-12-years; 13-14-years,,,girls,,,,,,,https://cdn.shopify.com/s/files/1/0618/2368/0740/files/Khep03_0015_HAN_7295_54fccf30-c29b-44ff-b769-514fec6a15fb.jpg?v=1763025705,g,,,true,,,active
girls-bow-sweatshirt-leaf-print-jogger-set,,,,,,,,,3-4-years,,,,,,,,'10718652,0.0,shopify,99,deny,manual,2199.00,,true,true,,,,,'10718652,https://cdn.shopify.com/s/files/1/0618/2368/0740/files/Khep03_0019_HAN_7302.jpg?v=1763025705,2,Girls Bow Sweatshirt Leaf Print Jogger Set - back view - unisex wear Pakistan,,,,,,,,,,,,,,,,,,,,,,,,,,,,,,,,,,,,,,,,,,,,https://cdn.shopify.com/s/files/1/0618/2368/0740/files/Khep03_0015_HAN_7295_54fccf30-c29b-44ff-b769-514fec6a15fb.jpg?v=1763025705,g,,,,,,
girls-bow-sweatshirt-leaf-print-jogger-set,,,,,,,,,5-6-years,,,,,,,,'10718653,0.0,shopify,99,deny,manual,2199.00,,true,true,,,,,'10718653,https://cdn.shopify.com/s/files/1/0618/2368/0740/files/khep04_0003_HAN_7311.jpg?v=1763025969,3,Girls Bow Sweatshirt Leaf Print Jogger Set - side view - unisex wear Pakistan,,,,,,,,,,,,,,,,,,,,,,,,,,,,,,,,,,,,,,,,,,,,https://cdn.shopify.com/s/files/1/0618/2368/0740/files/Khep03_0015_HAN_7295_54fccf30-c29b-44ff-b769-514fec6a15fb.jpg?v=1763025705,g,,,,,,
girls-bow-sweatshirt-leaf-print-jogger-set,,,,,,,,,7-8-years,,,,,,,,'10718654,0.0,shopify,99,deny,manual,2199.00,,true,true,,,,,'10718654,https://cdn.shopify.com/s/files/1/0618/2368/0740/files/Khep03_0014_HAN_7306_4dcb5f8d-df77-4f1e-aa35-69fc0bff8cc6.jpg?v=1763025969,4,Girls Bow Sweatshirt Leaf Print Jogger Set - detail shot - unisex wear Pakistan,,,,,,,,,,,,,,,,,,,,,,,,,,,,,,,,,,,,,,,,,,,,https://cdn.shopify.com/s/files/1/0618/2368/0740/files/Khep03_0015_HAN_7295_54fccf30-c29b-44ff-b769-514fec6a15fb.jpg?v=1763025705,g,,,,,,
girls-bow-sweatshirt-leaf-print-jogger-set,,,,,,,,,9-10-years,,,,,,,,'10718655,0.0,shopify,99,deny,manual,2199.00,,true,true,,,,,'10718655,https://cdn.shopify.com/s/files/1/0618/2368/0740/files/Khep03_0008_HAN_7321_496b3df6-7056-4c86-9dbf-380e4d0a8c99.jpg?v=1763025969,5,Girls Bow Sweatshirt Leaf Print Jogger Set - front view - unisex wear Pakistan,,,,,,,,,,,,,,,,,,,,,,,,,,,,,,,,,,,,,,,,,,,,https://cdn.shopify.com/s/files/1/0618/2368/0740/files/Khep03_0015_HAN_7295_54fccf30-c29b-44ff-b769-514fec6a15fb.jpg?v=1763025705,g,,,,,,
girls-bow-sweatshirt-leaf-print-jogger-set,,,,,,,,,11-12-years,,,,,,,,'10718656,0.0,shopify,99,deny,manual,2199.00,,true,true,,,,,'10718656,https://cdn.shopify.com/s/files/1/0618/2368/0740/files/Kids_Size_chart.jpg?v=1763025969,6,Girls Bow Sweatshirt Leaf Print Jogger Set size chart - measurements guide,,,,,,,,,,,,,,,,,,,,,,,,,,,,,,,,,,,,,,,,,,,,https://cdn.shopify.com/s/files/1/0618/2368/0740/files/Khep03_0015_HAN_7295_54fccf30-c29b-44ff-b769-514fec6a15fb.jpg?v=1763025705,g,,,,,,
girls-bow-sweatshirt-leaf-print-jogger-set,,,,,,,,,13-14-years,,,,,,,,'10707104,0.0,shopify,99,deny,manual,2199.00,,true,true,,,,,'10707104,,,,,,,,,,,,,,,,,,,,,,,,,,,,,,,,,,,,,,,,,,,,,,,https://cdn.shopify.com/s/files/1/0618/2368/0740/files/Khep03_0015_HAN_7295_54fccf30-c29b-44ff-b769-514fec6a15fb.jpg?v=1763025705,g,,,,,,
kids-leaf-print-fleece-set,Kids Leaf Print Fleece Set,"<h4>Kids Leaf Print Fleece Set</h4>
<p data-start=""571"" data-end=""951"">Our <strong data-start=""629"" data-end=""659"">Kids Leaf Print Fleece Set</strong> brings effortless style to your little one’s winter wardrobe. Crafted from <strong data-start=""735"" data-end=""760"">premium cotton fleece</strong>, this <strong data-start=""767"" data-end=""787"">two-piece outfit</strong> includes a soft <strong data-start=""804"" data-end=""824"">white sweatshirt</strong> paired with <strong data-start=""837"" data-end=""882"">trendy black-and-white leaf print joggers</strong> — perfect for keeping your child cozy while looking super stylish.</p>
<p data-start=""953"" data-end=""1235"">Designed for <strong data-start=""966"" data-end=""984"">boys and girls</strong>, the set offers a <strong data-start=""1003"" data-end=""1018"">relaxed fit</strong>, <strong data-start=""1020"" data-end=""1041"">elastic waistband</strong>, and <strong data-start=""1047"" data-end=""1063"">ribbed cuffs</strong> for all-day comfort and freedom of movement. Whether for casual outings, school days, or cozy weekends at home, this outfit ensures warmth with a touch of fashion flair.</p>
<p data-start=""1237"" data-end=""1262"">🧵 <strong data-start=""1240"" data-end=""1260"">Product Details:</strong></p>
<ul data-start=""1263"" data-end=""1549"">
<li data-start=""1263"" data-end=""1310"">
<p data-start=""1265"" data-end=""1310"">Set includes: 1 Sweatshirt + 1 Jogger Pants</p>
</li>
<li data-start=""1311"" data-end=""1343"">
<p data-start=""1313"" data-end=""1343"">Material: Soft cotton fleece</p>
</li>
<li data-start=""1344"" data-end=""1392"">
<p data-start=""1346"" data-end=""1392"">Color: White top with black leaf print pants</p>
</li>
<li data-start=""1393"" data-end=""1435"">
<p data-start=""1395"" data-end=""1435"">Fit: Regular and comfy for active kids</p>
</li>
<li data-start=""1436"" data-end=""1475"">
<p data-start=""1438"" data-end=""1475"">Elastic waistband with ribbed cuffs</p>
</li>
<li data-start=""1476"" data-end=""1514"">
<p data-start=""1478"" data-end=""1514"">Breathable, warm, and easy to wash</p>
</li>
<li data-start=""1515"" data-end=""1549"">
<p data-start=""1517"" data-end=""1549"">Unisex design for boys &amp; girls</p>
</li>
</ul>
<p data-start=""1551"" data-end=""1624"">✨ <strong data-start=""1553"" data-end=""1569"">Perfect For:</strong><br data-start=""1569"" data-end=""1572"">Casual wear | Playdates | School | Winter layering</p>
<p data-start=""1626"" data-end=""1725"">📦 <strong data-start=""1629"" data-end=""1651"">Care Instructions:</strong><br data-start=""1651"" data-end=""1654"">Machine wash cold with similar colors. Do not bleach. Tumble dry low.</p>",BBG FASHION CLOTHING STORE,Apparel & Accessories > Clothing > Baby & Toddler Clothing > Baby & Toddler Outfits,Premium Kidswear,"kidssweatshirtandpant, Premium Kidswear",true,Size,1-2-years,product.metafields.shopify.size,,,,,,,'10718645,0.5,shopify,99,deny,manual,2199.00,,true,true,,,,,'10718645,https://cdn.shopify.com/s/files/1/0618/2368/0740/files/Khep03_0021_HAN_7131.jpg?v=1762599400,1,Kids Leaf Print Fleece Set - front view - kids wear Pakistan,false,,"Kids leaf print two-piece outfit in cotton fleece. Perfect winter wear for boys & girls – warm, breathable & trendy",7313,,kids,,,,,,,,,,,,,kids; 1-2-years,,,,insulated,floral; black; rainbow; fruity,,,fleece; soft-cotton-jersey,,,,,,,1-2-years; 3-4-years; 5-6-years; 7-8-years; 9-10-years; 11-12-years; 13-14-years,,,unisex,,,,,,,https://cdn.shopify.com/s/files/1/0618/2368/0740/files/Khep03_0021_HAN_7131.jpg?v=1762599400,g,,,true,,,active
kids-leaf-print-fleece-set,,,,,,,,,3-4-years,,,,,,,,'10718646,0.5,shopify,99,deny,manual,2199.00,,true,true,,,,,'10718646,https://cdn.shopify.com/s/files/1/0618/2368/0740/files/Khep03_0020_HAN_7140.jpg?v=1762599492,2,Kids Leaf Print Fleece Set - back view - kids wear Pakistan,,,,,,,,,,,,,,,,,,,,,,,,,,,,,,,,,,,,,,,,,,,,https://cdn.shopify.com/s/files/1/0618/2368/0740/files/Khep03_0021_HAN_7131.jpg?v=1762599400,g,,,,,,
kids-leaf-print-fleece-set,,,,,,,,,5-6-years,,,,,,,,'10718647,0.5,shopify,99,deny,manual,2199.00,,true,true,,,,,'10718647,https://cdn.shopify.com/s/files/1/0618/2368/0740/files/Khep03_0027_HAN_7107.jpg?v=1762599499,3,Kids Leaf Print Fleece Set - side view - kids wear Pakistan,,,,,,,,,,,,,,,,,,,,,,,,,,,,,,,,,,,,,,,,,,,,https://cdn.shopify.com/s/files/1/0618/2368/0740/files/Khep03_0021_HAN_7131.jpg?v=1762599400,g,,,,,,
kids-leaf-print-fleece-set,,,,,,,,,7-8-years,,,,,,,,'10718648,0.5,shopify,99,deny,manual,2199.00,,true,true,,,,,'10718648,https://cdn.shopify.com/s/files/1/0618/2368/0740/files/Khep03_0024_HAN_7119.jpg?v=1762599499,4,Kids Leaf Print Fleece Set - detail shot - kids wear Pakistan,,,,,,,,,,,,,,,,,,,,,,,,,,,,,,,,,,,,,,,,,,,,https://cdn.shopify.com/s/files/1/0618/2368/0740/files/Khep03_0021_HAN_7131.jpg?v=1762599400,g,,,,,,
kids-leaf-print-fleece-set,,,,,,,,,9-10-years,,,,,,,,'10718649,0.5,shopify,99,deny,manual,2199.00,,true,true,,,,,'10718649,https://cdn.shopify.com/s/files/1/0618/2368/0740/files/Khep03_0026_HAN_7112.jpg?v=1762599499,5,Kids Leaf Print Fleece Set - front view - kids wear Pakistan,,,,,,,,,,,,,,,,,,,,,,,,,,,,,,,,,,,,,,,,,,,,https://cdn.shopify.com/s/files/1/0618/2368/0740/files/Khep03_0021_HAN_7131.jpg?v=1762599400,g,,,,,,
kids-leaf-print-fleece-set,,,,,,,,,11-12-years,,,,,,,,'10718650,0.5,shopify,99,deny,manual,2199.00,,true,true,,,,,'10718650,https://cdn.shopify.com/s/files/1/0618/2368/0740/files/BBg_Kids_Size_chart.webp?v=1766589170,6,Kids Leaf Print Fleece Set size chart - measurements guide,,,,,,,,,,,,,,,,,,,,,,,,,,,,,,,,,,,,,,,,,,,,https://cdn.shopify.com/s/files/1/0618/2368/0740/files/Khep03_0021_HAN_7131.jpg?v=1762599400,g,,,,,,
kids-leaf-print-fleece-set,,,,,,,,,13-14-years,,,,,,,,'10707103,0.5,shopify,99,deny,manual,2199.00,,true,true,,,,,'10707103,,,,,,,,,,,,,,,,,,,,,,,,,,,,,,,,,,,,,,,,,,,,,,,https://cdn.shopify.com/s/files/1/0618/2368/0740/files/Khep03_0021_HAN_7131.jpg?v=1762599400,g,,,,,,
kids-trendy-hoodie-vest,Kids Trendy Hoodie Vest | Forest Green,"<h4>Kids Trendy Hoodie Vest | Forest Green</h4>
<p data-end=""871"" data-start=""520"">Our <strong data-end=""582"" data-start=""551"">Kids Sleeveless Hoodie Vest</strong> is the perfect pick for everyday adventures. Made from <strong data-end=""663"" data-start=""638"">premium cotton fleece</strong>, it offers a <strong data-end=""713"" data-start=""677"">soft, breathable, and warm layer</strong> for your little ones. The vest features <strong data-end=""778"" data-start=""754"">front button closure</strong>, <strong data-end=""801"" data-start=""780"">two roomy pockets</strong>, and a <strong data-end=""825"" data-start=""809"">stylish hood</strong>, making it both functional and fashionable.</p>
<p data-end=""1042"" data-start=""873"">Whether worn over a T-shirt for a casual look or layered under a jacket for extra warmth, this <strong data-end=""990"" data-start=""968"">unisex hoodie vest</strong> keeps your child cozy and confident all day long.</p>
<p data-end=""1069"" data-start=""1044"">🧵 <strong data-end=""1067"" data-start=""1047"">Product Details:</strong></p>
<ul data-end=""1318"" data-start=""1070"">
<li data-end=""1102"" data-start=""1070"">
<p data-end=""1102"" data-start=""1072"">Material: Soft cotton fleece</p>
</li>
<li data-end=""1134"" data-start=""1103"">
<p data-end=""1134"" data-start=""1105"">Sleeveless with hood design</p>
</li>
<li data-end=""1159"" data-start=""1135"">
<p data-end=""1159"" data-start=""1137"">Front button closure</p>
</li>
<li data-end=""1181"" data-start=""1160"">
<p data-end=""1181"" data-start=""1162"">Two front pockets</p>
</li>
<li data-end=""1216"" data-start=""1182"">
<p data-end=""1216"" data-start=""1184"">Ideal for mild winter and fall</p>
</li>
<li data-end=""1269"" data-start=""1217"">
<p data-end=""1269"" data-start=""1219"">Available in vibrant colors – Red &amp; Bottle Green</p>
</li>
<li data-end=""1318"" data-start=""1270"">
<p data-end=""1318"" data-start=""1272"">Suitable for boys and girls (Ages  1–14 years)</p>
</li>
</ul>
<p data-end=""1413"" data-start=""1320"">✨ <strong data-end=""1338"" data-start=""1322"">Perfect For:</strong><br data-end=""1341"" data-start=""1338"">Daily wear, school outings, playdates, and layering in chilly weather.</p>
<p data-end=""1512"" data-start=""1415"">📦 <strong data-end=""1440"" data-start=""1418"">Care Instructions:</strong><br data-end=""1443"" data-start=""1440"">Machine wash cold with similar colors. Do not bleach. Tumble dry low.</p>",BBG FASHION CLOTHING STORE,Apparel & Accessories > Clothing > Outerwear > Vests,Premium Kidswear,Premium Kidswear,true,Size,1-2-years,product.metafields.shopify.size,,,,,,,'10718639,0.5,shopify,99,deny,manual,2199.00,,true,true,,,,,'10718639,https://cdn.shopify.com/s/files/1/0618/2368/0740/files/Khep03_0018_HAN_7044_c5f9395e-2e6d-4d8f-a583-025d4b780c5c.jpg?v=1763026744,1,Kids Trendy Hoodie Vest - front view - kids wear Pakistan,false,,"Stylish kids sleeveless hoodie vest made of soft cotton fleece. Perfect winter layer for boys & girls. Shop cozy, trendy kidswear online now!",1831,,kids,,,,,,,,,,,,,kids,,,machine-washable-1; tumble-dry,,green-1; red,,,fleece; soft-cotton-jersey,,,,,lightweight; hooded; pockets-1,,1-2-years; 3-4-years; 5-6-years; 7-8-years; 9-10-years; 11-12-years; 13-14-years,,,unisex,,,,,,,https://cdn.shopify.com/s/files/1/0618/2368/0740/files/Khep03_0018_HAN_7044_c5f9395e-2e6d-4d8f-a583-025d4b780c5c.jpg?v=1763026744,g,,,true,,,active
kids-trendy-hoodie-vest,,,,,,,,,3-4-years,,,,,,,,'10718640,0.5,shopify,99,deny,manual,2199.00,,true,true,,,,,'10718640,https://cdn.shopify.com/s/files/1/0618/2368/0740/files/Khep03_0032_HAN_7055.jpg?v=1763026744,2,Kids Trendy Hoodie Vest - back view - kids wear Pakistan,,,,,,,,,,,,,,,,,,,,,,,,,,,,,,,,,,,,,,,,,,,,https://cdn.shopify.com/s/files/1/0618/2368/0740/files/Khep03_0018_HAN_7044_c5f9395e-2e6d-4d8f-a583-025d4b780c5c.jpg?v=1763026744,g,,,,,,
kids-trendy-hoodie-vest,,,,,,,,,5-6-years,,,,,,,,'10718641,0.5,shopify,99,deny,manual,2199.00,,true,true,,,,,'10718641,https://cdn.shopify.com/s/files/1/0618/2368/0740/files/khep04_0000_HAN_7058.jpg?v=1763026744,3,Kids Trendy Hoodie Vest - side view - kids wear Pakistan,,,,,,,,,,,,,,,,,,,,,,,,,,,,,,,,,,,,,,,,,,,,https://cdn.shopify.com/s/files/1/0618/2368/0740/files/Khep03_0018_HAN_7044_c5f9395e-2e6d-4d8f-a583-025d4b780c5c.jpg?v=1763026744,g,,,,,,
kids-trendy-hoodie-vest,,,,,,,,,7-8-years,,,,,,,,'10718642,0.5,shopify,99,deny,manual,2199.00,,true,true,,,,,'10718642,https://cdn.shopify.com/s/files/1/0618/2368/0740/files/Khep03_0023_HAN_7122.jpg?v=1763026744,4,Kids Trendy Hoodie Vest - detail shot - kids wear Pakistan,,,,,,,,,,,,,,,,,,,,,,,,,,,,,,,,,,,,,,,,,,,,https://cdn.shopify.com/s/files/1/0618/2368/0740/files/Khep03_0018_HAN_7044_c5f9395e-2e6d-4d8f-a583-025d4b780c5c.jpg?v=1763026744,g,,,,,,
kids-trendy-hoodie-vest,,,,,,,,,9-10-years,,,,,,,,'10718643,0.5,shopify,99,deny,manual,2199.00,,true,true,,,,,'10718643,https://cdn.shopify.com/s/files/1/0618/2368/0740/files/khep04_0008_HAN_7062.jpg?v=1763026744,5,Kids Trendy Hoodie Vest - front view - kids wear Pakistan,,,,,,,,,,,,,,,,,,,,,,,,,,,,,,,,,,,,,,,,,,,,https://cdn.shopify.com/s/files/1/0618/2368/0740/files/Khep03_0018_HAN_7044_c5f9395e-2e6d-4d8f-a583-025d4b780c5c.jpg?v=1763026744,g,,,,,,
kids-trendy-hoodie-vest,,,,,,,,,11-12-years,,,,,,,,'10718644,0.5,shopify,99,deny,manual,2199.00,,true,true,,,,,'10718644,https://cdn.shopify.com/s/files/1/0618/2368/0740/files/khep04_0055_HAN_7061.jpg?v=1763026744,6,Kids Trendy Hoodie Vest - back view - kids wear Pakistan,,,,,,,,,,,,,,,,,,,,,,,,,,,,,,,,,,,,,,,,,,,,https://cdn.shopify.com/s/files/1/0618/2368/0740/files/Khep03_0018_HAN_7044_c5f9395e-2e6d-4d8f-a583-025d4b780c5c.jpg?v=1763026744,g,,,,,,
kids-trendy-hoodie-vest,,,,,,,,,13-14-years,,,,,,,,'10707102,0.5,shopify,99,deny,manual,2199.00,,true,true,,,,,'10707102,https://cdn.shopify.com/s/files/1/0618/2368/0740/files/BBg_Kids_Size_chart_2b336c6e-f810-47dc-bc9a-69fea9e3b06b.webp?v=1767096499,7,Yellow White Bunny Kids Sweatshirt Pant size chart - measurements guide,,,,,,,,,,,,,,,,,,,,,,,,,,,,,,,,,,,,,,,,,,,,https://cdn.shopify.com/s/files/1/0618/2368/0740/files/Khep03_0018_HAN_7044_c5f9395e-2e6d-4d8f-a583-025d4b780c5c.jpg?v=1763026744,g,,,,,,
girls-premium-fleece-set-berry-blush,Girls Premium Fleece Set – Berry Blush,"<h4>Girls Premium Fleece Set – Berry Blush</h4>
<p data-start=""345"" data-end=""715"">Add a pop of sweetness to your little one’s winter style with our <strong data-start=""411"" data-end=""454"">Girls Premium Fleece Set in Berry Blush</strong>. Made from <strong data-start=""466"" data-end=""508"">ultra-soft, high-quality fleece fabric</strong>, this cozy outfit blends warmth with playful charm. The <strong data-start=""565"" data-end=""599"">zip-up hoodie with a frill hem</strong> and <strong data-start=""604"" data-end=""634"">matching relaxed-fit pants</strong> make it the perfect pick for winter adventures, school days, or cozy weekends.</p>
<p data-start=""717"" data-end=""847"">Crafted with <strong data-start=""730"" data-end=""770"">premium stitching and vibrant fabric</strong>, it keeps your princess looking cute and feeling comfortable all day long.</p>
<p data-start=""849"" data-end=""868""><strong data-start=""849"" data-end=""866"">Key Features:</strong></p>
<ul data-start=""869"" data-end=""1088"">
<li data-start=""869"" data-end=""912"">
<p data-start=""871"" data-end=""912"">Soft premium fleece for all-day comfort</p>
</li>
<li data-start=""913"" data-end=""957"">
<p data-start=""915"" data-end=""957"">Chic frill hem hoodie for a trendy touch</p>
</li>
<li data-start=""958"" data-end=""998"">
<p data-start=""960"" data-end=""998"">Vibrant pink tone with lasting color</p>
</li>
<li data-start=""999"" data-end=""1042"">
<p data-start=""1001"" data-end=""1042"">Easy fit jogger pants for free movement</p>
</li>
<li data-start=""1043"" data-end=""1088"">
<p data-start=""1045"" data-end=""1088"">Ideal for everyday wear or winter outings</p>
</li>
</ul>",BBG FASHION CLOTHING STORE,Apparel & Accessories > Clothing > Baby & Toddler Clothing > Baby & Toddler Outfits,Premium Kidswear,Premium Kidswear,true,Size,1-2-years,product.metafields.shopify.size,,,,,,,'10718633,0.5,shopify,99,deny,manual,2199.00,,true,true,,,,,'10718633,https://cdn.shopify.com/s/files/1/0618/2368/0740/files/Khep03_0012_HAN_7002.jpg?v=1762598342,1,Girls Premium Fleece Set Berry Blush - front view - unisex wear Pakistan,false,,"Shop Girls Premium Fleece Set – Berry Blush. Soft, warm, and stylish winter outfit with a cozy fit, perfect for everyday wear, outdoor fun, and all-day comfort for girls.",7313,,kids,,,,,,,,,,,,,kids; 1-2-years,,,,insulated; stretchable,fuchsia,,,fleece,,,,,,,1-2-years; 3-4-years; 5-6-years; 7-8-years; 9-10-years; 11-12-years; 13-14-years,,,girls,,,,,,,https://cdn.shopify.com/s/files/1/0618/2368/0740/files/Khep03_0012_HAN_7002.jpg?v=1762598342,g,,,true,,,active
girls-premium-fleece-set-berry-blush,,,,,,,,,3-4-years,,,,,,,,'10718634,0.5,shopify,99,deny,manual,2199.00,,true,true,,,,,'10718634,https://cdn.shopify.com/s/files/1/0618/2368/0740/files/Khep03_0011_HAN_7006.jpg?v=1762598342,2,Girls Premium Fleece Set Berry Blush - back view - unisex wear Pakistan,,,,,,,,,,,,,,,,,,,,,,,,,,,,,,,,,,,,,,,,,,,,https://cdn.shopify.com/s/files/1/0618/2368/0740/files/Khep03_0012_HAN_7002.jpg?v=1762598342,g,,,,,,
girls-premium-fleece-set-berry-blush,,,,,,,,,5-6-years,,,,,,,,'10718635,0.5,shopify,99,deny,manual,2199.00,,true,true,,,,,'10718635,https://cdn.shopify.com/s/files/1/0618/2368/0740/files/Khep03_0002_HAN_7030.jpg?v=1762598342,3,Girls Premium Fleece Set Berry Blush - side view - unisex wear Pakistan,,,,,,,,,,,,,,,,,,,,,,,,,,,,,,,,,,,,,,,,,,,,https://cdn.shopify.com/s/files/1/0618/2368/0740/files/Khep03_0012_HAN_7002.jpg?v=1762598342,g,,,,,,
girls-premium-fleece-set-berry-blush,,,,,,,,,7-8-years,,,,,,,,'10718636,0.5,shopify,99,deny,manual,2199.00,,true,true,,,,,'10718636,https://cdn.shopify.com/s/files/1/0618/2368/0740/files/Khep03_0001_HAN_7038.jpg?v=1762598342,4,Girls Premium Fleece Set Berry Blush - detail shot - unisex wear Pakistan,,,,,,,,,,,,,,,,,,,,,,,,,,,,,,,,,,,,,,,,,,,,https://cdn.shopify.com/s/files/1/0618/2368/0740/files/Khep03_0012_HAN_7002.jpg?v=1762598342,g,,,,,,
girls-premium-fleece-set-berry-blush,,,,,,,,,9-10-years,,,,,,,,'10718637,0.5,shopify,99,deny,manual,2199.00,,true,true,,,,,'10718637,https://cdn.shopify.com/s/files/1/0618/2368/0740/files/Khep03_0005_HAN_7012.jpg?v=1762598342,5,Girls Premium Fleece Set Berry Blush - front view - unisex wear Pakistan,,,,,,,,,,,,,,,,,,,,,,,,,,,,,,,,,,,,,,,,,,,,https://cdn.shopify.com/s/files/1/0618/2368/0740/files/Khep03_0012_HAN_7002.jpg?v=1762598342,g,,,,,,
girls-premium-fleece-set-berry-blush,,,,,,,,,11-12-years,,,,,,,,'10718638,0.5,shopify,99,deny,manual,2199.00,,true,true,,,,,'10718638,https://cdn.shopify.com/s/files/1/0618/2368/0740/files/BBg_Kids_Size_chart.webp?v=1766589170,6,Kids Leaf Print Fleece Set size chart - measurements guide,,,,,,,,,,,,,,,,,,,,,,,,,,,,,,,,,,,,,,,,,,,,https://cdn.shopify.com/s/files/1/0618/2368/0740/files/Khep03_0012_HAN_7002.jpg?v=1762598342,g,,,,,,
girls-premium-fleece-set-berry-blush,,,,,,,,,13-14-years,,,,,,,,'10707101,0.5,shopify,99,deny,manual,2199.00,,true,true,,,,,'10707101,,,,,,,,,,,,,,,,,,,,,,,,,,,,,,,,,,,,,,,,,,,,,,,https://cdn.shopify.com/s/files/1/0618/2368/0740/files/Khep03_0012_HAN_7002.jpg?v=1762598342,g,,,,,,
blue-monster-kids-sweatshirt-jogger-set-for-boys-girls,Kids Winter Sweat Shirt Set | Blue Monster Printed,"<h4>Kids Winter Sweat Shirt Set | Blue Monster Printed<br><br>
</h4>
<p data-start=""132"" data-end=""358"">Let your little one stand out this winter with our <strong data-start=""183"" data-end=""237"">Kids Winter Sweat Shirt Set | Blue Monster Printed</strong>. Designed with a fun and playful monster graphic, this outfit brings excitement and comfort together in one stylish set.</p>
<p data-start=""360"" data-end=""608"">Made from soft, premium fleece fabric, it keeps your child warm and cozy during chilly days without compromising on comfort. The vibrant blue sweatshirt paired with matching trousers creates a trendy winter look that kids love to wear all day long.</p>
<p data-start=""610"" data-end=""701"">Perfect for casual wear, playtime, or outings—this set is all about fun, warmth, and style.</p>
<p data-start=""703"" data-end=""722""><strong data-start=""703"" data-end=""722"">✨ Key Features:</strong></p>
<ul data-start=""723"" data-end=""982"">
<li data-section-id=""cre33n"" data-start=""723"" data-end=""755"">Soft &amp; warm fleece fabric ❄️</li>
<li data-section-id=""t7ipip"" data-start=""756"" data-end=""794"">Eye-catching blue monster print 👾</li>
<li data-section-id=""1dd02rc"" data-start=""795"" data-end=""828"">Comfortable elastic waistband</li>
<li data-section-id=""1blepg9"" data-start=""829"" data-end=""860"">Ribbed cuffs for a snug fit</li>
<li data-section-id=""1an5ez6"" data-start=""861"" data-end=""900"">Breathable &amp; skin-friendly material</li>
<li data-section-id=""4cca7d"" data-start=""901"" data-end=""939"">Durable stitching for everyday use</li>
<li data-section-id=""hdjzjq"" data-start=""940"" data-end=""982"">Ideal for winter wear &amp; casual outings</li>
</ul>",BBG FASHION CLOTHING STORE,Apparel & Accessories > Clothing > Baby & Toddler Clothing,Kids Sweatshirt & Pant,kidssweatshirtandpant,true,Color,yellow-1,product.metafields.shopify.color-pattern,Size,1-2-years,product.metafields.shopify.size,,,,'10718604,0.0,shopify,1230,deny,manual,1399.00,,true,true,,,,,'10718604,https://cdn.shopify.com/s/files/1/0618/2368/0740/files/Yellow_lion_Sweatshirt_PantKids_Silk_Pajamas_Set-min_3f3e924d-b2ae-4c2b-9953-c9e6d246fc39.png?v=1776499760,1,Blue Monster Kids Sweatshirt Jogger Set For Boys Girls - back view - kids wear Pakistan,false,,"Shop Kids Winter Sweat Shirt Set with blue monster print. Warm fleece fabric, comfortable & stylish outfit for kids. Perfect winter wear in Pakistan.",182,,kids,,,,,,,,,,,,,kids,,,,hypoallergenic,yellow-1; red; yellow-black; navy-1; silver; white,,,soft-cotton-jersey; fleece,,,,,,,1-2-years; 3-4-years; 5-6-years; 7-8-years; 9-10-years; 11-12-years,,,unisex,,,,,,,https://cdn.shopify.com/s/files/1/0618/2368/0740/files/Yellow_lion_Sweatshirt_PantKids_Silk_Pajamas_Set-min_3f3e924d-b2ae-4c2b-9953-c9e6d246fc39.png?v=1776499760,g,,,true,,,active
blue-monster-kids-sweatshirt-jogger-set-for-boys-girls,,,,,,,,,yellow-1,,,3-4-years,,,,,'10718605,0.0,shopify,1230,deny,manual,1399.00,,true,true,,,,,'10718605,https://cdn.shopify.com/s/files/1/0618/2368/0740/files/BBG_Red_Lion_Sweatshirt_Pant-min_a4a4f2b2-a958-43b3-8bad-5f78677fe158.png?v=1776499760,2,Blue Monster Kids Sweatshirt Jogger Set For Boys Girls - front view - kids wear Pakistan,,,,,,,,,,,,,,,,,,,,,,,,,,,,,,,,,,,,,,,,,,,,https://cdn.shopify.com/s/files/1/0618/2368/0740/files/Yellow_lion_Sweatshirt_PantKids_Silk_Pajamas_Set-min_3f3e924d-b2ae-4c2b-9953-c9e6d246fc39.png?v=1776499760,g,,,,,,
blue-monster-kids-sweatshirt-jogger-set-for-boys-girls,,,,,,,,,yellow-1,,,5-6-years,,,,,'10718606,0.0,shopify,1230,deny,manual,1399.00,,true,true,,,,,'10718606,https://cdn.shopify.com/s/files/1/0618/2368/0740/files/BBG_Orange_Lion_Sweatshirt_PantKids_Silk_Pajamas_Set-min_5cb0b415-30ff-460b-8275-54ab27b8863b.png?v=1761231167,3,Blue Monster Kids Sweatshirt Jogger Set For Boys Girls - side view - kids wear Pakistan,,,,,,,,,,,,,,,,,,,,,,,,,,,,,,,,,,,,,,,,,,,,https://cdn.shopify.com/s/files/1/0618/2368/0740/files/Yellow_lion_Sweatshirt_PantKids_Silk_Pajamas_Set-min_3f3e924d-b2ae-4c2b-9953-c9e6d246fc39.png?v=1776499760,g,,,,,,
blue-monster-kids-sweatshirt-jogger-set-for-boys-girls,,,,,,,,,yellow-1,,,7-8-years,,,,,'10718607,0.0,shopify,1230,deny,manual,1399.00,,true,true,,,,,'10718607,https://cdn.shopify.com/s/files/1/0618/2368/0740/files/BBG_Blue_Lion_Sweatshirt_Pant-min_220772d3-af65-43a0-ba53-959e2913ff47.png?v=1761231167,4,Blue Monster Kids Sweatshirt Jogger Set For Boys Girls - detail shot - kids wear Pakistan,,,,,,,,,,,,,,,,,,,,,,,,,,,,,,,,,,,,,,,,,,,,https://cdn.shopify.com/s/files/1/0618/2368/0740/files/Yellow_lion_Sweatshirt_PantKids_Silk_Pajamas_Set-min_3f3e924d-b2ae-4c2b-9953-c9e6d246fc39.png?v=1776499760,g,,,,,,
blue-monster-kids-sweatshirt-jogger-set-for-boys-girls,,,,,,,,,yellow-1,,,9-10-years,,,,,'10718608,0.0,shopify,1230,deny,manual,1399.00,,true,true,,,,,'10718608,https://cdn.shopify.com/s/files/1/0618/2368/0740/files/BBG_Grey_Lion_Sweatshirt_Pant-min_a04aabe7-339f-41a8-90be-493a1d1d6311.png?v=1761231167,5,Blue Monster Kids Sweatshirt Jogger Set For Boys Girls - front view - kids wear Pakistan,,,,,,,,,,,,,,,,,,,,,,,,,,,,,,,,,,,,,,,,,,,,https://cdn.shopify.com/s/files/1/0618/2368/0740/files/Yellow_lion_Sweatshirt_PantKids_Silk_Pajamas_Set-min_3f3e924d-b2ae-4c2b-9953-c9e6d246fc39.png?v=1776499760,g,,,,,,
blue-monster-kids-sweatshirt-jogger-set-for-boys-girls,,,,,,,,,yellow-1,,,11-12-years,,,,,'10718609,0.0,shopify,1230,deny,manual,1399.00,,true,true,,,,,'10718609,https://cdn.shopify.com/s/files/1/0618/2368/0740/files/BBG_White_Sweatshirt_Pant-min_f98190cb-2957-4668-ae5d-f63d11da00b2.png?v=1761231167,6,Blue Monster Kids Sweatshirt Jogger Set For Boys Girls - back view - kids wear Pakistan,,,,,,,,,,,,,,,,,,,,,,,,,,,,,,,,,,,,,,,,,,,,https://cdn.shopify.com/s/files/1/0618/2368/0740/files/Yellow_lion_Sweatshirt_PantKids_Silk_Pajamas_Set-min_3f3e924d-b2ae-4c2b-9953-c9e6d246fc39.png?v=1776499760,g,,,,,,
blue-monster-kids-sweatshirt-jogger-set-for-boys-girls,,,,,,,,,red,,,1-2-years,,,,,'10718598,0.0,shopify,1230,deny,manual,1399.00,,true,true,,,,,'10718598,https://cdn.shopify.com/s/files/1/0618/2368/0740/files/tshirt.webp?v=1762182764,7,Rocket Print Kids Sweatshirt Jogger Set For Boys Girls - side view - kids wear Pakistan,,,,,,,,,,,,,,,,,,,,,,,,,,,,,,,,,,,,,,,,,,,,https://cdn.shopify.com/s/files/1/0618/2368/0740/files/BBG_Red_Lion_Sweatshirt_Pant-min_a4a4f2b2-a958-43b3-8bad-5f78677fe158.png?v=1776499760,g,,,,,,
blue-monster-kids-sweatshirt-jogger-set-for-boys-girls,,,,,,,,,red,,,3-4-years,,,,,'10718599,0.0,shopify,1230,deny,manual,1399.00,,true,true,,,,,'10718599,,,,,,,,,,,,,,,,,,,,,,,,,,,,,,,,,,,,,,,,,,,,,,,https://cdn.shopify.com/s/files/1/0618/2368/0740/files/BBG_Red_Lion_Sweatshirt_Pant-min_a4a4f2b2-a958-43b3-8bad-5f78677fe158.png?v=1776499760,g,,,,,,
blue-monster-kids-sweatshirt-jogger-set-for-boys-girls,,,,,,,,,red,,,5-6-years,,,,,'10718600,0.0,shopify,1230,deny,manual,1399.00,,true,true,,,,,'10718600,,,,,,,,,,,,,,,,,,,,,,,,,,,,,,,,,,,,,,,,,,,,,,,https://cdn.shopify.com/s/files/1/0618/2368/0740/files/BBG_Red_Lion_Sweatshirt_Pant-min_a4a4f2b2-a958-43b3-8bad-5f78677fe158.png?v=1776499760,g,,,,,,
blue-monster-kids-sweatshirt-jogger-set-for-boys-girls,,,,,,,,,red,,,7-8-years,,,,,'10718601,0.0,shopify,1230,deny,manual,1399.00,,true,true,,,,,'10718601,,,,,,,,,,,,,,,,,,,,,,,,,,,,,,,,,,,,,,,,,,,,,,,https://cdn.shopify.com/s/files/1/0618/2368/0740/files/BBG_Red_Lion_Sweatshirt_Pant-min_a4a4f2b2-a958-43b3-8bad-5f78677fe158.png?v=1776499760,g,,,,,,
blue-monster-kids-sweatshirt-jogger-set-for-boys-girls,,,,,,,,,red,,,9-10-years,,,,,'10718602,0.0,shopify,1230,deny,manual,1399.00,,true,true,,,,,'10718602,,,,,,,,,,,,,,,,,,,,,,,,,,,,,,,,,,,,,,,,,,,,,,,https://cdn.shopify.com/s/files/1/0618/2368/0740/files/BBG_Red_Lion_Sweatshirt_Pant-min_a4a4f2b2-a958-43b3-8bad-5f78677fe158.png?v=1776499760,g,,,,,,
blue-monster-kids-sweatshirt-jogger-set-for-boys-girls,,,,,,,,,red,,,11-12-years,,,,,'10718603,0.0,shopify,1230,deny,manual,1399.00,,true,true,,,,,'10718603,,,,,,,,,,,,,,,,,,,,,,,,,,,,,,,,,,,,,,,,,,,,,,,https://cdn.shopify.com/s/files/1/0618/2368/0740/files/BBG_Red_Lion_Sweatshirt_Pant-min_a4a4f2b2-a958-43b3-8bad-5f78677fe158.png?v=1776499760,g,,,,,,
blue-monster-kids-sweatshirt-jogger-set-for-boys-girls,,,,,,,,,yellow-black,,,1-2-years,,,,,'10718610,0.0,shopify,1230,deny,manual,1399.00,,true,true,,,,,'10718610,,,,,,,,,,,,,,,,,,,,,,,,,,,,,,,,,,,,,,,,,,,,,,,https://cdn.shopify.com/s/files/1/0618/2368/0740/files/BBG_Orange_Lion_Sweatshirt_PantKids_Silk_Pajamas_Set-min_5cb0b415-30ff-460b-8275-54ab27b8863b.png?v=1761231167,g,,,,,,
blue-monster-kids-sweatshirt-jogger-set-for-boys-girls,,,,,,,,,yellow-black,,,3-4-years,,,,,'10718611,0.0,shopify,1230,deny,manual,1399.00,,true,true,,,,,'10718611,,,,,,,,,,,,,,,,,,,,,,,,,,,,,,,,,,,,,,,,,,,,,,,https://cdn.shopify.com/s/files/1/0618/2368/0740/files/BBG_Orange_Lion_Sweatshirt_PantKids_Silk_Pajamas_Set-min_5cb0b415-30ff-460b-8275-54ab27b8863b.png?v=1761231167,g,,,,,,
blue-monster-kids-sweatshirt-jogger-set-for-boys-girls,,,,,,,,,yellow-black,,,5-6-years,,,,,'10718612,0.0,shopify,1230,deny,manual,1399.00,,true,true,,,,,'10718612,,,,,,,,,,,,,,,,,,,,,,,,,,,,,,,,,,,,,,,,,,,,,,,https://cdn.shopify.com/s/files/1/0618/2368/0740/files/BBG_Orange_Lion_Sweatshirt_PantKids_Silk_Pajamas_Set-min_5cb0b415-30ff-460b-8275-54ab27b8863b.png?v=1761231167,g,,,,,,
blue-monster-kids-sweatshirt-jogger-set-for-boys-girls,,,,,,,,,yellow-black,,,7-8-years,,,,,'10718613,0.0,shopify,1230,deny,manual,1399.00,,true,true,,,,,'10718613,,,,,,,,,,,,,,,,,,,,,,,,,,,,,,,,,,,,,,,,,,,,,,,https://cdn.shopify.com/s/files/1/0618/2368/0740/files/BBG_Orange_Lion_Sweatshirt_PantKids_Silk_Pajamas_Set-min_5cb0b415-30ff-460b-8275-54ab27b8863b.png?v=1761231167,g,,,,,,
blue-monster-kids-sweatshirt-jogger-set-for-boys-girls,,,,,,,,,yellow-black,,,9-10-years,,,,,'10718614,0.0,shopify,1230,deny,manual,1399.00,,true,true,,,,,'10718614,,,,,,,,,,,,,,,,,,,,,,,,,,,,,,,,,,,,,,,,,,,,,,,https://cdn.shopify.com/s/files/1/0618/2368/0740/files/BBG_Orange_Lion_Sweatshirt_PantKids_Silk_Pajamas_Set-min_5cb0b415-30ff-460b-8275-54ab27b8863b.png?v=1761231167,g,,,,,,
blue-monster-kids-sweatshirt-jogger-set-for-boys-girls,,,,,,,,,yellow-black,,,11-12-years,,,,,'10718615,0.0,shopify,1230,deny,manual,1399.00,,true,true,,,,,'10718615,,,,,,,,,,,,,,,,,,,,,,,,,,,,,,,,,,,,,,,,,,,,,,,https://cdn.shopify.com/s/files/1/0618/2368/0740/files/BBG_Orange_Lion_Sweatshirt_PantKids_Silk_Pajamas_Set-min_5cb0b415-30ff-460b-8275-54ab27b8863b.png?v=1761231167,g,,,,,,
blue-monster-kids-sweatshirt-jogger-set-for-boys-girls,,,,,,,,,navy-1,,,1-2-years,,,,,'10718616,0.0,shopify,1230,deny,manual,1399.00,,true,true,,,,,'10718616,,,,,,,,,,,,,,,,,,,,,,,,,,,,,,,,,,,,,,,,,,,,,,,https://cdn.shopify.com/s/files/1/0618/2368/0740/files/BBG_Blue_Lion_Sweatshirt_Pant-min_220772d3-af65-43a0-ba53-959e2913ff47.png?v=1761231167,g,,,,,,
blue-monster-kids-sweatshirt-jogger-set-for-boys-girls,,,,,,,,,navy-1,,,3-4-years,,,,,'10718617,0.0,shopify,1230,deny,manual,1399.00,,true,true,,,,,'10718617,,,,,,,,,,,,,,,,,,,,,,,,,,,,,,,,,,,,,,,,,,,,,,,https://cdn.shopify.com/s/files/1/0618/2368/0740/files/BBG_Blue_Lion_Sweatshirt_Pant-min_220772d3-af65-43a0-ba53-959e2913ff47.png?v=1761231167,g,,,,,,
blue-monster-kids-sweatshirt-jogger-set-for-boys-girls,,,,,,,,,navy-1,,,5-6-years,,,,,'10718618,0.0,shopify,1230,deny,manual,1399.00,,true,true,,,,,'10718618,,,,,,,,,,,,,,,,,,,,,,,,,,,,,,,,,,,,,,,,,,,,,,,https://cdn.shopify.com/s/files/1/0618/2368/0740/files/BBG_Blue_Lion_Sweatshirt_Pant-min_220772d3-af65-43a0-ba53-959e2913ff47.png?v=1761231167,g,,,,,,
blue-monster-kids-sweatshirt-jogger-set-for-boys-girls,,,,,,,,,navy-1,,,7-8-years,,,,,'10718619,0.0,shopify,1230,deny,manual,1399.00,,true,true,,,,,'10718619,,,,,,,,,,,,,,,,,,,,,,,,,,,,,,,,,,,,,,,,,,,,,,,https://cdn.shopify.com/s/files/1/0618/2368/0740/files/BBG_Blue_Lion_Sweatshirt_Pant-min_220772d3-af65-43a0-ba53-959e2913ff47.png?v=1761231167,g,,,,,,
blue-monster-kids-sweatshirt-jogger-set-for-boys-girls,,,,,,,,,navy-1,,,9-10-years,,,,,'10718620,0.0,shopify,1230,deny,manual,1399.00,,true,true,,,,,'10718620,,,,,,,,,,,,,,,,,,,,,,,,,,,,,,,,,,,,,,,,,,,,,,,https://cdn.shopify.com/s/files/1/0618/2368/0740/files/BBG_Blue_Lion_Sweatshirt_Pant-min_220772d3-af65-43a0-ba53-959e2913ff47.png?v=1761231167,g,,,,,,
blue-monster-kids-sweatshirt-jogger-set-for-boys-girls,,,,,,,,,navy-1,,,11-12-years,,,,,'10718621,0.0,shopify,1230,deny,manual,1399.00,,true,true,,,,,'10718621,,,,,,,,,,,,,,,,,,,,,,,,,,,,,,,,,,,,,,,,,,,,,,,https://cdn.shopify.com/s/files/1/0618/2368/0740/files/BBG_Blue_Lion_Sweatshirt_Pant-min_220772d3-af65-43a0-ba53-959e2913ff47.png?v=1761231167,g,,,,,,
blue-monster-kids-sweatshirt-jogger-set-for-boys-girls,,,,,,,,,silver,,,1-2-years,,,,,'10718622,0.0,shopify,1230,deny,manual,1399.00,,true,true,,,,,'10718622,,,,,,,,,,,,,,,,,,,,,,,,,,,,,,,,,,,,,,,,,,,,,,,https://cdn.shopify.com/s/files/1/0618/2368/0740/files/BBG_Grey_Lion_Sweatshirt_Pant-min_a04aabe7-339f-41a8-90be-493a1d1d6311.png?v=1761231167,g,,,,,,
blue-monster-kids-sweatshirt-jogger-set-for-boys-girls,,,,,,,,,silver,,,3-4-years,,,,,'10718623,0.0,shopify,1230,deny,manual,1399.00,,true,true,,,,,'10718623,,,,,,,,,,,,,,,,,,,,,,,,,,,,,,,,,,,,,,,,,,,,,,,https://cdn.shopify.com/s/files/1/0618/2368/0740/files/BBG_Grey_Lion_Sweatshirt_Pant-min_a04aabe7-339f-41a8-90be-493a1d1d6311.png?v=1761231167,g,,,,,,
blue-monster-kids-sweatshirt-jogger-set-for-boys-girls,,,,,,,,,silver,,,5-6-years,,,,,'10718624,0.0,shopify,1230,deny,manual,1399.00,,true,true,,,,,'10718624,,,,,,,,,,,,,,,,,,,,,,,,,,,,,,,,,,,,,,,,,,,,,,,https://cdn.shopify.com/s/files/1/0618/2368/0740/files/BBG_Grey_Lion_Sweatshirt_Pant-min_a04aabe7-339f-41a8-90be-493a1d1d6311.png?v=1761231167,g,,,,,,
blue-monster-kids-sweatshirt-jogger-set-for-boys-girls,,,,,,,,,silver,,,7-8-years,,,,,'10718625,0.0,shopify,1230,deny,manual,1399.00,,true,true,,,,,'10718625,,,,,,,,,,,,,,,,,,,,,,,,,,,,,,,,,,,,,,,,,,,,,,,https://cdn.shopify.com/s/files/1/0618/2368/0740/files/BBG_Grey_Lion_Sweatshirt_Pant-min_a04aabe7-339f-41a8-90be-493a1d1d6311.png?v=1761231167,g,,,,,,
blue-monster-kids-sweatshirt-jogger-set-for-boys-girls,,,,,,,,,silver,,,9-10-years,,,,,'10718626,0.0,shopify,1230,deny,manual,1399.00,,true,true,,,,,'10718626,,,,,,,,,,,,,,,,,,,,,,,,,,,,,,,,,,,,,,,,,,,,,,,https://cdn.shopify.com/s/files/1/0618/2368/0740/files/BBG_Grey_Lion_Sweatshirt_Pant-min_a04aabe7-339f-41a8-90be-493a1d1d6311.png?v=1761231167,g,,,,,,
blue-monster-kids-sweatshirt-jogger-set-for-boys-girls,,,,,,,,,silver,,,11-12-years,,,,,'10718627,0.0,shopify,1230,deny,manual,1399.00,,true,true,,,,,'10718627,,,,,,,,,,,,,,,,,,,,,,,,,,,,,,,,,,,,,,,,,,,,,,,https://cdn.shopify.com/s/files/1/0618/2368/0740/files/BBG_Grey_Lion_Sweatshirt_Pant-min_a04aabe7-339f-41a8-90be-493a1d1d6311.png?v=1761231167,g,,,,,,
blue-monster-kids-sweatshirt-jogger-set-for-boys-girls,,,,,,,,,white,,,1-2-years,,,,,'10718628,0.0,shopify,1230,deny,manual,1399.00,,true,true,,,,,'10718628,,,,,,,,,,,,,,,,,,,,,,,,,,,,,,,,,,,,,,,,,,,,,,,https://cdn.shopify.com/s/files/1/0618/2368/0740/files/BBG_White_Sweatshirt_Pant-min_f98190cb-2957-4668-ae5d-f63d11da00b2.png?v=1761231167,g,,,,,,
blue-monster-kids-sweatshirt-jogger-set-for-boys-girls,,,,,,,,,white,,,3-4-years,,,,,'10718629,0.0,shopify,1230,deny,manual,1399.00,,true,true,,,,,'10718629,,,,,,,,,,,,,,,,,,,,,,,,,,,,,,,,,,,,,,,,,,,,,,,https://cdn.shopify.com/s/files/1/0618/2368/0740/files/BBG_White_Sweatshirt_Pant-min_f98190cb-2957-4668-ae5d-f63d11da00b2.png?v=1761231167,g,,,,,,
blue-monster-kids-sweatshirt-jogger-set-for-boys-girls,,,,,,,,,white,,,5-6-years,,,,,'10718630,0.0,shopify,1230,deny,manual,1399.00,,true,true,,,,,'10718630,,,,,,,,,,,,,,,,,,,,,,,,,,,,,,,,,,,,,,,,,,,,,,,https://cdn.shopify.com/s/files/1/0618/2368/0740/files/BBG_White_Sweatshirt_Pant-min_f98190cb-2957-4668-ae5d-f63d11da00b2.png?v=1761231167,g,,,,,,
blue-monster-kids-sweatshirt-jogger-set-for-boys-girls,,,,,,,,,white,,,7-8-years,,,,,'10718631,0.0,shopify,1230,deny,manual,1399.00,,true,true,,,,,'10718631,,,,,,,,,,,,,,,,,,,,,,,,,,,,,,,,,,,,,,,,,,,,,,,https://cdn.shopify.com/s/files/1/0618/2368/0740/files/BBG_White_Sweatshirt_Pant-min_f98190cb-2957-4668-ae5d-f63d11da00b2.png?v=1761231167,g,,,,,,
blue-monster-kids-sweatshirt-jogger-set-for-boys-girls,,,,,,,,,white,,,9-10-years,,,,,'10718632,0.0,shopify,1230,deny,manual,1399.00,,true,true,,,,,'10718632,,,,,,,,,,,,,,,,,,,,,,,,,,,,,,,,,,,,,,,,,,,,,,,https://cdn.shopify.com/s/files/1/0618/2368/0740/files/BBG_White_Sweatshirt_Pant-min_f98190cb-2957-4668-ae5d-f63d11da00b2.png?v=1761231167,g,,,,,,
blue-monster-kids-sweatshirt-jogger-set-for-boys-girls,,,,,,,,,white,,,11-12-years,,,,,'10707100,0.0,shopify,1230,deny,manual,1399.00,,true,true,,,,,'10707100,,,,,,,,,,,,,,,,,,,,,,,,,,,,,,,,,,,,,,,,,,,,,,,https://cdn.shopify.com/s/files/1/0618/2368/0740/files/BBG_White_Sweatshirt_Pant-min_f98190cb-2957-4668-ae5d-f63d11da00b2.png?v=1761231167,g,,,,,,
elmo-kids-sweatshirt-jogger-set,Kids Winter Sweat Shirt Set | Elmo Face Printed,"<h4>Kids Winter Sweat Shirt Set | Elmo Face Printed<br><br>
</h4>
<p data-start=""167"" data-end=""404"">Featuring a bright and cheerful Elmo face design, this outfit adds fun and comfort to your little one’s everyday style.</p>
<p data-start=""406"" data-end=""682"">Made from soft, premium fleece fabric, it keeps your child warm during chilly days while staying breathable and gentle on delicate skin. The cozy sweatshirt paired with matching trousers ensures a relaxed and comfortable fit—perfect for playtime, outings, or lounging at home.</p>
<p data-start=""684"" data-end=""772"">Cute, colorful, and super comfy—this set is a must-have for your little one this winter.</p>
<p data-start=""774"" data-end=""793""><strong data-start=""774"" data-end=""793"">✨ Key Features:</strong></p>
<ul data-start=""794"" data-end=""1048"">
<li data-section-id=""cre33n"" data-start=""794"" data-end=""826"">Soft &amp; warm fleece fabric ❄️</li>
<li data-section-id=""1cubkvy"" data-start=""827"" data-end=""860"">Cute Elmo face front print ❤️</li>
<li data-section-id=""1dd02rc"" data-start=""861"" data-end=""894"">Comfortable elastic waistband</li>
<li data-section-id=""1blepg9"" data-start=""895"" data-end=""926"">Ribbed cuffs for a snug fit</li>
<li data-section-id=""95i0z6"" data-start=""927"" data-end=""966"">Skin-friendly &amp; breathable material</li>
<li data-section-id=""1wtwtt7"" data-start=""967"" data-end=""1006"">Durable stitching for everyday wear</li>
<li data-section-id=""1d3qqrq"" data-start=""1007"" data-end=""1048"">Ideal for daily wear &amp; winter outings</li>
</ul>",BBG FASHION CLOTHING STORE,Apparel & Accessories > Clothing > Baby & Toddler Clothing,Kids Sweatshirt & Pant,kidssweatshirtandpant,true,Color,yellow-1,product.metafields.shopify.color-pattern,Size,1-2-years,product.metafields.shopify.size,,,,'10718569,0.5,shopify,1230,deny,manual,1399.00,,true,true,,,,,'10718569,https://cdn.shopify.com/s/files/1/0618/2368/0740/files/5-min.png?v=1776518400,1,Elmo Kids Sweatshirt Jogger Set - back view - kids wear Pakistan,false,,"Shop Kids Winter Sweat Shirt Set with Elmo face print. Soft fleece, warm & comfortable outfit for kids. Perfect winter wear for daily use in Pakistan.",182,,kids,,,,,,,,,,,,,kids,,,,insulated,yellow-1; silver; navy-1; yellow-black; white; red,,,fleece; soft-cotton-jersey,,,,,,,1-2-years; 3-4-years; 5-6-years; 7-8-years; 9-10-years; 11-12-years,,,unisex,,,,,,,https://cdn.shopify.com/s/files/1/0618/2368/0740/files/5-min.png?v=1776518400,g,,,true,,,active
elmo-kids-sweatshirt-jogger-set,,,,,,,,,yellow-1,,,3-4-years,,,,,'10718570,0.5,shopify,1230,deny,manual,1399.00,,true,true,,,,,'10718570,https://cdn.shopify.com/s/files/1/0618/2368/0740/files/2-min.png?v=1776518400,2,Elmo Kids Sweatshirt Jogger Set - front view - kids wear Pakistan,,,,,,,,,,,,,,,,,,,,,,,,,,,,,,,,,,,,,,,,,,,,https://cdn.shopify.com/s/files/1/0618/2368/0740/files/5-min.png?v=1776518400,g,,,,,,
elmo-kids-sweatshirt-jogger-set,,,,,,,,,yellow-1,,,5-6-years,,,,,'10718571,0.5,shopify,1230,deny,manual,1399.00,,true,true,,,,,'10718571,https://cdn.shopify.com/s/files/1/0618/2368/0740/files/1-min.png?v=1761231634,3,Elmo Kids Sweatshirt Jogger Set - side view - kids wear Pakistan,,,,,,,,,,,,,,,,,,,,,,,,,,,,,,,,,,,,,,,,,,,,https://cdn.shopify.com/s/files/1/0618/2368/0740/files/5-min.png?v=1776518400,g,,,,,,
elmo-kids-sweatshirt-jogger-set,,,,,,,,,yellow-1,,,7-8-years,,,,,'10718572,0.5,shopify,1230,deny,manual,1399.00,,true,true,,,,,'10718572,https://cdn.shopify.com/s/files/1/0618/2368/0740/files/6-min.png?v=1761231634,4,Elmo Kids Sweatshirt Jogger Set - detail shot - kids wear Pakistan,,,,,,,,,,,,,,,,,,,,,,,,,,,,,,,,,,,,,,,,,,,,https://cdn.shopify.com/s/files/1/0618/2368/0740/files/5-min.png?v=1776518400,g,,,,,,
elmo-kids-sweatshirt-jogger-set,,,,,,,,,yellow-1,,,9-10-years,,,,,'10718573,0.5,shopify,1230,deny,manual,1399.00,,true,true,,,,,'10718573,https://cdn.shopify.com/s/files/1/0618/2368/0740/files/4-min.png?v=1761231634,5,Elmo Kids Sweatshirt Jogger Set - front view - kids wear Pakistan,,,,,,,,,,,,,,,,,,,,,,,,,,,,,,,,,,,,,,,,,,,,https://cdn.shopify.com/s/files/1/0618/2368/0740/files/5-min.png?v=1776518400,g,,,,,,
elmo-kids-sweatshirt-jogger-set,,,,,,,,,yellow-1,,,11-12-years,,,,,'10718574,0.5,shopify,1230,deny,manual,1399.00,,true,true,,,,,'10718574,https://cdn.shopify.com/s/files/1/0618/2368/0740/files/3-min.png?v=1761231634,6,Elmo Kids Sweatshirt Jogger Set - back view - kids wear Pakistan,,,,,,,,,,,,,,,,,,,,,,,,,,,,,,,,,,,,,,,,,,,,https://cdn.shopify.com/s/files/1/0618/2368/0740/files/5-min.png?v=1776518400,g,,,,,,
elmo-kids-sweatshirt-jogger-set,,,,,,,,,silver,,,1-2-years,,,,,'10718563,0.5,shopify,1230,deny,manual,1399.00,,true,true,,,,,'10718563,https://cdn.shopify.com/s/files/1/0618/2368/0740/files/tshirt.webp?v=1762182764,7,Rocket Print Kids Sweatshirt Jogger Set For Boys Girls - side view - kids wear Pakistan,,,,,,,,,,,,,,,,,,,,,,,,,,,,,,,,,,,,,,,,,,,,https://cdn.shopify.com/s/files/1/0618/2368/0740/files/2-min.png?v=1776518400,g,,,,,,
elmo-kids-sweatshirt-jogger-set,,,,,,,,,silver,,,3-4-years,,,,,'10718564,0.5,shopify,1230,deny,manual,1399.00,,true,true,,,,,'10718564,,,,,,,,,,,,,,,,,,,,,,,,,,,,,,,,,,,,,,,,,,,,,,,https://cdn.shopify.com/s/files/1/0618/2368/0740/files/2-min.png?v=1776518400,g,,,,,,
elmo-kids-sweatshirt-jogger-set,,,,,,,,,silver,,,5-6-years,,,,,'10718565,0.5,shopify,1230,deny,manual,1399.00,,true,true,,,,,'10718565,,,,,,,,,,,,,,,,,,,,,,,,,,,,,,,,,,,,,,,,,,,,,,,https://cdn.shopify.com/s/files/1/0618/2368/0740/files/2-min.png?v=1776518400,g,,,,,,
elmo-kids-sweatshirt-jogger-set,,,,,,,,,silver,,,7-8-years,,,,,'10718566,0.5,shopify,1230,deny,manual,1399.00,,true,true,,,,,'10718566,,,,,,,,,,,,,,,,,,,,,,,,,,,,,,,,,,,,,,,,,,,,,,,https://cdn.shopify.com/s/files/1/0618/2368/0740/files/2-min.png?v=1776518400,g,,,,,,
elmo-kids-sweatshirt-jogger-set,,,,,,,,,silver,,,9-10-years,,,,,'10718567,0.5,shopify,1230,deny,manual,1399.00,,true,true,,,,,'10718567,,,,,,,,,,,,,,,,,,,,,,,,,,,,,,,,,,,,,,,,,,,,,,,https://cdn.shopify.com/s/files/1/0618/2368/0740/files/2-min.png?v=1776518400,g,,,,,,
elmo-kids-sweatshirt-jogger-set,,,,,,,,,silver,,,11-12-years,,,,,'10718568,0.5,shopify,1230,deny,manual,1399.00,,true,true,,,,,'10718568,,,,,,,,,,,,,,,,,,,,,,,,,,,,,,,,,,,,,,,,,,,,,,,https://cdn.shopify.com/s/files/1/0618/2368/0740/files/2-min.png?v=1776518400,g,,,,,,
elmo-kids-sweatshirt-jogger-set,,,,,,,,,navy-1,,,1-2-years,,,,,'10718575,0.5,shopify,1230,deny,manual,1399.00,,true,true,,,,,'10718575,,,,,,,,,,,,,,,,,,,,,,,,,,,,,,,,,,,,,,,,,,,,,,,https://cdn.shopify.com/s/files/1/0618/2368/0740/files/1-min.png?v=1761231634,g,,,,,,
elmo-kids-sweatshirt-jogger-set,,,,,,,,,navy-1,,,3-4-years,,,,,'10718576,0.5,shopify,1230,deny,manual,1399.00,,true,true,,,,,'10718576,,,,,,,,,,,,,,,,,,,,,,,,,,,,,,,,,,,,,,,,,,,,,,,https://cdn.shopify.com/s/files/1/0618/2368/0740/files/1-min.png?v=1761231634,g,,,,,,
elmo-kids-sweatshirt-jogger-set,,,,,,,,,navy-1,,,5-6-years,,,,,'10718577,0.5,shopify,1230,deny,manual,1399.00,,true,true,,,,,'10718577,,,,,,,,,,,,,,,,,,,,,,,,,,,,,,,,,,,,,,,,,,,,,,,https://cdn.shopify.com/s/files/1/0618/2368/0740/files/1-min.png?v=1761231634,g,,,,,,
elmo-kids-sweatshirt-jogger-set,,,,,,,,,navy-1,,,7-8-years,,,,,'10718578,0.5,shopify,1230,deny,manual,1399.00,,true,true,,,,,'10718578,,,,,,,,,,,,,,,,,,,,,,,,,,,,,,,,,,,,,,,,,,,,,,,https://cdn.shopify.com/s/files/1/0618/2368/0740/files/1-min.png?v=1761231634,g,,,,,,
elmo-kids-sweatshirt-jogger-set,,,,,,,,,navy-1,,,9-10-years,,,,,'10718579,0.5,shopify,1230,deny,manual,1399.00,,true,true,,,,,'10718579,,,,,,,,,,,,,,,,,,,,,,,,,,,,,,,,,,,,,,,,,,,,,,,https://cdn.shopify.com/s/files/1/0618/2368/0740/files/1-min.png?v=1761231634,g,,,,,,
elmo-kids-sweatshirt-jogger-set,,,,,,,,,navy-1,,,11-12-years,,,,,'10718580,0.5,shopify,1230,deny,manual,1399.00,,true,true,,,,,'10718580,,,,,,,,,,,,,,,,,,,,,,,,,,,,,,,,,,,,,,,,,,,,,,,https://cdn.shopify.com/s/files/1/0618/2368/0740/files/1-min.png?v=1761231634,g,,,,,,
elmo-kids-sweatshirt-jogger-set,,,,,,,,,yellow-black,,,1-2-years,,,,,'10718581,0.5,shopify,1230,deny,manual,1399.00,,true,true,,,,,'10718581,,,,,,,,,,,,,,,,,,,,,,,,,,,,,,,,,,,,,,,,,,,,,,,https://cdn.shopify.com/s/files/1/0618/2368/0740/files/6-min.png?v=1761231634,g,,,,,,
elmo-kids-sweatshirt-jogger-set,,,,,,,,,yellow-black,,,3-4-years,,,,,'10718582,0.5,shopify,1230,deny,manual,1399.00,,true,true,,,,,'10718582,,,,,,,,,,,,,,,,,,,,,,,,,,,,,,,,,,,,,,,,,,,,,,,https://cdn.shopify.com/s/files/1/0618/2368/0740/files/6-min.png?v=1761231634,g,,,,,,
elmo-kids-sweatshirt-jogger-set,,,,,,,,,yellow-black,,,5-6-years,,,,,'10718583,0.5,shopify,1230,deny,manual,1399.00,,true,true,,,,,'10718583,,,,,,,,,,,,,,,,,,,,,,,,,,,,,,,,,,,,,,,,,,,,,,,https://cdn.shopify.com/s/files/1/0618/2368/0740/files/6-min.png?v=1761231634,g,,,,,,
elmo-kids-sweatshirt-jogger-set,,,,,,,,,yellow-black,,,7-8-years,,,,,'10718584,0.5,shopify,1230,deny,manual,1399.00,,true,true,,,,,'10718584,,,,,,,,,,,,,,,,,,,,,,,,,,,,,,,,,,,,,,,,,,,,,,,https://cdn.shopify.com/s/files/1/0618/2368/0740/files/6-min.png?v=1761231634,g,,,,,,
elmo-kids-sweatshirt-jogger-set,,,,,,,,,yellow-black,,,9-10-years,,,,,'10718585,0.5,shopify,1230,deny,manual,1399.00,,true,true,,,,,'10718585,,,,,,,,,,,,,,,,,,,,,,,,,,,,,,,,,,,,,,,,,,,,,,,https://cdn.shopify.com/s/files/1/0618/2368/0740/files/6-min.png?v=1761231634,g,,,,,,
elmo-kids-sweatshirt-jogger-set,,,,,,,,,yellow-black,,,11-12-years,,,,,'10718586,0.5,shopify,1230,deny,manual,1399.00,,true,true,,,,,'10718586,,,,,,,,,,,,,,,,,,,,,,,,,,,,,,,,,,,,,,,,,,,,,,,https://cdn.shopify.com/s/files/1/0618/2368/0740/files/6-min.png?v=1761231634,g,,,,,,
elmo-kids-sweatshirt-jogger-set,,,,,,,,,white,,,1-2-years,,,,,'10718587,0.5,shopify,1230,deny,manual,1399.00,,true,true,,,,,'10718587,,,,,,,,,,,,,,,,,,,,,,,,,,,,,,,,,,,,,,,,,,,,,,,https://cdn.shopify.com/s/files/1/0618/2368/0740/files/4-min.png?v=1761231634,g,,,,,,
elmo-kids-sweatshirt-jogger-set,,,,,,,,,white,,,3-4-years,,,,,'10718588,0.5,shopify,1230,deny,manual,1399.00,,true,true,,,,,'10718588,,,,,,,,,,,,,,,,,,,,,,,,,,,,,,,,,,,,,,,,,,,,,,,https://cdn.shopify.com/s/files/1/0618/2368/0740/files/4-min.png?v=1761231634,g,,,,,,
elmo-kids-sweatshirt-jogger-set,,,,,,,,,white,,,5-6-years,,,,,'10718589,0.5,shopify,1230,deny,manual,1399.00,,true,true,,,,,'10718589,,,,,,,,,,,,,,,,,,,,,,,,,,,,,,,,,,,,,,,,,,,,,,,https://cdn.shopify.com/s/files/1/0618/2368/0740/files/4-min.png?v=1761231634,g,,,,,,
elmo-kids-sweatshirt-jogger-set,,,,,,,,,white,,,7-8-years,,,,,'10718590,0.5,shopify,1230,deny,manual,1399.00,,true,true,,,,,'10718590,,,,,,,,,,,,,,,,,,,,,,,,,,,,,,,,,,,,,,,,,,,,,,,https://cdn.shopify.com/s/files/1/0618/2368/0740/files/4-min.png?v=1761231634,g,,,,,,
elmo-kids-sweatshirt-jogger-set,,,,,,,,,white,,,9-10-years,,,,,'10718591,0.5,shopify,1230,deny,manual,1399.00,,true,true,,,,,'10718591,,,,,,,,,,,,,,,,,,,,,,,,,,,,,,,,,,,,,,,,,,,,,,,https://cdn.shopify.com/s/files/1/0618/2368/0740/files/4-min.png?v=1761231634,g,,,,,,
elmo-kids-sweatshirt-jogger-set,,,,,,,,,white,,,11-12-years,,,,,'10718592,0.5,shopify,1230,deny,manual,1399.00,,true,true,,,,,'10718592,,,,,,,,,,,,,,,,,,,,,,,,,,,,,,,,,,,,,,,,,,,,,,,https://cdn.shopify.com/s/files/1/0618/2368/0740/files/4-min.png?v=1761231634,g,,,,,,
elmo-kids-sweatshirt-jogger-set,,,,,,,,,red,,,1-2-years,,,,,'10718593,0.5,shopify,1230,deny,manual,1399.00,,true,true,,,,,'10718593,,,,,,,,,,,,,,,,,,,,,,,,,,,,,,,,,,,,,,,,,,,,,,,https://cdn.shopify.com/s/files/1/0618/2368/0740/files/3-min.png?v=1761231634,g,,,,,,
elmo-kids-sweatshirt-jogger-set,,,,,,,,,red,,,3-4-years,,,,,'10718594,0.5,shopify,1230,deny,manual,1399.00,,true,true,,,,,'10718594,,,,,,,,,,,,,,,,,,,,,,,,,,,,,,,,,,,,,,,,,,,,,,,https://cdn.shopify.com/s/files/1/0618/2368/0740/files/3-min.png?v=1761231634,g,,,,,,
elmo-kids-sweatshirt-jogger-set,,,,,,,,,red,,,5-6-years,,,,,'10718595,0.5,shopify,1230,deny,manual,1399.00,,true,true,,,,,'10718595,,,,,,,,,,,,,,,,,,,,,,,,,,,,,,,,,,,,,,,,,,,,,,,https://cdn.shopify.com/s/files/1/0618/2368/0740/files/3-min.png?v=1761231634,g,,,,,,
elmo-kids-sweatshirt-jogger-set,,,,,,,,,red,,,7-8-years,,,,,'10718596,0.5,shopify,1230,deny,manual,1399.00,,true,true,,,,,'10718596,,,,,,,,,,,,,,,,,,,,,,,,,,,,,,,,,,,,,,,,,,,,,,,https://cdn.shopify.com/s/files/1/0618/2368/0740/files/3-min.png?v=1761231634,g,,,,,,
elmo-kids-sweatshirt-jogger-set,,,,,,,,,red,,,9-10-years,,,,,'10718597,0.5,shopify,1230,deny,manual,1399.00,,true,true,,,,,'10718597,,,,,,,,,,,,,,,,,,,,,,,,,,,,,,,,,,,,,,,,,,,,,,,https://cdn.shopify.com/s/files/1/0618/2368/0740/files/3-min.png?v=1761231634,g,,,,,,
elmo-kids-sweatshirt-jogger-set,,,,,,,,,red,,,11-12-years,,,,,'10707099,0.5,shopify,1230,deny,manual,1399.00,,true,true,,,,,'10707099,,,,,,,,,,,,,,,,,,,,,,,,,,,,,,,,,,,,,,,,,,,,,,,https://cdn.shopify.com/s/files/1/0618/2368/0740/files/3-min.png?v=1761231634,g,,,,,,
pink-cloud-kids-sweatshirt-jogger-set-for-boys-girls,Kids Winter Sweat Shirt Set | Pink Cloud Printed,"<h4><strong><span data-sheets-root=""1"">Kids Winter Sweat Shirt Set | Pink Cloud Printed<br><br></span></strong></h4>
<p data-start=""140"" data-end=""373"">Featuring a soft pink theme with adorable cloud graphics, this outfit adds a dreamy, cozy touch to your child’s winter wardrobe.</p>
<p data-start=""375"" data-end=""613"">Made from premium fleece fabric, it keeps your child warm during chilly days while remaining breathable and gentle on delicate skin. The sweatshirt pairs with matching trousers to create a complete outfit that’s perfect for everyday wear.</p>
<p data-start=""615"" data-end=""718"">Ideal for school, outings, or relaxing at home, this set combines softness, style, and all-day comfort.</p>
<p data-start=""720"" data-end=""739""><strong data-start=""720"" data-end=""739"">✨ Key Features:</strong></p>
<ul data-start=""740"" data-end=""981"">
<li data-section-id=""cre33n"" data-start=""740"" data-end=""772"">Soft &amp; warm fleece fabric ❄️</li>
<li data-section-id=""1k6eqpi"" data-start=""773"" data-end=""803"">Cute pink cloud print ☁️💖</li>
<li data-section-id=""pnqwd2"" data-start=""804"" data-end=""836"">Gentle, soothing color theme</li>
<li data-section-id=""1dd02rc"" data-start=""837"" data-end=""870"">Comfortable elastic waistband</li>
<li data-section-id=""1blepg9"" data-start=""871"" data-end=""902"">Ribbed cuffs for a snug fit</li>
<li data-section-id=""95i0z6"" data-start=""903"" data-end=""942"">Skin-friendly &amp; breathable material</li>
<li data-section-id=""4cca7d"" data-start=""943"" data-end=""981"">Durable stitching for everyday use</li>
</ul>
<h4><strong><span data-sheets-root=""1""><br></span></strong></h4>",BBG FASHION CLOTHING STORE,Apparel & Accessories > Clothing > Baby & Toddler Clothing,Kids Sweatshirt & Pant,kidssweatshirtandpant,true,Color,yellow-1,product.metafields.shopify.color-pattern,Size,1 - 2 Years,,,,,'10718528,0.5,shopify,123123,deny,manual,1399.00,,true,true,,,,,'10718528,https://cdn.shopify.com/s/files/1/0618/2368/0740/files/6-min_b14c17cc-67e4-478a-8361-d24fefb01d46.png?v=1761232003,1,Pink Cloud Kids Sweatshirt Jogger Set For Boys Girls - front view - kids wear Pakistan,false,,"Shop Kids Winter Sweat Shirt Set with pink cloud print. Soft fleece, warm & comfortable outfit for kids. Perfect winter wear in Pakistan.",,,,,,,,,,,,,,,,,,,,,yellow-1; yellow-black; navy-1; red; white; silver,,,fleece; soft-cotton-jersey,,,,,,,,,,,,,,,,,https://cdn.shopify.com/s/files/1/0618/2368/0740/files/6-min_b14c17cc-67e4-478a-8361-d24fefb01d46.png?v=1761232003,g,,,true,,,active
pink-cloud-kids-sweatshirt-jogger-set-for-boys-girls,,,,,,,,,yellow-1,,,3 - 4 Years,,,,,'10718529,0.5,shopify,123123,deny,manual,1399.00,,true,true,,,,,'10718529,https://cdn.shopify.com/s/files/1/0618/2368/0740/files/3-min_b91ff638-3a4c-4e3d-bf16-2f2eb777c2f8.png?v=1761232003,2,Pink Cloud Kids Sweatshirt Jogger Set For Boys Girls - back view - kids wear Pakistan,,,,,,,,,,,,,,,,,,,,,,,,,,,,,,,,,,,,,,,,,,,,https://cdn.shopify.com/s/files/1/0618/2368/0740/files/6-min_b14c17cc-67e4-478a-8361-d24fefb01d46.png?v=1761232003,g,,,,,,
pink-cloud-kids-sweatshirt-jogger-set-for-boys-girls,,,,,,,,,yellow-1,,,5 - 6 Years,,,,,'10718530,0.5,shopify,123123,deny,manual,1399.00,,true,true,,,,,'10718530,https://cdn.shopify.com/s/files/1/0618/2368/0740/files/1-min_3304c021-92fe-4c48-ab99-c5db15d26f7e.png?v=1761232003,3,Pink Cloud Kids Sweatshirt Jogger Set For Boys Girls - side view - kids wear Pakistan,,,,,,,,,,,,,,,,,,,,,,,,,,,,,,,,,,,,,,,,,,,,https://cdn.shopify.com/s/files/1/0618/2368/0740/files/6-min_b14c17cc-67e4-478a-8361-d24fefb01d46.png?v=1761232003,g,,,,,,
pink-cloud-kids-sweatshirt-jogger-set-for-boys-girls,,,,,,,,,yellow-1,,,7 - 8 Years,,,,,'10718531,0.5,shopify,123123,deny,manual,1399.00,,true,true,,,,,'10718531,https://cdn.shopify.com/s/files/1/0618/2368/0740/files/4-min_9cacf469-a560-47fb-b901-52bcb47fd9ce.png?v=1761232003,4,Pink Cloud Kids Sweatshirt Jogger Set For Boys Girls - detail shot - kids wear Pakistan,,,,,,,,,,,,,,,,,,,,,,,,,,,,,,,,,,,,,,,,,,,,https://cdn.shopify.com/s/files/1/0618/2368/0740/files/6-min_b14c17cc-67e4-478a-8361-d24fefb01d46.png?v=1761232003,g,,,,,,
pink-cloud-kids-sweatshirt-jogger-set-for-boys-girls,,,,,,,,,yellow-1,,,9 - 10 Years,,,,,'10718532,0.5,shopify,123123,deny,manual,1399.00,,true,true,,,,,'10718532,https://cdn.shopify.com/s/files/1/0618/2368/0740/files/5-min_d5a38259-eb2e-49b1-a94d-012901a612fc.png?v=1761232003,5,Pink Cloud Kids Sweatshirt Jogger Set For Boys Girls - front view - kids wear Pakistan,,,,,,,,,,,,,,,,,,,,,,,,,,,,,,,,,,,,,,,,,,,,https://cdn.shopify.com/s/files/1/0618/2368/0740/files/6-min_b14c17cc-67e4-478a-8361-d24fefb01d46.png?v=1761232003,g,,,,,,
pink-cloud-kids-sweatshirt-jogger-set-for-boys-girls,,,,,,,,,yellow-1,,,11 - 12 Years,,,,,'10718533,0.5,shopify,123123,deny,manual,1399.00,,true,true,,,,,'10718533,https://cdn.shopify.com/s/files/1/0618/2368/0740/files/2-min_3b72808f-f538-4390-abc4-affb074753bc.png?v=1761232003,6,Pink Cloud Kids Sweatshirt Jogger Set For Boys Girls - back view - kids wear Pakistan,,,,,,,,,,,,,,,,,,,,,,,,,,,,,,,,,,,,,,,,,,,,https://cdn.shopify.com/s/files/1/0618/2368/0740/files/6-min_b14c17cc-67e4-478a-8361-d24fefb01d46.png?v=1761232003,g,,,,,,
pink-cloud-kids-sweatshirt-jogger-set-for-boys-girls,,,,,,,,,yellow-black,,,1 - 2 Years,,,,,'10718534,0.5,shopify,123123,deny,manual,1399.00,,true,true,,,,,'10718534,https://cdn.shopify.com/s/files/1/0618/2368/0740/files/tshirt.webp?v=1762182764,7,Rocket Print Kids Sweatshirt Jogger Set For Boys Girls - side view - kids wear Pakistan,,,,,,,,,,,,,,,,,,,,,,,,,,,,,,,,,,,,,,,,,,,,https://cdn.shopify.com/s/files/1/0618/2368/0740/files/3-min_b91ff638-3a4c-4e3d-bf16-2f2eb777c2f8.png?v=1761232003,g,,,,,,
pink-cloud-kids-sweatshirt-jogger-set-for-boys-girls,,,,,,,,,yellow-black,,,3 - 4 Years,,,,,'10718535,0.5,shopify,123123,deny,manual,1399.00,,true,true,,,,,'10718535,,,,,,,,,,,,,,,,,,,,,,,,,,,,,,,,,,,,,,,,,,,,,,,https://cdn.shopify.com/s/files/1/0618/2368/0740/files/3-min_b91ff638-3a4c-4e3d-bf16-2f2eb777c2f8.png?v=1761232003,g,,,,,,
pink-cloud-kids-sweatshirt-jogger-set-for-boys-girls,,,,,,,,,yellow-black,,,5 - 6 Years,,,,,'10718536,0.5,shopify,123123,deny,manual,1399.00,,true,true,,,,,'10718536,,,,,,,,,,,,,,,,,,,,,,,,,,,,,,,,,,,,,,,,,,,,,,,https://cdn.shopify.com/s/files/1/0618/2368/0740/files/3-min_b91ff638-3a4c-4e3d-bf16-2f2eb777c2f8.png?v=1761232003,g,,,,,,
pink-cloud-kids-sweatshirt-jogger-set-for-boys-girls,,,,,,,,,yellow-black,,,7 - 8 Years,,,,,'10718537,0.5,shopify,123123,deny,manual,1399.00,,true,true,,,,,'10718537,,,,,,,,,,,,,,,,,,,,,,,,,,,,,,,,,,,,,,,,,,,,,,,https://cdn.shopify.com/s/files/1/0618/2368/0740/files/3-min_b91ff638-3a4c-4e3d-bf16-2f2eb777c2f8.png?v=1761232003,g,,,,,,
pink-cloud-kids-sweatshirt-jogger-set-for-boys-girls,,,,,,,,,yellow-black,,,9 - 10 Years,,,,,'10718538,0.5,shopify,123123,deny,manual,1399.00,,true,true,,,,,'10718538,,,,,,,,,,,,,,,,,,,,,,,,,,,,,,,,,,,,,,,,,,,,,,,https://cdn.shopify.com/s/files/1/0618/2368/0740/files/3-min_b91ff638-3a4c-4e3d-bf16-2f2eb777c2f8.png?v=1761232003,g,,,,,,
pink-cloud-kids-sweatshirt-jogger-set-for-boys-girls,,,,,,,,,yellow-black,,,11 - 12 Years,,,,,'10718539,0.5,shopify,123123,deny,manual,1399.00,,true,true,,,,,'10718539,,,,,,,,,,,,,,,,,,,,,,,,,,,,,,,,,,,,,,,,,,,,,,,https://cdn.shopify.com/s/files/1/0618/2368/0740/files/3-min_b91ff638-3a4c-4e3d-bf16-2f2eb777c2f8.png?v=1761232003,g,,,,,,
pink-cloud-kids-sweatshirt-jogger-set-for-boys-girls,,,,,,,,,navy-1,,,1 - 2 Years,,,,,'10718540,0.5,shopify,123123,deny,manual,1399.00,,true,true,,,,,'10718540,,,,,,,,,,,,,,,,,,,,,,,,,,,,,,,,,,,,,,,,,,,,,,,https://cdn.shopify.com/s/files/1/0618/2368/0740/files/1-min_3304c021-92fe-4c48-ab99-c5db15d26f7e.png?v=1761232003,g,,,,,,
pink-cloud-kids-sweatshirt-jogger-set-for-boys-girls,,,,,,,,,navy-1,,,3 - 4 Years,,,,,'10718541,0.5,shopify,123123,deny,manual,1399.00,,true,true,,,,,'10718541,,,,,,,,,,,,,,,,,,,,,,,,,,,,,,,,,,,,,,,,,,,,,,,https://cdn.shopify.com/s/files/1/0618/2368/0740/files/1-min_3304c021-92fe-4c48-ab99-c5db15d26f7e.png?v=1761232003,g,,,,,,
pink-cloud-kids-sweatshirt-jogger-set-for-boys-girls,,,,,,,,,navy-1,,,5 - 6 Years,,,,,'10718542,0.5,shopify,123123,deny,manual,1399.00,,true,true,,,,,'10718542,,,,,,,,,,,,,,,,,,,,,,,,,,,,,,,,,,,,,,,,,,,,,,,https://cdn.shopify.com/s/files/1/0618/2368/0740/files/1-min_3304c021-92fe-4c48-ab99-c5db15d26f7e.png?v=1761232003,g,,,,,,
pink-cloud-kids-sweatshirt-jogger-set-for-boys-girls,,,,,,,,,navy-1,,,7 - 8 Years,,,,,'10718543,0.5,shopify,123123,deny,manual,1399.00,,true,true,,,,,'10718543,,,,,,,,,,,,,,,,,,,,,,,,,,,,,,,,,,,,,,,,,,,,,,,https://cdn.shopify.com/s/files/1/0618/2368/0740/files/1-min_3304c021-92fe-4c48-ab99-c5db15d26f7e.png?v=1761232003,g,,,,,,
pink-cloud-kids-sweatshirt-jogger-set-for-boys-girls,,,,,,,,,navy-1,,,9 - 10 Years,,,,,'10718544,0.5,shopify,123123,deny,manual,1399.00,,true,true,,,,,'10718544,,,,,,,,,,,,,,,,,,,,,,,,,,,,,,,,,,,,,,,,,,,,,,,https://cdn.shopify.com/s/files/1/0618/2368/0740/files/1-min_3304c021-92fe-4c48-ab99-c5db15d26f7e.png?v=1761232003,g,,,,,,
pink-cloud-kids-sweatshirt-jogger-set-for-boys-girls,,,,,,,,,navy-1,,,11 - 12 Years,,,,,'10718545,0.5,shopify,123123,deny,manual,1399.00,,true,true,,,,,'10718545,,,,,,,,,,,,,,,,,,,,,,,,,,,,,,,,,,,,,,,,,,,,,,,https://cdn.shopify.com/s/files/1/0618/2368/0740/files/1-min_3304c021-92fe-4c48-ab99-c5db15d26f7e.png?v=1761232003,g,,,,,,
pink-cloud-kids-sweatshirt-jogger-set-for-boys-girls,,,,,,,,,red,,,1 - 2 Years,,,,,'10718546,0.5,shopify,123123,deny,manual,1399.00,,true,true,,,,,'10718546,,,,,,,,,,,,,,,,,,,,,,,,,,,,,,,,,,,,,,,,,,,,,,,https://cdn.shopify.com/s/files/1/0618/2368/0740/files/4-min_9cacf469-a560-47fb-b901-52bcb47fd9ce.png?v=1761232003,g,,,,,,
pink-cloud-kids-sweatshirt-jogger-set-for-boys-girls,,,,,,,,,red,,,3 - 4 Years,,,,,'10718547,0.5,shopify,123123,deny,manual,1399.00,,true,true,,,,,'10718547,,,,,,,,,,,,,,,,,,,,,,,,,,,,,,,,,,,,,,,,,,,,,,,https://cdn.shopify.com/s/files/1/0618/2368/0740/files/4-min_9cacf469-a560-47fb-b901-52bcb47fd9ce.png?v=1761232003,g,,,,,,
pink-cloud-kids-sweatshirt-jogger-set-for-boys-girls,,,,,,,,,red,,,5 - 6 Years,,,,,'10718548,0.5,shopify,123123,deny,manual,1399.00,,true,true,,,,,'10718548,,,,,,,,,,,,,,,,,,,,,,,,,,,,,,,,,,,,,,,,,,,,,,,https://cdn.shopify.com/s/files/1/0618/2368/0740/files/4-min_9cacf469-a560-47fb-b901-52bcb47fd9ce.png?v=1761232003,g,,,,,,
pink-cloud-kids-sweatshirt-jogger-set-for-boys-girls,,,,,,,,,red,,,7 - 8 Years,,,,,'10718549,0.5,shopify,123123,deny,manual,1399.00,,true,true,,,,,'10718549,,,,,,,,,,,,,,,,,,,,,,,,,,,,,,,,,,,,,,,,,,,,,,,https://cdn.shopify.com/s/files/1/0618/2368/0740/files/4-min_9cacf469-a560-47fb-b901-52bcb47fd9ce.png?v=1761232003,g,,,,,,
pink-cloud-kids-sweatshirt-jogger-set-for-boys-girls,,,,,,,,,red,,,9 - 10 Years,,,,,'10718550,0.5,shopify,123123,deny,manual,1399.00,,true,true,,,,,'10718550,,,,,,,,,,,,,,,,,,,,,,,,,,,,,,,,,,,,,,,,,,,,,,,https://cdn.shopify.com/s/files/1/0618/2368/0740/files/4-min_9cacf469-a560-47fb-b901-52bcb47fd9ce.png?v=1761232003,g,,,,,,
pink-cloud-kids-sweatshirt-jogger-set-for-boys-girls,,,,,,,,,red,,,11 - 12 Years,,,,,'10718551,0.5,shopify,123123,deny,manual,1399.00,,true,true,,,,,'10718551,,,,,,,,,,,,,,,,,,,,,,,,,,,,,,,,,,,,,,,,,,,,,,,https://cdn.shopify.com/s/files/1/0618/2368/0740/files/4-min_9cacf469-a560-47fb-b901-52bcb47fd9ce.png?v=1761232003,g,,,,,,
pink-cloud-kids-sweatshirt-jogger-set-for-boys-girls,,,,,,,,,white,,,1 - 2 Years,,,,,'10718552,0.5,shopify,123123,deny,manual,1399.00,,true,true,,,,,'10718552,,,,,,,,,,,,,,,,,,,,,,,,,,,,,,,,,,,,,,,,,,,,,,,https://cdn.shopify.com/s/files/1/0618/2368/0740/files/5-min_d5a38259-eb2e-49b1-a94d-012901a612fc.png?v=1761232003,g,,,,,,
pink-cloud-kids-sweatshirt-jogger-set-for-boys-girls,,,,,,,,,white,,,3 - 4 Years,,,,,'10718553,0.5,shopify,123123,deny,manual,1399.00,,true,true,,,,,'10718553,,,,,,,,,,,,,,,,,,,,,,,,,,,,,,,,,,,,,,,,,,,,,,,https://cdn.shopify.com/s/files/1/0618/2368/0740/files/5-min_d5a38259-eb2e-49b1-a94d-012901a612fc.png?v=1761232003,g,,,,,,
pink-cloud-kids-sweatshirt-jogger-set-for-boys-girls,,,,,,,,,white,,,5 - 6 Years,,,,,'10718554,0.5,shopify,123123,deny,manual,1399.00,,true,true,,,,,'10718554,,,,,,,,,,,,,,,,,,,,,,,,,,,,,,,,,,,,,,,,,,,,,,,https://cdn.shopify.com/s/files/1/0618/2368/0740/files/5-min_d5a38259-eb2e-49b1-a94d-012901a612fc.png?v=1761232003,g,,,,,,
pink-cloud-kids-sweatshirt-jogger-set-for-boys-girls,,,,,,,,,white,,,7 - 8 Years,,,,,'10718555,0.5,shopify,123123,deny,manual,1399.00,,true,true,,,,,'10718555,,,,,,,,,,,,,,,,,,,,,,,,,,,,,,,,,,,,,,,,,,,,,,,https://cdn.shopify.com/s/files/1/0618/2368/0740/files/5-min_d5a38259-eb2e-49b1-a94d-012901a612fc.png?v=1761232003,g,,,,,,
pink-cloud-kids-sweatshirt-jogger-set-for-boys-girls,,,,,,,,,white,,,9 - 10 Years,,,,,'10718556,0.5,shopify,123123,deny,manual,1399.00,,true,true,,,,,'10718556,,,,,,,,,,,,,,,,,,,,,,,,,,,,,,,,,,,,,,,,,,,,,,,https://cdn.shopify.com/s/files/1/0618/2368/0740/files/5-min_d5a38259-eb2e-49b1-a94d-012901a612fc.png?v=1761232003,g,,,,,,
pink-cloud-kids-sweatshirt-jogger-set-for-boys-girls,,,,,,,,,white,,,11 - 12 Years,,,,,'10718557,0.5,shopify,123123,deny,manual,1399.00,,true,true,,,,,'10718557,,,,,,,,,,,,,,,,,,,,,,,,,,,,,,,,,,,,,,,,,,,,,,,https://cdn.shopify.com/s/files/1/0618/2368/0740/files/5-min_d5a38259-eb2e-49b1-a94d-012901a612fc.png?v=1761232003,g,,,,,,
pink-cloud-kids-sweatshirt-jogger-set-for-boys-girls,,,,,,,,,silver,,,1 - 2 Years,,,,,'10718558,0.5,shopify,123123,deny,manual,1399.00,,true,true,,,,,'10718558,,,,,,,,,,,,,,,,,,,,,,,,,,,,,,,,,,,,,,,,,,,,,,,https://cdn.shopify.com/s/files/1/0618/2368/0740/files/2-min_3b72808f-f538-4390-abc4-affb074753bc.png?v=1761232003,g,,,,,,
pink-cloud-kids-sweatshirt-jogger-set-for-boys-girls,,,,,,,,,silver,,,3 - 4 Years,,,,,'10718559,0.5,shopify,123123,deny,manual,1399.00,,true,true,,,,,'10718559,,,,,,,,,,,,,,,,,,,,,,,,,,,,,,,,,,,,,,,,,,,,,,,https://cdn.shopify.com/s/files/1/0618/2368/0740/files/2-min_3b72808f-f538-4390-abc4-affb074753bc.png?v=1761232003,g,,,,,,
pink-cloud-kids-sweatshirt-jogger-set-for-boys-girls,,,,,,,,,silver,,,5 - 6 Years,,,,,'10718560,0.5,shopify,123123,deny,manual,1399.00,,true,true,,,,,'10718560,,,,,,,,,,,,,,,,,,,,,,,,,,,,,,,,,,,,,,,,,,,,,,,https://cdn.shopify.com/s/files/1/0618/2368/0740/files/2-min_3b72808f-f538-4390-abc4-affb074753bc.png?v=1761232003,g,,,,,,
pink-cloud-kids-sweatshirt-jogger-set-for-boys-girls,,,,,,,,,silver,,,7 - 8 Years,,,,,'10718561,0.5,shopify,123123,deny,manual,1399.00,,true,true,,,,,'10718561,,,,,,,,,,,,,,,,,,,,,,,,,,,,,,,,,,,,,,,,,,,,,,,https://cdn.shopify.com/s/files/1/0618/2368/0740/files/2-min_3b72808f-f538-4390-abc4-affb074753bc.png?v=1761232003,g,,,,,,
pink-cloud-kids-sweatshirt-jogger-set-for-boys-girls,,,,,,,,,silver,,,9 - 10 Years,,,,,'10718562,0.5,shopify,123123,deny,manual,1399.00,,true,true,,,,,'10718562,,,,,,,,,,,,,,,,,,,,,,,,,,,,,,,,,,,,,,,,,,,,,,,https://cdn.shopify.com/s/files/1/0618/2368/0740/files/2-min_3b72808f-f538-4390-abc4-affb074753bc.png?v=1761232003,g,,,,,,
pink-cloud-kids-sweatshirt-jogger-set-for-boys-girls,,,,,,,,,silver,,,11 - 12 Years,,,,,'10707098,0.5,shopify,123123,deny,manual,1399.00,,true,true,,,,,'10707098,,,,,,,,,,,,,,,,,,,,,,,,,,,,,,,,,,,,,,,,,,,,,,,https://cdn.shopify.com/s/files/1/0618/2368/0740/files/2-min_3b72808f-f538-4390-abc4-affb074753bc.png?v=1761232003,g,,,,,,
powerpuff-girls-kids-sweatshirt-jogger-set,Kids Winter Sweat Shirt Set | Power Puff Printed,"<h4>Kids Winter Sweat Shirt Set | Power Puff Printed</h4>
<p data-start=""249"" data-end=""486"">Featuring a lively cartoon-inspired design, this outfit is perfect for kids who love playful and cheerful styles.</p>
<p data-start=""488"" data-end=""750"">Crafted from soft, premium fleece fabric, it keeps your little one warm and cozy during chilly days while remaining breathable and gentle on the skin. The sweatshirt pairs with matching trousers to create a comfortable and stylish outfit ideal for everyday wear.</p>
<p data-start=""752"" data-end=""877"">Perfect for school, outings, or playtime, this set combines cuteness, comfort, and durability in one must-have winter outfit.</p>
<p data-start=""879"" data-end=""898""><strong data-start=""879"" data-end=""898"">✨ Key Features:</strong></p>
<ul data-start=""899"" data-end=""1147"">
<li data-section-id=""cre33n"" data-start=""899"" data-end=""931"">Soft &amp; warm fleece fabric ❄️</li>
<li data-section-id=""obwq79"" data-start=""932"" data-end=""973"">Fun cartoon-style Power Puff print 💖</li>
<li data-section-id=""iguxb9"" data-start=""974"" data-end=""1001"">Bright &amp; playful design</li>
<li data-section-id=""1dd02rc"" data-start=""1002"" data-end=""1035"">Comfortable elastic waistband</li>
<li data-section-id=""1blepg9"" data-start=""1036"" data-end=""1067"">Ribbed cuffs for a snug fit</li>
<li data-section-id=""95i0z6"" data-start=""1068"" data-end=""1107"">Skin-friendly &amp; breathable material</li>
<li data-section-id=""1wtwtt7"" data-start=""1108"" data-end=""1147"">Durable stitching for everyday wear</li>
</ul>",BBG FASHION CLOTHING STORE,Apparel & Accessories > Clothing > Baby & Toddler Clothing,Kids Sweatshirt & Pant,kidssweatshirtandpant,true,Color,yellow-1,product.metafields.shopify.color-pattern,Size,1-2-years,product.metafields.shopify.size,,,,'10718505,0.5,shopify,123123,deny,manual,1399.00,,true,true,,,,,'10718505,https://cdn.shopify.com/s/files/1/0618/2368/0740/files/6-min_43e2e13a-4677-45f7-a981-205f80cd23e0.png?v=1776673529,1,Powerpuff Girls Kids Sweatshirt Jogger Set - side view - kids wear Pakistan,false,,"Shop Kids Winter Sweat Shirt Set with Power Puff print. Soft fleece, warm & comfortable outfit for kids. Perfect winter wear in Pakistan.",,,,,,,,,,,,,,,,,,,,,yellow-1; yellow-black; white; navy-1; silver; red,,,soft-cotton-jersey; fleece,,,,,,,1-2-years; 3-4-years; 5-6-years; 7-8-years; 9-10-years; 11-12-years,,,,,,,,,,https://cdn.shopify.com/s/files/1/0618/2368/0740/files/6-min_43e2e13a-4677-45f7-a981-205f80cd23e0.png?v=1776673529,g,,,true,,,active
powerpuff-girls-kids-sweatshirt-jogger-set,,,,,,,,,yellow-1,,,3-4-years,,,,,'10718506,0.5,shopify,123123,deny,manual,1399.00,,true,true,,,,,'10718506,https://cdn.shopify.com/s/files/1/0618/2368/0740/files/3-min_426201e2-96ba-42c3-b77f-a93def3581f7.png?v=1776673529,2,Powerpuff Girls Kids Sweatshirt Jogger Set - front view - kids wear Pakistan,,,,,,,,,,,,,,,,,,,,,,,,,,,,,,,,,,,,,,,,,,,,https://cdn.shopify.com/s/files/1/0618/2368/0740/files/6-min_43e2e13a-4677-45f7-a981-205f80cd23e0.png?v=1776673529,g,,,,,,
powerpuff-girls-kids-sweatshirt-jogger-set,,,,,,,,,yellow-1,,,5-6-years,,,,,'10718507,0.5,shopify,123123,deny,manual,1399.00,,true,true,,,,,'10718507,https://cdn.shopify.com/s/files/1/0618/2368/0740/files/5-min_1495228b-8be4-4180-a8e3-41635abc0cb8.png?v=1776673529,3,Powerpuff Girls Kids Sweatshirt Jogger Set - back view - kids wear Pakistan,,,,,,,,,,,,,,,,,,,,,,,,,,,,,,,,,,,,,,,,,,,,https://cdn.shopify.com/s/files/1/0618/2368/0740/files/6-min_43e2e13a-4677-45f7-a981-205f80cd23e0.png?v=1776673529,g,,,,,,
powerpuff-girls-kids-sweatshirt-jogger-set,,,,,,,,,yellow-1,,,7-8-years,,,,,'10718508,0.5,shopify,123123,deny,manual,1399.00,,true,true,,,,,'10718508,https://cdn.shopify.com/s/files/1/0618/2368/0740/files/1-min_8043102c-b2ad-4f83-95f1-5b7b6ef1fde5.png?v=1761232362,4,Powerpuff Girls Kids Sweatshirt Jogger Set - detail shot - kids wear Pakistan,,,,,,,,,,,,,,,,,,,,,,,,,,,,,,,,,,,,,,,,,,,,https://cdn.shopify.com/s/files/1/0618/2368/0740/files/6-min_43e2e13a-4677-45f7-a981-205f80cd23e0.png?v=1776673529,g,,,,,,
powerpuff-girls-kids-sweatshirt-jogger-set,,,,,,,,,yellow-1,,,9-10-years,,,,,'10718509,0.5,shopify,123123,deny,manual,1399.00,,true,true,,,,,'10718509,https://cdn.shopify.com/s/files/1/0618/2368/0740/files/2-min_ad62bd7b-0c14-4ac0-b979-57127390c207.png?v=1761232362,5,Powerpuff Girls Kids Sweatshirt Jogger Set - front view - kids wear Pakistan,,,,,,,,,,,,,,,,,,,,,,,,,,,,,,,,,,,,,,,,,,,,https://cdn.shopify.com/s/files/1/0618/2368/0740/files/6-min_43e2e13a-4677-45f7-a981-205f80cd23e0.png?v=1776673529,g,,,,,,
powerpuff-girls-kids-sweatshirt-jogger-set,,,,,,,,,yellow-1,,,11-12-years,,,,,'10718510,0.5,shopify,123123,deny,manual,1399.00,,true,true,,,,,'10718510,https://cdn.shopify.com/s/files/1/0618/2368/0740/files/4-min_635e303c-110f-439a-b201-82b59f8f9040.png?v=1761232362,6,Powerpuff Girls Kids Sweatshirt Jogger Set - back view - kids wear Pakistan,,,,,,,,,,,,,,,,,,,,,,,,,,,,,,,,,,,,,,,,,,,,https://cdn.shopify.com/s/files/1/0618/2368/0740/files/6-min_43e2e13a-4677-45f7-a981-205f80cd23e0.png?v=1776673529,g,,,,,,
powerpuff-girls-kids-sweatshirt-jogger-set,,,,,,,,,yellow-black,,,1-2-years,,,,,'10718493,0.5,shopify,123123,deny,manual,1399.00,,true,true,,,,,'10718493,https://cdn.shopify.com/s/files/1/0618/2368/0740/files/tshirt.webp?v=1762182764,7,Rocket Print Kids Sweatshirt Jogger Set For Boys Girls - side view - kids wear Pakistan,,,,,,,,,,,,,,,,,,,,,,,,,,,,,,,,,,,,,,,,,,,,https://cdn.shopify.com/s/files/1/0618/2368/0740/files/3-min_426201e2-96ba-42c3-b77f-a93def3581f7.png?v=1776673529,g,,,,,,
powerpuff-girls-kids-sweatshirt-jogger-set,,,,,,,,,yellow-black,,,3-4-years,,,,,'10718494,0.5,shopify,123123,deny,manual,1399.00,,true,true,,,,,'10718494,,,,,,,,,,,,,,,,,,,,,,,,,,,,,,,,,,,,,,,,,,,,,,,https://cdn.shopify.com/s/files/1/0618/2368/0740/files/3-min_426201e2-96ba-42c3-b77f-a93def3581f7.png?v=1776673529,g,,,,,,
powerpuff-girls-kids-sweatshirt-jogger-set,,,,,,,,,yellow-black,,,5-6-years,,,,,'10718495,0.5,shopify,123123,deny,manual,1399.00,,true,true,,,,,'10718495,,,,,,,,,,,,,,,,,,,,,,,,,,,,,,,,,,,,,,,,,,,,,,,https://cdn.shopify.com/s/files/1/0618/2368/0740/files/3-min_426201e2-96ba-42c3-b77f-a93def3581f7.png?v=1776673529,g,,,,,,
powerpuff-girls-kids-sweatshirt-jogger-set,,,,,,,,,yellow-black,,,7-8-years,,,,,'10718496,0.5,shopify,123123,deny,manual,1399.00,,true,true,,,,,'10718496,,,,,,,,,,,,,,,,,,,,,,,,,,,,,,,,,,,,,,,,,,,,,,,https://cdn.shopify.com/s/files/1/0618/2368/0740/files/3-min_426201e2-96ba-42c3-b77f-a93def3581f7.png?v=1776673529,g,,,,,,
powerpuff-girls-kids-sweatshirt-jogger-set,,,,,,,,,yellow-black,,,9-10-years,,,,,'10718497,0.5,shopify,123123,deny,manual,1399.00,,true,true,,,,,'10718497,,,,,,,,,,,,,,,,,,,,,,,,,,,,,,,,,,,,,,,,,,,,,,,https://cdn.shopify.com/s/files/1/0618/2368/0740/files/3-min_426201e2-96ba-42c3-b77f-a93def3581f7.png?v=1776673529,g,,,,,,
powerpuff-girls-kids-sweatshirt-jogger-set,,,,,,,,,yellow-black,,,11-12-years,,,,,'10718498,0.5,shopify,123123,deny,manual,1399.00,,true,true,,,,,'10718498,,,,,,,,,,,,,,,,,,,,,,,,,,,,,,,,,,,,,,,,,,,,,,,https://cdn.shopify.com/s/files/1/0618/2368/0740/files/3-min_426201e2-96ba-42c3-b77f-a93def3581f7.png?v=1776673529,g,,,,,,
powerpuff-girls-kids-sweatshirt-jogger-set,,,,,,,,,white,,,1-2-years,,,,,'10718499,0.5,shopify,123123,deny,manual,1399.00,,true,true,,,,,'10718499,,,,,,,,,,,,,,,,,,,,,,,,,,,,,,,,,,,,,,,,,,,,,,,https://cdn.shopify.com/s/files/1/0618/2368/0740/files/5-min_1495228b-8be4-4180-a8e3-41635abc0cb8.png?v=1776673529,g,,,,,,
powerpuff-girls-kids-sweatshirt-jogger-set,,,,,,,,,white,,,3-4-years,,,,,'10718500,0.5,shopify,123123,deny,manual,1399.00,,true,true,,,,,'10718500,,,,,,,,,,,,,,,,,,,,,,,,,,,,,,,,,,,,,,,,,,,,,,,https://cdn.shopify.com/s/files/1/0618/2368/0740/files/5-min_1495228b-8be4-4180-a8e3-41635abc0cb8.png?v=1776673529,g,,,,,,
powerpuff-girls-kids-sweatshirt-jogger-set,,,,,,,,,white,,,5-6-years,,,,,'10718501,0.5,shopify,123123,deny,manual,1399.00,,true,true,,,,,'10718501,,,,,,,,,,,,,,,,,,,,,,,,,,,,,,,,,,,,,,,,,,,,,,,https://cdn.shopify.com/s/files/1/0618/2368/0740/files/5-min_1495228b-8be4-4180-a8e3-41635abc0cb8.png?v=1776673529,g,,,,,,
powerpuff-girls-kids-sweatshirt-jogger-set,,,,,,,,,white,,,7-8-years,,,,,'10718502,0.5,shopify,123123,deny,manual,1399.00,,true,true,,,,,'10718502,,,,,,,,,,,,,,,,,,,,,,,,,,,,,,,,,,,,,,,,,,,,,,,https://cdn.shopify.com/s/files/1/0618/2368/0740/files/5-min_1495228b-8be4-4180-a8e3-41635abc0cb8.png?v=1776673529,g,,,,,,
powerpuff-girls-kids-sweatshirt-jogger-set,,,,,,,,,white,,,9-10-years,,,,,'10718503,0.5,shopify,123123,deny,manual,1399.00,,true,true,,,,,'10718503,,,,,,,,,,,,,,,,,,,,,,,,,,,,,,,,,,,,,,,,,,,,,,,https://cdn.shopify.com/s/files/1/0618/2368/0740/files/5-min_1495228b-8be4-4180-a8e3-41635abc0cb8.png?v=1776673529,g,,,,,,
powerpuff-girls-kids-sweatshirt-jogger-set,,,,,,,,,white,,,11-12-years,,,,,'10718504,0.5,shopify,123123,deny,manual,1399.00,,true,true,,,,,'10718504,,,,,,,,,,,,,,,,,,,,,,,,,,,,,,,,,,,,,,,,,,,,,,,https://cdn.shopify.com/s/files/1/0618/2368/0740/files/5-min_1495228b-8be4-4180-a8e3-41635abc0cb8.png?v=1776673529,g,,,,,,
powerpuff-girls-kids-sweatshirt-jogger-set,,,,,,,,,navy-1,,,1-2-years,,,,,'10718511,0.5,shopify,123123,deny,manual,1399.00,,true,true,,,,,'10718511,,,,,,,,,,,,,,,,,,,,,,,,,,,,,,,,,,,,,,,,,,,,,,,https://cdn.shopify.com/s/files/1/0618/2368/0740/files/1-min_8043102c-b2ad-4f83-95f1-5b7b6ef1fde5.png?v=1761232362,g,,,,,,
powerpuff-girls-kids-sweatshirt-jogger-set,,,,,,,,,navy-1,,,3-4-years,,,,,'10718512,0.5,shopify,123123,deny,manual,1399.00,,true,true,,,,,'10718512,,,,,,,,,,,,,,,,,,,,,,,,,,,,,,,,,,,,,,,,,,,,,,,https://cdn.shopify.com/s/files/1/0618/2368/0740/files/1-min_8043102c-b2ad-4f83-95f1-5b7b6ef1fde5.png?v=1761232362,g,,,,,,
powerpuff-girls-kids-sweatshirt-jogger-set,,,,,,,,,navy-1,,,5-6-years,,,,,'10718513,0.5,shopify,123123,deny,manual,1399.00,,true,true,,,,,'10718513,,,,,,,,,,,,,,,,,,,,,,,,,,,,,,,,,,,,,,,,,,,,,,,https://cdn.shopify.com/s/files/1/0618/2368/0740/files/1-min_8043102c-b2ad-4f83-95f1-5b7b6ef1fde5.png?v=1761232362,g,,,,,,
powerpuff-girls-kids-sweatshirt-jogger-set,,,,,,,,,navy-1,,,7-8-years,,,,,'10718514,0.5,shopify,123123,deny,manual,1399.00,,true,true,,,,,'10718514,,,,,,,,,,,,,,,,,,,,,,,,,,,,,,,,,,,,,,,,,,,,,,,https://cdn.shopify.com/s/files/1/0618/2368/0740/files/1-min_8043102c-b2ad-4f83-95f1-5b7b6ef1fde5.png?v=1761232362,g,,,,,,
powerpuff-girls-kids-sweatshirt-jogger-set,,,,,,,,,navy-1,,,9-10-years,,,,,'10718515,0.5,shopify,123123,deny,manual,1399.00,,true,true,,,,,'10718515,,,,,,,,,,,,,,,,,,,,,,,,,,,,,,,,,,,,,,,,,,,,,,,https://cdn.shopify.com/s/files/1/0618/2368/0740/files/1-min_8043102c-b2ad-4f83-95f1-5b7b6ef1fde5.png?v=1761232362,g,,,,,,
powerpuff-girls-kids-sweatshirt-jogger-set,,,,,,,,,navy-1,,,11-12-years,,,,,'10718516,0.5,shopify,123123,deny,manual,1399.00,,true,true,,,,,'10718516,,,,,,,,,,,,,,,,,,,,,,,,,,,,,,,,,,,,,,,,,,,,,,,https://cdn.shopify.com/s/files/1/0618/2368/0740/files/1-min_8043102c-b2ad-4f83-95f1-5b7b6ef1fde5.png?v=1761232362,g,,,,,,
powerpuff-girls-kids-sweatshirt-jogger-set,,,,,,,,,silver,,,1-2-years,,,,,'10718517,0.5,shopify,123123,deny,manual,1399.00,,true,true,,,,,'10718517,,,,,,,,,,,,,,,,,,,,,,,,,,,,,,,,,,,,,,,,,,,,,,,https://cdn.shopify.com/s/files/1/0618/2368/0740/files/2-min_ad62bd7b-0c14-4ac0-b979-57127390c207.png?v=1761232362,g,,,,,,
powerpuff-girls-kids-sweatshirt-jogger-set,,,,,,,,,silver,,,3-4-years,,,,,'10718518,0.5,shopify,123123,deny,manual,1399.00,,true,true,,,,,'10718518,,,,,,,,,,,,,,,,,,,,,,,,,,,,,,,,,,,,,,,,,,,,,,,https://cdn.shopify.com/s/files/1/0618/2368/0740/files/2-min_ad62bd7b-0c14-4ac0-b979-57127390c207.png?v=1761232362,g,,,,,,
powerpuff-girls-kids-sweatshirt-jogger-set,,,,,,,,,silver,,,5-6-years,,,,,'10718519,0.5,shopify,123123,deny,manual,1399.00,,true,true,,,,,'10718519,,,,,,,,,,,,,,,,,,,,,,,,,,,,,,,,,,,,,,,,,,,,,,,https://cdn.shopify.com/s/files/1/0618/2368/0740/files/2-min_ad62bd7b-0c14-4ac0-b979-57127390c207.png?v=1761232362,g,,,,,,
powerpuff-girls-kids-sweatshirt-jogger-set,,,,,,,,,silver,,,7-8-years,,,,,'10718520,0.5,shopify,123123,deny,manual,1399.00,,true,true,,,,,'10718520,,,,,,,,,,,,,,,,,,,,,,,,,,,,,,,,,,,,,,,,,,,,,,,https://cdn.shopify.com/s/files/1/0618/2368/0740/files/2-min_ad62bd7b-0c14-4ac0-b979-57127390c207.png?v=1761232362,g,,,,,,
powerpuff-girls-kids-sweatshirt-jogger-set,,,,,,,,,silver,,,9-10-years,,,,,'10718521,0.5,shopify,123123,deny,manual,1399.00,,true,true,,,,,'10718521,,,,,,,,,,,,,,,,,,,,,,,,,,,,,,,,,,,,,,,,,,,,,,,https://cdn.shopify.com/s/files/1/0618/2368/0740/files/2-min_ad62bd7b-0c14-4ac0-b979-57127390c207.png?v=1761232362,g,,,,,,
powerpuff-girls-kids-sweatshirt-jogger-set,,,,,,,,,silver,,,11-12-years,,,,,'10718522,0.5,shopify,123123,deny,manual,1399.00,,true,true,,,,,'10718522,,,,,,,,,,,,,,,,,,,,,,,,,,,,,,,,,,,,,,,,,,,,,,,https://cdn.shopify.com/s/files/1/0618/2368/0740/files/2-min_ad62bd7b-0c14-4ac0-b979-57127390c207.png?v=1761232362,g,,,,,,
powerpuff-girls-kids-sweatshirt-jogger-set,,,,,,,,,red,,,1-2-years,,,,,'10718523,0.5,shopify,123123,deny,manual,1399.00,,true,true,,,,,'10718523,,,,,,,,,,,,,,,,,,,,,,,,,,,,,,,,,,,,,,,,,,,,,,,https://cdn.shopify.com/s/files/1/0618/2368/0740/files/4-min_635e303c-110f-439a-b201-82b59f8f9040.png?v=1761232362,g,,,,,,
powerpuff-girls-kids-sweatshirt-jogger-set,,,,,,,,,red,,,3-4-years,,,,,'10718524,0.5,shopify,123123,deny,manual,1399.00,,true,true,,,,,'10718524,,,,,,,,,,,,,,,,,,,,,,,,,,,,,,,,,,,,,,,,,,,,,,,https://cdn.shopify.com/s/files/1/0618/2368/0740/files/4-min_635e303c-110f-439a-b201-82b59f8f9040.png?v=1761232362,g,,,,,,
powerpuff-girls-kids-sweatshirt-jogger-set,,,,,,,,,red,,,5-6-years,,,,,'10718525,0.5,shopify,123123,deny,manual,1399.00,,true,true,,,,,'10718525,,,,,,,,,,,,,,,,,,,,,,,,,,,,,,,,,,,,,,,,,,,,,,,https://cdn.shopify.com/s/files/1/0618/2368/0740/files/4-min_635e303c-110f-439a-b201-82b59f8f9040.png?v=1761232362,g,,,,,,
powerpuff-girls-kids-sweatshirt-jogger-set,,,,,,,,,red,,,7-8-years,,,,,'10718526,0.5,shopify,123123,deny,manual,1399.00,,true,true,,,,,'10718526,,,,,,,,,,,,,,,,,,,,,,,,,,,,,,,,,,,,,,,,,,,,,,,https://cdn.shopify.com/s/files/1/0618/2368/0740/files/4-min_635e303c-110f-439a-b201-82b59f8f9040.png?v=1761232362,g,,,,,,
powerpuff-girls-kids-sweatshirt-jogger-set,,,,,,,,,red,,,9-10-years,,,,,'10718527,0.5,shopify,123123,deny,manual,1399.00,,true,true,,,,,'10718527,,,,,,,,,,,,,,,,,,,,,,,,,,,,,,,,,,,,,,,,,,,,,,,https://cdn.shopify.com/s/files/1/0618/2368/0740/files/4-min_635e303c-110f-439a-b201-82b59f8f9040.png?v=1761232362,g,,,,,,
powerpuff-girls-kids-sweatshirt-jogger-set,,,,,,,,,red,,,11-12-years,,,,,'10707097,0.5,shopify,123123,deny,manual,1399.00,,true,true,,,,,'10707097,,,,,,,,,,,,,,,,,,,,,,,,,,,,,,,,,,,,,,,,,,,,,,,https://cdn.shopify.com/s/files/1/0618/2368/0740/files/4-min_635e303c-110f-439a-b201-82b59f8f9040.png?v=1761232362,g,,,,,,
rocket-print-kids-sweatshirt-jogger-set-for-boys-girls,Kids Winter Sweat Shirt Set | Rocket Printed,"<h4><strong>Kids Winter Sweat Shirt Set | Rocket Printed<br><br></strong></h4>
<p data-start=""117"" data-end=""362"">Designed with a fun and energetic rocket graphic, this outfit sparks imagination and adds an adventurous touch to your child’s winter wardrobe.</p>
<p data-start=""364"" data-end=""595"">Made from soft, premium fleece fabric, it provides warmth and comfort during chilly days while staying breathable and gentle on the skin. The matching trouser completes the look, making it a perfect everyday outfit for active kids.</p>
<p data-start=""597"" data-end=""710"">Whether it’s school, playtime, or outings, this set keeps your child cozy, stylish, and ready for new adventures.</p>
<p data-start=""712"" data-end=""731""><strong data-start=""712"" data-end=""731"">✨ Key Features:</strong></p>
<ul data-start=""732"" data-end=""968"">
<li data-section-id=""cre33n"" data-start=""732"" data-end=""764"">Soft &amp; warm fleece fabric ❄️</li>
<li data-section-id=""f01pyd"" data-start=""765"" data-end=""795"">Fun rocket-themed print 🚀</li>
<li data-section-id=""p27jdz"" data-start=""796"" data-end=""825"">Adventure-inspired design</li>
<li data-section-id=""1dd02rc"" data-start=""826"" data-end=""859"">Comfortable elastic waistband</li>
<li data-section-id=""1blepg9"" data-start=""860"" data-end=""891"">Ribbed cuffs for a snug fit</li>
<li data-section-id=""95i0z6"" data-start=""892"" data-end=""931"">Skin-friendly &amp; breathable material</li>
<li data-section-id=""12j8pub"" data-start=""932"" data-end=""968"">Durable stitching for daily wear</li>
</ul>
<h4><strong><br></strong></h4>",BBG FASHION CLOTHING STORE,Apparel & Accessories > Clothing > Outfit Sets,Kids Sweatshirt & Pant,kidssweatshirtandpant,true,Color,yellow-1,product.metafields.shopify.color-pattern,Size,1-2-years,product.metafields.shopify.size,,,,'10718458,0.0,shopify,123123,deny,manual,1399.00,,true,true,,,,,'10718458,https://cdn.shopify.com/s/files/1/0618/2368/0740/files/6-min_30423150-8d2f-4e20-ab46-0ee8cf8c71fb.png?v=1761232708,1,Rocket Print Kids Sweatshirt Jogger Set For Boys Girls - front view - kids wear Pakistan,false,,"Buy Kids Rocket Printed Winter Sweat Shirt Set in Pakistan. Soft fleece, warm & comfortable outfit for kids. Perfect for daily winter wear.",,,kids,,,,,,,,,,,,,kids,,,,insulated,yellow-1; yellow-black; navy-1; silver; red; white,,,soft-cotton-jersey; fleece,,,,,,,1-2-years; 3-4-years; 5-6-years; 7-8-years; 9-10-years; 11-12-years,,,unisex,,,,,,,https://cdn.shopify.com/s/files/1/0618/2368/0740/files/6-min_30423150-8d2f-4e20-ab46-0ee8cf8c71fb.png?v=1761232708,g,,,true,,,active
rocket-print-kids-sweatshirt-jogger-set-for-boys-girls,,,,,,,,,yellow-1,,,3-4-years,,,,,'10718459,0.0,shopify,123123,deny,manual,1399.00,,true,true,,,,,'10718459,https://cdn.shopify.com/s/files/1/0618/2368/0740/files/5-min_2b0ee7de-6112-4376-8e20-6489ddde4711.png?v=1761232722,2,Rocket Print Kids Sweatshirt Jogger Set For Boys Girls - back view - kids wear Pakistan,,,,,,,,,,,,,,,,,,,,,,,,,,,,,,,,,,,,,,,,,,,,https://cdn.shopify.com/s/files/1/0618/2368/0740/files/6-min_30423150-8d2f-4e20-ab46-0ee8cf8c71fb.png?v=1761232708,g,,,,,,
rocket-print-kids-sweatshirt-jogger-set-for-boys-girls,,,,,,,,,yellow-1,,,5-6-years,,,,,'10718460,0.0,shopify,123123,deny,manual,1399.00,,true,true,,,,,'10718460,https://cdn.shopify.com/s/files/1/0618/2368/0740/files/1-min_a3697b7e-2e24-4a8f-a1ae-094033dc192d.png?v=1761232736,3,Rocket Print Kids Sweatshirt Jogger Set For Boys Girls - side view - kids wear Pakistan,,,,,,,,,,,,,,,,,,,,,,,,,,,,,,,,,,,,,,,,,,,,https://cdn.shopify.com/s/files/1/0618/2368/0740/files/6-min_30423150-8d2f-4e20-ab46-0ee8cf8c71fb.png?v=1761232708,g,,,,,,
rocket-print-kids-sweatshirt-jogger-set-for-boys-girls,,,,,,,,,yellow-1,,,7-8-years,,,,,'10718461,0.0,shopify,123123,deny,manual,1399.00,,true,true,,,,,'10718461,https://cdn.shopify.com/s/files/1/0618/2368/0740/files/2-min_a14a13fc-8634-4bd9-82d0-54a8ba813f8b.png?v=1761232750,4,Rocket Print Kids Sweatshirt Jogger Set For Boys Girls - detail shot - kids wear Pakistan,,,,,,,,,,,,,,,,,,,,,,,,,,,,,,,,,,,,,,,,,,,,https://cdn.shopify.com/s/files/1/0618/2368/0740/files/6-min_30423150-8d2f-4e20-ab46-0ee8cf8c71fb.png?v=1761232708,g,,,,,,
rocket-print-kids-sweatshirt-jogger-set-for-boys-girls,,,,,,,,,yellow-1,,,9-10-years,,,,,'10718462,0.0,shopify,123123,deny,manual,1399.00,,true,true,,,,,'10718462,https://cdn.shopify.com/s/files/1/0618/2368/0740/files/4-min_88a9f8fb-8d1e-4f87-bbc8-17a690f06bcf.png?v=1761232764,5,Rocket Print Kids Sweatshirt Jogger Set For Boys Girls - front view - kids wear Pakistan,,,,,,,,,,,,,,,,,,,,,,,,,,,,,,,,,,,,,,,,,,,,https://cdn.shopify.com/s/files/1/0618/2368/0740/files/6-min_30423150-8d2f-4e20-ab46-0ee8cf8c71fb.png?v=1761232708,g,,,,,,
rocket-print-kids-sweatshirt-jogger-set-for-boys-girls,,,,,,,,,yellow-1,,,11-12-years,,,,,'10718463,0.0,shopify,123123,deny,manual,1399.00,,true,true,,,,,'10718463,https://cdn.shopify.com/s/files/1/0618/2368/0740/files/3-min_560121ab-c617-4f57-90d7-aeda489ca12c.png?v=1761232780,6,Rocket Print Kids Sweatshirt Jogger Set For Boys Girls - back view - kids wear Pakistan,,,,,,,,,,,,,,,,,,,,,,,,,,,,,,,,,,,,,,,,,,,,https://cdn.shopify.com/s/files/1/0618/2368/0740/files/6-min_30423150-8d2f-4e20-ab46-0ee8cf8c71fb.png?v=1761232708,g,,,,,,
rocket-print-kids-sweatshirt-jogger-set-for-boys-girls,,,,,,,,,yellow-black,,,1-2-years,,,,,'10718464,0.0,shopify,123123,deny,manual,1399.00,,true,true,,,,,'10718464,https://cdn.shopify.com/s/files/1/0618/2368/0740/files/tshirt.webp?v=1762182764,7,Rocket Print Kids Sweatshirt Jogger Set For Boys Girls - side view - kids wear Pakistan,,,,,,,,,,,,,,,,,,,,,,,,,,,,,,,,,,,,,,,,,,,,https://cdn.shopify.com/s/files/1/0618/2368/0740/files/5-min_2b0ee7de-6112-4376-8e20-6489ddde4711.png?v=1761232722,g,,,,,,
rocket-print-kids-sweatshirt-jogger-set-for-boys-girls,,,,,,,,,yellow-black,,,3-4-years,,,,,'10718465,0.0,shopify,123123,deny,manual,1399.00,,true,true,,,,,'10718465,,,,,,,,,,,,,,,,,,,,,,,,,,,,,,,,,,,,,,,,,,,,,,,https://cdn.shopify.com/s/files/1/0618/2368/0740/files/5-min_2b0ee7de-6112-4376-8e20-6489ddde4711.png?v=1761232722,g,,,,,,
rocket-print-kids-sweatshirt-jogger-set-for-boys-girls,,,,,,,,,yellow-black,,,5-6-years,,,,,'10718466,0.0,shopify,123123,deny,manual,1399.00,,true,true,,,,,'10718466,,,,,,,,,,,,,,,,,,,,,,,,,,,,,,,,,,,,,,,,,,,,,,,https://cdn.shopify.com/s/files/1/0618/2368/0740/files/5-min_2b0ee7de-6112-4376-8e20-6489ddde4711.png?v=1761232722,g,,,,,,
rocket-print-kids-sweatshirt-jogger-set-for-boys-girls,,,,,,,,,yellow-black,,,7-8-years,,,,,'10718467,0.0,shopify,123123,deny,manual,1399.00,,true,true,,,,,'10718467,,,,,,,,,,,,,,,,,,,,,,,,,,,,,,,,,,,,,,,,,,,,,,,https://cdn.shopify.com/s/files/1/0618/2368/0740/files/5-min_2b0ee7de-6112-4376-8e20-6489ddde4711.png?v=1761232722,g,,,,,,
rocket-print-kids-sweatshirt-jogger-set-for-boys-girls,,,,,,,,,yellow-black,,,9-10-years,,,,,'10718468,0.0,shopify,123123,deny,manual,1399.00,,true,true,,,,,'10718468,,,,,,,,,,,,,,,,,,,,,,,,,,,,,,,,,,,,,,,,,,,,,,,https://cdn.shopify.com/s/files/1/0618/2368/0740/files/5-min_2b0ee7de-6112-4376-8e20-6489ddde4711.png?v=1761232722,g,,,,,,
rocket-print-kids-sweatshirt-jogger-set-for-boys-girls,,,,,,,,,yellow-black,,,11-12-years,,,,,'10718469,0.0,shopify,123123,deny,manual,1399.00,,true,true,,,,,'10718469,,,,,,,,,,,,,,,,,,,,,,,,,,,,,,,,,,,,,,,,,,,,,,,https://cdn.shopify.com/s/files/1/0618/2368/0740/files/5-min_2b0ee7de-6112-4376-8e20-6489ddde4711.png?v=1761232722,g,,,,,,
rocket-print-kids-sweatshirt-jogger-set-for-boys-girls,,,,,,,,,navy-1,,,1-2-years,,,,,'10718470,0.0,shopify,123123,deny,manual,1399.00,,true,true,,,,,'10718470,,,,,,,,,,,,,,,,,,,,,,,,,,,,,,,,,,,,,,,,,,,,,,,https://cdn.shopify.com/s/files/1/0618/2368/0740/files/1-min_a3697b7e-2e24-4a8f-a1ae-094033dc192d.png?v=1761232736,g,,,,,,
rocket-print-kids-sweatshirt-jogger-set-for-boys-girls,,,,,,,,,navy-1,,,3-4-years,,,,,'10718471,0.0,shopify,123123,deny,manual,1399.00,,true,true,,,,,'10718471,,,,,,,,,,,,,,,,,,,,,,,,,,,,,,,,,,,,,,,,,,,,,,,https://cdn.shopify.com/s/files/1/0618/2368/0740/files/1-min_a3697b7e-2e24-4a8f-a1ae-094033dc192d.png?v=1761232736,g,,,,,,
rocket-print-kids-sweatshirt-jogger-set-for-boys-girls,,,,,,,,,navy-1,,,5-6-years,,,,,'10718472,0.0,shopify,123123,deny,manual,1399.00,,true,true,,,,,'10718472,,,,,,,,,,,,,,,,,,,,,,,,,,,,,,,,,,,,,,,,,,,,,,,https://cdn.shopify.com/s/files/1/0618/2368/0740/files/1-min_a3697b7e-2e24-4a8f-a1ae-094033dc192d.png?v=1761232736,g,,,,,,
rocket-print-kids-sweatshirt-jogger-set-for-boys-girls,,,,,,,,,navy-1,,,7-8-years,,,,,'10718473,0.0,shopify,123123,deny,manual,1399.00,,true,true,,,,,'10718473,,,,,,,,,,,,,,,,,,,,,,,,,,,,,,,,,,,,,,,,,,,,,,,https://cdn.shopify.com/s/files/1/0618/2368/0740/files/1-min_a3697b7e-2e24-4a8f-a1ae-094033dc192d.png?v=1761232736,g,,,,,,
rocket-print-kids-sweatshirt-jogger-set-for-boys-girls,,,,,,,,,navy-1,,,9-10-years,,,,,'10718474,0.0,shopify,123123,deny,manual,1399.00,,true,true,,,,,'10718474,,,,,,,,,,,,,,,,,,,,,,,,,,,,,,,,,,,,,,,,,,,,,,,https://cdn.shopify.com/s/files/1/0618/2368/0740/files/1-min_a3697b7e-2e24-4a8f-a1ae-094033dc192d.png?v=1761232736,g,,,,,,
rocket-print-kids-sweatshirt-jogger-set-for-boys-girls,,,,,,,,,navy-1,,,11-12-years,,,,,'10718475,0.0,shopify,123123,deny,manual,1399.00,,true,true,,,,,'10718475,,,,,,,,,,,,,,,,,,,,,,,,,,,,,,,,,,,,,,,,,,,,,,,https://cdn.shopify.com/s/files/1/0618/2368/0740/files/1-min_a3697b7e-2e24-4a8f-a1ae-094033dc192d.png?v=1761232736,g,,,,,,
rocket-print-kids-sweatshirt-jogger-set-for-boys-girls,,,,,,,,,silver,,,1-2-years,,,,,'10718476,0.0,shopify,123123,deny,manual,1399.00,,true,true,,,,,'10718476,,,,,,,,,,,,,,,,,,,,,,,,,,,,,,,,,,,,,,,,,,,,,,,https://cdn.shopify.com/s/files/1/0618/2368/0740/files/2-min_a14a13fc-8634-4bd9-82d0-54a8ba813f8b.png?v=1761232750,g,,,,,,
rocket-print-kids-sweatshirt-jogger-set-for-boys-girls,,,,,,,,,silver,,,3-4-years,,,,,'10718477,0.0,shopify,123123,deny,manual,1399.00,,true,true,,,,,'10718477,,,,,,,,,,,,,,,,,,,,,,,,,,,,,,,,,,,,,,,,,,,,,,,https://cdn.shopify.com/s/files/1/0618/2368/0740/files/2-min_a14a13fc-8634-4bd9-82d0-54a8ba813f8b.png?v=1761232750,g,,,,,,
rocket-print-kids-sweatshirt-jogger-set-for-boys-girls,,,,,,,,,silver,,,5-6-years,,,,,'10718478,0.0,shopify,123123,deny,manual,1399.00,,true,true,,,,,'10718478,,,,,,,,,,,,,,,,,,,,,,,,,,,,,,,,,,,,,,,,,,,,,,,https://cdn.shopify.com/s/files/1/0618/2368/0740/files/2-min_a14a13fc-8634-4bd9-82d0-54a8ba813f8b.png?v=1761232750,g,,,,,,
rocket-print-kids-sweatshirt-jogger-set-for-boys-girls,,,,,,,,,silver,,,7-8-years,,,,,'10718479,0.0,shopify,123123,deny,manual,1399.00,,true,true,,,,,'10718479,,,,,,,,,,,,,,,,,,,,,,,,,,,,,,,,,,,,,,,,,,,,,,,https://cdn.shopify.com/s/files/1/0618/2368/0740/files/2-min_a14a13fc-8634-4bd9-82d0-54a8ba813f8b.png?v=1761232750,g,,,,,,
rocket-print-kids-sweatshirt-jogger-set-for-boys-girls,,,,,,,,,silver,,,9-10-years,,,,,'10718480,0.0,shopify,123123,deny,manual,1399.00,,true,true,,,,,'10718480,,,,,,,,,,,,,,,,,,,,,,,,,,,,,,,,,,,,,,,,,,,,,,,https://cdn.shopify.com/s/files/1/0618/2368/0740/files/2-min_a14a13fc-8634-4bd9-82d0-54a8ba813f8b.png?v=1761232750,g,,,,,,
rocket-print-kids-sweatshirt-jogger-set-for-boys-girls,,,,,,,,,silver,,,11-12-years,,,,,'10718481,0.0,shopify,123123,deny,manual,1399.00,,true,true,,,,,'10718481,,,,,,,,,,,,,,,,,,,,,,,,,,,,,,,,,,,,,,,,,,,,,,,https://cdn.shopify.com/s/files/1/0618/2368/0740/files/2-min_a14a13fc-8634-4bd9-82d0-54a8ba813f8b.png?v=1761232750,g,,,,,,
rocket-print-kids-sweatshirt-jogger-set-for-boys-girls,,,,,,,,,red,,,1-2-years,,,,,'10718482,0.0,shopify,123123,deny,manual,1399.00,,true,true,,,,,'10718482,,,,,,,,,,,,,,,,,,,,,,,,,,,,,,,,,,,,,,,,,,,,,,,https://cdn.shopify.com/s/files/1/0618/2368/0740/files/4-min_88a9f8fb-8d1e-4f87-bbc8-17a690f06bcf.png?v=1761232764,g,,,,,,
rocket-print-kids-sweatshirt-jogger-set-for-boys-girls,,,,,,,,,red,,,3-4-years,,,,,'10718483,0.0,shopify,123123,deny,manual,1399.00,,true,true,,,,,'10718483,,,,,,,,,,,,,,,,,,,,,,,,,,,,,,,,,,,,,,,,,,,,,,,https://cdn.shopify.com/s/files/1/0618/2368/0740/files/4-min_88a9f8fb-8d1e-4f87-bbc8-17a690f06bcf.png?v=1761232764,g,,,,,,
rocket-print-kids-sweatshirt-jogger-set-for-boys-girls,,,,,,,,,red,,,5-6-years,,,,,'10718484,0.0,shopify,123123,deny,manual,1399.00,,true,true,,,,,'10718484,,,,,,,,,,,,,,,,,,,,,,,,,,,,,,,,,,,,,,,,,,,,,,,https://cdn.shopify.com/s/files/1/0618/2368/0740/files/4-min_88a9f8fb-8d1e-4f87-bbc8-17a690f06bcf.png?v=1761232764,g,,,,,,
rocket-print-kids-sweatshirt-jogger-set-for-boys-girls,,,,,,,,,red,,,7-8-years,,,,,'10718485,0.0,shopify,123123,deny,manual,1399.00,,true,true,,,,,'10718485,,,,,,,,,,,,,,,,,,,,,,,,,,,,,,,,,,,,,,,,,,,,,,,https://cdn.shopify.com/s/files/1/0618/2368/0740/files/4-min_88a9f8fb-8d1e-4f87-bbc8-17a690f06bcf.png?v=1761232764,g,,,,,,
rocket-print-kids-sweatshirt-jogger-set-for-boys-girls,,,,,,,,,red,,,9-10-years,,,,,'10718486,0.0,shopify,123123,deny,manual,1399.00,,true,true,,,,,'10718486,,,,,,,,,,,,,,,,,,,,,,,,,,,,,,,,,,,,,,,,,,,,,,,https://cdn.shopify.com/s/files/1/0618/2368/0740/files/4-min_88a9f8fb-8d1e-4f87-bbc8-17a690f06bcf.png?v=1761232764,g,,,,,,
rocket-print-kids-sweatshirt-jogger-set-for-boys-girls,,,,,,,,,red,,,11-12-years,,,,,'10718487,0.0,shopify,123123,deny,manual,1399.00,,true,true,,,,,'10718487,,,,,,,,,,,,,,,,,,,,,,,,,,,,,,,,,,,,,,,,,,,,,,,https://cdn.shopify.com/s/files/1/0618/2368/0740/files/4-min_88a9f8fb-8d1e-4f87-bbc8-17a690f06bcf.png?v=1761232764,g,,,,,,
rocket-print-kids-sweatshirt-jogger-set-for-boys-girls,,,,,,,,,white,,,1-2-years,,,,,'10718488,0.0,shopify,123123,deny,manual,1399.00,,true,true,,,,,'10718488,,,,,,,,,,,,,,,,,,,,,,,,,,,,,,,,,,,,,,,,,,,,,,,https://cdn.shopify.com/s/files/1/0618/2368/0740/files/3-min_560121ab-c617-4f57-90d7-aeda489ca12c.png?v=1761232780,g,,,,,,
rocket-print-kids-sweatshirt-jogger-set-for-boys-girls,,,,,,,,,white,,,3-4-years,,,,,'10718489,0.0,shopify,123123,deny,manual,1399.00,,true,true,,,,,'10718489,,,,,,,,,,,,,,,,,,,,,,,,,,,,,,,,,,,,,,,,,,,,,,,https://cdn.shopify.com/s/files/1/0618/2368/0740/files/3-min_560121ab-c617-4f57-90d7-aeda489ca12c.png?v=1761232780,g,,,,,,
rocket-print-kids-sweatshirt-jogger-set-for-boys-girls,,,,,,,,,white,,,5-6-years,,,,,'10718490,0.0,shopify,123123,deny,manual,1399.00,,true,true,,,,,'10718490,,,,,,,,,,,,,,,,,,,,,,,,,,,,,,,,,,,,,,,,,,,,,,,https://cdn.shopify.com/s/files/1/0618/2368/0740/files/3-min_560121ab-c617-4f57-90d7-aeda489ca12c.png?v=1761232780,g,,,,,,
rocket-print-kids-sweatshirt-jogger-set-for-boys-girls,,,,,,,,,white,,,7-8-years,,,,,'10718491,0.0,shopify,123123,deny,manual,1399.00,,true,true,,,,,'10718491,,,,,,,,,,,,,,,,,,,,,,,,,,,,,,,,,,,,,,,,,,,,,,,https://cdn.shopify.com/s/files/1/0618/2368/0740/files/3-min_560121ab-c617-4f57-90d7-aeda489ca12c.png?v=1761232780,g,,,,,,
rocket-print-kids-sweatshirt-jogger-set-for-boys-girls,,,,,,,,,white,,,9-10-years,,,,,'10718492,0.0,shopify,123123,deny,manual,1399.00,,true,true,,,,,'10718492,,,,,,,,,,,,,,,,,,,,,,,,,,,,,,,,,,,,,,,,,,,,,,,https://cdn.shopify.com/s/files/1/0618/2368/0740/files/3-min_560121ab-c617-4f57-90d7-aeda489ca12c.png?v=1761232780,g,,,,,,
rocket-print-kids-sweatshirt-jogger-set-for-boys-girls,,,,,,,,,white,,,11-12-years,,,,,'10707096,0.0,shopify,123123,deny,manual,1399.00,,true,true,,,,,'10707096,,,,,,,,,,,,,,,,,,,,,,,,,,,,,,,,,,,,,,,,,,,,,,,https://cdn.shopify.com/s/files/1/0618/2368/0740/files/3-min_560121ab-c617-4f57-90d7-aeda489ca12c.png?v=1761232780,g,,,,,,
never-stop-smiling-kids-sweatshirt-jogger-set-for-boys-girls,Kids Winter Sweat Shirt Set | Never Stop Smiling Printed,"<h4 data-start=""132"" data-end=""251"">
<strong data-start=""187"" data-end=""247"">Kids Winter Sweat Shirt Set | Never Stop Smiling Printed</strong> 😊✨</h4>
<p data-start=""253"" data-end=""525"">Designed with a cheerful and uplifting message, this winter set features a fun “Never Stop Smiling” print that adds a happy and playful touch to your child’s outfit. Made from soft and warm fabric, it ensures maximum comfort while keeping your kid cozy during colder days.</p>
<p data-start=""527"" data-end=""779"">The set includes a stylish sweatshirt paired with matching trousers featuring an elastic waistband for a secure and flexible fit. Perfect for school, playtime, outings, or relaxing at home, this outfit combines comfort with a positive, feel-good style.</p>
<p data-start=""781"" data-end=""903"">Durable stitching and breathable material make it ideal for active kids who love to move freely while staying comfortable.</p>
<p data-start=""905"" data-end=""918""><strong data-start=""905"" data-end=""918"">Features:</strong></p>
<ul data-start=""919"" data-end=""1111"">
<li data-section-id=""17tiup3"" data-start=""919"" data-end=""948"">Soft &amp; warm winter fabric</li>
<li data-section-id=""d6zbmi"" data-start=""949"" data-end=""988"">Positive “Never Stop Smiling” print</li>
<li data-section-id=""63crlm"" data-start=""989"" data-end=""1027"">Comfortable elastic waist trousers</li>
<li data-section-id=""125b1da"" data-start=""1028"" data-end=""1061"">Durable &amp; breathable material</li>
<li data-section-id=""9bnese"" data-start=""1062"" data-end=""1111"">Ideal for daily wear, school &amp; winter outings</li>
</ul>",BBG FASHION CLOTHING STORE,Apparel & Accessories > Clothing > Baby & Toddler Clothing,Kids Sweatshirt & Pant,kidssweatshirtandpant,true,Color,yellow-1,product.metafields.shopify.color-pattern,Size,1 - 2 Years,,,,,'10718429,0.0,shopify,123123,deny,manual,1399.00,,true,true,,,,,'10718429,https://cdn.shopify.com/s/files/1/0618/2368/0740/files/6-min_ad9ec6d5-c2a4-4e3e-be53-33be6c27acd5.png?v=1776427913,1,Never Stop Smiling Kids Sweatshirt Jogger Set For Boys Girls - back view - kids wear Pakistan,false,,"Shop Kids Winter Sweat Shirt Set with Never Stop Smiling print. Warm, comfortable & stylish outfit for kids. Perfect for winter wear, school & daily use.",,,,,,,,,,,,,,,,,,,,,yellow-1; navy-1; yellow-black; silver; red; white,,,,,,,,,,,,,,,,,,,,https://cdn.shopify.com/s/files/1/0618/2368/0740/files/6-min_ad9ec6d5-c2a4-4e3e-be53-33be6c27acd5.png?v=1776427913,g,,,true,,,active
never-stop-smiling-kids-sweatshirt-jogger-set-for-boys-girls,,,,,,,,,yellow-1,,,3 - 4 Years,,,,,'10718430,0.0,shopify,123123,deny,manual,1399.00,,true,true,,,,,'10718430,https://cdn.shopify.com/s/files/1/0618/2368/0740/files/1-min_c636db4f-a7fa-4067-b89d-a327749a4948.png?v=1776427913,2,Never Stop Smiling Kids Sweatshirt Jogger Set For Boys Girls - front view - kids wear Pakistan,,,,,,,,,,,,,,,,,,,,,,,,,,,,,,,,,,,,,,,,,,,,https://cdn.shopify.com/s/files/1/0618/2368/0740/files/6-min_ad9ec6d5-c2a4-4e3e-be53-33be6c27acd5.png?v=1776427913,g,,,,,,
never-stop-smiling-kids-sweatshirt-jogger-set-for-boys-girls,,,,,,,,,yellow-1,,,5 - 6 Years,,,,,'10718431,0.0,shopify,123123,deny,manual,1399.00,,true,true,,,,,'10718431,https://cdn.shopify.com/s/files/1/0618/2368/0740/files/4-min_8dafcd1d-5cae-40d0-950a-bf2ad5a01bf9.png?v=1761233166,3,Never Stop Smiling Kids Sweatshirt Jogger Set For Boys Girls - side view - kids wear Pakistan,,,,,,,,,,,,,,,,,,,,,,,,,,,,,,,,,,,,,,,,,,,,https://cdn.shopify.com/s/files/1/0618/2368/0740/files/6-min_ad9ec6d5-c2a4-4e3e-be53-33be6c27acd5.png?v=1776427913,g,,,,,,
never-stop-smiling-kids-sweatshirt-jogger-set-for-boys-girls,,,,,,,,,yellow-1,,,7 - 8 Years,,,,,'10718432,0.0,shopify,123123,deny,manual,1399.00,,true,true,,,,,'10718432,https://cdn.shopify.com/s/files/1/0618/2368/0740/files/2-min_43cf7408-92bc-4ac9-b564-d4adb6ef5953.png?v=1761233166,4,Never Stop Smiling Kids Sweatshirt Jogger Set For Boys Girls - detail shot - kids wear Pakistan,,,,,,,,,,,,,,,,,,,,,,,,,,,,,,,,,,,,,,,,,,,,https://cdn.shopify.com/s/files/1/0618/2368/0740/files/6-min_ad9ec6d5-c2a4-4e3e-be53-33be6c27acd5.png?v=1776427913,g,,,,,,
never-stop-smiling-kids-sweatshirt-jogger-set-for-boys-girls,,,,,,,,,yellow-1,,,9 - 10 Years,,,,,'10718433,0.0,shopify,123123,deny,manual,1399.00,,true,true,,,,,'10718433,https://cdn.shopify.com/s/files/1/0618/2368/0740/files/3-min_72850177-fd89-4044-9d00-63de7e94fd63.png?v=1761233166,5,Never Stop Smiling Kids Sweatshirt Jogger Set For Boys Girls - front view - kids wear Pakistan,,,,,,,,,,,,,,,,,,,,,,,,,,,,,,,,,,,,,,,,,,,,https://cdn.shopify.com/s/files/1/0618/2368/0740/files/6-min_ad9ec6d5-c2a4-4e3e-be53-33be6c27acd5.png?v=1776427913,g,,,,,,
never-stop-smiling-kids-sweatshirt-jogger-set-for-boys-girls,,,,,,,,,yellow-1,,,11 - 12 Years,,,,,'10718434,0.0,shopify,123123,deny,manual,1399.00,,true,true,,,,,'10718434,https://cdn.shopify.com/s/files/1/0618/2368/0740/files/5-min_44a0a97a-348f-4b99-a949-ec56dc7c309c.png?v=1761233166,6,Never Stop Smiling Kids Sweatshirt Jogger Set For Boys Girls - back view - kids wear Pakistan,,,,,,,,,,,,,,,,,,,,,,,,,,,,,,,,,,,,,,,,,,,,https://cdn.shopify.com/s/files/1/0618/2368/0740/files/6-min_ad9ec6d5-c2a4-4e3e-be53-33be6c27acd5.png?v=1776427913,g,,,,,,
never-stop-smiling-kids-sweatshirt-jogger-set-for-boys-girls,,,,,,,,,navy-1,,,1 - 2 Years,,,,,'10718423,0.0,shopify,123123,deny,manual,1399.00,,true,true,,,,,'10718423,https://cdn.shopify.com/s/files/1/0618/2368/0740/files/tshirt.webp?v=1762182764,7,Rocket Print Kids Sweatshirt Jogger Set For Boys Girls - side view - kids wear Pakistan,,,,,,,,,,,,,,,,,,,,,,,,,,,,,,,,,,,,,,,,,,,,https://cdn.shopify.com/s/files/1/0618/2368/0740/files/1-min_c636db4f-a7fa-4067-b89d-a327749a4948.png?v=1776427913,g,,,,,,
never-stop-smiling-kids-sweatshirt-jogger-set-for-boys-girls,,,,,,,,,navy-1,,,3 - 4 Years,,,,,'10718424,0.0,shopify,123123,deny,manual,1399.00,,true,true,,,,,'10718424,,,,,,,,,,,,,,,,,,,,,,,,,,,,,,,,,,,,,,,,,,,,,,,https://cdn.shopify.com/s/files/1/0618/2368/0740/files/1-min_c636db4f-a7fa-4067-b89d-a327749a4948.png?v=1776427913,g,,,,,,
never-stop-smiling-kids-sweatshirt-jogger-set-for-boys-girls,,,,,,,,,navy-1,,,5 - 6 Years,,,,,'10718425,0.0,shopify,123123,deny,manual,1399.00,,true,true,,,,,'10718425,,,,,,,,,,,,,,,,,,,,,,,,,,,,,,,,,,,,,,,,,,,,,,,https://cdn.shopify.com/s/files/1/0618/2368/0740/files/1-min_c636db4f-a7fa-4067-b89d-a327749a4948.png?v=1776427913,g,,,,,,
never-stop-smiling-kids-sweatshirt-jogger-set-for-boys-girls,,,,,,,,,navy-1,,,7 - 8 Years,,,,,'10718426,0.0,shopify,123123,deny,manual,1399.00,,true,true,,,,,'10718426,,,,,,,,,,,,,,,,,,,,,,,,,,,,,,,,,,,,,,,,,,,,,,,https://cdn.shopify.com/s/files/1/0618/2368/0740/files/1-min_c636db4f-a7fa-4067-b89d-a327749a4948.png?v=1776427913,g,,,,,,
never-stop-smiling-kids-sweatshirt-jogger-set-for-boys-girls,,,,,,,,,navy-1,,,9 - 10 Years,,,,,'10718427,0.0,shopify,123123,deny,manual,1399.00,,true,true,,,,,'10718427,,,,,,,,,,,,,,,,,,,,,,,,,,,,,,,,,,,,,,,,,,,,,,,https://cdn.shopify.com/s/files/1/0618/2368/0740/files/1-min_c636db4f-a7fa-4067-b89d-a327749a4948.png?v=1776427913,g,,,,,,
never-stop-smiling-kids-sweatshirt-jogger-set-for-boys-girls,,,,,,,,,navy-1,,,11 - 12 Years,,,,,'10718428,0.0,shopify,123123,deny,manual,1399.00,,true,true,,,,,'10718428,,,,,,,,,,,,,,,,,,,,,,,,,,,,,,,,,,,,,,,,,,,,,,,https://cdn.shopify.com/s/files/1/0618/2368/0740/files/1-min_c636db4f-a7fa-4067-b89d-a327749a4948.png?v=1776427913,g,,,,,,
never-stop-smiling-kids-sweatshirt-jogger-set-for-boys-girls,,,,,,,,,yellow-black,,,1 - 2 Years,,,,,'10718435,0.0,shopify,123123,deny,manual,1399.00,,true,true,,,,,'10718435,,,,,,,,,,,,,,,,,,,,,,,,,,,,,,,,,,,,,,,,,,,,,,,https://cdn.shopify.com/s/files/1/0618/2368/0740/files/4-min_8dafcd1d-5cae-40d0-950a-bf2ad5a01bf9.png?v=1761233166,g,,,,,,
never-stop-smiling-kids-sweatshirt-jogger-set-for-boys-girls,,,,,,,,,yellow-black,,,3 - 4 Years,,,,,'10718436,0.0,shopify,123123,deny,manual,1399.00,,true,true,,,,,'10718436,,,,,,,,,,,,,,,,,,,,,,,,,,,,,,,,,,,,,,,,,,,,,,,https://cdn.shopify.com/s/files/1/0618/2368/0740/files/4-min_8dafcd1d-5cae-40d0-950a-bf2ad5a01bf9.png?v=1761233166,g,,,,,,
never-stop-smiling-kids-sweatshirt-jogger-set-for-boys-girls,,,,,,,,,yellow-black,,,5 - 6 Years,,,,,'10718437,0.0,shopify,123123,deny,manual,1399.00,,true,true,,,,,'10718437,,,,,,,,,,,,,,,,,,,,,,,,,,,,,,,,,,,,,,,,,,,,,,,https://cdn.shopify.com/s/files/1/0618/2368/0740/files/4-min_8dafcd1d-5cae-40d0-950a-bf2ad5a01bf9.png?v=1761233166,g,,,,,,
never-stop-smiling-kids-sweatshirt-jogger-set-for-boys-girls,,,,,,,,,yellow-black,,,7 - 8 Years,,,,,'10718438,0.0,shopify,123123,deny,manual,1399.00,,true,true,,,,,'10718438,,,,,,,,,,,,,,,,,,,,,,,,,,,,,,,,,,,,,,,,,,,,,,,https://cdn.shopify.com/s/files/1/0618/2368/0740/files/4-min_8dafcd1d-5cae-40d0-950a-bf2ad5a01bf9.png?v=1761233166,g,,,,,,
never-stop-smiling-kids-sweatshirt-jogger-set-for-boys-girls,,,,,,,,,yellow-black,,,9 - 10 Years,,,,,'10718439,0.0,shopify,123123,deny,manual,1399.00,,true,true,,,,,'10718439,,,,,,,,,,,,,,,,,,,,,,,,,,,,,,,,,,,,,,,,,,,,,,,https://cdn.shopify.com/s/files/1/0618/2368/0740/files/4-min_8dafcd1d-5cae-40d0-950a-bf2ad5a01bf9.png?v=1761233166,g,,,,,,
never-stop-smiling-kids-sweatshirt-jogger-set-for-boys-girls,,,,,,,,,yellow-black,,,11 - 12 Years,,,,,'10718440,0.0,shopify,123123,deny,manual,1399.00,,true,true,,,,,'10718440,,,,,,,,,,,,,,,,,,,,,,,,,,,,,,,,,,,,,,,,,,,,,,,https://cdn.shopify.com/s/files/1/0618/2368/0740/files/4-min_8dafcd1d-5cae-40d0-950a-bf2ad5a01bf9.png?v=1761233166,g,,,,,,
never-stop-smiling-kids-sweatshirt-jogger-set-for-boys-girls,,,,,,,,,silver,,,1 - 2 Years,,,,,'10718441,0.0,shopify,123123,deny,manual,1399.00,,true,true,,,,,'10718441,,,,,,,,,,,,,,,,,,,,,,,,,,,,,,,,,,,,,,,,,,,,,,,https://cdn.shopify.com/s/files/1/0618/2368/0740/files/2-min_43cf7408-92bc-4ac9-b564-d4adb6ef5953.png?v=1761233166,g,,,,,,
never-stop-smiling-kids-sweatshirt-jogger-set-for-boys-girls,,,,,,,,,silver,,,3 - 4 Years,,,,,'10718442,0.0,shopify,123123,deny,manual,1399.00,,true,true,,,,,'10718442,,,,,,,,,,,,,,,,,,,,,,,,,,,,,,,,,,,,,,,,,,,,,,,https://cdn.shopify.com/s/files/1/0618/2368/0740/files/2-min_43cf7408-92bc-4ac9-b564-d4adb6ef5953.png?v=1761233166,g,,,,,,
never-stop-smiling-kids-sweatshirt-jogger-set-for-boys-girls,,,,,,,,,silver,,,5 - 6 Years,,,,,'10718443,0.0,shopify,123123,deny,manual,1399.00,,true,true,,,,,'10718443,,,,,,,,,,,,,,,,,,,,,,,,,,,,,,,,,,,,,,,,,,,,,,,https://cdn.shopify.com/s/files/1/0618/2368/0740/files/2-min_43cf7408-92bc-4ac9-b564-d4adb6ef5953.png?v=1761233166,g,,,,,,
never-stop-smiling-kids-sweatshirt-jogger-set-for-boys-girls,,,,,,,,,silver,,,7 - 8 Years,,,,,'10718444,0.0,shopify,123123,deny,manual,1399.00,,true,true,,,,,'10718444,,,,,,,,,,,,,,,,,,,,,,,,,,,,,,,,,,,,,,,,,,,,,,,https://cdn.shopify.com/s/files/1/0618/2368/0740/files/2-min_43cf7408-92bc-4ac9-b564-d4adb6ef5953.png?v=1761233166,g,,,,,,
never-stop-smiling-kids-sweatshirt-jogger-set-for-boys-girls,,,,,,,,,silver,,,9 - 10 Years,,,,,'10718445,0.0,shopify,123123,deny,manual,1399.00,,true,true,,,,,'10718445,,,,,,,,,,,,,,,,,,,,,,,,,,,,,,,,,,,,,,,,,,,,,,,https://cdn.shopify.com/s/files/1/0618/2368/0740/files/2-min_43cf7408-92bc-4ac9-b564-d4adb6ef5953.png?v=1761233166,g,,,,,,
never-stop-smiling-kids-sweatshirt-jogger-set-for-boys-girls,,,,,,,,,silver,,,11 - 12 Years,,,,,'10718446,0.0,shopify,123123,deny,manual,1399.00,,true,true,,,,,'10718446,,,,,,,,,,,,,,,,,,,,,,,,,,,,,,,,,,,,,,,,,,,,,,,https://cdn.shopify.com/s/files/1/0618/2368/0740/files/2-min_43cf7408-92bc-4ac9-b564-d4adb6ef5953.png?v=1761233166,g,,,,,,
never-stop-smiling-kids-sweatshirt-jogger-set-for-boys-girls,,,,,,,,,red,,,1 - 2 Years,,,,,'10718447,0.0,shopify,123123,deny,manual,1399.00,,true,true,,,,,'10718447,,,,,,,,,,,,,,,,,,,,,,,,,,,,,,,,,,,,,,,,,,,,,,,https://cdn.shopify.com/s/files/1/0618/2368/0740/files/3-min_72850177-fd89-4044-9d00-63de7e94fd63.png?v=1761233166,g,,,,,,
never-stop-smiling-kids-sweatshirt-jogger-set-for-boys-girls,,,,,,,,,red,,,3 - 4 Years,,,,,'10718448,0.0,shopify,123123,deny,manual,1399.00,,true,true,,,,,'10718448,,,,,,,,,,,,,,,,,,,,,,,,,,,,,,,,,,,,,,,,,,,,,,,https://cdn.shopify.com/s/files/1/0618/2368/0740/files/3-min_72850177-fd89-4044-9d00-63de7e94fd63.png?v=1761233166,g,,,,,,
never-stop-smiling-kids-sweatshirt-jogger-set-for-boys-girls,,,,,,,,,red,,,5 - 6 Years,,,,,'10718449,0.0,shopify,123123,deny,manual,1399.00,,true,true,,,,,'10718449,,,,,,,,,,,,,,,,,,,,,,,,,,,,,,,,,,,,,,,,,,,,,,,https://cdn.shopify.com/s/files/1/0618/2368/0740/files/3-min_72850177-fd89-4044-9d00-63de7e94fd63.png?v=1761233166,g,,,,,,
never-stop-smiling-kids-sweatshirt-jogger-set-for-boys-girls,,,,,,,,,red,,,7 - 8 Years,,,,,'10718450,0.0,shopify,123123,deny,manual,1399.00,,true,true,,,,,'10718450,,,,,,,,,,,,,,,,,,,,,,,,,,,,,,,,,,,,,,,,,,,,,,,https://cdn.shopify.com/s/files/1/0618/2368/0740/files/3-min_72850177-fd89-4044-9d00-63de7e94fd63.png?v=1761233166,g,,,,,,
never-stop-smiling-kids-sweatshirt-jogger-set-for-boys-girls,,,,,,,,,red,,,9 - 10 Years,,,,,'10718451,0.0,shopify,123123,deny,manual,1399.00,,true,true,,,,,'10718451,,,,,,,,,,,,,,,,,,,,,,,,,,,,,,,,,,,,,,,,,,,,,,,https://cdn.shopify.com/s/files/1/0618/2368/0740/files/3-min_72850177-fd89-4044-9d00-63de7e94fd63.png?v=1761233166,g,,,,,,
never-stop-smiling-kids-sweatshirt-jogger-set-for-boys-girls,,,,,,,,,red,,,11 - 12 Years,,,,,'10718452,0.0,shopify,123123,deny,manual,1399.00,,true,true,,,,,'10718452,,,,,,,,,,,,,,,,,,,,,,,,,,,,,,,,,,,,,,,,,,,,,,,https://cdn.shopify.com/s/files/1/0618/2368/0740/files/3-min_72850177-fd89-4044-9d00-63de7e94fd63.png?v=1761233166,g,,,,,,
never-stop-smiling-kids-sweatshirt-jogger-set-for-boys-girls,,,,,,,,,white,,,1 - 2 Years,,,,,'10718453,0.0,shopify,123123,deny,manual,1399.00,,true,true,,,,,'10718453,,,,,,,,,,,,,,,,,,,,,,,,,,,,,,,,,,,,,,,,,,,,,,,https://cdn.shopify.com/s/files/1/0618/2368/0740/files/5-min_44a0a97a-348f-4b99-a949-ec56dc7c309c.png?v=1761233166,g,,,,,,
never-stop-smiling-kids-sweatshirt-jogger-set-for-boys-girls,,,,,,,,,white,,,3 - 4 Years,,,,,'10718454,0.0,shopify,123123,deny,manual,1399.00,,true,true,,,,,'10718454,,,,,,,,,,,,,,,,,,,,,,,,,,,,,,,,,,,,,,,,,,,,,,,https://cdn.shopify.com/s/files/1/0618/2368/0740/files/5-min_44a0a97a-348f-4b99-a949-ec56dc7c309c.png?v=1761233166,g,,,,,,
never-stop-smiling-kids-sweatshirt-jogger-set-for-boys-girls,,,,,,,,,white,,,5 - 6 Years,,,,,'10718455,0.0,shopify,123123,deny,manual,1399.00,,true,true,,,,,'10718455,,,,,,,,,,,,,,,,,,,,,,,,,,,,,,,,,,,,,,,,,,,,,,,https://cdn.shopify.com/s/files/1/0618/2368/0740/files/5-min_44a0a97a-348f-4b99-a949-ec56dc7c309c.png?v=1761233166,g,,,,,,
never-stop-smiling-kids-sweatshirt-jogger-set-for-boys-girls,,,,,,,,,white,,,7 - 8 Years,,,,,'10718456,0.0,shopify,123123,deny,manual,1399.00,,true,true,,,,,'10718456,,,,,,,,,,,,,,,,,,,,,,,,,,,,,,,,,,,,,,,,,,,,,,,https://cdn.shopify.com/s/files/1/0618/2368/0740/files/5-min_44a0a97a-348f-4b99-a949-ec56dc7c309c.png?v=1761233166,g,,,,,,
never-stop-smiling-kids-sweatshirt-jogger-set-for-boys-girls,,,,,,,,,white,,,9 - 10 Years,,,,,'10718457,0.0,shopify,123123,deny,manual,1399.00,,true,true,,,,,'10718457,,,,,,,,,,,,,,,,,,,,,,,,,,,,,,,,,,,,,,,,,,,,,,,https://cdn.shopify.com/s/files/1/0618/2368/0740/files/5-min_44a0a97a-348f-4b99-a949-ec56dc7c309c.png?v=1761233166,g,,,,,,
never-stop-smiling-kids-sweatshirt-jogger-set-for-boys-girls,,,,,,,,,white,,,11 - 12 Years,,,,,'10707095,0.0,shopify,123123,deny,manual,1399.00,,true,true,,,,,'10707095,,,,,,,,,,,,,,,,,,,,,,,,,,,,,,,,,,,,,,,,,,,,,,,https://cdn.shopify.com/s/files/1/0618/2368/0740/files/5-min_44a0a97a-348f-4b99-a949-ec56dc7c309c.png?v=1761233166,g,,,,,,
nasa-kids-sweatshirt-jogger-set-winter-fleece-tracksuit-for-boys-girls,Kids Winter Sweat Shirt Set | Nasa Printed,"<h4 data-start=""125"" data-end=""229"">
<strong data-start=""178"" data-end=""224"">Kids Winter Sweat Shirt Set | NASA Printed</strong> 🚀🌌</h4>
<p data-start=""231"" data-end=""462"">This trendy winter set features a bold NASA-inspired print that brings a cool, futuristic vibe to your child’s outfit. Made from soft and warm fabric, it keeps your little one cozy during chilly days while ensuring all-day comfort.</p>
<p data-start=""464"" data-end=""708"">The set includes a comfortable sweatshirt paired with matching trousers featuring an elastic waistband for a secure and flexible fit. Perfect for school, playtime, or casual outings, this outfit combines warmth with a stylish space-themed look.</p>
<p data-start=""710"" data-end=""830"">Durable stitching and breathable material make it ideal for active kids who love to explore, play, and stay comfortable.</p>
<p data-start=""832"" data-end=""845""><strong data-start=""832"" data-end=""845"">Features:</strong></p>
<ul data-start=""846"" data-end=""1034"">
<li data-section-id=""17tiup3"" data-start=""846"" data-end=""875"">Soft &amp; warm winter fabric</li>
<li data-section-id=""b5asnr"" data-start=""876"" data-end=""907"">Stylish NASA-inspired print</li>
<li data-section-id=""63crlm"" data-start=""908"" data-end=""946"">Comfortable elastic waist trousers</li>
<li data-section-id=""125b1da"" data-start=""947"" data-end=""980"">Durable &amp; breathable material</li>
<li data-section-id=""1mgbci5"" data-start=""981"" data-end=""1034"">Perfect for daily wear, playtime &amp; winter outings</li>
</ul>",BBG FASHION CLOTHING STORE,Apparel & Accessories > Clothing > Baby & Toddler Clothing,Kids Sweatshirt & Pant,kidssweatshirtandpant,true,Color,yellow-1,product.metafields.shopify.color-pattern,Size,1-2-years,product.metafields.shopify.size,,,,'10718400,0.5,shopify,123123,deny,manual,1399.00,,true,true,,,,,'10718400,https://cdn.shopify.com/s/files/1/0618/2368/0740/files/5-min_24224370-7751-47f1-89b8-a7b92d4f847e.png?v=1776424995,1,Nasa Kids Sweatshirt Jogger Set Winter Fleece Tracksuit For Boys Girls - side view - kids wear Pakistan,false,,"Shop Kids Winter Sweat Shirt Set with NASA print. Warm, comfortable & stylish outfit for kids. Perfect for winter wear, school & casual use.",182,,kids,,,,,,,,,,,,,kids,,,,stretchable,yellow-1; red; yellow-black; navy-1; silver; white,,,fleece; soft-cotton-jersey,,,,,,,1-2-years; 3-4-years; 5-6-years; 7-8-years; 9-10-years; 11-12-years,,,unisex,,,,,,,https://cdn.shopify.com/s/files/1/0618/2368/0740/files/5-min_24224370-7751-47f1-89b8-a7b92d4f847e.png?v=1776424995,g,,,true,,,active
nasa-kids-sweatshirt-jogger-set-winter-fleece-tracksuit-for-boys-girls,,,,,,,,,yellow-1,,,3-4-years,,,,,'10718401,0.5,shopify,123123,deny,manual,1399.00,,true,true,,,,,'10718401,https://cdn.shopify.com/s/files/1/0618/2368/0740/files/4-min_9938f45a-af4d-49d0-bfd4-7058456d7575.png?v=1776424995,2,Nasa Kids Sweatshirt Jogger Set Winter Fleece Tracksuit For Boys Girls - front view - kids wear Pakistan,,,,,,,,,,,,,,,,,,,,,,,,,,,,,,,,,,,,,,,,,,,,https://cdn.shopify.com/s/files/1/0618/2368/0740/files/5-min_24224370-7751-47f1-89b8-a7b92d4f847e.png?v=1776424995,g,,,,,,
nasa-kids-sweatshirt-jogger-set-winter-fleece-tracksuit-for-boys-girls,,,,,,,,,yellow-1,,,5-6-years,,,,,'10718402,0.5,shopify,123123,deny,manual,1399.00,,true,true,,,,,'10718402,https://cdn.shopify.com/s/files/1/0618/2368/0740/files/3-min_b2a9b510-6d75-42ea-9edc-a5fc7ca18cbe.png?v=1776424995,3,Nasa Kids Sweatshirt Jogger Set Winter Fleece Tracksuit For Boys Girls - back view - kids wear Pakistan,,,,,,,,,,,,,,,,,,,,,,,,,,,,,,,,,,,,,,,,,,,,https://cdn.shopify.com/s/files/1/0618/2368/0740/files/5-min_24224370-7751-47f1-89b8-a7b92d4f847e.png?v=1776424995,g,,,,,,
nasa-kids-sweatshirt-jogger-set-winter-fleece-tracksuit-for-boys-girls,,,,,,,,,yellow-1,,,7-8-years,,,,,'10718403,0.5,shopify,123123,deny,manual,1399.00,,true,true,,,,,'10718403,https://cdn.shopify.com/s/files/1/0618/2368/0740/files/1-min_b49268bb-dbe3-43bb-a2ac-32db3e1d002d.png?v=1761233804,4,Nasa Kids Sweatshirt Jogger Set Winter Fleece Tracksuit For Boys Girls - detail shot - kids wear Pakistan,,,,,,,,,,,,,,,,,,,,,,,,,,,,,,,,,,,,,,,,,,,,https://cdn.shopify.com/s/files/1/0618/2368/0740/files/5-min_24224370-7751-47f1-89b8-a7b92d4f847e.png?v=1776424995,g,,,,,,
nasa-kids-sweatshirt-jogger-set-winter-fleece-tracksuit-for-boys-girls,,,,,,,,,yellow-1,,,9-10-years,,,,,'10718404,0.5,shopify,123123,deny,manual,1399.00,,true,true,,,,,'10718404,https://cdn.shopify.com/s/files/1/0618/2368/0740/files/2-min_e4561c9d-a201-48b9-b320-558c2fbeca91.png?v=1761233804,5,Nasa Kids Sweatshirt Jogger Set Winter Fleece Tracksuit For Boys Girls - front view - kids wear Pakistan,,,,,,,,,,,,,,,,,,,,,,,,,,,,,,,,,,,,,,,,,,,,https://cdn.shopify.com/s/files/1/0618/2368/0740/files/5-min_24224370-7751-47f1-89b8-a7b92d4f847e.png?v=1776424995,g,,,,,,
nasa-kids-sweatshirt-jogger-set-winter-fleece-tracksuit-for-boys-girls,,,,,,,,,yellow-1,,,11-12-years,,,,,'10718405,0.5,shopify,123123,deny,manual,1399.00,,true,true,,,,,'10718405,https://cdn.shopify.com/s/files/1/0618/2368/0740/files/6-min_ea336089-6fdf-4d2b-bef5-8dce03dea5dc.png?v=1761233804,6,Nasa Kids Sweatshirt Jogger Set Winter Fleece Tracksuit For Boys Girls - back view - kids wear Pakistan,,,,,,,,,,,,,,,,,,,,,,,,,,,,,,,,,,,,,,,,,,,,https://cdn.shopify.com/s/files/1/0618/2368/0740/files/5-min_24224370-7751-47f1-89b8-a7b92d4f847e.png?v=1776424995,g,,,,,,
nasa-kids-sweatshirt-jogger-set-winter-fleece-tracksuit-for-boys-girls,,,,,,,,,red,,,1-2-years,,,,,'10718388,0.5,shopify,123123,deny,manual,1399.00,,true,true,,,,,'10718388,https://cdn.shopify.com/s/files/1/0618/2368/0740/files/tshirt.webp?v=1762182764,7,Rocket Print Kids Sweatshirt Jogger Set For Boys Girls - side view - kids wear Pakistan,,,,,,,,,,,,,,,,,,,,,,,,,,,,,,,,,,,,,,,,,,,,https://cdn.shopify.com/s/files/1/0618/2368/0740/files/4-min_9938f45a-af4d-49d0-bfd4-7058456d7575.png?v=1776424995,g,,,,,,
nasa-kids-sweatshirt-jogger-set-winter-fleece-tracksuit-for-boys-girls,,,,,,,,,red,,,3-4-years,,,,,'10718389,0.5,shopify,123123,deny,manual,1399.00,,true,true,,,,,'10718389,,,,,,,,,,,,,,,,,,,,,,,,,,,,,,,,,,,,,,,,,,,,,,,https://cdn.shopify.com/s/files/1/0618/2368/0740/files/4-min_9938f45a-af4d-49d0-bfd4-7058456d7575.png?v=1776424995,g,,,,,,
nasa-kids-sweatshirt-jogger-set-winter-fleece-tracksuit-for-boys-girls,,,,,,,,,red,,,5-6-years,,,,,'10718390,0.5,shopify,123123,deny,manual,1399.00,,true,true,,,,,'10718390,,,,,,,,,,,,,,,,,,,,,,,,,,,,,,,,,,,,,,,,,,,,,,,https://cdn.shopify.com/s/files/1/0618/2368/0740/files/4-min_9938f45a-af4d-49d0-bfd4-7058456d7575.png?v=1776424995,g,,,,,,
nasa-kids-sweatshirt-jogger-set-winter-fleece-tracksuit-for-boys-girls,,,,,,,,,red,,,7-8-years,,,,,'10718391,0.5,shopify,123123,deny,manual,1399.00,,true,true,,,,,'10718391,,,,,,,,,,,,,,,,,,,,,,,,,,,,,,,,,,,,,,,,,,,,,,,https://cdn.shopify.com/s/files/1/0618/2368/0740/files/4-min_9938f45a-af4d-49d0-bfd4-7058456d7575.png?v=1776424995,g,,,,,,
nasa-kids-sweatshirt-jogger-set-winter-fleece-tracksuit-for-boys-girls,,,,,,,,,red,,,9-10-years,,,,,'10718392,0.5,shopify,123123,deny,manual,1399.00,,true,true,,,,,'10718392,,,,,,,,,,,,,,,,,,,,,,,,,,,,,,,,,,,,,,,,,,,,,,,https://cdn.shopify.com/s/files/1/0618/2368/0740/files/4-min_9938f45a-af4d-49d0-bfd4-7058456d7575.png?v=1776424995,g,,,,,,
nasa-kids-sweatshirt-jogger-set-winter-fleece-tracksuit-for-boys-girls,,,,,,,,,red,,,11-12-years,,,,,'10718393,0.5,shopify,123123,deny,manual,1399.00,,true,true,,,,,'10718393,,,,,,,,,,,,,,,,,,,,,,,,,,,,,,,,,,,,,,,,,,,,,,,https://cdn.shopify.com/s/files/1/0618/2368/0740/files/4-min_9938f45a-af4d-49d0-bfd4-7058456d7575.png?v=1776424995,g,,,,,,
nasa-kids-sweatshirt-jogger-set-winter-fleece-tracksuit-for-boys-girls,,,,,,,,,yellow-black,,,1-2-years,,,,,'10718394,0.5,shopify,123123,deny,manual,1399.00,,true,true,,,,,'10718394,,,,,,,,,,,,,,,,,,,,,,,,,,,,,,,,,,,,,,,,,,,,,,,https://cdn.shopify.com/s/files/1/0618/2368/0740/files/3-min_b2a9b510-6d75-42ea-9edc-a5fc7ca18cbe.png?v=1776424995,g,,,,,,
nasa-kids-sweatshirt-jogger-set-winter-fleece-tracksuit-for-boys-girls,,,,,,,,,yellow-black,,,3-4-years,,,,,'10718395,0.5,shopify,123123,deny,manual,1399.00,,true,true,,,,,'10718395,,,,,,,,,,,,,,,,,,,,,,,,,,,,,,,,,,,,,,,,,,,,,,,https://cdn.shopify.com/s/files/1/0618/2368/0740/files/3-min_b2a9b510-6d75-42ea-9edc-a5fc7ca18cbe.png?v=1776424995,g,,,,,,
nasa-kids-sweatshirt-jogger-set-winter-fleece-tracksuit-for-boys-girls,,,,,,,,,yellow-black,,,5-6-years,,,,,'10718396,0.5,shopify,123123,deny,manual,1399.00,,true,true,,,,,'10718396,,,,,,,,,,,,,,,,,,,,,,,,,,,,,,,,,,,,,,,,,,,,,,,https://cdn.shopify.com/s/files/1/0618/2368/0740/files/3-min_b2a9b510-6d75-42ea-9edc-a5fc7ca18cbe.png?v=1776424995,g,,,,,,
nasa-kids-sweatshirt-jogger-set-winter-fleece-tracksuit-for-boys-girls,,,,,,,,,yellow-black,,,7-8-years,,,,,'10718397,0.5,shopify,123123,deny,manual,1399.00,,true,true,,,,,'10718397,,,,,,,,,,,,,,,,,,,,,,,,,,,,,,,,,,,,,,,,,,,,,,,https://cdn.shopify.com/s/files/1/0618/2368/0740/files/3-min_b2a9b510-6d75-42ea-9edc-a5fc7ca18cbe.png?v=1776424995,g,,,,,,
nasa-kids-sweatshirt-jogger-set-winter-fleece-tracksuit-for-boys-girls,,,,,,,,,yellow-black,,,9-10-years,,,,,'10718398,0.5,shopify,123123,deny,manual,1399.00,,true,true,,,,,'10718398,,,,,,,,,,,,,,,,,,,,,,,,,,,,,,,,,,,,,,,,,,,,,,,https://cdn.shopify.com/s/files/1/0618/2368/0740/files/3-min_b2a9b510-6d75-42ea-9edc-a5fc7ca18cbe.png?v=1776424995,g,,,,,,
nasa-kids-sweatshirt-jogger-set-winter-fleece-tracksuit-for-boys-girls,,,,,,,,,yellow-black,,,11-12-years,,,,,'10718399,0.5,shopify,123123,deny,manual,1399.00,,true,true,,,,,'10718399,,,,,,,,,,,,,,,,,,,,,,,,,,,,,,,,,,,,,,,,,,,,,,,https://cdn.shopify.com/s/files/1/0618/2368/0740/files/3-min_b2a9b510-6d75-42ea-9edc-a5fc7ca18cbe.png?v=1776424995,g,,,,,,
nasa-kids-sweatshirt-jogger-set-winter-fleece-tracksuit-for-boys-girls,,,,,,,,,navy-1,,,1-2-years,,,,,'10718406,0.5,shopify,123123,deny,manual,1399.00,,true,true,,,,,'10718406,,,,,,,,,,,,,,,,,,,,,,,,,,,,,,,,,,,,,,,,,,,,,,,https://cdn.shopify.com/s/files/1/0618/2368/0740/files/1-min_b49268bb-dbe3-43bb-a2ac-32db3e1d002d.png?v=1761233804,g,,,,,,
nasa-kids-sweatshirt-jogger-set-winter-fleece-tracksuit-for-boys-girls,,,,,,,,,navy-1,,,3-4-years,,,,,'10718407,0.5,shopify,123123,deny,manual,1399.00,,true,true,,,,,'10718407,,,,,,,,,,,,,,,,,,,,,,,,,,,,,,,,,,,,,,,,,,,,,,,https://cdn.shopify.com/s/files/1/0618/2368/0740/files/1-min_b49268bb-dbe3-43bb-a2ac-32db3e1d002d.png?v=1761233804,g,,,,,,
nasa-kids-sweatshirt-jogger-set-winter-fleece-tracksuit-for-boys-girls,,,,,,,,,navy-1,,,5-6-years,,,,,'10718408,0.5,shopify,123123,deny,manual,1399.00,,true,true,,,,,'10718408,,,,,,,,,,,,,,,,,,,,,,,,,,,,,,,,,,,,,,,,,,,,,,,https://cdn.shopify.com/s/files/1/0618/2368/0740/files/1-min_b49268bb-dbe3-43bb-a2ac-32db3e1d002d.png?v=1761233804,g,,,,,,
nasa-kids-sweatshirt-jogger-set-winter-fleece-tracksuit-for-boys-girls,,,,,,,,,navy-1,,,7-8-years,,,,,'10718409,0.5,shopify,123123,deny,manual,1399.00,,true,true,,,,,'10718409,,,,,,,,,,,,,,,,,,,,,,,,,,,,,,,,,,,,,,,,,,,,,,,https://cdn.shopify.com/s/files/1/0618/2368/0740/files/1-min_b49268bb-dbe3-43bb-a2ac-32db3e1d002d.png?v=1761233804,g,,,,,,
nasa-kids-sweatshirt-jogger-set-winter-fleece-tracksuit-for-boys-girls,,,,,,,,,navy-1,,,9-10-years,,,,,'10718410,0.5,shopify,123123,deny,manual,1399.00,,true,true,,,,,'10718410,,,,,,,,,,,,,,,,,,,,,,,,,,,,,,,,,,,,,,,,,,,,,,,https://cdn.shopify.com/s/files/1/0618/2368/0740/files/1-min_b49268bb-dbe3-43bb-a2ac-32db3e1d002d.png?v=1761233804,g,,,,,,
nasa-kids-sweatshirt-jogger-set-winter-fleece-tracksuit-for-boys-girls,,,,,,,,,navy-1,,,11-12-years,,,,,'10718411,0.5,shopify,123123,deny,manual,1399.00,,true,true,,,,,'10718411,,,,,,,,,,,,,,,,,,,,,,,,,,,,,,,,,,,,,,,,,,,,,,,https://cdn.shopify.com/s/files/1/0618/2368/0740/files/1-min_b49268bb-dbe3-43bb-a2ac-32db3e1d002d.png?v=1761233804,g,,,,,,
nasa-kids-sweatshirt-jogger-set-winter-fleece-tracksuit-for-boys-girls,,,,,,,,,silver,,,1-2-years,,,,,'10718412,0.5,shopify,123123,deny,manual,1399.00,,true,true,,,,,'10718412,,,,,,,,,,,,,,,,,,,,,,,,,,,,,,,,,,,,,,,,,,,,,,,https://cdn.shopify.com/s/files/1/0618/2368/0740/files/2-min_e4561c9d-a201-48b9-b320-558c2fbeca91.png?v=1761233804,g,,,,,,
nasa-kids-sweatshirt-jogger-set-winter-fleece-tracksuit-for-boys-girls,,,,,,,,,silver,,,3-4-years,,,,,'10718413,0.5,shopify,123123,deny,manual,1399.00,,true,true,,,,,'10718413,,,,,,,,,,,,,,,,,,,,,,,,,,,,,,,,,,,,,,,,,,,,,,,https://cdn.shopify.com/s/files/1/0618/2368/0740/files/2-min_e4561c9d-a201-48b9-b320-558c2fbeca91.png?v=1761233804,g,,,,,,
nasa-kids-sweatshirt-jogger-set-winter-fleece-tracksuit-for-boys-girls,,,,,,,,,silver,,,5-6-years,,,,,'10718414,0.5,shopify,123123,deny,manual,1399.00,,true,true,,,,,'10718414,,,,,,,,,,,,,,,,,,,,,,,,,,,,,,,,,,,,,,,,,,,,,,,https://cdn.shopify.com/s/files/1/0618/2368/0740/files/2-min_e4561c9d-a201-48b9-b320-558c2fbeca91.png?v=1761233804,g,,,,,,
nasa-kids-sweatshirt-jogger-set-winter-fleece-tracksuit-for-boys-girls,,,,,,,,,silver,,,7-8-years,,,,,'10718415,0.5,shopify,123123,deny,manual,1399.00,,true,true,,,,,'10718415,,,,,,,,,,,,,,,,,,,,,,,,,,,,,,,,,,,,,,,,,,,,,,,https://cdn.shopify.com/s/files/1/0618/2368/0740/files/2-min_e4561c9d-a201-48b9-b320-558c2fbeca91.png?v=1761233804,g,,,,,,
nasa-kids-sweatshirt-jogger-set-winter-fleece-tracksuit-for-boys-girls,,,,,,,,,silver,,,9-10-years,,,,,'10718416,0.5,shopify,123123,deny,manual,1399.00,,true,true,,,,,'10718416,,,,,,,,,,,,,,,,,,,,,,,,,,,,,,,,,,,,,,,,,,,,,,,https://cdn.shopify.com/s/files/1/0618/2368/0740/files/2-min_e4561c9d-a201-48b9-b320-558c2fbeca91.png?v=1761233804,g,,,,,,
nasa-kids-sweatshirt-jogger-set-winter-fleece-tracksuit-for-boys-girls,,,,,,,,,silver,,,11-12-years,,,,,'10718417,0.5,shopify,123123,deny,manual,1399.00,,true,true,,,,,'10718417,,,,,,,,,,,,,,,,,,,,,,,,,,,,,,,,,,,,,,,,,,,,,,,https://cdn.shopify.com/s/files/1/0618/2368/0740/files/2-min_e4561c9d-a201-48b9-b320-558c2fbeca91.png?v=1761233804,g,,,,,,
nasa-kids-sweatshirt-jogger-set-winter-fleece-tracksuit-for-boys-girls,,,,,,,,,white,,,1-2-years,,,,,'10718418,0.5,shopify,123123,deny,manual,1399.00,,true,true,,,,,'10718418,,,,,,,,,,,,,,,,,,,,,,,,,,,,,,,,,,,,,,,,,,,,,,,https://cdn.shopify.com/s/files/1/0618/2368/0740/files/6-min_ea336089-6fdf-4d2b-bef5-8dce03dea5dc.png?v=1761233804,g,,,,,,
nasa-kids-sweatshirt-jogger-set-winter-fleece-tracksuit-for-boys-girls,,,,,,,,,white,,,3-4-years,,,,,'10718419,0.5,shopify,123123,deny,manual,1399.00,,true,true,,,,,'10718419,,,,,,,,,,,,,,,,,,,,,,,,,,,,,,,,,,,,,,,,,,,,,,,https://cdn.shopify.com/s/files/1/0618/2368/0740/files/6-min_ea336089-6fdf-4d2b-bef5-8dce03dea5dc.png?v=1761233804,g,,,,,,
nasa-kids-sweatshirt-jogger-set-winter-fleece-tracksuit-for-boys-girls,,,,,,,,,white,,,5-6-years,,,,,'10718420,0.5,shopify,123123,deny,manual,1399.00,,true,true,,,,,'10718420,,,,,,,,,,,,,,,,,,,,,,,,,,,,,,,,,,,,,,,,,,,,,,,https://cdn.shopify.com/s/files/1/0618/2368/0740/files/6-min_ea336089-6fdf-4d2b-bef5-8dce03dea5dc.png?v=1761233804,g,,,,,,
nasa-kids-sweatshirt-jogger-set-winter-fleece-tracksuit-for-boys-girls,,,,,,,,,white,,,7-8-years,,,,,'10718421,0.5,shopify,123123,deny,manual,1399.00,,true,true,,,,,'10718421,,,,,,,,,,,,,,,,,,,,,,,,,,,,,,,,,,,,,,,,,,,,,,,https://cdn.shopify.com/s/files/1/0618/2368/0740/files/6-min_ea336089-6fdf-4d2b-bef5-8dce03dea5dc.png?v=1761233804,g,,,,,,
nasa-kids-sweatshirt-jogger-set-winter-fleece-tracksuit-for-boys-girls,,,,,,,,,white,,,9-10-years,,,,,'10718422,0.5,shopify,123123,deny,manual,1399.00,,true,true,,,,,'10718422,,,,,,,,,,,,,,,,,,,,,,,,,,,,,,,,,,,,,,,,,,,,,,,https://cdn.shopify.com/s/files/1/0618/2368/0740/files/6-min_ea336089-6fdf-4d2b-bef5-8dce03dea5dc.png?v=1761233804,g,,,,,,
nasa-kids-sweatshirt-jogger-set-winter-fleece-tracksuit-for-boys-girls,,,,,,,,,white,,,11-12-years,,,,,'10707094,0.5,shopify,123123,deny,manual,1399.00,,true,true,,,,,'10707094,,,,,,,,,,,,,,,,,,,,,,,,,,,,,,,,,,,,,,,,,,,,,,,https://cdn.shopify.com/s/files/1/0618/2368/0740/files/6-min_ea336089-6fdf-4d2b-bef5-8dce03dea5dc.png?v=1761233804,g,,,,,,
kids-mini-boss-mode-sweatshirt-jogger-pant-set-winter-tracksuit-for-boys-girls,Kids Winter Sweat Shirt Set | Mini Boss Printed,"<h4 data-start=""113"" data-end=""212"">
<strong data-start=""158"" data-end=""209"">Kids Winter Sweat Shirt Set | Mini Boss Printed</strong> 😎</h4>
<p data-start=""214"" data-end=""490"">Designed for both comfort and style, this winter set features a bold “Mini Boss” print that adds a fun, confident vibe to your child’s outfit. Made from soft and warm fabric, it keeps your kid cozy during chilly days while allowing easy movement for play and daily activities.</p>
<p data-start=""492"" data-end=""732"">The set includes a stylish sweatshirt paired with matching trousers featuring an elastic waistband for a comfortable fit. Whether it’s for casual outings, playtime, or lounging at home, this outfit is the perfect mix of fashion and comfort.</p>
<p data-start=""734"" data-end=""859"">Durable stitching and a relaxed fit make it ideal for active kids who love to stay comfortable without compromising on style.</p>
<p data-start=""861"" data-end=""874""><strong data-start=""861"" data-end=""874"">Features:</strong></p>
<ul data-start=""875"" data-end=""1057"">
<li data-section-id=""17tiup3"" data-start=""875"" data-end=""904"">Soft &amp; warm winter fabric</li>
<li data-section-id=""186ypl2"" data-start=""905"" data-end=""933"">Trendy “Mini Boss” print</li>
<li data-section-id=""63crlm"" data-start=""934"" data-end=""972"">Comfortable elastic waist trousers</li>
<li data-section-id=""1wtwtt7"" data-start=""973"" data-end=""1012"">Durable stitching for everyday wear</li>
<li data-section-id=""1a5ivi8"" data-start=""1013"" data-end=""1057"">Perfect for casual wear &amp; winter outings</li>
</ul>",BBG FASHION CLOTHING STORE,Apparel & Accessories > Clothing > Baby & Toddler Clothing,Kids Sweatshirt & Pant,kidssweatshirtandpant,true,Color,yellow-1,product.metafields.shopify.color-pattern,Size,1 - 2 Years,,,,,'10718359,0.5,shopify,123123,deny,manual,1399.00,,true,true,,,,,'10718359,https://cdn.shopify.com/s/files/1/0618/2368/0740/files/5-min_59835272-e9d7-48dd-95c3-173928b55257.png?v=1776415639,1,Kids Mini Boss Mode Sweatshirt Jogger Pant Set Winter Tracksuit For Boys Girls - back view - kids wear Pakistan,false,,"Shop Kids Winter Sweat Shirt Set with “Mini Boss” print. Warm, stylish & comfortable outfit for kids. Perfect for winter wear, playtime & daily use.",,,,,,,,,,,,,,,,,,,,,yellow-1; white; yellow-black; navy-1; silver; red,,,,,,,,,,,,,,,,,,,,https://cdn.shopify.com/s/files/1/0618/2368/0740/files/5-min_59835272-e9d7-48dd-95c3-173928b55257.png?v=1776415639,g,,,true,,,active
kids-mini-boss-mode-sweatshirt-jogger-pant-set-winter-tracksuit-for-boys-girls,,,,,,,,,yellow-1,,,3 - 4 Years,,,,,'10718360,0.5,shopify,123123,deny,manual,1399.00,,true,true,,,,,'10718360,https://cdn.shopify.com/s/files/1/0618/2368/0740/files/6-min_cfe546df-75f5-447f-97fb-93fb2c1f2573.png?v=1776415639,2,Kids Mini Boss Mode Sweatshirt Jogger Pant Set Winter Tracksuit For Boys Girls - front view - kids wear Pakistan,,,,,,,,,,,,,,,,,,,,,,,,,,,,,,,,,,,,,,,,,,,,https://cdn.shopify.com/s/files/1/0618/2368/0740/files/5-min_59835272-e9d7-48dd-95c3-173928b55257.png?v=1776415639,g,,,,,,
kids-mini-boss-mode-sweatshirt-jogger-pant-set-winter-tracksuit-for-boys-girls,,,,,,,,,yellow-1,,,5 - 6 Years,,,,,'10718361,0.5,shopify,123123,deny,manual,1399.00,,true,true,,,,,'10718361,https://cdn.shopify.com/s/files/1/0618/2368/0740/files/4-min_0c379806-f16c-4b80-a568-669881ae988c.png?v=1761235553,3,Kids Mini Boss Mode Sweatshirt Jogger Pant Set Winter Tracksuit For Boys Girls - side view - kids wear Pakistan,,,,,,,,,,,,,,,,,,,,,,,,,,,,,,,,,,,,,,,,,,,,https://cdn.shopify.com/s/files/1/0618/2368/0740/files/5-min_59835272-e9d7-48dd-95c3-173928b55257.png?v=1776415639,g,,,,,,
kids-mini-boss-mode-sweatshirt-jogger-pant-set-winter-tracksuit-for-boys-girls,,,,,,,,,yellow-1,,,7 - 8 Years,,,,,'10718362,0.5,shopify,123123,deny,manual,1399.00,,true,true,,,,,'10718362,https://cdn.shopify.com/s/files/1/0618/2368/0740/files/1-min_1c2aa913-6b01-4381-a89b-a7cd8ce6b889.png?v=1761235553,4,Kids Mini Boss Mode Sweatshirt Jogger Pant Set Winter Tracksuit For Boys Girls - detail shot - kids wear Pakistan,,,,,,,,,,,,,,,,,,,,,,,,,,,,,,,,,,,,,,,,,,,,https://cdn.shopify.com/s/files/1/0618/2368/0740/files/5-min_59835272-e9d7-48dd-95c3-173928b55257.png?v=1776415639,g,,,,,,
kids-mini-boss-mode-sweatshirt-jogger-pant-set-winter-tracksuit-for-boys-girls,,,,,,,,,yellow-1,,,9 - 10 Years,,,,,'10718363,0.5,shopify,123123,deny,manual,1399.00,,true,true,,,,,'10718363,https://cdn.shopify.com/s/files/1/0618/2368/0740/files/2-min_f0273e20-4aa6-47d2-82e4-476fbdaad5b9.png?v=1761235553,5,Kids Mini Boss Mode Sweatshirt Jogger Pant Set Winter Tracksuit For Boys Girls - front view - kids wear Pakistan,,,,,,,,,,,,,,,,,,,,,,,,,,,,,,,,,,,,,,,,,,,,https://cdn.shopify.com/s/files/1/0618/2368/0740/files/5-min_59835272-e9d7-48dd-95c3-173928b55257.png?v=1776415639,g,,,,,,
kids-mini-boss-mode-sweatshirt-jogger-pant-set-winter-tracksuit-for-boys-girls,,,,,,,,,yellow-1,,,11 - 12 Years,,,,,'10718364,0.5,shopify,123123,deny,manual,1399.00,,true,true,,,,,'10718364,https://cdn.shopify.com/s/files/1/0618/2368/0740/files/3-min_76c764e3-af7a-4a22-86b7-2e2fe7b9bfa4.png?v=1761235553,6,Kids Mini Boss Mode Sweatshirt Jogger Pant Set Winter Tracksuit For Boys Girls - back view - kids wear Pakistan,,,,,,,,,,,,,,,,,,,,,,,,,,,,,,,,,,,,,,,,,,,,https://cdn.shopify.com/s/files/1/0618/2368/0740/files/5-min_59835272-e9d7-48dd-95c3-173928b55257.png?v=1776415639,g,,,,,,
kids-mini-boss-mode-sweatshirt-jogger-pant-set-winter-tracksuit-for-boys-girls,,,,,,,,,white,,,1 - 2 Years,,,,,'10718353,0.5,shopify,123123,deny,manual,1399.00,,true,true,,,,,'10718353,https://cdn.shopify.com/s/files/1/0618/2368/0740/files/tshirt.webp?v=1762182764,7,Rocket Print Kids Sweatshirt Jogger Set For Boys Girls - side view - kids wear Pakistan,,,,,,,,,,,,,,,,,,,,,,,,,,,,,,,,,,,,,,,,,,,,https://cdn.shopify.com/s/files/1/0618/2368/0740/files/6-min_cfe546df-75f5-447f-97fb-93fb2c1f2573.png?v=1776415639,g,,,,,,
kids-mini-boss-mode-sweatshirt-jogger-pant-set-winter-tracksuit-for-boys-girls,,,,,,,,,white,,,3 - 4 Years,,,,,'10718354,0.5,shopify,123123,deny,manual,1399.00,,true,true,,,,,'10718354,,,,,,,,,,,,,,,,,,,,,,,,,,,,,,,,,,,,,,,,,,,,,,,https://cdn.shopify.com/s/files/1/0618/2368/0740/files/6-min_cfe546df-75f5-447f-97fb-93fb2c1f2573.png?v=1776415639,g,,,,,,
kids-mini-boss-mode-sweatshirt-jogger-pant-set-winter-tracksuit-for-boys-girls,,,,,,,,,white,,,5 - 6 Years,,,,,'10718355,0.5,shopify,123123,deny,manual,1399.00,,true,true,,,,,'10718355,,,,,,,,,,,,,,,,,,,,,,,,,,,,,,,,,,,,,,,,,,,,,,,https://cdn.shopify.com/s/files/1/0618/2368/0740/files/6-min_cfe546df-75f5-447f-97fb-93fb2c1f2573.png?v=1776415639,g,,,,,,
kids-mini-boss-mode-sweatshirt-jogger-pant-set-winter-tracksuit-for-boys-girls,,,,,,,,,white,,,7 - 8 Years,,,,,'10718356,0.5,shopify,123123,deny,manual,1399.00,,true,true,,,,,'10718356,,,,,,,,,,,,,,,,,,,,,,,,,,,,,,,,,,,,,,,,,,,,,,,https://cdn.shopify.com/s/files/1/0618/2368/0740/files/6-min_cfe546df-75f5-447f-97fb-93fb2c1f2573.png?v=1776415639,g,,,,,,
kids-mini-boss-mode-sweatshirt-jogger-pant-set-winter-tracksuit-for-boys-girls,,,,,,,,,white,,,9 - 10 Years,,,,,'10718357,0.5,shopify,123123,deny,manual,1399.00,,true,true,,,,,'10718357,,,,,,,,,,,,,,,,,,,,,,,,,,,,,,,,,,,,,,,,,,,,,,,https://cdn.shopify.com/s/files/1/0618/2368/0740/files/6-min_cfe546df-75f5-447f-97fb-93fb2c1f2573.png?v=1776415639,g,,,,,,
kids-mini-boss-mode-sweatshirt-jogger-pant-set-winter-tracksuit-for-boys-girls,,,,,,,,,white,,,11 - 12 Years,,,,,'10718358,0.5,shopify,123123,deny,manual,1399.00,,true,true,,,,,'10718358,,,,,,,,,,,,,,,,,,,,,,,,,,,,,,,,,,,,,,,,,,,,,,,https://cdn.shopify.com/s/files/1/0618/2368/0740/files/6-min_cfe546df-75f5-447f-97fb-93fb2c1f2573.png?v=1776415639,g,,,,,,
kids-mini-boss-mode-sweatshirt-jogger-pant-set-winter-tracksuit-for-boys-girls,,,,,,,,,yellow-black,,,1 - 2 Years,,,,,'10718365,0.5,shopify,123123,deny,manual,1399.00,,true,true,,,,,'10718365,,,,,,,,,,,,,,,,,,,,,,,,,,,,,,,,,,,,,,,,,,,,,,,https://cdn.shopify.com/s/files/1/0618/2368/0740/files/4-min_0c379806-f16c-4b80-a568-669881ae988c.png?v=1761235553,g,,,,,,
kids-mini-boss-mode-sweatshirt-jogger-pant-set-winter-tracksuit-for-boys-girls,,,,,,,,,yellow-black,,,3 - 4 Years,,,,,'10718366,0.5,shopify,123123,deny,manual,1399.00,,true,true,,,,,'10718366,,,,,,,,,,,,,,,,,,,,,,,,,,,,,,,,,,,,,,,,,,,,,,,https://cdn.shopify.com/s/files/1/0618/2368/0740/files/4-min_0c379806-f16c-4b80-a568-669881ae988c.png?v=1761235553,g,,,,,,
kids-mini-boss-mode-sweatshirt-jogger-pant-set-winter-tracksuit-for-boys-girls,,,,,,,,,yellow-black,,,5 - 6 Years,,,,,'10718367,0.5,shopify,123123,deny,manual,1399.00,,true,true,,,,,'10718367,,,,,,,,,,,,,,,,,,,,,,,,,,,,,,,,,,,,,,,,,,,,,,,https://cdn.shopify.com/s/files/1/0618/2368/0740/files/4-min_0c379806-f16c-4b80-a568-669881ae988c.png?v=1761235553,g,,,,,,
kids-mini-boss-mode-sweatshirt-jogger-pant-set-winter-tracksuit-for-boys-girls,,,,,,,,,yellow-black,,,7 - 8 Years,,,,,'10718368,0.5,shopify,123123,deny,manual,1399.00,,true,true,,,,,'10718368,,,,,,,,,,,,,,,,,,,,,,,,,,,,,,,,,,,,,,,,,,,,,,,https://cdn.shopify.com/s/files/1/0618/2368/0740/files/4-min_0c379806-f16c-4b80-a568-669881ae988c.png?v=1761235553,g,,,,,,
kids-mini-boss-mode-sweatshirt-jogger-pant-set-winter-tracksuit-for-boys-girls,,,,,,,,,yellow-black,,,9 - 10 Years,,,,,'10718369,0.5,shopify,123123,deny,manual,1399.00,,true,true,,,,,'10718369,,,,,,,,,,,,,,,,,,,,,,,,,,,,,,,,,,,,,,,,,,,,,,,https://cdn.shopify.com/s/files/1/0618/2368/0740/files/4-min_0c379806-f16c-4b80-a568-669881ae988c.png?v=1761235553,g,,,,,,
kids-mini-boss-mode-sweatshirt-jogger-pant-set-winter-tracksuit-for-boys-girls,,,,,,,,,yellow-black,,,11 - 12 Years,,,,,'10718370,0.5,shopify,123123,deny,manual,1399.00,,true,true,,,,,'10718370,,,,,,,,,,,,,,,,,,,,,,,,,,,,,,,,,,,,,,,,,,,,,,,https://cdn.shopify.com/s/files/1/0618/2368/0740/files/4-min_0c379806-f16c-4b80-a568-669881ae988c.png?v=1761235553,g,,,,,,
kids-mini-boss-mode-sweatshirt-jogger-pant-set-winter-tracksuit-for-boys-girls,,,,,,,,,navy-1,,,1 - 2 Years,,,,,'10718371,0.5,shopify,123123,deny,manual,1399.00,,true,true,,,,,'10718371,,,,,,,,,,,,,,,,,,,,,,,,,,,,,,,,,,,,,,,,,,,,,,,https://cdn.shopify.com/s/files/1/0618/2368/0740/files/1-min_1c2aa913-6b01-4381-a89b-a7cd8ce6b889.png?v=1761235553,g,,,,,,
kids-mini-boss-mode-sweatshirt-jogger-pant-set-winter-tracksuit-for-boys-girls,,,,,,,,,navy-1,,,3 - 4 Years,,,,,'10718372,0.5,shopify,123123,deny,manual,1399.00,,true,true,,,,,'10718372,,,,,,,,,,,,,,,,,,,,,,,,,,,,,,,,,,,,,,,,,,,,,,,https://cdn.shopify.com/s/files/1/0618/2368/0740/files/1-min_1c2aa913-6b01-4381-a89b-a7cd8ce6b889.png?v=1761235553,g,,,,,,
kids-mini-boss-mode-sweatshirt-jogger-pant-set-winter-tracksuit-for-boys-girls,,,,,,,,,navy-1,,,5 - 6 Years,,,,,'10718373,0.5,shopify,123123,deny,manual,1399.00,,true,true,,,,,'10718373,,,,,,,,,,,,,,,,,,,,,,,,,,,,,,,,,,,,,,,,,,,,,,,https://cdn.shopify.com/s/files/1/0618/2368/0740/files/1-min_1c2aa913-6b01-4381-a89b-a7cd8ce6b889.png?v=1761235553,g,,,,,,
kids-mini-boss-mode-sweatshirt-jogger-pant-set-winter-tracksuit-for-boys-girls,,,,,,,,,navy-1,,,7 - 8 Years,,,,,'10718374,0.5,shopify,123123,deny,manual,1399.00,,true,true,,,,,'10718374,,,,,,,,,,,,,,,,,,,,,,,,,,,,,,,,,,,,,,,,,,,,,,,https://cdn.shopify.com/s/files/1/0618/2368/0740/files/1-min_1c2aa913-6b01-4381-a89b-a7cd8ce6b889.png?v=1761235553,g,,,,,,
kids-mini-boss-mode-sweatshirt-jogger-pant-set-winter-tracksuit-for-boys-girls,,,,,,,,,navy-1,,,9 - 10 Years,,,,,'10718375,0.5,shopify,123123,deny,manual,1399.00,,true,true,,,,,'10718375,,,,,,,,,,,,,,,,,,,,,,,,,,,,,,,,,,,,,,,,,,,,,,,https://cdn.shopify.com/s/files/1/0618/2368/0740/files/1-min_1c2aa913-6b01-4381-a89b-a7cd8ce6b889.png?v=1761235553,g,,,,,,
kids-mini-boss-mode-sweatshirt-jogger-pant-set-winter-tracksuit-for-boys-girls,,,,,,,,,navy-1,,,11 - 12 Years,,,,,'10718376,0.5,shopify,123123,deny,manual,1399.00,,true,true,,,,,'10718376,,,,,,,,,,,,,,,,,,,,,,,,,,,,,,,,,,,,,,,,,,,,,,,https://cdn.shopify.com/s/files/1/0618/2368/0740/files/1-min_1c2aa913-6b01-4381-a89b-a7cd8ce6b889.png?v=1761235553,g,,,,,,
kids-mini-boss-mode-sweatshirt-jogger-pant-set-winter-tracksuit-for-boys-girls,,,,,,,,,silver,,,1 - 2 Years,,,,,'10718377,0.5,shopify,123123,deny,manual,1399.00,,true,true,,,,,'10718377,,,,,,,,,,,,,,,,,,,,,,,,,,,,,,,,,,,,,,,,,,,,,,,https://cdn.shopify.com/s/files/1/0618/2368/0740/files/2-min_f0273e20-4aa6-47d2-82e4-476fbdaad5b9.png?v=1761235553,g,,,,,,
kids-mini-boss-mode-sweatshirt-jogger-pant-set-winter-tracksuit-for-boys-girls,,,,,,,,,silver,,,3 - 4 Years,,,,,'10718378,0.5,shopify,123123,deny,manual,1399.00,,true,true,,,,,'10718378,,,,,,,,,,,,,,,,,,,,,,,,,,,,,,,,,,,,,,,,,,,,,,,https://cdn.shopify.com/s/files/1/0618/2368/0740/files/2-min_f0273e20-4aa6-47d2-82e4-476fbdaad5b9.png?v=1761235553,g,,,,,,
kids-mini-boss-mode-sweatshirt-jogger-pant-set-winter-tracksuit-for-boys-girls,,,,,,,,,silver,,,5 - 6 Years,,,,,'10718379,0.5,shopify,123123,deny,manual,1399.00,,true,true,,,,,'10718379,,,,,,,,,,,,,,,,,,,,,,,,,,,,,,,,,,,,,,,,,,,,,,,https://cdn.shopify.com/s/files/1/0618/2368/0740/files/2-min_f0273e20-4aa6-47d2-82e4-476fbdaad5b9.png?v=1761235553,g,,,,,,
kids-mini-boss-mode-sweatshirt-jogger-pant-set-winter-tracksuit-for-boys-girls,,,,,,,,,silver,,,7 - 8 Years,,,,,'10718380,0.5,shopify,123123,deny,manual,1399.00,,true,true,,,,,'10718380,,,,,,,,,,,,,,,,,,,,,,,,,,,,,,,,,,,,,,,,,,,,,,,https://cdn.shopify.com/s/files/1/0618/2368/0740/files/2-min_f0273e20-4aa6-47d2-82e4-476fbdaad5b9.png?v=1761235553,g,,,,,,
kids-mini-boss-mode-sweatshirt-jogger-pant-set-winter-tracksuit-for-boys-girls,,,,,,,,,silver,,,9 - 10 Years,,,,,'10718381,0.5,shopify,123123,deny,manual,1399.00,,true,true,,,,,'10718381,,,,,,,,,,,,,,,,,,,,,,,,,,,,,,,,,,,,,,,,,,,,,,,https://cdn.shopify.com/s/files/1/0618/2368/0740/files/2-min_f0273e20-4aa6-47d2-82e4-476fbdaad5b9.png?v=1761235553,g,,,,,,
kids-mini-boss-mode-sweatshirt-jogger-pant-set-winter-tracksuit-for-boys-girls,,,,,,,,,silver,,,11 - 12 Years,,,,,'10718382,0.5,shopify,123123,deny,manual,1399.00,,true,true,,,,,'10718382,,,,,,,,,,,,,,,,,,,,,,,,,,,,,,,,,,,,,,,,,,,,,,,https://cdn.shopify.com/s/files/1/0618/2368/0740/files/2-min_f0273e20-4aa6-47d2-82e4-476fbdaad5b9.png?v=1761235553,g,,,,,,
kids-mini-boss-mode-sweatshirt-jogger-pant-set-winter-tracksuit-for-boys-girls,,,,,,,,,red,,,1 - 2 Years,,,,,'10718383,0.5,shopify,123123,deny,manual,1399.00,,true,true,,,,,'10718383,,,,,,,,,,,,,,,,,,,,,,,,,,,,,,,,,,,,,,,,,,,,,,,https://cdn.shopify.com/s/files/1/0618/2368/0740/files/3-min_76c764e3-af7a-4a22-86b7-2e2fe7b9bfa4.png?v=1761235553,g,,,,,,
kids-mini-boss-mode-sweatshirt-jogger-pant-set-winter-tracksuit-for-boys-girls,,,,,,,,,red,,,3 - 4 Years,,,,,'10718384,0.5,shopify,123123,deny,manual,1399.00,,true,true,,,,,'10718384,,,,,,,,,,,,,,,,,,,,,,,,,,,,,,,,,,,,,,,,,,,,,,,https://cdn.shopify.com/s/files/1/0618/2368/0740/files/3-min_76c764e3-af7a-4a22-86b7-2e2fe7b9bfa4.png?v=1761235553,g,,,,,,
kids-mini-boss-mode-sweatshirt-jogger-pant-set-winter-tracksuit-for-boys-girls,,,,,,,,,red,,,5 - 6 Years,,,,,'10718385,0.5,shopify,123123,deny,manual,1399.00,,true,true,,,,,'10718385,,,,,,,,,,,,,,,,,,,,,,,,,,,,,,,,,,,,,,,,,,,,,,,https://cdn.shopify.com/s/files/1/0618/2368/0740/files/3-min_76c764e3-af7a-4a22-86b7-2e2fe7b9bfa4.png?v=1761235553,g,,,,,,
kids-mini-boss-mode-sweatshirt-jogger-pant-set-winter-tracksuit-for-boys-girls,,,,,,,,,red,,,7 - 8 Years,,,,,'10718386,0.5,shopify,123123,deny,manual,1399.00,,true,true,,,,,'10718386,,,,,,,,,,,,,,,,,,,,,,,,,,,,,,,,,,,,,,,,,,,,,,,https://cdn.shopify.com/s/files/1/0618/2368/0740/files/3-min_76c764e3-af7a-4a22-86b7-2e2fe7b9bfa4.png?v=1761235553,g,,,,,,
kids-mini-boss-mode-sweatshirt-jogger-pant-set-winter-tracksuit-for-boys-girls,,,,,,,,,red,,,9 - 10 Years,,,,,'10718387,0.5,shopify,123123,deny,manual,1399.00,,true,true,,,,,'10718387,,,,,,,,,,,,,,,,,,,,,,,,,,,,,,,,,,,,,,,,,,,,,,,https://cdn.shopify.com/s/files/1/0618/2368/0740/files/3-min_76c764e3-af7a-4a22-86b7-2e2fe7b9bfa4.png?v=1761235553,g,,,,,,
kids-mini-boss-mode-sweatshirt-jogger-pant-set-winter-tracksuit-for-boys-girls,,,,,,,,,red,,,11 - 12 Years,,,,,'10707093,0.5,shopify,123123,deny,manual,1399.00,,true,true,,,,,'10707093,,,,,,,,,,,,,,,,,,,,,,,,,,,,,,,,,,,,,,,,,,,,,,,https://cdn.shopify.com/s/files/1/0618/2368/0740/files/3-min_76c764e3-af7a-4a22-86b7-2e2fe7b9bfa4.png?v=1761235553,g,,,,,,
bruh-graffiti-print-kids-sweatshirt-jogger-set-winter-tracksuit-for-boys-girls,Kids Winter Sweat Shirt Set | Color Splash Bruh Printed,"<h4><strong>Kids Winter Sweat Shirt Set | Color Splash Bruh Printed<br><br></strong></h4>
<p data-end=""405"" data-start=""149"">Featuring a vibrant graffiti-style “BRUH” print with colorful splashes, this outfit is perfect for kids who love fun, expressive fashion.</p>
<p data-end=""672"" data-start=""407"">Made from soft, premium fleece fabric, it keeps your little one warm and comfortable during chilly days while staying breathable and gentle on the skin. The bright sweatshirt paired with matching trousers creates a trendy street-style look that stands out anywhere.</p>
<p data-end=""784"" data-start=""674"">Whether it’s school, playtime, or outings, this set delivers comfort, durability, and cool vibes all day long.</p>
<p data-end=""805"" data-start=""786""><strong data-end=""805"" data-start=""786"">✨ Key Features:</strong></p>
<ul data-end=""1064"" data-start=""806"">
<li data-end=""838"" data-start=""806"" data-section-id=""cre33n"">Soft &amp; warm fleece fabric ❄️</li>
<li data-end=""884"" data-start=""839"" data-section-id=""vem8v4"">Eye-catching color splash “BRUH” print 🎨</li>
<li data-end=""918"" data-start=""885"" data-section-id=""1fa5ig2"">Trendy street-style design 😎</li>
<li data-end=""952"" data-start=""919"" data-section-id=""1dd02rc"">Comfortable elastic waistband</li>
<li data-end=""984"" data-start=""953"" data-section-id=""1blepg9"">Ribbed cuffs for a snug fit</li>
<li data-end=""1024"" data-start=""985"" data-section-id=""95i0z6"">Skin-friendly &amp; breathable material</li>
<li data-end=""1064"" data-start=""1025"" data-section-id=""1wtwtt7"">Durable stitching for everyday wear</li>
</ul>
<h4><strong><br></strong></h4>",BBG FASHION CLOTHING STORE,Apparel & Accessories > Clothing > Outfit Sets,Kids Sweatshirt & Pant,kidssweatshirtandpant,true,Color,yellow-1,product.metafields.shopify.color-pattern,Size,1-2-years,product.metafields.shopify.size,,,,'10718318,0.5,shopify,123123,deny,manual,1399.00,,true,false,,,,,'10718318,https://cdn.shopify.com/s/files/1/0618/2368/0740/files/Yellow_lion_Sweatshirt_PantKids_Silk_Pajamas_Set_7e5cb0e5-3744-4888-b9af-0fbaa5cbf557.png?v=1761139029,1,Bruh Graffiti Print Kids Sweatshirt Jogger Set Winter Tracksuit For Boys Girls - front view - kids wear Pakistan,false,,"Shop Kids Winter Sweat Shirt Set with color splash BRUH print. Soft fleece, warm & stylish outfit for kids. Perfect winter wear for everyday use in Pakistan.",,,,,,,,,,,,,,,,,,,,,yellow-1; white; navy-1; silver; yellow-black; red,,,,,,,,,,1-2-years; 3-4-years; 5-6-years; 7-8-years; 9-10-years; 11-12-years,,,,,,,,,,https://cdn.shopify.com/s/files/1/0618/2368/0740/files/Yellow_lion_Sweatshirt_PantKids_Silk_Pajamas_Set_7e5cb0e5-3744-4888-b9af-0fbaa5cbf557.png?v=1761139029,g,,,true,,,active
bruh-graffiti-print-kids-sweatshirt-jogger-set-winter-tracksuit-for-boys-girls,,,,,,,,,yellow-1,,,3-4-years,,,,,'10718319,0.5,shopify,123123,deny,manual,1399.00,,true,false,,,,,'10718319,https://cdn.shopify.com/s/files/1/0618/2368/0740/files/BBG_White_Sweatshirt_Pant_44531cf1-8dc5-44dd-a1ac-b9f0aba166b0.png?v=1761139045,2,Bruh Graffiti Print Kids Sweatshirt Jogger Set Winter Tracksuit For Boys Girls - back view - kids wear Pakistan,,,,,,,,,,,,,,,,,,,,,,,,,,,,,,,,,,,,,,,,,,,,https://cdn.shopify.com/s/files/1/0618/2368/0740/files/Yellow_lion_Sweatshirt_PantKids_Silk_Pajamas_Set_7e5cb0e5-3744-4888-b9af-0fbaa5cbf557.png?v=1761139029,g,,,,,,
bruh-graffiti-print-kids-sweatshirt-jogger-set-winter-tracksuit-for-boys-girls,,,,,,,,,yellow-1,,,5-6-years,,,,,'10718320,0.5,shopify,123123,deny,manual,1399.00,,true,false,,,,,'10718320,https://cdn.shopify.com/s/files/1/0618/2368/0740/files/BBG_Blue_Lion_Sweatshirt_Pant_47b1efe7-9db8-4f2f-a138-630a1726fc52.png?v=1761139059,3,Bruh Graffiti Print Kids Sweatshirt Jogger Set Winter Tracksuit For Boys Girls - side view - kids wear Pakistan,,,,,,,,,,,,,,,,,,,,,,,,,,,,,,,,,,,,,,,,,,,,https://cdn.shopify.com/s/files/1/0618/2368/0740/files/Yellow_lion_Sweatshirt_PantKids_Silk_Pajamas_Set_7e5cb0e5-3744-4888-b9af-0fbaa5cbf557.png?v=1761139029,g,,,,,,
bruh-graffiti-print-kids-sweatshirt-jogger-set-winter-tracksuit-for-boys-girls,,,,,,,,,yellow-1,,,7-8-years,,,,,'10718321,0.5,shopify,123123,deny,manual,1399.00,,true,false,,,,,'10718321,https://cdn.shopify.com/s/files/1/0618/2368/0740/files/BBG_Grey_Lion_Sweatshirt_Pant_8ca9c75c-fa22-4d45-bae9-f0136ad833b0.png?v=1761139077,4,Bruh Graffiti Print Kids Sweatshirt Jogger Set Winter Tracksuit For Boys Girls - detail shot - kids wear Pakistan,,,,,,,,,,,,,,,,,,,,,,,,,,,,,,,,,,,,,,,,,,,,https://cdn.shopify.com/s/files/1/0618/2368/0740/files/Yellow_lion_Sweatshirt_PantKids_Silk_Pajamas_Set_7e5cb0e5-3744-4888-b9af-0fbaa5cbf557.png?v=1761139029,g,,,,,,
bruh-graffiti-print-kids-sweatshirt-jogger-set-winter-tracksuit-for-boys-girls,,,,,,,,,yellow-1,,,9-10-years,,,,,'10718322,0.5,shopify,123123,deny,manual,1399.00,,true,false,,,,,'10718322,https://cdn.shopify.com/s/files/1/0618/2368/0740/files/BBG_Orange_Lion_Sweatshirt_PantKids_Silk_Pajamas_Set_b0f70bda-2594-4274-8495-b3d5b9246b46.png?v=1761139091,5,Bruh Graffiti Print Kids Sweatshirt Jogger Set Winter Tracksuit For Boys Girls - front view - kids wear Pakistan,,,,,,,,,,,,,,,,,,,,,,,,,,,,,,,,,,,,,,,,,,,,https://cdn.shopify.com/s/files/1/0618/2368/0740/files/Yellow_lion_Sweatshirt_PantKids_Silk_Pajamas_Set_7e5cb0e5-3744-4888-b9af-0fbaa5cbf557.png?v=1761139029,g,,,,,,
bruh-graffiti-print-kids-sweatshirt-jogger-set-winter-tracksuit-for-boys-girls,,,,,,,,,yellow-1,,,11-12-years,,,,,'10718323,0.5,shopify,123123,deny,manual,1399.00,,true,false,,,,,'10718323,https://cdn.shopify.com/s/files/1/0618/2368/0740/files/BBG_Red_Lion_Sweatshirt_Pant_f6a19a4a-4a9b-47f0-9401-8db60c8641e0.png?v=1761139105,6,Bruh Graffiti Print Kids Sweatshirt Jogger Set Winter Tracksuit For Boys Girls - back view - kids wear Pakistan,,,,,,,,,,,,,,,,,,,,,,,,,,,,,,,,,,,,,,,,,,,,https://cdn.shopify.com/s/files/1/0618/2368/0740/files/Yellow_lion_Sweatshirt_PantKids_Silk_Pajamas_Set_7e5cb0e5-3744-4888-b9af-0fbaa5cbf557.png?v=1761139029,g,,,,,,
bruh-graffiti-print-kids-sweatshirt-jogger-set-winter-tracksuit-for-boys-girls,,,,,,,,,white,,,1-2-years,,,,,'10718324,0.5,shopify,123123,deny,manual,1399.00,,true,false,,,,,'10718324,https://cdn.shopify.com/s/files/1/0618/2368/0740/files/tshirt.webp?v=1762182764,7,Rocket Print Kids Sweatshirt Jogger Set For Boys Girls - side view - kids wear Pakistan,,,,,,,,,,,,,,,,,,,,,,,,,,,,,,,,,,,,,,,,,,,,https://cdn.shopify.com/s/files/1/0618/2368/0740/files/BBG_White_Sweatshirt_Pant_44531cf1-8dc5-44dd-a1ac-b9f0aba166b0.png?v=1761139045,g,,,,,,
bruh-graffiti-print-kids-sweatshirt-jogger-set-winter-tracksuit-for-boys-girls,,,,,,,,,white,,,3-4-years,,,,,'10718325,0.5,shopify,123123,deny,manual,1399.00,,true,false,,,,,'10718325,,,,,,,,,,,,,,,,,,,,,,,,,,,,,,,,,,,,,,,,,,,,,,,https://cdn.shopify.com/s/files/1/0618/2368/0740/files/BBG_White_Sweatshirt_Pant_44531cf1-8dc5-44dd-a1ac-b9f0aba166b0.png?v=1761139045,g,,,,,,
bruh-graffiti-print-kids-sweatshirt-jogger-set-winter-tracksuit-for-boys-girls,,,,,,,,,white,,,5-6-years,,,,,'10718326,0.5,shopify,123123,deny,manual,1399.00,,true,false,,,,,'10718326,,,,,,,,,,,,,,,,,,,,,,,,,,,,,,,,,,,,,,,,,,,,,,,https://cdn.shopify.com/s/files/1/0618/2368/0740/files/BBG_White_Sweatshirt_Pant_44531cf1-8dc5-44dd-a1ac-b9f0aba166b0.png?v=1761139045,g,,,,,,
bruh-graffiti-print-kids-sweatshirt-jogger-set-winter-tracksuit-for-boys-girls,,,,,,,,,white,,,7-8-years,,,,,'10718327,0.5,shopify,123123,deny,manual,1399.00,,true,false,,,,,'10718327,,,,,,,,,,,,,,,,,,,,,,,,,,,,,,,,,,,,,,,,,,,,,,,https://cdn.shopify.com/s/files/1/0618/2368/0740/files/BBG_White_Sweatshirt_Pant_44531cf1-8dc5-44dd-a1ac-b9f0aba166b0.png?v=1761139045,g,,,,,,
bruh-graffiti-print-kids-sweatshirt-jogger-set-winter-tracksuit-for-boys-girls,,,,,,,,,white,,,9-10-years,,,,,'10718328,0.5,shopify,123123,deny,manual,1399.00,,true,false,,,,,'10718328,,,,,,,,,,,,,,,,,,,,,,,,,,,,,,,,,,,,,,,,,,,,,,,https://cdn.shopify.com/s/files/1/0618/2368/0740/files/BBG_White_Sweatshirt_Pant_44531cf1-8dc5-44dd-a1ac-b9f0aba166b0.png?v=1761139045,g,,,,,,
bruh-graffiti-print-kids-sweatshirt-jogger-set-winter-tracksuit-for-boys-girls,,,,,,,,,white,,,11-12-years,,,,,'10718329,0.5,shopify,123123,deny,manual,1399.00,,true,false,,,,,'10718329,,,,,,,,,,,,,,,,,,,,,,,,,,,,,,,,,,,,,,,,,,,,,,,https://cdn.shopify.com/s/files/1/0618/2368/0740/files/BBG_White_Sweatshirt_Pant_44531cf1-8dc5-44dd-a1ac-b9f0aba166b0.png?v=1761139045,g,,,,,,
bruh-graffiti-print-kids-sweatshirt-jogger-set-winter-tracksuit-for-boys-girls,,,,,,,,,navy-1,,,1-2-years,,,,,'10718330,0.5,shopify,123123,deny,manual,1399.00,,true,false,,,,,'10718330,,,,,,,,,,,,,,,,,,,,,,,,,,,,,,,,,,,,,,,,,,,,,,,https://cdn.shopify.com/s/files/1/0618/2368/0740/files/BBG_Blue_Lion_Sweatshirt_Pant_47b1efe7-9db8-4f2f-a138-630a1726fc52.png?v=1761139059,g,,,,,,
bruh-graffiti-print-kids-sweatshirt-jogger-set-winter-tracksuit-for-boys-girls,,,,,,,,,navy-1,,,3-4-years,,,,,'10718331,0.5,shopify,123123,deny,manual,1399.00,,true,false,,,,,'10718331,,,,,,,,,,,,,,,,,,,,,,,,,,,,,,,,,,,,,,,,,,,,,,,https://cdn.shopify.com/s/files/1/0618/2368/0740/files/BBG_Blue_Lion_Sweatshirt_Pant_47b1efe7-9db8-4f2f-a138-630a1726fc52.png?v=1761139059,g,,,,,,
bruh-graffiti-print-kids-sweatshirt-jogger-set-winter-tracksuit-for-boys-girls,,,,,,,,,navy-1,,,5-6-years,,,,,'10718332,0.5,shopify,123123,deny,manual,1399.00,,true,false,,,,,'10718332,,,,,,,,,,,,,,,,,,,,,,,,,,,,,,,,,,,,,,,,,,,,,,,https://cdn.shopify.com/s/files/1/0618/2368/0740/files/BBG_Blue_Lion_Sweatshirt_Pant_47b1efe7-9db8-4f2f-a138-630a1726fc52.png?v=1761139059,g,,,,,,
bruh-graffiti-print-kids-sweatshirt-jogger-set-winter-tracksuit-for-boys-girls,,,,,,,,,navy-1,,,7-8-years,,,,,'10718333,0.5,shopify,123123,deny,manual,1399.00,,true,false,,,,,'10718333,,,,,,,,,,,,,,,,,,,,,,,,,,,,,,,,,,,,,,,,,,,,,,,https://cdn.shopify.com/s/files/1/0618/2368/0740/files/BBG_Blue_Lion_Sweatshirt_Pant_47b1efe7-9db8-4f2f-a138-630a1726fc52.png?v=1761139059,g,,,,,,
bruh-graffiti-print-kids-sweatshirt-jogger-set-winter-tracksuit-for-boys-girls,,,,,,,,,navy-1,,,9-10-years,,,,,'10718334,0.5,shopify,123123,deny,manual,1399.00,,true,false,,,,,'10718334,,,,,,,,,,,,,,,,,,,,,,,,,,,,,,,,,,,,,,,,,,,,,,,https://cdn.shopify.com/s/files/1/0618/2368/0740/files/BBG_Blue_Lion_Sweatshirt_Pant_47b1efe7-9db8-4f2f-a138-630a1726fc52.png?v=1761139059,g,,,,,,
bruh-graffiti-print-kids-sweatshirt-jogger-set-winter-tracksuit-for-boys-girls,,,,,,,,,navy-1,,,11-12-years,,,,,'10718335,0.5,shopify,123123,deny,manual,1399.00,,true,false,,,,,'10718335,,,,,,,,,,,,,,,,,,,,,,,,,,,,,,,,,,,,,,,,,,,,,,,https://cdn.shopify.com/s/files/1/0618/2368/0740/files/BBG_Blue_Lion_Sweatshirt_Pant_47b1efe7-9db8-4f2f-a138-630a1726fc52.png?v=1761139059,g,,,,,,
bruh-graffiti-print-kids-sweatshirt-jogger-set-winter-tracksuit-for-boys-girls,,,,,,,,,silver,,,1-2-years,,,,,'10718336,0.5,shopify,123123,deny,manual,1399.00,,true,false,,,,,'10718336,,,,,,,,,,,,,,,,,,,,,,,,,,,,,,,,,,,,,,,,,,,,,,,https://cdn.shopify.com/s/files/1/0618/2368/0740/files/BBG_Grey_Lion_Sweatshirt_Pant_8ca9c75c-fa22-4d45-bae9-f0136ad833b0.png?v=1761139077,g,,,,,,
bruh-graffiti-print-kids-sweatshirt-jogger-set-winter-tracksuit-for-boys-girls,,,,,,,,,silver,,,3-4-years,,,,,'10718337,0.5,shopify,123123,deny,manual,1399.00,,true,false,,,,,'10718337,,,,,,,,,,,,,,,,,,,,,,,,,,,,,,,,,,,,,,,,,,,,,,,https://cdn.shopify.com/s/files/1/0618/2368/0740/files/BBG_Grey_Lion_Sweatshirt_Pant_8ca9c75c-fa22-4d45-bae9-f0136ad833b0.png?v=1761139077,g,,,,,,
bruh-graffiti-print-kids-sweatshirt-jogger-set-winter-tracksuit-for-boys-girls,,,,,,,,,silver,,,5-6-years,,,,,'10718338,0.5,shopify,123123,deny,manual,1399.00,,true,false,,,,,'10718338,,,,,,,,,,,,,,,,,,,,,,,,,,,,,,,,,,,,,,,,,,,,,,,https://cdn.shopify.com/s/files/1/0618/2368/0740/files/BBG_Grey_Lion_Sweatshirt_Pant_8ca9c75c-fa22-4d45-bae9-f0136ad833b0.png?v=1761139077,g,,,,,,
bruh-graffiti-print-kids-sweatshirt-jogger-set-winter-tracksuit-for-boys-girls,,,,,,,,,silver,,,7-8-years,,,,,'10718339,0.5,shopify,123123,deny,manual,1399.00,,true,false,,,,,'10718339,,,,,,,,,,,,,,,,,,,,,,,,,,,,,,,,,,,,,,,,,,,,,,,https://cdn.shopify.com/s/files/1/0618/2368/0740/files/BBG_Grey_Lion_Sweatshirt_Pant_8ca9c75c-fa22-4d45-bae9-f0136ad833b0.png?v=1761139077,g,,,,,,
bruh-graffiti-print-kids-sweatshirt-jogger-set-winter-tracksuit-for-boys-girls,,,,,,,,,silver,,,9-10-years,,,,,'10718340,0.5,shopify,123123,deny,manual,1399.00,,true,false,,,,,'10718340,,,,,,,,,,,,,,,,,,,,,,,,,,,,,,,,,,,,,,,,,,,,,,,https://cdn.shopify.com/s/files/1/0618/2368/0740/files/BBG_Grey_Lion_Sweatshirt_Pant_8ca9c75c-fa22-4d45-bae9-f0136ad833b0.png?v=1761139077,g,,,,,,
bruh-graffiti-print-kids-sweatshirt-jogger-set-winter-tracksuit-for-boys-girls,,,,,,,,,silver,,,11-12-years,,,,,'10718341,0.5,shopify,123123,deny,manual,1399.00,,true,false,,,,,'10718341,,,,,,,,,,,,,,,,,,,,,,,,,,,,,,,,,,,,,,,,,,,,,,,https://cdn.shopify.com/s/files/1/0618/2368/0740/files/BBG_Grey_Lion_Sweatshirt_Pant_8ca9c75c-fa22-4d45-bae9-f0136ad833b0.png?v=1761139077,g,,,,,,
bruh-graffiti-print-kids-sweatshirt-jogger-set-winter-tracksuit-for-boys-girls,,,,,,,,,yellow-black,,,1-2-years,,,,,'10718342,0.5,shopify,123123,deny,manual,1399.00,,true,false,,,,,'10718342,,,,,,,,,,,,,,,,,,,,,,,,,,,,,,,,,,,,,,,,,,,,,,,https://cdn.shopify.com/s/files/1/0618/2368/0740/files/BBG_Orange_Lion_Sweatshirt_PantKids_Silk_Pajamas_Set_b0f70bda-2594-4274-8495-b3d5b9246b46.png?v=1761139091,g,,,,,,
bruh-graffiti-print-kids-sweatshirt-jogger-set-winter-tracksuit-for-boys-girls,,,,,,,,,yellow-black,,,3-4-years,,,,,'10718343,0.5,shopify,123123,deny,manual,1399.00,,true,false,,,,,'10718343,,,,,,,,,,,,,,,,,,,,,,,,,,,,,,,,,,,,,,,,,,,,,,,https://cdn.shopify.com/s/files/1/0618/2368/0740/files/BBG_Orange_Lion_Sweatshirt_PantKids_Silk_Pajamas_Set_b0f70bda-2594-4274-8495-b3d5b9246b46.png?v=1761139091,g,,,,,,
bruh-graffiti-print-kids-sweatshirt-jogger-set-winter-tracksuit-for-boys-girls,,,,,,,,,yellow-black,,,5-6-years,,,,,'10718344,0.5,shopify,123123,deny,manual,1399.00,,true,false,,,,,'10718344,,,,,,,,,,,,,,,,,,,,,,,,,,,,,,,,,,,,,,,,,,,,,,,https://cdn.shopify.com/s/files/1/0618/2368/0740/files/BBG_Orange_Lion_Sweatshirt_PantKids_Silk_Pajamas_Set_b0f70bda-2594-4274-8495-b3d5b9246b46.png?v=1761139091,g,,,,,,
bruh-graffiti-print-kids-sweatshirt-jogger-set-winter-tracksuit-for-boys-girls,,,,,,,,,yellow-black,,,7-8-years,,,,,'10718345,0.5,shopify,123123,deny,manual,1399.00,,true,false,,,,,'10718345,,,,,,,,,,,,,,,,,,,,,,,,,,,,,,,,,,,,,,,,,,,,,,,https://cdn.shopify.com/s/files/1/0618/2368/0740/files/BBG_Orange_Lion_Sweatshirt_PantKids_Silk_Pajamas_Set_b0f70bda-2594-4274-8495-b3d5b9246b46.png?v=1761139091,g,,,,,,
bruh-graffiti-print-kids-sweatshirt-jogger-set-winter-tracksuit-for-boys-girls,,,,,,,,,yellow-black,,,9-10-years,,,,,'10718346,0.5,shopify,123123,deny,manual,1399.00,,true,false,,,,,'10718346,,,,,,,,,,,,,,,,,,,,,,,,,,,,,,,,,,,,,,,,,,,,,,,https://cdn.shopify.com/s/files/1/0618/2368/0740/files/BBG_Orange_Lion_Sweatshirt_PantKids_Silk_Pajamas_Set_b0f70bda-2594-4274-8495-b3d5b9246b46.png?v=1761139091,g,,,,,,
bruh-graffiti-print-kids-sweatshirt-jogger-set-winter-tracksuit-for-boys-girls,,,,,,,,,yellow-black,,,11-12-years,,,,,'10718347,0.5,shopify,123123,deny,manual,1399.00,,true,false,,,,,'10718347,,,,,,,,,,,,,,,,,,,,,,,,,,,,,,,,,,,,,,,,,,,,,,,https://cdn.shopify.com/s/files/1/0618/2368/0740/files/BBG_Orange_Lion_Sweatshirt_PantKids_Silk_Pajamas_Set_b0f70bda-2594-4274-8495-b3d5b9246b46.png?v=1761139091,g,,,,,,
bruh-graffiti-print-kids-sweatshirt-jogger-set-winter-tracksuit-for-boys-girls,,,,,,,,,red,,,1-2-years,,,,,'10718348,0.5,shopify,123123,deny,manual,1399.00,,true,false,,,,,'10718348,,,,,,,,,,,,,,,,,,,,,,,,,,,,,,,,,,,,,,,,,,,,,,,https://cdn.shopify.com/s/files/1/0618/2368/0740/files/BBG_Red_Lion_Sweatshirt_Pant_f6a19a4a-4a9b-47f0-9401-8db60c8641e0.png?v=1761139105,g,,,,,,
bruh-graffiti-print-kids-sweatshirt-jogger-set-winter-tracksuit-for-boys-girls,,,,,,,,,red,,,3-4-years,,,,,'10718349,0.5,shopify,123123,deny,manual,1399.00,,true,false,,,,,'10718349,,,,,,,,,,,,,,,,,,,,,,,,,,,,,,,,,,,,,,,,,,,,,,,https://cdn.shopify.com/s/files/1/0618/2368/0740/files/BBG_Red_Lion_Sweatshirt_Pant_f6a19a4a-4a9b-47f0-9401-8db60c8641e0.png?v=1761139105,g,,,,,,
bruh-graffiti-print-kids-sweatshirt-jogger-set-winter-tracksuit-for-boys-girls,,,,,,,,,red,,,5-6-years,,,,,'10718350,0.5,shopify,123123,deny,manual,1399.00,,true,false,,,,,'10718350,,,,,,,,,,,,,,,,,,,,,,,,,,,,,,,,,,,,,,,,,,,,,,,https://cdn.shopify.com/s/files/1/0618/2368/0740/files/BBG_Red_Lion_Sweatshirt_Pant_f6a19a4a-4a9b-47f0-9401-8db60c8641e0.png?v=1761139105,g,,,,,,
bruh-graffiti-print-kids-sweatshirt-jogger-set-winter-tracksuit-for-boys-girls,,,,,,,,,red,,,7-8-years,,,,,'10718351,0.5,shopify,123123,deny,manual,1399.00,,true,false,,,,,'10718351,,,,,,,,,,,,,,,,,,,,,,,,,,,,,,,,,,,,,,,,,,,,,,,https://cdn.shopify.com/s/files/1/0618/2368/0740/files/BBG_Red_Lion_Sweatshirt_Pant_f6a19a4a-4a9b-47f0-9401-8db60c8641e0.png?v=1761139105,g,,,,,,
bruh-graffiti-print-kids-sweatshirt-jogger-set-winter-tracksuit-for-boys-girls,,,,,,,,,red,,,9-10-years,,,,,'10718352,0.5,shopify,123123,deny,manual,1399.00,,true,false,,,,,'10718352,,,,,,,,,,,,,,,,,,,,,,,,,,,,,,,,,,,,,,,,,,,,,,,https://cdn.shopify.com/s/files/1/0618/2368/0740/files/BBG_Red_Lion_Sweatshirt_Pant_f6a19a4a-4a9b-47f0-9401-8db60c8641e0.png?v=1761139105,g,,,,,,
bruh-graffiti-print-kids-sweatshirt-jogger-set-winter-tracksuit-for-boys-girls,,,,,,,,,red,,,11-12-years,,,,,'10707092,0.5,shopify,123123,deny,manual,1399.00,,true,false,,,,,'10707092,,,,,,,,,,,,,,,,,,,,,,,,,,,,,,,,,,,,,,,,,,,,,,,https://cdn.shopify.com/s/files/1/0618/2368/0740/files/BBG_Red_Lion_Sweatshirt_Pant_f6a19a4a-4a9b-47f0-9401-8db60c8641e0.png?v=1761139105,g,,,,,,
6-0-puff-vinyl-print-hoodie-premium-unisex-streetwear,6-0 Puff Vinyl Print Hoodie – Premium Unisex Streetwear,"<h4 data-start=""190"" data-end=""249""><strong data-start=""190"" data-end=""249"">6-0 Puff Vinyl Print Hoodie – Premium Unisex Streetwear</strong></h4>
<p data-start=""306"" data-end=""570"">Stay bold and comfortable in our <strong data-start=""339"" data-end=""370"">6-0 Puff Vinyl Print Hoodie</strong>, crafted for premium streetwear lovers. Made with <strong data-start=""421"" data-end=""443"">soft fleece fabric</strong>, this hoodie features a <strong data-start=""468"" data-end=""498"">3D puff vinyl “6-0” design</strong> that gives a raised, textured look—perfect for standing out in style.</p>
<p data-start=""572"" data-end=""889"">Whether you’re out with friends or relaxing indoors, this <strong data-start=""630"" data-end=""647"">unisex hoodie</strong> offers a cozy feel with ribbed cuffs, a kangaroo pocket, and a relaxed fit. Available in multiple trendy colors including <strong data-start=""770"" data-end=""831"">black, grey, navy blue, olive, mustard, beige, and yellow</strong>, it’s your go-to piece for casual layering this season.</p>
<p data-start=""891"" data-end=""912"">✅ <strong data-start=""893"" data-end=""910"">Key Features:</strong></p>
<ul data-start=""913"" data-end=""1158"">
<li data-start=""913"" data-end=""963"">
<p data-start=""915"" data-end=""963"">3D <strong data-start=""918"" data-end=""944"">puff vinyl “6-0” print</strong> for bold styling</p>
</li>
<li data-start=""964"" data-end=""1019"">
<p data-start=""966"" data-end=""1019""><strong data-start=""966"" data-end=""994"">Soft fleece cotton blend</strong> – warm and comfortable</p>
</li>
<li data-start=""1020"" data-end=""1054"">
<p data-start=""1022"" data-end=""1054""><strong data-start=""1022"" data-end=""1036"">Unisex fit</strong> for men &amp; women</p>
</li>
<li data-start=""1055"" data-end=""1102"">
<p data-start=""1057"" data-end=""1102""><strong data-start=""1057"" data-end=""1082"">Kangaroo front pocket</strong> &amp; adjustable hood</p>
</li>
<li data-start=""1103"" data-end=""1158"">
<p data-start=""1105"" data-end=""1158""><strong data-start=""1105"" data-end=""1156"">Perfect for casual, streetwear, or everyday use</strong></p>
</li>
</ul>
<p data-start=""1160"" data-end=""1355"">🎯 <strong data-start=""1163"" data-end=""1177"">Ideal For:</strong> Winter wear, street fashion, casual outfits, and statement looks.<br data-start=""1243"" data-end=""1246"">📦 <strong data-start=""1249"" data-end=""1269"">Available Sizes:</strong> S, M, L, XL, XXL</p>",BBG FASHION CLOTHING STORE,Apparel & Accessories > Clothing > Clothing Tops > Hoodies,Adult Hoodie,hoodie,false,Color,yellow-1,product.metafields.shopify.color-pattern,Size,s,product.metafields.shopify.size,,,,'10718284,0.5,,-9,deny,manual,1699.00,,true,true,,,,,'10718284,https://cdn.shopify.com/s/files/1/0618/2368/0740/files/3_968eb918-5e02-4a30-9f48-f73794c7dbdf.png?v=1760969842,1,6 0 Puff Vinyl Print Hoodie Premium Unisex Streetwear - front view - unisex wear Pakistan,false,,,,,,,,,,,,,,,,,,,,,,,yellow-1; blue-1; gray-3; olive-green; cream; silver; black,,,fleece,,,,,,,s; m; l; xl; xxl,,,unisex,,,,,,,https://cdn.shopify.com/s/files/1/0618/2368/0740/files/3_968eb918-5e02-4a30-9f48-f73794c7dbdf.png?v=1760969842,g,,,true,,,draft
6-0-puff-vinyl-print-hoodie-premium-unisex-streetwear,,,,,,,,,yellow-1,,,m,,,,,'10718285,0.5,,-1,deny,manual,1699.00,,true,true,,,,,'10718285,https://cdn.shopify.com/s/files/1/0618/2368/0740/files/5_fc6ee1a0-c33d-40cd-a1a3-7888448efda2.png?v=1760969859,2,6 0 Puff Vinyl Print Hoodie Premium Unisex Streetwear - back view - unisex wear Pakistan,,,,,,,,,,,,,,,,,,,,,,,,,,,,,,,,,,,,,,,,,,,,https://cdn.shopify.com/s/files/1/0618/2368/0740/files/3_968eb918-5e02-4a30-9f48-f73794c7dbdf.png?v=1760969842,g,,,,,,
6-0-puff-vinyl-print-hoodie-premium-unisex-streetwear,,,,,,,,,yellow-1,,,l,,,,,'10718286,0.5,,0,deny,manual,1799.00,,true,true,,,,,'10718286,https://cdn.shopify.com/s/files/1/0618/2368/0740/files/6_097126be-8883-4add-9139-ffaa8a26564e.png?v=1760969875,3,6 0 Puff Vinyl Print Hoodie Premium Unisex Streetwear - side view - unisex wear Pakistan,,,,,,,,,,,,,,,,,,,,,,,,,,,,,,,,,,,,,,,,,,,,https://cdn.shopify.com/s/files/1/0618/2368/0740/files/3_968eb918-5e02-4a30-9f48-f73794c7dbdf.png?v=1760969842,g,,,,,,
6-0-puff-vinyl-print-hoodie-premium-unisex-streetwear,,,,,,,,,yellow-1,,,xl,,,,,'10718287,0.5,,0,deny,manual,1899.00,,true,true,,,,,'10718287,https://cdn.shopify.com/s/files/1/0618/2368/0740/files/4_5f7eded0-fe02-477e-bbef-71c9a4c21e29.png?v=1760969887,4,6 0 Puff Vinyl Print Hoodie Premium Unisex Streetwear - detail shot - unisex wear Pakistan,,,,,,,,,,,,,,,,,,,,,,,,,,,,,,,,,,,,,,,,,,,,https://cdn.shopify.com/s/files/1/0618/2368/0740/files/3_968eb918-5e02-4a30-9f48-f73794c7dbdf.png?v=1760969842,g,,,,,,
6-0-puff-vinyl-print-hoodie-premium-unisex-streetwear,,,,,,,,,yellow-1,,,xxl,,,,,'10718288,0.5,,0,deny,manual,1899.00,,true,true,,,,,'10718288,https://cdn.shopify.com/s/files/1/0618/2368/0740/files/1_71d57b2c-dd69-4136-b7c1-f3439d7f0dad.png?v=1760969920,5,6 0 Puff Vinyl Print Hoodie Premium Unisex Streetwear - close-up detail - unisex wear Pakistan,,,,,,,,,,,,,,,,,,,,,,,,,,,,,,,,,,,,,,,,,,,,https://cdn.shopify.com/s/files/1/0618/2368/0740/files/3_968eb918-5e02-4a30-9f48-f73794c7dbdf.png?v=1760969842,g,,,,,,
6-0-puff-vinyl-print-hoodie-premium-unisex-streetwear,,,,,,,,,blue-1,,,s,,,,,'10718289,0.5,,-7,deny,manual,1699.00,,true,true,,,,,'10718289,https://cdn.shopify.com/s/files/1/0618/2368/0740/files/7_2541af6d-39fa-40a6-b6bc-36f5b82363dc.png?v=1760969956,6,6 0 Puff Vinyl Print Hoodie Premium Unisex Streetwear - flat lay - unisex wear Pakistan,,,,,,,,,,,,,,,,,,,,,,,,,,,,,,,,,,,,,,,,,,,,https://cdn.shopify.com/s/files/1/0618/2368/0740/files/5_fc6ee1a0-c33d-40cd-a1a3-7888448efda2.png?v=1760969859,g,,,,,,
6-0-puff-vinyl-print-hoodie-premium-unisex-streetwear,,,,,,,,,blue-1,,,m,,,,,'10718290,0.5,,-1,deny,manual,1699.00,,true,true,,,,,'10718290,https://cdn.shopify.com/s/files/1/0618/2368/0740/files/8_c7ddeac6-c10b-45f4-a4fc-ade9abf3cf1f.png?v=1760969984,7,6 0 Puff Vinyl Print Hoodie Premium Unisex Streetwear - lifestyle view - unisex wear Pakistan,,,,,,,,,,,,,,,,,,,,,,,,,,,,,,,,,,,,,,,,,,,,https://cdn.shopify.com/s/files/1/0618/2368/0740/files/5_fc6ee1a0-c33d-40cd-a1a3-7888448efda2.png?v=1760969859,g,,,,,,
6-0-puff-vinyl-print-hoodie-premium-unisex-streetwear,,,,,,,,,blue-1,,,l,,,,,'10718291,0.5,,0,deny,manual,1799.00,,true,true,,,,,'10718291,https://cdn.shopify.com/s/files/1/0618/2368/0740/files/hoodiesizechart_57ea9dc0-18d4-41d5-8191-b20431508250.webp?v=1760970079,8,6 0 Puff Vinyl Print Hoodie Premium Unisex Streetwear size chart - measurements guide,,,,,,,,,,,,,,,,,,,,,,,,,,,,,,,,,,,,,,,,,,,,https://cdn.shopify.com/s/files/1/0618/2368/0740/files/5_fc6ee1a0-c33d-40cd-a1a3-7888448efda2.png?v=1760969859,g,,,,,,
6-0-puff-vinyl-print-hoodie-premium-unisex-streetwear,,,,,,,,,blue-1,,,xl,,,,,'10718292,0.5,,0,deny,manual,1899.00,,true,true,,,,,'10718292,,,,,,,,,,,,,,,,,,,,,,,,,,,,,,,,,,,,,,,,,,,,,,,https://cdn.shopify.com/s/files/1/0618/2368/0740/files/5_fc6ee1a0-c33d-40cd-a1a3-7888448efda2.png?v=1760969859,g,,,,,,
6-0-puff-vinyl-print-hoodie-premium-unisex-streetwear,,,,,,,,,blue-1,,,xxl,,,,,'10718293,0.5,,0,deny,manual,1899.00,,true,true,,,,,'10718293,,,,,,,,,,,,,,,,,,,,,,,,,,,,,,,,,,,,,,,,,,,,,,,https://cdn.shopify.com/s/files/1/0618/2368/0740/files/5_fc6ee1a0-c33d-40cd-a1a3-7888448efda2.png?v=1760969859,g,,,,,,
6-0-puff-vinyl-print-hoodie-premium-unisex-streetwear,,,,,,,,,gray-3,,,s,,,,,'10718294,0.5,,0,deny,manual,1699.00,,true,true,,,,,'10718294,,,,,,,,,,,,,,,,,,,,,,,,,,,,,,,,,,,,,,,,,,,,,,,https://cdn.shopify.com/s/files/1/0618/2368/0740/files/6_097126be-8883-4add-9139-ffaa8a26564e.png?v=1760969875,g,,,,,,
6-0-puff-vinyl-print-hoodie-premium-unisex-streetwear,,,,,,,,,gray-3,,,m,,,,,'10718295,0.5,,0,deny,manual,1699.00,,true,true,,,,,'10718295,,,,,,,,,,,,,,,,,,,,,,,,,,,,,,,,,,,,,,,,,,,,,,,https://cdn.shopify.com/s/files/1/0618/2368/0740/files/6_097126be-8883-4add-9139-ffaa8a26564e.png?v=1760969875,g,,,,,,
6-0-puff-vinyl-print-hoodie-premium-unisex-streetwear,,,,,,,,,gray-3,,,l,,,,,'10718296,0.5,,0,deny,manual,1799.00,,true,true,,,,,'10718296,,,,,,,,,,,,,,,,,,,,,,,,,,,,,,,,,,,,,,,,,,,,,,,https://cdn.shopify.com/s/files/1/0618/2368/0740/files/6_097126be-8883-4add-9139-ffaa8a26564e.png?v=1760969875,g,,,,,,
6-0-puff-vinyl-print-hoodie-premium-unisex-streetwear,,,,,,,,,gray-3,,,xl,,,,,'10718297,0.5,,0,deny,manual,1899.00,,true,true,,,,,'10718297,,,,,,,,,,,,,,,,,,,,,,,,,,,,,,,,,,,,,,,,,,,,,,,https://cdn.shopify.com/s/files/1/0618/2368/0740/files/6_097126be-8883-4add-9139-ffaa8a26564e.png?v=1760969875,g,,,,,,
6-0-puff-vinyl-print-hoodie-premium-unisex-streetwear,,,,,,,,,gray-3,,,xxl,,,,,'10718298,0.5,,0,deny,manual,1899.00,,true,true,,,,,'10718298,,,,,,,,,,,,,,,,,,,,,,,,,,,,,,,,,,,,,,,,,,,,,,,https://cdn.shopify.com/s/files/1/0618/2368/0740/files/6_097126be-8883-4add-9139-ffaa8a26564e.png?v=1760969875,g,,,,,,
6-0-puff-vinyl-print-hoodie-premium-unisex-streetwear,,,,,,,,,olive-green,,,s,,,,,'10718299,0.5,,0,deny,manual,1699.00,,true,true,,,,,'10718299,,,,,,,,,,,,,,,,,,,,,,,,,,,,,,,,,,,,,,,,,,,,,,,https://cdn.shopify.com/s/files/1/0618/2368/0740/files/4_5f7eded0-fe02-477e-bbef-71c9a4c21e29.png?v=1760969887,g,,,,,,
6-0-puff-vinyl-print-hoodie-premium-unisex-streetwear,,,,,,,,,olive-green,,,m,,,,,'10718300,0.5,,0,deny,manual,1699.00,,true,true,,,,,'10718300,,,,,,,,,,,,,,,,,,,,,,,,,,,,,,,,,,,,,,,,,,,,,,,https://cdn.shopify.com/s/files/1/0618/2368/0740/files/4_5f7eded0-fe02-477e-bbef-71c9a4c21e29.png?v=1760969887,g,,,,,,
6-0-puff-vinyl-print-hoodie-premium-unisex-streetwear,,,,,,,,,olive-green,,,l,,,,,'10718301,0.5,,0,deny,manual,1799.00,,true,true,,,,,'10718301,,,,,,,,,,,,,,,,,,,,,,,,,,,,,,,,,,,,,,,,,,,,,,,https://cdn.shopify.com/s/files/1/0618/2368/0740/files/4_5f7eded0-fe02-477e-bbef-71c9a4c21e29.png?v=1760969887,g,,,,,,
6-0-puff-vinyl-print-hoodie-premium-unisex-streetwear,,,,,,,,,olive-green,,,xl,,,,,'10718302,0.5,,0,deny,manual,1899.00,,true,true,,,,,'10718302,,,,,,,,,,,,,,,,,,,,,,,,,,,,,,,,,,,,,,,,,,,,,,,https://cdn.shopify.com/s/files/1/0618/2368/0740/files/4_5f7eded0-fe02-477e-bbef-71c9a4c21e29.png?v=1760969887,g,,,,,,
6-0-puff-vinyl-print-hoodie-premium-unisex-streetwear,,,,,,,,,olive-green,,,xxl,,,,,'10718303,0.5,,-1,deny,manual,1899.00,,true,true,,,,,'10718303,,,,,,,,,,,,,,,,,,,,,,,,,,,,,,,,,,,,,,,,,,,,,,,https://cdn.shopify.com/s/files/1/0618/2368/0740/files/4_5f7eded0-fe02-477e-bbef-71c9a4c21e29.png?v=1760969887,g,,,,,,
6-0-puff-vinyl-print-hoodie-premium-unisex-streetwear,,,,,,,,,cream,,,s,,,,,'10718304,0.5,,0,deny,manual,1699.00,,true,true,,,,,'10718304,,,,,,,,,,,,,,,,,,,,,,,,,,,,,,,,,,,,,,,,,,,,,,,https://cdn.shopify.com/s/files/1/0618/2368/0740/files/1_71d57b2c-dd69-4136-b7c1-f3439d7f0dad.png?v=1760969920,g,,,,,,
6-0-puff-vinyl-print-hoodie-premium-unisex-streetwear,,,,,,,,,cream,,,m,,,,,'10718305,0.5,,0,deny,manual,1699.00,,true,true,,,,,'10718305,,,,,,,,,,,,,,,,,,,,,,,,,,,,,,,,,,,,,,,,,,,,,,,https://cdn.shopify.com/s/files/1/0618/2368/0740/files/1_71d57b2c-dd69-4136-b7c1-f3439d7f0dad.png?v=1760969920,g,,,,,,
6-0-puff-vinyl-print-hoodie-premium-unisex-streetwear,,,,,,,,,cream,,,l,,,,,'10718306,0.5,,0,deny,manual,1799.00,,true,true,,,,,'10718306,,,,,,,,,,,,,,,,,,,,,,,,,,,,,,,,,,,,,,,,,,,,,,,https://cdn.shopify.com/s/files/1/0618/2368/0740/files/1_71d57b2c-dd69-4136-b7c1-f3439d7f0dad.png?v=1760969920,g,,,,,,
6-0-puff-vinyl-print-hoodie-premium-unisex-streetwear,,,,,,,,,cream,,,xl,,,,,'10718307,0.5,,0,deny,manual,1899.00,,true,true,,,,,'10718307,,,,,,,,,,,,,,,,,,,,,,,,,,,,,,,,,,,,,,,,,,,,,,,https://cdn.shopify.com/s/files/1/0618/2368/0740/files/1_71d57b2c-dd69-4136-b7c1-f3439d7f0dad.png?v=1760969920,g,,,,,,
6-0-puff-vinyl-print-hoodie-premium-unisex-streetwear,,,,,,,,,cream,,,xxl,,,,,'10718308,0.5,,0,deny,manual,1899.00,,true,true,,,,,'10718308,,,,,,,,,,,,,,,,,,,,,,,,,,,,,,,,,,,,,,,,,,,,,,,https://cdn.shopify.com/s/files/1/0618/2368/0740/files/1_71d57b2c-dd69-4136-b7c1-f3439d7f0dad.png?v=1760969920,g,,,,,,
6-0-puff-vinyl-print-hoodie-premium-unisex-streetwear,,,,,,,,,silver,,,s,,,,,'10718309,0.5,,0,deny,manual,1699.00,,true,true,,,,,'10718309,,,,,,,,,,,,,,,,,,,,,,,,,,,,,,,,,,,,,,,,,,,,,,,https://cdn.shopify.com/s/files/1/0618/2368/0740/files/7_2541af6d-39fa-40a6-b6bc-36f5b82363dc.png?v=1760969956,g,,,,,,
6-0-puff-vinyl-print-hoodie-premium-unisex-streetwear,,,,,,,,,silver,,,m,,,,,'10718310,0.5,,-1,deny,manual,1699.00,,true,true,,,,,'10718310,,,,,,,,,,,,,,,,,,,,,,,,,,,,,,,,,,,,,,,,,,,,,,,https://cdn.shopify.com/s/files/1/0618/2368/0740/files/7_2541af6d-39fa-40a6-b6bc-36f5b82363dc.png?v=1760969956,g,,,,,,
6-0-puff-vinyl-print-hoodie-premium-unisex-streetwear,,,,,,,,,silver,,,l,,,,,'10718311,0.5,,0,deny,manual,1799.00,,true,true,,,,,'10718311,,,,,,,,,,,,,,,,,,,,,,,,,,,,,,,,,,,,,,,,,,,,,,,https://cdn.shopify.com/s/files/1/0618/2368/0740/files/7_2541af6d-39fa-40a6-b6bc-36f5b82363dc.png?v=1760969956,g,,,,,,
6-0-puff-vinyl-print-hoodie-premium-unisex-streetwear,,,,,,,,,silver,,,xl,,,,,'10718312,0.5,,0,deny,manual,1899.00,,true,true,,,,,'10718312,,,,,,,,,,,,,,,,,,,,,,,,,,,,,,,,,,,,,,,,,,,,,,,https://cdn.shopify.com/s/files/1/0618/2368/0740/files/7_2541af6d-39fa-40a6-b6bc-36f5b82363dc.png?v=1760969956,g,,,,,,
6-0-puff-vinyl-print-hoodie-premium-unisex-streetwear,,,,,,,,,silver,,,xxl,,,,,'10718313,0.5,,0,deny,manual,1899.00,,true,true,,,,,'10718313,,,,,,,,,,,,,,,,,,,,,,,,,,,,,,,,,,,,,,,,,,,,,,,https://cdn.shopify.com/s/files/1/0618/2368/0740/files/7_2541af6d-39fa-40a6-b6bc-36f5b82363dc.png?v=1760969956,g,,,,,,
6-0-puff-vinyl-print-hoodie-premium-unisex-streetwear,,,,,,,,,black,,,s,,,,,'10718314,0.5,,0,deny,manual,1699.00,,true,true,,,,,'10718314,,,,,,,,,,,,,,,,,,,,,,,,,,,,,,,,,,,,,,,,,,,,,,,https://cdn.shopify.com/s/files/1/0618/2368/0740/files/8_c7ddeac6-c10b-45f4-a4fc-ade9abf3cf1f.png?v=1760969984,g,,,,,,
6-0-puff-vinyl-print-hoodie-premium-unisex-streetwear,,,,,,,,,black,,,m,,,,,'10718315,0.5,,0,deny,manual,1699.00,,true,true,,,,,'10718315,,,,,,,,,,,,,,,,,,,,,,,,,,,,,,,,,,,,,,,,,,,,,,,https://cdn.shopify.com/s/files/1/0618/2368/0740/files/8_c7ddeac6-c10b-45f4-a4fc-ade9abf3cf1f.png?v=1760969984,g,,,,,,
6-0-puff-vinyl-print-hoodie-premium-unisex-streetwear,,,,,,,,,black,,,l,,,,,'10718316,0.5,,-1,deny,manual,1799.00,,true,true,,,,,'10718316,,,,,,,,,,,,,,,,,,,,,,,,,,,,,,,,,,,,,,,,,,,,,,,https://cdn.shopify.com/s/files/1/0618/2368/0740/files/8_c7ddeac6-c10b-45f4-a4fc-ade9abf3cf1f.png?v=1760969984,g,,,,,,
6-0-puff-vinyl-print-hoodie-premium-unisex-streetwear,,,,,,,,,black,,,xl,,,,,'10718317,0.5,,0,deny,manual,1899.00,,true,true,,,,,'10718317,,,,,,,,,,,,,,,,,,,,,,,,,,,,,,,,,,,,,,,,,,,,,,,https://cdn.shopify.com/s/files/1/0618/2368/0740/files/8_c7ddeac6-c10b-45f4-a4fc-ade9abf3cf1f.png?v=1760969984,g,,,,,,
6-0-puff-vinyl-print-hoodie-premium-unisex-streetwear,,,,,,,,,black,,,xxl,,,,,'10707091,0.5,,-1,deny,manual,1899.00,,true,true,,,,,'10707091,,,,,,,,,,,,,,,,,,,,,,,,,,,,,,,,,,,,,,,,,,,,,,,https://cdn.shopify.com/s/files/1/0618/2368/0740/files/8_c7ddeac6-c10b-45f4-a4fc-ade9abf3cf1f.png?v=1760969984,g,,,,,,
women-s-3-piece-nightwear-lounge-set-with-sun-roses-print-plus-size-loungewear,Women 3 Pieces Night Suit - Sun Roses,"<h4>Women's 3 Pieces Night Suit - Sun Roses </h4>
<p data-end=""399"" data-start=""124"">Bring warmth and positivity to your everyday wear with this <em data-end=""214"" data-start=""184"">Sunflower 3-Piece Lounge Set</em>. Featuring a beautiful sunflower-inspired graphic with the uplifting message “In a world full of roses, be a sunflower,” this design adds a touch of charm and inspiration to your look.</p>
<p data-end=""667"" data-start=""401"">The set includes a soft printed inner tee, relaxed-fit trousers, and a lightweight open-front cardigan—perfect for layering and all-day comfort. Made from breathable, skin-friendly fabric, it keeps you feeling cozy while maintaining a stylish, effortless appearance.</p>
<p data-end=""780"" data-start=""669"">Available in multiple colors, this set is ideal for women who love comfort with a meaningful and elegant touch.</p>
<p data-end=""801"" data-start=""782""><strong data-end=""799"" data-start=""782"">Key Features:</strong></p>
<ul data-end=""1110"" data-start=""802"">
<li data-end=""852"" data-start=""802"" data-section-id=""1rqpybj"">3-piece set (printed tee, trousers &amp; cardigan)</li>
<li data-end=""894"" data-start=""853"" data-section-id=""1ald7lp"">Inspirational sunflower graphic print</li>
<li data-end=""936"" data-start=""895"" data-section-id=""1mgmwfr"">Soft, breathable &amp; comfortable fabric</li>
<li data-end=""988"" data-start=""937"" data-section-id=""1dnrbdn"">Relaxed fit with adjustable drawstring trousers</li>
<li data-end=""1026"" data-start=""989"" data-section-id=""1odjt6j"">Lightweight cardigan for layering</li>
<li data-end=""1059"" data-start=""1027"" data-section-id=""arqrzc"">Available in multiple colors</li>
<li data-end=""1110"" data-start=""1060"" data-section-id=""1wc2vm2"">Ideal for lounging, casual wear &amp; home comfort</li>
</ul>",BBG FASHION CLOTHING STORE,Apparel & Accessories > Clothing > Sleepwear & Loungewear > Loungewear,3 Piece Jersey,3 Piece Nightwear,true,Color,brown-1,product.metafields.shopify.color-pattern,Size,Medium,,,,,'10718238,0.0,shopify,99,deny,manual,2499.00,,true,true,,,,,'10718238,https://cdn.shopify.com/s/files/1/0618/2368/0740/files/13_3d83ed73-7cfa-4555-9b71-b3802079b38c.png?v=1759921344,1,Women S 3 Piece Nightwear Lounge Set With Sun Roses Print Plus Size Loungewear - front view - women's wear Pakistan,false,,"Shop the Sunflower 3-piece lounge set with an inspirational graphic print. Soft, comfortable, and perfect for relaxing in style at home.",,,,,,,,,,,,,'3,,,,,,,,brown-1; blue-1,,,,,,,,,,,,,,,,,,,,,g,,,true,,,active
women-s-3-piece-nightwear-lounge-set-with-sun-roses-print-plus-size-loungewear,,,,,,,,,brown-1,,,Large,,,,,'10718239,0.0,shopify,97,deny,manual,2499.00,,true,true,,,,,'10718239,https://cdn.shopify.com/s/files/1/0618/2368/0740/files/1_6b33f410-dbf3-4435-9309-04b0acfaadb7.png?v=1759921476,2,Women S 3 Piece Nightwear Lounge Set With Sun Roses Print Plus Size Loungewear - detail shot - women's wear Pakistan,,,,,,,,,,,,,,,,,,,,,,,,,,,,,,,,,,,,,,,,,,,,,g,,,,,,
women-s-3-piece-nightwear-lounge-set-with-sun-roses-print-plus-size-loungewear,,,,,,,,,brown-1,,,XL,,,,,'10718240,0.0,shopify,92,deny,manual,2499.00,,true,true,,,,,'10718240,https://cdn.shopify.com/s/files/1/0618/2368/0740/files/ChatGPT_Image_Sep_27_2025_07_45_15_PM.png?v=1760795445,3,Womens 3 Piece Nightwear Lounge Set With Neon Heart Print Plus Size Loungewear - front view - women's wear Pakistan,,,,,,,,,,,,,,,,,,,,,,,,,,,,,,,,,,,,,,,,,,,,,g,,,,,,
women-s-3-piece-nightwear-lounge-set-with-sun-roses-print-plus-size-loungewear,,,,,,,,,brown-1,,,XXL,,,,,'10718241,0.0,shopify,92,deny,manual,2699.00,,true,true,,,,,'10718241,,,,,,,,,,,,,,,,,,,,,,,,,,,,,,,,,,,,,,,,,,,,,,,,g,,,,,,
women-s-3-piece-nightwear-lounge-set-with-sun-roses-print-plus-size-loungewear,,,,,,,,,blue-1,,,Medium,,,,,'10718242,0.0,shopify,98,deny,manual,2499.00,,true,true,,,,,'10718242,,,,,,,,,,,,,,,,,,,,,,,,,,,,,,,,,,,,,,,,,,,,,,,,g,,,,,,
women-s-3-piece-nightwear-lounge-set-with-sun-roses-print-plus-size-loungewear,,,,,,,,,blue-1,,,Large,,,,,'10718243,0.0,shopify,97,deny,manual,2499.00,,true,true,,,,,'10718243,,,,,,,,,,,,,,,,,,,,,,,,,,,,,,,,,,,,,,,,,,,,,,,,g,,,,,,
women-s-3-piece-nightwear-lounge-set-with-sun-roses-print-plus-size-loungewear,,,,,,,,,blue-1,,,XL,,,,,'10718244,0.0,shopify,98,deny,manual,2499.00,,true,true,,,,,'10718244,,,,,,,,,,,,,,,,,,,,,,,,,,,,,,,,,,,,,,,,,,,,,,,,g,,,,,,
women-s-3-piece-nightwear-lounge-set-with-sun-roses-print-plus-size-loungewear,,,,,,,,,blue-1,,,XXL,,,,,'10718245,0.0,shopify,97,deny,manual,2699.00,,true,true,,,,,'10718245,,,,,,,,,,,,,,,,,,,,,,,,,,,,,,,,,,,,,,,,,,,,,,,,g,,,,,,
women-s-3-piece-nightwear-lounge-set-with-rainbow-butterfly-print-plus-size-loungewear,Women 3 Pieces Night Suit - Rainbow Butterfly,"<h4>Women 3 Pieces Night Suit - Rainbow Butterfly</h4>
<p class=""isSelectedEnd""><span>Experience the perfect blend of comfort and style with our Women's 3 Pieces Night Suit. Crafted from premium-quality fabric, this sleepwear set is designed to keep you comfortable throughout the night while looking effortlessly elegant.</span></p>
<p class=""isSelectedEnd""><strong><span>Set Includes:</span></strong></p>
<ul data-spread=""false"">
<li>
<p class=""isSelectedEnd""><span>1 Stylish Top</span></p>
</li>
<li>
<p class=""isSelectedEnd""><span>1 Comfortable Trouser</span></p>
</li>
<li>
<p class=""isSelectedEnd""><span>1 Matching Outer Layer</span></p>
</li>
</ul>
<p class=""isSelectedEnd""><strong><span>Product Features:</span></strong><br><span>✔ Soft &amp; Breathable Fabric</span><br><span>✔ Lightweight and Skin-Friendly Material</span><br><span>✔ Relaxed Fit for Maximum Comfort</span><br><span>✔ Durable Stitching and Premium Finish</span><br><span>✔ Ideal for Sleeping, Lounging, and Home Wear</span><br><span>✔ Suitable for All Seasons</span></p>
<p class=""isSelectedEnd""><span>Whether you're relaxing after a long day or enjoying a cozy morning at home, this 3-piece night suit offers the comfort you deserve and the style you love.</span></p>
<p><strong><span>Fabric:</span></strong><span> Premium Cotton Blend</span><br><strong><span>Category:</span></strong><span> Women's Nightwear</span><br><strong><span>Fit:</span></strong><span> Regular Comfort Fit</span><br><strong><span>Care Instructions:</span></strong><span> Machine Washable</span></p>",BBG FASHION CLOTHING STORE,Apparel & Accessories > Clothing > Sleepwear & Loungewear > Loungewear,3 Piece Jersey,3 Piece Nightwear,true,Size,medium,product.metafields.shopify.size,Color,blue-1,product.metafields.shopify.color-pattern,,,,'10718217,0.0,,99,deny,manual,2499.00,,true,true,,,,,'10718217,https://cdn.shopify.com/s/files/1/0618/2368/0740/files/1_ef06c028-c33a-466f-ba98-14b7006e3826.png?v=1759919632,1,Women S 3 Piece Nightwear Lounge Set With Rainbow Butterfly Print Plus Size Loungewear - front view - women's wear Pakistan,false,,"Shop our Women 3 Pieces Night Suit made from soft, breathable cotton for ultimate comfort. Stylish, lightweight, and perfect for sleeping or lounging at home.

",,,adult,,,,,,,,,,,,,adults,,,,,blue-1; brown-1,,,,,,,,,,medium; large; xl; xxl,,,girls,,,,,,,https://cdn.shopify.com/s/files/1/0618/2368/0740/files/1_ef06c028-c33a-466f-ba98-14b7006e3826.png?v=1759919632,g,,,true,,,active
women-s-3-piece-nightwear-lounge-set-with-rainbow-butterfly-print-plus-size-loungewear,,,,,,,,,medium,,,brown-1,,,,,'10718218,0.0,,99,deny,manual,2499.00,,true,true,,,,,'10718218,https://cdn.shopify.com/s/files/1/0618/2368/0740/files/13_1abdc461-1535-479f-b91f-eba150a77c86.png?v=1759919632,2,Women S 3 Piece Nightwear Lounge Set With Rainbow Butterfly Print Plus Size Loungewear - back view - women's wear Pakistan,,,,,,,,,,,,,,,,,,,,,,,,,,,,,,,,,,,,,,,,,,,,https://cdn.shopify.com/s/files/1/0618/2368/0740/files/13_1abdc461-1535-479f-b91f-eba150a77c86.png?v=1759919632,g,,,,,,
women-s-3-piece-nightwear-lounge-set-with-rainbow-butterfly-print-plus-size-loungewear,,,,,,,,,large,,,blue-1,,,,,'10718223,0.0,,99,deny,manual,2499.00,,true,true,,,,,'10718223,https://cdn.shopify.com/s/files/1/0618/2368/0740/files/ChatGPT_Image_Sep_27_2025_07_45_15_PM.png?v=1760795445,3,Womens 3 Piece Nightwear Lounge Set With Neon Heart Print Plus Size Loungewear - front view - women's wear Pakistan,,,,,,,,,,,,,,,,,,,,,,,,,,,,,,,,,,,,,,,,,,,,https://cdn.shopify.com/s/files/1/0618/2368/0740/files/1_ef06c028-c33a-466f-ba98-14b7006e3826.png?v=1759919632,g,,,,,,
women-s-3-piece-nightwear-lounge-set-with-rainbow-butterfly-print-plus-size-loungewear,,,,,,,,,large,,,brown-1,,,,,'10718224,0.0,,99,deny,manual,2499.00,,true,true,,,,,'10718224,,,,,,,,,,,,,,,,,,,,,,,,,,,,,,,,,,,,,,,,,,,,,,,https://cdn.shopify.com/s/files/1/0618/2368/0740/files/13_1abdc461-1535-479f-b91f-eba150a77c86.png?v=1759919632,g,,,,,,
women-s-3-piece-nightwear-lounge-set-with-rainbow-butterfly-print-plus-size-loungewear,,,,,,,,,xl,,,blue-1,,,,,'10718229,0.0,,99,deny,manual,2499.00,,true,true,,,,,'10718229,,,,,,,,,,,,,,,,,,,,,,,,,,,,,,,,,,,,,,,,,,,,,,,https://cdn.shopify.com/s/files/1/0618/2368/0740/files/1_ef06c028-c33a-466f-ba98-14b7006e3826.png?v=1759919632,g,,,,,,
women-s-3-piece-nightwear-lounge-set-with-rainbow-butterfly-print-plus-size-loungewear,,,,,,,,,xl,,,brown-1,,,,,'10718230,0.0,,99,deny,manual,2499.00,,true,true,,,,,'10718230,,,,,,,,,,,,,,,,,,,,,,,,,,,,,,,,,,,,,,,,,,,,,,,https://cdn.shopify.com/s/files/1/0618/2368/0740/files/13_1abdc461-1535-479f-b91f-eba150a77c86.png?v=1759919632,g,,,,,,
women-s-3-piece-nightwear-lounge-set-with-rainbow-butterfly-print-plus-size-loungewear,,,,,,,,,xxl,,,blue-1,,,,,'10718235,0.0,,99,deny,manual,2699.00,,true,true,,,,,'10718235,,,,,,,,,,,,,,,,,,,,,,,,,,,,,,,,,,,,,,,,,,,,,,,https://cdn.shopify.com/s/files/1/0618/2368/0740/files/1_ef06c028-c33a-466f-ba98-14b7006e3826.png?v=1759919632,g,,,,,,
women-s-3-piece-nightwear-lounge-set-with-rainbow-butterfly-print-plus-size-loungewear,,,,,,,,,xxl,,,brown-1,,,,,'10718236,0.0,,99,deny,manual,2699.00,,true,true,,,,,'10718236,,,,,,,,,,,,,,,,,,,,,,,,,,,,,,,,,,,,,,,,,,,,,,,https://cdn.shopify.com/s/files/1/0618/2368/0740/files/13_1abdc461-1535-479f-b91f-eba150a77c86.png?v=1759919632,g,,,,,,
women-s-3-piece-nightwear-lounge-set-with-owl-print-plus-size-loungewear,Women 3 Pieces Night Suit - Owl,"<h4 data-start=""459"" data-end=""720"">Women 3 Pieces Night Suit - Owl</h4>
<p data-start=""352"" data-end=""642"">Relax in comfort and style with our adorable<span> </span><strong data-start=""397"" data-end=""429"">Owl Print 3 Piece Night Suit</strong>, designed for women who love soft fabrics and cute sleepwear. Crafted from premium-quality cotton, this nightwear set keeps you comfortable throughout the night while offering a stylish look for lounging at home.</p>
<h4 data-start=""644"" data-end=""665"">What's Included?</h4>
<p data-start=""666"" data-end=""737"">✔ 1 Owl Print Top<br data-start=""683"" data-end=""686"">✔ 1 Matching Trouser<br data-start=""706"" data-end=""709"">✔ 1 Coordinating Outer Layer</p>
<h4 data-start=""739"" data-end=""760"">Product Features</h4>
<p data-start=""761"" data-end=""974"">✨ Soft &amp; Breathable Cotton Fabric<br data-start=""794"" data-end=""797"">✨ Comfortable Fit for Everyday Wear<br data-start=""832"" data-end=""835"">✨ Cute Owl Print Design<br data-start=""858"" data-end=""861"">✨ Lightweight &amp; Skin-Friendly Material<br data-start=""899"" data-end=""902"">✨ Perfect for Sleeping &amp; Lounging<br data-start=""935"" data-end=""938"">✨ Durable Stitching &amp; Quality Finish</p>
<p data-start=""976"" data-end=""1141"">Whether you're unwinding after a long day or enjoying a lazy weekend morning, this charming owl-print night suit offers the perfect combination of comfort and style.</p>
<p data-start=""1143"" data-end=""1280""><strong data-start=""1143"" data-end=""1154"">Fabric:</strong><span> </span>Premium Cotton<br data-start=""1169"" data-end=""1172""><strong data-start=""1172"" data-end=""1184"">Pattern:</strong><span> </span>Owl Print<br data-start=""1194"" data-end=""1197""><strong data-start=""1197"" data-end=""1207"">Style:</strong><span> </span>3 Piece Night Suit<br data-start=""1226"" data-end=""1229""><strong data-start=""1229"" data-end=""1246"">Suitable For:</strong><span> </span>Sleepwear, Loungewear &amp; Home Wear<span></span></p>",BBG FASHION CLOTHING STORE,Apparel & Accessories > Clothing > Sleepwear & Loungewear > Nightgowns,3 Piece Jersey,3 Piece Nightwear,true,Color,blue-1,product.metafields.shopify.color-pattern,Size,medium,product.metafields.shopify.size,,,,'10718200,0.5,shopify,99,deny,manual,2499.00,,true,true,,,,,'10718200,https://cdn.shopify.com/s/files/1/0618/2368/0740/files/1_a9501f93-8899-4460-8626-e53ca9993244.png?v=1759765566,1,Women S 3 Piece Nightwear Lounge Set With Owl Print Plus Size Loungewear - detail shot - women's wear Pakistan,false,,"Stay cozy in our Women 3 Piece Owl Print Night Suit. Made from soft, breathable cotton for all-night comfort. Includes top, trouser & matching layer. Shop now!",,,,,,,,,,,,,,,,,,,,,blue-1; gray-3; brown-1,,,soft-cotton-jersey,,,,,,,medium; large; xl; xxl,,,female,,,,,,,,g,,,true,,,active
women-s-3-piece-nightwear-lounge-set-with-owl-print-plus-size-loungewear,,,,,,,,,blue-1,,,large,,,,,'10718201,0.5,shopify,99,deny,manual,2499.00,,true,true,,,,,'10718201,https://cdn.shopify.com/s/files/1/0618/2368/0740/files/10_0deab807-97d7-47de-89f5-b51635f5a8d2.png?v=1759765566,2,Women S 3 Piece Nightwear Lounge Set With Owl Print Plus Size Loungewear - close-up detail - women's wear Pakistan,,,,,,,,,,,,,,,,,,,,,,,,,,,,,,,,,,,,,,,,,,,,,g,,,,,,
women-s-3-piece-nightwear-lounge-set-with-owl-print-plus-size-loungewear,,,,,,,,,blue-1,,,xl,,,,,'10718202,0.5,shopify,99,deny,manual,2499.00,,true,true,,,,,'10718202,https://cdn.shopify.com/s/files/1/0618/2368/0740/files/13_6e92cd44-aff9-4458-b5ae-4f1281b7dee6.png?v=1759765566,3,Women S 3 Piece Nightwear Lounge Set With Owl Print Plus Size Loungewear - lifestyle view - women's wear Pakistan,,,,,,,,,,,,,,,,,,,,,,,,,,,,,,,,,,,,,,,,,,,,,g,,,,,,
women-s-3-piece-nightwear-lounge-set-with-owl-print-plus-size-loungewear,,,,,,,,,blue-1,,,xxl,,,,,'10718203,0.5,shopify,99,deny,manual,2699.00,,true,true,,,,,'10718203,https://cdn.shopify.com/s/files/1/0618/2368/0740/files/ChatGPT_Image_Sep_27_2025_07_45_15_PM.png?v=1760795445,4,Womens 3 Piece Nightwear Lounge Set With Neon Heart Print Plus Size Loungewear - front view - women's wear Pakistan,,,,,,,,,,,,,,,,,,,,,,,,,,,,,,,,,,,,,,,,,,,,,g,,,,,,
women-s-3-piece-nightwear-lounge-set-with-owl-print-plus-size-loungewear,,,,,,,,,gray-3,,,medium,,,,,'10718204,0.5,shopify,99,deny,manual,2499.00,,true,true,,,,,'10718204,,,,,,,,,,,,,,,,,,,,,,,,,,,,,,,,,,,,,,,,,,,,,,,,g,,,,,,
women-s-3-piece-nightwear-lounge-set-with-owl-print-plus-size-loungewear,,,,,,,,,gray-3,,,large,,,,,'10718205,0.5,shopify,99,deny,manual,2499.00,,true,true,,,,,'10718205,,,,,,,,,,,,,,,,,,,,,,,,,,,,,,,,,,,,,,,,,,,,,,,,g,,,,,,
women-s-3-piece-nightwear-lounge-set-with-owl-print-plus-size-loungewear,,,,,,,,,gray-3,,,xl,,,,,'10718206,0.5,shopify,99,deny,manual,2499.00,,true,true,,,,,'10718206,,,,,,,,,,,,,,,,,,,,,,,,,,,,,,,,,,,,,,,,,,,,,,,,g,,,,,,
women-s-3-piece-nightwear-lounge-set-with-owl-print-plus-size-loungewear,,,,,,,,,gray-3,,,xxl,,,,,'10718207,0.5,shopify,99,deny,manual,2699.00,,true,true,,,,,'10718207,,,,,,,,,,,,,,,,,,,,,,,,,,,,,,,,,,,,,,,,,,,,,,,,g,,,,,,
women-s-3-piece-nightwear-lounge-set-with-owl-print-plus-size-loungewear,,,,,,,,,brown-1,,,medium,,,,,'10718212,0.5,shopify,99,deny,manual,2499.00,,true,true,,,,,'10718212,,,,,,,,,,,,,,,,,,,,,,,,,,,,,,,,,,,,,,,,,,,,,,,,g,,,,,,
women-s-3-piece-nightwear-lounge-set-with-owl-print-plus-size-loungewear,,,,,,,,,brown-1,,,large,,,,,'10718213,0.5,shopify,99,deny,manual,2499.00,,true,true,,,,,'10718213,,,,,,,,,,,,,,,,,,,,,,,,,,,,,,,,,,,,,,,,,,,,,,,,g,,,,,,
women-s-3-piece-nightwear-lounge-set-with-owl-print-plus-size-loungewear,,,,,,,,,brown-1,,,xl,,,,,'10718214,0.5,shopify,99,deny,manual,2499.00,,true,true,,,,,'10718214,,,,,,,,,,,,,,,,,,,,,,,,,,,,,,,,,,,,,,,,,,,,,,,,g,,,,,,
women-s-3-piece-nightwear-lounge-set-with-owl-print-plus-size-loungewear,,,,,,,,,brown-1,,,xxl,,,,,'10707087,0.5,shopify,99,deny,manual,2699.00,,true,true,,,,,'10707087,,,,,,,,,,,,,,,,,,,,,,,,,,,,,,,,,,,,,,,,,,,,,,,,g,,,,,,
women-s-3-piece-nightwear-lounge-set-with-never-giveup-print-plus-size-loungewear,Women 3 Pieces Night Suit - Never Give Up,"<h4 data-start=""459"" data-end=""720"">Women 3 Pieces Night Suit - Never Give Up</h4>
<p class=""isSelectedEnd""><span>Experience the perfect blend of comfort and style with our Women's 3 Pieces Night Suit. Crafted from premium-quality fabric, this sleepwear set is designed to keep you comfortable throughout the night while looking effortlessly elegant.</span></p>
<p class=""isSelectedEnd""><strong><span>Set Includes:</span></strong></p>
<ul data-spread=""false"">
<li>
<p class=""isSelectedEnd""><span>1 Stylish Top</span></p>
</li>
<li>
<p class=""isSelectedEnd""><span>1 Comfortable Trouser</span></p>
</li>
<li>
<p class=""isSelectedEnd""><span>1 Matching Outer Layer</span></p>
</li>
</ul>
<p class=""isSelectedEnd""><strong><span>Product Features:</span></strong><br><span>✔ Soft &amp; Breathable Fabric</span><br><span>✔ Lightweight and Skin-Friendly Material</span><br><span>✔ Relaxed Fit for Maximum Comfort</span><br><span>✔ Durable Stitching and Premium Finish</span><br><span>✔ Ideal for Sleeping, Lounging, and Home Wear</span><br><span>✔ Suitable for All Seasons</span></p>
<p class=""isSelectedEnd""><span>Whether you're relaxing after a long day or enjoying a cozy morning at home, this 3-piece night suit offers the comfort you deserve and the style you love.</span></p>
<p><strong><span>Fabric:</span></strong><span> Premium Cotton Blend</span><br><strong><span>Category:</span></strong><span> Women's Nightwear</span><br><strong><span>Fit:</span></strong><span> Regular Comfort Fit</span><br><strong><span>Care Instructions:</span></strong><span> Machine Washable</span></p>",BBG FASHION CLOTHING STORE,Apparel & Accessories > Clothing > Sleepwear & Loungewear > Nightgowns,3 Piece Jersey,3 Piece Nightwear,true,Size,medium,product.metafields.shopify.size,Color,blue-1,product.metafields.shopify.color-pattern,,,,'10718178,0.5,,99,deny,manual,2499.00,,true,false,,,,,'10718178,https://cdn.shopify.com/s/files/1/0618/2368/0740/files/1_c0b3bdaa-738b-4e17-a997-d3274771c4a8.png?v=1759762407,1,Women S 3 Piece Nightwear Lounge Set With Never Giveup Print Plus Size Loungewear - detail shot - women's wear Pakistan,false,,"Shop our Women 3 Pieces Night Suit made from soft, breathable cotton for ultimate comfort. Stylish, lightweight, and perfect for sleeping or lounging at home.

",,,,,,,,,,,,,,,,,,,,,blue-1; brown-1,,,soft-cotton-jersey,,,,,,,medium; large; xl; xxl,,,female,,,,,,,https://cdn.shopify.com/s/files/1/0618/2368/0740/files/1_c0b3bdaa-738b-4e17-a997-d3274771c4a8.png?v=1759762407,g,,,true,,,active
women-s-3-piece-nightwear-lounge-set-with-never-giveup-print-plus-size-loungewear,,,,,,,,,medium,,,brown-1,,,,,'10718181,0.5,,100,deny,manual,2499.00,,true,false,,,,,'10718181,https://cdn.shopify.com/s/files/1/0618/2368/0740/files/13_404663da-b6fe-4cf9-83cf-42c109786e8c.png?v=1759762407,2,Women S 3 Piece Nightwear Lounge Set With Never Giveup Print Plus Size Loungewear - lifestyle view - women's wear Pakistan,,,,,,,,,,,,,,,,,,,,,,,,,,,,,,,,,,,,,,,,,,,,https://cdn.shopify.com/s/files/1/0618/2368/0740/files/13_404663da-b6fe-4cf9-83cf-42c109786e8c.png?v=1759762407,g,,,,,,
women-s-3-piece-nightwear-lounge-set-with-never-giveup-print-plus-size-loungewear,,,,,,,,,large,,,blue-1,,,,,'10718183,0.5,,100,deny,manual,2499.00,,true,false,,,,,'10718183,https://cdn.shopify.com/s/files/1/0618/2368/0740/files/ChatGPT_Image_Sep_27_2025_07_45_15_PM.png?v=1760795445,3,Womens 3 Piece Nightwear Lounge Set With Neon Heart Print Plus Size Loungewear - front view - women's wear Pakistan,,,,,,,,,,,,,,,,,,,,,,,,,,,,,,,,,,,,,,,,,,,,https://cdn.shopify.com/s/files/1/0618/2368/0740/files/1_c0b3bdaa-738b-4e17-a997-d3274771c4a8.png?v=1759762407,g,,,,,,
women-s-3-piece-nightwear-lounge-set-with-never-giveup-print-plus-size-loungewear,,,,,,,,,large,,,brown-1,,,,,'10718186,0.5,,100,deny,manual,2499.00,,true,false,,,,,'10718186,,,,,,,,,,,,,,,,,,,,,,,,,,,,,,,,,,,,,,,,,,,,,,,https://cdn.shopify.com/s/files/1/0618/2368/0740/files/13_404663da-b6fe-4cf9-83cf-42c109786e8c.png?v=1759762407,g,,,,,,
women-s-3-piece-nightwear-lounge-set-with-never-giveup-print-plus-size-loungewear,,,,,,,,,xl,,,blue-1,,,,,'10718188,0.5,,100,deny,manual,2499.00,,true,false,,,,,'10718188,,,,,,,,,,,,,,,,,,,,,,,,,,,,,,,,,,,,,,,,,,,,,,,https://cdn.shopify.com/s/files/1/0618/2368/0740/files/1_c0b3bdaa-738b-4e17-a997-d3274771c4a8.png?v=1759762407,g,,,,,,
women-s-3-piece-nightwear-lounge-set-with-never-giveup-print-plus-size-loungewear,,,,,,,,,xl,,,brown-1,,,,,'10718191,0.5,,100,deny,manual,2499.00,,true,false,,,,,'10718191,,,,,,,,,,,,,,,,,,,,,,,,,,,,,,,,,,,,,,,,,,,,,,,https://cdn.shopify.com/s/files/1/0618/2368/0740/files/13_404663da-b6fe-4cf9-83cf-42c109786e8c.png?v=1759762407,g,,,,,,
women-s-3-piece-nightwear-lounge-set-with-never-giveup-print-plus-size-loungewear,,,,,,,,,xxl,,,blue-1,,,,,'10718193,0.5,,98,deny,manual,2699.00,,true,false,,,,,'10718193,,,,,,,,,,,,,,,,,,,,,,,,,,,,,,,,,,,,,,,,,,,,,,,https://cdn.shopify.com/s/files/1/0618/2368/0740/files/1_c0b3bdaa-738b-4e17-a997-d3274771c4a8.png?v=1759762407,g,,,,,,
women-s-3-piece-nightwear-lounge-set-with-never-giveup-print-plus-size-loungewear,,,,,,,,,xxl,,,brown-1,,,,,'10707086,0.5,,100,deny,manual,2699.00,,true,false,,,,,'10707086,,,,,,,,,,,,,,,,,,,,,,,,,,,,,,,,,,,,,,,,,,,,,,,https://cdn.shopify.com/s/files/1/0618/2368/0740/files/13_404663da-b6fe-4cf9-83cf-42c109786e8c.png?v=1759762407,g,,,,,,
crimson-stride-kids-tracksuit,Elite Stripe Kids Tracksuit – Red,"<p data-start=""180"" data-end=""438"">Add a bold and energetic touch to your child’s wardrobe with the <strong data-start=""245"" data-end=""282"">Elite Stripe Kids Tracksuit – Red</strong>. Designed with a vibrant red base and sleek stripe detailing, this set includes a comfortable t-shirt and matching jogger pants for a sporty, stylish look.</p>
<p data-start=""440"" data-end=""600"">Crafted from soft, breathable fabric, it ensures all-day comfort while allowing easy movement for active kids. Perfect for playtime, outings, and everyday wear.</p>
<p data-start=""602"" data-end=""623"">✨ <strong data-start=""604"" data-end=""621"">Key Features:</strong></p>
<ul data-start=""624"" data-end=""853"">
<li data-section-id=""qnb1ow"" data-start=""624"" data-end=""652"">Stylish stripe detailing</li>
<li data-section-id=""10nog7w"" data-start=""653"" data-end=""691"">Bold red color for a standout look</li>
<li data-section-id=""3pudom"" data-start=""692"" data-end=""735"">Soft, breathable &amp; skin-friendly fabric</li>
<li data-section-id=""12sy1jd"" data-start=""736"" data-end=""777"">Comfortable t-shirt with jogger pants</li>
<li data-section-id=""p4smcy"" data-start=""778"" data-end=""814"">Flexible fit for active movement</li>
<li data-section-id=""1x5ozes"" data-start=""815"" data-end=""853"">Ideal for playtime and casual wear</li>
</ul>",BBG FASHION CLOTHING STORE,Apparel & Accessories > Clothing > Baby & Toddler Clothing > Baby & Toddler Outfits,Kids Pajama Set,Kids Pajama Set,true,Size,1-2-years,product.metafields.shopify.size,,,,,,,'10718163,0.4,,-4,deny,manual,1399.00,,true,false,,,,,'10718163,https://cdn.shopify.com/s/files/1/0618/2368/0740/files/WhatsApp_Image_2026-04-11_at_6.29.42_PM_3.jpg?v=1775914545,1,Crimson Stride Kids Tracksuit - front view - kids wear Pakistan,false,,"Shop the Elite Stripe Kids Tracksuit in red featuring a stylish stripe design and breathable fabric—perfect for playtime, outings, and everyday comfort.",,,,,,,,,,,,,,,,,breathable-design,,,,red,,,soft-cotton-jersey,,,,,,,1-2-years; 3-4-years; 5-6-years; 7-8-years; 9-10-years,,,girls; unisex,,,,,,,https://cdn.shopify.com/s/files/1/0618/2368/0740/files/WhatsApp_Image_2026-04-11_at_6.29.42_PM_3.jpg?v=1775914545,g,,,true,,,active
crimson-stride-kids-tracksuit,,,,,,,,,3-4-years,,,,,,,,'10718166,0.4,,-1,deny,manual,1399.00,,true,false,,,,,'10718166,https://cdn.shopify.com/s/files/1/0618/2368/0740/files/WhatsApp_Image_2026-04-11_at_6.29.42_PM.jpg?v=1775914545,2,Crimson Stride Kids Tracksuit - back view - kids wear Pakistan,,,,,,,,,,,,,,,,,,,,,,,,,,,,,,,,,,,,,,,,,,,,https://cdn.shopify.com/s/files/1/0618/2368/0740/files/WhatsApp_Image_2026-04-11_at_6.29.42_PM_3.jpg?v=1775914545,g,,,,,,
crimson-stride-kids-tracksuit,,,,,,,,,5-6-years,,,,,,,,'10718169,0.4,,-1,deny,manual,1399.00,,true,false,,,,,'10718169,https://cdn.shopify.com/s/files/1/0618/2368/0740/files/WhatsApp_Image_2026-04-11_at_6.29.41_PM.jpg?v=1775914545,3,Crimson Stride Kids Tracksuit - side view - kids wear Pakistan,,,,,,,,,,,,,,,,,,,,,,,,,,,,,,,,,,,,,,,,,,,,https://cdn.shopify.com/s/files/1/0618/2368/0740/files/WhatsApp_Image_2026-04-11_at_6.29.42_PM_3.jpg?v=1775914545,g,,,,,,
crimson-stride-kids-tracksuit,,,,,,,,,7-8-years,,,,,,,,'10718172,0.4,,0,deny,manual,1399.00,,true,false,,,,,'10718172,https://cdn.shopify.com/s/files/1/0618/2368/0740/files/WhatsApp_Image_2026-04-11_at_6.29.42_PM_1.jpg?v=1775914545,4,Crimson Stride Kids Tracksuit - detail shot - kids wear Pakistan,,,,,,,,,,,,,,,,,,,,,,,,,,,,,,,,,,,,,,,,,,,,https://cdn.shopify.com/s/files/1/0618/2368/0740/files/WhatsApp_Image_2026-04-11_at_6.29.42_PM_3.jpg?v=1775914545,g,,,,,,
crimson-stride-kids-tracksuit,,,,,,,,,9-10-years,,,,,,,,'10718175,0.4,,0,deny,manual,1399.00,,true,false,,,,,'10718175,https://cdn.shopify.com/s/files/1/0618/2368/0740/files/WhatsApp_Image_2026-04-11_at_6.29.42_PM_2.jpg?v=1775914545,5,Crimson Stride Kids Tracksuit - front view - kids wear Pakistan,,,,,,,,,,,,,,,,,,,,,,,,,,,,,,,,,,,,,,,,,,,,https://cdn.shopify.com/s/files/1/0618/2368/0740/files/WhatsApp_Image_2026-04-11_at_6.29.42_PM_3.jpg?v=1775914545,g,,,,,,
crimson-stride-kids-tracksuit,,,,,,,,,,,,,,,,,,,,,,,,,,,,,,,,https://cdn.shopify.com/s/files/1/0618/2368/0740/files/bbg_ecade065-9976-40f2-98be-8f438fa2c994.png?v=1775914545,6,We Can Be Heroes Matching Set T Shirt And Pants - detail shot - unisex wear Pakistan,,,,,,,,,,,,,,,,,,,,,,,,,,,,,,,,,,,,,,,,,,,,,,,,,,,
bunny-blossom-tee-lilac-pants-set-girls-summer-outfit,Bunny Blossom Tee & Lilac Pants Set – Girls Summer Outfit,"<p data-start=""231"" data-end=""456"">Let your little one shine in adorable style with the <em data-start=""284"" data-end=""315"">Bunny Blossom Kids Co-Ord Set</em>. This charming outfit features a cute bunny graphic on a soft white tee, paired with elegant lavender trousers for a sweet and stylish look.</p>
<p data-start=""458"" data-end=""700"">Designed with comfort in mind, the breathable fabric keeps your child relaxed all day—whether it’s playtime, outings, or casual wear. The elastic waistband ensures a perfect fit, while the pastel tones give a soft, trendy feel that kids love.</p>
<p data-start=""702"" data-end=""777"">It’s the perfect mix of cuteness and comfort—made for happy little moments.</p>
<p data-start=""779"" data-end=""798""><strong data-start=""779"" data-end=""796"">Key Features:</strong></p>
<ul data-start=""799"" data-end=""1006"">
<li data-section-id=""15vdfkq"" data-start=""799"" data-end=""847"">Soft &amp; breathable fabric for all-day comfort</li>
<li data-section-id=""efuzvn"" data-start=""848"" data-end=""880"">Adorable bunny graphic print</li>
<li data-section-id=""bwe0a7"" data-start=""881"" data-end=""928"">Trendy lavender trousers with elastic waist</li>
<li data-section-id=""6suwp0"" data-start=""929"" data-end=""959"">Lightweight &amp; easy to wear</li>
<li data-section-id=""6uhnvi"" data-start=""960"" data-end=""1006"">Perfect for daily wear, playtime &amp; outings</li>
</ul>",BBG FASHION CLOTHING STORE,Apparel & Accessories > Clothing > Baby & Toddler Clothing > Baby & Toddler Outfits,Kids Pajama Set,Kids Pajama Set,false,Size,1-2-years,product.metafields.shopify.size,,,,,,,'10718159,0.5,,99,deny,manual,999.00,,true,false,,,,,'10718159,https://cdn.shopify.com/s/files/1/0618/2368/0740/files/4_78.webp?v=1772882935,1,Bunny Blossom Tee Lilac Pants Set Girls Summer Outfit - front view - unisex wear Pakistan,false,,"Shop the Bunny Blossom Kids Lavender Co-Ord Set with a cute bunny print and soft fabric. Stylish, comfortable, and perfect for everyday wear.",,,,,,,,,,,,,,,,,breathable-design,,,,multicolor; animal; floral,,,soft-cotton-jersey,,,,,,,1-2-years; 3-4-years; 5-6-years; 7-8-years; 9-10-years,,,girls,,,,,,,,g,,,true,,,draft
bunny-blossom-tee-lilac-pants-set-girls-summer-outfit,,,,,,,,,3-4-years,,,,,,,,'10758906,0.5,,98,deny,manual,999.00,,true,false,,,,,'10758906,https://cdn.shopify.com/s/files/1/0618/2368/0740/files/1_79.webp?v=1772882956,2,Bunny Blossom Tee Lilac Pants Set Girls Summer Outfit - back view - unisex wear Pakistan,,,,,,,,,,,,,,,,,,,,,,,,,,,,,,,,,,,,,,,,,,,,,g,,,,,,
bunny-blossom-tee-lilac-pants-set-girls-summer-outfit,,,,,,,,,5-6-years,,,,,,,,'10758907,0.5,,99,deny,manual,999.00,,true,false,,,,,'10758907,https://cdn.shopify.com/s/files/1/0618/2368/0740/files/2_79.webp?v=1772882956,3,Bunny Blossom Tee Lilac Pants Set Girls Summer Outfit - side view - unisex wear Pakistan,,,,,,,,,,,,,,,,,,,,,,,,,,,,,,,,,,,,,,,,,,,,,g,,,,,,
bunny-blossom-tee-lilac-pants-set-girls-summer-outfit,,,,,,,,,7-8-years,,,,,,,,'10758908,0.5,,99,deny,manual,999.00,,true,false,,,,,'10758908,https://cdn.shopify.com/s/files/1/0618/2368/0740/files/3_82.webp?v=1772882956,4,Bunny Blossom Tee Lilac Pants Set Girls Summer Outfit - detail shot - unisex wear Pakistan,,,,,,,,,,,,,,,,,,,,,,,,,,,,,,,,,,,,,,,,,,,,,g,,,,,,
bunny-blossom-tee-lilac-pants-set-girls-summer-outfit,,,,,,,,,9-10-years,,,,,,,,'10758909,0.5,,98,deny,manual,999.00,,true,false,,,,,'10758909,https://cdn.shopify.com/s/files/1/0618/2368/0740/files/5_79.webp?v=1772882956,5,Bunny Blossom Tee Lilac Pants Set Girls Summer Outfit - front view - unisex wear Pakistan,,,,,,,,,,,,,,,,,,,,,,,,,,,,,,,,,,,,,,,,,,,,,g,,,,,,
bunny-blossom-tee-lilac-pants-set-girls-summer-outfit,,,,,,,,,,,,,,,,,,,,,,,,,,,,,,,,https://cdn.shopify.com/s/files/1/0618/2368/0740/files/imgi_20_imgi_80_BBg_Kids_Size_chart_1080x_1_1080x_540x_17e8be58-f128-4fe1-a532-e7d89a58b51e.webp?v=1774369747,6,Yellow Police Car Pajama Set size chart - measurements guide,,,,,,,,,,,,,,,,,,,,,,,,,,,,,,,,,,,,,,,,,,,,,,,,,,,
cloudsoft-cotton-pajama-collection,Polar Penguin Kids Night Suit – Sky Blue - issue,"<h4>Polar Penguin Kids Night Suit – Sky Blue</h4>
<p data-start=""251"" data-end=""458"">Wrap your little one in cozy comfort with the <em data-start=""297"" data-end=""328"">Polar Penguin Kids Night Suit</em>. Featuring a soft sky blue full-sleeve shirt with an adorable penguin family print, this set brings a calm and cute bedtime vibe.</p>
<p data-start=""460"" data-end=""720"">The matching trousers are designed with playful penguin and wave patterns, adding a fun touch while keeping things soft and comfortable. Made from breathable, skin-friendly fabric, this outfit is perfect for a restful night’s sleep or relaxed lounging at home.</p>
<p data-start=""722"" data-end=""817"">With its cozy feel and charming design, it’s a must-have for your child’s nightwear collection.</p>
<p data-start=""819"" data-end=""838""><strong data-start=""819"" data-end=""836"">Key Features:</strong></p>
<ul data-start=""839"" data-end=""1059"">
<li data-section-id=""11ypm3m"" data-start=""839"" data-end=""887"">Soft &amp; breathable fabric for maximum comfort</li>
<li data-section-id=""1tst5i3"" data-start=""888"" data-end=""926"">Cute penguin family graphic on top</li>
<li data-section-id=""7fsw4"" data-start=""927"" data-end=""974"">Matching printed trousers with fun patterns</li>
<li data-section-id=""6uukfe"" data-start=""975"" data-end=""1008"">Full sleeves for added warmth</li>
<li data-section-id=""16zm0lf"" data-start=""1009"" data-end=""1059"">Ideal for nightwear, lounging &amp; winter comfort</li>
</ul>",BBG FASHION,Apparel & Accessories > Clothing > Baby & Toddler Clothing > Baby & Toddler Outfits,Kids wear,"k, Kids Full Sleeves, NAK, NEW ARRIVAL",false,Size,1-2-years,product.metafields.shopify.size,Color,sky-blue,product.metafields.shopify.color-pattern,,,,'10718155,500.0,shopify,91,deny,manual,899.00,0.00,true,false,,,,,'10718155,https://cdn.shopify.com/s/files/1/0618/2368/0740/files/4_dbd5b040-340c-4922-a668-8a9bcc5551b2.png?v=1776089115,1,Cloudsoft Cotton Pajama Collection - detail shot - unisex wear Pakistan,false,,Kidswear pair of Shirt & Trouser. Fabric: is Soft and High-Quality Jersey with Full Sleeve T-Shirt with Round Neck and Contrast Trouser Printed Cartoon Children's Clothing comfortable to wear and Easy Wash. Available Kids collection wear size 1 - 10 Years with fresh fashions and Funny designs at www.bbgfashion.pk,5622,,,,,,,,,,,,,,,,breathable-design; adjustable-waistband-5,,,,sky-blue,,,soft-cotton-jersey,,,,,,,1-2-years; 3-4-years; 5-6-years; 7-8-years; 9-10-years,,,girls,,,,,,,,kg,,,true,,,draft
cloudsoft-cotton-pajama-collection,,,,,,,,,3-4-years,,,sky-blue,,,,,'10760380,500.0,shopify,123,deny,manual,899.00,0.00,true,false,,,,,'10760380,https://cdn.shopify.com/s/files/1/0618/2368/0740/files/1_eefffc3f-096d-491d-a53b-786e3ac0a25c.png?v=1776089115,2,Cloudsoft Cotton Pajama Collection - front view - unisex wear Pakistan,,,,,,,,,,,,,,,,,,,,,,,,,,,,,,,,,,,,,,,,,,,,,kg,,,,,,
cloudsoft-cotton-pajama-collection,,,,,,,,,5-6-years,,,sky-blue,,,,,'10760381,500.0,shopify,123,deny,manual,899.00,0.00,true,false,,,,,'10760381,https://cdn.shopify.com/s/files/1/0618/2368/0740/files/2_ea198f92-c9ab-412d-a2c4-3e8098781aa1.png?v=1776089115,3,Cloudsoft Cotton Pajama Collection - back view - unisex wear Pakistan,,,,,,,,,,,,,,,,,,,,,,,,,,,,,,,,,,,,,,,,,,,,,kg,,,,,,
cloudsoft-cotton-pajama-collection,,,,,,,,,7-8-years,,,sky-blue,,,,,'10760382,500.0,shopify,123,deny,manual,899.00,0.00,true,false,,,,,'10760382,https://cdn.shopify.com/s/files/1/0618/2368/0740/files/3_db8370dc-3b6a-4463-a5b4-911e4d3ffcdd.png?v=1776089115,4,Cloudsoft Cotton Pajama Collection - side view - unisex wear Pakistan,,,,,,,,,,,,,,,,,,,,,,,,,,,,,,,,,,,,,,,,,,,,,kg,,,,,,
cloudsoft-cotton-pajama-collection,,,,,,,,,9-10-years,,,sky-blue,,,,,'10760383,500.0,shopify,123,deny,manual,899.00,0.00,true,false,,,,,'10760383,https://cdn.shopify.com/s/files/1/0618/2368/0740/files/5_91ff648e-2be1-4301-a778-2c3e51b1b7c9.png?v=1776089116,5,Cloudsoft Cotton Pajama Collection - front view - unisex wear Pakistan,,,,,,,,,,,,,,,,,,,,,,,,,,,,,,,,,,,,,,,,,,,,,kg,,,,,,
cloudsoft-cotton-pajama-collection,,,,,,,,,,,,,,,,,,,,,,,,,,,,,,,,https://cdn.shopify.com/s/files/1/0618/2368/0740/files/imgi_44_imgi_20_imgi_80_BBg_Kids_Size_chart_1080x_1_1080x_540x_1080x_a52bce45-630f-4e35-b7da-405bc6618500.webp?v=1776089349,6,Kids Yellow Cotton T Shirt Trouser Set size chart - measurements guide,,,,,,,,,,,,,,,,,,,,,,,,,,,,,,,,,,,,,,,,,,,,,,,,,,,
stay-cute-bunny-pajama-set,Stay Cute Maroon Pajama Set for Women,"<p data-start=""198"" data-end=""440"">Relax in comfort and style with the <strong data-start=""234"" data-end=""275"">Stay Cute Maroon Pajama Set for Women</strong>. Featuring a charming graphic tee with a cute bunny design and matching maroon polka dot pajama pants, this set is perfect for cozy nights and relaxed days at home.</p>
<p data-start=""442"" data-end=""654"">Made from soft, breathable fabric, this women’s pajama set feels gentle on the skin and ensures all-day comfort. The relaxed fit allows easy movement, making it ideal for sleepwear, lounging, or casual home wear.</p>
<p data-start=""656"" data-end=""677"">✨ <strong data-start=""658"" data-end=""675"">Key Features:</strong></p>
<ul data-start=""678"" data-end=""904"">
<li data-section-id=""1nf4adv"" data-start=""678"" data-end=""720"">Cute “Stay Cute” bunny graphic t-shirt</li>
<li data-section-id=""1ec7fu8"" data-start=""721"" data-end=""762"">Stylish maroon polka dot pajama pants</li>
<li data-section-id=""3pudom"" data-start=""763"" data-end=""806"">Soft, breathable &amp; skin-friendly fabric</li>
<li data-section-id=""cjn6sh"" data-start=""807"" data-end=""844"">Comfortable fit for easy movement</li>
<li data-section-id=""1ipal79"" data-start=""845"" data-end=""904"">Perfect for sleepwear, lounging, and everyday home wear</li>
</ul>",BBG FASHION,Apparel & Accessories > Clothing > Sleepwear & Loungewear,Pajama Set,"casual wear twinset, NEW ARRIVAL, woo",false,Size,Medium,,Material,Soft Jersey,,,,,'10718151,500.0,shopify,45,deny,manual,1399.00,,true,false,,,,,'10718151,https://cdn.shopify.com/s/files/1/0618/2368/0740/files/WhatsApp_Image_2025-06-14_at_3.39.05_PM.jpg?v=1751459218,1,Stay Cute Bunny Pajama Set - front view - unisex wear Pakistan,false,,"Shop the Stay Cute Maroon Pajama Set for women featuring a cute graphic t-shirt and polka dot pants—perfect for sleepwear, lounging, and everyday comfort at home.",,,,,,,,,,,,,,,,,,,,,purple; brown-1; gray-3; pink,,,,,,,,,,,,,,,,,,,,https://cdn.shopify.com/s/files/1/0618/2368/0740/files/WhatsApp_Image_2025-06-14_at_3.39.05_PM.jpg?v=1751459218,g,,,true,,,draft
stay-cute-bunny-pajama-set,,,,,,,,,Large,,,Soft Jersey,,,,,'10718152,500.0,shopify,50,deny,manual,1499.00,,true,false,,,,,'10718152,https://cdn.shopify.com/s/files/1/0618/2368/0740/products/Sizechart_845627d6-01fe-4306-9c59-97ce8268bd09.webp?v=1770983778,2,Yellow Heart Woman Pajama Set Copy size chart - measurements guide,,,,,,,,,,,,,,,,,,,,,,,,,,,,,,,,,,,,,,,,,,,,https://cdn.shopify.com/s/files/1/0618/2368/0740/files/WhatsApp_Image_2025-06-14_at_3.39.05_PM.jpg?v=1751459218,g,,,,,,
stay-cute-bunny-pajama-set,,,,,,,,,XL,,,Soft Jersey,,,,,'10707081,500.0,shopify,50,deny,manual,1599.00,,true,false,,,,,'10707081,,,,,,,,,,,,,,,,,,,,,,,,,,,,,,,,,,,,,,,,,,,,,,,https://cdn.shopify.com/s/files/1/0618/2368/0740/files/WhatsApp_Image_2025-06-14_at_3.39.05_PM.jpg?v=1751459218,g,,,,,,
dream-mode-sleepwear-set,Dream Mode Sleepwear Set,"<h4>Dream Mode Sleepwear Set</h4>
<p data-start=""133"" data-end=""527"">Drift into comfort with our <strong data-start=""191"" data-end=""219"">Dream Mode Sleepwear Set</strong> – designed to bring you peaceful nights and stylish lounging.<br data-start=""281"" data-end=""284"">This cozy two-piece set features a soft blush pink top with cute eyelash graphics and the word <em data-start=""379"" data-end=""388"">""Sleep""</em>, paired with deep maroon jogger-style bottoms featuring a matching print. It's the ideal choice for anyone who takes their rest seriously.</p>
<p data-start=""529"" data-end=""550"">✨ <strong data-start=""531"" data-end=""548"">Key Features:</strong></p>
<ul data-start=""551"" data-end=""827"">
<li data-start=""551"" data-end=""601"">
<p data-start=""553"" data-end=""601"">Soft, stretchable fabric for all-night comfort</p>
</li>
<li data-start=""602"" data-end=""660"">
<p data-start=""604"" data-end=""660"">Stylish contrast color combo: blush pink &amp; rich maroon</p>
</li>
<li data-start=""661"" data-end=""717"">
<p data-start=""663"" data-end=""717"">Relaxed fit with elastic waistband and cuffed ankles</p>
</li>
<li data-start=""718"" data-end=""781"">
<p data-start=""720"" data-end=""781"">Adorable eyelash &amp; “Sleep” graphic adds a cute bedtime vibe</p>
</li>
<li data-start=""782"" data-end=""827"">
<p data-start=""784"" data-end=""827"">Perfect for lounging, bedtime</p>
</li>
</ul>
<p> </p>",BBG FASHION,Apparel & Accessories > Clothing > Sleepwear & Loungewear,Pajama Set,"casual wear twinset, NEW ARRIVAL, woo",false,Size,Medium,,Material,Soft Jersey,,,,,'10718149,500.0,shopify,48,deny,manual,1299.00,,true,false,,,,,'10718149,https://cdn.shopify.com/s/files/1/0618/2368/0740/files/imgi_183_WhatsAppImage2024-08-08at6.13.14PM_1.jpg?v=1751453891,1,Dream Mode Sleepwear Set - front view - unisex wear Pakistan,false,,Sleepy Girl Woman Pajama Set Ladies Sleep Dress Night Wear With Shirt And Trouser for Women very attractive and trendy design Blended Cotton jersey stuff which will provide you most comfort zone at night. Washable Sleep wear Stuff for long lasting Night wear available at www.bbgfashion.pk,,,,,,,,,,,,,,,,,,,,,purple; brown-1; gray-3; pink,,,,,,,,,,,,,,,,,,,,https://cdn.shopify.com/s/files/1/0618/2368/0740/files/imgi_183_WhatsAppImage2024-08-08at6.13.14PM_1.jpg?v=1751453891,g,,,true,,,draft
dream-mode-sleepwear-set,,,,,,,,,Large,,,Soft Jersey,,,,,'10718150,500.0,shopify,50,deny,manual,1299.00,,true,false,,,,,'10718150,https://cdn.shopify.com/s/files/1/0618/2368/0740/products/Sizechart_845627d6-01fe-4306-9c59-97ce8268bd09.webp?v=1770983778,2,Yellow Heart Woman Pajama Set Copy size chart - measurements guide,,,,,,,,,,,,,,,,,,,,,,,,,,,,,,,,,,,,,,,,,,,,https://cdn.shopify.com/s/files/1/0618/2368/0740/files/imgi_183_WhatsAppImage2024-08-08at6.13.14PM_1.jpg?v=1751453891,g,,,,,,
dream-mode-sleepwear-set,,,,,,,,,XL,,,Soft Jersey,,,,,'10707080,500.0,shopify,50,deny,manual,1299.00,,true,false,,,,,'10707080,,,,,,,,,,,,,,,,,,,,,,,,,,,,,,,,,,,,,,,,,,,,,,,https://cdn.shopify.com/s/files/1/0618/2368/0740/files/imgi_183_WhatsAppImage2024-08-08at6.13.14PM_1.jpg?v=1751453891,g,,,,,,
berry-sweet-dreams-pajama-set,Berry Sweet Dreams Pajama Set,"<h4 data-start=""155"" data-end=""522"">Berry Sweet Dreams Pajama Set</h4>
<p data-start=""155"" data-end=""522"">Get cozy and cute in our <strong data-start=""210"" data-end=""243"">Berry Sweet Dreams Pajama Set</strong> – where comfort meets playful charm!<br data-start=""280"" data-end=""283"">This adorable pink pajama set features a big strawberry print on the front and matching berry-patterned bottoms sprinkled with tiny white flowers. Made with soft, breathable fabric, it’s the perfect pick for sweet sleep and chill weekends.</p>
<p data-start=""524"" data-end=""545"">✨ <strong data-start=""526"" data-end=""543"">Key Features:</strong></p>
<ul data-start=""546"" data-end=""798"">
<li data-start=""546"" data-end=""601"">
<p data-start=""548"" data-end=""601"">Lightweight, soft-touch fabric for ultimate comfort</p>
</li>
<li data-start=""602"" data-end=""661"">
<p data-start=""604"" data-end=""661"">Fun strawberry-themed print for a cute &amp; fruity vibe 🍓</p>
</li>
<li data-start=""662"" data-end=""713"">
<p data-start=""664"" data-end=""713"">Short-sleeve top and relaxed-fit pajama bottoms</p>
</li>
<li data-start=""714"" data-end=""762"">
<p data-start=""716"" data-end=""762"">Perfect for lounging, sleepovers, or gifting</p>
</li>
<li data-start=""763"" data-end=""798"">
<p data-start=""765"" data-end=""798"">Easy to wash</p>
</li>
</ul>",BBG FASHION,Apparel & Accessories > Clothing > Sleepwear & Loungewear,Pajama Set,"casual wear twinset, NEW ARRIVAL, woo",false,Size,Medium,,Material,Soft Jersey,,,,,'10718147,500.0,shopify,50,deny,manual,1299.00,,true,false,,,,,'10718147,https://cdn.shopify.com/s/files/1/0618/2368/0740/files/WhatsApp_Image_2025-02-03_at_7.31.08_PM.jpg?v=1751452780,1,Berry Sweet Dreams Pajama Set - front view - unisex wear Pakistan,false,,"Stay comfortable and stylish with this adorable printed nightwear set, featuring a soft short-sleeve top and matching relaxed-fit pants. Perfect for lounging or a cozy night’s sleep, it combines comfort with a playful, trendy design.",,,,,,,,,,,,,,,,,,,,stretchable,floral; fruity,,,soft-cotton-jersey,,,,,,,,,,girls,,,,,,,https://cdn.shopify.com/s/files/1/0618/2368/0740/files/WhatsApp_Image_2025-02-03_at_7.31.08_PM.jpg?v=1751452780,g,,,true,,,draft
berry-sweet-dreams-pajama-set,,,,,,,,,Large,,,Soft Jersey,,,,,'10718148,500.0,shopify,50,deny,manual,1299.00,,true,false,,,,,'10718148,https://cdn.shopify.com/s/files/1/0618/2368/0740/products/Sizechart_845627d6-01fe-4306-9c59-97ce8268bd09.webp?v=1770983778,2,Yellow Heart Woman Pajama Set Copy size chart - measurements guide,,,,,,,,,,,,,,,,,,,,,,,,,,,,,,,,,,,,,,,,,,,,https://cdn.shopify.com/s/files/1/0618/2368/0740/files/WhatsApp_Image_2025-02-03_at_7.31.08_PM.jpg?v=1751452780,g,,,,,,
berry-sweet-dreams-pajama-set,,,,,,,,,XL,,,Soft Jersey,,,,,'10707079,500.0,shopify,50,deny,manual,1299.00,,true,false,,,,,'10707079,,,,,,,,,,,,,,,,,,,,,,,,,,,,,,,,,,,,,,,,,,,,,,,https://cdn.shopify.com/s/files/1/0618/2368/0740/files/WhatsApp_Image_2025-02-03_at_7.31.08_PM.jpg?v=1751452780,g,,,,,,
teddy-love-long-sleeve-pajama-set,Teddy Love Long Sleeve Pajama Set,"<h4>Teddy Love Long Sleeve Pajama Set</h4>
<p data-start=""160"" data-end=""540"">Get ready to cozy up in cuteness with our <strong data-start=""232"" data-end=""269"">Teddy Love Long Sleeve Pajama Set</strong> 🐻💖<br data-start=""274"" data-end=""277"">This adorable set features a soft beige top with charming teddy bear faces and heart prints, paired with matching black pajama pants adorned in the same lovable teddy and heart motif. It's perfect for chilly nights, relaxed weekends, or a playful self-care treat!</p>
<p data-start=""542"" data-end=""563"">✨ <strong data-start=""544"" data-end=""561"">Key Features:</strong></p>
<ul data-start=""564"" data-end=""821"">
<li data-start=""564"" data-end=""620"">
<p data-start=""566"" data-end=""620"">Ultra-soft and breathable fabric for all-day comfort</p>
</li>
<li data-start=""621"" data-end=""681"">
<p data-start=""623"" data-end=""681"">Cute teddy bear &amp; heart-themed prints for a playful look</p>
</li>
<li data-start=""682"" data-end=""731"">
<p data-start=""684"" data-end=""731"">Long-sleeve top for extra warmth and coverage</p>
</li>
<li data-start=""732"" data-end=""773"">
<p data-start=""734"" data-end=""773"">Relaxed-fit drawstring pajama bottoms</p>
</li>
<li data-start=""774"" data-end=""821"">
<p data-start=""776"" data-end=""821"">Ideal for lounging, sleeping, or gifting 🎁</p>
</li>
</ul>
<p> </p>",BBG FASHION,Apparel & Accessories > Clothing > Sleepwear & Loungewear,Pajama Set,"casual wear twinset, NEW ARRIVAL, woo",false,Size,Medium,,Material,Soft Jersey,,,,,'10718145,500.0,shopify,48,deny,manual,1299.00,,true,false,,,,,'10718145,https://cdn.shopify.com/s/files/1/0618/2368/0740/files/imgi_2_485276804_18266730040280799_1756005334455500613_n.jpg?v=1751452059,1,Teddy Love Long Sleeve Pajama Set - front view - unisex wear Pakistan,false,,Sleepy Girl Woman Pajama Set Ladies Sleep Dress Night Wear With Shirt And Trouser for Women very attractive and trendy design Blended Cotton jersey stuff which will provide you most comfort zone at night. Washable Sleep wear Stuff for long lasting Night wear available at www.bbgfashion.pk,,,,,,,,,,,,,,,,,,,,stretchable,dots; floral; animal,,,soft-cotton-jersey,,,,,,,,,,girls,,,,,,,https://cdn.shopify.com/s/files/1/0618/2368/0740/files/imgi_2_485276804_18266730040280799_1756005334455500613_n.jpg?v=1751452059,g,,,true,,,draft
teddy-love-long-sleeve-pajama-set,,,,,,,,,Large,,,Soft Jersey,,,,,'10718146,500.0,shopify,50,deny,manual,1299.00,,true,false,,,,,'10718146,https://cdn.shopify.com/s/files/1/0618/2368/0740/products/Sizechart_845627d6-01fe-4306-9c59-97ce8268bd09.webp?v=1770983778,2,Yellow Heart Woman Pajama Set Copy size chart - measurements guide,,,,,,,,,,,,,,,,,,,,,,,,,,,,,,,,,,,,,,,,,,,,https://cdn.shopify.com/s/files/1/0618/2368/0740/files/imgi_2_485276804_18266730040280799_1756005334455500613_n.jpg?v=1751452059,g,,,,,,
teddy-love-long-sleeve-pajama-set,,,,,,,,,XL,,,Soft Jersey,,,,,'10707078,500.0,shopify,50,deny,manual,1299.00,,true,false,,,,,'10707078,,,,,,,,,,,,,,,,,,,,,,,,,,,,,,,,,,,,,,,,,,,,,,,https://cdn.shopify.com/s/files/1/0618/2368/0740/files/imgi_2_485276804_18266730040280799_1756005334455500613_n.jpg?v=1751452059,g,,,,,,
midnight-bloom-nightwear-set,Midnight Bloom Nightwear Set,"<h4>Midnight Bloom Nightwear Set</h4>
<p data-start=""164"" data-end=""558"">Elevate your bedtime routine with our <strong data-start=""232"" data-end=""271"">Midnight Bloom Nightwear Set</strong>, designed for ultimate comfort and effortless charm.<br data-start=""324"" data-end=""327"">Featuring a rich navy base with delicate floral prints, this soft cotton pajama set is perfect for cozy evenings and restful nights. The lightweight fabric keeps you cool, while the relaxed fit ensures ease and freedom of movement.</p>
<p data-start=""560"" data-end=""581"">✨ <strong data-start=""562"" data-end=""579"">Key Features:</strong></p>
<ul data-start=""582"" data-end=""804"">
<li data-start=""582"" data-end=""614"">
<p data-start=""584"" data-end=""614"">100% soft, breathable cotton jersey</p>
</li>
<li data-start=""615"" data-end=""660"">
<p data-start=""617"" data-end=""660"">Elegant floral design on a dark canvas 🌸</p>
</li>
<li data-start=""661"" data-end=""718"">
<p data-start=""663"" data-end=""718"">Comfy short-sleeve top and matching full-length pants</p>
</li>
<li data-start=""719"" data-end=""768"">
<p data-start=""721"" data-end=""768"">Ideal for warm weather or year-round lounging</p>
</li>
<li data-start=""769"" data-end=""804"">
<p data-start=""771"" data-end=""804"">Easy to wash, color stays fresh</p>
</li>
</ul>",BBG FASHION,Apparel & Accessories > Clothing > Sleepwear & Loungewear,Pajama Set,"casual wear twinset, NEW ARRIVAL, woo",false,Size,Medium,,Material,Soft Jersey,,,,,'10718143,500.0,shopify,50,deny,manual,1299.00,,true,false,,,,,'10718143,https://cdn.shopify.com/s/files/1/0618/2368/0740/files/imgi_8_S816cf979748044d8bc2c9e25b0981c02I_jpg_960x960q75_jpg.avif?v=1751451852,1,Midnight Bloom Nightwear Set - front view - women's wear Pakistan,false,,Sleepy Girl Woman Pajama Set Ladies Sleep Dress Night Wear With Shirt And Trouser for Women very attractive and trendy design Blended Cotton jersey stuff which will provide you most comfort zone at night. Washable Sleep wear Stuff for long lasting Night wear available at www.bbgfashion.pk,,,,,,,,,,,,,,,,,,,,stretchable,dots; floral,,,soft-cotton-jersey,,,,,,,,,,girls,,,,,,,https://cdn.shopify.com/s/files/1/0618/2368/0740/files/imgi_8_S816cf979748044d8bc2c9e25b0981c02I_jpg_960x960q75_jpg.avif?v=1751451852,g,,,true,,,draft
midnight-bloom-nightwear-set,,,,,,,,,Large,,,Soft Jersey,,,,,'10718144,500.0,shopify,50,deny,manual,1299.00,,true,false,,,,,'10718144,https://cdn.shopify.com/s/files/1/0618/2368/0740/products/Sizechart_845627d6-01fe-4306-9c59-97ce8268bd09.webp?v=1770983778,2,Yellow Heart Woman Pajama Set Copy size chart - measurements guide,,,,,,,,,,,,,,,,,,,,,,,,,,,,,,,,,,,,,,,,,,,,https://cdn.shopify.com/s/files/1/0618/2368/0740/files/imgi_8_S816cf979748044d8bc2c9e25b0981c02I_jpg_960x960q75_jpg.avif?v=1751451852,g,,,,,,
midnight-bloom-nightwear-set,,,,,,,,,XL,,,Soft Jersey,,,,,'10707077,500.0,shopify,50,deny,manual,1299.00,,true,false,,,,,'10707077,,,,,,,,,,,,,,,,,,,,,,,,,,,,,,,,,,,,,,,,,,,,,,,https://cdn.shopify.com/s/files/1/0618/2368/0740/files/imgi_8_S816cf979748044d8bc2c9e25b0981c02I_jpg_960x960q75_jpg.avif?v=1751451852,g,,,,,,
love-in-every-thread-pajama-set,Love in Every Thread Pajama Set,"<h4>Love in Every Thread Pajama Set</h4>
<p data-start=""140"" data-end=""519"">Wrap yourself in warmth and affection with our <strong data-start=""217"" data-end=""252"">Love in Every Thread Pajama Set</strong> – made for dreamy nights and cozy cuddles.<br data-start=""295"" data-end=""298"">Featuring a soft cream top with a bold red heart and the words <em data-start=""361"" data-end=""389"">“Something Special – Love”</em>, paired with deep maroon pajama pants adorned with playful white hearts. This set is the perfect expression of comfort and charm.</p>
<p data-start=""521"" data-end=""542"">✨ <strong data-start=""523"" data-end=""540"">Key Features:</strong></p>
<ul data-start=""543"" data-end=""812"">
<li data-start=""543"" data-end=""595"">
<p data-start=""545"" data-end=""595"">Soft, breathable fabric for all-night relaxation</p>
</li>
<li data-start=""596"" data-end=""666"">
<p data-start=""598"" data-end=""666"">Adorable heart-themed design – perfect for self-love or gifting 💝</p>
</li>
<li data-start=""667"" data-end=""701"">
<p data-start=""669"" data-end=""701"">Relaxed fit with easy movement</p>
</li>
<li data-start=""702"" data-end=""767"">
<p data-start=""704"" data-end=""767"">Ideal for sleepovers, Valentine’s vibes, or everyday lounging</p>
</li>
<li data-start=""768"" data-end=""812"">
<p data-start=""770"" data-end=""812"">Machine washable &amp; fade-resistant prints</p>
</li>
</ul>
<p> </p>",BBG FASHION,Apparel & Accessories > Clothing > Sleepwear & Loungewear,Pajama Set,"casual wear twinset, NEW ARRIVAL, woo",false,Size,Medium,,Material,Soft Jersey,,,,,'10718141,500.0,shopify,49,deny,manual,1299.00,,true,false,,,,,'10718141,https://cdn.shopify.com/s/files/1/0618/2368/0740/files/imgi_232_1704436638bdcb96fb2c1dff74b9a0ccd402757f10_thumbnail_900x_3012dd53-adf2-4354-8cd8-fc5ce8143d76.webp?v=1751451628,1,Love In Every Thread Pajama Set - front view - unisex wear Pakistan,false,,Sleepy Girl Woman Pajama Set Ladies Sleep Dress Night Wear With Shirt And Trouser for Women very attractive and trendy design Blended Cotton jersey stuff which will provide you most comfort zone at night. Washable Sleep wear Stuff for long lasting Night wear available at www.bbgfashion.pk,,,,,,,,,,,,,,,,,,,,stretchable,dots,,,soft-cotton-jersey,,,,,,,,,,girls,,,,,,,https://cdn.shopify.com/s/files/1/0618/2368/0740/files/imgi_232_1704436638bdcb96fb2c1dff74b9a0ccd402757f10_thumbnail_900x_3012dd53-adf2-4354-8cd8-fc5ce8143d76.webp?v=1751451628,g,,,true,,,draft
love-in-every-thread-pajama-set,,,,,,,,,Large,,,Soft Jersey,,,,,'10718142,500.0,shopify,50,deny,manual,1299.00,,true,false,,,,,'10718142,https://cdn.shopify.com/s/files/1/0618/2368/0740/products/Sizechart_845627d6-01fe-4306-9c59-97ce8268bd09.webp?v=1770983778,2,Yellow Heart Woman Pajama Set Copy size chart - measurements guide,,,,,,,,,,,,,,,,,,,,,,,,,,,,,,,,,,,,,,,,,,,,https://cdn.shopify.com/s/files/1/0618/2368/0740/files/imgi_232_1704436638bdcb96fb2c1dff74b9a0ccd402757f10_thumbnail_900x_3012dd53-adf2-4354-8cd8-fc5ce8143d76.webp?v=1751451628,g,,,,,,
love-in-every-thread-pajama-set,,,,,,,,,XL,,,Soft Jersey,,,,,'10707076,500.0,shopify,50,deny,manual,1299.00,,true,false,,,,,'10707076,,,,,,,,,,,,,,,,,,,,,,,,,,,,,,,,,,,,,,,,,,,,,,,https://cdn.shopify.com/s/files/1/0618/2368/0740/files/imgi_232_1704436638bdcb96fb2c1dff74b9a0ccd402757f10_thumbnail_900x_3012dd53-adf2-4354-8cd8-fc5ce8143d76.webp?v=1751451628,g,,,,,,
sweet-slumber-plaid-pajama-set,Sweet Slumber Plaid Pajama Set,"<h4>Sweet Slumber Plaid Pajama Set</h4>
<p data-start=""141"" data-end=""526"">Say <em data-start=""175"" data-end=""187"">Good Night</em> in style with our <strong data-start=""206"" data-end=""240"">Sweet Slumber Plaid Pajama Set</strong> – a dreamy blend of comfort and cuteness.<br data-start=""282"" data-end=""285"">This set features a soft heather grey top with a sleepy eye mask graphic and matching text, paired with wide-leg pink plaid pajama bottoms that offer a cozy, breathable fit. Perfect for winding down after a long day or lazy weekend lounging.</p>
<p data-start=""528"" data-end=""549"">✨ <strong data-start=""530"" data-end=""547"">Key Features:</strong></p>
<ul data-start=""550"" data-end=""795"">
<li data-start=""550"" data-end=""600"">
<p data-start=""552"" data-end=""600"">Soft cotton-blend fabric for all-night comfort</p>
</li>
<li data-start=""601"" data-end=""656"">
<p data-start=""603"" data-end=""656"">Relaxed-fit T-shirt with playful “Good Night” print</p>
</li>
<li data-start=""657"" data-end=""707"">
<p data-start=""659"" data-end=""707"">Pink plaid pants with roomy wide-leg design 🩷</p>
</li>
<li data-start=""708"" data-end=""751"">
<p data-start=""710"" data-end=""751"">Ideal for warm nights or cozy home days</p>
</li>
<li data-start=""752"" data-end=""795"">
<p data-start=""754"" data-end=""795"">A cute gift for yourself or a loved one</p>
</li>
</ul>",BBG FASHION,Apparel & Accessories > Clothing > Sleepwear & Loungewear,Pajama Set,"casual wear twinset, NEW ARRIVAL, woo",false,Size,Medium,,Material,Soft Jersey,,,,,'10718139,500.0,shopify,49,deny,manual,1299.00,,true,false,,,,,'10718139,https://cdn.shopify.com/s/files/1/0618/2368/0740/files/imgi_11_170892586741a6e3f93f7b3a4b1864e5972f7223d9_thumbnail_900x_d8447e96-61c7-4883-a52e-7d17d58fee25.webp?v=1751446902,1,Sweet Slumber Plaid Pajama Set - front view - unisex wear Pakistan,false,,Sleepy Girl Woman Pajama Set Ladies Sleep Dress Night Wear With Shirt And Trouser for Women very attractive and trendy design Blended Cotton jersey stuff which will provide you most comfort zone at night. Washable Sleep wear Stuff for long lasting Night wear available at www.bbgfashion.pk,,,,,,,,,,,,,,,,,,,,stretchable,dots,,,soft-cotton-jersey,,,,,,,,,,girls,,,,,,,https://cdn.shopify.com/s/files/1/0618/2368/0740/files/imgi_11_170892586741a6e3f93f7b3a4b1864e5972f7223d9_thumbnail_900x_d8447e96-61c7-4883-a52e-7d17d58fee25.webp?v=1751446902,g,,,true,,,draft
sweet-slumber-plaid-pajama-set,,,,,,,,,Large,,,Soft Jersey,,,,,'10718140,500.0,shopify,50,deny,manual,1299.00,,true,false,,,,,'10718140,https://cdn.shopify.com/s/files/1/0618/2368/0740/products/Sizechart_845627d6-01fe-4306-9c59-97ce8268bd09.webp?v=1770983778,2,Yellow Heart Woman Pajama Set Copy size chart - measurements guide,,,,,,,,,,,,,,,,,,,,,,,,,,,,,,,,,,,,,,,,,,,,https://cdn.shopify.com/s/files/1/0618/2368/0740/files/imgi_11_170892586741a6e3f93f7b3a4b1864e5972f7223d9_thumbnail_900x_d8447e96-61c7-4883-a52e-7d17d58fee25.webp?v=1751446902,g,,,,,,
sweet-slumber-plaid-pajama-set,,,,,,,,,XL,,,Soft Jersey,,,,,'10707075,500.0,shopify,50,deny,manual,1299.00,,true,false,,,,,'10707075,,,,,,,,,,,,,,,,,,,,,,,,,,,,,,,,,,,,,,,,,,,,,,,https://cdn.shopify.com/s/files/1/0618/2368/0740/files/imgi_11_170892586741a6e3f93f7b3a4b1864e5972f7223d9_thumbnail_900x_d8447e96-61c7-4883-a52e-7d17d58fee25.webp?v=1751446902,g,,,,,,
lipstick-love-polka-pajama-set,Lipstick Love Polka Pajama Set,"<h4>Lipstick Love Polka Pajama Set</h4>
<p data-start=""139"" data-end=""496"">Turn up the charm with our <strong data-start=""196"" data-end=""230"">Lipstick Love Polka Pajama Set</strong> – bold, playful, and oh-so-comfy 💋🖤<br data-start=""268"" data-end=""271"">Featuring a chic black top with lipstick and kiss graphics and the word “Girl” in a flirty script, paired with soft lilac pajama bottoms dotted with classic black polka dots – this set is your perfect mix of sass and comfort.</p>
<p data-start=""498"" data-end=""519"">✨ <strong data-start=""500"" data-end=""517"">Key Features:</strong></p>
<ul data-start=""520"" data-end=""814"">
<li data-start=""520"" data-end=""578"">
<p data-start=""522"" data-end=""578"">Silky-soft and stretchable fabric for ultimate comfort</p>
</li>
<li data-start=""579"" data-end=""632"">
<p data-start=""581"" data-end=""632"">Stylish graphic tee with lipstick &amp; kiss print 💄</p>
</li>
<li data-start=""633"" data-end=""689"">
<p data-start=""635"" data-end=""689"">Trendy polka dot bottoms in a flattering lilac shade</p>
</li>
<li data-start=""690"" data-end=""747"">
<p data-start=""692"" data-end=""747"">Relaxed fit, perfect for lounging or casual sleepwear</p>
</li>
<li data-start=""748"" data-end=""814"">
<p data-start=""750"" data-end=""814"">A fun gift for girls' night, Valentine's, or self-care days 🎁</p>
</li>
</ul>",BBG FASHION,Apparel & Accessories > Clothing > Sleepwear & Loungewear,Pajama Set,"casual wear twinset, NEW ARRIVAL, woo",false,Size,Medium,,Material,Soft Jersey,,,,,'10718137,500.0,shopify,50,deny,manual,1399.00,,true,false,,,,,'10718137,https://cdn.shopify.com/s/files/1/0618/2368/0740/files/imgi_15_163728665401a5ba90d4c9c6ebb86afc7f98e8d52b_thumbnail_900x_0809a942-644c-42ad-9017-5dc830e343d2.webp?v=1751444976,1,Lipstick Love Polka Pajama Set - front view - unisex wear Pakistan,false,,Sleepy Girl Woman Pajama Set Ladies Sleep Dress Night Wear With Shirt And Trouser for Women very attractive and trendy design Blended Cotton jersey stuff which will provide you most comfort zone at night. Washable Sleep wear Stuff for long lasting Night wear available at www.bbgfashion.pk,,,,,,,,,,,,,,,,,,,,stretchable,dots,,,soft-cotton-jersey,,,,,,,,,,girls,,,,,,,https://cdn.shopify.com/s/files/1/0618/2368/0740/files/imgi_15_163728665401a5ba90d4c9c6ebb86afc7f98e8d52b_thumbnail_900x_0809a942-644c-42ad-9017-5dc830e343d2.webp?v=1751444976,g,,,true,,,draft
lipstick-love-polka-pajama-set,,,,,,,,,Large,,,Soft Jersey,,,,,'10718138,500.0,shopify,50,deny,manual,1499.00,,true,false,,,,,'10718138,https://cdn.shopify.com/s/files/1/0618/2368/0740/products/Sizechart_845627d6-01fe-4306-9c59-97ce8268bd09.webp?v=1770983778,2,Yellow Heart Woman Pajama Set Copy size chart - measurements guide,,,,,,,,,,,,,,,,,,,,,,,,,,,,,,,,,,,,,,,,,,,,https://cdn.shopify.com/s/files/1/0618/2368/0740/files/imgi_15_163728665401a5ba90d4c9c6ebb86afc7f98e8d52b_thumbnail_900x_0809a942-644c-42ad-9017-5dc830e343d2.webp?v=1751444976,g,,,,,,
lipstick-love-polka-pajama-set,,,,,,,,,XL,,,Soft Jersey,,,,,'10707074,500.0,shopify,50,deny,manual,1599.00,,true,false,,,,,'10707074,,,,,,,,,,,,,,,,,,,,,,,,,,,,,,,,,,,,,,,,,,,,,,,https://cdn.shopify.com/s/files/1/0618/2368/0740/files/imgi_15_163728665401a5ba90d4c9c6ebb86afc7f98e8d52b_thumbnail_900x_0809a942-644c-42ad-9017-5dc830e343d2.webp?v=1751444976,g,,,,,,
lavender-smile-check-lounge-set,Lavender Smile Check Lounge Set,"<h4 data-end=""528"" data-start=""141"">Lavender Smile Check Lounge Set</h4>
<p data-end=""528"" data-start=""141"">Wrap yourself in charm and comfort with our <strong data-end=""250"" data-start=""215"">Lavender Smile Check Lounge Set</strong> 💜<br data-end=""256"" data-start=""253"">This playful two-piece features a silky-soft lavender top with a bold <em data-end=""335"" data-start=""326"">“Smile”</em> script and matching checkered jogger-style pants in soothing purple tones. Perfect for lounging, sleeping, or cozy evenings in, this set is your go-to for effortless style and all-day comfort.</p>
<p data-end=""551"" data-start=""530"">✨ <strong data-end=""549"" data-start=""532"">Key Features:</strong></p>
<ul data-end=""792"" data-start=""552"">
<li data-end=""603"" data-start=""552"">
<p data-end=""603"" data-start=""554"">Smooth, breathable fabric with a luxurious feel</p>
</li>
<li data-end=""647"" data-start=""604"">
<p data-end=""647"" data-start=""606"">Uplifting “Smile” print on the front 😊</p>
</li>
<li data-end=""693"" data-start=""648"">
<p data-end=""693"" data-start=""650"">Soft, cuffed ankle joggers for a snug fit</p>
</li>
<li data-end=""742"" data-start=""694"">
<p data-end=""742"" data-start=""696"">Chic purple plaid pattern for a trendy touch</p>
</li>
<li data-end=""792"" data-start=""743"">
<p data-end=""792"" data-start=""745"">Ideal for summer nights or casual indoor wear</p>
</li>
</ul>",BBG FASHION,Apparel & Accessories > Clothing > Sleepwear & Loungewear,Pajama Set,"casual wear twinset, NEW ARRIVAL, woo",false,Size,Medium,,Material,Soft Jersey,,,,,'10718135,500.0,shopify,50,deny,manual,1299.00,,true,false,,,,,'10718135,https://cdn.shopify.com/s/files/1/0618/2368/0740/files/imgi_14_17155650348cb3424086962b240875400e410c7298_thumbnail_900x_2b3a2ce8-5c00-47bb-81a5-659858e60ff5.webp?v=1751444720,1,Lavender Smile Check Lounge Set - front view - unisex wear Pakistan,false,,Sleepy Girl Woman Pajama Set Ladies Sleep Dress Night Wear With Shirt And Trouser for Women very attractive and trendy design Blended Cotton jersey stuff which will provide you most comfort zone at night. Washable Sleep wear Stuff for long lasting Night wear available at www.bbgfashion.pk,,,,,,,,,,,,,,,,,,,,,checkered,,,soft-cotton-jersey,,,,,,,,,,,,,,,,,https://cdn.shopify.com/s/files/1/0618/2368/0740/files/imgi_14_17155650348cb3424086962b240875400e410c7298_thumbnail_900x_2b3a2ce8-5c00-47bb-81a5-659858e60ff5.webp?v=1751444720,g,,,true,,,draft
lavender-smile-check-lounge-set,,,,,,,,,Large,,,Soft Jersey,,,,,'10718136,500.0,shopify,50,deny,manual,1299.00,,true,false,,,,,'10718136,https://cdn.shopify.com/s/files/1/0618/2368/0740/products/Sizechart_845627d6-01fe-4306-9c59-97ce8268bd09.webp?v=1770983778,2,Yellow Heart Woman Pajama Set Copy size chart - measurements guide,,,,,,,,,,,,,,,,,,,,,,,,,,,,,,,,,,,,,,,,,,,,https://cdn.shopify.com/s/files/1/0618/2368/0740/files/imgi_14_17155650348cb3424086962b240875400e410c7298_thumbnail_900x_2b3a2ce8-5c00-47bb-81a5-659858e60ff5.webp?v=1751444720,g,,,,,,
lavender-smile-check-lounge-set,,,,,,,,,XL,,,Soft Jersey,,,,,'10707073,500.0,shopify,50,deny,manual,1299.00,,true,false,,,,,'10707073,,,,,,,,,,,,,,,,,,,,,,,,,,,,,,,,,,,,,,,,,,,,,,,https://cdn.shopify.com/s/files/1/0618/2368/0740/files/imgi_14_17155650348cb3424086962b240875400e410c7298_thumbnail_900x_2b3a2ce8-5c00-47bb-81a5-659858e60ff5.webp?v=1751444720,g,,,,,,
tulip-bunny-dreams-pajama-set,Tulip Bunny Dreams Pajama Set,"<h4>Tulip Bunny Dreams Pajama Set</h4>
<p data-start=""179"" data-end=""573"">Snuggle into sweetness with our <strong data-start=""241"" data-end=""274"">Tulip Bunny Dreams Pajama Set</strong>, where comfort meets cuteness! 🌷🐰<br data-start=""310"" data-end=""313"">This cozy two-piece features a soft lavender tee with an adorable ""Cute Bunny"" print, paired with vibrant tulip-printed trousers in cheerful pastel tones. Made from breathable, soft cotton jersey, it’s perfect for lounging, relaxing, or a cozy night's sleep.</p>
<p data-start=""575"" data-end=""596"">✨ <strong data-start=""577"" data-end=""594"">Key Features:</strong></p>
<ul data-start=""597"" data-end=""742"">
<li data-start=""597"" data-end=""632"">
<p data-start=""599"" data-end=""632"">Soft &amp; breathable cotton fabric</p>
</li>
<li data-start=""633"" data-end=""667"">
<p data-start=""635"" data-end=""667"">Playful bunny &amp; tulip theme 🌼</p>
</li>
<li data-start=""668"" data-end=""703"">
<p data-start=""670"" data-end=""703"">Relaxed fit for all-day comfort</p>
</li>
<li data-start=""704"" data-end=""742"">
<p data-start=""706"" data-end=""742"">Ideal for spring and summer nights</p>
</li>
</ul>",BBG FASHION,Apparel & Accessories > Clothing > Sleepwear & Loungewear,Pajama Set,casual wear twinset,true,Size,medium,product.metafields.shopify.size,,,,,,,'10718133,500.0,shopify,45,deny,manual,1499.00,,true,false,,,,,'10718133,https://cdn.shopify.com/s/files/1/0618/2368/0740/files/a_3_8c2cb85e-e511-4216-a73a-7cc0e8b46bc4.webp?v=1780577848,1,"",false,,Sleepy Girl Woman Pajama Set Ladies Sleep Dress Night Wear With Shirt And Trouser for Women very attractive and trendy design Blended Cotton jersey stuff which will provide you most comfort zone at night. Washable Sleep wear Stuff for long lasting Night wear available at www.bbgfashion.pk,,,,,,,,,,,,,,,,,,,,,,,,soft-cotton-jersey,,,,,,,medium; large; xl,,,,,,,,,,,g,,,true,,,active
tulip-bunny-dreams-pajama-set,,,,,,,,,large,,,,,,,,'10718134,500.0,shopify,50,deny,manual,1499.00,,true,false,,,,,'10718134,https://cdn.shopify.com/s/files/1/0618/2368/0740/files/a_1_554080c1-c83a-432d-a9bd-900f71adf9e4.webp?v=1780577848,2,"",,,,,,,,,,,,,,,,,,,,,,,,,,,,,,,,,,,,,,,,,,,,,g,,,,,,
tulip-bunny-dreams-pajama-set,,,,,,,,,xl,,,,,,,,'10707072,500.0,shopify,49,deny,manual,1499.00,,true,false,,,,,'10707072,https://cdn.shopify.com/s/files/1/0618/2368/0740/files/a_2_f63138cc-74aa-4c1f-a598-40956b7c4813.webp?v=1780577849,3,"",,,,,,,,,,,,,,,,,,,,,,,,,,,,,,,,,,,,,,,,,,,,,g,,,,,,
tulip-bunny-dreams-pajama-set,,,,,,,,,,,,,,,,,,,,,,,,,,,,,,,,https://cdn.shopify.com/s/files/1/0618/2368/0740/files/Screenshot_2026-02-03_155735_540x_360x_c67e74d2-18ad-48c6-a7b4-0651dabeb088.webp?v=1780577848,4,"",,,,,,,,,,,,,,,,,,,,,,,,,,,,,,,,,,,,,,,,,,,,,,,,,,,
cool-sleeveless-shorts-set,Mono Sport Shorts Set - Black issue,"<h4 data-start=""228"" data-end=""453"">Mono Sport Shorts Set - Black</h4>
<p data-start=""228"" data-end=""453"">Keep it sleek and sporty with the <strong data-start=""262"" data-end=""295"">Mono Sport Shorts Set – Black</strong>. Featuring a modern color-block design with a bold black base, this set includes a sleeveless top and matching shorts—perfect for an active and stylish look.</p>
<p data-start=""455"" data-end=""574"">Made from soft, breathable fabric, it ensures all-day comfort while allowing easy movement for playtime and daily wear.</p>
<p data-start=""576"" data-end=""597"">✨ <strong data-start=""578"" data-end=""595"">Key Features:</strong></p>
<ul data-start=""598"" data-end=""764"">
<li data-section-id=""1fghp3v"" data-start=""598"" data-end=""633"">Modern black color-block design</li>
<li data-section-id=""1xzd5y7"" data-start=""634"" data-end=""662"">Soft &amp; breathable fabric</li>
<li data-section-id=""rl09hx"" data-start=""663"" data-end=""688"">Sleeveless sporty top</li>
<li data-section-id=""ome5ei"" data-start=""689"" data-end=""725"">Comfortable shorts with easy fit</li>
<li data-section-id=""lqaqlz"" data-start=""726"" data-end=""764"">Perfect for summer and active wear</li>
</ul>",BBG FASHION,Apparel & Accessories > Clothing > Baby & Toddler Clothing,kids Sando,Kids Sando Set,false,Size,2-6-months,product.metafields.shopify.size,Color,black,product.metafields.shopify.color-pattern,,,,'10718106,500.0,shopify,99,deny,manual,999.00,0.00,true,false,,,,,'10718106,https://cdn.shopify.com/s/files/1/0618/2368/0740/files/ChatGPT_Image_May_13_2026_07_43_45_PM.webp?v=1778684838,1,"",false,,"Shop the Mono Sport Shorts Set in black featuring a modern color-block design and breathable fabric—perfect for summer wear, playtime, and everyday comfort.",,,,,,,,,,,,,,,,,,,,,black,,,soft-cotton-jersey,,,,,,,2-6-months; 6-12; 13-14-months; 2-3-years; 3-4-years; 4-5-years; 5-6-years,,,,,,,,,,,kg,,,true,,,draft
cool-sleeveless-shorts-set,,,,,,,,,6-12,,,black,,,,,'10760374,500.0,shopify,99,deny,manual,999.00,0.00,true,false,,,,,'10760374,https://cdn.shopify.com/s/files/1/0618/2368/0740/files/ChatGPT_Image_May_13_2026_07_43_47_PM.webp?v=1778684838,2,"",,,,,,,,,,,,,,,,,,,,,,,,,,,,,,,,,,,,,,,,,,,,,kg,,,,,,
cool-sleeveless-shorts-set,,,,,,,,,13-14-months,,,black,,,,,'10760375,500.0,shopify,99,deny,manual,999.00,0.00,true,false,,,,,'10760375,https://cdn.shopify.com/s/files/1/0618/2368/0740/files/ChatGPT_Image_May_13_2026_07_43_51_PM.webp?v=1778684838,3,"",,,,,,,,,,,,,,,,,,,,,,,,,,,,,,,,,,,,,,,,,,,,,kg,,,,,,
