Handle,Title,Body (HTML),Vendor,Product Category,Type,Tags,Published,Option1 Name,Option1 Value,Option1 Linked To,Option2 Name,Option2 Value,Option2 Linked To,Option3 Name,Option3 Value,Option3 Linked To,Variant SKU,Variant Grams,Variant Inventory Tracker,Variant Inventory Qty,Variant Inventory Policy,Variant Fulfillment Service,Variant Price,Variant Compare At Price,Variant Requires Shipping,Variant Taxable,Unit Price Total Measure,Unit Price Total Measure Unit,Unit Price Base Measure,Unit Price Base Measure Unit,Variant Barcode,Image Src,Image Position,Image Alt Text,Gift Card,SEO Title,SEO Description,Google Shopping / Google Product Category,Google Shopping / Gender,Google Shopping / Age Group,Google Shopping / MPN,Google Shopping / Condition,Google Shopping / Custom Product,Google Shopping / Custom Label 0,Google Shopping / Custom Label 1,Google Shopping / Custom Label 2,Google Shopping / Custom Label 3,Google Shopping / Custom Label 4,Google: Custom Product (product.metafields.mm-google-shopping.custom_product),Product rating count (product.metafields.reviews.rating_count),Activewear clothing features (product.metafields.shopify.activewear-clothing-features),Activity (product.metafields.shopify.activity),Age group (product.metafields.shopify.age-group),Baby/Toddler clothing features (product.metafields.shopify.baby-toddler-clothing-features),Baby/Toddler sleepwear style (product.metafields.shopify.baby-toddler-sleepwear-style),Care instructions (product.metafields.shopify.care-instructions),Clothing features (product.metafields.shopify.clothing-features),Color (product.metafields.shopify.color-pattern),Dress occasion (product.metafields.shopify.dress-occasion),Dress style (product.metafields.shopify.dress-style),Fabric (product.metafields.shopify.fabric),Fit (product.metafields.shopify.fit),Intimate apparel features (product.metafields.shopify.intimate-apparel-features),Neckline (product.metafields.shopify.neckline),One-piece style (product.metafields.shopify.one-piece-style),Outerwear clothing features (product.metafields.shopify.outerwear-clothing-features),Pants length type (product.metafields.shopify.pants-length-type),Size (product.metafields.shopify.size),Skirt/Dress length type (product.metafields.shopify.skirt-dress-length-type),Sleeve length type (product.metafields.shopify.sleeve-length-type),Target gender (product.metafields.shopify.target-gender),Top length type (product.metafields.shopify.top-length-type),Waist rise (product.metafields.shopify.waist-rise),Complementary products (product.metafields.shopify--discovery--product_recommendation.complementary_products),Related products (product.metafields.shopify--discovery--product_recommendation.related_products),Related products settings (product.metafields.shopify--discovery--product_recommendation.related_products_display),Search product boosts (product.metafields.shopify--discovery--product_search_boost.queries),Variant Image,Variant Weight Unit,Variant Tax Code,Cost per item,Included / Pakistan,Price / Pakistan,Compare At Price / Pakistan,Status
its-all-out-there-printed-hoodie,,,,,,,,,Medium,,,Yellow,,,,,'10716366,700.0,,0,deny,manual,1599.00,0.00,true,false,,,,,'10716366,,,,,,,,,,,,,,,,,,,,,,,,,,,,,,,,,,,,,,,,,,,,,,,https://cdn.shopify.com/s/files/1/0618/2368/0740/files/56_449a7676-5a79-4bcd-ab2d-2740b3fbf5d9.png?v=1735227800,g,,0.00,,,,
its-all-out-there-printed-hoodie,,,,,,,,,Medium,,,Olive Green,,,,,'10716367,700.0,,0,deny,manual,1599.00,0.00,true,false,,,,,'10716367,,,,,,,,,,,,,,,,,,,,,,,,,,,,,,,,,,,,,,,,,,,,,,,https://cdn.shopify.com/s/files/1/0618/2368/0740/files/103_84e28188-1e81-428a-a348-b65972656e85.png?v=1735227800,g,,0.00,,,,
its-all-out-there-printed-hoodie,,,,,,,,,Medium,,,Rose Gold,,,,,'10716368,700.0,,0,deny,manual,1599.00,0.00,true,false,,,,,'10716368,,,,,,,,,,,,,,,,,,,,,,,,,,,,,,,,,,,,,,,,,,,,,,,https://cdn.shopify.com/s/files/1/0618/2368/0740/files/76.png?v=1735227800,g,,0.00,,,,
its-all-out-there-printed-hoodie,,,,,,,,,Medium,,,Cream,,,,,'10716369,700.0,,0,deny,manual,1599.00,0.00,true,false,,,,,'10716369,,,,,,,,,,,,,,,,,,,,,,,,,,,,,,,,,,,,,,,,,,,,,,,https://cdn.shopify.com/s/files/1/0618/2368/0740/files/186_a17e7566-e113-48a6-8b05-757d8b4a9383.png?v=1735227800,g,,0.00,,,,
its-all-out-there-printed-hoodie,,,,,,,,,Medium,,,Grey,,,,,'10716370,700.0,,0,deny,manual,1599.00,0.00,true,false,,,,,'10716370,,,,,,,,,,,,,,,,,,,,,,,,,,,,,,,,,,,,,,,,,,,,,,,https://cdn.shopify.com/s/files/1/0618/2368/0740/files/213.png?v=1735226279,g,,0.00,,,,
its-all-out-there-printed-hoodie,,,,,,,,,Medium,,,Mustard,,,,,'10716371,700.0,,0,deny,manual,1599.00,0.00,true,false,,,,,'10716371,,,,,,,,,,,,,,,,,,,,,,,,,,,,,,,,,,,,,,,,,,,,,,,https://cdn.shopify.com/s/files/1/0618/2368/0740/files/260.png?v=1735226293,g,,0.00,,,,
its-all-out-there-printed-hoodie,,,,,,,,,Medium,,,Silver,,,,,'10716372,700.0,,0,deny,manual,1599.00,0.00,true,false,,,,,'10716372,,,,,,,,,,,,,,,,,,,,,,,,,,,,,,,,,,,,,,,,,,,,,,,https://cdn.shopify.com/s/files/1/0618/2368/0740/files/158.png?v=1735226307,g,,0.00,,,,
its-all-out-there-printed-hoodie,,,,,,,,,Large,,,Black,,,,,'10716373,700.0,,0,deny,manual,1599.00,0.00,true,false,,,,,'10716373,,,,,,,,,,,,,,,,,,,,,,,,,,,,,,,,,,,,,,,,,,,,,,,https://cdn.shopify.com/s/files/1/0618/2368/0740/files/244_c51c9f66-65a0-4995-80ae-11357a471631.png?v=1735227757,g,,0.00,,,,
its-all-out-there-printed-hoodie,,,,,,,,,Large,,,Blue,,,,,'10716374,700.0,,0,deny,manual,1599.00,0.00,true,false,,,,,'10716374,,,,,,,,,,,,,,,,,,,,,,,,,,,,,,,,,,,,,,,,,,,,,,,https://cdn.shopify.com/s/files/1/0618/2368/0740/files/130.png?v=1735227800,g,,0.00,,,,
its-all-out-there-printed-hoodie,,,,,,,,,Large,,,Yellow,,,,,'10716375,700.0,,0,deny,manual,1599.00,0.00,true,false,,,,,'10716375,,,,,,,,,,,,,,,,,,,,,,,,,,,,,,,,,,,,,,,,,,,,,,,https://cdn.shopify.com/s/files/1/0618/2368/0740/files/56_449a7676-5a79-4bcd-ab2d-2740b3fbf5d9.png?v=1735227800,g,,0.00,,,,
its-all-out-there-printed-hoodie,,,,,,,,,Large,,,Olive Green,,,,,'10716376,700.0,,0,deny,manual,1599.00,0.00,true,false,,,,,'10716376,,,,,,,,,,,,,,,,,,,,,,,,,,,,,,,,,,,,,,,,,,,,,,,https://cdn.shopify.com/s/files/1/0618/2368/0740/files/103_84e28188-1e81-428a-a348-b65972656e85.png?v=1735227800,g,,0.00,,,,
its-all-out-there-printed-hoodie,,,,,,,,,Large,,,Rose Gold,,,,,'10716377,700.0,,0,deny,manual,1599.00,0.00,true,false,,,,,'10716377,,,,,,,,,,,,,,,,,,,,,,,,,,,,,,,,,,,,,,,,,,,,,,,https://cdn.shopify.com/s/files/1/0618/2368/0740/files/76.png?v=1735227800,g,,0.00,,,,
its-all-out-there-printed-hoodie,,,,,,,,,Large,,,Cream,,,,,'10716378,700.0,,0,deny,manual,1599.00,0.00,true,false,,,,,'10716378,,,,,,,,,,,,,,,,,,,,,,,,,,,,,,,,,,,,,,,,,,,,,,,https://cdn.shopify.com/s/files/1/0618/2368/0740/files/186_a17e7566-e113-48a6-8b05-757d8b4a9383.png?v=1735227800,g,,0.00,,,,
its-all-out-there-printed-hoodie,,,,,,,,,Large,,,Grey,,,,,'10716379,700.0,,0,deny,manual,1599.00,0.00,true,false,,,,,'10716379,,,,,,,,,,,,,,,,,,,,,,,,,,,,,,,,,,,,,,,,,,,,,,,https://cdn.shopify.com/s/files/1/0618/2368/0740/files/213.png?v=1735226279,g,,0.00,,,,
its-all-out-there-printed-hoodie,,,,,,,,,Large,,,Mustard,,,,,'10716380,700.0,,0,deny,manual,1599.00,0.00,true,false,,,,,'10716380,,,,,,,,,,,,,,,,,,,,,,,,,,,,,,,,,,,,,,,,,,,,,,,https://cdn.shopify.com/s/files/1/0618/2368/0740/files/260.png?v=1735226293,g,,0.00,,,,
its-all-out-there-printed-hoodie,,,,,,,,,Large,,,Silver,,,,,'10716381,700.0,,0,deny,manual,1599.00,0.00,true,false,,,,,'10716381,,,,,,,,,,,,,,,,,,,,,,,,,,,,,,,,,,,,,,,,,,,,,,,https://cdn.shopify.com/s/files/1/0618/2368/0740/files/158.png?v=1735226307,g,,0.00,,,,
its-all-out-there-printed-hoodie,,,,,,,,,XL,,,Black,,,,,'10716382,700.0,,0,deny,manual,1699.00,0.00,true,false,,,,,'10716382,,,,,,,,,,,,,,,,,,,,,,,,,,,,,,,,,,,,,,,,,,,,,,,https://cdn.shopify.com/s/files/1/0618/2368/0740/files/244_c51c9f66-65a0-4995-80ae-11357a471631.png?v=1735227757,g,,0.00,,,,
its-all-out-there-printed-hoodie,,,,,,,,,XL,,,Blue,,,,,'10716383,700.0,,-1,deny,manual,1699.00,0.00,true,false,,,,,'10716383,,,,,,,,,,,,,,,,,,,,,,,,,,,,,,,,,,,,,,,,,,,,,,,https://cdn.shopify.com/s/files/1/0618/2368/0740/files/130.png?v=1735227800,g,,0.00,,,,
its-all-out-there-printed-hoodie,,,,,,,,,XL,,,Yellow,,,,,'10716384,700.0,,0,deny,manual,1699.00,0.00,true,false,,,,,'10716384,,,,,,,,,,,,,,,,,,,,,,,,,,,,,,,,,,,,,,,,,,,,,,,https://cdn.shopify.com/s/files/1/0618/2368/0740/files/56_449a7676-5a79-4bcd-ab2d-2740b3fbf5d9.png?v=1735227800,g,,0.00,,,,
its-all-out-there-printed-hoodie,,,,,,,,,XL,,,Olive Green,,,,,'10716385,700.0,,0,deny,manual,1699.00,0.00,true,false,,,,,'10716385,,,,,,,,,,,,,,,,,,,,,,,,,,,,,,,,,,,,,,,,,,,,,,,https://cdn.shopify.com/s/files/1/0618/2368/0740/files/103_84e28188-1e81-428a-a348-b65972656e85.png?v=1735227800,g,,0.00,,,,
its-all-out-there-printed-hoodie,,,,,,,,,XL,,,Rose Gold,,,,,'10716386,700.0,,0,deny,manual,1699.00,0.00,true,false,,,,,'10716386,,,,,,,,,,,,,,,,,,,,,,,,,,,,,,,,,,,,,,,,,,,,,,,https://cdn.shopify.com/s/files/1/0618/2368/0740/files/76.png?v=1735227800,g,,0.00,,,,
its-all-out-there-printed-hoodie,,,,,,,,,XL,,,Cream,,,,,'10716387,700.0,,0,deny,manual,1699.00,0.00,true,false,,,,,'10716387,,,,,,,,,,,,,,,,,,,,,,,,,,,,,,,,,,,,,,,,,,,,,,,https://cdn.shopify.com/s/files/1/0618/2368/0740/files/186_a17e7566-e113-48a6-8b05-757d8b4a9383.png?v=1735227800,g,,0.00,,,,
its-all-out-there-printed-hoodie,,,,,,,,,XL,,,Grey,,,,,'10716388,700.0,,0,deny,manual,1699.00,0.00,true,false,,,,,'10716388,,,,,,,,,,,,,,,,,,,,,,,,,,,,,,,,,,,,,,,,,,,,,,,https://cdn.shopify.com/s/files/1/0618/2368/0740/files/213.png?v=1735226279,g,,0.00,,,,
its-all-out-there-printed-hoodie,,,,,,,,,XL,,,Mustard,,,,,'10716389,700.0,,0,deny,manual,1699.00,0.00,true,false,,,,,'10716389,,,,,,,,,,,,,,,,,,,,,,,,,,,,,,,,,,,,,,,,,,,,,,,https://cdn.shopify.com/s/files/1/0618/2368/0740/files/260.png?v=1735226293,g,,0.00,,,,
its-all-out-there-printed-hoodie,,,,,,,,,XL,,,Silver,,,,,'10716390,700.0,,0,deny,manual,1699.00,0.00,true,false,,,,,'10716390,,,,,,,,,,,,,,,,,,,,,,,,,,,,,,,,,,,,,,,,,,,,,,,https://cdn.shopify.com/s/files/1/0618/2368/0740/files/158.png?v=1735226307,g,,0.00,,,,
its-all-out-there-printed-hoodie,,,,,,,,,XXL,,,Black,,,,,'10716391,700.0,,0,deny,manual,1799.00,0.00,true,false,,,,,'10716391,,,,,,,,,,,,,,,,,,,,,,,,,,,,,,,,,,,,,,,,,,,,,,,https://cdn.shopify.com/s/files/1/0618/2368/0740/files/244_c51c9f66-65a0-4995-80ae-11357a471631.png?v=1735227757,g,,0.00,,,,
its-all-out-there-printed-hoodie,,,,,,,,,XXL,,,Blue,,,,,'10716392,700.0,,0,deny,manual,1799.00,0.00,true,false,,,,,'10716392,,,,,,,,,,,,,,,,,,,,,,,,,,,,,,,,,,,,,,,,,,,,,,,https://cdn.shopify.com/s/files/1/0618/2368/0740/files/130.png?v=1735227800,g,,0.00,,,,
its-all-out-there-printed-hoodie,,,,,,,,,XXL,,,Yellow,,,,,'10716393,700.0,,-1,deny,manual,1799.00,0.00,true,false,,,,,'10716393,,,,,,,,,,,,,,,,,,,,,,,,,,,,,,,,,,,,,,,,,,,,,,,https://cdn.shopify.com/s/files/1/0618/2368/0740/files/56_449a7676-5a79-4bcd-ab2d-2740b3fbf5d9.png?v=1735227800,g,,0.00,,,,
its-all-out-there-printed-hoodie,,,,,,,,,XXL,,,Olive Green,,,,,'10716394,700.0,,0,deny,manual,1799.00,0.00,true,false,,,,,'10716394,,,,,,,,,,,,,,,,,,,,,,,,,,,,,,,,,,,,,,,,,,,,,,,https://cdn.shopify.com/s/files/1/0618/2368/0740/files/103_84e28188-1e81-428a-a348-b65972656e85.png?v=1735227800,g,,0.00,,,,
its-all-out-there-printed-hoodie,,,,,,,,,XXL,,,Rose Gold,,,,,'10716395,700.0,,0,deny,manual,1799.00,0.00,true,false,,,,,'10716395,,,,,,,,,,,,,,,,,,,,,,,,,,,,,,,,,,,,,,,,,,,,,,,https://cdn.shopify.com/s/files/1/0618/2368/0740/files/76.png?v=1735227800,g,,0.00,,,,
its-all-out-there-printed-hoodie,,,,,,,,,XXL,,,Cream,,,,,'10716396,700.0,,-1,deny,manual,1799.00,0.00,true,false,,,,,'10716396,,,,,,,,,,,,,,,,,,,,,,,,,,,,,,,,,,,,,,,,,,,,,,,https://cdn.shopify.com/s/files/1/0618/2368/0740/files/186_a17e7566-e113-48a6-8b05-757d8b4a9383.png?v=1735227800,g,,0.00,,,,
its-all-out-there-printed-hoodie,,,,,,,,,XXL,,,Grey,,,,,'10716397,700.0,,0,deny,manual,1799.00,0.00,true,false,,,,,'10716397,,,,,,,,,,,,,,,,,,,,,,,,,,,,,,,,,,,,,,,,,,,,,,,https://cdn.shopify.com/s/files/1/0618/2368/0740/files/213.png?v=1735226279,g,,0.00,,,,
its-all-out-there-printed-hoodie,,,,,,,,,XXL,,,Mustard,,,,,'10716398,700.0,,0,deny,manual,1799.00,0.00,true,false,,,,,'10716398,,,,,,,,,,,,,,,,,,,,,,,,,,,,,,,,,,,,,,,,,,,,,,,https://cdn.shopify.com/s/files/1/0618/2368/0740/files/260.png?v=1735226293,g,,0.00,,,,
its-all-out-there-printed-hoodie,,,,,,,,,XXL,,,Silver,,,,,'10706977,700.0,,0,deny,manual,1799.00,0.00,true,false,,,,,'10706977,,,,,,,,,,,,,,,,,,,,,,,,,,,,,,,,,,,,,,,,,,,,,,,https://cdn.shopify.com/s/files/1/0618/2368/0740/files/158.png?v=1735226307,g,,0.00,,,,
believe-in-yourself-printed-hoodie,Believe in Yourself Printed Hoodie,"<p data-start=""351"" data-end=""618"">Make a bold statement with this stylish <strong data-start=""391"" data-end=""411"">“Believe” hoodie</strong>, designed for teenagers and young adults who want to stand out with confidence. Featuring a vibrant, eye-catching graphic with the message <em data-start=""551"" data-end=""572"">Believe in Yourself</em>, this hoodie blends fashion with inspiration.</p>
<p data-start=""620"" data-end=""859"">Crafted from premium-quality, soft fabric, it offers warmth, comfort, and durability for everyday wear. The relaxed fit, adjustable hood, and front kangaroo pocket make it perfect for casual outings, college, hangouts, or streetwear looks.</p>
<p data-start=""861"" data-end=""988"">Whether you’re layering up for winter or adding a statement piece to your outfit, this hoodie delivers both style and attitude.</p>
<p data-start=""990"" data-end=""1038"">Available in multiple colors to match your vibe.</p>
<p data-start=""1040"" data-end=""1055""><strong data-start=""1040"" data-end=""1055"">✨ Features:</strong></p>
<ul data-start=""1056"" data-end=""1328"">
<li data-section-id=""lg4ote"" data-start=""1056"" data-end=""1093"">Premium soft &amp; comfortable fabric</li>
<li data-section-id=""8rquo0"" data-start=""1094"" data-end=""1141"">Stylish “Believe in Yourself” graphic print</li>
<li data-section-id=""17yxzqq"" data-start=""1142"" data-end=""1186"">Relaxed fit for a modern streetwear look</li>
<li data-section-id=""mpxd7j"" data-start=""1187"" data-end=""1212"">Front kangaroo pocket</li>
<li data-section-id=""19fffhi"" data-start=""1213"" data-end=""1250"">Adjustable hood for added comfort</li>
<li data-section-id=""ub1db6"" data-start=""1251"" data-end=""1295"">Ideal for casual wear, college &amp; outings</li>
<li data-section-id=""arqrzc"" data-start=""1296"" data-end=""1328"">Available in multiple colors</li>
</ul>",BBG FASHION,Apparel & Accessories > Clothing > Clothing Tops > Hoodies,Hoodie For Her,"Hoodie For Her, wintercollection, woo",false,Size,Small,,Color,Black,,,,,'10716311,700.0,,0,deny,manual,1599.00,0.00,true,false,,,,,'10716311,https://cdn.shopify.com/s/files/1/0618/2368/0740/files/236.png?v=1735225315,1,Believe In Yourself Printed Hoodie - front view - unisex wear Pakistan,false,,"hop stylish “Believe in Yourself” hoodie for teens & adults. Comfortable, trendy streetwear hoodie in multiple colors. Perfect for casual & winter wear.",,,,,,,,,,,,,,,,,,,,,,,,,,,,,,,,,,,,,,,,,https://cdn.shopify.com/s/files/1/0618/2368/0740/files/236.png?v=1735225315,g,,0.00,true,,,draft
believe-in-yourself-printed-hoodie,,,,,,,,,Small,,,Blue,,,,,'10716312,700.0,,0,deny,manual,1599.00,0.00,true,false,,,,,'10716312,https://cdn.shopify.com/s/files/1/0618/2368/0740/files/126.png?v=1735225315,2,Believe In Yourself Printed Hoodie - back view - unisex wear Pakistan,,,,,,,,,,,,,,,,,,,,,,,,,,,,,,,,,,,,,,,,,,,,https://cdn.shopify.com/s/files/1/0618/2368/0740/files/126.png?v=1735225315,g,,0.00,,,,
believe-in-yourself-printed-hoodie,,,,,,,,,Small,,,Yellow,,,,,'10716313,700.0,,0,deny,manual,1599.00,0.00,true,false,,,,,'10716313,https://cdn.shopify.com/s/files/1/0618/2368/0740/files/180.png?v=1735225315,3,Believe In Yourself Printed Hoodie - side view - unisex wear Pakistan,,,,,,,,,,,,,,,,,,,,,,,,,,,,,,,,,,,,,,,,,,,,https://cdn.shopify.com/s/files/1/0618/2368/0740/files/54_d4375820-c84f-4494-85fc-471ce5a51207.png?v=1735225315,g,,0.00,,,,
believe-in-yourself-printed-hoodie,,,,,,,,,Small,,,Olive Green,,,,,'10716314,700.0,,0,deny,manual,1599.00,0.00,true,false,,,,,'10716314,https://cdn.shopify.com/s/files/1/0618/2368/0740/files/hoodiesizechart_8ec3b445-d6a7-4993-8fe3-cf237f05a022.webp?v=1765455802,4,Sun Flower Printed Hoodie size chart - measurements guide,,,,,,,,,,,,,,,,,,,,,,,,,,,,,,,,,,,,,,,,,,,,https://cdn.shopify.com/s/files/1/0618/2368/0740/files/100_ad762607-9199-461f-af8f-73f04b4aa2db.png?v=1735225314,g,,0.00,,,,
believe-in-yourself-printed-hoodie,,,,,,,,,Small,,,Rose Gold,,,,,'10716315,700.0,,0,deny,manual,1599.00,0.00,true,false,,,,,'10716315,https://cdn.shopify.com/s/files/1/0618/2368/0740/files/54_d4375820-c84f-4494-85fc-471ce5a51207.png?v=1735225315,5,Believe In Yourself Printed Hoodie - front view - unisex wear Pakistan,,,,,,,,,,,,,,,,,,,,,,,,,,,,,,,,,,,,,,,,,,,,https://cdn.shopify.com/s/files/1/0618/2368/0740/files/74_9443c68d-319e-476a-8a90-44c5f2ae9c73.png?v=1735225314,g,,0.00,,,,
believe-in-yourself-printed-hoodie,,,,,,,,,Small,,,Cream,,,,,'10716316,700.0,,0,deny,manual,1599.00,0.00,true,false,,,,,'10716316,https://cdn.shopify.com/s/files/1/0618/2368/0740/files/100_ad762607-9199-461f-af8f-73f04b4aa2db.png?v=1735225314,6,Believe In Yourself Printed Hoodie - back view - unisex wear Pakistan,,,,,,,,,,,,,,,,,,,,,,,,,,,,,,,,,,,,,,,,,,,,https://cdn.shopify.com/s/files/1/0618/2368/0740/files/180.png?v=1735225315,g,,0.00,,,,
believe-in-yourself-printed-hoodie,,,,,,,,,Small,,,Grey,,,,,'10716317,700.0,,0,deny,manual,1599.00,0.00,true,false,,,,,'10716317,https://cdn.shopify.com/s/files/1/0618/2368/0740/files/74_9443c68d-319e-476a-8a90-44c5f2ae9c73.png?v=1735225314,7,Believe In Yourself Printed Hoodie - side view - unisex wear Pakistan,,,,,,,,,,,,,,,,,,,,,,,,,,,,,,,,,,,,,,,,,,,,https://cdn.shopify.com/s/files/1/0618/2368/0740/files/206_d2ae5ebd-a720-4b8b-9eb1-bcc6cf3a7165.png?v=1735225056,g,,0.00,,,,
believe-in-yourself-printed-hoodie,,,,,,,,,Small,,,Mustard,,,,,'10716318,700.0,,0,deny,manual,1599.00,0.00,true,false,,,,,'10716318,https://cdn.shopify.com/s/files/1/0618/2368/0740/files/206_d2ae5ebd-a720-4b8b-9eb1-bcc6cf3a7165.png?v=1735225056,8,Believe In Yourself Printed Hoodie - detail shot - unisex wear Pakistan,,,,,,,,,,,,,,,,,,,,,,,,,,,,,,,,,,,,,,,,,,,,https://cdn.shopify.com/s/files/1/0618/2368/0740/files/251.png?v=1735225073,g,,0.00,,,,
believe-in-yourself-printed-hoodie,,,,,,,,,Small,,,Silver,,,,,'10716319,700.0,,0,deny,manual,1599.00,0.00,true,false,,,,,'10716319,https://cdn.shopify.com/s/files/1/0618/2368/0740/files/251.png?v=1735225073,9,Believe In Yourself Printed Hoodie - front view - unisex wear Pakistan,,,,,,,,,,,,,,,,,,,,,,,,,,,,,,,,,,,,,,,,,,,,https://cdn.shopify.com/s/files/1/0618/2368/0740/files/153.png?v=1735225120,g,,0.00,,,,
believe-in-yourself-printed-hoodie,,,,,,,,,Medium,,,Black,,,,,'10716320,700.0,,0,deny,manual,1599.00,0.00,true,false,,,,,'10716320,https://cdn.shopify.com/s/files/1/0618/2368/0740/files/153.png?v=1735225120,10,Believe In Yourself Printed Hoodie - back view - unisex wear Pakistan,,,,,,,,,,,,,,,,,,,,,,,,,,,,,,,,,,,,,,,,,,,,https://cdn.shopify.com/s/files/1/0618/2368/0740/files/236.png?v=1735225315,g,,0.00,,,,
believe-in-yourself-printed-hoodie,,,,,,,,,Medium,,,Blue,,,,,'10716321,700.0,,0,deny,manual,1599.00,0.00,true,false,,,,,'10716321,,,,,,,,,,,,,,,,,,,,,,,,,,,,,,,,,,,,,,,,,,,,,,,https://cdn.shopify.com/s/files/1/0618/2368/0740/files/126.png?v=1735225315,g,,0.00,,,,
believe-in-yourself-printed-hoodie,,,,,,,,,Medium,,,Yellow,,,,,'10716322,700.0,,0,deny,manual,1599.00,0.00,true,false,,,,,'10716322,,,,,,,,,,,,,,,,,,,,,,,,,,,,,,,,,,,,,,,,,,,,,,,https://cdn.shopify.com/s/files/1/0618/2368/0740/files/54_d4375820-c84f-4494-85fc-471ce5a51207.png?v=1735225315,g,,0.00,,,,
believe-in-yourself-printed-hoodie,,,,,,,,,Medium,,,Olive Green,,,,,'10716323,700.0,,0,deny,manual,1599.00,0.00,true,false,,,,,'10716323,,,,,,,,,,,,,,,,,,,,,,,,,,,,,,,,,,,,,,,,,,,,,,,https://cdn.shopify.com/s/files/1/0618/2368/0740/files/100_ad762607-9199-461f-af8f-73f04b4aa2db.png?v=1735225314,g,,0.00,,,,
believe-in-yourself-printed-hoodie,,,,,,,,,Medium,,,Rose Gold,,,,,'10716324,700.0,,0,deny,manual,1599.00,0.00,true,false,,,,,'10716324,,,,,,,,,,,,,,,,,,,,,,,,,,,,,,,,,,,,,,,,,,,,,,,https://cdn.shopify.com/s/files/1/0618/2368/0740/files/74_9443c68d-319e-476a-8a90-44c5f2ae9c73.png?v=1735225314,g,,0.00,,,,
believe-in-yourself-printed-hoodie,,,,,,,,,Medium,,,Cream,,,,,'10716325,700.0,,0,deny,manual,1599.00,0.00,true,false,,,,,'10716325,,,,,,,,,,,,,,,,,,,,,,,,,,,,,,,,,,,,,,,,,,,,,,,https://cdn.shopify.com/s/files/1/0618/2368/0740/files/180.png?v=1735225315,g,,0.00,,,,
believe-in-yourself-printed-hoodie,,,,,,,,,Medium,,,Grey,,,,,'10716326,700.0,,0,deny,manual,1599.00,0.00,true,false,,,,,'10716326,,,,,,,,,,,,,,,,,,,,,,,,,,,,,,,,,,,,,,,,,,,,,,,https://cdn.shopify.com/s/files/1/0618/2368/0740/files/206_d2ae5ebd-a720-4b8b-9eb1-bcc6cf3a7165.png?v=1735225056,g,,0.00,,,,
believe-in-yourself-printed-hoodie,,,,,,,,,Medium,,,Mustard,,,,,'10716327,700.0,,0,deny,manual,1599.00,0.00,true,false,,,,,'10716327,,,,,,,,,,,,,,,,,,,,,,,,,,,,,,,,,,,,,,,,,,,,,,,https://cdn.shopify.com/s/files/1/0618/2368/0740/files/251.png?v=1735225073,g,,0.00,,,,
believe-in-yourself-printed-hoodie,,,,,,,,,Medium,,,Silver,,,,,'10716328,700.0,,0,deny,manual,1599.00,0.00,true,false,,,,,'10716328,,,,,,,,,,,,,,,,,,,,,,,,,,,,,,,,,,,,,,,,,,,,,,,https://cdn.shopify.com/s/files/1/0618/2368/0740/files/153.png?v=1735225120,g,,0.00,,,,
believe-in-yourself-printed-hoodie,,,,,,,,,Large,,,Black,,,,,'10716329,700.0,,-1,deny,manual,1599.00,0.00,true,false,,,,,'10716329,,,,,,,,,,,,,,,,,,,,,,,,,,,,,,,,,,,,,,,,,,,,,,,https://cdn.shopify.com/s/files/1/0618/2368/0740/files/236.png?v=1735225315,g,,0.00,,,,
believe-in-yourself-printed-hoodie,,,,,,,,,Large,,,Blue,,,,,'10716330,700.0,,0,deny,manual,1599.00,0.00,true,false,,,,,'10716330,,,,,,,,,,,,,,,,,,,,,,,,,,,,,,,,,,,,,,,,,,,,,,,https://cdn.shopify.com/s/files/1/0618/2368/0740/files/126.png?v=1735225315,g,,0.00,,,,
believe-in-yourself-printed-hoodie,,,,,,,,,Large,,,Yellow,,,,,'10716331,700.0,,0,deny,manual,1599.00,0.00,true,false,,,,,'10716331,,,,,,,,,,,,,,,,,,,,,,,,,,,,,,,,,,,,,,,,,,,,,,,https://cdn.shopify.com/s/files/1/0618/2368/0740/files/54_d4375820-c84f-4494-85fc-471ce5a51207.png?v=1735225315,g,,0.00,,,,
believe-in-yourself-printed-hoodie,,,,,,,,,Large,,,Olive Green,,,,,'10716332,700.0,,0,deny,manual,1599.00,0.00,true,false,,,,,'10716332,,,,,,,,,,,,,,,,,,,,,,,,,,,,,,,,,,,,,,,,,,,,,,,https://cdn.shopify.com/s/files/1/0618/2368/0740/files/100_ad762607-9199-461f-af8f-73f04b4aa2db.png?v=1735225314,g,,0.00,,,,
believe-in-yourself-printed-hoodie,,,,,,,,,Large,,,Rose Gold,,,,,'10716333,700.0,,0,deny,manual,1599.00,0.00,true,false,,,,,'10716333,,,,,,,,,,,,,,,,,,,,,,,,,,,,,,,,,,,,,,,,,,,,,,,https://cdn.shopify.com/s/files/1/0618/2368/0740/files/74_9443c68d-319e-476a-8a90-44c5f2ae9c73.png?v=1735225314,g,,0.00,,,,
believe-in-yourself-printed-hoodie,,,,,,,,,Large,,,Cream,,,,,'10716334,700.0,,0,deny,manual,1599.00,0.00,true,false,,,,,'10716334,,,,,,,,,,,,,,,,,,,,,,,,,,,,,,,,,,,,,,,,,,,,,,,https://cdn.shopify.com/s/files/1/0618/2368/0740/files/180.png?v=1735225315,g,,0.00,,,,
believe-in-yourself-printed-hoodie,,,,,,,,,Large,,,Grey,,,,,'10716335,700.0,,0,deny,manual,1599.00,0.00,true,false,,,,,'10716335,,,,,,,,,,,,,,,,,,,,,,,,,,,,,,,,,,,,,,,,,,,,,,,https://cdn.shopify.com/s/files/1/0618/2368/0740/files/206_d2ae5ebd-a720-4b8b-9eb1-bcc6cf3a7165.png?v=1735225056,g,,0.00,,,,
believe-in-yourself-printed-hoodie,,,,,,,,,Large,,,Mustard,,,,,'10716336,700.0,,0,deny,manual,1599.00,0.00,true,false,,,,,'10716336,,,,,,,,,,,,,,,,,,,,,,,,,,,,,,,,,,,,,,,,,,,,,,,https://cdn.shopify.com/s/files/1/0618/2368/0740/files/251.png?v=1735225073,g,,0.00,,,,
believe-in-yourself-printed-hoodie,,,,,,,,,Large,,,Silver,,,,,'10716337,700.0,,0,deny,manual,1599.00,0.00,true,false,,,,,'10716337,,,,,,,,,,,,,,,,,,,,,,,,,,,,,,,,,,,,,,,,,,,,,,,https://cdn.shopify.com/s/files/1/0618/2368/0740/files/153.png?v=1735225120,g,,0.00,,,,
believe-in-yourself-printed-hoodie,,,,,,,,,XL,,,Black,,,,,'10716338,700.0,,0,deny,manual,1699.00,0.00,true,false,,,,,'10716338,,,,,,,,,,,,,,,,,,,,,,,,,,,,,,,,,,,,,,,,,,,,,,,https://cdn.shopify.com/s/files/1/0618/2368/0740/files/236.png?v=1735225315,g,,0.00,,,,
believe-in-yourself-printed-hoodie,,,,,,,,,XL,,,Blue,,,,,'10716339,700.0,,0,deny,manual,1699.00,0.00,true,false,,,,,'10716339,,,,,,,,,,,,,,,,,,,,,,,,,,,,,,,,,,,,,,,,,,,,,,,https://cdn.shopify.com/s/files/1/0618/2368/0740/files/126.png?v=1735225315,g,,0.00,,,,
believe-in-yourself-printed-hoodie,,,,,,,,,XL,,,Yellow,,,,,'10716340,700.0,,0,deny,manual,1699.00,0.00,true,false,,,,,'10716340,,,,,,,,,,,,,,,,,,,,,,,,,,,,,,,,,,,,,,,,,,,,,,,https://cdn.shopify.com/s/files/1/0618/2368/0740/files/54_d4375820-c84f-4494-85fc-471ce5a51207.png?v=1735225315,g,,0.00,,,,
believe-in-yourself-printed-hoodie,,,,,,,,,XL,,,Olive Green,,,,,'10716341,700.0,,0,deny,manual,1699.00,0.00,true,false,,,,,'10716341,,,,,,,,,,,,,,,,,,,,,,,,,,,,,,,,,,,,,,,,,,,,,,,https://cdn.shopify.com/s/files/1/0618/2368/0740/files/100_ad762607-9199-461f-af8f-73f04b4aa2db.png?v=1735225314,g,,0.00,,,,
believe-in-yourself-printed-hoodie,,,,,,,,,XL,,,Rose Gold,,,,,'10716342,700.0,,0,deny,manual,1699.00,0.00,true,false,,,,,'10716342,,,,,,,,,,,,,,,,,,,,,,,,,,,,,,,,,,,,,,,,,,,,,,,https://cdn.shopify.com/s/files/1/0618/2368/0740/files/74_9443c68d-319e-476a-8a90-44c5f2ae9c73.png?v=1735225314,g,,0.00,,,,
believe-in-yourself-printed-hoodie,,,,,,,,,XL,,,Cream,,,,,'10716343,700.0,,0,deny,manual,1699.00,0.00,true,false,,,,,'10716343,,,,,,,,,,,,,,,,,,,,,,,,,,,,,,,,,,,,,,,,,,,,,,,https://cdn.shopify.com/s/files/1/0618/2368/0740/files/180.png?v=1735225315,g,,0.00,,,,
believe-in-yourself-printed-hoodie,,,,,,,,,XL,,,Grey,,,,,'10716344,700.0,,0,deny,manual,1699.00,0.00,true,false,,,,,'10716344,,,,,,,,,,,,,,,,,,,,,,,,,,,,,,,,,,,,,,,,,,,,,,,https://cdn.shopify.com/s/files/1/0618/2368/0740/files/206_d2ae5ebd-a720-4b8b-9eb1-bcc6cf3a7165.png?v=1735225056,g,,0.00,,,,
believe-in-yourself-printed-hoodie,,,,,,,,,XL,,,Mustard,,,,,'10716345,700.0,,0,deny,manual,1699.00,0.00,true,false,,,,,'10716345,,,,,,,,,,,,,,,,,,,,,,,,,,,,,,,,,,,,,,,,,,,,,,,https://cdn.shopify.com/s/files/1/0618/2368/0740/files/251.png?v=1735225073,g,,0.00,,,,
believe-in-yourself-printed-hoodie,,,,,,,,,XL,,,Silver,,,,,'10716346,700.0,,0,deny,manual,1699.00,0.00,true,false,,,,,'10716346,,,,,,,,,,,,,,,,,,,,,,,,,,,,,,,,,,,,,,,,,,,,,,,https://cdn.shopify.com/s/files/1/0618/2368/0740/files/153.png?v=1735225120,g,,0.00,,,,
believe-in-yourself-printed-hoodie,,,,,,,,,XXL,,,Black,,,,,'10716347,700.0,,0,deny,manual,1799.00,0.00,true,false,,,,,'10716347,,,,,,,,,,,,,,,,,,,,,,,,,,,,,,,,,,,,,,,,,,,,,,,https://cdn.shopify.com/s/files/1/0618/2368/0740/files/236.png?v=1735225315,g,,0.00,,,,
believe-in-yourself-printed-hoodie,,,,,,,,,XXL,,,Blue,,,,,'10716348,700.0,,0,deny,manual,1799.00,0.00,true,false,,,,,'10716348,,,,,,,,,,,,,,,,,,,,,,,,,,,,,,,,,,,,,,,,,,,,,,,https://cdn.shopify.com/s/files/1/0618/2368/0740/files/126.png?v=1735225315,g,,0.00,,,,
believe-in-yourself-printed-hoodie,,,,,,,,,XXL,,,Yellow,,,,,'10716349,700.0,,0,deny,manual,1799.00,0.00,true,false,,,,,'10716349,,,,,,,,,,,,,,,,,,,,,,,,,,,,,,,,,,,,,,,,,,,,,,,https://cdn.shopify.com/s/files/1/0618/2368/0740/files/54_d4375820-c84f-4494-85fc-471ce5a51207.png?v=1735225315,g,,0.00,,,,
believe-in-yourself-printed-hoodie,,,,,,,,,XXL,,,Olive Green,,,,,'10716350,700.0,,0,deny,manual,1799.00,0.00,true,false,,,,,'10716350,,,,,,,,,,,,,,,,,,,,,,,,,,,,,,,,,,,,,,,,,,,,,,,https://cdn.shopify.com/s/files/1/0618/2368/0740/files/100_ad762607-9199-461f-af8f-73f04b4aa2db.png?v=1735225314,g,,0.00,,,,
believe-in-yourself-printed-hoodie,,,,,,,,,XXL,,,Rose Gold,,,,,'10716351,700.0,,0,deny,manual,1799.00,0.00,true,false,,,,,'10716351,,,,,,,,,,,,,,,,,,,,,,,,,,,,,,,,,,,,,,,,,,,,,,,https://cdn.shopify.com/s/files/1/0618/2368/0740/files/74_9443c68d-319e-476a-8a90-44c5f2ae9c73.png?v=1735225314,g,,0.00,,,,
believe-in-yourself-printed-hoodie,,,,,,,,,XXL,,,Cream,,,,,'10716352,700.0,,0,deny,manual,1799.00,0.00,true,false,,,,,'10716352,,,,,,,,,,,,,,,,,,,,,,,,,,,,,,,,,,,,,,,,,,,,,,,https://cdn.shopify.com/s/files/1/0618/2368/0740/files/180.png?v=1735225315,g,,0.00,,,,
believe-in-yourself-printed-hoodie,,,,,,,,,XXL,,,Grey,,,,,'10716353,700.0,,0,deny,manual,1799.00,0.00,true,false,,,,,'10716353,,,,,,,,,,,,,,,,,,,,,,,,,,,,,,,,,,,,,,,,,,,,,,,https://cdn.shopify.com/s/files/1/0618/2368/0740/files/206_d2ae5ebd-a720-4b8b-9eb1-bcc6cf3a7165.png?v=1735225056,g,,0.00,,,,
believe-in-yourself-printed-hoodie,,,,,,,,,XXL,,,Mustard,,,,,'10716354,700.0,,0,deny,manual,1799.00,0.00,true,false,,,,,'10716354,,,,,,,,,,,,,,,,,,,,,,,,,,,,,,,,,,,,,,,,,,,,,,,https://cdn.shopify.com/s/files/1/0618/2368/0740/files/251.png?v=1735225073,g,,0.00,,,,
believe-in-yourself-printed-hoodie,,,,,,,,,XXL,,,Silver,,,,,'10706976,700.0,,0,deny,manual,1799.00,0.00,true,false,,,,,'10706976,,,,,,,,,,,,,,,,,,,,,,,,,,,,,,,,,,,,,,,,,,,,,,,https://cdn.shopify.com/s/files/1/0618/2368/0740/files/153.png?v=1735225120,g,,0.00,,,,
neon-heart-printed-hoodie,Neon Heart Printed Hoodie,"<h4>Neon Heart Printed Hoodie</h4>
<p>This Neon Heart Printed Hoodie is a must-have for any fashion-forward woman. Stand out from the crowd with the vibrant neon heart design. Perfect for adding a pop of color and fun to any outfit, this hoodie is sure to make a statement. Stay warm and stylish with this unique and eye-catching piece.</p>
<p><br></p>",BBG FASHION,Apparel & Accessories > Clothing > Clothing Tops > Hoodies,Hoodie For Her,"Hoodie For Her, wintercollection, woo",false,Size,Small,,Color,Yellow,,,,,'10716267,700.0,,0,deny,manual,1599.00,0.00,true,false,,,,,'10716267,https://cdn.shopify.com/s/files/1/0618/2368/0740/files/53_1cabdb76-12f1-41d9-bbb2-dd7b714f0ebe.png?v=1735218371,1,Neon Heart Printed Hoodie - front view - unisex wear Pakistan,false,,"Look no further for the perfect casual hoodie – Colorful Standard’s take on the modern classic is thoughtfully crafted for the best fit in soft organic cotton.
",,,,,,,,,,,,,,,,,,,,,,,,,,,,,,,,,,,,,,,,,https://cdn.shopify.com/s/files/1/0618/2368/0740/files/53_1cabdb76-12f1-41d9-bbb2-dd7b714f0ebe.png?v=1735218371,g,,0.00,true,,,draft
neon-heart-printed-hoodie,,,,,,,,,Small,,,Blue,,,,,'10716268,700.0,,0,deny,manual,1599.00,0.00,true,false,,,,,'10716268,https://cdn.shopify.com/s/files/1/0618/2368/0740/files/124.png?v=1735224589,2,Neon Heart Printed Hoodie - back view - unisex wear Pakistan,,,,,,,,,,,,,,,,,,,,,,,,,,,,,,,,,,,,,,,,,,,,https://cdn.shopify.com/s/files/1/0618/2368/0740/files/124.png?v=1735224589,g,,0.00,,,,
neon-heart-printed-hoodie,,,,,,,,,Small,,,Black,,,,,'10716269,700.0,,0,deny,manual,1599.00,0.00,true,false,,,,,'10716269,https://cdn.shopify.com/s/files/1/0618/2368/0740/files/230_2dbcae40-fafc-423d-8fc1-a66f34d9b284.png?v=1735224589,3,Neon Heart Printed Hoodie - side view - unisex wear Pakistan,,,,,,,,,,,,,,,,,,,,,,,,,,,,,,,,,,,,,,,,,,,,https://cdn.shopify.com/s/files/1/0618/2368/0740/files/230_2dbcae40-fafc-423d-8fc1-a66f34d9b284.png?v=1735224589,g,,0.00,,,,
neon-heart-printed-hoodie,,,,,,,,,Small,,,Olive Green,,,,,'10716270,700.0,,0,deny,manual,1599.00,0.00,true,false,,,,,'10716270,https://cdn.shopify.com/s/files/1/0618/2368/0740/files/hoodiesizechart_8ec3b445-d6a7-4993-8fe3-cf237f05a022.webp?v=1765455802,4,Sun Flower Printed Hoodie size chart - measurements guide,,,,,,,,,,,,,,,,,,,,,,,,,,,,,,,,,,,,,,,,,,,,https://cdn.shopify.com/s/files/1/0618/2368/0740/files/99_7efaa3ff-ff15-48d4-8899-0280ea323347.png?v=1735224477,g,,0.00,,,,
neon-heart-printed-hoodie,,,,,,,,,Small,,,Rose Gold,,,,,'10716271,700.0,,0,deny,manual,1599.00,0.00,true,false,,,,,'10716271,https://cdn.shopify.com/s/files/1/0618/2368/0740/files/99_7efaa3ff-ff15-48d4-8899-0280ea323347.png?v=1735224477,5,Neon Heart Printed Hoodie - front view - unisex wear Pakistan,,,,,,,,,,,,,,,,,,,,,,,,,,,,,,,,,,,,,,,,,,,,https://cdn.shopify.com/s/files/1/0618/2368/0740/files/74_b08c3a7e-5d7e-4127-8891-6ee68cfb7881.png?v=1735224495,g,,0.00,,,,
neon-heart-printed-hoodie,,,,,,,,,Small,,,Cream,,,,,'10716272,700.0,,0,deny,manual,1599.00,0.00,true,false,,,,,'10716272,https://cdn.shopify.com/s/files/1/0618/2368/0740/files/74_b08c3a7e-5d7e-4127-8891-6ee68cfb7881.png?v=1735224495,6,Neon Heart Printed Hoodie - back view - unisex wear Pakistan,,,,,,,,,,,,,,,,,,,,,,,,,,,,,,,,,,,,,,,,,,,,https://cdn.shopify.com/s/files/1/0618/2368/0740/files/176_b415bcb1-89ad-483e-8fd2-851313ad080c.png?v=1735224509,g,,0.00,,,,
neon-heart-printed-hoodie,,,,,,,,,Small,,,Grey,,,,,'10716273,700.0,,0,deny,manual,1599.00,0.00,true,false,,,,,'10716273,https://cdn.shopify.com/s/files/1/0618/2368/0740/files/176_b415bcb1-89ad-483e-8fd2-851313ad080c.png?v=1735224509,7,Neon Heart Printed Hoodie - side view - unisex wear Pakistan,,,,,,,,,,,,,,,,,,,,,,,,,,,,,,,,,,,,,,,,,,,,https://cdn.shopify.com/s/files/1/0618/2368/0740/files/201.png?v=1735224525,g,,0.00,,,,
neon-heart-printed-hoodie,,,,,,,,,Small,,,Mustard,,,,,'10716274,700.0,,0,deny,manual,1599.00,0.00,true,false,,,,,'10716274,https://cdn.shopify.com/s/files/1/0618/2368/0740/files/201.png?v=1735224525,8,Neon Heart Printed Hoodie - detail shot - unisex wear Pakistan,,,,,,,,,,,,,,,,,,,,,,,,,,,,,,,,,,,,,,,,,,,,https://cdn.shopify.com/s/files/1/0618/2368/0740/files/244.png?v=1735224539,g,,0.00,,,,
neon-heart-printed-hoodie,,,,,,,,,Small,,,Silver,,,,,'10716275,700.0,,0,deny,manual,1599.00,0.00,true,false,,,,,'10716275,https://cdn.shopify.com/s/files/1/0618/2368/0740/files/244.png?v=1735224539,9,Neon Heart Printed Hoodie - front view - unisex wear Pakistan,,,,,,,,,,,,,,,,,,,,,,,,,,,,,,,,,,,,,,,,,,,,https://cdn.shopify.com/s/files/1/0618/2368/0740/files/150.png?v=1735224554,g,,0.00,,,,
neon-heart-printed-hoodie,,,,,,,,,Medium,,,Yellow,,,,,'10716276,700.0,,0,deny,manual,1599.00,0.00,true,false,,,,,'10716276,https://cdn.shopify.com/s/files/1/0618/2368/0740/files/150.png?v=1735224554,10,Neon Heart Printed Hoodie - back view - unisex wear Pakistan,,,,,,,,,,,,,,,,,,,,,,,,,,,,,,,,,,,,,,,,,,,,https://cdn.shopify.com/s/files/1/0618/2368/0740/files/53_1cabdb76-12f1-41d9-bbb2-dd7b714f0ebe.png?v=1735218371,g,,0.00,,,,
neon-heart-printed-hoodie,,,,,,,,,Medium,,,Blue,,,,,'10716277,700.0,,0,deny,manual,1599.00,0.00,true,false,,,,,'10716277,,,,,,,,,,,,,,,,,,,,,,,,,,,,,,,,,,,,,,,,,,,,,,,https://cdn.shopify.com/s/files/1/0618/2368/0740/files/124.png?v=1735224589,g,,0.00,,,,
neon-heart-printed-hoodie,,,,,,,,,Medium,,,Black,,,,,'10716278,700.0,,0,deny,manual,1599.00,0.00,true,false,,,,,'10716278,,,,,,,,,,,,,,,,,,,,,,,,,,,,,,,,,,,,,,,,,,,,,,,https://cdn.shopify.com/s/files/1/0618/2368/0740/files/230_2dbcae40-fafc-423d-8fc1-a66f34d9b284.png?v=1735224589,g,,0.00,,,,
neon-heart-printed-hoodie,,,,,,,,,Medium,,,Olive Green,,,,,'10716279,700.0,,0,deny,manual,1599.00,0.00,true,false,,,,,'10716279,,,,,,,,,,,,,,,,,,,,,,,,,,,,,,,,,,,,,,,,,,,,,,,https://cdn.shopify.com/s/files/1/0618/2368/0740/files/99_7efaa3ff-ff15-48d4-8899-0280ea323347.png?v=1735224477,g,,0.00,,,,
neon-heart-printed-hoodie,,,,,,,,,Medium,,,Rose Gold,,,,,'10716280,700.0,,0,deny,manual,1599.00,0.00,true,false,,,,,'10716280,,,,,,,,,,,,,,,,,,,,,,,,,,,,,,,,,,,,,,,,,,,,,,,https://cdn.shopify.com/s/files/1/0618/2368/0740/files/74_b08c3a7e-5d7e-4127-8891-6ee68cfb7881.png?v=1735224495,g,,0.00,,,,
neon-heart-printed-hoodie,,,,,,,,,Medium,,,Cream,,,,,'10716281,700.0,,0,deny,manual,1599.00,0.00,true,false,,,,,'10716281,,,,,,,,,,,,,,,,,,,,,,,,,,,,,,,,,,,,,,,,,,,,,,,https://cdn.shopify.com/s/files/1/0618/2368/0740/files/176_b415bcb1-89ad-483e-8fd2-851313ad080c.png?v=1735224509,g,,0.00,,,,
neon-heart-printed-hoodie,,,,,,,,,Medium,,,Grey,,,,,'10716282,700.0,,0,deny,manual,1599.00,0.00,true,false,,,,,'10716282,,,,,,,,,,,,,,,,,,,,,,,,,,,,,,,,,,,,,,,,,,,,,,,https://cdn.shopify.com/s/files/1/0618/2368/0740/files/201.png?v=1735224525,g,,0.00,,,,
neon-heart-printed-hoodie,,,,,,,,,Medium,,,Mustard,,,,,'10716283,700.0,,0,deny,manual,1599.00,0.00,true,false,,,,,'10716283,,,,,,,,,,,,,,,,,,,,,,,,,,,,,,,,,,,,,,,,,,,,,,,https://cdn.shopify.com/s/files/1/0618/2368/0740/files/244.png?v=1735224539,g,,0.00,,,,
neon-heart-printed-hoodie,,,,,,,,,Medium,,,Silver,,,,,'10716284,700.0,,0,deny,manual,1599.00,0.00,true,false,,,,,'10716284,,,,,,,,,,,,,,,,,,,,,,,,,,,,,,,,,,,,,,,,,,,,,,,https://cdn.shopify.com/s/files/1/0618/2368/0740/files/150.png?v=1735224554,g,,0.00,,,,
neon-heart-printed-hoodie,,,,,,,,,Large,,,Yellow,,,,,'10716285,700.0,,0,deny,manual,1599.00,0.00,true,false,,,,,'10716285,,,,,,,,,,,,,,,,,,,,,,,,,,,,,,,,,,,,,,,,,,,,,,,https://cdn.shopify.com/s/files/1/0618/2368/0740/files/53_1cabdb76-12f1-41d9-bbb2-dd7b714f0ebe.png?v=1735218371,g,,0.00,,,,
neon-heart-printed-hoodie,,,,,,,,,Large,,,Blue,,,,,'10716286,700.0,,0,deny,manual,1599.00,0.00,true,false,,,,,'10716286,,,,,,,,,,,,,,,,,,,,,,,,,,,,,,,,,,,,,,,,,,,,,,,https://cdn.shopify.com/s/files/1/0618/2368/0740/files/124.png?v=1735224589,g,,0.00,,,,
neon-heart-printed-hoodie,,,,,,,,,Large,,,Black,,,,,'10716287,700.0,,0,deny,manual,1599.00,0.00,true,false,,,,,'10716287,,,,,,,,,,,,,,,,,,,,,,,,,,,,,,,,,,,,,,,,,,,,,,,https://cdn.shopify.com/s/files/1/0618/2368/0740/files/230_2dbcae40-fafc-423d-8fc1-a66f34d9b284.png?v=1735224589,g,,0.00,,,,
neon-heart-printed-hoodie,,,,,,,,,Large,,,Olive Green,,,,,'10716288,700.0,,0,deny,manual,1599.00,0.00,true,false,,,,,'10716288,,,,,,,,,,,,,,,,,,,,,,,,,,,,,,,,,,,,,,,,,,,,,,,https://cdn.shopify.com/s/files/1/0618/2368/0740/files/99_7efaa3ff-ff15-48d4-8899-0280ea323347.png?v=1735224477,g,,0.00,,,,
neon-heart-printed-hoodie,,,,,,,,,Large,,,Rose Gold,,,,,'10716289,700.0,,0,deny,manual,1599.00,0.00,true,false,,,,,'10716289,,,,,,,,,,,,,,,,,,,,,,,,,,,,,,,,,,,,,,,,,,,,,,,https://cdn.shopify.com/s/files/1/0618/2368/0740/files/74_b08c3a7e-5d7e-4127-8891-6ee68cfb7881.png?v=1735224495,g,,0.00,,,,
neon-heart-printed-hoodie,,,,,,,,,Large,,,Cream,,,,,'10716290,700.0,,0,deny,manual,1599.00,0.00,true,false,,,,,'10716290,,,,,,,,,,,,,,,,,,,,,,,,,,,,,,,,,,,,,,,,,,,,,,,https://cdn.shopify.com/s/files/1/0618/2368/0740/files/176_b415bcb1-89ad-483e-8fd2-851313ad080c.png?v=1735224509,g,,0.00,,,,
neon-heart-printed-hoodie,,,,,,,,,Large,,,Grey,,,,,'10716291,700.0,,0,deny,manual,1599.00,0.00,true,false,,,,,'10716291,,,,,,,,,,,,,,,,,,,,,,,,,,,,,,,,,,,,,,,,,,,,,,,https://cdn.shopify.com/s/files/1/0618/2368/0740/files/201.png?v=1735224525,g,,0.00,,,,
neon-heart-printed-hoodie,,,,,,,,,Large,,,Mustard,,,,,'10716292,700.0,,0,deny,manual,1599.00,0.00,true,false,,,,,'10716292,,,,,,,,,,,,,,,,,,,,,,,,,,,,,,,,,,,,,,,,,,,,,,,https://cdn.shopify.com/s/files/1/0618/2368/0740/files/244.png?v=1735224539,g,,0.00,,,,
neon-heart-printed-hoodie,,,,,,,,,Large,,,Silver,,,,,'10716293,700.0,,0,deny,manual,1599.00,0.00,true,false,,,,,'10716293,,,,,,,,,,,,,,,,,,,,,,,,,,,,,,,,,,,,,,,,,,,,,,,https://cdn.shopify.com/s/files/1/0618/2368/0740/files/150.png?v=1735224554,g,,0.00,,,,
neon-heart-printed-hoodie,,,,,,,,,XL,,,Yellow,,,,,'10716294,700.0,,0,deny,manual,1699.00,0.00,true,false,,,,,'10716294,,,,,,,,,,,,,,,,,,,,,,,,,,,,,,,,,,,,,,,,,,,,,,,https://cdn.shopify.com/s/files/1/0618/2368/0740/files/53_1cabdb76-12f1-41d9-bbb2-dd7b714f0ebe.png?v=1735218371,g,,0.00,,,,
neon-heart-printed-hoodie,,,,,,,,,XL,,,Blue,,,,,'10716295,700.0,,0,deny,manual,1699.00,0.00,true,false,,,,,'10716295,,,,,,,,,,,,,,,,,,,,,,,,,,,,,,,,,,,,,,,,,,,,,,,https://cdn.shopify.com/s/files/1/0618/2368/0740/files/124.png?v=1735224589,g,,0.00,,,,
neon-heart-printed-hoodie,,,,,,,,,XL,,,Black,,,,,'10716296,700.0,,0,deny,manual,1699.00,0.00,true,false,,,,,'10716296,,,,,,,,,,,,,,,,,,,,,,,,,,,,,,,,,,,,,,,,,,,,,,,https://cdn.shopify.com/s/files/1/0618/2368/0740/files/230_2dbcae40-fafc-423d-8fc1-a66f34d9b284.png?v=1735224589,g,,0.00,,,,
neon-heart-printed-hoodie,,,,,,,,,XL,,,Olive Green,,,,,'10716297,700.0,,0,deny,manual,1699.00,0.00,true,false,,,,,'10716297,,,,,,,,,,,,,,,,,,,,,,,,,,,,,,,,,,,,,,,,,,,,,,,https://cdn.shopify.com/s/files/1/0618/2368/0740/files/99_7efaa3ff-ff15-48d4-8899-0280ea323347.png?v=1735224477,g,,0.00,,,,
neon-heart-printed-hoodie,,,,,,,,,XL,,,Rose Gold,,,,,'10716298,700.0,,0,deny,manual,1699.00,0.00,true,false,,,,,'10716298,,,,,,,,,,,,,,,,,,,,,,,,,,,,,,,,,,,,,,,,,,,,,,,https://cdn.shopify.com/s/files/1/0618/2368/0740/files/74_b08c3a7e-5d7e-4127-8891-6ee68cfb7881.png?v=1735224495,g,,0.00,,,,
neon-heart-printed-hoodie,,,,,,,,,XL,,,Cream,,,,,'10716299,700.0,,0,deny,manual,1699.00,0.00,true,false,,,,,'10716299,,,,,,,,,,,,,,,,,,,,,,,,,,,,,,,,,,,,,,,,,,,,,,,https://cdn.shopify.com/s/files/1/0618/2368/0740/files/176_b415bcb1-89ad-483e-8fd2-851313ad080c.png?v=1735224509,g,,0.00,,,,
neon-heart-printed-hoodie,,,,,,,,,XL,,,Grey,,,,,'10716300,700.0,,0,deny,manual,1699.00,0.00,true,false,,,,,'10716300,,,,,,,,,,,,,,,,,,,,,,,,,,,,,,,,,,,,,,,,,,,,,,,https://cdn.shopify.com/s/files/1/0618/2368/0740/files/201.png?v=1735224525,g,,0.00,,,,
neon-heart-printed-hoodie,,,,,,,,,XL,,,Mustard,,,,,'10716301,700.0,,0,deny,manual,1699.00,0.00,true,false,,,,,'10716301,,,,,,,,,,,,,,,,,,,,,,,,,,,,,,,,,,,,,,,,,,,,,,,https://cdn.shopify.com/s/files/1/0618/2368/0740/files/244.png?v=1735224539,g,,0.00,,,,
neon-heart-printed-hoodie,,,,,,,,,XL,,,Silver,,,,,'10716302,700.0,,0,deny,manual,1699.00,0.00,true,false,,,,,'10716302,,,,,,,,,,,,,,,,,,,,,,,,,,,,,,,,,,,,,,,,,,,,,,,https://cdn.shopify.com/s/files/1/0618/2368/0740/files/150.png?v=1735224554,g,,0.00,,,,
neon-heart-printed-hoodie,,,,,,,,,XXL,,,Yellow,,,,,'10716303,700.0,,0,deny,manual,1799.00,0.00,true,false,,,,,'10716303,,,,,,,,,,,,,,,,,,,,,,,,,,,,,,,,,,,,,,,,,,,,,,,https://cdn.shopify.com/s/files/1/0618/2368/0740/files/53_1cabdb76-12f1-41d9-bbb2-dd7b714f0ebe.png?v=1735218371,g,,0.00,,,,
neon-heart-printed-hoodie,,,,,,,,,XXL,,,Blue,,,,,'10716304,700.0,,0,deny,manual,1799.00,0.00,true,false,,,,,'10716304,,,,,,,,,,,,,,,,,,,,,,,,,,,,,,,,,,,,,,,,,,,,,,,https://cdn.shopify.com/s/files/1/0618/2368/0740/files/124.png?v=1735224589,g,,0.00,,,,
neon-heart-printed-hoodie,,,,,,,,,XXL,,,Black,,,,,'10716305,700.0,,0,deny,manual,1799.00,0.00,true,false,,,,,'10716305,,,,,,,,,,,,,,,,,,,,,,,,,,,,,,,,,,,,,,,,,,,,,,,https://cdn.shopify.com/s/files/1/0618/2368/0740/files/230_2dbcae40-fafc-423d-8fc1-a66f34d9b284.png?v=1735224589,g,,0.00,,,,
neon-heart-printed-hoodie,,,,,,,,,XXL,,,Olive Green,,,,,'10716306,700.0,,0,deny,manual,1799.00,0.00,true,false,,,,,'10716306,,,,,,,,,,,,,,,,,,,,,,,,,,,,,,,,,,,,,,,,,,,,,,,https://cdn.shopify.com/s/files/1/0618/2368/0740/files/99_7efaa3ff-ff15-48d4-8899-0280ea323347.png?v=1735224477,g,,0.00,,,,
neon-heart-printed-hoodie,,,,,,,,,XXL,,,Rose Gold,,,,,'10716307,700.0,,0,deny,manual,1799.00,0.00,true,false,,,,,'10716307,,,,,,,,,,,,,,,,,,,,,,,,,,,,,,,,,,,,,,,,,,,,,,,https://cdn.shopify.com/s/files/1/0618/2368/0740/files/74_b08c3a7e-5d7e-4127-8891-6ee68cfb7881.png?v=1735224495,g,,0.00,,,,
neon-heart-printed-hoodie,,,,,,,,,XXL,,,Cream,,,,,'10716308,700.0,,0,deny,manual,1799.00,0.00,true,false,,,,,'10716308,,,,,,,,,,,,,,,,,,,,,,,,,,,,,,,,,,,,,,,,,,,,,,,https://cdn.shopify.com/s/files/1/0618/2368/0740/files/176_b415bcb1-89ad-483e-8fd2-851313ad080c.png?v=1735224509,g,,0.00,,,,
neon-heart-printed-hoodie,,,,,,,,,XXL,,,Grey,,,,,'10716309,700.0,,0,deny,manual,1799.00,0.00,true,false,,,,,'10716309,,,,,,,,,,,,,,,,,,,,,,,,,,,,,,,,,,,,,,,,,,,,,,,https://cdn.shopify.com/s/files/1/0618/2368/0740/files/201.png?v=1735224525,g,,0.00,,,,
neon-heart-printed-hoodie,,,,,,,,,XXL,,,Mustard,,,,,'10716310,700.0,,0,deny,manual,1799.00,0.00,true,false,,,,,'10716310,,,,,,,,,,,,,,,,,,,,,,,,,,,,,,,,,,,,,,,,,,,,,,,https://cdn.shopify.com/s/files/1/0618/2368/0740/files/244.png?v=1735224539,g,,0.00,,,,
neon-heart-printed-hoodie,,,,,,,,,XXL,,,Silver,,,,,'10706975,700.0,,0,deny,manual,1799.00,0.00,true,false,,,,,'10706975,,,,,,,,,,,,,,,,,,,,,,,,,,,,,,,,,,,,,,,,,,,,,,,https://cdn.shopify.com/s/files/1/0618/2368/0740/files/150.png?v=1735224554,g,,0.00,,,,
sun-flower-printed-hoodie,Sun Flower Printed Hoodie,"<h4>Sun Flower Printed Hoodie</h4>
<p>Elevate your style with our Sun Flower Printed Hoodie for her. Experience comfort and fashion with our unique design. Be the center of attention and stand out with our beautiful sunflower print. Perfect for any occasion, this hoodie will show off your vibrant personality. Don't just wear a hoodie, make a statement!</p>
<p><br></p>",BBG FASHION,Apparel & Accessories > Clothing > Clothing Tops > Hoodies,Hoodie For Her,"Hoodie For Her, wintercollection, woo",false,Size,Small,,Color,Blue,,,,,'10716223,700.0,,0,deny,manual,1599.00,0.00,true,false,,,,,'10716223,https://cdn.shopify.com/s/files/1/0618/2368/0740/files/122.png?v=1735223710,1,Sun Flower Printed Hoodie - front view - unisex wear Pakistan,false,,"Look no further for the perfect casual hoodie – Colorful Standard’s take on the modern classic is thoughtfully crafted for the best fit in soft organic cotton.
",,,,,,,,,,,,,,,,,,,,,,,,,,,,,,,,,,,,,,,,,https://cdn.shopify.com/s/files/1/0618/2368/0740/files/122.png?v=1735223710,g,,0.00,true,,,draft
sun-flower-printed-hoodie,,,,,,,,,Small,,,Yellow,,,,,'10716224,700.0,,0,deny,manual,1599.00,0.00,true,false,,,,,'10716224,https://cdn.shopify.com/s/files/1/0618/2368/0740/files/52_18bb96a9-ec70-4f5c-840b-6e09545d4b5c.png?v=1735223710,2,Sun Flower Printed Hoodie - back view - unisex wear Pakistan,,,,,,,,,,,,,,,,,,,,,,,,,,,,,,,,,,,,,,,,,,,,https://cdn.shopify.com/s/files/1/0618/2368/0740/files/52_18bb96a9-ec70-4f5c-840b-6e09545d4b5c.png?v=1735223710,g,,0.00,,,,
sun-flower-printed-hoodie,,,,,,,,,Small,,,Black,,,,,'10716225,700.0,,0,deny,manual,1599.00,0.00,true,false,,,,,'10716225,https://cdn.shopify.com/s/files/1/0618/2368/0740/files/224.png?v=1735223710,3,Sun Flower Printed Hoodie - side view - unisex wear Pakistan,,,,,,,,,,,,,,,,,,,,,,,,,,,,,,,,,,,,,,,,,,,,https://cdn.shopify.com/s/files/1/0618/2368/0740/files/224.png?v=1735223710,g,,0.00,,,,
sun-flower-printed-hoodie,,,,,,,,,Small,,,Olive Green,,,,,'10716226,700.0,,0,deny,manual,1599.00,0.00,true,false,,,,,'10716226,https://cdn.shopify.com/s/files/1/0618/2368/0740/files/hoodiesizechart_8ec3b445-d6a7-4993-8fe3-cf237f05a022.webp?v=1765455802,4,Sun Flower Printed Hoodie size chart - measurements guide,,,,,,,,,,,,,,,,,,,,,,,,,,,,,,,,,,,,,,,,,,,,https://cdn.shopify.com/s/files/1/0618/2368/0740/files/98.png?v=1735223578,g,,0.00,,,,
sun-flower-printed-hoodie,,,,,,,,,Small,,,Rose Gold,,,,,'10716227,700.0,,0,deny,manual,1599.00,0.00,true,false,,,,,'10716227,https://cdn.shopify.com/s/files/1/0618/2368/0740/files/98.png?v=1735223578,5,Sun Flower Printed Hoodie - front view - unisex wear Pakistan,,,,,,,,,,,,,,,,,,,,,,,,,,,,,,,,,,,,,,,,,,,,https://cdn.shopify.com/s/files/1/0618/2368/0740/files/74_e2fbc826-46b1-4e10-8cd9-916a4253f25f.png?v=1735223601,g,,0.00,,,,
sun-flower-printed-hoodie,,,,,,,,,Small,,,Cream,,,,,'10716228,700.0,,0,deny,manual,1599.00,0.00,true,false,,,,,'10716228,https://cdn.shopify.com/s/files/1/0618/2368/0740/files/74_e2fbc826-46b1-4e10-8cd9-916a4253f25f.png?v=1735223601,6,Sun Flower Printed Hoodie - back view - unisex wear Pakistan,,,,,,,,,,,,,,,,,,,,,,,,,,,,,,,,,,,,,,,,,,,,https://cdn.shopify.com/s/files/1/0618/2368/0740/files/172.png?v=1735223616,g,,0.00,,,,
sun-flower-printed-hoodie,,,,,,,,,Small,,,Grey,,,,,'10716229,700.0,,0,deny,manual,1599.00,0.00,true,false,,,,,'10716229,https://cdn.shopify.com/s/files/1/0618/2368/0740/files/172.png?v=1735223616,7,Sun Flower Printed Hoodie - side view - unisex wear Pakistan,,,,,,,,,,,,,,,,,,,,,,,,,,,,,,,,,,,,,,,,,,,,https://cdn.shopify.com/s/files/1/0618/2368/0740/files/196.png?v=1735223634,g,,0.00,,,,
sun-flower-printed-hoodie,,,,,,,,,Small,,,Mustard,,,,,'10716230,700.0,,0,deny,manual,1599.00,0.00,true,false,,,,,'10716230,https://cdn.shopify.com/s/files/1/0618/2368/0740/files/196.png?v=1735223634,8,Sun Flower Printed Hoodie - detail shot - unisex wear Pakistan,,,,,,,,,,,,,,,,,,,,,,,,,,,,,,,,,,,,,,,,,,,,https://cdn.shopify.com/s/files/1/0618/2368/0740/files/237.png?v=1735223650,g,,0.00,,,,
sun-flower-printed-hoodie,,,,,,,,,Small,,,Silver,,,,,'10716231,700.0,,0,deny,manual,1599.00,0.00,true,false,,,,,'10716231,https://cdn.shopify.com/s/files/1/0618/2368/0740/files/237.png?v=1735223650,9,Sun Flower Printed Hoodie - front view - unisex wear Pakistan,,,,,,,,,,,,,,,,,,,,,,,,,,,,,,,,,,,,,,,,,,,,https://cdn.shopify.com/s/files/1/0618/2368/0740/files/147.png?v=1735223667,g,,0.00,,,,
sun-flower-printed-hoodie,,,,,,,,,Medium,,,Blue,,,,,'10716232,700.0,,0,deny,manual,1599.00,0.00,true,false,,,,,'10716232,https://cdn.shopify.com/s/files/1/0618/2368/0740/files/147.png?v=1735223667,10,Sun Flower Printed Hoodie - back view - unisex wear Pakistan,,,,,,,,,,,,,,,,,,,,,,,,,,,,,,,,,,,,,,,,,,,,https://cdn.shopify.com/s/files/1/0618/2368/0740/files/122.png?v=1735223710,g,,0.00,,,,
sun-flower-printed-hoodie,,,,,,,,,Medium,,,Yellow,,,,,'10716233,700.0,,0,deny,manual,1599.00,0.00,true,false,,,,,'10716233,,,,,,,,,,,,,,,,,,,,,,,,,,,,,,,,,,,,,,,,,,,,,,,https://cdn.shopify.com/s/files/1/0618/2368/0740/files/52_18bb96a9-ec70-4f5c-840b-6e09545d4b5c.png?v=1735223710,g,,0.00,,,,
sun-flower-printed-hoodie,,,,,,,,,Medium,,,Black,,,,,'10716234,700.0,,0,deny,manual,1599.00,0.00,true,false,,,,,'10716234,,,,,,,,,,,,,,,,,,,,,,,,,,,,,,,,,,,,,,,,,,,,,,,https://cdn.shopify.com/s/files/1/0618/2368/0740/files/224.png?v=1735223710,g,,0.00,,,,
sun-flower-printed-hoodie,,,,,,,,,Medium,,,Olive Green,,,,,'10716235,700.0,,0,deny,manual,1599.00,0.00,true,false,,,,,'10716235,,,,,,,,,,,,,,,,,,,,,,,,,,,,,,,,,,,,,,,,,,,,,,,https://cdn.shopify.com/s/files/1/0618/2368/0740/files/98.png?v=1735223578,g,,0.00,,,,
sun-flower-printed-hoodie,,,,,,,,,Medium,,,Rose Gold,,,,,'10716236,700.0,,0,deny,manual,1599.00,0.00,true,false,,,,,'10716236,,,,,,,,,,,,,,,,,,,,,,,,,,,,,,,,,,,,,,,,,,,,,,,https://cdn.shopify.com/s/files/1/0618/2368/0740/files/74_e2fbc826-46b1-4e10-8cd9-916a4253f25f.png?v=1735223601,g,,0.00,,,,
sun-flower-printed-hoodie,,,,,,,,,Medium,,,Cream,,,,,'10716237,700.0,,0,deny,manual,1599.00,0.00,true,false,,,,,'10716237,,,,,,,,,,,,,,,,,,,,,,,,,,,,,,,,,,,,,,,,,,,,,,,https://cdn.shopify.com/s/files/1/0618/2368/0740/files/172.png?v=1735223616,g,,0.00,,,,
sun-flower-printed-hoodie,,,,,,,,,Medium,,,Grey,,,,,'10716238,700.0,,0,deny,manual,1599.00,0.00,true,false,,,,,'10716238,,,,,,,,,,,,,,,,,,,,,,,,,,,,,,,,,,,,,,,,,,,,,,,https://cdn.shopify.com/s/files/1/0618/2368/0740/files/196.png?v=1735223634,g,,0.00,,,,
sun-flower-printed-hoodie,,,,,,,,,Medium,,,Mustard,,,,,'10716239,700.0,,0,deny,manual,1599.00,0.00,true,false,,,,,'10716239,,,,,,,,,,,,,,,,,,,,,,,,,,,,,,,,,,,,,,,,,,,,,,,https://cdn.shopify.com/s/files/1/0618/2368/0740/files/237.png?v=1735223650,g,,0.00,,,,
sun-flower-printed-hoodie,,,,,,,,,Medium,,,Silver,,,,,'10716240,700.0,,0,deny,manual,1599.00,0.00,true,false,,,,,'10716240,,,,,,,,,,,,,,,,,,,,,,,,,,,,,,,,,,,,,,,,,,,,,,,https://cdn.shopify.com/s/files/1/0618/2368/0740/files/147.png?v=1735223667,g,,0.00,,,,
sun-flower-printed-hoodie,,,,,,,,,Large,,,Blue,,,,,'10716241,700.0,,0,deny,manual,1599.00,0.00,true,false,,,,,'10716241,,,,,,,,,,,,,,,,,,,,,,,,,,,,,,,,,,,,,,,,,,,,,,,https://cdn.shopify.com/s/files/1/0618/2368/0740/files/122.png?v=1735223710,g,,0.00,,,,
sun-flower-printed-hoodie,,,,,,,,,Large,,,Yellow,,,,,'10716242,700.0,,0,deny,manual,1599.00,0.00,true,false,,,,,'10716242,,,,,,,,,,,,,,,,,,,,,,,,,,,,,,,,,,,,,,,,,,,,,,,https://cdn.shopify.com/s/files/1/0618/2368/0740/files/52_18bb96a9-ec70-4f5c-840b-6e09545d4b5c.png?v=1735223710,g,,0.00,,,,
sun-flower-printed-hoodie,,,,,,,,,Large,,,Black,,,,,'10716243,700.0,,0,deny,manual,1599.00,0.00,true,false,,,,,'10716243,,,,,,,,,,,,,,,,,,,,,,,,,,,,,,,,,,,,,,,,,,,,,,,https://cdn.shopify.com/s/files/1/0618/2368/0740/files/224.png?v=1735223710,g,,0.00,,,,
sun-flower-printed-hoodie,,,,,,,,,Large,,,Olive Green,,,,,'10716244,700.0,,0,deny,manual,1599.00,0.00,true,false,,,,,'10716244,,,,,,,,,,,,,,,,,,,,,,,,,,,,,,,,,,,,,,,,,,,,,,,https://cdn.shopify.com/s/files/1/0618/2368/0740/files/98.png?v=1735223578,g,,0.00,,,,
sun-flower-printed-hoodie,,,,,,,,,Large,,,Rose Gold,,,,,'10716245,700.0,,0,deny,manual,1599.00,0.00,true,false,,,,,'10716245,,,,,,,,,,,,,,,,,,,,,,,,,,,,,,,,,,,,,,,,,,,,,,,https://cdn.shopify.com/s/files/1/0618/2368/0740/files/74_e2fbc826-46b1-4e10-8cd9-916a4253f25f.png?v=1735223601,g,,0.00,,,,
sun-flower-printed-hoodie,,,,,,,,,Large,,,Cream,,,,,'10716246,700.0,,0,deny,manual,1599.00,0.00,true,false,,,,,'10716246,,,,,,,,,,,,,,,,,,,,,,,,,,,,,,,,,,,,,,,,,,,,,,,https://cdn.shopify.com/s/files/1/0618/2368/0740/files/172.png?v=1735223616,g,,0.00,,,,
sun-flower-printed-hoodie,,,,,,,,,Large,,,Grey,,,,,'10716247,700.0,,0,deny,manual,1599.00,0.00,true,false,,,,,'10716247,,,,,,,,,,,,,,,,,,,,,,,,,,,,,,,,,,,,,,,,,,,,,,,https://cdn.shopify.com/s/files/1/0618/2368/0740/files/196.png?v=1735223634,g,,0.00,,,,
sun-flower-printed-hoodie,,,,,,,,,Large,,,Mustard,,,,,'10716248,700.0,,0,deny,manual,1599.00,0.00,true,false,,,,,'10716248,,,,,,,,,,,,,,,,,,,,,,,,,,,,,,,,,,,,,,,,,,,,,,,https://cdn.shopify.com/s/files/1/0618/2368/0740/files/237.png?v=1735223650,g,,0.00,,,,
sun-flower-printed-hoodie,,,,,,,,,Large,,,Silver,,,,,'10716249,700.0,,0,deny,manual,1599.00,0.00,true,false,,,,,'10716249,,,,,,,,,,,,,,,,,,,,,,,,,,,,,,,,,,,,,,,,,,,,,,,https://cdn.shopify.com/s/files/1/0618/2368/0740/files/147.png?v=1735223667,g,,0.00,,,,
sun-flower-printed-hoodie,,,,,,,,,XL,,,Blue,,,,,'10716250,700.0,,0,deny,manual,1699.00,0.00,true,false,,,,,'10716250,,,,,,,,,,,,,,,,,,,,,,,,,,,,,,,,,,,,,,,,,,,,,,,https://cdn.shopify.com/s/files/1/0618/2368/0740/files/122.png?v=1735223710,g,,0.00,,,,
sun-flower-printed-hoodie,,,,,,,,,XL,,,Yellow,,,,,'10716251,700.0,,0,deny,manual,1699.00,0.00,true,false,,,,,'10716251,,,,,,,,,,,,,,,,,,,,,,,,,,,,,,,,,,,,,,,,,,,,,,,https://cdn.shopify.com/s/files/1/0618/2368/0740/files/52_18bb96a9-ec70-4f5c-840b-6e09545d4b5c.png?v=1735223710,g,,0.00,,,,
sun-flower-printed-hoodie,,,,,,,,,XL,,,Black,,,,,'10716252,700.0,,0,deny,manual,1699.00,0.00,true,false,,,,,'10716252,,,,,,,,,,,,,,,,,,,,,,,,,,,,,,,,,,,,,,,,,,,,,,,https://cdn.shopify.com/s/files/1/0618/2368/0740/files/224.png?v=1735223710,g,,0.00,,,,
sun-flower-printed-hoodie,,,,,,,,,XL,,,Olive Green,,,,,'10716253,700.0,,0,deny,manual,1699.00,0.00,true,false,,,,,'10716253,,,,,,,,,,,,,,,,,,,,,,,,,,,,,,,,,,,,,,,,,,,,,,,https://cdn.shopify.com/s/files/1/0618/2368/0740/files/98.png?v=1735223578,g,,0.00,,,,
sun-flower-printed-hoodie,,,,,,,,,XL,,,Rose Gold,,,,,'10716254,700.0,,0,deny,manual,1699.00,0.00,true,false,,,,,'10716254,,,,,,,,,,,,,,,,,,,,,,,,,,,,,,,,,,,,,,,,,,,,,,,https://cdn.shopify.com/s/files/1/0618/2368/0740/files/74_e2fbc826-46b1-4e10-8cd9-916a4253f25f.png?v=1735223601,g,,0.00,,,,
sun-flower-printed-hoodie,,,,,,,,,XL,,,Cream,,,,,'10716255,700.0,,0,deny,manual,1699.00,0.00,true,false,,,,,'10716255,,,,,,,,,,,,,,,,,,,,,,,,,,,,,,,,,,,,,,,,,,,,,,,https://cdn.shopify.com/s/files/1/0618/2368/0740/files/172.png?v=1735223616,g,,0.00,,,,
sun-flower-printed-hoodie,,,,,,,,,XL,,,Grey,,,,,'10716256,700.0,,0,deny,manual,1699.00,0.00,true,false,,,,,'10716256,,,,,,,,,,,,,,,,,,,,,,,,,,,,,,,,,,,,,,,,,,,,,,,https://cdn.shopify.com/s/files/1/0618/2368/0740/files/196.png?v=1735223634,g,,0.00,,,,
sun-flower-printed-hoodie,,,,,,,,,XL,,,Mustard,,,,,'10716257,700.0,,0,deny,manual,1699.00,0.00,true,false,,,,,'10716257,,,,,,,,,,,,,,,,,,,,,,,,,,,,,,,,,,,,,,,,,,,,,,,https://cdn.shopify.com/s/files/1/0618/2368/0740/files/237.png?v=1735223650,g,,0.00,,,,
sun-flower-printed-hoodie,,,,,,,,,XL,,,Silver,,,,,'10716258,700.0,,0,deny,manual,1699.00,0.00,true,false,,,,,'10716258,,,,,,,,,,,,,,,,,,,,,,,,,,,,,,,,,,,,,,,,,,,,,,,https://cdn.shopify.com/s/files/1/0618/2368/0740/files/147.png?v=1735223667,g,,0.00,,,,
sun-flower-printed-hoodie,,,,,,,,,XXL,,,Blue,,,,,'10716259,700.0,,0,deny,manual,1799.00,0.00,true,false,,,,,'10716259,,,,,,,,,,,,,,,,,,,,,,,,,,,,,,,,,,,,,,,,,,,,,,,https://cdn.shopify.com/s/files/1/0618/2368/0740/files/122.png?v=1735223710,g,,0.00,,,,
sun-flower-printed-hoodie,,,,,,,,,XXL,,,Yellow,,,,,'10716260,700.0,,0,deny,manual,1799.00,0.00,true,false,,,,,'10716260,,,,,,,,,,,,,,,,,,,,,,,,,,,,,,,,,,,,,,,,,,,,,,,https://cdn.shopify.com/s/files/1/0618/2368/0740/files/52_18bb96a9-ec70-4f5c-840b-6e09545d4b5c.png?v=1735223710,g,,0.00,,,,
sun-flower-printed-hoodie,,,,,,,,,XXL,,,Black,,,,,'10716261,700.0,,0,deny,manual,1799.00,0.00,true,false,,,,,'10716261,,,,,,,,,,,,,,,,,,,,,,,,,,,,,,,,,,,,,,,,,,,,,,,https://cdn.shopify.com/s/files/1/0618/2368/0740/files/224.png?v=1735223710,g,,0.00,,,,
sun-flower-printed-hoodie,,,,,,,,,XXL,,,Olive Green,,,,,'10716262,700.0,,0,deny,manual,1799.00,0.00,true,false,,,,,'10716262,,,,,,,,,,,,,,,,,,,,,,,,,,,,,,,,,,,,,,,,,,,,,,,https://cdn.shopify.com/s/files/1/0618/2368/0740/files/98.png?v=1735223578,g,,0.00,,,,
sun-flower-printed-hoodie,,,,,,,,,XXL,,,Rose Gold,,,,,'10716263,700.0,,0,deny,manual,1799.00,0.00,true,false,,,,,'10716263,,,,,,,,,,,,,,,,,,,,,,,,,,,,,,,,,,,,,,,,,,,,,,,https://cdn.shopify.com/s/files/1/0618/2368/0740/files/74_e2fbc826-46b1-4e10-8cd9-916a4253f25f.png?v=1735223601,g,,0.00,,,,
sun-flower-printed-hoodie,,,,,,,,,XXL,,,Cream,,,,,'10716264,700.0,,0,deny,manual,1799.00,0.00,true,false,,,,,'10716264,,,,,,,,,,,,,,,,,,,,,,,,,,,,,,,,,,,,,,,,,,,,,,,https://cdn.shopify.com/s/files/1/0618/2368/0740/files/172.png?v=1735223616,g,,0.00,,,,
sun-flower-printed-hoodie,,,,,,,,,XXL,,,Grey,,,,,'10716265,700.0,,0,deny,manual,1799.00,0.00,true,false,,,,,'10716265,,,,,,,,,,,,,,,,,,,,,,,,,,,,,,,,,,,,,,,,,,,,,,,https://cdn.shopify.com/s/files/1/0618/2368/0740/files/196.png?v=1735223634,g,,0.00,,,,
sun-flower-printed-hoodie,,,,,,,,,XXL,,,Mustard,,,,,'10716266,700.0,,0,deny,manual,1799.00,0.00,true,false,,,,,'10716266,,,,,,,,,,,,,,,,,,,,,,,,,,,,,,,,,,,,,,,,,,,,,,,https://cdn.shopify.com/s/files/1/0618/2368/0740/files/237.png?v=1735223650,g,,0.00,,,,
sun-flower-printed-hoodie,,,,,,,,,XXL,,,Silver,,,,,'10706974,700.0,,0,deny,manual,1799.00,0.00,true,false,,,,,'10706974,,,,,,,,,,,,,,,,,,,,,,,,,,,,,,,,,,,,,,,,,,,,,,,https://cdn.shopify.com/s/files/1/0618/2368/0740/files/147.png?v=1735223667,g,,0.00,,,,
multi-color-butterfly-hoodie,Multi Color  Butterfly Hoodie,"<h4>Multi Color  Butterfly Hoodie</h4>
<p>Indulge in the vibrant colors of our Multi Color Butterfly Hoodie for her! This unique hoodie features a beautiful butterfly design in a variety of colors, perfect for adding a pop of fun to your wardrobe. Made with high-quality materials, this hoodie is sure to keep you warm and stylish. Elevate your look and inspire those around you with this must-have piece!</p>
<p>Experience true love with our Multi Love Hoodie for her. This playful and quirky hoodie features a unique, multi-colored design that will make you stand out. Perfect for adding some fun to your wardrobe!</p>
<p><br></p>",BBG FASHION,Apparel & Accessories > Clothing > Clothing Tops > Hoodies,Hoodie For Her,"Hoodie For Her, wintercollection, woo",false,Size,Small,,Color,Silver,,,,,'10716179,700.0,,0,deny,manual,1599.00,0.00,true,false,,,,,'10716179,https://cdn.shopify.com/s/files/1/0618/2368/0740/files/145_c07b047e-eeb2-4d96-a67c-9b8f66e780ec.png?v=1735222774,1,Multi Color Butterfly Hoodie - front view - unisex wear Pakistan,false,,"Look no further for the perfect casual hoodie – Colorful Standard’s take on the modern classic is thoughtfully crafted for the best fit in soft organic cotton.
",,,,,,,,,,,,,,,,,,,,,,,,,,,,,,,,,,,,,,,,,https://cdn.shopify.com/s/files/1/0618/2368/0740/files/145_c07b047e-eeb2-4d96-a67c-9b8f66e780ec.png?v=1735222774,g,,0.00,true,,,draft
multi-color-butterfly-hoodie,,,,,,,,,Small,,,Yellow,,,,,'10716180,700.0,,0,deny,manual,1599.00,0.00,true,false,,,,,'10716180,https://cdn.shopify.com/s/files/1/0618/2368/0740/files/120_f1f45230-d12f-4cfb-8438-98b97ae01c35.png?v=1735222774,2,Multi Color Butterfly Hoodie - back view - unisex wear Pakistan,,,,,,,,,,,,,,,,,,,,,,,,,,,,,,,,,,,,,,,,,,,,https://cdn.shopify.com/s/files/1/0618/2368/0740/files/51_d98c8682-250c-4e55-802f-a40b2842bd7a.png?v=1735222774,g,,0.00,,,,
multi-color-butterfly-hoodie,,,,,,,,,Small,,,Blue,,,,,'10716181,700.0,,0,deny,manual,1599.00,0.00,true,false,,,,,'10716181,https://cdn.shopify.com/s/files/1/0618/2368/0740/files/218.png?v=1735222774,3,Multi Color Butterfly Hoodie - side view - unisex wear Pakistan,,,,,,,,,,,,,,,,,,,,,,,,,,,,,,,,,,,,,,,,,,,,https://cdn.shopify.com/s/files/1/0618/2368/0740/files/120_f1f45230-d12f-4cfb-8438-98b97ae01c35.png?v=1735222774,g,,0.00,,,,
multi-color-butterfly-hoodie,,,,,,,,,Small,,,Black,,,,,'10716182,700.0,,0,deny,manual,1599.00,0.00,true,false,,,,,'10716182,https://cdn.shopify.com/s/files/1/0618/2368/0740/files/hoodiesizechart_8ec3b445-d6a7-4993-8fe3-cf237f05a022.webp?v=1765455802,4,Sun Flower Printed Hoodie size chart - measurements guide,,,,,,,,,,,,,,,,,,,,,,,,,,,,,,,,,,,,,,,,,,,,https://cdn.shopify.com/s/files/1/0618/2368/0740/files/218.png?v=1735222774,g,,0.00,,,,
multi-color-butterfly-hoodie,,,,,,,,,Small,,,Olive Green,,,,,'10716183,700.0,,0,deny,manual,1599.00,0.00,true,false,,,,,'10716183,https://cdn.shopify.com/s/files/1/0618/2368/0740/files/51_d98c8682-250c-4e55-802f-a40b2842bd7a.png?v=1735222774,5,Multi Color Butterfly Hoodie - front view - unisex wear Pakistan,,,,,,,,,,,,,,,,,,,,,,,,,,,,,,,,,,,,,,,,,,,,https://cdn.shopify.com/s/files/1/0618/2368/0740/files/97.png?v=1735222603,g,,0.00,,,,
multi-color-butterfly-hoodie,,,,,,,,,Small,,,Rose Gold,,,,,'10716184,700.0,,0,deny,manual,1599.00,0.00,true,false,,,,,'10716184,https://cdn.shopify.com/s/files/1/0618/2368/0740/files/97.png?v=1735222603,6,Multi Color Butterfly Hoodie - back view - unisex wear Pakistan,,,,,,,,,,,,,,,,,,,,,,,,,,,,,,,,,,,,,,,,,,,,https://cdn.shopify.com/s/files/1/0618/2368/0740/files/74_c89baadd-ef5f-43e1-aa4a-c5b0667f6a38.png?v=1735222618,g,,0.00,,,,
multi-color-butterfly-hoodie,,,,,,,,,Small,,,Cream,,,,,'10716185,700.0,,0,deny,manual,1599.00,0.00,true,false,,,,,'10716185,https://cdn.shopify.com/s/files/1/0618/2368/0740/files/74_c89baadd-ef5f-43e1-aa4a-c5b0667f6a38.png?v=1735222618,7,Multi Color Butterfly Hoodie - side view - unisex wear Pakistan,,,,,,,,,,,,,,,,,,,,,,,,,,,,,,,,,,,,,,,,,,,,https://cdn.shopify.com/s/files/1/0618/2368/0740/files/168.png?v=1735222632,g,,0.00,,,,
multi-color-butterfly-hoodie,,,,,,,,,Small,,,Grey,,,,,'10716186,700.0,,0,deny,manual,1599.00,0.00,true,false,,,,,'10716186,https://cdn.shopify.com/s/files/1/0618/2368/0740/files/168.png?v=1735222632,8,Multi Color Butterfly Hoodie - detail shot - unisex wear Pakistan,,,,,,,,,,,,,,,,,,,,,,,,,,,,,,,,,,,,,,,,,,,,https://cdn.shopify.com/s/files/1/0618/2368/0740/files/191.png?v=1735222649,g,,0.00,,,,
multi-color-butterfly-hoodie,,,,,,,,,Small,,,Mustard,,,,,'10716187,700.0,,0,deny,manual,1599.00,0.00,true,false,,,,,'10716187,https://cdn.shopify.com/s/files/1/0618/2368/0740/files/191.png?v=1735222649,9,Multi Color Butterfly Hoodie - front view - unisex wear Pakistan,,,,,,,,,,,,,,,,,,,,,,,,,,,,,,,,,,,,,,,,,,,,https://cdn.shopify.com/s/files/1/0618/2368/0740/files/230.png?v=1735222666,g,,0.00,,,,
multi-color-butterfly-hoodie,,,,,,,,,Medium,,,Silver,,,,,'10716188,700.0,,0,deny,manual,1599.00,0.00,true,false,,,,,'10716188,https://cdn.shopify.com/s/files/1/0618/2368/0740/files/230.png?v=1735222666,10,Multi Color Butterfly Hoodie - back view - unisex wear Pakistan,,,,,,,,,,,,,,,,,,,,,,,,,,,,,,,,,,,,,,,,,,,,https://cdn.shopify.com/s/files/1/0618/2368/0740/files/145_c07b047e-eeb2-4d96-a67c-9b8f66e780ec.png?v=1735222774,g,,0.00,,,,
multi-color-butterfly-hoodie,,,,,,,,,Medium,,,Yellow,,,,,'10716189,700.0,,0,deny,manual,1599.00,0.00,true,false,,,,,'10716189,,,,,,,,,,,,,,,,,,,,,,,,,,,,,,,,,,,,,,,,,,,,,,,https://cdn.shopify.com/s/files/1/0618/2368/0740/files/51_d98c8682-250c-4e55-802f-a40b2842bd7a.png?v=1735222774,g,,0.00,,,,
multi-color-butterfly-hoodie,,,,,,,,,Medium,,,Blue,,,,,'10716190,700.0,,0,deny,manual,1599.00,0.00,true,false,,,,,'10716190,,,,,,,,,,,,,,,,,,,,,,,,,,,,,,,,,,,,,,,,,,,,,,,https://cdn.shopify.com/s/files/1/0618/2368/0740/files/120_f1f45230-d12f-4cfb-8438-98b97ae01c35.png?v=1735222774,g,,0.00,,,,
multi-color-butterfly-hoodie,,,,,,,,,Medium,,,Black,,,,,'10716191,700.0,,-1,deny,manual,1599.00,0.00,true,false,,,,,'10716191,,,,,,,,,,,,,,,,,,,,,,,,,,,,,,,,,,,,,,,,,,,,,,,https://cdn.shopify.com/s/files/1/0618/2368/0740/files/218.png?v=1735222774,g,,0.00,,,,
multi-color-butterfly-hoodie,,,,,,,,,Medium,,,Olive Green,,,,,'10716192,700.0,,0,deny,manual,1599.00,0.00,true,false,,,,,'10716192,,,,,,,,,,,,,,,,,,,,,,,,,,,,,,,,,,,,,,,,,,,,,,,https://cdn.shopify.com/s/files/1/0618/2368/0740/files/97.png?v=1735222603,g,,0.00,,,,
multi-color-butterfly-hoodie,,,,,,,,,Medium,,,Rose Gold,,,,,'10716193,700.0,,0,deny,manual,1599.00,0.00,true,false,,,,,'10716193,,,,,,,,,,,,,,,,,,,,,,,,,,,,,,,,,,,,,,,,,,,,,,,https://cdn.shopify.com/s/files/1/0618/2368/0740/files/74_c89baadd-ef5f-43e1-aa4a-c5b0667f6a38.png?v=1735222618,g,,0.00,,,,
multi-color-butterfly-hoodie,,,,,,,,,Medium,,,Cream,,,,,'10716194,700.0,,0,deny,manual,1599.00,0.00,true,false,,,,,'10716194,,,,,,,,,,,,,,,,,,,,,,,,,,,,,,,,,,,,,,,,,,,,,,,https://cdn.shopify.com/s/files/1/0618/2368/0740/files/168.png?v=1735222632,g,,0.00,,,,
multi-color-butterfly-hoodie,,,,,,,,,Medium,,,Grey,,,,,'10716195,700.0,,0,deny,manual,1599.00,0.00,true,false,,,,,'10716195,,,,,,,,,,,,,,,,,,,,,,,,,,,,,,,,,,,,,,,,,,,,,,,https://cdn.shopify.com/s/files/1/0618/2368/0740/files/191.png?v=1735222649,g,,0.00,,,,
multi-color-butterfly-hoodie,,,,,,,,,Medium,,,Mustard,,,,,'10716196,700.0,,0,deny,manual,1599.00,0.00,true,false,,,,,'10716196,,,,,,,,,,,,,,,,,,,,,,,,,,,,,,,,,,,,,,,,,,,,,,,https://cdn.shopify.com/s/files/1/0618/2368/0740/files/230.png?v=1735222666,g,,0.00,,,,
multi-color-butterfly-hoodie,,,,,,,,,Large,,,Silver,,,,,'10716197,700.0,,0,deny,manual,1599.00,0.00,true,false,,,,,'10716197,,,,,,,,,,,,,,,,,,,,,,,,,,,,,,,,,,,,,,,,,,,,,,,https://cdn.shopify.com/s/files/1/0618/2368/0740/files/145_c07b047e-eeb2-4d96-a67c-9b8f66e780ec.png?v=1735222774,g,,0.00,,,,
multi-color-butterfly-hoodie,,,,,,,,,Large,,,Yellow,,,,,'10716198,700.0,,0,deny,manual,1599.00,0.00,true,false,,,,,'10716198,,,,,,,,,,,,,,,,,,,,,,,,,,,,,,,,,,,,,,,,,,,,,,,https://cdn.shopify.com/s/files/1/0618/2368/0740/files/51_d98c8682-250c-4e55-802f-a40b2842bd7a.png?v=1735222774,g,,0.00,,,,
multi-color-butterfly-hoodie,,,,,,,,,Large,,,Blue,,,,,'10716199,700.0,,0,deny,manual,1599.00,0.00,true,false,,,,,'10716199,,,,,,,,,,,,,,,,,,,,,,,,,,,,,,,,,,,,,,,,,,,,,,,https://cdn.shopify.com/s/files/1/0618/2368/0740/files/120_f1f45230-d12f-4cfb-8438-98b97ae01c35.png?v=1735222774,g,,0.00,,,,
multi-color-butterfly-hoodie,,,,,,,,,Large,,,Black,,,,,'10716200,700.0,,0,deny,manual,1599.00,0.00,true,false,,,,,'10716200,,,,,,,,,,,,,,,,,,,,,,,,,,,,,,,,,,,,,,,,,,,,,,,https://cdn.shopify.com/s/files/1/0618/2368/0740/files/218.png?v=1735222774,g,,0.00,,,,
multi-color-butterfly-hoodie,,,,,,,,,Large,,,Olive Green,,,,,'10716201,700.0,,0,deny,manual,1599.00,0.00,true,false,,,,,'10716201,,,,,,,,,,,,,,,,,,,,,,,,,,,,,,,,,,,,,,,,,,,,,,,https://cdn.shopify.com/s/files/1/0618/2368/0740/files/97.png?v=1735222603,g,,0.00,,,,
multi-color-butterfly-hoodie,,,,,,,,,Large,,,Rose Gold,,,,,'10716202,700.0,,0,deny,manual,1599.00,0.00,true,false,,,,,'10716202,,,,,,,,,,,,,,,,,,,,,,,,,,,,,,,,,,,,,,,,,,,,,,,https://cdn.shopify.com/s/files/1/0618/2368/0740/files/74_c89baadd-ef5f-43e1-aa4a-c5b0667f6a38.png?v=1735222618,g,,0.00,,,,
multi-color-butterfly-hoodie,,,,,,,,,Large,,,Cream,,,,,'10716203,700.0,,0,deny,manual,1599.00,0.00,true,false,,,,,'10716203,,,,,,,,,,,,,,,,,,,,,,,,,,,,,,,,,,,,,,,,,,,,,,,https://cdn.shopify.com/s/files/1/0618/2368/0740/files/168.png?v=1735222632,g,,0.00,,,,
multi-color-butterfly-hoodie,,,,,,,,,Large,,,Grey,,,,,'10716204,700.0,,0,deny,manual,1599.00,0.00,true,false,,,,,'10716204,,,,,,,,,,,,,,,,,,,,,,,,,,,,,,,,,,,,,,,,,,,,,,,https://cdn.shopify.com/s/files/1/0618/2368/0740/files/191.png?v=1735222649,g,,0.00,,,,
multi-color-butterfly-hoodie,,,,,,,,,Large,,,Mustard,,,,,'10716205,700.0,,0,deny,manual,1599.00,0.00,true,false,,,,,'10716205,,,,,,,,,,,,,,,,,,,,,,,,,,,,,,,,,,,,,,,,,,,,,,,https://cdn.shopify.com/s/files/1/0618/2368/0740/files/230.png?v=1735222666,g,,0.00,,,,
multi-color-butterfly-hoodie,,,,,,,,,XL,,,Silver,,,,,'10716206,700.0,,0,deny,manual,1699.00,0.00,true,false,,,,,'10716206,,,,,,,,,,,,,,,,,,,,,,,,,,,,,,,,,,,,,,,,,,,,,,,https://cdn.shopify.com/s/files/1/0618/2368/0740/files/145_c07b047e-eeb2-4d96-a67c-9b8f66e780ec.png?v=1735222774,g,,0.00,,,,
multi-color-butterfly-hoodie,,,,,,,,,XL,,,Yellow,,,,,'10716207,700.0,,0,deny,manual,1699.00,0.00,true,false,,,,,'10716207,,,,,,,,,,,,,,,,,,,,,,,,,,,,,,,,,,,,,,,,,,,,,,,https://cdn.shopify.com/s/files/1/0618/2368/0740/files/51_d98c8682-250c-4e55-802f-a40b2842bd7a.png?v=1735222774,g,,0.00,,,,
multi-color-butterfly-hoodie,,,,,,,,,XL,,,Blue,,,,,'10716208,700.0,,0,deny,manual,1699.00,0.00,true,false,,,,,'10716208,,,,,,,,,,,,,,,,,,,,,,,,,,,,,,,,,,,,,,,,,,,,,,,https://cdn.shopify.com/s/files/1/0618/2368/0740/files/120_f1f45230-d12f-4cfb-8438-98b97ae01c35.png?v=1735222774,g,,0.00,,,,
multi-color-butterfly-hoodie,,,,,,,,,XL,,,Black,,,,,'10716209,700.0,,0,deny,manual,1699.00,0.00,true,false,,,,,'10716209,,,,,,,,,,,,,,,,,,,,,,,,,,,,,,,,,,,,,,,,,,,,,,,https://cdn.shopify.com/s/files/1/0618/2368/0740/files/218.png?v=1735222774,g,,0.00,,,,
multi-color-butterfly-hoodie,,,,,,,,,XL,,,Olive Green,,,,,'10716210,700.0,,0,deny,manual,1699.00,0.00,true,false,,,,,'10716210,,,,,,,,,,,,,,,,,,,,,,,,,,,,,,,,,,,,,,,,,,,,,,,https://cdn.shopify.com/s/files/1/0618/2368/0740/files/97.png?v=1735222603,g,,0.00,,,,
multi-color-butterfly-hoodie,,,,,,,,,XL,,,Rose Gold,,,,,'10716211,700.0,,0,deny,manual,1699.00,0.00,true,false,,,,,'10716211,,,,,,,,,,,,,,,,,,,,,,,,,,,,,,,,,,,,,,,,,,,,,,,https://cdn.shopify.com/s/files/1/0618/2368/0740/files/74_c89baadd-ef5f-43e1-aa4a-c5b0667f6a38.png?v=1735222618,g,,0.00,,,,
multi-color-butterfly-hoodie,,,,,,,,,XL,,,Cream,,,,,'10716212,700.0,,0,deny,manual,1699.00,0.00,true,false,,,,,'10716212,,,,,,,,,,,,,,,,,,,,,,,,,,,,,,,,,,,,,,,,,,,,,,,https://cdn.shopify.com/s/files/1/0618/2368/0740/files/168.png?v=1735222632,g,,0.00,,,,
multi-color-butterfly-hoodie,,,,,,,,,XL,,,Grey,,,,,'10716213,700.0,,0,deny,manual,1699.00,0.00,true,false,,,,,'10716213,,,,,,,,,,,,,,,,,,,,,,,,,,,,,,,,,,,,,,,,,,,,,,,https://cdn.shopify.com/s/files/1/0618/2368/0740/files/191.png?v=1735222649,g,,0.00,,,,
multi-color-butterfly-hoodie,,,,,,,,,XL,,,Mustard,,,,,'10716214,700.0,,0,deny,manual,1699.00,0.00,true,false,,,,,'10716214,,,,,,,,,,,,,,,,,,,,,,,,,,,,,,,,,,,,,,,,,,,,,,,https://cdn.shopify.com/s/files/1/0618/2368/0740/files/230.png?v=1735222666,g,,0.00,,,,
multi-color-butterfly-hoodie,,,,,,,,,XXL,,,Silver,,,,,'10716215,700.0,,0,deny,manual,1799.00,0.00,true,false,,,,,'10716215,,,,,,,,,,,,,,,,,,,,,,,,,,,,,,,,,,,,,,,,,,,,,,,https://cdn.shopify.com/s/files/1/0618/2368/0740/files/145_c07b047e-eeb2-4d96-a67c-9b8f66e780ec.png?v=1735222774,g,,0.00,,,,
multi-color-butterfly-hoodie,,,,,,,,,XXL,,,Yellow,,,,,'10716216,700.0,,0,deny,manual,1799.00,0.00,true,false,,,,,'10716216,,,,,,,,,,,,,,,,,,,,,,,,,,,,,,,,,,,,,,,,,,,,,,,https://cdn.shopify.com/s/files/1/0618/2368/0740/files/51_d98c8682-250c-4e55-802f-a40b2842bd7a.png?v=1735222774,g,,0.00,,,,
multi-color-butterfly-hoodie,,,,,,,,,XXL,,,Blue,,,,,'10716217,700.0,,0,deny,manual,1799.00,0.00,true,false,,,,,'10716217,,,,,,,,,,,,,,,,,,,,,,,,,,,,,,,,,,,,,,,,,,,,,,,https://cdn.shopify.com/s/files/1/0618/2368/0740/files/120_f1f45230-d12f-4cfb-8438-98b97ae01c35.png?v=1735222774,g,,0.00,,,,
multi-color-butterfly-hoodie,,,,,,,,,XXL,,,Black,,,,,'10716218,700.0,,0,deny,manual,1799.00,0.00,true,false,,,,,'10716218,,,,,,,,,,,,,,,,,,,,,,,,,,,,,,,,,,,,,,,,,,,,,,,https://cdn.shopify.com/s/files/1/0618/2368/0740/files/218.png?v=1735222774,g,,0.00,,,,
multi-color-butterfly-hoodie,,,,,,,,,XXL,,,Olive Green,,,,,'10716219,700.0,,0,deny,manual,1799.00,0.00,true,false,,,,,'10716219,,,,,,,,,,,,,,,,,,,,,,,,,,,,,,,,,,,,,,,,,,,,,,,https://cdn.shopify.com/s/files/1/0618/2368/0740/files/97.png?v=1735222603,g,,0.00,,,,
multi-color-butterfly-hoodie,,,,,,,,,XXL,,,Rose Gold,,,,,'10716220,700.0,,0,deny,manual,1799.00,0.00,true,false,,,,,'10716220,,,,,,,,,,,,,,,,,,,,,,,,,,,,,,,,,,,,,,,,,,,,,,,https://cdn.shopify.com/s/files/1/0618/2368/0740/files/74_c89baadd-ef5f-43e1-aa4a-c5b0667f6a38.png?v=1735222618,g,,0.00,,,,
multi-color-butterfly-hoodie,,,,,,,,,XXL,,,Cream,,,,,'10716221,700.0,,0,deny,manual,1799.00,0.00,true,false,,,,,'10716221,,,,,,,,,,,,,,,,,,,,,,,,,,,,,,,,,,,,,,,,,,,,,,,https://cdn.shopify.com/s/files/1/0618/2368/0740/files/168.png?v=1735222632,g,,0.00,,,,
multi-color-butterfly-hoodie,,,,,,,,,XXL,,,Grey,,,,,'10716222,700.0,,0,deny,manual,1799.00,0.00,true,false,,,,,'10716222,,,,,,,,,,,,,,,,,,,,,,,,,,,,,,,,,,,,,,,,,,,,,,,https://cdn.shopify.com/s/files/1/0618/2368/0740/files/191.png?v=1735222649,g,,0.00,,,,
multi-color-butterfly-hoodie,,,,,,,,,XXL,,,Mustard,,,,,'10706973,700.0,,0,deny,manual,1799.00,0.00,true,false,,,,,'10706973,,,,,,,,,,,,,,,,,,,,,,,,,,,,,,,,,,,,,,,,,,,,,,,https://cdn.shopify.com/s/files/1/0618/2368/0740/files/230.png?v=1735222666,g,,0.00,,,,
multi-love-hoodie,Multi Love Hoodie,"<h4>Multi Love Hoodie</h4>
<p>Experience true love with our Multi Love Hoodie for her. This playful and quirky hoodie features a unique, multi-colored design that will make you stand out. Perfect for adding some fun to your wardrobe!</p>
<p><br></p>",BBG FASHION,Apparel & Accessories > Clothing > Clothing Tops > Hoodies,Hoodie For Her,"Hoodie For Her, wintercollection, woo",false,Size,Small,,Color,Black,,,,,'10716135,700.0,,-2,deny,manual,1599.00,0.00,true,false,,,,,'10716135,https://cdn.shopify.com/s/files/1/0618/2368/0740/files/212.png?v=1735221649,1,Multi Love Hoodie - front view - unisex wear Pakistan,false,,"Look no further for the perfect casual hoodie – Colorful Standard’s take on the modern classic is thoughtfully crafted for the best fit in soft organic cotton.
",,,,,,,,,,,,,,,,,,,,,,,,,,,,,,,,,,,,,,,,,https://cdn.shopify.com/s/files/1/0618/2368/0740/files/212.png?v=1735221649,g,,0.00,true,,,draft
multi-love-hoodie,,,,,,,,,Small,,,Silver,,,,,'10716136,700.0,,0,deny,manual,1599.00,0.00,true,false,,,,,'10716136,https://cdn.shopify.com/s/files/1/0618/2368/0740/files/141.png?v=1735221649,2,Multi Love Hoodie - back view - unisex wear Pakistan,,,,,,,,,,,,,,,,,,,,,,,,,,,,,,,,,,,,,,,,,,,,https://cdn.shopify.com/s/files/1/0618/2368/0740/files/141.png?v=1735221649,g,,0.00,,,,
multi-love-hoodie,,,,,,,,,Small,,,Rose Gold,,,,,'10716137,700.0,,-1,deny,manual,1599.00,0.00,true,false,,,,,'10716137,https://cdn.shopify.com/s/files/1/0618/2368/0740/files/74_4473cce0-34a3-4c62-9234-4b918b1d34e9.png?v=1735221651,3,Multi Love Hoodie - side view - unisex wear Pakistan,,,,,,,,,,,,,,,,,,,,,,,,,,,,,,,,,,,,,,,,,,,,https://cdn.shopify.com/s/files/1/0618/2368/0740/files/74_4473cce0-34a3-4c62-9234-4b918b1d34e9.png?v=1735221651,g,,0.00,,,,
multi-love-hoodie,,,,,,,,,Small,,,Yellow,,,,,'10716138,700.0,,0,deny,manual,1599.00,0.00,true,false,,,,,'10716138,https://cdn.shopify.com/s/files/1/0618/2368/0740/files/hoodiesizechart_8ec3b445-d6a7-4993-8fe3-cf237f05a022.webp?v=1765455802,4,Sun Flower Printed Hoodie size chart - measurements guide,,,,,,,,,,,,,,,,,,,,,,,,,,,,,,,,,,,,,,,,,,,,https://cdn.shopify.com/s/files/1/0618/2368/0740/files/50_c0ea2b2d-b559-481d-bda7-3348ee366d0d.png?v=1735221656,g,,0.00,,,,
multi-love-hoodie,,,,,,,,,Small,,,Blue,,,,,'10716139,700.0,,0,deny,manual,1599.00,0.00,true,false,,,,,'10716139,https://cdn.shopify.com/s/files/1/0618/2368/0740/files/118_142cbf60-1c19-41d1-bd17-3e1bfdca218f.png?v=1735221656,5,Multi Love Hoodie - front view - unisex wear Pakistan,,,,,,,,,,,,,,,,,,,,,,,,,,,,,,,,,,,,,,,,,,,,https://cdn.shopify.com/s/files/1/0618/2368/0740/files/118_142cbf60-1c19-41d1-bd17-3e1bfdca218f.png?v=1735221656,g,,0.00,,,,
multi-love-hoodie,,,,,,,,,Small,,,Olive Green,,,,,'10716140,700.0,,0,deny,manual,1599.00,0.00,true,false,,,,,'10716140,https://cdn.shopify.com/s/files/1/0618/2368/0740/files/50_c0ea2b2d-b559-481d-bda7-3348ee366d0d.png?v=1735221656,6,Multi Love Hoodie - back view - unisex wear Pakistan,,,,,,,,,,,,,,,,,,,,,,,,,,,,,,,,,,,,,,,,,,,,https://cdn.shopify.com/s/files/1/0618/2368/0740/files/96.png?v=1735221557,g,,0.00,,,,
multi-love-hoodie,,,,,,,,,Small,,,Cream,,,,,'10716141,700.0,,0,deny,manual,1599.00,0.00,true,false,,,,,'10716141,https://cdn.shopify.com/s/files/1/0618/2368/0740/files/96.png?v=1735221557,7,Multi Love Hoodie - side view - unisex wear Pakistan,,,,,,,,,,,,,,,,,,,,,,,,,,,,,,,,,,,,,,,,,,,,https://cdn.shopify.com/s/files/1/0618/2368/0740/files/164.png?v=1735221571,g,,0.00,,,,
multi-love-hoodie,,,,,,,,,Small,,,Grey,,,,,'10716142,700.0,,0,deny,manual,1599.00,0.00,true,false,,,,,'10716142,https://cdn.shopify.com/s/files/1/0618/2368/0740/files/164.png?v=1735221571,8,Multi Love Hoodie - detail shot - unisex wear Pakistan,,,,,,,,,,,,,,,,,,,,,,,,,,,,,,,,,,,,,,,,,,,,https://cdn.shopify.com/s/files/1/0618/2368/0740/files/186.png?v=1735221587,g,,0.00,,,,
multi-love-hoodie,,,,,,,,,Small,,,Mustard,,,,,'10716143,700.0,,0,deny,manual,1599.00,0.00,true,false,,,,,'10716143,https://cdn.shopify.com/s/files/1/0618/2368/0740/files/186.png?v=1735221587,9,Multi Love Hoodie - front view - unisex wear Pakistan,,,,,,,,,,,,,,,,,,,,,,,,,,,,,,,,,,,,,,,,,,,,https://cdn.shopify.com/s/files/1/0618/2368/0740/files/New_Design_Hoodies_9.png?v=1735221607,g,,0.00,,,,
multi-love-hoodie,,,,,,,,,Medium,,,Black,,,,,'10716144,700.0,,0,deny,manual,1599.00,0.00,true,false,,,,,'10716144,https://cdn.shopify.com/s/files/1/0618/2368/0740/files/New_Design_Hoodies_9.png?v=1735221607,10,Multi Love Hoodie - back view - unisex wear Pakistan,,,,,,,,,,,,,,,,,,,,,,,,,,,,,,,,,,,,,,,,,,,,https://cdn.shopify.com/s/files/1/0618/2368/0740/files/212.png?v=1735221649,g,,0.00,,,,
multi-love-hoodie,,,,,,,,,Medium,,,Silver,,,,,'10716145,700.0,,0,deny,manual,1599.00,0.00,true,false,,,,,'10716145,,,,,,,,,,,,,,,,,,,,,,,,,,,,,,,,,,,,,,,,,,,,,,,https://cdn.shopify.com/s/files/1/0618/2368/0740/files/141.png?v=1735221649,g,,0.00,,,,
multi-love-hoodie,,,,,,,,,Medium,,,Rose Gold,,,,,'10716146,700.0,,0,deny,manual,1599.00,0.00,true,false,,,,,'10716146,,,,,,,,,,,,,,,,,,,,,,,,,,,,,,,,,,,,,,,,,,,,,,,https://cdn.shopify.com/s/files/1/0618/2368/0740/files/74_4473cce0-34a3-4c62-9234-4b918b1d34e9.png?v=1735221651,g,,0.00,,,,
multi-love-hoodie,,,,,,,,,Medium,,,Yellow,,,,,'10716147,700.0,,0,deny,manual,1599.00,0.00,true,false,,,,,'10716147,,,,,,,,,,,,,,,,,,,,,,,,,,,,,,,,,,,,,,,,,,,,,,,https://cdn.shopify.com/s/files/1/0618/2368/0740/files/50_c0ea2b2d-b559-481d-bda7-3348ee366d0d.png?v=1735221656,g,,0.00,,,,
multi-love-hoodie,,,,,,,,,Medium,,,Blue,,,,,'10716148,700.0,,0,deny,manual,1599.00,0.00,true,false,,,,,'10716148,,,,,,,,,,,,,,,,,,,,,,,,,,,,,,,,,,,,,,,,,,,,,,,https://cdn.shopify.com/s/files/1/0618/2368/0740/files/118_142cbf60-1c19-41d1-bd17-3e1bfdca218f.png?v=1735221656,g,,0.00,,,,
multi-love-hoodie,,,,,,,,,Medium,,,Olive Green,,,,,'10716149,700.0,,0,deny,manual,1599.00,0.00,true,false,,,,,'10716149,,,,,,,,,,,,,,,,,,,,,,,,,,,,,,,,,,,,,,,,,,,,,,,https://cdn.shopify.com/s/files/1/0618/2368/0740/files/96.png?v=1735221557,g,,0.00,,,,
multi-love-hoodie,,,,,,,,,Medium,,,Cream,,,,,'10716150,700.0,,0,deny,manual,1599.00,0.00,true,false,,,,,'10716150,,,,,,,,,,,,,,,,,,,,,,,,,,,,,,,,,,,,,,,,,,,,,,,https://cdn.shopify.com/s/files/1/0618/2368/0740/files/164.png?v=1735221571,g,,0.00,,,,
multi-love-hoodie,,,,,,,,,Medium,,,Grey,,,,,'10716151,700.0,,0,deny,manual,1599.00,0.00,true,false,,,,,'10716151,,,,,,,,,,,,,,,,,,,,,,,,,,,,,,,,,,,,,,,,,,,,,,,https://cdn.shopify.com/s/files/1/0618/2368/0740/files/186.png?v=1735221587,g,,0.00,,,,
multi-love-hoodie,,,,,,,,,Medium,,,Mustard,,,,,'10716152,700.0,,0,deny,manual,1599.00,0.00,true,false,,,,,'10716152,,,,,,,,,,,,,,,,,,,,,,,,,,,,,,,,,,,,,,,,,,,,,,,https://cdn.shopify.com/s/files/1/0618/2368/0740/files/New_Design_Hoodies_9.png?v=1735221607,g,,0.00,,,,
multi-love-hoodie,,,,,,,,,Large,,,Black,,,,,'10716153,700.0,,0,deny,manual,1599.00,0.00,true,false,,,,,'10716153,,,,,,,,,,,,,,,,,,,,,,,,,,,,,,,,,,,,,,,,,,,,,,,https://cdn.shopify.com/s/files/1/0618/2368/0740/files/212.png?v=1735221649,g,,0.00,,,,
multi-love-hoodie,,,,,,,,,Large,,,Silver,,,,,'10716154,700.0,,0,deny,manual,1599.00,0.00,true,false,,,,,'10716154,,,,,,,,,,,,,,,,,,,,,,,,,,,,,,,,,,,,,,,,,,,,,,,https://cdn.shopify.com/s/files/1/0618/2368/0740/files/141.png?v=1735221649,g,,0.00,,,,
multi-love-hoodie,,,,,,,,,Large,,,Rose Gold,,,,,'10716155,700.0,,0,deny,manual,1599.00,0.00,true,false,,,,,'10716155,,,,,,,,,,,,,,,,,,,,,,,,,,,,,,,,,,,,,,,,,,,,,,,https://cdn.shopify.com/s/files/1/0618/2368/0740/files/74_4473cce0-34a3-4c62-9234-4b918b1d34e9.png?v=1735221651,g,,0.00,,,,
multi-love-hoodie,,,,,,,,,Large,,,Yellow,,,,,'10716156,700.0,,0,deny,manual,1599.00,0.00,true,false,,,,,'10716156,,,,,,,,,,,,,,,,,,,,,,,,,,,,,,,,,,,,,,,,,,,,,,,https://cdn.shopify.com/s/files/1/0618/2368/0740/files/50_c0ea2b2d-b559-481d-bda7-3348ee366d0d.png?v=1735221656,g,,0.00,,,,
multi-love-hoodie,,,,,,,,,Large,,,Blue,,,,,'10716157,700.0,,0,deny,manual,1599.00,0.00,true,false,,,,,'10716157,,,,,,,,,,,,,,,,,,,,,,,,,,,,,,,,,,,,,,,,,,,,,,,https://cdn.shopify.com/s/files/1/0618/2368/0740/files/118_142cbf60-1c19-41d1-bd17-3e1bfdca218f.png?v=1735221656,g,,0.00,,,,
multi-love-hoodie,,,,,,,,,Large,,,Olive Green,,,,,'10716158,700.0,,0,deny,manual,1599.00,0.00,true,false,,,,,'10716158,,,,,,,,,,,,,,,,,,,,,,,,,,,,,,,,,,,,,,,,,,,,,,,https://cdn.shopify.com/s/files/1/0618/2368/0740/files/96.png?v=1735221557,g,,0.00,,,,
multi-love-hoodie,,,,,,,,,Large,,,Cream,,,,,'10716159,700.0,,0,deny,manual,1599.00,0.00,true,false,,,,,'10716159,,,,,,,,,,,,,,,,,,,,,,,,,,,,,,,,,,,,,,,,,,,,,,,https://cdn.shopify.com/s/files/1/0618/2368/0740/files/164.png?v=1735221571,g,,0.00,,,,
multi-love-hoodie,,,,,,,,,Large,,,Grey,,,,,'10716160,700.0,,0,deny,manual,1599.00,0.00,true,false,,,,,'10716160,,,,,,,,,,,,,,,,,,,,,,,,,,,,,,,,,,,,,,,,,,,,,,,https://cdn.shopify.com/s/files/1/0618/2368/0740/files/186.png?v=1735221587,g,,0.00,,,,
multi-love-hoodie,,,,,,,,,Large,,,Mustard,,,,,'10716161,700.0,,0,deny,manual,1599.00,0.00,true,false,,,,,'10716161,,,,,,,,,,,,,,,,,,,,,,,,,,,,,,,,,,,,,,,,,,,,,,,https://cdn.shopify.com/s/files/1/0618/2368/0740/files/New_Design_Hoodies_9.png?v=1735221607,g,,0.00,,,,
multi-love-hoodie,,,,,,,,,XL,,,Black,,,,,'10716162,700.0,,0,deny,manual,1699.00,0.00,true,false,,,,,'10716162,,,,,,,,,,,,,,,,,,,,,,,,,,,,,,,,,,,,,,,,,,,,,,,https://cdn.shopify.com/s/files/1/0618/2368/0740/files/212.png?v=1735221649,g,,0.00,,,,
multi-love-hoodie,,,,,,,,,XL,,,Silver,,,,,'10716163,700.0,,0,deny,manual,1699.00,0.00,true,false,,,,,'10716163,,,,,,,,,,,,,,,,,,,,,,,,,,,,,,,,,,,,,,,,,,,,,,,https://cdn.shopify.com/s/files/1/0618/2368/0740/files/141.png?v=1735221649,g,,0.00,,,,
multi-love-hoodie,,,,,,,,,XL,,,Rose Gold,,,,,'10716164,700.0,,0,deny,manual,1699.00,0.00,true,false,,,,,'10716164,,,,,,,,,,,,,,,,,,,,,,,,,,,,,,,,,,,,,,,,,,,,,,,https://cdn.shopify.com/s/files/1/0618/2368/0740/files/74_4473cce0-34a3-4c62-9234-4b918b1d34e9.png?v=1735221651,g,,0.00,,,,
multi-love-hoodie,,,,,,,,,XL,,,Yellow,,,,,'10716165,700.0,,0,deny,manual,1699.00,0.00,true,false,,,,,'10716165,,,,,,,,,,,,,,,,,,,,,,,,,,,,,,,,,,,,,,,,,,,,,,,https://cdn.shopify.com/s/files/1/0618/2368/0740/files/50_c0ea2b2d-b559-481d-bda7-3348ee366d0d.png?v=1735221656,g,,0.00,,,,
multi-love-hoodie,,,,,,,,,XL,,,Blue,,,,,'10716166,700.0,,0,deny,manual,1699.00,0.00,true,false,,,,,'10716166,,,,,,,,,,,,,,,,,,,,,,,,,,,,,,,,,,,,,,,,,,,,,,,https://cdn.shopify.com/s/files/1/0618/2368/0740/files/118_142cbf60-1c19-41d1-bd17-3e1bfdca218f.png?v=1735221656,g,,0.00,,,,
multi-love-hoodie,,,,,,,,,XL,,,Olive Green,,,,,'10716167,700.0,,0,deny,manual,1699.00,0.00,true,false,,,,,'10716167,,,,,,,,,,,,,,,,,,,,,,,,,,,,,,,,,,,,,,,,,,,,,,,https://cdn.shopify.com/s/files/1/0618/2368/0740/files/96.png?v=1735221557,g,,0.00,,,,
multi-love-hoodie,,,,,,,,,XL,,,Cream,,,,,'10716168,700.0,,0,deny,manual,1699.00,0.00,true,false,,,,,'10716168,,,,,,,,,,,,,,,,,,,,,,,,,,,,,,,,,,,,,,,,,,,,,,,https://cdn.shopify.com/s/files/1/0618/2368/0740/files/164.png?v=1735221571,g,,0.00,,,,
multi-love-hoodie,,,,,,,,,XL,,,Grey,,,,,'10716169,700.0,,0,deny,manual,1699.00,0.00,true,false,,,,,'10716169,,,,,,,,,,,,,,,,,,,,,,,,,,,,,,,,,,,,,,,,,,,,,,,https://cdn.shopify.com/s/files/1/0618/2368/0740/files/186.png?v=1735221587,g,,0.00,,,,
multi-love-hoodie,,,,,,,,,XL,,,Mustard,,,,,'10716170,700.0,,0,deny,manual,1699.00,0.00,true,false,,,,,'10716170,,,,,,,,,,,,,,,,,,,,,,,,,,,,,,,,,,,,,,,,,,,,,,,https://cdn.shopify.com/s/files/1/0618/2368/0740/files/New_Design_Hoodies_9.png?v=1735221607,g,,0.00,,,,
multi-love-hoodie,,,,,,,,,XXL,,,Black,,,,,'10716171,700.0,,0,deny,manual,1799.00,0.00,true,false,,,,,'10716171,,,,,,,,,,,,,,,,,,,,,,,,,,,,,,,,,,,,,,,,,,,,,,,https://cdn.shopify.com/s/files/1/0618/2368/0740/files/212.png?v=1735221649,g,,0.00,,,,
multi-love-hoodie,,,,,,,,,XXL,,,Silver,,,,,'10716172,700.0,,0,deny,manual,1799.00,0.00,true,false,,,,,'10716172,,,,,,,,,,,,,,,,,,,,,,,,,,,,,,,,,,,,,,,,,,,,,,,https://cdn.shopify.com/s/files/1/0618/2368/0740/files/141.png?v=1735221649,g,,0.00,,,,
multi-love-hoodie,,,,,,,,,XXL,,,Rose Gold,,,,,'10716173,700.0,,0,deny,manual,1799.00,0.00,true,false,,,,,'10716173,,,,,,,,,,,,,,,,,,,,,,,,,,,,,,,,,,,,,,,,,,,,,,,https://cdn.shopify.com/s/files/1/0618/2368/0740/files/74_4473cce0-34a3-4c62-9234-4b918b1d34e9.png?v=1735221651,g,,0.00,,,,
multi-love-hoodie,,,,,,,,,XXL,,,Yellow,,,,,'10716174,700.0,,0,deny,manual,1799.00,0.00,true,false,,,,,'10716174,,,,,,,,,,,,,,,,,,,,,,,,,,,,,,,,,,,,,,,,,,,,,,,https://cdn.shopify.com/s/files/1/0618/2368/0740/files/50_c0ea2b2d-b559-481d-bda7-3348ee366d0d.png?v=1735221656,g,,0.00,,,,
multi-love-hoodie,,,,,,,,,XXL,,,Blue,,,,,'10716175,700.0,,0,deny,manual,1799.00,0.00,true,false,,,,,'10716175,,,,,,,,,,,,,,,,,,,,,,,,,,,,,,,,,,,,,,,,,,,,,,,https://cdn.shopify.com/s/files/1/0618/2368/0740/files/118_142cbf60-1c19-41d1-bd17-3e1bfdca218f.png?v=1735221656,g,,0.00,,,,
multi-love-hoodie,,,,,,,,,XXL,,,Olive Green,,,,,'10716176,700.0,,0,deny,manual,1799.00,0.00,true,false,,,,,'10716176,,,,,,,,,,,,,,,,,,,,,,,,,,,,,,,,,,,,,,,,,,,,,,,https://cdn.shopify.com/s/files/1/0618/2368/0740/files/96.png?v=1735221557,g,,0.00,,,,
multi-love-hoodie,,,,,,,,,XXL,,,Cream,,,,,'10716177,700.0,,0,deny,manual,1799.00,0.00,true,false,,,,,'10716177,,,,,,,,,,,,,,,,,,,,,,,,,,,,,,,,,,,,,,,,,,,,,,,https://cdn.shopify.com/s/files/1/0618/2368/0740/files/164.png?v=1735221571,g,,0.00,,,,
multi-love-hoodie,,,,,,,,,XXL,,,Grey,,,,,'10716178,700.0,,0,deny,manual,1799.00,0.00,true,false,,,,,'10716178,,,,,,,,,,,,,,,,,,,,,,,,,,,,,,,,,,,,,,,,,,,,,,,https://cdn.shopify.com/s/files/1/0618/2368/0740/files/186.png?v=1735221587,g,,0.00,,,,
multi-love-hoodie,,,,,,,,,XXL,,,Mustard,,,,,'10706972,700.0,,0,deny,manual,1799.00,0.00,true,false,,,,,'10706972,,,,,,,,,,,,,,,,,,,,,,,,,,,,,,,,,,,,,,,,,,,,,,,https://cdn.shopify.com/s/files/1/0618/2368/0740/files/New_Design_Hoodies_9.png?v=1735221607,g,,0.00,,,,
multi-flower-pattern-hoodie-copy,Colorful Love Hoodie,"<h4>Colorful Love Hoodie</h4>
<p>Show your love for color with our Colorful Love Hoodie. Made just for her, this playful and quirky hoodie will brighten up any outfit. Snuggle up in style and make a statement with this fun and unique addition to your wardrobe.</p>
<p><br></p>",BBG FASHION,Apparel & Accessories > Clothing > Clothing Tops > Hoodies,Hoodie For Her,"Hoodie For Her, wintercollection, woo",false,Size,Small,,Color,Cream,,,,,'10716091,700.0,,0,deny,manual,1599.00,0.00,true,false,,,,,'10716091,https://cdn.shopify.com/s/files/1/0618/2368/0740/files/161.png?v=1735220807,1,Multi Flower Pattern Hoodie Copy - front view - unisex wear Pakistan,false,,"Look no further for the perfect casual hoodie – Colorful Standard’s take on the modern classic is thoughtfully crafted for the best fit in soft organic cotton.
",,,,,,,,,,,,,,,,,,,,,,,,,,,,,,,,,,,,,,,,,https://cdn.shopify.com/s/files/1/0618/2368/0740/files/161.png?v=1735220807,g,,0.00,true,,,draft
multi-flower-pattern-hoodie-copy,,,,,,,,,Small,,,Blue,,,,,'10716092,700.0,,0,deny,manual,1599.00,0.00,true,false,,,,,'10716092,https://cdn.shopify.com/s/files/1/0618/2368/0740/files/116_ef261001-2b67-44f9-ad28-0362b3c6b0dc.png?v=1735220807,2,Multi Flower Pattern Hoodie Copy - back view - unisex wear Pakistan,,,,,,,,,,,,,,,,,,,,,,,,,,,,,,,,,,,,,,,,,,,,https://cdn.shopify.com/s/files/1/0618/2368/0740/files/116_ef261001-2b67-44f9-ad28-0362b3c6b0dc.png?v=1735220807,g,,0.00,,,,
multi-flower-pattern-hoodie-copy,,,,,,,,,Small,,,Olive Green,,,,,'10716093,700.0,,0,deny,manual,1599.00,0.00,true,false,,,,,'10716093,https://cdn.shopify.com/s/files/1/0618/2368/0740/files/New_Design_Hoodies_8.png?v=1735220807,3,Multi Flower Pattern Hoodie Copy - side view - unisex wear Pakistan,,,,,,,,,,,,,,,,,,,,,,,,,,,,,,,,,,,,,,,,,,,,https://cdn.shopify.com/s/files/1/0618/2368/0740/files/New_Design_Hoodies_8.png?v=1735220807,g,,0.00,,,,
multi-flower-pattern-hoodie-copy,,,,,,,,,Small,,,Black,,,,,'10716094,700.0,,0,deny,manual,1599.00,0.00,true,false,,,,,'10716094,https://cdn.shopify.com/s/files/1/0618/2368/0740/files/hoodiesizechart_8ec3b445-d6a7-4993-8fe3-cf237f05a022.webp?v=1765455802,4,Sun Flower Printed Hoodie size chart - measurements guide,,,,,,,,,,,,,,,,,,,,,,,,,,,,,,,,,,,,,,,,,,,,https://cdn.shopify.com/s/files/1/0618/2368/0740/files/206.png?v=1735220699,g,,0.00,,,,
multi-flower-pattern-hoodie-copy,,,,,,,,,Small,,,Yellow,,,,,'10716095,700.0,,0,deny,manual,1599.00,0.00,true,false,,,,,'10716095,https://cdn.shopify.com/s/files/1/0618/2368/0740/files/49_61f2f0b2-c7fa-4274-9623-0e2e92f3cd7a.png?v=1735220807,5,Multi Flower Pattern Hoodie Copy - front view - unisex wear Pakistan,,,,,,,,,,,,,,,,,,,,,,,,,,,,,,,,,,,,,,,,,,,,https://cdn.shopify.com/s/files/1/0618/2368/0740/files/49_61f2f0b2-c7fa-4274-9623-0e2e92f3cd7a.png?v=1735220807,g,,0.00,,,,
multi-flower-pattern-hoodie-copy,,,,,,,,,Small,,,Rose Gold,,,,,'10716096,700.0,,0,deny,manual,1599.00,0.00,true,false,,,,,'10716096,https://cdn.shopify.com/s/files/1/0618/2368/0740/files/206.png?v=1735220699,6,Multi Flower Pattern Hoodie Copy - back view - unisex wear Pakistan,,,,,,,,,,,,,,,,,,,,,,,,,,,,,,,,,,,,,,,,,,,,https://cdn.shopify.com/s/files/1/0618/2368/0740/files/75_4b765d4c-05f7-4871-9f55-cf3c79f3fa9c.png?v=1735220715,g,,0.00,,,,
multi-flower-pattern-hoodie-copy,,,,,,,,,Small,,,Grey,,,,,'10716097,700.0,,0,deny,manual,1599.00,0.00,true,false,,,,,'10716097,https://cdn.shopify.com/s/files/1/0618/2368/0740/files/75_4b765d4c-05f7-4871-9f55-cf3c79f3fa9c.png?v=1735220715,7,Multi Flower Pattern Hoodie Copy - side view - unisex wear Pakistan,,,,,,,,,,,,,,,,,,,,,,,,,,,,,,,,,,,,,,,,,,,,https://cdn.shopify.com/s/files/1/0618/2368/0740/files/181.png?v=1735220730,g,,0.00,,,,
multi-flower-pattern-hoodie-copy,,,,,,,,,Small,,,Mustard,,,,,'10716098,700.0,,0,deny,manual,1599.00,0.00,true,false,,,,,'10716098,https://cdn.shopify.com/s/files/1/0618/2368/0740/files/181.png?v=1735220730,8,Multi Flower Pattern Hoodie Copy - detail shot - unisex wear Pakistan,,,,,,,,,,,,,,,,,,,,,,,,,,,,,,,,,,,,,,,,,,,,https://cdn.shopify.com/s/files/1/0618/2368/0740/files/216.png?v=1735220746,g,,0.00,,,,
multi-flower-pattern-hoodie-copy,,,,,,,,,Small,,,Silver,,,,,'10716099,700.0,,0,deny,manual,1599.00,0.00,true,false,,,,,'10716099,https://cdn.shopify.com/s/files/1/0618/2368/0740/files/216.png?v=1735220746,9,Multi Flower Pattern Hoodie Copy - front view - unisex wear Pakistan,,,,,,,,,,,,,,,,,,,,,,,,,,,,,,,,,,,,,,,,,,,,https://cdn.shopify.com/s/files/1/0618/2368/0740/files/139.png?v=1735220763,g,,0.00,,,,
multi-flower-pattern-hoodie-copy,,,,,,,,,Medium,,,Cream,,,,,'10716100,700.0,,0,deny,manual,1599.00,0.00,true,false,,,,,'10716100,https://cdn.shopify.com/s/files/1/0618/2368/0740/files/139.png?v=1735220763,10,Multi Flower Pattern Hoodie Copy - back view - unisex wear Pakistan,,,,,,,,,,,,,,,,,,,,,,,,,,,,,,,,,,,,,,,,,,,,https://cdn.shopify.com/s/files/1/0618/2368/0740/files/161.png?v=1735220807,g,,0.00,,,,
multi-flower-pattern-hoodie-copy,,,,,,,,,Medium,,,Blue,,,,,'10716101,700.0,,0,deny,manual,1599.00,0.00,true,false,,,,,'10716101,,,,,,,,,,,,,,,,,,,,,,,,,,,,,,,,,,,,,,,,,,,,,,,https://cdn.shopify.com/s/files/1/0618/2368/0740/files/116_ef261001-2b67-44f9-ad28-0362b3c6b0dc.png?v=1735220807,g,,0.00,,,,
multi-flower-pattern-hoodie-copy,,,,,,,,,Medium,,,Olive Green,,,,,'10716102,700.0,,0,deny,manual,1599.00,0.00,true,false,,,,,'10716102,,,,,,,,,,,,,,,,,,,,,,,,,,,,,,,,,,,,,,,,,,,,,,,https://cdn.shopify.com/s/files/1/0618/2368/0740/files/New_Design_Hoodies_8.png?v=1735220807,g,,0.00,,,,
multi-flower-pattern-hoodie-copy,,,,,,,,,Medium,,,Black,,,,,'10716103,700.0,,0,deny,manual,1599.00,0.00,true,false,,,,,'10716103,,,,,,,,,,,,,,,,,,,,,,,,,,,,,,,,,,,,,,,,,,,,,,,https://cdn.shopify.com/s/files/1/0618/2368/0740/files/206.png?v=1735220699,g,,0.00,,,,
multi-flower-pattern-hoodie-copy,,,,,,,,,Medium,,,Yellow,,,,,'10716104,700.0,,0,deny,manual,1599.00,0.00,true,false,,,,,'10716104,,,,,,,,,,,,,,,,,,,,,,,,,,,,,,,,,,,,,,,,,,,,,,,https://cdn.shopify.com/s/files/1/0618/2368/0740/files/49_61f2f0b2-c7fa-4274-9623-0e2e92f3cd7a.png?v=1735220807,g,,0.00,,,,
multi-flower-pattern-hoodie-copy,,,,,,,,,Medium,,,Rose Gold,,,,,'10716105,700.0,,0,deny,manual,1599.00,0.00,true,false,,,,,'10716105,,,,,,,,,,,,,,,,,,,,,,,,,,,,,,,,,,,,,,,,,,,,,,,https://cdn.shopify.com/s/files/1/0618/2368/0740/files/75_4b765d4c-05f7-4871-9f55-cf3c79f3fa9c.png?v=1735220715,g,,0.00,,,,
multi-flower-pattern-hoodie-copy,,,,,,,,,Medium,,,Grey,,,,,'10716106,700.0,,0,deny,manual,1599.00,0.00,true,false,,,,,'10716106,,,,,,,,,,,,,,,,,,,,,,,,,,,,,,,,,,,,,,,,,,,,,,,https://cdn.shopify.com/s/files/1/0618/2368/0740/files/181.png?v=1735220730,g,,0.00,,,,
multi-flower-pattern-hoodie-copy,,,,,,,,,Medium,,,Mustard,,,,,'10716107,700.0,,0,deny,manual,1599.00,0.00,true,false,,,,,'10716107,,,,,,,,,,,,,,,,,,,,,,,,,,,,,,,,,,,,,,,,,,,,,,,https://cdn.shopify.com/s/files/1/0618/2368/0740/files/216.png?v=1735220746,g,,0.00,,,,
multi-flower-pattern-hoodie-copy,,,,,,,,,Medium,,,Silver,,,,,'10716108,700.0,,0,deny,manual,1599.00,0.00,true,false,,,,,'10716108,,,,,,,,,,,,,,,,,,,,,,,,,,,,,,,,,,,,,,,,,,,,,,,https://cdn.shopify.com/s/files/1/0618/2368/0740/files/139.png?v=1735220763,g,,0.00,,,,
multi-flower-pattern-hoodie-copy,,,,,,,,,Large,,,Cream,,,,,'10716109,700.0,,0,deny,manual,1599.00,0.00,true,false,,,,,'10716109,,,,,,,,,,,,,,,,,,,,,,,,,,,,,,,,,,,,,,,,,,,,,,,https://cdn.shopify.com/s/files/1/0618/2368/0740/files/161.png?v=1735220807,g,,0.00,,,,
multi-flower-pattern-hoodie-copy,,,,,,,,,Large,,,Blue,,,,,'10716110,700.0,,0,deny,manual,1599.00,0.00,true,false,,,,,'10716110,,,,,,,,,,,,,,,,,,,,,,,,,,,,,,,,,,,,,,,,,,,,,,,https://cdn.shopify.com/s/files/1/0618/2368/0740/files/116_ef261001-2b67-44f9-ad28-0362b3c6b0dc.png?v=1735220807,g,,0.00,,,,
multi-flower-pattern-hoodie-copy,,,,,,,,,Large,,,Olive Green,,,,,'10716111,700.0,,0,deny,manual,1599.00,0.00,true,false,,,,,'10716111,,,,,,,,,,,,,,,,,,,,,,,,,,,,,,,,,,,,,,,,,,,,,,,https://cdn.shopify.com/s/files/1/0618/2368/0740/files/New_Design_Hoodies_8.png?v=1735220807,g,,0.00,,,,
multi-flower-pattern-hoodie-copy,,,,,,,,,Large,,,Black,,,,,'10716112,700.0,,0,deny,manual,1599.00,0.00,true,false,,,,,'10716112,,,,,,,,,,,,,,,,,,,,,,,,,,,,,,,,,,,,,,,,,,,,,,,https://cdn.shopify.com/s/files/1/0618/2368/0740/files/206.png?v=1735220699,g,,0.00,,,,
multi-flower-pattern-hoodie-copy,,,,,,,,,Large,,,Yellow,,,,,'10716113,700.0,,0,deny,manual,1599.00,0.00,true,false,,,,,'10716113,,,,,,,,,,,,,,,,,,,,,,,,,,,,,,,,,,,,,,,,,,,,,,,https://cdn.shopify.com/s/files/1/0618/2368/0740/files/49_61f2f0b2-c7fa-4274-9623-0e2e92f3cd7a.png?v=1735220807,g,,0.00,,,,
multi-flower-pattern-hoodie-copy,,,,,,,,,Large,,,Rose Gold,,,,,'10716114,700.0,,0,deny,manual,1599.00,0.00,true,false,,,,,'10716114,,,,,,,,,,,,,,,,,,,,,,,,,,,,,,,,,,,,,,,,,,,,,,,https://cdn.shopify.com/s/files/1/0618/2368/0740/files/75_4b765d4c-05f7-4871-9f55-cf3c79f3fa9c.png?v=1735220715,g,,0.00,,,,
multi-flower-pattern-hoodie-copy,,,,,,,,,Large,,,Grey,,,,,'10716115,700.0,,0,deny,manual,1599.00,0.00,true,false,,,,,'10716115,,,,,,,,,,,,,,,,,,,,,,,,,,,,,,,,,,,,,,,,,,,,,,,https://cdn.shopify.com/s/files/1/0618/2368/0740/files/181.png?v=1735220730,g,,0.00,,,,
multi-flower-pattern-hoodie-copy,,,,,,,,,Large,,,Mustard,,,,,'10716116,700.0,,0,deny,manual,1599.00,0.00,true,false,,,,,'10716116,,,,,,,,,,,,,,,,,,,,,,,,,,,,,,,,,,,,,,,,,,,,,,,https://cdn.shopify.com/s/files/1/0618/2368/0740/files/216.png?v=1735220746,g,,0.00,,,,
multi-flower-pattern-hoodie-copy,,,,,,,,,Large,,,Silver,,,,,'10716117,700.0,,0,deny,manual,1599.00,0.00,true,false,,,,,'10716117,,,,,,,,,,,,,,,,,,,,,,,,,,,,,,,,,,,,,,,,,,,,,,,https://cdn.shopify.com/s/files/1/0618/2368/0740/files/139.png?v=1735220763,g,,0.00,,,,
multi-flower-pattern-hoodie-copy,,,,,,,,,XL,,,Cream,,,,,'10716118,700.0,,-2,deny,manual,1699.00,0.00,true,false,,,,,'10716118,,,,,,,,,,,,,,,,,,,,,,,,,,,,,,,,,,,,,,,,,,,,,,,https://cdn.shopify.com/s/files/1/0618/2368/0740/files/161.png?v=1735220807,g,,0.00,,,,
multi-flower-pattern-hoodie-copy,,,,,,,,,XL,,,Blue,,,,,'10716119,700.0,,0,deny,manual,1699.00,0.00,true,false,,,,,'10716119,,,,,,,,,,,,,,,,,,,,,,,,,,,,,,,,,,,,,,,,,,,,,,,https://cdn.shopify.com/s/files/1/0618/2368/0740/files/116_ef261001-2b67-44f9-ad28-0362b3c6b0dc.png?v=1735220807,g,,0.00,,,,
multi-flower-pattern-hoodie-copy,,,,,,,,,XL,,,Olive Green,,,,,'10716120,700.0,,0,deny,manual,1699.00,0.00,true,false,,,,,'10716120,,,,,,,,,,,,,,,,,,,,,,,,,,,,,,,,,,,,,,,,,,,,,,,https://cdn.shopify.com/s/files/1/0618/2368/0740/files/New_Design_Hoodies_8.png?v=1735220807,g,,0.00,,,,
multi-flower-pattern-hoodie-copy,,,,,,,,,XL,,,Black,,,,,'10716121,700.0,,0,deny,manual,1699.00,0.00,true,false,,,,,'10716121,,,,,,,,,,,,,,,,,,,,,,,,,,,,,,,,,,,,,,,,,,,,,,,https://cdn.shopify.com/s/files/1/0618/2368/0740/files/206.png?v=1735220699,g,,0.00,,,,
multi-flower-pattern-hoodie-copy,,,,,,,,,XL,,,Yellow,,,,,'10716122,700.0,,0,deny,manual,1699.00,0.00,true,false,,,,,'10716122,,,,,,,,,,,,,,,,,,,,,,,,,,,,,,,,,,,,,,,,,,,,,,,https://cdn.shopify.com/s/files/1/0618/2368/0740/files/49_61f2f0b2-c7fa-4274-9623-0e2e92f3cd7a.png?v=1735220807,g,,0.00,,,,
multi-flower-pattern-hoodie-copy,,,,,,,,,XL,,,Rose Gold,,,,,'10716123,700.0,,0,deny,manual,1699.00,0.00,true,false,,,,,'10716123,,,,,,,,,,,,,,,,,,,,,,,,,,,,,,,,,,,,,,,,,,,,,,,https://cdn.shopify.com/s/files/1/0618/2368/0740/files/75_4b765d4c-05f7-4871-9f55-cf3c79f3fa9c.png?v=1735220715,g,,0.00,,,,
multi-flower-pattern-hoodie-copy,,,,,,,,,XL,,,Grey,,,,,'10716124,700.0,,0,deny,manual,1699.00,0.00,true,false,,,,,'10716124,,,,,,,,,,,,,,,,,,,,,,,,,,,,,,,,,,,,,,,,,,,,,,,https://cdn.shopify.com/s/files/1/0618/2368/0740/files/181.png?v=1735220730,g,,0.00,,,,
multi-flower-pattern-hoodie-copy,,,,,,,,,XL,,,Mustard,,,,,'10716125,700.0,,0,deny,manual,1699.00,0.00,true,false,,,,,'10716125,,,,,,,,,,,,,,,,,,,,,,,,,,,,,,,,,,,,,,,,,,,,,,,https://cdn.shopify.com/s/files/1/0618/2368/0740/files/216.png?v=1735220746,g,,0.00,,,,
multi-flower-pattern-hoodie-copy,,,,,,,,,XL,,,Silver,,,,,'10716126,700.0,,0,deny,manual,1699.00,0.00,true,false,,,,,'10716126,,,,,,,,,,,,,,,,,,,,,,,,,,,,,,,,,,,,,,,,,,,,,,,https://cdn.shopify.com/s/files/1/0618/2368/0740/files/139.png?v=1735220763,g,,0.00,,,,
multi-flower-pattern-hoodie-copy,,,,,,,,,XXL,,,Cream,,,,,'10716127,700.0,,-1,deny,manual,1799.00,0.00,true,false,,,,,'10716127,,,,,,,,,,,,,,,,,,,,,,,,,,,,,,,,,,,,,,,,,,,,,,,https://cdn.shopify.com/s/files/1/0618/2368/0740/files/161.png?v=1735220807,g,,0.00,,,,
multi-flower-pattern-hoodie-copy,,,,,,,,,XXL,,,Blue,,,,,'10716128,700.0,,0,deny,manual,1799.00,0.00,true,false,,,,,'10716128,,,,,,,,,,,,,,,,,,,,,,,,,,,,,,,,,,,,,,,,,,,,,,,https://cdn.shopify.com/s/files/1/0618/2368/0740/files/116_ef261001-2b67-44f9-ad28-0362b3c6b0dc.png?v=1735220807,g,,0.00,,,,
multi-flower-pattern-hoodie-copy,,,,,,,,,XXL,,,Olive Green,,,,,'10716129,700.0,,0,deny,manual,1799.00,0.00,true,false,,,,,'10716129,,,,,,,,,,,,,,,,,,,,,,,,,,,,,,,,,,,,,,,,,,,,,,,https://cdn.shopify.com/s/files/1/0618/2368/0740/files/New_Design_Hoodies_8.png?v=1735220807,g,,0.00,,,,
multi-flower-pattern-hoodie-copy,,,,,,,,,XXL,,,Black,,,,,'10716130,700.0,,0,deny,manual,1799.00,0.00,true,false,,,,,'10716130,,,,,,,,,,,,,,,,,,,,,,,,,,,,,,,,,,,,,,,,,,,,,,,https://cdn.shopify.com/s/files/1/0618/2368/0740/files/206.png?v=1735220699,g,,0.00,,,,
multi-flower-pattern-hoodie-copy,,,,,,,,,XXL,,,Yellow,,,,,'10716131,700.0,,0,deny,manual,1799.00,0.00,true,false,,,,,'10716131,,,,,,,,,,,,,,,,,,,,,,,,,,,,,,,,,,,,,,,,,,,,,,,https://cdn.shopify.com/s/files/1/0618/2368/0740/files/49_61f2f0b2-c7fa-4274-9623-0e2e92f3cd7a.png?v=1735220807,g,,0.00,,,,
multi-flower-pattern-hoodie-copy,,,,,,,,,XXL,,,Rose Gold,,,,,'10716132,700.0,,0,deny,manual,1799.00,0.00,true,false,,,,,'10716132,,,,,,,,,,,,,,,,,,,,,,,,,,,,,,,,,,,,,,,,,,,,,,,https://cdn.shopify.com/s/files/1/0618/2368/0740/files/75_4b765d4c-05f7-4871-9f55-cf3c79f3fa9c.png?v=1735220715,g,,0.00,,,,
multi-flower-pattern-hoodie-copy,,,,,,,,,XXL,,,Grey,,,,,'10716133,700.0,,0,deny,manual,1799.00,0.00,true,false,,,,,'10716133,,,,,,,,,,,,,,,,,,,,,,,,,,,,,,,,,,,,,,,,,,,,,,,https://cdn.shopify.com/s/files/1/0618/2368/0740/files/181.png?v=1735220730,g,,0.00,,,,
multi-flower-pattern-hoodie-copy,,,,,,,,,XXL,,,Mustard,,,,,'10716134,700.0,,0,deny,manual,1799.00,0.00,true,false,,,,,'10716134,,,,,,,,,,,,,,,,,,,,,,,,,,,,,,,,,,,,,,,,,,,,,,,https://cdn.shopify.com/s/files/1/0618/2368/0740/files/216.png?v=1735220746,g,,0.00,,,,
multi-flower-pattern-hoodie-copy,,,,,,,,,XXL,,,Silver,,,,,'10706971,700.0,,0,deny,manual,1799.00,0.00,true,false,,,,,'10706971,,,,,,,,,,,,,,,,,,,,,,,,,,,,,,,,,,,,,,,,,,,,,,,https://cdn.shopify.com/s/files/1/0618/2368/0740/files/139.png?v=1735220763,g,,0.00,,,,
multi-flower-pattern-hoodie,Multi Flower Pattern Hoodie,"<h4>Multi Flower Pattern Hoodie</h4>
<p>Make a statement with our Multi Flower Pattern Hoodie, perfect for adding a pop of color to your wardrobe. With a playful and quirky design, this hoodie is sure to turn heads and brighten up your day. Stay cozy and stylish with this unique hoodie for her.</p>
<p><br></p>",BBG FASHION,Apparel & Accessories > Clothing > Clothing Tops > Hoodies,Hoodie For Her,"Hoodie For Her, wintercollection, woo",false,Size,Small,,Color,Yellow,,,,,'10716047,700.0,,0,deny,manual,1599.00,0.00,true,false,,,,,'10716047,https://cdn.shopify.com/s/files/1/0618/2368/0740/files/48_0672abe2-095c-4eb1-b817-65352ef857da.png?v=1735215615,1,Multi Flower Pattern Hoodie - front view - unisex wear Pakistan,false,,"Look no further for the perfect casual hoodie – Colorful Standard’s take on the modern classic is thoughtfully crafted for the best fit in soft organic cotton.
",,,,,,,,,,,,,,,,,,,,,,,,,,,,,,,,,,,,,,,,,https://cdn.shopify.com/s/files/1/0618/2368/0740/files/48_0672abe2-095c-4eb1-b817-65352ef857da.png?v=1735215615,g,,0.00,true,,,draft
multi-flower-pattern-hoodie,,,,,,,,,Small,,,Blue,,,,,'10716048,700.0,,0,deny,manual,1599.00,0.00,true,false,,,,,'10716048,https://cdn.shopify.com/s/files/1/0618/2368/0740/files/114.png?v=1735220059,2,Multi Flower Pattern Hoodie - back view - unisex wear Pakistan,,,,,,,,,,,,,,,,,,,,,,,,,,,,,,,,,,,,,,,,,,,,https://cdn.shopify.com/s/files/1/0618/2368/0740/files/114.png?v=1735220059,g,,0.00,,,,
multi-flower-pattern-hoodie,,,,,,,,,Small,,,Black,,,,,'10716049,700.0,,0,deny,manual,1599.00,0.00,true,false,,,,,'10716049,https://cdn.shopify.com/s/files/1/0618/2368/0740/files/200.png?v=1735220059,3,Multi Flower Pattern Hoodie - side view - unisex wear Pakistan,,,,,,,,,,,,,,,,,,,,,,,,,,,,,,,,,,,,,,,,,,,,https://cdn.shopify.com/s/files/1/0618/2368/0740/files/200.png?v=1735220059,g,,0.00,,,,
multi-flower-pattern-hoodie,,,,,,,,,Small,,,Olive Green,,,,,'10716050,700.0,,0,deny,manual,1599.00,0.00,true,false,,,,,'10716050,https://cdn.shopify.com/s/files/1/0618/2368/0740/files/hoodiesizechart_8ec3b445-d6a7-4993-8fe3-cf237f05a022.webp?v=1765455802,4,Sun Flower Printed Hoodie size chart - measurements guide,,,,,,,,,,,,,,,,,,,,,,,,,,,,,,,,,,,,,,,,,,,,https://cdn.shopify.com/s/files/1/0618/2368/0740/files/94.png?v=1735219940,g,,0.00,,,,
multi-flower-pattern-hoodie,,,,,,,,,Small,,,Rose Gold,,,,,'10716051,700.0,,0,deny,manual,1599.00,0.00,true,false,,,,,'10716051,https://cdn.shopify.com/s/files/1/0618/2368/0740/files/94.png?v=1735219940,5,Multi Flower Pattern Hoodie - front view - unisex wear Pakistan,,,,,,,,,,,,,,,,,,,,,,,,,,,,,,,,,,,,,,,,,,,,https://cdn.shopify.com/s/files/1/0618/2368/0740/files/74_62c4969c-d870-4898-ba16-c8698e6b2d78.png?v=1735219967,g,,0.00,,,,
multi-flower-pattern-hoodie,,,,,,,,,Small,,,Cream,,,,,'10716052,700.0,,0,deny,manual,1599.00,0.00,true,false,,,,,'10716052,https://cdn.shopify.com/s/files/1/0618/2368/0740/files/74_62c4969c-d870-4898-ba16-c8698e6b2d78.png?v=1735219967,6,Multi Flower Pattern Hoodie - back view - unisex wear Pakistan,,,,,,,,,,,,,,,,,,,,,,,,,,,,,,,,,,,,,,,,,,,,https://cdn.shopify.com/s/files/1/0618/2368/0740/files/156.png?v=1735219983,g,,0.00,,,,
multi-flower-pattern-hoodie,,,,,,,,,Small,,,Grey,,,,,'10716053,700.0,,0,deny,manual,1599.00,0.00,true,false,,,,,'10716053,https://cdn.shopify.com/s/files/1/0618/2368/0740/files/156.png?v=1735219983,7,Multi Flower Pattern Hoodie - side view - unisex wear Pakistan,,,,,,,,,,,,,,,,,,,,,,,,,,,,,,,,,,,,,,,,,,,,https://cdn.shopify.com/s/files/1/0618/2368/0740/files/176.png?v=1735219999,g,,0.00,,,,
multi-flower-pattern-hoodie,,,,,,,,,Small,,,Mustard,,,,,'10716054,700.0,,0,deny,manual,1599.00,0.00,true,false,,,,,'10716054,https://cdn.shopify.com/s/files/1/0618/2368/0740/files/176.png?v=1735219999,8,Multi Flower Pattern Hoodie - detail shot - unisex wear Pakistan,,,,,,,,,,,,,,,,,,,,,,,,,,,,,,,,,,,,,,,,,,,,https://cdn.shopify.com/s/files/1/0618/2368/0740/files/209.png?v=1735220015,g,,0.00,,,,
multi-flower-pattern-hoodie,,,,,,,,,Small,,,Silver,,,,,'10716055,700.0,,0,deny,manual,1599.00,0.00,true,false,,,,,'10716055,https://cdn.shopify.com/s/files/1/0618/2368/0740/files/209.png?v=1735220015,9,Multi Flower Pattern Hoodie - front view - unisex wear Pakistan,,,,,,,,,,,,,,,,,,,,,,,,,,,,,,,,,,,,,,,,,,,,https://cdn.shopify.com/s/files/1/0618/2368/0740/files/135.png?v=1735220029,g,,0.00,,,,
multi-flower-pattern-hoodie,,,,,,,,,Medium,,,Yellow,,,,,'10716056,700.0,,0,deny,manual,1599.00,0.00,true,false,,,,,'10716056,https://cdn.shopify.com/s/files/1/0618/2368/0740/files/135.png?v=1735220029,10,Multi Flower Pattern Hoodie - back view - unisex wear Pakistan,,,,,,,,,,,,,,,,,,,,,,,,,,,,,,,,,,,,,,,,,,,,https://cdn.shopify.com/s/files/1/0618/2368/0740/files/48_0672abe2-095c-4eb1-b817-65352ef857da.png?v=1735215615,g,,0.00,,,,
multi-flower-pattern-hoodie,,,,,,,,,Medium,,,Blue,,,,,'10716057,700.0,,0,deny,manual,1599.00,0.00,true,false,,,,,'10716057,,,,,,,,,,,,,,,,,,,,,,,,,,,,,,,,,,,,,,,,,,,,,,,https://cdn.shopify.com/s/files/1/0618/2368/0740/files/114.png?v=1735220059,g,,0.00,,,,
multi-flower-pattern-hoodie,,,,,,,,,Medium,,,Black,,,,,'10716058,700.0,,0,deny,manual,1599.00,0.00,true,false,,,,,'10716058,,,,,,,,,,,,,,,,,,,,,,,,,,,,,,,,,,,,,,,,,,,,,,,https://cdn.shopify.com/s/files/1/0618/2368/0740/files/200.png?v=1735220059,g,,0.00,,,,
multi-flower-pattern-hoodie,,,,,,,,,Medium,,,Olive Green,,,,,'10716059,700.0,,0,deny,manual,1599.00,0.00,true,false,,,,,'10716059,,,,,,,,,,,,,,,,,,,,,,,,,,,,,,,,,,,,,,,,,,,,,,,https://cdn.shopify.com/s/files/1/0618/2368/0740/files/94.png?v=1735219940,g,,0.00,,,,
multi-flower-pattern-hoodie,,,,,,,,,Medium,,,Rose Gold,,,,,'10716060,700.0,,0,deny,manual,1599.00,0.00,true,false,,,,,'10716060,,,,,,,,,,,,,,,,,,,,,,,,,,,,,,,,,,,,,,,,,,,,,,,https://cdn.shopify.com/s/files/1/0618/2368/0740/files/74_62c4969c-d870-4898-ba16-c8698e6b2d78.png?v=1735219967,g,,0.00,,,,
multi-flower-pattern-hoodie,,,,,,,,,Medium,,,Cream,,,,,'10716061,700.0,,0,deny,manual,1599.00,0.00,true,false,,,,,'10716061,,,,,,,,,,,,,,,,,,,,,,,,,,,,,,,,,,,,,,,,,,,,,,,https://cdn.shopify.com/s/files/1/0618/2368/0740/files/156.png?v=1735219983,g,,0.00,,,,
multi-flower-pattern-hoodie,,,,,,,,,Medium,,,Grey,,,,,'10716062,700.0,,0,deny,manual,1599.00,0.00,true,false,,,,,'10716062,,,,,,,,,,,,,,,,,,,,,,,,,,,,,,,,,,,,,,,,,,,,,,,https://cdn.shopify.com/s/files/1/0618/2368/0740/files/176.png?v=1735219999,g,,0.00,,,,
multi-flower-pattern-hoodie,,,,,,,,,Medium,,,Mustard,,,,,'10716063,700.0,,0,deny,manual,1599.00,0.00,true,false,,,,,'10716063,,,,,,,,,,,,,,,,,,,,,,,,,,,,,,,,,,,,,,,,,,,,,,,https://cdn.shopify.com/s/files/1/0618/2368/0740/files/209.png?v=1735220015,g,,0.00,,,,
multi-flower-pattern-hoodie,,,,,,,,,Medium,,,Silver,,,,,'10716064,700.0,,0,deny,manual,1599.00,0.00,true,false,,,,,'10716064,,,,,,,,,,,,,,,,,,,,,,,,,,,,,,,,,,,,,,,,,,,,,,,https://cdn.shopify.com/s/files/1/0618/2368/0740/files/135.png?v=1735220029,g,,0.00,,,,
multi-flower-pattern-hoodie,,,,,,,,,Large,,,Yellow,,,,,'10716065,700.0,,0,deny,manual,1599.00,0.00,true,false,,,,,'10716065,,,,,,,,,,,,,,,,,,,,,,,,,,,,,,,,,,,,,,,,,,,,,,,https://cdn.shopify.com/s/files/1/0618/2368/0740/files/48_0672abe2-095c-4eb1-b817-65352ef857da.png?v=1735215615,g,,0.00,,,,
multi-flower-pattern-hoodie,,,,,,,,,Large,,,Blue,,,,,'10716066,700.0,,0,deny,manual,1599.00,0.00,true,false,,,,,'10716066,,,,,,,,,,,,,,,,,,,,,,,,,,,,,,,,,,,,,,,,,,,,,,,https://cdn.shopify.com/s/files/1/0618/2368/0740/files/114.png?v=1735220059,g,,0.00,,,,
multi-flower-pattern-hoodie,,,,,,,,,Large,,,Black,,,,,'10716067,700.0,,0,deny,manual,1599.00,0.00,true,false,,,,,'10716067,,,,,,,,,,,,,,,,,,,,,,,,,,,,,,,,,,,,,,,,,,,,,,,https://cdn.shopify.com/s/files/1/0618/2368/0740/files/200.png?v=1735220059,g,,0.00,,,,
multi-flower-pattern-hoodie,,,,,,,,,Large,,,Olive Green,,,,,'10716068,700.0,,0,deny,manual,1599.00,0.00,true,false,,,,,'10716068,,,,,,,,,,,,,,,,,,,,,,,,,,,,,,,,,,,,,,,,,,,,,,,https://cdn.shopify.com/s/files/1/0618/2368/0740/files/94.png?v=1735219940,g,,0.00,,,,
multi-flower-pattern-hoodie,,,,,,,,,Large,,,Rose Gold,,,,,'10716069,700.0,,0,deny,manual,1599.00,0.00,true,false,,,,,'10716069,,,,,,,,,,,,,,,,,,,,,,,,,,,,,,,,,,,,,,,,,,,,,,,https://cdn.shopify.com/s/files/1/0618/2368/0740/files/74_62c4969c-d870-4898-ba16-c8698e6b2d78.png?v=1735219967,g,,0.00,,,,
multi-flower-pattern-hoodie,,,,,,,,,Large,,,Cream,,,,,'10716070,700.0,,0,deny,manual,1599.00,0.00,true,false,,,,,'10716070,,,,,,,,,,,,,,,,,,,,,,,,,,,,,,,,,,,,,,,,,,,,,,,https://cdn.shopify.com/s/files/1/0618/2368/0740/files/156.png?v=1735219983,g,,0.00,,,,
multi-flower-pattern-hoodie,,,,,,,,,Large,,,Grey,,,,,'10716071,700.0,,0,deny,manual,1599.00,0.00,true,false,,,,,'10716071,,,,,,,,,,,,,,,,,,,,,,,,,,,,,,,,,,,,,,,,,,,,,,,https://cdn.shopify.com/s/files/1/0618/2368/0740/files/176.png?v=1735219999,g,,0.00,,,,
multi-flower-pattern-hoodie,,,,,,,,,Large,,,Mustard,,,,,'10716072,700.0,,0,deny,manual,1599.00,0.00,true,false,,,,,'10716072,,,,,,,,,,,,,,,,,,,,,,,,,,,,,,,,,,,,,,,,,,,,,,,https://cdn.shopify.com/s/files/1/0618/2368/0740/files/209.png?v=1735220015,g,,0.00,,,,
multi-flower-pattern-hoodie,,,,,,,,,Large,,,Silver,,,,,'10716073,700.0,,0,deny,manual,1599.00,0.00,true,false,,,,,'10716073,,,,,,,,,,,,,,,,,,,,,,,,,,,,,,,,,,,,,,,,,,,,,,,https://cdn.shopify.com/s/files/1/0618/2368/0740/files/135.png?v=1735220029,g,,0.00,,,,
multi-flower-pattern-hoodie,,,,,,,,,XL,,,Yellow,,,,,'10716074,700.0,,0,deny,manual,1699.00,0.00,true,false,,,,,'10716074,,,,,,,,,,,,,,,,,,,,,,,,,,,,,,,,,,,,,,,,,,,,,,,https://cdn.shopify.com/s/files/1/0618/2368/0740/files/48_0672abe2-095c-4eb1-b817-65352ef857da.png?v=1735215615,g,,0.00,,,,
multi-flower-pattern-hoodie,,,,,,,,,XL,,,Blue,,,,,'10716075,700.0,,0,deny,manual,1699.00,0.00,true,false,,,,,'10716075,,,,,,,,,,,,,,,,,,,,,,,,,,,,,,,,,,,,,,,,,,,,,,,https://cdn.shopify.com/s/files/1/0618/2368/0740/files/114.png?v=1735220059,g,,0.00,,,,
multi-flower-pattern-hoodie,,,,,,,,,XL,,,Black,,,,,'10716076,700.0,,0,deny,manual,1699.00,0.00,true,false,,,,,'10716076,,,,,,,,,,,,,,,,,,,,,,,,,,,,,,,,,,,,,,,,,,,,,,,https://cdn.shopify.com/s/files/1/0618/2368/0740/files/200.png?v=1735220059,g,,0.00,,,,
multi-flower-pattern-hoodie,,,,,,,,,XL,,,Olive Green,,,,,'10716077,700.0,,0,deny,manual,1699.00,0.00,true,false,,,,,'10716077,,,,,,,,,,,,,,,,,,,,,,,,,,,,,,,,,,,,,,,,,,,,,,,https://cdn.shopify.com/s/files/1/0618/2368/0740/files/94.png?v=1735219940,g,,0.00,,,,
multi-flower-pattern-hoodie,,,,,,,,,XL,,,Rose Gold,,,,,'10716078,700.0,,0,deny,manual,1699.00,0.00,true,false,,,,,'10716078,,,,,,,,,,,,,,,,,,,,,,,,,,,,,,,,,,,,,,,,,,,,,,,https://cdn.shopify.com/s/files/1/0618/2368/0740/files/74_62c4969c-d870-4898-ba16-c8698e6b2d78.png?v=1735219967,g,,0.00,,,,
multi-flower-pattern-hoodie,,,,,,,,,XL,,,Cream,,,,,'10716079,700.0,,0,deny,manual,1699.00,0.00,true,false,,,,,'10716079,,,,,,,,,,,,,,,,,,,,,,,,,,,,,,,,,,,,,,,,,,,,,,,https://cdn.shopify.com/s/files/1/0618/2368/0740/files/156.png?v=1735219983,g,,0.00,,,,
multi-flower-pattern-hoodie,,,,,,,,,XL,,,Grey,,,,,'10716080,700.0,,0,deny,manual,1699.00,0.00,true,false,,,,,'10716080,,,,,,,,,,,,,,,,,,,,,,,,,,,,,,,,,,,,,,,,,,,,,,,https://cdn.shopify.com/s/files/1/0618/2368/0740/files/176.png?v=1735219999,g,,0.00,,,,
multi-flower-pattern-hoodie,,,,,,,,,XL,,,Mustard,,,,,'10716081,700.0,,0,deny,manual,1699.00,0.00,true,false,,,,,'10716081,,,,,,,,,,,,,,,,,,,,,,,,,,,,,,,,,,,,,,,,,,,,,,,https://cdn.shopify.com/s/files/1/0618/2368/0740/files/209.png?v=1735220015,g,,0.00,,,,
multi-flower-pattern-hoodie,,,,,,,,,XL,,,Silver,,,,,'10716082,700.0,,0,deny,manual,1699.00,0.00,true,false,,,,,'10716082,,,,,,,,,,,,,,,,,,,,,,,,,,,,,,,,,,,,,,,,,,,,,,,https://cdn.shopify.com/s/files/1/0618/2368/0740/files/135.png?v=1735220029,g,,0.00,,,,
multi-flower-pattern-hoodie,,,,,,,,,XXL,,,Yellow,,,,,'10716083,700.0,,0,deny,manual,1799.00,0.00,true,false,,,,,'10716083,,,,,,,,,,,,,,,,,,,,,,,,,,,,,,,,,,,,,,,,,,,,,,,https://cdn.shopify.com/s/files/1/0618/2368/0740/files/48_0672abe2-095c-4eb1-b817-65352ef857da.png?v=1735215615,g,,0.00,,,,
multi-flower-pattern-hoodie,,,,,,,,,XXL,,,Blue,,,,,'10716084,700.0,,0,deny,manual,1799.00,0.00,true,false,,,,,'10716084,,,,,,,,,,,,,,,,,,,,,,,,,,,,,,,,,,,,,,,,,,,,,,,https://cdn.shopify.com/s/files/1/0618/2368/0740/files/114.png?v=1735220059,g,,0.00,,,,
multi-flower-pattern-hoodie,,,,,,,,,XXL,,,Black,,,,,'10716085,700.0,,0,deny,manual,1799.00,0.00,true,false,,,,,'10716085,,,,,,,,,,,,,,,,,,,,,,,,,,,,,,,,,,,,,,,,,,,,,,,https://cdn.shopify.com/s/files/1/0618/2368/0740/files/200.png?v=1735220059,g,,0.00,,,,
multi-flower-pattern-hoodie,,,,,,,,,XXL,,,Olive Green,,,,,'10716086,700.0,,0,deny,manual,1799.00,0.00,true,false,,,,,'10716086,,,,,,,,,,,,,,,,,,,,,,,,,,,,,,,,,,,,,,,,,,,,,,,https://cdn.shopify.com/s/files/1/0618/2368/0740/files/94.png?v=1735219940,g,,0.00,,,,
multi-flower-pattern-hoodie,,,,,,,,,XXL,,,Rose Gold,,,,,'10716087,700.0,,0,deny,manual,1799.00,0.00,true,false,,,,,'10716087,,,,,,,,,,,,,,,,,,,,,,,,,,,,,,,,,,,,,,,,,,,,,,,https://cdn.shopify.com/s/files/1/0618/2368/0740/files/74_62c4969c-d870-4898-ba16-c8698e6b2d78.png?v=1735219967,g,,0.00,,,,
multi-flower-pattern-hoodie,,,,,,,,,XXL,,,Cream,,,,,'10716088,700.0,,0,deny,manual,1799.00,0.00,true,false,,,,,'10716088,,,,,,,,,,,,,,,,,,,,,,,,,,,,,,,,,,,,,,,,,,,,,,,https://cdn.shopify.com/s/files/1/0618/2368/0740/files/156.png?v=1735219983,g,,0.00,,,,
multi-flower-pattern-hoodie,,,,,,,,,XXL,,,Grey,,,,,'10716089,700.0,,0,deny,manual,1799.00,0.00,true,false,,,,,'10716089,,,,,,,,,,,,,,,,,,,,,,,,,,,,,,,,,,,,,,,,,,,,,,,https://cdn.shopify.com/s/files/1/0618/2368/0740/files/176.png?v=1735219999,g,,0.00,,,,
multi-flower-pattern-hoodie,,,,,,,,,XXL,,,Mustard,,,,,'10716090,700.0,,0,deny,manual,1799.00,0.00,true,false,,,,,'10716090,,,,,,,,,,,,,,,,,,,,,,,,,,,,,,,,,,,,,,,,,,,,,,,https://cdn.shopify.com/s/files/1/0618/2368/0740/files/209.png?v=1735220015,g,,0.00,,,,
multi-flower-pattern-hoodie,,,,,,,,,XXL,,,Silver,,,,,'10706970,700.0,,0,deny,manual,1799.00,0.00,true,false,,,,,'10706970,,,,,,,,,,,,,,,,,,,,,,,,,,,,,,,,,,,,,,,,,,,,,,,https://cdn.shopify.com/s/files/1/0618/2368/0740/files/135.png?v=1735220029,g,,0.00,,,,
believe-in-yourself-printed-women-hoodie-set-copy,Its All Out There f Printed Women Hoodie Set,"<h4>Its All Out There f Printed Women Hoodie Set </h4>
<ul class=""a-unordered-list a-vertical a-spacing-mini"">
<li>
<p>Pair of Hoodie &amp; Trouser</p>
<p>Fabric: Soft High-Quality Fleece</p>
<p>Full Sleeve &amp; Hoodie</p>
<p>Contrast Trouser</p>
<p>Round Neck</p>
<p>Comfortable Wear </p>
<p>Easy Wash &amp; Press</p>
</li>
</ul>",BBG FASHION,Apparel & Accessories > Clothing,Hoodie Set For Her,"Hoodie Set For Her, wintercollection, woo",false,Size,Small,,Fabric,fleece,product.metafields.shopify.fabric,Color,purple,product.metafields.shopify.color-pattern,'10716008,700.0,shopify,100,deny,manual,2199.00,1899.00,true,false,,,,,'10716008,https://cdn.shopify.com/s/files/1/0618/2368/0740/files/WhatsApp_Image_2024-12-24_at_6.16.54_PM.jpg?v=1735207412,1,Believe In Yourself Printed Women Hoodie Set Copy - front view - women's wear Pakistan,false,,,,,,,,,,,,,,,,,,,,,,,purple; gray-3; olive-green; beige; yellow; brown; silver; navy-blue; blue; black,,,fleece,,,,,,,,,,,,,,,,,https://cdn.shopify.com/s/files/1/0618/2368/0740/files/WhatsApp_Image_2024-12-24_at_6.16.54_PM.jpg?v=1735207412,g,,0.00,true,,,draft
believe-in-yourself-printed-women-hoodie-set-copy,,,,,,,,,Small,,,fleece,,,gray-3,,'10716009,700.0,shopify,100,deny,manual,2199.00,1899.00,true,false,,,,,'10716009,https://cdn.shopify.com/s/files/1/0618/2368/0740/files/WhatsApp_Image_2024-12-24_at_6.16.55_PM_1.jpg?v=1735207412,2,Believe In Yourself Printed Women Hoodie Set Copy - back view - women's wear Pakistan,,,,,,,,,,,,,,,,,,,,,,,,,,,,,,,,,,,,,,,,,,,,https://cdn.shopify.com/s/files/1/0618/2368/0740/files/WhatsApp_Image_2024-12-24_at_6.16.52_PM_1.jpg?v=1735207412,g,,0.00,,,,
believe-in-yourself-printed-women-hoodie-set-copy,,,,,,,,,Small,,,fleece,,,olive-green,,'10716010,700.0,shopify,100,deny,manual,2199.00,1899.00,true,false,,,,,'10716010,https://cdn.shopify.com/s/files/1/0618/2368/0740/files/WhatsApp_Image_2024-12-24_at_6.16.51_PM.jpg?v=1735207412,3,Believe In Yourself Printed Women Hoodie Set Copy - side view - women's wear Pakistan,,,,,,,,,,,,,,,,,,,,,,,,,,,,,,,,,,,,,,,,,,,,https://cdn.shopify.com/s/files/1/0618/2368/0740/files/WhatsApp_Image_2024-12-24_at_6.16.53_PM.jpg?v=1735207412,g,,0.00,,,,
believe-in-yourself-printed-women-hoodie-set-copy,,,,,,,,,Small,,,fleece,,,beige,,'10716011,700.0,shopify,100,deny,manual,2199.00,1899.00,true,false,,,,,'10716011,https://cdn.shopify.com/s/files/1/0618/2368/0740/files/WhatsApp_Image_2024-12-24_at_6.16.52_PM_1.jpg?v=1735207412,4,Believe In Yourself Printed Women Hoodie Set Copy - detail shot - women's wear Pakistan,,,,,,,,,,,,,,,,,,,,,,,,,,,,,,,,,,,,,,,,,,,,https://cdn.shopify.com/s/files/1/0618/2368/0740/files/WhatsApp_Image_2024-12-24_at_6.16.51_PM.jpg?v=1735207412,g,,0.00,,,,
believe-in-yourself-printed-women-hoodie-set-copy,,,,,,,,,Small,,,fleece,,,yellow,,'10716012,700.0,shopify,100,deny,manual,2199.00,1899.00,true,false,,,,,'10716012,https://cdn.shopify.com/s/files/1/0618/2368/0740/files/WhatsApp_Image_2024-12-24_at_6.16.52_PM.jpg?v=1735207412,5,Believe In Yourself Printed Women Hoodie Set Copy - front view - women's wear Pakistan,,,,,,,,,,,,,,,,,,,,,,,,,,,,,,,,,,,,,,,,,,,,https://cdn.shopify.com/s/files/1/0618/2368/0740/files/WhatsApp_Image_2024-12-24_at_6.16.53_PM_1.jpg?v=1735207412,g,,0.00,,,,
believe-in-yourself-printed-women-hoodie-set-copy,,,,,,,,,Small,,,fleece,,,brown,,'10716013,700.0,shopify,100,deny,manual,2199.00,1899.00,true,false,,,,,'10716013,https://cdn.shopify.com/s/files/1/0618/2368/0740/files/WhatsApp_Image_2024-12-24_at_6.16.53_PM_1.jpg?v=1735207412,6,Believe In Yourself Printed Women Hoodie Set Copy - back view - women's wear Pakistan,,,,,,,,,,,,,,,,,,,,,,,,,,,,,,,,,,,,,,,,,,,,https://cdn.shopify.com/s/files/1/0618/2368/0740/files/WhatsApp_Image_2024-12-24_at_6.16.54_PM_1.jpg?v=1735207412,g,,0.00,,,,
believe-in-yourself-printed-women-hoodie-set-copy,,,,,,,,,Small,,,fleece,,,silver,,'10716014,700.0,shopify,100,deny,manual,2199.00,1899.00,true,false,,,,,'10716014,https://cdn.shopify.com/s/files/1/0618/2368/0740/files/WhatsApp_Image_2024-12-24_at_6.16.53_PM.jpg?v=1735207412,7,Believe In Yourself Printed Women Hoodie Set Copy - side view - women's wear Pakistan,,,,,,,,,,,,,,,,,,,,,,,,,,,,,,,,,,,,,,,,,,,,https://cdn.shopify.com/s/files/1/0618/2368/0740/files/WhatsApp_Image_2024-12-24_at_6.16.55_PM.jpg?v=1735053966,g,,0.00,,,,
believe-in-yourself-printed-women-hoodie-set-copy,,,,,,,,,Small,,,fleece,,,navy-blue,,'10716015,700.0,shopify,99,deny,manual,2199.00,1899.00,true,false,,,,,'10716015,https://cdn.shopify.com/s/files/1/0618/2368/0740/files/WhatsApp_Image_2024-12-24_at_6.16.54_PM_1.jpg?v=1735207412,8,Believe In Yourself Printed Women Hoodie Set Copy - detail shot - women's wear Pakistan,,,,,,,,,,,,,,,,,,,,,,,,,,,,,,,,,,,,,,,,,,,,https://cdn.shopify.com/s/files/1/0618/2368/0740/files/WhatsApp_Image_2024-12-24_at_6.16.55_PM_1.jpg?v=1735207412,g,,0.00,,,,
believe-in-yourself-printed-women-hoodie-set-copy,,,,,,,,,Small,,,fleece,,,blue,,'10716016,700.0,shopify,100,deny,manual,2199.00,1899.00,true,false,,,,,'10716016,https://cdn.shopify.com/s/files/1/0618/2368/0740/files/WhatsApp_Image_2024-12-20_at_4.49.09_PM.jpg?v=1758896990,9,We See What We Want Printed Women Hoodie Set Copy - back view - women's wear Pakistan,,,,,,,,,,,,,,,,,,,,,,,,,,,,,,,,,,,,,,,,,,,,https://cdn.shopify.com/s/files/1/0618/2368/0740/files/WhatsApp_Image_2024-12-24_at_6.16.56_PM.jpg?v=1735053966,g,,0.00,,,,
believe-in-yourself-printed-women-hoodie-set-copy,,,,,,,,,Small,,,fleece,,,black,,'10716017,700.0,shopify,100,deny,manual,2199.00,1899.00,true,false,,,,,'10716017,https://cdn.shopify.com/s/files/1/0618/2368/0740/files/WhatsApp_Image_2024-12-24_at_6.16.55_PM.jpg?v=1735053966,10,Believe In Yourself Printed Women Hoodie Set Copy - back view - women's wear Pakistan,,,,,,,,,,,,,,,,,,,,,,,,,,,,,,,,,,,,,,,,,,,,https://cdn.shopify.com/s/files/1/0618/2368/0740/files/WhatsApp_Image_2024-12-24_at_6.16.52_PM.jpg?v=1735207412,g,,0.00,,,,
believe-in-yourself-printed-women-hoodie-set-copy,,,,,,,,,Medium,,,fleece,,,purple,,'10716018,700.0,shopify,99,deny,manual,2199.00,1899.00,true,false,,,,,'10716018,https://cdn.shopify.com/s/files/1/0618/2368/0740/files/WhatsApp_Image_2024-12-24_at_6.16.56_PM.jpg?v=1735053966,11,Believe In Yourself Printed Women Hoodie Set Copy - side view - women's wear Pakistan,,,,,,,,,,,,,,,,,,,,,,,,,,,,,,,,,,,,,,,,,,,,https://cdn.shopify.com/s/files/1/0618/2368/0740/files/WhatsApp_Image_2024-12-24_at_6.16.54_PM.jpg?v=1735207412,g,,0.00,,,,
believe-in-yourself-printed-women-hoodie-set-copy,,,,,,,,,Medium,,,fleece,,,gray-3,,'10716019,700.0,shopify,100,deny,manual,2199.00,1899.00,true,false,,,,,'10716019,,,,,,,,,,,,,,,,,,,,,,,,,,,,,,,,,,,,,,,,,,,,,,,https://cdn.shopify.com/s/files/1/0618/2368/0740/files/WhatsApp_Image_2024-12-24_at_6.16.52_PM_1.jpg?v=1735207412,g,,0.00,,,,
believe-in-yourself-printed-women-hoodie-set-copy,,,,,,,,,Medium,,,fleece,,,olive-green,,'10716020,700.0,shopify,100,deny,manual,2199.00,1899.00,true,false,,,,,'10716020,,,,,,,,,,,,,,,,,,,,,,,,,,,,,,,,,,,,,,,,,,,,,,,https://cdn.shopify.com/s/files/1/0618/2368/0740/files/WhatsApp_Image_2024-12-24_at_6.16.53_PM.jpg?v=1735207412,g,,0.00,,,,
believe-in-yourself-printed-women-hoodie-set-copy,,,,,,,,,Medium,,,fleece,,,beige,,'10716021,700.0,shopify,100,deny,manual,2199.00,1899.00,true,false,,,,,'10716021,,,,,,,,,,,,,,,,,,,,,,,,,,,,,,,,,,,,,,,,,,,,,,,https://cdn.shopify.com/s/files/1/0618/2368/0740/files/WhatsApp_Image_2024-12-24_at_6.16.51_PM.jpg?v=1735207412,g,,0.00,,,,
believe-in-yourself-printed-women-hoodie-set-copy,,,,,,,,,Medium,,,fleece,,,yellow,,'10716022,700.0,shopify,100,deny,manual,2199.00,1899.00,true,false,,,,,'10716022,,,,,,,,,,,,,,,,,,,,,,,,,,,,,,,,,,,,,,,,,,,,,,,https://cdn.shopify.com/s/files/1/0618/2368/0740/files/WhatsApp_Image_2024-12-24_at_6.16.53_PM_1.jpg?v=1735207412,g,,0.00,,,,
believe-in-yourself-printed-women-hoodie-set-copy,,,,,,,,,Medium,,,fleece,,,brown,,'10716023,700.0,shopify,100,deny,manual,2199.00,1899.00,true,false,,,,,'10716023,,,,,,,,,,,,,,,,,,,,,,,,,,,,,,,,,,,,,,,,,,,,,,,https://cdn.shopify.com/s/files/1/0618/2368/0740/files/WhatsApp_Image_2024-12-24_at_6.16.54_PM_1.jpg?v=1735207412,g,,0.00,,,,
believe-in-yourself-printed-women-hoodie-set-copy,,,,,,,,,Medium,,,fleece,,,silver,,'10716024,700.0,shopify,100,deny,manual,2199.00,1899.00,true,false,,,,,'10716024,,,,,,,,,,,,,,,,,,,,,,,,,,,,,,,,,,,,,,,,,,,,,,,https://cdn.shopify.com/s/files/1/0618/2368/0740/files/WhatsApp_Image_2024-12-24_at_6.16.55_PM.jpg?v=1735053966,g,,0.00,,,,
believe-in-yourself-printed-women-hoodie-set-copy,,,,,,,,,Medium,,,fleece,,,navy-blue,,'10716025,700.0,shopify,98,deny,manual,2199.00,1899.00,true,false,,,,,'10716025,,,,,,,,,,,,,,,,,,,,,,,,,,,,,,,,,,,,,,,,,,,,,,,https://cdn.shopify.com/s/files/1/0618/2368/0740/files/WhatsApp_Image_2024-12-24_at_6.16.55_PM_1.jpg?v=1735207412,g,,0.00,,,,
believe-in-yourself-printed-women-hoodie-set-copy,,,,,,,,,Medium,,,fleece,,,blue,,'10716026,700.0,shopify,100,deny,manual,2199.00,1899.00,true,false,,,,,'10716026,,,,,,,,,,,,,,,,,,,,,,,,,,,,,,,,,,,,,,,,,,,,,,,https://cdn.shopify.com/s/files/1/0618/2368/0740/files/WhatsApp_Image_2024-12-24_at_6.16.56_PM.jpg?v=1735053966,g,,0.00,,,,
believe-in-yourself-printed-women-hoodie-set-copy,,,,,,,,,Medium,,,fleece,,,black,,'10716027,700.0,shopify,100,deny,manual,2199.00,1899.00,true,false,,,,,'10716027,,,,,,,,,,,,,,,,,,,,,,,,,,,,,,,,,,,,,,,,,,,,,,,https://cdn.shopify.com/s/files/1/0618/2368/0740/files/WhatsApp_Image_2024-12-24_at_6.16.52_PM.jpg?v=1735207412,g,,0.00,,,,
believe-in-yourself-printed-women-hoodie-set-copy,,,,,,,,,Large,,,fleece,,,purple,,'10716028,700.0,shopify,100,deny,manual,2299.00,1899.00,true,false,,,,,'10716028,,,,,,,,,,,,,,,,,,,,,,,,,,,,,,,,,,,,,,,,,,,,,,,https://cdn.shopify.com/s/files/1/0618/2368/0740/files/WhatsApp_Image_2024-12-24_at_6.16.54_PM.jpg?v=1735207412,g,,0.00,,,,
believe-in-yourself-printed-women-hoodie-set-copy,,,,,,,,,Large,,,fleece,,,gray-3,,'10716029,700.0,shopify,99,deny,manual,2299.00,1899.00,true,false,,,,,'10716029,,,,,,,,,,,,,,,,,,,,,,,,,,,,,,,,,,,,,,,,,,,,,,,https://cdn.shopify.com/s/files/1/0618/2368/0740/files/WhatsApp_Image_2024-12-24_at_6.16.52_PM_1.jpg?v=1735207412,g,,0.00,,,,
believe-in-yourself-printed-women-hoodie-set-copy,,,,,,,,,Large,,,fleece,,,olive-green,,'10716030,700.0,shopify,100,deny,manual,2299.00,1899.00,true,false,,,,,'10716030,,,,,,,,,,,,,,,,,,,,,,,,,,,,,,,,,,,,,,,,,,,,,,,https://cdn.shopify.com/s/files/1/0618/2368/0740/files/WhatsApp_Image_2024-12-24_at_6.16.53_PM.jpg?v=1735207412,g,,0.00,,,,
believe-in-yourself-printed-women-hoodie-set-copy,,,,,,,,,Large,,,fleece,,,beige,,'10716031,700.0,shopify,100,deny,manual,2299.00,1899.00,true,false,,,,,'10716031,,,,,,,,,,,,,,,,,,,,,,,,,,,,,,,,,,,,,,,,,,,,,,,https://cdn.shopify.com/s/files/1/0618/2368/0740/files/WhatsApp_Image_2024-12-24_at_6.16.51_PM.jpg?v=1735207412,g,,0.00,,,,
believe-in-yourself-printed-women-hoodie-set-copy,,,,,,,,,Large,,,fleece,,,yellow,,'10716032,700.0,shopify,100,deny,manual,2299.00,1899.00,true,false,,,,,'10716032,,,,,,,,,,,,,,,,,,,,,,,,,,,,,,,,,,,,,,,,,,,,,,,https://cdn.shopify.com/s/files/1/0618/2368/0740/files/WhatsApp_Image_2024-12-24_at_6.16.53_PM_1.jpg?v=1735207412,g,,0.00,,,,
believe-in-yourself-printed-women-hoodie-set-copy,,,,,,,,,Large,,,fleece,,,brown,,'10716033,700.0,shopify,100,deny,manual,2299.00,1899.00,true,false,,,,,'10716033,,,,,,,,,,,,,,,,,,,,,,,,,,,,,,,,,,,,,,,,,,,,,,,https://cdn.shopify.com/s/files/1/0618/2368/0740/files/WhatsApp_Image_2024-12-24_at_6.16.54_PM_1.jpg?v=1735207412,g,,0.00,,,,
believe-in-yourself-printed-women-hoodie-set-copy,,,,,,,,,Large,,,fleece,,,silver,,'10716034,700.0,shopify,100,deny,manual,2299.00,1899.00,true,false,,,,,'10716034,,,,,,,,,,,,,,,,,,,,,,,,,,,,,,,,,,,,,,,,,,,,,,,https://cdn.shopify.com/s/files/1/0618/2368/0740/files/WhatsApp_Image_2024-12-24_at_6.16.55_PM.jpg?v=1735053966,g,,0.00,,,,
believe-in-yourself-printed-women-hoodie-set-copy,,,,,,,,,Large,,,fleece,,,navy-blue,,'10716035,700.0,shopify,100,deny,manual,2299.00,1899.00,true,false,,,,,'10716035,,,,,,,,,,,,,,,,,,,,,,,,,,,,,,,,,,,,,,,,,,,,,,,https://cdn.shopify.com/s/files/1/0618/2368/0740/files/WhatsApp_Image_2024-12-24_at_6.16.55_PM_1.jpg?v=1735207412,g,,0.00,,,,
believe-in-yourself-printed-women-hoodie-set-copy,,,,,,,,,Large,,,fleece,,,blue,,'10716036,700.0,shopify,100,deny,manual,2299.00,1899.00,true,false,,,,,'10716036,,,,,,,,,,,,,,,,,,,,,,,,,,,,,,,,,,,,,,,,,,,,,,,https://cdn.shopify.com/s/files/1/0618/2368/0740/files/WhatsApp_Image_2024-12-24_at_6.16.56_PM.jpg?v=1735053966,g,,0.00,,,,
believe-in-yourself-printed-women-hoodie-set-copy,,,,,,,,,Large,,,fleece,,,black,,'10716037,700.0,shopify,100,deny,manual,2299.00,1899.00,true,false,,,,,'10716037,,,,,,,,,,,,,,,,,,,,,,,,,,,,,,,,,,,,,,,,,,,,,,,https://cdn.shopify.com/s/files/1/0618/2368/0740/files/WhatsApp_Image_2024-12-24_at_6.16.52_PM.jpg?v=1735207412,g,,0.00,,,,
believe-in-yourself-printed-women-hoodie-set-copy,,,,,,,,,XL,,,fleece,,,purple,,'10716038,700.0,shopify,100,deny,manual,2399.00,1899.00,true,false,,,,,'10716038,,,,,,,,,,,,,,,,,,,,,,,,,,,,,,,,,,,,,,,,,,,,,,,https://cdn.shopify.com/s/files/1/0618/2368/0740/files/WhatsApp_Image_2024-12-24_at_6.16.54_PM.jpg?v=1735207412,g,,0.00,,,,
believe-in-yourself-printed-women-hoodie-set-copy,,,,,,,,,XL,,,fleece,,,gray-3,,'10716039,700.0,shopify,100,deny,manual,2399.00,1899.00,true,false,,,,,'10716039,,,,,,,,,,,,,,,,,,,,,,,,,,,,,,,,,,,,,,,,,,,,,,,https://cdn.shopify.com/s/files/1/0618/2368/0740/files/WhatsApp_Image_2024-12-24_at_6.16.52_PM_1.jpg?v=1735207412,g,,0.00,,,,
believe-in-yourself-printed-women-hoodie-set-copy,,,,,,,,,XL,,,fleece,,,olive-green,,'10716040,700.0,shopify,100,deny,manual,2399.00,1899.00,true,false,,,,,'10716040,,,,,,,,,,,,,,,,,,,,,,,,,,,,,,,,,,,,,,,,,,,,,,,https://cdn.shopify.com/s/files/1/0618/2368/0740/files/WhatsApp_Image_2024-12-24_at_6.16.53_PM.jpg?v=1735207412,g,,0.00,,,,
believe-in-yourself-printed-women-hoodie-set-copy,,,,,,,,,XL,,,fleece,,,beige,,'10716041,700.0,shopify,100,deny,manual,2399.00,1899.00,true,false,,,,,'10716041,,,,,,,,,,,,,,,,,,,,,,,,,,,,,,,,,,,,,,,,,,,,,,,https://cdn.shopify.com/s/files/1/0618/2368/0740/files/WhatsApp_Image_2024-12-24_at_6.16.51_PM.jpg?v=1735207412,g,,0.00,,,,
believe-in-yourself-printed-women-hoodie-set-copy,,,,,,,,,XL,,,fleece,,,yellow,,'10716042,700.0,shopify,100,deny,manual,2399.00,1899.00,true,false,,,,,'10716042,,,,,,,,,,,,,,,,,,,,,,,,,,,,,,,,,,,,,,,,,,,,,,,https://cdn.shopify.com/s/files/1/0618/2368/0740/files/WhatsApp_Image_2024-12-24_at_6.16.53_PM_1.jpg?v=1735207412,g,,0.00,,,,
believe-in-yourself-printed-women-hoodie-set-copy,,,,,,,,,XL,,,fleece,,,brown,,'10716043,700.0,shopify,100,deny,manual,2399.00,1899.00,true,false,,,,,'10716043,,,,,,,,,,,,,,,,,,,,,,,,,,,,,,,,,,,,,,,,,,,,,,,https://cdn.shopify.com/s/files/1/0618/2368/0740/files/WhatsApp_Image_2024-12-24_at_6.16.54_PM_1.jpg?v=1735207412,g,,0.00,,,,
believe-in-yourself-printed-women-hoodie-set-copy,,,,,,,,,XL,,,fleece,,,silver,,'10716044,700.0,shopify,100,deny,manual,2399.00,1899.00,true,false,,,,,'10716044,,,,,,,,,,,,,,,,,,,,,,,,,,,,,,,,,,,,,,,,,,,,,,,https://cdn.shopify.com/s/files/1/0618/2368/0740/files/WhatsApp_Image_2024-12-24_at_6.16.55_PM.jpg?v=1735053966,g,,0.00,,,,
believe-in-yourself-printed-women-hoodie-set-copy,,,,,,,,,XL,,,fleece,,,navy-blue,,'10716045,700.0,shopify,100,deny,manual,2399.00,1899.00,true,false,,,,,'10716045,,,,,,,,,,,,,,,,,,,,,,,,,,,,,,,,,,,,,,,,,,,,,,,https://cdn.shopify.com/s/files/1/0618/2368/0740/files/WhatsApp_Image_2024-12-24_at_6.16.55_PM_1.jpg?v=1735207412,g,,0.00,,,,
believe-in-yourself-printed-women-hoodie-set-copy,,,,,,,,,XL,,,fleece,,,blue,,'10716046,700.0,shopify,100,deny,manual,2399.00,1899.00,true,false,,,,,'10716046,,,,,,,,,,,,,,,,,,,,,,,,,,,,,,,,,,,,,,,,,,,,,,,https://cdn.shopify.com/s/files/1/0618/2368/0740/files/WhatsApp_Image_2024-12-24_at_6.16.56_PM.jpg?v=1735053966,g,,0.00,,,,
believe-in-yourself-printed-women-hoodie-set-copy,,,,,,,,,XL,,,fleece,,,black,,'10706969,700.0,shopify,100,deny,manual,2399.00,1899.00,true,false,,,,,'10706969,,,,,,,,,,,,,,,,,,,,,,,,,,,,,,,,,,,,,,,,,,,,,,,https://cdn.shopify.com/s/files/1/0618/2368/0740/files/WhatsApp_Image_2024-12-24_at_6.16.52_PM.jpg?v=1735207412,g,,0.00,,,,
believe-in-yourself-printed-women-hoodie-set,Believe In Yourself Printed Women Hoodie Set,"<p data-start=""346"" data-end=""629"">Step into comfort and confidence with this stylish <strong data-start=""397"" data-end=""435"">“Believe” women’s hoodie tracksuit</strong>. Designed for teenagers and women who love a mix of fashion and motivation, this 2-piece set features a vibrant <em data-start=""548"" data-end=""569"">Believe in Yourself</em> print that adds a bold, modern touch to your everyday look.</p>
<p data-start=""631"" data-end=""918"">Made from soft, premium-quality fabric, the hoodie provides warmth and comfort, while the matching trousers offer a relaxed fit for all-day ease. Whether you’re heading out, lounging at home, or styling a casual streetwear look, this outfit keeps you comfortable and effortlessly trendy.</p>
<p data-start=""920"" data-end=""989"">Perfect for winter wear, travel, casual outings, or everyday fashion.</p>
<p data-start=""991"" data-end=""1049"">Available in multiple colors to match your personal style.</p>
<p data-start=""1051"" data-end=""1066""><strong data-start=""1051"" data-end=""1066"">✨ Features:</strong></p>
<ul data-start=""1067"" data-end=""1364"">
<li data-section-id=""1kzkvwm"" data-start=""1067"" data-end=""1100"">2-piece set: hoodie + trouser</li>
<li data-section-id=""1mgmwfr"" data-start=""1101"" data-end=""1142"">Soft, breathable &amp; comfortable fabric</li>
<li data-section-id=""8rquo0"" data-start=""1143"" data-end=""1190"">Stylish “Believe in Yourself” graphic print</li>
<li data-section-id=""3e6prm"" data-start=""1191"" data-end=""1224"">Relaxed fit for a modern look</li>
<li data-section-id=""mpxd7j"" data-start=""1225"" data-end=""1250"">Front kangaroo pocket</li>
<li data-section-id=""1rs2y9b"" data-start=""1251"" data-end=""1288"">Elastic waistband for perfect fit</li>
<li data-section-id=""cbvu1r"" data-start=""1289"" data-end=""1331"">Ideal for casual wear, travel &amp; winter</li>
<li data-section-id=""arqrzc"" data-start=""1332"" data-end=""1364"">Available in multiple colors</li>
</ul>",BBG FASHION,Apparel & Accessories > Clothing,Hoodie Set For Her,"Hoodie Set For Her, wintercollection, woo",false,Size,Small,,Fabric,fleece,product.metafields.shopify.fabric,Color,black,product.metafields.shopify.color-pattern,'10715969,700.0,shopify,99,deny,manual,2199.00,1899.00,true,false,,,,,'10715969,https://cdn.shopify.com/s/files/1/0618/2368/0740/files/WhatsApp_Image_2024-12-24_at_6.12.35_PM_1.jpg?v=1735053479,1,Believe In Yourself Printed Women Hoodie Set - front view - women's wear Pakistan,false,,Shop women’s hoodie tracksuit with “Believe in Yourself” print. Stylish & comfortable 2-piece set for teens & women. Available in multiple colors. Perfect for casual wear.,,,,,,,,,,,,,,,,,,,,,black; gray-3; olive-green; beige; yellow; purple; brown; silver; navy-blue; blue,,,fleece,,,,,,,,,,,,,,,,,https://cdn.shopify.com/s/files/1/0618/2368/0740/files/WhatsApp_Image_2024-12-24_at_6.12.35_PM_1.jpg?v=1735053479,g,,0.00,true,,,draft
believe-in-yourself-printed-women-hoodie-set,,,,,,,,,Small,,,fleece,,,gray-3,,'10715970,700.0,shopify,100,deny,manual,2199.00,1899.00,true,false,,,,,'10715970,https://cdn.shopify.com/s/files/1/0618/2368/0740/files/WhatsApp_Image_2024-12-24_at_6.12.35_PM.jpg?v=1735053479,2,Believe In Yourself Printed Women Hoodie Set - back view - women's wear Pakistan,,,,,,,,,,,,,,,,,,,,,,,,,,,,,,,,,,,,,,,,,,,,https://cdn.shopify.com/s/files/1/0618/2368/0740/files/WhatsApp_Image_2024-12-24_at_6.12.36_PM.jpg?v=1735053479,g,,0.00,,,,
believe-in-yourself-printed-women-hoodie-set,,,,,,,,,Small,,,fleece,,,olive-green,,'10715971,700.0,shopify,100,deny,manual,2199.00,1899.00,true,false,,,,,'10715971,https://cdn.shopify.com/s/files/1/0618/2368/0740/files/WhatsApp_Image_2024-12-24_at_6.12.36_PM_1.jpg?v=1735053479,3,Believe In Yourself Printed Women Hoodie Set - side view - women's wear Pakistan,,,,,,,,,,,,,,,,,,,,,,,,,,,,,,,,,,,,,,,,,,,,https://cdn.shopify.com/s/files/1/0618/2368/0740/files/WhatsApp_Image_2024-12-24_at_6.12.36_PM_1.jpg?v=1735053479,g,,0.00,,,,
believe-in-yourself-printed-women-hoodie-set,,,,,,,,,Small,,,fleece,,,beige,,'10715972,700.0,shopify,100,deny,manual,2199.00,1899.00,true,false,,,,,'10715972,https://cdn.shopify.com/s/files/1/0618/2368/0740/files/WhatsApp_Image_2024-12-24_at_6.12.36_PM.jpg?v=1735053479,4,Believe In Yourself Printed Women Hoodie Set - detail shot - women's wear Pakistan,,,,,,,,,,,,,,,,,,,,,,,,,,,,,,,,,,,,,,,,,,,,https://cdn.shopify.com/s/files/1/0618/2368/0740/files/WhatsApp_Image_2024-12-24_at_6.12.35_PM.jpg?v=1735053479,g,,0.00,,,,
believe-in-yourself-printed-women-hoodie-set,,,,,,,,,Small,,,fleece,,,yellow,,'10715973,700.0,shopify,100,deny,manual,2199.00,1899.00,true,false,,,,,'10715973,https://cdn.shopify.com/s/files/1/0618/2368/0740/files/WhatsApp_Image_2024-12-24_at_6.12.37_PM_1.jpg?v=1735053479,5,Believe In Yourself Printed Women Hoodie Set - front view - women's wear Pakistan,,,,,,,,,,,,,,,,,,,,,,,,,,,,,,,,,,,,,,,,,,,,https://cdn.shopify.com/s/files/1/0618/2368/0740/files/WhatsApp_Image_2024-12-24_at_6.12.37_PM.jpg?v=1735053479,g,,0.00,,,,
believe-in-yourself-printed-women-hoodie-set,,,,,,,,,Small,,,fleece,,,purple,,'10715974,700.0,shopify,100,deny,manual,2199.00,1899.00,true,false,,,,,'10715974,https://cdn.shopify.com/s/files/1/0618/2368/0740/files/WhatsApp_Image_2024-12-24_at_6.12.37_PM.jpg?v=1735053479,6,Believe In Yourself Printed Women Hoodie Set - back view - women's wear Pakistan,,,,,,,,,,,,,,,,,,,,,,,,,,,,,,,,,,,,,,,,,,,,https://cdn.shopify.com/s/files/1/0618/2368/0740/files/WhatsApp_Image_2024-12-24_at_6.12.37_PM_1.jpg?v=1735053479,g,,0.00,,,,
believe-in-yourself-printed-women-hoodie-set,,,,,,,,,Small,,,fleece,,,brown,,'10715975,700.0,shopify,100,deny,manual,2199.00,1899.00,true,false,,,,,'10715975,https://cdn.shopify.com/s/files/1/0618/2368/0740/files/WhatsApp_Image_2024-12-20_at_4.49.09_PM.jpg?v=1758896990,7,We See What We Want Printed Women Hoodie Set Copy - back view - women's wear Pakistan,,,,,,,,,,,,,,,,,,,,,,,,,,,,,,,,,,,,,,,,,,,,https://cdn.shopify.com/s/files/1/0618/2368/0740/files/WhatsApp_Image_2024-12-24_at_6.12.38_PM.jpg?v=1735053468,g,,0.00,,,,
believe-in-yourself-printed-women-hoodie-set,,,,,,,,,Small,,,fleece,,,silver,,'10715976,700.0,shopify,100,deny,manual,2199.00,1899.00,true,false,,,,,'10715976,https://cdn.shopify.com/s/files/1/0618/2368/0740/files/WhatsApp_Image_2024-12-24_at_6.12.38_PM.jpg?v=1735053468,8,Believe In Yourself Printed Women Hoodie Set - detail shot - women's wear Pakistan,,,,,,,,,,,,,,,,,,,,,,,,,,,,,,,,,,,,,,,,,,,,https://cdn.shopify.com/s/files/1/0618/2368/0740/files/WhatsApp_Image_2024-12-24_at_6.12.39_PM.jpg?v=1735053467,g,,0.00,,,,
believe-in-yourself-printed-women-hoodie-set,,,,,,,,,Small,,,fleece,,,navy-blue,,'10715977,700.0,shopify,100,deny,manual,2199.00,1899.00,true,false,,,,,'10715977,https://cdn.shopify.com/s/files/1/0618/2368/0740/files/WhatsApp_Image_2024-12-24_at_6.12.39_PM_1.jpg?v=1735053467,9,Believe In Yourself Printed Women Hoodie Set - front view - women's wear Pakistan,,,,,,,,,,,,,,,,,,,,,,,,,,,,,,,,,,,,,,,,,,,,https://cdn.shopify.com/s/files/1/0618/2368/0740/files/WhatsApp_Image_2024-12-24_at_6.12.40_PM.jpg?v=1735053468,g,,0.00,,,,
believe-in-yourself-printed-women-hoodie-set,,,,,,,,,Small,,,fleece,,,blue,,'10715978,700.0,shopify,100,deny,manual,2199.00,1899.00,true,false,,,,,'10715978,https://cdn.shopify.com/s/files/1/0618/2368/0740/files/WhatsApp_Image_2024-12-24_at_6.12.39_PM.jpg?v=1735053467,10,Believe In Yourself Printed Women Hoodie Set - back view - women's wear Pakistan,,,,,,,,,,,,,,,,,,,,,,,,,,,,,,,,,,,,,,,,,,,,https://cdn.shopify.com/s/files/1/0618/2368/0740/files/WhatsApp_Image_2024-12-24_at_6.12.39_PM_1.jpg?v=1735053467,g,,0.00,,,,
believe-in-yourself-printed-women-hoodie-set,,,,,,,,,Medium,,,fleece,,,black,,'10715979,700.0,shopify,100,deny,manual,2199.00,1899.00,true,false,,,,,'10715979,https://cdn.shopify.com/s/files/1/0618/2368/0740/files/WhatsApp_Image_2024-12-24_at_6.12.40_PM.jpg?v=1735053468,11,Believe In Yourself Printed Women Hoodie Set - side view - women's wear Pakistan,,,,,,,,,,,,,,,,,,,,,,,,,,,,,,,,,,,,,,,,,,,,https://cdn.shopify.com/s/files/1/0618/2368/0740/files/WhatsApp_Image_2024-12-24_at_6.12.35_PM_1.jpg?v=1735053479,g,,0.00,,,,
believe-in-yourself-printed-women-hoodie-set,,,,,,,,,Medium,,,fleece,,,gray-3,,'10715980,700.0,shopify,100,deny,manual,2199.00,1899.00,true,false,,,,,'10715980,,,,,,,,,,,,,,,,,,,,,,,,,,,,,,,,,,,,,,,,,,,,,,,https://cdn.shopify.com/s/files/1/0618/2368/0740/files/WhatsApp_Image_2024-12-24_at_6.12.36_PM.jpg?v=1735053479,g,,0.00,,,,
believe-in-yourself-printed-women-hoodie-set,,,,,,,,,Medium,,,fleece,,,olive-green,,'10715981,700.0,shopify,100,deny,manual,2199.00,1899.00,true,false,,,,,'10715981,,,,,,,,,,,,,,,,,,,,,,,,,,,,,,,,,,,,,,,,,,,,,,,https://cdn.shopify.com/s/files/1/0618/2368/0740/files/WhatsApp_Image_2024-12-24_at_6.12.36_PM_1.jpg?v=1735053479,g,,0.00,,,,
believe-in-yourself-printed-women-hoodie-set,,,,,,,,,Medium,,,fleece,,,beige,,'10715982,700.0,shopify,100,deny,manual,2199.00,1899.00,true,false,,,,,'10715982,,,,,,,,,,,,,,,,,,,,,,,,,,,,,,,,,,,,,,,,,,,,,,,https://cdn.shopify.com/s/files/1/0618/2368/0740/files/WhatsApp_Image_2024-12-24_at_6.12.35_PM.jpg?v=1735053479,g,,0.00,,,,
believe-in-yourself-printed-women-hoodie-set,,,,,,,,,Medium,,,fleece,,,yellow,,'10715983,700.0,shopify,100,deny,manual,2199.00,1899.00,true,false,,,,,'10715983,,,,,,,,,,,,,,,,,,,,,,,,,,,,,,,,,,,,,,,,,,,,,,,https://cdn.shopify.com/s/files/1/0618/2368/0740/files/WhatsApp_Image_2024-12-24_at_6.12.37_PM.jpg?v=1735053479,g,,0.00,,,,
believe-in-yourself-printed-women-hoodie-set,,,,,,,,,Medium,,,fleece,,,purple,,'10715984,700.0,shopify,99,deny,manual,2199.00,1899.00,true,false,,,,,'10715984,,,,,,,,,,,,,,,,,,,,,,,,,,,,,,,,,,,,,,,,,,,,,,,https://cdn.shopify.com/s/files/1/0618/2368/0740/files/WhatsApp_Image_2024-12-24_at_6.12.37_PM_1.jpg?v=1735053479,g,,0.00,,,,
believe-in-yourself-printed-women-hoodie-set,,,,,,,,,Medium,,,fleece,,,brown,,'10715985,700.0,shopify,100,deny,manual,2199.00,1899.00,true,false,,,,,'10715985,,,,,,,,,,,,,,,,,,,,,,,,,,,,,,,,,,,,,,,,,,,,,,,https://cdn.shopify.com/s/files/1/0618/2368/0740/files/WhatsApp_Image_2024-12-24_at_6.12.38_PM.jpg?v=1735053468,g,,0.00,,,,
believe-in-yourself-printed-women-hoodie-set,,,,,,,,,Medium,,,fleece,,,silver,,'10715986,700.0,shopify,100,deny,manual,2199.00,1899.00,true,false,,,,,'10715986,,,,,,,,,,,,,,,,,,,,,,,,,,,,,,,,,,,,,,,,,,,,,,,https://cdn.shopify.com/s/files/1/0618/2368/0740/files/WhatsApp_Image_2024-12-24_at_6.12.39_PM.jpg?v=1735053467,g,,0.00,,,,
believe-in-yourself-printed-women-hoodie-set,,,,,,,,,Medium,,,fleece,,,navy-blue,,'10715987,700.0,shopify,99,deny,manual,2199.00,1899.00,true,false,,,,,'10715987,,,,,,,,,,,,,,,,,,,,,,,,,,,,,,,,,,,,,,,,,,,,,,,https://cdn.shopify.com/s/files/1/0618/2368/0740/files/WhatsApp_Image_2024-12-24_at_6.12.40_PM.jpg?v=1735053468,g,,0.00,,,,
believe-in-yourself-printed-women-hoodie-set,,,,,,,,,Medium,,,fleece,,,blue,,'10715988,700.0,shopify,100,deny,manual,2199.00,1899.00,true,false,,,,,'10715988,,,,,,,,,,,,,,,,,,,,,,,,,,,,,,,,,,,,,,,,,,,,,,,https://cdn.shopify.com/s/files/1/0618/2368/0740/files/WhatsApp_Image_2024-12-24_at_6.12.39_PM_1.jpg?v=1735053467,g,,0.00,,,,
believe-in-yourself-printed-women-hoodie-set,,,,,,,,,Large,,,fleece,,,black,,'10715989,700.0,shopify,100,deny,manual,2299.00,1899.00,true,false,,,,,'10715989,,,,,,,,,,,,,,,,,,,,,,,,,,,,,,,,,,,,,,,,,,,,,,,https://cdn.shopify.com/s/files/1/0618/2368/0740/files/WhatsApp_Image_2024-12-24_at_6.12.35_PM_1.jpg?v=1735053479,g,,0.00,,,,
believe-in-yourself-printed-women-hoodie-set,,,,,,,,,Large,,,fleece,,,gray-3,,'10715990,700.0,shopify,100,deny,manual,2299.00,1899.00,true,false,,,,,'10715990,,,,,,,,,,,,,,,,,,,,,,,,,,,,,,,,,,,,,,,,,,,,,,,https://cdn.shopify.com/s/files/1/0618/2368/0740/files/WhatsApp_Image_2024-12-24_at_6.12.36_PM.jpg?v=1735053479,g,,0.00,,,,
believe-in-yourself-printed-women-hoodie-set,,,,,,,,,Large,,,fleece,,,olive-green,,'10715991,700.0,shopify,100,deny,manual,2299.00,1899.00,true,false,,,,,'10715991,,,,,,,,,,,,,,,,,,,,,,,,,,,,,,,,,,,,,,,,,,,,,,,https://cdn.shopify.com/s/files/1/0618/2368/0740/files/WhatsApp_Image_2024-12-24_at_6.12.36_PM_1.jpg?v=1735053479,g,,0.00,,,,
believe-in-yourself-printed-women-hoodie-set,,,,,,,,,Large,,,fleece,,,beige,,'10715992,700.0,shopify,100,deny,manual,2299.00,1899.00,true,false,,,,,'10715992,,,,,,,,,,,,,,,,,,,,,,,,,,,,,,,,,,,,,,,,,,,,,,,https://cdn.shopify.com/s/files/1/0618/2368/0740/files/WhatsApp_Image_2024-12-24_at_6.12.35_PM.jpg?v=1735053479,g,,0.00,,,,
believe-in-yourself-printed-women-hoodie-set,,,,,,,,,Large,,,fleece,,,yellow,,'10715993,700.0,shopify,100,deny,manual,2299.00,1899.00,true,false,,,,,'10715993,,,,,,,,,,,,,,,,,,,,,,,,,,,,,,,,,,,,,,,,,,,,,,,https://cdn.shopify.com/s/files/1/0618/2368/0740/files/WhatsApp_Image_2024-12-24_at_6.12.37_PM.jpg?v=1735053479,g,,0.00,,,,
believe-in-yourself-printed-women-hoodie-set,,,,,,,,,Large,,,fleece,,,purple,,'10715994,700.0,shopify,100,deny,manual,2299.00,1899.00,true,false,,,,,'10715994,,,,,,,,,,,,,,,,,,,,,,,,,,,,,,,,,,,,,,,,,,,,,,,https://cdn.shopify.com/s/files/1/0618/2368/0740/files/WhatsApp_Image_2024-12-24_at_6.12.37_PM_1.jpg?v=1735053479,g,,0.00,,,,
believe-in-yourself-printed-women-hoodie-set,,,,,,,,,Large,,,fleece,,,brown,,'10715995,700.0,shopify,100,deny,manual,2299.00,1899.00,true,false,,,,,'10715995,,,,,,,,,,,,,,,,,,,,,,,,,,,,,,,,,,,,,,,,,,,,,,,https://cdn.shopify.com/s/files/1/0618/2368/0740/files/WhatsApp_Image_2024-12-24_at_6.12.38_PM.jpg?v=1735053468,g,,0.00,,,,
believe-in-yourself-printed-women-hoodie-set,,,,,,,,,Large,,,fleece,,,silver,,'10715996,700.0,shopify,100,deny,manual,2299.00,1899.00,true,false,,,,,'10715996,,,,,,,,,,,,,,,,,,,,,,,,,,,,,,,,,,,,,,,,,,,,,,,https://cdn.shopify.com/s/files/1/0618/2368/0740/files/WhatsApp_Image_2024-12-24_at_6.12.39_PM.jpg?v=1735053467,g,,0.00,,,,
believe-in-yourself-printed-women-hoodie-set,,,,,,,,,Large,,,fleece,,,navy-blue,,'10715997,700.0,shopify,100,deny,manual,2299.00,1899.00,true,false,,,,,'10715997,,,,,,,,,,,,,,,,,,,,,,,,,,,,,,,,,,,,,,,,,,,,,,,https://cdn.shopify.com/s/files/1/0618/2368/0740/files/WhatsApp_Image_2024-12-24_at_6.12.40_PM.jpg?v=1735053468,g,,0.00,,,,
believe-in-yourself-printed-women-hoodie-set,,,,,,,,,Large,,,fleece,,,blue,,'10715998,700.0,shopify,100,deny,manual,2299.00,1899.00,true,false,,,,,'10715998,,,,,,,,,,,,,,,,,,,,,,,,,,,,,,,,,,,,,,,,,,,,,,,https://cdn.shopify.com/s/files/1/0618/2368/0740/files/WhatsApp_Image_2024-12-24_at_6.12.39_PM_1.jpg?v=1735053467,g,,0.00,,,,
believe-in-yourself-printed-women-hoodie-set,,,,,,,,,XL,,,fleece,,,black,,'10715999,700.0,shopify,100,deny,manual,2399.00,1899.00,true,false,,,,,'10715999,,,,,,,,,,,,,,,,,,,,,,,,,,,,,,,,,,,,,,,,,,,,,,,https://cdn.shopify.com/s/files/1/0618/2368/0740/files/WhatsApp_Image_2024-12-24_at_6.12.35_PM_1.jpg?v=1735053479,g,,0.00,,,,
believe-in-yourself-printed-women-hoodie-set,,,,,,,,,XL,,,fleece,,,gray-3,,'10716000,700.0,shopify,100,deny,manual,2399.00,1899.00,true,false,,,,,'10716000,,,,,,,,,,,,,,,,,,,,,,,,,,,,,,,,,,,,,,,,,,,,,,,https://cdn.shopify.com/s/files/1/0618/2368/0740/files/WhatsApp_Image_2024-12-24_at_6.12.36_PM.jpg?v=1735053479,g,,0.00,,,,
believe-in-yourself-printed-women-hoodie-set,,,,,,,,,XL,,,fleece,,,olive-green,,'10716001,700.0,shopify,100,deny,manual,2399.00,1899.00,true,false,,,,,'10716001,,,,,,,,,,,,,,,,,,,,,,,,,,,,,,,,,,,,,,,,,,,,,,,https://cdn.shopify.com/s/files/1/0618/2368/0740/files/WhatsApp_Image_2024-12-24_at_6.12.36_PM_1.jpg?v=1735053479,g,,0.00,,,,
believe-in-yourself-printed-women-hoodie-set,,,,,,,,,XL,,,fleece,,,beige,,'10716002,700.0,shopify,100,deny,manual,2399.00,1899.00,true,false,,,,,'10716002,,,,,,,,,,,,,,,,,,,,,,,,,,,,,,,,,,,,,,,,,,,,,,,https://cdn.shopify.com/s/files/1/0618/2368/0740/files/WhatsApp_Image_2024-12-24_at_6.12.35_PM.jpg?v=1735053479,g,,0.00,,,,
believe-in-yourself-printed-women-hoodie-set,,,,,,,,,XL,,,fleece,,,yellow,,'10716003,700.0,shopify,100,deny,manual,2399.00,1899.00,true,false,,,,,'10716003,,,,,,,,,,,,,,,,,,,,,,,,,,,,,,,,,,,,,,,,,,,,,,,https://cdn.shopify.com/s/files/1/0618/2368/0740/files/WhatsApp_Image_2024-12-24_at_6.12.37_PM.jpg?v=1735053479,g,,0.00,,,,
believe-in-yourself-printed-women-hoodie-set,,,,,,,,,XL,,,fleece,,,purple,,'10716004,700.0,shopify,100,deny,manual,2399.00,1899.00,true,false,,,,,'10716004,,,,,,,,,,,,,,,,,,,,,,,,,,,,,,,,,,,,,,,,,,,,,,,https://cdn.shopify.com/s/files/1/0618/2368/0740/files/WhatsApp_Image_2024-12-24_at_6.12.37_PM_1.jpg?v=1735053479,g,,0.00,,,,
believe-in-yourself-printed-women-hoodie-set,,,,,,,,,XL,,,fleece,,,brown,,'10716005,700.0,shopify,100,deny,manual,2399.00,1899.00,true,false,,,,,'10716005,,,,,,,,,,,,,,,,,,,,,,,,,,,,,,,,,,,,,,,,,,,,,,,https://cdn.shopify.com/s/files/1/0618/2368/0740/files/WhatsApp_Image_2024-12-24_at_6.12.38_PM.jpg?v=1735053468,g,,0.00,,,,
believe-in-yourself-printed-women-hoodie-set,,,,,,,,,XL,,,fleece,,,silver,,'10716006,700.0,shopify,100,deny,manual,2399.00,1899.00,true,false,,,,,'10716006,,,,,,,,,,,,,,,,,,,,,,,,,,,,,,,,,,,,,,,,,,,,,,,https://cdn.shopify.com/s/files/1/0618/2368/0740/files/WhatsApp_Image_2024-12-24_at_6.12.39_PM.jpg?v=1735053467,g,,0.00,,,,
believe-in-yourself-printed-women-hoodie-set,,,,,,,,,XL,,,fleece,,,navy-blue,,'10716007,700.0,shopify,100,deny,manual,2399.00,1899.00,true,false,,,,,'10716007,,,,,,,,,,,,,,,,,,,,,,,,,,,,,,,,,,,,,,,,,,,,,,,https://cdn.shopify.com/s/files/1/0618/2368/0740/files/WhatsApp_Image_2024-12-24_at_6.12.40_PM.jpg?v=1735053468,g,,0.00,,,,
believe-in-yourself-printed-women-hoodie-set,,,,,,,,,XL,,,fleece,,,blue,,'10706968,700.0,shopify,100,deny,manual,2399.00,1899.00,true,false,,,,,'10706968,,,,,,,,,,,,,,,,,,,,,,,,,,,,,,,,,,,,,,,,,,,,,,,https://cdn.shopify.com/s/files/1/0618/2368/0740/files/WhatsApp_Image_2024-12-24_at_6.12.39_PM_1.jpg?v=1735053467,g,,0.00,,,,
floral-bicycle-printed-women-hoodie-set-copy-4,Neon Heart Printed Women Hoodie Set,"<h4>Neon Heart Printed Women Hoodie Set</h4>
<ul class=""a-unordered-list a-vertical a-spacing-mini"">
<li>
<p>Pair of Hoodie &amp; Trouser</p>
<p>Fabric: Soft High-Quality Fleece</p>
<p>Full Sleeve &amp; Hoodie</p>
<p>Contrast Trouser</p>
<p>Round Neck</p>
<p>Comfortable Wear </p>
<p>Easy Wash &amp; Press</p>
</li>
</ul>",BBG FASHION,Apparel & Accessories > Clothing,Hoodie Set For Her,"Hoodie Set For Her, wintercollection, woo",false,Size,Small,,Fabric,fleece,product.metafields.shopify.fabric,Color,silver,product.metafields.shopify.color-pattern,'10715930,700.0,shopify,100,deny,manual,2199.00,1899.00,true,false,,,,,'10715930,https://cdn.shopify.com/s/files/1/0618/2368/0740/files/WhatsApp_Image_2024-12-24_at_6.08.23_PM_1.jpg?v=1735052916,1,Floral Bicycle Printed Women Hoodie Set Copy 4 - front view - women's wear Pakistan,false,,,,,,,,,,,,,,,,,,,,,,,silver; gray-3; olive-green; beige; yellow; purple; brown; navy-blue; blue; black,,,fleece,,,,,,,,,,,,,,,,,https://cdn.shopify.com/s/files/1/0618/2368/0740/files/WhatsApp_Image_2024-12-24_at_6.08.26_PM_1.jpg?v=1735052907,g,,0.00,true,,,draft
floral-bicycle-printed-women-hoodie-set-copy-4,,,,,,,,,Small,,,fleece,,,gray-3,,'10715931,700.0,shopify,100,deny,manual,2199.00,1899.00,true,false,,,,,'10715931,https://cdn.shopify.com/s/files/1/0618/2368/0740/files/WhatsApp_Image_2024-12-24_at_6.08.23_PM.jpg?v=1735207207,2,Floral Bicycle Printed Women Hoodie Set Copy 4 - back view - women's wear Pakistan,,,,,,,,,,,,,,,,,,,,,,,,,,,,,,,,,,,,,,,,,,,,https://cdn.shopify.com/s/files/1/0618/2368/0740/files/WhatsApp_Image_2024-12-24_at_6.08.24_PM.jpg?v=1735052907,g,,0.00,,,,
floral-bicycle-printed-women-hoodie-set-copy-4,,,,,,,,,Small,,,fleece,,,olive-green,,'10715932,700.0,shopify,100,deny,manual,2199.00,1899.00,true,false,,,,,'10715932,https://cdn.shopify.com/s/files/1/0618/2368/0740/files/WhatsApp_Image_2024-12-24_at_6.08.24_PM_1.jpg?v=1735207207,3,Floral Bicycle Printed Women Hoodie Set Copy 4 - side view - women's wear Pakistan,,,,,,,,,,,,,,,,,,,,,,,,,,,,,,,,,,,,,,,,,,,,https://cdn.shopify.com/s/files/1/0618/2368/0740/files/WhatsApp_Image_2024-12-24_at_6.08.24_PM_1.jpg?v=1735207207,g,,0.00,,,,
floral-bicycle-printed-women-hoodie-set-copy-4,,,,,,,,,Small,,,fleece,,,beige,,'10715933,700.0,shopify,100,deny,manual,2199.00,1899.00,true,false,,,,,'10715933,https://cdn.shopify.com/s/files/1/0618/2368/0740/files/WhatsApp_Image_2024-12-20_at_4.49.09_PM.jpg?v=1758896990,4,We See What We Want Printed Women Hoodie Set Copy - back view - women's wear Pakistan,,,,,,,,,,,,,,,,,,,,,,,,,,,,,,,,,,,,,,,,,,,,https://cdn.shopify.com/s/files/1/0618/2368/0740/files/WhatsApp_Image_2024-12-24_at_6.08.23_PM.jpg?v=1735207207,g,,0.00,,,,
floral-bicycle-printed-women-hoodie-set-copy-4,,,,,,,,,Small,,,fleece,,,yellow,,'10715934,700.0,shopify,100,deny,manual,2199.00,1899.00,true,false,,,,,'10715934,https://cdn.shopify.com/s/files/1/0618/2368/0740/files/WhatsApp_Image_2024-12-24_at_6.08.24_PM.jpg?v=1735052907,5,Floral Bicycle Printed Women Hoodie Set Copy 4 - front view - women's wear Pakistan,,,,,,,,,,,,,,,,,,,,,,,,,,,,,,,,,,,,,,,,,,,,https://cdn.shopify.com/s/files/1/0618/2368/0740/files/WhatsApp_Image_2024-12-24_at_6.08.25_PM.jpg?v=1735052907,g,,0.00,,,,
floral-bicycle-printed-women-hoodie-set-copy-4,,,,,,,,,Small,,,fleece,,,purple,,'10715935,700.0,shopify,100,deny,manual,2199.00,1899.00,true,false,,,,,'10715935,https://cdn.shopify.com/s/files/1/0618/2368/0740/files/WhatsApp_Image_2024-12-24_at_6.08.25_PM_1.jpg?v=1735052907,6,Floral Bicycle Printed Women Hoodie Set Copy 4 - back view - women's wear Pakistan,,,,,,,,,,,,,,,,,,,,,,,,,,,,,,,,,,,,,,,,,,,,https://cdn.shopify.com/s/files/1/0618/2368/0740/files/WhatsApp_Image_2024-12-24_at_6.08.25_PM_1.jpg?v=1735052907,g,,0.00,,,,
floral-bicycle-printed-women-hoodie-set-copy-4,,,,,,,,,Small,,,fleece,,,brown,,'10715936,700.0,shopify,100,deny,manual,2199.00,1899.00,true,false,,,,,'10715936,https://cdn.shopify.com/s/files/1/0618/2368/0740/files/WhatsApp_Image_2024-12-24_at_6.08.25_PM.jpg?v=1735052907,7,Floral Bicycle Printed Women Hoodie Set Copy 4 - side view - women's wear Pakistan,,,,,,,,,,,,,,,,,,,,,,,,,,,,,,,,,,,,,,,,,,,,https://cdn.shopify.com/s/files/1/0618/2368/0740/files/WhatsApp_Image_2024-12-24_at_6.08.26_PM.jpg?v=1735052907,g,,0.00,,,,
floral-bicycle-printed-women-hoodie-set-copy-4,,,,,,,,,Small,,,fleece,,,navy-blue,,'10715937,700.0,shopify,100,deny,manual,2199.00,1899.00,true,false,,,,,'10715937,https://cdn.shopify.com/s/files/1/0618/2368/0740/files/WhatsApp_Image_2024-12-24_at_6.08.26_PM_1.jpg?v=1735052907,8,Floral Bicycle Printed Women Hoodie Set Copy 4 - detail shot - women's wear Pakistan,,,,,,,,,,,,,,,,,,,,,,,,,,,,,,,,,,,,,,,,,,,,https://cdn.shopify.com/s/files/1/0618/2368/0740/files/WhatsApp_Image_2024-12-24_at_6.08.27_PM.jpg?v=1735052907,g,,0.00,,,,
floral-bicycle-printed-women-hoodie-set-copy-4,,,,,,,,,Small,,,fleece,,,blue,,'10715938,700.0,shopify,100,deny,manual,2199.00,1899.00,true,false,,,,,'10715938,https://cdn.shopify.com/s/files/1/0618/2368/0740/files/WhatsApp_Image_2024-12-24_at_6.08.26_PM.jpg?v=1735052907,9,Floral Bicycle Printed Women Hoodie Set Copy 4 - front view - women's wear Pakistan,,,,,,,,,,,,,,,,,,,,,,,,,,,,,,,,,,,,,,,,,,,,https://cdn.shopify.com/s/files/1/0618/2368/0740/files/WhatsApp_Image_2024-12-24_at_6.08.27_PM_1.jpg?v=1735052907,g,,0.00,,,,
floral-bicycle-printed-women-hoodie-set-copy-4,,,,,,,,,Small,,,fleece,,,black,,'10715939,700.0,shopify,100,deny,manual,2199.00,1899.00,true,false,,,,,'10715939,https://cdn.shopify.com/s/files/1/0618/2368/0740/files/WhatsApp_Image_2024-12-24_at_6.08.27_PM_1.jpg?v=1735052907,10,Floral Bicycle Printed Women Hoodie Set Copy 4 - back view - women's wear Pakistan,,,,,,,,,,,,,,,,,,,,,,,,,,,,,,,,,,,,,,,,,,,,https://cdn.shopify.com/s/files/1/0618/2368/0740/files/WhatsApp_Image_2024-12-24_at_6.08.23_PM_1.jpg?v=1735052916,g,,0.00,,,,
floral-bicycle-printed-women-hoodie-set-copy-4,,,,,,,,,Medium,,,fleece,,,silver,,'10715940,700.0,shopify,100,deny,manual,2199.00,1899.00,true,false,,,,,'10715940,https://cdn.shopify.com/s/files/1/0618/2368/0740/files/WhatsApp_Image_2024-12-24_at_6.08.27_PM.jpg?v=1735052907,11,Floral Bicycle Printed Women Hoodie Set Copy 4 - side view - women's wear Pakistan,,,,,,,,,,,,,,,,,,,,,,,,,,,,,,,,,,,,,,,,,,,,https://cdn.shopify.com/s/files/1/0618/2368/0740/files/WhatsApp_Image_2024-12-24_at_6.08.26_PM_1.jpg?v=1735052907,g,,0.00,,,,
floral-bicycle-printed-women-hoodie-set-copy-4,,,,,,,,,Medium,,,fleece,,,gray-3,,'10715941,700.0,shopify,100,deny,manual,2199.00,1899.00,true,false,,,,,'10715941,,,,,,,,,,,,,,,,,,,,,,,,,,,,,,,,,,,,,,,,,,,,,,,https://cdn.shopify.com/s/files/1/0618/2368/0740/files/WhatsApp_Image_2024-12-24_at_6.08.24_PM.jpg?v=1735052907,g,,0.00,,,,
floral-bicycle-printed-women-hoodie-set-copy-4,,,,,,,,,Medium,,,fleece,,,olive-green,,'10715942,700.0,shopify,100,deny,manual,2199.00,1899.00,true,false,,,,,'10715942,,,,,,,,,,,,,,,,,,,,,,,,,,,,,,,,,,,,,,,,,,,,,,,https://cdn.shopify.com/s/files/1/0618/2368/0740/files/WhatsApp_Image_2024-12-24_at_6.08.24_PM_1.jpg?v=1735207207,g,,0.00,,,,
floral-bicycle-printed-women-hoodie-set-copy-4,,,,,,,,,Medium,,,fleece,,,beige,,'10715943,700.0,shopify,100,deny,manual,2199.00,1899.00,true,false,,,,,'10715943,,,,,,,,,,,,,,,,,,,,,,,,,,,,,,,,,,,,,,,,,,,,,,,https://cdn.shopify.com/s/files/1/0618/2368/0740/files/WhatsApp_Image_2024-12-24_at_6.08.23_PM.jpg?v=1735207207,g,,0.00,,,,
floral-bicycle-printed-women-hoodie-set-copy-4,,,,,,,,,Medium,,,fleece,,,yellow,,'10715944,700.0,shopify,100,deny,manual,2199.00,1899.00,true,false,,,,,'10715944,,,,,,,,,,,,,,,,,,,,,,,,,,,,,,,,,,,,,,,,,,,,,,,https://cdn.shopify.com/s/files/1/0618/2368/0740/files/WhatsApp_Image_2024-12-24_at_6.08.25_PM.jpg?v=1735052907,g,,0.00,,,,
floral-bicycle-printed-women-hoodie-set-copy-4,,,,,,,,,Medium,,,fleece,,,purple,,'10715945,700.0,shopify,99,deny,manual,2199.00,1899.00,true,false,,,,,'10715945,,,,,,,,,,,,,,,,,,,,,,,,,,,,,,,,,,,,,,,,,,,,,,,https://cdn.shopify.com/s/files/1/0618/2368/0740/files/WhatsApp_Image_2024-12-24_at_6.08.25_PM_1.jpg?v=1735052907,g,,0.00,,,,
floral-bicycle-printed-women-hoodie-set-copy-4,,,,,,,,,Medium,,,fleece,,,brown,,'10715946,700.0,shopify,100,deny,manual,2199.00,1899.00,true,false,,,,,'10715946,,,,,,,,,,,,,,,,,,,,,,,,,,,,,,,,,,,,,,,,,,,,,,,https://cdn.shopify.com/s/files/1/0618/2368/0740/files/WhatsApp_Image_2024-12-24_at_6.08.26_PM.jpg?v=1735052907,g,,0.00,,,,
floral-bicycle-printed-women-hoodie-set-copy-4,,,,,,,,,Medium,,,fleece,,,navy-blue,,'10715947,700.0,shopify,100,deny,manual,2199.00,1899.00,true,false,,,,,'10715947,,,,,,,,,,,,,,,,,,,,,,,,,,,,,,,,,,,,,,,,,,,,,,,https://cdn.shopify.com/s/files/1/0618/2368/0740/files/WhatsApp_Image_2024-12-24_at_6.08.27_PM.jpg?v=1735052907,g,,0.00,,,,
floral-bicycle-printed-women-hoodie-set-copy-4,,,,,,,,,Medium,,,fleece,,,blue,,'10715948,700.0,shopify,100,deny,manual,2199.00,1899.00,true,false,,,,,'10715948,,,,,,,,,,,,,,,,,,,,,,,,,,,,,,,,,,,,,,,,,,,,,,,https://cdn.shopify.com/s/files/1/0618/2368/0740/files/WhatsApp_Image_2024-12-24_at_6.08.27_PM_1.jpg?v=1735052907,g,,0.00,,,,
floral-bicycle-printed-women-hoodie-set-copy-4,,,,,,,,,Medium,,,fleece,,,black,,'10715949,700.0,shopify,100,deny,manual,2199.00,1899.00,true,false,,,,,'10715949,,,,,,,,,,,,,,,,,,,,,,,,,,,,,,,,,,,,,,,,,,,,,,,https://cdn.shopify.com/s/files/1/0618/2368/0740/files/WhatsApp_Image_2024-12-24_at_6.08.23_PM_1.jpg?v=1735052916,g,,0.00,,,,
floral-bicycle-printed-women-hoodie-set-copy-4,,,,,,,,,Large,,,fleece,,,silver,,'10715950,700.0,shopify,100,deny,manual,2299.00,1899.00,true,false,,,,,'10715950,,,,,,,,,,,,,,,,,,,,,,,,,,,,,,,,,,,,,,,,,,,,,,,https://cdn.shopify.com/s/files/1/0618/2368/0740/files/WhatsApp_Image_2024-12-24_at_6.08.26_PM_1.jpg?v=1735052907,g,,0.00,,,,
floral-bicycle-printed-women-hoodie-set-copy-4,,,,,,,,,Large,,,fleece,,,gray-3,,'10715951,700.0,shopify,100,deny,manual,2299.00,1899.00,true,false,,,,,'10715951,,,,,,,,,,,,,,,,,,,,,,,,,,,,,,,,,,,,,,,,,,,,,,,https://cdn.shopify.com/s/files/1/0618/2368/0740/files/WhatsApp_Image_2024-12-24_at_6.08.24_PM.jpg?v=1735052907,g,,0.00,,,,
floral-bicycle-printed-women-hoodie-set-copy-4,,,,,,,,,Large,,,fleece,,,olive-green,,'10715952,700.0,shopify,100,deny,manual,2299.00,1899.00,true,false,,,,,'10715952,,,,,,,,,,,,,,,,,,,,,,,,,,,,,,,,,,,,,,,,,,,,,,,https://cdn.shopify.com/s/files/1/0618/2368/0740/files/WhatsApp_Image_2024-12-24_at_6.08.24_PM_1.jpg?v=1735207207,g,,0.00,,,,
floral-bicycle-printed-women-hoodie-set-copy-4,,,,,,,,,Large,,,fleece,,,beige,,'10715953,700.0,shopify,100,deny,manual,2299.00,1899.00,true,false,,,,,'10715953,,,,,,,,,,,,,,,,,,,,,,,,,,,,,,,,,,,,,,,,,,,,,,,https://cdn.shopify.com/s/files/1/0618/2368/0740/files/WhatsApp_Image_2024-12-24_at_6.08.23_PM.jpg?v=1735207207,g,,0.00,,,,
floral-bicycle-printed-women-hoodie-set-copy-4,,,,,,,,,Large,,,fleece,,,yellow,,'10715954,700.0,shopify,99,deny,manual,2299.00,1899.00,true,false,,,,,'10715954,,,,,,,,,,,,,,,,,,,,,,,,,,,,,,,,,,,,,,,,,,,,,,,https://cdn.shopify.com/s/files/1/0618/2368/0740/files/WhatsApp_Image_2024-12-24_at_6.08.25_PM.jpg?v=1735052907,g,,0.00,,,,
floral-bicycle-printed-women-hoodie-set-copy-4,,,,,,,,,Large,,,fleece,,,purple,,'10715955,700.0,shopify,100,deny,manual,2299.00,1899.00,true,false,,,,,'10715955,,,,,,,,,,,,,,,,,,,,,,,,,,,,,,,,,,,,,,,,,,,,,,,https://cdn.shopify.com/s/files/1/0618/2368/0740/files/WhatsApp_Image_2024-12-24_at_6.08.25_PM_1.jpg?v=1735052907,g,,0.00,,,,
floral-bicycle-printed-women-hoodie-set-copy-4,,,,,,,,,Large,,,fleece,,,brown,,'10715956,700.0,shopify,100,deny,manual,2299.00,1899.00,true,false,,,,,'10715956,,,,,,,,,,,,,,,,,,,,,,,,,,,,,,,,,,,,,,,,,,,,,,,https://cdn.shopify.com/s/files/1/0618/2368/0740/files/WhatsApp_Image_2024-12-24_at_6.08.26_PM.jpg?v=1735052907,g,,0.00,,,,
floral-bicycle-printed-women-hoodie-set-copy-4,,,,,,,,,Large,,,fleece,,,navy-blue,,'10715957,700.0,shopify,100,deny,manual,2299.00,1899.00,true,false,,,,,'10715957,,,,,,,,,,,,,,,,,,,,,,,,,,,,,,,,,,,,,,,,,,,,,,,https://cdn.shopify.com/s/files/1/0618/2368/0740/files/WhatsApp_Image_2024-12-24_at_6.08.27_PM.jpg?v=1735052907,g,,0.00,,,,
floral-bicycle-printed-women-hoodie-set-copy-4,,,,,,,,,Large,,,fleece,,,blue,,'10715958,700.0,shopify,100,deny,manual,2299.00,1899.00,true,false,,,,,'10715958,,,,,,,,,,,,,,,,,,,,,,,,,,,,,,,,,,,,,,,,,,,,,,,https://cdn.shopify.com/s/files/1/0618/2368/0740/files/WhatsApp_Image_2024-12-24_at_6.08.27_PM_1.jpg?v=1735052907,g,,0.00,,,,
floral-bicycle-printed-women-hoodie-set-copy-4,,,,,,,,,Large,,,fleece,,,black,,'10715959,700.0,shopify,99,deny,manual,2299.00,1899.00,true,false,,,,,'10715959,,,,,,,,,,,,,,,,,,,,,,,,,,,,,,,,,,,,,,,,,,,,,,,https://cdn.shopify.com/s/files/1/0618/2368/0740/files/WhatsApp_Image_2024-12-24_at_6.08.23_PM_1.jpg?v=1735052916,g,,0.00,,,,
floral-bicycle-printed-women-hoodie-set-copy-4,,,,,,,,,XL,,,fleece,,,silver,,'10715960,700.0,shopify,100,deny,manual,2399.00,1899.00,true,false,,,,,'10715960,,,,,,,,,,,,,,,,,,,,,,,,,,,,,,,,,,,,,,,,,,,,,,,https://cdn.shopify.com/s/files/1/0618/2368/0740/files/WhatsApp_Image_2024-12-24_at_6.08.26_PM_1.jpg?v=1735052907,g,,0.00,,,,
floral-bicycle-printed-women-hoodie-set-copy-4,,,,,,,,,XL,,,fleece,,,gray-3,,'10715961,700.0,shopify,100,deny,manual,2399.00,1899.00,true,false,,,,,'10715961,,,,,,,,,,,,,,,,,,,,,,,,,,,,,,,,,,,,,,,,,,,,,,,https://cdn.shopify.com/s/files/1/0618/2368/0740/files/WhatsApp_Image_2024-12-24_at_6.08.24_PM.jpg?v=1735052907,g,,0.00,,,,
floral-bicycle-printed-women-hoodie-set-copy-4,,,,,,,,,XL,,,fleece,,,olive-green,,'10715962,700.0,shopify,100,deny,manual,2399.00,1899.00,true,false,,,,,'10715962,,,,,,,,,,,,,,,,,,,,,,,,,,,,,,,,,,,,,,,,,,,,,,,https://cdn.shopify.com/s/files/1/0618/2368/0740/files/WhatsApp_Image_2024-12-24_at_6.08.24_PM_1.jpg?v=1735207207,g,,0.00,,,,
floral-bicycle-printed-women-hoodie-set-copy-4,,,,,,,,,XL,,,fleece,,,beige,,'10715963,700.0,shopify,100,deny,manual,2399.00,1899.00,true,false,,,,,'10715963,,,,,,,,,,,,,,,,,,,,,,,,,,,,,,,,,,,,,,,,,,,,,,,https://cdn.shopify.com/s/files/1/0618/2368/0740/files/WhatsApp_Image_2024-12-24_at_6.08.23_PM.jpg?v=1735207207,g,,0.00,,,,
floral-bicycle-printed-women-hoodie-set-copy-4,,,,,,,,,XL,,,fleece,,,yellow,,'10715964,700.0,shopify,100,deny,manual,2399.00,1899.00,true,false,,,,,'10715964,,,,,,,,,,,,,,,,,,,,,,,,,,,,,,,,,,,,,,,,,,,,,,,https://cdn.shopify.com/s/files/1/0618/2368/0740/files/WhatsApp_Image_2024-12-24_at_6.08.25_PM.jpg?v=1735052907,g,,0.00,,,,
floral-bicycle-printed-women-hoodie-set-copy-4,,,,,,,,,XL,,,fleece,,,purple,,'10715965,700.0,shopify,100,deny,manual,2399.00,1899.00,true,false,,,,,'10715965,,,,,,,,,,,,,,,,,,,,,,,,,,,,,,,,,,,,,,,,,,,,,,,https://cdn.shopify.com/s/files/1/0618/2368/0740/files/WhatsApp_Image_2024-12-24_at_6.08.25_PM_1.jpg?v=1735052907,g,,0.00,,,,
floral-bicycle-printed-women-hoodie-set-copy-4,,,,,,,,,XL,,,fleece,,,brown,,'10715966,700.0,shopify,100,deny,manual,2399.00,1899.00,true,false,,,,,'10715966,,,,,,,,,,,,,,,,,,,,,,,,,,,,,,,,,,,,,,,,,,,,,,,https://cdn.shopify.com/s/files/1/0618/2368/0740/files/WhatsApp_Image_2024-12-24_at_6.08.26_PM.jpg?v=1735052907,g,,0.00,,,,
floral-bicycle-printed-women-hoodie-set-copy-4,,,,,,,,,XL,,,fleece,,,navy-blue,,'10715967,700.0,shopify,100,deny,manual,2399.00,1899.00,true,false,,,,,'10715967,,,,,,,,,,,,,,,,,,,,,,,,,,,,,,,,,,,,,,,,,,,,,,,https://cdn.shopify.com/s/files/1/0618/2368/0740/files/WhatsApp_Image_2024-12-24_at_6.08.27_PM.jpg?v=1735052907,g,,0.00,,,,
floral-bicycle-printed-women-hoodie-set-copy-4,,,,,,,,,XL,,,fleece,,,blue,,'10715968,700.0,shopify,100,deny,manual,2399.00,1899.00,true,false,,,,,'10715968,,,,,,,,,,,,,,,,,,,,,,,,,,,,,,,,,,,,,,,,,,,,,,,https://cdn.shopify.com/s/files/1/0618/2368/0740/files/WhatsApp_Image_2024-12-24_at_6.08.27_PM_1.jpg?v=1735052907,g,,0.00,,,,
floral-bicycle-printed-women-hoodie-set-copy-4,,,,,,,,,XL,,,fleece,,,black,,'10706967,700.0,shopify,100,deny,manual,2399.00,1899.00,true,false,,,,,'10706967,,,,,,,,,,,,,,,,,,,,,,,,,,,,,,,,,,,,,,,,,,,,,,,https://cdn.shopify.com/s/files/1/0618/2368/0740/files/WhatsApp_Image_2024-12-24_at_6.08.23_PM_1.jpg?v=1735052916,g,,0.00,,,,
floral-bicycle-printed-women-hoodie-set-copy-3,Sun Flower Printed Women Hoodie Set,"<h4>Sun Flower Printed Women Hoodie Set </h4>
<ul class=""a-unordered-list a-vertical a-spacing-mini"">
<li>
<p>Pair of Hoodie &amp; Trouser</p>
<p>Fabric: Soft High-Quality Fleece</p>
<p>Full Sleeve &amp; Hoodie</p>
<p>Contrast Trouser</p>
<p>Round Neck</p>
<p>Comfortable Wear </p>
<p>Easy Wash &amp; Press</p>
</li>
</ul>",BBG FASHION,Apparel & Accessories > Clothing,Hoodie Set For Her,"Hoodie Set For Her, wintercollection, woo",false,Size,Small,,Fabric,fleece,product.metafields.shopify.fabric,Color,black,product.metafields.shopify.color-pattern,'10715891,700.0,shopify,100,deny,manual,2199.00,1899.00,true,false,,,,,'10715891,https://cdn.shopify.com/s/files/1/0618/2368/0740/files/WhatsApp_Image_2024-12-24_at_6.03.14_PM.jpg?v=1735206762,1,Floral Bicycle Printed Women Hoodie Set Copy 3 - front view - women's wear Pakistan,false,,,,,,,,,,,,,,,,,,,,,,,black; gray-3; olive-green; beige; yellow; purple; brown; silver; navy-blue; blue,,,fleece,,,,,,,,,,,,,,,,,https://cdn.shopify.com/s/files/1/0618/2368/0740/files/WhatsApp_Image_2024-12-24_at_6.03.14_PM.jpg?v=1735206762,g,,0.00,true,,,draft
floral-bicycle-printed-women-hoodie-set-copy-3,,,,,,,,,Small,,,fleece,,,gray-3,,'10715892,700.0,shopify,100,deny,manual,2199.00,1899.00,true,false,,,,,'10715892,https://cdn.shopify.com/s/files/1/0618/2368/0740/files/WhatsApp_Image_2024-12-24_at_6.03.15_PM.jpg?v=1735206762,2,Floral Bicycle Printed Women Hoodie Set Copy 3 - back view - women's wear Pakistan,,,,,,,,,,,,,,,,,,,,,,,,,,,,,,,,,,,,,,,,,,,,https://cdn.shopify.com/s/files/1/0618/2368/0740/files/WhatsApp_Image_2024-12-24_at_6.03.14_PM_1.jpg?v=1735206762,g,,0.00,,,,
floral-bicycle-printed-women-hoodie-set-copy-3,,,,,,,,,Small,,,fleece,,,olive-green,,'10715893,700.0,shopify,100,deny,manual,2199.00,1899.00,true,false,,,,,'10715893,https://cdn.shopify.com/s/files/1/0618/2368/0740/files/WhatsApp_Image_2024-12-24_at_6.03.14_PM_1.jpg?v=1735206762,3,Floral Bicycle Printed Women Hoodie Set Copy 3 - side view - women's wear Pakistan,,,,,,,,,,,,,,,,,,,,,,,,,,,,,,,,,,,,,,,,,,,,https://cdn.shopify.com/s/files/1/0618/2368/0740/files/WhatsApp_Image_2024-12-24_at_6.03.15_PM.jpg?v=1735206762,g,,0.00,,,,
floral-bicycle-printed-women-hoodie-set-copy-3,,,,,,,,,Small,,,fleece,,,beige,,'10715894,700.0,shopify,100,deny,manual,2199.00,1899.00,true,false,,,,,'10715894,https://cdn.shopify.com/s/files/1/0618/2368/0740/files/WhatsApp_Image_2024-12-20_at_4.49.09_PM.jpg?v=1758896990,4,We See What We Want Printed Women Hoodie Set Copy - back view - women's wear Pakistan,,,,,,,,,,,,,,,,,,,,,,,,,,,,,,,,,,,,,,,,,,,,https://cdn.shopify.com/s/files/1/0618/2368/0740/files/WhatsApp_Image_2024-12-24_at_6.04.37_PM.jpg?v=1735051490,g,,0.00,,,,
floral-bicycle-printed-women-hoodie-set-copy-3,,,,,,,,,Small,,,fleece,,,yellow,,'10715895,700.0,shopify,100,deny,manual,2199.00,1899.00,true,false,,,,,'10715895,https://cdn.shopify.com/s/files/1/0618/2368/0740/files/WhatsApp_Image_2024-12-24_at_6.03.15_PM_1.jpg?v=1735206732,5,Floral Bicycle Printed Women Hoodie Set Copy 3 - front view - women's wear Pakistan,,,,,,,,,,,,,,,,,,,,,,,,,,,,,,,,,,,,,,,,,,,,https://cdn.shopify.com/s/files/1/0618/2368/0740/files/WhatsApp_Image_2024-12-24_at_6.03.15_PM_1.jpg?v=1735206732,g,,0.00,,,,
floral-bicycle-printed-women-hoodie-set-copy-3,,,,,,,,,Small,,,fleece,,,purple,,'10715896,700.0,shopify,100,deny,manual,2199.00,1899.00,true,false,,,,,'10715896,https://cdn.shopify.com/s/files/1/0618/2368/0740/files/WhatsApp_Image_2024-12-24_at_6.03.16_PM.jpg?v=1735051490,6,Floral Bicycle Printed Women Hoodie Set Copy 3 - back view - women's wear Pakistan,,,,,,,,,,,,,,,,,,,,,,,,,,,,,,,,,,,,,,,,,,,,https://cdn.shopify.com/s/files/1/0618/2368/0740/files/WhatsApp_Image_2024-12-24_at_6.03.16_PM.jpg?v=1735051490,g,,0.00,,,,
floral-bicycle-printed-women-hoodie-set-copy-3,,,,,,,,,Small,,,fleece,,,brown,,'10715897,700.0,shopify,100,deny,manual,2199.00,1899.00,true,false,,,,,'10715897,https://cdn.shopify.com/s/files/1/0618/2368/0740/files/WhatsApp_Image_2024-12-24_at_6.03.17_PM_2.jpg?v=1735051490,7,Floral Bicycle Printed Women Hoodie Set Copy 3 - side view - women's wear Pakistan,,,,,,,,,,,,,,,,,,,,,,,,,,,,,,,,,,,,,,,,,,,,https://cdn.shopify.com/s/files/1/0618/2368/0740/files/WhatsApp_Image_2024-12-24_at_6.03.17_PM.jpg?v=1735051490,g,,0.00,,,,
floral-bicycle-printed-women-hoodie-set-copy-3,,,,,,,,,Small,,,fleece,,,silver,,'10715898,700.0,shopify,100,deny,manual,2199.00,1899.00,true,false,,,,,'10715898,https://cdn.shopify.com/s/files/1/0618/2368/0740/files/WhatsApp_Image_2024-12-24_at_6.03.17_PM.jpg?v=1735051490,8,Floral Bicycle Printed Women Hoodie Set Copy 3 - detail shot - women's wear Pakistan,,,,,,,,,,,,,,,,,,,,,,,,,,,,,,,,,,,,,,,,,,,,https://cdn.shopify.com/s/files/1/0618/2368/0740/files/WhatsApp_Image_2024-12-24_at_6.03.17_PM_2.jpg?v=1735051490,g,,0.00,,,,
floral-bicycle-printed-women-hoodie-set-copy-3,,,,,,,,,Small,,,fleece,,,navy-blue,,'10715899,700.0,shopify,100,deny,manual,2199.00,1899.00,true,false,,,,,'10715899,https://cdn.shopify.com/s/files/1/0618/2368/0740/files/WhatsApp_Image_2024-12-24_at_6.03.18_PM_1.jpg?v=1735051490,9,Floral Bicycle Printed Women Hoodie Set Copy 3 - front view - women's wear Pakistan,,,,,,,,,,,,,,,,,,,,,,,,,,,,,,,,,,,,,,,,,,,,https://cdn.shopify.com/s/files/1/0618/2368/0740/files/WhatsApp_Image_2024-12-24_at_6.03.18_PM.jpg?v=1735051490,g,,0.00,,,,
floral-bicycle-printed-women-hoodie-set-copy-3,,,,,,,,,Small,,,fleece,,,blue,,'10715900,700.0,shopify,100,deny,manual,2199.00,1899.00,true,false,,,,,'10715900,https://cdn.shopify.com/s/files/1/0618/2368/0740/files/WhatsApp_Image_2024-12-24_at_6.03.18_PM.jpg?v=1735051490,10,Floral Bicycle Printed Women Hoodie Set Copy 3 - back view - women's wear Pakistan,,,,,,,,,,,,,,,,,,,,,,,,,,,,,,,,,,,,,,,,,,,,https://cdn.shopify.com/s/files/1/0618/2368/0740/files/WhatsApp_Image_2024-12-24_at_6.03.18_PM_1.jpg?v=1735051490,g,,0.00,,,,
floral-bicycle-printed-women-hoodie-set-copy-3,,,,,,,,,Medium,,,fleece,,,black,,'10715901,700.0,shopify,100,deny,manual,2199.00,1899.00,true,false,,,,,'10715901,https://cdn.shopify.com/s/files/1/0618/2368/0740/files/WhatsApp_Image_2024-12-24_at_6.04.37_PM.jpg?v=1735051490,11,Floral Bicycle Printed Women Hoodie Set Copy 3 - side view - women's wear Pakistan,,,,,,,,,,,,,,,,,,,,,,,,,,,,,,,,,,,,,,,,,,,,https://cdn.shopify.com/s/files/1/0618/2368/0740/files/WhatsApp_Image_2024-12-24_at_6.03.14_PM.jpg?v=1735206762,g,,0.00,,,,
floral-bicycle-printed-women-hoodie-set-copy-3,,,,,,,,,Medium,,,fleece,,,gray-3,,'10715902,700.0,shopify,99,deny,manual,2199.00,1899.00,true,false,,,,,'10715902,,,,,,,,,,,,,,,,,,,,,,,,,,,,,,,,,,,,,,,,,,,,,,,https://cdn.shopify.com/s/files/1/0618/2368/0740/files/WhatsApp_Image_2024-12-24_at_6.03.14_PM_1.jpg?v=1735206762,g,,0.00,,,,
floral-bicycle-printed-women-hoodie-set-copy-3,,,,,,,,,Medium,,,fleece,,,olive-green,,'10715903,700.0,shopify,100,deny,manual,2199.00,1899.00,true,false,,,,,'10715903,,,,,,,,,,,,,,,,,,,,,,,,,,,,,,,,,,,,,,,,,,,,,,,https://cdn.shopify.com/s/files/1/0618/2368/0740/files/WhatsApp_Image_2024-12-24_at_6.03.15_PM.jpg?v=1735206762,g,,0.00,,,,
floral-bicycle-printed-women-hoodie-set-copy-3,,,,,,,,,Medium,,,fleece,,,beige,,'10715904,700.0,shopify,100,deny,manual,2199.00,1899.00,true,false,,,,,'10715904,,,,,,,,,,,,,,,,,,,,,,,,,,,,,,,,,,,,,,,,,,,,,,,https://cdn.shopify.com/s/files/1/0618/2368/0740/files/WhatsApp_Image_2024-12-24_at_6.04.37_PM.jpg?v=1735051490,g,,0.00,,,,
floral-bicycle-printed-women-hoodie-set-copy-3,,,,,,,,,Medium,,,fleece,,,yellow,,'10715905,700.0,shopify,100,deny,manual,2199.00,1899.00,true,false,,,,,'10715905,,,,,,,,,,,,,,,,,,,,,,,,,,,,,,,,,,,,,,,,,,,,,,,https://cdn.shopify.com/s/files/1/0618/2368/0740/files/WhatsApp_Image_2024-12-24_at_6.03.15_PM_1.jpg?v=1735206732,g,,0.00,,,,
