Handle,Title,Body (HTML),Vendor,Product Category,Type,Tags,Published,Option1 Name,Option1 Value,Option1 Linked To,Option2 Name,Option2 Value,Option2 Linked To,Option3 Name,Option3 Value,Option3 Linked To,Variant SKU,Variant Grams,Variant Inventory Tracker,Variant Inventory Qty,Variant Inventory Policy,Variant Fulfillment Service,Variant Price,Variant Compare At Price,Variant Requires Shipping,Variant Taxable,Unit Price Total Measure,Unit Price Total Measure Unit,Unit Price Base Measure,Unit Price Base Measure Unit,Variant Barcode,Image Src,Image Position,Image Alt Text,Gift Card,SEO Title,SEO Description,Google Shopping / Google Product Category,Google Shopping / Gender,Google Shopping / Age Group,Google Shopping / MPN,Google Shopping / Condition,Google Shopping / Custom Product,Google Shopping / Custom Label 0,Google Shopping / Custom Label 1,Google Shopping / Custom Label 2,Google Shopping / Custom Label 3,Google Shopping / Custom Label 4,Google: Custom Product (product.metafields.mm-google-shopping.custom_product),Product rating count (product.metafields.reviews.rating_count),Activewear clothing features (product.metafields.shopify.activewear-clothing-features),Activity (product.metafields.shopify.activity),Age group (product.metafields.shopify.age-group),Baby/Toddler clothing features (product.metafields.shopify.baby-toddler-clothing-features),Baby/Toddler sleepwear style (product.metafields.shopify.baby-toddler-sleepwear-style),Care instructions (product.metafields.shopify.care-instructions),Clothing features (product.metafields.shopify.clothing-features),Color (product.metafields.shopify.color-pattern),Dress occasion (product.metafields.shopify.dress-occasion),Dress style (product.metafields.shopify.dress-style),Fabric (product.metafields.shopify.fabric),Fit (product.metafields.shopify.fit),Intimate apparel features (product.metafields.shopify.intimate-apparel-features),Neckline (product.metafields.shopify.neckline),One-piece style (product.metafields.shopify.one-piece-style),Outerwear clothing features (product.metafields.shopify.outerwear-clothing-features),Pants length type (product.metafields.shopify.pants-length-type),Size (product.metafields.shopify.size),Skirt/Dress length type (product.metafields.shopify.skirt-dress-length-type),Sleeve length type (product.metafields.shopify.sleeve-length-type),Target gender (product.metafields.shopify.target-gender),Top length type (product.metafields.shopify.top-length-type),Waist rise (product.metafields.shopify.waist-rise),Complementary products (product.metafields.shopify--discovery--product_recommendation.complementary_products),Related products (product.metafields.shopify--discovery--product_recommendation.related_products),Related products settings (product.metafields.shopify--discovery--product_recommendation.related_products_display),Search product boosts (product.metafields.shopify--discovery--product_search_boost.queries),Variant Image,Variant Weight Unit,Variant Tax Code,Cost per item,Included / Pakistan,Price / Pakistan,Compare At Price / Pakistan,Status
golden-lion-shirt-for-kids-copy,,,,,,,,,1-2 YRS,,,Yellow,,,,,'10710734,200.0,shopify,50,continue,manual,799.00,0.00,true,true,,,,,'10710734,https://cdn.shopify.com/s/files/1/0618/2368/0740/files/10_b535095b-8ff3-4246-ad75-6e3aa7e1a60f.png?v=1717078642,3,Golden Lion Shirt For Kids Copy - side view - kids wear Pakistan,,,,,,,,,,,,,,,,,,,,,,,,,,,,,,,,,,,,,,,,,,,,https://cdn.shopify.com/s/files/1/0618/2368/0740/files/16_a4252886-5da3-4c79-97bd-8442c0d36533.png?v=1717078642,kg,,,,,,
golden-lion-shirt-for-kids-copy,,,,,,,,,1-2 YRS,,,Mahroon,,,,,'10710735,200.0,shopify,50,continue,manual,799.00,0.00,true,true,,,,,'10710735,https://cdn.shopify.com/s/files/1/0618/2368/0740/files/11_a2e6369a-66d8-4db4-b037-a3839e5a6d25.png?v=1717078642,4,Golden Lion Shirt For Kids Copy - detail shot - kids wear Pakistan,,,,,,,,,,,,,,,,,,,,,,,,,,,,,,,,,,,,,,,,,,,,https://cdn.shopify.com/s/files/1/0618/2368/0740/files/14_4952b7ac-5b4f-4603-8a94-100f84f62b17.png?v=1717078642,kg,,,,,,
golden-lion-shirt-for-kids-copy,,,,,,,,,1-2 YRS,,,Grey,,,,,'10710736,200.0,shopify,50,continue,manual,799.00,0.00,true,true,,,,,'10710736,https://cdn.shopify.com/s/files/1/0618/2368/0740/files/12_858b4600-1dc2-44ab-8327-3875d560ed84.png?v=1717078642,5,Golden Lion Shirt For Kids Copy - front view - kids wear Pakistan,,,,,,,,,,,,,,,,,,,,,,,,,,,,,,,,,,,,,,,,,,,,https://cdn.shopify.com/s/files/1/0618/2368/0740/files/15_c3f44d81-8097-4c2b-98bb-5c53fffd0216.png?v=1717078642,kg,,,,,,
golden-lion-shirt-for-kids-copy,,,,,,,,,1-2 YRS,,,Red,,,,,'10710737,200.0,shopify,50,continue,manual,799.00,0.00,true,true,,,,,'10710737,https://cdn.shopify.com/s/files/1/0618/2368/0740/files/13_b18d83f4-2658-4487-979d-7ece416ba5c1.png?v=1717078642,6,Golden Lion Shirt For Kids Copy - back view - kids wear Pakistan,,,,,,,,,,,,,,,,,,,,,,,,,,,,,,,,,,,,,,,,,,,,https://cdn.shopify.com/s/files/1/0618/2368/0740/files/10_b535095b-8ff3-4246-ad75-6e3aa7e1a60f.png?v=1717078642,kg,,,,,,
golden-lion-shirt-for-kids-copy,,,,,,,,,1-2 YRS,,,Pink,,,,,'10710738,200.0,shopify,50,continue,manual,799.00,0.00,true,true,,,,,'10710738,https://cdn.shopify.com/s/files/1/0618/2368/0740/files/14_4952b7ac-5b4f-4603-8a94-100f84f62b17.png?v=1717078642,7,Golden Lion Shirt For Kids Copy - side view - kids wear Pakistan,,,,,,,,,,,,,,,,,,,,,,,,,,,,,,,,,,,,,,,,,,,,https://cdn.shopify.com/s/files/1/0618/2368/0740/files/13_b18d83f4-2658-4487-979d-7ece416ba5c1.png?v=1717078642,kg,,,,,,
golden-lion-shirt-for-kids-copy,,,,,,,,,1-2 YRS,,,Light Blue,,,,,'10710739,200.0,shopify,50,continue,manual,799.00,0.00,true,true,,,,,'10710739,https://cdn.shopify.com/s/files/1/0618/2368/0740/files/15_c3f44d81-8097-4c2b-98bb-5c53fffd0216.png?v=1717078642,8,Golden Lion Shirt For Kids Copy - detail shot - kids wear Pakistan,,,,,,,,,,,,,,,,,,,,,,,,,,,,,,,,,,,,,,,,,,,,https://cdn.shopify.com/s/files/1/0618/2368/0740/files/17_5d68f94c-91ea-46ee-adb2-1f42f788ecad.png?v=1717078642,kg,,,,,,
golden-lion-shirt-for-kids-copy,,,,,,,,,1-2 YRS,,,Green,,,,,'10710740,200.0,shopify,50,continue,manual,799.00,0.00,true,true,,,,,'10710740,https://cdn.shopify.com/s/files/1/0618/2368/0740/files/16_a4252886-5da3-4c79-97bd-8442c0d36533.png?v=1717078642,9,Golden Lion Shirt For Kids Copy - front view - kids wear Pakistan,,,,,,,,,,,,,,,,,,,,,,,,,,,,,,,,,,,,,,,,,,,,https://cdn.shopify.com/s/files/1/0618/2368/0740/files/20_7ca5d97f-b234-4df0-b078-ed9f62bfc136.png?v=1717078642,kg,,,,,,
golden-lion-shirt-for-kids-copy,,,,,,,,,1-2 YRS,,,Beige,,,,,'10710741,200.0,shopify,50,continue,manual,799.00,0.00,true,true,,,,,'10710741,https://cdn.shopify.com/s/files/1/0618/2368/0740/files/17_5d68f94c-91ea-46ee-adb2-1f42f788ecad.png?v=1717078642,10,Golden Lion Shirt For Kids Copy - back view - kids wear Pakistan,,,,,,,,,,,,,,,,,,,,,,,,,,,,,,,,,,,,,,,,,,,,https://cdn.shopify.com/s/files/1/0618/2368/0740/files/21_355b8218-e254-454f-a263-11c4580984cb.png?v=1717078642,kg,,,,,,
golden-lion-shirt-for-kids-copy,,,,,,,,,1-2 YRS,,,Bottle Green,,,,,'10710742,200.0,shopify,50,continue,manual,799.00,0.00,true,true,,,,,'10710742,https://cdn.shopify.com/s/files/1/0618/2368/0740/files/19_1b1da298-a910-4b5e-8268-89524aac78bf.png?v=1717078642,11,Golden Lion Shirt For Kids Copy - side view - kids wear Pakistan,,,,,,,,,,,,,,,,,,,,,,,,,,,,,,,,,,,,,,,,,,,,https://cdn.shopify.com/s/files/1/0618/2368/0740/files/19_1b1da298-a910-4b5e-8268-89524aac78bf.png?v=1717078642,kg,,,,,,
golden-lion-shirt-for-kids-copy,,,,,,,,,1-2 YRS,,,Royal Blue,,,,,'10710743,200.0,shopify,50,continue,manual,799.00,0.00,true,true,,,,,'10710743,https://cdn.shopify.com/s/files/1/0618/2368/0740/files/20_7ca5d97f-b234-4df0-b078-ed9f62bfc136.png?v=1717078642,12,Golden Lion Shirt For Kids Copy - detail shot - kids wear Pakistan,,,,,,,,,,,,,,,,,,,,,,,,,,,,,,,,,,,,,,,,,,,,https://cdn.shopify.com/s/files/1/0618/2368/0740/files/12_858b4600-1dc2-44ab-8327-3875d560ed84.png?v=1717078642,kg,,,,,,
golden-lion-shirt-for-kids-copy,,,,,,,,,1-2 YRS,,,Black,,,,,'10710744,200.0,shopify,50,continue,manual,799.00,0.00,true,true,,,,,'10710744,https://cdn.shopify.com/s/files/1/0618/2368/0740/files/21_355b8218-e254-454f-a263-11c4580984cb.png?v=1717078642,13,Golden Lion Shirt For Kids Copy - front view - kids wear Pakistan,,,,,,,,,,,,,,,,,,,,,,,,,,,,,,,,,,,,,,,,,,,,https://cdn.shopify.com/s/files/1/0618/2368/0740/files/8_d679ddef-d594-4788-9497-cc88a3090cbd.png?v=1717078642,kg,,,,,,
golden-lion-shirt-for-kids-copy,,,,,,,,,3-4 YRS,,,White,,,,,'10710745,200.0,shopify,48,continue,manual,799.00,0.00,true,true,,,,,'10710745,https://cdn.shopify.com/s/files/1/0618/2368/0740/files/8_d679ddef-d594-4788-9497-cc88a3090cbd.png?v=1717078642,14,Golden Lion Shirt For Kids Copy - back view - kids wear Pakistan,,,,,,,,,,,,,,,,,,,,,,,,,,,,,,,,,,,,,,,,,,,,https://cdn.shopify.com/s/files/1/0618/2368/0740/files/9_e1178b82-25a8-4425-a0f6-e92419d56d47.png?v=1717075509,kg,,,,,,
golden-lion-shirt-for-kids-copy,,,,,,,,,3-4 YRS,,,Orange,,,,,'10710746,200.0,shopify,50,continue,manual,799.00,0.00,true,true,,,,,'10710746,,,,,,,,,,,,,,,,,,,,,,,,,,,,,,,,,,,,,,,,,,,,,,,https://cdn.shopify.com/s/files/1/0618/2368/0740/files/11_a2e6369a-66d8-4db4-b037-a3839e5a6d25.png?v=1717078642,kg,,,,,,
golden-lion-shirt-for-kids-copy,,,,,,,,,3-4 YRS,,,Yellow,,,,,'10710747,200.0,shopify,50,continue,manual,799.00,0.00,true,true,,,,,'10710747,,,,,,,,,,,,,,,,,,,,,,,,,,,,,,,,,,,,,,,,,,,,,,,https://cdn.shopify.com/s/files/1/0618/2368/0740/files/16_a4252886-5da3-4c79-97bd-8442c0d36533.png?v=1717078642,kg,,,,,,
golden-lion-shirt-for-kids-copy,,,,,,,,,3-4 YRS,,,Mahroon,,,,,'10710748,200.0,shopify,50,continue,manual,799.00,0.00,true,true,,,,,'10710748,,,,,,,,,,,,,,,,,,,,,,,,,,,,,,,,,,,,,,,,,,,,,,,https://cdn.shopify.com/s/files/1/0618/2368/0740/files/14_4952b7ac-5b4f-4603-8a94-100f84f62b17.png?v=1717078642,kg,,,,,,
golden-lion-shirt-for-kids-copy,,,,,,,,,3-4 YRS,,,Grey,,,,,'10710749,200.0,shopify,50,continue,manual,799.00,0.00,true,true,,,,,'10710749,,,,,,,,,,,,,,,,,,,,,,,,,,,,,,,,,,,,,,,,,,,,,,,https://cdn.shopify.com/s/files/1/0618/2368/0740/files/15_c3f44d81-8097-4c2b-98bb-5c53fffd0216.png?v=1717078642,kg,,,,,,
golden-lion-shirt-for-kids-copy,,,,,,,,,3-4 YRS,,,Red,,,,,'10710750,200.0,shopify,50,continue,manual,799.00,0.00,true,true,,,,,'10710750,,,,,,,,,,,,,,,,,,,,,,,,,,,,,,,,,,,,,,,,,,,,,,,https://cdn.shopify.com/s/files/1/0618/2368/0740/files/10_b535095b-8ff3-4246-ad75-6e3aa7e1a60f.png?v=1717078642,kg,,,,,,
golden-lion-shirt-for-kids-copy,,,,,,,,,3-4 YRS,,,Pink,,,,,'10710751,200.0,shopify,50,continue,manual,799.00,0.00,true,true,,,,,'10710751,,,,,,,,,,,,,,,,,,,,,,,,,,,,,,,,,,,,,,,,,,,,,,,https://cdn.shopify.com/s/files/1/0618/2368/0740/files/13_b18d83f4-2658-4487-979d-7ece416ba5c1.png?v=1717078642,kg,,,,,,
golden-lion-shirt-for-kids-copy,,,,,,,,,3-4 YRS,,,Light Blue,,,,,'10710752,200.0,shopify,50,continue,manual,799.00,0.00,true,true,,,,,'10710752,,,,,,,,,,,,,,,,,,,,,,,,,,,,,,,,,,,,,,,,,,,,,,,https://cdn.shopify.com/s/files/1/0618/2368/0740/files/17_5d68f94c-91ea-46ee-adb2-1f42f788ecad.png?v=1717078642,kg,,,,,,
golden-lion-shirt-for-kids-copy,,,,,,,,,3-4 YRS,,,Green,,,,,'10710753,200.0,shopify,50,continue,manual,799.00,0.00,true,true,,,,,'10710753,,,,,,,,,,,,,,,,,,,,,,,,,,,,,,,,,,,,,,,,,,,,,,,https://cdn.shopify.com/s/files/1/0618/2368/0740/files/20_7ca5d97f-b234-4df0-b078-ed9f62bfc136.png?v=1717078642,kg,,,,,,
golden-lion-shirt-for-kids-copy,,,,,,,,,3-4 YRS,,,Beige,,,,,'10710754,200.0,shopify,49,continue,manual,799.00,0.00,true,true,,,,,'10710754,,,,,,,,,,,,,,,,,,,,,,,,,,,,,,,,,,,,,,,,,,,,,,,https://cdn.shopify.com/s/files/1/0618/2368/0740/files/21_355b8218-e254-454f-a263-11c4580984cb.png?v=1717078642,kg,,,,,,
golden-lion-shirt-for-kids-copy,,,,,,,,,3-4 YRS,,,Bottle Green,,,,,'10710755,200.0,shopify,50,continue,manual,799.00,0.00,true,true,,,,,'10710755,,,,,,,,,,,,,,,,,,,,,,,,,,,,,,,,,,,,,,,,,,,,,,,https://cdn.shopify.com/s/files/1/0618/2368/0740/files/19_1b1da298-a910-4b5e-8268-89524aac78bf.png?v=1717078642,kg,,,,,,
golden-lion-shirt-for-kids-copy,,,,,,,,,3-4 YRS,,,Royal Blue,,,,,'10710756,200.0,shopify,50,continue,manual,799.00,0.00,true,true,,,,,'10710756,,,,,,,,,,,,,,,,,,,,,,,,,,,,,,,,,,,,,,,,,,,,,,,https://cdn.shopify.com/s/files/1/0618/2368/0740/files/12_858b4600-1dc2-44ab-8327-3875d560ed84.png?v=1717078642,kg,,,,,,
golden-lion-shirt-for-kids-copy,,,,,,,,,3-4 YRS,,,Black,,,,,'10710757,200.0,shopify,50,continue,manual,799.00,0.00,true,true,,,,,'10710757,,,,,,,,,,,,,,,,,,,,,,,,,,,,,,,,,,,,,,,,,,,,,,,https://cdn.shopify.com/s/files/1/0618/2368/0740/files/8_d679ddef-d594-4788-9497-cc88a3090cbd.png?v=1717078642,kg,,,,,,
golden-lion-shirt-for-kids-copy,,,,,,,,,5-6 YRS,,,White,,,,,'10710758,200.0,shopify,50,continue,manual,799.00,0.00,true,true,,,,,'10710758,,,,,,,,,,,,,,,,,,,,,,,,,,,,,,,,,,,,,,,,,,,,,,,https://cdn.shopify.com/s/files/1/0618/2368/0740/files/9_e1178b82-25a8-4425-a0f6-e92419d56d47.png?v=1717075509,kg,,,,,,
golden-lion-shirt-for-kids-copy,,,,,,,,,5-6 YRS,,,Orange,,,,,'10710759,200.0,shopify,50,continue,manual,799.00,0.00,true,true,,,,,'10710759,,,,,,,,,,,,,,,,,,,,,,,,,,,,,,,,,,,,,,,,,,,,,,,https://cdn.shopify.com/s/files/1/0618/2368/0740/files/11_a2e6369a-66d8-4db4-b037-a3839e5a6d25.png?v=1717078642,kg,,,,,,
golden-lion-shirt-for-kids-copy,,,,,,,,,5-6 YRS,,,Yellow,,,,,'10710760,200.0,shopify,50,continue,manual,799.00,0.00,true,true,,,,,'10710760,,,,,,,,,,,,,,,,,,,,,,,,,,,,,,,,,,,,,,,,,,,,,,,https://cdn.shopify.com/s/files/1/0618/2368/0740/files/16_a4252886-5da3-4c79-97bd-8442c0d36533.png?v=1717078642,kg,,,,,,
golden-lion-shirt-for-kids-copy,,,,,,,,,5-6 YRS,,,Mahroon,,,,,'10710761,200.0,shopify,50,continue,manual,799.00,0.00,true,true,,,,,'10710761,,,,,,,,,,,,,,,,,,,,,,,,,,,,,,,,,,,,,,,,,,,,,,,https://cdn.shopify.com/s/files/1/0618/2368/0740/files/14_4952b7ac-5b4f-4603-8a94-100f84f62b17.png?v=1717078642,kg,,,,,,
golden-lion-shirt-for-kids-copy,,,,,,,,,5-6 YRS,,,Grey,,,,,'10710762,200.0,shopify,50,continue,manual,799.00,0.00,true,true,,,,,'10710762,,,,,,,,,,,,,,,,,,,,,,,,,,,,,,,,,,,,,,,,,,,,,,,https://cdn.shopify.com/s/files/1/0618/2368/0740/files/15_c3f44d81-8097-4c2b-98bb-5c53fffd0216.png?v=1717078642,kg,,,,,,
golden-lion-shirt-for-kids-copy,,,,,,,,,5-6 YRS,,,Red,,,,,'10710763,200.0,shopify,49,continue,manual,799.00,0.00,true,true,,,,,'10710763,,,,,,,,,,,,,,,,,,,,,,,,,,,,,,,,,,,,,,,,,,,,,,,https://cdn.shopify.com/s/files/1/0618/2368/0740/files/10_b535095b-8ff3-4246-ad75-6e3aa7e1a60f.png?v=1717078642,kg,,,,,,
golden-lion-shirt-for-kids-copy,,,,,,,,,5-6 YRS,,,Pink,,,,,'10710764,200.0,shopify,50,continue,manual,799.00,0.00,true,true,,,,,'10710764,,,,,,,,,,,,,,,,,,,,,,,,,,,,,,,,,,,,,,,,,,,,,,,https://cdn.shopify.com/s/files/1/0618/2368/0740/files/13_b18d83f4-2658-4487-979d-7ece416ba5c1.png?v=1717078642,kg,,,,,,
golden-lion-shirt-for-kids-copy,,,,,,,,,5-6 YRS,,,Light Blue,,,,,'10710765,200.0,shopify,50,continue,manual,799.00,0.00,true,true,,,,,'10710765,,,,,,,,,,,,,,,,,,,,,,,,,,,,,,,,,,,,,,,,,,,,,,,https://cdn.shopify.com/s/files/1/0618/2368/0740/files/17_5d68f94c-91ea-46ee-adb2-1f42f788ecad.png?v=1717078642,kg,,,,,,
golden-lion-shirt-for-kids-copy,,,,,,,,,5-6 YRS,,,Green,,,,,'10710766,200.0,shopify,50,continue,manual,799.00,0.00,true,true,,,,,'10710766,,,,,,,,,,,,,,,,,,,,,,,,,,,,,,,,,,,,,,,,,,,,,,,https://cdn.shopify.com/s/files/1/0618/2368/0740/files/20_7ca5d97f-b234-4df0-b078-ed9f62bfc136.png?v=1717078642,kg,,,,,,
golden-lion-shirt-for-kids-copy,,,,,,,,,5-6 YRS,,,Beige,,,,,'10710767,200.0,shopify,50,continue,manual,799.00,0.00,true,true,,,,,'10710767,,,,,,,,,,,,,,,,,,,,,,,,,,,,,,,,,,,,,,,,,,,,,,,https://cdn.shopify.com/s/files/1/0618/2368/0740/files/21_355b8218-e254-454f-a263-11c4580984cb.png?v=1717078642,kg,,,,,,
golden-lion-shirt-for-kids-copy,,,,,,,,,5-6 YRS,,,Bottle Green,,,,,'10710768,200.0,shopify,50,continue,manual,799.00,0.00,true,true,,,,,'10710768,,,,,,,,,,,,,,,,,,,,,,,,,,,,,,,,,,,,,,,,,,,,,,,https://cdn.shopify.com/s/files/1/0618/2368/0740/files/19_1b1da298-a910-4b5e-8268-89524aac78bf.png?v=1717078642,kg,,,,,,
golden-lion-shirt-for-kids-copy,,,,,,,,,5-6 YRS,,,Royal Blue,,,,,'10710769,200.0,shopify,49,continue,manual,799.00,0.00,true,true,,,,,'10710769,,,,,,,,,,,,,,,,,,,,,,,,,,,,,,,,,,,,,,,,,,,,,,,https://cdn.shopify.com/s/files/1/0618/2368/0740/files/12_858b4600-1dc2-44ab-8327-3875d560ed84.png?v=1717078642,kg,,,,,,
golden-lion-shirt-for-kids-copy,,,,,,,,,5-6 YRS,,,Black,,,,,'10710770,200.0,shopify,49,continue,manual,799.00,0.00,true,true,,,,,'10710770,,,,,,,,,,,,,,,,,,,,,,,,,,,,,,,,,,,,,,,,,,,,,,,https://cdn.shopify.com/s/files/1/0618/2368/0740/files/8_d679ddef-d594-4788-9497-cc88a3090cbd.png?v=1717078642,kg,,,,,,
golden-lion-shirt-for-kids-copy,,,,,,,,,7-8 YRS,,,White,,,,,'10710771,200.0,shopify,50,continue,manual,799.00,0.00,true,true,,,,,'10710771,,,,,,,,,,,,,,,,,,,,,,,,,,,,,,,,,,,,,,,,,,,,,,,https://cdn.shopify.com/s/files/1/0618/2368/0740/files/9_e1178b82-25a8-4425-a0f6-e92419d56d47.png?v=1717075509,kg,,,,,,
golden-lion-shirt-for-kids-copy,,,,,,,,,7-8 YRS,,,Orange,,,,,'10710772,200.0,shopify,50,continue,manual,799.00,0.00,true,true,,,,,'10710772,,,,,,,,,,,,,,,,,,,,,,,,,,,,,,,,,,,,,,,,,,,,,,,https://cdn.shopify.com/s/files/1/0618/2368/0740/files/11_a2e6369a-66d8-4db4-b037-a3839e5a6d25.png?v=1717078642,kg,,,,,,
golden-lion-shirt-for-kids-copy,,,,,,,,,7-8 YRS,,,Yellow,,,,,'10710773,200.0,shopify,50,continue,manual,799.00,0.00,true,true,,,,,'10710773,,,,,,,,,,,,,,,,,,,,,,,,,,,,,,,,,,,,,,,,,,,,,,,https://cdn.shopify.com/s/files/1/0618/2368/0740/files/16_a4252886-5da3-4c79-97bd-8442c0d36533.png?v=1717078642,kg,,,,,,
golden-lion-shirt-for-kids-copy,,,,,,,,,7-8 YRS,,,Mahroon,,,,,'10710774,200.0,shopify,50,continue,manual,799.00,0.00,true,true,,,,,'10710774,,,,,,,,,,,,,,,,,,,,,,,,,,,,,,,,,,,,,,,,,,,,,,,https://cdn.shopify.com/s/files/1/0618/2368/0740/files/14_4952b7ac-5b4f-4603-8a94-100f84f62b17.png?v=1717078642,kg,,,,,,
golden-lion-shirt-for-kids-copy,,,,,,,,,7-8 YRS,,,Grey,,,,,'10710775,200.0,shopify,50,continue,manual,799.00,0.00,true,true,,,,,'10710775,,,,,,,,,,,,,,,,,,,,,,,,,,,,,,,,,,,,,,,,,,,,,,,https://cdn.shopify.com/s/files/1/0618/2368/0740/files/15_c3f44d81-8097-4c2b-98bb-5c53fffd0216.png?v=1717078642,kg,,,,,,
golden-lion-shirt-for-kids-copy,,,,,,,,,7-8 YRS,,,Red,,,,,'10710776,200.0,shopify,50,continue,manual,799.00,0.00,true,true,,,,,'10710776,,,,,,,,,,,,,,,,,,,,,,,,,,,,,,,,,,,,,,,,,,,,,,,https://cdn.shopify.com/s/files/1/0618/2368/0740/files/10_b535095b-8ff3-4246-ad75-6e3aa7e1a60f.png?v=1717078642,kg,,,,,,
golden-lion-shirt-for-kids-copy,,,,,,,,,7-8 YRS,,,Pink,,,,,'10710777,200.0,shopify,50,continue,manual,799.00,0.00,true,true,,,,,'10710777,,,,,,,,,,,,,,,,,,,,,,,,,,,,,,,,,,,,,,,,,,,,,,,https://cdn.shopify.com/s/files/1/0618/2368/0740/files/13_b18d83f4-2658-4487-979d-7ece416ba5c1.png?v=1717078642,kg,,,,,,
golden-lion-shirt-for-kids-copy,,,,,,,,,7-8 YRS,,,Light Blue,,,,,'10710778,200.0,shopify,49,continue,manual,799.00,0.00,true,true,,,,,'10710778,,,,,,,,,,,,,,,,,,,,,,,,,,,,,,,,,,,,,,,,,,,,,,,https://cdn.shopify.com/s/files/1/0618/2368/0740/files/17_5d68f94c-91ea-46ee-adb2-1f42f788ecad.png?v=1717078642,kg,,,,,,
golden-lion-shirt-for-kids-copy,,,,,,,,,7-8 YRS,,,Green,,,,,'10710779,200.0,shopify,50,continue,manual,799.00,0.00,true,true,,,,,'10710779,,,,,,,,,,,,,,,,,,,,,,,,,,,,,,,,,,,,,,,,,,,,,,,https://cdn.shopify.com/s/files/1/0618/2368/0740/files/20_7ca5d97f-b234-4df0-b078-ed9f62bfc136.png?v=1717078642,kg,,,,,,
golden-lion-shirt-for-kids-copy,,,,,,,,,7-8 YRS,,,Beige,,,,,'10710780,200.0,shopify,50,continue,manual,799.00,0.00,true,true,,,,,'10710780,,,,,,,,,,,,,,,,,,,,,,,,,,,,,,,,,,,,,,,,,,,,,,,https://cdn.shopify.com/s/files/1/0618/2368/0740/files/21_355b8218-e254-454f-a263-11c4580984cb.png?v=1717078642,kg,,,,,,
golden-lion-shirt-for-kids-copy,,,,,,,,,7-8 YRS,,,Bottle Green,,,,,'10710781,200.0,shopify,50,continue,manual,799.00,0.00,true,true,,,,,'10710781,,,,,,,,,,,,,,,,,,,,,,,,,,,,,,,,,,,,,,,,,,,,,,,https://cdn.shopify.com/s/files/1/0618/2368/0740/files/19_1b1da298-a910-4b5e-8268-89524aac78bf.png?v=1717078642,kg,,,,,,
golden-lion-shirt-for-kids-copy,,,,,,,,,7-8 YRS,,,Royal Blue,,,,,'10710782,200.0,shopify,50,continue,manual,799.00,0.00,true,true,,,,,'10710782,,,,,,,,,,,,,,,,,,,,,,,,,,,,,,,,,,,,,,,,,,,,,,,https://cdn.shopify.com/s/files/1/0618/2368/0740/files/12_858b4600-1dc2-44ab-8327-3875d560ed84.png?v=1717078642,kg,,,,,,
golden-lion-shirt-for-kids-copy,,,,,,,,,7-8 YRS,,,Black,,,,,'10710783,200.0,shopify,50,continue,manual,799.00,0.00,true,true,,,,,'10710783,,,,,,,,,,,,,,,,,,,,,,,,,,,,,,,,,,,,,,,,,,,,,,,https://cdn.shopify.com/s/files/1/0618/2368/0740/files/8_d679ddef-d594-4788-9497-cc88a3090cbd.png?v=1717078642,kg,,,,,,
golden-lion-shirt-for-kids-copy,,,,,,,,,9-10 YRS,,,White,,,,,'10710784,200.0,shopify,50,continue,manual,899.00,0.00,true,true,,,,,'10710784,,,,,,,,,,,,,,,,,,,,,,,,,,,,,,,,,,,,,,,,,,,,,,,https://cdn.shopify.com/s/files/1/0618/2368/0740/files/9_e1178b82-25a8-4425-a0f6-e92419d56d47.png?v=1717075509,kg,,,,,,
golden-lion-shirt-for-kids-copy,,,,,,,,,9-10 YRS,,,Orange,,,,,'10710785,200.0,shopify,50,continue,manual,899.00,0.00,true,true,,,,,'10710785,,,,,,,,,,,,,,,,,,,,,,,,,,,,,,,,,,,,,,,,,,,,,,,https://cdn.shopify.com/s/files/1/0618/2368/0740/files/11_a2e6369a-66d8-4db4-b037-a3839e5a6d25.png?v=1717078642,kg,,,,,,
golden-lion-shirt-for-kids-copy,,,,,,,,,9-10 YRS,,,Yellow,,,,,'10710786,200.0,shopify,50,continue,manual,899.00,0.00,true,true,,,,,'10710786,,,,,,,,,,,,,,,,,,,,,,,,,,,,,,,,,,,,,,,,,,,,,,,https://cdn.shopify.com/s/files/1/0618/2368/0740/files/16_a4252886-5da3-4c79-97bd-8442c0d36533.png?v=1717078642,kg,,,,,,
golden-lion-shirt-for-kids-copy,,,,,,,,,9-10 YRS,,,Mahroon,,,,,'10710787,200.0,shopify,50,continue,manual,899.00,0.00,true,true,,,,,'10710787,,,,,,,,,,,,,,,,,,,,,,,,,,,,,,,,,,,,,,,,,,,,,,,https://cdn.shopify.com/s/files/1/0618/2368/0740/files/14_4952b7ac-5b4f-4603-8a94-100f84f62b17.png?v=1717078642,kg,,,,,,
golden-lion-shirt-for-kids-copy,,,,,,,,,9-10 YRS,,,Grey,,,,,'10710788,200.0,shopify,50,continue,manual,899.00,0.00,true,true,,,,,'10710788,,,,,,,,,,,,,,,,,,,,,,,,,,,,,,,,,,,,,,,,,,,,,,,https://cdn.shopify.com/s/files/1/0618/2368/0740/files/15_c3f44d81-8097-4c2b-98bb-5c53fffd0216.png?v=1717078642,kg,,,,,,
golden-lion-shirt-for-kids-copy,,,,,,,,,9-10 YRS,,,Red,,,,,'10710789,200.0,shopify,50,continue,manual,899.00,0.00,true,true,,,,,'10710789,,,,,,,,,,,,,,,,,,,,,,,,,,,,,,,,,,,,,,,,,,,,,,,https://cdn.shopify.com/s/files/1/0618/2368/0740/files/10_b535095b-8ff3-4246-ad75-6e3aa7e1a60f.png?v=1717078642,kg,,,,,,
golden-lion-shirt-for-kids-copy,,,,,,,,,9-10 YRS,,,Pink,,,,,'10710790,200.0,shopify,50,continue,manual,899.00,0.00,true,true,,,,,'10710790,,,,,,,,,,,,,,,,,,,,,,,,,,,,,,,,,,,,,,,,,,,,,,,https://cdn.shopify.com/s/files/1/0618/2368/0740/files/13_b18d83f4-2658-4487-979d-7ece416ba5c1.png?v=1717078642,kg,,,,,,
golden-lion-shirt-for-kids-copy,,,,,,,,,9-10 YRS,,,Light Blue,,,,,'10710791,200.0,shopify,50,continue,manual,899.00,0.00,true,true,,,,,'10710791,,,,,,,,,,,,,,,,,,,,,,,,,,,,,,,,,,,,,,,,,,,,,,,https://cdn.shopify.com/s/files/1/0618/2368/0740/files/17_5d68f94c-91ea-46ee-adb2-1f42f788ecad.png?v=1717078642,kg,,,,,,
golden-lion-shirt-for-kids-copy,,,,,,,,,9-10 YRS,,,Green,,,,,'10710792,200.0,shopify,50,continue,manual,899.00,0.00,true,true,,,,,'10710792,,,,,,,,,,,,,,,,,,,,,,,,,,,,,,,,,,,,,,,,,,,,,,,https://cdn.shopify.com/s/files/1/0618/2368/0740/files/20_7ca5d97f-b234-4df0-b078-ed9f62bfc136.png?v=1717078642,kg,,,,,,
golden-lion-shirt-for-kids-copy,,,,,,,,,9-10 YRS,,,Beige,,,,,'10710793,200.0,shopify,50,continue,manual,899.00,0.00,true,true,,,,,'10710793,,,,,,,,,,,,,,,,,,,,,,,,,,,,,,,,,,,,,,,,,,,,,,,https://cdn.shopify.com/s/files/1/0618/2368/0740/files/21_355b8218-e254-454f-a263-11c4580984cb.png?v=1717078642,kg,,,,,,
golden-lion-shirt-for-kids-copy,,,,,,,,,9-10 YRS,,,Bottle Green,,,,,'10710794,200.0,shopify,50,continue,manual,899.00,0.00,true,true,,,,,'10710794,,,,,,,,,,,,,,,,,,,,,,,,,,,,,,,,,,,,,,,,,,,,,,,https://cdn.shopify.com/s/files/1/0618/2368/0740/files/19_1b1da298-a910-4b5e-8268-89524aac78bf.png?v=1717078642,kg,,,,,,
golden-lion-shirt-for-kids-copy,,,,,,,,,9-10 YRS,,,Royal Blue,,,,,'10710795,200.0,shopify,50,continue,manual,899.00,0.00,true,true,,,,,'10710795,,,,,,,,,,,,,,,,,,,,,,,,,,,,,,,,,,,,,,,,,,,,,,,https://cdn.shopify.com/s/files/1/0618/2368/0740/files/12_858b4600-1dc2-44ab-8327-3875d560ed84.png?v=1717078642,kg,,,,,,
golden-lion-shirt-for-kids-copy,,,,,,,,,9-10 YRS,,,Black,,,,,'10710796,200.0,shopify,50,continue,manual,899.00,0.00,true,true,,,,,'10710796,,,,,,,,,,,,,,,,,,,,,,,,,,,,,,,,,,,,,,,,,,,,,,,https://cdn.shopify.com/s/files/1/0618/2368/0740/files/8_d679ddef-d594-4788-9497-cc88a3090cbd.png?v=1717078642,kg,,,,,,
golden-lion-shirt-for-kids-copy,,,,,,,,,11-12 YRS,,,White,,,,,'10710797,200.0,shopify,50,continue,manual,899.00,0.00,true,true,,,,,'10710797,,,,,,,,,,,,,,,,,,,,,,,,,,,,,,,,,,,,,,,,,,,,,,,https://cdn.shopify.com/s/files/1/0618/2368/0740/files/9_e1178b82-25a8-4425-a0f6-e92419d56d47.png?v=1717075509,kg,,,,,,
golden-lion-shirt-for-kids-copy,,,,,,,,,11-12 YRS,,,Orange,,,,,'10710798,200.0,shopify,50,continue,manual,899.00,0.00,true,true,,,,,'10710798,,,,,,,,,,,,,,,,,,,,,,,,,,,,,,,,,,,,,,,,,,,,,,,https://cdn.shopify.com/s/files/1/0618/2368/0740/files/11_a2e6369a-66d8-4db4-b037-a3839e5a6d25.png?v=1717078642,kg,,,,,,
golden-lion-shirt-for-kids-copy,,,,,,,,,11-12 YRS,,,Yellow,,,,,'10710799,200.0,shopify,50,continue,manual,899.00,0.00,true,true,,,,,'10710799,,,,,,,,,,,,,,,,,,,,,,,,,,,,,,,,,,,,,,,,,,,,,,,https://cdn.shopify.com/s/files/1/0618/2368/0740/files/16_a4252886-5da3-4c79-97bd-8442c0d36533.png?v=1717078642,kg,,,,,,
golden-lion-shirt-for-kids-copy,,,,,,,,,11-12 YRS,,,Mahroon,,,,,'10710800,200.0,shopify,50,continue,manual,899.00,0.00,true,true,,,,,'10710800,,,,,,,,,,,,,,,,,,,,,,,,,,,,,,,,,,,,,,,,,,,,,,,https://cdn.shopify.com/s/files/1/0618/2368/0740/files/14_4952b7ac-5b4f-4603-8a94-100f84f62b17.png?v=1717078642,kg,,,,,,
golden-lion-shirt-for-kids-copy,,,,,,,,,11-12 YRS,,,Grey,,,,,'10710801,200.0,shopify,50,continue,manual,899.00,0.00,true,true,,,,,'10710801,,,,,,,,,,,,,,,,,,,,,,,,,,,,,,,,,,,,,,,,,,,,,,,https://cdn.shopify.com/s/files/1/0618/2368/0740/files/15_c3f44d81-8097-4c2b-98bb-5c53fffd0216.png?v=1717078642,kg,,,,,,
golden-lion-shirt-for-kids-copy,,,,,,,,,11-12 YRS,,,Red,,,,,'10710802,200.0,shopify,50,continue,manual,899.00,0.00,true,true,,,,,'10710802,,,,,,,,,,,,,,,,,,,,,,,,,,,,,,,,,,,,,,,,,,,,,,,https://cdn.shopify.com/s/files/1/0618/2368/0740/files/10_b535095b-8ff3-4246-ad75-6e3aa7e1a60f.png?v=1717078642,kg,,,,,,
golden-lion-shirt-for-kids-copy,,,,,,,,,11-12 YRS,,,Pink,,,,,'10710803,200.0,shopify,50,continue,manual,899.00,0.00,true,true,,,,,'10710803,,,,,,,,,,,,,,,,,,,,,,,,,,,,,,,,,,,,,,,,,,,,,,,https://cdn.shopify.com/s/files/1/0618/2368/0740/files/13_b18d83f4-2658-4487-979d-7ece416ba5c1.png?v=1717078642,kg,,,,,,
golden-lion-shirt-for-kids-copy,,,,,,,,,11-12 YRS,,,Light Blue,,,,,'10710804,200.0,shopify,50,continue,manual,899.00,0.00,true,true,,,,,'10710804,,,,,,,,,,,,,,,,,,,,,,,,,,,,,,,,,,,,,,,,,,,,,,,https://cdn.shopify.com/s/files/1/0618/2368/0740/files/17_5d68f94c-91ea-46ee-adb2-1f42f788ecad.png?v=1717078642,kg,,,,,,
golden-lion-shirt-for-kids-copy,,,,,,,,,11-12 YRS,,,Green,,,,,'10710805,200.0,shopify,50,continue,manual,899.00,0.00,true,true,,,,,'10710805,,,,,,,,,,,,,,,,,,,,,,,,,,,,,,,,,,,,,,,,,,,,,,,https://cdn.shopify.com/s/files/1/0618/2368/0740/files/20_7ca5d97f-b234-4df0-b078-ed9f62bfc136.png?v=1717078642,kg,,,,,,
golden-lion-shirt-for-kids-copy,,,,,,,,,11-12 YRS,,,Beige,,,,,'10710806,200.0,shopify,50,continue,manual,899.00,0.00,true,true,,,,,'10710806,,,,,,,,,,,,,,,,,,,,,,,,,,,,,,,,,,,,,,,,,,,,,,,https://cdn.shopify.com/s/files/1/0618/2368/0740/files/21_355b8218-e254-454f-a263-11c4580984cb.png?v=1717078642,kg,,,,,,
golden-lion-shirt-for-kids-copy,,,,,,,,,11-12 YRS,,,Bottle Green,,,,,'10710807,200.0,shopify,50,continue,manual,899.00,0.00,true,true,,,,,'10710807,,,,,,,,,,,,,,,,,,,,,,,,,,,,,,,,,,,,,,,,,,,,,,,https://cdn.shopify.com/s/files/1/0618/2368/0740/files/19_1b1da298-a910-4b5e-8268-89524aac78bf.png?v=1717078642,kg,,,,,,
golden-lion-shirt-for-kids-copy,,,,,,,,,11-12 YRS,,,Royal Blue,,,,,'10710808,200.0,shopify,50,continue,manual,899.00,0.00,true,true,,,,,'10710808,,,,,,,,,,,,,,,,,,,,,,,,,,,,,,,,,,,,,,,,,,,,,,,https://cdn.shopify.com/s/files/1/0618/2368/0740/files/12_858b4600-1dc2-44ab-8327-3875d560ed84.png?v=1717078642,kg,,,,,,
golden-lion-shirt-for-kids-copy,,,,,,,,,11-12 YRS,,,Black,,,,,'10710809,200.0,shopify,50,continue,manual,899.00,0.00,true,true,,,,,'10710809,,,,,,,,,,,,,,,,,,,,,,,,,,,,,,,,,,,,,,,,,,,,,,,https://cdn.shopify.com/s/files/1/0618/2368/0740/files/8_d679ddef-d594-4788-9497-cc88a3090cbd.png?v=1717078642,kg,,,,,,
golden-lion-shirt-for-kids-copy,,,,,,,,,13-14 YRS,,,White,,,,,'10710810,200.0,shopify,100,continue,manual,999.00,0.00,true,true,,,,,'10710810,,,,,,,,,,,,,,,,,,,,,,,,,,,,,,,,,,,,,,,,,,,,,,,https://cdn.shopify.com/s/files/1/0618/2368/0740/files/9_e1178b82-25a8-4425-a0f6-e92419d56d47.png?v=1717075509,kg,,,,,,
golden-lion-shirt-for-kids-copy,,,,,,,,,13-14 YRS,,,Orange,,,,,'10710811,200.0,shopify,100,continue,manual,999.00,0.00,true,true,,,,,'10710811,,,,,,,,,,,,,,,,,,,,,,,,,,,,,,,,,,,,,,,,,,,,,,,https://cdn.shopify.com/s/files/1/0618/2368/0740/files/11_a2e6369a-66d8-4db4-b037-a3839e5a6d25.png?v=1717078642,kg,,,,,,
golden-lion-shirt-for-kids-copy,,,,,,,,,13-14 YRS,,,Yellow,,,,,'10710812,200.0,shopify,100,continue,manual,999.00,0.00,true,true,,,,,'10710812,,,,,,,,,,,,,,,,,,,,,,,,,,,,,,,,,,,,,,,,,,,,,,,https://cdn.shopify.com/s/files/1/0618/2368/0740/files/16_a4252886-5da3-4c79-97bd-8442c0d36533.png?v=1717078642,kg,,,,,,
golden-lion-shirt-for-kids-copy,,,,,,,,,13-14 YRS,,,Mahroon,,,,,'10710813,200.0,shopify,100,continue,manual,999.00,0.00,true,true,,,,,'10710813,,,,,,,,,,,,,,,,,,,,,,,,,,,,,,,,,,,,,,,,,,,,,,,https://cdn.shopify.com/s/files/1/0618/2368/0740/files/14_4952b7ac-5b4f-4603-8a94-100f84f62b17.png?v=1717078642,kg,,,,,,
golden-lion-shirt-for-kids-copy,,,,,,,,,13-14 YRS,,,Grey,,,,,'10710814,200.0,shopify,100,continue,manual,999.00,0.00,true,true,,,,,'10710814,,,,,,,,,,,,,,,,,,,,,,,,,,,,,,,,,,,,,,,,,,,,,,,https://cdn.shopify.com/s/files/1/0618/2368/0740/files/15_c3f44d81-8097-4c2b-98bb-5c53fffd0216.png?v=1717078642,kg,,,,,,
golden-lion-shirt-for-kids-copy,,,,,,,,,13-14 YRS,,,Red,,,,,'10710815,200.0,shopify,100,continue,manual,999.00,0.00,true,true,,,,,'10710815,,,,,,,,,,,,,,,,,,,,,,,,,,,,,,,,,,,,,,,,,,,,,,,https://cdn.shopify.com/s/files/1/0618/2368/0740/files/10_b535095b-8ff3-4246-ad75-6e3aa7e1a60f.png?v=1717078642,kg,,,,,,
golden-lion-shirt-for-kids-copy,,,,,,,,,13-14 YRS,,,Pink,,,,,'10710816,200.0,shopify,100,continue,manual,999.00,0.00,true,true,,,,,'10710816,,,,,,,,,,,,,,,,,,,,,,,,,,,,,,,,,,,,,,,,,,,,,,,https://cdn.shopify.com/s/files/1/0618/2368/0740/files/13_b18d83f4-2658-4487-979d-7ece416ba5c1.png?v=1717078642,kg,,,,,,
golden-lion-shirt-for-kids-copy,,,,,,,,,13-14 YRS,,,Light Blue,,,,,'10710817,200.0,shopify,100,continue,manual,999.00,0.00,true,true,,,,,'10710817,,,,,,,,,,,,,,,,,,,,,,,,,,,,,,,,,,,,,,,,,,,,,,,https://cdn.shopify.com/s/files/1/0618/2368/0740/files/17_5d68f94c-91ea-46ee-adb2-1f42f788ecad.png?v=1717078642,kg,,,,,,
golden-lion-shirt-for-kids-copy,,,,,,,,,13-14 YRS,,,Green,,,,,'10710818,200.0,shopify,100,continue,manual,999.00,0.00,true,true,,,,,'10710818,,,,,,,,,,,,,,,,,,,,,,,,,,,,,,,,,,,,,,,,,,,,,,,https://cdn.shopify.com/s/files/1/0618/2368/0740/files/20_7ca5d97f-b234-4df0-b078-ed9f62bfc136.png?v=1717078642,kg,,,,,,
golden-lion-shirt-for-kids-copy,,,,,,,,,13-14 YRS,,,Beige,,,,,'10710819,200.0,shopify,100,continue,manual,999.00,0.00,true,true,,,,,'10710819,,,,,,,,,,,,,,,,,,,,,,,,,,,,,,,,,,,,,,,,,,,,,,,https://cdn.shopify.com/s/files/1/0618/2368/0740/files/21_355b8218-e254-454f-a263-11c4580984cb.png?v=1717078642,kg,,,,,,
golden-lion-shirt-for-kids-copy,,,,,,,,,13-14 YRS,,,Bottle Green,,,,,'10710820,200.0,shopify,100,continue,manual,999.00,0.00,true,true,,,,,'10710820,,,,,,,,,,,,,,,,,,,,,,,,,,,,,,,,,,,,,,,,,,,,,,,https://cdn.shopify.com/s/files/1/0618/2368/0740/files/19_1b1da298-a910-4b5e-8268-89524aac78bf.png?v=1717078642,kg,,,,,,
golden-lion-shirt-for-kids-copy,,,,,,,,,13-14 YRS,,,Royal Blue,,,,,'10710821,200.0,shopify,100,continue,manual,999.00,0.00,true,true,,,,,'10710821,,,,,,,,,,,,,,,,,,,,,,,,,,,,,,,,,,,,,,,,,,,,,,,https://cdn.shopify.com/s/files/1/0618/2368/0740/files/12_858b4600-1dc2-44ab-8327-3875d560ed84.png?v=1717078642,kg,,,,,,
golden-lion-shirt-for-kids-copy,,,,,,,,,13-14 YRS,,,Black,,,,,'10706832,200.0,shopify,100,continue,manual,999.00,0.00,true,true,,,,,'10706832,,,,,,,,,,,,,,,,,,,,,,,,,,,,,,,,,,,,,,,,,,,,,,,https://cdn.shopify.com/s/files/1/0618/2368/0740/files/8_d679ddef-d594-4788-9497-cc88a3090cbd.png?v=1717078642,kg,,,,,,
hulk-shirt-for-kids-copy,LET'S GO! SHIRT FOR KIDS,"<div>Fabric: High-Quality Cotton Jersey</div>
<div>Half Sleeve T-Shirt</div>
<div>Round Neck</div>
<div>High Quality DTF Printed</div>
<div>Soft and Comfortable Wear (Unisex)</div>
<div>Easy Wash &amp; Press</div>
<div>Sizes 1-14 years </div>
<div><span>Disclaimer: Colors may vary slightly due to studio lights. </span></div>",BBG FASHION CLOTHING STORE,Apparel & Accessories > Clothing > Clothing Tops > T-Shirts,kids T-Shirts,kids T-Shirts,false,Size,1-2 YRS,,Color,Bottle Green,,,,,'10710635,200.0,shopify,50,continue,manual,799.00,0.00,true,true,,,,,'10710635,https://cdn.shopify.com/s/files/1/0618/2368/0740/files/19_1c463a8e-f44b-44f1-a8f4-448be9fa3fbc.png?v=1717075482,1,Hulk Shirt For Kids Copy - front view - kids wear Pakistan,false,,,212,,,,,,,,,,,,,,,,,,,,,,,,,,,,,,,,,,,,,,,,https://cdn.shopify.com/s/files/1/0618/2368/0740/files/19_1c463a8e-f44b-44f1-a8f4-448be9fa3fbc.png?v=1717075482,kg,,,true,,,draft
hulk-shirt-for-kids-copy,,,,,,,,,1-2 YRS,,,White,,,,,'10710636,200.0,shopify,50,continue,manual,799.00,0.00,true,true,,,,,'10710636,https://cdn.shopify.com/s/files/1/0618/2368/0740/files/bbg_d1d933d2-5f31-45d8-8176-020754e9f684.png?v=1717078507,2,Summer Surf Shirt For Kids Copy - back view - kids wear Pakistan,,,,,,,,,,,,,,,,,,,,,,,,,,,,,,,,,,,,,,,,,,,,https://cdn.shopify.com/s/files/1/0618/2368/0740/files/22_31b7b1db-fe27-4bc7-8066-9db28ab60f07.png?v=1717078762,kg,,,,,,
hulk-shirt-for-kids-copy,,,,,,,,,1-2 YRS,,,Orange,,,,,'10710637,200.0,shopify,50,continue,manual,799.00,0.00,true,true,,,,,'10710637,https://cdn.shopify.com/s/files/1/0618/2368/0740/files/18_90f9a8cd-f7da-4bc8-97da-a74e94544f59.png?v=1717078762,3,Hulk Shirt For Kids Copy - side view - kids wear Pakistan,,,,,,,,,,,,,,,,,,,,,,,,,,,,,,,,,,,,,,,,,,,,https://cdn.shopify.com/s/files/1/0618/2368/0740/files/26_4bf597b6-66f2-412c-88c5-43b5c04bf8aa.png?v=1717078762,kg,,,,,,
hulk-shirt-for-kids-copy,,,,,,,,,1-2 YRS,,,Yellow,,,,,'10710638,200.0,shopify,50,continue,manual,799.00,0.00,true,true,,,,,'10710638,https://cdn.shopify.com/s/files/1/0618/2368/0740/files/20_917d1610-e2a6-46de-8b9f-ceadb41fb76e.png?v=1717078762,4,Hulk Shirt For Kids Copy - detail shot - kids wear Pakistan,,,,,,,,,,,,,,,,,,,,,,,,,,,,,,,,,,,,,,,,,,,,https://cdn.shopify.com/s/files/1/0618/2368/0740/files/16_3dddc781-f505-44f5-848b-6d799468172a.png?v=1717078762,kg,,,,,,
hulk-shirt-for-kids-copy,,,,,,,,,1-2 YRS,,,Mahroon,,,,,'10710639,200.0,shopify,50,continue,manual,799.00,0.00,true,true,,,,,'10710639,https://cdn.shopify.com/s/files/1/0618/2368/0740/files/21_6fd9f6c9-1290-4900-81d4-531d47e899ec.png?v=1717078762,5,Hulk Shirt For Kids Copy - front view - kids wear Pakistan,,,,,,,,,,,,,,,,,,,,,,,,,,,,,,,,,,,,,,,,,,,,https://cdn.shopify.com/s/files/1/0618/2368/0740/files/23_2ee4e1b9-62d1-4b7e-bfac-f5bd4cdbe354.png?v=1717078762,kg,,,,,,
hulk-shirt-for-kids-copy,,,,,,,,,1-2 YRS,,,Grey,,,,,'10710640,200.0,shopify,50,continue,manual,799.00,0.00,true,true,,,,,'10710640,https://cdn.shopify.com/s/files/1/0618/2368/0740/files/22_31b7b1db-fe27-4bc7-8066-9db28ab60f07.png?v=1717078762,6,Hulk Shirt For Kids Copy - back view - kids wear Pakistan,,,,,,,,,,,,,,,,,,,,,,,,,,,,,,,,,,,,,,,,,,,,https://cdn.shopify.com/s/files/1/0618/2368/0740/files/15_1a93ad08-e0e4-476f-b60c-129d61f578b1.png?v=1717078762,kg,,,,,,
hulk-shirt-for-kids-copy,,,,,,,,,1-2 YRS,,,Red,,,,,'10710641,200.0,shopify,50,continue,manual,799.00,0.00,true,true,,,,,'10710641,https://cdn.shopify.com/s/files/1/0618/2368/0740/files/23_2ee4e1b9-62d1-4b7e-bfac-f5bd4cdbe354.png?v=1717078762,7,Hulk Shirt For Kids Copy - side view - kids wear Pakistan,,,,,,,,,,,,,,,,,,,,,,,,,,,,,,,,,,,,,,,,,,,,https://cdn.shopify.com/s/files/1/0618/2368/0740/files/24_44f37bdd-5794-446e-b07c-974024f4c0c7.png?v=1717078762,kg,,,,,,
hulk-shirt-for-kids-copy,,,,,,,,,1-2 YRS,,,Pink,,,,,'10710642,200.0,shopify,50,continue,manual,799.00,0.00,true,true,,,,,'10710642,https://cdn.shopify.com/s/files/1/0618/2368/0740/files/24_44f37bdd-5794-446e-b07c-974024f4c0c7.png?v=1717078762,8,Hulk Shirt For Kids Copy - detail shot - kids wear Pakistan,,,,,,,,,,,,,,,,,,,,,,,,,,,,,,,,,,,,,,,,,,,,https://cdn.shopify.com/s/files/1/0618/2368/0740/files/25_f0e077a7-4700-4d45-b33c-cf6c4a12316a.png?v=1717078762,kg,,,,,,
hulk-shirt-for-kids-copy,,,,,,,,,1-2 YRS,,,Light Blue,,,,,'10710643,200.0,shopify,50,continue,manual,799.00,0.00,true,true,,,,,'10710643,https://cdn.shopify.com/s/files/1/0618/2368/0740/files/25_f0e077a7-4700-4d45-b33c-cf6c4a12316a.png?v=1717078762,9,Hulk Shirt For Kids Copy - front view - kids wear Pakistan,,,,,,,,,,,,,,,,,,,,,,,,,,,,,,,,,,,,,,,,,,,,https://cdn.shopify.com/s/files/1/0618/2368/0740/files/17_68dc04ff-b8c1-47d9-9e95-2d38230260ad.png?v=1717078762,kg,,,,,,
hulk-shirt-for-kids-copy,,,,,,,,,1-2 YRS,,,Green,,,,,'10710644,200.0,shopify,50,continue,manual,799.00,0.00,true,true,,,,,'10710644,https://cdn.shopify.com/s/files/1/0618/2368/0740/files/26_4bf597b6-66f2-412c-88c5-43b5c04bf8aa.png?v=1717078762,10,Hulk Shirt For Kids Copy - back view - kids wear Pakistan,,,,,,,,,,,,,,,,,,,,,,,,,,,,,,,,,,,,,,,,,,,,https://cdn.shopify.com/s/files/1/0618/2368/0740/files/20_917d1610-e2a6-46de-8b9f-ceadb41fb76e.png?v=1717078762,kg,,,,,,
hulk-shirt-for-kids-copy,,,,,,,,,1-2 YRS,,,Beige,,,,,'10710645,200.0,shopify,50,continue,manual,799.00,0.00,true,true,,,,,'10710645,https://cdn.shopify.com/s/files/1/0618/2368/0740/files/27_98987be5-70d7-4a32-bd66-2d4a5c5a2166.png?v=1717078762,11,Hulk Shirt For Kids Copy - side view - kids wear Pakistan,,,,,,,,,,,,,,,,,,,,,,,,,,,,,,,,,,,,,,,,,,,,https://cdn.shopify.com/s/files/1/0618/2368/0740/files/21_6fd9f6c9-1290-4900-81d4-531d47e899ec.png?v=1717078762,kg,,,,,,
hulk-shirt-for-kids-copy,,,,,,,,,1-2 YRS,,,Black,,,,,'10710646,200.0,shopify,50,continue,manual,799.00,0.00,true,true,,,,,'10710646,https://cdn.shopify.com/s/files/1/0618/2368/0740/files/28_05638255-ccb8-409f-86a0-fa9c34393cef.png?v=1717078762,12,Hulk Shirt For Kids Copy - detail shot - kids wear Pakistan,,,,,,,,,,,,,,,,,,,,,,,,,,,,,,,,,,,,,,,,,,,,https://cdn.shopify.com/s/files/1/0618/2368/0740/files/8_0c73fe06-d395-481b-95f5-8fcf96d16607.png?v=1717078762,kg,,,,,,
hulk-shirt-for-kids-copy,,,,,,,,,1-2 YRS,,,Navy Blue,,,,,'10710647,200.0,shopify,50,continue,manual,799.00,0.00,true,true,,,,,'10710647,https://cdn.shopify.com/s/files/1/0618/2368/0740/files/8_0c73fe06-d395-481b-95f5-8fcf96d16607.png?v=1717078762,13,Hulk Shirt For Kids Copy - front view - kids wear Pakistan,,,,,,,,,,,,,,,,,,,,,,,,,,,,,,,,,,,,,,,,,,,,https://cdn.shopify.com/s/files/1/0618/2368/0740/files/18_90f9a8cd-f7da-4bc8-97da-a74e94544f59.png?v=1717078762,kg,,,,,,
hulk-shirt-for-kids-copy,,,,,,,,,1-2 YRS,,,Purple,,,,,'10710648,200.0,shopify,50,continue,manual,799.00,0.00,true,true,,,,,'10710648,https://cdn.shopify.com/s/files/1/0618/2368/0740/files/16_3dddc781-f505-44f5-848b-6d799468172a.png?v=1717078762,14,Hulk Shirt For Kids Copy - back view - kids wear Pakistan,,,,,,,,,,,,,,,,,,,,,,,,,,,,,,,,,,,,,,,,,,,,https://cdn.shopify.com/s/files/1/0618/2368/0740/files/28_05638255-ccb8-409f-86a0-fa9c34393cef.png?v=1717078762,kg,,,,,,
hulk-shirt-for-kids-copy,,,,,,,,,3-4 YRS,,,Bottle Green,,,,,'10710649,200.0,shopify,50,continue,manual,799.00,0.00,true,true,,,,,'10710649,https://cdn.shopify.com/s/files/1/0618/2368/0740/files/15_1a93ad08-e0e4-476f-b60c-129d61f578b1.png?v=1717078762,15,Hulk Shirt For Kids Copy - side view - kids wear Pakistan,,,,,,,,,,,,,,,,,,,,,,,,,,,,,,,,,,,,,,,,,,,,https://cdn.shopify.com/s/files/1/0618/2368/0740/files/19_1c463a8e-f44b-44f1-a8f4-448be9fa3fbc.png?v=1717075482,kg,,,,,,
hulk-shirt-for-kids-copy,,,,,,,,,3-4 YRS,,,White,,,,,'10710650,200.0,shopify,50,continue,manual,799.00,0.00,true,true,,,,,'10710650,https://cdn.shopify.com/s/files/1/0618/2368/0740/files/17_68dc04ff-b8c1-47d9-9e95-2d38230260ad.png?v=1717078762,16,Hulk Shirt For Kids Copy - detail shot - kids wear Pakistan,,,,,,,,,,,,,,,,,,,,,,,,,,,,,,,,,,,,,,,,,,,,https://cdn.shopify.com/s/files/1/0618/2368/0740/files/22_31b7b1db-fe27-4bc7-8066-9db28ab60f07.png?v=1717078762,kg,,,,,,
hulk-shirt-for-kids-copy,,,,,,,,,3-4 YRS,,,Orange,,,,,'10710651,200.0,shopify,50,continue,manual,799.00,0.00,true,true,,,,,'10710651,,,,,,,,,,,,,,,,,,,,,,,,,,,,,,,,,,,,,,,,,,,,,,,https://cdn.shopify.com/s/files/1/0618/2368/0740/files/26_4bf597b6-66f2-412c-88c5-43b5c04bf8aa.png?v=1717078762,kg,,,,,,
hulk-shirt-for-kids-copy,,,,,,,,,3-4 YRS,,,Yellow,,,,,'10710652,200.0,shopify,50,continue,manual,799.00,0.00,true,true,,,,,'10710652,,,,,,,,,,,,,,,,,,,,,,,,,,,,,,,,,,,,,,,,,,,,,,,https://cdn.shopify.com/s/files/1/0618/2368/0740/files/16_3dddc781-f505-44f5-848b-6d799468172a.png?v=1717078762,kg,,,,,,
hulk-shirt-for-kids-copy,,,,,,,,,3-4 YRS,,,Mahroon,,,,,'10710653,200.0,shopify,50,continue,manual,799.00,0.00,true,true,,,,,'10710653,,,,,,,,,,,,,,,,,,,,,,,,,,,,,,,,,,,,,,,,,,,,,,,https://cdn.shopify.com/s/files/1/0618/2368/0740/files/23_2ee4e1b9-62d1-4b7e-bfac-f5bd4cdbe354.png?v=1717078762,kg,,,,,,
hulk-shirt-for-kids-copy,,,,,,,,,3-4 YRS,,,Grey,,,,,'10710654,200.0,shopify,50,continue,manual,799.00,0.00,true,true,,,,,'10710654,,,,,,,,,,,,,,,,,,,,,,,,,,,,,,,,,,,,,,,,,,,,,,,https://cdn.shopify.com/s/files/1/0618/2368/0740/files/15_1a93ad08-e0e4-476f-b60c-129d61f578b1.png?v=1717078762,kg,,,,,,
hulk-shirt-for-kids-copy,,,,,,,,,3-4 YRS,,,Red,,,,,'10710655,200.0,shopify,50,continue,manual,799.00,0.00,true,true,,,,,'10710655,,,,,,,,,,,,,,,,,,,,,,,,,,,,,,,,,,,,,,,,,,,,,,,https://cdn.shopify.com/s/files/1/0618/2368/0740/files/24_44f37bdd-5794-446e-b07c-974024f4c0c7.png?v=1717078762,kg,,,,,,
hulk-shirt-for-kids-copy,,,,,,,,,3-4 YRS,,,Pink,,,,,'10710656,200.0,shopify,50,continue,manual,799.00,0.00,true,true,,,,,'10710656,,,,,,,,,,,,,,,,,,,,,,,,,,,,,,,,,,,,,,,,,,,,,,,https://cdn.shopify.com/s/files/1/0618/2368/0740/files/25_f0e077a7-4700-4d45-b33c-cf6c4a12316a.png?v=1717078762,kg,,,,,,
hulk-shirt-for-kids-copy,,,,,,,,,3-4 YRS,,,Light Blue,,,,,'10710657,200.0,shopify,50,continue,manual,799.00,0.00,true,true,,,,,'10710657,,,,,,,,,,,,,,,,,,,,,,,,,,,,,,,,,,,,,,,,,,,,,,,https://cdn.shopify.com/s/files/1/0618/2368/0740/files/17_68dc04ff-b8c1-47d9-9e95-2d38230260ad.png?v=1717078762,kg,,,,,,
hulk-shirt-for-kids-copy,,,,,,,,,3-4 YRS,,,Green,,,,,'10710658,200.0,shopify,50,continue,manual,799.00,0.00,true,true,,,,,'10710658,,,,,,,,,,,,,,,,,,,,,,,,,,,,,,,,,,,,,,,,,,,,,,,https://cdn.shopify.com/s/files/1/0618/2368/0740/files/20_917d1610-e2a6-46de-8b9f-ceadb41fb76e.png?v=1717078762,kg,,,,,,
hulk-shirt-for-kids-copy,,,,,,,,,3-4 YRS,,,Beige,,,,,'10710659,200.0,shopify,50,continue,manual,799.00,0.00,true,true,,,,,'10710659,,,,,,,,,,,,,,,,,,,,,,,,,,,,,,,,,,,,,,,,,,,,,,,https://cdn.shopify.com/s/files/1/0618/2368/0740/files/21_6fd9f6c9-1290-4900-81d4-531d47e899ec.png?v=1717078762,kg,,,,,,
hulk-shirt-for-kids-copy,,,,,,,,,3-4 YRS,,,Black,,,,,'10710660,200.0,shopify,50,continue,manual,799.00,0.00,true,true,,,,,'10710660,,,,,,,,,,,,,,,,,,,,,,,,,,,,,,,,,,,,,,,,,,,,,,,https://cdn.shopify.com/s/files/1/0618/2368/0740/files/8_0c73fe06-d395-481b-95f5-8fcf96d16607.png?v=1717078762,kg,,,,,,
hulk-shirt-for-kids-copy,,,,,,,,,3-4 YRS,,,Navy Blue,,,,,'10710661,200.0,shopify,50,continue,manual,799.00,0.00,true,true,,,,,'10710661,,,,,,,,,,,,,,,,,,,,,,,,,,,,,,,,,,,,,,,,,,,,,,,https://cdn.shopify.com/s/files/1/0618/2368/0740/files/18_90f9a8cd-f7da-4bc8-97da-a74e94544f59.png?v=1717078762,kg,,,,,,
hulk-shirt-for-kids-copy,,,,,,,,,3-4 YRS,,,Purple,,,,,'10710662,200.0,shopify,50,continue,manual,799.00,0.00,true,true,,,,,'10710662,,,,,,,,,,,,,,,,,,,,,,,,,,,,,,,,,,,,,,,,,,,,,,,https://cdn.shopify.com/s/files/1/0618/2368/0740/files/28_05638255-ccb8-409f-86a0-fa9c34393cef.png?v=1717078762,kg,,,,,,
hulk-shirt-for-kids-copy,,,,,,,,,5-6 YRS,,,Bottle Green,,,,,'10710663,200.0,shopify,49,continue,manual,799.00,0.00,true,true,,,,,'10710663,,,,,,,,,,,,,,,,,,,,,,,,,,,,,,,,,,,,,,,,,,,,,,,https://cdn.shopify.com/s/files/1/0618/2368/0740/files/19_1c463a8e-f44b-44f1-a8f4-448be9fa3fbc.png?v=1717075482,kg,,,,,,
hulk-shirt-for-kids-copy,,,,,,,,,5-6 YRS,,,White,,,,,'10710664,200.0,shopify,50,continue,manual,799.00,0.00,true,true,,,,,'10710664,,,,,,,,,,,,,,,,,,,,,,,,,,,,,,,,,,,,,,,,,,,,,,,https://cdn.shopify.com/s/files/1/0618/2368/0740/files/22_31b7b1db-fe27-4bc7-8066-9db28ab60f07.png?v=1717078762,kg,,,,,,
hulk-shirt-for-kids-copy,,,,,,,,,5-6 YRS,,,Orange,,,,,'10710665,200.0,shopify,50,continue,manual,799.00,0.00,true,true,,,,,'10710665,,,,,,,,,,,,,,,,,,,,,,,,,,,,,,,,,,,,,,,,,,,,,,,https://cdn.shopify.com/s/files/1/0618/2368/0740/files/26_4bf597b6-66f2-412c-88c5-43b5c04bf8aa.png?v=1717078762,kg,,,,,,
hulk-shirt-for-kids-copy,,,,,,,,,5-6 YRS,,,Yellow,,,,,'10710666,200.0,shopify,50,continue,manual,799.00,0.00,true,true,,,,,'10710666,,,,,,,,,,,,,,,,,,,,,,,,,,,,,,,,,,,,,,,,,,,,,,,https://cdn.shopify.com/s/files/1/0618/2368/0740/files/16_3dddc781-f505-44f5-848b-6d799468172a.png?v=1717078762,kg,,,,,,
hulk-shirt-for-kids-copy,,,,,,,,,5-6 YRS,,,Mahroon,,,,,'10710667,200.0,shopify,50,continue,manual,799.00,0.00,true,true,,,,,'10710667,,,,,,,,,,,,,,,,,,,,,,,,,,,,,,,,,,,,,,,,,,,,,,,https://cdn.shopify.com/s/files/1/0618/2368/0740/files/23_2ee4e1b9-62d1-4b7e-bfac-f5bd4cdbe354.png?v=1717078762,kg,,,,,,
hulk-shirt-for-kids-copy,,,,,,,,,5-6 YRS,,,Grey,,,,,'10710668,200.0,shopify,50,continue,manual,799.00,0.00,true,true,,,,,'10710668,,,,,,,,,,,,,,,,,,,,,,,,,,,,,,,,,,,,,,,,,,,,,,,https://cdn.shopify.com/s/files/1/0618/2368/0740/files/15_1a93ad08-e0e4-476f-b60c-129d61f578b1.png?v=1717078762,kg,,,,,,
hulk-shirt-for-kids-copy,,,,,,,,,5-6 YRS,,,Red,,,,,'10710669,200.0,shopify,50,continue,manual,799.00,0.00,true,true,,,,,'10710669,,,,,,,,,,,,,,,,,,,,,,,,,,,,,,,,,,,,,,,,,,,,,,,https://cdn.shopify.com/s/files/1/0618/2368/0740/files/24_44f37bdd-5794-446e-b07c-974024f4c0c7.png?v=1717078762,kg,,,,,,
hulk-shirt-for-kids-copy,,,,,,,,,5-6 YRS,,,Pink,,,,,'10710670,200.0,shopify,50,continue,manual,799.00,0.00,true,true,,,,,'10710670,,,,,,,,,,,,,,,,,,,,,,,,,,,,,,,,,,,,,,,,,,,,,,,https://cdn.shopify.com/s/files/1/0618/2368/0740/files/25_f0e077a7-4700-4d45-b33c-cf6c4a12316a.png?v=1717078762,kg,,,,,,
hulk-shirt-for-kids-copy,,,,,,,,,5-6 YRS,,,Light Blue,,,,,'10710671,200.0,shopify,50,continue,manual,799.00,0.00,true,true,,,,,'10710671,,,,,,,,,,,,,,,,,,,,,,,,,,,,,,,,,,,,,,,,,,,,,,,https://cdn.shopify.com/s/files/1/0618/2368/0740/files/17_68dc04ff-b8c1-47d9-9e95-2d38230260ad.png?v=1717078762,kg,,,,,,
hulk-shirt-for-kids-copy,,,,,,,,,5-6 YRS,,,Green,,,,,'10710672,200.0,shopify,50,continue,manual,799.00,0.00,true,true,,,,,'10710672,,,,,,,,,,,,,,,,,,,,,,,,,,,,,,,,,,,,,,,,,,,,,,,https://cdn.shopify.com/s/files/1/0618/2368/0740/files/20_917d1610-e2a6-46de-8b9f-ceadb41fb76e.png?v=1717078762,kg,,,,,,
hulk-shirt-for-kids-copy,,,,,,,,,5-6 YRS,,,Beige,,,,,'10710673,200.0,shopify,50,continue,manual,799.00,0.00,true,true,,,,,'10710673,,,,,,,,,,,,,,,,,,,,,,,,,,,,,,,,,,,,,,,,,,,,,,,https://cdn.shopify.com/s/files/1/0618/2368/0740/files/21_6fd9f6c9-1290-4900-81d4-531d47e899ec.png?v=1717078762,kg,,,,,,
hulk-shirt-for-kids-copy,,,,,,,,,5-6 YRS,,,Black,,,,,'10710674,200.0,shopify,48,continue,manual,799.00,0.00,true,true,,,,,'10710674,,,,,,,,,,,,,,,,,,,,,,,,,,,,,,,,,,,,,,,,,,,,,,,https://cdn.shopify.com/s/files/1/0618/2368/0740/files/8_0c73fe06-d395-481b-95f5-8fcf96d16607.png?v=1717078762,kg,,,,,,
hulk-shirt-for-kids-copy,,,,,,,,,5-6 YRS,,,Navy Blue,,,,,'10710675,200.0,shopify,50,continue,manual,799.00,0.00,true,true,,,,,'10710675,,,,,,,,,,,,,,,,,,,,,,,,,,,,,,,,,,,,,,,,,,,,,,,https://cdn.shopify.com/s/files/1/0618/2368/0740/files/18_90f9a8cd-f7da-4bc8-97da-a74e94544f59.png?v=1717078762,kg,,,,,,
hulk-shirt-for-kids-copy,,,,,,,,,5-6 YRS,,,Purple,,,,,'10710676,200.0,shopify,50,continue,manual,799.00,0.00,true,true,,,,,'10710676,,,,,,,,,,,,,,,,,,,,,,,,,,,,,,,,,,,,,,,,,,,,,,,https://cdn.shopify.com/s/files/1/0618/2368/0740/files/28_05638255-ccb8-409f-86a0-fa9c34393cef.png?v=1717078762,kg,,,,,,
hulk-shirt-for-kids-copy,,,,,,,,,7-8 YRS,,,Bottle Green,,,,,'10710677,200.0,shopify,50,continue,manual,799.00,0.00,true,true,,,,,'10710677,,,,,,,,,,,,,,,,,,,,,,,,,,,,,,,,,,,,,,,,,,,,,,,https://cdn.shopify.com/s/files/1/0618/2368/0740/files/19_1c463a8e-f44b-44f1-a8f4-448be9fa3fbc.png?v=1717075482,kg,,,,,,
hulk-shirt-for-kids-copy,,,,,,,,,7-8 YRS,,,White,,,,,'10710678,200.0,shopify,50,continue,manual,799.00,0.00,true,true,,,,,'10710678,,,,,,,,,,,,,,,,,,,,,,,,,,,,,,,,,,,,,,,,,,,,,,,https://cdn.shopify.com/s/files/1/0618/2368/0740/files/22_31b7b1db-fe27-4bc7-8066-9db28ab60f07.png?v=1717078762,kg,,,,,,
hulk-shirt-for-kids-copy,,,,,,,,,7-8 YRS,,,Orange,,,,,'10710679,200.0,shopify,50,continue,manual,799.00,0.00,true,true,,,,,'10710679,,,,,,,,,,,,,,,,,,,,,,,,,,,,,,,,,,,,,,,,,,,,,,,https://cdn.shopify.com/s/files/1/0618/2368/0740/files/26_4bf597b6-66f2-412c-88c5-43b5c04bf8aa.png?v=1717078762,kg,,,,,,
hulk-shirt-for-kids-copy,,,,,,,,,7-8 YRS,,,Yellow,,,,,'10710680,200.0,shopify,50,continue,manual,799.00,0.00,true,true,,,,,'10710680,,,,,,,,,,,,,,,,,,,,,,,,,,,,,,,,,,,,,,,,,,,,,,,https://cdn.shopify.com/s/files/1/0618/2368/0740/files/16_3dddc781-f505-44f5-848b-6d799468172a.png?v=1717078762,kg,,,,,,
hulk-shirt-for-kids-copy,,,,,,,,,7-8 YRS,,,Mahroon,,,,,'10710681,200.0,shopify,50,continue,manual,799.00,0.00,true,true,,,,,'10710681,,,,,,,,,,,,,,,,,,,,,,,,,,,,,,,,,,,,,,,,,,,,,,,https://cdn.shopify.com/s/files/1/0618/2368/0740/files/23_2ee4e1b9-62d1-4b7e-bfac-f5bd4cdbe354.png?v=1717078762,kg,,,,,,
hulk-shirt-for-kids-copy,,,,,,,,,7-8 YRS,,,Grey,,,,,'10710682,200.0,shopify,50,continue,manual,799.00,0.00,true,true,,,,,'10710682,,,,,,,,,,,,,,,,,,,,,,,,,,,,,,,,,,,,,,,,,,,,,,,https://cdn.shopify.com/s/files/1/0618/2368/0740/files/15_1a93ad08-e0e4-476f-b60c-129d61f578b1.png?v=1717078762,kg,,,,,,
hulk-shirt-for-kids-copy,,,,,,,,,7-8 YRS,,,Red,,,,,'10710683,200.0,shopify,50,continue,manual,799.00,0.00,true,true,,,,,'10710683,,,,,,,,,,,,,,,,,,,,,,,,,,,,,,,,,,,,,,,,,,,,,,,https://cdn.shopify.com/s/files/1/0618/2368/0740/files/24_44f37bdd-5794-446e-b07c-974024f4c0c7.png?v=1717078762,kg,,,,,,
hulk-shirt-for-kids-copy,,,,,,,,,7-8 YRS,,,Pink,,,,,'10710684,200.0,shopify,50,continue,manual,799.00,0.00,true,true,,,,,'10710684,,,,,,,,,,,,,,,,,,,,,,,,,,,,,,,,,,,,,,,,,,,,,,,https://cdn.shopify.com/s/files/1/0618/2368/0740/files/25_f0e077a7-4700-4d45-b33c-cf6c4a12316a.png?v=1717078762,kg,,,,,,
hulk-shirt-for-kids-copy,,,,,,,,,7-8 YRS,,,Light Blue,,,,,'10710685,200.0,shopify,50,continue,manual,799.00,0.00,true,true,,,,,'10710685,,,,,,,,,,,,,,,,,,,,,,,,,,,,,,,,,,,,,,,,,,,,,,,https://cdn.shopify.com/s/files/1/0618/2368/0740/files/17_68dc04ff-b8c1-47d9-9e95-2d38230260ad.png?v=1717078762,kg,,,,,,
hulk-shirt-for-kids-copy,,,,,,,,,7-8 YRS,,,Green,,,,,'10710686,200.0,shopify,50,continue,manual,799.00,0.00,true,true,,,,,'10710686,,,,,,,,,,,,,,,,,,,,,,,,,,,,,,,,,,,,,,,,,,,,,,,https://cdn.shopify.com/s/files/1/0618/2368/0740/files/20_917d1610-e2a6-46de-8b9f-ceadb41fb76e.png?v=1717078762,kg,,,,,,
hulk-shirt-for-kids-copy,,,,,,,,,7-8 YRS,,,Beige,,,,,'10710687,200.0,shopify,50,continue,manual,799.00,0.00,true,true,,,,,'10710687,,,,,,,,,,,,,,,,,,,,,,,,,,,,,,,,,,,,,,,,,,,,,,,https://cdn.shopify.com/s/files/1/0618/2368/0740/files/21_6fd9f6c9-1290-4900-81d4-531d47e899ec.png?v=1717078762,kg,,,,,,
hulk-shirt-for-kids-copy,,,,,,,,,7-8 YRS,,,Black,,,,,'10710688,200.0,shopify,50,continue,manual,799.00,0.00,true,true,,,,,'10710688,,,,,,,,,,,,,,,,,,,,,,,,,,,,,,,,,,,,,,,,,,,,,,,https://cdn.shopify.com/s/files/1/0618/2368/0740/files/8_0c73fe06-d395-481b-95f5-8fcf96d16607.png?v=1717078762,kg,,,,,,
hulk-shirt-for-kids-copy,,,,,,,,,7-8 YRS,,,Navy Blue,,,,,'10710689,200.0,shopify,50,continue,manual,799.00,0.00,true,true,,,,,'10710689,,,,,,,,,,,,,,,,,,,,,,,,,,,,,,,,,,,,,,,,,,,,,,,https://cdn.shopify.com/s/files/1/0618/2368/0740/files/18_90f9a8cd-f7da-4bc8-97da-a74e94544f59.png?v=1717078762,kg,,,,,,
hulk-shirt-for-kids-copy,,,,,,,,,7-8 YRS,,,Purple,,,,,'10710690,200.0,shopify,50,continue,manual,799.00,0.00,true,true,,,,,'10710690,,,,,,,,,,,,,,,,,,,,,,,,,,,,,,,,,,,,,,,,,,,,,,,https://cdn.shopify.com/s/files/1/0618/2368/0740/files/28_05638255-ccb8-409f-86a0-fa9c34393cef.png?v=1717078762,kg,,,,,,
hulk-shirt-for-kids-copy,,,,,,,,,9-10 YRS,,,Bottle Green,,,,,'10710691,200.0,shopify,49,continue,manual,899.00,0.00,true,true,,,,,'10710691,,,,,,,,,,,,,,,,,,,,,,,,,,,,,,,,,,,,,,,,,,,,,,,https://cdn.shopify.com/s/files/1/0618/2368/0740/files/19_1c463a8e-f44b-44f1-a8f4-448be9fa3fbc.png?v=1717075482,kg,,,,,,
hulk-shirt-for-kids-copy,,,,,,,,,9-10 YRS,,,White,,,,,'10710692,200.0,shopify,50,continue,manual,899.00,0.00,true,true,,,,,'10710692,,,,,,,,,,,,,,,,,,,,,,,,,,,,,,,,,,,,,,,,,,,,,,,https://cdn.shopify.com/s/files/1/0618/2368/0740/files/22_31b7b1db-fe27-4bc7-8066-9db28ab60f07.png?v=1717078762,kg,,,,,,
hulk-shirt-for-kids-copy,,,,,,,,,9-10 YRS,,,Orange,,,,,'10710693,200.0,shopify,50,continue,manual,899.00,0.00,true,true,,,,,'10710693,,,,,,,,,,,,,,,,,,,,,,,,,,,,,,,,,,,,,,,,,,,,,,,https://cdn.shopify.com/s/files/1/0618/2368/0740/files/26_4bf597b6-66f2-412c-88c5-43b5c04bf8aa.png?v=1717078762,kg,,,,,,
hulk-shirt-for-kids-copy,,,,,,,,,9-10 YRS,,,Yellow,,,,,'10710694,200.0,shopify,50,continue,manual,899.00,0.00,true,true,,,,,'10710694,,,,,,,,,,,,,,,,,,,,,,,,,,,,,,,,,,,,,,,,,,,,,,,https://cdn.shopify.com/s/files/1/0618/2368/0740/files/16_3dddc781-f505-44f5-848b-6d799468172a.png?v=1717078762,kg,,,,,,
hulk-shirt-for-kids-copy,,,,,,,,,9-10 YRS,,,Mahroon,,,,,'10710695,200.0,shopify,50,continue,manual,899.00,0.00,true,true,,,,,'10710695,,,,,,,,,,,,,,,,,,,,,,,,,,,,,,,,,,,,,,,,,,,,,,,https://cdn.shopify.com/s/files/1/0618/2368/0740/files/23_2ee4e1b9-62d1-4b7e-bfac-f5bd4cdbe354.png?v=1717078762,kg,,,,,,
hulk-shirt-for-kids-copy,,,,,,,,,9-10 YRS,,,Grey,,,,,'10710696,200.0,shopify,50,continue,manual,899.00,0.00,true,true,,,,,'10710696,,,,,,,,,,,,,,,,,,,,,,,,,,,,,,,,,,,,,,,,,,,,,,,https://cdn.shopify.com/s/files/1/0618/2368/0740/files/15_1a93ad08-e0e4-476f-b60c-129d61f578b1.png?v=1717078762,kg,,,,,,
hulk-shirt-for-kids-copy,,,,,,,,,9-10 YRS,,,Red,,,,,'10710697,200.0,shopify,50,continue,manual,899.00,0.00,true,true,,,,,'10710697,,,,,,,,,,,,,,,,,,,,,,,,,,,,,,,,,,,,,,,,,,,,,,,https://cdn.shopify.com/s/files/1/0618/2368/0740/files/24_44f37bdd-5794-446e-b07c-974024f4c0c7.png?v=1717078762,kg,,,,,,
hulk-shirt-for-kids-copy,,,,,,,,,9-10 YRS,,,Pink,,,,,'10710698,200.0,shopify,50,continue,manual,899.00,0.00,true,true,,,,,'10710698,,,,,,,,,,,,,,,,,,,,,,,,,,,,,,,,,,,,,,,,,,,,,,,https://cdn.shopify.com/s/files/1/0618/2368/0740/files/25_f0e077a7-4700-4d45-b33c-cf6c4a12316a.png?v=1717078762,kg,,,,,,
hulk-shirt-for-kids-copy,,,,,,,,,9-10 YRS,,,Light Blue,,,,,'10710699,200.0,shopify,50,continue,manual,899.00,0.00,true,true,,,,,'10710699,,,,,,,,,,,,,,,,,,,,,,,,,,,,,,,,,,,,,,,,,,,,,,,https://cdn.shopify.com/s/files/1/0618/2368/0740/files/17_68dc04ff-b8c1-47d9-9e95-2d38230260ad.png?v=1717078762,kg,,,,,,
hulk-shirt-for-kids-copy,,,,,,,,,9-10 YRS,,,Green,,,,,'10710700,200.0,shopify,50,continue,manual,899.00,0.00,true,true,,,,,'10710700,,,,,,,,,,,,,,,,,,,,,,,,,,,,,,,,,,,,,,,,,,,,,,,https://cdn.shopify.com/s/files/1/0618/2368/0740/files/20_917d1610-e2a6-46de-8b9f-ceadb41fb76e.png?v=1717078762,kg,,,,,,
hulk-shirt-for-kids-copy,,,,,,,,,9-10 YRS,,,Beige,,,,,'10710701,200.0,shopify,50,continue,manual,899.00,0.00,true,true,,,,,'10710701,,,,,,,,,,,,,,,,,,,,,,,,,,,,,,,,,,,,,,,,,,,,,,,https://cdn.shopify.com/s/files/1/0618/2368/0740/files/21_6fd9f6c9-1290-4900-81d4-531d47e899ec.png?v=1717078762,kg,,,,,,
hulk-shirt-for-kids-copy,,,,,,,,,9-10 YRS,,,Black,,,,,'10710702,200.0,shopify,50,continue,manual,899.00,0.00,true,true,,,,,'10710702,,,,,,,,,,,,,,,,,,,,,,,,,,,,,,,,,,,,,,,,,,,,,,,https://cdn.shopify.com/s/files/1/0618/2368/0740/files/8_0c73fe06-d395-481b-95f5-8fcf96d16607.png?v=1717078762,kg,,,,,,
hulk-shirt-for-kids-copy,,,,,,,,,9-10 YRS,,,Navy Blue,,,,,'10710703,200.0,shopify,50,continue,manual,899.00,0.00,true,true,,,,,'10710703,,,,,,,,,,,,,,,,,,,,,,,,,,,,,,,,,,,,,,,,,,,,,,,https://cdn.shopify.com/s/files/1/0618/2368/0740/files/18_90f9a8cd-f7da-4bc8-97da-a74e94544f59.png?v=1717078762,kg,,,,,,
hulk-shirt-for-kids-copy,,,,,,,,,9-10 YRS,,,Purple,,,,,'10710704,200.0,shopify,50,continue,manual,899.00,0.00,true,true,,,,,'10710704,,,,,,,,,,,,,,,,,,,,,,,,,,,,,,,,,,,,,,,,,,,,,,,https://cdn.shopify.com/s/files/1/0618/2368/0740/files/28_05638255-ccb8-409f-86a0-fa9c34393cef.png?v=1717078762,kg,,,,,,
hulk-shirt-for-kids-copy,,,,,,,,,11-12 YRS,,,Bottle Green,,,,,'10710705,200.0,shopify,50,continue,manual,899.00,0.00,true,true,,,,,'10710705,,,,,,,,,,,,,,,,,,,,,,,,,,,,,,,,,,,,,,,,,,,,,,,https://cdn.shopify.com/s/files/1/0618/2368/0740/files/19_1c463a8e-f44b-44f1-a8f4-448be9fa3fbc.png?v=1717075482,kg,,,,,,
hulk-shirt-for-kids-copy,,,,,,,,,11-12 YRS,,,White,,,,,'10710706,200.0,shopify,50,continue,manual,899.00,0.00,true,true,,,,,'10710706,,,,,,,,,,,,,,,,,,,,,,,,,,,,,,,,,,,,,,,,,,,,,,,https://cdn.shopify.com/s/files/1/0618/2368/0740/files/22_31b7b1db-fe27-4bc7-8066-9db28ab60f07.png?v=1717078762,kg,,,,,,
hulk-shirt-for-kids-copy,,,,,,,,,11-12 YRS,,,Orange,,,,,'10710707,200.0,shopify,50,continue,manual,899.00,0.00,true,true,,,,,'10710707,,,,,,,,,,,,,,,,,,,,,,,,,,,,,,,,,,,,,,,,,,,,,,,https://cdn.shopify.com/s/files/1/0618/2368/0740/files/26_4bf597b6-66f2-412c-88c5-43b5c04bf8aa.png?v=1717078762,kg,,,,,,
hulk-shirt-for-kids-copy,,,,,,,,,11-12 YRS,,,Yellow,,,,,'10710708,200.0,shopify,50,continue,manual,899.00,0.00,true,true,,,,,'10710708,,,,,,,,,,,,,,,,,,,,,,,,,,,,,,,,,,,,,,,,,,,,,,,https://cdn.shopify.com/s/files/1/0618/2368/0740/files/16_3dddc781-f505-44f5-848b-6d799468172a.png?v=1717078762,kg,,,,,,
hulk-shirt-for-kids-copy,,,,,,,,,11-12 YRS,,,Mahroon,,,,,'10710709,200.0,shopify,50,continue,manual,899.00,0.00,true,true,,,,,'10710709,,,,,,,,,,,,,,,,,,,,,,,,,,,,,,,,,,,,,,,,,,,,,,,https://cdn.shopify.com/s/files/1/0618/2368/0740/files/23_2ee4e1b9-62d1-4b7e-bfac-f5bd4cdbe354.png?v=1717078762,kg,,,,,,
hulk-shirt-for-kids-copy,,,,,,,,,11-12 YRS,,,Grey,,,,,'10710710,200.0,shopify,50,continue,manual,899.00,0.00,true,true,,,,,'10710710,,,,,,,,,,,,,,,,,,,,,,,,,,,,,,,,,,,,,,,,,,,,,,,https://cdn.shopify.com/s/files/1/0618/2368/0740/files/15_1a93ad08-e0e4-476f-b60c-129d61f578b1.png?v=1717078762,kg,,,,,,
hulk-shirt-for-kids-copy,,,,,,,,,11-12 YRS,,,Red,,,,,'10710711,200.0,shopify,50,continue,manual,899.00,0.00,true,true,,,,,'10710711,,,,,,,,,,,,,,,,,,,,,,,,,,,,,,,,,,,,,,,,,,,,,,,https://cdn.shopify.com/s/files/1/0618/2368/0740/files/24_44f37bdd-5794-446e-b07c-974024f4c0c7.png?v=1717078762,kg,,,,,,
hulk-shirt-for-kids-copy,,,,,,,,,11-12 YRS,,,Pink,,,,,'10710712,200.0,shopify,50,continue,manual,899.00,0.00,true,true,,,,,'10710712,,,,,,,,,,,,,,,,,,,,,,,,,,,,,,,,,,,,,,,,,,,,,,,https://cdn.shopify.com/s/files/1/0618/2368/0740/files/25_f0e077a7-4700-4d45-b33c-cf6c4a12316a.png?v=1717078762,kg,,,,,,
hulk-shirt-for-kids-copy,,,,,,,,,11-12 YRS,,,Light Blue,,,,,'10710713,200.0,shopify,50,continue,manual,899.00,0.00,true,true,,,,,'10710713,,,,,,,,,,,,,,,,,,,,,,,,,,,,,,,,,,,,,,,,,,,,,,,https://cdn.shopify.com/s/files/1/0618/2368/0740/files/17_68dc04ff-b8c1-47d9-9e95-2d38230260ad.png?v=1717078762,kg,,,,,,
hulk-shirt-for-kids-copy,,,,,,,,,11-12 YRS,,,Green,,,,,'10710714,200.0,shopify,50,continue,manual,899.00,0.00,true,true,,,,,'10710714,,,,,,,,,,,,,,,,,,,,,,,,,,,,,,,,,,,,,,,,,,,,,,,https://cdn.shopify.com/s/files/1/0618/2368/0740/files/20_917d1610-e2a6-46de-8b9f-ceadb41fb76e.png?v=1717078762,kg,,,,,,
hulk-shirt-for-kids-copy,,,,,,,,,11-12 YRS,,,Beige,,,,,'10710715,200.0,shopify,50,continue,manual,899.00,0.00,true,true,,,,,'10710715,,,,,,,,,,,,,,,,,,,,,,,,,,,,,,,,,,,,,,,,,,,,,,,https://cdn.shopify.com/s/files/1/0618/2368/0740/files/21_6fd9f6c9-1290-4900-81d4-531d47e899ec.png?v=1717078762,kg,,,,,,
hulk-shirt-for-kids-copy,,,,,,,,,11-12 YRS,,,Black,,,,,'10710716,200.0,shopify,50,continue,manual,899.00,0.00,true,true,,,,,'10710716,,,,,,,,,,,,,,,,,,,,,,,,,,,,,,,,,,,,,,,,,,,,,,,https://cdn.shopify.com/s/files/1/0618/2368/0740/files/8_0c73fe06-d395-481b-95f5-8fcf96d16607.png?v=1717078762,kg,,,,,,
hulk-shirt-for-kids-copy,,,,,,,,,11-12 YRS,,,Navy Blue,,,,,'10710717,200.0,shopify,50,continue,manual,899.00,0.00,true,true,,,,,'10710717,,,,,,,,,,,,,,,,,,,,,,,,,,,,,,,,,,,,,,,,,,,,,,,https://cdn.shopify.com/s/files/1/0618/2368/0740/files/18_90f9a8cd-f7da-4bc8-97da-a74e94544f59.png?v=1717078762,kg,,,,,,
hulk-shirt-for-kids-copy,,,,,,,,,11-12 YRS,,,Purple,,,,,'10710718,200.0,shopify,50,continue,manual,899.00,0.00,true,true,,,,,'10710718,,,,,,,,,,,,,,,,,,,,,,,,,,,,,,,,,,,,,,,,,,,,,,,https://cdn.shopify.com/s/files/1/0618/2368/0740/files/28_05638255-ccb8-409f-86a0-fa9c34393cef.png?v=1717078762,kg,,,,,,
hulk-shirt-for-kids-copy,,,,,,,,,13-14 YRS,,,Bottle Green,,,,,'10710719,200.0,shopify,100,continue,manual,999.00,0.00,true,true,,,,,'10710719,,,,,,,,,,,,,,,,,,,,,,,,,,,,,,,,,,,,,,,,,,,,,,,https://cdn.shopify.com/s/files/1/0618/2368/0740/files/19_1c463a8e-f44b-44f1-a8f4-448be9fa3fbc.png?v=1717075482,kg,,,,,,
hulk-shirt-for-kids-copy,,,,,,,,,13-14 YRS,,,White,,,,,'10710720,200.0,shopify,100,continue,manual,999.00,0.00,true,true,,,,,'10710720,,,,,,,,,,,,,,,,,,,,,,,,,,,,,,,,,,,,,,,,,,,,,,,https://cdn.shopify.com/s/files/1/0618/2368/0740/files/22_31b7b1db-fe27-4bc7-8066-9db28ab60f07.png?v=1717078762,kg,,,,,,
hulk-shirt-for-kids-copy,,,,,,,,,13-14 YRS,,,Orange,,,,,'10710721,200.0,shopify,100,continue,manual,999.00,0.00,true,true,,,,,'10710721,,,,,,,,,,,,,,,,,,,,,,,,,,,,,,,,,,,,,,,,,,,,,,,https://cdn.shopify.com/s/files/1/0618/2368/0740/files/26_4bf597b6-66f2-412c-88c5-43b5c04bf8aa.png?v=1717078762,kg,,,,,,
hulk-shirt-for-kids-copy,,,,,,,,,13-14 YRS,,,Yellow,,,,,'10710722,200.0,shopify,100,continue,manual,999.00,0.00,true,true,,,,,'10710722,,,,,,,,,,,,,,,,,,,,,,,,,,,,,,,,,,,,,,,,,,,,,,,https://cdn.shopify.com/s/files/1/0618/2368/0740/files/16_3dddc781-f505-44f5-848b-6d799468172a.png?v=1717078762,kg,,,,,,
hulk-shirt-for-kids-copy,,,,,,,,,13-14 YRS,,,Mahroon,,,,,'10710723,200.0,shopify,100,continue,manual,999.00,0.00,true,true,,,,,'10710723,,,,,,,,,,,,,,,,,,,,,,,,,,,,,,,,,,,,,,,,,,,,,,,https://cdn.shopify.com/s/files/1/0618/2368/0740/files/23_2ee4e1b9-62d1-4b7e-bfac-f5bd4cdbe354.png?v=1717078762,kg,,,,,,
hulk-shirt-for-kids-copy,,,,,,,,,13-14 YRS,,,Grey,,,,,'10710724,200.0,shopify,100,continue,manual,999.00,0.00,true,true,,,,,'10710724,,,,,,,,,,,,,,,,,,,,,,,,,,,,,,,,,,,,,,,,,,,,,,,https://cdn.shopify.com/s/files/1/0618/2368/0740/files/15_1a93ad08-e0e4-476f-b60c-129d61f578b1.png?v=1717078762,kg,,,,,,
hulk-shirt-for-kids-copy,,,,,,,,,13-14 YRS,,,Red,,,,,'10710725,200.0,shopify,100,continue,manual,999.00,0.00,true,true,,,,,'10710725,,,,,,,,,,,,,,,,,,,,,,,,,,,,,,,,,,,,,,,,,,,,,,,https://cdn.shopify.com/s/files/1/0618/2368/0740/files/24_44f37bdd-5794-446e-b07c-974024f4c0c7.png?v=1717078762,kg,,,,,,
hulk-shirt-for-kids-copy,,,,,,,,,13-14 YRS,,,Pink,,,,,'10710726,200.0,shopify,100,continue,manual,999.00,0.00,true,true,,,,,'10710726,,,,,,,,,,,,,,,,,,,,,,,,,,,,,,,,,,,,,,,,,,,,,,,https://cdn.shopify.com/s/files/1/0618/2368/0740/files/25_f0e077a7-4700-4d45-b33c-cf6c4a12316a.png?v=1717078762,kg,,,,,,
hulk-shirt-for-kids-copy,,,,,,,,,13-14 YRS,,,Light Blue,,,,,'10710727,200.0,shopify,100,continue,manual,999.00,0.00,true,true,,,,,'10710727,,,,,,,,,,,,,,,,,,,,,,,,,,,,,,,,,,,,,,,,,,,,,,,https://cdn.shopify.com/s/files/1/0618/2368/0740/files/17_68dc04ff-b8c1-47d9-9e95-2d38230260ad.png?v=1717078762,kg,,,,,,
hulk-shirt-for-kids-copy,,,,,,,,,13-14 YRS,,,Green,,,,,'10710728,200.0,shopify,100,continue,manual,999.00,0.00,true,true,,,,,'10710728,,,,,,,,,,,,,,,,,,,,,,,,,,,,,,,,,,,,,,,,,,,,,,,https://cdn.shopify.com/s/files/1/0618/2368/0740/files/20_917d1610-e2a6-46de-8b9f-ceadb41fb76e.png?v=1717078762,kg,,,,,,
hulk-shirt-for-kids-copy,,,,,,,,,13-14 YRS,,,Beige,,,,,'10710729,200.0,shopify,100,continue,manual,999.00,0.00,true,true,,,,,'10710729,,,,,,,,,,,,,,,,,,,,,,,,,,,,,,,,,,,,,,,,,,,,,,,https://cdn.shopify.com/s/files/1/0618/2368/0740/files/21_6fd9f6c9-1290-4900-81d4-531d47e899ec.png?v=1717078762,kg,,,,,,
hulk-shirt-for-kids-copy,,,,,,,,,13-14 YRS,,,Black,,,,,'10710730,200.0,shopify,100,continue,manual,999.00,0.00,true,true,,,,,'10710730,,,,,,,,,,,,,,,,,,,,,,,,,,,,,,,,,,,,,,,,,,,,,,,https://cdn.shopify.com/s/files/1/0618/2368/0740/files/8_0c73fe06-d395-481b-95f5-8fcf96d16607.png?v=1717078762,kg,,,,,,
hulk-shirt-for-kids-copy,,,,,,,,,13-14 YRS,,,Navy Blue,,,,,'10710731,200.0,shopify,100,continue,manual,999.00,0.00,true,true,,,,,'10710731,,,,,,,,,,,,,,,,,,,,,,,,,,,,,,,,,,,,,,,,,,,,,,,https://cdn.shopify.com/s/files/1/0618/2368/0740/files/18_90f9a8cd-f7da-4bc8-97da-a74e94544f59.png?v=1717078762,kg,,,,,,
hulk-shirt-for-kids-copy,,,,,,,,,13-14 YRS,,,Purple,,,,,'10706831,200.0,shopify,100,continue,manual,999.00,0.00,true,true,,,,,'10706831,,,,,,,,,,,,,,,,,,,,,,,,,,,,,,,,,,,,,,,,,,,,,,,https://cdn.shopify.com/s/files/1/0618/2368/0740/files/28_05638255-ccb8-409f-86a0-fa9c34393cef.png?v=1717078762,kg,,,,,,
lets-go-shirt-for-kids-copy,ROCK THE SOUL SHIRT FOR KIDS,"<div>Fabric: High-Quality Cotton Jersey</div>
<div>Half Sleeve T-Shirt</div>
<div>Round Neck</div>
<div>High Quality DTF Printed</div>
<div>Soft and Comfortable Wear (Unisex)</div>
<div>Easy Wash &amp; Press</div>
<div>Sizes 1-14 years </div>
<div><span>Disclaimer: Colors may vary slightly due to studio lights. </span></div>",BBG FASHION CLOTHING STORE,Apparel & Accessories > Clothing > Clothing Tops > T-Shirts,kids T-Shirts,kids T-Shirts,false,Size,1-2 YRS,,Color,Black,,,,,'10710538,200.0,shopify,50,continue,manual,799.00,0.00,true,true,,,,,'10710538,https://cdn.shopify.com/s/files/1/0618/2368/0740/files/8_b036eac9-438e-4df1-9174-b2360b0e9dae.png?v=1717075451,1,Lets Go Shirt For Kids Copy - front view - kids wear Pakistan,false,,,212,,,,,,,,,,,,'1,,,,,,,,,,,,,,,,,,,,,,,,,,,,https://cdn.shopify.com/s/files/1/0618/2368/0740/files/8_b036eac9-438e-4df1-9174-b2360b0e9dae.png?v=1717075451,kg,,,true,,,draft
lets-go-shirt-for-kids-copy,,,,,,,,,1-2 YRS,,,White,,,,,'10710539,200.0,shopify,50,continue,manual,799.00,0.00,true,true,,,,,'10710539,https://cdn.shopify.com/s/files/1/0618/2368/0740/files/bbg_78b25a48-cf9a-4d1e-a5e1-abb86bcba1e1.png?v=1717078471,2,Lets Go Shirt For Kids Copy - back view - kids wear Pakistan,,,,,,,,,,,,,,,,,,,,,,,,,,,,,,,,,,,,,,,,,,,,https://cdn.shopify.com/s/files/1/0618/2368/0740/files/9_68f98e8a-586b-4e2f-8d0b-4937c1c5a166.png?v=1717078905,kg,,,,,,
lets-go-shirt-for-kids-copy,,,,,,,,,1-2 YRS,,,Bottle Green,,,,,'10710540,200.0,shopify,50,continue,manual,799.00,0.00,true,true,,,,,'10710540,https://cdn.shopify.com/s/files/1/0618/2368/0740/files/18_c3038dce-cc67-4ff2-96d9-a89ae4777023.png?v=1717078905,3,Lets Go Shirt For Kids Copy - side view - kids wear Pakistan,,,,,,,,,,,,,,,,,,,,,,,,,,,,,,,,,,,,,,,,,,,,https://cdn.shopify.com/s/files/1/0618/2368/0740/files/20_b131e037-e715-4ed4-9c85-6e8050770121.png?v=1717078905,kg,,,,,,
lets-go-shirt-for-kids-copy,,,,,,,,,1-2 YRS,,,Orange,,,,,'10710541,200.0,shopify,50,continue,manual,799.00,0.00,true,true,,,,,'10710541,https://cdn.shopify.com/s/files/1/0618/2368/0740/files/19_7ab18759-9140-4d95-aee7-974ae52b35b2.png?v=1717078905,4,Lets Go Shirt For Kids Copy - detail shot - kids wear Pakistan,,,,,,,,,,,,,,,,,,,,,,,,,,,,,,,,,,,,,,,,,,,,https://cdn.shopify.com/s/files/1/0618/2368/0740/files/27_20a0b144-700d-4369-83b2-23a5f76bacc5.png?v=1717078905,kg,,,,,,
lets-go-shirt-for-kids-copy,,,,,,,,,1-2 YRS,,,Yellow,,,,,'10710542,200.0,shopify,50,continue,manual,799.00,0.00,true,true,,,,,'10710542,https://cdn.shopify.com/s/files/1/0618/2368/0740/files/20_b131e037-e715-4ed4-9c85-6e8050770121.png?v=1717078905,5,Lets Go Shirt For Kids Copy - front view - kids wear Pakistan,,,,,,,,,,,,,,,,,,,,,,,,,,,,,,,,,,,,,,,,,,,,https://cdn.shopify.com/s/files/1/0618/2368/0740/files/17_9be8d235-a34d-461e-8fee-2dc7fb6ecece.png?v=1717078905,kg,,,,,,
lets-go-shirt-for-kids-copy,,,,,,,,,1-2 YRS,,,Mahroon,,,,,'10710543,200.0,shopify,50,continue,manual,799.00,0.00,true,true,,,,,'10710543,https://cdn.shopify.com/s/files/1/0618/2368/0740/files/21_339b8fee-f96a-4164-8bd9-74ea10994394.png?v=1717078905,6,Lets Go Shirt For Kids Copy - back view - kids wear Pakistan,,,,,,,,,,,,,,,,,,,,,,,,,,,,,,,,,,,,,,,,,,,,https://cdn.shopify.com/s/files/1/0618/2368/0740/files/24_00127230-34fb-457a-bb66-3e0e6a25350a.png?v=1717078905,kg,,,,,,
lets-go-shirt-for-kids-copy,,,,,,,,,1-2 YRS,,,Grey,,,,,'10710544,200.0,shopify,50,continue,manual,799.00,0.00,true,true,,,,,'10710544,https://cdn.shopify.com/s/files/1/0618/2368/0740/files/22_cd5ea3d1-29a4-45a6-b551-6eb82f1a383b.png?v=1717078905,7,Lets Go Shirt For Kids Copy - side view - kids wear Pakistan,,,,,,,,,,,,,,,,,,,,,,,,,,,,,,,,,,,,,,,,,,,,https://cdn.shopify.com/s/files/1/0618/2368/0740/files/16_6714591c-7aec-488e-9c8c-c1e7515fb5c3.png?v=1717078905,kg,,,,,,
lets-go-shirt-for-kids-copy,,,,,,,,,1-2 YRS,,,Red,,,,,'10710545,200.0,shopify,50,continue,manual,799.00,0.00,true,true,,,,,'10710545,https://cdn.shopify.com/s/files/1/0618/2368/0740/files/24_00127230-34fb-457a-bb66-3e0e6a25350a.png?v=1717078905,8,Lets Go Shirt For Kids Copy - detail shot - kids wear Pakistan,,,,,,,,,,,,,,,,,,,,,,,,,,,,,,,,,,,,,,,,,,,,https://cdn.shopify.com/s/files/1/0618/2368/0740/files/25_e631a385-2aff-4f67-a0d3-b15f10bc58e3.png?v=1717078905,kg,,,,,,
lets-go-shirt-for-kids-copy,,,,,,,,,1-2 YRS,,,Pink,,,,,'10710546,200.0,shopify,50,continue,manual,799.00,0.00,true,true,,,,,'10710546,https://cdn.shopify.com/s/files/1/0618/2368/0740/files/25_e631a385-2aff-4f67-a0d3-b15f10bc58e3.png?v=1717078905,9,Lets Go Shirt For Kids Copy - front view - kids wear Pakistan,,,,,,,,,,,,,,,,,,,,,,,,,,,,,,,,,,,,,,,,,,,,https://cdn.shopify.com/s/files/1/0618/2368/0740/files/26_2f8de150-03d4-4b70-9948-af61669892ac.png?v=1717078905,kg,,,,,,
lets-go-shirt-for-kids-copy,,,,,,,,,1-2 YRS,,,Green,,,,,'10710547,200.0,shopify,50,continue,manual,799.00,0.00,true,true,,,,,'10710547,https://cdn.shopify.com/s/files/1/0618/2368/0740/files/26_2f8de150-03d4-4b70-9948-af61669892ac.png?v=1717078905,10,Lets Go Shirt For Kids Copy - back view - kids wear Pakistan,,,,,,,,,,,,,,,,,,,,,,,,,,,,,,,,,,,,,,,,,,,,https://cdn.shopify.com/s/files/1/0618/2368/0740/files/21_339b8fee-f96a-4164-8bd9-74ea10994394.png?v=1717078905,kg,,,,,,
lets-go-shirt-for-kids-copy,,,,,,,,,1-2 YRS,,,Beige,,,,,'10710548,200.0,shopify,50,continue,manual,799.00,0.00,true,true,,,,,'10710548,https://cdn.shopify.com/s/files/1/0618/2368/0740/files/27_20a0b144-700d-4369-83b2-23a5f76bacc5.png?v=1717078905,11,Lets Go Shirt For Kids Copy - side view - kids wear Pakistan,,,,,,,,,,,,,,,,,,,,,,,,,,,,,,,,,,,,,,,,,,,,https://cdn.shopify.com/s/files/1/0618/2368/0740/files/22_cd5ea3d1-29a4-45a6-b551-6eb82f1a383b.png?v=1717078905,kg,,,,,,
lets-go-shirt-for-kids-copy,,,,,,,,,1-2 YRS,,,Royal Blue,,,,,'10710549,200.0,shopify,50,continue,manual,799.00,0.00,true,true,,,,,'10710549,https://cdn.shopify.com/s/files/1/0618/2368/0740/files/28_25bf04db-e2e2-4c52-828a-87de6ae9add5.png?v=1717078905,12,Lets Go Shirt For Kids Copy - detail shot - kids wear Pakistan,,,,,,,,,,,,,,,,,,,,,,,,,,,,,,,,,,,,,,,,,,,,https://cdn.shopify.com/s/files/1/0618/2368/0740/files/28_25bf04db-e2e2-4c52-828a-87de6ae9add5.png?v=1717078905,kg,,,,,,
lets-go-shirt-for-kids-copy,,,,,,,,,1-2 YRS,,,Navy Blue,,,,,'10710550,200.0,shopify,50,continue,manual,799.00,0.00,true,true,,,,,'10710550,https://cdn.shopify.com/s/files/1/0618/2368/0740/files/29_516a9541-7c6b-4b71-afd5-14299677b257.png?v=1717078905,13,Lets Go Shirt For Kids Copy - front view - kids wear Pakistan,,,,,,,,,,,,,,,,,,,,,,,,,,,,,,,,,,,,,,,,,,,,https://cdn.shopify.com/s/files/1/0618/2368/0740/files/19_7ab18759-9140-4d95-aee7-974ae52b35b2.png?v=1717078905,kg,,,,,,
lets-go-shirt-for-kids-copy,,,,,,,,,1-2 YRS,,,Purple,,,,,'10710551,200.0,shopify,50,continue,manual,799.00,0.00,true,true,,,,,'10710551,https://cdn.shopify.com/s/files/1/0618/2368/0740/files/9_68f98e8a-586b-4e2f-8d0b-4937c1c5a166.png?v=1717078905,14,Lets Go Shirt For Kids Copy - back view - kids wear Pakistan,,,,,,,,,,,,,,,,,,,,,,,,,,,,,,,,,,,,,,,,,,,,https://cdn.shopify.com/s/files/1/0618/2368/0740/files/29_516a9541-7c6b-4b71-afd5-14299677b257.png?v=1717078905,kg,,,,,,
lets-go-shirt-for-kids-copy,,,,,,,,,3-4 YRS,,,Black,,,,,'10710552,200.0,shopify,49,continue,manual,799.00,0.00,true,true,,,,,'10710552,https://cdn.shopify.com/s/files/1/0618/2368/0740/files/17_9be8d235-a34d-461e-8fee-2dc7fb6ecece.png?v=1717078905,15,Lets Go Shirt For Kids Copy - side view - kids wear Pakistan,,,,,,,,,,,,,,,,,,,,,,,,,,,,,,,,,,,,,,,,,,,,https://cdn.shopify.com/s/files/1/0618/2368/0740/files/8_b036eac9-438e-4df1-9174-b2360b0e9dae.png?v=1717075451,kg,,,,,,
lets-go-shirt-for-kids-copy,,,,,,,,,3-4 YRS,,,White,,,,,'10710553,200.0,shopify,50,continue,manual,799.00,0.00,true,true,,,,,'10710553,https://cdn.shopify.com/s/files/1/0618/2368/0740/files/16_6714591c-7aec-488e-9c8c-c1e7515fb5c3.png?v=1717078905,16,Lets Go Shirt For Kids Copy - detail shot - kids wear Pakistan,,,,,,,,,,,,,,,,,,,,,,,,,,,,,,,,,,,,,,,,,,,,https://cdn.shopify.com/s/files/1/0618/2368/0740/files/9_68f98e8a-586b-4e2f-8d0b-4937c1c5a166.png?v=1717078905,kg,,,,,,
lets-go-shirt-for-kids-copy,,,,,,,,,3-4 YRS,,,Bottle Green,,,,,'10710554,200.0,shopify,50,continue,manual,799.00,0.00,true,true,,,,,'10710554,,,,,,,,,,,,,,,,,,,,,,,,,,,,,,,,,,,,,,,,,,,,,,,https://cdn.shopify.com/s/files/1/0618/2368/0740/files/20_b131e037-e715-4ed4-9c85-6e8050770121.png?v=1717078905,kg,,,,,,
lets-go-shirt-for-kids-copy,,,,,,,,,3-4 YRS,,,Orange,,,,,'10710555,200.0,shopify,50,continue,manual,799.00,0.00,true,true,,,,,'10710555,,,,,,,,,,,,,,,,,,,,,,,,,,,,,,,,,,,,,,,,,,,,,,,https://cdn.shopify.com/s/files/1/0618/2368/0740/files/27_20a0b144-700d-4369-83b2-23a5f76bacc5.png?v=1717078905,kg,,,,,,
lets-go-shirt-for-kids-copy,,,,,,,,,3-4 YRS,,,Yellow,,,,,'10710556,200.0,shopify,50,continue,manual,799.00,0.00,true,true,,,,,'10710556,,,,,,,,,,,,,,,,,,,,,,,,,,,,,,,,,,,,,,,,,,,,,,,https://cdn.shopify.com/s/files/1/0618/2368/0740/files/17_9be8d235-a34d-461e-8fee-2dc7fb6ecece.png?v=1717078905,kg,,,,,,
lets-go-shirt-for-kids-copy,,,,,,,,,3-4 YRS,,,Mahroon,,,,,'10710557,200.0,shopify,50,continue,manual,799.00,0.00,true,true,,,,,'10710557,,,,,,,,,,,,,,,,,,,,,,,,,,,,,,,,,,,,,,,,,,,,,,,https://cdn.shopify.com/s/files/1/0618/2368/0740/files/24_00127230-34fb-457a-bb66-3e0e6a25350a.png?v=1717078905,kg,,,,,,
lets-go-shirt-for-kids-copy,,,,,,,,,3-4 YRS,,,Grey,,,,,'10710558,200.0,shopify,50,continue,manual,799.00,0.00,true,true,,,,,'10710558,,,,,,,,,,,,,,,,,,,,,,,,,,,,,,,,,,,,,,,,,,,,,,,https://cdn.shopify.com/s/files/1/0618/2368/0740/files/16_6714591c-7aec-488e-9c8c-c1e7515fb5c3.png?v=1717078905,kg,,,,,,
lets-go-shirt-for-kids-copy,,,,,,,,,3-4 YRS,,,Red,,,,,'10710559,200.0,shopify,50,continue,manual,799.00,0.00,true,true,,,,,'10710559,,,,,,,,,,,,,,,,,,,,,,,,,,,,,,,,,,,,,,,,,,,,,,,https://cdn.shopify.com/s/files/1/0618/2368/0740/files/25_e631a385-2aff-4f67-a0d3-b15f10bc58e3.png?v=1717078905,kg,,,,,,
lets-go-shirt-for-kids-copy,,,,,,,,,3-4 YRS,,,Pink,,,,,'10710560,200.0,shopify,50,continue,manual,799.00,0.00,true,true,,,,,'10710560,,,,,,,,,,,,,,,,,,,,,,,,,,,,,,,,,,,,,,,,,,,,,,,https://cdn.shopify.com/s/files/1/0618/2368/0740/files/26_2f8de150-03d4-4b70-9948-af61669892ac.png?v=1717078905,kg,,,,,,
lets-go-shirt-for-kids-copy,,,,,,,,,3-4 YRS,,,Green,,,,,'10710561,200.0,shopify,50,continue,manual,799.00,0.00,true,true,,,,,'10710561,,,,,,,,,,,,,,,,,,,,,,,,,,,,,,,,,,,,,,,,,,,,,,,https://cdn.shopify.com/s/files/1/0618/2368/0740/files/21_339b8fee-f96a-4164-8bd9-74ea10994394.png?v=1717078905,kg,,,,,,
lets-go-shirt-for-kids-copy,,,,,,,,,3-4 YRS,,,Beige,,,,,'10710562,200.0,shopify,50,continue,manual,799.00,0.00,true,true,,,,,'10710562,,,,,,,,,,,,,,,,,,,,,,,,,,,,,,,,,,,,,,,,,,,,,,,https://cdn.shopify.com/s/files/1/0618/2368/0740/files/22_cd5ea3d1-29a4-45a6-b551-6eb82f1a383b.png?v=1717078905,kg,,,,,,
lets-go-shirt-for-kids-copy,,,,,,,,,3-4 YRS,,,Royal Blue,,,,,'10710563,200.0,shopify,50,continue,manual,799.00,0.00,true,true,,,,,'10710563,,,,,,,,,,,,,,,,,,,,,,,,,,,,,,,,,,,,,,,,,,,,,,,https://cdn.shopify.com/s/files/1/0618/2368/0740/files/28_25bf04db-e2e2-4c52-828a-87de6ae9add5.png?v=1717078905,kg,,,,,,
lets-go-shirt-for-kids-copy,,,,,,,,,3-4 YRS,,,Navy Blue,,,,,'10710564,200.0,shopify,50,continue,manual,799.00,0.00,true,true,,,,,'10710564,,,,,,,,,,,,,,,,,,,,,,,,,,,,,,,,,,,,,,,,,,,,,,,https://cdn.shopify.com/s/files/1/0618/2368/0740/files/19_7ab18759-9140-4d95-aee7-974ae52b35b2.png?v=1717078905,kg,,,,,,
lets-go-shirt-for-kids-copy,,,,,,,,,3-4 YRS,,,Purple,,,,,'10710565,200.0,shopify,50,continue,manual,799.00,0.00,true,true,,,,,'10710565,,,,,,,,,,,,,,,,,,,,,,,,,,,,,,,,,,,,,,,,,,,,,,,https://cdn.shopify.com/s/files/1/0618/2368/0740/files/29_516a9541-7c6b-4b71-afd5-14299677b257.png?v=1717078905,kg,,,,,,
lets-go-shirt-for-kids-copy,,,,,,,,,4-5 YRS,,,Black,,,,,'10710566,200.0,shopify,50,continue,manual,799.00,0.00,true,true,,,,,'10710566,,,,,,,,,,,,,,,,,,,,,,,,,,,,,,,,,,,,,,,,,,,,,,,https://cdn.shopify.com/s/files/1/0618/2368/0740/files/8_b036eac9-438e-4df1-9174-b2360b0e9dae.png?v=1717075451,kg,,,,,,
lets-go-shirt-for-kids-copy,,,,,,,,,4-5 YRS,,,White,,,,,'10710567,200.0,shopify,50,continue,manual,799.00,0.00,true,true,,,,,'10710567,,,,,,,,,,,,,,,,,,,,,,,,,,,,,,,,,,,,,,,,,,,,,,,https://cdn.shopify.com/s/files/1/0618/2368/0740/files/9_68f98e8a-586b-4e2f-8d0b-4937c1c5a166.png?v=1717078905,kg,,,,,,
lets-go-shirt-for-kids-copy,,,,,,,,,4-5 YRS,,,Bottle Green,,,,,'10710568,200.0,shopify,50,continue,manual,799.00,0.00,true,true,,,,,'10710568,,,,,,,,,,,,,,,,,,,,,,,,,,,,,,,,,,,,,,,,,,,,,,,https://cdn.shopify.com/s/files/1/0618/2368/0740/files/20_b131e037-e715-4ed4-9c85-6e8050770121.png?v=1717078905,kg,,,,,,
lets-go-shirt-for-kids-copy,,,,,,,,,4-5 YRS,,,Orange,,,,,'10710569,200.0,shopify,50,continue,manual,799.00,0.00,true,true,,,,,'10710569,,,,,,,,,,,,,,,,,,,,,,,,,,,,,,,,,,,,,,,,,,,,,,,https://cdn.shopify.com/s/files/1/0618/2368/0740/files/27_20a0b144-700d-4369-83b2-23a5f76bacc5.png?v=1717078905,kg,,,,,,
lets-go-shirt-for-kids-copy,,,,,,,,,4-5 YRS,,,Yellow,,,,,'10710570,200.0,shopify,50,continue,manual,799.00,0.00,true,true,,,,,'10710570,,,,,,,,,,,,,,,,,,,,,,,,,,,,,,,,,,,,,,,,,,,,,,,https://cdn.shopify.com/s/files/1/0618/2368/0740/files/17_9be8d235-a34d-461e-8fee-2dc7fb6ecece.png?v=1717078905,kg,,,,,,
lets-go-shirt-for-kids-copy,,,,,,,,,4-5 YRS,,,Mahroon,,,,,'10710571,200.0,shopify,50,continue,manual,799.00,0.00,true,true,,,,,'10710571,,,,,,,,,,,,,,,,,,,,,,,,,,,,,,,,,,,,,,,,,,,,,,,https://cdn.shopify.com/s/files/1/0618/2368/0740/files/24_00127230-34fb-457a-bb66-3e0e6a25350a.png?v=1717078905,kg,,,,,,
lets-go-shirt-for-kids-copy,,,,,,,,,4-5 YRS,,,Grey,,,,,'10710572,200.0,shopify,50,continue,manual,799.00,0.00,true,true,,,,,'10710572,,,,,,,,,,,,,,,,,,,,,,,,,,,,,,,,,,,,,,,,,,,,,,,https://cdn.shopify.com/s/files/1/0618/2368/0740/files/16_6714591c-7aec-488e-9c8c-c1e7515fb5c3.png?v=1717078905,kg,,,,,,
lets-go-shirt-for-kids-copy,,,,,,,,,4-5 YRS,,,Red,,,,,'10710573,200.0,shopify,50,continue,manual,799.00,0.00,true,true,,,,,'10710573,,,,,,,,,,,,,,,,,,,,,,,,,,,,,,,,,,,,,,,,,,,,,,,https://cdn.shopify.com/s/files/1/0618/2368/0740/files/25_e631a385-2aff-4f67-a0d3-b15f10bc58e3.png?v=1717078905,kg,,,,,,
lets-go-shirt-for-kids-copy,,,,,,,,,4-5 YRS,,,Pink,,,,,'10710574,200.0,shopify,50,continue,manual,799.00,0.00,true,true,,,,,'10710574,,,,,,,,,,,,,,,,,,,,,,,,,,,,,,,,,,,,,,,,,,,,,,,https://cdn.shopify.com/s/files/1/0618/2368/0740/files/26_2f8de150-03d4-4b70-9948-af61669892ac.png?v=1717078905,kg,,,,,,
lets-go-shirt-for-kids-copy,,,,,,,,,4-5 YRS,,,Green,,,,,'10710575,200.0,shopify,50,continue,manual,799.00,0.00,true,true,,,,,'10710575,,,,,,,,,,,,,,,,,,,,,,,,,,,,,,,,,,,,,,,,,,,,,,,https://cdn.shopify.com/s/files/1/0618/2368/0740/files/21_339b8fee-f96a-4164-8bd9-74ea10994394.png?v=1717078905,kg,,,,,,
lets-go-shirt-for-kids-copy,,,,,,,,,4-5 YRS,,,Beige,,,,,'10710576,200.0,shopify,50,continue,manual,799.00,0.00,true,true,,,,,'10710576,,,,,,,,,,,,,,,,,,,,,,,,,,,,,,,,,,,,,,,,,,,,,,,https://cdn.shopify.com/s/files/1/0618/2368/0740/files/22_cd5ea3d1-29a4-45a6-b551-6eb82f1a383b.png?v=1717078905,kg,,,,,,
lets-go-shirt-for-kids-copy,,,,,,,,,4-5 YRS,,,Royal Blue,,,,,'10710577,200.0,shopify,50,continue,manual,799.00,0.00,true,true,,,,,'10710577,,,,,,,,,,,,,,,,,,,,,,,,,,,,,,,,,,,,,,,,,,,,,,,https://cdn.shopify.com/s/files/1/0618/2368/0740/files/28_25bf04db-e2e2-4c52-828a-87de6ae9add5.png?v=1717078905,kg,,,,,,
lets-go-shirt-for-kids-copy,,,,,,,,,4-5 YRS,,,Navy Blue,,,,,'10710578,200.0,shopify,50,continue,manual,799.00,0.00,true,true,,,,,'10710578,,,,,,,,,,,,,,,,,,,,,,,,,,,,,,,,,,,,,,,,,,,,,,,https://cdn.shopify.com/s/files/1/0618/2368/0740/files/19_7ab18759-9140-4d95-aee7-974ae52b35b2.png?v=1717078905,kg,,,,,,
lets-go-shirt-for-kids-copy,,,,,,,,,4-5 YRS,,,Purple,,,,,'10710579,200.0,shopify,50,continue,manual,799.00,0.00,true,true,,,,,'10710579,,,,,,,,,,,,,,,,,,,,,,,,,,,,,,,,,,,,,,,,,,,,,,,https://cdn.shopify.com/s/files/1/0618/2368/0740/files/29_516a9541-7c6b-4b71-afd5-14299677b257.png?v=1717078905,kg,,,,,,
lets-go-shirt-for-kids-copy,,,,,,,,,5-6 YRS,,,Black,,,,,'10710580,200.0,shopify,49,continue,manual,799.00,0.00,true,true,,,,,'10710580,,,,,,,,,,,,,,,,,,,,,,,,,,,,,,,,,,,,,,,,,,,,,,,https://cdn.shopify.com/s/files/1/0618/2368/0740/files/8_b036eac9-438e-4df1-9174-b2360b0e9dae.png?v=1717075451,kg,,,,,,
lets-go-shirt-for-kids-copy,,,,,,,,,5-6 YRS,,,White,,,,,'10710581,200.0,shopify,50,continue,manual,799.00,0.00,true,true,,,,,'10710581,,,,,,,,,,,,,,,,,,,,,,,,,,,,,,,,,,,,,,,,,,,,,,,https://cdn.shopify.com/s/files/1/0618/2368/0740/files/9_68f98e8a-586b-4e2f-8d0b-4937c1c5a166.png?v=1717078905,kg,,,,,,
lets-go-shirt-for-kids-copy,,,,,,,,,5-6 YRS,,,Bottle Green,,,,,'10710582,200.0,shopify,50,continue,manual,799.00,0.00,true,true,,,,,'10710582,,,,,,,,,,,,,,,,,,,,,,,,,,,,,,,,,,,,,,,,,,,,,,,https://cdn.shopify.com/s/files/1/0618/2368/0740/files/20_b131e037-e715-4ed4-9c85-6e8050770121.png?v=1717078905,kg,,,,,,
lets-go-shirt-for-kids-copy,,,,,,,,,5-6 YRS,,,Orange,,,,,'10710583,200.0,shopify,50,continue,manual,799.00,0.00,true,true,,,,,'10710583,,,,,,,,,,,,,,,,,,,,,,,,,,,,,,,,,,,,,,,,,,,,,,,https://cdn.shopify.com/s/files/1/0618/2368/0740/files/27_20a0b144-700d-4369-83b2-23a5f76bacc5.png?v=1717078905,kg,,,,,,
lets-go-shirt-for-kids-copy,,,,,,,,,5-6 YRS,,,Yellow,,,,,'10710584,200.0,shopify,50,continue,manual,799.00,0.00,true,true,,,,,'10710584,,,,,,,,,,,,,,,,,,,,,,,,,,,,,,,,,,,,,,,,,,,,,,,https://cdn.shopify.com/s/files/1/0618/2368/0740/files/17_9be8d235-a34d-461e-8fee-2dc7fb6ecece.png?v=1717078905,kg,,,,,,
lets-go-shirt-for-kids-copy,,,,,,,,,5-6 YRS,,,Mahroon,,,,,'10710585,200.0,shopify,50,continue,manual,799.00,0.00,true,true,,,,,'10710585,,,,,,,,,,,,,,,,,,,,,,,,,,,,,,,,,,,,,,,,,,,,,,,https://cdn.shopify.com/s/files/1/0618/2368/0740/files/24_00127230-34fb-457a-bb66-3e0e6a25350a.png?v=1717078905,kg,,,,,,
lets-go-shirt-for-kids-copy,,,,,,,,,5-6 YRS,,,Grey,,,,,'10710586,200.0,shopify,50,continue,manual,799.00,0.00,true,true,,,,,'10710586,,,,,,,,,,,,,,,,,,,,,,,,,,,,,,,,,,,,,,,,,,,,,,,https://cdn.shopify.com/s/files/1/0618/2368/0740/files/16_6714591c-7aec-488e-9c8c-c1e7515fb5c3.png?v=1717078905,kg,,,,,,
lets-go-shirt-for-kids-copy,,,,,,,,,5-6 YRS,,,Red,,,,,'10710587,200.0,shopify,50,continue,manual,799.00,0.00,true,true,,,,,'10710587,,,,,,,,,,,,,,,,,,,,,,,,,,,,,,,,,,,,,,,,,,,,,,,https://cdn.shopify.com/s/files/1/0618/2368/0740/files/25_e631a385-2aff-4f67-a0d3-b15f10bc58e3.png?v=1717078905,kg,,,,,,
lets-go-shirt-for-kids-copy,,,,,,,,,5-6 YRS,,,Pink,,,,,'10710588,200.0,shopify,50,continue,manual,799.00,0.00,true,true,,,,,'10710588,,,,,,,,,,,,,,,,,,,,,,,,,,,,,,,,,,,,,,,,,,,,,,,https://cdn.shopify.com/s/files/1/0618/2368/0740/files/26_2f8de150-03d4-4b70-9948-af61669892ac.png?v=1717078905,kg,,,,,,
lets-go-shirt-for-kids-copy,,,,,,,,,5-6 YRS,,,Green,,,,,'10710589,200.0,shopify,50,continue,manual,799.00,0.00,true,true,,,,,'10710589,,,,,,,,,,,,,,,,,,,,,,,,,,,,,,,,,,,,,,,,,,,,,,,https://cdn.shopify.com/s/files/1/0618/2368/0740/files/21_339b8fee-f96a-4164-8bd9-74ea10994394.png?v=1717078905,kg,,,,,,
lets-go-shirt-for-kids-copy,,,,,,,,,5-6 YRS,,,Beige,,,,,'10710590,200.0,shopify,50,continue,manual,799.00,0.00,true,true,,,,,'10710590,,,,,,,,,,,,,,,,,,,,,,,,,,,,,,,,,,,,,,,,,,,,,,,https://cdn.shopify.com/s/files/1/0618/2368/0740/files/22_cd5ea3d1-29a4-45a6-b551-6eb82f1a383b.png?v=1717078905,kg,,,,,,
lets-go-shirt-for-kids-copy,,,,,,,,,5-6 YRS,,,Royal Blue,,,,,'10710591,200.0,shopify,50,continue,manual,799.00,0.00,true,true,,,,,'10710591,,,,,,,,,,,,,,,,,,,,,,,,,,,,,,,,,,,,,,,,,,,,,,,https://cdn.shopify.com/s/files/1/0618/2368/0740/files/28_25bf04db-e2e2-4c52-828a-87de6ae9add5.png?v=1717078905,kg,,,,,,
lets-go-shirt-for-kids-copy,,,,,,,,,5-6 YRS,,,Navy Blue,,,,,'10710592,200.0,shopify,50,continue,manual,799.00,0.00,true,true,,,,,'10710592,,,,,,,,,,,,,,,,,,,,,,,,,,,,,,,,,,,,,,,,,,,,,,,https://cdn.shopify.com/s/files/1/0618/2368/0740/files/19_7ab18759-9140-4d95-aee7-974ae52b35b2.png?v=1717078905,kg,,,,,,
lets-go-shirt-for-kids-copy,,,,,,,,,5-6 YRS,,,Purple,,,,,'10710593,200.0,shopify,50,continue,manual,799.00,0.00,true,true,,,,,'10710593,,,,,,,,,,,,,,,,,,,,,,,,,,,,,,,,,,,,,,,,,,,,,,,https://cdn.shopify.com/s/files/1/0618/2368/0740/files/29_516a9541-7c6b-4b71-afd5-14299677b257.png?v=1717078905,kg,,,,,,
lets-go-shirt-for-kids-copy,,,,,,,,,7-8 YRS,,,Black,,,,,'10710594,200.0,shopify,50,continue,manual,899.00,0.00,true,true,,,,,'10710594,,,,,,,,,,,,,,,,,,,,,,,,,,,,,,,,,,,,,,,,,,,,,,,https://cdn.shopify.com/s/files/1/0618/2368/0740/files/8_b036eac9-438e-4df1-9174-b2360b0e9dae.png?v=1717075451,kg,,,,,,
lets-go-shirt-for-kids-copy,,,,,,,,,7-8 YRS,,,White,,,,,'10710595,200.0,shopify,50,continue,manual,899.00,0.00,true,true,,,,,'10710595,,,,,,,,,,,,,,,,,,,,,,,,,,,,,,,,,,,,,,,,,,,,,,,https://cdn.shopify.com/s/files/1/0618/2368/0740/files/9_68f98e8a-586b-4e2f-8d0b-4937c1c5a166.png?v=1717078905,kg,,,,,,
lets-go-shirt-for-kids-copy,,,,,,,,,7-8 YRS,,,Bottle Green,,,,,'10710596,200.0,shopify,50,continue,manual,899.00,0.00,true,true,,,,,'10710596,,,,,,,,,,,,,,,,,,,,,,,,,,,,,,,,,,,,,,,,,,,,,,,https://cdn.shopify.com/s/files/1/0618/2368/0740/files/20_b131e037-e715-4ed4-9c85-6e8050770121.png?v=1717078905,kg,,,,,,
lets-go-shirt-for-kids-copy,,,,,,,,,7-8 YRS,,,Orange,,,,,'10710597,200.0,shopify,50,continue,manual,899.00,0.00,true,true,,,,,'10710597,,,,,,,,,,,,,,,,,,,,,,,,,,,,,,,,,,,,,,,,,,,,,,,https://cdn.shopify.com/s/files/1/0618/2368/0740/files/27_20a0b144-700d-4369-83b2-23a5f76bacc5.png?v=1717078905,kg,,,,,,
lets-go-shirt-for-kids-copy,,,,,,,,,7-8 YRS,,,Yellow,,,,,'10710598,200.0,shopify,50,continue,manual,899.00,0.00,true,true,,,,,'10710598,,,,,,,,,,,,,,,,,,,,,,,,,,,,,,,,,,,,,,,,,,,,,,,https://cdn.shopify.com/s/files/1/0618/2368/0740/files/17_9be8d235-a34d-461e-8fee-2dc7fb6ecece.png?v=1717078905,kg,,,,,,
lets-go-shirt-for-kids-copy,,,,,,,,,7-8 YRS,,,Mahroon,,,,,'10710599,200.0,shopify,50,continue,manual,899.00,0.00,true,true,,,,,'10710599,,,,,,,,,,,,,,,,,,,,,,,,,,,,,,,,,,,,,,,,,,,,,,,https://cdn.shopify.com/s/files/1/0618/2368/0740/files/24_00127230-34fb-457a-bb66-3e0e6a25350a.png?v=1717078905,kg,,,,,,
lets-go-shirt-for-kids-copy,,,,,,,,,7-8 YRS,,,Grey,,,,,'10710600,200.0,shopify,50,continue,manual,899.00,0.00,true,true,,,,,'10710600,,,,,,,,,,,,,,,,,,,,,,,,,,,,,,,,,,,,,,,,,,,,,,,https://cdn.shopify.com/s/files/1/0618/2368/0740/files/16_6714591c-7aec-488e-9c8c-c1e7515fb5c3.png?v=1717078905,kg,,,,,,
lets-go-shirt-for-kids-copy,,,,,,,,,7-8 YRS,,,Red,,,,,'10710601,200.0,shopify,50,continue,manual,899.00,0.00,true,true,,,,,'10710601,,,,,,,,,,,,,,,,,,,,,,,,,,,,,,,,,,,,,,,,,,,,,,,https://cdn.shopify.com/s/files/1/0618/2368/0740/files/25_e631a385-2aff-4f67-a0d3-b15f10bc58e3.png?v=1717078905,kg,,,,,,
lets-go-shirt-for-kids-copy,,,,,,,,,7-8 YRS,,,Pink,,,,,'10710602,200.0,shopify,50,continue,manual,899.00,0.00,true,true,,,,,'10710602,,,,,,,,,,,,,,,,,,,,,,,,,,,,,,,,,,,,,,,,,,,,,,,https://cdn.shopify.com/s/files/1/0618/2368/0740/files/26_2f8de150-03d4-4b70-9948-af61669892ac.png?v=1717078905,kg,,,,,,
lets-go-shirt-for-kids-copy,,,,,,,,,7-8 YRS,,,Green,,,,,'10710603,200.0,shopify,50,continue,manual,899.00,0.00,true,true,,,,,'10710603,,,,,,,,,,,,,,,,,,,,,,,,,,,,,,,,,,,,,,,,,,,,,,,https://cdn.shopify.com/s/files/1/0618/2368/0740/files/21_339b8fee-f96a-4164-8bd9-74ea10994394.png?v=1717078905,kg,,,,,,
lets-go-shirt-for-kids-copy,,,,,,,,,7-8 YRS,,,Beige,,,,,'10710604,200.0,shopify,50,continue,manual,899.00,0.00,true,true,,,,,'10710604,,,,,,,,,,,,,,,,,,,,,,,,,,,,,,,,,,,,,,,,,,,,,,,https://cdn.shopify.com/s/files/1/0618/2368/0740/files/22_cd5ea3d1-29a4-45a6-b551-6eb82f1a383b.png?v=1717078905,kg,,,,,,
lets-go-shirt-for-kids-copy,,,,,,,,,7-8 YRS,,,Royal Blue,,,,,'10710605,200.0,shopify,50,continue,manual,899.00,0.00,true,true,,,,,'10710605,,,,,,,,,,,,,,,,,,,,,,,,,,,,,,,,,,,,,,,,,,,,,,,https://cdn.shopify.com/s/files/1/0618/2368/0740/files/28_25bf04db-e2e2-4c52-828a-87de6ae9add5.png?v=1717078905,kg,,,,,,
lets-go-shirt-for-kids-copy,,,,,,,,,7-8 YRS,,,Navy Blue,,,,,'10710606,200.0,shopify,50,continue,manual,899.00,0.00,true,true,,,,,'10710606,,,,,,,,,,,,,,,,,,,,,,,,,,,,,,,,,,,,,,,,,,,,,,,https://cdn.shopify.com/s/files/1/0618/2368/0740/files/19_7ab18759-9140-4d95-aee7-974ae52b35b2.png?v=1717078905,kg,,,,,,
lets-go-shirt-for-kids-copy,,,,,,,,,7-8 YRS,,,Purple,,,,,'10710607,200.0,shopify,50,continue,manual,899.00,0.00,true,true,,,,,'10710607,,,,,,,,,,,,,,,,,,,,,,,,,,,,,,,,,,,,,,,,,,,,,,,https://cdn.shopify.com/s/files/1/0618/2368/0740/files/29_516a9541-7c6b-4b71-afd5-14299677b257.png?v=1717078905,kg,,,,,,
lets-go-shirt-for-kids-copy,,,,,,,,,9-10 YRS,,,Black,,,,,'10710608,200.0,shopify,50,continue,manual,899.00,0.00,true,true,,,,,'10710608,,,,,,,,,,,,,,,,,,,,,,,,,,,,,,,,,,,,,,,,,,,,,,,https://cdn.shopify.com/s/files/1/0618/2368/0740/files/8_b036eac9-438e-4df1-9174-b2360b0e9dae.png?v=1717075451,kg,,,,,,
lets-go-shirt-for-kids-copy,,,,,,,,,9-10 YRS,,,White,,,,,'10710609,200.0,shopify,50,continue,manual,899.00,0.00,true,true,,,,,'10710609,,,,,,,,,,,,,,,,,,,,,,,,,,,,,,,,,,,,,,,,,,,,,,,https://cdn.shopify.com/s/files/1/0618/2368/0740/files/9_68f98e8a-586b-4e2f-8d0b-4937c1c5a166.png?v=1717078905,kg,,,,,,
lets-go-shirt-for-kids-copy,,,,,,,,,9-10 YRS,,,Bottle Green,,,,,'10710610,200.0,shopify,50,continue,manual,899.00,0.00,true,true,,,,,'10710610,,,,,,,,,,,,,,,,,,,,,,,,,,,,,,,,,,,,,,,,,,,,,,,https://cdn.shopify.com/s/files/1/0618/2368/0740/files/20_b131e037-e715-4ed4-9c85-6e8050770121.png?v=1717078905,kg,,,,,,
lets-go-shirt-for-kids-copy,,,,,,,,,9-10 YRS,,,Orange,,,,,'10710611,200.0,shopify,50,continue,manual,899.00,0.00,true,true,,,,,'10710611,,,,,,,,,,,,,,,,,,,,,,,,,,,,,,,,,,,,,,,,,,,,,,,https://cdn.shopify.com/s/files/1/0618/2368/0740/files/27_20a0b144-700d-4369-83b2-23a5f76bacc5.png?v=1717078905,kg,,,,,,
lets-go-shirt-for-kids-copy,,,,,,,,,9-10 YRS,,,Yellow,,,,,'10710612,200.0,shopify,50,continue,manual,899.00,0.00,true,true,,,,,'10710612,,,,,,,,,,,,,,,,,,,,,,,,,,,,,,,,,,,,,,,,,,,,,,,https://cdn.shopify.com/s/files/1/0618/2368/0740/files/17_9be8d235-a34d-461e-8fee-2dc7fb6ecece.png?v=1717078905,kg,,,,,,
lets-go-shirt-for-kids-copy,,,,,,,,,9-10 YRS,,,Mahroon,,,,,'10710613,200.0,shopify,50,continue,manual,899.00,0.00,true,true,,,,,'10710613,,,,,,,,,,,,,,,,,,,,,,,,,,,,,,,,,,,,,,,,,,,,,,,https://cdn.shopify.com/s/files/1/0618/2368/0740/files/24_00127230-34fb-457a-bb66-3e0e6a25350a.png?v=1717078905,kg,,,,,,
lets-go-shirt-for-kids-copy,,,,,,,,,9-10 YRS,,,Grey,,,,,'10710614,200.0,shopify,50,continue,manual,899.00,0.00,true,true,,,,,'10710614,,,,,,,,,,,,,,,,,,,,,,,,,,,,,,,,,,,,,,,,,,,,,,,https://cdn.shopify.com/s/files/1/0618/2368/0740/files/16_6714591c-7aec-488e-9c8c-c1e7515fb5c3.png?v=1717078905,kg,,,,,,
lets-go-shirt-for-kids-copy,,,,,,,,,9-10 YRS,,,Red,,,,,'10710615,200.0,shopify,50,continue,manual,899.00,0.00,true,true,,,,,'10710615,,,,,,,,,,,,,,,,,,,,,,,,,,,,,,,,,,,,,,,,,,,,,,,https://cdn.shopify.com/s/files/1/0618/2368/0740/files/25_e631a385-2aff-4f67-a0d3-b15f10bc58e3.png?v=1717078905,kg,,,,,,
lets-go-shirt-for-kids-copy,,,,,,,,,9-10 YRS,,,Pink,,,,,'10710616,200.0,shopify,50,continue,manual,899.00,0.00,true,true,,,,,'10710616,,,,,,,,,,,,,,,,,,,,,,,,,,,,,,,,,,,,,,,,,,,,,,,https://cdn.shopify.com/s/files/1/0618/2368/0740/files/26_2f8de150-03d4-4b70-9948-af61669892ac.png?v=1717078905,kg,,,,,,
lets-go-shirt-for-kids-copy,,,,,,,,,9-10 YRS,,,Green,,,,,'10710617,200.0,shopify,50,continue,manual,899.00,0.00,true,true,,,,,'10710617,,,,,,,,,,,,,,,,,,,,,,,,,,,,,,,,,,,,,,,,,,,,,,,https://cdn.shopify.com/s/files/1/0618/2368/0740/files/21_339b8fee-f96a-4164-8bd9-74ea10994394.png?v=1717078905,kg,,,,,,
lets-go-shirt-for-kids-copy,,,,,,,,,9-10 YRS,,,Beige,,,,,'10710618,200.0,shopify,50,continue,manual,899.00,0.00,true,true,,,,,'10710618,,,,,,,,,,,,,,,,,,,,,,,,,,,,,,,,,,,,,,,,,,,,,,,https://cdn.shopify.com/s/files/1/0618/2368/0740/files/22_cd5ea3d1-29a4-45a6-b551-6eb82f1a383b.png?v=1717078905,kg,,,,,,
lets-go-shirt-for-kids-copy,,,,,,,,,9-10 YRS,,,Royal Blue,,,,,'10710619,200.0,shopify,49,continue,manual,899.00,0.00,true,true,,,,,'10710619,,,,,,,,,,,,,,,,,,,,,,,,,,,,,,,,,,,,,,,,,,,,,,,https://cdn.shopify.com/s/files/1/0618/2368/0740/files/28_25bf04db-e2e2-4c52-828a-87de6ae9add5.png?v=1717078905,kg,,,,,,
lets-go-shirt-for-kids-copy,,,,,,,,,9-10 YRS,,,Navy Blue,,,,,'10710620,200.0,shopify,50,continue,manual,899.00,0.00,true,true,,,,,'10710620,,,,,,,,,,,,,,,,,,,,,,,,,,,,,,,,,,,,,,,,,,,,,,,https://cdn.shopify.com/s/files/1/0618/2368/0740/files/19_7ab18759-9140-4d95-aee7-974ae52b35b2.png?v=1717078905,kg,,,,,,
lets-go-shirt-for-kids-copy,,,,,,,,,9-10 YRS,,,Purple,,,,,'10710621,200.0,shopify,50,continue,manual,899.00,0.00,true,true,,,,,'10710621,,,,,,,,,,,,,,,,,,,,,,,,,,,,,,,,,,,,,,,,,,,,,,,https://cdn.shopify.com/s/files/1/0618/2368/0740/files/29_516a9541-7c6b-4b71-afd5-14299677b257.png?v=1717078905,kg,,,,,,
lets-go-shirt-for-kids-copy,,,,,,,,,13-14 YRS,,,Black,,,,,'10710622,200.0,shopify,100,continue,manual,999.00,0.00,true,true,,,,,'10710622,,,,,,,,,,,,,,,,,,,,,,,,,,,,,,,,,,,,,,,,,,,,,,,https://cdn.shopify.com/s/files/1/0618/2368/0740/files/8_b036eac9-438e-4df1-9174-b2360b0e9dae.png?v=1717075451,kg,,,,,,
lets-go-shirt-for-kids-copy,,,,,,,,,13-14 YRS,,,White,,,,,'10710623,200.0,shopify,100,continue,manual,999.00,0.00,true,true,,,,,'10710623,,,,,,,,,,,,,,,,,,,,,,,,,,,,,,,,,,,,,,,,,,,,,,,https://cdn.shopify.com/s/files/1/0618/2368/0740/files/9_68f98e8a-586b-4e2f-8d0b-4937c1c5a166.png?v=1717078905,kg,,,,,,
lets-go-shirt-for-kids-copy,,,,,,,,,13-14 YRS,,,Bottle Green,,,,,'10710624,200.0,shopify,100,continue,manual,999.00,0.00,true,true,,,,,'10710624,,,,,,,,,,,,,,,,,,,,,,,,,,,,,,,,,,,,,,,,,,,,,,,https://cdn.shopify.com/s/files/1/0618/2368/0740/files/20_b131e037-e715-4ed4-9c85-6e8050770121.png?v=1717078905,kg,,,,,,
lets-go-shirt-for-kids-copy,,,,,,,,,13-14 YRS,,,Orange,,,,,'10710625,200.0,shopify,100,continue,manual,999.00,0.00,true,true,,,,,'10710625,,,,,,,,,,,,,,,,,,,,,,,,,,,,,,,,,,,,,,,,,,,,,,,https://cdn.shopify.com/s/files/1/0618/2368/0740/files/27_20a0b144-700d-4369-83b2-23a5f76bacc5.png?v=1717078905,kg,,,,,,
lets-go-shirt-for-kids-copy,,,,,,,,,13-14 YRS,,,Yellow,,,,,'10710626,200.0,shopify,100,continue,manual,999.00,0.00,true,true,,,,,'10710626,,,,,,,,,,,,,,,,,,,,,,,,,,,,,,,,,,,,,,,,,,,,,,,https://cdn.shopify.com/s/files/1/0618/2368/0740/files/17_9be8d235-a34d-461e-8fee-2dc7fb6ecece.png?v=1717078905,kg,,,,,,
lets-go-shirt-for-kids-copy,,,,,,,,,13-14 YRS,,,Mahroon,,,,,'10710627,200.0,shopify,100,continue,manual,999.00,0.00,true,true,,,,,'10710627,,,,,,,,,,,,,,,,,,,,,,,,,,,,,,,,,,,,,,,,,,,,,,,https://cdn.shopify.com/s/files/1/0618/2368/0740/files/24_00127230-34fb-457a-bb66-3e0e6a25350a.png?v=1717078905,kg,,,,,,
lets-go-shirt-for-kids-copy,,,,,,,,,13-14 YRS,,,Grey,,,,,'10710628,200.0,shopify,100,continue,manual,999.00,0.00,true,true,,,,,'10710628,,,,,,,,,,,,,,,,,,,,,,,,,,,,,,,,,,,,,,,,,,,,,,,https://cdn.shopify.com/s/files/1/0618/2368/0740/files/16_6714591c-7aec-488e-9c8c-c1e7515fb5c3.png?v=1717078905,kg,,,,,,
lets-go-shirt-for-kids-copy,,,,,,,,,13-14 YRS,,,Red,,,,,'10710629,200.0,shopify,100,continue,manual,999.00,0.00,true,true,,,,,'10710629,,,,,,,,,,,,,,,,,,,,,,,,,,,,,,,,,,,,,,,,,,,,,,,https://cdn.shopify.com/s/files/1/0618/2368/0740/files/25_e631a385-2aff-4f67-a0d3-b15f10bc58e3.png?v=1717078905,kg,,,,,,
lets-go-shirt-for-kids-copy,,,,,,,,,13-14 YRS,,,Pink,,,,,'10710630,200.0,shopify,100,continue,manual,999.00,0.00,true,true,,,,,'10710630,,,,,,,,,,,,,,,,,,,,,,,,,,,,,,,,,,,,,,,,,,,,,,,https://cdn.shopify.com/s/files/1/0618/2368/0740/files/26_2f8de150-03d4-4b70-9948-af61669892ac.png?v=1717078905,kg,,,,,,
lets-go-shirt-for-kids-copy,,,,,,,,,13-14 YRS,,,Green,,,,,'10710631,200.0,shopify,100,continue,manual,999.00,0.00,true,true,,,,,'10710631,,,,,,,,,,,,,,,,,,,,,,,,,,,,,,,,,,,,,,,,,,,,,,,https://cdn.shopify.com/s/files/1/0618/2368/0740/files/21_339b8fee-f96a-4164-8bd9-74ea10994394.png?v=1717078905,kg,,,,,,
lets-go-shirt-for-kids-copy,,,,,,,,,13-14 YRS,,,Beige,,,,,'10710632,200.0,shopify,100,continue,manual,999.00,0.00,true,true,,,,,'10710632,,,,,,,,,,,,,,,,,,,,,,,,,,,,,,,,,,,,,,,,,,,,,,,https://cdn.shopify.com/s/files/1/0618/2368/0740/files/22_cd5ea3d1-29a4-45a6-b551-6eb82f1a383b.png?v=1717078905,kg,,,,,,
lets-go-shirt-for-kids-copy,,,,,,,,,13-14 YRS,,,Royal Blue,,,,,'10710633,200.0,shopify,100,continue,manual,999.00,0.00,true,true,,,,,'10710633,,,,,,,,,,,,,,,,,,,,,,,,,,,,,,,,,,,,,,,,,,,,,,,https://cdn.shopify.com/s/files/1/0618/2368/0740/files/28_25bf04db-e2e2-4c52-828a-87de6ae9add5.png?v=1717078905,kg,,,,,,
lets-go-shirt-for-kids-copy,,,,,,,,,13-14 YRS,,,Navy Blue,,,,,'10710634,200.0,shopify,100,continue,manual,999.00,0.00,true,true,,,,,'10710634,,,,,,,,,,,,,,,,,,,,,,,,,,,,,,,,,,,,,,,,,,,,,,,https://cdn.shopify.com/s/files/1/0618/2368/0740/files/19_7ab18759-9140-4d95-aee7-974ae52b35b2.png?v=1717078905,kg,,,,,,
lets-go-shirt-for-kids-copy,,,,,,,,,13-14 YRS,,,Purple,,,,,'10706830,200.0,shopify,100,continue,manual,999.00,0.00,true,true,,,,,'10706830,,,,,,,,,,,,,,,,,,,,,,,,,,,,,,,,,,,,,,,,,,,,,,,https://cdn.shopify.com/s/files/1/0618/2368/0740/files/29_516a9541-7c6b-4b71-afd5-14299677b257.png?v=1717078905,kg,,,,,,
rock-the-soul-shirt-for-kids-copy,SUMMER SURF SHIRT FOR KIDS,"<div>Fabric: High-Quality Cotton Jersey</div>
<div>Half Sleeve T-Shirt</div>
<div>Round Neck</div>
<div>High Quality DTF Printed</div>
<div>Soft and Comfortable Wear (Unisex)</div>
<div>Easy Wash &amp; Press</div>
<div>Sizes 1-14 years </div>
<div><span>Disclaimer: Colors may vary slightly due to studio lights. </span></div>",BBG FASHION CLOTHING STORE,Apparel & Accessories > Clothing > Clothing Tops > T-Shirts,kids T-Shirts,kids T-Shirts,false,Size,1-2 YRS,,Color,Pink,,,,,'10710441,200.0,shopify,50,continue,manual,799.00,0.00,true,true,,,,,'10710441,https://cdn.shopify.com/s/files/1/0618/2368/0740/files/27_db526500-28c8-4bf3-b01a-71716b8d16c3.png?v=1717075418,1,Rock The Soul Shirt For Kids Copy - front view - kids wear Pakistan,false,,,212,,,,,,,,,,,,,,,,,,,,,,,,,,,,,,,,,,,,,,,,https://cdn.shopify.com/s/files/1/0618/2368/0740/files/27_db526500-28c8-4bf3-b01a-71716b8d16c3.png?v=1717075418,kg,,,true,,,draft
rock-the-soul-shirt-for-kids-copy,,,,,,,,,1-2 YRS,,,Black,,,,,'10710442,200.0,shopify,50,continue,manual,799.00,0.00,true,true,,,,,'10710442,https://cdn.shopify.com/s/files/1/0618/2368/0740/files/bbg_d1d933d2-5f31-45d8-8176-020754e9f684.png?v=1717078507,2,Summer Surf Shirt For Kids Copy - back view - kids wear Pakistan,,,,,,,,,,,,,,,,,,,,,,,,,,,,,,,,,,,,,,,,,,,,https://cdn.shopify.com/s/files/1/0618/2368/0740/files/10_3d50f36c-37d8-43a5-aab5-22d959440346.png?v=1717079052,kg,,,,,,
rock-the-soul-shirt-for-kids-copy,,,,,,,,,1-2 YRS,,,White,,,,,'10710443,200.0,shopify,50,continue,manual,799.00,0.00,true,true,,,,,'10710443,https://cdn.shopify.com/s/files/1/0618/2368/0740/files/19_a1223e99-b947-4458-b41e-ec7432d0f4b3.png?v=1717079052,3,Rock The Soul Shirt For Kids Copy - side view - kids wear Pakistan,,,,,,,,,,,,,,,,,,,,,,,,,,,,,,,,,,,,,,,,,,,,https://cdn.shopify.com/s/files/1/0618/2368/0740/files/24_e8ae837f-14e3-4461-b8c4-476e0920cea7.png?v=1717079052,kg,,,,,,
rock-the-soul-shirt-for-kids-copy,,,,,,,,,1-2 YRS,,,Bottle Green,,,,,'10710444,200.0,shopify,50,continue,manual,799.00,0.00,true,true,,,,,'10710444,https://cdn.shopify.com/s/files/1/0618/2368/0740/files/20_26dcd39b-1f35-44f0-a781-8eae712b6958.png?v=1717079052,4,Rock The Soul Shirt For Kids Copy - detail shot - kids wear Pakistan,,,,,,,,,,,,,,,,,,,,,,,,,,,,,,,,,,,,,,,,,,,,https://cdn.shopify.com/s/files/1/0618/2368/0740/files/21_fef2cf2c-0b00-4c23-9d35-175d257f2524.png?v=1717079052,kg,,,,,,
rock-the-soul-shirt-for-kids-copy,,,,,,,,,1-2 YRS,,,Orange,,,,,'10710445,200.0,shopify,50,continue,manual,799.00,0.00,true,true,,,,,'10710445,https://cdn.shopify.com/s/files/1/0618/2368/0740/files/21_fef2cf2c-0b00-4c23-9d35-175d257f2524.png?v=1717079052,5,Rock The Soul Shirt For Kids Copy - front view - kids wear Pakistan,,,,,,,,,,,,,,,,,,,,,,,,,,,,,,,,,,,,,,,,,,,,https://cdn.shopify.com/s/files/1/0618/2368/0740/files/28_3a603071-c60d-4d82-a032-49801c7fb932.png?v=1717079052,kg,,,,,,
rock-the-soul-shirt-for-kids-copy,,,,,,,,,1-2 YRS,,,Yellow,,,,,'10710446,200.0,shopify,50,continue,manual,799.00,0.00,true,true,,,,,'10710446,https://cdn.shopify.com/s/files/1/0618/2368/0740/files/22_0016a29a-2d47-4d42-8dfd-eda8c5d67e0e.png?v=1717079052,6,Rock The Soul Shirt For Kids Copy - back view - kids wear Pakistan,,,,,,,,,,,,,,,,,,,,,,,,,,,,,,,,,,,,,,,,,,,,https://cdn.shopify.com/s/files/1/0618/2368/0740/files/18_e7ef0ace-3852-41f4-9c87-a858214a47e5.png?v=1717079052,kg,,,,,,
rock-the-soul-shirt-for-kids-copy,,,,,,,,,1-2 YRS,,,Mahroon,,,,,'10710447,200.0,shopify,50,continue,manual,799.00,0.00,true,true,,,,,'10710447,https://cdn.shopify.com/s/files/1/0618/2368/0740/files/23_25e8d5a7-4c8b-4f35-ac22-51273783a3b3.png?v=1717079052,7,Rock The Soul Shirt For Kids Copy - side view - kids wear Pakistan,,,,,,,,,,,,,,,,,,,,,,,,,,,,,,,,,,,,,,,,,,,,https://cdn.shopify.com/s/files/1/0618/2368/0740/files/25_49006c60-c118-4b77-9752-031f710155e1.png?v=1717079052,kg,,,,,,
rock-the-soul-shirt-for-kids-copy,,,,,,,,,1-2 YRS,,,Grey,,,,,'10710448,200.0,shopify,50,continue,manual,799.00,0.00,true,true,,,,,'10710448,https://cdn.shopify.com/s/files/1/0618/2368/0740/files/24_e8ae837f-14e3-4461-b8c4-476e0920cea7.png?v=1717079052,8,Rock The Soul Shirt For Kids Copy - detail shot - kids wear Pakistan,,,,,,,,,,,,,,,,,,,,,,,,,,,,,,,,,,,,,,,,,,,,https://cdn.shopify.com/s/files/1/0618/2368/0740/files/17_63b376dd-0ec5-4397-ade5-6528f2ce4295.png?v=1717079052,kg,,,,,,
rock-the-soul-shirt-for-kids-copy,,,,,,,,,1-2 YRS,,,Red,,,,,'10710449,200.0,shopify,50,continue,manual,799.00,0.00,true,true,,,,,'10710449,https://cdn.shopify.com/s/files/1/0618/2368/0740/files/25_49006c60-c118-4b77-9752-031f710155e1.png?v=1717079052,9,Rock The Soul Shirt For Kids Copy - front view - kids wear Pakistan,,,,,,,,,,,,,,,,,,,,,,,,,,,,,,,,,,,,,,,,,,,,https://cdn.shopify.com/s/files/1/0618/2368/0740/files/26_7bceaf46-7b10-43b5-a24f-8c4577e9aa49.png?v=1717079052,kg,,,,,,
rock-the-soul-shirt-for-kids-copy,,,,,,,,,1-2 YRS,,,Light Blue,,,,,'10710450,200.0,shopify,50,continue,manual,799.00,0.00,true,true,,,,,'10710450,https://cdn.shopify.com/s/files/1/0618/2368/0740/files/26_7bceaf46-7b10-43b5-a24f-8c4577e9aa49.png?v=1717079052,10,Rock The Soul Shirt For Kids Copy - back view - kids wear Pakistan,,,,,,,,,,,,,,,,,,,,,,,,,,,,,,,,,,,,,,,,,,,,https://cdn.shopify.com/s/files/1/0618/2368/0740/files/19_a1223e99-b947-4458-b41e-ec7432d0f4b3.png?v=1717079052,kg,,,,,,
rock-the-soul-shirt-for-kids-copy,,,,,,,,,1-2 YRS,,,Beige,,,,,'10710451,200.0,shopify,50,continue,manual,799.00,0.00,true,true,,,,,'10710451,https://cdn.shopify.com/s/files/1/0618/2368/0740/files/28_3a603071-c60d-4d82-a032-49801c7fb932.png?v=1717079052,11,Rock The Soul Shirt For Kids Copy - side view - kids wear Pakistan,,,,,,,,,,,,,,,,,,,,,,,,,,,,,,,,,,,,,,,,,,,,https://cdn.shopify.com/s/files/1/0618/2368/0740/files/23_25e8d5a7-4c8b-4f35-ac22-51273783a3b3.png?v=1717079052,kg,,,,,,
rock-the-soul-shirt-for-kids-copy,,,,,,,,,1-2 YRS,,,Royal Blue,,,,,'10710452,200.0,shopify,50,continue,manual,799.00,0.00,true,true,,,,,'10710452,https://cdn.shopify.com/s/files/1/0618/2368/0740/files/30_81add969-93f3-4bf4-883e-d159c0660a8a.png?v=1717079052,12,Rock The Soul Shirt For Kids Copy - detail shot - kids wear Pakistan,,,,,,,,,,,,,,,,,,,,,,,,,,,,,,,,,,,,,,,,,,,,https://cdn.shopify.com/s/files/1/0618/2368/0740/files/14_06b74598-1412-454f-9947-6d21802d3b61.png?v=1717079052,kg,,,,,,
rock-the-soul-shirt-for-kids-copy,,,,,,,,,1-2 YRS,,,Navy Blue,,,,,'10710453,200.0,shopify,50,continue,manual,799.00,0.00,true,true,,,,,'10710453,https://cdn.shopify.com/s/files/1/0618/2368/0740/files/10_3d50f36c-37d8-43a5-aab5-22d959440346.png?v=1717079052,13,Rock The Soul Shirt For Kids Copy - front view - kids wear Pakistan,,,,,,,,,,,,,,,,,,,,,,,,,,,,,,,,,,,,,,,,,,,,https://cdn.shopify.com/s/files/1/0618/2368/0740/files/20_26dcd39b-1f35-44f0-a781-8eae712b6958.png?v=1717079052,kg,,,,,,
rock-the-soul-shirt-for-kids-copy,,,,,,,,,1-2 YRS,,,Purple,,,,,'10710454,200.0,shopify,50,continue,manual,799.00,0.00,true,true,,,,,'10710454,https://cdn.shopify.com/s/files/1/0618/2368/0740/files/18_e7ef0ace-3852-41f4-9c87-a858214a47e5.png?v=1717079052,14,Rock The Soul Shirt For Kids Copy - back view - kids wear Pakistan,,,,,,,,,,,,,,,,,,,,,,,,,,,,,,,,,,,,,,,,,,,,https://cdn.shopify.com/s/files/1/0618/2368/0740/files/30_81add969-93f3-4bf4-883e-d159c0660a8a.png?v=1717079052,kg,,,,,,
rock-the-soul-shirt-for-kids-copy,,,,,,,,,3-4 YRS,,,Pink,,,,,'10710455,200.0,shopify,50,continue,manual,799.00,0.00,true,true,,,,,'10710455,https://cdn.shopify.com/s/files/1/0618/2368/0740/files/17_63b376dd-0ec5-4397-ade5-6528f2ce4295.png?v=1717079052,15,Rock The Soul Shirt For Kids Copy - side view - kids wear Pakistan,,,,,,,,,,,,,,,,,,,,,,,,,,,,,,,,,,,,,,,,,,,,https://cdn.shopify.com/s/files/1/0618/2368/0740/files/27_db526500-28c8-4bf3-b01a-71716b8d16c3.png?v=1717075418,kg,,,,,,
rock-the-soul-shirt-for-kids-copy,,,,,,,,,3-4 YRS,,,Black,,,,,'10710456,200.0,shopify,50,continue,manual,799.00,0.00,true,true,,,,,'10710456,https://cdn.shopify.com/s/files/1/0618/2368/0740/files/14_06b74598-1412-454f-9947-6d21802d3b61.png?v=1717079052,16,Rock The Soul Shirt For Kids Copy - detail shot - kids wear Pakistan,,,,,,,,,,,,,,,,,,,,,,,,,,,,,,,,,,,,,,,,,,,,https://cdn.shopify.com/s/files/1/0618/2368/0740/files/10_3d50f36c-37d8-43a5-aab5-22d959440346.png?v=1717079052,kg,,,,,,
rock-the-soul-shirt-for-kids-copy,,,,,,,,,3-4 YRS,,,White,,,,,'10710457,200.0,shopify,50,continue,manual,799.00,0.00,true,true,,,,,'10710457,,,,,,,,,,,,,,,,,,,,,,,,,,,,,,,,,,,,,,,,,,,,,,,https://cdn.shopify.com/s/files/1/0618/2368/0740/files/24_e8ae837f-14e3-4461-b8c4-476e0920cea7.png?v=1717079052,kg,,,,,,
rock-the-soul-shirt-for-kids-copy,,,,,,,,,3-4 YRS,,,Bottle Green,,,,,'10710458,200.0,shopify,50,continue,manual,799.00,0.00,true,true,,,,,'10710458,,,,,,,,,,,,,,,,,,,,,,,,,,,,,,,,,,,,,,,,,,,,,,,https://cdn.shopify.com/s/files/1/0618/2368/0740/files/21_fef2cf2c-0b00-4c23-9d35-175d257f2524.png?v=1717079052,kg,,,,,,
rock-the-soul-shirt-for-kids-copy,,,,,,,,,3-4 YRS,,,Orange,,,,,'10710459,200.0,shopify,50,continue,manual,799.00,0.00,true,true,,,,,'10710459,,,,,,,,,,,,,,,,,,,,,,,,,,,,,,,,,,,,,,,,,,,,,,,https://cdn.shopify.com/s/files/1/0618/2368/0740/files/28_3a603071-c60d-4d82-a032-49801c7fb932.png?v=1717079052,kg,,,,,,
rock-the-soul-shirt-for-kids-copy,,,,,,,,,3-4 YRS,,,Yellow,,,,,'10710460,200.0,shopify,50,continue,manual,799.00,0.00,true,true,,,,,'10710460,,,,,,,,,,,,,,,,,,,,,,,,,,,,,,,,,,,,,,,,,,,,,,,https://cdn.shopify.com/s/files/1/0618/2368/0740/files/18_e7ef0ace-3852-41f4-9c87-a858214a47e5.png?v=1717079052,kg,,,,,,
rock-the-soul-shirt-for-kids-copy,,,,,,,,,3-4 YRS,,,Mahroon,,,,,'10710461,200.0,shopify,50,continue,manual,799.00,0.00,true,true,,,,,'10710461,,,,,,,,,,,,,,,,,,,,,,,,,,,,,,,,,,,,,,,,,,,,,,,https://cdn.shopify.com/s/files/1/0618/2368/0740/files/25_49006c60-c118-4b77-9752-031f710155e1.png?v=1717079052,kg,,,,,,
rock-the-soul-shirt-for-kids-copy,,,,,,,,,3-4 YRS,,,Grey,,,,,'10710462,200.0,shopify,50,continue,manual,799.00,0.00,true,true,,,,,'10710462,,,,,,,,,,,,,,,,,,,,,,,,,,,,,,,,,,,,,,,,,,,,,,,https://cdn.shopify.com/s/files/1/0618/2368/0740/files/17_63b376dd-0ec5-4397-ade5-6528f2ce4295.png?v=1717079052,kg,,,,,,
rock-the-soul-shirt-for-kids-copy,,,,,,,,,3-4 YRS,,,Red,,,,,'10710463,200.0,shopify,50,continue,manual,799.00,0.00,true,true,,,,,'10710463,,,,,,,,,,,,,,,,,,,,,,,,,,,,,,,,,,,,,,,,,,,,,,,https://cdn.shopify.com/s/files/1/0618/2368/0740/files/26_7bceaf46-7b10-43b5-a24f-8c4577e9aa49.png?v=1717079052,kg,,,,,,
rock-the-soul-shirt-for-kids-copy,,,,,,,,,3-4 YRS,,,Light Blue,,,,,'10710464,200.0,shopify,50,continue,manual,799.00,0.00,true,true,,,,,'10710464,,,,,,,,,,,,,,,,,,,,,,,,,,,,,,,,,,,,,,,,,,,,,,,https://cdn.shopify.com/s/files/1/0618/2368/0740/files/19_a1223e99-b947-4458-b41e-ec7432d0f4b3.png?v=1717079052,kg,,,,,,
rock-the-soul-shirt-for-kids-copy,,,,,,,,,3-4 YRS,,,Beige,,,,,'10710465,200.0,shopify,50,continue,manual,799.00,0.00,true,true,,,,,'10710465,,,,,,,,,,,,,,,,,,,,,,,,,,,,,,,,,,,,,,,,,,,,,,,https://cdn.shopify.com/s/files/1/0618/2368/0740/files/23_25e8d5a7-4c8b-4f35-ac22-51273783a3b3.png?v=1717079052,kg,,,,,,
rock-the-soul-shirt-for-kids-copy,,,,,,,,,3-4 YRS,,,Royal Blue,,,,,'10710466,200.0,shopify,50,continue,manual,799.00,0.00,true,true,,,,,'10710466,,,,,,,,,,,,,,,,,,,,,,,,,,,,,,,,,,,,,,,,,,,,,,,https://cdn.shopify.com/s/files/1/0618/2368/0740/files/14_06b74598-1412-454f-9947-6d21802d3b61.png?v=1717079052,kg,,,,,,
rock-the-soul-shirt-for-kids-copy,,,,,,,,,3-4 YRS,,,Navy Blue,,,,,'10710467,200.0,shopify,50,continue,manual,799.00,0.00,true,true,,,,,'10710467,,,,,,,,,,,,,,,,,,,,,,,,,,,,,,,,,,,,,,,,,,,,,,,https://cdn.shopify.com/s/files/1/0618/2368/0740/files/20_26dcd39b-1f35-44f0-a781-8eae712b6958.png?v=1717079052,kg,,,,,,
rock-the-soul-shirt-for-kids-copy,,,,,,,,,3-4 YRS,,,Purple,,,,,'10710468,200.0,shopify,50,continue,manual,799.00,0.00,true,true,,,,,'10710468,,,,,,,,,,,,,,,,,,,,,,,,,,,,,,,,,,,,,,,,,,,,,,,https://cdn.shopify.com/s/files/1/0618/2368/0740/files/30_81add969-93f3-4bf4-883e-d159c0660a8a.png?v=1717079052,kg,,,,,,
rock-the-soul-shirt-for-kids-copy,,,,,,,,,5-6 YRS,,,Pink,,,,,'10710469,200.0,shopify,50,continue,manual,799.00,0.00,true,true,,,,,'10710469,,,,,,,,,,,,,,,,,,,,,,,,,,,,,,,,,,,,,,,,,,,,,,,https://cdn.shopify.com/s/files/1/0618/2368/0740/files/27_db526500-28c8-4bf3-b01a-71716b8d16c3.png?v=1717075418,kg,,,,,,
rock-the-soul-shirt-for-kids-copy,,,,,,,,,5-6 YRS,,,Black,,,,,'10710470,200.0,shopify,50,continue,manual,799.00,0.00,true,true,,,,,'10710470,,,,,,,,,,,,,,,,,,,,,,,,,,,,,,,,,,,,,,,,,,,,,,,https://cdn.shopify.com/s/files/1/0618/2368/0740/files/10_3d50f36c-37d8-43a5-aab5-22d959440346.png?v=1717079052,kg,,,,,,
rock-the-soul-shirt-for-kids-copy,,,,,,,,,5-6 YRS,,,White,,,,,'10710471,200.0,shopify,50,continue,manual,799.00,0.00,true,true,,,,,'10710471,,,,,,,,,,,,,,,,,,,,,,,,,,,,,,,,,,,,,,,,,,,,,,,https://cdn.shopify.com/s/files/1/0618/2368/0740/files/24_e8ae837f-14e3-4461-b8c4-476e0920cea7.png?v=1717079052,kg,,,,,,
rock-the-soul-shirt-for-kids-copy,,,,,,,,,5-6 YRS,,,Bottle Green,,,,,'10710472,200.0,shopify,50,continue,manual,799.00,0.00,true,true,,,,,'10710472,,,,,,,,,,,,,,,,,,,,,,,,,,,,,,,,,,,,,,,,,,,,,,,https://cdn.shopify.com/s/files/1/0618/2368/0740/files/21_fef2cf2c-0b00-4c23-9d35-175d257f2524.png?v=1717079052,kg,,,,,,
rock-the-soul-shirt-for-kids-copy,,,,,,,,,5-6 YRS,,,Orange,,,,,'10710473,200.0,shopify,50,continue,manual,799.00,0.00,true,true,,,,,'10710473,,,,,,,,,,,,,,,,,,,,,,,,,,,,,,,,,,,,,,,,,,,,,,,https://cdn.shopify.com/s/files/1/0618/2368/0740/files/28_3a603071-c60d-4d82-a032-49801c7fb932.png?v=1717079052,kg,,,,,,
rock-the-soul-shirt-for-kids-copy,,,,,,,,,5-6 YRS,,,Yellow,,,,,'10710474,200.0,shopify,50,continue,manual,799.00,0.00,true,true,,,,,'10710474,,,,,,,,,,,,,,,,,,,,,,,,,,,,,,,,,,,,,,,,,,,,,,,https://cdn.shopify.com/s/files/1/0618/2368/0740/files/18_e7ef0ace-3852-41f4-9c87-a858214a47e5.png?v=1717079052,kg,,,,,,
rock-the-soul-shirt-for-kids-copy,,,,,,,,,5-6 YRS,,,Mahroon,,,,,'10710475,200.0,shopify,50,continue,manual,799.00,0.00,true,true,,,,,'10710475,,,,,,,,,,,,,,,,,,,,,,,,,,,,,,,,,,,,,,,,,,,,,,,https://cdn.shopify.com/s/files/1/0618/2368/0740/files/25_49006c60-c118-4b77-9752-031f710155e1.png?v=1717079052,kg,,,,,,
rock-the-soul-shirt-for-kids-copy,,,,,,,,,5-6 YRS,,,Grey,,,,,'10710476,200.0,shopify,50,continue,manual,799.00,0.00,true,true,,,,,'10710476,,,,,,,,,,,,,,,,,,,,,,,,,,,,,,,,,,,,,,,,,,,,,,,https://cdn.shopify.com/s/files/1/0618/2368/0740/files/17_63b376dd-0ec5-4397-ade5-6528f2ce4295.png?v=1717079052,kg,,,,,,
rock-the-soul-shirt-for-kids-copy,,,,,,,,,5-6 YRS,,,Red,,,,,'10710477,200.0,shopify,50,continue,manual,799.00,0.00,true,true,,,,,'10710477,,,,,,,,,,,,,,,,,,,,,,,,,,,,,,,,,,,,,,,,,,,,,,,https://cdn.shopify.com/s/files/1/0618/2368/0740/files/26_7bceaf46-7b10-43b5-a24f-8c4577e9aa49.png?v=1717079052,kg,,,,,,
rock-the-soul-shirt-for-kids-copy,,,,,,,,,5-6 YRS,,,Light Blue,,,,,'10710478,200.0,shopify,50,continue,manual,799.00,0.00,true,true,,,,,'10710478,,,,,,,,,,,,,,,,,,,,,,,,,,,,,,,,,,,,,,,,,,,,,,,https://cdn.shopify.com/s/files/1/0618/2368/0740/files/19_a1223e99-b947-4458-b41e-ec7432d0f4b3.png?v=1717079052,kg,,,,,,
rock-the-soul-shirt-for-kids-copy,,,,,,,,,5-6 YRS,,,Beige,,,,,'10710479,200.0,shopify,50,continue,manual,799.00,0.00,true,true,,,,,'10710479,,,,,,,,,,,,,,,,,,,,,,,,,,,,,,,,,,,,,,,,,,,,,,,https://cdn.shopify.com/s/files/1/0618/2368/0740/files/23_25e8d5a7-4c8b-4f35-ac22-51273783a3b3.png?v=1717079052,kg,,,,,,
rock-the-soul-shirt-for-kids-copy,,,,,,,,,5-6 YRS,,,Royal Blue,,,,,'10710480,200.0,shopify,49,continue,manual,799.00,0.00,true,true,,,,,'10710480,,,,,,,,,,,,,,,,,,,,,,,,,,,,,,,,,,,,,,,,,,,,,,,https://cdn.shopify.com/s/files/1/0618/2368/0740/files/14_06b74598-1412-454f-9947-6d21802d3b61.png?v=1717079052,kg,,,,,,
rock-the-soul-shirt-for-kids-copy,,,,,,,,,5-6 YRS,,,Navy Blue,,,,,'10710481,200.0,shopify,50,continue,manual,799.00,0.00,true,true,,,,,'10710481,,,,,,,,,,,,,,,,,,,,,,,,,,,,,,,,,,,,,,,,,,,,,,,https://cdn.shopify.com/s/files/1/0618/2368/0740/files/20_26dcd39b-1f35-44f0-a781-8eae712b6958.png?v=1717079052,kg,,,,,,
rock-the-soul-shirt-for-kids-copy,,,,,,,,,5-6 YRS,,,Purple,,,,,'10710482,200.0,shopify,50,continue,manual,799.00,0.00,true,true,,,,,'10710482,,,,,,,,,,,,,,,,,,,,,,,,,,,,,,,,,,,,,,,,,,,,,,,https://cdn.shopify.com/s/files/1/0618/2368/0740/files/30_81add969-93f3-4bf4-883e-d159c0660a8a.png?v=1717079052,kg,,,,,,
rock-the-soul-shirt-for-kids-copy,,,,,,,,,7-8 YRS,,,Pink,,,,,'10710483,200.0,shopify,50,continue,manual,799.00,0.00,true,true,,,,,'10710483,,,,,,,,,,,,,,,,,,,,,,,,,,,,,,,,,,,,,,,,,,,,,,,https://cdn.shopify.com/s/files/1/0618/2368/0740/files/27_db526500-28c8-4bf3-b01a-71716b8d16c3.png?v=1717075418,kg,,,,,,
rock-the-soul-shirt-for-kids-copy,,,,,,,,,7-8 YRS,,,Black,,,,,'10710484,200.0,shopify,50,continue,manual,799.00,0.00,true,true,,,,,'10710484,,,,,,,,,,,,,,,,,,,,,,,,,,,,,,,,,,,,,,,,,,,,,,,https://cdn.shopify.com/s/files/1/0618/2368/0740/files/10_3d50f36c-37d8-43a5-aab5-22d959440346.png?v=1717079052,kg,,,,,,
rock-the-soul-shirt-for-kids-copy,,,,,,,,,7-8 YRS,,,White,,,,,'10710485,200.0,shopify,50,continue,manual,799.00,0.00,true,true,,,,,'10710485,,,,,,,,,,,,,,,,,,,,,,,,,,,,,,,,,,,,,,,,,,,,,,,https://cdn.shopify.com/s/files/1/0618/2368/0740/files/24_e8ae837f-14e3-4461-b8c4-476e0920cea7.png?v=1717079052,kg,,,,,,
rock-the-soul-shirt-for-kids-copy,,,,,,,,,7-8 YRS,,,Bottle Green,,,,,'10710486,200.0,shopify,50,continue,manual,799.00,0.00,true,true,,,,,'10710486,,,,,,,,,,,,,,,,,,,,,,,,,,,,,,,,,,,,,,,,,,,,,,,https://cdn.shopify.com/s/files/1/0618/2368/0740/files/21_fef2cf2c-0b00-4c23-9d35-175d257f2524.png?v=1717079052,kg,,,,,,
rock-the-soul-shirt-for-kids-copy,,,,,,,,,7-8 YRS,,,Orange,,,,,'10710487,200.0,shopify,50,continue,manual,799.00,0.00,true,true,,,,,'10710487,,,,,,,,,,,,,,,,,,,,,,,,,,,,,,,,,,,,,,,,,,,,,,,https://cdn.shopify.com/s/files/1/0618/2368/0740/files/28_3a603071-c60d-4d82-a032-49801c7fb932.png?v=1717079052,kg,,,,,,
rock-the-soul-shirt-for-kids-copy,,,,,,,,,7-8 YRS,,,Yellow,,,,,'10710488,200.0,shopify,50,continue,manual,799.00,0.00,true,true,,,,,'10710488,,,,,,,,,,,,,,,,,,,,,,,,,,,,,,,,,,,,,,,,,,,,,,,https://cdn.shopify.com/s/files/1/0618/2368/0740/files/18_e7ef0ace-3852-41f4-9c87-a858214a47e5.png?v=1717079052,kg,,,,,,
rock-the-soul-shirt-for-kids-copy,,,,,,,,,7-8 YRS,,,Mahroon,,,,,'10710489,200.0,shopify,50,continue,manual,799.00,0.00,true,true,,,,,'10710489,,,,,,,,,,,,,,,,,,,,,,,,,,,,,,,,,,,,,,,,,,,,,,,https://cdn.shopify.com/s/files/1/0618/2368/0740/files/25_49006c60-c118-4b77-9752-031f710155e1.png?v=1717079052,kg,,,,,,
rock-the-soul-shirt-for-kids-copy,,,,,,,,,7-8 YRS,,,Grey,,,,,'10710490,200.0,shopify,50,continue,manual,799.00,0.00,true,true,,,,,'10710490,,,,,,,,,,,,,,,,,,,,,,,,,,,,,,,,,,,,,,,,,,,,,,,https://cdn.shopify.com/s/files/1/0618/2368/0740/files/17_63b376dd-0ec5-4397-ade5-6528f2ce4295.png?v=1717079052,kg,,,,,,
rock-the-soul-shirt-for-kids-copy,,,,,,,,,7-8 YRS,,,Red,,,,,'10710491,200.0,shopify,50,continue,manual,799.00,0.00,true,true,,,,,'10710491,,,,,,,,,,,,,,,,,,,,,,,,,,,,,,,,,,,,,,,,,,,,,,,https://cdn.shopify.com/s/files/1/0618/2368/0740/files/26_7bceaf46-7b10-43b5-a24f-8c4577e9aa49.png?v=1717079052,kg,,,,,,
rock-the-soul-shirt-for-kids-copy,,,,,,,,,7-8 YRS,,,Light Blue,,,,,'10710492,200.0,shopify,50,continue,manual,799.00,0.00,true,true,,,,,'10710492,,,,,,,,,,,,,,,,,,,,,,,,,,,,,,,,,,,,,,,,,,,,,,,https://cdn.shopify.com/s/files/1/0618/2368/0740/files/19_a1223e99-b947-4458-b41e-ec7432d0f4b3.png?v=1717079052,kg,,,,,,
rock-the-soul-shirt-for-kids-copy,,,,,,,,,7-8 YRS,,,Beige,,,,,'10710493,200.0,shopify,50,continue,manual,799.00,0.00,true,true,,,,,'10710493,,,,,,,,,,,,,,,,,,,,,,,,,,,,,,,,,,,,,,,,,,,,,,,https://cdn.shopify.com/s/files/1/0618/2368/0740/files/23_25e8d5a7-4c8b-4f35-ac22-51273783a3b3.png?v=1717079052,kg,,,,,,
rock-the-soul-shirt-for-kids-copy,,,,,,,,,7-8 YRS,,,Royal Blue,,,,,'10710494,200.0,shopify,50,continue,manual,799.00,0.00,true,true,,,,,'10710494,,,,,,,,,,,,,,,,,,,,,,,,,,,,,,,,,,,,,,,,,,,,,,,https://cdn.shopify.com/s/files/1/0618/2368/0740/files/14_06b74598-1412-454f-9947-6d21802d3b61.png?v=1717079052,kg,,,,,,
rock-the-soul-shirt-for-kids-copy,,,,,,,,,7-8 YRS,,,Navy Blue,,,,,'10710495,200.0,shopify,50,continue,manual,799.00,0.00,true,true,,,,,'10710495,,,,,,,,,,,,,,,,,,,,,,,,,,,,,,,,,,,,,,,,,,,,,,,https://cdn.shopify.com/s/files/1/0618/2368/0740/files/20_26dcd39b-1f35-44f0-a781-8eae712b6958.png?v=1717079052,kg,,,,,,
rock-the-soul-shirt-for-kids-copy,,,,,,,,,7-8 YRS,,,Purple,,,,,'10710496,200.0,shopify,50,continue,manual,799.00,0.00,true,true,,,,,'10710496,,,,,,,,,,,,,,,,,,,,,,,,,,,,,,,,,,,,,,,,,,,,,,,https://cdn.shopify.com/s/files/1/0618/2368/0740/files/30_81add969-93f3-4bf4-883e-d159c0660a8a.png?v=1717079052,kg,,,,,,
rock-the-soul-shirt-for-kids-copy,,,,,,,,,9-10 YRS,,,Pink,,,,,'10710497,200.0,shopify,50,continue,manual,899.00,0.00,true,true,,,,,'10710497,,,,,,,,,,,,,,,,,,,,,,,,,,,,,,,,,,,,,,,,,,,,,,,https://cdn.shopify.com/s/files/1/0618/2368/0740/files/27_db526500-28c8-4bf3-b01a-71716b8d16c3.png?v=1717075418,kg,,,,,,
rock-the-soul-shirt-for-kids-copy,,,,,,,,,9-10 YRS,,,Black,,,,,'10710498,200.0,shopify,50,continue,manual,899.00,0.00,true,true,,,,,'10710498,,,,,,,,,,,,,,,,,,,,,,,,,,,,,,,,,,,,,,,,,,,,,,,https://cdn.shopify.com/s/files/1/0618/2368/0740/files/10_3d50f36c-37d8-43a5-aab5-22d959440346.png?v=1717079052,kg,,,,,,
rock-the-soul-shirt-for-kids-copy,,,,,,,,,9-10 YRS,,,White,,,,,'10710499,200.0,shopify,50,continue,manual,899.00,0.00,true,true,,,,,'10710499,,,,,,,,,,,,,,,,,,,,,,,,,,,,,,,,,,,,,,,,,,,,,,,https://cdn.shopify.com/s/files/1/0618/2368/0740/files/24_e8ae837f-14e3-4461-b8c4-476e0920cea7.png?v=1717079052,kg,,,,,,
rock-the-soul-shirt-for-kids-copy,,,,,,,,,9-10 YRS,,,Bottle Green,,,,,'10710500,200.0,shopify,50,continue,manual,899.00,0.00,true,true,,,,,'10710500,,,,,,,,,,,,,,,,,,,,,,,,,,,,,,,,,,,,,,,,,,,,,,,https://cdn.shopify.com/s/files/1/0618/2368/0740/files/21_fef2cf2c-0b00-4c23-9d35-175d257f2524.png?v=1717079052,kg,,,,,,
rock-the-soul-shirt-for-kids-copy,,,,,,,,,9-10 YRS,,,Orange,,,,,'10710501,200.0,shopify,50,continue,manual,899.00,0.00,true,true,,,,,'10710501,,,,,,,,,,,,,,,,,,,,,,,,,,,,,,,,,,,,,,,,,,,,,,,https://cdn.shopify.com/s/files/1/0618/2368/0740/files/28_3a603071-c60d-4d82-a032-49801c7fb932.png?v=1717079052,kg,,,,,,
rock-the-soul-shirt-for-kids-copy,,,,,,,,,9-10 YRS,,,Yellow,,,,,'10710502,200.0,shopify,50,continue,manual,899.00,0.00,true,true,,,,,'10710502,,,,,,,,,,,,,,,,,,,,,,,,,,,,,,,,,,,,,,,,,,,,,,,https://cdn.shopify.com/s/files/1/0618/2368/0740/files/18_e7ef0ace-3852-41f4-9c87-a858214a47e5.png?v=1717079052,kg,,,,,,
rock-the-soul-shirt-for-kids-copy,,,,,,,,,9-10 YRS,,,Mahroon,,,,,'10710503,200.0,shopify,50,continue,manual,899.00,0.00,true,true,,,,,'10710503,,,,,,,,,,,,,,,,,,,,,,,,,,,,,,,,,,,,,,,,,,,,,,,https://cdn.shopify.com/s/files/1/0618/2368/0740/files/25_49006c60-c118-4b77-9752-031f710155e1.png?v=1717079052,kg,,,,,,
rock-the-soul-shirt-for-kids-copy,,,,,,,,,9-10 YRS,,,Grey,,,,,'10710504,200.0,shopify,50,continue,manual,899.00,0.00,true,true,,,,,'10710504,,,,,,,,,,,,,,,,,,,,,,,,,,,,,,,,,,,,,,,,,,,,,,,https://cdn.shopify.com/s/files/1/0618/2368/0740/files/17_63b376dd-0ec5-4397-ade5-6528f2ce4295.png?v=1717079052,kg,,,,,,
rock-the-soul-shirt-for-kids-copy,,,,,,,,,9-10 YRS,,,Red,,,,,'10710505,200.0,shopify,50,continue,manual,899.00,0.00,true,true,,,,,'10710505,,,,,,,,,,,,,,,,,,,,,,,,,,,,,,,,,,,,,,,,,,,,,,,https://cdn.shopify.com/s/files/1/0618/2368/0740/files/26_7bceaf46-7b10-43b5-a24f-8c4577e9aa49.png?v=1717079052,kg,,,,,,
rock-the-soul-shirt-for-kids-copy,,,,,,,,,9-10 YRS,,,Light Blue,,,,,'10710506,200.0,shopify,50,continue,manual,899.00,0.00,true,true,,,,,'10710506,,,,,,,,,,,,,,,,,,,,,,,,,,,,,,,,,,,,,,,,,,,,,,,https://cdn.shopify.com/s/files/1/0618/2368/0740/files/19_a1223e99-b947-4458-b41e-ec7432d0f4b3.png?v=1717079052,kg,,,,,,
rock-the-soul-shirt-for-kids-copy,,,,,,,,,9-10 YRS,,,Beige,,,,,'10710507,200.0,shopify,50,continue,manual,899.00,0.00,true,true,,,,,'10710507,,,,,,,,,,,,,,,,,,,,,,,,,,,,,,,,,,,,,,,,,,,,,,,https://cdn.shopify.com/s/files/1/0618/2368/0740/files/23_25e8d5a7-4c8b-4f35-ac22-51273783a3b3.png?v=1717079052,kg,,,,,,
rock-the-soul-shirt-for-kids-copy,,,,,,,,,9-10 YRS,,,Royal Blue,,,,,'10710508,200.0,shopify,50,continue,manual,899.00,0.00,true,true,,,,,'10710508,,,,,,,,,,,,,,,,,,,,,,,,,,,,,,,,,,,,,,,,,,,,,,,https://cdn.shopify.com/s/files/1/0618/2368/0740/files/14_06b74598-1412-454f-9947-6d21802d3b61.png?v=1717079052,kg,,,,,,
rock-the-soul-shirt-for-kids-copy,,,,,,,,,9-10 YRS,,,Navy Blue,,,,,'10710509,200.0,shopify,50,continue,manual,899.00,0.00,true,true,,,,,'10710509,,,,,,,,,,,,,,,,,,,,,,,,,,,,,,,,,,,,,,,,,,,,,,,https://cdn.shopify.com/s/files/1/0618/2368/0740/files/20_26dcd39b-1f35-44f0-a781-8eae712b6958.png?v=1717079052,kg,,,,,,
rock-the-soul-shirt-for-kids-copy,,,,,,,,,9-10 YRS,,,Purple,,,,,'10710510,200.0,shopify,50,continue,manual,899.00,0.00,true,true,,,,,'10710510,,,,,,,,,,,,,,,,,,,,,,,,,,,,,,,,,,,,,,,,,,,,,,,https://cdn.shopify.com/s/files/1/0618/2368/0740/files/30_81add969-93f3-4bf4-883e-d159c0660a8a.png?v=1717079052,kg,,,,,,
rock-the-soul-shirt-for-kids-copy,,,,,,,,,11-12 YRS,,,Pink,,,,,'10710511,200.0,shopify,50,continue,manual,899.00,0.00,true,true,,,,,'10710511,,,,,,,,,,,,,,,,,,,,,,,,,,,,,,,,,,,,,,,,,,,,,,,https://cdn.shopify.com/s/files/1/0618/2368/0740/files/27_db526500-28c8-4bf3-b01a-71716b8d16c3.png?v=1717075418,kg,,,,,,
rock-the-soul-shirt-for-kids-copy,,,,,,,,,11-12 YRS,,,Black,,,,,'10710512,200.0,shopify,50,continue,manual,899.00,0.00,true,true,,,,,'10710512,,,,,,,,,,,,,,,,,,,,,,,,,,,,,,,,,,,,,,,,,,,,,,,https://cdn.shopify.com/s/files/1/0618/2368/0740/files/10_3d50f36c-37d8-43a5-aab5-22d959440346.png?v=1717079052,kg,,,,,,
rock-the-soul-shirt-for-kids-copy,,,,,,,,,11-12 YRS,,,White,,,,,'10710513,200.0,shopify,50,continue,manual,899.00,0.00,true,true,,,,,'10710513,,,,,,,,,,,,,,,,,,,,,,,,,,,,,,,,,,,,,,,,,,,,,,,https://cdn.shopify.com/s/files/1/0618/2368/0740/files/24_e8ae837f-14e3-4461-b8c4-476e0920cea7.png?v=1717079052,kg,,,,,,
rock-the-soul-shirt-for-kids-copy,,,,,,,,,11-12 YRS,,,Bottle Green,,,,,'10710514,200.0,shopify,50,continue,manual,899.00,0.00,true,true,,,,,'10710514,,,,,,,,,,,,,,,,,,,,,,,,,,,,,,,,,,,,,,,,,,,,,,,https://cdn.shopify.com/s/files/1/0618/2368/0740/files/21_fef2cf2c-0b00-4c23-9d35-175d257f2524.png?v=1717079052,kg,,,,,,
rock-the-soul-shirt-for-kids-copy,,,,,,,,,11-12 YRS,,,Orange,,,,,'10710515,200.0,shopify,50,continue,manual,899.00,0.00,true,true,,,,,'10710515,,,,,,,,,,,,,,,,,,,,,,,,,,,,,,,,,,,,,,,,,,,,,,,https://cdn.shopify.com/s/files/1/0618/2368/0740/files/28_3a603071-c60d-4d82-a032-49801c7fb932.png?v=1717079052,kg,,,,,,
rock-the-soul-shirt-for-kids-copy,,,,,,,,,11-12 YRS,,,Yellow,,,,,'10710516,200.0,shopify,50,continue,manual,899.00,0.00,true,true,,,,,'10710516,,,,,,,,,,,,,,,,,,,,,,,,,,,,,,,,,,,,,,,,,,,,,,,https://cdn.shopify.com/s/files/1/0618/2368/0740/files/18_e7ef0ace-3852-41f4-9c87-a858214a47e5.png?v=1717079052,kg,,,,,,
rock-the-soul-shirt-for-kids-copy,,,,,,,,,11-12 YRS,,,Mahroon,,,,,'10710517,200.0,shopify,50,continue,manual,899.00,0.00,true,true,,,,,'10710517,,,,,,,,,,,,,,,,,,,,,,,,,,,,,,,,,,,,,,,,,,,,,,,https://cdn.shopify.com/s/files/1/0618/2368/0740/files/25_49006c60-c118-4b77-9752-031f710155e1.png?v=1717079052,kg,,,,,,
rock-the-soul-shirt-for-kids-copy,,,,,,,,,11-12 YRS,,,Grey,,,,,'10710518,200.0,shopify,50,continue,manual,899.00,0.00,true,true,,,,,'10710518,,,,,,,,,,,,,,,,,,,,,,,,,,,,,,,,,,,,,,,,,,,,,,,https://cdn.shopify.com/s/files/1/0618/2368/0740/files/17_63b376dd-0ec5-4397-ade5-6528f2ce4295.png?v=1717079052,kg,,,,,,
rock-the-soul-shirt-for-kids-copy,,,,,,,,,11-12 YRS,,,Red,,,,,'10710519,200.0,shopify,50,continue,manual,899.00,0.00,true,true,,,,,'10710519,,,,,,,,,,,,,,,,,,,,,,,,,,,,,,,,,,,,,,,,,,,,,,,https://cdn.shopify.com/s/files/1/0618/2368/0740/files/26_7bceaf46-7b10-43b5-a24f-8c4577e9aa49.png?v=1717079052,kg,,,,,,
rock-the-soul-shirt-for-kids-copy,,,,,,,,,11-12 YRS,,,Light Blue,,,,,'10710520,200.0,shopify,50,continue,manual,899.00,0.00,true,true,,,,,'10710520,,,,,,,,,,,,,,,,,,,,,,,,,,,,,,,,,,,,,,,,,,,,,,,https://cdn.shopify.com/s/files/1/0618/2368/0740/files/19_a1223e99-b947-4458-b41e-ec7432d0f4b3.png?v=1717079052,kg,,,,,,
rock-the-soul-shirt-for-kids-copy,,,,,,,,,11-12 YRS,,,Beige,,,,,'10710521,200.0,shopify,50,continue,manual,899.00,0.00,true,true,,,,,'10710521,,,,,,,,,,,,,,,,,,,,,,,,,,,,,,,,,,,,,,,,,,,,,,,https://cdn.shopify.com/s/files/1/0618/2368/0740/files/23_25e8d5a7-4c8b-4f35-ac22-51273783a3b3.png?v=1717079052,kg,,,,,,
rock-the-soul-shirt-for-kids-copy,,,,,,,,,11-12 YRS,,,Royal Blue,,,,,'10710522,200.0,shopify,50,continue,manual,899.00,0.00,true,true,,,,,'10710522,,,,,,,,,,,,,,,,,,,,,,,,,,,,,,,,,,,,,,,,,,,,,,,https://cdn.shopify.com/s/files/1/0618/2368/0740/files/14_06b74598-1412-454f-9947-6d21802d3b61.png?v=1717079052,kg,,,,,,
rock-the-soul-shirt-for-kids-copy,,,,,,,,,11-12 YRS,,,Navy Blue,,,,,'10710523,200.0,shopify,50,continue,manual,899.00,0.00,true,true,,,,,'10710523,,,,,,,,,,,,,,,,,,,,,,,,,,,,,,,,,,,,,,,,,,,,,,,https://cdn.shopify.com/s/files/1/0618/2368/0740/files/20_26dcd39b-1f35-44f0-a781-8eae712b6958.png?v=1717079052,kg,,,,,,
rock-the-soul-shirt-for-kids-copy,,,,,,,,,11-12 YRS,,,Purple,,,,,'10710524,200.0,shopify,50,continue,manual,899.00,0.00,true,true,,,,,'10710524,,,,,,,,,,,,,,,,,,,,,,,,,,,,,,,,,,,,,,,,,,,,,,,https://cdn.shopify.com/s/files/1/0618/2368/0740/files/30_81add969-93f3-4bf4-883e-d159c0660a8a.png?v=1717079052,kg,,,,,,
rock-the-soul-shirt-for-kids-copy,,,,,,,,,13-14 YRS,,,Pink,,,,,'10710525,200.0,shopify,100,continue,manual,999.00,0.00,true,true,,,,,'10710525,,,,,,,,,,,,,,,,,,,,,,,,,,,,,,,,,,,,,,,,,,,,,,,https://cdn.shopify.com/s/files/1/0618/2368/0740/files/27_db526500-28c8-4bf3-b01a-71716b8d16c3.png?v=1717075418,kg,,,,,,
rock-the-soul-shirt-for-kids-copy,,,,,,,,,13-14 YRS,,,Black,,,,,'10710526,200.0,shopify,100,continue,manual,999.00,0.00,true,true,,,,,'10710526,,,,,,,,,,,,,,,,,,,,,,,,,,,,,,,,,,,,,,,,,,,,,,,https://cdn.shopify.com/s/files/1/0618/2368/0740/files/27_db526500-28c8-4bf3-b01a-71716b8d16c3.png?v=1717075418,kg,,,,,,
rock-the-soul-shirt-for-kids-copy,,,,,,,,,13-14 YRS,,,White,,,,,'10710527,200.0,shopify,100,continue,manual,999.00,0.00,true,true,,,,,'10710527,,,,,,,,,,,,,,,,,,,,,,,,,,,,,,,,,,,,,,,,,,,,,,,https://cdn.shopify.com/s/files/1/0618/2368/0740/files/27_db526500-28c8-4bf3-b01a-71716b8d16c3.png?v=1717075418,kg,,,,,,
rock-the-soul-shirt-for-kids-copy,,,,,,,,,13-14 YRS,,,Bottle Green,,,,,'10710528,200.0,shopify,100,continue,manual,999.00,0.00,true,true,,,,,'10710528,,,,,,,,,,,,,,,,,,,,,,,,,,,,,,,,,,,,,,,,,,,,,,,https://cdn.shopify.com/s/files/1/0618/2368/0740/files/27_db526500-28c8-4bf3-b01a-71716b8d16c3.png?v=1717075418,kg,,,,,,
rock-the-soul-shirt-for-kids-copy,,,,,,,,,13-14 YRS,,,Orange,,,,,'10710529,200.0,shopify,100,continue,manual,999.00,0.00,true,true,,,,,'10710529,,,,,,,,,,,,,,,,,,,,,,,,,,,,,,,,,,,,,,,,,,,,,,,https://cdn.shopify.com/s/files/1/0618/2368/0740/files/27_db526500-28c8-4bf3-b01a-71716b8d16c3.png?v=1717075418,kg,,,,,,
rock-the-soul-shirt-for-kids-copy,,,,,,,,,13-14 YRS,,,Yellow,,,,,'10710530,200.0,shopify,100,continue,manual,999.00,0.00,true,true,,,,,'10710530,,,,,,,,,,,,,,,,,,,,,,,,,,,,,,,,,,,,,,,,,,,,,,,https://cdn.shopify.com/s/files/1/0618/2368/0740/files/27_db526500-28c8-4bf3-b01a-71716b8d16c3.png?v=1717075418,kg,,,,,,
rock-the-soul-shirt-for-kids-copy,,,,,,,,,13-14 YRS,,,Mahroon,,,,,'10710531,200.0,shopify,100,continue,manual,999.00,0.00,true,true,,,,,'10710531,,,,,,,,,,,,,,,,,,,,,,,,,,,,,,,,,,,,,,,,,,,,,,,https://cdn.shopify.com/s/files/1/0618/2368/0740/files/27_db526500-28c8-4bf3-b01a-71716b8d16c3.png?v=1717075418,kg,,,,,,
rock-the-soul-shirt-for-kids-copy,,,,,,,,,13-14 YRS,,,Grey,,,,,'10710532,200.0,shopify,100,continue,manual,999.00,0.00,true,true,,,,,'10710532,,,,,,,,,,,,,,,,,,,,,,,,,,,,,,,,,,,,,,,,,,,,,,,https://cdn.shopify.com/s/files/1/0618/2368/0740/files/27_db526500-28c8-4bf3-b01a-71716b8d16c3.png?v=1717075418,kg,,,,,,
rock-the-soul-shirt-for-kids-copy,,,,,,,,,13-14 YRS,,,Red,,,,,'10710533,200.0,shopify,100,continue,manual,999.00,0.00,true,true,,,,,'10710533,,,,,,,,,,,,,,,,,,,,,,,,,,,,,,,,,,,,,,,,,,,,,,,https://cdn.shopify.com/s/files/1/0618/2368/0740/files/27_db526500-28c8-4bf3-b01a-71716b8d16c3.png?v=1717075418,kg,,,,,,
rock-the-soul-shirt-for-kids-copy,,,,,,,,,13-14 YRS,,,Light Blue,,,,,'10710534,200.0,shopify,100,continue,manual,999.00,0.00,true,true,,,,,'10710534,,,,,,,,,,,,,,,,,,,,,,,,,,,,,,,,,,,,,,,,,,,,,,,https://cdn.shopify.com/s/files/1/0618/2368/0740/files/27_db526500-28c8-4bf3-b01a-71716b8d16c3.png?v=1717075418,kg,,,,,,
rock-the-soul-shirt-for-kids-copy,,,,,,,,,13-14 YRS,,,Beige,,,,,'10710535,200.0,shopify,100,continue,manual,999.00,0.00,true,true,,,,,'10710535,,,,,,,,,,,,,,,,,,,,,,,,,,,,,,,,,,,,,,,,,,,,,,,https://cdn.shopify.com/s/files/1/0618/2368/0740/files/27_db526500-28c8-4bf3-b01a-71716b8d16c3.png?v=1717075418,kg,,,,,,
rock-the-soul-shirt-for-kids-copy,,,,,,,,,13-14 YRS,,,Royal Blue,,,,,'10710536,200.0,shopify,100,continue,manual,999.00,0.00,true,true,,,,,'10710536,,,,,,,,,,,,,,,,,,,,,,,,,,,,,,,,,,,,,,,,,,,,,,,https://cdn.shopify.com/s/files/1/0618/2368/0740/files/27_db526500-28c8-4bf3-b01a-71716b8d16c3.png?v=1717075418,kg,,,,,,
rock-the-soul-shirt-for-kids-copy,,,,,,,,,13-14 YRS,,,Navy Blue,,,,,'10710537,200.0,shopify,100,continue,manual,999.00,0.00,true,true,,,,,'10710537,,,,,,,,,,,,,,,,,,,,,,,,,,,,,,,,,,,,,,,,,,,,,,,https://cdn.shopify.com/s/files/1/0618/2368/0740/files/27_db526500-28c8-4bf3-b01a-71716b8d16c3.png?v=1717075418,kg,,,,,,
rock-the-soul-shirt-for-kids-copy,,,,,,,,,13-14 YRS,,,Purple,,,,,'10706829,200.0,shopify,100,continue,manual,999.00,0.00,true,true,,,,,'10706829,,,,,,,,,,,,,,,,,,,,,,,,,,,,,,,,,,,,,,,,,,,,,,,https://cdn.shopify.com/s/files/1/0618/2368/0740/files/27_db526500-28c8-4bf3-b01a-71716b8d16c3.png?v=1717075418,kg,,,,,,
summer-surf-shirt-for-kids-copy,STREET RACING 33 SHIRT FOR KIDS,"<div>Fabric: High-Quality Cotton Jersey</div>
<div>Half Sleeve T-Shirt</div>
<div>Round Neck</div>
<div>High Quality DTF Printed</div>
<div>Soft and Comfortable Wear (Unisex)</div>
<div>Easy Wash &amp; Press</div>
<div>Sizes 1-14 years </div>
<div><span>Disclaimer: Colors may vary slightly due to studio lights. </span></div>",BBG FASHION CLOTHING STORE,Apparel & Accessories > Clothing > Clothing Tops > T-Shirts,kids T-Shirts,kids T-Shirts,false,Size,1-2 YRS,,Color,Beige,,,,,'10710351,200.0,shopify,50,continue,manual,799.00,0.00,true,true,,,,,'10710351,https://cdn.shopify.com/s/files/1/0618/2368/0740/files/21_154a45f7-1c6f-443e-8bb8-c8cff443b9f9.png?v=1717075386,1,Summer Surf Shirt For Kids Copy - front view - kids wear Pakistan,false,,,212,,,,,,,,,,,,,,,,,,,,,,,,,,,,,,,,,,,,,,,,https://cdn.shopify.com/s/files/1/0618/2368/0740/files/21_154a45f7-1c6f-443e-8bb8-c8cff443b9f9.png?v=1717075386,kg,,,true,,,draft
summer-surf-shirt-for-kids-copy,,,,,,,,,1-2 YRS,,,Pink,,,,,'10710352,200.0,shopify,50,continue,manual,799.00,0.00,true,true,,,,,'10710352,https://cdn.shopify.com/s/files/1/0618/2368/0740/files/bbg_d1d933d2-5f31-45d8-8176-020754e9f684.png?v=1717078507,2,Summer Surf Shirt For Kids Copy - back view - kids wear Pakistan,,,,,,,,,,,,,,,,,,,,,,,,,,,,,,,,,,,,,,,,,,,,https://cdn.shopify.com/s/files/1/0618/2368/0740/files/25_ea864b54-a6ed-4577-a1cf-fcaedc574e5d.png?v=1717079013,kg,,,,,,
summer-surf-shirt-for-kids-copy,,,,,,,,,1-2 YRS,,,White,,,,,'10710353,200.0,shopify,50,continue,manual,799.00,0.00,true,true,,,,,'10710353,https://cdn.shopify.com/s/files/1/0618/2368/0740/files/9_970690ab-7f79-4e75-899a-9e1472028914.png?v=1717079013,3,Summer Surf Shirt For Kids Copy - side view - kids wear Pakistan,,,,,,,,,,,,,,,,,,,,,,,,,,,,,,,,,,,,,,,,,,,,https://cdn.shopify.com/s/files/1/0618/2368/0740/files/22_c39ae590-3b56-4c83-ab48-9b10f1d9f108.png?v=1717079013,kg,,,,,,
summer-surf-shirt-for-kids-copy,,,,,,,,,1-2 YRS,,,Bottle Green,,,,,'10710354,200.0,shopify,50,continue,manual,799.00,0.00,true,true,,,,,'10710354,https://cdn.shopify.com/s/files/1/0618/2368/0740/files/17_e6c6525d-2b1c-4e9c-b7e9-7283a8ef60f1.png?v=1717079013,4,Summer Surf Shirt For Kids Copy - detail shot - kids wear Pakistan,,,,,,,,,,,,,,,,,,,,,,,,,,,,,,,,,,,,,,,,,,,,https://cdn.shopify.com/s/files/1/0618/2368/0740/files/19_628584b5-32b2-41a5-8e59-d4b3e2cf34fa.png?v=1717079013,kg,,,,,,
summer-surf-shirt-for-kids-copy,,,,,,,,,1-2 YRS,,,Orange,,,,,'10710355,200.0,shopify,50,continue,manual,799.00,0.00,true,true,,,,,'10710355,https://cdn.shopify.com/s/files/1/0618/2368/0740/files/18_5b817fd4-7f80-4344-91dc-107d09387d6f.png?v=1717079013,5,Summer Surf Shirt For Kids Copy - front view - kids wear Pakistan,,,,,,,,,,,,,,,,,,,,,,,,,,,,,,,,,,,,,,,,,,,,https://cdn.shopify.com/s/files/1/0618/2368/0740/files/26_bdb96898-db80-48c6-826e-724c66163c77.png?v=1717079013,kg,,,,,,
summer-surf-shirt-for-kids-copy,,,,,,,,,1-2 YRS,,,Yellow,,,,,'10710356,200.0,shopify,50,continue,manual,799.00,0.00,true,true,,,,,'10710356,https://cdn.shopify.com/s/files/1/0618/2368/0740/files/19_628584b5-32b2-41a5-8e59-d4b3e2cf34fa.png?v=1717079013,6,Summer Surf Shirt For Kids Copy - back view - kids wear Pakistan,,,,,,,,,,,,,,,,,,,,,,,,,,,,,,,,,,,,,,,,,,,,https://cdn.shopify.com/s/files/1/0618/2368/0740/files/16_17ab7e45-a88d-4c77-b208-fe9f78b8da61.png?v=1717079013,kg,,,,,,
summer-surf-shirt-for-kids-copy,,,,,,,,,1-2 YRS,,,Mahroon,,,,,'10710357,200.0,shopify,50,continue,manual,799.00,0.00,true,true,,,,,'10710357,https://cdn.shopify.com/s/files/1/0618/2368/0740/files/20_d28a9a91-3329-40f2-94a5-031d88ebb381.png?v=1717079013,7,Summer Surf Shirt For Kids Copy - side view - kids wear Pakistan,,,,,,,,,,,,,,,,,,,,,,,,,,,,,,,,,,,,,,,,,,,,https://cdn.shopify.com/s/files/1/0618/2368/0740/files/23_fb0c2f83-71cd-407b-a7d6-8c6d976389cb.png?v=1717079013,kg,,,,,,
summer-surf-shirt-for-kids-copy,,,,,,,,,1-2 YRS,,,Grey,,,,,'10710358,200.0,shopify,50,continue,manual,799.00,0.00,true,true,,,,,'10710358,https://cdn.shopify.com/s/files/1/0618/2368/0740/files/22_c39ae590-3b56-4c83-ab48-9b10f1d9f108.png?v=1717079013,8,Summer Surf Shirt For Kids Copy - detail shot - kids wear Pakistan,,,,,,,,,,,,,,,,,,,,,,,,,,,,,,,,,,,,,,,,,,,,https://cdn.shopify.com/s/files/1/0618/2368/0740/files/15_1c0692ed-da28-4bbc-bf9c-fe0699253561.png?v=1717079013,kg,,,,,,
summer-surf-shirt-for-kids-copy,,,,,,,,,1-2 YRS,,,Red,,,,,'10710359,200.0,shopify,50,continue,manual,799.00,0.00,true,true,,,,,'10710359,https://cdn.shopify.com/s/files/1/0618/2368/0740/files/23_fb0c2f83-71cd-407b-a7d6-8c6d976389cb.png?v=1717079013,9,Summer Surf Shirt For Kids Copy - front view - kids wear Pakistan,,,,,,,,,,,,,,,,,,,,,,,,,,,,,,,,,,,,,,,,,,,,https://cdn.shopify.com/s/files/1/0618/2368/0740/files/24_f9a4ce59-eb04-4230-8e8b-1c9d6e9c9a08.png?v=1717079013,kg,,,,,,
summer-surf-shirt-for-kids-copy,,,,,,,,,1-2 YRS,,,Light Blue,,,,,'10710360,200.0,shopify,50,continue,manual,799.00,0.00,true,true,,,,,'10710360,https://cdn.shopify.com/s/files/1/0618/2368/0740/files/24_f9a4ce59-eb04-4230-8e8b-1c9d6e9c9a08.png?v=1717079013,10,Summer Surf Shirt For Kids Copy - back view - kids wear Pakistan,,,,,,,,,,,,,,,,,,,,,,,,,,,,,,,,,,,,,,,,,,,,https://cdn.shopify.com/s/files/1/0618/2368/0740/files/17_e6c6525d-2b1c-4e9c-b7e9-7283a8ef60f1.png?v=1717079013,kg,,,,,,
summer-surf-shirt-for-kids-copy,,,,,,,,,1-2 YRS,,,Green,,,,,'10710361,200.0,shopify,50,continue,manual,799.00,0.00,true,true,,,,,'10710361,https://cdn.shopify.com/s/files/1/0618/2368/0740/files/25_ea864b54-a6ed-4577-a1cf-fcaedc574e5d.png?v=1717079013,11,Summer Surf Shirt For Kids Copy - side view - kids wear Pakistan,,,,,,,,,,,,,,,,,,,,,,,,,,,,,,,,,,,,,,,,,,,,https://cdn.shopify.com/s/files/1/0618/2368/0740/files/20_d28a9a91-3329-40f2-94a5-031d88ebb381.png?v=1717079013,kg,,,,,,
summer-surf-shirt-for-kids-copy,,,,,,,,,1-2 YRS,,,Navy Blue,,,,,'10710362,200.0,shopify,50,continue,manual,799.00,0.00,true,true,,,,,'10710362,https://cdn.shopify.com/s/files/1/0618/2368/0740/files/26_bdb96898-db80-48c6-826e-724c66163c77.png?v=1717079013,12,Summer Surf Shirt For Kids Copy - detail shot - kids wear Pakistan,,,,,,,,,,,,,,,,,,,,,,,,,,,,,,,,,,,,,,,,,,,,https://cdn.shopify.com/s/files/1/0618/2368/0740/files/18_5b817fd4-7f80-4344-91dc-107d09387d6f.png?v=1717079013,kg,,,,,,
summer-surf-shirt-for-kids-copy,,,,,,,,,1-2 YRS,,,Purple,,,,,'10710363,200.0,shopify,50,continue,manual,799.00,0.00,true,true,,,,,'10710363,https://cdn.shopify.com/s/files/1/0618/2368/0740/files/28_a0857aed-9c31-4f43-8f1d-2b0f92b5c166.png?v=1717079013,13,Summer Surf Shirt For Kids Copy - front view - kids wear Pakistan,,,,,,,,,,,,,,,,,,,,,,,,,,,,,,,,,,,,,,,,,,,,https://cdn.shopify.com/s/files/1/0618/2368/0740/files/28_a0857aed-9c31-4f43-8f1d-2b0f92b5c166.png?v=1717079013,kg,,,,,,
summer-surf-shirt-for-kids-copy,,,,,,,,,3-4 YRS,,,Beige,,,,,'10710364,200.0,shopify,50,continue,manual,799.00,0.00,true,true,,,,,'10710364,https://cdn.shopify.com/s/files/1/0618/2368/0740/files/8_d4a8d874-d31f-4bbe-9ebd-a5ccffa8d8ed.png?v=1717079013,14,Summer Surf Shirt For Kids Copy - back view - kids wear Pakistan,,,,,,,,,,,,,,,,,,,,,,,,,,,,,,,,,,,,,,,,,,,,https://cdn.shopify.com/s/files/1/0618/2368/0740/files/21_154a45f7-1c6f-443e-8bb8-c8cff443b9f9.png?v=1717075386,kg,,,,,,
summer-surf-shirt-for-kids-copy,,,,,,,,,3-4 YRS,,,Pink,,,,,'10710365,200.0,shopify,50,continue,manual,799.00,0.00,true,true,,,,,'10710365,https://cdn.shopify.com/s/files/1/0618/2368/0740/files/16_17ab7e45-a88d-4c77-b208-fe9f78b8da61.png?v=1717079013,15,Summer Surf Shirt For Kids Copy - side view - kids wear Pakistan,,,,,,,,,,,,,,,,,,,,,,,,,,,,,,,,,,,,,,,,,,,,https://cdn.shopify.com/s/files/1/0618/2368/0740/files/25_ea864b54-a6ed-4577-a1cf-fcaedc574e5d.png?v=1717079013,kg,,,,,,
summer-surf-shirt-for-kids-copy,,,,,,,,,3-4 YRS,,,White,,,,,'10710366,200.0,shopify,50,continue,manual,799.00,0.00,true,true,,,,,'10710366,https://cdn.shopify.com/s/files/1/0618/2368/0740/files/15_1c0692ed-da28-4bbc-bf9c-fe0699253561.png?v=1717079013,16,Summer Surf Shirt For Kids Copy - detail shot - kids wear Pakistan,,,,,,,,,,,,,,,,,,,,,,,,,,,,,,,,,,,,,,,,,,,,https://cdn.shopify.com/s/files/1/0618/2368/0740/files/22_c39ae590-3b56-4c83-ab48-9b10f1d9f108.png?v=1717079013,kg,,,,,,
summer-surf-shirt-for-kids-copy,,,,,,,,,3-4 YRS,,,Bottle Green,,,,,'10710367,200.0,shopify,50,continue,manual,799.00,0.00,true,true,,,,,'10710367,,,,,,,,,,,,,,,,,,,,,,,,,,,,,,,,,,,,,,,,,,,,,,,https://cdn.shopify.com/s/files/1/0618/2368/0740/files/19_628584b5-32b2-41a5-8e59-d4b3e2cf34fa.png?v=1717079013,kg,,,,,,
summer-surf-shirt-for-kids-copy,,,,,,,,,3-4 YRS,,,Orange,,,,,'10710368,200.0,shopify,50,continue,manual,799.00,0.00,true,true,,,,,'10710368,,,,,,,,,,,,,,,,,,,,,,,,,,,,,,,,,,,,,,,,,,,,,,,https://cdn.shopify.com/s/files/1/0618/2368/0740/files/26_bdb96898-db80-48c6-826e-724c66163c77.png?v=1717079013,kg,,,,,,
summer-surf-shirt-for-kids-copy,,,,,,,,,3-4 YRS,,,Yellow,,,,,'10710369,200.0,shopify,49,continue,manual,799.00,0.00,true,true,,,,,'10710369,,,,,,,,,,,,,,,,,,,,,,,,,,,,,,,,,,,,,,,,,,,,,,,https://cdn.shopify.com/s/files/1/0618/2368/0740/files/16_17ab7e45-a88d-4c77-b208-fe9f78b8da61.png?v=1717079013,kg,,,,,,
summer-surf-shirt-for-kids-copy,,,,,,,,,3-4 YRS,,,Mahroon,,,,,'10710370,200.0,shopify,50,continue,manual,799.00,0.00,true,true,,,,,'10710370,,,,,,,,,,,,,,,,,,,,,,,,,,,,,,,,,,,,,,,,,,,,,,,https://cdn.shopify.com/s/files/1/0618/2368/0740/files/23_fb0c2f83-71cd-407b-a7d6-8c6d976389cb.png?v=1717079013,kg,,,,,,
summer-surf-shirt-for-kids-copy,,,,,,,,,3-4 YRS,,,Grey,,,,,'10710371,200.0,shopify,50,continue,manual,799.00,0.00,true,true,,,,,'10710371,,,,,,,,,,,,,,,,,,,,,,,,,,,,,,,,,,,,,,,,,,,,,,,https://cdn.shopify.com/s/files/1/0618/2368/0740/files/15_1c0692ed-da28-4bbc-bf9c-fe0699253561.png?v=1717079013,kg,,,,,,
summer-surf-shirt-for-kids-copy,,,,,,,,,3-4 YRS,,,Red,,,,,'10710372,200.0,shopify,50,continue,manual,799.00,0.00,true,true,,,,,'10710372,,,,,,,,,,,,,,,,,,,,,,,,,,,,,,,,,,,,,,,,,,,,,,,https://cdn.shopify.com/s/files/1/0618/2368/0740/files/24_f9a4ce59-eb04-4230-8e8b-1c9d6e9c9a08.png?v=1717079013,kg,,,,,,
summer-surf-shirt-for-kids-copy,,,,,,,,,3-4 YRS,,,Light Blue,,,,,'10710373,200.0,shopify,50,continue,manual,799.00,0.00,true,true,,,,,'10710373,,,,,,,,,,,,,,,,,,,,,,,,,,,,,,,,,,,,,,,,,,,,,,,https://cdn.shopify.com/s/files/1/0618/2368/0740/files/17_e6c6525d-2b1c-4e9c-b7e9-7283a8ef60f1.png?v=1717079013,kg,,,,,,
summer-surf-shirt-for-kids-copy,,,,,,,,,3-4 YRS,,,Green,,,,,'10710374,200.0,shopify,50,continue,manual,799.00,0.00,true,true,,,,,'10710374,,,,,,,,,,,,,,,,,,,,,,,,,,,,,,,,,,,,,,,,,,,,,,,https://cdn.shopify.com/s/files/1/0618/2368/0740/files/20_d28a9a91-3329-40f2-94a5-031d88ebb381.png?v=1717079013,kg,,,,,,
summer-surf-shirt-for-kids-copy,,,,,,,,,3-4 YRS,,,Navy Blue,,,,,'10710375,200.0,shopify,50,continue,manual,799.00,0.00,true,true,,,,,'10710375,,,,,,,,,,,,,,,,,,,,,,,,,,,,,,,,,,,,,,,,,,,,,,,https://cdn.shopify.com/s/files/1/0618/2368/0740/files/18_5b817fd4-7f80-4344-91dc-107d09387d6f.png?v=1717079013,kg,,,,,,
summer-surf-shirt-for-kids-copy,,,,,,,,,3-4 YRS,,,Purple,,,,,'10710376,200.0,shopify,50,continue,manual,799.00,0.00,true,true,,,,,'10710376,,,,,,,,,,,,,,,,,,,,,,,,,,,,,,,,,,,,,,,,,,,,,,,https://cdn.shopify.com/s/files/1/0618/2368/0740/files/28_a0857aed-9c31-4f43-8f1d-2b0f92b5c166.png?v=1717079013,kg,,,,,,
summer-surf-shirt-for-kids-copy,,,,,,,,,5-6 YRS,,,Beige,,,,,'10710377,200.0,shopify,50,continue,manual,799.00,0.00,true,true,,,,,'10710377,,,,,,,,,,,,,,,,,,,,,,,,,,,,,,,,,,,,,,,,,,,,,,,https://cdn.shopify.com/s/files/1/0618/2368/0740/files/21_154a45f7-1c6f-443e-8bb8-c8cff443b9f9.png?v=1717075386,kg,,,,,,
summer-surf-shirt-for-kids-copy,,,,,,,,,5-6 YRS,,,Pink,,,,,'10710378,200.0,shopify,50,continue,manual,799.00,0.00,true,true,,,,,'10710378,,,,,,,,,,,,,,,,,,,,,,,,,,,,,,,,,,,,,,,,,,,,,,,https://cdn.shopify.com/s/files/1/0618/2368/0740/files/25_ea864b54-a6ed-4577-a1cf-fcaedc574e5d.png?v=1717079013,kg,,,,,,
summer-surf-shirt-for-kids-copy,,,,,,,,,5-6 YRS,,,White,,,,,'10710379,200.0,shopify,50,continue,manual,799.00,0.00,true,true,,,,,'10710379,,,,,,,,,,,,,,,,,,,,,,,,,,,,,,,,,,,,,,,,,,,,,,,https://cdn.shopify.com/s/files/1/0618/2368/0740/files/22_c39ae590-3b56-4c83-ab48-9b10f1d9f108.png?v=1717079013,kg,,,,,,
summer-surf-shirt-for-kids-copy,,,,,,,,,5-6 YRS,,,Bottle Green,,,,,'10710380,200.0,shopify,50,continue,manual,799.00,0.00,true,true,,,,,'10710380,,,,,,,,,,,,,,,,,,,,,,,,,,,,,,,,,,,,,,,,,,,,,,,https://cdn.shopify.com/s/files/1/0618/2368/0740/files/19_628584b5-32b2-41a5-8e59-d4b3e2cf34fa.png?v=1717079013,kg,,,,,,
summer-surf-shirt-for-kids-copy,,,,,,,,,5-6 YRS,,,Orange,,,,,'10710381,200.0,shopify,50,continue,manual,799.00,0.00,true,true,,,,,'10710381,,,,,,,,,,,,,,,,,,,,,,,,,,,,,,,,,,,,,,,,,,,,,,,https://cdn.shopify.com/s/files/1/0618/2368/0740/files/26_bdb96898-db80-48c6-826e-724c66163c77.png?v=1717079013,kg,,,,,,
summer-surf-shirt-for-kids-copy,,,,,,,,,5-6 YRS,,,Yellow,,,,,'10710382,200.0,shopify,50,continue,manual,799.00,0.00,true,true,,,,,'10710382,,,,,,,,,,,,,,,,,,,,,,,,,,,,,,,,,,,,,,,,,,,,,,,https://cdn.shopify.com/s/files/1/0618/2368/0740/files/16_17ab7e45-a88d-4c77-b208-fe9f78b8da61.png?v=1717079013,kg,,,,,,
summer-surf-shirt-for-kids-copy,,,,,,,,,5-6 YRS,,,Mahroon,,,,,'10710383,200.0,shopify,50,continue,manual,799.00,0.00,true,true,,,,,'10710383,,,,,,,,,,,,,,,,,,,,,,,,,,,,,,,,,,,,,,,,,,,,,,,https://cdn.shopify.com/s/files/1/0618/2368/0740/files/23_fb0c2f83-71cd-407b-a7d6-8c6d976389cb.png?v=1717079013,kg,,,,,,
summer-surf-shirt-for-kids-copy,,,,,,,,,5-6 YRS,,,Grey,,,,,'10710384,200.0,shopify,50,continue,manual,799.00,0.00,true,true,,,,,'10710384,,,,,,,,,,,,,,,,,,,,,,,,,,,,,,,,,,,,,,,,,,,,,,,https://cdn.shopify.com/s/files/1/0618/2368/0740/files/15_1c0692ed-da28-4bbc-bf9c-fe0699253561.png?v=1717079013,kg,,,,,,
summer-surf-shirt-for-kids-copy,,,,,,,,,5-6 YRS,,,Red,,,,,'10710385,200.0,shopify,50,continue,manual,799.00,0.00,true,true,,,,,'10710385,,,,,,,,,,,,,,,,,,,,,,,,,,,,,,,,,,,,,,,,,,,,,,,https://cdn.shopify.com/s/files/1/0618/2368/0740/files/24_f9a4ce59-eb04-4230-8e8b-1c9d6e9c9a08.png?v=1717079013,kg,,,,,,
summer-surf-shirt-for-kids-copy,,,,,,,,,5-6 YRS,,,Light Blue,,,,,'10710386,200.0,shopify,50,continue,manual,799.00,0.00,true,true,,,,,'10710386,,,,,,,,,,,,,,,,,,,,,,,,,,,,,,,,,,,,,,,,,,,,,,,https://cdn.shopify.com/s/files/1/0618/2368/0740/files/17_e6c6525d-2b1c-4e9c-b7e9-7283a8ef60f1.png?v=1717079013,kg,,,,,,
summer-surf-shirt-for-kids-copy,,,,,,,,,5-6 YRS,,,Green,,,,,'10710387,200.0,shopify,50,continue,manual,799.00,0.00,true,true,,,,,'10710387,,,,,,,,,,,,,,,,,,,,,,,,,,,,,,,,,,,,,,,,,,,,,,,https://cdn.shopify.com/s/files/1/0618/2368/0740/files/20_d28a9a91-3329-40f2-94a5-031d88ebb381.png?v=1717079013,kg,,,,,,
summer-surf-shirt-for-kids-copy,,,,,,,,,5-6 YRS,,,Navy Blue,,,,,'10710388,200.0,shopify,50,continue,manual,799.00,0.00,true,true,,,,,'10710388,,,,,,,,,,,,,,,,,,,,,,,,,,,,,,,,,,,,,,,,,,,,,,,https://cdn.shopify.com/s/files/1/0618/2368/0740/files/18_5b817fd4-7f80-4344-91dc-107d09387d6f.png?v=1717079013,kg,,,,,,
summer-surf-shirt-for-kids-copy,,,,,,,,,5-6 YRS,,,Purple,,,,,'10710389,200.0,shopify,50,continue,manual,799.00,0.00,true,true,,,,,'10710389,,,,,,,,,,,,,,,,,,,,,,,,,,,,,,,,,,,,,,,,,,,,,,,https://cdn.shopify.com/s/files/1/0618/2368/0740/files/28_a0857aed-9c31-4f43-8f1d-2b0f92b5c166.png?v=1717079013,kg,,,,,,
summer-surf-shirt-for-kids-copy,,,,,,,,,7-8 YRS,,,Beige,,,,,'10710390,200.0,shopify,49,continue,manual,799.00,0.00,true,true,,,,,'10710390,,,,,,,,,,,,,,,,,,,,,,,,,,,,,,,,,,,,,,,,,,,,,,,https://cdn.shopify.com/s/files/1/0618/2368/0740/files/21_154a45f7-1c6f-443e-8bb8-c8cff443b9f9.png?v=1717075386,kg,,,,,,
summer-surf-shirt-for-kids-copy,,,,,,,,,7-8 YRS,,,Pink,,,,,'10710391,200.0,shopify,50,continue,manual,799.00,0.00,true,true,,,,,'10710391,,,,,,,,,,,,,,,,,,,,,,,,,,,,,,,,,,,,,,,,,,,,,,,https://cdn.shopify.com/s/files/1/0618/2368/0740/files/25_ea864b54-a6ed-4577-a1cf-fcaedc574e5d.png?v=1717079013,kg,,,,,,
summer-surf-shirt-for-kids-copy,,,,,,,,,7-8 YRS,,,White,,,,,'10710392,200.0,shopify,50,continue,manual,799.00,0.00,true,true,,,,,'10710392,,,,,,,,,,,,,,,,,,,,,,,,,,,,,,,,,,,,,,,,,,,,,,,https://cdn.shopify.com/s/files/1/0618/2368/0740/files/22_c39ae590-3b56-4c83-ab48-9b10f1d9f108.png?v=1717079013,kg,,,,,,
summer-surf-shirt-for-kids-copy,,,,,,,,,7-8 YRS,,,Bottle Green,,,,,'10710393,200.0,shopify,50,continue,manual,799.00,0.00,true,true,,,,,'10710393,,,,,,,,,,,,,,,,,,,,,,,,,,,,,,,,,,,,,,,,,,,,,,,https://cdn.shopify.com/s/files/1/0618/2368/0740/files/19_628584b5-32b2-41a5-8e59-d4b3e2cf34fa.png?v=1717079013,kg,,,,,,
summer-surf-shirt-for-kids-copy,,,,,,,,,7-8 YRS,,,Orange,,,,,'10710394,200.0,shopify,49,continue,manual,799.00,0.00,true,true,,,,,'10710394,,,,,,,,,,,,,,,,,,,,,,,,,,,,,,,,,,,,,,,,,,,,,,,https://cdn.shopify.com/s/files/1/0618/2368/0740/files/26_bdb96898-db80-48c6-826e-724c66163c77.png?v=1717079013,kg,,,,,,
summer-surf-shirt-for-kids-copy,,,,,,,,,7-8 YRS,,,Yellow,,,,,'10710395,200.0,shopify,50,continue,manual,799.00,0.00,true,true,,,,,'10710395,,,,,,,,,,,,,,,,,,,,,,,,,,,,,,,,,,,,,,,,,,,,,,,https://cdn.shopify.com/s/files/1/0618/2368/0740/files/16_17ab7e45-a88d-4c77-b208-fe9f78b8da61.png?v=1717079013,kg,,,,,,
summer-surf-shirt-for-kids-copy,,,,,,,,,7-8 YRS,,,Mahroon,,,,,'10710396,200.0,shopify,50,continue,manual,799.00,0.00,true,true,,,,,'10710396,,,,,,,,,,,,,,,,,,,,,,,,,,,,,,,,,,,,,,,,,,,,,,,https://cdn.shopify.com/s/files/1/0618/2368/0740/files/23_fb0c2f83-71cd-407b-a7d6-8c6d976389cb.png?v=1717079013,kg,,,,,,
summer-surf-shirt-for-kids-copy,,,,,,,,,7-8 YRS,,,Grey,,,,,'10710397,200.0,shopify,50,continue,manual,799.00,0.00,true,true,,,,,'10710397,,,,,,,,,,,,,,,,,,,,,,,,,,,,,,,,,,,,,,,,,,,,,,,https://cdn.shopify.com/s/files/1/0618/2368/0740/files/15_1c0692ed-da28-4bbc-bf9c-fe0699253561.png?v=1717079013,kg,,,,,,
summer-surf-shirt-for-kids-copy,,,,,,,,,7-8 YRS,,,Red,,,,,'10710398,200.0,shopify,50,continue,manual,799.00,0.00,true,true,,,,,'10710398,,,,,,,,,,,,,,,,,,,,,,,,,,,,,,,,,,,,,,,,,,,,,,,https://cdn.shopify.com/s/files/1/0618/2368/0740/files/24_f9a4ce59-eb04-4230-8e8b-1c9d6e9c9a08.png?v=1717079013,kg,,,,,,
summer-surf-shirt-for-kids-copy,,,,,,,,,7-8 YRS,,,Light Blue,,,,,'10710399,200.0,shopify,50,continue,manual,799.00,0.00,true,true,,,,,'10710399,,,,,,,,,,,,,,,,,,,,,,,,,,,,,,,,,,,,,,,,,,,,,,,https://cdn.shopify.com/s/files/1/0618/2368/0740/files/17_e6c6525d-2b1c-4e9c-b7e9-7283a8ef60f1.png?v=1717079013,kg,,,,,,
summer-surf-shirt-for-kids-copy,,,,,,,,,7-8 YRS,,,Green,,,,,'10710400,200.0,shopify,50,continue,manual,799.00,0.00,true,true,,,,,'10710400,,,,,,,,,,,,,,,,,,,,,,,,,,,,,,,,,,,,,,,,,,,,,,,https://cdn.shopify.com/s/files/1/0618/2368/0740/files/20_d28a9a91-3329-40f2-94a5-031d88ebb381.png?v=1717079013,kg,,,,,,
summer-surf-shirt-for-kids-copy,,,,,,,,,7-8 YRS,,,Navy Blue,,,,,'10710401,200.0,shopify,50,continue,manual,799.00,0.00,true,true,,,,,'10710401,,,,,,,,,,,,,,,,,,,,,,,,,,,,,,,,,,,,,,,,,,,,,,,https://cdn.shopify.com/s/files/1/0618/2368/0740/files/18_5b817fd4-7f80-4344-91dc-107d09387d6f.png?v=1717079013,kg,,,,,,
summer-surf-shirt-for-kids-copy,,,,,,,,,7-8 YRS,,,Purple,,,,,'10710402,200.0,shopify,50,continue,manual,799.00,0.00,true,true,,,,,'10710402,,,,,,,,,,,,,,,,,,,,,,,,,,,,,,,,,,,,,,,,,,,,,,,https://cdn.shopify.com/s/files/1/0618/2368/0740/files/28_a0857aed-9c31-4f43-8f1d-2b0f92b5c166.png?v=1717079013,kg,,,,,,
summer-surf-shirt-for-kids-copy,,,,,,,,,9-10 YRS,,,Beige,,,,,'10710403,200.0,shopify,50,continue,manual,899.00,0.00,true,true,,,,,'10710403,,,,,,,,,,,,,,,,,,,,,,,,,,,,,,,,,,,,,,,,,,,,,,,https://cdn.shopify.com/s/files/1/0618/2368/0740/files/21_154a45f7-1c6f-443e-8bb8-c8cff443b9f9.png?v=1717075386,kg,,,,,,
summer-surf-shirt-for-kids-copy,,,,,,,,,9-10 YRS,,,Pink,,,,,'10710404,200.0,shopify,50,continue,manual,899.00,0.00,true,true,,,,,'10710404,,,,,,,,,,,,,,,,,,,,,,,,,,,,,,,,,,,,,,,,,,,,,,,https://cdn.shopify.com/s/files/1/0618/2368/0740/files/25_ea864b54-a6ed-4577-a1cf-fcaedc574e5d.png?v=1717079013,kg,,,,,,
summer-surf-shirt-for-kids-copy,,,,,,,,,9-10 YRS,,,White,,,,,'10710405,200.0,shopify,50,continue,manual,899.00,0.00,true,true,,,,,'10710405,,,,,,,,,,,,,,,,,,,,,,,,,,,,,,,,,,,,,,,,,,,,,,,https://cdn.shopify.com/s/files/1/0618/2368/0740/files/22_c39ae590-3b56-4c83-ab48-9b10f1d9f108.png?v=1717079013,kg,,,,,,
summer-surf-shirt-for-kids-copy,,,,,,,,,9-10 YRS,,,Bottle Green,,,,,'10710406,200.0,shopify,50,continue,manual,899.00,0.00,true,true,,,,,'10710406,,,,,,,,,,,,,,,,,,,,,,,,,,,,,,,,,,,,,,,,,,,,,,,https://cdn.shopify.com/s/files/1/0618/2368/0740/files/19_628584b5-32b2-41a5-8e59-d4b3e2cf34fa.png?v=1717079013,kg,,,,,,
summer-surf-shirt-for-kids-copy,,,,,,,,,9-10 YRS,,,Orange,,,,,'10710407,200.0,shopify,50,continue,manual,899.00,0.00,true,true,,,,,'10710407,,,,,,,,,,,,,,,,,,,,,,,,,,,,,,,,,,,,,,,,,,,,,,,https://cdn.shopify.com/s/files/1/0618/2368/0740/files/26_bdb96898-db80-48c6-826e-724c66163c77.png?v=1717079013,kg,,,,,,
summer-surf-shirt-for-kids-copy,,,,,,,,,9-10 YRS,,,Yellow,,,,,'10710408,200.0,shopify,50,continue,manual,899.00,0.00,true,true,,,,,'10710408,,,,,,,,,,,,,,,,,,,,,,,,,,,,,,,,,,,,,,,,,,,,,,,https://cdn.shopify.com/s/files/1/0618/2368/0740/files/16_17ab7e45-a88d-4c77-b208-fe9f78b8da61.png?v=1717079013,kg,,,,,,
summer-surf-shirt-for-kids-copy,,,,,,,,,9-10 YRS,,,Mahroon,,,,,'10710409,200.0,shopify,50,continue,manual,899.00,0.00,true,true,,,,,'10710409,,,,,,,,,,,,,,,,,,,,,,,,,,,,,,,,,,,,,,,,,,,,,,,https://cdn.shopify.com/s/files/1/0618/2368/0740/files/23_fb0c2f83-71cd-407b-a7d6-8c6d976389cb.png?v=1717079013,kg,,,,,,
summer-surf-shirt-for-kids-copy,,,,,,,,,9-10 YRS,,,Grey,,,,,'10710410,200.0,shopify,50,continue,manual,899.00,0.00,true,true,,,,,'10710410,,,,,,,,,,,,,,,,,,,,,,,,,,,,,,,,,,,,,,,,,,,,,,,https://cdn.shopify.com/s/files/1/0618/2368/0740/files/15_1c0692ed-da28-4bbc-bf9c-fe0699253561.png?v=1717079013,kg,,,,,,
summer-surf-shirt-for-kids-copy,,,,,,,,,9-10 YRS,,,Red,,,,,'10710411,200.0,shopify,50,continue,manual,899.00,0.00,true,true,,,,,'10710411,,,,,,,,,,,,,,,,,,,,,,,,,,,,,,,,,,,,,,,,,,,,,,,https://cdn.shopify.com/s/files/1/0618/2368/0740/files/24_f9a4ce59-eb04-4230-8e8b-1c9d6e9c9a08.png?v=1717079013,kg,,,,,,
summer-surf-shirt-for-kids-copy,,,,,,,,,9-10 YRS,,,Light Blue,,,,,'10710412,200.0,shopify,50,continue,manual,899.00,0.00,true,true,,,,,'10710412,,,,,,,,,,,,,,,,,,,,,,,,,,,,,,,,,,,,,,,,,,,,,,,https://cdn.shopify.com/s/files/1/0618/2368/0740/files/17_e6c6525d-2b1c-4e9c-b7e9-7283a8ef60f1.png?v=1717079013,kg,,,,,,
summer-surf-shirt-for-kids-copy,,,,,,,,,9-10 YRS,,,Green,,,,,'10710413,200.0,shopify,50,continue,manual,899.00,0.00,true,true,,,,,'10710413,,,,,,,,,,,,,,,,,,,,,,,,,,,,,,,,,,,,,,,,,,,,,,,https://cdn.shopify.com/s/files/1/0618/2368/0740/files/20_d28a9a91-3329-40f2-94a5-031d88ebb381.png?v=1717079013,kg,,,,,,
summer-surf-shirt-for-kids-copy,,,,,,,,,9-10 YRS,,,Navy Blue,,,,,'10710414,200.0,shopify,50,continue,manual,899.00,0.00,true,true,,,,,'10710414,,,,,,,,,,,,,,,,,,,,,,,,,,,,,,,,,,,,,,,,,,,,,,,https://cdn.shopify.com/s/files/1/0618/2368/0740/files/18_5b817fd4-7f80-4344-91dc-107d09387d6f.png?v=1717079013,kg,,,,,,
summer-surf-shirt-for-kids-copy,,,,,,,,,9-10 YRS,,,Purple,,,,,'10710415,200.0,shopify,50,continue,manual,899.00,0.00,true,true,,,,,'10710415,,,,,,,,,,,,,,,,,,,,,,,,,,,,,,,,,,,,,,,,,,,,,,,https://cdn.shopify.com/s/files/1/0618/2368/0740/files/28_a0857aed-9c31-4f43-8f1d-2b0f92b5c166.png?v=1717079013,kg,,,,,,
summer-surf-shirt-for-kids-copy,,,,,,,,,11-12 YRS,,,Beige,,,,,'10710416,200.0,shopify,50,continue,manual,899.00,0.00,true,true,,,,,'10710416,,,,,,,,,,,,,,,,,,,,,,,,,,,,,,,,,,,,,,,,,,,,,,,https://cdn.shopify.com/s/files/1/0618/2368/0740/files/21_154a45f7-1c6f-443e-8bb8-c8cff443b9f9.png?v=1717075386,kg,,,,,,
summer-surf-shirt-for-kids-copy,,,,,,,,,11-12 YRS,,,Pink,,,,,'10710417,200.0,shopify,50,continue,manual,899.00,0.00,true,true,,,,,'10710417,,,,,,,,,,,,,,,,,,,,,,,,,,,,,,,,,,,,,,,,,,,,,,,https://cdn.shopify.com/s/files/1/0618/2368/0740/files/25_ea864b54-a6ed-4577-a1cf-fcaedc574e5d.png?v=1717079013,kg,,,,,,
summer-surf-shirt-for-kids-copy,,,,,,,,,11-12 YRS,,,White,,,,,'10710418,200.0,shopify,50,continue,manual,899.00,0.00,true,true,,,,,'10710418,,,,,,,,,,,,,,,,,,,,,,,,,,,,,,,,,,,,,,,,,,,,,,,https://cdn.shopify.com/s/files/1/0618/2368/0740/files/22_c39ae590-3b56-4c83-ab48-9b10f1d9f108.png?v=1717079013,kg,,,,,,
summer-surf-shirt-for-kids-copy,,,,,,,,,11-12 YRS,,,Bottle Green,,,,,'10710419,200.0,shopify,50,continue,manual,899.00,0.00,true,true,,,,,'10710419,,,,,,,,,,,,,,,,,,,,,,,,,,,,,,,,,,,,,,,,,,,,,,,https://cdn.shopify.com/s/files/1/0618/2368/0740/files/19_628584b5-32b2-41a5-8e59-d4b3e2cf34fa.png?v=1717079013,kg,,,,,,
summer-surf-shirt-for-kids-copy,,,,,,,,,11-12 YRS,,,Orange,,,,,'10710420,200.0,shopify,50,continue,manual,899.00,0.00,true,true,,,,,'10710420,,,,,,,,,,,,,,,,,,,,,,,,,,,,,,,,,,,,,,,,,,,,,,,https://cdn.shopify.com/s/files/1/0618/2368/0740/files/26_bdb96898-db80-48c6-826e-724c66163c77.png?v=1717079013,kg,,,,,,
summer-surf-shirt-for-kids-copy,,,,,,,,,11-12 YRS,,,Yellow,,,,,'10710421,200.0,shopify,50,continue,manual,899.00,0.00,true,true,,,,,'10710421,,,,,,,,,,,,,,,,,,,,,,,,,,,,,,,,,,,,,,,,,,,,,,,https://cdn.shopify.com/s/files/1/0618/2368/0740/files/16_17ab7e45-a88d-4c77-b208-fe9f78b8da61.png?v=1717079013,kg,,,,,,
summer-surf-shirt-for-kids-copy,,,,,,,,,11-12 YRS,,,Mahroon,,,,,'10710422,200.0,shopify,50,continue,manual,899.00,0.00,true,true,,,,,'10710422,,,,,,,,,,,,,,,,,,,,,,,,,,,,,,,,,,,,,,,,,,,,,,,https://cdn.shopify.com/s/files/1/0618/2368/0740/files/23_fb0c2f83-71cd-407b-a7d6-8c6d976389cb.png?v=1717079013,kg,,,,,,
summer-surf-shirt-for-kids-copy,,,,,,,,,11-12 YRS,,,Grey,,,,,'10710423,200.0,shopify,50,continue,manual,899.00,0.00,true,true,,,,,'10710423,,,,,,,,,,,,,,,,,,,,,,,,,,,,,,,,,,,,,,,,,,,,,,,https://cdn.shopify.com/s/files/1/0618/2368/0740/files/15_1c0692ed-da28-4bbc-bf9c-fe0699253561.png?v=1717079013,kg,,,,,,
summer-surf-shirt-for-kids-copy,,,,,,,,,11-12 YRS,,,Red,,,,,'10710424,200.0,shopify,50,continue,manual,899.00,0.00,true,true,,,,,'10710424,,,,,,,,,,,,,,,,,,,,,,,,,,,,,,,,,,,,,,,,,,,,,,,https://cdn.shopify.com/s/files/1/0618/2368/0740/files/24_f9a4ce59-eb04-4230-8e8b-1c9d6e9c9a08.png?v=1717079013,kg,,,,,,
summer-surf-shirt-for-kids-copy,,,,,,,,,11-12 YRS,,,Light Blue,,,,,'10710425,200.0,shopify,50,continue,manual,899.00,0.00,true,true,,,,,'10710425,,,,,,,,,,,,,,,,,,,,,,,,,,,,,,,,,,,,,,,,,,,,,,,https://cdn.shopify.com/s/files/1/0618/2368/0740/files/17_e6c6525d-2b1c-4e9c-b7e9-7283a8ef60f1.png?v=1717079013,kg,,,,,,
summer-surf-shirt-for-kids-copy,,,,,,,,,11-12 YRS,,,Green,,,,,'10710426,200.0,shopify,50,continue,manual,899.00,0.00,true,true,,,,,'10710426,,,,,,,,,,,,,,,,,,,,,,,,,,,,,,,,,,,,,,,,,,,,,,,https://cdn.shopify.com/s/files/1/0618/2368/0740/files/20_d28a9a91-3329-40f2-94a5-031d88ebb381.png?v=1717079013,kg,,,,,,
summer-surf-shirt-for-kids-copy,,,,,,,,,11-12 YRS,,,Navy Blue,,,,,'10710427,200.0,shopify,50,continue,manual,899.00,0.00,true,true,,,,,'10710427,,,,,,,,,,,,,,,,,,,,,,,,,,,,,,,,,,,,,,,,,,,,,,,https://cdn.shopify.com/s/files/1/0618/2368/0740/files/18_5b817fd4-7f80-4344-91dc-107d09387d6f.png?v=1717079013,kg,,,,,,
summer-surf-shirt-for-kids-copy,,,,,,,,,11-12 YRS,,,Purple,,,,,'10710428,200.0,shopify,50,continue,manual,899.00,0.00,true,true,,,,,'10710428,,,,,,,,,,,,,,,,,,,,,,,,,,,,,,,,,,,,,,,,,,,,,,,https://cdn.shopify.com/s/files/1/0618/2368/0740/files/28_a0857aed-9c31-4f43-8f1d-2b0f92b5c166.png?v=1717079013,kg,,,,,,
summer-surf-shirt-for-kids-copy,,,,,,,,,13-14 YRS,,,Beige,,,,,'10710429,200.0,shopify,99,continue,manual,999.00,0.00,true,true,,,,,'10710429,,,,,,,,,,,,,,,,,,,,,,,,,,,,,,,,,,,,,,,,,,,,,,,https://cdn.shopify.com/s/files/1/0618/2368/0740/files/21_154a45f7-1c6f-443e-8bb8-c8cff443b9f9.png?v=1717075386,kg,,,,,,
summer-surf-shirt-for-kids-copy,,,,,,,,,13-14 YRS,,,Pink,,,,,'10710430,200.0,shopify,100,continue,manual,999.00,0.00,true,true,,,,,'10710430,,,,,,,,,,,,,,,,,,,,,,,,,,,,,,,,,,,,,,,,,,,,,,,https://cdn.shopify.com/s/files/1/0618/2368/0740/files/25_ea864b54-a6ed-4577-a1cf-fcaedc574e5d.png?v=1717079013,kg,,,,,,
summer-surf-shirt-for-kids-copy,,,,,,,,,13-14 YRS,,,White,,,,,'10710431,200.0,shopify,100,continue,manual,999.00,0.00,true,true,,,,,'10710431,,,,,,,,,,,,,,,,,,,,,,,,,,,,,,,,,,,,,,,,,,,,,,,https://cdn.shopify.com/s/files/1/0618/2368/0740/files/22_c39ae590-3b56-4c83-ab48-9b10f1d9f108.png?v=1717079013,kg,,,,,,
summer-surf-shirt-for-kids-copy,,,,,,,,,13-14 YRS,,,Bottle Green,,,,,'10710432,200.0,shopify,100,continue,manual,999.00,0.00,true,true,,,,,'10710432,,,,,,,,,,,,,,,,,,,,,,,,,,,,,,,,,,,,,,,,,,,,,,,https://cdn.shopify.com/s/files/1/0618/2368/0740/files/19_628584b5-32b2-41a5-8e59-d4b3e2cf34fa.png?v=1717079013,kg,,,,,,
summer-surf-shirt-for-kids-copy,,,,,,,,,13-14 YRS,,,Orange,,,,,'10710433,200.0,shopify,100,continue,manual,999.00,0.00,true,true,,,,,'10710433,,,,,,,,,,,,,,,,,,,,,,,,,,,,,,,,,,,,,,,,,,,,,,,https://cdn.shopify.com/s/files/1/0618/2368/0740/files/26_bdb96898-db80-48c6-826e-724c66163c77.png?v=1717079013,kg,,,,,,
summer-surf-shirt-for-kids-copy,,,,,,,,,13-14 YRS,,,Yellow,,,,,'10710434,200.0,shopify,100,continue,manual,999.00,0.00,true,true,,,,,'10710434,,,,,,,,,,,,,,,,,,,,,,,,,,,,,,,,,,,,,,,,,,,,,,,https://cdn.shopify.com/s/files/1/0618/2368/0740/files/16_17ab7e45-a88d-4c77-b208-fe9f78b8da61.png?v=1717079013,kg,,,,,,
summer-surf-shirt-for-kids-copy,,,,,,,,,13-14 YRS,,,Mahroon,,,,,'10710435,200.0,shopify,100,continue,manual,999.00,0.00,true,true,,,,,'10710435,,,,,,,,,,,,,,,,,,,,,,,,,,,,,,,,,,,,,,,,,,,,,,,https://cdn.shopify.com/s/files/1/0618/2368/0740/files/23_fb0c2f83-71cd-407b-a7d6-8c6d976389cb.png?v=1717079013,kg,,,,,,
summer-surf-shirt-for-kids-copy,,,,,,,,,13-14 YRS,,,Grey,,,,,'10710436,200.0,shopify,100,continue,manual,999.00,0.00,true,true,,,,,'10710436,,,,,,,,,,,,,,,,,,,,,,,,,,,,,,,,,,,,,,,,,,,,,,,https://cdn.shopify.com/s/files/1/0618/2368/0740/files/15_1c0692ed-da28-4bbc-bf9c-fe0699253561.png?v=1717079013,kg,,,,,,
summer-surf-shirt-for-kids-copy,,,,,,,,,13-14 YRS,,,Red,,,,,'10710437,200.0,shopify,100,continue,manual,999.00,0.00,true,true,,,,,'10710437,,,,,,,,,,,,,,,,,,,,,,,,,,,,,,,,,,,,,,,,,,,,,,,https://cdn.shopify.com/s/files/1/0618/2368/0740/files/24_f9a4ce59-eb04-4230-8e8b-1c9d6e9c9a08.png?v=1717079013,kg,,,,,,
summer-surf-shirt-for-kids-copy,,,,,,,,,13-14 YRS,,,Light Blue,,,,,'10710438,200.0,shopify,100,continue,manual,999.00,0.00,true,true,,,,,'10710438,,,,,,,,,,,,,,,,,,,,,,,,,,,,,,,,,,,,,,,,,,,,,,,https://cdn.shopify.com/s/files/1/0618/2368/0740/files/17_e6c6525d-2b1c-4e9c-b7e9-7283a8ef60f1.png?v=1717079013,kg,,,,,,
summer-surf-shirt-for-kids-copy,,,,,,,,,13-14 YRS,,,Green,,,,,'10710439,200.0,shopify,100,continue,manual,999.00,0.00,true,true,,,,,'10710439,,,,,,,,,,,,,,,,,,,,,,,,,,,,,,,,,,,,,,,,,,,,,,,https://cdn.shopify.com/s/files/1/0618/2368/0740/files/20_d28a9a91-3329-40f2-94a5-031d88ebb381.png?v=1717079013,kg,,,,,,
summer-surf-shirt-for-kids-copy,,,,,,,,,13-14 YRS,,,Navy Blue,,,,,'10710440,200.0,shopify,100,continue,manual,999.00,0.00,true,true,,,,,'10710440,,,,,,,,,,,,,,,,,,,,,,,,,,,,,,,,,,,,,,,,,,,,,,,https://cdn.shopify.com/s/files/1/0618/2368/0740/files/18_5b817fd4-7f80-4344-91dc-107d09387d6f.png?v=1717079013,kg,,,,,,
summer-surf-shirt-for-kids-copy,,,,,,,,,13-14 YRS,,,Purple,,,,,'10706828,200.0,shopify,100,continue,manual,999.00,0.00,true,true,,,,,'10706828,,,,,,,,,,,,,,,,,,,,,,,,,,,,,,,,,,,,,,,,,,,,,,,https://cdn.shopify.com/s/files/1/0618/2368/0740/files/28_a0857aed-9c31-4f43-8f1d-2b0f92b5c166.png?v=1717079013,kg,,,,,,
daddy-me-print-t-shirt-shorts-set,Daddy & Me Print T-Shirt & Shorts Set,"<h4 data-mce-fragment=""1"">Daddy &amp; Me Print T-Shirt &amp; Shorts Set</h4>
<p data-mce-fragment=""1"">Pair of Shirt &amp; Trouser</p>
<p data-mce-fragment=""1"">Fabric: Soft High-Quality Jersey</p>
<p data-mce-fragment=""1"">Full Sleeve T-Shirt</p>
<p data-mce-fragment=""1"">Contrast Trouser</p>
<p data-mce-fragment=""1"">Round Neck</p>
<p data-mce-fragment=""1"">Three-Tone Color Shirt</p>
<p data-mce-fragment=""1"">Printed Cartoon</p>
<p data-mce-fragment=""1"">Comfortable Wear</p>
<p data-mce-fragment=""1"">Easy Wash &amp; Press</p>
<p data-mce-fragment=""1"">Sizes 1- 6 years</p>
<p data-mce-fragment=""1""><span data-mce-fragment=""1"">Gender: Male/ Female ( BABY &amp; BABA BOTH)</span></p>",BBG FASHION,Apparel & Accessories > Clothing > Baby & Toddler Clothing,Kids Half Sleeves Twinset,"k, kids half sleeves, Premium Quality",false,Size,2 - 6 Months,,Color,Red,,,,,'10710331,500.0,shopify,177,deny,manual,999.00,,true,false,,,,,'10710331,https://cdn.shopify.com/s/files/1/0618/2368/0740/files/4_43_11525800-95a7-4c40-98f7-5c56d2811822.webp?v=1771253747,1,Daddy Me Print T Shirt Shorts Set - front view - unisex wear Pakistan,false,,"Shop this adorable kids’ “Dad + Me” outfit set, featuring a stylish graphic T-shirt and matching shorts—available in pink, black, and red. Perfect for everyday comfort with a cute, playful touch.",,,,,,,,,,,,,'10,,,,,,,,,,,,,,,,,,,,,,,,,,,,https://cdn.shopify.com/s/files/1/0618/2368/0740/files/4_43_11525800-95a7-4c40-98f7-5c56d2811822.webp?v=1771253747,kg,,,true,,,draft
daddy-me-print-t-shirt-shorts-set,,,,,,,,,2 - 6 Months,,,Black,,,,,'10710332,500.0,shopify,58,deny,manual,999.00,,true,false,,,,,'10710332,https://cdn.shopify.com/s/files/1/0618/2368/0740/files/4_48_e54f2e3b-0f0f-4d31-a8eb-d5c3ff1db44a.webp?v=1771253760,2,Daddy Me Print T Shirt Shorts Set - back view - unisex wear Pakistan,,,,,,,,,,,,,,,,,,,,,,,,,,,,,,,,,,,,,,,,,,,,https://cdn.shopify.com/s/files/1/0618/2368/0740/files/4_48_e54f2e3b-0f0f-4d31-a8eb-d5c3ff1db44a.webp?v=1771253760,kg,,,,,,
daddy-me-print-t-shirt-shorts-set,,,,,,,,,2 - 6 Months,,,Pink,,,,,'10710333,500.0,shopify,87,deny,manual,999.00,,true,false,,,,,'10710333,https://cdn.shopify.com/s/files/1/0618/2368/0740/files/4_47_d0dd53af-f7c2-47a6-b287-fcd3b2af11cf.webp?v=1771253777,3,Daddy Me Print T Shirt Shorts Set - side view - unisex wear Pakistan,,,,,,,,,,,,,,,,,,,,,,,,,,,,,,,,,,,,,,,,,,,,https://cdn.shopify.com/s/files/1/0618/2368/0740/files/4_47_d0dd53af-f7c2-47a6-b287-fcd3b2af11cf.webp?v=1771253777,kg,,,,,,
daddy-me-print-t-shirt-shorts-set,,,,,,,,,6- 12 Months,,,Red,,,,,'10710334,500.0,shopify,161,deny,manual,999.00,,true,false,,,,,'10710334,https://cdn.shopify.com/s/files/1/0618/2368/0740/files/ChatGPT_Image_Mar_2_2026_08_02_23_PM.webp?v=1774966131,4,Yellow Grey Kids Short Sleeve Kids Wear - back view - kids wear Pakistan,,,,,,,,,,,,,,,,,,,,,,,,,,,,,,,,,,,,,,,,,,,,https://cdn.shopify.com/s/files/1/0618/2368/0740/files/4_43_11525800-95a7-4c40-98f7-5c56d2811822.webp?v=1771253747,kg,,,,,,
daddy-me-print-t-shirt-shorts-set,,,,,,,,,6- 12 Months,,,Black,,,,,'10710335,500.0,shopify,43,deny,manual,999.00,,true,false,,,,,'10710335,,,,,,,,,,,,,,,,,,,,,,,,,,,,,,,,,,,,,,,,,,,,,,,https://cdn.shopify.com/s/files/1/0618/2368/0740/files/4_48_e54f2e3b-0f0f-4d31-a8eb-d5c3ff1db44a.webp?v=1771253760,kg,,,,,,
daddy-me-print-t-shirt-shorts-set,,,,,,,,,6- 12 Months,,,Pink,,,,,'10710336,500.0,shopify,0,deny,manual,999.00,,true,false,,,,,'10710336,,,,,,,,,,,,,,,,,,,,,,,,,,,,,,,,,,,,,,,,,,,,,,,https://cdn.shopify.com/s/files/1/0618/2368/0740/files/4_47_d0dd53af-f7c2-47a6-b287-fcd3b2af11cf.webp?v=1771253777,kg,,,,,,
daddy-me-print-t-shirt-shorts-set,,,,,,,,,13 - 24 Months,,,Red,,,,,'10710337,500.0,shopify,148,deny,manual,999.00,,true,false,,,,,'10710337,,,,,,,,,,,,,,,,,,,,,,,,,,,,,,,,,,,,,,,,,,,,,,,https://cdn.shopify.com/s/files/1/0618/2368/0740/files/4_43_11525800-95a7-4c40-98f7-5c56d2811822.webp?v=1771253747,kg,,,,,,
daddy-me-print-t-shirt-shorts-set,,,,,,,,,13 - 24 Months,,,Black,,,,,'10710338,500.0,shopify,10,deny,manual,999.00,,true,false,,,,,'10710338,,,,,,,,,,,,,,,,,,,,,,,,,,,,,,,,,,,,,,,,,,,,,,,https://cdn.shopify.com/s/files/1/0618/2368/0740/files/4_48_e54f2e3b-0f0f-4d31-a8eb-d5c3ff1db44a.webp?v=1771253760,kg,,,,,,
daddy-me-print-t-shirt-shorts-set,,,,,,,,,13 - 24 Months,,,Pink,,,,,'10710339,500.0,shopify,80,deny,manual,999.00,,true,false,,,,,'10710339,,,,,,,,,,,,,,,,,,,,,,,,,,,,,,,,,,,,,,,,,,,,,,,https://cdn.shopify.com/s/files/1/0618/2368/0740/files/4_47_d0dd53af-f7c2-47a6-b287-fcd3b2af11cf.webp?v=1771253777,kg,,,,,,
daddy-me-print-t-shirt-shorts-set,,,,,,,,,2 - 3 Years,,,Red,,,,,'10710340,500.0,shopify,158,deny,manual,999.00,,true,false,,,,,'10710340,,,,,,,,,,,,,,,,,,,,,,,,,,,,,,,,,,,,,,,,,,,,,,,https://cdn.shopify.com/s/files/1/0618/2368/0740/files/4_43_11525800-95a7-4c40-98f7-5c56d2811822.webp?v=1771253747,kg,,,,,,
