Handle,Title,Body (HTML),Vendor,Product Category,Type,Tags,Published,Option1 Name,Option1 Value,Option1 Linked To,Option2 Name,Option2 Value,Option2 Linked To,Option3 Name,Option3 Value,Option3 Linked To,Variant SKU,Variant Grams,Variant Inventory Tracker,Variant Inventory Qty,Variant Inventory Policy,Variant Fulfillment Service,Variant Price,Variant Compare At Price,Variant Requires Shipping,Variant Taxable,Unit Price Total Measure,Unit Price Total Measure Unit,Unit Price Base Measure,Unit Price Base Measure Unit,Variant Barcode,Image Src,Image Position,Image Alt Text,Gift Card,SEO Title,SEO Description,Google Shopping / Google Product Category,Google Shopping / Gender,Google Shopping / Age Group,Google Shopping / MPN,Google Shopping / Condition,Google Shopping / Custom Product,Google Shopping / Custom Label 0,Google Shopping / Custom Label 1,Google Shopping / Custom Label 2,Google Shopping / Custom Label 3,Google Shopping / Custom Label 4,Google: Custom Product (product.metafields.mm-google-shopping.custom_product),Product rating count (product.metafields.reviews.rating_count),Activewear clothing features (product.metafields.shopify.activewear-clothing-features),Activity (product.metafields.shopify.activity),Age group (product.metafields.shopify.age-group),Baby/Toddler clothing features (product.metafields.shopify.baby-toddler-clothing-features),Baby/Toddler sleepwear style (product.metafields.shopify.baby-toddler-sleepwear-style),Care instructions (product.metafields.shopify.care-instructions),Clothing features (product.metafields.shopify.clothing-features),Color (product.metafields.shopify.color-pattern),Dress occasion (product.metafields.shopify.dress-occasion),Dress style (product.metafields.shopify.dress-style),Fabric (product.metafields.shopify.fabric),Fit (product.metafields.shopify.fit),Intimate apparel features (product.metafields.shopify.intimate-apparel-features),Neckline (product.metafields.shopify.neckline),One-piece style (product.metafields.shopify.one-piece-style),Outerwear clothing features (product.metafields.shopify.outerwear-clothing-features),Pants length type (product.metafields.shopify.pants-length-type),Size (product.metafields.shopify.size),Skirt/Dress length type (product.metafields.shopify.skirt-dress-length-type),Sleeve length type (product.metafields.shopify.sleeve-length-type),Target gender (product.metafields.shopify.target-gender),Top length type (product.metafields.shopify.top-length-type),Waist rise (product.metafields.shopify.waist-rise),Complementary products (product.metafields.shopify--discovery--product_recommendation.complementary_products),Related products (product.metafields.shopify--discovery--product_recommendation.related_products),Related products settings (product.metafields.shopify--discovery--product_recommendation.related_products_display),Search product boosts (product.metafields.shopify--discovery--product_search_boost.queries),Variant Image,Variant Weight Unit,Variant Tax Code,Cost per item,Included / Pakistan,Price / Pakistan,Compare At Price / Pakistan,Status
copy-of-baby-cat-printed-t-shirt-for-kids,,,,,,,,,5-6 YRS,,,Blue,,,,,'10712242,200.0,shopify,50,continue,manual,799.00,0.00,true,true,,,,,'10712242,,,,,,,,,,,,,,,,,,,,,,,,,,,,,,,,,,,,,,,,,,,,,,,https://cdn.shopify.com/s/files/1/0618/2368/0740/files/28_ca342f32-32d8-4de2-87eb-992d79c78ed5.png?v=1717078279,kg,,,,,,
copy-of-baby-cat-printed-t-shirt-for-kids,,,,,,,,,7-8 YRS,,,Orange,,,,,'10712243,200.0,shopify,47,continue,manual,799.00,0.00,true,true,,,,,'10712243,,,,,,,,,,,,,,,,,,,,,,,,,,,,,,,,,,,,,,,,,,,,,,,https://cdn.shopify.com/s/files/1/0618/2368/0740/files/26_830e5980-09aa-4726-81dd-8056d45fcd1f.png?v=1717075986,kg,,,,,,
copy-of-baby-cat-printed-t-shirt-for-kids,,,,,,,,,7-8 YRS,,,Mahroon,,,,,'10712244,200.0,shopify,49,continue,manual,799.00,0.00,true,true,,,,,'10712244,,,,,,,,,,,,,,,,,,,,,,,,,,,,,,,,,,,,,,,,,,,,,,,https://cdn.shopify.com/s/files/1/0618/2368/0740/files/17_b3877243-9086-406f-a1b9-b9e9f0ac2b98.png?v=1717078279,kg,,,,,,
copy-of-baby-cat-printed-t-shirt-for-kids,,,,,,,,,7-8 YRS,,,White,,,,,'10712245,200.0,shopify,50,continue,manual,799.00,0.00,true,true,,,,,'10712245,,,,,,,,,,,,,,,,,,,,,,,,,,,,,,,,,,,,,,,,,,,,,,,https://cdn.shopify.com/s/files/1/0618/2368/0740/files/13_fee4e5d4-fa84-497f-9ef1-96b4b85e3c56.png?v=1717078279,kg,,,,,,
copy-of-baby-cat-printed-t-shirt-for-kids,,,,,,,,,7-8 YRS,,,Black,,,,,'10712246,200.0,shopify,50,continue,manual,799.00,0.00,true,true,,,,,'10712246,,,,,,,,,,,,,,,,,,,,,,,,,,,,,,,,,,,,,,,,,,,,,,,https://cdn.shopify.com/s/files/1/0618/2368/0740/files/10_4c0435f9-b6bb-41f3-9b17-e99c26ffa6f6.png?v=1717078279,kg,,,,,,
copy-of-baby-cat-printed-t-shirt-for-kids,,,,,,,,,7-8 YRS,,,Red,,,,,'10712247,200.0,shopify,50,continue,manual,799.00,0.00,true,true,,,,,'10712247,,,,,,,,,,,,,,,,,,,,,,,,,,,,,,,,,,,,,,,,,,,,,,,https://cdn.shopify.com/s/files/1/0618/2368/0740/files/19_4bd3b586-cd67-4a1f-8beb-d375102a2d88.png?v=1717078279,kg,,,,,,
copy-of-baby-cat-printed-t-shirt-for-kids,,,,,,,,,7-8 YRS,,,Yellow,,,,,'10712248,200.0,shopify,50,continue,manual,799.00,0.00,true,true,,,,,'10712248,,,,,,,,,,,,,,,,,,,,,,,,,,,,,,,,,,,,,,,,,,,,,,,https://cdn.shopify.com/s/files/1/0618/2368/0740/files/25_360fa3ad-a5c5-4d68-8a64-b6d5a71ca660.png?v=1717078279,kg,,,,,,
copy-of-baby-cat-printed-t-shirt-for-kids,,,,,,,,,7-8 YRS,,,Grey,,,,,'10712249,200.0,shopify,50,continue,manual,799.00,0.00,true,true,,,,,'10712249,,,,,,,,,,,,,,,,,,,,,,,,,,,,,,,,,,,,,,,,,,,,,,,https://cdn.shopify.com/s/files/1/0618/2368/0740/files/21_26304688-d5a9-4138-bfbb-54a536133d3c.png?v=1717078279,kg,,,,,,
copy-of-baby-cat-printed-t-shirt-for-kids,,,,,,,,,7-8 YRS,,,Pink,,,,,'10712250,200.0,shopify,50,continue,manual,799.00,0.00,true,true,,,,,'10712250,,,,,,,,,,,,,,,,,,,,,,,,,,,,,,,,,,,,,,,,,,,,,,,https://cdn.shopify.com/s/files/1/0618/2368/0740/files/22.png?v=1717078279,kg,,,,,,
copy-of-baby-cat-printed-t-shirt-for-kids,,,,,,,,,7-8 YRS,,,Blue,,,,,'10712251,200.0,shopify,50,continue,manual,799.00,0.00,true,true,,,,,'10712251,,,,,,,,,,,,,,,,,,,,,,,,,,,,,,,,,,,,,,,,,,,,,,,https://cdn.shopify.com/s/files/1/0618/2368/0740/files/28_ca342f32-32d8-4de2-87eb-992d79c78ed5.png?v=1717078279,kg,,,,,,
copy-of-baby-cat-printed-t-shirt-for-kids,,,,,,,,,9-10 YRS,,,Orange,,,,,'10712252,200.0,shopify,49,continue,manual,899.00,0.00,true,true,,,,,'10712252,,,,,,,,,,,,,,,,,,,,,,,,,,,,,,,,,,,,,,,,,,,,,,,https://cdn.shopify.com/s/files/1/0618/2368/0740/files/26_830e5980-09aa-4726-81dd-8056d45fcd1f.png?v=1717075986,kg,,,,,,
copy-of-baby-cat-printed-t-shirt-for-kids,,,,,,,,,9-10 YRS,,,Mahroon,,,,,'10712253,200.0,shopify,50,continue,manual,899.00,0.00,true,true,,,,,'10712253,,,,,,,,,,,,,,,,,,,,,,,,,,,,,,,,,,,,,,,,,,,,,,,https://cdn.shopify.com/s/files/1/0618/2368/0740/files/17_b3877243-9086-406f-a1b9-b9e9f0ac2b98.png?v=1717078279,kg,,,,,,
copy-of-baby-cat-printed-t-shirt-for-kids,,,,,,,,,9-10 YRS,,,White,,,,,'10712254,200.0,shopify,49,continue,manual,899.00,0.00,true,true,,,,,'10712254,,,,,,,,,,,,,,,,,,,,,,,,,,,,,,,,,,,,,,,,,,,,,,,https://cdn.shopify.com/s/files/1/0618/2368/0740/files/13_fee4e5d4-fa84-497f-9ef1-96b4b85e3c56.png?v=1717078279,kg,,,,,,
copy-of-baby-cat-printed-t-shirt-for-kids,,,,,,,,,9-10 YRS,,,Black,,,,,'10712255,200.0,shopify,50,continue,manual,899.00,0.00,true,true,,,,,'10712255,,,,,,,,,,,,,,,,,,,,,,,,,,,,,,,,,,,,,,,,,,,,,,,https://cdn.shopify.com/s/files/1/0618/2368/0740/files/10_4c0435f9-b6bb-41f3-9b17-e99c26ffa6f6.png?v=1717078279,kg,,,,,,
copy-of-baby-cat-printed-t-shirt-for-kids,,,,,,,,,9-10 YRS,,,Red,,,,,'10712256,200.0,shopify,50,continue,manual,899.00,0.00,true,true,,,,,'10712256,,,,,,,,,,,,,,,,,,,,,,,,,,,,,,,,,,,,,,,,,,,,,,,https://cdn.shopify.com/s/files/1/0618/2368/0740/files/19_4bd3b586-cd67-4a1f-8beb-d375102a2d88.png?v=1717078279,kg,,,,,,
copy-of-baby-cat-printed-t-shirt-for-kids,,,,,,,,,9-10 YRS,,,Yellow,,,,,'10712257,200.0,shopify,50,continue,manual,899.00,0.00,true,true,,,,,'10712257,,,,,,,,,,,,,,,,,,,,,,,,,,,,,,,,,,,,,,,,,,,,,,,https://cdn.shopify.com/s/files/1/0618/2368/0740/files/25_360fa3ad-a5c5-4d68-8a64-b6d5a71ca660.png?v=1717078279,kg,,,,,,
copy-of-baby-cat-printed-t-shirt-for-kids,,,,,,,,,9-10 YRS,,,Grey,,,,,'10712258,200.0,shopify,50,continue,manual,899.00,0.00,true,true,,,,,'10712258,,,,,,,,,,,,,,,,,,,,,,,,,,,,,,,,,,,,,,,,,,,,,,,https://cdn.shopify.com/s/files/1/0618/2368/0740/files/21_26304688-d5a9-4138-bfbb-54a536133d3c.png?v=1717078279,kg,,,,,,
copy-of-baby-cat-printed-t-shirt-for-kids,,,,,,,,,9-10 YRS,,,Pink,,,,,'10712259,200.0,shopify,50,continue,manual,899.00,0.00,true,true,,,,,'10712259,,,,,,,,,,,,,,,,,,,,,,,,,,,,,,,,,,,,,,,,,,,,,,,https://cdn.shopify.com/s/files/1/0618/2368/0740/files/22.png?v=1717078279,kg,,,,,,
copy-of-baby-cat-printed-t-shirt-for-kids,,,,,,,,,9-10 YRS,,,Blue,,,,,'10712260,200.0,shopify,50,continue,manual,899.00,0.00,true,true,,,,,'10712260,,,,,,,,,,,,,,,,,,,,,,,,,,,,,,,,,,,,,,,,,,,,,,,https://cdn.shopify.com/s/files/1/0618/2368/0740/files/28_ca342f32-32d8-4de2-87eb-992d79c78ed5.png?v=1717078279,kg,,,,,,
copy-of-baby-cat-printed-t-shirt-for-kids,,,,,,,,,11-12 YRS,,,Orange,,,,,'10712261,200.0,shopify,49,continue,manual,899.00,0.00,true,true,,,,,'10712261,,,,,,,,,,,,,,,,,,,,,,,,,,,,,,,,,,,,,,,,,,,,,,,https://cdn.shopify.com/s/files/1/0618/2368/0740/files/26_830e5980-09aa-4726-81dd-8056d45fcd1f.png?v=1717075986,kg,,,,,,
copy-of-baby-cat-printed-t-shirt-for-kids,,,,,,,,,11-12 YRS,,,Mahroon,,,,,'10712262,200.0,shopify,50,continue,manual,899.00,0.00,true,true,,,,,'10712262,,,,,,,,,,,,,,,,,,,,,,,,,,,,,,,,,,,,,,,,,,,,,,,https://cdn.shopify.com/s/files/1/0618/2368/0740/files/17_b3877243-9086-406f-a1b9-b9e9f0ac2b98.png?v=1717078279,kg,,,,,,
copy-of-baby-cat-printed-t-shirt-for-kids,,,,,,,,,11-12 YRS,,,White,,,,,'10712263,200.0,shopify,49,continue,manual,899.00,0.00,true,true,,,,,'10712263,,,,,,,,,,,,,,,,,,,,,,,,,,,,,,,,,,,,,,,,,,,,,,,https://cdn.shopify.com/s/files/1/0618/2368/0740/files/13_fee4e5d4-fa84-497f-9ef1-96b4b85e3c56.png?v=1717078279,kg,,,,,,
copy-of-baby-cat-printed-t-shirt-for-kids,,,,,,,,,11-12 YRS,,,Black,,,,,'10712264,200.0,shopify,50,continue,manual,899.00,0.00,true,true,,,,,'10712264,,,,,,,,,,,,,,,,,,,,,,,,,,,,,,,,,,,,,,,,,,,,,,,https://cdn.shopify.com/s/files/1/0618/2368/0740/files/10_4c0435f9-b6bb-41f3-9b17-e99c26ffa6f6.png?v=1717078279,kg,,,,,,
copy-of-baby-cat-printed-t-shirt-for-kids,,,,,,,,,11-12 YRS,,,Red,,,,,'10712265,200.0,shopify,50,continue,manual,899.00,0.00,true,true,,,,,'10712265,,,,,,,,,,,,,,,,,,,,,,,,,,,,,,,,,,,,,,,,,,,,,,,https://cdn.shopify.com/s/files/1/0618/2368/0740/files/19_4bd3b586-cd67-4a1f-8beb-d375102a2d88.png?v=1717078279,kg,,,,,,
copy-of-baby-cat-printed-t-shirt-for-kids,,,,,,,,,11-12 YRS,,,Yellow,,,,,'10712266,200.0,shopify,48,continue,manual,899.00,0.00,true,true,,,,,'10712266,,,,,,,,,,,,,,,,,,,,,,,,,,,,,,,,,,,,,,,,,,,,,,,https://cdn.shopify.com/s/files/1/0618/2368/0740/files/25_360fa3ad-a5c5-4d68-8a64-b6d5a71ca660.png?v=1717078279,kg,,,,,,
copy-of-baby-cat-printed-t-shirt-for-kids,,,,,,,,,11-12 YRS,,,Grey,,,,,'10712267,200.0,shopify,50,continue,manual,899.00,0.00,true,true,,,,,'10712267,,,,,,,,,,,,,,,,,,,,,,,,,,,,,,,,,,,,,,,,,,,,,,,https://cdn.shopify.com/s/files/1/0618/2368/0740/files/21_26304688-d5a9-4138-bfbb-54a536133d3c.png?v=1717078279,kg,,,,,,
copy-of-baby-cat-printed-t-shirt-for-kids,,,,,,,,,11-12 YRS,,,Pink,,,,,'10712268,200.0,shopify,50,continue,manual,899.00,0.00,true,true,,,,,'10712268,,,,,,,,,,,,,,,,,,,,,,,,,,,,,,,,,,,,,,,,,,,,,,,https://cdn.shopify.com/s/files/1/0618/2368/0740/files/22.png?v=1717078279,kg,,,,,,
copy-of-baby-cat-printed-t-shirt-for-kids,,,,,,,,,11-12 YRS,,,Blue,,,,,'10712269,200.0,shopify,50,continue,manual,899.00,0.00,true,true,,,,,'10712269,,,,,,,,,,,,,,,,,,,,,,,,,,,,,,,,,,,,,,,,,,,,,,,https://cdn.shopify.com/s/files/1/0618/2368/0740/files/28_ca342f32-32d8-4de2-87eb-992d79c78ed5.png?v=1717078279,kg,,,,,,
copy-of-baby-cat-printed-t-shirt-for-kids,,,,,,,,,13-14 YRS,,,Orange,,,,,'10712270,200.0,shopify,100,continue,manual,999.00,0.00,true,true,,,,,'10712270,,,,,,,,,,,,,,,,,,,,,,,,,,,,,,,,,,,,,,,,,,,,,,,https://cdn.shopify.com/s/files/1/0618/2368/0740/files/26_830e5980-09aa-4726-81dd-8056d45fcd1f.png?v=1717075986,kg,,,,,,
copy-of-baby-cat-printed-t-shirt-for-kids,,,,,,,,,13-14 YRS,,,Mahroon,,,,,'10712271,200.0,shopify,100,continue,manual,999.00,0.00,true,true,,,,,'10712271,,,,,,,,,,,,,,,,,,,,,,,,,,,,,,,,,,,,,,,,,,,,,,,https://cdn.shopify.com/s/files/1/0618/2368/0740/files/17_b3877243-9086-406f-a1b9-b9e9f0ac2b98.png?v=1717078279,kg,,,,,,
copy-of-baby-cat-printed-t-shirt-for-kids,,,,,,,,,13-14 YRS,,,White,,,,,'10712272,200.0,shopify,100,continue,manual,999.00,0.00,true,true,,,,,'10712272,,,,,,,,,,,,,,,,,,,,,,,,,,,,,,,,,,,,,,,,,,,,,,,https://cdn.shopify.com/s/files/1/0618/2368/0740/files/13_fee4e5d4-fa84-497f-9ef1-96b4b85e3c56.png?v=1717078279,kg,,,,,,
copy-of-baby-cat-printed-t-shirt-for-kids,,,,,,,,,13-14 YRS,,,Black,,,,,'10712273,200.0,shopify,100,continue,manual,999.00,0.00,true,true,,,,,'10712273,,,,,,,,,,,,,,,,,,,,,,,,,,,,,,,,,,,,,,,,,,,,,,,https://cdn.shopify.com/s/files/1/0618/2368/0740/files/10_4c0435f9-b6bb-41f3-9b17-e99c26ffa6f6.png?v=1717078279,kg,,,,,,
copy-of-baby-cat-printed-t-shirt-for-kids,,,,,,,,,13-14 YRS,,,Red,,,,,'10712274,200.0,shopify,100,continue,manual,999.00,0.00,true,true,,,,,'10712274,,,,,,,,,,,,,,,,,,,,,,,,,,,,,,,,,,,,,,,,,,,,,,,https://cdn.shopify.com/s/files/1/0618/2368/0740/files/19_4bd3b586-cd67-4a1f-8beb-d375102a2d88.png?v=1717078279,kg,,,,,,
copy-of-baby-cat-printed-t-shirt-for-kids,,,,,,,,,13-14 YRS,,,Yellow,,,,,'10712275,200.0,shopify,100,continue,manual,999.00,0.00,true,true,,,,,'10712275,,,,,,,,,,,,,,,,,,,,,,,,,,,,,,,,,,,,,,,,,,,,,,,https://cdn.shopify.com/s/files/1/0618/2368/0740/files/25_360fa3ad-a5c5-4d68-8a64-b6d5a71ca660.png?v=1717078279,kg,,,,,,
copy-of-baby-cat-printed-t-shirt-for-kids,,,,,,,,,13-14 YRS,,,Grey,,,,,'10712276,200.0,shopify,100,continue,manual,999.00,0.00,true,true,,,,,'10712276,,,,,,,,,,,,,,,,,,,,,,,,,,,,,,,,,,,,,,,,,,,,,,,https://cdn.shopify.com/s/files/1/0618/2368/0740/files/21_26304688-d5a9-4138-bfbb-54a536133d3c.png?v=1717078279,kg,,,,,,
copy-of-baby-cat-printed-t-shirt-for-kids,,,,,,,,,13-14 YRS,,,Pink,,,,,'10712277,200.0,shopify,100,continue,manual,999.00,0.00,true,true,,,,,'10712277,,,,,,,,,,,,,,,,,,,,,,,,,,,,,,,,,,,,,,,,,,,,,,,https://cdn.shopify.com/s/files/1/0618/2368/0740/files/22.png?v=1717078279,kg,,,,,,
copy-of-baby-cat-printed-t-shirt-for-kids,,,,,,,,,13-14 YRS,,,Blue,,,,,'10706852,200.0,shopify,100,continue,manual,999.00,0.00,true,true,,,,,'10706852,,,,,,,,,,,,,,,,,,,,,,,,,,,,,,,,,,,,,,,,,,,,,,,https://cdn.shopify.com/s/files/1/0618/2368/0740/files/28_ca342f32-32d8-4de2-87eb-992d79c78ed5.png?v=1717078279,kg,,,,,,
copy-of-angry-birds-printed-t-shirt-for-kids-1,Cute Panda T Shirt For Kids,"<div>Fabric: Soft High-Quality Jersey</div>
<div>Half Sleeve T-Shirt</div>
<div>Round Neck</div>
<div>High Quality DTF Printed</div>
<div>Soft and Comfortable Wear</div>
<div>Easy Wash &amp; Press</div>
<div>Sizes 1-14 years </div>
<div><span>Disclaimer: Colors may vary slightly due to studio lights. </span></div>",BBG FASHION CLOTHING STORE,Apparel & Accessories > Clothing > Clothing Tops > T-Shirts,kids T-Shirts,kids T-Shirts,false,Size,1-2 YRS,,Color,Yellow,,,,,'10712154,200.0,shopify,50,continue,manual,799.00,0.00,true,true,,,,,'10712154,https://cdn.shopify.com/s/files/1/0618/2368/0740/files/24_20247528-1968-4b65-849a-3b958a18a7f9.png?v=1717075958,1,Copy Of Angry Birds Printed T Shirt For Kids 1 - front view - kids wear Pakistan,false,,,212,,,,,,,,,,,,,,,,,,,,,,,,,,,,,,,,,,,,,,,,https://cdn.shopify.com/s/files/1/0618/2368/0740/files/24_20247528-1968-4b65-849a-3b958a18a7f9.png?v=1717075958,kg,,,true,,,draft
copy-of-angry-birds-printed-t-shirt-for-kids-1,,,,,,,,,1-2 YRS,,,White,,,,,'10712155,200.0,shopify,50,continue,manual,799.00,0.00,true,true,,,,,'10712155,https://cdn.shopify.com/s/files/1/0618/2368/0740/files/bbg_7670ec6d-dd53-4e4b-b8ac-f63bb2e2050f.png?v=1717078315,2,Copy Of Angry Birds Printed T Shirt For Kids 1 - back view - kids wear Pakistan,,,,,,,,,,,,,,,,,,,,,,,,,,,,,,,,,,,,,,,,,,,,https://cdn.shopify.com/s/files/1/0618/2368/0740/files/14_bd9cc9a7-09a5-4952-a960-ef9416d3d2f4.png?v=1717078315,kg,,,,,,
copy-of-angry-birds-printed-t-shirt-for-kids-1,,,,,,,,,1-2 YRS,,,Black,,,,,'10712156,200.0,shopify,50,continue,manual,799.00,0.00,true,true,,,,,'10712156,https://cdn.shopify.com/s/files/1/0618/2368/0740/files/12_564ca534-261f-4747-aa09-85a9ae18b9d3.png?v=1717078315,3,Copy Of Angry Birds Printed T Shirt For Kids 1 - side view - kids wear Pakistan,,,,,,,,,,,,,,,,,,,,,,,,,,,,,,,,,,,,,,,,,,,,https://cdn.shopify.com/s/files/1/0618/2368/0740/files/12_564ca534-261f-4747-aa09-85a9ae18b9d3.png?v=1717078315,kg,,,,,,
copy-of-angry-birds-printed-t-shirt-for-kids-1,,,,,,,,,1-2 YRS,,,Red,,,,,'10712157,200.0,shopify,50,continue,manual,799.00,0.00,true,true,,,,,'10712157,https://cdn.shopify.com/s/files/1/0618/2368/0740/files/14_bd9cc9a7-09a5-4952-a960-ef9416d3d2f4.png?v=1717078315,4,Copy Of Angry Birds Printed T Shirt For Kids 1 - detail shot - kids wear Pakistan,,,,,,,,,,,,,,,,,,,,,,,,,,,,,,,,,,,,,,,,,,,,https://cdn.shopify.com/s/files/1/0618/2368/0740/files/20_34cc227d-9f15-40ee-bf7c-a958e504bd0d.png?v=1717078315,kg,,,,,,
copy-of-angry-birds-printed-t-shirt-for-kids-1,,,,,,,,,1-2 YRS,,,Mahroon,,,,,'10712158,200.0,shopify,50,continue,manual,799.00,0.00,true,true,,,,,'10712158,https://cdn.shopify.com/s/files/1/0618/2368/0740/files/15_b7ff1031-c0ac-46b5-a250-249fce2deac6.png?v=1717078315,5,Copy Of Angry Birds Printed T Shirt For Kids 1 - front view - kids wear Pakistan,,,,,,,,,,,,,,,,,,,,,,,,,,,,,,,,,,,,,,,,,,,,https://cdn.shopify.com/s/files/1/0618/2368/0740/files/18_ce317005-8ece-449c-be83-3b0249c32523.png?v=1717078315,kg,,,,,,
copy-of-angry-birds-printed-t-shirt-for-kids-1,,,,,,,,,1-2 YRS,,,Grey,,,,,'10712159,200.0,shopify,50,continue,manual,799.00,0.00,true,true,,,,,'10712159,https://cdn.shopify.com/s/files/1/0618/2368/0740/files/18_ce317005-8ece-449c-be83-3b0249c32523.png?v=1717078315,6,Copy Of Angry Birds Printed T Shirt For Kids 1 - back view - kids wear Pakistan,,,,,,,,,,,,,,,,,,,,,,,,,,,,,,,,,,,,,,,,,,,,https://cdn.shopify.com/s/files/1/0618/2368/0740/files/21_c8624228-4e24-4fdc-93d5-736847949809.png?v=1717078315,kg,,,,,,
copy-of-angry-birds-printed-t-shirt-for-kids-1,,,,,,,,,1-2 YRS,,,Pink,,,,,'10712160,200.0,shopify,50,continue,manual,799.00,0.00,true,true,,,,,'10712160,https://cdn.shopify.com/s/files/1/0618/2368/0740/files/20_34cc227d-9f15-40ee-bf7c-a958e504bd0d.png?v=1717078315,7,Copy Of Angry Birds Printed T Shirt For Kids 1 - side view - kids wear Pakistan,,,,,,,,,,,,,,,,,,,,,,,,,,,,,,,,,,,,,,,,,,,,https://cdn.shopify.com/s/files/1/0618/2368/0740/files/23_42f595f1-3b2d-43ee-9b46-5b0a80e6d27e.png?v=1717078315,kg,,,,,,
copy-of-angry-birds-printed-t-shirt-for-kids-1,,,,,,,,,1-2 YRS,,,Orange,,,,,'10712161,200.0,shopify,50,continue,manual,799.00,0.00,true,true,,,,,'10712161,https://cdn.shopify.com/s/files/1/0618/2368/0740/files/21_c8624228-4e24-4fdc-93d5-736847949809.png?v=1717078315,8,Copy Of Angry Birds Printed T Shirt For Kids 1 - detail shot - kids wear Pakistan,,,,,,,,,,,,,,,,,,,,,,,,,,,,,,,,,,,,,,,,,,,,https://cdn.shopify.com/s/files/1/0618/2368/0740/files/27_ba0cbf43-6119-4512-befe-9e42d480acb6.png?v=1717078315,kg,,,,,,
copy-of-angry-birds-printed-t-shirt-for-kids-1,,,,,,,,,1-2 YRS,,,Blue,,,,,'10712162,200.0,shopify,50,continue,manual,799.00,0.00,true,true,,,,,'10712162,https://cdn.shopify.com/s/files/1/0618/2368/0740/files/23_42f595f1-3b2d-43ee-9b46-5b0a80e6d27e.png?v=1717078315,9,Copy Of Angry Birds Printed T Shirt For Kids 1 - front view - kids wear Pakistan,,,,,,,,,,,,,,,,,,,,,,,,,,,,,,,,,,,,,,,,,,,,https://cdn.shopify.com/s/files/1/0618/2368/0740/files/28_c95ff529-c2ab-42e2-bd42-c1dcb3d117fc.png?v=1717078315,kg,,,,,,
copy-of-angry-birds-printed-t-shirt-for-kids-1,,,,,,,,,3-4 YRS,,,Yellow,,,,,'10712163,200.0,shopify,50,continue,manual,799.00,0.00,true,true,,,,,'10712163,https://cdn.shopify.com/s/files/1/0618/2368/0740/files/27_ba0cbf43-6119-4512-befe-9e42d480acb6.png?v=1717078315,10,Copy Of Angry Birds Printed T Shirt For Kids 1 - back view - kids wear Pakistan,,,,,,,,,,,,,,,,,,,,,,,,,,,,,,,,,,,,,,,,,,,,https://cdn.shopify.com/s/files/1/0618/2368/0740/files/24_20247528-1968-4b65-849a-3b958a18a7f9.png?v=1717075958,kg,,,,,,
copy-of-angry-birds-printed-t-shirt-for-kids-1,,,,,,,,,3-4 YRS,,,White,,,,,'10712164,200.0,shopify,50,continue,manual,799.00,0.00,true,true,,,,,'10712164,https://cdn.shopify.com/s/files/1/0618/2368/0740/files/28_c95ff529-c2ab-42e2-bd42-c1dcb3d117fc.png?v=1717078315,11,Copy Of Angry Birds Printed T Shirt For Kids 1 - side view - kids wear Pakistan,,,,,,,,,,,,,,,,,,,,,,,,,,,,,,,,,,,,,,,,,,,,https://cdn.shopify.com/s/files/1/0618/2368/0740/files/14_bd9cc9a7-09a5-4952-a960-ef9416d3d2f4.png?v=1717078315,kg,,,,,,
copy-of-angry-birds-printed-t-shirt-for-kids-1,,,,,,,,,3-4 YRS,,,Black,,,,,'10712165,200.0,shopify,50,continue,manual,799.00,0.00,true,true,,,,,'10712165,https://cdn.shopify.com/s/files/1/0618/2368/0740/files/31_aab0c53f-c2f8-4ba5-9df0-d0c67e7a8650.png?v=1717078315,12,Copy Of Angry Birds Printed T Shirt For Kids 1 - detail shot - kids wear Pakistan,,,,,,,,,,,,,,,,,,,,,,,,,,,,,,,,,,,,,,,,,,,,https://cdn.shopify.com/s/files/1/0618/2368/0740/files/12_564ca534-261f-4747-aa09-85a9ae18b9d3.png?v=1717078315,kg,,,,,,
copy-of-angry-birds-printed-t-shirt-for-kids-1,,,,,,,,,3-4 YRS,,,Red,,,,,'10712166,200.0,shopify,50,continue,manual,799.00,0.00,true,true,,,,,'10712166,,,,,,,,,,,,,,,,,,,,,,,,,,,,,,,,,,,,,,,,,,,,,,,https://cdn.shopify.com/s/files/1/0618/2368/0740/files/20_34cc227d-9f15-40ee-bf7c-a958e504bd0d.png?v=1717078315,kg,,,,,,
copy-of-angry-birds-printed-t-shirt-for-kids-1,,,,,,,,,3-4 YRS,,,Mahroon,,,,,'10712167,200.0,shopify,50,continue,manual,799.00,0.00,true,true,,,,,'10712167,,,,,,,,,,,,,,,,,,,,,,,,,,,,,,,,,,,,,,,,,,,,,,,https://cdn.shopify.com/s/files/1/0618/2368/0740/files/18_ce317005-8ece-449c-be83-3b0249c32523.png?v=1717078315,kg,,,,,,
copy-of-angry-birds-printed-t-shirt-for-kids-1,,,,,,,,,3-4 YRS,,,Grey,,,,,'10712168,200.0,shopify,50,continue,manual,799.00,0.00,true,true,,,,,'10712168,,,,,,,,,,,,,,,,,,,,,,,,,,,,,,,,,,,,,,,,,,,,,,,https://cdn.shopify.com/s/files/1/0618/2368/0740/files/21_c8624228-4e24-4fdc-93d5-736847949809.png?v=1717078315,kg,,,,,,
copy-of-angry-birds-printed-t-shirt-for-kids-1,,,,,,,,,3-4 YRS,,,Pink,,,,,'10712169,200.0,shopify,50,continue,manual,799.00,0.00,true,true,,,,,'10712169,,,,,,,,,,,,,,,,,,,,,,,,,,,,,,,,,,,,,,,,,,,,,,,https://cdn.shopify.com/s/files/1/0618/2368/0740/files/23_42f595f1-3b2d-43ee-9b46-5b0a80e6d27e.png?v=1717078315,kg,,,,,,
copy-of-angry-birds-printed-t-shirt-for-kids-1,,,,,,,,,3-4 YRS,,,Orange,,,,,'10712170,200.0,shopify,50,continue,manual,799.00,0.00,true,true,,,,,'10712170,,,,,,,,,,,,,,,,,,,,,,,,,,,,,,,,,,,,,,,,,,,,,,,https://cdn.shopify.com/s/files/1/0618/2368/0740/files/27_ba0cbf43-6119-4512-befe-9e42d480acb6.png?v=1717078315,kg,,,,,,
copy-of-angry-birds-printed-t-shirt-for-kids-1,,,,,,,,,3-4 YRS,,,Blue,,,,,'10712171,200.0,shopify,50,continue,manual,799.00,0.00,true,true,,,,,'10712171,,,,,,,,,,,,,,,,,,,,,,,,,,,,,,,,,,,,,,,,,,,,,,,https://cdn.shopify.com/s/files/1/0618/2368/0740/files/28_c95ff529-c2ab-42e2-bd42-c1dcb3d117fc.png?v=1717078315,kg,,,,,,
copy-of-angry-birds-printed-t-shirt-for-kids-1,,,,,,,,,5-6 YRS,,,Yellow,,,,,'10712172,200.0,shopify,49,continue,manual,799.00,0.00,true,true,,,,,'10712172,,,,,,,,,,,,,,,,,,,,,,,,,,,,,,,,,,,,,,,,,,,,,,,https://cdn.shopify.com/s/files/1/0618/2368/0740/files/24_20247528-1968-4b65-849a-3b958a18a7f9.png?v=1717075958,kg,,,,,,
copy-of-angry-birds-printed-t-shirt-for-kids-1,,,,,,,,,5-6 YRS,,,White,,,,,'10712173,200.0,shopify,50,continue,manual,799.00,0.00,true,true,,,,,'10712173,,,,,,,,,,,,,,,,,,,,,,,,,,,,,,,,,,,,,,,,,,,,,,,https://cdn.shopify.com/s/files/1/0618/2368/0740/files/14_bd9cc9a7-09a5-4952-a960-ef9416d3d2f4.png?v=1717078315,kg,,,,,,
copy-of-angry-birds-printed-t-shirt-for-kids-1,,,,,,,,,5-6 YRS,,,Black,,,,,'10712174,200.0,shopify,50,continue,manual,799.00,0.00,true,true,,,,,'10712174,,,,,,,,,,,,,,,,,,,,,,,,,,,,,,,,,,,,,,,,,,,,,,,https://cdn.shopify.com/s/files/1/0618/2368/0740/files/12_564ca534-261f-4747-aa09-85a9ae18b9d3.png?v=1717078315,kg,,,,,,
copy-of-angry-birds-printed-t-shirt-for-kids-1,,,,,,,,,5-6 YRS,,,Red,,,,,'10712175,200.0,shopify,50,continue,manual,799.00,0.00,true,true,,,,,'10712175,,,,,,,,,,,,,,,,,,,,,,,,,,,,,,,,,,,,,,,,,,,,,,,https://cdn.shopify.com/s/files/1/0618/2368/0740/files/20_34cc227d-9f15-40ee-bf7c-a958e504bd0d.png?v=1717078315,kg,,,,,,
copy-of-angry-birds-printed-t-shirt-for-kids-1,,,,,,,,,5-6 YRS,,,Mahroon,,,,,'10712176,200.0,shopify,50,continue,manual,799.00,0.00,true,true,,,,,'10712176,,,,,,,,,,,,,,,,,,,,,,,,,,,,,,,,,,,,,,,,,,,,,,,https://cdn.shopify.com/s/files/1/0618/2368/0740/files/18_ce317005-8ece-449c-be83-3b0249c32523.png?v=1717078315,kg,,,,,,
copy-of-angry-birds-printed-t-shirt-for-kids-1,,,,,,,,,5-6 YRS,,,Grey,,,,,'10712177,200.0,shopify,50,continue,manual,799.00,0.00,true,true,,,,,'10712177,,,,,,,,,,,,,,,,,,,,,,,,,,,,,,,,,,,,,,,,,,,,,,,https://cdn.shopify.com/s/files/1/0618/2368/0740/files/21_c8624228-4e24-4fdc-93d5-736847949809.png?v=1717078315,kg,,,,,,
copy-of-angry-birds-printed-t-shirt-for-kids-1,,,,,,,,,5-6 YRS,,,Pink,,,,,'10712178,200.0,shopify,50,continue,manual,799.00,0.00,true,true,,,,,'10712178,,,,,,,,,,,,,,,,,,,,,,,,,,,,,,,,,,,,,,,,,,,,,,,https://cdn.shopify.com/s/files/1/0618/2368/0740/files/23_42f595f1-3b2d-43ee-9b46-5b0a80e6d27e.png?v=1717078315,kg,,,,,,
copy-of-angry-birds-printed-t-shirt-for-kids-1,,,,,,,,,5-6 YRS,,,Orange,,,,,'10712179,200.0,shopify,50,continue,manual,799.00,0.00,true,true,,,,,'10712179,,,,,,,,,,,,,,,,,,,,,,,,,,,,,,,,,,,,,,,,,,,,,,,https://cdn.shopify.com/s/files/1/0618/2368/0740/files/27_ba0cbf43-6119-4512-befe-9e42d480acb6.png?v=1717078315,kg,,,,,,
copy-of-angry-birds-printed-t-shirt-for-kids-1,,,,,,,,,5-6 YRS,,,Blue,,,,,'10712180,200.0,shopify,50,continue,manual,799.00,0.00,true,true,,,,,'10712180,,,,,,,,,,,,,,,,,,,,,,,,,,,,,,,,,,,,,,,,,,,,,,,https://cdn.shopify.com/s/files/1/0618/2368/0740/files/28_c95ff529-c2ab-42e2-bd42-c1dcb3d117fc.png?v=1717078315,kg,,,,,,
copy-of-angry-birds-printed-t-shirt-for-kids-1,,,,,,,,,7-8 YRS,,,Yellow,,,,,'10712181,200.0,shopify,50,continue,manual,799.00,0.00,true,true,,,,,'10712181,,,,,,,,,,,,,,,,,,,,,,,,,,,,,,,,,,,,,,,,,,,,,,,https://cdn.shopify.com/s/files/1/0618/2368/0740/files/24_20247528-1968-4b65-849a-3b958a18a7f9.png?v=1717075958,kg,,,,,,
copy-of-angry-birds-printed-t-shirt-for-kids-1,,,,,,,,,7-8 YRS,,,White,,,,,'10712182,200.0,shopify,50,continue,manual,799.00,0.00,true,true,,,,,'10712182,,,,,,,,,,,,,,,,,,,,,,,,,,,,,,,,,,,,,,,,,,,,,,,https://cdn.shopify.com/s/files/1/0618/2368/0740/files/14_bd9cc9a7-09a5-4952-a960-ef9416d3d2f4.png?v=1717078315,kg,,,,,,
copy-of-angry-birds-printed-t-shirt-for-kids-1,,,,,,,,,7-8 YRS,,,Black,,,,,'10712183,200.0,shopify,50,continue,manual,799.00,0.00,true,true,,,,,'10712183,,,,,,,,,,,,,,,,,,,,,,,,,,,,,,,,,,,,,,,,,,,,,,,https://cdn.shopify.com/s/files/1/0618/2368/0740/files/12_564ca534-261f-4747-aa09-85a9ae18b9d3.png?v=1717078315,kg,,,,,,
copy-of-angry-birds-printed-t-shirt-for-kids-1,,,,,,,,,7-8 YRS,,,Red,,,,,'10712184,200.0,shopify,50,continue,manual,799.00,0.00,true,true,,,,,'10712184,,,,,,,,,,,,,,,,,,,,,,,,,,,,,,,,,,,,,,,,,,,,,,,https://cdn.shopify.com/s/files/1/0618/2368/0740/files/20_34cc227d-9f15-40ee-bf7c-a958e504bd0d.png?v=1717078315,kg,,,,,,
copy-of-angry-birds-printed-t-shirt-for-kids-1,,,,,,,,,7-8 YRS,,,Mahroon,,,,,'10712185,200.0,shopify,50,continue,manual,799.00,0.00,true,true,,,,,'10712185,,,,,,,,,,,,,,,,,,,,,,,,,,,,,,,,,,,,,,,,,,,,,,,https://cdn.shopify.com/s/files/1/0618/2368/0740/files/18_ce317005-8ece-449c-be83-3b0249c32523.png?v=1717078315,kg,,,,,,
copy-of-angry-birds-printed-t-shirt-for-kids-1,,,,,,,,,7-8 YRS,,,Grey,,,,,'10712186,200.0,shopify,50,continue,manual,799.00,0.00,true,true,,,,,'10712186,,,,,,,,,,,,,,,,,,,,,,,,,,,,,,,,,,,,,,,,,,,,,,,https://cdn.shopify.com/s/files/1/0618/2368/0740/files/21_c8624228-4e24-4fdc-93d5-736847949809.png?v=1717078315,kg,,,,,,
copy-of-angry-birds-printed-t-shirt-for-kids-1,,,,,,,,,7-8 YRS,,,Pink,,,,,'10712187,200.0,shopify,50,continue,manual,799.00,0.00,true,true,,,,,'10712187,,,,,,,,,,,,,,,,,,,,,,,,,,,,,,,,,,,,,,,,,,,,,,,https://cdn.shopify.com/s/files/1/0618/2368/0740/files/23_42f595f1-3b2d-43ee-9b46-5b0a80e6d27e.png?v=1717078315,kg,,,,,,
copy-of-angry-birds-printed-t-shirt-for-kids-1,,,,,,,,,7-8 YRS,,,Orange,,,,,'10712188,200.0,shopify,50,continue,manual,799.00,0.00,true,true,,,,,'10712188,,,,,,,,,,,,,,,,,,,,,,,,,,,,,,,,,,,,,,,,,,,,,,,https://cdn.shopify.com/s/files/1/0618/2368/0740/files/27_ba0cbf43-6119-4512-befe-9e42d480acb6.png?v=1717078315,kg,,,,,,
copy-of-angry-birds-printed-t-shirt-for-kids-1,,,,,,,,,7-8 YRS,,,Blue,,,,,'10712189,200.0,shopify,50,continue,manual,799.00,0.00,true,true,,,,,'10712189,,,,,,,,,,,,,,,,,,,,,,,,,,,,,,,,,,,,,,,,,,,,,,,https://cdn.shopify.com/s/files/1/0618/2368/0740/files/28_c95ff529-c2ab-42e2-bd42-c1dcb3d117fc.png?v=1717078315,kg,,,,,,
copy-of-angry-birds-printed-t-shirt-for-kids-1,,,,,,,,,9-10 YRS,,,Yellow,,,,,'10712190,200.0,shopify,50,continue,manual,899.00,0.00,true,true,,,,,'10712190,,,,,,,,,,,,,,,,,,,,,,,,,,,,,,,,,,,,,,,,,,,,,,,https://cdn.shopify.com/s/files/1/0618/2368/0740/files/24_20247528-1968-4b65-849a-3b958a18a7f9.png?v=1717075958,kg,,,,,,
copy-of-angry-birds-printed-t-shirt-for-kids-1,,,,,,,,,9-10 YRS,,,White,,,,,'10712191,200.0,shopify,50,continue,manual,899.00,0.00,true,true,,,,,'10712191,,,,,,,,,,,,,,,,,,,,,,,,,,,,,,,,,,,,,,,,,,,,,,,https://cdn.shopify.com/s/files/1/0618/2368/0740/files/14_bd9cc9a7-09a5-4952-a960-ef9416d3d2f4.png?v=1717078315,kg,,,,,,
copy-of-angry-birds-printed-t-shirt-for-kids-1,,,,,,,,,9-10 YRS,,,Black,,,,,'10712192,200.0,shopify,50,continue,manual,899.00,0.00,true,true,,,,,'10712192,,,,,,,,,,,,,,,,,,,,,,,,,,,,,,,,,,,,,,,,,,,,,,,https://cdn.shopify.com/s/files/1/0618/2368/0740/files/12_564ca534-261f-4747-aa09-85a9ae18b9d3.png?v=1717078315,kg,,,,,,
copy-of-angry-birds-printed-t-shirt-for-kids-1,,,,,,,,,9-10 YRS,,,Red,,,,,'10712193,200.0,shopify,50,continue,manual,899.00,0.00,true,true,,,,,'10712193,,,,,,,,,,,,,,,,,,,,,,,,,,,,,,,,,,,,,,,,,,,,,,,https://cdn.shopify.com/s/files/1/0618/2368/0740/files/20_34cc227d-9f15-40ee-bf7c-a958e504bd0d.png?v=1717078315,kg,,,,,,
copy-of-angry-birds-printed-t-shirt-for-kids-1,,,,,,,,,9-10 YRS,,,Mahroon,,,,,'10712194,200.0,shopify,50,continue,manual,899.00,0.00,true,true,,,,,'10712194,,,,,,,,,,,,,,,,,,,,,,,,,,,,,,,,,,,,,,,,,,,,,,,https://cdn.shopify.com/s/files/1/0618/2368/0740/files/18_ce317005-8ece-449c-be83-3b0249c32523.png?v=1717078315,kg,,,,,,
copy-of-angry-birds-printed-t-shirt-for-kids-1,,,,,,,,,9-10 YRS,,,Grey,,,,,'10712195,200.0,shopify,50,continue,manual,899.00,0.00,true,true,,,,,'10712195,,,,,,,,,,,,,,,,,,,,,,,,,,,,,,,,,,,,,,,,,,,,,,,https://cdn.shopify.com/s/files/1/0618/2368/0740/files/21_c8624228-4e24-4fdc-93d5-736847949809.png?v=1717078315,kg,,,,,,
copy-of-angry-birds-printed-t-shirt-for-kids-1,,,,,,,,,9-10 YRS,,,Pink,,,,,'10712196,200.0,shopify,50,continue,manual,899.00,0.00,true,true,,,,,'10712196,,,,,,,,,,,,,,,,,,,,,,,,,,,,,,,,,,,,,,,,,,,,,,,https://cdn.shopify.com/s/files/1/0618/2368/0740/files/23_42f595f1-3b2d-43ee-9b46-5b0a80e6d27e.png?v=1717078315,kg,,,,,,
copy-of-angry-birds-printed-t-shirt-for-kids-1,,,,,,,,,9-10 YRS,,,Orange,,,,,'10712197,200.0,shopify,50,continue,manual,899.00,0.00,true,true,,,,,'10712197,,,,,,,,,,,,,,,,,,,,,,,,,,,,,,,,,,,,,,,,,,,,,,,https://cdn.shopify.com/s/files/1/0618/2368/0740/files/27_ba0cbf43-6119-4512-befe-9e42d480acb6.png?v=1717078315,kg,,,,,,
copy-of-angry-birds-printed-t-shirt-for-kids-1,,,,,,,,,9-10 YRS,,,Blue,,,,,'10712198,200.0,shopify,50,continue,manual,899.00,0.00,true,true,,,,,'10712198,,,,,,,,,,,,,,,,,,,,,,,,,,,,,,,,,,,,,,,,,,,,,,,https://cdn.shopify.com/s/files/1/0618/2368/0740/files/28_c95ff529-c2ab-42e2-bd42-c1dcb3d117fc.png?v=1717078315,kg,,,,,,
copy-of-angry-birds-printed-t-shirt-for-kids-1,,,,,,,,,11-12 YRS,,,Yellow,,,,,'10712199,200.0,shopify,50,continue,manual,899.00,0.00,true,true,,,,,'10712199,,,,,,,,,,,,,,,,,,,,,,,,,,,,,,,,,,,,,,,,,,,,,,,https://cdn.shopify.com/s/files/1/0618/2368/0740/files/24_20247528-1968-4b65-849a-3b958a18a7f9.png?v=1717075958,kg,,,,,,
copy-of-angry-birds-printed-t-shirt-for-kids-1,,,,,,,,,11-12 YRS,,,White,,,,,'10712200,200.0,shopify,50,continue,manual,899.00,0.00,true,true,,,,,'10712200,,,,,,,,,,,,,,,,,,,,,,,,,,,,,,,,,,,,,,,,,,,,,,,https://cdn.shopify.com/s/files/1/0618/2368/0740/files/14_bd9cc9a7-09a5-4952-a960-ef9416d3d2f4.png?v=1717078315,kg,,,,,,
copy-of-angry-birds-printed-t-shirt-for-kids-1,,,,,,,,,11-12 YRS,,,Black,,,,,'10712201,200.0,shopify,50,continue,manual,899.00,0.00,true,true,,,,,'10712201,,,,,,,,,,,,,,,,,,,,,,,,,,,,,,,,,,,,,,,,,,,,,,,https://cdn.shopify.com/s/files/1/0618/2368/0740/files/12_564ca534-261f-4747-aa09-85a9ae18b9d3.png?v=1717078315,kg,,,,,,
copy-of-angry-birds-printed-t-shirt-for-kids-1,,,,,,,,,11-12 YRS,,,Red,,,,,'10712202,200.0,shopify,50,continue,manual,899.00,0.00,true,true,,,,,'10712202,,,,,,,,,,,,,,,,,,,,,,,,,,,,,,,,,,,,,,,,,,,,,,,https://cdn.shopify.com/s/files/1/0618/2368/0740/files/20_34cc227d-9f15-40ee-bf7c-a958e504bd0d.png?v=1717078315,kg,,,,,,
copy-of-angry-birds-printed-t-shirt-for-kids-1,,,,,,,,,11-12 YRS,,,Mahroon,,,,,'10712203,200.0,shopify,50,continue,manual,899.00,0.00,true,true,,,,,'10712203,,,,,,,,,,,,,,,,,,,,,,,,,,,,,,,,,,,,,,,,,,,,,,,https://cdn.shopify.com/s/files/1/0618/2368/0740/files/18_ce317005-8ece-449c-be83-3b0249c32523.png?v=1717078315,kg,,,,,,
copy-of-angry-birds-printed-t-shirt-for-kids-1,,,,,,,,,11-12 YRS,,,Grey,,,,,'10712204,200.0,shopify,50,continue,manual,899.00,0.00,true,true,,,,,'10712204,,,,,,,,,,,,,,,,,,,,,,,,,,,,,,,,,,,,,,,,,,,,,,,https://cdn.shopify.com/s/files/1/0618/2368/0740/files/21_c8624228-4e24-4fdc-93d5-736847949809.png?v=1717078315,kg,,,,,,
copy-of-angry-birds-printed-t-shirt-for-kids-1,,,,,,,,,11-12 YRS,,,Pink,,,,,'10712205,200.0,shopify,50,continue,manual,899.00,0.00,true,true,,,,,'10712205,,,,,,,,,,,,,,,,,,,,,,,,,,,,,,,,,,,,,,,,,,,,,,,https://cdn.shopify.com/s/files/1/0618/2368/0740/files/23_42f595f1-3b2d-43ee-9b46-5b0a80e6d27e.png?v=1717078315,kg,,,,,,
copy-of-angry-birds-printed-t-shirt-for-kids-1,,,,,,,,,11-12 YRS,,,Orange,,,,,'10712206,200.0,shopify,50,continue,manual,899.00,0.00,true,true,,,,,'10712206,,,,,,,,,,,,,,,,,,,,,,,,,,,,,,,,,,,,,,,,,,,,,,,https://cdn.shopify.com/s/files/1/0618/2368/0740/files/27_ba0cbf43-6119-4512-befe-9e42d480acb6.png?v=1717078315,kg,,,,,,
copy-of-angry-birds-printed-t-shirt-for-kids-1,,,,,,,,,11-12 YRS,,,Blue,,,,,'10712207,200.0,shopify,50,continue,manual,899.00,0.00,true,true,,,,,'10712207,,,,,,,,,,,,,,,,,,,,,,,,,,,,,,,,,,,,,,,,,,,,,,,https://cdn.shopify.com/s/files/1/0618/2368/0740/files/28_c95ff529-c2ab-42e2-bd42-c1dcb3d117fc.png?v=1717078315,kg,,,,,,
copy-of-angry-birds-printed-t-shirt-for-kids-1,,,,,,,,,13-14 YRS,,,Yellow,,,,,'10712208,200.0,shopify,100,continue,manual,999.00,0.00,true,true,,,,,'10712208,,,,,,,,,,,,,,,,,,,,,,,,,,,,,,,,,,,,,,,,,,,,,,,https://cdn.shopify.com/s/files/1/0618/2368/0740/files/24_20247528-1968-4b65-849a-3b958a18a7f9.png?v=1717075958,kg,,,,,,
copy-of-angry-birds-printed-t-shirt-for-kids-1,,,,,,,,,13-14 YRS,,,White,,,,,'10712209,200.0,shopify,100,continue,manual,999.00,0.00,true,true,,,,,'10712209,,,,,,,,,,,,,,,,,,,,,,,,,,,,,,,,,,,,,,,,,,,,,,,https://cdn.shopify.com/s/files/1/0618/2368/0740/files/14_bd9cc9a7-09a5-4952-a960-ef9416d3d2f4.png?v=1717078315,kg,,,,,,
copy-of-angry-birds-printed-t-shirt-for-kids-1,,,,,,,,,13-14 YRS,,,Black,,,,,'10712210,200.0,shopify,100,continue,manual,999.00,0.00,true,true,,,,,'10712210,,,,,,,,,,,,,,,,,,,,,,,,,,,,,,,,,,,,,,,,,,,,,,,https://cdn.shopify.com/s/files/1/0618/2368/0740/files/12_564ca534-261f-4747-aa09-85a9ae18b9d3.png?v=1717078315,kg,,,,,,
copy-of-angry-birds-printed-t-shirt-for-kids-1,,,,,,,,,13-14 YRS,,,Red,,,,,'10712211,200.0,shopify,100,continue,manual,999.00,0.00,true,true,,,,,'10712211,,,,,,,,,,,,,,,,,,,,,,,,,,,,,,,,,,,,,,,,,,,,,,,https://cdn.shopify.com/s/files/1/0618/2368/0740/files/20_34cc227d-9f15-40ee-bf7c-a958e504bd0d.png?v=1717078315,kg,,,,,,
copy-of-angry-birds-printed-t-shirt-for-kids-1,,,,,,,,,13-14 YRS,,,Mahroon,,,,,'10712212,200.0,shopify,100,continue,manual,999.00,0.00,true,true,,,,,'10712212,,,,,,,,,,,,,,,,,,,,,,,,,,,,,,,,,,,,,,,,,,,,,,,https://cdn.shopify.com/s/files/1/0618/2368/0740/files/18_ce317005-8ece-449c-be83-3b0249c32523.png?v=1717078315,kg,,,,,,
copy-of-angry-birds-printed-t-shirt-for-kids-1,,,,,,,,,13-14 YRS,,,Grey,,,,,'10712213,200.0,shopify,100,continue,manual,999.00,0.00,true,true,,,,,'10712213,,,,,,,,,,,,,,,,,,,,,,,,,,,,,,,,,,,,,,,,,,,,,,,https://cdn.shopify.com/s/files/1/0618/2368/0740/files/21_c8624228-4e24-4fdc-93d5-736847949809.png?v=1717078315,kg,,,,,,
copy-of-angry-birds-printed-t-shirt-for-kids-1,,,,,,,,,13-14 YRS,,,Pink,,,,,'10712214,200.0,shopify,100,continue,manual,999.00,0.00,true,true,,,,,'10712214,,,,,,,,,,,,,,,,,,,,,,,,,,,,,,,,,,,,,,,,,,,,,,,https://cdn.shopify.com/s/files/1/0618/2368/0740/files/23_42f595f1-3b2d-43ee-9b46-5b0a80e6d27e.png?v=1717078315,kg,,,,,,
copy-of-angry-birds-printed-t-shirt-for-kids-1,,,,,,,,,13-14 YRS,,,Orange,,,,,'10712215,200.0,shopify,100,continue,manual,999.00,0.00,true,true,,,,,'10712215,,,,,,,,,,,,,,,,,,,,,,,,,,,,,,,,,,,,,,,,,,,,,,,https://cdn.shopify.com/s/files/1/0618/2368/0740/files/27_ba0cbf43-6119-4512-befe-9e42d480acb6.png?v=1717078315,kg,,,,,,
copy-of-angry-birds-printed-t-shirt-for-kids-1,,,,,,,,,13-14 YRS,,,Blue,,,,,'10706851,200.0,shopify,100,continue,manual,999.00,0.00,true,true,,,,,'10706851,,,,,,,,,,,,,,,,,,,,,,,,,,,,,,,,,,,,,,,,,,,,,,,https://cdn.shopify.com/s/files/1/0618/2368/0740/files/28_c95ff529-c2ab-42e2-bd42-c1dcb3d117fc.png?v=1717078315,kg,,,,,,
copy-of-angry-birds-printed-t-shirt-for-kids-2,Dragon Ball Z T Shirt For Kids,"<div>Fabric: Soft High-Quality Jersey</div>
<div>Half Sleeve T-Shirt</div>
<div>Round Neck</div>
<div>High Quality DTF Printed </div>
<div>Soft and Comfortable Wear</div>
<div>Easy Wash &amp; Press</div>
<div>Sizes 1-14 years </div>
<div><span>Disclaimer: Colors may vary slightly due to studio lights. </span></div>",BBG FASHION CLOTHING STORE,Apparel & Accessories > Clothing > Clothing Tops > T-Shirts,kids T-Shirts,kids T-Shirts,false,Size,1-2 YRS,,Color,Grey,,,,,'10712092,200.0,shopify,50,continue,manual,799.00,0.00,true,true,,,,,'10712092,https://cdn.shopify.com/s/files/1/0618/2368/0740/files/21_cf9d8b05-1fcd-4772-a0fc-556a5efcdc18.png?v=1717075932,1,Copy Of Angry Birds Printed T Shirt For Kids 2 - front view - kids wear Pakistan,false,,,212,,,,,,,,,,,,,,,,,,,,,,,,,,,,,,,,,,,,,,,,https://cdn.shopify.com/s/files/1/0618/2368/0740/files/21_cf9d8b05-1fcd-4772-a0fc-556a5efcdc18.png?v=1717075932,kg,,,true,,,draft
copy-of-angry-birds-printed-t-shirt-for-kids-2,,,,,,,,,1-2 YRS,,,White,,,,,'10712093,200.0,shopify,50,continue,manual,799.00,0.00,true,true,,,,,'10712093,https://cdn.shopify.com/s/files/1/0618/2368/0740/files/bbg_d1d933d2-5f31-45d8-8176-020754e9f684.png?v=1717078507,2,Summer Surf Shirt For Kids Copy - back view - kids wear Pakistan,,,,,,,,,,,,,,,,,,,,,,,,,,,,,,,,,,,,,,,,,,,,https://cdn.shopify.com/s/files/1/0618/2368/0740/files/14_dc6348d6-8f80-48ed-b854-813e764fcae4.png?v=1717078507,kg,,,,,,
copy-of-angry-birds-printed-t-shirt-for-kids-2,,,,,,,,,1-2 YRS,,,Black,,,,,'10712094,200.0,shopify,49,continue,manual,799.00,0.00,true,true,,,,,'10712094,https://cdn.shopify.com/s/files/1/0618/2368/0740/files/12_713ba86e-e05f-4d89-bc7f-41f26b306f6b.png?v=1717078507,3,Copy Of Angry Birds Printed T Shirt For Kids 2 - side view - kids wear Pakistan,,,,,,,,,,,,,,,,,,,,,,,,,,,,,,,,,,,,,,,,,,,,https://cdn.shopify.com/s/files/1/0618/2368/0740/files/12_713ba86e-e05f-4d89-bc7f-41f26b306f6b.png?v=1717078507,kg,,,,,,
copy-of-angry-birds-printed-t-shirt-for-kids-2,,,,,,,,,1-2 YRS,,,Red,,,,,'10712095,200.0,shopify,50,continue,manual,799.00,0.00,true,true,,,,,'10712095,https://cdn.shopify.com/s/files/1/0618/2368/0740/files/14_dc6348d6-8f80-48ed-b854-813e764fcae4.png?v=1717078507,4,Copy Of Angry Birds Printed T Shirt For Kids 2 - detail shot - kids wear Pakistan,,,,,,,,,,,,,,,,,,,,,,,,,,,,,,,,,,,,,,,,,,,,https://cdn.shopify.com/s/files/1/0618/2368/0740/files/20_1488bc34-76ca-4e0d-822e-117b4de1863a.png?v=1717078507,kg,,,,,,
copy-of-angry-birds-printed-t-shirt-for-kids-2,,,,,,,,,1-2 YRS,,,Yellow,,,,,'10712096,200.0,shopify,50,continue,manual,799.00,0.00,true,true,,,,,'10712096,https://cdn.shopify.com/s/files/1/0618/2368/0740/files/15_4333a171-bf7e-43c8-b2cd-7aff5994096c.png?v=1717078507,5,Copy Of Angry Birds Printed T Shirt For Kids 2 - front view - kids wear Pakistan,,,,,,,,,,,,,,,,,,,,,,,,,,,,,,,,,,,,,,,,,,,,https://cdn.shopify.com/s/files/1/0618/2368/0740/files/24_a07592cc-fd4a-4fe9-9e71-b504567a0fe2.png?v=1717078507,kg,,,,,,
copy-of-angry-birds-printed-t-shirt-for-kids-2,,,,,,,,,1-2 YRS,,,Mahroon,,,,,'10712097,200.0,shopify,50,continue,manual,799.00,0.00,true,true,,,,,'10712097,https://cdn.shopify.com/s/files/1/0618/2368/0740/files/18_ce3e593b-0736-4b11-a303-e3779749fac8.png?v=1717078507,6,Copy Of Angry Birds Printed T Shirt For Kids 2 - back view - kids wear Pakistan,,,,,,,,,,,,,,,,,,,,,,,,,,,,,,,,,,,,,,,,,,,,https://cdn.shopify.com/s/files/1/0618/2368/0740/files/18_ce3e593b-0736-4b11-a303-e3779749fac8.png?v=1717078507,kg,,,,,,
copy-of-angry-birds-printed-t-shirt-for-kids-2,,,,,,,,,1-2 YRS,,,Pink,,,,,'10712098,200.0,shopify,50,continue,manual,799.00,0.00,true,true,,,,,'10712098,https://cdn.shopify.com/s/files/1/0618/2368/0740/files/20_1488bc34-76ca-4e0d-822e-117b4de1863a.png?v=1717078507,7,Copy Of Angry Birds Printed T Shirt For Kids 2 - side view - kids wear Pakistan,,,,,,,,,,,,,,,,,,,,,,,,,,,,,,,,,,,,,,,,,,,,https://cdn.shopify.com/s/files/1/0618/2368/0740/files/23_3c637e17-c1f2-4d73-8f65-7b9d80ec6990.png?v=1717078507,kg,,,,,,
copy-of-angry-birds-printed-t-shirt-for-kids-2,,,,,,,,,1-2 YRS,,,Orange,,,,,'10712099,200.0,shopify,50,continue,manual,799.00,0.00,true,true,,,,,'10712099,https://cdn.shopify.com/s/files/1/0618/2368/0740/files/23_3c637e17-c1f2-4d73-8f65-7b9d80ec6990.png?v=1717078507,8,Copy Of Angry Birds Printed T Shirt For Kids 2 - detail shot - kids wear Pakistan,,,,,,,,,,,,,,,,,,,,,,,,,,,,,,,,,,,,,,,,,,,,https://cdn.shopify.com/s/files/1/0618/2368/0740/files/27_d84e4f25-f1f5-43b5-97fa-e62846155ee7.png?v=1717078507,kg,,,,,,
copy-of-angry-birds-printed-t-shirt-for-kids-2,,,,,,,,,1-2 YRS,,,Blue,,,,,'10712100,200.0,shopify,50,continue,manual,799.00,0.00,true,true,,,,,'10712100,https://cdn.shopify.com/s/files/1/0618/2368/0740/files/24_a07592cc-fd4a-4fe9-9e71-b504567a0fe2.png?v=1717078507,9,Copy Of Angry Birds Printed T Shirt For Kids 2 - front view - kids wear Pakistan,,,,,,,,,,,,,,,,,,,,,,,,,,,,,,,,,,,,,,,,,,,,https://cdn.shopify.com/s/files/1/0618/2368/0740/files/28_44ca195b-6cb9-4f1b-997c-62984204e98b.png?v=1717078507,kg,,,,,,
copy-of-angry-birds-printed-t-shirt-for-kids-2,,,,,,,,,3-4 YRS,,,Grey,,,,,'10712101,200.0,shopify,50,continue,manual,799.00,0.00,true,true,,,,,'10712101,https://cdn.shopify.com/s/files/1/0618/2368/0740/files/27_d84e4f25-f1f5-43b5-97fa-e62846155ee7.png?v=1717078507,10,Copy Of Angry Birds Printed T Shirt For Kids 2 - back view - kids wear Pakistan,,,,,,,,,,,,,,,,,,,,,,,,,,,,,,,,,,,,,,,,,,,,https://cdn.shopify.com/s/files/1/0618/2368/0740/files/21_cf9d8b05-1fcd-4772-a0fc-556a5efcdc18.png?v=1717075932,kg,,,,,,
copy-of-angry-birds-printed-t-shirt-for-kids-2,,,,,,,,,3-4 YRS,,,White,,,,,'10712102,200.0,shopify,50,continue,manual,799.00,0.00,true,true,,,,,'10712102,https://cdn.shopify.com/s/files/1/0618/2368/0740/files/28_44ca195b-6cb9-4f1b-997c-62984204e98b.png?v=1717078507,11,Copy Of Angry Birds Printed T Shirt For Kids 2 - side view - kids wear Pakistan,,,,,,,,,,,,,,,,,,,,,,,,,,,,,,,,,,,,,,,,,,,,https://cdn.shopify.com/s/files/1/0618/2368/0740/files/14_dc6348d6-8f80-48ed-b854-813e764fcae4.png?v=1717078507,kg,,,,,,
copy-of-angry-birds-printed-t-shirt-for-kids-2,,,,,,,,,3-4 YRS,,,Black,,,,,'10712103,200.0,shopify,50,continue,manual,799.00,0.00,true,true,,,,,'10712103,https://cdn.shopify.com/s/files/1/0618/2368/0740/files/31_4bf77b96-ef0d-4974-a1f0-8ed54c84ff89.png?v=1717078507,12,Copy Of Angry Birds Printed T Shirt For Kids 2 - detail shot - kids wear Pakistan,,,,,,,,,,,,,,,,,,,,,,,,,,,,,,,,,,,,,,,,,,,,https://cdn.shopify.com/s/files/1/0618/2368/0740/files/12_713ba86e-e05f-4d89-bc7f-41f26b306f6b.png?v=1717078507,kg,,,,,,
copy-of-angry-birds-printed-t-shirt-for-kids-2,,,,,,,,,3-4 YRS,,,Red,,,,,'10712104,200.0,shopify,50,continue,manual,799.00,0.00,true,true,,,,,'10712104,,,,,,,,,,,,,,,,,,,,,,,,,,,,,,,,,,,,,,,,,,,,,,,https://cdn.shopify.com/s/files/1/0618/2368/0740/files/20_1488bc34-76ca-4e0d-822e-117b4de1863a.png?v=1717078507,kg,,,,,,
copy-of-angry-birds-printed-t-shirt-for-kids-2,,,,,,,,,3-4 YRS,,,Yellow,,,,,'10712105,200.0,shopify,50,continue,manual,799.00,0.00,true,true,,,,,'10712105,,,,,,,,,,,,,,,,,,,,,,,,,,,,,,,,,,,,,,,,,,,,,,,https://cdn.shopify.com/s/files/1/0618/2368/0740/files/24_a07592cc-fd4a-4fe9-9e71-b504567a0fe2.png?v=1717078507,kg,,,,,,
copy-of-angry-birds-printed-t-shirt-for-kids-2,,,,,,,,,3-4 YRS,,,Mahroon,,,,,'10712106,200.0,shopify,50,continue,manual,799.00,0.00,true,true,,,,,'10712106,,,,,,,,,,,,,,,,,,,,,,,,,,,,,,,,,,,,,,,,,,,,,,,https://cdn.shopify.com/s/files/1/0618/2368/0740/files/18_ce3e593b-0736-4b11-a303-e3779749fac8.png?v=1717078507,kg,,,,,,
copy-of-angry-birds-printed-t-shirt-for-kids-2,,,,,,,,,3-4 YRS,,,Pink,,,,,'10712107,200.0,shopify,50,continue,manual,799.00,0.00,true,true,,,,,'10712107,,,,,,,,,,,,,,,,,,,,,,,,,,,,,,,,,,,,,,,,,,,,,,,https://cdn.shopify.com/s/files/1/0618/2368/0740/files/23_3c637e17-c1f2-4d73-8f65-7b9d80ec6990.png?v=1717078507,kg,,,,,,
copy-of-angry-birds-printed-t-shirt-for-kids-2,,,,,,,,,3-4 YRS,,,Orange,,,,,'10712108,200.0,shopify,50,continue,manual,799.00,0.00,true,true,,,,,'10712108,,,,,,,,,,,,,,,,,,,,,,,,,,,,,,,,,,,,,,,,,,,,,,,https://cdn.shopify.com/s/files/1/0618/2368/0740/files/27_d84e4f25-f1f5-43b5-97fa-e62846155ee7.png?v=1717078507,kg,,,,,,
copy-of-angry-birds-printed-t-shirt-for-kids-2,,,,,,,,,3-4 YRS,,,Blue,,,,,'10712109,200.0,shopify,50,continue,manual,799.00,0.00,true,true,,,,,'10712109,,,,,,,,,,,,,,,,,,,,,,,,,,,,,,,,,,,,,,,,,,,,,,,https://cdn.shopify.com/s/files/1/0618/2368/0740/files/28_44ca195b-6cb9-4f1b-997c-62984204e98b.png?v=1717078507,kg,,,,,,
copy-of-angry-birds-printed-t-shirt-for-kids-2,,,,,,,,,5-6 YRS,,,Grey,,,,,'10712110,200.0,shopify,49,continue,manual,799.00,0.00,true,true,,,,,'10712110,,,,,,,,,,,,,,,,,,,,,,,,,,,,,,,,,,,,,,,,,,,,,,,https://cdn.shopify.com/s/files/1/0618/2368/0740/files/21_cf9d8b05-1fcd-4772-a0fc-556a5efcdc18.png?v=1717075932,kg,,,,,,
copy-of-angry-birds-printed-t-shirt-for-kids-2,,,,,,,,,5-6 YRS,,,White,,,,,'10712111,200.0,shopify,50,continue,manual,799.00,0.00,true,true,,,,,'10712111,,,,,,,,,,,,,,,,,,,,,,,,,,,,,,,,,,,,,,,,,,,,,,,https://cdn.shopify.com/s/files/1/0618/2368/0740/files/14_dc6348d6-8f80-48ed-b854-813e764fcae4.png?v=1717078507,kg,,,,,,
copy-of-angry-birds-printed-t-shirt-for-kids-2,,,,,,,,,5-6 YRS,,,Black,,,,,'10712112,200.0,shopify,49,continue,manual,799.00,0.00,true,true,,,,,'10712112,,,,,,,,,,,,,,,,,,,,,,,,,,,,,,,,,,,,,,,,,,,,,,,https://cdn.shopify.com/s/files/1/0618/2368/0740/files/12_713ba86e-e05f-4d89-bc7f-41f26b306f6b.png?v=1717078507,kg,,,,,,
copy-of-angry-birds-printed-t-shirt-for-kids-2,,,,,,,,,5-6 YRS,,,Red,,,,,'10712113,200.0,shopify,50,continue,manual,799.00,0.00,true,true,,,,,'10712113,,,,,,,,,,,,,,,,,,,,,,,,,,,,,,,,,,,,,,,,,,,,,,,https://cdn.shopify.com/s/files/1/0618/2368/0740/files/20_1488bc34-76ca-4e0d-822e-117b4de1863a.png?v=1717078507,kg,,,,,,
copy-of-angry-birds-printed-t-shirt-for-kids-2,,,,,,,,,5-6 YRS,,,Yellow,,,,,'10712114,200.0,shopify,50,continue,manual,799.00,0.00,true,true,,,,,'10712114,,,,,,,,,,,,,,,,,,,,,,,,,,,,,,,,,,,,,,,,,,,,,,,https://cdn.shopify.com/s/files/1/0618/2368/0740/files/24_a07592cc-fd4a-4fe9-9e71-b504567a0fe2.png?v=1717078507,kg,,,,,,
copy-of-angry-birds-printed-t-shirt-for-kids-2,,,,,,,,,5-6 YRS,,,Mahroon,,,,,'10712115,200.0,shopify,49,continue,manual,799.00,0.00,true,true,,,,,'10712115,,,,,,,,,,,,,,,,,,,,,,,,,,,,,,,,,,,,,,,,,,,,,,,https://cdn.shopify.com/s/files/1/0618/2368/0740/files/18_ce3e593b-0736-4b11-a303-e3779749fac8.png?v=1717078507,kg,,,,,,
copy-of-angry-birds-printed-t-shirt-for-kids-2,,,,,,,,,5-6 YRS,,,Pink,,,,,'10712116,200.0,shopify,50,continue,manual,799.00,0.00,true,true,,,,,'10712116,,,,,,,,,,,,,,,,,,,,,,,,,,,,,,,,,,,,,,,,,,,,,,,https://cdn.shopify.com/s/files/1/0618/2368/0740/files/23_3c637e17-c1f2-4d73-8f65-7b9d80ec6990.png?v=1717078507,kg,,,,,,
copy-of-angry-birds-printed-t-shirt-for-kids-2,,,,,,,,,5-6 YRS,,,Orange,,,,,'10712117,200.0,shopify,50,continue,manual,799.00,0.00,true,true,,,,,'10712117,,,,,,,,,,,,,,,,,,,,,,,,,,,,,,,,,,,,,,,,,,,,,,,https://cdn.shopify.com/s/files/1/0618/2368/0740/files/27_d84e4f25-f1f5-43b5-97fa-e62846155ee7.png?v=1717078507,kg,,,,,,
copy-of-angry-birds-printed-t-shirt-for-kids-2,,,,,,,,,5-6 YRS,,,Blue,,,,,'10712118,200.0,shopify,50,continue,manual,799.00,0.00,true,true,,,,,'10712118,,,,,,,,,,,,,,,,,,,,,,,,,,,,,,,,,,,,,,,,,,,,,,,https://cdn.shopify.com/s/files/1/0618/2368/0740/files/28_44ca195b-6cb9-4f1b-997c-62984204e98b.png?v=1717078507,kg,,,,,,
copy-of-angry-birds-printed-t-shirt-for-kids-2,,,,,,,,,7-8 YRS,,,Grey,,,,,'10712119,200.0,shopify,50,continue,manual,799.00,0.00,true,true,,,,,'10712119,,,,,,,,,,,,,,,,,,,,,,,,,,,,,,,,,,,,,,,,,,,,,,,https://cdn.shopify.com/s/files/1/0618/2368/0740/files/21_cf9d8b05-1fcd-4772-a0fc-556a5efcdc18.png?v=1717075932,kg,,,,,,
copy-of-angry-birds-printed-t-shirt-for-kids-2,,,,,,,,,7-8 YRS,,,White,,,,,'10712120,200.0,shopify,50,continue,manual,799.00,0.00,true,true,,,,,'10712120,,,,,,,,,,,,,,,,,,,,,,,,,,,,,,,,,,,,,,,,,,,,,,,https://cdn.shopify.com/s/files/1/0618/2368/0740/files/14_dc6348d6-8f80-48ed-b854-813e764fcae4.png?v=1717078507,kg,,,,,,
copy-of-angry-birds-printed-t-shirt-for-kids-2,,,,,,,,,7-8 YRS,,,Black,,,,,'10712121,200.0,shopify,50,continue,manual,799.00,0.00,true,true,,,,,'10712121,,,,,,,,,,,,,,,,,,,,,,,,,,,,,,,,,,,,,,,,,,,,,,,https://cdn.shopify.com/s/files/1/0618/2368/0740/files/12_713ba86e-e05f-4d89-bc7f-41f26b306f6b.png?v=1717078507,kg,,,,,,
copy-of-angry-birds-printed-t-shirt-for-kids-2,,,,,,,,,7-8 YRS,,,Red,,,,,'10712122,200.0,shopify,50,continue,manual,799.00,0.00,true,true,,,,,'10712122,,,,,,,,,,,,,,,,,,,,,,,,,,,,,,,,,,,,,,,,,,,,,,,https://cdn.shopify.com/s/files/1/0618/2368/0740/files/20_1488bc34-76ca-4e0d-822e-117b4de1863a.png?v=1717078507,kg,,,,,,
copy-of-angry-birds-printed-t-shirt-for-kids-2,,,,,,,,,7-8 YRS,,,Yellow,,,,,'10712123,200.0,shopify,50,continue,manual,799.00,0.00,true,true,,,,,'10712123,,,,,,,,,,,,,,,,,,,,,,,,,,,,,,,,,,,,,,,,,,,,,,,https://cdn.shopify.com/s/files/1/0618/2368/0740/files/24_a07592cc-fd4a-4fe9-9e71-b504567a0fe2.png?v=1717078507,kg,,,,,,
copy-of-angry-birds-printed-t-shirt-for-kids-2,,,,,,,,,7-8 YRS,,,Mahroon,,,,,'10712124,200.0,shopify,49,continue,manual,799.00,0.00,true,true,,,,,'10712124,,,,,,,,,,,,,,,,,,,,,,,,,,,,,,,,,,,,,,,,,,,,,,,https://cdn.shopify.com/s/files/1/0618/2368/0740/files/18_ce3e593b-0736-4b11-a303-e3779749fac8.png?v=1717078507,kg,,,,,,
copy-of-angry-birds-printed-t-shirt-for-kids-2,,,,,,,,,7-8 YRS,,,Pink,,,,,'10712125,200.0,shopify,50,continue,manual,799.00,0.00,true,true,,,,,'10712125,,,,,,,,,,,,,,,,,,,,,,,,,,,,,,,,,,,,,,,,,,,,,,,https://cdn.shopify.com/s/files/1/0618/2368/0740/files/23_3c637e17-c1f2-4d73-8f65-7b9d80ec6990.png?v=1717078507,kg,,,,,,
copy-of-angry-birds-printed-t-shirt-for-kids-2,,,,,,,,,7-8 YRS,,,Orange,,,,,'10712126,200.0,shopify,50,continue,manual,799.00,0.00,true,true,,,,,'10712126,,,,,,,,,,,,,,,,,,,,,,,,,,,,,,,,,,,,,,,,,,,,,,,https://cdn.shopify.com/s/files/1/0618/2368/0740/files/27_d84e4f25-f1f5-43b5-97fa-e62846155ee7.png?v=1717078507,kg,,,,,,
copy-of-angry-birds-printed-t-shirt-for-kids-2,,,,,,,,,7-8 YRS,,,Blue,,,,,'10712127,200.0,shopify,50,continue,manual,799.00,0.00,true,true,,,,,'10712127,,,,,,,,,,,,,,,,,,,,,,,,,,,,,,,,,,,,,,,,,,,,,,,https://cdn.shopify.com/s/files/1/0618/2368/0740/files/28_44ca195b-6cb9-4f1b-997c-62984204e98b.png?v=1717078507,kg,,,,,,
copy-of-angry-birds-printed-t-shirt-for-kids-2,,,,,,,,,9-10 YRS,,,Grey,,,,,'10712128,200.0,shopify,49,continue,manual,899.00,0.00,true,true,,,,,'10712128,,,,,,,,,,,,,,,,,,,,,,,,,,,,,,,,,,,,,,,,,,,,,,,https://cdn.shopify.com/s/files/1/0618/2368/0740/files/21_cf9d8b05-1fcd-4772-a0fc-556a5efcdc18.png?v=1717075932,kg,,,,,,
copy-of-angry-birds-printed-t-shirt-for-kids-2,,,,,,,,,9-10 YRS,,,White,,,,,'10712129,200.0,shopify,49,continue,manual,899.00,0.00,true,true,,,,,'10712129,,,,,,,,,,,,,,,,,,,,,,,,,,,,,,,,,,,,,,,,,,,,,,,https://cdn.shopify.com/s/files/1/0618/2368/0740/files/14_dc6348d6-8f80-48ed-b854-813e764fcae4.png?v=1717078507,kg,,,,,,
copy-of-angry-birds-printed-t-shirt-for-kids-2,,,,,,,,,9-10 YRS,,,Black,,,,,'10712130,200.0,shopify,50,continue,manual,899.00,0.00,true,true,,,,,'10712130,,,,,,,,,,,,,,,,,,,,,,,,,,,,,,,,,,,,,,,,,,,,,,,https://cdn.shopify.com/s/files/1/0618/2368/0740/files/12_713ba86e-e05f-4d89-bc7f-41f26b306f6b.png?v=1717078507,kg,,,,,,
copy-of-angry-birds-printed-t-shirt-for-kids-2,,,,,,,,,9-10 YRS,,,Red,,,,,'10712131,200.0,shopify,50,continue,manual,899.00,0.00,true,true,,,,,'10712131,,,,,,,,,,,,,,,,,,,,,,,,,,,,,,,,,,,,,,,,,,,,,,,https://cdn.shopify.com/s/files/1/0618/2368/0740/files/20_1488bc34-76ca-4e0d-822e-117b4de1863a.png?v=1717078507,kg,,,,,,
copy-of-angry-birds-printed-t-shirt-for-kids-2,,,,,,,,,9-10 YRS,,,Yellow,,,,,'10712132,200.0,shopify,50,continue,manual,899.00,0.00,true,true,,,,,'10712132,,,,,,,,,,,,,,,,,,,,,,,,,,,,,,,,,,,,,,,,,,,,,,,https://cdn.shopify.com/s/files/1/0618/2368/0740/files/24_a07592cc-fd4a-4fe9-9e71-b504567a0fe2.png?v=1717078507,kg,,,,,,
copy-of-angry-birds-printed-t-shirt-for-kids-2,,,,,,,,,9-10 YRS,,,Mahroon,,,,,'10712133,200.0,shopify,50,continue,manual,899.00,0.00,true,true,,,,,'10712133,,,,,,,,,,,,,,,,,,,,,,,,,,,,,,,,,,,,,,,,,,,,,,,https://cdn.shopify.com/s/files/1/0618/2368/0740/files/18_ce3e593b-0736-4b11-a303-e3779749fac8.png?v=1717078507,kg,,,,,,
copy-of-angry-birds-printed-t-shirt-for-kids-2,,,,,,,,,9-10 YRS,,,Pink,,,,,'10712134,200.0,shopify,50,continue,manual,899.00,0.00,true,true,,,,,'10712134,,,,,,,,,,,,,,,,,,,,,,,,,,,,,,,,,,,,,,,,,,,,,,,https://cdn.shopify.com/s/files/1/0618/2368/0740/files/23_3c637e17-c1f2-4d73-8f65-7b9d80ec6990.png?v=1717078507,kg,,,,,,
copy-of-angry-birds-printed-t-shirt-for-kids-2,,,,,,,,,9-10 YRS,,,Orange,,,,,'10712135,200.0,shopify,50,continue,manual,899.00,0.00,true,true,,,,,'10712135,,,,,,,,,,,,,,,,,,,,,,,,,,,,,,,,,,,,,,,,,,,,,,,https://cdn.shopify.com/s/files/1/0618/2368/0740/files/27_d84e4f25-f1f5-43b5-97fa-e62846155ee7.png?v=1717078507,kg,,,,,,
copy-of-angry-birds-printed-t-shirt-for-kids-2,,,,,,,,,9-10 YRS,,,Blue,,,,,'10712136,200.0,shopify,50,continue,manual,899.00,0.00,true,true,,,,,'10712136,,,,,,,,,,,,,,,,,,,,,,,,,,,,,,,,,,,,,,,,,,,,,,,https://cdn.shopify.com/s/files/1/0618/2368/0740/files/28_44ca195b-6cb9-4f1b-997c-62984204e98b.png?v=1717078507,kg,,,,,,
copy-of-angry-birds-printed-t-shirt-for-kids-2,,,,,,,,,11-12 YRS,,,Grey,,,,,'10712137,200.0,shopify,49,continue,manual,899.00,0.00,true,true,,,,,'10712137,,,,,,,,,,,,,,,,,,,,,,,,,,,,,,,,,,,,,,,,,,,,,,,https://cdn.shopify.com/s/files/1/0618/2368/0740/files/21_cf9d8b05-1fcd-4772-a0fc-556a5efcdc18.png?v=1717075932,kg,,,,,,
copy-of-angry-birds-printed-t-shirt-for-kids-2,,,,,,,,,11-12 YRS,,,White,,,,,'10712138,200.0,shopify,50,continue,manual,899.00,0.00,true,true,,,,,'10712138,,,,,,,,,,,,,,,,,,,,,,,,,,,,,,,,,,,,,,,,,,,,,,,https://cdn.shopify.com/s/files/1/0618/2368/0740/files/14_dc6348d6-8f80-48ed-b854-813e764fcae4.png?v=1717078507,kg,,,,,,
copy-of-angry-birds-printed-t-shirt-for-kids-2,,,,,,,,,11-12 YRS,,,Black,,,,,'10712139,200.0,shopify,50,continue,manual,899.00,0.00,true,true,,,,,'10712139,,,,,,,,,,,,,,,,,,,,,,,,,,,,,,,,,,,,,,,,,,,,,,,https://cdn.shopify.com/s/files/1/0618/2368/0740/files/12_713ba86e-e05f-4d89-bc7f-41f26b306f6b.png?v=1717078507,kg,,,,,,
copy-of-angry-birds-printed-t-shirt-for-kids-2,,,,,,,,,11-12 YRS,,,Red,,,,,'10712140,200.0,shopify,50,continue,manual,899.00,0.00,true,true,,,,,'10712140,,,,,,,,,,,,,,,,,,,,,,,,,,,,,,,,,,,,,,,,,,,,,,,https://cdn.shopify.com/s/files/1/0618/2368/0740/files/20_1488bc34-76ca-4e0d-822e-117b4de1863a.png?v=1717078507,kg,,,,,,
copy-of-angry-birds-printed-t-shirt-for-kids-2,,,,,,,,,11-12 YRS,,,Yellow,,,,,'10712141,200.0,shopify,50,continue,manual,899.00,0.00,true,true,,,,,'10712141,,,,,,,,,,,,,,,,,,,,,,,,,,,,,,,,,,,,,,,,,,,,,,,https://cdn.shopify.com/s/files/1/0618/2368/0740/files/24_a07592cc-fd4a-4fe9-9e71-b504567a0fe2.png?v=1717078507,kg,,,,,,
copy-of-angry-birds-printed-t-shirt-for-kids-2,,,,,,,,,11-12 YRS,,,Mahroon,,,,,'10712142,200.0,shopify,50,continue,manual,899.00,0.00,true,true,,,,,'10712142,,,,,,,,,,,,,,,,,,,,,,,,,,,,,,,,,,,,,,,,,,,,,,,https://cdn.shopify.com/s/files/1/0618/2368/0740/files/18_ce3e593b-0736-4b11-a303-e3779749fac8.png?v=1717078507,kg,,,,,,
copy-of-angry-birds-printed-t-shirt-for-kids-2,,,,,,,,,11-12 YRS,,,Pink,,,,,'10712143,200.0,shopify,50,continue,manual,899.00,0.00,true,true,,,,,'10712143,,,,,,,,,,,,,,,,,,,,,,,,,,,,,,,,,,,,,,,,,,,,,,,https://cdn.shopify.com/s/files/1/0618/2368/0740/files/23_3c637e17-c1f2-4d73-8f65-7b9d80ec6990.png?v=1717078507,kg,,,,,,
copy-of-angry-birds-printed-t-shirt-for-kids-2,,,,,,,,,11-12 YRS,,,Orange,,,,,'10712144,200.0,shopify,50,continue,manual,899.00,0.00,true,true,,,,,'10712144,,,,,,,,,,,,,,,,,,,,,,,,,,,,,,,,,,,,,,,,,,,,,,,https://cdn.shopify.com/s/files/1/0618/2368/0740/files/27_d84e4f25-f1f5-43b5-97fa-e62846155ee7.png?v=1717078507,kg,,,,,,
copy-of-angry-birds-printed-t-shirt-for-kids-2,,,,,,,,,11-12 YRS,,,Blue,,,,,'10712145,200.0,shopify,50,continue,manual,899.00,0.00,true,true,,,,,'10712145,,,,,,,,,,,,,,,,,,,,,,,,,,,,,,,,,,,,,,,,,,,,,,,https://cdn.shopify.com/s/files/1/0618/2368/0740/files/28_44ca195b-6cb9-4f1b-997c-62984204e98b.png?v=1717078507,kg,,,,,,
copy-of-angry-birds-printed-t-shirt-for-kids-2,,,,,,,,,13-14 YRS,,,Grey,,,,,'10712146,200.0,shopify,98,continue,manual,999.00,0.00,true,true,,,,,'10712146,,,,,,,,,,,,,,,,,,,,,,,,,,,,,,,,,,,,,,,,,,,,,,,https://cdn.shopify.com/s/files/1/0618/2368/0740/files/21_cf9d8b05-1fcd-4772-a0fc-556a5efcdc18.png?v=1717075932,kg,,,,,,
copy-of-angry-birds-printed-t-shirt-for-kids-2,,,,,,,,,13-14 YRS,,,White,,,,,'10712147,200.0,shopify,100,continue,manual,999.00,0.00,true,true,,,,,'10712147,,,,,,,,,,,,,,,,,,,,,,,,,,,,,,,,,,,,,,,,,,,,,,,https://cdn.shopify.com/s/files/1/0618/2368/0740/files/21_cf9d8b05-1fcd-4772-a0fc-556a5efcdc18.png?v=1717075932,kg,,,,,,
copy-of-angry-birds-printed-t-shirt-for-kids-2,,,,,,,,,13-14 YRS,,,Black,,,,,'10712148,200.0,shopify,100,continue,manual,999.00,0.00,true,true,,,,,'10712148,,,,,,,,,,,,,,,,,,,,,,,,,,,,,,,,,,,,,,,,,,,,,,,https://cdn.shopify.com/s/files/1/0618/2368/0740/files/21_cf9d8b05-1fcd-4772-a0fc-556a5efcdc18.png?v=1717075932,kg,,,,,,
copy-of-angry-birds-printed-t-shirt-for-kids-2,,,,,,,,,13-14 YRS,,,Red,,,,,'10712149,200.0,shopify,100,continue,manual,999.00,0.00,true,true,,,,,'10712149,,,,,,,,,,,,,,,,,,,,,,,,,,,,,,,,,,,,,,,,,,,,,,,https://cdn.shopify.com/s/files/1/0618/2368/0740/files/21_cf9d8b05-1fcd-4772-a0fc-556a5efcdc18.png?v=1717075932,kg,,,,,,
copy-of-angry-birds-printed-t-shirt-for-kids-2,,,,,,,,,13-14 YRS,,,Yellow,,,,,'10712150,200.0,shopify,100,continue,manual,999.00,0.00,true,true,,,,,'10712150,,,,,,,,,,,,,,,,,,,,,,,,,,,,,,,,,,,,,,,,,,,,,,,https://cdn.shopify.com/s/files/1/0618/2368/0740/files/21_cf9d8b05-1fcd-4772-a0fc-556a5efcdc18.png?v=1717075932,kg,,,,,,
copy-of-angry-birds-printed-t-shirt-for-kids-2,,,,,,,,,13-14 YRS,,,Mahroon,,,,,'10712151,200.0,shopify,100,continue,manual,999.00,0.00,true,true,,,,,'10712151,,,,,,,,,,,,,,,,,,,,,,,,,,,,,,,,,,,,,,,,,,,,,,,https://cdn.shopify.com/s/files/1/0618/2368/0740/files/21_cf9d8b05-1fcd-4772-a0fc-556a5efcdc18.png?v=1717075932,kg,,,,,,
copy-of-angry-birds-printed-t-shirt-for-kids-2,,,,,,,,,13-14 YRS,,,Pink,,,,,'10712152,200.0,shopify,100,continue,manual,999.00,0.00,true,true,,,,,'10712152,,,,,,,,,,,,,,,,,,,,,,,,,,,,,,,,,,,,,,,,,,,,,,,https://cdn.shopify.com/s/files/1/0618/2368/0740/files/21_cf9d8b05-1fcd-4772-a0fc-556a5efcdc18.png?v=1717075932,kg,,,,,,
copy-of-angry-birds-printed-t-shirt-for-kids-2,,,,,,,,,13-14 YRS,,,Orange,,,,,'10712153,200.0,shopify,100,continue,manual,999.00,0.00,true,true,,,,,'10712153,,,,,,,,,,,,,,,,,,,,,,,,,,,,,,,,,,,,,,,,,,,,,,,https://cdn.shopify.com/s/files/1/0618/2368/0740/files/21_cf9d8b05-1fcd-4772-a0fc-556a5efcdc18.png?v=1717075932,kg,,,,,,
copy-of-angry-birds-printed-t-shirt-for-kids-2,,,,,,,,,13-14 YRS,,,Blue,,,,,'10706850,200.0,shopify,100,continue,manual,999.00,0.00,true,true,,,,,'10706850,,,,,,,,,,,,,,,,,,,,,,,,,,,,,,,,,,,,,,,,,,,,,,,https://cdn.shopify.com/s/files/1/0618/2368/0740/files/21_cf9d8b05-1fcd-4772-a0fc-556a5efcdc18.png?v=1717075932,kg,,,,,,
copy-of-dragon-ball-z-t-shirt-for-kids,Dragon Ball1 T Shirt For Kids,"<div>Fabric: Soft High-Quality Jersey</div>
<div>Half Sleeve T-Shirt</div>
<div>Round Neck</div>
<div>High Quality DTF Printed (All Front Printed)</div>
<div>Soft and Comfortable Wear</div>
<div>Easy Wash &amp; Press</div>
<div>Sizes 1-14 years </div>
<div><span>Disclaimer: Colors may vary slightly due to studio lights. </span></div>",BBG FASHION CLOTHING STORE,Apparel & Accessories > Clothing > Clothing Tops > T-Shirts,kids T-Shirts,kids T-Shirts,false,Size,1-2 YRS,,Color,White,,,,,'10712030,200.0,shopify,50,continue,manual,799.00,0.00,true,true,,,,,'10712030,https://cdn.shopify.com/s/files/1/0618/2368/0740/files/14_a4744183-e7df-4d6b-a19a-cb6bbdf4537c.png?v=1717075910,1,Copy Of Dragon Ball Z T Shirt For Kids - front view - kids wear Pakistan,false,,,212,,,,,,,,,,,,,,,,,,,,,,,,,,,,,,,,,,,,,,,,https://cdn.shopify.com/s/files/1/0618/2368/0740/files/14_a4744183-e7df-4d6b-a19a-cb6bbdf4537c.png?v=1717075910,kg,,,true,,,draft
copy-of-dragon-ball-z-t-shirt-for-kids,,,,,,,,,1-2 YRS,,,Grey,,,,,'10712031,200.0,shopify,50,continue,manual,799.00,0.00,true,true,,,,,'10712031,https://cdn.shopify.com/s/files/1/0618/2368/0740/files/bbg_f9058e17-05f2-4eb2-881e-2c7abe15fb87.png?v=1717078409,2,Dino World T Shirt For Kids Copy - back view - kids wear Pakistan,,,,,,,,,,,,,,,,,,,,,,,,,,,,,,,,,,,,,,,,,,,,https://cdn.shopify.com/s/files/1/0618/2368/0740/files/21_a01aca62-6eaf-4b40-9dfe-66a088ffabdf.png?v=1717078547,kg,,,,,,
copy-of-dragon-ball-z-t-shirt-for-kids,,,,,,,,,1-2 YRS,,,Black,,,,,'10712032,200.0,shopify,50,continue,manual,799.00,0.00,true,true,,,,,'10712032,https://cdn.shopify.com/s/files/1/0618/2368/0740/files/10_2741f9a8-7716-4835-9609-cb325f1b3864.png?v=1717078547,3,Copy Of Dragon Ball Z T Shirt For Kids - side view - kids wear Pakistan,,,,,,,,,,,,,,,,,,,,,,,,,,,,,,,,,,,,,,,,,,,,https://cdn.shopify.com/s/files/1/0618/2368/0740/files/10_2741f9a8-7716-4835-9609-cb325f1b3864.png?v=1717078547,kg,,,,,,
copy-of-dragon-ball-z-t-shirt-for-kids,,,,,,,,,1-2 YRS,,,Red,,,,,'10712033,200.0,shopify,50,continue,manual,799.00,0.00,true,true,,,,,'10712033,https://cdn.shopify.com/s/files/1/0618/2368/0740/files/16_34a2c7ed-692e-47a4-ba38-d594f379d01f.png?v=1717078547,4,Copy Of Dragon Ball Z T Shirt For Kids - detail shot - kids wear Pakistan,,,,,,,,,,,,,,,,,,,,,,,,,,,,,,,,,,,,,,,,,,,,https://cdn.shopify.com/s/files/1/0618/2368/0740/files/20_d172ef8d-8777-4543-8096-f296e0670644.png?v=1717078547,kg,,,,,,
copy-of-dragon-ball-z-t-shirt-for-kids,,,,,,,,,1-2 YRS,,,Yellow,,,,,'10712034,200.0,shopify,50,continue,manual,799.00,0.00,true,true,,,,,'10712034,https://cdn.shopify.com/s/files/1/0618/2368/0740/files/18_5bfe990d-f781-4a86-9671-bafc166fb160.png?v=1717078547,5,Copy Of Dragon Ball Z T Shirt For Kids - front view - kids wear Pakistan,,,,,,,,,,,,,,,,,,,,,,,,,,,,,,,,,,,,,,,,,,,,https://cdn.shopify.com/s/files/1/0618/2368/0740/files/24_b75318b9-b1cc-4eff-8282-8d682206fdce.png?v=1717078547,kg,,,,,,
copy-of-dragon-ball-z-t-shirt-for-kids,,,,,,,,,1-2 YRS,,,Mahroon,,,,,'10712035,200.0,shopify,50,continue,manual,799.00,0.00,true,true,,,,,'10712035,https://cdn.shopify.com/s/files/1/0618/2368/0740/files/20_d172ef8d-8777-4543-8096-f296e0670644.png?v=1717078547,6,Copy Of Dragon Ball Z T Shirt For Kids - back view - kids wear Pakistan,,,,,,,,,,,,,,,,,,,,,,,,,,,,,,,,,,,,,,,,,,,,https://cdn.shopify.com/s/files/1/0618/2368/0740/files/18_5bfe990d-f781-4a86-9671-bafc166fb160.png?v=1717078547,kg,,,,,,
copy-of-dragon-ball-z-t-shirt-for-kids,,,,,,,,,1-2 YRS,,,Pink,,,,,'10712036,200.0,shopify,50,continue,manual,799.00,0.00,true,true,,,,,'10712036,https://cdn.shopify.com/s/files/1/0618/2368/0740/files/21_a01aca62-6eaf-4b40-9dfe-66a088ffabdf.png?v=1717078547,7,Copy Of Dragon Ball Z T Shirt For Kids - side view - kids wear Pakistan,,,,,,,,,,,,,,,,,,,,,,,,,,,,,,,,,,,,,,,,,,,,https://cdn.shopify.com/s/files/1/0618/2368/0740/files/23_209d0375-e572-40dd-9e98-f435521371db.png?v=1717078547,kg,,,,,,
copy-of-dragon-ball-z-t-shirt-for-kids,,,,,,,,,1-2 YRS,,,Orange,,,,,'10712037,200.0,shopify,50,continue,manual,799.00,0.00,true,true,,,,,'10712037,https://cdn.shopify.com/s/files/1/0618/2368/0740/files/23_209d0375-e572-40dd-9e98-f435521371db.png?v=1717078547,8,Copy Of Dragon Ball Z T Shirt For Kids - detail shot - kids wear Pakistan,,,,,,,,,,,,,,,,,,,,,,,,,,,,,,,,,,,,,,,,,,,,https://cdn.shopify.com/s/files/1/0618/2368/0740/files/26_8b23f9eb-5710-4a86-b094-2095b7063d94.png?v=1717078547,kg,,,,,,
copy-of-dragon-ball-z-t-shirt-for-kids,,,,,,,,,1-2 YRS,,,Blue,,,,,'10712038,200.0,shopify,50,continue,manual,799.00,0.00,true,true,,,,,'10712038,https://cdn.shopify.com/s/files/1/0618/2368/0740/files/24_b75318b9-b1cc-4eff-8282-8d682206fdce.png?v=1717078547,9,Copy Of Dragon Ball Z T Shirt For Kids - front view - kids wear Pakistan,,,,,,,,,,,,,,,,,,,,,,,,,,,,,,,,,,,,,,,,,,,,https://cdn.shopify.com/s/files/1/0618/2368/0740/files/29_8c3e3fab-c528-4154-a8b8-56e794247df3.png?v=1717078547,kg,,,,,,
copy-of-dragon-ball-z-t-shirt-for-kids,,,,,,,,,3-4 YRS,,,White,,,,,'10712039,200.0,shopify,50,continue,manual,799.00,0.00,true,true,,,,,'10712039,https://cdn.shopify.com/s/files/1/0618/2368/0740/files/26_8b23f9eb-5710-4a86-b094-2095b7063d94.png?v=1717078547,10,Copy Of Dragon Ball Z T Shirt For Kids - back view - kids wear Pakistan,,,,,,,,,,,,,,,,,,,,,,,,,,,,,,,,,,,,,,,,,,,,https://cdn.shopify.com/s/files/1/0618/2368/0740/files/14_a4744183-e7df-4d6b-a19a-cb6bbdf4537c.png?v=1717075910,kg,,,,,,
copy-of-dragon-ball-z-t-shirt-for-kids,,,,,,,,,3-4 YRS,,,Grey,,,,,'10712040,200.0,shopify,50,continue,manual,799.00,0.00,true,true,,,,,'10712040,https://cdn.shopify.com/s/files/1/0618/2368/0740/files/29_8c3e3fab-c528-4154-a8b8-56e794247df3.png?v=1717078547,11,Copy Of Dragon Ball Z T Shirt For Kids - side view - kids wear Pakistan,,,,,,,,,,,,,,,,,,,,,,,,,,,,,,,,,,,,,,,,,,,,https://cdn.shopify.com/s/files/1/0618/2368/0740/files/21_a01aca62-6eaf-4b40-9dfe-66a088ffabdf.png?v=1717078547,kg,,,,,,
copy-of-dragon-ball-z-t-shirt-for-kids,,,,,,,,,3-4 YRS,,,Black,,,,,'10712041,200.0,shopify,50,continue,manual,799.00,0.00,true,true,,,,,'10712041,https://cdn.shopify.com/s/files/1/0618/2368/0740/files/30_dee02169-d129-40bd-9bf4-aa20ca1438e6.png?v=1717078547,12,Copy Of Dragon Ball Z T Shirt For Kids - detail shot - kids wear Pakistan,,,,,,,,,,,,,,,,,,,,,,,,,,,,,,,,,,,,,,,,,,,,https://cdn.shopify.com/s/files/1/0618/2368/0740/files/10_2741f9a8-7716-4835-9609-cb325f1b3864.png?v=1717078547,kg,,,,,,
copy-of-dragon-ball-z-t-shirt-for-kids,,,,,,,,,3-4 YRS,,,Red,,,,,'10712042,200.0,shopify,50,continue,manual,799.00,0.00,true,true,,,,,'10712042,,,,,,,,,,,,,,,,,,,,,,,,,,,,,,,,,,,,,,,,,,,,,,,https://cdn.shopify.com/s/files/1/0618/2368/0740/files/20_d172ef8d-8777-4543-8096-f296e0670644.png?v=1717078547,kg,,,,,,
copy-of-dragon-ball-z-t-shirt-for-kids,,,,,,,,,3-4 YRS,,,Yellow,,,,,'10712043,200.0,shopify,50,continue,manual,799.00,0.00,true,true,,,,,'10712043,,,,,,,,,,,,,,,,,,,,,,,,,,,,,,,,,,,,,,,,,,,,,,,https://cdn.shopify.com/s/files/1/0618/2368/0740/files/24_b75318b9-b1cc-4eff-8282-8d682206fdce.png?v=1717078547,kg,,,,,,
copy-of-dragon-ball-z-t-shirt-for-kids,,,,,,,,,3-4 YRS,,,Mahroon,,,,,'10712044,200.0,shopify,50,continue,manual,799.00,0.00,true,true,,,,,'10712044,,,,,,,,,,,,,,,,,,,,,,,,,,,,,,,,,,,,,,,,,,,,,,,https://cdn.shopify.com/s/files/1/0618/2368/0740/files/18_5bfe990d-f781-4a86-9671-bafc166fb160.png?v=1717078547,kg,,,,,,
copy-of-dragon-ball-z-t-shirt-for-kids,,,,,,,,,3-4 YRS,,,Pink,,,,,'10712045,200.0,shopify,50,continue,manual,799.00,0.00,true,true,,,,,'10712045,,,,,,,,,,,,,,,,,,,,,,,,,,,,,,,,,,,,,,,,,,,,,,,https://cdn.shopify.com/s/files/1/0618/2368/0740/files/23_209d0375-e572-40dd-9e98-f435521371db.png?v=1717078547,kg,,,,,,
copy-of-dragon-ball-z-t-shirt-for-kids,,,,,,,,,3-4 YRS,,,Orange,,,,,'10712046,200.0,shopify,50,continue,manual,799.00,0.00,true,true,,,,,'10712046,,,,,,,,,,,,,,,,,,,,,,,,,,,,,,,,,,,,,,,,,,,,,,,https://cdn.shopify.com/s/files/1/0618/2368/0740/files/26_8b23f9eb-5710-4a86-b094-2095b7063d94.png?v=1717078547,kg,,,,,,
copy-of-dragon-ball-z-t-shirt-for-kids,,,,,,,,,3-4 YRS,,,Blue,,,,,'10712047,200.0,shopify,50,continue,manual,799.00,0.00,true,true,,,,,'10712047,,,,,,,,,,,,,,,,,,,,,,,,,,,,,,,,,,,,,,,,,,,,,,,https://cdn.shopify.com/s/files/1/0618/2368/0740/files/29_8c3e3fab-c528-4154-a8b8-56e794247df3.png?v=1717078547,kg,,,,,,
copy-of-dragon-ball-z-t-shirt-for-kids,,,,,,,,,5-6 YRS,,,White,,,,,'10712048,200.0,shopify,50,continue,manual,799.00,0.00,true,true,,,,,'10712048,,,,,,,,,,,,,,,,,,,,,,,,,,,,,,,,,,,,,,,,,,,,,,,https://cdn.shopify.com/s/files/1/0618/2368/0740/files/14_a4744183-e7df-4d6b-a19a-cb6bbdf4537c.png?v=1717075910,kg,,,,,,
copy-of-dragon-ball-z-t-shirt-for-kids,,,,,,,,,5-6 YRS,,,Grey,,,,,'10712049,200.0,shopify,50,continue,manual,799.00,0.00,true,true,,,,,'10712049,,,,,,,,,,,,,,,,,,,,,,,,,,,,,,,,,,,,,,,,,,,,,,,https://cdn.shopify.com/s/files/1/0618/2368/0740/files/21_a01aca62-6eaf-4b40-9dfe-66a088ffabdf.png?v=1717078547,kg,,,,,,
copy-of-dragon-ball-z-t-shirt-for-kids,,,,,,,,,5-6 YRS,,,Black,,,,,'10712050,200.0,shopify,50,continue,manual,799.00,0.00,true,true,,,,,'10712050,,,,,,,,,,,,,,,,,,,,,,,,,,,,,,,,,,,,,,,,,,,,,,,https://cdn.shopify.com/s/files/1/0618/2368/0740/files/10_2741f9a8-7716-4835-9609-cb325f1b3864.png?v=1717078547,kg,,,,,,
copy-of-dragon-ball-z-t-shirt-for-kids,,,,,,,,,5-6 YRS,,,Red,,,,,'10712051,200.0,shopify,49,continue,manual,799.00,0.00,true,true,,,,,'10712051,,,,,,,,,,,,,,,,,,,,,,,,,,,,,,,,,,,,,,,,,,,,,,,https://cdn.shopify.com/s/files/1/0618/2368/0740/files/20_d172ef8d-8777-4543-8096-f296e0670644.png?v=1717078547,kg,,,,,,
copy-of-dragon-ball-z-t-shirt-for-kids,,,,,,,,,5-6 YRS,,,Yellow,,,,,'10712052,200.0,shopify,50,continue,manual,799.00,0.00,true,true,,,,,'10712052,,,,,,,,,,,,,,,,,,,,,,,,,,,,,,,,,,,,,,,,,,,,,,,https://cdn.shopify.com/s/files/1/0618/2368/0740/files/24_b75318b9-b1cc-4eff-8282-8d682206fdce.png?v=1717078547,kg,,,,,,
copy-of-dragon-ball-z-t-shirt-for-kids,,,,,,,,,5-6 YRS,,,Mahroon,,,,,'10712053,200.0,shopify,50,continue,manual,799.00,0.00,true,true,,,,,'10712053,,,,,,,,,,,,,,,,,,,,,,,,,,,,,,,,,,,,,,,,,,,,,,,https://cdn.shopify.com/s/files/1/0618/2368/0740/files/18_5bfe990d-f781-4a86-9671-bafc166fb160.png?v=1717078547,kg,,,,,,
copy-of-dragon-ball-z-t-shirt-for-kids,,,,,,,,,5-6 YRS,,,Pink,,,,,'10712054,200.0,shopify,50,continue,manual,799.00,0.00,true,true,,,,,'10712054,,,,,,,,,,,,,,,,,,,,,,,,,,,,,,,,,,,,,,,,,,,,,,,https://cdn.shopify.com/s/files/1/0618/2368/0740/files/23_209d0375-e572-40dd-9e98-f435521371db.png?v=1717078547,kg,,,,,,
copy-of-dragon-ball-z-t-shirt-for-kids,,,,,,,,,5-6 YRS,,,Orange,,,,,'10712055,200.0,shopify,49,continue,manual,799.00,0.00,true,true,,,,,'10712055,,,,,,,,,,,,,,,,,,,,,,,,,,,,,,,,,,,,,,,,,,,,,,,https://cdn.shopify.com/s/files/1/0618/2368/0740/files/26_8b23f9eb-5710-4a86-b094-2095b7063d94.png?v=1717078547,kg,,,,,,
copy-of-dragon-ball-z-t-shirt-for-kids,,,,,,,,,5-6 YRS,,,Blue,,,,,'10712056,200.0,shopify,50,continue,manual,799.00,0.00,true,true,,,,,'10712056,,,,,,,,,,,,,,,,,,,,,,,,,,,,,,,,,,,,,,,,,,,,,,,https://cdn.shopify.com/s/files/1/0618/2368/0740/files/29_8c3e3fab-c528-4154-a8b8-56e794247df3.png?v=1717078547,kg,,,,,,
copy-of-dragon-ball-z-t-shirt-for-kids,,,,,,,,,7-8 YRS,,,White,,,,,'10712057,200.0,shopify,49,continue,manual,799.00,0.00,true,true,,,,,'10712057,,,,,,,,,,,,,,,,,,,,,,,,,,,,,,,,,,,,,,,,,,,,,,,https://cdn.shopify.com/s/files/1/0618/2368/0740/files/14_a4744183-e7df-4d6b-a19a-cb6bbdf4537c.png?v=1717075910,kg,,,,,,
copy-of-dragon-ball-z-t-shirt-for-kids,,,,,,,,,7-8 YRS,,,Grey,,,,,'10712058,200.0,shopify,50,continue,manual,799.00,0.00,true,true,,,,,'10712058,,,,,,,,,,,,,,,,,,,,,,,,,,,,,,,,,,,,,,,,,,,,,,,https://cdn.shopify.com/s/files/1/0618/2368/0740/files/21_a01aca62-6eaf-4b40-9dfe-66a088ffabdf.png?v=1717078547,kg,,,,,,
copy-of-dragon-ball-z-t-shirt-for-kids,,,,,,,,,7-8 YRS,,,Black,,,,,'10712059,200.0,shopify,50,continue,manual,799.00,0.00,true,true,,,,,'10712059,,,,,,,,,,,,,,,,,,,,,,,,,,,,,,,,,,,,,,,,,,,,,,,https://cdn.shopify.com/s/files/1/0618/2368/0740/files/10_2741f9a8-7716-4835-9609-cb325f1b3864.png?v=1717078547,kg,,,,,,
copy-of-dragon-ball-z-t-shirt-for-kids,,,,,,,,,7-8 YRS,,,Red,,,,,'10712060,200.0,shopify,50,continue,manual,799.00,0.00,true,true,,,,,'10712060,,,,,,,,,,,,,,,,,,,,,,,,,,,,,,,,,,,,,,,,,,,,,,,https://cdn.shopify.com/s/files/1/0618/2368/0740/files/20_d172ef8d-8777-4543-8096-f296e0670644.png?v=1717078547,kg,,,,,,
copy-of-dragon-ball-z-t-shirt-for-kids,,,,,,,,,7-8 YRS,,,Yellow,,,,,'10712061,200.0,shopify,50,continue,manual,799.00,0.00,true,true,,,,,'10712061,,,,,,,,,,,,,,,,,,,,,,,,,,,,,,,,,,,,,,,,,,,,,,,https://cdn.shopify.com/s/files/1/0618/2368/0740/files/24_b75318b9-b1cc-4eff-8282-8d682206fdce.png?v=1717078547,kg,,,,,,
copy-of-dragon-ball-z-t-shirt-for-kids,,,,,,,,,7-8 YRS,,,Mahroon,,,,,'10712062,200.0,shopify,50,continue,manual,799.00,0.00,true,true,,,,,'10712062,,,,,,,,,,,,,,,,,,,,,,,,,,,,,,,,,,,,,,,,,,,,,,,https://cdn.shopify.com/s/files/1/0618/2368/0740/files/18_5bfe990d-f781-4a86-9671-bafc166fb160.png?v=1717078547,kg,,,,,,
copy-of-dragon-ball-z-t-shirt-for-kids,,,,,,,,,7-8 YRS,,,Pink,,,,,'10712063,200.0,shopify,50,continue,manual,799.00,0.00,true,true,,,,,'10712063,,,,,,,,,,,,,,,,,,,,,,,,,,,,,,,,,,,,,,,,,,,,,,,https://cdn.shopify.com/s/files/1/0618/2368/0740/files/23_209d0375-e572-40dd-9e98-f435521371db.png?v=1717078547,kg,,,,,,
copy-of-dragon-ball-z-t-shirt-for-kids,,,,,,,,,7-8 YRS,,,Orange,,,,,'10712064,200.0,shopify,50,continue,manual,799.00,0.00,true,true,,,,,'10712064,,,,,,,,,,,,,,,,,,,,,,,,,,,,,,,,,,,,,,,,,,,,,,,https://cdn.shopify.com/s/files/1/0618/2368/0740/files/26_8b23f9eb-5710-4a86-b094-2095b7063d94.png?v=1717078547,kg,,,,,,
copy-of-dragon-ball-z-t-shirt-for-kids,,,,,,,,,7-8 YRS,,,Blue,,,,,'10712065,200.0,shopify,50,continue,manual,799.00,0.00,true,true,,,,,'10712065,,,,,,,,,,,,,,,,,,,,,,,,,,,,,,,,,,,,,,,,,,,,,,,https://cdn.shopify.com/s/files/1/0618/2368/0740/files/29_8c3e3fab-c528-4154-a8b8-56e794247df3.png?v=1717078547,kg,,,,,,
copy-of-dragon-ball-z-t-shirt-for-kids,,,,,,,,,9-10 YRS,,,White,,,,,'10712066,200.0,shopify,50,continue,manual,899.00,0.00,true,true,,,,,'10712066,,,,,,,,,,,,,,,,,,,,,,,,,,,,,,,,,,,,,,,,,,,,,,,https://cdn.shopify.com/s/files/1/0618/2368/0740/files/14_a4744183-e7df-4d6b-a19a-cb6bbdf4537c.png?v=1717075910,kg,,,,,,
copy-of-dragon-ball-z-t-shirt-for-kids,,,,,,,,,9-10 YRS,,,Grey,,,,,'10712067,200.0,shopify,49,continue,manual,899.00,0.00,true,true,,,,,'10712067,,,,,,,,,,,,,,,,,,,,,,,,,,,,,,,,,,,,,,,,,,,,,,,https://cdn.shopify.com/s/files/1/0618/2368/0740/files/21_a01aca62-6eaf-4b40-9dfe-66a088ffabdf.png?v=1717078547,kg,,,,,,
copy-of-dragon-ball-z-t-shirt-for-kids,,,,,,,,,9-10 YRS,,,Black,,,,,'10712068,200.0,shopify,50,continue,manual,899.00,0.00,true,true,,,,,'10712068,,,,,,,,,,,,,,,,,,,,,,,,,,,,,,,,,,,,,,,,,,,,,,,https://cdn.shopify.com/s/files/1/0618/2368/0740/files/10_2741f9a8-7716-4835-9609-cb325f1b3864.png?v=1717078547,kg,,,,,,
copy-of-dragon-ball-z-t-shirt-for-kids,,,,,,,,,9-10 YRS,,,Red,,,,,'10712069,200.0,shopify,50,continue,manual,899.00,0.00,true,true,,,,,'10712069,,,,,,,,,,,,,,,,,,,,,,,,,,,,,,,,,,,,,,,,,,,,,,,https://cdn.shopify.com/s/files/1/0618/2368/0740/files/20_d172ef8d-8777-4543-8096-f296e0670644.png?v=1717078547,kg,,,,,,
copy-of-dragon-ball-z-t-shirt-for-kids,,,,,,,,,9-10 YRS,,,Yellow,,,,,'10712070,200.0,shopify,50,continue,manual,899.00,0.00,true,true,,,,,'10712070,,,,,,,,,,,,,,,,,,,,,,,,,,,,,,,,,,,,,,,,,,,,,,,https://cdn.shopify.com/s/files/1/0618/2368/0740/files/24_b75318b9-b1cc-4eff-8282-8d682206fdce.png?v=1717078547,kg,,,,,,
copy-of-dragon-ball-z-t-shirt-for-kids,,,,,,,,,9-10 YRS,,,Mahroon,,,,,'10712071,200.0,shopify,50,continue,manual,899.00,0.00,true,true,,,,,'10712071,,,,,,,,,,,,,,,,,,,,,,,,,,,,,,,,,,,,,,,,,,,,,,,https://cdn.shopify.com/s/files/1/0618/2368/0740/files/18_5bfe990d-f781-4a86-9671-bafc166fb160.png?v=1717078547,kg,,,,,,
copy-of-dragon-ball-z-t-shirt-for-kids,,,,,,,,,9-10 YRS,,,Pink,,,,,'10712072,200.0,shopify,50,continue,manual,899.00,0.00,true,true,,,,,'10712072,,,,,,,,,,,,,,,,,,,,,,,,,,,,,,,,,,,,,,,,,,,,,,,https://cdn.shopify.com/s/files/1/0618/2368/0740/files/23_209d0375-e572-40dd-9e98-f435521371db.png?v=1717078547,kg,,,,,,
copy-of-dragon-ball-z-t-shirt-for-kids,,,,,,,,,9-10 YRS,,,Orange,,,,,'10712073,200.0,shopify,50,continue,manual,899.00,0.00,true,true,,,,,'10712073,,,,,,,,,,,,,,,,,,,,,,,,,,,,,,,,,,,,,,,,,,,,,,,https://cdn.shopify.com/s/files/1/0618/2368/0740/files/26_8b23f9eb-5710-4a86-b094-2095b7063d94.png?v=1717078547,kg,,,,,,
copy-of-dragon-ball-z-t-shirt-for-kids,,,,,,,,,9-10 YRS,,,Blue,,,,,'10712074,200.0,shopify,49,continue,manual,899.00,0.00,true,true,,,,,'10712074,,,,,,,,,,,,,,,,,,,,,,,,,,,,,,,,,,,,,,,,,,,,,,,https://cdn.shopify.com/s/files/1/0618/2368/0740/files/29_8c3e3fab-c528-4154-a8b8-56e794247df3.png?v=1717078547,kg,,,,,,
copy-of-dragon-ball-z-t-shirt-for-kids,,,,,,,,,11-12 YRS,,,White,,,,,'10712075,200.0,shopify,49,continue,manual,899.00,0.00,true,true,,,,,'10712075,,,,,,,,,,,,,,,,,,,,,,,,,,,,,,,,,,,,,,,,,,,,,,,https://cdn.shopify.com/s/files/1/0618/2368/0740/files/14_a4744183-e7df-4d6b-a19a-cb6bbdf4537c.png?v=1717075910,kg,,,,,,
copy-of-dragon-ball-z-t-shirt-for-kids,,,,,,,,,11-12 YRS,,,Grey,,,,,'10712076,200.0,shopify,50,continue,manual,899.00,0.00,true,true,,,,,'10712076,,,,,,,,,,,,,,,,,,,,,,,,,,,,,,,,,,,,,,,,,,,,,,,https://cdn.shopify.com/s/files/1/0618/2368/0740/files/21_a01aca62-6eaf-4b40-9dfe-66a088ffabdf.png?v=1717078547,kg,,,,,,
copy-of-dragon-ball-z-t-shirt-for-kids,,,,,,,,,11-12 YRS,,,Black,,,,,'10712077,200.0,shopify,50,continue,manual,899.00,0.00,true,true,,,,,'10712077,,,,,,,,,,,,,,,,,,,,,,,,,,,,,,,,,,,,,,,,,,,,,,,https://cdn.shopify.com/s/files/1/0618/2368/0740/files/10_2741f9a8-7716-4835-9609-cb325f1b3864.png?v=1717078547,kg,,,,,,
copy-of-dragon-ball-z-t-shirt-for-kids,,,,,,,,,11-12 YRS,,,Red,,,,,'10712078,200.0,shopify,50,continue,manual,899.00,0.00,true,true,,,,,'10712078,,,,,,,,,,,,,,,,,,,,,,,,,,,,,,,,,,,,,,,,,,,,,,,https://cdn.shopify.com/s/files/1/0618/2368/0740/files/20_d172ef8d-8777-4543-8096-f296e0670644.png?v=1717078547,kg,,,,,,
copy-of-dragon-ball-z-t-shirt-for-kids,,,,,,,,,11-12 YRS,,,Yellow,,,,,'10712079,200.0,shopify,50,continue,manual,899.00,0.00,true,true,,,,,'10712079,,,,,,,,,,,,,,,,,,,,,,,,,,,,,,,,,,,,,,,,,,,,,,,https://cdn.shopify.com/s/files/1/0618/2368/0740/files/24_b75318b9-b1cc-4eff-8282-8d682206fdce.png?v=1717078547,kg,,,,,,
copy-of-dragon-ball-z-t-shirt-for-kids,,,,,,,,,11-12 YRS,,,Mahroon,,,,,'10712080,200.0,shopify,50,continue,manual,899.00,0.00,true,true,,,,,'10712080,,,,,,,,,,,,,,,,,,,,,,,,,,,,,,,,,,,,,,,,,,,,,,,https://cdn.shopify.com/s/files/1/0618/2368/0740/files/18_5bfe990d-f781-4a86-9671-bafc166fb160.png?v=1717078547,kg,,,,,,
copy-of-dragon-ball-z-t-shirt-for-kids,,,,,,,,,11-12 YRS,,,Pink,,,,,'10712081,200.0,shopify,50,continue,manual,899.00,0.00,true,true,,,,,'10712081,,,,,,,,,,,,,,,,,,,,,,,,,,,,,,,,,,,,,,,,,,,,,,,https://cdn.shopify.com/s/files/1/0618/2368/0740/files/23_209d0375-e572-40dd-9e98-f435521371db.png?v=1717078547,kg,,,,,,
copy-of-dragon-ball-z-t-shirt-for-kids,,,,,,,,,11-12 YRS,,,Orange,,,,,'10712082,200.0,shopify,50,continue,manual,899.00,0.00,true,true,,,,,'10712082,,,,,,,,,,,,,,,,,,,,,,,,,,,,,,,,,,,,,,,,,,,,,,,https://cdn.shopify.com/s/files/1/0618/2368/0740/files/26_8b23f9eb-5710-4a86-b094-2095b7063d94.png?v=1717078547,kg,,,,,,
copy-of-dragon-ball-z-t-shirt-for-kids,,,,,,,,,11-12 YRS,,,Blue,,,,,'10712083,200.0,shopify,50,continue,manual,899.00,0.00,true,true,,,,,'10712083,,,,,,,,,,,,,,,,,,,,,,,,,,,,,,,,,,,,,,,,,,,,,,,https://cdn.shopify.com/s/files/1/0618/2368/0740/files/29_8c3e3fab-c528-4154-a8b8-56e794247df3.png?v=1717078547,kg,,,,,,
copy-of-dragon-ball-z-t-shirt-for-kids,,,,,,,,,13-14 YRS,,,White,,,,,'10712084,200.0,shopify,98,continue,manual,999.00,0.00,true,true,,,,,'10712084,,,,,,,,,,,,,,,,,,,,,,,,,,,,,,,,,,,,,,,,,,,,,,,https://cdn.shopify.com/s/files/1/0618/2368/0740/files/14_a4744183-e7df-4d6b-a19a-cb6bbdf4537c.png?v=1717075910,kg,,,,,,
copy-of-dragon-ball-z-t-shirt-for-kids,,,,,,,,,13-14 YRS,,,Grey,,,,,'10712085,200.0,shopify,100,continue,manual,999.00,0.00,true,true,,,,,'10712085,,,,,,,,,,,,,,,,,,,,,,,,,,,,,,,,,,,,,,,,,,,,,,,https://cdn.shopify.com/s/files/1/0618/2368/0740/files/21_a01aca62-6eaf-4b40-9dfe-66a088ffabdf.png?v=1717078547,kg,,,,,,
copy-of-dragon-ball-z-t-shirt-for-kids,,,,,,,,,13-14 YRS,,,Black,,,,,'10712086,200.0,shopify,100,continue,manual,999.00,0.00,true,true,,,,,'10712086,,,,,,,,,,,,,,,,,,,,,,,,,,,,,,,,,,,,,,,,,,,,,,,https://cdn.shopify.com/s/files/1/0618/2368/0740/files/10_2741f9a8-7716-4835-9609-cb325f1b3864.png?v=1717078547,kg,,,,,,
copy-of-dragon-ball-z-t-shirt-for-kids,,,,,,,,,13-14 YRS,,,Red,,,,,'10712087,200.0,shopify,100,continue,manual,999.00,0.00,true,true,,,,,'10712087,,,,,,,,,,,,,,,,,,,,,,,,,,,,,,,,,,,,,,,,,,,,,,,https://cdn.shopify.com/s/files/1/0618/2368/0740/files/20_d172ef8d-8777-4543-8096-f296e0670644.png?v=1717078547,kg,,,,,,
copy-of-dragon-ball-z-t-shirt-for-kids,,,,,,,,,13-14 YRS,,,Yellow,,,,,'10712088,200.0,shopify,100,continue,manual,999.00,0.00,true,true,,,,,'10712088,,,,,,,,,,,,,,,,,,,,,,,,,,,,,,,,,,,,,,,,,,,,,,,https://cdn.shopify.com/s/files/1/0618/2368/0740/files/24_b75318b9-b1cc-4eff-8282-8d682206fdce.png?v=1717078547,kg,,,,,,
copy-of-dragon-ball-z-t-shirt-for-kids,,,,,,,,,13-14 YRS,,,Mahroon,,,,,'10712089,200.0,shopify,100,continue,manual,999.00,0.00,true,true,,,,,'10712089,,,,,,,,,,,,,,,,,,,,,,,,,,,,,,,,,,,,,,,,,,,,,,,https://cdn.shopify.com/s/files/1/0618/2368/0740/files/18_5bfe990d-f781-4a86-9671-bafc166fb160.png?v=1717078547,kg,,,,,,
copy-of-dragon-ball-z-t-shirt-for-kids,,,,,,,,,13-14 YRS,,,Pink,,,,,'10712090,200.0,shopify,100,continue,manual,999.00,0.00,true,true,,,,,'10712090,,,,,,,,,,,,,,,,,,,,,,,,,,,,,,,,,,,,,,,,,,,,,,,https://cdn.shopify.com/s/files/1/0618/2368/0740/files/23_209d0375-e572-40dd-9e98-f435521371db.png?v=1717078547,kg,,,,,,
copy-of-dragon-ball-z-t-shirt-for-kids,,,,,,,,,13-14 YRS,,,Orange,,,,,'10712091,200.0,shopify,100,continue,manual,999.00,0.00,true,true,,,,,'10712091,,,,,,,,,,,,,,,,,,,,,,,,,,,,,,,,,,,,,,,,,,,,,,,https://cdn.shopify.com/s/files/1/0618/2368/0740/files/26_8b23f9eb-5710-4a86-b094-2095b7063d94.png?v=1717078547,kg,,,,,,
copy-of-dragon-ball-z-t-shirt-for-kids,,,,,,,,,13-14 YRS,,,Blue,,,,,'10706849,200.0,shopify,99,continue,manual,999.00,0.00,true,true,,,,,'10706849,,,,,,,,,,,,,,,,,,,,,,,,,,,,,,,,,,,,,,,,,,,,,,,https://cdn.shopify.com/s/files/1/0618/2368/0740/files/29_8c3e3fab-c528-4154-a8b8-56e794247df3.png?v=1717078547,kg,,,,,,
copy-of-dragon-ballz-t-shirt-for-kids,Iron Man T Shirt For Kids,"<div>Fabric: Soft High-Quality Jersey</div>
<div>Half Sleeve T-Shirt</div>
<div>Round Neck</div>
<div>High Quality DTF Printed </div>
<div>Soft and Comfortable Wear</div>
<div>Easy Wash &amp; Press</div>
<div>Sizes 1-14 years </div>
<div><span>Disclaimer: Colors may vary slightly due to studio lights. </span></div>",BBG FASHION CLOTHING STORE,Apparel & Accessories > Clothing > Clothing Tops > T-Shirts,kids T-Shirts,kids T-Shirts,false,Size,1-2 YRS,,Color,Grey,,,,,'10711968,200.0,shopify,50,continue,manual,799.00,0.00,true,true,,,,,'10711968,https://cdn.shopify.com/s/files/1/0618/2368/0740/files/20_8ae78d21-7cd7-4ddf-b429-2ea1cc6cfb32.png?v=1717075890,1,Copy Of Dragon Ballz T Shirt For Kids - front view - kids wear Pakistan,false,,,212,,,,,,,,,,,,'1,,,,,,,,,,,,,,,,,,,,,,,,,,,,https://cdn.shopify.com/s/files/1/0618/2368/0740/files/20_8ae78d21-7cd7-4ddf-b429-2ea1cc6cfb32.png?v=1717075890,kg,,,true,,,draft
copy-of-dragon-ballz-t-shirt-for-kids,,,,,,,,,1-2 YRS,,,White,,,,,'10711969,200.0,shopify,50,continue,manual,799.00,0.00,true,true,,,,,'10711969,https://cdn.shopify.com/s/files/1/0618/2368/0740/files/bbg_d1d933d2-5f31-45d8-8176-020754e9f684.png?v=1717078507,2,Summer Surf Shirt For Kids Copy - back view - kids wear Pakistan,,,,,,,,,,,,,,,,,,,,,,,,,,,,,,,,,,,,,,,,,,,,https://cdn.shopify.com/s/files/1/0618/2368/0740/files/13_82b12a34-5cf3-4cac-a882-c4506d3bf89c.png?v=1717078665,kg,,,,,,
copy-of-dragon-ballz-t-shirt-for-kids,,,,,,,,,1-2 YRS,,,Black,,,,,'10711970,200.0,shopify,50,continue,manual,799.00,0.00,true,true,,,,,'10711970,https://cdn.shopify.com/s/files/1/0618/2368/0740/files/11_0b513fdd-25f0-4ede-a6fc-906bd0260a68.png?v=1717078665,3,Copy Of Dragon Ballz T Shirt For Kids - side view - kids wear Pakistan,,,,,,,,,,,,,,,,,,,,,,,,,,,,,,,,,,,,,,,,,,,,https://cdn.shopify.com/s/files/1/0618/2368/0740/files/11_0b513fdd-25f0-4ede-a6fc-906bd0260a68.png?v=1717078665,kg,,,,,,
copy-of-dragon-ballz-t-shirt-for-kids,,,,,,,,,1-2 YRS,,,Red,,,,,'10711971,200.0,shopify,50,continue,manual,799.00,0.00,true,true,,,,,'10711971,https://cdn.shopify.com/s/files/1/0618/2368/0740/files/13_82b12a34-5cf3-4cac-a882-c4506d3bf89c.png?v=1717078665,4,Copy Of Dragon Ballz T Shirt For Kids - detail shot - kids wear Pakistan,,,,,,,,,,,,,,,,,,,,,,,,,,,,,,,,,,,,,,,,,,,,https://cdn.shopify.com/s/files/1/0618/2368/0740/files/19_d8da8beb-ec3f-4228-949f-55d3d96647ac.png?v=1717078665,kg,,,,,,
copy-of-dragon-ballz-t-shirt-for-kids,,,,,,,,,1-2 YRS,,,Yellow,,,,,'10711972,200.0,shopify,50,continue,manual,799.00,0.00,true,true,,,,,'10711972,https://cdn.shopify.com/s/files/1/0618/2368/0740/files/14_c9bbb545-f8c1-4ad3-b4cb-0fa03fd5cadd.png?v=1717078665,5,Copy Of Dragon Ballz T Shirt For Kids - front view - kids wear Pakistan,,,,,,,,,,,,,,,,,,,,,,,,,,,,,,,,,,,,,,,,,,,,https://cdn.shopify.com/s/files/1/0618/2368/0740/files/23_d68286da-4acf-40b4-9ff3-f9eb001c5b61.png?v=1717078665,kg,,,,,,
copy-of-dragon-ballz-t-shirt-for-kids,,,,,,,,,1-2 YRS,,,Mahroon,,,,,'10711973,200.0,shopify,50,continue,manual,799.00,0.00,true,true,,,,,'10711973,https://cdn.shopify.com/s/files/1/0618/2368/0740/files/17_f1c9d96d-3541-42af-85e2-46744924d6c9.png?v=1717078665,6,Copy Of Dragon Ballz T Shirt For Kids - back view - kids wear Pakistan,,,,,,,,,,,,,,,,,,,,,,,,,,,,,,,,,,,,,,,,,,,,https://cdn.shopify.com/s/files/1/0618/2368/0740/files/17_f1c9d96d-3541-42af-85e2-46744924d6c9.png?v=1717078665,kg,,,,,,
copy-of-dragon-ballz-t-shirt-for-kids,,,,,,,,,1-2 YRS,,,Pink,,,,,'10711974,200.0,shopify,50,continue,manual,799.00,0.00,true,true,,,,,'10711974,https://cdn.shopify.com/s/files/1/0618/2368/0740/files/19_d8da8beb-ec3f-4228-949f-55d3d96647ac.png?v=1717078665,7,Copy Of Dragon Ballz T Shirt For Kids - side view - kids wear Pakistan,,,,,,,,,,,,,,,,,,,,,,,,,,,,,,,,,,,,,,,,,,,,https://cdn.shopify.com/s/files/1/0618/2368/0740/files/22_041c9d8f-ce93-45b2-97d8-be5e386a656b.png?v=1717078665,kg,,,,,,
copy-of-dragon-ballz-t-shirt-for-kids,,,,,,,,,1-2 YRS,,,Orange,,,,,'10711975,200.0,shopify,50,continue,manual,799.00,0.00,true,true,,,,,'10711975,https://cdn.shopify.com/s/files/1/0618/2368/0740/files/22_041c9d8f-ce93-45b2-97d8-be5e386a656b.png?v=1717078665,8,Copy Of Dragon Ballz T Shirt For Kids - detail shot - kids wear Pakistan,,,,,,,,,,,,,,,,,,,,,,,,,,,,,,,,,,,,,,,,,,,,https://cdn.shopify.com/s/files/1/0618/2368/0740/files/26_90efdeb1-8fd6-415e-a415-105a06549b41.png?v=1717078665,kg,,,,,,
copy-of-dragon-ballz-t-shirt-for-kids,,,,,,,,,1-2 YRS,,,Blue,,,,,'10711976,200.0,shopify,50,continue,manual,799.00,0.00,true,true,,,,,'10711976,https://cdn.shopify.com/s/files/1/0618/2368/0740/files/23_d68286da-4acf-40b4-9ff3-f9eb001c5b61.png?v=1717078665,9,Copy Of Dragon Ballz T Shirt For Kids - front view - kids wear Pakistan,,,,,,,,,,,,,,,,,,,,,,,,,,,,,,,,,,,,,,,,,,,,https://cdn.shopify.com/s/files/1/0618/2368/0740/files/27_756b9e7c-b732-42cf-850c-d61f7ee65111.png?v=1717078665,kg,,,,,,
copy-of-dragon-ballz-t-shirt-for-kids,,,,,,,,,3-4 YRS,,,Grey,,,,,'10711977,200.0,shopify,48,continue,manual,799.00,0.00,true,true,,,,,'10711977,https://cdn.shopify.com/s/files/1/0618/2368/0740/files/26_90efdeb1-8fd6-415e-a415-105a06549b41.png?v=1717078665,10,Copy Of Dragon Ballz T Shirt For Kids - back view - kids wear Pakistan,,,,,,,,,,,,,,,,,,,,,,,,,,,,,,,,,,,,,,,,,,,,https://cdn.shopify.com/s/files/1/0618/2368/0740/files/20_8ae78d21-7cd7-4ddf-b429-2ea1cc6cfb32.png?v=1717075890,kg,,,,,,
copy-of-dragon-ballz-t-shirt-for-kids,,,,,,,,,3-4 YRS,,,White,,,,,'10711978,200.0,shopify,50,continue,manual,799.00,0.00,true,true,,,,,'10711978,https://cdn.shopify.com/s/files/1/0618/2368/0740/files/27_756b9e7c-b732-42cf-850c-d61f7ee65111.png?v=1717078665,11,Copy Of Dragon Ballz T Shirt For Kids - side view - kids wear Pakistan,,,,,,,,,,,,,,,,,,,,,,,,,,,,,,,,,,,,,,,,,,,,https://cdn.shopify.com/s/files/1/0618/2368/0740/files/13_82b12a34-5cf3-4cac-a882-c4506d3bf89c.png?v=1717078665,kg,,,,,,
copy-of-dragon-ballz-t-shirt-for-kids,,,,,,,,,3-4 YRS,,,Black,,,,,'10711979,200.0,shopify,50,continue,manual,799.00,0.00,true,true,,,,,'10711979,,,,,,,,,,,,,,,,,,,,,,,,,,,,,,,,,,,,,,,,,,,,,,,https://cdn.shopify.com/s/files/1/0618/2368/0740/files/11_0b513fdd-25f0-4ede-a6fc-906bd0260a68.png?v=1717078665,kg,,,,,,
copy-of-dragon-ballz-t-shirt-for-kids,,,,,,,,,3-4 YRS,,,Red,,,,,'10711980,200.0,shopify,50,continue,manual,799.00,0.00,true,true,,,,,'10711980,,,,,,,,,,,,,,,,,,,,,,,,,,,,,,,,,,,,,,,,,,,,,,,https://cdn.shopify.com/s/files/1/0618/2368/0740/files/19_d8da8beb-ec3f-4228-949f-55d3d96647ac.png?v=1717078665,kg,,,,,,
copy-of-dragon-ballz-t-shirt-for-kids,,,,,,,,,3-4 YRS,,,Yellow,,,,,'10711981,200.0,shopify,50,continue,manual,799.00,0.00,true,true,,,,,'10711981,,,,,,,,,,,,,,,,,,,,,,,,,,,,,,,,,,,,,,,,,,,,,,,https://cdn.shopify.com/s/files/1/0618/2368/0740/files/23_d68286da-4acf-40b4-9ff3-f9eb001c5b61.png?v=1717078665,kg,,,,,,
copy-of-dragon-ballz-t-shirt-for-kids,,,,,,,,,3-4 YRS,,,Mahroon,,,,,'10711982,200.0,shopify,49,continue,manual,799.00,0.00,true,true,,,,,'10711982,,,,,,,,,,,,,,,,,,,,,,,,,,,,,,,,,,,,,,,,,,,,,,,https://cdn.shopify.com/s/files/1/0618/2368/0740/files/17_f1c9d96d-3541-42af-85e2-46744924d6c9.png?v=1717078665,kg,,,,,,
copy-of-dragon-ballz-t-shirt-for-kids,,,,,,,,,3-4 YRS,,,Pink,,,,,'10711983,200.0,shopify,50,continue,manual,799.00,0.00,true,true,,,,,'10711983,,,,,,,,,,,,,,,,,,,,,,,,,,,,,,,,,,,,,,,,,,,,,,,https://cdn.shopify.com/s/files/1/0618/2368/0740/files/22_041c9d8f-ce93-45b2-97d8-be5e386a656b.png?v=1717078665,kg,,,,,,
copy-of-dragon-ballz-t-shirt-for-kids,,,,,,,,,3-4 YRS,,,Orange,,,,,'10711984,200.0,shopify,50,continue,manual,799.00,0.00,true,true,,,,,'10711984,,,,,,,,,,,,,,,,,,,,,,,,,,,,,,,,,,,,,,,,,,,,,,,https://cdn.shopify.com/s/files/1/0618/2368/0740/files/26_90efdeb1-8fd6-415e-a415-105a06549b41.png?v=1717078665,kg,,,,,,
copy-of-dragon-ballz-t-shirt-for-kids,,,,,,,,,3-4 YRS,,,Blue,,,,,'10711985,200.0,shopify,50,continue,manual,799.00,0.00,true,true,,,,,'10711985,,,,,,,,,,,,,,,,,,,,,,,,,,,,,,,,,,,,,,,,,,,,,,,https://cdn.shopify.com/s/files/1/0618/2368/0740/files/27_756b9e7c-b732-42cf-850c-d61f7ee65111.png?v=1717078665,kg,,,,,,
copy-of-dragon-ballz-t-shirt-for-kids,,,,,,,,,5-6 YRS,,,Grey,,,,,'10711986,200.0,shopify,50,continue,manual,799.00,0.00,true,true,,,,,'10711986,,,,,,,,,,,,,,,,,,,,,,,,,,,,,,,,,,,,,,,,,,,,,,,https://cdn.shopify.com/s/files/1/0618/2368/0740/files/20_8ae78d21-7cd7-4ddf-b429-2ea1cc6cfb32.png?v=1717075890,kg,,,,,,
copy-of-dragon-ballz-t-shirt-for-kids,,,,,,,,,5-6 YRS,,,White,,,,,'10711987,200.0,shopify,50,continue,manual,799.00,0.00,true,true,,,,,'10711987,,,,,,,,,,,,,,,,,,,,,,,,,,,,,,,,,,,,,,,,,,,,,,,https://cdn.shopify.com/s/files/1/0618/2368/0740/files/13_82b12a34-5cf3-4cac-a882-c4506d3bf89c.png?v=1717078665,kg,,,,,,
copy-of-dragon-ballz-t-shirt-for-kids,,,,,,,,,5-6 YRS,,,Black,,,,,'10711988,200.0,shopify,50,continue,manual,799.00,0.00,true,true,,,,,'10711988,,,,,,,,,,,,,,,,,,,,,,,,,,,,,,,,,,,,,,,,,,,,,,,https://cdn.shopify.com/s/files/1/0618/2368/0740/files/11_0b513fdd-25f0-4ede-a6fc-906bd0260a68.png?v=1717078665,kg,,,,,,
copy-of-dragon-ballz-t-shirt-for-kids,,,,,,,,,5-6 YRS,,,Red,,,,,'10711989,200.0,shopify,50,continue,manual,799.00,0.00,true,true,,,,,'10711989,,,,,,,,,,,,,,,,,,,,,,,,,,,,,,,,,,,,,,,,,,,,,,,https://cdn.shopify.com/s/files/1/0618/2368/0740/files/19_d8da8beb-ec3f-4228-949f-55d3d96647ac.png?v=1717078665,kg,,,,,,
copy-of-dragon-ballz-t-shirt-for-kids,,,,,,,,,5-6 YRS,,,Yellow,,,,,'10711990,200.0,shopify,50,continue,manual,799.00,0.00,true,true,,,,,'10711990,,,,,,,,,,,,,,,,,,,,,,,,,,,,,,,,,,,,,,,,,,,,,,,https://cdn.shopify.com/s/files/1/0618/2368/0740/files/23_d68286da-4acf-40b4-9ff3-f9eb001c5b61.png?v=1717078665,kg,,,,,,
copy-of-dragon-ballz-t-shirt-for-kids,,,,,,,,,5-6 YRS,,,Mahroon,,,,,'10711991,200.0,shopify,49,continue,manual,799.00,0.00,true,true,,,,,'10711991,,,,,,,,,,,,,,,,,,,,,,,,,,,,,,,,,,,,,,,,,,,,,,,https://cdn.shopify.com/s/files/1/0618/2368/0740/files/17_f1c9d96d-3541-42af-85e2-46744924d6c9.png?v=1717078665,kg,,,,,,
copy-of-dragon-ballz-t-shirt-for-kids,,,,,,,,,5-6 YRS,,,Pink,,,,,'10711992,200.0,shopify,50,continue,manual,799.00,0.00,true,true,,,,,'10711992,,,,,,,,,,,,,,,,,,,,,,,,,,,,,,,,,,,,,,,,,,,,,,,https://cdn.shopify.com/s/files/1/0618/2368/0740/files/22_041c9d8f-ce93-45b2-97d8-be5e386a656b.png?v=1717078665,kg,,,,,,
copy-of-dragon-ballz-t-shirt-for-kids,,,,,,,,,5-6 YRS,,,Orange,,,,,'10711993,200.0,shopify,50,continue,manual,799.00,0.00,true,true,,,,,'10711993,,,,,,,,,,,,,,,,,,,,,,,,,,,,,,,,,,,,,,,,,,,,,,,https://cdn.shopify.com/s/files/1/0618/2368/0740/files/26_90efdeb1-8fd6-415e-a415-105a06549b41.png?v=1717078665,kg,,,,,,
copy-of-dragon-ballz-t-shirt-for-kids,,,,,,,,,5-6 YRS,,,Blue,,,,,'10711994,200.0,shopify,50,continue,manual,799.00,0.00,true,true,,,,,'10711994,,,,,,,,,,,,,,,,,,,,,,,,,,,,,,,,,,,,,,,,,,,,,,,https://cdn.shopify.com/s/files/1/0618/2368/0740/files/27_756b9e7c-b732-42cf-850c-d61f7ee65111.png?v=1717078665,kg,,,,,,
copy-of-dragon-ballz-t-shirt-for-kids,,,,,,,,,7-8 YRS,,,Grey,,,,,'10711995,200.0,shopify,50,continue,manual,799.00,0.00,true,true,,,,,'10711995,,,,,,,,,,,,,,,,,,,,,,,,,,,,,,,,,,,,,,,,,,,,,,,https://cdn.shopify.com/s/files/1/0618/2368/0740/files/20_8ae78d21-7cd7-4ddf-b429-2ea1cc6cfb32.png?v=1717075890,kg,,,,,,
copy-of-dragon-ballz-t-shirt-for-kids,,,,,,,,,7-8 YRS,,,White,,,,,'10711996,200.0,shopify,50,continue,manual,799.00,0.00,true,true,,,,,'10711996,,,,,,,,,,,,,,,,,,,,,,,,,,,,,,,,,,,,,,,,,,,,,,,https://cdn.shopify.com/s/files/1/0618/2368/0740/files/13_82b12a34-5cf3-4cac-a882-c4506d3bf89c.png?v=1717078665,kg,,,,,,
copy-of-dragon-ballz-t-shirt-for-kids,,,,,,,,,7-8 YRS,,,Black,,,,,'10711997,200.0,shopify,50,continue,manual,799.00,0.00,true,true,,,,,'10711997,,,,,,,,,,,,,,,,,,,,,,,,,,,,,,,,,,,,,,,,,,,,,,,https://cdn.shopify.com/s/files/1/0618/2368/0740/files/11_0b513fdd-25f0-4ede-a6fc-906bd0260a68.png?v=1717078665,kg,,,,,,
copy-of-dragon-ballz-t-shirt-for-kids,,,,,,,,,7-8 YRS,,,Red,,,,,'10711998,200.0,shopify,50,continue,manual,799.00,0.00,true,true,,,,,'10711998,,,,,,,,,,,,,,,,,,,,,,,,,,,,,,,,,,,,,,,,,,,,,,,https://cdn.shopify.com/s/files/1/0618/2368/0740/files/19_d8da8beb-ec3f-4228-949f-55d3d96647ac.png?v=1717078665,kg,,,,,,
copy-of-dragon-ballz-t-shirt-for-kids,,,,,,,,,7-8 YRS,,,Yellow,,,,,'10711999,200.0,shopify,50,continue,manual,799.00,0.00,true,true,,,,,'10711999,,,,,,,,,,,,,,,,,,,,,,,,,,,,,,,,,,,,,,,,,,,,,,,https://cdn.shopify.com/s/files/1/0618/2368/0740/files/23_d68286da-4acf-40b4-9ff3-f9eb001c5b61.png?v=1717078665,kg,,,,,,
copy-of-dragon-ballz-t-shirt-for-kids,,,,,,,,,7-8 YRS,,,Mahroon,,,,,'10712000,200.0,shopify,50,continue,manual,799.00,0.00,true,true,,,,,'10712000,,,,,,,,,,,,,,,,,,,,,,,,,,,,,,,,,,,,,,,,,,,,,,,https://cdn.shopify.com/s/files/1/0618/2368/0740/files/17_f1c9d96d-3541-42af-85e2-46744924d6c9.png?v=1717078665,kg,,,,,,
copy-of-dragon-ballz-t-shirt-for-kids,,,,,,,,,7-8 YRS,,,Pink,,,,,'10712001,200.0,shopify,50,continue,manual,799.00,0.00,true,true,,,,,'10712001,,,,,,,,,,,,,,,,,,,,,,,,,,,,,,,,,,,,,,,,,,,,,,,https://cdn.shopify.com/s/files/1/0618/2368/0740/files/22_041c9d8f-ce93-45b2-97d8-be5e386a656b.png?v=1717078665,kg,,,,,,
copy-of-dragon-ballz-t-shirt-for-kids,,,,,,,,,7-8 YRS,,,Orange,,,,,'10712002,200.0,shopify,50,continue,manual,799.00,0.00,true,true,,,,,'10712002,,,,,,,,,,,,,,,,,,,,,,,,,,,,,,,,,,,,,,,,,,,,,,,https://cdn.shopify.com/s/files/1/0618/2368/0740/files/26_90efdeb1-8fd6-415e-a415-105a06549b41.png?v=1717078665,kg,,,,,,
copy-of-dragon-ballz-t-shirt-for-kids,,,,,,,,,7-8 YRS,,,Blue,,,,,'10712003,200.0,shopify,50,continue,manual,799.00,0.00,true,true,,,,,'10712003,,,,,,,,,,,,,,,,,,,,,,,,,,,,,,,,,,,,,,,,,,,,,,,https://cdn.shopify.com/s/files/1/0618/2368/0740/files/27_756b9e7c-b732-42cf-850c-d61f7ee65111.png?v=1717078665,kg,,,,,,
copy-of-dragon-ballz-t-shirt-for-kids,,,,,,,,,9-10 YRS,,,Grey,,,,,'10712004,200.0,shopify,50,continue,manual,899.00,0.00,true,true,,,,,'10712004,,,,,,,,,,,,,,,,,,,,,,,,,,,,,,,,,,,,,,,,,,,,,,,https://cdn.shopify.com/s/files/1/0618/2368/0740/files/20_8ae78d21-7cd7-4ddf-b429-2ea1cc6cfb32.png?v=1717075890,kg,,,,,,
copy-of-dragon-ballz-t-shirt-for-kids,,,,,,,,,9-10 YRS,,,White,,,,,'10712005,200.0,shopify,50,continue,manual,899.00,0.00,true,true,,,,,'10712005,,,,,,,,,,,,,,,,,,,,,,,,,,,,,,,,,,,,,,,,,,,,,,,https://cdn.shopify.com/s/files/1/0618/2368/0740/files/13_82b12a34-5cf3-4cac-a882-c4506d3bf89c.png?v=1717078665,kg,,,,,,
copy-of-dragon-ballz-t-shirt-for-kids,,,,,,,,,9-10 YRS,,,Black,,,,,'10712006,200.0,shopify,50,continue,manual,899.00,0.00,true,true,,,,,'10712006,,,,,,,,,,,,,,,,,,,,,,,,,,,,,,,,,,,,,,,,,,,,,,,https://cdn.shopify.com/s/files/1/0618/2368/0740/files/11_0b513fdd-25f0-4ede-a6fc-906bd0260a68.png?v=1717078665,kg,,,,,,
copy-of-dragon-ballz-t-shirt-for-kids,,,,,,,,,9-10 YRS,,,Red,,,,,'10712007,200.0,shopify,50,continue,manual,899.00,0.00,true,true,,,,,'10712007,,,,,,,,,,,,,,,,,,,,,,,,,,,,,,,,,,,,,,,,,,,,,,,https://cdn.shopify.com/s/files/1/0618/2368/0740/files/19_d8da8beb-ec3f-4228-949f-55d3d96647ac.png?v=1717078665,kg,,,,,,
copy-of-dragon-ballz-t-shirt-for-kids,,,,,,,,,9-10 YRS,,,Yellow,,,,,'10712008,200.0,shopify,50,continue,manual,899.00,0.00,true,true,,,,,'10712008,,,,,,,,,,,,,,,,,,,,,,,,,,,,,,,,,,,,,,,,,,,,,,,https://cdn.shopify.com/s/files/1/0618/2368/0740/files/23_d68286da-4acf-40b4-9ff3-f9eb001c5b61.png?v=1717078665,kg,,,,,,
copy-of-dragon-ballz-t-shirt-for-kids,,,,,,,,,9-10 YRS,,,Mahroon,,,,,'10712009,200.0,shopify,50,continue,manual,899.00,0.00,true,true,,,,,'10712009,,,,,,,,,,,,,,,,,,,,,,,,,,,,,,,,,,,,,,,,,,,,,,,https://cdn.shopify.com/s/files/1/0618/2368/0740/files/17_f1c9d96d-3541-42af-85e2-46744924d6c9.png?v=1717078665,kg,,,,,,
copy-of-dragon-ballz-t-shirt-for-kids,,,,,,,,,9-10 YRS,,,Pink,,,,,'10712010,200.0,shopify,50,continue,manual,899.00,0.00,true,true,,,,,'10712010,,,,,,,,,,,,,,,,,,,,,,,,,,,,,,,,,,,,,,,,,,,,,,,https://cdn.shopify.com/s/files/1/0618/2368/0740/files/22_041c9d8f-ce93-45b2-97d8-be5e386a656b.png?v=1717078665,kg,,,,,,
copy-of-dragon-ballz-t-shirt-for-kids,,,,,,,,,9-10 YRS,,,Orange,,,,,'10712011,200.0,shopify,50,continue,manual,899.00,0.00,true,true,,,,,'10712011,,,,,,,,,,,,,,,,,,,,,,,,,,,,,,,,,,,,,,,,,,,,,,,https://cdn.shopify.com/s/files/1/0618/2368/0740/files/26_90efdeb1-8fd6-415e-a415-105a06549b41.png?v=1717078665,kg,,,,,,
copy-of-dragon-ballz-t-shirt-for-kids,,,,,,,,,9-10 YRS,,,Blue,,,,,'10712012,200.0,shopify,50,continue,manual,899.00,0.00,true,true,,,,,'10712012,,,,,,,,,,,,,,,,,,,,,,,,,,,,,,,,,,,,,,,,,,,,,,,https://cdn.shopify.com/s/files/1/0618/2368/0740/files/27_756b9e7c-b732-42cf-850c-d61f7ee65111.png?v=1717078665,kg,,,,,,
copy-of-dragon-ballz-t-shirt-for-kids,,,,,,,,,11-12 YRS,,,Grey,,,,,'10712013,200.0,shopify,50,continue,manual,899.00,0.00,true,true,,,,,'10712013,,,,,,,,,,,,,,,,,,,,,,,,,,,,,,,,,,,,,,,,,,,,,,,https://cdn.shopify.com/s/files/1/0618/2368/0740/files/20_8ae78d21-7cd7-4ddf-b429-2ea1cc6cfb32.png?v=1717075890,kg,,,,,,
copy-of-dragon-ballz-t-shirt-for-kids,,,,,,,,,11-12 YRS,,,White,,,,,'10712014,200.0,shopify,50,continue,manual,899.00,0.00,true,true,,,,,'10712014,,,,,,,,,,,,,,,,,,,,,,,,,,,,,,,,,,,,,,,,,,,,,,,https://cdn.shopify.com/s/files/1/0618/2368/0740/files/13_82b12a34-5cf3-4cac-a882-c4506d3bf89c.png?v=1717078665,kg,,,,,,
copy-of-dragon-ballz-t-shirt-for-kids,,,,,,,,,11-12 YRS,,,Black,,,,,'10712015,200.0,shopify,50,continue,manual,899.00,0.00,true,true,,,,,'10712015,,,,,,,,,,,,,,,,,,,,,,,,,,,,,,,,,,,,,,,,,,,,,,,https://cdn.shopify.com/s/files/1/0618/2368/0740/files/11_0b513fdd-25f0-4ede-a6fc-906bd0260a68.png?v=1717078665,kg,,,,,,
copy-of-dragon-ballz-t-shirt-for-kids,,,,,,,,,11-12 YRS,,,Red,,,,,'10712016,200.0,shopify,50,continue,manual,899.00,0.00,true,true,,,,,'10712016,,,,,,,,,,,,,,,,,,,,,,,,,,,,,,,,,,,,,,,,,,,,,,,https://cdn.shopify.com/s/files/1/0618/2368/0740/files/19_d8da8beb-ec3f-4228-949f-55d3d96647ac.png?v=1717078665,kg,,,,,,
copy-of-dragon-ballz-t-shirt-for-kids,,,,,,,,,11-12 YRS,,,Yellow,,,,,'10712017,200.0,shopify,50,continue,manual,899.00,0.00,true,true,,,,,'10712017,,,,,,,,,,,,,,,,,,,,,,,,,,,,,,,,,,,,,,,,,,,,,,,https://cdn.shopify.com/s/files/1/0618/2368/0740/files/23_d68286da-4acf-40b4-9ff3-f9eb001c5b61.png?v=1717078665,kg,,,,,,
copy-of-dragon-ballz-t-shirt-for-kids,,,,,,,,,11-12 YRS,,,Mahroon,,,,,'10712018,200.0,shopify,50,continue,manual,899.00,0.00,true,true,,,,,'10712018,,,,,,,,,,,,,,,,,,,,,,,,,,,,,,,,,,,,,,,,,,,,,,,https://cdn.shopify.com/s/files/1/0618/2368/0740/files/17_f1c9d96d-3541-42af-85e2-46744924d6c9.png?v=1717078665,kg,,,,,,
copy-of-dragon-ballz-t-shirt-for-kids,,,,,,,,,11-12 YRS,,,Pink,,,,,'10712019,200.0,shopify,50,continue,manual,899.00,0.00,true,true,,,,,'10712019,,,,,,,,,,,,,,,,,,,,,,,,,,,,,,,,,,,,,,,,,,,,,,,https://cdn.shopify.com/s/files/1/0618/2368/0740/files/22_041c9d8f-ce93-45b2-97d8-be5e386a656b.png?v=1717078665,kg,,,,,,
copy-of-dragon-ballz-t-shirt-for-kids,,,,,,,,,11-12 YRS,,,Orange,,,,,'10712020,200.0,shopify,50,continue,manual,899.00,0.00,true,true,,,,,'10712020,,,,,,,,,,,,,,,,,,,,,,,,,,,,,,,,,,,,,,,,,,,,,,,https://cdn.shopify.com/s/files/1/0618/2368/0740/files/26_90efdeb1-8fd6-415e-a415-105a06549b41.png?v=1717078665,kg,,,,,,
copy-of-dragon-ballz-t-shirt-for-kids,,,,,,,,,11-12 YRS,,,Blue,,,,,'10712021,200.0,shopify,50,continue,manual,899.00,0.00,true,true,,,,,'10712021,,,,,,,,,,,,,,,,,,,,,,,,,,,,,,,,,,,,,,,,,,,,,,,https://cdn.shopify.com/s/files/1/0618/2368/0740/files/27_756b9e7c-b732-42cf-850c-d61f7ee65111.png?v=1717078665,kg,,,,,,
copy-of-dragon-ballz-t-shirt-for-kids,,,,,,,,,13-14 YRS,,,Grey,,,,,'10712022,200.0,shopify,799,continue,manual,999.00,0.00,true,true,,,,,'10712022,,,,,,,,,,,,,,,,,,,,,,,,,,,,,,,,,,,,,,,,,,,,,,,https://cdn.shopify.com/s/files/1/0618/2368/0740/files/20_8ae78d21-7cd7-4ddf-b429-2ea1cc6cfb32.png?v=1717075890,kg,,,,,,
copy-of-dragon-ballz-t-shirt-for-kids,,,,,,,,,13-14 YRS,,,White,,,,,'10712023,200.0,shopify,799,continue,manual,999.00,0.00,true,true,,,,,'10712023,,,,,,,,,,,,,,,,,,,,,,,,,,,,,,,,,,,,,,,,,,,,,,,https://cdn.shopify.com/s/files/1/0618/2368/0740/files/13_82b12a34-5cf3-4cac-a882-c4506d3bf89c.png?v=1717078665,kg,,,,,,
copy-of-dragon-ballz-t-shirt-for-kids,,,,,,,,,13-14 YRS,,,Black,,,,,'10712024,200.0,shopify,799,continue,manual,999.00,0.00,true,true,,,,,'10712024,,,,,,,,,,,,,,,,,,,,,,,,,,,,,,,,,,,,,,,,,,,,,,,https://cdn.shopify.com/s/files/1/0618/2368/0740/files/11_0b513fdd-25f0-4ede-a6fc-906bd0260a68.png?v=1717078665,kg,,,,,,
copy-of-dragon-ballz-t-shirt-for-kids,,,,,,,,,13-14 YRS,,,Red,,,,,'10712025,200.0,shopify,799,continue,manual,999.00,0.00,true,true,,,,,'10712025,,,,,,,,,,,,,,,,,,,,,,,,,,,,,,,,,,,,,,,,,,,,,,,https://cdn.shopify.com/s/files/1/0618/2368/0740/files/19_d8da8beb-ec3f-4228-949f-55d3d96647ac.png?v=1717078665,kg,,,,,,
copy-of-dragon-ballz-t-shirt-for-kids,,,,,,,,,13-14 YRS,,,Yellow,,,,,'10712026,200.0,shopify,799,continue,manual,999.00,0.00,true,true,,,,,'10712026,,,,,,,,,,,,,,,,,,,,,,,,,,,,,,,,,,,,,,,,,,,,,,,https://cdn.shopify.com/s/files/1/0618/2368/0740/files/23_d68286da-4acf-40b4-9ff3-f9eb001c5b61.png?v=1717078665,kg,,,,,,
copy-of-dragon-ballz-t-shirt-for-kids,,,,,,,,,13-14 YRS,,,Mahroon,,,,,'10712027,200.0,shopify,799,continue,manual,999.00,0.00,true,true,,,,,'10712027,,,,,,,,,,,,,,,,,,,,,,,,,,,,,,,,,,,,,,,,,,,,,,,https://cdn.shopify.com/s/files/1/0618/2368/0740/files/17_f1c9d96d-3541-42af-85e2-46744924d6c9.png?v=1717078665,kg,,,,,,
copy-of-dragon-ballz-t-shirt-for-kids,,,,,,,,,13-14 YRS,,,Pink,,,,,'10712028,200.0,shopify,799,continue,manual,999.00,0.00,true,true,,,,,'10712028,,,,,,,,,,,,,,,,,,,,,,,,,,,,,,,,,,,,,,,,,,,,,,,https://cdn.shopify.com/s/files/1/0618/2368/0740/files/22_041c9d8f-ce93-45b2-97d8-be5e386a656b.png?v=1717078665,kg,,,,,,
copy-of-dragon-ballz-t-shirt-for-kids,,,,,,,,,13-14 YRS,,,Orange,,,,,'10712029,200.0,shopify,799,continue,manual,999.00,0.00,true,true,,,,,'10712029,,,,,,,,,,,,,,,,,,,,,,,,,,,,,,,,,,,,,,,,,,,,,,,https://cdn.shopify.com/s/files/1/0618/2368/0740/files/26_90efdeb1-8fd6-415e-a415-105a06549b41.png?v=1717078665,kg,,,,,,
copy-of-dragon-ballz-t-shirt-for-kids,,,,,,,,,13-14 YRS,,,Blue,,,,,'10706848,200.0,shopify,799,continue,manual,999.00,0.00,true,true,,,,,'10706848,,,,,,,,,,,,,,,,,,,,,,,,,,,,,,,,,,,,,,,,,,,,,,,https://cdn.shopify.com/s/files/1/0618/2368/0740/files/27_756b9e7c-b732-42cf-850c-d61f7ee65111.png?v=1717078665,kg,,,,,,
copy-of-iron-man-t-shirt-for-kids,Captain America T Shirt For Kids,"<div>Fabric: Soft High-Quality Jersey</div>
<div>Half Sleeve T-Shirt</div>
<div>Round Neck</div>
<div>High Quality DTF Printed </div>
<div>Soft and Comfortable Wear</div>
<div>Easy Wash &amp; Press</div>
<div>Sizes 1-14 years </div>
<div><span>Disclaimer: Colors may vary slightly due to studio lights. </span></div>",BBG FASHION CLOTHING STORE,Apparel & Accessories > Clothing > Clothing Tops > T-Shirts,kids T-Shirts,kids T-Shirts,false,Size,1-2 YRS,,Color,Black,,,,,'10711906,200.0,shopify,50,continue,manual,799.00,0.00,true,true,,,,,'10711906,https://cdn.shopify.com/s/files/1/0618/2368/0740/files/9_3d1a612f-1793-4f40-a2ba-940066e4e279.png?v=1717075872,1,Copy Of Iron Man T Shirt For Kids - front view - kids wear Pakistan,false,,,212,,,,,,,,,,,,,,,,,,,,,,,,,,,,,,,,,,,,,,,,https://cdn.shopify.com/s/files/1/0618/2368/0740/files/9_3d1a612f-1793-4f40-a2ba-940066e4e279.png?v=1717075872,kg,,,true,,,draft
copy-of-iron-man-t-shirt-for-kids,,,,,,,,,1-2 YRS,,,White,,,,,'10711907,200.0,shopify,50,continue,manual,799.00,0.00,true,true,,,,,'10711907,https://cdn.shopify.com/s/files/1/0618/2368/0740/files/bbg_434ffd90-bbcf-4682-b865-44468fc27e5c.png?v=1717078248,2,Copy Of Iron Man T Shirt For Kids - back view - kids wear Pakistan,,,,,,,,,,,,,,,,,,,,,,,,,,,,,,,,,,,,,,,,,,,,https://cdn.shopify.com/s/files/1/0618/2368/0740/files/11_abf22114-791d-4758-ad39-0155f9eb61fe.png?v=1717078248,kg,,,,,,
copy-of-iron-man-t-shirt-for-kids,,,,,,,,,1-2 YRS,,,Grey,,,,,'10711908,200.0,shopify,50,continue,manual,799.00,0.00,true,true,,,,,'10711908,https://cdn.shopify.com/s/files/1/0618/2368/0740/files/11_abf22114-791d-4758-ad39-0155f9eb61fe.png?v=1717078248,3,Copy Of Iron Man T Shirt For Kids - side view - kids wear Pakistan,,,,,,,,,,,,,,,,,,,,,,,,,,,,,,,,,,,,,,,,,,,,https://cdn.shopify.com/s/files/1/0618/2368/0740/files/18_1a7196c5-82dc-41bf-9edf-74336715babd.png?v=1717078248,kg,,,,,,
copy-of-iron-man-t-shirt-for-kids,,,,,,,,,1-2 YRS,,,Red,,,,,'10711909,200.0,shopify,50,continue,manual,799.00,0.00,true,true,,,,,'10711909,https://cdn.shopify.com/s/files/1/0618/2368/0740/files/12_67fbe786-8fd9-43c6-85cc-5c2e1f75dcca.png?v=1717078248,4,Copy Of Iron Man T Shirt For Kids - detail shot - kids wear Pakistan,,,,,,,,,,,,,,,,,,,,,,,,,,,,,,,,,,,,,,,,,,,,https://cdn.shopify.com/s/files/1/0618/2368/0740/files/17_b3490a58-002d-4c2f-9d5b-f3f4a502cc8a.png?v=1717078248,kg,,,,,,
copy-of-iron-man-t-shirt-for-kids,,,,,,,,,1-2 YRS,,,Yellow,,,,,'10711910,200.0,shopify,50,continue,manual,799.00,0.00,true,true,,,,,'10711910,https://cdn.shopify.com/s/files/1/0618/2368/0740/files/15_fd417932-0450-480b-a67b-d5f911c662f4.png?v=1717078248,5,Copy Of Iron Man T Shirt For Kids - front view - kids wear Pakistan,,,,,,,,,,,,,,,,,,,,,,,,,,,,,,,,,,,,,,,,,,,,https://cdn.shopify.com/s/files/1/0618/2368/0740/files/21_2b65c821-0029-4ead-bb0f-a85726084c9c.png?v=1717078248,kg,,,,,,
copy-of-iron-man-t-shirt-for-kids,,,,,,,,,1-2 YRS,,,Mahroon,,,,,'10711911,200.0,shopify,50,continue,manual,799.00,0.00,true,true,,,,,'10711911,https://cdn.shopify.com/s/files/1/0618/2368/0740/files/17_b3490a58-002d-4c2f-9d5b-f3f4a502cc8a.png?v=1717078248,6,Copy Of Iron Man T Shirt For Kids - back view - kids wear Pakistan,,,,,,,,,,,,,,,,,,,,,,,,,,,,,,,,,,,,,,,,,,,,https://cdn.shopify.com/s/files/1/0618/2368/0740/files/15_fd417932-0450-480b-a67b-d5f911c662f4.png?v=1717078248,kg,,,,,,
copy-of-iron-man-t-shirt-for-kids,,,,,,,,,1-2 YRS,,,Pink,,,,,'10711912,200.0,shopify,50,continue,manual,799.00,0.00,true,true,,,,,'10711912,https://cdn.shopify.com/s/files/1/0618/2368/0740/files/18_1a7196c5-82dc-41bf-9edf-74336715babd.png?v=1717078248,7,Copy Of Iron Man T Shirt For Kids - side view - kids wear Pakistan,,,,,,,,,,,,,,,,,,,,,,,,,,,,,,,,,,,,,,,,,,,,https://cdn.shopify.com/s/files/1/0618/2368/0740/files/20_c28b61e7-84f3-4e65-8961-74a33eff3b71.png?v=1717078248,kg,,,,,,
copy-of-iron-man-t-shirt-for-kids,,,,,,,,,1-2 YRS,,,Orange,,,,,'10711913,200.0,shopify,50,continue,manual,799.00,0.00,true,true,,,,,'10711913,https://cdn.shopify.com/s/files/1/0618/2368/0740/files/20_c28b61e7-84f3-4e65-8961-74a33eff3b71.png?v=1717078248,8,Copy Of Iron Man T Shirt For Kids - detail shot - kids wear Pakistan,,,,,,,,,,,,,,,,,,,,,,,,,,,,,,,,,,,,,,,,,,,,https://cdn.shopify.com/s/files/1/0618/2368/0740/files/24_7d5a26af-9392-4c23-bc42-3c0cd1dcf5f9.png?v=1717078248,kg,,,,,,
copy-of-iron-man-t-shirt-for-kids,,,,,,,,,1-2 YRS,,,Blue,,,,,'10711914,200.0,shopify,50,continue,manual,799.00,0.00,true,true,,,,,'10711914,https://cdn.shopify.com/s/files/1/0618/2368/0740/files/21_2b65c821-0029-4ead-bb0f-a85726084c9c.png?v=1717078248,9,Copy Of Iron Man T Shirt For Kids - front view - kids wear Pakistan,,,,,,,,,,,,,,,,,,,,,,,,,,,,,,,,,,,,,,,,,,,,https://cdn.shopify.com/s/files/1/0618/2368/0740/files/25_bf224313-bcec-4c0f-a753-b7bd91df00c5.png?v=1717078248,kg,,,,,,
copy-of-iron-man-t-shirt-for-kids,,,,,,,,,3-4 YRS,,,Black,,,,,'10711915,200.0,shopify,50,continue,manual,799.00,0.00,true,true,,,,,'10711915,https://cdn.shopify.com/s/files/1/0618/2368/0740/files/24_7d5a26af-9392-4c23-bc42-3c0cd1dcf5f9.png?v=1717078248,10,Copy Of Iron Man T Shirt For Kids - back view - kids wear Pakistan,,,,,,,,,,,,,,,,,,,,,,,,,,,,,,,,,,,,,,,,,,,,https://cdn.shopify.com/s/files/1/0618/2368/0740/files/9_3d1a612f-1793-4f40-a2ba-940066e4e279.png?v=1717075872,kg,,,,,,
copy-of-iron-man-t-shirt-for-kids,,,,,,,,,3-4 YRS,,,White,,,,,'10711916,200.0,shopify,50,continue,manual,799.00,0.00,true,true,,,,,'10711916,https://cdn.shopify.com/s/files/1/0618/2368/0740/files/25_bf224313-bcec-4c0f-a753-b7bd91df00c5.png?v=1717078248,11,Copy Of Iron Man T Shirt For Kids - side view - kids wear Pakistan,,,,,,,,,,,,,,,,,,,,,,,,,,,,,,,,,,,,,,,,,,,,https://cdn.shopify.com/s/files/1/0618/2368/0740/files/11_abf22114-791d-4758-ad39-0155f9eb61fe.png?v=1717078248,kg,,,,,,
copy-of-iron-man-t-shirt-for-kids,,,,,,,,,3-4 YRS,,,Grey,,,,,'10711917,200.0,shopify,50,continue,manual,799.00,0.00,true,true,,,,,'10711917,https://cdn.shopify.com/s/files/1/0618/2368/0740/files/28_8a55eec3-0e0b-42e5-822f-c87ef938b2bf.png?v=1717078248,12,Copy Of Iron Man T Shirt For Kids - detail shot - kids wear Pakistan,,,,,,,,,,,,,,,,,,,,,,,,,,,,,,,,,,,,,,,,,,,,https://cdn.shopify.com/s/files/1/0618/2368/0740/files/18_1a7196c5-82dc-41bf-9edf-74336715babd.png?v=1717078248,kg,,,,,,
copy-of-iron-man-t-shirt-for-kids,,,,,,,,,3-4 YRS,,,Red,,,,,'10711918,200.0,shopify,50,continue,manual,799.00,0.00,true,true,,,,,'10711918,,,,,,,,,,,,,,,,,,,,,,,,,,,,,,,,,,,,,,,,,,,,,,,https://cdn.shopify.com/s/files/1/0618/2368/0740/files/17_b3490a58-002d-4c2f-9d5b-f3f4a502cc8a.png?v=1717078248,kg,,,,,,
copy-of-iron-man-t-shirt-for-kids,,,,,,,,,3-4 YRS,,,Yellow,,,,,'10711919,200.0,shopify,50,continue,manual,799.00,0.00,true,true,,,,,'10711919,,,,,,,,,,,,,,,,,,,,,,,,,,,,,,,,,,,,,,,,,,,,,,,https://cdn.shopify.com/s/files/1/0618/2368/0740/files/21_2b65c821-0029-4ead-bb0f-a85726084c9c.png?v=1717078248,kg,,,,,,
copy-of-iron-man-t-shirt-for-kids,,,,,,,,,3-4 YRS,,,Mahroon,,,,,'10711920,200.0,shopify,50,continue,manual,799.00,0.00,true,true,,,,,'10711920,,,,,,,,,,,,,,,,,,,,,,,,,,,,,,,,,,,,,,,,,,,,,,,https://cdn.shopify.com/s/files/1/0618/2368/0740/files/15_fd417932-0450-480b-a67b-d5f911c662f4.png?v=1717078248,kg,,,,,,
copy-of-iron-man-t-shirt-for-kids,,,,,,,,,3-4 YRS,,,Pink,,,,,'10711921,200.0,shopify,50,continue,manual,799.00,0.00,true,true,,,,,'10711921,,,,,,,,,,,,,,,,,,,,,,,,,,,,,,,,,,,,,,,,,,,,,,,https://cdn.shopify.com/s/files/1/0618/2368/0740/files/20_c28b61e7-84f3-4e65-8961-74a33eff3b71.png?v=1717078248,kg,,,,,,
copy-of-iron-man-t-shirt-for-kids,,,,,,,,,3-4 YRS,,,Orange,,,,,'10711922,200.0,shopify,49,continue,manual,799.00,0.00,true,true,,,,,'10711922,,,,,,,,,,,,,,,,,,,,,,,,,,,,,,,,,,,,,,,,,,,,,,,https://cdn.shopify.com/s/files/1/0618/2368/0740/files/24_7d5a26af-9392-4c23-bc42-3c0cd1dcf5f9.png?v=1717078248,kg,,,,,,
copy-of-iron-man-t-shirt-for-kids,,,,,,,,,3-4 YRS,,,Blue,,,,,'10711923,200.0,shopify,50,continue,manual,799.00,0.00,true,true,,,,,'10711923,,,,,,,,,,,,,,,,,,,,,,,,,,,,,,,,,,,,,,,,,,,,,,,https://cdn.shopify.com/s/files/1/0618/2368/0740/files/25_bf224313-bcec-4c0f-a753-b7bd91df00c5.png?v=1717078248,kg,,,,,,
copy-of-iron-man-t-shirt-for-kids,,,,,,,,,5-6 YRS,,,Black,,,,,'10711924,200.0,shopify,49,continue,manual,799.00,0.00,true,true,,,,,'10711924,,,,,,,,,,,,,,,,,,,,,,,,,,,,,,,,,,,,,,,,,,,,,,,https://cdn.shopify.com/s/files/1/0618/2368/0740/files/9_3d1a612f-1793-4f40-a2ba-940066e4e279.png?v=1717075872,kg,,,,,,
copy-of-iron-man-t-shirt-for-kids,,,,,,,,,5-6 YRS,,,White,,,,,'10711925,200.0,shopify,50,continue,manual,799.00,0.00,true,true,,,,,'10711925,,,,,,,,,,,,,,,,,,,,,,,,,,,,,,,,,,,,,,,,,,,,,,,https://cdn.shopify.com/s/files/1/0618/2368/0740/files/11_abf22114-791d-4758-ad39-0155f9eb61fe.png?v=1717078248,kg,,,,,,
copy-of-iron-man-t-shirt-for-kids,,,,,,,,,5-6 YRS,,,Grey,,,,,'10711926,200.0,shopify,50,continue,manual,799.00,0.00,true,true,,,,,'10711926,,,,,,,,,,,,,,,,,,,,,,,,,,,,,,,,,,,,,,,,,,,,,,,https://cdn.shopify.com/s/files/1/0618/2368/0740/files/18_1a7196c5-82dc-41bf-9edf-74336715babd.png?v=1717078248,kg,,,,,,
copy-of-iron-man-t-shirt-for-kids,,,,,,,,,5-6 YRS,,,Red,,,,,'10711927,200.0,shopify,49,continue,manual,799.00,0.00,true,true,,,,,'10711927,,,,,,,,,,,,,,,,,,,,,,,,,,,,,,,,,,,,,,,,,,,,,,,https://cdn.shopify.com/s/files/1/0618/2368/0740/files/17_b3490a58-002d-4c2f-9d5b-f3f4a502cc8a.png?v=1717078248,kg,,,,,,
copy-of-iron-man-t-shirt-for-kids,,,,,,,,,5-6 YRS,,,Yellow,,,,,'10711928,200.0,shopify,50,continue,manual,799.00,0.00,true,true,,,,,'10711928,,,,,,,,,,,,,,,,,,,,,,,,,,,,,,,,,,,,,,,,,,,,,,,https://cdn.shopify.com/s/files/1/0618/2368/0740/files/21_2b65c821-0029-4ead-bb0f-a85726084c9c.png?v=1717078248,kg,,,,,,
copy-of-iron-man-t-shirt-for-kids,,,,,,,,,5-6 YRS,,,Mahroon,,,,,'10711929,200.0,shopify,50,continue,manual,799.00,0.00,true,true,,,,,'10711929,,,,,,,,,,,,,,,,,,,,,,,,,,,,,,,,,,,,,,,,,,,,,,,https://cdn.shopify.com/s/files/1/0618/2368/0740/files/15_fd417932-0450-480b-a67b-d5f911c662f4.png?v=1717078248,kg,,,,,,
copy-of-iron-man-t-shirt-for-kids,,,,,,,,,5-6 YRS,,,Pink,,,,,'10711930,200.0,shopify,49,continue,manual,799.00,0.00,true,true,,,,,'10711930,,,,,,,,,,,,,,,,,,,,,,,,,,,,,,,,,,,,,,,,,,,,,,,https://cdn.shopify.com/s/files/1/0618/2368/0740/files/20_c28b61e7-84f3-4e65-8961-74a33eff3b71.png?v=1717078248,kg,,,,,,
copy-of-iron-man-t-shirt-for-kids,,,,,,,,,5-6 YRS,,,Orange,,,,,'10711931,200.0,shopify,50,continue,manual,799.00,0.00,true,true,,,,,'10711931,,,,,,,,,,,,,,,,,,,,,,,,,,,,,,,,,,,,,,,,,,,,,,,https://cdn.shopify.com/s/files/1/0618/2368/0740/files/24_7d5a26af-9392-4c23-bc42-3c0cd1dcf5f9.png?v=1717078248,kg,,,,,,
copy-of-iron-man-t-shirt-for-kids,,,,,,,,,5-6 YRS,,,Blue,,,,,'10711932,200.0,shopify,50,continue,manual,799.00,0.00,true,true,,,,,'10711932,,,,,,,,,,,,,,,,,,,,,,,,,,,,,,,,,,,,,,,,,,,,,,,https://cdn.shopify.com/s/files/1/0618/2368/0740/files/25_bf224313-bcec-4c0f-a753-b7bd91df00c5.png?v=1717078248,kg,,,,,,
copy-of-iron-man-t-shirt-for-kids,,,,,,,,,7-8 YRS,,,Black,,,,,'10711933,200.0,shopify,50,continue,manual,799.00,0.00,true,true,,,,,'10711933,,,,,,,,,,,,,,,,,,,,,,,,,,,,,,,,,,,,,,,,,,,,,,,https://cdn.shopify.com/s/files/1/0618/2368/0740/files/9_3d1a612f-1793-4f40-a2ba-940066e4e279.png?v=1717075872,kg,,,,,,
copy-of-iron-man-t-shirt-for-kids,,,,,,,,,7-8 YRS,,,White,,,,,'10711934,200.0,shopify,50,continue,manual,799.00,0.00,true,true,,,,,'10711934,,,,,,,,,,,,,,,,,,,,,,,,,,,,,,,,,,,,,,,,,,,,,,,https://cdn.shopify.com/s/files/1/0618/2368/0740/files/11_abf22114-791d-4758-ad39-0155f9eb61fe.png?v=1717078248,kg,,,,,,
copy-of-iron-man-t-shirt-for-kids,,,,,,,,,7-8 YRS,,,Grey,,,,,'10711935,200.0,shopify,50,continue,manual,799.00,0.00,true,true,,,,,'10711935,,,,,,,,,,,,,,,,,,,,,,,,,,,,,,,,,,,,,,,,,,,,,,,https://cdn.shopify.com/s/files/1/0618/2368/0740/files/18_1a7196c5-82dc-41bf-9edf-74336715babd.png?v=1717078248,kg,,,,,,
copy-of-iron-man-t-shirt-for-kids,,,,,,,,,7-8 YRS,,,Red,,,,,'10711936,200.0,shopify,50,continue,manual,799.00,0.00,true,true,,,,,'10711936,,,,,,,,,,,,,,,,,,,,,,,,,,,,,,,,,,,,,,,,,,,,,,,https://cdn.shopify.com/s/files/1/0618/2368/0740/files/17_b3490a58-002d-4c2f-9d5b-f3f4a502cc8a.png?v=1717078248,kg,,,,,,
copy-of-iron-man-t-shirt-for-kids,,,,,,,,,7-8 YRS,,,Yellow,,,,,'10711937,200.0,shopify,50,continue,manual,799.00,0.00,true,true,,,,,'10711937,,,,,,,,,,,,,,,,,,,,,,,,,,,,,,,,,,,,,,,,,,,,,,,https://cdn.shopify.com/s/files/1/0618/2368/0740/files/21_2b65c821-0029-4ead-bb0f-a85726084c9c.png?v=1717078248,kg,,,,,,
copy-of-iron-man-t-shirt-for-kids,,,,,,,,,7-8 YRS,,,Mahroon,,,,,'10711938,200.0,shopify,50,continue,manual,799.00,0.00,true,true,,,,,'10711938,,,,,,,,,,,,,,,,,,,,,,,,,,,,,,,,,,,,,,,,,,,,,,,https://cdn.shopify.com/s/files/1/0618/2368/0740/files/15_fd417932-0450-480b-a67b-d5f911c662f4.png?v=1717078248,kg,,,,,,
copy-of-iron-man-t-shirt-for-kids,,,,,,,,,7-8 YRS,,,Pink,,,,,'10711939,200.0,shopify,50,continue,manual,799.00,0.00,true,true,,,,,'10711939,,,,,,,,,,,,,,,,,,,,,,,,,,,,,,,,,,,,,,,,,,,,,,,https://cdn.shopify.com/s/files/1/0618/2368/0740/files/20_c28b61e7-84f3-4e65-8961-74a33eff3b71.png?v=1717078248,kg,,,,,,
copy-of-iron-man-t-shirt-for-kids,,,,,,,,,7-8 YRS,,,Orange,,,,,'10711940,200.0,shopify,50,continue,manual,799.00,0.00,true,true,,,,,'10711940,,,,,,,,,,,,,,,,,,,,,,,,,,,,,,,,,,,,,,,,,,,,,,,https://cdn.shopify.com/s/files/1/0618/2368/0740/files/24_7d5a26af-9392-4c23-bc42-3c0cd1dcf5f9.png?v=1717078248,kg,,,,,,
copy-of-iron-man-t-shirt-for-kids,,,,,,,,,7-8 YRS,,,Blue,,,,,'10711941,200.0,shopify,50,continue,manual,799.00,0.00,true,true,,,,,'10711941,,,,,,,,,,,,,,,,,,,,,,,,,,,,,,,,,,,,,,,,,,,,,,,https://cdn.shopify.com/s/files/1/0618/2368/0740/files/25_bf224313-bcec-4c0f-a753-b7bd91df00c5.png?v=1717078248,kg,,,,,,
copy-of-iron-man-t-shirt-for-kids,,,,,,,,,9-10 YRS,,,Black,,,,,'10711942,200.0,shopify,50,continue,manual,899.00,0.00,true,true,,,,,'10711942,,,,,,,,,,,,,,,,,,,,,,,,,,,,,,,,,,,,,,,,,,,,,,,https://cdn.shopify.com/s/files/1/0618/2368/0740/files/9_3d1a612f-1793-4f40-a2ba-940066e4e279.png?v=1717075872,kg,,,,,,
copy-of-iron-man-t-shirt-for-kids,,,,,,,,,9-10 YRS,,,White,,,,,'10711943,200.0,shopify,50,continue,manual,899.00,0.00,true,true,,,,,'10711943,,,,,,,,,,,,,,,,,,,,,,,,,,,,,,,,,,,,,,,,,,,,,,,https://cdn.shopify.com/s/files/1/0618/2368/0740/files/11_abf22114-791d-4758-ad39-0155f9eb61fe.png?v=1717078248,kg,,,,,,
copy-of-iron-man-t-shirt-for-kids,,,,,,,,,9-10 YRS,,,Grey,,,,,'10711944,200.0,shopify,49,continue,manual,899.00,0.00,true,true,,,,,'10711944,,,,,,,,,,,,,,,,,,,,,,,,,,,,,,,,,,,,,,,,,,,,,,,https://cdn.shopify.com/s/files/1/0618/2368/0740/files/18_1a7196c5-82dc-41bf-9edf-74336715babd.png?v=1717078248,kg,,,,,,
copy-of-iron-man-t-shirt-for-kids,,,,,,,,,9-10 YRS,,,Red,,,,,'10711945,200.0,shopify,50,continue,manual,899.00,0.00,true,true,,,,,'10711945,,,,,,,,,,,,,,,,,,,,,,,,,,,,,,,,,,,,,,,,,,,,,,,https://cdn.shopify.com/s/files/1/0618/2368/0740/files/17_b3490a58-002d-4c2f-9d5b-f3f4a502cc8a.png?v=1717078248,kg,,,,,,
copy-of-iron-man-t-shirt-for-kids,,,,,,,,,9-10 YRS,,,Yellow,,,,,'10711946,200.0,shopify,50,continue,manual,899.00,0.00,true,true,,,,,'10711946,,,,,,,,,,,,,,,,,,,,,,,,,,,,,,,,,,,,,,,,,,,,,,,https://cdn.shopify.com/s/files/1/0618/2368/0740/files/21_2b65c821-0029-4ead-bb0f-a85726084c9c.png?v=1717078248,kg,,,,,,
copy-of-iron-man-t-shirt-for-kids,,,,,,,,,9-10 YRS,,,Mahroon,,,,,'10711947,200.0,shopify,50,continue,manual,899.00,0.00,true,true,,,,,'10711947,,,,,,,,,,,,,,,,,,,,,,,,,,,,,,,,,,,,,,,,,,,,,,,https://cdn.shopify.com/s/files/1/0618/2368/0740/files/15_fd417932-0450-480b-a67b-d5f911c662f4.png?v=1717078248,kg,,,,,,
copy-of-iron-man-t-shirt-for-kids,,,,,,,,,9-10 YRS,,,Pink,,,,,'10711948,200.0,shopify,50,continue,manual,899.00,0.00,true,true,,,,,'10711948,,,,,,,,,,,,,,,,,,,,,,,,,,,,,,,,,,,,,,,,,,,,,,,https://cdn.shopify.com/s/files/1/0618/2368/0740/files/20_c28b61e7-84f3-4e65-8961-74a33eff3b71.png?v=1717078248,kg,,,,,,
copy-of-iron-man-t-shirt-for-kids,,,,,,,,,9-10 YRS,,,Orange,,,,,'10711949,200.0,shopify,50,continue,manual,899.00,0.00,true,true,,,,,'10711949,,,,,,,,,,,,,,,,,,,,,,,,,,,,,,,,,,,,,,,,,,,,,,,https://cdn.shopify.com/s/files/1/0618/2368/0740/files/24_7d5a26af-9392-4c23-bc42-3c0cd1dcf5f9.png?v=1717078248,kg,,,,,,
copy-of-iron-man-t-shirt-for-kids,,,,,,,,,9-10 YRS,,,Blue,,,,,'10711950,200.0,shopify,50,continue,manual,899.00,0.00,true,true,,,,,'10711950,,,,,,,,,,,,,,,,,,,,,,,,,,,,,,,,,,,,,,,,,,,,,,,https://cdn.shopify.com/s/files/1/0618/2368/0740/files/25_bf224313-bcec-4c0f-a753-b7bd91df00c5.png?v=1717078248,kg,,,,,,
copy-of-iron-man-t-shirt-for-kids,,,,,,,,,11-12 YRS,,,Black,,,,,'10711951,200.0,shopify,49,continue,manual,899.00,0.00,true,true,,,,,'10711951,,,,,,,,,,,,,,,,,,,,,,,,,,,,,,,,,,,,,,,,,,,,,,,https://cdn.shopify.com/s/files/1/0618/2368/0740/files/9_3d1a612f-1793-4f40-a2ba-940066e4e279.png?v=1717075872,kg,,,,,,
copy-of-iron-man-t-shirt-for-kids,,,,,,,,,11-12 YRS,,,White,,,,,'10711952,200.0,shopify,50,continue,manual,899.00,0.00,true,true,,,,,'10711952,,,,,,,,,,,,,,,,,,,,,,,,,,,,,,,,,,,,,,,,,,,,,,,https://cdn.shopify.com/s/files/1/0618/2368/0740/files/11_abf22114-791d-4758-ad39-0155f9eb61fe.png?v=1717078248,kg,,,,,,
copy-of-iron-man-t-shirt-for-kids,,,,,,,,,11-12 YRS,,,Grey,,,,,'10711953,200.0,shopify,50,continue,manual,899.00,0.00,true,true,,,,,'10711953,,,,,,,,,,,,,,,,,,,,,,,,,,,,,,,,,,,,,,,,,,,,,,,https://cdn.shopify.com/s/files/1/0618/2368/0740/files/18_1a7196c5-82dc-41bf-9edf-74336715babd.png?v=1717078248,kg,,,,,,
copy-of-iron-man-t-shirt-for-kids,,,,,,,,,11-12 YRS,,,Red,,,,,'10711954,200.0,shopify,50,continue,manual,899.00,0.00,true,true,,,,,'10711954,,,,,,,,,,,,,,,,,,,,,,,,,,,,,,,,,,,,,,,,,,,,,,,https://cdn.shopify.com/s/files/1/0618/2368/0740/files/17_b3490a58-002d-4c2f-9d5b-f3f4a502cc8a.png?v=1717078248,kg,,,,,,
copy-of-iron-man-t-shirt-for-kids,,,,,,,,,11-12 YRS,,,Yellow,,,,,'10711955,200.0,shopify,50,continue,manual,899.00,0.00,true,true,,,,,'10711955,,,,,,,,,,,,,,,,,,,,,,,,,,,,,,,,,,,,,,,,,,,,,,,https://cdn.shopify.com/s/files/1/0618/2368/0740/files/21_2b65c821-0029-4ead-bb0f-a85726084c9c.png?v=1717078248,kg,,,,,,
copy-of-iron-man-t-shirt-for-kids,,,,,,,,,11-12 YRS,,,Mahroon,,,,,'10711956,200.0,shopify,50,continue,manual,899.00,0.00,true,true,,,,,'10711956,,,,,,,,,,,,,,,,,,,,,,,,,,,,,,,,,,,,,,,,,,,,,,,https://cdn.shopify.com/s/files/1/0618/2368/0740/files/15_fd417932-0450-480b-a67b-d5f911c662f4.png?v=1717078248,kg,,,,,,
copy-of-iron-man-t-shirt-for-kids,,,,,,,,,11-12 YRS,,,Pink,,,,,'10711957,200.0,shopify,50,continue,manual,899.00,0.00,true,true,,,,,'10711957,,,,,,,,,,,,,,,,,,,,,,,,,,,,,,,,,,,,,,,,,,,,,,,https://cdn.shopify.com/s/files/1/0618/2368/0740/files/20_c28b61e7-84f3-4e65-8961-74a33eff3b71.png?v=1717078248,kg,,,,,,
copy-of-iron-man-t-shirt-for-kids,,,,,,,,,11-12 YRS,,,Orange,,,,,'10711958,200.0,shopify,50,continue,manual,899.00,0.00,true,true,,,,,'10711958,,,,,,,,,,,,,,,,,,,,,,,,,,,,,,,,,,,,,,,,,,,,,,,https://cdn.shopify.com/s/files/1/0618/2368/0740/files/24_7d5a26af-9392-4c23-bc42-3c0cd1dcf5f9.png?v=1717078248,kg,,,,,,
copy-of-iron-man-t-shirt-for-kids,,,,,,,,,11-12 YRS,,,Blue,,,,,'10711959,200.0,shopify,50,continue,manual,899.00,0.00,true,true,,,,,'10711959,,,,,,,,,,,,,,,,,,,,,,,,,,,,,,,,,,,,,,,,,,,,,,,https://cdn.shopify.com/s/files/1/0618/2368/0740/files/25_bf224313-bcec-4c0f-a753-b7bd91df00c5.png?v=1717078248,kg,,,,,,
copy-of-iron-man-t-shirt-for-kids,,,,,,,,,13-14 YRS,,,Black,,,,,'10711960,200.0,shopify,100,continue,manual,999.00,0.00,true,true,,,,,'10711960,,,,,,,,,,,,,,,,,,,,,,,,,,,,,,,,,,,,,,,,,,,,,,,https://cdn.shopify.com/s/files/1/0618/2368/0740/files/9_3d1a612f-1793-4f40-a2ba-940066e4e279.png?v=1717075872,kg,,,,,,
copy-of-iron-man-t-shirt-for-kids,,,,,,,,,13-14 YRS,,,White,,,,,'10711961,200.0,shopify,100,continue,manual,999.00,0.00,true,true,,,,,'10711961,,,,,,,,,,,,,,,,,,,,,,,,,,,,,,,,,,,,,,,,,,,,,,,https://cdn.shopify.com/s/files/1/0618/2368/0740/files/11_abf22114-791d-4758-ad39-0155f9eb61fe.png?v=1717078248,kg,,,,,,
copy-of-iron-man-t-shirt-for-kids,,,,,,,,,13-14 YRS,,,Grey,,,,,'10711962,200.0,shopify,100,continue,manual,999.00,0.00,true,true,,,,,'10711962,,,,,,,,,,,,,,,,,,,,,,,,,,,,,,,,,,,,,,,,,,,,,,,https://cdn.shopify.com/s/files/1/0618/2368/0740/files/18_1a7196c5-82dc-41bf-9edf-74336715babd.png?v=1717078248,kg,,,,,,
copy-of-iron-man-t-shirt-for-kids,,,,,,,,,13-14 YRS,,,Red,,,,,'10711963,200.0,shopify,100,continue,manual,999.00,0.00,true,true,,,,,'10711963,,,,,,,,,,,,,,,,,,,,,,,,,,,,,,,,,,,,,,,,,,,,,,,https://cdn.shopify.com/s/files/1/0618/2368/0740/files/17_b3490a58-002d-4c2f-9d5b-f3f4a502cc8a.png?v=1717078248,kg,,,,,,
copy-of-iron-man-t-shirt-for-kids,,,,,,,,,13-14 YRS,,,Yellow,,,,,'10711964,200.0,shopify,100,continue,manual,999.00,0.00,true,true,,,,,'10711964,,,,,,,,,,,,,,,,,,,,,,,,,,,,,,,,,,,,,,,,,,,,,,,https://cdn.shopify.com/s/files/1/0618/2368/0740/files/21_2b65c821-0029-4ead-bb0f-a85726084c9c.png?v=1717078248,kg,,,,,,
copy-of-iron-man-t-shirt-for-kids,,,,,,,,,13-14 YRS,,,Mahroon,,,,,'10711965,200.0,shopify,100,continue,manual,999.00,0.00,true,true,,,,,'10711965,,,,,,,,,,,,,,,,,,,,,,,,,,,,,,,,,,,,,,,,,,,,,,,https://cdn.shopify.com/s/files/1/0618/2368/0740/files/15_fd417932-0450-480b-a67b-d5f911c662f4.png?v=1717078248,kg,,,,,,
copy-of-iron-man-t-shirt-for-kids,,,,,,,,,13-14 YRS,,,Pink,,,,,'10711966,200.0,shopify,100,continue,manual,999.00,0.00,true,true,,,,,'10711966,,,,,,,,,,,,,,,,,,,,,,,,,,,,,,,,,,,,,,,,,,,,,,,https://cdn.shopify.com/s/files/1/0618/2368/0740/files/20_c28b61e7-84f3-4e65-8961-74a33eff3b71.png?v=1717078248,kg,,,,,,
copy-of-iron-man-t-shirt-for-kids,,,,,,,,,13-14 YRS,,,Orange,,,,,'10711967,200.0,shopify,100,continue,manual,999.00,0.00,true,true,,,,,'10711967,,,,,,,,,,,,,,,,,,,,,,,,,,,,,,,,,,,,,,,,,,,,,,,https://cdn.shopify.com/s/files/1/0618/2368/0740/files/24_7d5a26af-9392-4c23-bc42-3c0cd1dcf5f9.png?v=1717078248,kg,,,,,,
copy-of-iron-man-t-shirt-for-kids,,,,,,,,,13-14 YRS,,,Blue,,,,,'10706847,200.0,shopify,100,continue,manual,999.00,0.00,true,true,,,,,'10706847,,,,,,,,,,,,,,,,,,,,,,,,,,,,,,,,,,,,,,,,,,,,,,,https://cdn.shopify.com/s/files/1/0618/2368/0740/files/25_bf224313-bcec-4c0f-a753-b7bd91df00c5.png?v=1717078248,kg,,,,,,
copy-of-captain-america-t-shirt-for-kids,Spider Man T Shirt For Kids,"<div>Fabric: Soft High-Quality Jersey</div>
<div>Half Sleeve T-Shirt</div>
<div>Round Neck</div>
<div>High Quality DTF Printed </div>
<div>Soft and Comfortable Wear</div>
<div>Easy Wash &amp; Press</div>
<div>Sizes 1-14 years </div>
<div><span>Disclaimer: Colors may vary slightly due to studio lights. </span></div>",BBG FASHION CLOTHING STORE,Apparel & Accessories > Clothing > Clothing Tops > T-Shirts,kids T-Shirts,kids T-Shirts,false,Size,1-2 YRS,,Color,Orange,,,,,'10711844,200.0,shopify,50,continue,manual,799.00,0.00,true,true,,,,,'10711844,https://cdn.shopify.com/s/files/1/0618/2368/0740/files/24_3e1d3e3c-2867-4426-8bed-c960aa7cc1d4.png?v=1717075852,1,Copy Of Captain America T Shirt For Kids - front view - kids wear Pakistan,false,,,212,,,,,,,,,,,,,,,,,,,,,,,,,,,,,,,,,,,,,,,,https://cdn.shopify.com/s/files/1/0618/2368/0740/files/24_3e1d3e3c-2867-4426-8bed-c960aa7cc1d4.png?v=1717075852,kg,,,true,,,draft
copy-of-captain-america-t-shirt-for-kids,,,,,,,,,1-2 YRS,,,Black,,,,,'10711845,200.0,shopify,50,continue,manual,799.00,0.00,true,true,,,,,'10711845,https://cdn.shopify.com/s/files/1/0618/2368/0740/files/bbg_d1d933d2-5f31-45d8-8176-020754e9f684.png?v=1717078507,2,Summer Surf Shirt For Kids Copy - back view - kids wear Pakistan,,,,,,,,,,,,,,,,,,,,,,,,,,,,,,,,,,,,,,,,,,,,https://cdn.shopify.com/s/files/1/0618/2368/0740/files/9_d919a73a-3fed-46e8-b10c-9c84ab4df214.png?v=1717078936,kg,,,,,,
copy-of-captain-america-t-shirt-for-kids,,,,,,,,,1-2 YRS,,,White,,,,,'10711846,200.0,shopify,50,continue,manual,799.00,0.00,true,true,,,,,'10711846,https://cdn.shopify.com/s/files/1/0618/2368/0740/files/9_d919a73a-3fed-46e8-b10c-9c84ab4df214.png?v=1717078936,3,Copy Of Captain America T Shirt For Kids - side view - kids wear Pakistan,,,,,,,,,,,,,,,,,,,,,,,,,,,,,,,,,,,,,,,,,,,,https://cdn.shopify.com/s/files/1/0618/2368/0740/files/11_3d718168-fde3-4edc-9ffc-f9c445d1b5bb.png?v=1717078936,kg,,,,,,
copy-of-captain-america-t-shirt-for-kids,,,,,,,,,1-2 YRS,,,Grey,,,,,'10711847,200.0,shopify,50,continue,manual,799.00,0.00,true,true,,,,,'10711847,https://cdn.shopify.com/s/files/1/0618/2368/0740/files/11_3d718168-fde3-4edc-9ffc-f9c445d1b5bb.png?v=1717078936,4,Copy Of Captain America T Shirt For Kids - detail shot - kids wear Pakistan,,,,,,,,,,,,,,,,,,,,,,,,,,,,,,,,,,,,,,,,,,,,https://cdn.shopify.com/s/files/1/0618/2368/0740/files/18_a0e9fda3-9f3e-415f-88f8-6adb60d2dd41.png?v=1717078936,kg,,,,,,
copy-of-captain-america-t-shirt-for-kids,,,,,,,,,1-2 YRS,,,Red,,,,,'10711848,200.0,shopify,50,continue,manual,799.00,0.00,true,true,,,,,'10711848,https://cdn.shopify.com/s/files/1/0618/2368/0740/files/12_c8ff8fe0-1b96-413e-8bcd-460de1fef950.png?v=1717078936,5,Copy Of Captain America T Shirt For Kids - front view - kids wear Pakistan,,,,,,,,,,,,,,,,,,,,,,,,,,,,,,,,,,,,,,,,,,,,https://cdn.shopify.com/s/files/1/0618/2368/0740/files/17_c0ef9d90-e8bc-44f3-b4bf-d65800624e66.png?v=1717078936,kg,,,,,,
copy-of-captain-america-t-shirt-for-kids,,,,,,,,,1-2 YRS,,,Yellow,,,,,'10711849,200.0,shopify,50,continue,manual,799.00,0.00,true,true,,,,,'10711849,https://cdn.shopify.com/s/files/1/0618/2368/0740/files/15_9cee7956-60f3-4500-a06a-263e393ebf38.png?v=1717078936,6,Copy Of Captain America T Shirt For Kids - back view - kids wear Pakistan,,,,,,,,,,,,,,,,,,,,,,,,,,,,,,,,,,,,,,,,,,,,https://cdn.shopify.com/s/files/1/0618/2368/0740/files/21_97024a66-3f93-4301-8b0e-0c13cff77727.png?v=1717078936,kg,,,,,,
copy-of-captain-america-t-shirt-for-kids,,,,,,,,,1-2 YRS,,,Mahroon,,,,,'10711850,200.0,shopify,50,continue,manual,799.00,0.00,true,true,,,,,'10711850,https://cdn.shopify.com/s/files/1/0618/2368/0740/files/17_c0ef9d90-e8bc-44f3-b4bf-d65800624e66.png?v=1717078936,7,Copy Of Captain America T Shirt For Kids - side view - kids wear Pakistan,,,,,,,,,,,,,,,,,,,,,,,,,,,,,,,,,,,,,,,,,,,,https://cdn.shopify.com/s/files/1/0618/2368/0740/files/15_9cee7956-60f3-4500-a06a-263e393ebf38.png?v=1717078936,kg,,,,,,
copy-of-captain-america-t-shirt-for-kids,,,,,,,,,1-2 YRS,,,Pink,,,,,'10711851,200.0,shopify,50,continue,manual,799.00,0.00,true,true,,,,,'10711851,https://cdn.shopify.com/s/files/1/0618/2368/0740/files/18_a0e9fda3-9f3e-415f-88f8-6adb60d2dd41.png?v=1717078936,8,Copy Of Captain America T Shirt For Kids - detail shot - kids wear Pakistan,,,,,,,,,,,,,,,,,,,,,,,,,,,,,,,,,,,,,,,,,,,,https://cdn.shopify.com/s/files/1/0618/2368/0740/files/20_cfa0872c-12a5-4f80-bf1a-fbdf6ffa85e5.png?v=1717078936,kg,,,,,,
copy-of-captain-america-t-shirt-for-kids,,,,,,,,,1-2 YRS,,,Blue,,,,,'10711852,200.0,shopify,50,continue,manual,799.00,0.00,true,true,,,,,'10711852,https://cdn.shopify.com/s/files/1/0618/2368/0740/files/20_cfa0872c-12a5-4f80-bf1a-fbdf6ffa85e5.png?v=1717078936,9,Copy Of Captain America T Shirt For Kids - front view - kids wear Pakistan,,,,,,,,,,,,,,,,,,,,,,,,,,,,,,,,,,,,,,,,,,,,https://cdn.shopify.com/s/files/1/0618/2368/0740/files/25_53b6729b-e84c-4a3c-96a6-4731ee99c484.png?v=1717078936,kg,,,,,,
copy-of-captain-america-t-shirt-for-kids,,,,,,,,,3-4 YRS,,,Orange,,,,,'10711853,200.0,shopify,50,continue,manual,799.00,0.00,true,true,,,,,'10711853,https://cdn.shopify.com/s/files/1/0618/2368/0740/files/21_97024a66-3f93-4301-8b0e-0c13cff77727.png?v=1717078936,10,Copy Of Captain America T Shirt For Kids - back view - kids wear Pakistan,,,,,,,,,,,,,,,,,,,,,,,,,,,,,,,,,,,,,,,,,,,,https://cdn.shopify.com/s/files/1/0618/2368/0740/files/24_3e1d3e3c-2867-4426-8bed-c960aa7cc1d4.png?v=1717075852,kg,,,,,,
copy-of-captain-america-t-shirt-for-kids,,,,,,,,,3-4 YRS,,,Black,,,,,'10711854,200.0,shopify,50,continue,manual,799.00,0.00,true,true,,,,,'10711854,https://cdn.shopify.com/s/files/1/0618/2368/0740/files/25_53b6729b-e84c-4a3c-96a6-4731ee99c484.png?v=1717078936,11,Copy Of Captain America T Shirt For Kids - side view - kids wear Pakistan,,,,,,,,,,,,,,,,,,,,,,,,,,,,,,,,,,,,,,,,,,,,https://cdn.shopify.com/s/files/1/0618/2368/0740/files/9_d919a73a-3fed-46e8-b10c-9c84ab4df214.png?v=1717078936,kg,,,,,,
copy-of-captain-america-t-shirt-for-kids,,,,,,,,,3-4 YRS,,,White,,,,,'10711855,200.0,shopify,50,continue,manual,799.00,0.00,true,true,,,,,'10711855,https://cdn.shopify.com/s/files/1/0618/2368/0740/files/28_bb2b2576-2952-4e80-94c0-004762a52a4f.png?v=1717078936,12,Copy Of Captain America T Shirt For Kids - detail shot - kids wear Pakistan,,,,,,,,,,,,,,,,,,,,,,,,,,,,,,,,,,,,,,,,,,,,https://cdn.shopify.com/s/files/1/0618/2368/0740/files/11_3d718168-fde3-4edc-9ffc-f9c445d1b5bb.png?v=1717078936,kg,,,,,,
copy-of-captain-america-t-shirt-for-kids,,,,,,,,,3-4 YRS,,,Grey,,,,,'10711856,200.0,shopify,49,continue,manual,799.00,0.00,true,true,,,,,'10711856,,,,,,,,,,,,,,,,,,,,,,,,,,,,,,,,,,,,,,,,,,,,,,,https://cdn.shopify.com/s/files/1/0618/2368/0740/files/18_a0e9fda3-9f3e-415f-88f8-6adb60d2dd41.png?v=1717078936,kg,,,,,,
copy-of-captain-america-t-shirt-for-kids,,,,,,,,,3-4 YRS,,,Red,,,,,'10711857,200.0,shopify,50,continue,manual,799.00,0.00,true,true,,,,,'10711857,,,,,,,,,,,,,,,,,,,,,,,,,,,,,,,,,,,,,,,,,,,,,,,https://cdn.shopify.com/s/files/1/0618/2368/0740/files/17_c0ef9d90-e8bc-44f3-b4bf-d65800624e66.png?v=1717078936,kg,,,,,,
copy-of-captain-america-t-shirt-for-kids,,,,,,,,,3-4 YRS,,,Yellow,,,,,'10711858,200.0,shopify,50,continue,manual,799.00,0.00,true,true,,,,,'10711858,,,,,,,,,,,,,,,,,,,,,,,,,,,,,,,,,,,,,,,,,,,,,,,https://cdn.shopify.com/s/files/1/0618/2368/0740/files/21_97024a66-3f93-4301-8b0e-0c13cff77727.png?v=1717078936,kg,,,,,,
copy-of-captain-america-t-shirt-for-kids,,,,,,,,,3-4 YRS,,,Mahroon,,,,,'10711859,200.0,shopify,50,continue,manual,799.00,0.00,true,true,,,,,'10711859,,,,,,,,,,,,,,,,,,,,,,,,,,,,,,,,,,,,,,,,,,,,,,,https://cdn.shopify.com/s/files/1/0618/2368/0740/files/15_9cee7956-60f3-4500-a06a-263e393ebf38.png?v=1717078936,kg,,,,,,
copy-of-captain-america-t-shirt-for-kids,,,,,,,,,3-4 YRS,,,Pink,,,,,'10711860,200.0,shopify,50,continue,manual,799.00,0.00,true,true,,,,,'10711860,,,,,,,,,,,,,,,,,,,,,,,,,,,,,,,,,,,,,,,,,,,,,,,https://cdn.shopify.com/s/files/1/0618/2368/0740/files/20_cfa0872c-12a5-4f80-bf1a-fbdf6ffa85e5.png?v=1717078936,kg,,,,,,
copy-of-captain-america-t-shirt-for-kids,,,,,,,,,3-4 YRS,,,Blue,,,,,'10711861,200.0,shopify,50,continue,manual,799.00,0.00,true,true,,,,,'10711861,,,,,,,,,,,,,,,,,,,,,,,,,,,,,,,,,,,,,,,,,,,,,,,https://cdn.shopify.com/s/files/1/0618/2368/0740/files/25_53b6729b-e84c-4a3c-96a6-4731ee99c484.png?v=1717078936,kg,,,,,,
copy-of-captain-america-t-shirt-for-kids,,,,,,,,,5-6,,,Orange,,,,,'10711862,200.0,shopify,50,continue,manual,799.00,0.00,true,true,,,,,'10711862,,,,,,,,,,,,,,,,,,,,,,,,,,,,,,,,,,,,,,,,,,,,,,,https://cdn.shopify.com/s/files/1/0618/2368/0740/files/24_3e1d3e3c-2867-4426-8bed-c960aa7cc1d4.png?v=1717075852,kg,,,,,,
copy-of-captain-america-t-shirt-for-kids,,,,,,,,,5-6,,,Black,,,,,'10711863,200.0,shopify,50,continue,manual,799.00,0.00,true,true,,,,,'10711863,,,,,,,,,,,,,,,,,,,,,,,,,,,,,,,,,,,,,,,,,,,,,,,https://cdn.shopify.com/s/files/1/0618/2368/0740/files/9_d919a73a-3fed-46e8-b10c-9c84ab4df214.png?v=1717078936,kg,,,,,,
copy-of-captain-america-t-shirt-for-kids,,,,,,,,,5-6,,,White,,,,,'10711864,200.0,shopify,49,continue,manual,799.00,0.00,true,true,,,,,'10711864,,,,,,,,,,,,,,,,,,,,,,,,,,,,,,,,,,,,,,,,,,,,,,,https://cdn.shopify.com/s/files/1/0618/2368/0740/files/11_3d718168-fde3-4edc-9ffc-f9c445d1b5bb.png?v=1717078936,kg,,,,,,
copy-of-captain-america-t-shirt-for-kids,,,,,,,,,5-6,,,Grey,,,,,'10711865,200.0,shopify,50,continue,manual,799.00,0.00,true,true,,,,,'10711865,,,,,,,,,,,,,,,,,,,,,,,,,,,,,,,,,,,,,,,,,,,,,,,https://cdn.shopify.com/s/files/1/0618/2368/0740/files/18_a0e9fda3-9f3e-415f-88f8-6adb60d2dd41.png?v=1717078936,kg,,,,,,
copy-of-captain-america-t-shirt-for-kids,,,,,,,,,5-6,,,Red,,,,,'10711866,200.0,shopify,50,continue,manual,799.00,0.00,true,true,,,,,'10711866,,,,,,,,,,,,,,,,,,,,,,,,,,,,,,,,,,,,,,,,,,,,,,,https://cdn.shopify.com/s/files/1/0618/2368/0740/files/17_c0ef9d90-e8bc-44f3-b4bf-d65800624e66.png?v=1717078936,kg,,,,,,
copy-of-captain-america-t-shirt-for-kids,,,,,,,,,5-6,,,Yellow,,,,,'10711867,200.0,shopify,50,continue,manual,799.00,0.00,true,true,,,,,'10711867,,,,,,,,,,,,,,,,,,,,,,,,,,,,,,,,,,,,,,,,,,,,,,,https://cdn.shopify.com/s/files/1/0618/2368/0740/files/21_97024a66-3f93-4301-8b0e-0c13cff77727.png?v=1717078936,kg,,,,,,
copy-of-captain-america-t-shirt-for-kids,,,,,,,,,5-6,,,Mahroon,,,,,'10711868,200.0,shopify,50,continue,manual,799.00,0.00,true,true,,,,,'10711868,,,,,,,,,,,,,,,,,,,,,,,,,,,,,,,,,,,,,,,,,,,,,,,https://cdn.shopify.com/s/files/1/0618/2368/0740/files/15_9cee7956-60f3-4500-a06a-263e393ebf38.png?v=1717078936,kg,,,,,,
copy-of-captain-america-t-shirt-for-kids,,,,,,,,,5-6,,,Pink,,,,,'10711869,200.0,shopify,50,continue,manual,799.00,0.00,true,true,,,,,'10711869,,,,,,,,,,,,,,,,,,,,,,,,,,,,,,,,,,,,,,,,,,,,,,,https://cdn.shopify.com/s/files/1/0618/2368/0740/files/20_cfa0872c-12a5-4f80-bf1a-fbdf6ffa85e5.png?v=1717078936,kg,,,,,,
copy-of-captain-america-t-shirt-for-kids,,,,,,,,,5-6,,,Blue,,,,,'10711870,200.0,shopify,49,continue,manual,799.00,0.00,true,true,,,,,'10711870,,,,,,,,,,,,,,,,,,,,,,,,,,,,,,,,,,,,,,,,,,,,,,,https://cdn.shopify.com/s/files/1/0618/2368/0740/files/25_53b6729b-e84c-4a3c-96a6-4731ee99c484.png?v=1717078936,kg,,,,,,
copy-of-captain-america-t-shirt-for-kids,,,,,,,,,7-8 YRS,,,Orange,,,,,'10711871,200.0,shopify,49,continue,manual,799.00,0.00,true,true,,,,,'10711871,,,,,,,,,,,,,,,,,,,,,,,,,,,,,,,,,,,,,,,,,,,,,,,https://cdn.shopify.com/s/files/1/0618/2368/0740/files/24_3e1d3e3c-2867-4426-8bed-c960aa7cc1d4.png?v=1717075852,kg,,,,,,
copy-of-captain-america-t-shirt-for-kids,,,,,,,,,7-8 YRS,,,Black,,,,,'10711872,200.0,shopify,50,continue,manual,799.00,0.00,true,true,,,,,'10711872,,,,,,,,,,,,,,,,,,,,,,,,,,,,,,,,,,,,,,,,,,,,,,,https://cdn.shopify.com/s/files/1/0618/2368/0740/files/9_d919a73a-3fed-46e8-b10c-9c84ab4df214.png?v=1717078936,kg,,,,,,
copy-of-captain-america-t-shirt-for-kids,,,,,,,,,7-8 YRS,,,White,,,,,'10711873,200.0,shopify,50,continue,manual,799.00,0.00,true,true,,,,,'10711873,,,,,,,,,,,,,,,,,,,,,,,,,,,,,,,,,,,,,,,,,,,,,,,https://cdn.shopify.com/s/files/1/0618/2368/0740/files/11_3d718168-fde3-4edc-9ffc-f9c445d1b5bb.png?v=1717078936,kg,,,,,,
copy-of-captain-america-t-shirt-for-kids,,,,,,,,,7-8 YRS,,,Grey,,,,,'10711874,200.0,shopify,50,continue,manual,799.00,0.00,true,true,,,,,'10711874,,,,,,,,,,,,,,,,,,,,,,,,,,,,,,,,,,,,,,,,,,,,,,,https://cdn.shopify.com/s/files/1/0618/2368/0740/files/18_a0e9fda3-9f3e-415f-88f8-6adb60d2dd41.png?v=1717078936,kg,,,,,,
copy-of-captain-america-t-shirt-for-kids,,,,,,,,,7-8 YRS,,,Red,,,,,'10711875,200.0,shopify,50,continue,manual,799.00,0.00,true,true,,,,,'10711875,,,,,,,,,,,,,,,,,,,,,,,,,,,,,,,,,,,,,,,,,,,,,,,https://cdn.shopify.com/s/files/1/0618/2368/0740/files/17_c0ef9d90-e8bc-44f3-b4bf-d65800624e66.png?v=1717078936,kg,,,,,,
copy-of-captain-america-t-shirt-for-kids,,,,,,,,,7-8 YRS,,,Yellow,,,,,'10711876,200.0,shopify,50,continue,manual,799.00,0.00,true,true,,,,,'10711876,,,,,,,,,,,,,,,,,,,,,,,,,,,,,,,,,,,,,,,,,,,,,,,https://cdn.shopify.com/s/files/1/0618/2368/0740/files/21_97024a66-3f93-4301-8b0e-0c13cff77727.png?v=1717078936,kg,,,,,,
copy-of-captain-america-t-shirt-for-kids,,,,,,,,,7-8 YRS,,,Mahroon,,,,,'10711877,200.0,shopify,50,continue,manual,799.00,0.00,true,true,,,,,'10711877,,,,,,,,,,,,,,,,,,,,,,,,,,,,,,,,,,,,,,,,,,,,,,,https://cdn.shopify.com/s/files/1/0618/2368/0740/files/15_9cee7956-60f3-4500-a06a-263e393ebf38.png?v=1717078936,kg,,,,,,
copy-of-captain-america-t-shirt-for-kids,,,,,,,,,7-8 YRS,,,Pink,,,,,'10711878,200.0,shopify,50,continue,manual,799.00,0.00,true,true,,,,,'10711878,,,,,,,,,,,,,,,,,,,,,,,,,,,,,,,,,,,,,,,,,,,,,,,https://cdn.shopify.com/s/files/1/0618/2368/0740/files/20_cfa0872c-12a5-4f80-bf1a-fbdf6ffa85e5.png?v=1717078936,kg,,,,,,
copy-of-captain-america-t-shirt-for-kids,,,,,,,,,7-8 YRS,,,Blue,,,,,'10711879,200.0,shopify,50,continue,manual,799.00,0.00,true,true,,,,,'10711879,,,,,,,,,,,,,,,,,,,,,,,,,,,,,,,,,,,,,,,,,,,,,,,https://cdn.shopify.com/s/files/1/0618/2368/0740/files/25_53b6729b-e84c-4a3c-96a6-4731ee99c484.png?v=1717078936,kg,,,,,,
copy-of-captain-america-t-shirt-for-kids,,,,,,,,,9-10 YRS,,,Orange,,,,,'10711880,200.0,shopify,50,continue,manual,899.00,0.00,true,true,,,,,'10711880,,,,,,,,,,,,,,,,,,,,,,,,,,,,,,,,,,,,,,,,,,,,,,,https://cdn.shopify.com/s/files/1/0618/2368/0740/files/24_3e1d3e3c-2867-4426-8bed-c960aa7cc1d4.png?v=1717075852,kg,,,,,,
copy-of-captain-america-t-shirt-for-kids,,,,,,,,,9-10 YRS,,,Black,,,,,'10711881,200.0,shopify,50,continue,manual,899.00,0.00,true,true,,,,,'10711881,,,,,,,,,,,,,,,,,,,,,,,,,,,,,,,,,,,,,,,,,,,,,,,https://cdn.shopify.com/s/files/1/0618/2368/0740/files/9_d919a73a-3fed-46e8-b10c-9c84ab4df214.png?v=1717078936,kg,,,,,,
copy-of-captain-america-t-shirt-for-kids,,,,,,,,,9-10 YRS,,,White,,,,,'10711882,200.0,shopify,50,continue,manual,899.00,0.00,true,true,,,,,'10711882,,,,,,,,,,,,,,,,,,,,,,,,,,,,,,,,,,,,,,,,,,,,,,,https://cdn.shopify.com/s/files/1/0618/2368/0740/files/11_3d718168-fde3-4edc-9ffc-f9c445d1b5bb.png?v=1717078936,kg,,,,,,
copy-of-captain-america-t-shirt-for-kids,,,,,,,,,9-10 YRS,,,Grey,,,,,'10711883,200.0,shopify,50,continue,manual,899.00,0.00,true,true,,,,,'10711883,,,,,,,,,,,,,,,,,,,,,,,,,,,,,,,,,,,,,,,,,,,,,,,https://cdn.shopify.com/s/files/1/0618/2368/0740/files/18_a0e9fda3-9f3e-415f-88f8-6adb60d2dd41.png?v=1717078936,kg,,,,,,
copy-of-captain-america-t-shirt-for-kids,,,,,,,,,9-10 YRS,,,Red,,,,,'10711884,200.0,shopify,50,continue,manual,899.00,0.00,true,true,,,,,'10711884,,,,,,,,,,,,,,,,,,,,,,,,,,,,,,,,,,,,,,,,,,,,,,,https://cdn.shopify.com/s/files/1/0618/2368/0740/files/17_c0ef9d90-e8bc-44f3-b4bf-d65800624e66.png?v=1717078936,kg,,,,,,
copy-of-captain-america-t-shirt-for-kids,,,,,,,,,9-10 YRS,,,Yellow,,,,,'10711885,200.0,shopify,50,continue,manual,899.00,0.00,true,true,,,,,'10711885,,,,,,,,,,,,,,,,,,,,,,,,,,,,,,,,,,,,,,,,,,,,,,,https://cdn.shopify.com/s/files/1/0618/2368/0740/files/21_97024a66-3f93-4301-8b0e-0c13cff77727.png?v=1717078936,kg,,,,,,
copy-of-captain-america-t-shirt-for-kids,,,,,,,,,9-10 YRS,,,Mahroon,,,,,'10711886,200.0,shopify,50,continue,manual,899.00,0.00,true,true,,,,,'10711886,,,,,,,,,,,,,,,,,,,,,,,,,,,,,,,,,,,,,,,,,,,,,,,https://cdn.shopify.com/s/files/1/0618/2368/0740/files/15_9cee7956-60f3-4500-a06a-263e393ebf38.png?v=1717078936,kg,,,,,,
copy-of-captain-america-t-shirt-for-kids,,,,,,,,,9-10 YRS,,,Pink,,,,,'10711887,200.0,shopify,50,continue,manual,899.00,0.00,true,true,,,,,'10711887,,,,,,,,,,,,,,,,,,,,,,,,,,,,,,,,,,,,,,,,,,,,,,,https://cdn.shopify.com/s/files/1/0618/2368/0740/files/20_cfa0872c-12a5-4f80-bf1a-fbdf6ffa85e5.png?v=1717078936,kg,,,,,,
copy-of-captain-america-t-shirt-for-kids,,,,,,,,,9-10 YRS,,,Blue,,,,,'10711888,200.0,shopify,49,continue,manual,899.00,0.00,true,true,,,,,'10711888,,,,,,,,,,,,,,,,,,,,,,,,,,,,,,,,,,,,,,,,,,,,,,,https://cdn.shopify.com/s/files/1/0618/2368/0740/files/25_53b6729b-e84c-4a3c-96a6-4731ee99c484.png?v=1717078936,kg,,,,,,
copy-of-captain-america-t-shirt-for-kids,,,,,,,,,11-12 YRS,,,Orange,,,,,'10711889,200.0,shopify,50,continue,manual,899.00,0.00,true,true,,,,,'10711889,,,,,,,,,,,,,,,,,,,,,,,,,,,,,,,,,,,,,,,,,,,,,,,https://cdn.shopify.com/s/files/1/0618/2368/0740/files/24_3e1d3e3c-2867-4426-8bed-c960aa7cc1d4.png?v=1717075852,kg,,,,,,
copy-of-captain-america-t-shirt-for-kids,,,,,,,,,11-12 YRS,,,Black,,,,,'10711890,200.0,shopify,50,continue,manual,899.00,0.00,true,true,,,,,'10711890,,,,,,,,,,,,,,,,,,,,,,,,,,,,,,,,,,,,,,,,,,,,,,,https://cdn.shopify.com/s/files/1/0618/2368/0740/files/9_d919a73a-3fed-46e8-b10c-9c84ab4df214.png?v=1717078936,kg,,,,,,
copy-of-captain-america-t-shirt-for-kids,,,,,,,,,11-12 YRS,,,White,,,,,'10711891,200.0,shopify,50,continue,manual,899.00,0.00,true,true,,,,,'10711891,,,,,,,,,,,,,,,,,,,,,,,,,,,,,,,,,,,,,,,,,,,,,,,https://cdn.shopify.com/s/files/1/0618/2368/0740/files/11_3d718168-fde3-4edc-9ffc-f9c445d1b5bb.png?v=1717078936,kg,,,,,,
copy-of-captain-america-t-shirt-for-kids,,,,,,,,,11-12 YRS,,,Grey,,,,,'10711892,200.0,shopify,50,continue,manual,899.00,0.00,true,true,,,,,'10711892,,,,,,,,,,,,,,,,,,,,,,,,,,,,,,,,,,,,,,,,,,,,,,,https://cdn.shopify.com/s/files/1/0618/2368/0740/files/18_a0e9fda3-9f3e-415f-88f8-6adb60d2dd41.png?v=1717078936,kg,,,,,,
copy-of-captain-america-t-shirt-for-kids,,,,,,,,,11-12 YRS,,,Red,,,,,'10711893,200.0,shopify,50,continue,manual,899.00,0.00,true,true,,,,,'10711893,,,,,,,,,,,,,,,,,,,,,,,,,,,,,,,,,,,,,,,,,,,,,,,https://cdn.shopify.com/s/files/1/0618/2368/0740/files/17_c0ef9d90-e8bc-44f3-b4bf-d65800624e66.png?v=1717078936,kg,,,,,,
copy-of-captain-america-t-shirt-for-kids,,,,,,,,,11-12 YRS,,,Yellow,,,,,'10711894,200.0,shopify,50,continue,manual,899.00,0.00,true,true,,,,,'10711894,,,,,,,,,,,,,,,,,,,,,,,,,,,,,,,,,,,,,,,,,,,,,,,https://cdn.shopify.com/s/files/1/0618/2368/0740/files/21_97024a66-3f93-4301-8b0e-0c13cff77727.png?v=1717078936,kg,,,,,,
copy-of-captain-america-t-shirt-for-kids,,,,,,,,,11-12 YRS,,,Mahroon,,,,,'10711895,200.0,shopify,50,continue,manual,899.00,0.00,true,true,,,,,'10711895,,,,,,,,,,,,,,,,,,,,,,,,,,,,,,,,,,,,,,,,,,,,,,,https://cdn.shopify.com/s/files/1/0618/2368/0740/files/15_9cee7956-60f3-4500-a06a-263e393ebf38.png?v=1717078936,kg,,,,,,
copy-of-captain-america-t-shirt-for-kids,,,,,,,,,11-12 YRS,,,Pink,,,,,'10711896,200.0,shopify,50,continue,manual,899.00,0.00,true,true,,,,,'10711896,,,,,,,,,,,,,,,,,,,,,,,,,,,,,,,,,,,,,,,,,,,,,,,https://cdn.shopify.com/s/files/1/0618/2368/0740/files/20_cfa0872c-12a5-4f80-bf1a-fbdf6ffa85e5.png?v=1717078936,kg,,,,,,
copy-of-captain-america-t-shirt-for-kids,,,,,,,,,11-12 YRS,,,Blue,,,,,'10711897,200.0,shopify,50,continue,manual,899.00,0.00,true,true,,,,,'10711897,,,,,,,,,,,,,,,,,,,,,,,,,,,,,,,,,,,,,,,,,,,,,,,https://cdn.shopify.com/s/files/1/0618/2368/0740/files/25_53b6729b-e84c-4a3c-96a6-4731ee99c484.png?v=1717078936,kg,,,,,,
copy-of-captain-america-t-shirt-for-kids,,,,,,,,,13-14 YRS,,,Orange,,,,,'10711898,200.0,shopify,100,continue,manual,999.00,0.00,true,true,,,,,'10711898,,,,,,,,,,,,,,,,,,,,,,,,,,,,,,,,,,,,,,,,,,,,,,,https://cdn.shopify.com/s/files/1/0618/2368/0740/files/24_3e1d3e3c-2867-4426-8bed-c960aa7cc1d4.png?v=1717075852,kg,,,,,,
copy-of-captain-america-t-shirt-for-kids,,,,,,,,,13-14 YRS,,,Black,,,,,'10711899,200.0,shopify,100,continue,manual,999.00,0.00,true,true,,,,,'10711899,,,,,,,,,,,,,,,,,,,,,,,,,,,,,,,,,,,,,,,,,,,,,,,https://cdn.shopify.com/s/files/1/0618/2368/0740/files/9_d919a73a-3fed-46e8-b10c-9c84ab4df214.png?v=1717078936,kg,,,,,,
copy-of-captain-america-t-shirt-for-kids,,,,,,,,,13-14 YRS,,,White,,,,,'10711900,200.0,shopify,100,continue,manual,999.00,0.00,true,true,,,,,'10711900,,,,,,,,,,,,,,,,,,,,,,,,,,,,,,,,,,,,,,,,,,,,,,,https://cdn.shopify.com/s/files/1/0618/2368/0740/files/11_3d718168-fde3-4edc-9ffc-f9c445d1b5bb.png?v=1717078936,kg,,,,,,
copy-of-captain-america-t-shirt-for-kids,,,,,,,,,13-14 YRS,,,Grey,,,,,'10711901,200.0,shopify,100,continue,manual,999.00,0.00,true,true,,,,,'10711901,,,,,,,,,,,,,,,,,,,,,,,,,,,,,,,,,,,,,,,,,,,,,,,https://cdn.shopify.com/s/files/1/0618/2368/0740/files/18_a0e9fda3-9f3e-415f-88f8-6adb60d2dd41.png?v=1717078936,kg,,,,,,
copy-of-captain-america-t-shirt-for-kids,,,,,,,,,13-14 YRS,,,Red,,,,,'10711902,200.0,shopify,100,continue,manual,999.00,0.00,true,true,,,,,'10711902,,,,,,,,,,,,,,,,,,,,,,,,,,,,,,,,,,,,,,,,,,,,,,,https://cdn.shopify.com/s/files/1/0618/2368/0740/files/17_c0ef9d90-e8bc-44f3-b4bf-d65800624e66.png?v=1717078936,kg,,,,,,
copy-of-captain-america-t-shirt-for-kids,,,,,,,,,13-14 YRS,,,Yellow,,,,,'10711903,200.0,shopify,100,continue,manual,999.00,0.00,true,true,,,,,'10711903,,,,,,,,,,,,,,,,,,,,,,,,,,,,,,,,,,,,,,,,,,,,,,,https://cdn.shopify.com/s/files/1/0618/2368/0740/files/21_97024a66-3f93-4301-8b0e-0c13cff77727.png?v=1717078936,kg,,,,,,
copy-of-captain-america-t-shirt-for-kids,,,,,,,,,13-14 YRS,,,Mahroon,,,,,'10711904,200.0,shopify,100,continue,manual,999.00,0.00,true,true,,,,,'10711904,,,,,,,,,,,,,,,,,,,,,,,,,,,,,,,,,,,,,,,,,,,,,,,https://cdn.shopify.com/s/files/1/0618/2368/0740/files/15_9cee7956-60f3-4500-a06a-263e393ebf38.png?v=1717078936,kg,,,,,,
copy-of-captain-america-t-shirt-for-kids,,,,,,,,,13-14 YRS,,,Pink,,,,,'10711905,200.0,shopify,100,continue,manual,999.00,0.00,true,true,,,,,'10711905,,,,,,,,,,,,,,,,,,,,,,,,,,,,,,,,,,,,,,,,,,,,,,,https://cdn.shopify.com/s/files/1/0618/2368/0740/files/20_cfa0872c-12a5-4f80-bf1a-fbdf6ffa85e5.png?v=1717078936,kg,,,,,,
copy-of-captain-america-t-shirt-for-kids,,,,,,,,,13-14 YRS,,,Blue,,,,,'10706846,200.0,shopify,100,continue,manual,999.00,0.00,true,true,,,,,'10706846,,,,,,,,,,,,,,,,,,,,,,,,,,,,,,,,,,,,,,,,,,,,,,,https://cdn.shopify.com/s/files/1/0618/2368/0740/files/25_53b6729b-e84c-4a3c-96a6-4731ee99c484.png?v=1717078936,kg,,,,,,
copy-of-dragon-ball-z-t-shirt-for-kids-1,Panda Ride on Bike T Shirt For Kids,"<div>Fabric: Soft High-Quality Jersey</div>
<div>Half Sleeve T-Shirt</div>
<div>Round Neck</div>
<div>High Quality DTF Printed (All Front Printed)</div>
<div>Soft and Comfortable Wear</div>
<div>Easy Wash &amp; Press</div>
<div>Sizes 1-14 years </div>
<div><span>Disclaimer: Colors may vary slightly due to studio lights. </span></div>",BBG FASHION CLOTHING STORE,Apparel & Accessories > Clothing > Clothing Tops > T-Shirts,kids T-Shirts,kids T-Shirts,false,Size,1-2 YRS,,Color,Blue,,,,,'10711782,200.0,shopify,47,continue,manual,799.00,0.00,true,true,,,,,'10711782,https://cdn.shopify.com/s/files/1/0618/2368/0740/files/28_a40f1d1f-b61e-4ffe-b570-40e3e32771a4.png?v=1717075829,1,Copy Of Dragon Ball Z T Shirt For Kids 1 - front view - kids wear Pakistan,false,,,212,,,,,,,,,,,,,,,,,,,,,,,,,,,,,,,,,,,,,,,,https://cdn.shopify.com/s/files/1/0618/2368/0740/files/28_a40f1d1f-b61e-4ffe-b570-40e3e32771a4.png?v=1717075829,kg,,,true,,,draft
copy-of-dragon-ball-z-t-shirt-for-kids-1,,,,,,,,,1-2 YRS,,,Grey,,,,,'10711783,200.0,shopify,50,continue,manual,799.00,0.00,true,true,,,,,'10711783,https://cdn.shopify.com/s/files/1/0618/2368/0740/files/bbg_d1d933d2-5f31-45d8-8176-020754e9f684.png?v=1717078507,2,Summer Surf Shirt For Kids Copy - back view - kids wear Pakistan,,,,,,,,,,,,,,,,,,,,,,,,,,,,,,,,,,,,,,,,,,,,https://cdn.shopify.com/s/files/1/0618/2368/0740/files/21_aaac7374-1074-499b-a26e-ff21356927a1.png?v=1717078842,kg,,,,,,
copy-of-dragon-ball-z-t-shirt-for-kids-1,,,,,,,,,1-2 YRS,,,White,,,,,'10711784,200.0,shopify,50,continue,manual,799.00,0.00,true,true,,,,,'10711784,https://cdn.shopify.com/s/files/1/0618/2368/0740/files/10_739ac7d2-b95d-43d3-8ce5-099ce82e0d76.png?v=1717078842,3,Copy Of Dragon Ball Z T Shirt For Kids 1 - side view - kids wear Pakistan,,,,,,,,,,,,,,,,,,,,,,,,,,,,,,,,,,,,,,,,,,,,https://cdn.shopify.com/s/files/1/0618/2368/0740/files/13_ac2db729-3a37-47f8-833a-efd06f3f769e.png?v=1717078842,kg,,,,,,
copy-of-dragon-ball-z-t-shirt-for-kids-1,,,,,,,,,1-2 YRS,,,Black,,,,,'10711785,200.0,shopify,49,continue,manual,799.00,0.00,true,true,,,,,'10711785,https://cdn.shopify.com/s/files/1/0618/2368/0740/files/13_ac2db729-3a37-47f8-833a-efd06f3f769e.png?v=1717078842,4,Copy Of Dragon Ball Z T Shirt For Kids 1 - detail shot - kids wear Pakistan,,,,,,,,,,,,,,,,,,,,,,,,,,,,,,,,,,,,,,,,,,,,https://cdn.shopify.com/s/files/1/0618/2368/0740/files/10_739ac7d2-b95d-43d3-8ce5-099ce82e0d76.png?v=1717078842,kg,,,,,,
copy-of-dragon-ball-z-t-shirt-for-kids-1,,,,,,,,,1-2 YRS,,,Red,,,,,'10711786,200.0,shopify,50,continue,manual,799.00,0.00,true,true,,,,,'10711786,https://cdn.shopify.com/s/files/1/0618/2368/0740/files/15_0d6e4142-5306-4b0c-bb00-929b14b1e147.png?v=1717078842,5,Copy Of Dragon Ball Z T Shirt For Kids 1 - front view - kids wear Pakistan,,,,,,,,,,,,,,,,,,,,,,,,,,,,,,,,,,,,,,,,,,,,https://cdn.shopify.com/s/files/1/0618/2368/0740/files/20_afff169f-52bb-488b-9278-b4255bb32669.png?v=1717078842,kg,,,,,,
copy-of-dragon-ball-z-t-shirt-for-kids-1,,,,,,,,,1-2 YRS,,,Yellow,,,,,'10711787,200.0,shopify,50,continue,manual,799.00,0.00,true,true,,,,,'10711787,https://cdn.shopify.com/s/files/1/0618/2368/0740/files/18_ad1ba018-e260-48e5-b9c2-baca31005ee1.png?v=1717078842,6,Copy Of Dragon Ball Z T Shirt For Kids 1 - back view - kids wear Pakistan,,,,,,,,,,,,,,,,,,,,,,,,,,,,,,,,,,,,,,,,,,,,https://cdn.shopify.com/s/files/1/0618/2368/0740/files/25_468ae58f-2518-4329-8e14-c2ef1a18a5a7.png?v=1717078842,kg,,,,,,
copy-of-dragon-ball-z-t-shirt-for-kids-1,,,,,,,,,1-2 YRS,,,Mahroon,,,,,'10711788,200.0,shopify,50,continue,manual,799.00,0.00,true,true,,,,,'10711788,https://cdn.shopify.com/s/files/1/0618/2368/0740/files/20_afff169f-52bb-488b-9278-b4255bb32669.png?v=1717078842,7,Copy Of Dragon Ball Z T Shirt For Kids 1 - side view - kids wear Pakistan,,,,,,,,,,,,,,,,,,,,,,,,,,,,,,,,,,,,,,,,,,,,https://cdn.shopify.com/s/files/1/0618/2368/0740/files/18_ad1ba018-e260-48e5-b9c2-baca31005ee1.png?v=1717078842,kg,,,,,,
copy-of-dragon-ball-z-t-shirt-for-kids-1,,,,,,,,,1-2 YRS,,,Pink,,,,,'10711789,200.0,shopify,50,continue,manual,799.00,0.00,true,true,,,,,'10711789,https://cdn.shopify.com/s/files/1/0618/2368/0740/files/21_aaac7374-1074-499b-a26e-ff21356927a1.png?v=1717078842,8,Copy Of Dragon Ball Z T Shirt For Kids 1 - detail shot - kids wear Pakistan,,,,,,,,,,,,,,,,,,,,,,,,,,,,,,,,,,,,,,,,,,,,https://cdn.shopify.com/s/files/1/0618/2368/0740/files/23_3710b0ff-bb20-4e05-aa83-a043d4e67ea9.png?v=1717078842,kg,,,,,,
copy-of-dragon-ball-z-t-shirt-for-kids-1,,,,,,,,,1-2 YRS,,,Orange,,,,,'10711790,200.0,shopify,50,continue,manual,799.00,0.00,true,true,,,,,'10711790,https://cdn.shopify.com/s/files/1/0618/2368/0740/files/23_3710b0ff-bb20-4e05-aa83-a043d4e67ea9.png?v=1717078842,9,Copy Of Dragon Ball Z T Shirt For Kids 1 - front view - kids wear Pakistan,,,,,,,,,,,,,,,,,,,,,,,,,,,,,,,,,,,,,,,,,,,,https://cdn.shopify.com/s/files/1/0618/2368/0740/files/27_8d27b672-968d-4f1e-b66f-d54111b24f46.png?v=1717078842,kg,,,,,,
copy-of-dragon-ball-z-t-shirt-for-kids-1,,,,,,,,,3-4 YRS,,,Blue,,,,,'10711791,200.0,shopify,50,continue,manual,799.00,0.00,true,true,,,,,'10711791,https://cdn.shopify.com/s/files/1/0618/2368/0740/files/25_468ae58f-2518-4329-8e14-c2ef1a18a5a7.png?v=1717078842,10,Copy Of Dragon Ball Z T Shirt For Kids 1 - back view - kids wear Pakistan,,,,,,,,,,,,,,,,,,,,,,,,,,,,,,,,,,,,,,,,,,,,https://cdn.shopify.com/s/files/1/0618/2368/0740/files/28_a40f1d1f-b61e-4ffe-b570-40e3e32771a4.png?v=1717075829,kg,,,,,,
copy-of-dragon-ball-z-t-shirt-for-kids-1,,,,,,,,,3-4 YRS,,,Grey,,,,,'10711792,200.0,shopify,50,continue,manual,799.00,0.00,true,true,,,,,'10711792,https://cdn.shopify.com/s/files/1/0618/2368/0740/files/27_8d27b672-968d-4f1e-b66f-d54111b24f46.png?v=1717078842,11,Copy Of Dragon Ball Z T Shirt For Kids 1 - side view - kids wear Pakistan,,,,,,,,,,,,,,,,,,,,,,,,,,,,,,,,,,,,,,,,,,,,https://cdn.shopify.com/s/files/1/0618/2368/0740/files/21_aaac7374-1074-499b-a26e-ff21356927a1.png?v=1717078842,kg,,,,,,
copy-of-dragon-ball-z-t-shirt-for-kids-1,,,,,,,,,3-4 YRS,,,White,,,,,'10711793,200.0,shopify,50,continue,manual,799.00,0.00,true,true,,,,,'10711793,https://cdn.shopify.com/s/files/1/0618/2368/0740/files/31_b198293b-b026-4a6e-b315-761088c14672.png?v=1717078842,12,Copy Of Dragon Ball Z T Shirt For Kids 1 - detail shot - kids wear Pakistan,,,,,,,,,,,,,,,,,,,,,,,,,,,,,,,,,,,,,,,,,,,,https://cdn.shopify.com/s/files/1/0618/2368/0740/files/13_ac2db729-3a37-47f8-833a-efd06f3f769e.png?v=1717078842,kg,,,,,,
copy-of-dragon-ball-z-t-shirt-for-kids-1,,,,,,,,,3-4 YRS,,,Black,,,,,'10711794,200.0,shopify,49,continue,manual,799.00,0.00,true,true,,,,,'10711794,,,,,,,,,,,,,,,,,,,,,,,,,,,,,,,,,,,,,,,,,,,,,,,https://cdn.shopify.com/s/files/1/0618/2368/0740/files/10_739ac7d2-b95d-43d3-8ce5-099ce82e0d76.png?v=1717078842,kg,,,,,,
copy-of-dragon-ball-z-t-shirt-for-kids-1,,,,,,,,,3-4 YRS,,,Red,,,,,'10711795,200.0,shopify,50,continue,manual,799.00,0.00,true,true,,,,,'10711795,,,,,,,,,,,,,,,,,,,,,,,,,,,,,,,,,,,,,,,,,,,,,,,https://cdn.shopify.com/s/files/1/0618/2368/0740/files/20_afff169f-52bb-488b-9278-b4255bb32669.png?v=1717078842,kg,,,,,,
copy-of-dragon-ball-z-t-shirt-for-kids-1,,,,,,,,,3-4 YRS,,,Yellow,,,,,'10711796,200.0,shopify,50,continue,manual,799.00,0.00,true,true,,,,,'10711796,,,,,,,,,,,,,,,,,,,,,,,,,,,,,,,,,,,,,,,,,,,,,,,https://cdn.shopify.com/s/files/1/0618/2368/0740/files/25_468ae58f-2518-4329-8e14-c2ef1a18a5a7.png?v=1717078842,kg,,,,,,
copy-of-dragon-ball-z-t-shirt-for-kids-1,,,,,,,,,3-4 YRS,,,Mahroon,,,,,'10711797,200.0,shopify,49,continue,manual,799.00,0.00,true,true,,,,,'10711797,,,,,,,,,,,,,,,,,,,,,,,,,,,,,,,,,,,,,,,,,,,,,,,https://cdn.shopify.com/s/files/1/0618/2368/0740/files/18_ad1ba018-e260-48e5-b9c2-baca31005ee1.png?v=1717078842,kg,,,,,,
copy-of-dragon-ball-z-t-shirt-for-kids-1,,,,,,,,,3-4 YRS,,,Pink,,,,,'10711798,200.0,shopify,50,continue,manual,799.00,0.00,true,true,,,,,'10711798,,,,,,,,,,,,,,,,,,,,,,,,,,,,,,,,,,,,,,,,,,,,,,,https://cdn.shopify.com/s/files/1/0618/2368/0740/files/23_3710b0ff-bb20-4e05-aa83-a043d4e67ea9.png?v=1717078842,kg,,,,,,
copy-of-dragon-ball-z-t-shirt-for-kids-1,,,,,,,,,3-4 YRS,,,Orange,,,,,'10711799,200.0,shopify,49,continue,manual,799.00,0.00,true,true,,,,,'10711799,,,,,,,,,,,,,,,,,,,,,,,,,,,,,,,,,,,,,,,,,,,,,,,https://cdn.shopify.com/s/files/1/0618/2368/0740/files/27_8d27b672-968d-4f1e-b66f-d54111b24f46.png?v=1717078842,kg,,,,,,
copy-of-dragon-ball-z-t-shirt-for-kids-1,,,,,,,,,5-6 YRS,,,Blue,,,,,'10711800,200.0,shopify,49,continue,manual,799.00,0.00,true,true,,,,,'10711800,,,,,,,,,,,,,,,,,,,,,,,,,,,,,,,,,,,,,,,,,,,,,,,https://cdn.shopify.com/s/files/1/0618/2368/0740/files/28_a40f1d1f-b61e-4ffe-b570-40e3e32771a4.png?v=1717075829,kg,,,,,,
copy-of-dragon-ball-z-t-shirt-for-kids-1,,,,,,,,,5-6 YRS,,,Grey,,,,,'10711801,200.0,shopify,49,continue,manual,799.00,0.00,true,true,,,,,'10711801,,,,,,,,,,,,,,,,,,,,,,,,,,,,,,,,,,,,,,,,,,,,,,,https://cdn.shopify.com/s/files/1/0618/2368/0740/files/21_aaac7374-1074-499b-a26e-ff21356927a1.png?v=1717078842,kg,,,,,,
copy-of-dragon-ball-z-t-shirt-for-kids-1,,,,,,,,,5-6 YRS,,,White,,,,,'10711802,200.0,shopify,50,continue,manual,799.00,0.00,true,true,,,,,'10711802,,,,,,,,,,,,,,,,,,,,,,,,,,,,,,,,,,,,,,,,,,,,,,,https://cdn.shopify.com/s/files/1/0618/2368/0740/files/13_ac2db729-3a37-47f8-833a-efd06f3f769e.png?v=1717078842,kg,,,,,,
copy-of-dragon-ball-z-t-shirt-for-kids-1,,,,,,,,,5-6 YRS,,,Black,,,,,'10711803,200.0,shopify,49,continue,manual,799.00,0.00,true,true,,,,,'10711803,,,,,,,,,,,,,,,,,,,,,,,,,,,,,,,,,,,,,,,,,,,,,,,https://cdn.shopify.com/s/files/1/0618/2368/0740/files/10_739ac7d2-b95d-43d3-8ce5-099ce82e0d76.png?v=1717078842,kg,,,,,,
copy-of-dragon-ball-z-t-shirt-for-kids-1,,,,,,,,,5-6 YRS,,,Red,,,,,'10711804,200.0,shopify,50,continue,manual,799.00,0.00,true,true,,,,,'10711804,,,,,,,,,,,,,,,,,,,,,,,,,,,,,,,,,,,,,,,,,,,,,,,https://cdn.shopify.com/s/files/1/0618/2368/0740/files/20_afff169f-52bb-488b-9278-b4255bb32669.png?v=1717078842,kg,,,,,,
copy-of-dragon-ball-z-t-shirt-for-kids-1,,,,,,,,,5-6 YRS,,,Yellow,,,,,'10711805,200.0,shopify,50,continue,manual,799.00,0.00,true,true,,,,,'10711805,,,,,,,,,,,,,,,,,,,,,,,,,,,,,,,,,,,,,,,,,,,,,,,https://cdn.shopify.com/s/files/1/0618/2368/0740/files/25_468ae58f-2518-4329-8e14-c2ef1a18a5a7.png?v=1717078842,kg,,,,,,
copy-of-dragon-ball-z-t-shirt-for-kids-1,,,,,,,,,5-6 YRS,,,Mahroon,,,,,'10711806,200.0,shopify,50,continue,manual,799.00,0.00,true,true,,,,,'10711806,,,,,,,,,,,,,,,,,,,,,,,,,,,,,,,,,,,,,,,,,,,,,,,https://cdn.shopify.com/s/files/1/0618/2368/0740/files/18_ad1ba018-e260-48e5-b9c2-baca31005ee1.png?v=1717078842,kg,,,,,,
copy-of-dragon-ball-z-t-shirt-for-kids-1,,,,,,,,,5-6 YRS,,,Pink,,,,,'10711807,200.0,shopify,50,continue,manual,799.00,0.00,true,true,,,,,'10711807,,,,,,,,,,,,,,,,,,,,,,,,,,,,,,,,,,,,,,,,,,,,,,,https://cdn.shopify.com/s/files/1/0618/2368/0740/files/23_3710b0ff-bb20-4e05-aa83-a043d4e67ea9.png?v=1717078842,kg,,,,,,
copy-of-dragon-ball-z-t-shirt-for-kids-1,,,,,,,,,5-6 YRS,,,Orange,,,,,'10711808,200.0,shopify,50,continue,manual,799.00,0.00,true,true,,,,,'10711808,,,,,,,,,,,,,,,,,,,,,,,,,,,,,,,,,,,,,,,,,,,,,,,https://cdn.shopify.com/s/files/1/0618/2368/0740/files/27_8d27b672-968d-4f1e-b66f-d54111b24f46.png?v=1717078842,kg,,,,,,
copy-of-dragon-ball-z-t-shirt-for-kids-1,,,,,,,,,7-8 YRS,,,Blue,,,,,'10711809,200.0,shopify,47,continue,manual,799.00,0.00,true,true,,,,,'10711809,,,,,,,,,,,,,,,,,,,,,,,,,,,,,,,,,,,,,,,,,,,,,,,https://cdn.shopify.com/s/files/1/0618/2368/0740/files/28_a40f1d1f-b61e-4ffe-b570-40e3e32771a4.png?v=1717075829,kg,,,,,,
copy-of-dragon-ball-z-t-shirt-for-kids-1,,,,,,,,,7-8 YRS,,,Grey,,,,,'10711810,200.0,shopify,50,continue,manual,799.00,0.00,true,true,,,,,'10711810,,,,,,,,,,,,,,,,,,,,,,,,,,,,,,,,,,,,,,,,,,,,,,,https://cdn.shopify.com/s/files/1/0618/2368/0740/files/21_aaac7374-1074-499b-a26e-ff21356927a1.png?v=1717078842,kg,,,,,,
copy-of-dragon-ball-z-t-shirt-for-kids-1,,,,,,,,,7-8 YRS,,,White,,,,,'10711811,200.0,shopify,50,continue,manual,799.00,0.00,true,true,,,,,'10711811,,,,,,,,,,,,,,,,,,,,,,,,,,,,,,,,,,,,,,,,,,,,,,,https://cdn.shopify.com/s/files/1/0618/2368/0740/files/13_ac2db729-3a37-47f8-833a-efd06f3f769e.png?v=1717078842,kg,,,,,,
copy-of-dragon-ball-z-t-shirt-for-kids-1,,,,,,,,,7-8 YRS,,,Black,,,,,'10711812,200.0,shopify,50,continue,manual,799.00,0.00,true,true,,,,,'10711812,,,,,,,,,,,,,,,,,,,,,,,,,,,,,,,,,,,,,,,,,,,,,,,https://cdn.shopify.com/s/files/1/0618/2368/0740/files/10_739ac7d2-b95d-43d3-8ce5-099ce82e0d76.png?v=1717078842,kg,,,,,,
copy-of-dragon-ball-z-t-shirt-for-kids-1,,,,,,,,,7-8 YRS,,,Red,,,,,'10711813,200.0,shopify,50,continue,manual,799.00,0.00,true,true,,,,,'10711813,,,,,,,,,,,,,,,,,,,,,,,,,,,,,,,,,,,,,,,,,,,,,,,https://cdn.shopify.com/s/files/1/0618/2368/0740/files/20_afff169f-52bb-488b-9278-b4255bb32669.png?v=1717078842,kg,,,,,,
copy-of-dragon-ball-z-t-shirt-for-kids-1,,,,,,,,,7-8 YRS,,,Yellow,,,,,'10711814,200.0,shopify,50,continue,manual,799.00,0.00,true,true,,,,,'10711814,,,,,,,,,,,,,,,,,,,,,,,,,,,,,,,,,,,,,,,,,,,,,,,https://cdn.shopify.com/s/files/1/0618/2368/0740/files/25_468ae58f-2518-4329-8e14-c2ef1a18a5a7.png?v=1717078842,kg,,,,,,
copy-of-dragon-ball-z-t-shirt-for-kids-1,,,,,,,,,7-8 YRS,,,Mahroon,,,,,'10711815,200.0,shopify,50,continue,manual,799.00,0.00,true,true,,,,,'10711815,,,,,,,,,,,,,,,,,,,,,,,,,,,,,,,,,,,,,,,,,,,,,,,https://cdn.shopify.com/s/files/1/0618/2368/0740/files/18_ad1ba018-e260-48e5-b9c2-baca31005ee1.png?v=1717078842,kg,,,,,,
copy-of-dragon-ball-z-t-shirt-for-kids-1,,,,,,,,,7-8 YRS,,,Pink,,,,,'10711816,200.0,shopify,50,continue,manual,799.00,0.00,true,true,,,,,'10711816,,,,,,,,,,,,,,,,,,,,,,,,,,,,,,,,,,,,,,,,,,,,,,,https://cdn.shopify.com/s/files/1/0618/2368/0740/files/23_3710b0ff-bb20-4e05-aa83-a043d4e67ea9.png?v=1717078842,kg,,,,,,
copy-of-dragon-ball-z-t-shirt-for-kids-1,,,,,,,,,7-8 YRS,,,Orange,,,,,'10711817,200.0,shopify,50,continue,manual,799.00,0.00,true,true,,,,,'10711817,,,,,,,,,,,,,,,,,,,,,,,,,,,,,,,,,,,,,,,,,,,,,,,https://cdn.shopify.com/s/files/1/0618/2368/0740/files/27_8d27b672-968d-4f1e-b66f-d54111b24f46.png?v=1717078842,kg,,,,,,
copy-of-dragon-ball-z-t-shirt-for-kids-1,,,,,,,,,9-10 YRS,,,Blue,,,,,'10711818,200.0,shopify,50,continue,manual,899.00,0.00,true,true,,,,,'10711818,,,,,,,,,,,,,,,,,,,,,,,,,,,,,,,,,,,,,,,,,,,,,,,https://cdn.shopify.com/s/files/1/0618/2368/0740/files/28_a40f1d1f-b61e-4ffe-b570-40e3e32771a4.png?v=1717075829,kg,,,,,,
copy-of-dragon-ball-z-t-shirt-for-kids-1,,,,,,,,,9-10 YRS,,,Grey,,,,,'10711819,200.0,shopify,50,continue,manual,899.00,0.00,true,true,,,,,'10711819,,,,,,,,,,,,,,,,,,,,,,,,,,,,,,,,,,,,,,,,,,,,,,,https://cdn.shopify.com/s/files/1/0618/2368/0740/files/21_aaac7374-1074-499b-a26e-ff21356927a1.png?v=1717078842,kg,,,,,,
copy-of-dragon-ball-z-t-shirt-for-kids-1,,,,,,,,,9-10 YRS,,,White,,,,,'10711820,200.0,shopify,50,continue,manual,899.00,0.00,true,true,,,,,'10711820,,,,,,,,,,,,,,,,,,,,,,,,,,,,,,,,,,,,,,,,,,,,,,,https://cdn.shopify.com/s/files/1/0618/2368/0740/files/13_ac2db729-3a37-47f8-833a-efd06f3f769e.png?v=1717078842,kg,,,,,,
copy-of-dragon-ball-z-t-shirt-for-kids-1,,,,,,,,,9-10 YRS,,,Black,,,,,'10711821,200.0,shopify,50,continue,manual,899.00,0.00,true,true,,,,,'10711821,,,,,,,,,,,,,,,,,,,,,,,,,,,,,,,,,,,,,,,,,,,,,,,https://cdn.shopify.com/s/files/1/0618/2368/0740/files/10_739ac7d2-b95d-43d3-8ce5-099ce82e0d76.png?v=1717078842,kg,,,,,,
copy-of-dragon-ball-z-t-shirt-for-kids-1,,,,,,,,,9-10 YRS,,,Red,,,,,'10711822,200.0,shopify,50,continue,manual,899.00,0.00,true,true,,,,,'10711822,,,,,,,,,,,,,,,,,,,,,,,,,,,,,,,,,,,,,,,,,,,,,,,https://cdn.shopify.com/s/files/1/0618/2368/0740/files/20_afff169f-52bb-488b-9278-b4255bb32669.png?v=1717078842,kg,,,,,,
copy-of-dragon-ball-z-t-shirt-for-kids-1,,,,,,,,,9-10 YRS,,,Yellow,,,,,'10711823,200.0,shopify,50,continue,manual,899.00,0.00,true,true,,,,,'10711823,,,,,,,,,,,,,,,,,,,,,,,,,,,,,,,,,,,,,,,,,,,,,,,https://cdn.shopify.com/s/files/1/0618/2368/0740/files/25_468ae58f-2518-4329-8e14-c2ef1a18a5a7.png?v=1717078842,kg,,,,,,
copy-of-dragon-ball-z-t-shirt-for-kids-1,,,,,,,,,9-10 YRS,,,Mahroon,,,,,'10711824,200.0,shopify,50,continue,manual,899.00,0.00,true,true,,,,,'10711824,,,,,,,,,,,,,,,,,,,,,,,,,,,,,,,,,,,,,,,,,,,,,,,https://cdn.shopify.com/s/files/1/0618/2368/0740/files/18_ad1ba018-e260-48e5-b9c2-baca31005ee1.png?v=1717078842,kg,,,,,,
copy-of-dragon-ball-z-t-shirt-for-kids-1,,,,,,,,,9-10 YRS,,,Pink,,,,,'10711825,200.0,shopify,50,continue,manual,899.00,0.00,true,true,,,,,'10711825,,,,,,,,,,,,,,,,,,,,,,,,,,,,,,,,,,,,,,,,,,,,,,,https://cdn.shopify.com/s/files/1/0618/2368/0740/files/23_3710b0ff-bb20-4e05-aa83-a043d4e67ea9.png?v=1717078842,kg,,,,,,
copy-of-dragon-ball-z-t-shirt-for-kids-1,,,,,,,,,9-10 YRS,,,Orange,,,,,'10711826,200.0,shopify,50,continue,manual,899.00,0.00,true,true,,,,,'10711826,,,,,,,,,,,,,,,,,,,,,,,,,,,,,,,,,,,,,,,,,,,,,,,https://cdn.shopify.com/s/files/1/0618/2368/0740/files/27_8d27b672-968d-4f1e-b66f-d54111b24f46.png?v=1717078842,kg,,,,,,
copy-of-dragon-ball-z-t-shirt-for-kids-1,,,,,,,,,11-12 YRS,,,Blue,,,,,'10711827,200.0,shopify,49,continue,manual,899.00,0.00,true,true,,,,,'10711827,,,,,,,,,,,,,,,,,,,,,,,,,,,,,,,,,,,,,,,,,,,,,,,https://cdn.shopify.com/s/files/1/0618/2368/0740/files/28_a40f1d1f-b61e-4ffe-b570-40e3e32771a4.png?v=1717075829,kg,,,,,,
copy-of-dragon-ball-z-t-shirt-for-kids-1,,,,,,,,,11-12 YRS,,,Grey,,,,,'10711828,200.0,shopify,50,continue,manual,899.00,0.00,true,true,,,,,'10711828,,,,,,,,,,,,,,,,,,,,,,,,,,,,,,,,,,,,,,,,,,,,,,,https://cdn.shopify.com/s/files/1/0618/2368/0740/files/21_aaac7374-1074-499b-a26e-ff21356927a1.png?v=1717078842,kg,,,,,,
copy-of-dragon-ball-z-t-shirt-for-kids-1,,,,,,,,,11-12 YRS,,,White,,,,,'10711829,200.0,shopify,50,continue,manual,899.00,0.00,true,true,,,,,'10711829,,,,,,,,,,,,,,,,,,,,,,,,,,,,,,,,,,,,,,,,,,,,,,,https://cdn.shopify.com/s/files/1/0618/2368/0740/files/13_ac2db729-3a37-47f8-833a-efd06f3f769e.png?v=1717078842,kg,,,,,,
copy-of-dragon-ball-z-t-shirt-for-kids-1,,,,,,,,,11-12 YRS,,,Black,,,,,'10711830,200.0,shopify,50,continue,manual,899.00,0.00,true,true,,,,,'10711830,,,,,,,,,,,,,,,,,,,,,,,,,,,,,,,,,,,,,,,,,,,,,,,https://cdn.shopify.com/s/files/1/0618/2368/0740/files/10_739ac7d2-b95d-43d3-8ce5-099ce82e0d76.png?v=1717078842,kg,,,,,,
copy-of-dragon-ball-z-t-shirt-for-kids-1,,,,,,,,,11-12 YRS,,,Red,,,,,'10711831,200.0,shopify,50,continue,manual,899.00,0.00,true,true,,,,,'10711831,,,,,,,,,,,,,,,,,,,,,,,,,,,,,,,,,,,,,,,,,,,,,,,https://cdn.shopify.com/s/files/1/0618/2368/0740/files/20_afff169f-52bb-488b-9278-b4255bb32669.png?v=1717078842,kg,,,,,,
copy-of-dragon-ball-z-t-shirt-for-kids-1,,,,,,,,,11-12 YRS,,,Yellow,,,,,'10711832,200.0,shopify,50,continue,manual,899.00,0.00,true,true,,,,,'10711832,,,,,,,,,,,,,,,,,,,,,,,,,,,,,,,,,,,,,,,,,,,,,,,https://cdn.shopify.com/s/files/1/0618/2368/0740/files/25_468ae58f-2518-4329-8e14-c2ef1a18a5a7.png?v=1717078842,kg,,,,,,
copy-of-dragon-ball-z-t-shirt-for-kids-1,,,,,,,,,11-12 YRS,,,Mahroon,,,,,'10711833,200.0,shopify,50,continue,manual,899.00,0.00,true,true,,,,,'10711833,,,,,,,,,,,,,,,,,,,,,,,,,,,,,,,,,,,,,,,,,,,,,,,https://cdn.shopify.com/s/files/1/0618/2368/0740/files/18_ad1ba018-e260-48e5-b9c2-baca31005ee1.png?v=1717078842,kg,,,,,,
copy-of-dragon-ball-z-t-shirt-for-kids-1,,,,,,,,,11-12 YRS,,,Pink,,,,,'10711834,200.0,shopify,50,continue,manual,899.00,0.00,true,true,,,,,'10711834,,,,,,,,,,,,,,,,,,,,,,,,,,,,,,,,,,,,,,,,,,,,,,,https://cdn.shopify.com/s/files/1/0618/2368/0740/files/23_3710b0ff-bb20-4e05-aa83-a043d4e67ea9.png?v=1717078842,kg,,,,,,
copy-of-dragon-ball-z-t-shirt-for-kids-1,,,,,,,,,11-12 YRS,,,Orange,,,,,'10711835,200.0,shopify,50,continue,manual,899.00,0.00,true,true,,,,,'10711835,,,,,,,,,,,,,,,,,,,,,,,,,,,,,,,,,,,,,,,,,,,,,,,https://cdn.shopify.com/s/files/1/0618/2368/0740/files/27_8d27b672-968d-4f1e-b66f-d54111b24f46.png?v=1717078842,kg,,,,,,
copy-of-dragon-ball-z-t-shirt-for-kids-1,,,,,,,,,13-14 YRS,,,Blue,,,,,'10711836,200.0,shopify,98,continue,manual,999.00,0.00,true,true,,,,,'10711836,,,,,,,,,,,,,,,,,,,,,,,,,,,,,,,,,,,,,,,,,,,,,,,https://cdn.shopify.com/s/files/1/0618/2368/0740/files/28_a40f1d1f-b61e-4ffe-b570-40e3e32771a4.png?v=1717075829,kg,,,,,,
copy-of-dragon-ball-z-t-shirt-for-kids-1,,,,,,,,,13-14 YRS,,,Grey,,,,,'10711837,200.0,shopify,100,continue,manual,999.00,0.00,true,true,,,,,'10711837,,,,,,,,,,,,,,,,,,,,,,,,,,,,,,,,,,,,,,,,,,,,,,,https://cdn.shopify.com/s/files/1/0618/2368/0740/files/21_aaac7374-1074-499b-a26e-ff21356927a1.png?v=1717078842,kg,,,,,,
copy-of-dragon-ball-z-t-shirt-for-kids-1,,,,,,,,,13-14 YRS,,,White,,,,,'10711838,200.0,shopify,100,continue,manual,999.00,0.00,true,true,,,,,'10711838,,,,,,,,,,,,,,,,,,,,,,,,,,,,,,,,,,,,,,,,,,,,,,,https://cdn.shopify.com/s/files/1/0618/2368/0740/files/13_ac2db729-3a37-47f8-833a-efd06f3f769e.png?v=1717078842,kg,,,,,,
copy-of-dragon-ball-z-t-shirt-for-kids-1,,,,,,,,,13-14 YRS,,,Black,,,,,'10711839,200.0,shopify,100,continue,manual,999.00,0.00,true,true,,,,,'10711839,,,,,,,,,,,,,,,,,,,,,,,,,,,,,,,,,,,,,,,,,,,,,,,https://cdn.shopify.com/s/files/1/0618/2368/0740/files/10_739ac7d2-b95d-43d3-8ce5-099ce82e0d76.png?v=1717078842,kg,,,,,,
copy-of-dragon-ball-z-t-shirt-for-kids-1,,,,,,,,,13-14 YRS,,,Red,,,,,'10711840,200.0,shopify,100,continue,manual,999.00,0.00,true,true,,,,,'10711840,,,,,,,,,,,,,,,,,,,,,,,,,,,,,,,,,,,,,,,,,,,,,,,https://cdn.shopify.com/s/files/1/0618/2368/0740/files/20_afff169f-52bb-488b-9278-b4255bb32669.png?v=1717078842,kg,,,,,,
copy-of-dragon-ball-z-t-shirt-for-kids-1,,,,,,,,,13-14 YRS,,,Yellow,,,,,'10711841,200.0,shopify,100,continue,manual,999.00,0.00,true,true,,,,,'10711841,,,,,,,,,,,,,,,,,,,,,,,,,,,,,,,,,,,,,,,,,,,,,,,https://cdn.shopify.com/s/files/1/0618/2368/0740/files/25_468ae58f-2518-4329-8e14-c2ef1a18a5a7.png?v=1717078842,kg,,,,,,
copy-of-dragon-ball-z-t-shirt-for-kids-1,,,,,,,,,13-14 YRS,,,Mahroon,,,,,'10711842,200.0,shopify,100,continue,manual,999.00,0.00,true,true,,,,,'10711842,,,,,,,,,,,,,,,,,,,,,,,,,,,,,,,,,,,,,,,,,,,,,,,https://cdn.shopify.com/s/files/1/0618/2368/0740/files/18_ad1ba018-e260-48e5-b9c2-baca31005ee1.png?v=1717078842,kg,,,,,,
copy-of-dragon-ball-z-t-shirt-for-kids-1,,,,,,,,,13-14 YRS,,,Pink,,,,,'10711843,200.0,shopify,100,continue,manual,999.00,0.00,true,true,,,,,'10711843,,,,,,,,,,,,,,,,,,,,,,,,,,,,,,,,,,,,,,,,,,,,,,,https://cdn.shopify.com/s/files/1/0618/2368/0740/files/23_3710b0ff-bb20-4e05-aa83-a043d4e67ea9.png?v=1717078842,kg,,,,,,
copy-of-dragon-ball-z-t-shirt-for-kids-1,,,,,,,,,13-14 YRS,,,Orange,,,,,'10706845,200.0,shopify,100,continue,manual,999.00,0.00,true,true,,,,,'10706845,,,,,,,,,,,,,,,,,,,,,,,,,,,,,,,,,,,,,,,,,,,,,,,https://cdn.shopify.com/s/files/1/0618/2368/0740/files/27_8d27b672-968d-4f1e-b66f-d54111b24f46.png?v=1717078842,kg,,,,,,
copy-of-panda-ride-on-bike-t-shirt-for-kids,Stay True T Shirt For Kids,"<div>Fabric: Soft High-Quality Jersey</div>
<div>Half Sleeve T-Shirt</div>
<div>Round Neck</div>
<div>High Quality DTF Printed (All Front Printed)</div>
<div>Soft and Comfortable Wear</div>
<div>Easy Wash &amp; Press</div>
<div>Sizes 1-14 years </div>
<div><span>Disclaimer: Colors may vary slightly due to studio lights. </span></div>",BBG FASHION CLOTHING STORE,Apparel & Accessories > Clothing > Clothing Tops > T-Shirts,kids T-Shirts,kids T-Shirts,false,Size,1-2 YRS,,Color,Orange,,,,,'10711720,200.0,shopify,49,continue,manual,799.00,0.00,true,true,,,,,'10711720,https://cdn.shopify.com/s/files/1/0618/2368/0740/files/23_e2701124-a96e-40bf-b603-a1fed60497ee.png?v=1717075803,1,Copy Of Panda Ride On Bike T Shirt For Kids - front view - kids wear Pakistan,false,,,212,,,,,,,,,,,,,,,,,,,,,,,,,,,,,,,,,,,,,,,,https://cdn.shopify.com/s/files/1/0618/2368/0740/files/23_e2701124-a96e-40bf-b603-a1fed60497ee.png?v=1717075803,kg,,,true,,,draft
copy-of-panda-ride-on-bike-t-shirt-for-kids,,,,,,,,,1-2 YRS,,,Blue,,,,,'10711721,200.0,shopify,50,continue,manual,799.00,0.00,true,true,,,,,'10711721,https://cdn.shopify.com/s/files/1/0618/2368/0740/files/bbg_78b25a48-cf9a-4d1e-a5e1-abb86bcba1e1.png?v=1717078471,2,Lets Go Shirt For Kids Copy - back view - kids wear Pakistan,,,,,,,,,,,,,,,,,,,,,,,,,,,,,,,,,,,,,,,,,,,,https://cdn.shopify.com/s/files/1/0618/2368/0740/files/25_d0a49941-73e7-4386-80bb-d6d79d8411bc.png?v=1717078959,kg,,,,,,
copy-of-panda-ride-on-bike-t-shirt-for-kids,,,,,,,,,1-2 YRS,,,Grey,,,,,'10711722,200.0,shopify,50,continue,manual,799.00,0.00,true,true,,,,,'10711722,https://cdn.shopify.com/s/files/1/0618/2368/0740/files/7_6f916496-47bd-4124-9b0b-bf773d065112.png?v=1717078959,3,Copy Of Panda Ride On Bike T Shirt For Kids - side view - kids wear Pakistan,,,,,,,,,,,,,,,,,,,,,,,,,,,,,,,,,,,,,,,,,,,,https://cdn.shopify.com/s/files/1/0618/2368/0740/files/18_7fedff69-7120-465f-b214-627b01bbe299.png?v=1717078959,kg,,,,,,
copy-of-panda-ride-on-bike-t-shirt-for-kids,,,,,,,,,1-2 YRS,,,White,,,,,'10711723,200.0,shopify,50,continue,manual,799.00,0.00,true,true,,,,,'10711723,https://cdn.shopify.com/s/files/1/0618/2368/0740/files/10_72cfd2a3-ae41-4641-98c4-86875430495a.png?v=1717078959,4,Copy Of Panda Ride On Bike T Shirt For Kids - detail shot - kids wear Pakistan,,,,,,,,,,,,,,,,,,,,,,,,,,,,,,,,,,,,,,,,,,,,https://cdn.shopify.com/s/files/1/0618/2368/0740/files/10_72cfd2a3-ae41-4641-98c4-86875430495a.png?v=1717078959,kg,,,,,,
copy-of-panda-ride-on-bike-t-shirt-for-kids,,,,,,,,,1-2 YRS,,,Black,,,,,'10711724,200.0,shopify,50,continue,manual,799.00,0.00,true,true,,,,,'10711724,https://cdn.shopify.com/s/files/1/0618/2368/0740/files/13_42af50a3-bcb2-4d84-a082-8e2e80f3b803.png?v=1717078959,5,Copy Of Panda Ride On Bike T Shirt For Kids - front view - kids wear Pakistan,,,,,,,,,,,,,,,,,,,,,,,,,,,,,,,,,,,,,,,,,,,,https://cdn.shopify.com/s/files/1/0618/2368/0740/files/7_6f916496-47bd-4124-9b0b-bf773d065112.png?v=1717078959,kg,,,,,,
copy-of-panda-ride-on-bike-t-shirt-for-kids,,,,,,,,,1-2 YRS,,,Red,,,,,'10711725,200.0,shopify,50,continue,manual,799.00,0.00,true,true,,,,,'10711725,https://cdn.shopify.com/s/files/1/0618/2368/0740/files/14_cafc4ec2-0caf-4ddf-bac8-0f789d6c03bf.png?v=1717078959,6,Copy Of Panda Ride On Bike T Shirt For Kids - back view - kids wear Pakistan,,,,,,,,,,,,,,,,,,,,,,,,,,,,,,,,,,,,,,,,,,,,https://cdn.shopify.com/s/files/1/0618/2368/0740/files/16_0da26f27-e811-4809-a2d2-9b82ac90c400.png?v=1717078959,kg,,,,,,
