Handle,Title,Body (HTML),Vendor,Product Category,Type,Tags,Published,Option1 Name,Option1 Value,Option1 Linked To,Option2 Name,Option2 Value,Option2 Linked To,Option3 Name,Option3 Value,Option3 Linked To,Variant SKU,Variant Grams,Variant Inventory Tracker,Variant Inventory Qty,Variant Inventory Policy,Variant Fulfillment Service,Variant Price,Variant Compare At Price,Variant Requires Shipping,Variant Taxable,Unit Price Total Measure,Unit Price Total Measure Unit,Unit Price Base Measure,Unit Price Base Measure Unit,Variant Barcode,Image Src,Image Position,Image Alt Text,Gift Card,SEO Title,SEO Description,Google Shopping / Google Product Category,Google Shopping / Gender,Google Shopping / Age Group,Google Shopping / MPN,Google Shopping / Condition,Google Shopping / Custom Product,Google Shopping / Custom Label 0,Google Shopping / Custom Label 1,Google Shopping / Custom Label 2,Google Shopping / Custom Label 3,Google Shopping / Custom Label 4,Google: Custom Product (product.metafields.mm-google-shopping.custom_product),Product rating count (product.metafields.reviews.rating_count),Activewear clothing features (product.metafields.shopify.activewear-clothing-features),Activity (product.metafields.shopify.activity),Age group (product.metafields.shopify.age-group),Baby/Toddler clothing features (product.metafields.shopify.baby-toddler-clothing-features),Baby/Toddler sleepwear style (product.metafields.shopify.baby-toddler-sleepwear-style),Care instructions (product.metafields.shopify.care-instructions),Clothing features (product.metafields.shopify.clothing-features),Color (product.metafields.shopify.color-pattern),Dress occasion (product.metafields.shopify.dress-occasion),Dress style (product.metafields.shopify.dress-style),Fabric (product.metafields.shopify.fabric),Fit (product.metafields.shopify.fit),Intimate apparel features (product.metafields.shopify.intimate-apparel-features),Neckline (product.metafields.shopify.neckline),One-piece style (product.metafields.shopify.one-piece-style),Outerwear clothing features (product.metafields.shopify.outerwear-clothing-features),Pants length type (product.metafields.shopify.pants-length-type),Size (product.metafields.shopify.size),Skirt/Dress length type (product.metafields.shopify.skirt-dress-length-type),Sleeve length type (product.metafields.shopify.sleeve-length-type),Target gender (product.metafields.shopify.target-gender),Top length type (product.metafields.shopify.top-length-type),Waist rise (product.metafields.shopify.waist-rise),Complementary products (product.metafields.shopify--discovery--product_recommendation.complementary_products),Related products (product.metafields.shopify--discovery--product_recommendation.related_products),Related products settings (product.metafields.shopify--discovery--product_recommendation.related_products_display),Search product boosts (product.metafields.shopify--discovery--product_search_boost.queries),Variant Image,Variant Weight Unit,Variant Tax Code,Cost per item,Included / Pakistan,Price / Pakistan,Compare At Price / Pakistan,Status
daddy-me-print-t-shirt-shorts-set,,,,,,,,,2 - 3 Years,,,Black,,,,,'10710341,500.0,shopify,20,deny,manual,999.00,,true,false,,,,,'10710341,,,,,,,,,,,,,,,,,,,,,,,,,,,,,,,,,,,,,,,,,,,,,,,https://cdn.shopify.com/s/files/1/0618/2368/0740/files/4_48_e54f2e3b-0f0f-4d31-a8eb-d5c3ff1db44a.webp?v=1771253760,kg,,,,,,
daddy-me-print-t-shirt-shorts-set,,,,,,,,,2 - 3 Years,,,Pink,,,,,'10710342,500.0,shopify,86,deny,manual,999.00,,true,false,,,,,'10710342,,,,,,,,,,,,,,,,,,,,,,,,,,,,,,,,,,,,,,,,,,,,,,,https://cdn.shopify.com/s/files/1/0618/2368/0740/files/4_47_d0dd53af-f7c2-47a6-b287-fcd3b2af11cf.webp?v=1771253777,kg,,,,,,
daddy-me-print-t-shirt-shorts-set,,,,,,,,,3 - 4 Years,,,Red,,,,,'10710343,500.0,shopify,154,deny,manual,999.00,,true,false,,,,,'10710343,,,,,,,,,,,,,,,,,,,,,,,,,,,,,,,,,,,,,,,,,,,,,,,https://cdn.shopify.com/s/files/1/0618/2368/0740/files/4_43_11525800-95a7-4c40-98f7-5c56d2811822.webp?v=1771253747,kg,,,,,,
daddy-me-print-t-shirt-shorts-set,,,,,,,,,3 - 4 Years,,,Black,,,,,'10710344,500.0,shopify,34,deny,manual,999.00,,true,false,,,,,'10710344,,,,,,,,,,,,,,,,,,,,,,,,,,,,,,,,,,,,,,,,,,,,,,,https://cdn.shopify.com/s/files/1/0618/2368/0740/files/4_48_e54f2e3b-0f0f-4d31-a8eb-d5c3ff1db44a.webp?v=1771253760,kg,,,,,,
daddy-me-print-t-shirt-shorts-set,,,,,,,,,3 - 4 Years,,,Pink,,,,,'10710345,500.0,shopify,80,deny,manual,999.00,,true,false,,,,,'10710345,,,,,,,,,,,,,,,,,,,,,,,,,,,,,,,,,,,,,,,,,,,,,,,https://cdn.shopify.com/s/files/1/0618/2368/0740/files/4_47_d0dd53af-f7c2-47a6-b287-fcd3b2af11cf.webp?v=1771253777,kg,,,,,,
daddy-me-print-t-shirt-shorts-set,,,,,,,,,4 - 5 Years,,,Red,,,,,'10710346,500.0,shopify,143,deny,manual,999.00,,true,false,,,,,'10710346,,,,,,,,,,,,,,,,,,,,,,,,,,,,,,,,,,,,,,,,,,,,,,,https://cdn.shopify.com/s/files/1/0618/2368/0740/files/4_43_11525800-95a7-4c40-98f7-5c56d2811822.webp?v=1771253747,kg,,,,,,
daddy-me-print-t-shirt-shorts-set,,,,,,,,,4 - 5 Years,,,Black,,,,,'10710347,500.0,shopify,52,deny,manual,999.00,,true,false,,,,,'10710347,,,,,,,,,,,,,,,,,,,,,,,,,,,,,,,,,,,,,,,,,,,,,,,https://cdn.shopify.com/s/files/1/0618/2368/0740/files/4_48_e54f2e3b-0f0f-4d31-a8eb-d5c3ff1db44a.webp?v=1771253760,kg,,,,,,
daddy-me-print-t-shirt-shorts-set,,,,,,,,,4 - 5 Years,,,Pink,,,,,'10710348,500.0,shopify,0,deny,manual,999.00,,true,false,,,,,'10710348,,,,,,,,,,,,,,,,,,,,,,,,,,,,,,,,,,,,,,,,,,,,,,,https://cdn.shopify.com/s/files/1/0618/2368/0740/files/4_47_d0dd53af-f7c2-47a6-b287-fcd3b2af11cf.webp?v=1771253777,kg,,,,,,
daddy-me-print-t-shirt-shorts-set,,,,,,,,,6 Years,,,Red,,,,,'10710349,500.0,shopify,165,deny,manual,999.00,,true,false,,,,,'10710349,,,,,,,,,,,,,,,,,,,,,,,,,,,,,,,,,,,,,,,,,,,,,,,https://cdn.shopify.com/s/files/1/0618/2368/0740/files/4_43_11525800-95a7-4c40-98f7-5c56d2811822.webp?v=1771253747,kg,,,,,,
daddy-me-print-t-shirt-shorts-set,,,,,,,,,6 Years,,,Black,,,,,'10710350,500.0,shopify,51,deny,manual,999.00,,true,false,,,,,'10710350,,,,,,,,,,,,,,,,,,,,,,,,,,,,,,,,,,,,,,,,,,,,,,,https://cdn.shopify.com/s/files/1/0618/2368/0740/files/4_48_e54f2e3b-0f0f-4d31-a8eb-d5c3ff1db44a.webp?v=1771253760,kg,,,,,,
daddy-me-print-t-shirt-shorts-set,,,,,,,,,6 Years,,,Pink,,,,,'10706827,500.0,shopify,91,deny,manual,999.00,,true,false,,,,,'10706827,,,,,,,,,,,,,,,,,,,,,,,,,,,,,,,,,,,,,,,,,,,,,,,https://cdn.shopify.com/s/files/1/0618/2368/0740/files/4_47_d0dd53af-f7c2-47a6-b287-fcd3b2af11cf.webp?v=1771253777,kg,,,,,,
multi-colorblock-short-sleeve-t-shirt-shorts-set,Multi Color block Short Set,"<h4 data-start=""194"" data-end=""443"">Multi Color block Short Set </h4>
<p class=""isSelectedEnd""><span>Add a splash of fun and style to your little one's everyday look with the </span><strong><span>Multi Color Block Short Set</span></strong><span>. Designed with a vibrant color block pattern, this trendy outfit combines modern fashion with all-day comfort, making it a perfect choice for active kids.</span></p>
<p class=""isSelectedEnd""><span>Made from soft, lightweight, and breathable fabric, the set includes a comfortable short-sleeve t-shirt paired with matching shorts. The relaxed fit allows easy movement, ensuring your child stays cool and comfortable during playtime, family outings, and daily activities.</span></p>
<p class=""isSelectedEnd""><span>✔ Trendy multi-color block design</span><br><span>✔ Soft, breathable &amp; skin-friendly fabric</span><br><span>✔ Comfortable fit for active kids</span><br><span>✔ Matching t-shirt and shorts set</span><br><span>✔ Lightweight and ideal for warm weather</span><br><span>✔ Perfect for playtime, casual outings &amp; everyday wear</span></p>
<p><span>The </span><strong><span>Multi Color Block Short Set</span></strong><span> is the perfect blend of comfort, color, and style, helping kids look great while enjoying every adventure.</span></p>",BBG FASHION,Apparel & Accessories > Clothing > Baby & Toddler Clothing,Kids Half Sleeves Twinset,"kids half sleeves, Premium Quality",true,Size,2-6-months,product.metafields.shopify.size,,,,,,,'10710325,500.0,shopify,199,deny,manual,999.00,,true,false,,,,,'10710325,https://cdn.shopify.com/s/files/1/0618/2368/0740/files/5_66.webp?v=1772142418,1,Multi Colorblock Short Sleeve T Shirt Shorts Set - front view - unisex wear Pakistan,false,,"Brighten up your child's wardrobe with the Multi Color Block Short Set. Featuring a trendy color block design, soft breathable fabric, and a comfortable fit for playtime, outings, and everyday adventures.

",,,,,,,,,,,,,'5,,,,,,,,,,,,,,,,,,2-6-months; 6-12; 13-14-months; 2-3-years; 3-4-years; 4-5-years; 5-6-years-1,,,,,,,,,,,kg,,,true,,,active
multi-colorblock-short-sleeve-t-shirt-shorts-set,,,,,,,,,6-12,,,,,,,,'10710326,500.0,shopify,185,deny,manual,999.00,,true,false,,,,,'10710326,https://cdn.shopify.com/s/files/1/0618/2368/0740/files/4_65.webp?v=1772142418,2,Multi Colorblock Short Sleeve T Shirt Shorts Set - front view - unisex wear Pakistan,,,,,,,,,,,,,,,,,,,,,,,,,,,,,,,,,,,,,,,,,,,,,kg,,,,,,
multi-colorblock-short-sleeve-t-shirt-shorts-set,,,,,,,,,13-14-months,,,,,,,,'10710327,500.0,shopify,174,deny,manual,999.00,,true,false,,,,,'10710327,https://cdn.shopify.com/s/files/1/0618/2368/0740/files/2_66.webp?v=1772142418,3,Multi Colorblock Short Sleeve T Shirt Shorts Set - back view - unisex wear Pakistan,,,,,,,,,,,,,,,,,,,,,,,,,,,,,,,,,,,,,,,,,,,,,kg,,,,,,
multi-colorblock-short-sleeve-t-shirt-shorts-set,,,,,,,,,2-3-years,,,,,,,,'10710328,500.0,shopify,176,deny,manual,999.00,,true,false,,,,,'10710328,https://cdn.shopify.com/s/files/1/0618/2368/0740/files/1_65.webp?v=1772142418,4,Multi Colorblock Short Sleeve T Shirt Shorts Set - side view - unisex wear Pakistan,,,,,,,,,,,,,,,,,,,,,,,,,,,,,,,,,,,,,,,,,,,,,kg,,,,,,
multi-colorblock-short-sleeve-t-shirt-shorts-set,,,,,,,,,3-4-years,,,,,,,,'10710329,500.0,shopify,175,deny,manual,999.00,,true,false,,,,,'10710329,https://cdn.shopify.com/s/files/1/0618/2368/0740/files/3_69.webp?v=1772142418,5,Multi Colorblock Short Sleeve T Shirt Shorts Set - detail shot - unisex wear Pakistan,,,,,,,,,,,,,,,,,,,,,,,,,,,,,,,,,,,,,,,,,,,,,kg,,,,,,
multi-colorblock-short-sleeve-t-shirt-shorts-set,,,,,,,,,4-5-years,,,,,,,,'10710330,500.0,shopify,167,deny,manual,999.00,,true,false,,,,,'10710330,https://cdn.shopify.com/s/files/1/0618/2368/0740/files/0daa77f7-78a9-412e-8e66-13d3c33bae4f_97cc855f-1879-4de8-a877-9e73be51ca5a.webp?v=1781103649,6,"",,,,,,,,,,,,,,,,,,,,,,,,,,,,,,,,,,,,,,,,,,,,,kg,,,,,,
multi-colorblock-short-sleeve-t-shirt-shorts-set,,,,,,,,,5-6-years-1,,,,,,,,'10706826,500.0,shopify,162,deny,manual,999.00,,true,false,,,,,'10706826,,,,,,,,,,,,,,,,,,,,,,,,,,,,,,,,,,,,,,,,,,,,,,,,kg,,,,,,
pack-of-2,Pack of 2,,BBG FASHION CLOTHING STORE,,"","",false,Black Lemon Dragon Short Set (Size),2 - 6 Months,,Black Panel T-shirt Shorts Set (Size),2 - 6 Months,,,,,'10710277,0.0,shopify,77,deny,manual,1494.00,,true,true,,,,,'10710277,,,,false,,,,,,,,,,,,,,,,,,,,,,,,,,,,,,,,,,,,,,,,,,,,g,,,true,,,draft
pack-of-2,,,,,,,,,2 - 6 Months,,,6- 12 Months,,,,,'10710278,0.0,shopify,61,deny,manual,1494.00,,true,true,,,,,'10710278,,,,,,,,,,,,,,,,,,,,,,,,,,,,,,,,,,,,,,,,,,,,,,,,g,,,,,,
pack-of-2,,,,,,,,,2 - 6 Months,,,13 - 24 Months,,,,,'10710279,0.0,shopify,51,deny,manual,1494.00,,true,true,,,,,'10710279,,,,,,,,,,,,,,,,,,,,,,,,,,,,,,,,,,,,,,,,,,,,,,,,g,,,,,,
pack-of-2,,,,,,,,,2 - 6 Months,,,2 - 3 Years,,,,,'10710280,0.0,shopify,63,deny,manual,1494.00,,true,true,,,,,'10710280,,,,,,,,,,,,,,,,,,,,,,,,,,,,,,,,,,,,,,,,,,,,,,,,g,,,,,,
pack-of-2,,,,,,,,,2 - 6 Months,,,3 - 4 Years,,,,,'10710281,0.0,shopify,37,deny,manual,1494.00,,true,true,,,,,'10710281,,,,,,,,,,,,,,,,,,,,,,,,,,,,,,,,,,,,,,,,,,,,,,,,g,,,,,,
pack-of-2,,,,,,,,,2 - 6 Months,,,4 - 5 Years,,,,,'10710282,0.0,shopify,55,deny,manual,1494.00,,true,true,,,,,'10710282,,,,,,,,,,,,,,,,,,,,,,,,,,,,,,,,,,,,,,,,,,,,,,,,g,,,,,,
pack-of-2,,,,,,,,,2 - 6 Months,,,6 Years,,,,,'10710283,0.0,shopify,61,deny,manual,1494.00,,true,true,,,,,'10710283,,,,,,,,,,,,,,,,,,,,,,,,,,,,,,,,,,,,,,,,,,,,,,,,g,,,,,,
pack-of-2,,,,,,,,,6- 12 Months,,,2 - 6 Months,,,,,'10710284,0.0,shopify,77,deny,manual,1494.00,,true,true,,,,,'10710284,,,,,,,,,,,,,,,,,,,,,,,,,,,,,,,,,,,,,,,,,,,,,,,,g,,,,,,
pack-of-2,,,,,,,,,6- 12 Months,,,6- 12 Months,,,,,'10710285,0.0,shopify,61,deny,manual,1494.00,,true,true,,,,,'10710285,,,,,,,,,,,,,,,,,,,,,,,,,,,,,,,,,,,,,,,,,,,,,,,,g,,,,,,
pack-of-2,,,,,,,,,6- 12 Months,,,13 - 24 Months,,,,,'10710286,0.0,shopify,51,deny,manual,1494.00,,true,true,,,,,'10710286,,,,,,,,,,,,,,,,,,,,,,,,,,,,,,,,,,,,,,,,,,,,,,,,g,,,,,,
pack-of-2,,,,,,,,,6- 12 Months,,,2 - 3 Years,,,,,'10710287,0.0,shopify,63,deny,manual,1494.00,,true,true,,,,,'10710287,,,,,,,,,,,,,,,,,,,,,,,,,,,,,,,,,,,,,,,,,,,,,,,,g,,,,,,
pack-of-2,,,,,,,,,6- 12 Months,,,3 - 4 Years,,,,,'10710288,0.0,shopify,37,deny,manual,1494.00,,true,true,,,,,'10710288,,,,,,,,,,,,,,,,,,,,,,,,,,,,,,,,,,,,,,,,,,,,,,,,g,,,,,,
pack-of-2,,,,,,,,,6- 12 Months,,,4 - 5 Years,,,,,'10710289,0.0,shopify,55,deny,manual,1494.00,,true,true,,,,,'10710289,,,,,,,,,,,,,,,,,,,,,,,,,,,,,,,,,,,,,,,,,,,,,,,,g,,,,,,
pack-of-2,,,,,,,,,6- 12 Months,,,6 Years,,,,,'10710290,0.0,shopify,61,deny,manual,1494.00,,true,true,,,,,'10710290,,,,,,,,,,,,,,,,,,,,,,,,,,,,,,,,,,,,,,,,,,,,,,,,g,,,,,,
pack-of-2,,,,,,,,,13 - 24 Months,,,2 - 6 Months,,,,,'10710291,0.0,shopify,77,deny,manual,1494.00,,true,true,,,,,'10710291,,,,,,,,,,,,,,,,,,,,,,,,,,,,,,,,,,,,,,,,,,,,,,,,g,,,,,,
pack-of-2,,,,,,,,,13 - 24 Months,,,6- 12 Months,,,,,'10710292,0.0,shopify,61,deny,manual,1494.00,,true,true,,,,,'10710292,,,,,,,,,,,,,,,,,,,,,,,,,,,,,,,,,,,,,,,,,,,,,,,,g,,,,,,
pack-of-2,,,,,,,,,13 - 24 Months,,,13 - 24 Months,,,,,'10710293,0.0,shopify,51,deny,manual,1494.00,,true,true,,,,,'10710293,,,,,,,,,,,,,,,,,,,,,,,,,,,,,,,,,,,,,,,,,,,,,,,,g,,,,,,
pack-of-2,,,,,,,,,13 - 24 Months,,,2 - 3 Years,,,,,'10710294,0.0,shopify,63,deny,manual,1494.00,,true,true,,,,,'10710294,,,,,,,,,,,,,,,,,,,,,,,,,,,,,,,,,,,,,,,,,,,,,,,,g,,,,,,
pack-of-2,,,,,,,,,13 - 24 Months,,,3 - 4 Years,,,,,'10710295,0.0,shopify,37,deny,manual,1494.00,,true,true,,,,,'10710295,,,,,,,,,,,,,,,,,,,,,,,,,,,,,,,,,,,,,,,,,,,,,,,,g,,,,,,
pack-of-2,,,,,,,,,13 - 24 Months,,,4 - 5 Years,,,,,'10710296,0.0,shopify,55,deny,manual,1494.00,,true,true,,,,,'10710296,,,,,,,,,,,,,,,,,,,,,,,,,,,,,,,,,,,,,,,,,,,,,,,,g,,,,,,
pack-of-2,,,,,,,,,13 - 24 Months,,,6 Years,,,,,'10710297,0.0,shopify,61,deny,manual,1494.00,,true,true,,,,,'10710297,,,,,,,,,,,,,,,,,,,,,,,,,,,,,,,,,,,,,,,,,,,,,,,,g,,,,,,
pack-of-2,,,,,,,,,2 - 3 Years,,,2 - 6 Months,,,,,'10710298,0.0,shopify,77,deny,manual,1494.00,,true,true,,,,,'10710298,,,,,,,,,,,,,,,,,,,,,,,,,,,,,,,,,,,,,,,,,,,,,,,,g,,,,,,
pack-of-2,,,,,,,,,2 - 3 Years,,,6- 12 Months,,,,,'10710299,0.0,shopify,61,deny,manual,1494.00,,true,true,,,,,'10710299,,,,,,,,,,,,,,,,,,,,,,,,,,,,,,,,,,,,,,,,,,,,,,,,g,,,,,,
pack-of-2,,,,,,,,,2 - 3 Years,,,13 - 24 Months,,,,,'10710300,0.0,shopify,51,deny,manual,1494.00,,true,true,,,,,'10710300,,,,,,,,,,,,,,,,,,,,,,,,,,,,,,,,,,,,,,,,,,,,,,,,g,,,,,,
pack-of-2,,,,,,,,,2 - 3 Years,,,2 - 3 Years,,,,,'10710301,0.0,shopify,63,deny,manual,1494.00,,true,true,,,,,'10710301,,,,,,,,,,,,,,,,,,,,,,,,,,,,,,,,,,,,,,,,,,,,,,,,g,,,,,,
pack-of-2,,,,,,,,,2 - 3 Years,,,3 - 4 Years,,,,,'10710302,0.0,shopify,37,deny,manual,1494.00,,true,true,,,,,'10710302,,,,,,,,,,,,,,,,,,,,,,,,,,,,,,,,,,,,,,,,,,,,,,,,g,,,,,,
pack-of-2,,,,,,,,,2 - 3 Years,,,4 - 5 Years,,,,,'10710303,0.0,shopify,55,deny,manual,1494.00,,true,true,,,,,'10710303,,,,,,,,,,,,,,,,,,,,,,,,,,,,,,,,,,,,,,,,,,,,,,,,g,,,,,,
pack-of-2,,,,,,,,,2 - 3 Years,,,6 Years,,,,,'10710304,0.0,shopify,61,deny,manual,1494.00,,true,true,,,,,'10710304,,,,,,,,,,,,,,,,,,,,,,,,,,,,,,,,,,,,,,,,,,,,,,,,g,,,,,,
pack-of-2,,,,,,,,,3 - 4 Years,,,2 - 6 Months,,,,,'10710305,0.0,shopify,77,deny,manual,1494.00,,true,true,,,,,'10710305,,,,,,,,,,,,,,,,,,,,,,,,,,,,,,,,,,,,,,,,,,,,,,,,g,,,,,,
pack-of-2,,,,,,,,,3 - 4 Years,,,6- 12 Months,,,,,'10710306,0.0,shopify,61,deny,manual,1494.00,,true,true,,,,,'10710306,,,,,,,,,,,,,,,,,,,,,,,,,,,,,,,,,,,,,,,,,,,,,,,,g,,,,,,
pack-of-2,,,,,,,,,3 - 4 Years,,,13 - 24 Months,,,,,'10710307,0.0,shopify,51,deny,manual,1494.00,,true,true,,,,,'10710307,,,,,,,,,,,,,,,,,,,,,,,,,,,,,,,,,,,,,,,,,,,,,,,,g,,,,,,
pack-of-2,,,,,,,,,3 - 4 Years,,,2 - 3 Years,,,,,'10710308,0.0,shopify,63,deny,manual,1494.00,,true,true,,,,,'10710308,,,,,,,,,,,,,,,,,,,,,,,,,,,,,,,,,,,,,,,,,,,,,,,,g,,,,,,
pack-of-2,,,,,,,,,3 - 4 Years,,,3 - 4 Years,,,,,'10710309,0.0,shopify,37,deny,manual,1494.00,,true,true,,,,,'10710309,,,,,,,,,,,,,,,,,,,,,,,,,,,,,,,,,,,,,,,,,,,,,,,,g,,,,,,
pack-of-2,,,,,,,,,3 - 4 Years,,,4 - 5 Years,,,,,'10710310,0.0,shopify,55,deny,manual,1494.00,,true,true,,,,,'10710310,,,,,,,,,,,,,,,,,,,,,,,,,,,,,,,,,,,,,,,,,,,,,,,,g,,,,,,
pack-of-2,,,,,,,,,3 - 4 Years,,,6 Years,,,,,'10710311,0.0,shopify,61,deny,manual,1494.00,,true,true,,,,,'10710311,,,,,,,,,,,,,,,,,,,,,,,,,,,,,,,,,,,,,,,,,,,,,,,,g,,,,,,
pack-of-2,,,,,,,,,4 - 5 Years,,,2 - 6 Months,,,,,'10710312,0.0,shopify,77,deny,manual,1494.00,,true,true,,,,,'10710312,,,,,,,,,,,,,,,,,,,,,,,,,,,,,,,,,,,,,,,,,,,,,,,,g,,,,,,
pack-of-2,,,,,,,,,4 - 5 Years,,,6- 12 Months,,,,,'10710313,0.0,shopify,61,deny,manual,1494.00,,true,true,,,,,'10710313,,,,,,,,,,,,,,,,,,,,,,,,,,,,,,,,,,,,,,,,,,,,,,,,g,,,,,,
pack-of-2,,,,,,,,,4 - 5 Years,,,13 - 24 Months,,,,,'10710314,0.0,shopify,51,deny,manual,1494.00,,true,true,,,,,'10710314,,,,,,,,,,,,,,,,,,,,,,,,,,,,,,,,,,,,,,,,,,,,,,,,g,,,,,,
pack-of-2,,,,,,,,,4 - 5 Years,,,2 - 3 Years,,,,,'10710315,0.0,shopify,63,deny,manual,1494.00,,true,true,,,,,'10710315,,,,,,,,,,,,,,,,,,,,,,,,,,,,,,,,,,,,,,,,,,,,,,,,g,,,,,,
pack-of-2,,,,,,,,,4 - 5 Years,,,3 - 4 Years,,,,,'10710316,0.0,shopify,37,deny,manual,1494.00,,true,true,,,,,'10710316,,,,,,,,,,,,,,,,,,,,,,,,,,,,,,,,,,,,,,,,,,,,,,,,g,,,,,,
pack-of-2,,,,,,,,,4 - 5 Years,,,4 - 5 Years,,,,,'10710317,0.0,shopify,55,deny,manual,1494.00,,true,true,,,,,'10710317,,,,,,,,,,,,,,,,,,,,,,,,,,,,,,,,,,,,,,,,,,,,,,,,g,,,,,,
pack-of-2,,,,,,,,,4 - 5 Years,,,6 Years,,,,,'10710318,0.0,shopify,61,deny,manual,1494.00,,true,true,,,,,'10710318,,,,,,,,,,,,,,,,,,,,,,,,,,,,,,,,,,,,,,,,,,,,,,,,g,,,,,,
pack-of-2,,,,,,,,,6 Years,,,2 - 6 Months,,,,,'10710319,0.0,shopify,77,deny,manual,1494.00,,true,true,,,,,'10710319,,,,,,,,,,,,,,,,,,,,,,,,,,,,,,,,,,,,,,,,,,,,,,,,g,,,,,,
pack-of-2,,,,,,,,,6 Years,,,6- 12 Months,,,,,'10710320,0.0,shopify,61,deny,manual,1494.00,,true,true,,,,,'10710320,,,,,,,,,,,,,,,,,,,,,,,,,,,,,,,,,,,,,,,,,,,,,,,,g,,,,,,
pack-of-2,,,,,,,,,6 Years,,,13 - 24 Months,,,,,'10710321,0.0,shopify,51,deny,manual,1494.00,,true,true,,,,,'10710321,,,,,,,,,,,,,,,,,,,,,,,,,,,,,,,,,,,,,,,,,,,,,,,,g,,,,,,
pack-of-2,,,,,,,,,6 Years,,,2 - 3 Years,,,,,'10710322,0.0,shopify,63,deny,manual,1494.00,,true,true,,,,,'10710322,,,,,,,,,,,,,,,,,,,,,,,,,,,,,,,,,,,,,,,,,,,,,,,,g,,,,,,
pack-of-2,,,,,,,,,6 Years,,,3 - 4 Years,,,,,'10710323,0.0,shopify,37,deny,manual,1494.00,,true,true,,,,,'10710323,,,,,,,,,,,,,,,,,,,,,,,,,,,,,,,,,,,,,,,,,,,,,,,,g,,,,,,
pack-of-2,,,,,,,,,6 Years,,,4 - 5 Years,,,,,'10710324,0.0,shopify,55,deny,manual,1494.00,,true,true,,,,,'10710324,,,,,,,,,,,,,,,,,,,,,,,,,,,,,,,,,,,,,,,,,,,,,,,,g,,,,,,
pack-of-2,,,,,,,,,6 Years,,,6 Years,,,,,'10706825,0.0,shopify,61,deny,manual,1494.00,,true,true,,,,,'10706825,,,,,,,,,,,,,,,,,,,,,,,,,,,,,,,,,,,,,,,,,,,,,,,,g,,,,,,
yellow-grey-kids-short-sleeve-kids-wear,Yellow & Grey Kids Short Set,"<h4>Yellow &amp; Grey Kids Short Set</h4>
<p data-start=""462"" data-end=""562"">Upgrade your little one’s summer wardrobe with this stylish <strong data-start=""522"" data-end=""559"">Grey &amp; Yellow 2-Piece Boys Outfit.</strong> 💛</p>
<p data-start=""564"" data-end=""805"">This trendy set includes a soft grey half-sleeve t-shirt featuring a smart button neckline and contrast yellow pocket, paired with bright yellow shorts. The modern color combination makes it perfect for both casual outings and everyday wear.</p>
<p data-start=""807"" data-end=""963"">Made from breathable, lightweight cotton fabric, this outfit keeps your child cool and comfortable during warm weather—while looking effortlessly stylish.</p>
<h3 data-start=""965"" data-end=""984"">✨ Key Features:</h3>
<ul data-start=""985"" data-end=""1277"">
<li data-start=""985"" data-end=""1020"">
<p data-start=""987"" data-end=""1020"">Soft &amp; breathable cotton fabric</p>
</li>
<li data-start=""1021"" data-end=""1073"">
<p data-start=""1023"" data-end=""1073"">Stylish grey t-shirt with yellow contrast pocket</p>
</li>
<li data-start=""1074"" data-end=""1113"">
<p data-start=""1076"" data-end=""1113"">Comfortable button placket neckline</p>
</li>
<li data-start=""1114"" data-end=""1147"">
<p data-start=""1116"" data-end=""1147"">Matching yellow summer shorts</p>
</li>
<li data-start=""1148"" data-end=""1182"">
<p data-start=""1150"" data-end=""1182"">Elastic waistband for easy fit</p>
</li>
<li data-start=""1183"" data-end=""1223"">
<p data-start=""1185"" data-end=""1223"">Lightweight &amp; skin-friendly material</p>
</li>
<li data-start=""1224"" data-end=""1277"">
<p data-start=""1226"" data-end=""1277"">Ideal for daily wear, outings &amp; summer activities</p>
</li>
</ul>
<p data-start=""1279"" data-end=""1376"">Pair it with sneakers for a fresh, sporty look that parents love and kids feel confident wearing.</p>
<p data-start=""1378"" data-end=""1462"">🎯 Perfect for boys aged 2–6 years</p>",BBG FASHION,Apparel & Accessories > Clothing > Baby & Toddler Clothing > Baby & Toddler Outfits,Kids Half Sleeves Twinset,"kids half sleeves, Premium Quality",true,Size,2-6-months,product.metafields.shopify.size,,,,,,,'10710271,500.0,shopify,114,deny,manual,999.00,,true,false,,,,,'10710271,https://cdn.shopify.com/s/files/1/0618/2368/0740/files/4_40.webp?v=1771242722,1,Yellow Grey Kids Short Sleeve Kids Wear - front view - kids wear Pakistan,false,,Buy a grey and yellow 2-piece summer set in Pakistan. Soft cotton t-shirt with contrast pocket and matching shorts. Stylish & comfortable kids' outfit.,5622,,,,,,,,,,,,'21,,,,,,,,,,,,,,,,,,2-6-months; 6-12; 13-14-months; 2-3-years; 3-4-years; 4-5-years; 6-years,,,,,,,,,,,kg,,,true,,,active
yellow-grey-kids-short-sleeve-kids-wear,,,,,,,,,6-12,,,,,,,,'10710272,500.0,shopify,155,deny,manual,999.00,,true,false,,,,,'10710272,https://cdn.shopify.com/s/files/1/0618/2368/0740/files/2_42.webp?v=1771242758,2,Yellow Grey Kids Short Sleeve Kids Wear - side view - kids wear Pakistan,,,,,,,,,,,,,,,,,,,,,,,,,,,,,,,,,,,,,,,,,,,,,kg,,,,,,
yellow-grey-kids-short-sleeve-kids-wear,,,,,,,,,13-14-months,,,,,,,,'10710273,500.0,shopify,132,deny,manual,999.00,,true,false,,,,,'10710273,https://cdn.shopify.com/s/files/1/0618/2368/0740/files/5_39.webp?v=1771242758,3,Yellow Grey Kids Short Sleeve Kids Wear - detail shot - kids wear Pakistan,,,,,,,,,,,,,,,,,,,,,,,,,,,,,,,,,,,,,,,,,,,,,kg,,,,,,
yellow-grey-kids-short-sleeve-kids-wear,,,,,,,,,2-3-years,,,,,,,,'10710274,500.0,shopify,127,deny,manual,999.00,,true,false,,,,,'10710274,https://cdn.shopify.com/s/files/1/0618/2368/0740/files/3_43.webp?v=1771242758,4,Yellow Grey Kids Short Sleeve Kids Wear - front view - kids wear Pakistan,,,,,,,,,,,,,,,,,,,,,,,,,,,,,,,,,,,,,,,,,,,,,kg,,,,,,
yellow-grey-kids-short-sleeve-kids-wear,,,,,,,,,3-4-years,,,,,,,,'10710275,500.0,shopify,113,deny,manual,999.00,,true,false,,,,,'10710275,https://cdn.shopify.com/s/files/1/0618/2368/0740/files/0daa77f7-78a9-412e-8e66-13d3c33bae4f_ba0e101f-dade-4abe-805f-a4f95a9f42e2.webp?v=1781103922,5,"",,,,,,,,,,,,,,,,,,,,,,,,,,,,,,,,,,,,,,,,,,,,,kg,,,,,,
yellow-grey-kids-short-sleeve-kids-wear,,,,,,,,,4-5-years,,,,,,,,'10710276,500.0,shopify,102,deny,manual,999.00,,true,false,,,,,'10710276,,,,,,,,,,,,,,,,,,,,,,,,,,,,,,,,,,,,,,,,,,,,,,,,kg,,,,,,
yellow-grey-kids-short-sleeve-kids-wear,,,,,,,,,6-years,,,,,,,,'10706824,500.0,shopify,79,deny,manual,999.00,,true,false,,,,,'10706824,,,,,,,,,,,,,,,,,,,,,,,,,,,,,,,,,,,,,,,,,,,,,,,,kg,,,,,,
white-blue-kids-short-sleeve-kids-wear,White & Grey Kids Short Set,"<h4>White &amp; Grey Kids Short Set </h4>
<p dir=""auto"">Give your little gentleman a smart and comfortable everyday look with this stylish two-piece set. Made from premium breathable cotton fabric, this short-sleeve polo shirt features a modern mandarin collar with contrast grey placket and sleeve tabs for a refined touch.</p>
<p dir=""auto"">Paired with soft grey shorts that offer perfect freedom of movement, this set is ideal for casual outings, family gatherings, Eid celebrations, or everyday wear in Pakistan’s warm weather.</p>
<p dir=""auto""><strong>Key Features:</strong></p>
<ul dir=""auto"">
<li>Premium soft cotton fabric – comfortable for all-day wear</li>
<li>Breathable &amp; lightweight material – perfect for Karachi, Lahore &amp; Islamabad summers</li>
<li>Contrast mandarin collar with button placket</li>
<li>Matching grey shorts with elastic waist for easy fit</li>
<li>Durable stitching and quality finish</li>
<li>Available in multiple sizes (2–8 years)</li>
</ul>
<p dir=""auto"">Dress your kid in effortless style and comfort. Perfect for daily wear, casual parties, and festive occasions across Pakistan.</p>",BBG FASHION,Apparel & Accessories > Clothing > Baby & Toddler Clothing,Kids Half Sleeves Twinset,"kids half sleeves, Premium Quality",true,Size,2-6-months,product.metafields.shopify.size,,,,,,,'10710265,500.0,shopify,195,deny,manual,999.00,,true,false,,,,,'10710265,https://cdn.shopify.com/s/files/1/0618/2368/0740/files/2_70.jpg?v=1774964929,1,White Blue Kids Short Sleeve Kids Wear - front view - kids wear Pakistan,false,,"Shop this stylish boys’ summer outfit featuring a soft white half-sleeve henley t-shirt with contrast placket, paired with comfortable grey shorts and trendy white sneakers. Perfect for casual wear, playdates, and everyday comfort with a modern, smart look.",,,,,,,,,,,,,'29,,,,,,,,,,,,,,,,,,2-6-months; 6-12; 13-14-months; 2-3-years; 3-4-years; 4-5-years; 5-6-years-1; 7-8-years; 9-10-years,,,,,,,,,,,kg,,,true,,,active
white-blue-kids-short-sleeve-kids-wear,,,,,,,,,6-12,,,,,,,,'10710266,500.0,shopify,186,deny,manual,999.00,,true,false,,,,,'10710266,https://cdn.shopify.com/s/files/1/0618/2368/0740/files/Faw7L.jpg?v=1774964929,2,White Blue Kids Short Sleeve Kids Wear - back view - kids wear Pakistan,,,,,,,,,,,,,,,,,,,,,,,,,,,,,,,,,,,,,,,,,,,,,kg,,,,,,
white-blue-kids-short-sleeve-kids-wear,,,,,,,,,13-14-months,,,,,,,,'10710267,500.0,shopify,181,deny,manual,999.00,,true,false,,,,,'10710267,https://cdn.shopify.com/s/files/1/0618/2368/0740/files/5_67.jpg?v=1774964929,3,White Blue Kids Short Sleeve Kids Wear - side view - kids wear Pakistan,,,,,,,,,,,,,,,,,,,,,,,,,,,,,,,,,,,,,,,,,,,,,kg,,,,,,
white-blue-kids-short-sleeve-kids-wear,,,,,,,,,2-3-years,,,,,,,,'10710268,500.0,shopify,176,deny,manual,999.00,,true,false,,,,,'10710268,https://cdn.shopify.com/s/files/1/0618/2368/0740/files/4_66.jpg?v=1774964929,4,White Blue Kids Short Sleeve Kids Wear - detail shot - kids wear Pakistan,,,,,,,,,,,,,,,,,,,,,,,,,,,,,,,,,,,,,,,,,,,,,kg,,,,,,
white-blue-kids-short-sleeve-kids-wear,,,,,,,,,3-4-years,,,,,,,,'10710269,500.0,shopify,164,deny,manual,999.00,,true,false,,,,,'10710269,https://cdn.shopify.com/s/files/1/0618/2368/0740/files/1_69.jpg?v=1774964929,5,White Blue Kids Short Sleeve Kids Wear - front view - kids wear Pakistan,,,,,,,,,,,,,,,,,,,,,,,,,,,,,,,,,,,,,,,,,,,,,kg,,,,,,
white-blue-kids-short-sleeve-kids-wear,,,,,,,,,4-5-years,,,,,,,,'10710270,500.0,shopify,161,deny,manual,999.00,,true,false,,,,,'10710270,https://cdn.shopify.com/s/files/1/0618/2368/0740/files/0daa77f7-78a9-412e-8e66-13d3c33bae4f_34af6ee6-8aeb-4c2d-beb6-4a5e8f64088c.webp?v=1781103578,6,"",,,,,,,,,,,,,,,,,,,,,,,,,,,,,,,,,,,,,,,,,,,,,kg,,,,,,
white-blue-kids-short-sleeve-kids-wear,,,,,,,,,5-6-years-1,,,,,,,,'10706823,500.0,shopify,171,deny,manual,999.00,,true,false,,,,,'10706823,,,,,,,,,,,,,,,,,,,,,,,,,,,,,,,,,,,,,,,,,,,,,,,,kg,,,,,,
white-blue-kids-short-sleeve-kids-wear,,,,,,,,,7-8-years,,,,,,,,'10743244,500.0,shopify,182,deny,manual,999.00,,true,false,,,,,'10743244,,,,,,,,,,,,,,,,,,,,,,,,,,,,,,,,,,,,,,,,,,,,,,,,kg,,,,,,
white-blue-kids-short-sleeve-kids-wear,,,,,,,,,9-10-years,,,,,,,,'10743245,500.0,shopify,191,deny,manual,999.00,,true,false,,,,,'10743245,,,,,,,,,,,,,,,,,,,,,,,,,,,,,,,,,,,,,,,,,,,,,,,,kg,,,,,,
let-me-sleep-women-night-suit-pj-3-pieces-set,Women 3 Pieces Night Suit - Let Me Sleep,"<h4>Women 3 Pieces Night Suit - Let Me Sleep</h4>
<p class=""isSelectedEnd""><span>Experience the perfect blend of comfort and style with our Women's 3 Pieces Night Suit. Crafted from premium-quality fabric, this sleepwear set is designed to keep you comfortable throughout the night while looking effortlessly elegant.</span></p>
<p class=""isSelectedEnd""><strong><span>Set Includes:</span></strong></p>
<ul data-spread=""false"">
<li>
<p class=""isSelectedEnd""><span>1 Stylish Top</span></p>
</li>
<li>
<p class=""isSelectedEnd""><span>1 Comfortable Trouser</span></p>
</li>
<li>
<p class=""isSelectedEnd""><span>1 Matching Outer Layer</span></p>
</li>
</ul>
<p class=""isSelectedEnd""><strong><span>Product Features:</span></strong><br><span>✔ Soft &amp; Breathable Fabric</span><br><span>✔ Lightweight and Skin-Friendly Material</span><br><span>✔ Relaxed Fit for Maximum Comfort</span><br><span>✔ Durable Stitching and Premium Finish</span><br><span>✔ Ideal for Sleeping, Lounging, and Home Wear</span><br><span>✔ Suitable for All Seasons</span></p>
<p class=""isSelectedEnd""><span>Whether you're relaxing after a long day or enjoying a cozy morning at home, this 3-piece night suit offers the comfort you deserve and the style you love.</span></p>
<p><strong><span>Fabric:</span></strong><span> Premium Cotton Blend</span><br><strong><span>Category:</span></strong><span> Women's Nightwear</span><br><strong><span>Fit:</span></strong><span> Regular Comfort Fit</span><br><strong><span>Care Instructions:</span></strong><span> Machine Washable</span></p>",BBG FASHION,Apparel & Accessories > Clothing > Sleepwear & Loungewear,3 Piece Jersey,3 Piece Nightwear,true,Size,Medium,,Color,black,product.metafields.shopify.color-pattern,,,,'10710242,500.0,shopify,96,deny,manual,2499.00,,true,false,,,,,'10710242,https://cdn.shopify.com/s/files/1/0618/2368/0740/files/WhatsAppImage2024-03-04at5.16.41PM.jpg?v=1709732825,1,Let Me Sleep Women Night Suit Pj 3 Pieces Set - front view - women's wear Pakistan,false,,"Shop our Women 3 Pieces Night Suit made from soft, breathable cotton for ultimate comfort. Stylish, lightweight, and perfect for sleeping or lounging at home.

",,,,,,,,,,,,,'3,,,,,,,,black; brown-1; grey; pink; blue-1,,,,,,,,,,,,,,,,,,,,https://cdn.shopify.com/s/files/1/0618/2368/0740/files/WhatsApp_Image_2024-03-02_at_5.05.18_PM_3.jpg?v=1709732894,g,,,true,,,active
let-me-sleep-women-night-suit-pj-3-pieces-set,,,,,,,,,Medium,,,brown-1,,,,,'10710243,500.0,shopify,90,deny,manual,2499.00,,true,false,,,,,'10710243,https://cdn.shopify.com/s/files/1/0618/2368/0740/files/WhatsApp_Image_2024-03-02_at_5.05.18_PM_3.jpg?v=1709732894,2,Let Me Sleep Women Night Suit Pj 3 Pieces Set - side view - women's wear Pakistan,,,,,,,,,,,,,,,,,,,,,,,,,,,,,,,,,,,,,,,,,,,,https://cdn.shopify.com/s/files/1/0618/2368/0740/files/WhatsApp_Image_2024-03-04_at_5.09.07_PM.jpg?v=1709732949,g,,,,,,
let-me-sleep-women-night-suit-pj-3-pieces-set,,,,,,,,,Medium,,,grey,,,,,'10710244,500.0,shopify,86,deny,manual,2499.00,,true,false,,,,,'10710244,https://cdn.shopify.com/s/files/1/0618/2368/0740/files/WhatsApp_Image_2024-03-04_at_5.09.07_PM.jpg?v=1709732949,3,Let Me Sleep Women Night Suit Pj 3 Pieces Set - detail shot - women's wear Pakistan,,,,,,,,,,,,,,,,,,,,,,,,,,,,,,,,,,,,,,,,,,,,https://cdn.shopify.com/s/files/1/0618/2368/0740/files/WhatsAppImage2024-03-04at5.16.41PM.jpg?v=1709732825,g,,,,,,
let-me-sleep-women-night-suit-pj-3-pieces-set,,,,,,,,,Medium,,,pink,,,,,'10710245,500.0,shopify,94,deny,manual,2499.00,,true,false,,,,,'10710245,https://cdn.shopify.com/s/files/1/0618/2368/0740/files/WhatsApp_Image_2024-03-02_at_6.29.10_PM.jpg?v=1709732868,4,Let Me Sleep Women Night Suit Pj 3 Pieces Set - front view - women's wear Pakistan,,,,,,,,,,,,,,,,,,,,,,,,,,,,,,,,,,,,,,,,,,,,https://cdn.shopify.com/s/files/1/0618/2368/0740/files/WhatsApp_Image_2024-03-02_at_6.29.10_PM.jpg?v=1709732868,g,,,,,,
let-me-sleep-women-night-suit-pj-3-pieces-set,,,,,,,,,Medium,,,blue-1,,,,,'10710246,500.0,shopify,91,deny,manual,2499.00,,true,false,,,,,'10710246,https://cdn.shopify.com/s/files/1/0618/2368/0740/files/WhatsApp_Image_2024-03-04_at_3.11.43_PM.jpg?v=1709732969,5,Let Me Sleep Women Night Suit Pj 3 Pieces Set - back view - women's wear Pakistan,,,,,,,,,,,,,,,,,,,,,,,,,,,,,,,,,,,,,,,,,,,,https://cdn.shopify.com/s/files/1/0618/2368/0740/files/WhatsApp_Image_2024-03-04_at_3.11.43_PM.jpg?v=1709732969,g,,,,,,
let-me-sleep-women-night-suit-pj-3-pieces-set,,,,,,,,,Large,,,black,,,,,'10710248,500.0,shopify,97,deny,manual,2499.00,,true,false,,,,,'10710248,https://cdn.shopify.com/s/files/1/0618/2368/0740/files/Sizechart_225e6c5f-c411-4c61-9778-ec603d9ad06d.jpg?v=1739369883,6,Let Me Sleep Women Night Suit Pj 3 Pieces Set size chart - measurements guide,,,,,,,,,,,,,,,,,,,,,,,,,,,,,,,,,,,,,,,,,,,,https://cdn.shopify.com/s/files/1/0618/2368/0740/files/WhatsApp_Image_2024-03-02_at_5.05.18_PM_3.jpg?v=1709732894,g,,,,,,
let-me-sleep-women-night-suit-pj-3-pieces-set,,,,,,,,,Large,,,brown-1,,,,,'10710249,500.0,shopify,95,deny,manual,2499.00,,true,false,,,,,'10710249,,,,,,,,,,,,,,,,,,,,,,,,,,,,,,,,,,,,,,,,,,,,,,,https://cdn.shopify.com/s/files/1/0618/2368/0740/files/WhatsApp_Image_2024-03-04_at_5.09.07_PM.jpg?v=1709732949,g,,,,,,
let-me-sleep-women-night-suit-pj-3-pieces-set,,,,,,,,,Large,,,grey,,,,,'10710250,500.0,shopify,94,deny,manual,2499.00,,true,false,,,,,'10710250,,,,,,,,,,,,,,,,,,,,,,,,,,,,,,,,,,,,,,,,,,,,,,,https://cdn.shopify.com/s/files/1/0618/2368/0740/files/WhatsAppImage2024-03-04at5.16.41PM.jpg?v=1709732825,g,,,,,,
let-me-sleep-women-night-suit-pj-3-pieces-set,,,,,,,,,Large,,,pink,,,,,'10710251,500.0,shopify,98,deny,manual,2499.00,,true,false,,,,,'10710251,,,,,,,,,,,,,,,,,,,,,,,,,,,,,,,,,,,,,,,,,,,,,,,https://cdn.shopify.com/s/files/1/0618/2368/0740/files/WhatsApp_Image_2024-03-02_at_6.29.10_PM.jpg?v=1709732868,g,,,,,,
let-me-sleep-women-night-suit-pj-3-pieces-set,,,,,,,,,Large,,,blue-1,,,,,'10710252,500.0,shopify,94,deny,manual,2499.00,,true,false,,,,,'10710252,,,,,,,,,,,,,,,,,,,,,,,,,,,,,,,,,,,,,,,,,,,,,,,https://cdn.shopify.com/s/files/1/0618/2368/0740/files/WhatsApp_Image_2024-03-04_at_3.11.43_PM.jpg?v=1709732969,g,,,,,,
let-me-sleep-women-night-suit-pj-3-pieces-set,,,,,,,,,XL,,,black,,,,,'10710254,500.0,shopify,98,deny,manual,2499.00,,true,false,,,,,'10710254,,,,,,,,,,,,,,,,,,,,,,,,,,,,,,,,,,,,,,,,,,,,,,,https://cdn.shopify.com/s/files/1/0618/2368/0740/files/WhatsApp_Image_2024-03-02_at_5.05.18_PM_3.jpg?v=1709732894,g,,,,,,
let-me-sleep-women-night-suit-pj-3-pieces-set,,,,,,,,,XL,,,brown-1,,,,,'10710255,500.0,shopify,96,deny,manual,2499.00,,true,false,,,,,'10710255,,,,,,,,,,,,,,,,,,,,,,,,,,,,,,,,,,,,,,,,,,,,,,,https://cdn.shopify.com/s/files/1/0618/2368/0740/files/WhatsApp_Image_2024-03-04_at_5.09.07_PM.jpg?v=1709732949,g,,,,,,
let-me-sleep-women-night-suit-pj-3-pieces-set,,,,,,,,,XL,,,grey,,,,,'10710256,500.0,shopify,96,deny,manual,2499.00,,true,false,,,,,'10710256,,,,,,,,,,,,,,,,,,,,,,,,,,,,,,,,,,,,,,,,,,,,,,,https://cdn.shopify.com/s/files/1/0618/2368/0740/files/WhatsAppImage2024-03-04at5.16.41PM.jpg?v=1709732825,g,,,,,,
let-me-sleep-women-night-suit-pj-3-pieces-set,,,,,,,,,XL,,,pink,,,,,'10710257,500.0,shopify,96,deny,manual,2499.00,,true,false,,,,,'10710257,,,,,,,,,,,,,,,,,,,,,,,,,,,,,,,,,,,,,,,,,,,,,,,https://cdn.shopify.com/s/files/1/0618/2368/0740/files/WhatsApp_Image_2024-03-02_at_6.29.10_PM.jpg?v=1709732868,g,,,,,,
let-me-sleep-women-night-suit-pj-3-pieces-set,,,,,,,,,XL,,,blue-1,,,,,'10710258,500.0,shopify,98,deny,manual,2499.00,,true,false,,,,,'10710258,,,,,,,,,,,,,,,,,,,,,,,,,,,,,,,,,,,,,,,,,,,,,,,https://cdn.shopify.com/s/files/1/0618/2368/0740/files/WhatsApp_Image_2024-03-04_at_3.11.43_PM.jpg?v=1709732969,g,,,,,,
let-me-sleep-women-night-suit-pj-3-pieces-set,,,,,,,,,XXL,,,black,,,,,'10710260,500.0,shopify,96,deny,manual,2699.00,,true,false,,,,,'10710260,,,,,,,,,,,,,,,,,,,,,,,,,,,,,,,,,,,,,,,,,,,,,,,https://cdn.shopify.com/s/files/1/0618/2368/0740/files/WhatsApp_Image_2024-03-02_at_5.05.18_PM_3.jpg?v=1709732894,g,,,,,,
let-me-sleep-women-night-suit-pj-3-pieces-set,,,,,,,,,XXL,,,brown-1,,,,,'10710261,500.0,shopify,96,deny,manual,2699.00,,true,false,,,,,'10710261,,,,,,,,,,,,,,,,,,,,,,,,,,,,,,,,,,,,,,,,,,,,,,,https://cdn.shopify.com/s/files/1/0618/2368/0740/files/WhatsApp_Image_2024-03-04_at_5.09.07_PM.jpg?v=1709732949,g,,,,,,
let-me-sleep-women-night-suit-pj-3-pieces-set,,,,,,,,,XXL,,,grey,,,,,'10710262,500.0,shopify,93,deny,manual,2699.00,,true,false,,,,,'10710262,,,,,,,,,,,,,,,,,,,,,,,,,,,,,,,,,,,,,,,,,,,,,,,https://cdn.shopify.com/s/files/1/0618/2368/0740/files/WhatsAppImage2024-03-04at5.16.41PM.jpg?v=1709732825,g,,,,,,
let-me-sleep-women-night-suit-pj-3-pieces-set,,,,,,,,,XXL,,,pink,,,,,'10710263,500.0,shopify,97,deny,manual,2699.00,,true,false,,,,,'10710263,,,,,,,,,,,,,,,,,,,,,,,,,,,,,,,,,,,,,,,,,,,,,,,https://cdn.shopify.com/s/files/1/0618/2368/0740/files/WhatsApp_Image_2024-03-02_at_6.29.10_PM.jpg?v=1709732868,g,,,,,,
let-me-sleep-women-night-suit-pj-3-pieces-set,,,,,,,,,XXL,,,blue-1,,,,,'10710264,500.0,shopify,97,deny,manual,2699.00,,true,false,,,,,'10710264,,,,,,,,,,,,,,,,,,,,,,,,,,,,,,,,,,,,,,,,,,,,,,,https://cdn.shopify.com/s/files/1/0618/2368/0740/files/WhatsApp_Image_2024-03-04_at_3.11.43_PM.jpg?v=1709732969,g,,,,,,
heart-love-women-night-suit-pj-3-pieces-set,Women 3 Pieces Night Suit - Heart Love,"<h4>Women 3 Pieces Night Suit - Heart Love</h4>
<p class=""isSelectedEnd""><span>Fall in love with comfort and style with our </span><strong><span>Women 3 Pieces Night Suit - Heart Love</span></strong><span>. Designed for cozy nights and relaxed mornings, this charming sleepwear set includes a soft inner top, a matching button-down shirt, and comfortable pajama bottoms featuring an adorable heart-inspired design. Crafted from breathable, skin-friendly fabric, it offers a relaxed fit that keeps you comfortable throughout the night while adding a touch of elegance to your loungewear collection.</span></p>
<p class=""isSelectedEnd""><span>Whether you're unwinding at home, enjoying a lazy weekend, or looking for the perfect gift, the Heart Love Night Suit combines comfort, functionality, and feminine style in one beautiful set.</span></p>
<p class=""isSelectedEnd""><strong><span>Features:</span></strong></p>
<ul>
<li><span>3-piece set: Inner top, shirt, and pajama</span></li>
<li><span>Soft and breathable fabric</span></li>
<li><span>Relaxed, comfortable fit</span></li>
<li><span>Cute heart-themed design</span></li>
<li><span>Perfect for sleeping and lounging</span></li>
<li><span>Suitable for all seasons</span></li>
</ul>",BBG FASHION,Apparel & Accessories > Clothing > Sleepwear & Loungewear,3 Piece Jersey,3 Piece Nightwear,true,Size,medium,product.metafields.shopify.size,Color,black,product.metafields.shopify.color-pattern,,,,'10710227,500.0,shopify,85,deny,manual,2499.00,,true,false,,,,,'10710227,https://cdn.shopify.com/s/files/1/0618/2368/0740/files/06d482a2-c1fe-480f-9e9b-f59fd5ea555f.webp?v=1781786719,1,"",false,,"Shop the Women 3 Pieces Night Suit - Heart Love at Nightsuit.pk. Soft, breathable, and stylish sleepwear featuring a matching 3-piece set designed for ultimate comfort and cozy nights.",,,,,,,,,,,,,'1,,,,,,,,black; brown-1; grey-1; pink; red,,,,,,,,,,medium; large; xl; xxl,,,,,,,,,,https://cdn.shopify.com/s/files/1/0618/2368/0740/files/06d482a2-c1fe-480f-9e9b-f59fd5ea555f.webp?v=1781786719,g,,,true,,,active
heart-love-women-night-suit-pj-3-pieces-set,,,,,,,,,medium,,,brown-1,,,,,'10710228,500.0,shopify,98,deny,manual,2499.00,,true,false,,,,,'10710228,https://cdn.shopify.com/s/files/1/0618/2368/0740/files/9768fa4c-5381-4387-83ce-f8437749a5ba.webp?v=1781786822,2,"",,,,,,,,,,,,,,,,,,,,,,,,,,,,,,,,,,,,,,,,,,,,https://cdn.shopify.com/s/files/1/0618/2368/0740/files/9768fa4c-5381-4387-83ce-f8437749a5ba.webp?v=1781786822,g,,,,,,
heart-love-women-night-suit-pj-3-pieces-set,,,,,,,,,medium,,,grey-1,,,,,'10710229,500.0,shopify,100,deny,manual,2499.00,,true,false,,,,,'10710229,https://cdn.shopify.com/s/files/1/0618/2368/0740/files/4ba08dbf-b9f9-4699-9a15-ec1aca6f486c.webp?v=1781786719,3,"",,,,,,,,,,,,,,,,,,,,,,,,,,,,,,,,,,,,,,,,,,,,https://cdn.shopify.com/s/files/1/0618/2368/0740/files/4ba08dbf-b9f9-4699-9a15-ec1aca6f486c.webp?v=1781786719,g,,,,,,
heart-love-women-night-suit-pj-3-pieces-set,,,,,,,,,medium,,,pink,,,,,'10710230,500.0,shopify,96,deny,manual,2499.00,,true,false,,,,,'10710230,https://cdn.shopify.com/s/files/1/0618/2368/0740/files/9768fa4c-5381-4387-83ce-f8437749a5ba_3d9f82bd-1faa-401e-8423-3de32fa350ef.webp?v=1781786826,4,"",,,,,,,,,,,,,,,,,,,,,,,,,,,,,,,,,,,,,,,,,,,,https://cdn.shopify.com/s/files/1/0618/2368/0740/files/6ad49005-29a5-4628-bfac-19ebaee9bbaf.webp?v=1781786583,g,,,,,,
heart-love-women-night-suit-pj-3-pieces-set,,,,,,,,,medium,,,red,,,,,'10759319,500.0,shopify,123,deny,manual,2499.00,,true,false,,,,,'10759319,https://cdn.shopify.com/s/files/1/0618/2368/0740/files/37b92764-5040-4535-9174-d59f56887b3f.webp?v=1781786914,5,"",,,,,,,,,,,,,,,,,,,,,,,,,,,,,,,,,,,,,,,,,,,,https://cdn.shopify.com/s/files/1/0618/2368/0740/files/37b92764-5040-4535-9174-d59f56887b3f.webp?v=1781786914,g,,,,,,
heart-love-women-night-suit-pj-3-pieces-set,,,,,,,,,large,,,black,,,,,'10710231,500.0,shopify,97,deny,manual,2499.00,,true,false,,,,,'10710231,https://cdn.shopify.com/s/files/1/0618/2368/0740/files/Screenshot_2026-02-03_155735_540x_360x_64933dd8-f86b-47f8-a0ee-7c243290f9bc.webp?v=1781786644,6,"",,,,,,,,,,,,,,,,,,,,,,,,,,,,,,,,,,,,,,,,,,,,https://cdn.shopify.com/s/files/1/0618/2368/0740/files/06d482a2-c1fe-480f-9e9b-f59fd5ea555f.webp?v=1781786719,g,,,,,,
heart-love-women-night-suit-pj-3-pieces-set,,,,,,,,,large,,,brown-1,,,,,'10710232,500.0,shopify,97,deny,manual,2499.00,,true,false,,,,,'10710232,https://cdn.shopify.com/s/files/1/0618/2368/0740/files/6ad49005-29a5-4628-bfac-19ebaee9bbaf.webp?v=1781786583,7,"",,,,,,,,,,,,,,,,,,,,,,,,,,,,,,,,,,,,,,,,,,,,https://cdn.shopify.com/s/files/1/0618/2368/0740/files/9768fa4c-5381-4387-83ce-f8437749a5ba.webp?v=1781786822,g,,,,,,
heart-love-women-night-suit-pj-3-pieces-set,,,,,,,,,large,,,grey-1,,,,,'10710233,500.0,shopify,99,deny,manual,2499.00,,true,false,,,,,'10710233,,,,,,,,,,,,,,,,,,,,,,,,,,,,,,,,,,,,,,,,,,,,,,,https://cdn.shopify.com/s/files/1/0618/2368/0740/files/4ba08dbf-b9f9-4699-9a15-ec1aca6f486c.webp?v=1781786719,g,,,,,,
heart-love-women-night-suit-pj-3-pieces-set,,,,,,,,,large,,,pink,,,,,'10710234,500.0,shopify,97,deny,manual,2499.00,,true,false,,,,,'10710234,,,,,,,,,,,,,,,,,,,,,,,,,,,,,,,,,,,,,,,,,,,,,,,https://cdn.shopify.com/s/files/1/0618/2368/0740/files/6ad49005-29a5-4628-bfac-19ebaee9bbaf.webp?v=1781786583,g,,,,,,
heart-love-women-night-suit-pj-3-pieces-set,,,,,,,,,large,,,red,,,,,'10759320,500.0,shopify,123,deny,manual,2499.00,,true,false,,,,,'10759320,,,,,,,,,,,,,,,,,,,,,,,,,,,,,,,,,,,,,,,,,,,,,,,https://cdn.shopify.com/s/files/1/0618/2368/0740/files/37b92764-5040-4535-9174-d59f56887b3f.webp?v=1781786914,g,,,,,,
heart-love-women-night-suit-pj-3-pieces-set,,,,,,,,,xl,,,black,,,,,'10710235,500.0,shopify,93,deny,manual,2499.00,,true,false,,,,,'10710235,,,,,,,,,,,,,,,,,,,,,,,,,,,,,,,,,,,,,,,,,,,,,,,https://cdn.shopify.com/s/files/1/0618/2368/0740/files/06d482a2-c1fe-480f-9e9b-f59fd5ea555f.webp?v=1781786719,g,,,,,,
heart-love-women-night-suit-pj-3-pieces-set,,,,,,,,,xl,,,brown-1,,,,,'10710236,500.0,shopify,99,deny,manual,2499.00,,true,false,,,,,'10710236,,,,,,,,,,,,,,,,,,,,,,,,,,,,,,,,,,,,,,,,,,,,,,,https://cdn.shopify.com/s/files/1/0618/2368/0740/files/9768fa4c-5381-4387-83ce-f8437749a5ba.webp?v=1781786822,g,,,,,,
heart-love-women-night-suit-pj-3-pieces-set,,,,,,,,,xl,,,grey-1,,,,,'10710237,500.0,shopify,99,deny,manual,2499.00,,true,false,,,,,'10710237,,,,,,,,,,,,,,,,,,,,,,,,,,,,,,,,,,,,,,,,,,,,,,,https://cdn.shopify.com/s/files/1/0618/2368/0740/files/4ba08dbf-b9f9-4699-9a15-ec1aca6f486c.webp?v=1781786719,g,,,,,,
heart-love-women-night-suit-pj-3-pieces-set,,,,,,,,,xl,,,pink,,,,,'10710238,500.0,shopify,97,deny,manual,2499.00,,true,false,,,,,'10710238,,,,,,,,,,,,,,,,,,,,,,,,,,,,,,,,,,,,,,,,,,,,,,,https://cdn.shopify.com/s/files/1/0618/2368/0740/files/6ad49005-29a5-4628-bfac-19ebaee9bbaf.webp?v=1781786583,g,,,,,,
heart-love-women-night-suit-pj-3-pieces-set,,,,,,,,,xl,,,red,,,,,'10759321,500.0,shopify,123,deny,manual,2499.00,,true,false,,,,,'10759321,,,,,,,,,,,,,,,,,,,,,,,,,,,,,,,,,,,,,,,,,,,,,,,https://cdn.shopify.com/s/files/1/0618/2368/0740/files/37b92764-5040-4535-9174-d59f56887b3f.webp?v=1781786914,g,,,,,,
heart-love-women-night-suit-pj-3-pieces-set,,,,,,,,,xxl,,,black,,,,,'10710239,500.0,shopify,94,deny,manual,2699.00,,true,false,,,,,'10710239,,,,,,,,,,,,,,,,,,,,,,,,,,,,,,,,,,,,,,,,,,,,,,,https://cdn.shopify.com/s/files/1/0618/2368/0740/files/06d482a2-c1fe-480f-9e9b-f59fd5ea555f.webp?v=1781786719,g,,,,,,
heart-love-women-night-suit-pj-3-pieces-set,,,,,,,,,xxl,,,brown-1,,,,,'10710240,500.0,shopify,100,deny,manual,2699.00,,true,false,,,,,'10710240,,,,,,,,,,,,,,,,,,,,,,,,,,,,,,,,,,,,,,,,,,,,,,,https://cdn.shopify.com/s/files/1/0618/2368/0740/files/9768fa4c-5381-4387-83ce-f8437749a5ba.webp?v=1781786822,g,,,,,,
heart-love-women-night-suit-pj-3-pieces-set,,,,,,,,,xxl,,,grey-1,,,,,'10710241,500.0,shopify,98,deny,manual,2699.00,,true,false,,,,,'10710241,,,,,,,,,,,,,,,,,,,,,,,,,,,,,,,,,,,,,,,,,,,,,,,https://cdn.shopify.com/s/files/1/0618/2368/0740/files/4ba08dbf-b9f9-4699-9a15-ec1aca6f486c.webp?v=1781786719,g,,,,,,
heart-love-women-night-suit-pj-3-pieces-set,,,,,,,,,xxl,,,pink,,,,,'10706821,500.0,shopify,99,deny,manual,2699.00,,true,false,,,,,'10706821,,,,,,,,,,,,,,,,,,,,,,,,,,,,,,,,,,,,,,,,,,,,,,,https://cdn.shopify.com/s/files/1/0618/2368/0740/files/6ad49005-29a5-4628-bfac-19ebaee9bbaf.webp?v=1781786583,g,,,,,,
heart-love-women-night-suit-pj-3-pieces-set,,,,,,,,,xxl,,,red,,,,,'10759322,500.0,shopify,123,deny,manual,2699.00,,true,false,,,,,'10759322,,,,,,,,,,,,,,,,,,,,,,,,,,,,,,,,,,,,,,,,,,,,,,,https://cdn.shopify.com/s/files/1/0618/2368/0740/files/37b92764-5040-4535-9174-d59f56887b3f.webp?v=1781786914,g,,,,,,
smiley-women-night-suit-pj-3-pieces-set,Women 3 Pieces Night Suit - Smiley,"<h4>Women 3 Pieces Night Suit - Smiley</h4>
<p class=""isSelectedEnd""><span>Experience the perfect blend of comfort and style with our Women's 3 Pieces Night Suit. Crafted from premium-quality fabric, this sleepwear set is designed to keep you comfortable throughout the night while looking effortlessly elegant.</span></p>
<p class=""isSelectedEnd""><strong><span>Set Includes:</span></strong></p>
<ul data-spread=""false"">
<li>
<p class=""isSelectedEnd""><span>1 Stylish Top</span></p>
</li>
<li>
<p class=""isSelectedEnd""><span>1 Comfortable Trouser</span></p>
</li>
<li>
<p class=""isSelectedEnd""><span>1 Matching Outer Layer</span></p>
</li>
</ul>
<p class=""isSelectedEnd""><strong><span>Product Features:</span></strong><br><span>✔ Soft &amp; Breathable Fabric</span><br><span>✔ Lightweight and Skin-Friendly Material</span><br><span>✔ Relaxed Fit for Maximum Comfort</span><br><span>✔ Durable Stitching and Premium Finish</span><br><span>✔ Ideal for Sleeping, Lounging, and Home Wear</span><br><span>✔ Suitable for All Seasons</span></p>
<p class=""isSelectedEnd""><span>Whether you're relaxing after a long day or enjoying a cozy morning at home, this 3-piece night suit offers the comfort you deserve and the style you love.</span></p>
<p><strong><span>Fabric:</span></strong><span> Premium Cotton Blend</span><br><strong><span>Category:</span></strong><span> Women's Nightwear</span><br><strong><span>Fit:</span></strong><span> Regular Comfort Fit</span><br><strong><span>Care Instructions:</span></strong><span> Machine Washable</span></p>",BBG FASHION,Apparel & Accessories > Clothing > Sleepwear & Loungewear,3 Piece Jersey,3 Piece Nightwear,true,Size,Medium,,Color,black,product.metafields.shopify.color-pattern,,,,'10710204,500.0,shopify,92,deny,manual,2499.00,,true,false,,,,,'10710204,https://cdn.shopify.com/s/files/1/0618/2368/0740/files/WhatsAppImage2024-03-02at5.05.20PM_1.jpg?v=1709732392,1,Smiley Women Night Suit Pj 3 Pieces Set - front view - women's wear Pakistan,false,,"Shop our Women 3 Pieces Night Suit made from soft, breathable cotton for ultimate comfort. Stylish, lightweight, and perfect for sleeping or lounging at home.

",,,,,,,,,,,,,'3,,,,,,,,black; blue-1; brown-1; grey; pink; red,,,,,,,,,,,,,,,,,,,,https://cdn.shopify.com/s/files/1/0618/2368/0740/files/WhatsAppImage2024-03-02at5.05.20PM_1.jpg?v=1709732392,g,,,true,,,active
smiley-women-night-suit-pj-3-pieces-set,,,,,,,,,Medium,,,blue-1,,,,,'10710205,500.0,shopify,94,deny,manual,2499.00,,true,false,,,,,'10710205,https://cdn.shopify.com/s/files/1/0618/2368/0740/files/Gemini_Generated_Image_ub51ylub51ylub51.webp?v=1769685634,2,Smiley Women Night Suit Pj 3 Pieces Set - back view - women's wear Pakistan,,,,,,,,,,,,,,,,,,,,,,,,,,,,,,,,,,,,,,,,,,,,https://cdn.shopify.com/s/files/1/0618/2368/0740/files/WhatsApp_Image_2024-03-04_at_3.11.37_PM.jpg?v=1769685634,g,,,,,,
smiley-women-night-suit-pj-3-pieces-set,,,,,,,,,Medium,,,brown-1,,,,,'10710206,500.0,shopify,98,deny,manual,2499.00,,true,false,,,,,'10710206,https://cdn.shopify.com/s/files/1/0618/2368/0740/files/WhatsApp_Image_2024-03-04_at_3.11.37_PM.jpg?v=1769685634,3,Smiley Women Night Suit Pj 3 Pieces Set - side view - women's wear Pakistan,,,,,,,,,,,,,,,,,,,,,,,,,,,,,,,,,,,,,,,,,,,,https://cdn.shopify.com/s/files/1/0618/2368/0740/files/WhatsApp_Image_2024-03-04_at_5.09.04_PM.jpg?v=1769685634,g,,,,,,
smiley-women-night-suit-pj-3-pieces-set,,,,,,,,,Medium,,,grey,,,,,'10710207,500.0,shopify,97,deny,manual,2499.00,,true,false,,,,,'10710207,https://cdn.shopify.com/s/files/1/0618/2368/0740/files/WhatsApp_Image_2024-03-04_at_5.09.04_PM.jpg?v=1769685634,4,Smiley Women Night Suit Pj 3 Pieces Set - detail shot - women's wear Pakistan,,,,,,,,,,,,,,,,,,,,,,,,,,,,,,,,,,,,,,,,,,,,https://cdn.shopify.com/s/files/1/0618/2368/0740/files/WhatsApp_Image_2024-03-04_at_5.16.42_PM.jpg?v=1769685634,g,,,,,,
smiley-women-night-suit-pj-3-pieces-set,,,,,,,,,Medium,,,pink,,,,,'10710208,500.0,shopify,99,deny,manual,2499.00,,true,false,,,,,'10710208,https://cdn.shopify.com/s/files/1/0618/2368/0740/files/WhatsApp_Image_2024-03-04_at_5.16.42_PM.jpg?v=1769685634,5,Smiley Women Night Suit Pj 3 Pieces Set - close-up detail - women's wear Pakistan,,,,,,,,,,,,,,,,,,,,,,,,,,,,,,,,,,,,,,,,,,,,https://cdn.shopify.com/s/files/1/0618/2368/0740/files/WhatsApp_Image_2024-03-02_at_6.30.09_PM.jpg?v=1769685634,g,,,,,,
smiley-women-night-suit-pj-3-pieces-set,,,,,,,,,Medium,,,red,,,,,'10719440,500.0,shopify,98,deny,manual,2499.00,,true,false,,,,,'10719440,https://cdn.shopify.com/s/files/1/0618/2368/0740/files/WhatsApp_Image_2024-03-02_at_6.30.09_PM.jpg?v=1769685634,6,Smiley Women Night Suit Pj 3 Pieces Set - flat lay - women's wear Pakistan,,,,,,,,,,,,,,,,,,,,,,,,,,,,,,,,,,,,,,,,,,,,https://cdn.shopify.com/s/files/1/0618/2368/0740/files/Gemini_Generated_Image_ub51ylub51ylub51.webp?v=1769685634,g,,,,,,
smiley-women-night-suit-pj-3-pieces-set,,,,,,,,,Large,,,black,,,,,'10710210,500.0,shopify,93,deny,manual,2499.00,,true,false,,,,,'10710210,https://cdn.shopify.com/s/files/1/0618/2368/0740/files/WhatsAppImage2023-03-31at4.23.41PM_e7ec9f99-e2a0-4b7a-97a6-1eb05a3c74fe.jpg?v=1769685634,7,Smiley Women Night Suit Pj 3 Pieces Set size chart - measurements guide,,,,,,,,,,,,,,,,,,,,,,,,,,,,,,,,,,,,,,,,,,,,https://cdn.shopify.com/s/files/1/0618/2368/0740/files/WhatsAppImage2024-03-02at5.05.20PM_1.jpg?v=1709732392,g,,,,,,
smiley-women-night-suit-pj-3-pieces-set,,,,,,,,,Large,,,blue-1,,,,,'10710211,500.0,shopify,95,deny,manual,2499.00,,true,false,,,,,'10710211,,,,,,,,,,,,,,,,,,,,,,,,,,,,,,,,,,,,,,,,,,,,,,,https://cdn.shopify.com/s/files/1/0618/2368/0740/files/WhatsApp_Image_2024-03-04_at_3.11.37_PM.jpg?v=1769685634,g,,,,,,
smiley-women-night-suit-pj-3-pieces-set,,,,,,,,,Large,,,brown-1,,,,,'10710212,500.0,shopify,98,deny,manual,2499.00,,true,false,,,,,'10710212,,,,,,,,,,,,,,,,,,,,,,,,,,,,,,,,,,,,,,,,,,,,,,,https://cdn.shopify.com/s/files/1/0618/2368/0740/files/WhatsApp_Image_2024-03-04_at_5.09.04_PM.jpg?v=1769685634,g,,,,,,
smiley-women-night-suit-pj-3-pieces-set,,,,,,,,,Large,,,grey,,,,,'10710213,500.0,shopify,97,deny,manual,2499.00,,true,false,,,,,'10710213,,,,,,,,,,,,,,,,,,,,,,,,,,,,,,,,,,,,,,,,,,,,,,,https://cdn.shopify.com/s/files/1/0618/2368/0740/files/WhatsApp_Image_2024-03-04_at_5.16.42_PM.jpg?v=1769685634,g,,,,,,
smiley-women-night-suit-pj-3-pieces-set,,,,,,,,,Large,,,pink,,,,,'10710214,500.0,shopify,99,deny,manual,2499.00,,true,false,,,,,'10710214,,,,,,,,,,,,,,,,,,,,,,,,,,,,,,,,,,,,,,,,,,,,,,,https://cdn.shopify.com/s/files/1/0618/2368/0740/files/WhatsApp_Image_2024-03-02_at_6.30.09_PM.jpg?v=1769685634,g,,,,,,
smiley-women-night-suit-pj-3-pieces-set,,,,,,,,,Large,,,red,,,,,'10719441,500.0,shopify,100,deny,manual,2499.00,,true,false,,,,,'10719441,,,,,,,,,,,,,,,,,,,,,,,,,,,,,,,,,,,,,,,,,,,,,,,https://cdn.shopify.com/s/files/1/0618/2368/0740/files/Gemini_Generated_Image_ub51ylub51ylub51.webp?v=1769685634,g,,,,,,
smiley-women-night-suit-pj-3-pieces-set,,,,,,,,,XL,,,black,,,,,'10710216,500.0,shopify,98,deny,manual,2499.00,,true,false,,,,,'10710216,,,,,,,,,,,,,,,,,,,,,,,,,,,,,,,,,,,,,,,,,,,,,,,https://cdn.shopify.com/s/files/1/0618/2368/0740/files/WhatsAppImage2024-03-02at5.05.20PM_1.jpg?v=1709732392,g,,,,,,
smiley-women-night-suit-pj-3-pieces-set,,,,,,,,,XL,,,blue-1,,,,,'10710217,500.0,shopify,99,deny,manual,2499.00,,true,false,,,,,'10710217,,,,,,,,,,,,,,,,,,,,,,,,,,,,,,,,,,,,,,,,,,,,,,,https://cdn.shopify.com/s/files/1/0618/2368/0740/files/WhatsApp_Image_2024-03-04_at_3.11.37_PM.jpg?v=1769685634,g,,,,,,
smiley-women-night-suit-pj-3-pieces-set,,,,,,,,,XL,,,brown-1,,,,,'10710218,500.0,shopify,99,deny,manual,2499.00,,true,false,,,,,'10710218,,,,,,,,,,,,,,,,,,,,,,,,,,,,,,,,,,,,,,,,,,,,,,,https://cdn.shopify.com/s/files/1/0618/2368/0740/files/WhatsApp_Image_2024-03-04_at_5.09.04_PM.jpg?v=1769685634,g,,,,,,
smiley-women-night-suit-pj-3-pieces-set,,,,,,,,,XL,,,grey,,,,,'10710219,500.0,shopify,100,deny,manual,2499.00,,true,false,,,,,'10710219,,,,,,,,,,,,,,,,,,,,,,,,,,,,,,,,,,,,,,,,,,,,,,,https://cdn.shopify.com/s/files/1/0618/2368/0740/files/WhatsApp_Image_2024-03-04_at_5.16.42_PM.jpg?v=1769685634,g,,,,,,
smiley-women-night-suit-pj-3-pieces-set,,,,,,,,,XL,,,pink,,,,,'10710220,500.0,shopify,99,deny,manual,2499.00,,true,false,,,,,'10710220,,,,,,,,,,,,,,,,,,,,,,,,,,,,,,,,,,,,,,,,,,,,,,,https://cdn.shopify.com/s/files/1/0618/2368/0740/files/WhatsApp_Image_2024-03-02_at_6.30.09_PM.jpg?v=1769685634,g,,,,,,
smiley-women-night-suit-pj-3-pieces-set,,,,,,,,,XL,,,red,,,,,'10719442,500.0,shopify,100,deny,manual,2499.00,,true,false,,,,,'10719442,,,,,,,,,,,,,,,,,,,,,,,,,,,,,,,,,,,,,,,,,,,,,,,https://cdn.shopify.com/s/files/1/0618/2368/0740/files/Gemini_Generated_Image_ub51ylub51ylub51.webp?v=1769685634,g,,,,,,
smiley-women-night-suit-pj-3-pieces-set,,,,,,,,,XXL,,,black,,,,,'10710222,500.0,shopify,97,deny,manual,2699.00,,true,false,,,,,'10710222,,,,,,,,,,,,,,,,,,,,,,,,,,,,,,,,,,,,,,,,,,,,,,,https://cdn.shopify.com/s/files/1/0618/2368/0740/files/WhatsAppImage2024-03-02at5.05.20PM_1.jpg?v=1709732392,g,,,,,,
smiley-women-night-suit-pj-3-pieces-set,,,,,,,,,XXL,,,blue-1,,,,,'10710223,500.0,shopify,100,deny,manual,2699.00,,true,false,,,,,'10710223,,,,,,,,,,,,,,,,,,,,,,,,,,,,,,,,,,,,,,,,,,,,,,,https://cdn.shopify.com/s/files/1/0618/2368/0740/files/WhatsApp_Image_2024-03-04_at_3.11.37_PM.jpg?v=1769685634,g,,,,,,
smiley-women-night-suit-pj-3-pieces-set,,,,,,,,,XXL,,,brown-1,,,,,'10710224,500.0,shopify,99,deny,manual,2699.00,,true,false,,,,,'10710224,,,,,,,,,,,,,,,,,,,,,,,,,,,,,,,,,,,,,,,,,,,,,,,https://cdn.shopify.com/s/files/1/0618/2368/0740/files/WhatsApp_Image_2024-03-04_at_5.09.04_PM.jpg?v=1769685634,g,,,,,,
smiley-women-night-suit-pj-3-pieces-set,,,,,,,,,XXL,,,grey,,,,,'10710225,500.0,shopify,99,deny,manual,2699.00,,true,false,,,,,'10710225,,,,,,,,,,,,,,,,,,,,,,,,,,,,,,,,,,,,,,,,,,,,,,,https://cdn.shopify.com/s/files/1/0618/2368/0740/files/WhatsApp_Image_2024-03-04_at_5.16.42_PM.jpg?v=1769685634,g,,,,,,
smiley-women-night-suit-pj-3-pieces-set,,,,,,,,,XXL,,,pink,,,,,'10710226,500.0,shopify,100,deny,manual,2699.00,,true,false,,,,,'10710226,,,,,,,,,,,,,,,,,,,,,,,,,,,,,,,,,,,,,,,,,,,,,,,https://cdn.shopify.com/s/files/1/0618/2368/0740/files/WhatsApp_Image_2024-03-02_at_6.30.09_PM.jpg?v=1769685634,g,,,,,,
smiley-women-night-suit-pj-3-pieces-set,,,,,,,,,XXL,,,red,,,,,'10719443,500.0,shopify,100,deny,manual,2699.00,,true,false,,,,,'10719443,,,,,,,,,,,,,,,,,,,,,,,,,,,,,,,,,,,,,,,,,,,,,,,https://cdn.shopify.com/s/files/1/0618/2368/0740/files/Gemini_Generated_Image_ub51ylub51ylub51.webp?v=1769685634,g,,,,,,
cat-printed-women-night-suit-pj-3-pieces-set,Cat Printed Women Night Suit PJ 3 Pieces Set,"<h4>Cat Printed Women Night Suit PJ 3 Pieces Set</h4>
<ul class="""">
<li class="""">Three Piece Long Sleeve + Vest + Loose Trouser</li>
<li class="""">Night Suits for Women very attractive and trendy design</li>
<li class="""">Blended Cotton jersey stuff which will provide you most comfort zone at night</li>
<li class="""">washable Stuff but suitable for hand wash for long lasting of the night wear</li>
<li class="""">Not Suitable For Machine wash as this will reduce the durably of the night wear</li>
<li class="""">Export quality fabric use in the production of night suit</li>
<li class="""">Mostly suitable for wearing in summers</li>
<li class="""">Premium and highly professional print work done on the night wear</li>
<li class="""">Round neck style night wear</li>
<li class="""">Long sleeves with round cuff</li>
<li class="""">Loose fitting trouser with extra stretchable material which will relax you more after wearing</li>
<li class="""">Trouser has no pockets</li>
<li class="""">Maximum durably of night wear is 7 months ( if you wash daily basis)</li>
<li class="""">Good Quality Elastic in trouser with maximum stretch</li>
<li class="""">Best Quality of stitching</li>
</ul>",BBG FASHION,Apparel & Accessories > Clothing > Sleepwear & Loungewear,3 Piece Jersey,"3 Piece Nightwear, NEW ARRIVAL, woo",false,Size,Medium,,Material,Soft Jersey,,Color,light blue,,'10710181,500.0,shopify,98,deny,manual,1999.00,,true,false,,,,,'10710181,https://cdn.shopify.com/s/files/1/0618/2368/0740/files/WhatsAppImage2024-03-02at5.05.25PM_2.jpg?v=1709731545,1,Cat Printed Women Night Suit Pj 3 Pieces Set - front view - women's wear Pakistan,false,,"Shop Women’s Nightwear & Loungewear in Pakistan. Explore 3 piece night suits,
stylish sleepwear & plus size nightwear in all sizes & colors.",,,,,,,,,,,,,,,,,,,,,,,,,,,,,,,,,,,,,,,,,https://cdn.shopify.com/s/files/1/0618/2368/0740/files/WhatsApp_Image_2025-02-12_at_6.30.19_PM.jpg?v=1739369373,g,,,true,,,draft
cat-printed-women-night-suit-pj-3-pieces-set,,,,,,,,,Medium,,,Soft Jersey,,,Black,,'10710182,500.0,shopify,100,deny,manual,1999.00,,true,false,,,,,'10710182,https://cdn.shopify.com/s/files/1/0618/2368/0740/files/WhatsApp_Image_2024-03-04_at_3.12.14_PM.jpg?v=1709731593,2,Cat Printed Women Night Suit Pj 3 Pieces Set - side view - women's wear Pakistan,,,,,,,,,,,,,,,,,,,,,,,,,,,,,,,,,,,,,,,,,,,,https://cdn.shopify.com/s/files/1/0618/2368/0740/files/WhatsAppImage2024-03-02at5.05.25PM_2.jpg?v=1709731545,g,,,,,,
cat-printed-women-night-suit-pj-3-pieces-set,,,,,,,,,Medium,,,Soft Jersey,,,Blue,,'10710183,500.0,shopify,98,deny,manual,1999.00,,true,false,,,,,'10710183,https://cdn.shopify.com/s/files/1/0618/2368/0740/files/WhatsApp_Image_2024-03-04_at_5.09.15_PM.jpg?v=1709731608,3,Cat Printed Women Night Suit Pj 3 Pieces Set - detail shot - women's wear Pakistan,,,,,,,,,,,,,,,,,,,,,,,,,,,,,,,,,,,,,,,,,,,,https://cdn.shopify.com/s/files/1/0618/2368/0740/files/WhatsApp_Image_2024-03-04_at_3.12.14_PM.jpg?v=1709731593,g,,,,,,
cat-printed-women-night-suit-pj-3-pieces-set,,,,,,,,,Medium,,,Soft Jersey,,,Brown,,'10710184,500.0,shopify,99,deny,manual,1999.00,,true,false,,,,,'10710184,https://cdn.shopify.com/s/files/1/0618/2368/0740/files/WhatsApp_Image_2024-03-04_at_5.16.45_PM.jpg?v=1709731624,4,Cat Printed Women Night Suit Pj 3 Pieces Set - front view - women's wear Pakistan,,,,,,,,,,,,,,,,,,,,,,,,,,,,,,,,,,,,,,,,,,,,https://cdn.shopify.com/s/files/1/0618/2368/0740/files/WhatsApp_Image_2024-03-04_at_5.09.15_PM.jpg?v=1709731608,g,,,,,,
cat-printed-women-night-suit-pj-3-pieces-set,,,,,,,,,Medium,,,Soft Jersey,,,Grey,,'10710185,500.0,shopify,99,deny,manual,1999.00,,true,false,,,,,'10710185,https://cdn.shopify.com/s/files/1/0618/2368/0740/files/WhatsApp_Image_2024-03-02_at_6.30.08_PM_1.jpg?v=1709731638,5,Cat Printed Women Night Suit Pj 3 Pieces Set - back view - women's wear Pakistan,,,,,,,,,,,,,,,,,,,,,,,,,,,,,,,,,,,,,,,,,,,,https://cdn.shopify.com/s/files/1/0618/2368/0740/files/WhatsApp_Image_2024-03-04_at_5.16.45_PM.jpg?v=1709731624,g,,,,,,
cat-printed-women-night-suit-pj-3-pieces-set,,,,,,,,,Medium,,,Soft Jersey,,,Pink,,'10710186,500.0,shopify,100,deny,manual,1999.00,,true,false,,,,,'10710186,https://cdn.shopify.com/s/files/1/0618/2368/0740/files/WhatsApp_Image_2025-02-12_at_6.30.19_PM.jpg?v=1739369373,6,Cat Printed Women Night Suit Pj 3 Pieces Set - side view - women's wear Pakistan,,,,,,,,,,,,,,,,,,,,,,,,,,,,,,,,,,,,,,,,,,,,https://cdn.shopify.com/s/files/1/0618/2368/0740/files/WhatsApp_Image_2024-03-02_at_6.30.08_PM_1.jpg?v=1709731638,g,,,,,,
cat-printed-women-night-suit-pj-3-pieces-set,,,,,,,,,Large,,,Soft Jersey,,,light blue,,'10710187,500.0,shopify,100,deny,manual,1999.00,,true,false,,,,,'10710187,https://cdn.shopify.com/s/files/1/0618/2368/0740/files/Sizechart_7f64313e-2a29-44c6-a4d6-5814e1cc8491.jpg?v=1709731545,7,Cat Printed Women Night Suit Pj 3 Pieces Set size chart - measurements guide,,,,,,,,,,,,,,,,,,,,,,,,,,,,,,,,,,,,,,,,,,,,https://cdn.shopify.com/s/files/1/0618/2368/0740/files/WhatsApp_Image_2025-02-12_at_6.30.19_PM.jpg?v=1739369373,g,,,,,,
cat-printed-women-night-suit-pj-3-pieces-set,,,,,,,,,Large,,,Soft Jersey,,,Black,,'10710188,500.0,shopify,94,deny,manual,1999.00,,true,false,,,,,'10710188,,,,,,,,,,,,,,,,,,,,,,,,,,,,,,,,,,,,,,,,,,,,,,,https://cdn.shopify.com/s/files/1/0618/2368/0740/files/WhatsAppImage2024-03-02at5.05.25PM_2.jpg?v=1709731545,g,,,,,,
cat-printed-women-night-suit-pj-3-pieces-set,,,,,,,,,Large,,,Soft Jersey,,,Blue,,'10710189,500.0,shopify,98,deny,manual,1999.00,,true,false,,,,,'10710189,,,,,,,,,,,,,,,,,,,,,,,,,,,,,,,,,,,,,,,,,,,,,,,https://cdn.shopify.com/s/files/1/0618/2368/0740/files/WhatsApp_Image_2024-03-04_at_3.12.14_PM.jpg?v=1709731593,g,,,,,,
cat-printed-women-night-suit-pj-3-pieces-set,,,,,,,,,Large,,,Soft Jersey,,,Brown,,'10710190,500.0,shopify,98,deny,manual,1999.00,,true,false,,,,,'10710190,,,,,,,,,,,,,,,,,,,,,,,,,,,,,,,,,,,,,,,,,,,,,,,https://cdn.shopify.com/s/files/1/0618/2368/0740/files/WhatsApp_Image_2024-03-04_at_5.09.15_PM.jpg?v=1709731608,g,,,,,,
cat-printed-women-night-suit-pj-3-pieces-set,,,,,,,,,Large,,,Soft Jersey,,,Grey,,'10710191,500.0,shopify,100,deny,manual,1999.00,,true,false,,,,,'10710191,,,,,,,,,,,,,,,,,,,,,,,,,,,,,,,,,,,,,,,,,,,,,,,https://cdn.shopify.com/s/files/1/0618/2368/0740/files/WhatsApp_Image_2024-03-04_at_5.16.45_PM.jpg?v=1709731624,g,,,,,,
cat-printed-women-night-suit-pj-3-pieces-set,,,,,,,,,Large,,,Soft Jersey,,,Pink,,'10710192,500.0,shopify,99,deny,manual,1999.00,,true,false,,,,,'10710192,,,,,,,,,,,,,,,,,,,,,,,,,,,,,,,,,,,,,,,,,,,,,,,https://cdn.shopify.com/s/files/1/0618/2368/0740/files/WhatsApp_Image_2024-03-02_at_6.30.08_PM_1.jpg?v=1709731638,g,,,,,,
cat-printed-women-night-suit-pj-3-pieces-set,,,,,,,,,XL,,,Soft Jersey,,,light blue,,'10710193,500.0,shopify,100,deny,manual,2299.00,,true,false,,,,,'10710193,,,,,,,,,,,,,,,,,,,,,,,,,,,,,,,,,,,,,,,,,,,,,,,https://cdn.shopify.com/s/files/1/0618/2368/0740/files/WhatsApp_Image_2025-02-12_at_6.30.19_PM.jpg?v=1739369373,g,,,,,,
cat-printed-women-night-suit-pj-3-pieces-set,,,,,,,,,XL,,,Soft Jersey,,,Black,,'10710194,500.0,shopify,93,deny,manual,2299.00,,true,false,,,,,'10710194,,,,,,,,,,,,,,,,,,,,,,,,,,,,,,,,,,,,,,,,,,,,,,,https://cdn.shopify.com/s/files/1/0618/2368/0740/files/WhatsAppImage2024-03-02at5.05.25PM_2.jpg?v=1709731545,g,,,,,,
cat-printed-women-night-suit-pj-3-pieces-set,,,,,,,,,XL,,,Soft Jersey,,,Blue,,'10710195,500.0,shopify,100,deny,manual,2299.00,,true,false,,,,,'10710195,,,,,,,,,,,,,,,,,,,,,,,,,,,,,,,,,,,,,,,,,,,,,,,https://cdn.shopify.com/s/files/1/0618/2368/0740/files/WhatsApp_Image_2024-03-04_at_3.12.14_PM.jpg?v=1709731593,g,,,,,,
cat-printed-women-night-suit-pj-3-pieces-set,,,,,,,,,XL,,,Soft Jersey,,,Brown,,'10710196,500.0,shopify,99,deny,manual,2299.00,,true,false,,,,,'10710196,,,,,,,,,,,,,,,,,,,,,,,,,,,,,,,,,,,,,,,,,,,,,,,https://cdn.shopify.com/s/files/1/0618/2368/0740/files/WhatsApp_Image_2024-03-04_at_5.09.15_PM.jpg?v=1709731608,g,,,,,,
cat-printed-women-night-suit-pj-3-pieces-set,,,,,,,,,XL,,,Soft Jersey,,,Grey,,'10710197,500.0,shopify,100,deny,manual,2299.00,,true,false,,,,,'10710197,,,,,,,,,,,,,,,,,,,,,,,,,,,,,,,,,,,,,,,,,,,,,,,https://cdn.shopify.com/s/files/1/0618/2368/0740/files/WhatsApp_Image_2024-03-04_at_5.16.45_PM.jpg?v=1709731624,g,,,,,,
cat-printed-women-night-suit-pj-3-pieces-set,,,,,,,,,XL,,,Soft Jersey,,,Pink,,'10710198,500.0,shopify,100,deny,manual,2299.00,,true,false,,,,,'10710198,,,,,,,,,,,,,,,,,,,,,,,,,,,,,,,,,,,,,,,,,,,,,,,https://cdn.shopify.com/s/files/1/0618/2368/0740/files/WhatsApp_Image_2024-03-02_at_6.30.08_PM_1.jpg?v=1709731638,g,,,,,,
cat-printed-women-night-suit-pj-3-pieces-set,,,,,,,,,XXL,,,Soft Jersey,,,light blue,,'10710199,500.0,shopify,100,deny,manual,2499.00,,true,false,,,,,'10710199,,,,,,,,,,,,,,,,,,,,,,,,,,,,,,,,,,,,,,,,,,,,,,,https://cdn.shopify.com/s/files/1/0618/2368/0740/files/WhatsApp_Image_2025-02-12_at_6.30.19_PM.jpg?v=1739369373,g,,,,,,
cat-printed-women-night-suit-pj-3-pieces-set,,,,,,,,,XXL,,,Soft Jersey,,,Black,,'10710200,500.0,shopify,98,deny,manual,2499.00,,true,false,,,,,'10710200,,,,,,,,,,,,,,,,,,,,,,,,,,,,,,,,,,,,,,,,,,,,,,,https://cdn.shopify.com/s/files/1/0618/2368/0740/files/WhatsAppImage2024-03-02at5.05.25PM_2.jpg?v=1709731545,g,,,,,,
cat-printed-women-night-suit-pj-3-pieces-set,,,,,,,,,XXL,,,Soft Jersey,,,Blue,,'10710201,500.0,shopify,100,deny,manual,2499.00,,true,false,,,,,'10710201,,,,,,,,,,,,,,,,,,,,,,,,,,,,,,,,,,,,,,,,,,,,,,,https://cdn.shopify.com/s/files/1/0618/2368/0740/files/WhatsApp_Image_2024-03-04_at_3.12.14_PM.jpg?v=1709731593,g,,,,,,
cat-printed-women-night-suit-pj-3-pieces-set,,,,,,,,,XXL,,,Soft Jersey,,,Brown,,'10710202,500.0,shopify,100,deny,manual,2499.00,,true,false,,,,,'10710202,,,,,,,,,,,,,,,,,,,,,,,,,,,,,,,,,,,,,,,,,,,,,,,https://cdn.shopify.com/s/files/1/0618/2368/0740/files/WhatsApp_Image_2024-03-04_at_5.09.15_PM.jpg?v=1709731608,g,,,,,,
cat-printed-women-night-suit-pj-3-pieces-set,,,,,,,,,XXL,,,Soft Jersey,,,Grey,,'10710203,500.0,shopify,100,deny,manual,2499.00,,true,false,,,,,'10710203,,,,,,,,,,,,,,,,,,,,,,,,,,,,,,,,,,,,,,,,,,,,,,,https://cdn.shopify.com/s/files/1/0618/2368/0740/files/WhatsApp_Image_2024-03-04_at_5.16.45_PM.jpg?v=1709731624,g,,,,,,
cat-printed-women-night-suit-pj-3-pieces-set,,,,,,,,,XXL,,,Soft Jersey,,,Pink,,'10706819,500.0,shopify,100,deny,manual,2499.00,,true,false,,,,,'10706819,,,,,,,,,,,,,,,,,,,,,,,,,,,,,,,,,,,,,,,,,,,,,,,https://cdn.shopify.com/s/files/1/0618/2368/0740/files/WhatsApp_Image_2024-03-02_at_6.30.08_PM_1.jpg?v=1709731638,g,,,,,,
two-heart-women-night-suit-pj-3-pieces-set,Two Heart Women Night Suit PJ 3 Pieces Set,"<h4>Two Heart Women Night Suit PJ 3 Pieces Set</h4>
<ul class="""">
<li class="""">Three Piece Long Sleeve + Vest + Loose Trouser</li>
<li class="""">Night Suits for Women very attractive and trendy design</li>
<li class="""">Blended Cotton jersey stuff which will provide you most comfort zone at night</li>
<li class="""">washable Stuff but suitable for hand wash for long lasting of the night wear</li>
<li class="""">Not Suitable For Machine wash as this will reduce the durably of the night wear</li>
<li class="""">Export quality fabric use in the production of night suit</li>
<li class="""">Mostly suitable for wearing in summers</li>
<li class="""">Premium and highly professional print work done on the night wear</li>
<li class="""">Round neck style night wear</li>
<li class="""">Long sleeves with round cuff</li>
<li class="""">Loose fitting trouser with extra stretchable material which will relax you more after wearing</li>
<li class="""">Trouser has no pockets</li>
<li class="""">Maximum durably of night wear is 7 months ( if you wash daily basis)</li>
<li class="""">Good Quality Elastic in trouser with maximum stretch</li>
<li class="""">Best Quality of stitching</li>
</ul>",BBG FASHION,Apparel & Accessories > Clothing > Sleepwear & Loungewear,3 Piece Jersey,"3 Piece Nightwear, NEW ARRIVAL, woo",false,Size,Medium,,Material,Soft Jersey,,Color,Black,,'10710158,500.0,shopify,91,deny,manual,1999.00,,true,false,,,,,'10710158,https://cdn.shopify.com/s/files/1/0618/2368/0740/files/WhatsAppImage2024-03-02at5.05.25PM_1.jpg?v=1709731157,1,Two Heart Women Night Suit Pj 3 Pieces Set - front view - women's wear Pakistan,false,,"Shop Women’s Nightwear & Loungewear in Pakistan. Explore 3 piece night suits,
stylish sleepwear & plus size nightwear in all sizes & colors.",,,,,,,,,,,,,'1,,,,,,,,,,,,,,,,,,,,,,,,,,,,https://cdn.shopify.com/s/files/1/0618/2368/0740/files/WhatsAppImage2024-03-02at5.05.25PM_1.jpg?v=1709731157,g,,,true,,,draft
two-heart-women-night-suit-pj-3-pieces-set,,,,,,,,,Medium,,,Soft Jersey,,,Blue,,'10710159,500.0,shopify,93,deny,manual,1999.00,,true,false,,,,,'10710159,https://cdn.shopify.com/s/files/1/0618/2368/0740/files/Sizechart_3ae70813-e986-4925-8a0e-f5affbc2f1c5.jpg?v=1709731157,2,Two Heart Women Night Suit Pj 3 Pieces Set size chart - measurements guide,,,,,,,,,,,,,,,,,,,,,,,,,,,,,,,,,,,,,,,,,,,,https://cdn.shopify.com/s/files/1/0618/2368/0740/files/WhatsApp_Image_2024-03-04_at_3.12.19_PM.jpg?v=1709731184,g,,,,,,
two-heart-women-night-suit-pj-3-pieces-set,,,,,,,,,Medium,,,Soft Jersey,,,Brown,,'10710160,500.0,shopify,95,deny,manual,1999.00,,true,false,,,,,'10710160,https://cdn.shopify.com/s/files/1/0618/2368/0740/files/WhatsApp_Image_2024-03-04_at_3.12.19_PM.jpg?v=1709731184,3,Two Heart Women Night Suit Pj 3 Pieces Set - side view - women's wear Pakistan,,,,,,,,,,,,,,,,,,,,,,,,,,,,,,,,,,,,,,,,,,,,https://cdn.shopify.com/s/files/1/0618/2368/0740/files/WhatsApp_Image_2024-03-04_at_5.09.27_PM.jpg?v=1709731203,g,,,,,,
two-heart-women-night-suit-pj-3-pieces-set,,,,,,,,,Medium,,,Soft Jersey,,,Grey,,'10710161,500.0,shopify,97,deny,manual,1999.00,,true,false,,,,,'10710161,https://cdn.shopify.com/s/files/1/0618/2368/0740/files/WhatsApp_Image_2024-03-04_at_5.09.27_PM.jpg?v=1709731203,4,Two Heart Women Night Suit Pj 3 Pieces Set - detail shot - women's wear Pakistan,,,,,,,,,,,,,,,,,,,,,,,,,,,,,,,,,,,,,,,,,,,,https://cdn.shopify.com/s/files/1/0618/2368/0740/files/WhatsApp_Image_2024-03-04_at_5.16.46_PM.jpg?v=1709731218,g,,,,,,
two-heart-women-night-suit-pj-3-pieces-set,,,,,,,,,Medium,,,Soft Jersey,,,Pink,,'10710162,500.0,shopify,98,deny,manual,1999.00,,true,false,,,,,'10710162,https://cdn.shopify.com/s/files/1/0618/2368/0740/files/WhatsApp_Image_2024-03-04_at_5.16.46_PM.jpg?v=1709731218,5,Two Heart Women Night Suit Pj 3 Pieces Set - front view - women's wear Pakistan,,,,,,,,,,,,,,,,,,,,,,,,,,,,,,,,,,,,,,,,,,,,https://cdn.shopify.com/s/files/1/0618/2368/0740/files/WhatsApp_Image_2024-03-02_at_6.30.08_PM.jpg?v=1709731239,g,,,,,,
two-heart-women-night-suit-pj-3-pieces-set,,,,,,,,,Medium,,,Soft Jersey,,,light blue,,'10710163,500.0,shopify,100,deny,manual,1999.00,,true,false,,,,,'10710163,https://cdn.shopify.com/s/files/1/0618/2368/0740/files/WhatsApp_Image_2024-03-02_at_6.30.08_PM.jpg?v=1709731239,6,Two Heart Women Night Suit Pj 3 Pieces Set - back view - women's wear Pakistan,,,,,,,,,,,,,,,,,,,,,,,,,,,,,,,,,,,,,,,,,,,,https://cdn.shopify.com/s/files/1/0618/2368/0740/files/WhatsApp_Image_2025-02-12_at_6.30.18_PM_3.jpg?v=1739370212,g,,,,,,
two-heart-women-night-suit-pj-3-pieces-set,,,,,,,,,Large,,,Soft Jersey,,,Black,,'10710164,500.0,shopify,95,deny,manual,1999.00,,true,false,,,,,'10710164,https://cdn.shopify.com/s/files/1/0618/2368/0740/files/WhatsApp_Image_2025-02-12_at_6.30.18_PM_3.jpg?v=1739370212,7,Two Heart Women Night Suit Pj 3 Pieces Set - side view - women's wear Pakistan,,,,,,,,,,,,,,,,,,,,,,,,,,,,,,,,,,,,,,,,,,,,https://cdn.shopify.com/s/files/1/0618/2368/0740/files/WhatsAppImage2024-03-02at5.05.25PM_1.jpg?v=1709731157,g,,,,,,
two-heart-women-night-suit-pj-3-pieces-set,,,,,,,,,Large,,,Soft Jersey,,,Blue,,'10710165,500.0,shopify,95,deny,manual,1999.00,,true,false,,,,,'10710165,,,,,,,,,,,,,,,,,,,,,,,,,,,,,,,,,,,,,,,,,,,,,,,https://cdn.shopify.com/s/files/1/0618/2368/0740/files/WhatsApp_Image_2024-03-04_at_3.12.19_PM.jpg?v=1709731184,g,,,,,,
two-heart-women-night-suit-pj-3-pieces-set,,,,,,,,,Large,,,Soft Jersey,,,Brown,,'10710166,500.0,shopify,99,deny,manual,1999.00,,true,false,,,,,'10710166,,,,,,,,,,,,,,,,,,,,,,,,,,,,,,,,,,,,,,,,,,,,,,,https://cdn.shopify.com/s/files/1/0618/2368/0740/files/WhatsApp_Image_2024-03-04_at_5.09.27_PM.jpg?v=1709731203,g,,,,,,
two-heart-women-night-suit-pj-3-pieces-set,,,,,,,,,Large,,,Soft Jersey,,,Grey,,'10710167,500.0,shopify,98,deny,manual,1999.00,,true,false,,,,,'10710167,,,,,,,,,,,,,,,,,,,,,,,,,,,,,,,,,,,,,,,,,,,,,,,https://cdn.shopify.com/s/files/1/0618/2368/0740/files/WhatsApp_Image_2024-03-04_at_5.16.46_PM.jpg?v=1709731218,g,,,,,,
two-heart-women-night-suit-pj-3-pieces-set,,,,,,,,,Large,,,Soft Jersey,,,Pink,,'10710168,500.0,shopify,98,deny,manual,1999.00,,true,false,,,,,'10710168,,,,,,,,,,,,,,,,,,,,,,,,,,,,,,,,,,,,,,,,,,,,,,,https://cdn.shopify.com/s/files/1/0618/2368/0740/files/WhatsApp_Image_2024-03-02_at_6.30.08_PM.jpg?v=1709731239,g,,,,,,
two-heart-women-night-suit-pj-3-pieces-set,,,,,,,,,Large,,,Soft Jersey,,,light blue,,'10710169,500.0,shopify,100,deny,manual,1999.00,,true,false,,,,,'10710169,,,,,,,,,,,,,,,,,,,,,,,,,,,,,,,,,,,,,,,,,,,,,,,https://cdn.shopify.com/s/files/1/0618/2368/0740/files/WhatsApp_Image_2025-02-12_at_6.30.18_PM_3.jpg?v=1739370212,g,,,,,,
two-heart-women-night-suit-pj-3-pieces-set,,,,,,,,,XL,,,Soft Jersey,,,Black,,'10710170,500.0,shopify,94,deny,manual,2299.00,,true,false,,,,,'10710170,,,,,,,,,,,,,,,,,,,,,,,,,,,,,,,,,,,,,,,,,,,,,,,https://cdn.shopify.com/s/files/1/0618/2368/0740/files/WhatsAppImage2024-03-02at5.05.25PM_1.jpg?v=1709731157,g,,,,,,
two-heart-women-night-suit-pj-3-pieces-set,,,,,,,,,XL,,,Soft Jersey,,,Blue,,'10710171,500.0,shopify,95,deny,manual,2299.00,,true,false,,,,,'10710171,,,,,,,,,,,,,,,,,,,,,,,,,,,,,,,,,,,,,,,,,,,,,,,https://cdn.shopify.com/s/files/1/0618/2368/0740/files/WhatsApp_Image_2024-03-04_at_3.12.19_PM.jpg?v=1709731184,g,,,,,,
two-heart-women-night-suit-pj-3-pieces-set,,,,,,,,,XL,,,Soft Jersey,,,Brown,,'10710172,500.0,shopify,100,deny,manual,2299.00,,true,false,,,,,'10710172,,,,,,,,,,,,,,,,,,,,,,,,,,,,,,,,,,,,,,,,,,,,,,,https://cdn.shopify.com/s/files/1/0618/2368/0740/files/WhatsApp_Image_2024-03-04_at_5.09.27_PM.jpg?v=1709731203,g,,,,,,
two-heart-women-night-suit-pj-3-pieces-set,,,,,,,,,XL,,,Soft Jersey,,,Grey,,'10710173,500.0,shopify,100,deny,manual,2299.00,,true,false,,,,,'10710173,,,,,,,,,,,,,,,,,,,,,,,,,,,,,,,,,,,,,,,,,,,,,,,https://cdn.shopify.com/s/files/1/0618/2368/0740/files/WhatsApp_Image_2024-03-04_at_5.16.46_PM.jpg?v=1709731218,g,,,,,,
two-heart-women-night-suit-pj-3-pieces-set,,,,,,,,,XL,,,Soft Jersey,,,Pink,,'10710174,500.0,shopify,99,deny,manual,2299.00,,true,false,,,,,'10710174,,,,,,,,,,,,,,,,,,,,,,,,,,,,,,,,,,,,,,,,,,,,,,,https://cdn.shopify.com/s/files/1/0618/2368/0740/files/WhatsApp_Image_2024-03-02_at_6.30.08_PM.jpg?v=1709731239,g,,,,,,
two-heart-women-night-suit-pj-3-pieces-set,,,,,,,,,XL,,,Soft Jersey,,,light blue,,'10710175,500.0,shopify,100,deny,manual,2299.00,,true,false,,,,,'10710175,,,,,,,,,,,,,,,,,,,,,,,,,,,,,,,,,,,,,,,,,,,,,,,https://cdn.shopify.com/s/files/1/0618/2368/0740/files/WhatsApp_Image_2025-02-12_at_6.30.18_PM_3.jpg?v=1739370212,g,,,,,,
two-heart-women-night-suit-pj-3-pieces-set,,,,,,,,,XXL,,,Soft Jersey,,,Black,,'10710176,500.0,shopify,95,deny,manual,2499.00,,true,false,,,,,'10710176,,,,,,,,,,,,,,,,,,,,,,,,,,,,,,,,,,,,,,,,,,,,,,,https://cdn.shopify.com/s/files/1/0618/2368/0740/files/WhatsAppImage2024-03-02at5.05.25PM_1.jpg?v=1709731157,g,,,,,,
two-heart-women-night-suit-pj-3-pieces-set,,,,,,,,,XXL,,,Soft Jersey,,,Blue,,'10710177,500.0,shopify,96,deny,manual,2499.00,,true,false,,,,,'10710177,,,,,,,,,,,,,,,,,,,,,,,,,,,,,,,,,,,,,,,,,,,,,,,https://cdn.shopify.com/s/files/1/0618/2368/0740/files/WhatsApp_Image_2024-03-04_at_3.12.19_PM.jpg?v=1709731184,g,,,,,,
two-heart-women-night-suit-pj-3-pieces-set,,,,,,,,,XXL,,,Soft Jersey,,,Brown,,'10710178,500.0,shopify,100,deny,manual,2499.00,,true,false,,,,,'10710178,,,,,,,,,,,,,,,,,,,,,,,,,,,,,,,,,,,,,,,,,,,,,,,https://cdn.shopify.com/s/files/1/0618/2368/0740/files/WhatsApp_Image_2024-03-04_at_5.09.27_PM.jpg?v=1709731203,g,,,,,,
two-heart-women-night-suit-pj-3-pieces-set,,,,,,,,,XXL,,,Soft Jersey,,,Grey,,'10710179,500.0,shopify,100,deny,manual,2499.00,,true,false,,,,,'10710179,,,,,,,,,,,,,,,,,,,,,,,,,,,,,,,,,,,,,,,,,,,,,,,https://cdn.shopify.com/s/files/1/0618/2368/0740/files/WhatsApp_Image_2024-03-04_at_5.16.46_PM.jpg?v=1709731218,g,,,,,,
two-heart-women-night-suit-pj-3-pieces-set,,,,,,,,,XXL,,,Soft Jersey,,,Pink,,'10710180,500.0,shopify,100,deny,manual,2499.00,,true,false,,,,,'10710180,,,,,,,,,,,,,,,,,,,,,,,,,,,,,,,,,,,,,,,,,,,,,,,https://cdn.shopify.com/s/files/1/0618/2368/0740/files/WhatsApp_Image_2024-03-02_at_6.30.08_PM.jpg?v=1709731239,g,,,,,,
two-heart-women-night-suit-pj-3-pieces-set,,,,,,,,,XXL,,,Soft Jersey,,,light blue,,'10706818,500.0,shopify,100,deny,manual,2499.00,,true,false,,,,,'10706818,,,,,,,,,,,,,,,,,,,,,,,,,,,,,,,,,,,,,,,,,,,,,,,https://cdn.shopify.com/s/files/1/0618/2368/0740/files/WhatsApp_Image_2025-02-12_at_6.30.18_PM_3.jpg?v=1739370212,g,,,,,,
brown-flower-loose-style-loungewear,Flower Loose Style Loungewear,"<h4>Flower Loose Style Loungewear </h4>
<ul class="""">
<li class="""">Night Suits for Women very attractive and trendy design</li>
<li class="""">Blended Cotton jersey stuff which will provide you most comfort zone at night</li>
<li class="""">washable Stuff but suitable for hand wash for long lasting of the night wear</li>
<li class="""">Not Suitable For Machine wash as this will reduce the durably of the night wear</li>
<li class="""">Export quality fabric use in the production of night suit</li>
<li class="""">Mostly suitable for wearing in summers</li>
<li class="""">premium and highly professional print work done on the night wear</li>
<li class="""">Round neck style night wear</li>
<li class="""">Long sleeves with round cuff</li>
<li class="""">Loose fitting trouser with extra stretchable material which will relax you more after wearing</li>
<li class="""">Trouser has no pockets</li>
<li class="""">Maximum durably of night wear is 7 months ( if you wash daily basis)</li>
<li class="""">Good Quality Elastic in trouser with maximum stretch</li>
<li class="""">Best Quality of stitching</li>
</ul>",BBG FASHION CLOTHING STORE,Apparel & Accessories > Clothing > Sleepwear & Loungewear,Loungewear,"Loungewear, NEW ARRIVAL, woo",false,Size,Free Size,,Material,Soft Jersey,,Color,Brown,,'10710156,500.0,shopify,80,deny,manual,1599.00,,true,false,,,,,'10710156,https://cdn.shopify.com/s/files/1/0618/2368/0740/products/37_e54559d0-f036-4830-a41b-ef272eb11a94.png?v=1709387163,1,Brown Flower Loose Style Loungewear - front view - unisex wear Pakistan,false,,Brown Daisy Loose Style Loungewear Shirt And Trouser for Women very attractive and trendy design Blended Cotton jersey stuff which will provide you most comfort zone at night. Washable Sleep wear Stuff for long lasting Night wear available at www.bbgfashion.pk,,,,,,,,,,,,,,,,,,,,,,,,,,,,,,,,,,,,,,,,,https://cdn.shopify.com/s/files/1/0618/2368/0740/products/37_e54559d0-f036-4830-a41b-ef272eb11a94.png?v=1709387163,g,,,true,,,draft
brown-flower-loose-style-loungewear,,,,,,,,,Free Size,,,Soft Jersey,,,Grey,,'10710157,500.0,shopify,97,deny,manual,1599.00,,true,false,,,,,'10710157,https://cdn.shopify.com/s/files/1/0618/2368/0740/files/39_7ccf7b43-b72d-4323-b6b5-4730d183b8ba.png?v=1737985828,2,Brown Flower Loose Style Loungewear - back view - unisex wear Pakistan,,,,,,,,,,,,,,,,,,,,,,,,,,,,,,,,,,,,,,,,,,,,https://cdn.shopify.com/s/files/1/0618/2368/0740/files/39_7ccf7b43-b72d-4323-b6b5-4730d183b8ba.png?v=1737985828,g,,,,,,
brown-flower-loose-style-loungewear,,,,,,,,,Free Size,,,Soft Jersey,,,Black,,'10706817,500.0,shopify,91,deny,manual,1599.00,,true,false,,,,,'10706817,https://cdn.shopify.com/s/files/1/0618/2368/0740/files/38_cfdfd4b5-055c-4359-9834-0c5ecb11f8aa.png?v=1737985828,3,Brown Flower Loose Style Loungewear - side view - unisex wear Pakistan,,,,,,,,,,,,,,,,,,,,,,,,,,,,,,,,,,,,,,,,,,,,https://cdn.shopify.com/s/files/1/0618/2368/0740/files/38_cfdfd4b5-055c-4359-9834-0c5ecb11f8aa.png?v=1737985828,g,,,,,,
brown-flower-loose-style-loungewear,,,,,,,,,,,,,,,,,,,,,,,,,,,,,,,,https://cdn.shopify.com/s/files/1/0618/2368/0740/files/sizechart_076421a7-985b-4706-878c-a1b1420129dd.webp?v=1737985828,4,Brown Flower Loose Style Loungewear size chart - measurements guide,,,,,,,,,,,,,,,,,,,,,,,,,,,,,,,,,,,,,,,,,,,,,,,,,,,
black-heart-women-loungewear-article-56,Women V-Neck Lounge Wear | Black Heart - Maroon,"<h4>Women V-Neck Lounge Wear | Black Heart - Maroon</h4>
<p data-end=""535"" data-start=""374"">Experience everyday comfort with a stylish touch in our <strong data-end=""458"" data-start=""430"">Women V-Neck Lounge Wear</strong> — designed for women who want to feel relaxed without compromising on style.</p>
<p data-end=""793"" data-start=""537"">This 2-piece set features a <strong data-end=""618"" data-start=""565"">modern V-neck top paired with comfortable bottoms</strong>, offering a relaxed fit that moves with you. The soft, breathable fabric keeps you feeling fresh all day, making it perfect for lounging, casual wear, or even a quick outing.</p>
<p data-end=""995"" data-start=""795"">Designed with a trendy <strong data-end=""844"" data-start=""818"">heart-inspired pattern</strong>, this set adds a subtle yet playful charm to your look. Available in multiple colors, you can choose your favorite shade to match your mood and style.</p>
<p data-end=""1103"" data-start=""997"">Whether you're relaxing at home or stepping out, this lounge wear set keeps you looking effortlessly chic.</p>
<p data-end=""1122"" data-start=""1105""><strong data-end=""1122"" data-start=""1105"">Key Features:</strong></p>
<ul data-end=""1404"" data-start=""1123"">
<li data-end=""1170"" data-start=""1123"" data-section-id=""9qxmar"">Stylish V-neck design for a flattering look</li>
<li data-end=""1214"" data-start=""1171"" data-section-id=""3pudom"">Soft, breathable &amp; skin-friendly fabric</li>
<li data-end=""1250"" data-start=""1215"" data-section-id=""f46jwt"">Relaxed fit for maximum comfort</li>
<li data-end=""1291"" data-start=""1251"" data-section-id=""1yndibs"">Elastic waistband for a flexible fit</li>
<li data-end=""1323"" data-start=""1292"" data-section-id=""1mbcc20"">Trendy heart pattern design</li>
<li data-end=""1356"" data-start=""1324"" data-section-id=""arqrzc"">Available in multiple colors</li>
<li data-end=""1404"" data-start=""1357"" data-section-id=""n8nixx"">Ideal for lounging, casual wear &amp; sleepwear</li>
</ul>
<p data-end=""1503"" data-start=""1406""><strong data-end=""1417"" data-start=""1406"">Fabric:</strong> Premium Cotton Blend<br data-end=""1441"" data-start=""1438""><strong data-end=""1449"" data-start=""1441"">Fit:</strong> Relaxed / Comfortable<br data-end=""1474"" data-start=""1471""><strong data-end=""1485"" data-start=""1474"">Season:</strong> All Season Wear</p>",BBG FASHION,Apparel & Accessories > Clothing,Article 56,Loungewear,true,Size,Medium,,,,,,,,'10710133,500.0,shopify,81,deny,manual,1599.00,,true,false,,,,,'10710133,https://cdn.shopify.com/s/files/1/0618/2368/0740/files/WhatsAppImage2026-06-02at3.39.27PM.jpg?v=1780404399,1,"",false,,"Shop women’s V-neck lounge wear in Pakistan. Soft, breathable and stylish 2-piece set with heart design, available in multiple colors for everyday comfort.",,,,,,,,,,,,,'2,,,,,,,,,,,,,,,,,,,,,,,,,,,,,g,,,true,,,active
black-heart-women-loungewear-article-56,,,,,,,,,Large,,,,,,,,'10710139,500.0,shopify,87,deny,manual,1599.00,,true,false,,,,,'10710139,https://cdn.shopify.com/s/files/1/0618/2368/0740/files/WhatsAppImage2026-06-02at3.39.27PM_1.jpg?v=1780404399,2,"",,,,,,,,,,,,,,,,,,,,,,,,,,,,,,,,,,,,,,,,,,,,,g,,,,,,
black-heart-women-loungewear-article-56,,,,,,,,,XL,,,,,,,,'10710145,500.0,shopify,90,deny,manual,1699.00,,true,false,,,,,'10710145,https://cdn.shopify.com/s/files/1/0618/2368/0740/files/WhatsAppImage2026-06-02at3.39.27PM_2.jpg?v=1780404399,3,"",,,,,,,,,,,,,,,,,,,,,,,,,,,,,,,,,,,,,,,,,,,,,g,,,,,,
black-heart-women-loungewear-article-56,,,,,,,,,XXL,,,,,,,,'10710151,500.0,shopify,85,deny,manual,1799.00,,true,false,,,,,'10710151,https://cdn.shopify.com/s/files/1/0618/2368/0740/files/Screenshot_2026-02-03_155735_540x_360x_dc1633d9-85fb-478c-8736-890f17d93d2c.webp?v=1777028589,4,"",,,,,,,,,,,,,,,,,,,,,,,,,,,,,,,,,,,,,,,,,,,,,g,,,,,,
spring-tree-women-loungewear-article-56,Women V-Neck Lounge Wear | Spring Tree - Navy Blue,"<h4>Women V-Neck Lounge Wear | Spring Tree - Navy Blue     </h4>
<p data-start=""324"" data-end=""488"">Refresh your everyday comfort with our <strong data-start=""363"" data-end=""413"">Women V-Neck Lounge Wear | Spring Tree Edition</strong> — designed to bring together softness, style, and a natural, calming look.</p>
<p data-start=""490"" data-end=""761"">This 2-piece set features a <strong data-start=""518"" data-end=""572"">flattering V-neck top paired with matching bottoms</strong>, offering a relaxed fit that keeps you comfortable all day long. Crafted from soft, breathable fabric, it feels gentle on the skin and is perfect for both lounging at home and casual wear.</p>
<p data-start=""763"" data-end=""1004"">The elegant <strong data-start=""775"" data-end=""806"">Spring Tree-inspired design</strong> adds a subtle and refreshing touch, giving this lounge set a unique and stylish appeal. Available in multiple beautiful colors, you can choose the shade that best matches your mood and personality.</p>
<p data-start=""1006"" data-end=""1139"">Whether you're unwinding, working from home, or heading out for a quick errand, this set keeps you looking effortlessly put together.</p>
<p data-start=""1141"" data-end=""1158""><strong data-start=""1141"" data-end=""1158"">Key Features:</strong></p>
<ul data-start=""1159"" data-end=""1454"">
<li data-section-id=""9qxmar"" data-start=""1159"" data-end=""1206"">Stylish V-neck design for a flattering look</li>
<li data-section-id=""3pudom"" data-start=""1207"" data-end=""1250"">Soft, breathable &amp; skin-friendly fabric</li>
<li data-section-id=""10slvg5"" data-start=""1251"" data-end=""1286"">Relaxed fit for all-day comfort</li>
<li data-section-id=""1o7fn0j"" data-start=""1287"" data-end=""1333"">Elastic waistband for flexibility and ease</li>
<li data-section-id=""19e73gu"" data-start=""1334"" data-end=""1373"">Elegant Spring Tree-inspired design</li>
<li data-section-id=""arqrzc"" data-start=""1374"" data-end=""1406"">Available in multiple colors</li>
<li data-section-id=""n8nixx"" data-start=""1407"" data-end=""1454"">Ideal for lounging, casual wear &amp; sleepwear</li>
</ul>
<p data-start=""1456"" data-end=""1553""><strong data-start=""1456"" data-end=""1467"">Fabric:</strong> Premium Cotton Blend<br data-start=""1488"" data-end=""1491""><strong data-start=""1491"" data-end=""1499"">Fit:</strong> Relaxed / Comfortable<br data-start=""1521"" data-end=""1524""><strong data-start=""1524"" data-end=""1535"">Season:</strong> All Season Wear</p>",BBG FASHION,Apparel & Accessories > Clothing > Sleepwear & Loungewear,Article 56,Loungewear,true,Size,Medium,,,,,,,,'10710114,500.0,shopify,91,deny,manual,1599.00,,true,false,,,,,'10710114,https://cdn.shopify.com/s/files/1/0618/2368/0740/files/5483996c-e8cb-4b19-9639-d4178057c657.webp?v=1780673087,1,"",false,,"Shop women’s Spring Tree V-neck lounge wear in Pakistan. Soft, breathable and stylish 2-piece set available in multiple colors for everyday comfort.",,,,,,,,,,,,,,,,,,,,,navy-1,,,cotton,,,,,,,medium; large; extra-large; xxl,,,girls,,,,,,,,g,,,true,,,active
spring-tree-women-loungewear-article-56,,,,,,,,,Large,,,,,,,,'10710119,500.0,shopify,93,deny,manual,1599.00,,true,false,,,,,'10710119,https://cdn.shopify.com/s/files/1/0618/2368/0740/files/f8220beb-c4ce-4edc-baa9-e4e7fc062186.webp?v=1780673087,2,"",,,,,,,,,,,,,,,,,,,,,,,,,,,,,,,,,,,,,,,,,,,,,g,,,,,,
spring-tree-women-loungewear-article-56,,,,,,,,,XL,,,,,,,,'10710124,500.0,shopify,91,deny,manual,1699.00,,true,false,,,,,'10710124,https://cdn.shopify.com/s/files/1/0618/2368/0740/files/8ec328d7-eef4-4a07-b7b5-effa2b32125f.webp?v=1780673087,3,"",,,,,,,,,,,,,,,,,,,,,,,,,,,,,,,,,,,,,,,,,,,,,g,,,,,,
spring-tree-women-loungewear-article-56,,,,,,,,,XXL,,,,,,,,'10710129,500.0,shopify,91,deny,manual,1799.00,,true,false,,,,,'10710129,https://cdn.shopify.com/s/files/1/0618/2368/0740/files/Sizechart_242818cb-ece9-406d-ae4b-abc33e8364e7.webp?v=1769757344,4,Spring Tree Women Loungewear Article 56 size chart - measurements guide,,,,,,,,,,,,,,,,,,,,,,,,,,,,,,,,,,,,,,,,,,,,,g,,,,,,
lemon-yellow-red-butterfly-women-loungewear-article-56,Women V-Neck Lounge Wear | Red Butterfly - Lemon Yellow,"<h4>Women V-Neck Lounge Wear | Red Butterfly - Lemon Yellow<br>
</h4>
<p data-start=""335"" data-end=""501"">Bring comfort and style together with our <strong data-start=""377"" data-end=""425"">Women V-Neck Lounge Wear | Butterfly Edition</strong> — designed for women who love effortless fashion with a soft, relaxed feel.</p>
<p data-start=""503"" data-end=""752"">This 2-piece set includes a <strong data-start=""531"" data-end=""585"">flattering V-neck top paired with matching bottoms</strong>, offering a comfortable fit that moves with you throughout the day. Made from soft, breathable fabric, it keeps you feeling fresh whether you're at home or on the go.</p>
<p data-start=""754"" data-end=""992"">The elegant <strong data-start=""766"" data-end=""795"">butterfly-inspired design</strong> adds a stylish and feminine touch, making this lounge wear both cozy and eye-catching. Available in multiple beautiful colors, you can choose the shade that best fits your mood and personal style.</p>
<p data-start=""994"" data-end=""1101"">Perfect for lounging, casual wear, or daily comfort — this set is your go-to for a relaxed yet trendy look.</p>
<p data-start=""1103"" data-end=""1120""><strong data-start=""1103"" data-end=""1120"">Key Features:</strong></p>
<ul data-start=""1121"" data-end=""1413"">
<li data-section-id=""9qxmar"" data-start=""1121"" data-end=""1168"">Stylish V-neck design for a flattering look</li>
<li data-section-id=""3pudom"" data-start=""1169"" data-end=""1212"">Soft, breathable &amp; skin-friendly fabric</li>
<li data-section-id=""10slvg5"" data-start=""1213"" data-end=""1248"">Relaxed fit for all-day comfort</li>
<li data-section-id=""1o7fn0j"" data-start=""1249"" data-end=""1295"">Elastic waistband for flexibility and ease</li>
<li data-section-id=""2h4rsa"" data-start=""1296"" data-end=""1332"">Trendy butterfly-inspired design</li>
<li data-section-id=""arqrzc"" data-start=""1333"" data-end=""1365"">Available in multiple colors</li>
<li data-section-id=""n8nixx"" data-start=""1366"" data-end=""1413"">Ideal for lounging, casual wear &amp; sleepwear</li>
</ul>
<p data-start=""1415"" data-end=""1512""><strong data-start=""1415"" data-end=""1426"">Fabric:</strong> Premium Cotton Blend<br data-start=""1447"" data-end=""1450""><strong data-start=""1450"" data-end=""1458"">Fit:</strong> Relaxed / Comfortable<br data-start=""1480"" data-end=""1483""><strong data-start=""1483"" data-end=""1494"">Season:</strong> All Season Wear</p>",BBG FASHION,Apparel & Accessories > Clothing > Sleepwear & Loungewear,Article 56,Loungewear,true,Size,Medium,,,,,,,,'10710087,500.0,shopify,92,deny,manual,1599.00,,true,false,,,,,'10710087,https://cdn.shopify.com/s/files/1/0618/2368/0740/files/WhatsAppImage2026-06-04at6.57.23PM.jpg?v=1780582083,1,"",false,,"Shop women’s butterfly V-neck lounge wear in Pakistan. Soft, breathable and stylish 2-piece set available in multiple colors for everyday comfort.",,,,,,,,,,,,,'1,,,,,,,,,,,,,,,,,,,,,,,,,,,,,g,,,true,,,active
lemon-yellow-red-butterfly-women-loungewear-article-56,,,,,,,,,Large,,,,,,,,'10710094,500.0,shopify,93,deny,manual,1599.00,,true,false,,,,,'10710094,https://cdn.shopify.com/s/files/1/0618/2368/0740/files/WhatsAppImage2026-06-04at6.57.22PM_2.jpg?v=1780582083,2,"",,,,,,,,,,,,,,,,,,,,,,,,,,,,,,,,,,,,,,,,,,,,,g,,,,,,
lemon-yellow-red-butterfly-women-loungewear-article-56,,,,,,,,,XL,,,,,,,,'10710101,500.0,shopify,92,deny,manual,1699.00,,true,false,,,,,'10710101,https://cdn.shopify.com/s/files/1/0618/2368/0740/files/WhatsAppImage2026-06-04at6.57.22PM.jpg?v=1780582083,3,"",,,,,,,,,,,,,,,,,,,,,,,,,,,,,,,,,,,,,,,,,,,,,g,,,,,,
lemon-yellow-red-butterfly-women-loungewear-article-56,,,,,,,,,XXL,,,,,,,,'10710108,500.0,shopify,97,deny,manual,1799.00,,true,false,,,,,'10710108,https://cdn.shopify.com/s/files/1/0618/2368/0740/files/Screenshot_2026-02-03_155735_540x_360x_5b863740-e59f-4c0d-a3ee-d436170b22aa.webp?v=1777112145,4,"",,,,,,,,,,,,,,,,,,,,,,,,,,,,,,,,,,,,,,,,,,,,,g,,,,,,
pink-kitty-women-loungewear-article-56,Women V-Neck Lounge Wear | Hello Kitty - Baby Pink,"<h4>Women V-Neck Lounge Wear | Hello Kitty - Baby Pink<br>
</h4>
<p data-start=""350"" data-end=""527"">Add a cute and stylish touch to your everyday comfort with our <strong data-start=""413"" data-end=""463"">Women V-Neck Lounge Wear | Hello Kitty Edition</strong> — designed for women who love both comfort and playful fashion.</p>
<p data-start=""529"" data-end=""818"">This 2-piece set features a <strong data-start=""557"" data-end=""614"">flattering V-neck top paired with comfortable bottoms</strong>, offering a relaxed fit that feels soft and breathable throughout the day. The adorable <strong data-start=""703"" data-end=""734"">Hello Kitty-inspired design</strong> adds a fun and charming detail, making this lounge wear both cozy and eye-catching.</p>
<p data-start=""820"" data-end=""989"">Available in multiple beautiful colors, you can choose your favorite shade to match your style and mood — perfect for relaxing at home, casual outings, or everyday wear.</p>
<p data-start=""991"" data-end=""1093"">Whether you're unwinding or on the move, this set keeps you looking effortlessly cute and comfortable.</p>
<p data-start=""1095"" data-end=""1112""><strong data-start=""1095"" data-end=""1112"">Key Features:</strong></p>
<ul data-start=""1113"" data-end=""1404"">
<li data-section-id=""9qxmar"" data-start=""1113"" data-end=""1160"">Stylish V-neck design for a flattering look</li>
<li data-section-id=""3pudom"" data-start=""1161"" data-end=""1204"">Soft, breathable &amp; skin-friendly fabric</li>
<li data-section-id=""10slvg5"" data-start=""1205"" data-end=""1240"">Relaxed fit for all-day comfort</li>
<li data-section-id=""1o7fn0j"" data-start=""1241"" data-end=""1287"">Elastic waistband for flexibility and ease</li>
<li data-section-id=""19if10"" data-start=""1288"" data-end=""1323"">Cute Hello Kitty-inspired print</li>
<li data-section-id=""arqrzc"" data-start=""1324"" data-end=""1356"">Available in multiple colors</li>
<li data-section-id=""n8nixx"" data-start=""1357"" data-end=""1404"">Ideal for lounging, casual wear &amp; sleepwear</li>
</ul>
<p data-start=""1406"" data-end=""1503""><strong data-start=""1406"" data-end=""1417"">Fabric:</strong> Premium Cotton Blend<br data-start=""1438"" data-end=""1441""><strong data-start=""1441"" data-end=""1449"">Fit:</strong> Relaxed / Comfortable<br data-start=""1471"" data-end=""1474""><strong data-start=""1474"" data-end=""1485"">Season:</strong> All Season Wear</p>",BBG FASHION,Apparel & Accessories > Clothing > Sleepwear & Loungewear,Article 56,Loungewear,true,Size,Medium,,,,,,,,'10710060,500.0,shopify,95,deny,manual,1599.00,,true,false,,,,,'10710060,https://cdn.shopify.com/s/files/1/0618/2368/0740/files/WhatsAppImage2026-06-02at7.21.37PM_3.jpg?v=1780411082,1,"",false,,"Shop women’s Hello Kitty V-neck lounge wear in Pakistan. Soft, breathable and stylish 2-piece set available in multiple colors for everyday comfort.",,,,,,,,,,,,,'1,,,,,,,,,,,,,,,,,,,,,,,,,,,,,g,,,true,,,active
pink-kitty-women-loungewear-article-56,,,,,,,,,Large,,,,,,,,'10710067,500.0,shopify,97,deny,manual,1599.00,,true,false,,,,,'10710067,https://cdn.shopify.com/s/files/1/0618/2368/0740/files/WhatsAppImage2026-06-02at7.21.37PM_1.jpg?v=1780411082,2,"",,,,,,,,,,,,,,,,,,,,,,,,,,,,,,,,,,,,,,,,,,,,,g,,,,,,
pink-kitty-women-loungewear-article-56,,,,,,,,,XL,,,,,,,,'10710074,500.0,shopify,95,deny,manual,1699.00,,true,false,,,,,'10710074,https://cdn.shopify.com/s/files/1/0618/2368/0740/files/WhatsAppImage2026-06-02at7.21.37PM_2.jpg?v=1780411082,3,"",,,,,,,,,,,,,,,,,,,,,,,,,,,,,,,,,,,,,,,,,,,,,g,,,,,,
pink-kitty-women-loungewear-article-56,,,,,,,,,XXL,,,,,,,,'10710081,500.0,shopify,97,deny,manual,1799.00,,true,false,,,,,'10710081,https://cdn.shopify.com/s/files/1/0618/2368/0740/files/Screenshot_2026-02-03_155735_540x_360x_d6eff92a-0f66-48db-8e96-3bf23a873f14.webp?v=1777105467,4,"",,,,,,,,,,,,,,,,,,,,,,,,,,,,,,,,,,,,,,,,,,,,,g,,,,,,
women-round-neck-lounge-wear-tree-heart-black,Women Round-Neck Lounge Wear | Tree Heart - Black,"<h4><strong>Women Round-Neck Lounge Wear | Tree Heart - Black</strong></h4>
<p data-start=""125"" data-end=""405"">Add a touch of warmth and elegance to your everyday style with our<span> </span><strong data-start=""192"" data-end=""237"">Women Round-Neck Lounge Wear | Tree Heart</strong><span> </span>set. Thoughtfully designed for comfort and charm, this two-piece outfit features a relaxed-fit top paired with flowy wide-leg trousers—perfect for effortless lounging.</p>
<p data-start=""407"" data-end=""640"">The standout feature is the beautiful<span> </span><strong data-start=""445"" data-end=""467"">“Tree Heart” print</strong>, symbolizing love, calmness, and connection with nature. Its delicate heart-shaped tree design gives this set a unique, graceful appeal that feels both cozy and meaningful.</p>
<p data-start=""642"" data-end=""892"">Made from soft, breathable fabric, this lounge wear ensures all-day comfort—whether you're relaxing at home, working remotely, or stepping out casually. The loose silhouette and smooth texture provide a flattering yet relaxed fit for every body type.</p>
<p data-start=""894"" data-end=""988"">Available in<span> </span><strong data-start=""907"" data-end=""926"">multiple colors</strong>, so you can choose the tone that matches your mood and style.</p>
<p data-start=""990"" data-end=""1009""><strong data-start=""990"" data-end=""1007"">Key Features:</strong></p>
<ul data-start=""1010"" data-end=""1280"">
<li data-section-id=""a8fibi"" data-start=""1010"" data-end=""1059"">
<p data-start=""1012"" data-end=""1059"">Soft &amp; lightweight fabric for maximum comfort</p>
</li>
<li data-section-id=""1g9k8xh"" data-start=""1060"" data-end=""1104"">
<p data-start=""1062"" data-end=""1104"">Unique<span> </span><strong data-start=""1069"" data-end=""1083"">Tree Heart</strong><span> </span>front print design</p>
</li>
<li data-section-id=""kpwa53"" data-start=""1105"" data-end=""1153"">
<p data-start=""1107"" data-end=""1153"">Relaxed round-neck top with straight sleeves</p>
</li>
<li data-section-id=""1dfjlpl"" data-start=""1154"" data-end=""1198"">
<p data-start=""1156"" data-end=""1198"">Wide-leg trousers with elastic waistband</p>
</li>
<li data-section-id=""1s12526"" data-start=""1199"" data-end=""1247"">
<p data-start=""1201"" data-end=""1247"">Ideal for home wear, casual outings &amp; travel</p>
</li>
<li data-section-id=""arqrzc"" data-start=""1248"" data-end=""1280"">
<p data-start=""1250"" data-end=""1280"">Available in multiple colors</p>
</li>
</ul>",BBG FASHION,Apparel & Accessories > Clothing > Sleepwear & Loungewear,Article 52,"Loungewear, NEW ARRIVAL, woo",true,Size,medium,product.metafields.shopify.size,,,,,,,'10710045,500.0,shopify,99,deny,manual,1599.00,,true,false,,,,,'10710045,https://cdn.shopify.com/s/files/1/0618/2368/0740/files/WhatsAppImage2026-06-05at2.32.41PM.jpg?v=1780653115,1,"",false,,"Shop Women Round-Neck Lounge Wear | Tree Heart in multiple colors. Soft, breathable fabric with elegant heart tree print—perfect for stylish everyday comfort.",,,,,,,,,,,,,,,,,,,,,,,,,,,,,,,medium; large; xl; xxl,,,,,,,,,,,g,,,true,,,active
women-round-neck-lounge-wear-tree-heart-black,,,,,,,,,large,,,,,,,,'10743384,500.0,shopify,98,deny,manual,1599.00,,true,false,,,,,'10743384,https://cdn.shopify.com/s/files/1/0618/2368/0740/files/WhatsAppImage2026-06-05at2.32.40PM_4.jpg?v=1780653114,2,"",,,,,,,,,,,,,,,,,,,,,,,,,,,,,,,,,,,,,,,,,,,,,g,,,,,,
women-round-neck-lounge-wear-tree-heart-black,,,,,,,,,xl,,,,,,,,'10743385,500.0,shopify,99,deny,manual,1699.00,,true,false,,,,,'10743385,https://cdn.shopify.com/s/files/1/0618/2368/0740/files/WhatsAppImage2026-06-05at2.32.40PM.jpg?v=1780653114,3,"",,,,,,,,,,,,,,,,,,,,,,,,,,,,,,,,,,,,,,,,,,,,,g,,,,,,
women-round-neck-lounge-wear-tree-heart-black,,,,,,,,,xxl,,,,,,,,'10743386,500.0,shopify,99,deny,manual,1799.00,,true,false,,,,,'10743386,https://cdn.shopify.com/s/files/1/0618/2368/0740/files/Sizechart_8251cd5d-eb02-4d2d-94b7-dd4dca385551.webp?v=1769769299,4,Pink Tree Heart Women Loungewear Article 56 size chart - measurements guide,,,,,,,,,,,,,,,,,,,,,,,,,,,,,,,,,,,,,,,,,,,,,g,,,,,,
black-flower-bts-women-loungewear-article-56,Women V-Neck Lounge Wear | BTS Flower - Maroon,"<h4>Women V-Neck Lounge Wear | BTS Flower - Maroon</h4>
<p data-start=""351"" data-end=""517"">Add comfort and style to your everyday routine with our <strong data-start=""407"" data-end=""456"">Women V-Neck Lounge Wear | BTS Flower Edition</strong> — designed for a relaxed feel with a trendy, feminine touch.</p>
<p data-start=""519"" data-end=""806"">This 2-piece set includes a <strong data-start=""547"" data-end=""593"">flattering V-neck top and matching bottoms</strong>, crafted to provide a soft, breathable experience throughout the day. The relaxed fit ensures maximum comfort, while the elegant <strong data-start=""723"" data-end=""753"">BTS Flower-inspired design</strong> adds a stylish and eye-catching detail to your look.</p>
<p data-start=""808"" data-end=""998"">Available in multiple beautiful colors, this lounge wear lets you express your personal style while staying comfortable whether you're at home, running errands, or enjoying a casual day out.</p>
<p data-start=""1000"" data-end=""1075"">Perfect for all-day wear, this set blends fashion and comfort effortlessly.</p>
<p data-start=""1077"" data-end=""1094""><strong data-start=""1077"" data-end=""1094"">Key Features:</strong></p>
<ul data-start=""1095"" data-end=""1377"">
<li data-section-id=""amcmbk"" data-start=""1095"" data-end=""1138"">Stylish V-neck design for a modern look</li>
<li data-section-id=""3pudom"" data-start=""1139"" data-end=""1182"">Soft, breathable &amp; skin-friendly fabric</li>
<li data-section-id=""10slvg5"" data-start=""1183"" data-end=""1218"">Relaxed fit for all-day comfort</li>
<li data-section-id=""1b5mdta"" data-start=""1219"" data-end=""1258"">Elastic waistband for a perfect fit</li>
<li data-section-id=""esi66x"" data-start=""1259"" data-end=""1296"">Trendy BTS Flower-inspired design</li>
<li data-section-id=""arqrzc"" data-start=""1297"" data-end=""1329"">Available in multiple colors</li>
<li data-section-id=""n8nixx"" data-start=""1330"" data-end=""1377"">Ideal for lounging, casual wear &amp; sleepwear</li>
</ul>
<p data-start=""1379"" data-end=""1476""><strong data-start=""1379"" data-end=""1390"">Fabric:</strong> Premium Cotton Blend<br data-start=""1411"" data-end=""1414""><strong data-start=""1414"" data-end=""1422"">Fit:</strong> Relaxed / Comfortable<br data-start=""1444"" data-end=""1447""><strong data-start=""1447"" data-end=""1458"">Season:</strong> All Season Wear</p>
<p> </p>",BBG FASHION,Apparel & Accessories > Clothing > Sleepwear & Loungewear,Article 56,Loungewear,true,Size,Medium,,,,,,,,'10710018,500.0,shopify,91,deny,manual,1599.00,,true,false,,,,,'10710018,https://cdn.shopify.com/s/files/1/0618/2368/0740/files/WhatsAppImage2026-06-02at4.38.23PM.jpg?v=1780406912,1,"",false,,"Shop women’s BTS Flower V-neck lounge wear in Pakistan. Soft, breathable and stylish 2-piece set available in multiple colors for daily comfort and casual wear.",,,,,,,,,,,,,,,,,,,,,,,,,,,,,,,,,,,,,,,,,,g,,,true,,,active
black-flower-bts-women-loungewear-article-56,,,,,,,,,Large,,,,,,,,'10710025,500.0,shopify,99,deny,manual,1599.00,,true,false,,,,,'10710025,https://cdn.shopify.com/s/files/1/0618/2368/0740/files/WhatsAppImage2026-06-02at4.38.23PM_1.jpg?v=1780406912,2,"",,,,,,,,,,,,,,,,,,,,,,,,,,,,,,,,,,,,,,,,,,,,,g,,,,,,
black-flower-bts-women-loungewear-article-56,,,,,,,,,XL,,,,,,,,'10710032,500.0,shopify,95,deny,manual,1599.00,,true,false,,,,,'10710032,https://cdn.shopify.com/s/files/1/0618/2368/0740/files/WhatsAppImage2026-06-02at4.38.24PM.jpg?v=1780406912,3,"",,,,,,,,,,,,,,,,,,,,,,,,,,,,,,,,,,,,,,,,,,,,,g,,,,,,
black-flower-bts-women-loungewear-article-56,,,,,,,,,XXL,,,,,,,,'10710039,500.0,shopify,97,deny,manual,1799.00,,true,false,,,,,'10710039,https://cdn.shopify.com/s/files/1/0618/2368/0740/files/Sizechart_b37c242a-0297-4801-a373-e3a4a872e026.webp?v=1708779708,4,Black Flower Bts Women Loungewear Article 56 size chart - measurements guide,,,,,,,,,,,,,,,,,,,,,,,,,,,,,,,,,,,,,,,,,,,,,g,,,,,,
blue-grey-panel-kids-short-sleeve-kids-wear,Blue Grey Panel Kids Short Sleeve Kids Wear,"<h4>Blue Grey Panel Kids Short Sleeve Kids Wear</h4>
<p data-start=""366"" data-end=""678"">Keep your little one comfortable and stylish with this <strong>blue</strong><strong data-start=""421"" data-end=""465""> summer T-shirt and shorts set</strong>, designed for everyday wear and active play. This trendy kids' outfit features a <strong data-start=""546"" data-end=""604"">soft cotton T-shirt with a modern chevron panel design</strong>, paired with matching breathable shorts for a smart and coordinated look.</p>
<p data-start=""680"" data-end=""937"">Made from <strong data-start=""690"" data-end=""730"">lightweight and skin-friendly fabric</strong>, this outfit keeps kids cool during warm weather while allowing free movement for playtime, outings, and casual wear. The elastic waistband shorts ensure a comfortable fit, making it perfect for daily wear.</p>
<p data-start=""939"" data-end=""1099"">Whether it's a family outing, playdate, or summer day at home, this <strong data-start=""1007"" data-end=""1033"">kids' casual outfit set</strong> offers the perfect combination of comfort, durability, and style.</p>
<h3 data-section-id=""1iz91iu"" data-start=""1101"" data-end=""1117"">Key Features</h3>
<p data-start=""1118"" data-end=""1337"">• Soft and breathable fabric ideal for summer<br data-start=""1163"" data-end=""1166"">• Stylish chevron color-block design<br data-start=""1202"" data-end=""1205"">• Comfortable elastic waistband shorts<br data-start=""1243"" data-end=""1246"">• Lightweight and stretchable material<br data-start=""1284"" data-end=""1287"">• Perfect for casual wear, playtime, and outings</p>
<h3 data-section-id=""5t7ttf"" data-start=""1339"" data-end=""1359"">Package Includes</h3>
<p data-start=""1360"" data-end=""1400"">1 × Kids T-Shirt<br data-start=""1376"" data-end=""1379"">1 × Matching Shorts</p>
<h3 data-section-id=""6wjj6j"" data-start=""1402"" data-end=""1411"">Color</h3>
<p data-start=""1412"" data-end=""1450"">Brown with grey and white panel design</p>
<h3 data-section-id=""coovq3"" data-start=""1452"" data-end=""1462"">Fabric</h3>
<p data-start=""1463"" data-end=""1480"">Soft Cotton Blend</p>
<h3 data-section-id=""oz9ncz"" data-start=""1482"" data-end=""1492"">Season</h3>
<p data-start=""1493"" data-end=""1513"">Summer/Casual Wear</p>",BBG FASHION,Apparel & Accessories > Clothing > Baby & Toddler Clothing > Baby & Toddler Outfits,Kids Half Sleeves Twinset,"k, kids half sleeves, Premium Quality",true,Size,2 - 6 Months,,,,,,,,'10710012,500.0,shopify,98,deny,manual,999.00,,true,false,,,,,'10710012,https://cdn.shopify.com/s/files/1/0618/2368/0740/files/5_64.webp?v=1772141263,1,Blue Grey Panel Kids Short Sleeve Kids Wear - front view - kids wear Pakistan,false,,"Shop blue T-shirt and shorts summer set. Soft, breathable cotton outfit for kids, perfect for casual wear, playtime, and everyday comfort.",5622,,,,,,,,,,,,'4,,,,,,,,,,,,,,,,,,,,,,,,,,,,https://cdn.shopify.com/s/files/1/0618/2368/0740/files/5_64.webp?v=1772141263,kg,,,true,,,active
blue-grey-panel-kids-short-sleeve-kids-wear,,,,,,,,,6- 12 Months,,,,,,,,'10710013,500.0,shopify,98,deny,manual,999.00,,true,false,,,,,'10710013,https://cdn.shopify.com/s/files/1/0618/2368/0740/files/3_67.webp?v=1772141263,2,Blue Grey Panel Kids Short Sleeve Kids Wear - back view - kids wear Pakistan,,,,,,,,,,,,,,,,,,,,,,,,,,,,,,,,,,,,,,,,,,,,https://cdn.shopify.com/s/files/1/0618/2368/0740/files/5_64.webp?v=1772141263,kg,,,,,,
blue-grey-panel-kids-short-sleeve-kids-wear,,,,,,,,,13 - 24 Months,,,,,,,,'10710014,500.0,shopify,91,deny,manual,999.00,,true,false,,,,,'10710014,https://cdn.shopify.com/s/files/1/0618/2368/0740/files/1_63.webp?v=1772141263,3,Blue Grey Panel Kids Short Sleeve Kids Wear - side view - kids wear Pakistan,,,,,,,,,,,,,,,,,,,,,,,,,,,,,,,,,,,,,,,,,,,,https://cdn.shopify.com/s/files/1/0618/2368/0740/files/5_64.webp?v=1772141263,kg,,,,,,
blue-grey-panel-kids-short-sleeve-kids-wear,,,,,,,,,2 - 3 Years,,,,,,,,'10710015,500.0,shopify,92,deny,manual,999.00,,true,false,,,,,'10710015,https://cdn.shopify.com/s/files/1/0618/2368/0740/files/2_64.webp?v=1772141263,4,Blue Grey Panel Kids Short Sleeve Kids Wear - detail shot - kids wear Pakistan,,,,,,,,,,,,,,,,,,,,,,,,,,,,,,,,,,,,,,,,,,,,https://cdn.shopify.com/s/files/1/0618/2368/0740/files/5_64.webp?v=1772141263,kg,,,,,,
blue-grey-panel-kids-short-sleeve-kids-wear,,,,,,,,,3 - 4 Years,,,,,,,,'10710016,500.0,shopify,91,deny,manual,999.00,,true,false,,,,,'10710016,https://cdn.shopify.com/s/files/1/0618/2368/0740/files/4_63.webp?v=1772141263,5,Blue Grey Panel Kids Short Sleeve Kids Wear - front view - kids wear Pakistan,,,,,,,,,,,,,,,,,,,,,,,,,,,,,,,,,,,,,,,,,,,,https://cdn.shopify.com/s/files/1/0618/2368/0740/files/5_64.webp?v=1772141263,kg,,,,,,
blue-grey-panel-kids-short-sleeve-kids-wear,,,,,,,,,4 - 5 Years,,,,,,,,'10710017,500.0,shopify,89,deny,manual,999.00,,true,false,,,,,'10710017,https://cdn.shopify.com/s/files/1/0618/2368/0740/files/2-6bbgshortset_1e14798a-5f04-4932-9b4b-8813a927f239.webp?v=1781185331,6,"",,,,,,,,,,,,,,,,,,,,,,,,,,,,,,,,,,,,,,,,,,,,https://cdn.shopify.com/s/files/1/0618/2368/0740/files/5_64.webp?v=1772141263,kg,,,,,,
blue-grey-panel-kids-short-sleeve-kids-wear,,,,,,,,,6 Years,,,,,,,,'10706810,500.0,shopify,92,deny,manual,999.00,,true,false,,,,,'10706810,,,,,,,,,,,,,,,,,,,,,,,,,,,,,,,,,,,,,,,,,,,,,,,https://cdn.shopify.com/s/files/1/0618/2368/0740/files/5_64.webp?v=1772141263,kg,,,,,,
sherwood-green-flower-design-women-loungewear-article-52,Women Round-Neck Lounge Wear | Flower - Sherwood Green,"<h4>Women Round-Neck Lounge Wear | Flower - Sherwood Green<br>
</h4>
<p data-start=""338"" data-end=""517"">Stay comfortable while keeping your style effortlessly elegant with our <strong data-start=""410"" data-end=""459"">Women Round-Neck Lounge Wear | Flower Edition</strong> — designed for everyday ease with a soft, feminine touch.</p>
<p data-start=""519"" data-end=""777"">This 2-piece set features a <strong data-start=""547"" data-end=""602"">classic round-neck top paired with matching bottoms</strong>, offering a relaxed fit that ensures all-day comfort. Made from soft, breathable fabric, it feels gentle on the skin and is perfect for lounging at home or casual daily wear.</p>
<p data-start=""779"" data-end=""999"">The beautiful <strong data-start=""793"" data-end=""818"">flower-inspired print</strong> adds a fresh and stylish detail, giving this set a charming and trendy look. Available in multiple colors, you can choose your favorite shade to match your mood and personal style.</p>
<p data-start=""1001"" data-end=""1138"">Whether you're relaxing, working from home, or stepping out, this lounge set keeps you looking comfortable and effortlessly put together.</p>
<p data-start=""1140"" data-end=""1157""><strong data-start=""1140"" data-end=""1157"">Key Features:</strong></p>
<ul data-start=""1158"" data-end=""1451"">
<li data-section-id=""xbqyyf"" data-start=""1158"" data-end=""1209"">Classic round-neck design for a comfortable fit</li>
<li data-section-id=""3pudom"" data-start=""1210"" data-end=""1253"">Soft, breathable &amp; skin-friendly fabric</li>
<li data-section-id=""10slvg5"" data-start=""1254"" data-end=""1289"">Relaxed fit for all-day comfort</li>
<li data-section-id=""1o7fn0j"" data-start=""1290"" data-end=""1336"">Elastic waistband for flexibility and ease</li>
<li data-section-id=""ybopkv"" data-start=""1337"" data-end=""1370"">Elegant flower-inspired print</li>
<li data-section-id=""arqrzc"" data-start=""1371"" data-end=""1403"">Available in multiple colors</li>
<li data-section-id=""n8nixx"" data-start=""1404"" data-end=""1451"">Ideal for lounging, casual wear &amp; sleepwear</li>
</ul>
<p data-start=""1453"" data-end=""1550""><strong data-start=""1453"" data-end=""1464"">Fabric:</strong> Premium Cotton Blend<br data-start=""1485"" data-end=""1488""><strong data-start=""1488"" data-end=""1496"">Fit:</strong> Relaxed / Comfortable<br data-start=""1518"" data-end=""1521""><strong data-start=""1521"" data-end=""1532"">Season:</strong> All Season Wear</p>",BBG FASHION,Apparel & Accessories > Clothing > Sleepwear & Loungewear,Article 52,Loungewear,true,Size,Medium,,,,,,,,'10709993,500.0,shopify,98,deny,manual,1599.00,,true,false,,,,,'10709993,https://cdn.shopify.com/s/files/1/0618/2368/0740/files/WhatsAppImage2026-06-05at6.50.33PM_1.jpg?v=1780667537,1,"",false,,"Shop women’s flower round-neck lounge wear in Pakistan. Soft, breathable and stylish 2-piece set available in multiple colors for everyday comfort.",,,,,,,,,,,,,,,,,,,,,,,,,,,,,,,,,,,,,,,,,,g,,,true,,,active
sherwood-green-flower-design-women-loungewear-article-52,,,,,,,,,Large,,,,,,,,'10709998,500.0,shopify,98,deny,manual,1599.00,,true,false,,,,,'10709998,https://cdn.shopify.com/s/files/1/0618/2368/0740/files/WhatsAppImage2026-06-05at6.50.33PM_2.jpg?v=1780667537,2,"",,,,,,,,,,,,,,,,,,,,,,,,,,,,,,,,,,,,,,,,,,,,,g,,,,,,
sherwood-green-flower-design-women-loungewear-article-52,,,,,,,,,XL,,,,,,,,'10710003,500.0,shopify,100,deny,manual,1699.00,,true,false,,,,,'10710003,https://cdn.shopify.com/s/files/1/0618/2368/0740/files/WhatsAppImage2026-06-05at6.50.33PM.jpg?v=1780667537,3,"",,,,,,,,,,,,,,,,,,,,,,,,,,,,,,,,,,,,,,,,,,,,,g,,,,,,
sherwood-green-flower-design-women-loungewear-article-52,,,,,,,,,XXL,,,,,,,,'10710008,500.0,shopify,97,deny,manual,1799.00,,true,false,,,,,'10710008,https://cdn.shopify.com/s/files/1/0618/2368/0740/files/Sizechart_6c061650-4432-489c-b809-b786eba2745e.webp?v=1705864553,4,Sherwood Green Flower Design Women Loungewear Article 52 size chart - measurements guide,,,,,,,,,,,,,,,,,,,,,,,,,,,,,,,,,,,,,,,,,,,,,g,,,,,,
red-flower-design-women-loungewear-article-52,Women Round-Neck Lounge Wear | Flower - Red,"<h4>Women Round-Neck Lounge Wear | Flower - Red<br>
</h4>
<p data-start=""338"" data-end=""517"">Stay comfortable while keeping your style effortlessly elegant with our <strong data-start=""410"" data-end=""459"">Women Round-Neck Lounge Wear | Flower Edition</strong> — designed for everyday ease with a soft, feminine touch.</p>
<p data-start=""519"" data-end=""777"">This 2-piece set features a <strong data-start=""547"" data-end=""602"">classic round-neck top paired with matching bottoms</strong>, offering a relaxed fit that ensures all-day comfort. Made from soft, breathable fabric, it feels gentle on the skin and is perfect for lounging at home or casual daily wear.</p>
<p data-start=""779"" data-end=""999"">The beautiful <strong data-start=""793"" data-end=""818"">flower-inspired print</strong> adds a fresh and stylish detail, giving this set a charming and trendy look. Available in multiple colors, you can choose your favorite shade to match your mood and personal style.</p>
<p data-start=""1001"" data-end=""1138"">Whether you're relaxing, working from home, or stepping out, this lounge set keeps you looking comfortable and effortlessly put together.</p>
<p data-start=""1140"" data-end=""1157""><strong data-start=""1140"" data-end=""1157"">Key Features:</strong></p>
<ul data-start=""1158"" data-end=""1451"">
<li data-section-id=""xbqyyf"" data-start=""1158"" data-end=""1209"">Classic round-neck design for a comfortable fit</li>
<li data-section-id=""3pudom"" data-start=""1210"" data-end=""1253"">Soft, breathable &amp; skin-friendly fabric</li>
<li data-section-id=""10slvg5"" data-start=""1254"" data-end=""1289"">Relaxed fit for all-day comfort</li>
<li data-section-id=""1o7fn0j"" data-start=""1290"" data-end=""1336"">Elastic waistband for flexibility and ease</li>
<li data-section-id=""ybopkv"" data-start=""1337"" data-end=""1370"">Elegant flower-inspired print</li>
<li data-section-id=""arqrzc"" data-start=""1371"" data-end=""1403"">Available in multiple colors</li>
<li data-section-id=""n8nixx"" data-start=""1404"" data-end=""1451"">Ideal for lounging, casual wear &amp; sleepwear</li>
</ul>
<p data-start=""1453"" data-end=""1550""><strong data-start=""1453"" data-end=""1464"">Fabric:</strong> Premium Cotton Blend<br data-start=""1485"" data-end=""1488""><strong data-start=""1488"" data-end=""1496"">Fit:</strong> Relaxed / Comfortable<br data-start=""1518"" data-end=""1521""><strong data-start=""1521"" data-end=""1532"">Season:</strong> All Season Wear</p>",BBG FASHION,Apparel & Accessories > Clothing > Sleepwear & Loungewear,Article 52,Loungewear,true,Size,Medium,,,,,,,,'10709990,500.0,shopify,66,deny,manual,1599.00,,true,false,,,,,'10709990,https://cdn.shopify.com/s/files/1/0618/2368/0740/files/WhatsAppImage2026-06-05at5.08.08PM.jpg?v=1780666671,1,"",false,,"Shop women’s flower round-neck lounge wear in Pakistan. Soft, breathable and stylish 2-piece set available in multiple colors for everyday comfort.",,,,,,,,,,,,,,,,,,,,,,,,,,,,,,,,,,,,,,,,,,g,,,true,,,active
red-flower-design-women-loungewear-article-52,,,,,,,,,Large,,,,,,,,'10709991,500.0,shopify,94,deny,manual,1599.00,,true,false,,,,,'10709991,https://cdn.shopify.com/s/files/1/0618/2368/0740/files/WhatsAppImage2026-06-05at6.23.41PM_1.jpg?v=1780666671,2,"",,,,,,,,,,,,,,,,,,,,,,,,,,,,,,,,,,,,,,,,,,,,,g,,,,,,
red-flower-design-women-loungewear-article-52,,,,,,,,,XL,,,,,,,,'10709992,500.0,shopify,98,deny,manual,1699.00,,true,false,,,,,'10709992,https://cdn.shopify.com/s/files/1/0618/2368/0740/files/WhatsAppImage2026-06-05at6.23.41PM.jpg?v=1780666671,3,"",,,,,,,,,,,,,,,,,,,,,,,,,,,,,,,,,,,,,,,,,,,,,g,,,,,,
red-flower-design-women-loungewear-article-52,,,,,,,,,XXL,,,,,,,,'10706808,500.0,shopify,97,deny,manual,1799.00,,true,false,,,,,'10706808,https://cdn.shopify.com/s/files/1/0618/2368/0740/files/Sizechart_d1de53d6-26e5-484a-9dd2-f5154732f2cf.webp?v=1705864323,4,Red Flower Design Women Loungewear Article 52 size chart - measurements guide,,,,,,,,,,,,,,,,,,,,,,,,,,,,,,,,,,,,,,,,,,,,,g,,,,,,
navy-blue-flower-design-women-loungewear-article-52,Women Round-Neck Lounge Wear | Flower - Navy Blue,"<h4>Women Round-Neck Lounge Wear | Flower - Navy Blue<br>
</h4>
<p data-start=""338"" data-end=""517"">Stay comfortable while keeping your style effortlessly elegant with our <strong data-start=""410"" data-end=""459"">Women Round-Neck Lounge Wear | Flower Edition</strong> — designed for everyday ease with a soft, feminine touch.</p>
<p data-start=""519"" data-end=""777"">This 2-piece set features a <strong data-start=""547"" data-end=""602"">classic round-neck top paired with matching bottoms</strong>, offering a relaxed fit that ensures all-day comfort. Made from soft, breathable fabric, it feels gentle on the skin and is perfect for lounging at home or casual daily wear.</p>
<p data-start=""779"" data-end=""999"">The beautiful <strong data-start=""793"" data-end=""818"">flower-inspired print</strong> adds a fresh and stylish detail, giving this set a charming and trendy look. Available in multiple colors, you can choose your favorite shade to match your mood and personal style.</p>
<p data-start=""1001"" data-end=""1138"">Whether you're relaxing, working from home, or stepping out, this lounge set keeps you looking comfortable and effortlessly put together.</p>
<p data-start=""1140"" data-end=""1157""><strong data-start=""1140"" data-end=""1157"">Key Features:</strong></p>
<ul data-start=""1158"" data-end=""1451"">
<li data-section-id=""xbqyyf"" data-start=""1158"" data-end=""1209"">Classic round-neck design for a comfortable fit</li>
<li data-section-id=""3pudom"" data-start=""1210"" data-end=""1253"">Soft, breathable &amp; skin-friendly fabric</li>
<li data-section-id=""10slvg5"" data-start=""1254"" data-end=""1289"">Relaxed fit for all-day comfort</li>
<li data-section-id=""1o7fn0j"" data-start=""1290"" data-end=""1336"">Elastic waistband for flexibility and ease</li>
<li data-section-id=""ybopkv"" data-start=""1337"" data-end=""1370"">Elegant flower-inspired print</li>
<li data-section-id=""arqrzc"" data-start=""1371"" data-end=""1403"">Available in multiple colors</li>
<li data-section-id=""n8nixx"" data-start=""1404"" data-end=""1451"">Ideal for lounging, casual wear &amp; sleepwear</li>
</ul>
<p data-start=""1453"" data-end=""1550""><strong data-start=""1453"" data-end=""1464"">Fabric:</strong> Premium Cotton Blend<br data-start=""1485"" data-end=""1488""><strong data-start=""1488"" data-end=""1496"">Fit:</strong> Relaxed / Comfortable<br data-start=""1518"" data-end=""1521""><strong data-start=""1521"" data-end=""1532"">Season:</strong> All Season Wear</p>",BBG FASHION,Apparel & Accessories > Clothing > Sleepwear & Loungewear,Article 52,Loungewear,true,Size,Medium,,,,,,,,'10709987,500.0,shopify,94,deny,manual,1599.00,,true,false,,,,,'10709987,https://cdn.shopify.com/s/files/1/0618/2368/0740/files/WhatsAppImage2026-06-05at6.32.48PM_2.jpg?v=1780666733,1,"",false,,"Shop women’s flower round-neck lounge wear in Pakistan. Soft, breathable and stylish 2-piece set available in multiple colors for everyday comfort.",,,,,,,,,,,,,'1,,,,,,,,,,,,,,,,,,,,,,,,,,,,,g,,,true,,,active
navy-blue-flower-design-women-loungewear-article-52,,,,,,,,,Large,,,,,,,,'10709988,500.0,shopify,90,deny,manual,1599.00,,true,false,,,,,'10709988,https://cdn.shopify.com/s/files/1/0618/2368/0740/files/WhatsAppImage2026-06-05at6.32.48PM.jpg?v=1780666733,2,"",,,,,,,,,,,,,,,,,,,,,,,,,,,,,,,,,,,,,,,,,,,,,g,,,,,,
navy-blue-flower-design-women-loungewear-article-52,,,,,,,,,XL,,,,,,,,'10709989,500.0,shopify,92,deny,manual,1699.00,,true,false,,,,,'10709989,https://cdn.shopify.com/s/files/1/0618/2368/0740/files/WhatsAppImage2026-06-05at6.32.48PM_1.jpg?v=1780666733,3,"",,,,,,,,,,,,,,,,,,,,,,,,,,,,,,,,,,,,,,,,,,,,,g,,,,,,
navy-blue-flower-design-women-loungewear-article-52,,,,,,,,,XXL,,,,,,,,'10706807,500.0,shopify,91,deny,manual,1799.00,,true,false,,,,,'10706807,https://cdn.shopify.com/s/files/1/0618/2368/0740/files/Sizechart_88b344ee-81cf-4f59-b218-928deccf3c03.webp?v=1705863628,4,Navy Blue Flower Design Women Loungewear Article 52 size chart - measurements guide,,,,,,,,,,,,,,,,,,,,,,,,,,,,,,,,,,,,,,,,,,,,,g,,,,,,
lemon-yellow-flower-design-women-loungewear-article-52,Women Round-Neck Lounge Wear | Flower - Lemon Yellow,"<h4>Women Round-Neck Lounge Wear | Flower - Lemon Yellow<br>
</h4>
<p data-end=""517"" data-start=""338"">Stay comfortable while keeping your style effortlessly elegant with our <strong data-end=""459"" data-start=""410"">Women Round-Neck Lounge Wear | Flower Edition</strong> — designed for everyday ease with a soft, feminine touch.</p>
<p data-end=""777"" data-start=""519"">This 2-piece set features a <strong data-end=""602"" data-start=""547"">classic round-neck top paired with matching bottoms</strong>, offering a relaxed fit that ensures all-day comfort. Made from soft, breathable fabric, it feels gentle on the skin and is perfect for lounging at home or casual daily wear.</p>
<p data-end=""999"" data-start=""779"">The beautiful <strong data-end=""818"" data-start=""793"">flower-inspired print</strong> adds a fresh and stylish detail, giving this set a charming and trendy look. Available in multiple colors, you can choose your favorite shade to match your mood and personal style.</p>
<p data-end=""1138"" data-start=""1001"">Whether you're relaxing, working from home, or stepping out, this lounge set keeps you looking comfortable and effortlessly put together.</p>
<p data-end=""1157"" data-start=""1140""><strong data-end=""1157"" data-start=""1140"">Key Features:</strong></p>
<ul data-end=""1451"" data-start=""1158"">
<li data-end=""1209"" data-start=""1158"" data-section-id=""xbqyyf"">Classic round-neck design for a comfortable fit</li>
<li data-end=""1253"" data-start=""1210"" data-section-id=""3pudom"">Soft, breathable &amp; skin-friendly fabric</li>
<li data-end=""1289"" data-start=""1254"" data-section-id=""10slvg5"">Relaxed fit for all-day comfort</li>
<li data-end=""1336"" data-start=""1290"" data-section-id=""1o7fn0j"">Elastic waistband for flexibility and ease</li>
<li data-end=""1370"" data-start=""1337"" data-section-id=""ybopkv"">Elegant flower-inspired print</li>
<li data-end=""1403"" data-start=""1371"" data-section-id=""arqrzc"">Available in multiple colors</li>
<li data-end=""1451"" data-start=""1404"" data-section-id=""n8nixx"">Ideal for lounging, casual wear &amp; sleepwear</li>
</ul>
<p data-end=""1550"" data-start=""1453""><strong data-end=""1464"" data-start=""1453"">Fabric:</strong> Premium Cotton Blend<br data-end=""1488"" data-start=""1485""><strong data-end=""1496"" data-start=""1488"">Fit:</strong> Relaxed / Comfortable<br data-end=""1521"" data-start=""1518""><strong data-end=""1532"" data-start=""1521"">Season:</strong> All Season Wear</p>",BBG FASHION,Apparel & Accessories > Clothing > Sleepwear & Loungewear,Article 52,Loungewear,true,Size,Medium,,,,,,,,'10709984,500.0,shopify,98,deny,manual,1599.00,,true,false,,,,,'10709984,https://cdn.shopify.com/s/files/1/0618/2368/0740/files/WhatsAppImage2026-06-05at6.43.28PM_1.jpg?v=1780667215,1,"",false,,"Shop women’s flower round-neck lounge wear in Pakistan. Soft, breathable and stylish 2-piece set available in multiple colors for everyday comfort.",,,,,,,,,,,,,,,,,,,,,,,,,,,,,,,,,,,,,,,,,,g,,,true,,,active
lemon-yellow-flower-design-women-loungewear-article-52,,,,,,,,,Large,,,,,,,,'10709985,500.0,shopify,100,deny,manual,1599.00,,true,false,,,,,'10709985,https://cdn.shopify.com/s/files/1/0618/2368/0740/files/WhatsAppImage2026-06-05at6.43.27PM.jpg?v=1780667215,2,"",,,,,,,,,,,,,,,,,,,,,,,,,,,,,,,,,,,,,,,,,,,,,g,,,,,,
lemon-yellow-flower-design-women-loungewear-article-52,,,,,,,,,XL,,,,,,,,'10709986,500.0,shopify,99,deny,manual,1699.00,,true,false,,,,,'10709986,https://cdn.shopify.com/s/files/1/0618/2368/0740/files/WhatsAppImage2026-06-05at6.43.28PM.jpg?v=1780667215,3,"",,,,,,,,,,,,,,,,,,,,,,,,,,,,,,,,,,,,,,,,,,,,,g,,,,,,
lemon-yellow-flower-design-women-loungewear-article-52,,,,,,,,,XXL,,,,,,,,'10706806,500.0,shopify,100,deny,manual,1799.00,,true,false,,,,,'10706806,https://cdn.shopify.com/s/files/1/0618/2368/0740/files/Sizechart_41be725f-7f0d-444b-8ddd-885d53cdd77d.webp?v=1705863436,4,Lemon Yellow Flower Design Women Loungewear Article 52 size chart - measurements guide,,,,,,,,,,,,,,,,,,,,,,,,,,,,,,,,,,,,,,,,,,,,,g,,,,,,
pink-flower-design-women-loungewear-article-52,Women Round-Neck Lounge Wear | Flower - Rusty,"<h4>Women Round-Neck Lounge Wear | Flower - Rusty<br>
</h4>
<p data-start=""338"" data-end=""517"">Stay comfortable while keeping your style effortlessly elegant with our <strong data-start=""410"" data-end=""459"">Women Round-Neck Lounge Wear | Flower Edition</strong> — designed for everyday ease with a soft, feminine touch.</p>
<p data-start=""519"" data-end=""777"">This 2-piece set features a <strong data-start=""547"" data-end=""602"">classic round-neck top paired with matching bottoms</strong>, offering a relaxed fit that ensures all-day comfort. Made from soft, breathable fabric, it feels gentle on the skin and is perfect for lounging at home or casual daily wear.</p>
<p data-start=""779"" data-end=""999"">The beautiful <strong data-start=""793"" data-end=""818"">flower-inspired print</strong> adds a fresh and stylish detail, giving this set a charming and trendy look. Available in multiple colors, you can choose your favorite shade to match your mood and personal style.</p>
<p data-start=""1001"" data-end=""1138"">Whether you're relaxing, working from home, or stepping out, this lounge set keeps you looking comfortable and effortlessly put together.</p>
<p data-start=""1140"" data-end=""1157""><strong data-start=""1140"" data-end=""1157"">Key Features:</strong></p>
<ul data-start=""1158"" data-end=""1451"">
<li data-section-id=""xbqyyf"" data-start=""1158"" data-end=""1209"">Classic round-neck design for a comfortable fit</li>
<li data-section-id=""3pudom"" data-start=""1210"" data-end=""1253"">Soft, breathable &amp; skin-friendly fabric</li>
<li data-section-id=""10slvg5"" data-start=""1254"" data-end=""1289"">Relaxed fit for all-day comfort</li>
<li data-section-id=""1o7fn0j"" data-start=""1290"" data-end=""1336"">Elastic waistband for flexibility and ease</li>
<li data-section-id=""ybopkv"" data-start=""1337"" data-end=""1370"">Elegant flower-inspired print</li>
<li data-section-id=""arqrzc"" data-start=""1371"" data-end=""1403"">Available in multiple colors</li>
<li data-section-id=""n8nixx"" data-start=""1404"" data-end=""1451"">Ideal for lounging, casual wear &amp; sleepwear</li>
</ul>
<p data-start=""1453"" data-end=""1550""><strong data-start=""1453"" data-end=""1464"">Fabric:</strong> Premium Cotton Blend<br data-start=""1485"" data-end=""1488""><strong data-start=""1488"" data-end=""1496"">Fit:</strong> Relaxed / Comfortable<br data-start=""1518"" data-end=""1521""><strong data-start=""1521"" data-end=""1532"">Season:</strong> All Season Wear</p>",BBG FASHION,Apparel & Accessories > Clothing > Sleepwear & Loungewear,Article 52,Loungewear,true,Size,Medium,,,,,,,,'10709981,500.0,shopify,96,deny,manual,1599.00,,true,false,,,,,'10709981,https://cdn.shopify.com/s/files/1/0618/2368/0740/files/WhatsAppImage2026-06-05at6.39.54PM_2.jpg?v=1780667317,1,"",false,,"Shop women’s flower round-neck lounge wear in Pakistan. Soft, breathable and stylish 2-piece set available in multiple colors for everyday comfort.",,,,,,,,,,,,,,,,,,,,,,,,,,,,,,,,,,,,,,,,,,g,,,true,,,active
pink-flower-design-women-loungewear-article-52,,,,,,,,,Large,,,,,,,,'10709982,500.0,shopify,95,deny,manual,1599.00,,true,false,,,,,'10709982,https://cdn.shopify.com/s/files/1/0618/2368/0740/files/WhatsAppImage2026-06-05at6.39.54PM.jpg?v=1780667317,2,"",,,,,,,,,,,,,,,,,,,,,,,,,,,,,,,,,,,,,,,,,,,,,g,,,,,,
pink-flower-design-women-loungewear-article-52,,,,,,,,,XL,,,,,,,,'10709983,500.0,shopify,93,deny,manual,1699.00,,true,false,,,,,'10709983,https://cdn.shopify.com/s/files/1/0618/2368/0740/files/WhatsAppImage2026-06-05at6.39.54PM_1.jpg?v=1780667317,3,"",,,,,,,,,,,,,,,,,,,,,,,,,,,,,,,,,,,,,,,,,,,,,g,,,,,,
pink-flower-design-women-loungewear-article-52,,,,,,,,,XXL,,,,,,,,'10706805,500.0,shopify,91,deny,manual,1799.00,,true,false,,,,,'10706805,https://cdn.shopify.com/s/files/1/0618/2368/0740/files/Sizechart_ea0a190c-dce7-4d62-888f-887faa907f97.webp?v=1705863251,4,Pink Flower Design Women Loungewear Article 52 size chart - measurements guide,,,,,,,,,,,,,,,,,,,,,,,,,,,,,,,,,,,,,,,,,,,,,g,,,,,,
black-flower-design-women-loungewear-article-52,Women Round-Neck Lounge Wear | Flower - Black,"<h4>Women Round-Neck Lounge Wear | Flower - Black<br>
</h4>
<p data-start=""338"" data-end=""517"">Stay comfortable while keeping your style effortlessly elegant with our <strong data-start=""410"" data-end=""459"">Women Round-Neck Lounge Wear | Flower Edition</strong> — designed for everyday ease with a soft, feminine touch.</p>
<p data-start=""519"" data-end=""777"">This 2-piece set features a <strong data-start=""547"" data-end=""602"">classic round-neck top paired with matching bottoms</strong>, offering a relaxed fit that ensures all-day comfort. Made from soft, breathable fabric, it feels gentle on the skin and is perfect for lounging at home or casual daily wear.</p>
<p data-start=""779"" data-end=""999"">The beautiful <strong data-start=""793"" data-end=""818"">flower-inspired print</strong> adds a fresh and stylish detail, giving this set a charming and trendy look. Available in multiple colors, you can choose your favorite shade to match your mood and personal style.</p>
<p data-start=""1001"" data-end=""1138"">Whether you're relaxing, working from home, or stepping out, this lounge set keeps you looking comfortable and effortlessly put together.</p>
<p data-start=""1140"" data-end=""1157""><strong data-start=""1140"" data-end=""1157"">Key Features:</strong></p>
<ul data-start=""1158"" data-end=""1451"">
<li data-section-id=""xbqyyf"" data-start=""1158"" data-end=""1209"">Classic round-neck design for a comfortable fit</li>
<li data-section-id=""3pudom"" data-start=""1210"" data-end=""1253"">Soft, breathable &amp; skin-friendly fabric</li>
<li data-section-id=""10slvg5"" data-start=""1254"" data-end=""1289"">Relaxed fit for all-day comfort</li>
<li data-section-id=""1o7fn0j"" data-start=""1290"" data-end=""1336"">Elastic waistband for flexibility and ease</li>
<li data-section-id=""ybopkv"" data-start=""1337"" data-end=""1370"">Elegant flower-inspired print</li>
<li data-section-id=""arqrzc"" data-start=""1371"" data-end=""1403"">Available in multiple colors</li>
<li data-section-id=""n8nixx"" data-start=""1404"" data-end=""1451"">Ideal for lounging, casual wear &amp; sleepwear</li>
</ul>
<p data-start=""1453"" data-end=""1550""><strong data-start=""1453"" data-end=""1464"">Fabric:</strong> Premium Cotton Blend<br data-start=""1485"" data-end=""1488""><strong data-start=""1488"" data-end=""1496"">Fit:</strong> Relaxed / Comfortable<br data-start=""1518"" data-end=""1521""><strong data-start=""1521"" data-end=""1532"">Season:</strong> All Season Wear</p>",BBG FASHION,Apparel & Accessories > Clothing > Sleepwear & Loungewear,Article 52,Loungewear,true,Size,Medium,,,,,,,,'10709958,500.0,shopify,96,deny,manual,1599.00,,true,false,,,,,'10709958,https://cdn.shopify.com/s/files/1/0618/2368/0740/files/WhatsAppImage2026-06-05at6.28.48PM.jpg?v=1780666805,1,"",false,,"Shop women’s flower round-neck lounge wear in Pakistan. Soft, breathable and stylish 2-piece set available in multiple colors for everyday comfort.",,,,,,,,,,,,,,,,,,,,,,,,,,,,,,,,,,,,,,,,,,g,,,true,,,active
black-flower-design-women-loungewear-article-52,,,,,,,,,Large,,,,,,,,'10709964,500.0,shopify,99,deny,manual,1599.00,,true,false,,,,,'10709964,https://cdn.shopify.com/s/files/1/0618/2368/0740/files/WhatsAppImage2026-06-05at6.28.47PM_1.jpg?v=1780666805,2,"",,,,,,,,,,,,,,,,,,,,,,,,,,,,,,,,,,,,,,,,,,,,,g,,,,,,
black-flower-design-women-loungewear-article-52,,,,,,,,,XL,,,,,,,,'10709970,500.0,shopify,98,deny,manual,1699.00,,true,false,,,,,'10709970,https://cdn.shopify.com/s/files/1/0618/2368/0740/files/WhatsAppImage2026-06-05at6.28.47PM.jpg?v=1780666805,3,"",,,,,,,,,,,,,,,,,,,,,,,,,,,,,,,,,,,,,,,,,,,,,g,,,,,,
black-flower-design-women-loungewear-article-52,,,,,,,,,XXL,,,,,,,,'10709976,500.0,shopify,94,deny,manual,1799.00,,true,false,,,,,'10709976,https://cdn.shopify.com/s/files/1/0618/2368/0740/files/Sizechart_bb6790ab-7540-4768-835a-cadcd6add23c.webp?v=1738249099,4,Never Giveup Loungewear Article 52 size chart - measurements guide,,,,,,,,,,,,,,,,,,,,,,,,,,,,,,,,,,,,,,,,,,,,,g,,,,,,
kids-bunny-winter-sweat-shirt-set-red-white,Kids Bunny Winter Sweat Shirt Set - Red & White,"<h4 data-start=""98"" data-end=""431"">Kids Bunny Winter Sweat Shirt Set - Red &amp; White</h4>
<p data-start=""98"" data-end=""431"">Make winter dressing fun and cozy with the<span> </span><strong data-start=""141"" data-end=""189"">Red &amp; White Bunny Kids Sweatshirt &amp; Pant Set</strong>. Designed with an adorable bunny print and vibrant color contrast, this outfit is perfect for playful days and comfy nights. The soft fleece fabric keeps your little one warm, while the relaxed fit allows easy movement for all-day comfort.</p>
<p data-start=""433"" data-end=""636"">The cute bow detail and charming cartoon design add a stylish touch, making it a must-have for both casual outings and home wear. Available in multiple colors, so you can pick your child’s favorite look!</p>
<p data-start=""638"" data-end=""657""><strong data-start=""638"" data-end=""655"">Key Features:</strong></p>
<ul data-start=""658"" data-end=""922"">
<li data-section-id=""pkq110"" data-start=""658"" data-end=""705"">
<p data-start=""660"" data-end=""705"">Soft, warm fleece fabric for winter comfort</p>
</li>
<li data-section-id=""1y2do34"" data-start=""706"" data-end=""751"">
<p data-start=""708"" data-end=""751"">Cute bunny cartoon design with bow detail</p>
</li>
<li data-section-id=""1b5mdta"" data-start=""752"" data-end=""791"">
<p data-start=""754"" data-end=""791"">Elastic waistband for a perfect fit</p>
</li>
<li data-section-id=""1sxg80n"" data-start=""792"" data-end=""830"">
<p data-start=""794"" data-end=""830"">Durable and kid-friendly stitching</p>
</li>
<li data-section-id=""1oulrjb"" data-start=""831"" data-end=""878"">
<p data-start=""833"" data-end=""878"">Ideal for daily wear, outings, and lounging</p>
</li>
<li data-section-id=""acd1dj"" data-start=""879"" data-end=""922"">
<p data-start=""881"" data-end=""922"">Available in multiple attractive colors</p>
</li>
</ul>",BBG FASHION CLOTHING STORE,Apparel & Accessories > Clothing > Baby & Toddler Clothing,Kids Sweatshirt & Pant,"Kids Winter Collection, kidssweatshirtandpant",true,Size,1 - 2 Years,,,,,,,,'10709941,500.0,,-135,deny,manual,1599.00,,true,true,,,,,'10709941,https://cdn.shopify.com/s/files/1/0618/2368/0740/files/ChatGPT_Image_Apr_22_2026_06_40_10_PM_1.png?v=1776924696,1,"",false,,"Shop Red & White Bunny Kids Sweatshirt & Pant Set. Soft fleece, cute cartoon design, and comfy fit—perfect winter outfit for kids. Available in multiple colors.",,,,,,,,,,,,,'3,,,,,,,,,,,,,,,,,,,,,,,,,,,,,g,,,true,,,active
kids-bunny-winter-sweat-shirt-set-red-white,,,,,,,,,3 - 4 Years,,,,,,,,'10709944,500.0,,-135,deny,manual,1599.00,,true,true,,,,,'10709944,https://cdn.shopify.com/s/files/1/0618/2368/0740/files/BBg_Kids_Size_chart_2b336c6e-f810-47dc-bc9a-69fea9e3b06b.webp?v=1767096499,2,Yellow White Bunny Kids Sweatshirt Pant size chart - measurements guide,,,,,,,,,,,,,,,,,,,,,,,,,,,,,,,,,,,,,,,,,,,,,g,,,,,,
kids-bunny-winter-sweat-shirt-set-red-white,,,,,,,,,5 - 6 Years,,,,,,,,'10709947,500.0,,-48,deny,manual,1599.00,,true,true,,,,,'10709947,,,,,,,,,,,,,,,,,,,,,,,,,,,,,,,,,,,,,,,,,,,,,,,,g,,,,,,
kids-bunny-winter-sweat-shirt-set-red-white,,,,,,,,,7 - 8 Years,,,,,,,,'10709950,500.0,,-25,deny,manual,1599.00,,true,true,,,,,'10709950,,,,,,,,,,,,,,,,,,,,,,,,,,,,,,,,,,,,,,,,,,,,,,,,g,,,,,,
kids-bunny-winter-sweat-shirt-set-red-white,,,,,,,,,9 - 10 Years,,,,,,,,'10709953,500.0,,-10,deny,manual,1599.00,,true,true,,,,,'10709953,,,,,,,,,,,,,,,,,,,,,,,,,,,,,,,,,,,,,,,,,,,,,,,,g,,,,,,
kids-bunny-winter-sweat-shirt-set-red-white,,,,,,,,,11 -12 Years,,,,,,,,'10709956,500.0,,-10,deny,manual,1599.00,,true,true,,,,,'10709956,,,,,,,,,,,,,,,,,,,,,,,,,,,,,,,,,,,,,,,,,,,,,,,,g,,,,,,
green-grey-boss-kids-sweatshirt-pant,Kids Boss Winter Sweat Shirt Set - Green & Grey,"<h4>Kids Boss Winter Sweat Shirt Set - Green &amp; Grey</h4>
<p data-end=""564"" data-start=""271"">Bring bright colors and playful style to your child’s winter wardrobe with the<span> </span><strong data-end=""385"" data-start=""350"">Kids Boss Winter Sweatshirt Set</strong><span> </span>in Green &amp; Grey  This adorable two-piece outfit features a vibrant color-block sweatshirt with a cute bear graphic and matching grey jogger pants for a trendy, coordinated look.</p>
<p data-end=""820"" data-start=""566"">Made from soft, warm fleece fabric, this set keeps your little one cozy during chilly days while ensuring maximum comfort for all-day wear. The elastic waistband joggers provide a secure fit, and the fun “BOSS” print adds a stylish touch kids will love.</p>
<p data-end=""936"" data-start=""822"">Perfect for casual outings, playtime, or everyday wear, this set combines comfort, warmth, and eye-catching style.</p>
<p data-end=""957"" data-start=""938""><strong data-end=""955"" data-start=""938"">Key Features:</strong></p>
<ul data-end=""1204"" data-start=""958"">
<li data-end=""989"" data-start=""958"" data-section-id=""16hbprp"">
<p data-end=""989"" data-start=""960"">Soft and warm fleece fabric</p>
</li>
<li data-end=""1034"" data-start=""990"" data-section-id=""a4fzy7"">
<p data-end=""1034"" data-start=""992"">Stylish Green &amp; Grey  color-block design</p>
</li>
<li data-end=""1077"" data-start=""1035"" data-section-id=""qk8219"">
<p data-end=""1077"" data-start=""1037"">Cute bear graphic detail on sweatshirt</p>
</li>
<li data-end=""1129"" data-start=""1078"" data-section-id=""12ownsg"">
<p data-end=""1129"" data-start=""1080"">Comfortable jogger pants with elastic waistband</p>
</li>
<li data-end=""1164"" data-start=""1130"" data-section-id=""19oz743"">
<p data-end=""1164"" data-start=""1132"">Trendy printed design on pants</p>
</li>
<li data-end=""1204"" data-start=""1165"" data-section-id=""1buwjbp"">
<p data-end=""1204"" data-start=""1167"">Ideal for winter wear and daily use</p>
</li>
</ul>",BBG FASHION CLOTHING STORE,Apparel & Accessories > Clothing > Baby & Toddler Clothing,Kids Sweatshirt & Pant,"Kids Winter Collection, kidssweatshirtandpant",true,Size,1-2-years,product.metafields.shopify.size,,,,,,,'10709924,500.0,,-123,deny,manual,1699.00,,true,true,,,,,'10709924,https://cdn.shopify.com/s/files/1/0618/2368/0740/files/20250825_1534_Kids_Fashion_Elegance_remix_01k3gchd8bfwps99v8z0xf05m8.png?v=1756118669,1,Green Grey Boss Kids Sweatshirt Pant - front view - kids wear Pakistan,false,,"Shop Kids Boss Winter Sweatshirt Set in Green & Grey. Soft fleece, cute bear design, and comfy joggers—perfect for winter style and everyday wear",,,,,,,,,,,,,'3,,,,,,,,,,,,,,,,,,1-2-years; 3-4-years; 5-6-years; 7-8-years; 9-10-years; 11-12-years,,,,,,,,,,https://cdn.shopify.com/s/files/1/0618/2368/0740/files/20250825_1534_Kids_Fashion_Elegance_remix_01k3gchd8bfwps99v8z0xf05m8.png?v=1756118669,g,,,true,,,active
green-grey-boss-kids-sweatshirt-pant,,,,,,,,,3-4-years,,,,,,,,'10709927,500.0,,-139,deny,manual,1699.00,,true,true,,,,,'10709927,https://cdn.shopify.com/s/files/1/0618/2368/0740/files/BBg_Kids_Size_chart_2b336c6e-f810-47dc-bc9a-69fea9e3b06b.webp?v=1767096499,2,Yellow White Bunny Kids Sweatshirt Pant size chart - measurements guide,,,,,,,,,,,,,,,,,,,,,,,,,,,,,,,,,,,,,,,,,,,,https://cdn.shopify.com/s/files/1/0618/2368/0740/files/20250825_1534_Kids_Fashion_Elegance_remix_01k3gchd8bfwps99v8z0xf05m8.png?v=1756118669,g,,,,,,
green-grey-boss-kids-sweatshirt-pant,,,,,,,,,5-6-years,,,,,,,,'10709930,500.0,,-89,deny,manual,1699.00,,true,true,,,,,'10709930,,,,,,,,,,,,,,,,,,,,,,,,,,,,,,,,,,,,,,,,,,,,,,,https://cdn.shopify.com/s/files/1/0618/2368/0740/files/20250825_1534_Kids_Fashion_Elegance_remix_01k3gchd8bfwps99v8z0xf05m8.png?v=1756118669,g,,,,,,
green-grey-boss-kids-sweatshirt-pant,,,,,,,,,7-8-years,,,,,,,,'10709933,500.0,,-47,deny,manual,1699.00,,true,true,,,,,'10709933,,,,,,,,,,,,,,,,,,,,,,,,,,,,,,,,,,,,,,,,,,,,,,,https://cdn.shopify.com/s/files/1/0618/2368/0740/files/20250825_1534_Kids_Fashion_Elegance_remix_01k3gchd8bfwps99v8z0xf05m8.png?v=1756118669,g,,,,,,
green-grey-boss-kids-sweatshirt-pant,,,,,,,,,9-10-years,,,,,,,,'10709936,500.0,,-31,deny,manual,1699.00,,true,true,,,,,'10709936,,,,,,,,,,,,,,,,,,,,,,,,,,,,,,,,,,,,,,,,,,,,,,,https://cdn.shopify.com/s/files/1/0618/2368/0740/files/20250825_1534_Kids_Fashion_Elegance_remix_01k3gchd8bfwps99v8z0xf05m8.png?v=1756118669,g,,,,,,
green-grey-boss-kids-sweatshirt-pant,,,,,,,,,11-12-years,,,,,,,,'10709939,500.0,,-15,deny,manual,1699.00,,true,true,,,,,'10709939,,,,,,,,,,,,,,,,,,,,,,,,,,,,,,,,,,,,,,,,,,,,,,,https://cdn.shopify.com/s/files/1/0618/2368/0740/files/20250825_1534_Kids_Fashion_Elegance_remix_01k3gchd8bfwps99v8z0xf05m8.png?v=1756118669,g,,,,,,
meow-printed-kids-sweatshirt-pant,Meow Printed Kids Sweatshirt & Pant,"<h4>Meow Printed Kids Sweatshirt &amp; Pants</h4>
<p data-start=""126"" data-end=""408"">Bring cuteness and comfort together with the<span> </span><strong data-start=""171"" data-end=""210"">Meow Printed Kids Sweatshirt &amp; Pant</strong><span> </span>set. Designed with a playful cat (“meow”) theme, this outfit features a cozy sweatshirt with fun prints and matching jogger pants—perfect for keeping your little one warm and stylish during winter.</p>
<p data-start=""410"" data-end=""696"">Made from soft, high-quality fleece fabric, it provides excellent warmth while staying gentle on delicate skin. The relaxed fit allows easy movement, making it ideal for playtime, outings, or everyday wear. The jogger pants come with an elastic waistband for a snug and comfortable fit.</p>
<p data-start=""698"" data-end=""790"">Fun, cozy, and full of personality—this set is a must-have for your kid’s winter collection.</p>
<p data-start=""792"" data-end=""811""><strong data-start=""792"" data-end=""809"">Key Features:</strong></p>
<ul data-start=""812"" data-end=""1056"">
<li data-section-id=""1o7awcp"" data-start=""812"" data-end=""862"">
<p data-start=""814"" data-end=""862"">2-piece set: printed sweatshirt &amp; jogger pants</p>
</li>
<li data-section-id=""1qj0au4"" data-start=""863"" data-end=""908"">
<p data-start=""865"" data-end=""908"">Soft fleece fabric for warmth and comfort</p>
</li>
<li data-section-id=""j5ufj6"" data-start=""909"" data-end=""942"">
<p data-start=""911"" data-end=""942"">Cute “Meow” cat-themed design</p>
</li>
<li data-section-id=""1bktu6g"" data-start=""943"" data-end=""978"">
<p data-start=""945"" data-end=""978"">Elastic waistband for easy wear</p>
</li>
<li data-section-id=""1yo5ocy"" data-start=""979"" data-end=""1010"">
<p data-start=""981"" data-end=""1010"">Relaxed fit for active kids</p>
</li>
<li data-section-id=""1k3pgv1"" data-start=""1011"" data-end=""1056"">
<p data-start=""1013"" data-end=""1056"">Ideal for winter, casual wear &amp; daily use</p>
</li>
</ul>
<h4><br></h4>",BBG FASHION CLOTHING STORE,Apparel & Accessories > Clothing > Baby & Toddler Clothing,Kids Sweatshirt & Pant,"Kids Winter Collection, kidssweatshirtandpant",true,Size,1-2-years,product.metafields.shopify.size,,,,,,,'10709919,500.0,,999,deny,manual,1399.00,,true,true,,,,,'10709919,https://cdn.shopify.com/s/files/1/0618/2368/0740/files/3_53793f8b-03cc-4b9b-a201-3418546911f0.png?v=1705512795,1,Meow Printed Kids Sweatshirt Pant - front view - kids wear Pakistan,false,,"Shop Meow Printed Kids Sweatshirt & Pant set. Cute cat-themed fleece outfit for kids—soft, warm, and perfect for everyday winter wear.",,,,,,,,,,,,,'3,,,,,,,,,,,,,,,,,,1-2-years; 3-4-years; 5-6-years-1; 7-8-years; 9-10-years; 11-12-years,,,,,,,,,,https://cdn.shopify.com/s/files/1/0618/2368/0740/files/3_53793f8b-03cc-4b9b-a201-3418546911f0.png?v=1705512795,g,,,true,,,active
meow-printed-kids-sweatshirt-pant,,,,,,,,,3-4-years,,,,,,,,'10709920,500.0,,999,deny,manual,1399.00,,true,true,,,,,'10709920,https://cdn.shopify.com/s/files/1/0618/2368/0740/files/BBg_Kids_Size_chart_2b336c6e-f810-47dc-bc9a-69fea9e3b06b.webp?v=1767096499,2,Yellow White Bunny Kids Sweatshirt Pant size chart - measurements guide,,,,,,,,,,,,,,,,,,,,,,,,,,,,,,,,,,,,,,,,,,,,https://cdn.shopify.com/s/files/1/0618/2368/0740/files/3_53793f8b-03cc-4b9b-a201-3418546911f0.png?v=1705512795,g,,,,,,
meow-printed-kids-sweatshirt-pant,,,,,,,,,5-6-years-1,,,,,,,,'10709921,500.0,,999,deny,manual,1499.00,,true,true,,,,,'10709921,,,,,,,,,,,,,,,,,,,,,,,,,,,,,,,,,,,,,,,,,,,,,,,https://cdn.shopify.com/s/files/1/0618/2368/0740/files/3_53793f8b-03cc-4b9b-a201-3418546911f0.png?v=1705512795,g,,,,,,
meow-printed-kids-sweatshirt-pant,,,,,,,,,7-8-years,,,,,,,,'10709922,500.0,,962,deny,manual,1499.00,,true,true,,,,,'10709922,,,,,,,,,,,,,,,,,,,,,,,,,,,,,,,,,,,,,,,,,,,,,,,https://cdn.shopify.com/s/files/1/0618/2368/0740/files/3_53793f8b-03cc-4b9b-a201-3418546911f0.png?v=1705512795,g,,,,,,
meow-printed-kids-sweatshirt-pant,,,,,,,,,9-10-years,,,,,,,,'10709923,500.0,,999,deny,manual,1599.00,,true,true,,,,,'10709923,,,,,,,,,,,,,,,,,,,,,,,,,,,,,,,,,,,,,,,,,,,,,,,https://cdn.shopify.com/s/files/1/0618/2368/0740/files/3_53793f8b-03cc-4b9b-a201-3418546911f0.png?v=1705512795,g,,,,,,
meow-printed-kids-sweatshirt-pant,,,,,,,,,11-12-years,,,,,,,,'10706801,500.0,,999,deny,manual,1599.00,,true,true,,,,,'10706801,,,,,,,,,,,,,,,,,,,,,,,,,,,,,,,,,,,,,,,,,,,,,,,https://cdn.shopify.com/s/files/1/0618/2368/0740/files/3_53793f8b-03cc-4b9b-a201-3418546911f0.png?v=1705512795,g,,,,,,
white-cow-kids-sweatshirt-pant,White Cow Kids Sweatshirt & Pant,"<h4>White Cow Kids Sweatshirt &amp; Pants</h4>
<p>This Kids Sweatshirt &amp; Pant is perfect for your little one's winter wardrobe! Crafted from breathable knitted Fleece Fabric, this two-piece set features a ""<strong>Cow</strong>"" print on the front of the sweatshirt, and the trousers feature a print on the left leg. Soft and stretchy, this outfit is perfect for everyday wear, keeping your little one warm and comfortable all winter long.</p>
<h4></h4>",BBG FASHION CLOTHING STORE,Apparel & Accessories > Clothing > Baby & Toddler Clothing,Kids Sweatshirt & Pant,"",false,Size,1 - 2 Years,,,,,,,,'10709914,500.0,shopify,59,deny,manual,999.00,1499.00,true,false,,,,,'10709914,https://cdn.shopify.com/s/files/1/0618/2368/0740/files/Generated_Image_September_08_2025_-_5_56PM.png?v=1757336899,1,White Cow Kids Sweatshirt Pant - front view - kids wear Pakistan,false,,,,,,,,,,,,,,,'1,,,,,,,,,,,fleece,,,,,,,,,,,,,,,,,https://cdn.shopify.com/s/files/1/0618/2368/0740/files/Generated_Image_September_08_2025_-_5_56PM.png?v=1757336899,g,,,true,,,draft
white-cow-kids-sweatshirt-pant,,,,,,,,,3 - 4 Years,,,,,,,,'10709915,500.0,shopify,61,deny,manual,999.00,1499.00,true,false,,,,,'10709915,https://cdn.shopify.com/s/files/1/0618/2368/0740/files/kidssizechart_1f187f07-9ef0-4a0f-b524-1e9f3451955a.webp?v=1757336899,2,White Cow Kids Sweatshirt Pant size chart - measurements guide,,,,,,,,,,,,,,,,,,,,,,,,,,,,,,,,,,,,,,,,,,,,https://cdn.shopify.com/s/files/1/0618/2368/0740/files/Generated_Image_September_08_2025_-_5_56PM.png?v=1757336899,g,,,,,,
white-cow-kids-sweatshirt-pant,,,,,,,,,5 - 6 Years,,,,,,,,'10709916,500.0,shopify,70,deny,manual,999.00,1499.00,true,false,,,,,'10709916,,,,,,,,,,,,,,,,,,,,,,,,,,,,,,,,,,,,,,,,,,,,,,,https://cdn.shopify.com/s/files/1/0618/2368/0740/files/Generated_Image_September_08_2025_-_5_56PM.png?v=1757336899,g,,,,,,
white-cow-kids-sweatshirt-pant,,,,,,,,,7 - 8 Years,,,,,,,,'10709917,500.0,shopify,72,deny,manual,999.00,1499.00,true,false,,,,,'10709917,,,,,,,,,,,,,,,,,,,,,,,,,,,,,,,,,,,,,,,,,,,,,,,https://cdn.shopify.com/s/files/1/0618/2368/0740/files/Generated_Image_September_08_2025_-_5_56PM.png?v=1757336899,g,,,,,,
white-cow-kids-sweatshirt-pant,,,,,,,,,9 - 10 Years,,,,,,,,'10709918,500.0,shopify,89,deny,manual,999.00,1499.00,true,false,,,,,'10709918,,,,,,,,,,,,,,,,,,,,,,,,,,,,,,,,,,,,,,,,,,,,,,,https://cdn.shopify.com/s/files/1/0618/2368/0740/files/Generated_Image_September_08_2025_-_5_56PM.png?v=1757336899,g,,,,,,
white-cow-kids-sweatshirt-pant,,,,,,,,,11 -12 Years,,,,,,,,'10706800,500.0,shopify,94,deny,manual,999.00,1499.00,true,false,,,,,'10706800,,,,,,,,,,,,,,,,,,,,,,,,,,,,,,,,,,,,,,,,,,,,,,,https://cdn.shopify.com/s/files/1/0618/2368/0740/files/Generated_Image_September_08_2025_-_5_56PM.png?v=1757336899,g,,,,,,
grey-cow-kids-sweatshirt-pant,Grey Cow Kids Sweatshirt & Pant,"<h4>Grey Cow Kids Sweatshirt &amp; Pant</h4>
<p data-start=""146"" data-end=""367"" style=""box-sizing: border-box; border: 0px solid rgba(13, 13, 13, 0.05); margin: 0.5rem 0px; padding: 0px; margin-block: 4px; color: rgb(13, 13, 13); font-family: ui-sans-serif, -apple-system, 'system-ui', 'Segoe UI', Helvetica, 'Apple Color Emoji', Arial, 'sans-serif', 'Segoe UI Emoji', 'Segoe UI Symbol'; font-size: 16px; background-color: rgb(255, 255, 255);"">Keep your little one warm and adorable with the <span data-start=""194"" data-end=""229"" style=""box-sizing: border-box; border: 0px solid rgba(13, 13, 13, 0.05); margin: 0px; padding: 0px; font-weight: 600; --tw-font-weight: 600;"">Grey Cow Kids Sweatshirt &amp; Pant</span> set. Featuring a fun cow print design on a stylish grey base, this outfit blends playful charm with cozy comfort—perfect for winter days.</p>
<p data-start=""369"" data-end=""684"" style=""box-sizing: border-box; border: 0px solid rgba(13, 13, 13, 0.05); margin: 0.5rem 0px; padding: 0px; margin-block: 16px; color: rgb(13, 13, 13); font-family: ui-sans-serif, -apple-system, 'system-ui', 'Segoe UI', Helvetica, 'Apple Color Emoji', Arial, 'sans-serif', 'Segoe UI Emoji', 'Segoe UI Symbol'; font-size: 16px; background-color: rgb(255, 255, 255);"">Made from soft fleece fabric, it provides excellent warmth while remaining gentle on your child’s skin. The sweatshirt offers a relaxed fit for easy movement, while the matching jogger pants come with an elastic waistband for a secure and comfortable fit. The cute cow-themed details add a fun touch kids will love.</p>
<p data-start=""686"" data-end=""774"" style=""box-sizing: border-box; border: 0px solid rgba(13, 13, 13, 0.05); margin: 0.5rem 0px; padding: 0px; margin-block: 16px; color: rgb(13, 13, 13); font-family: ui-sans-serif, -apple-system, 'system-ui', 'Segoe UI', Helvetica, 'Apple Color Emoji', Arial, 'sans-serif', 'Segoe UI Emoji', 'Segoe UI Symbol'; font-size: 16px; background-color: rgb(255, 255, 255);"">Perfect for playtime, outings, or everyday wear, this set is both practical and stylish.</p>
<p data-start=""776"" data-end=""795"" style=""box-sizing: border-box; border: 0px solid rgba(13, 13, 13, 0.05); margin: 0.5rem 0px; padding: 0px; margin-block: 16px; color: rgb(13, 13, 13); font-family: ui-sans-serif, -apple-system, 'system-ui', 'Segoe UI', Helvetica, 'Apple Color Emoji', Arial, 'sans-serif', 'Segoe UI Emoji', 'Segoe UI Symbol'; font-size: 16px; background-color: rgb(255, 255, 255);""><span data-start=""776"" data-end=""793"" style=""box-sizing: border-box; border: 0px solid rgba(13, 13, 13, 0.05); margin: 0px; padding: 0px; font-weight: 600; --tw-font-weight: 600;"">Key Features:</span></p>
<ul data-start=""796"" data-end=""1056"" style=""box-sizing: border-box; border: 0px solid rgba(13, 13, 13, 0.05); margin: 0px; padding: 0px; list-style: disc; padding-inline-start: 1.625em; color: rgb(13, 13, 13); font-family: ui-sans-serif, -apple-system, 'system-ui', 'Segoe UI', Helvetica, 'Apple Color Emoji', Arial, 'sans-serif', 'Segoe UI Emoji', 'Segoe UI Symbol'; font-size: 16px; background-color: rgb(255, 255, 255);"">
<li data-section-id=""4ch2z7"" data-start=""796"" data-end=""848"" style=""box-sizing: border-box; border: 0px solid rgba(13, 13, 13, 0.05); margin: 0.5em 0px; padding: 0px; padding-inline-start: 0.375em; margin-block: 0px;"">
<p data-start=""798"" data-end=""848"" style=""box-sizing: border-box; border: 0px solid rgba(13, 13, 13, 0.05); margin: 0px; padding: 0px; margin-block: 4px;"">2-piece set: cow print sweatshirt &amp; jogger pants</p>
</li>
<li data-section-id=""1qj0au4"" data-start=""849"" data-end=""894"" style=""box-sizing: border-box; border: 0px solid rgba(13, 13, 13, 0.05); margin: 0.5em 0px; padding: 0px; padding-inline-start: 0.375em; margin-block: 0px;"">
<p data-start=""851"" data-end=""894"" style=""box-sizing: border-box; border: 0px solid rgba(13, 13, 13, 0.05); margin: 0px; padding: 0px; margin-block: 4px;"">Soft fleece fabric for warmth and comfort</p>
</li>
<li data-section-id=""97z9cm"" data-start=""895"" data-end=""942"" style=""box-sizing: border-box; border: 0px solid rgba(13, 13, 13, 0.05); margin: 0.5em 0px; padding: 0px; padding-inline-start: 0.375em; margin-block: 0px;"">
<p data-start=""897"" data-end=""942"" style=""box-sizing: border-box; border: 0px solid rgba(13, 13, 13, 0.05); margin: 0px; padding: 0px; margin-block: 4px;"">Cute cow-themed design on neutral grey base</p>
</li>
<li data-section-id=""1bktu6g"" data-start=""943"" data-end=""978"" style=""box-sizing: border-box; border: 0px solid rgba(13, 13, 13, 0.05); margin: 0.5em 0px; padding: 0px; padding-inline-start: 0.375em; margin-block: 0px;"">
<p data-start=""945"" data-end=""978"" style=""box-sizing: border-box; border: 0px solid rgba(13, 13, 13, 0.05); margin: 0px; padding: 0px; margin-block: 4px;"">Elastic waistband for easy wear</p>
</li>
<li data-section-id=""1yo5ocy"" data-start=""979"" data-end=""1010"" style=""box-sizing: border-box; border: 0px solid rgba(13, 13, 13, 0.05); margin: 0.5em 0px; padding: 0px; padding-inline-start: 0.375em; margin-block: 0px;"">
<p data-start=""981"" data-end=""1010"" style=""box-sizing: border-box; border: 0px solid rgba(13, 13, 13, 0.05); margin: 0px; padding: 0px; margin-block: 4px;"">Relaxed fit for active kids</p>
</li>
<li data-section-id=""1k3pgv1"" data-start=""1011"" data-end=""1056"" style=""box-sizing: border-box; border: 0px solid rgba(13, 13, 13, 0.05); margin: 0.5em 0px; padding: 0px; padding-inline-start: 0.375em; margin-block: 0px;"">
<p data-start=""1013"" data-end=""1056"" style=""box-sizing: border-box; border: 0px solid rgba(13, 13, 13, 0.05); margin: 0px; padding: 0px; margin-block: 4px;"">Ideal for winter, casual wear &amp; daily use</p>
</li>
<li data-section-id=""1k3pgv1"" data-start=""1011"" data-end=""1056"" style=""box-sizing: border-box; border: 0px solid rgba(13, 13, 13, 0.05); margin: 0.5em 0px; padding: 0px; padding-inline-start: 0.375em; margin-block: 0px;"">
<p><br></p>
</li>
</ul>",BBG FASHION CLOTHING STORE,Apparel & Accessories > Clothing > Baby & Toddler Clothing,Kids Sweatshirt & Pant,"Kids Winter Collection, kidssweatshirtandpant",true,Size,1-2-years,product.metafields.shopify.size,,,,,,,'10709903,500.0,,99,deny,manual,1399.00,,true,true,,,,,'10709903,https://cdn.shopify.com/s/files/1/0618/2368/0740/files/WhatsApp_Image_2024-12-06_at_9.11.19_PM.jpg?v=1733501518,1,Grey Cow Kids Sweatshirt Pant - front view - kids wear Pakistan,false,,"Shop Grey Cow Kids Sweatshirt & Pant set. Cozy fleece winter outfit with cute cow print—perfect for keeping kids warm and stylish every day.

",,,,,,,,,,,,,'3,,,,,,,,gray; black,,,,,,,,,,1-2-years; 3-4-years; 5-6-years-1; 7-8-years; 9-10-years; 11-12-years,,,,,,,,,,https://cdn.shopify.com/s/files/1/0618/2368/0740/files/WhatsApp_Image_2024-12-06_at_9.11.19_PM.jpg?v=1733501518,g,,,true,,,active
grey-cow-kids-sweatshirt-pant,,,,,,,,,3-4-years,,,,,,,,'10709905,500.0,,26,deny,manual,1399.00,,true,true,,,,,'10709905,https://cdn.shopify.com/s/files/1/0618/2368/0740/files/BBg_Kids_Size_chart_2b336c6e-f810-47dc-bc9a-69fea9e3b06b.webp?v=1767096499,2,Yellow White Bunny Kids Sweatshirt Pant size chart - measurements guide,,,,,,,,,,,,,,,,,,,,,,,,,,,,,,,,,,,,,,,,,,,,https://cdn.shopify.com/s/files/1/0618/2368/0740/files/WhatsApp_Image_2024-12-06_at_9.11.19_PM.jpg?v=1733501518,g,,,,,,
grey-cow-kids-sweatshirt-pant,,,,,,,,,5-6-years-1,,,,,,,,'10709907,500.0,,70,deny,manual,1499.00,,true,true,,,,,'10709907,,,,,,,,,,,,,,,,,,,,,,,,,,,,,,,,,,,,,,,,,,,,,,,https://cdn.shopify.com/s/files/1/0618/2368/0740/files/WhatsApp_Image_2024-12-06_at_9.11.19_PM.jpg?v=1733501518,g,,,,,,
grey-cow-kids-sweatshirt-pant,,,,,,,,,7-8-years,,,,,,,,'10709909,500.0,,81,deny,manual,1499.00,,true,true,,,,,'10709909,,,,,,,,,,,,,,,,,,,,,,,,,,,,,,,,,,,,,,,,,,,,,,,https://cdn.shopify.com/s/files/1/0618/2368/0740/files/WhatsApp_Image_2024-12-06_at_9.11.19_PM.jpg?v=1733501518,g,,,,,,
grey-cow-kids-sweatshirt-pant,,,,,,,,,9-10-years,,,,,,,,'10709911,500.0,,89,deny,manual,1599.00,,true,true,,,,,'10709911,,,,,,,,,,,,,,,,,,,,,,,,,,,,,,,,,,,,,,,,,,,,,,,https://cdn.shopify.com/s/files/1/0618/2368/0740/files/WhatsApp_Image_2024-12-06_at_9.11.19_PM.jpg?v=1733501518,g,,,,,,
grey-cow-kids-sweatshirt-pant,,,,,,,,,11-12-years,,,,,,,,'10709913,500.0,,92,deny,manual,1599.00,,true,true,,,,,'10709913,,,,,,,,,,,,,,,,,,,,,,,,,,,,,,,,,,,,,,,,,,,,,,,https://cdn.shopify.com/s/files/1/0618/2368/0740/files/WhatsApp_Image_2024-12-06_at_9.11.19_PM.jpg?v=1733501518,g,,,,,,
white-cow-print-fleece-casual-wear-set,White Cow Print Fleece Casual Wear Set,"<h4>🐄 Embrace Winter with Whimsy: White Cow Print Fleece Casual Wear Set 🌨️</h4>
<p>Indulge in cozy charm and undeniable style with our latest arrival! Unveiling the allure of our White Cow Design Printed Casual Wear Set, crafted meticulously to redefine winter fashion.</p>
<p>Wrapped in plush fleece fabric, this set offers a cocoon of warmth and comfort, ensuring you glide through the chilliest days in luxurious softness. The whimsical yet elegant white cow print adds a touch of playfulness to your winter ensemble, setting you apart with its unique and eye-catching design.</p>
<p>Seize the opportunity to stand out in this limited-edition set, a fusion of comfort, style, and exclusivity. Elevate your winter wardrobe and make a statement that sparks envy and admiration.</p>",BBG FASHION,Apparel & Accessories > Clothing > Sleepwear & Loungewear,"","NEW ARRIVAL, winter tracksuit, wintercollection, woo",false,Size,Medium,,Material,Fleece,,,,,'10709901,800.0,shopify,74,deny,manual,2199.00,,true,true,,,,,'10709901,https://cdn.shopify.com/s/files/1/0618/2368/0740/files/10_5f412f64-655d-4bc9-a14b-f8566a7c7c6f.png?v=1704548946,1,White Cow Print Fleece Casual Wear Set - front view - unisex wear Pakistan,false,,,,,,,,,,,,,,,,,,,,,,,,,,,,,,,,,,,,,,,,,,,https://cdn.shopify.com/s/files/1/0618/2368/0740/files/10_5f412f64-655d-4bc9-a14b-f8566a7c7c6f.png?v=1704548946,g,,1000.00,true,,,draft
white-cow-print-fleece-casual-wear-set,,,,,,,,,Large,,,Fleece,,,,,'10709902,800.0,shopify,81,deny,manual,2399.00,,true,true,,,,,'10709902,https://cdn.shopify.com/s/files/1/0618/2368/0740/files/9_9b982390-9912-413e-8d64-5da5ca5982fa.png?v=1704548946,2,White Cow Print Fleece Casual Wear Set - back view - unisex wear Pakistan,,,,,,,,,,,,,,,,,,,,,,,,,,,,,,,,,,,,,,,,,,,,https://cdn.shopify.com/s/files/1/0618/2368/0740/files/10_5f412f64-655d-4bc9-a14b-f8566a7c7c6f.png?v=1704548946,g,,1000.00,,,,
white-cow-print-fleece-casual-wear-set,,,,,,,,,XL,,,Fleece,,,,,'10706798,800.0,shopify,75,deny,manual,2499.00,,true,true,,,,,'10706798,https://cdn.shopify.com/s/files/1/0618/2368/0740/files/11_5a56a2ce-aa06-4aab-9c7f-e917cbc8ad4b.png?v=1704548948,3,White Cow Print Fleece Casual Wear Set - side view - unisex wear Pakistan,,,,,,,,,,,,,,,,,,,,,,,,,,,,,,,,,,,,,,,,,,,,https://cdn.shopify.com/s/files/1/0618/2368/0740/files/10_5f412f64-655d-4bc9-a14b-f8566a7c7c6f.png?v=1704548946,g,,1000.00,,,,
white-cow-print-fleece-casual-wear-set,,,,,,,,,,,,,,,,,,,,,,,,,,,,,,,,https://cdn.shopify.com/s/files/1/0618/2368/0740/files/Sizechart_ad7dd994-61cc-4add-912f-a571ac9aa35a.jpg?v=1704548948,4,White Cow Print Fleece Casual Wear Set size chart - measurements guide,,,,,,,,,,,,,,,,,,,,,,,,,,,,,,,,,,,,,,,,,,,,,,,,,,,
black-check-pattern-loungewear-set,Green Check Pattern Loungewear Set,"<h4><span data-mce-fragment=""1"">Check Pattern Loungewear Set</span></h4>
<p><span data-mce-fragment=""1"">Prepare to lounge in utter comfort in this soft set featuring easy-going stretch-blend fabric. Long sleeves keep you snugly covered whether you're preparing for bed or sipping your morning coffee.<br></span><span>Long Sleeve Tops Casual Sweatpants Loungewear Sets for Women Tie Dye Printed.</span></p>
<p><span>The Tracksuit made of 100% Fleece cotton. Soft, Stretchy Double Jersey and comfortable to wear.<br>Show your best curve. Comfortable and soft material caring for you like a baby.<br></span></p>
<p><span>Comfortable and loose ,Easy to wear, suitable for the home to wear. Won't be embarrassing even when guest visits.</span></p>
<p><span>The Pjs pajamas is moisture-wicking and highly breathable, Making it the perfect option for the winter season.</span></p>
<p><span></span><strong>* The item might be slightly different from the color showed on the pictures.<br><span data-mce-fragment=""1"">* Slightly color/pattern differences between batches.</span><br></strong></p>",BBG FASHION,Apparel & Accessories > Clothing > Sleepwear & Loungewear,"","NEW ARRIVAL, winter tracksuit, wintercollection, woo",true,Size,Medium,,Color,Green,,Material,Fleece,,'10709899,800.0,shopify,100,deny,manual,1599.00,1899.00,true,true,,,,,'10709899,https://cdn.shopify.com/s/files/1/0618/2368/0740/files/7_c48f9ad9-3ef2-41f3-b58d-6e381b4c71c3.png?v=1704545417,1,Black Check Pattern Loungewear Set - front view - unisex wear Pakistan,false,,,,,,,,,,,,,,,,,,,,,,,,,,,,,,,,,,,,,,,,,,,https://cdn.shopify.com/s/files/1/0618/2368/0740/files/7_c48f9ad9-3ef2-41f3-b58d-6e381b4c71c3.png?v=1704545417,g,,1000.00,true,,,active
black-check-pattern-loungewear-set,,,,,,,,,Large,,,Green,,,Fleece,,'10709900,800.0,shopify,99,deny,manual,1599.00,1899.00,true,true,,,,,'10709900,https://cdn.shopify.com/s/files/1/0618/2368/0740/files/Sizechart_79bad994-2f2a-46a7-bb54-653f40564c2f.jpg?v=1704544839,2,Black Check Pattern Loungewear Set size chart - measurements guide,,,,,,,,,,,,,,,,,,,,,,,,,,,,,,,,,,,,,,,,,,,,https://cdn.shopify.com/s/files/1/0618/2368/0740/files/7_c48f9ad9-3ef2-41f3-b58d-6e381b4c71c3.png?v=1704545417,g,,1000.00,,,,
black-check-pattern-loungewear-set,,,,,,,,,XL,,,Green,,,Fleece,,'10706797,800.0,shopify,96,deny,manual,1599.00,1899.00,true,true,,,,,'10706797,,,,,,,,,,,,,,,,,,,,,,,,,,,,,,,,,,,,,,,,,,,,,,,https://cdn.shopify.com/s/files/1/0618/2368/0740/files/7_c48f9ad9-3ef2-41f3-b58d-6e381b4c71c3.png?v=1704545417,g,,1000.00,,,,
white-tie-dye-loungewear-set,White Tie Dye Loungewear Set,"<h4><span data-mce-fragment=""1"">White Tie Dye Loungewear Set</span></h4>
<p><span data-mce-fragment=""1"">Prepare to lounge in utter comfort in this soft set featuring easy-going stretch-blend fabric. Long sleeves keep you snugly covered whether you're preparing for bed or sipping your morning coffee.<br></span><span>Long Sleeve Tops Casual Sweatpants Loungewear Sets for Women Tie Dye Printed.</span></p>
<p><span>The Tracksuit made of 100% Fleece cotton. Soft, Stretchy Double Jersey and comfortable to wear.<br>Show your best curve. Comfortable and soft material caring for you like a baby.<br></span></p>
<p><span>Comfortable and loose ,Easy to wear, suitable for the home to wear. Won't be embarrassing even when guest visits.</span></p>
<p><span>The Pjs pajamas is moisture-wicking and highly breathable, Making it the perfect option for the winter season.</span></p>
<p><span></span><strong>* The item might be slightly different from the color showed on the pictures.<br><span data-mce-fragment=""1"">* Slightly color/pattern differences between batches.</span><br></strong></p>",BBG FASHION,Apparel & Accessories > Clothing > Sleepwear & Loungewear,"","NEW ARRIVAL, winter tracksuit, wintercollection, woo",true,Size,Medium,,,,,,,,'10709897,800.0,shopify,73,deny,manual,1999.00,2499.00,true,true,,,,,'10709897,https://cdn.shopify.com/s/files/1/0618/2368/0740/files/2_f91dd86f-843c-4b28-af86-4a06925cb11e.png?v=1704466230,1,White Tie Dye Loungewear Set - front view - unisex wear Pakistan,false,,"Stay effortlessly stylish with this trendy tie-dye co-ord set, featuring a relaxed-fit sweatshirt and matching jogger pants. Designed for ultimate comfort and a laid-back vibe, this set is perfect for casual outings, lounging, or everyday wear with a modern, sporty touch.",,,,,,,,,,,,,,,,,,,,,,,,,,,,,,,,,,,,,,,,,https://cdn.shopify.com/s/files/1/0618/2368/0740/files/2_f91dd86f-843c-4b28-af86-4a06925cb11e.png?v=1704466230,g,,1000.00,true,,,active
white-tie-dye-loungewear-set,,,,,,,,,Large,,,,,,,,'10709898,800.0,shopify,39,deny,manual,1999.00,2499.00,true,true,,,,,'10709898,https://cdn.shopify.com/s/files/1/0618/2368/0740/files/3_4b685861-ade7-4798-ad8c-d15ce1414399.png?v=1704466230,2,White Tie Dye Loungewear Set - back view - unisex wear Pakistan,,,,,,,,,,,,,,,,,,,,,,,,,,,,,,,,,,,,,,,,,,,,https://cdn.shopify.com/s/files/1/0618/2368/0740/files/2_f91dd86f-843c-4b28-af86-4a06925cb11e.png?v=1704466230,g,,1000.00,,,,
white-tie-dye-loungewear-set,,,,,,,,,XL,,,,,,,,'10706796,800.0,shopify,86,deny,manual,1999.00,2599.00,true,true,,,,,'10706796,https://cdn.shopify.com/s/files/1/0618/2368/0740/files/Sizechart_205f37fb-9097-4136-b68a-af5c137403a3.jpg?v=1766064547,3,White Tie Dye Loungewear Set size chart - measurements guide,,,,,,,,,,,,,,,,,,,,,,,,,,,,,,,,,,,,,,,,,,,,https://cdn.shopify.com/s/files/1/0618/2368/0740/files/2_f91dd86f-843c-4b28-af86-4a06925cb11e.png?v=1704466230,g,,1000.00,,,,
blue-versace-polo-bear-hoodie,Blue Versace Polo Bear Hoodie,"<h4>Blue Versace Polo Bear Hoodie</h4>
<p>Elevate your winter wardrobe with our Blue Versace Polo Bear Hoodie! This bold and adventurous hoodie features a printed green Polo Bear on a sleek black background, perfect for making a statement. Stay warm and stylish with the added benefit of adjustable strings. Take a risk and stand out from the crowd in this must-have winter essential.</p>",BBG FASHION,Apparel & Accessories > Clothing > Outerwear > Coats & Jackets,Adult Hoodie,"Coats and Hoodies, wintercollection, woo",false,Size,Small,,,,,,,,'10709893,700.0,,-2,deny,manual,1599.00,0.00,true,false,,,,,'10709893,https://cdn.shopify.com/s/files/1/0618/2368/0740/files/80_1fe4096f-18a5-4c0a-a3ee-40ee259a4e04.png?v=1704205448,1,Blue Versace Polo Bear Hoodie - front view - unisex wear Pakistan,false,,"Look no further for the perfect casual hoodie – Colorful Standard’s take on the modern classic is thoughtfully crafted for the best fit in soft organic cotton.
",,,,,,,,,,,,,,,,,,,,,,,,,,,,,,,,,,,,,,,,,https://cdn.shopify.com/s/files/1/0618/2368/0740/files/80_1fe4096f-18a5-4c0a-a3ee-40ee259a4e04.png?v=1704205448,g,,0.00,true,,,draft
blue-versace-polo-bear-hoodie,,,,,,,,,Medium,,,,,,,,'10709894,700.0,,-6,deny,manual,1599.00,0.00,true,false,,,,,'10709894,https://cdn.shopify.com/s/files/1/0618/2368/0740/files/81.png?v=1704205448,2,Blue Versace Polo Bear Hoodie - back view - unisex wear Pakistan,,,,,,,,,,,,,,,,,,,,,,,,,,,,,,,,,,,,,,,,,,,,https://cdn.shopify.com/s/files/1/0618/2368/0740/files/80_1fe4096f-18a5-4c0a-a3ee-40ee259a4e04.png?v=1704205448,g,,0.00,,,,
blue-versace-polo-bear-hoodie,,,,,,,,,Large,,,,,,,,'10709895,700.0,,-3,deny,manual,1599.00,0.00,true,false,,,,,'10709895,https://cdn.shopify.com/s/files/1/0618/2368/0740/files/hoodiesizechart_48308ba6-956b-48b2-8dfa-175d2f24d7cc.webp?v=1704205460,3,Blue Versace Polo Bear Hoodie size chart - measurements guide,,,,,,,,,,,,,,,,,,,,,,,,,,,,,,,,,,,,,,,,,,,,https://cdn.shopify.com/s/files/1/0618/2368/0740/files/80_1fe4096f-18a5-4c0a-a3ee-40ee259a4e04.png?v=1704205448,g,,0.00,,,,
blue-versace-polo-bear-hoodie,,,,,,,,,XL,,,,,,,,'10709896,700.0,,-3,deny,manual,1699.00,0.00,true,false,,,,,'10709896,,,,,,,,,,,,,,,,,,,,,,,,,,,,,,,,,,,,,,,,,,,,,,,https://cdn.shopify.com/s/files/1/0618/2368/0740/files/80_1fe4096f-18a5-4c0a-a3ee-40ee259a4e04.png?v=1704205448,g,,0.00,,,,
blue-versace-polo-bear-hoodie,,,,,,,,,XXL,,,,,,,,'10706795,700.0,,-1,deny,manual,1799.00,0.00,true,false,,,,,'10706795,,,,,,,,,,,,,,,,,,,,,,,,,,,,,,,,,,,,,,,,,,,,,,,https://cdn.shopify.com/s/files/1/0618/2368/0740/files/80_1fe4096f-18a5-4c0a-a3ee-40ee259a4e04.png?v=1704205448,g,,0.00,,,,
mustard-spiderman-hoodie,Spiderman Hoodie,"<h4>Spiderman Hoodie</h4>
<p>Elevate your winter wardrobe with our Black Spiderman Hoodie! This bold and adventurous hoodie features a printed green Polo Bear on a sleek black background, perfect for making a statement. Stay warm and stylish with the added benefit of adjustable strings. Take a risk and stand out from the crowd in this must-have winter essential.</p>",BBG FASHION,Apparel & Accessories > Clothing > Outerwear > Coats & Jackets,Adult Hoodie,"wintercollection, woo",false,Size,Small,,Color,bronze,product.metafields.shopify.color-pattern,,,,'10709849,700.0,,0,deny,manual,1599.00,0.00,true,false,,,,,'10709849,https://cdn.shopify.com/s/files/1/0618/2368/0740/files/27_b36bae54-60d2-4201-aa02-50c3e0caf08b.png?v=1704204655,1,Mustard Spiderman Hoodie - front view - unisex wear Pakistan,false,,"Look no further for the perfect casual hoodie – Colorful Standard’s take on the modern classic is thoughtfully crafted for the best fit in soft organic cotton.
",,,,,,,,,,,,,,,,,,,,,bronze; gray-1; yellow; rose-gold; cream; silver; olive-green; black; blue,,,,,,,,,,,,,,,,,,,,https://cdn.shopify.com/s/files/1/0618/2368/0740/files/27_b36bae54-60d2-4201-aa02-50c3e0caf08b.png?v=1704204655,g,,0.00,true,,,draft
mustard-spiderman-hoodie,,,,,,,,,Small,,,gray-1,,,,,'10709850,700.0,,0,deny,manual,1599.00,0.00,true,false,,,,,'10709850,https://cdn.shopify.com/s/files/1/0618/2368/0740/files/hoodiesizechart_a05670c3-94bc-412b-88f6-ee411cbb6017.webp?v=1704204664,2,Mustard Spiderman Hoodie size chart - measurements guide,,,,,,,,,,,,,,,,,,,,,,,,,,,,,,,,,,,,,,,,,,,,https://cdn.shopify.com/s/files/1/0618/2368/0740/files/63_928d7862-7edc-41dc-8fa1-b5349a6bdd3f.png?v=1730735803,g,,0.00,,,,
mustard-spiderman-hoodie,,,,,,,,,Small,,,yellow,,,,,'10709851,700.0,,0,deny,manual,1599.00,0.00,true,false,,,,,'10709851,https://cdn.shopify.com/s/files/1/0618/2368/0740/files/63_928d7862-7edc-41dc-8fa1-b5349a6bdd3f.png?v=1730735803,3,Mustard Spiderman Hoodie - side view - unisex wear Pakistan,,,,,,,,,,,,,,,,,,,,,,,,,,,,,,,,,,,,,,,,,,,,https://cdn.shopify.com/s/files/1/0618/2368/0740/files/2_990451d7-51b9-4b38-b935-05e7e280b22d.png?v=1730735858,g,,0.00,,,,
mustard-spiderman-hoodie,,,,,,,,,Small,,,rose-gold,,,,,'10709852,700.0,,0,deny,manual,1599.00,0.00,true,false,,,,,'10709852,https://cdn.shopify.com/s/files/1/0618/2368/0740/files/2_990451d7-51b9-4b38-b935-05e7e280b22d.png?v=1730735858,4,Mustard Spiderman Hoodie - detail shot - unisex wear Pakistan,,,,,,,,,,,,,,,,,,,,,,,,,,,,,,,,,,,,,,,,,,,,https://cdn.shopify.com/s/files/1/0618/2368/0740/files/12_596425d9-c714-4362-ae77-991bb9afccfd.png?v=1730735881,g,,0.00,,,,
mustard-spiderman-hoodie,,,,,,,,,Small,,,cream,,,,,'10709853,700.0,,0,deny,manual,1599.00,0.00,true,false,,,,,'10709853,https://cdn.shopify.com/s/files/1/0618/2368/0740/files/12_596425d9-c714-4362-ae77-991bb9afccfd.png?v=1730735881,5,Mustard Spiderman Hoodie - front view - unisex wear Pakistan,,,,,,,,,,,,,,,,,,,,,,,,,,,,,,,,,,,,,,,,,,,,https://cdn.shopify.com/s/files/1/0618/2368/0740/files/53_63a5dc16-20ef-4786-823a-06b89073e825.png?v=1730735895,g,,0.00,,,,
mustard-spiderman-hoodie,,,,,,,,,Small,,,silver,,,,,'10709854,700.0,,0,deny,manual,1599.00,0.00,true,false,,,,,'10709854,https://cdn.shopify.com/s/files/1/0618/2368/0740/files/53_63a5dc16-20ef-4786-823a-06b89073e825.png?v=1730735895,6,Mustard Spiderman Hoodie - back view - unisex wear Pakistan,,,,,,,,,,,,,,,,,,,,,,,,,,,,,,,,,,,,,,,,,,,,https://cdn.shopify.com/s/files/1/0618/2368/0740/files/42_e78458c9-fd52-48df-8268-2f4f9cf550fa.png?v=1730735948,g,,0.00,,,,
mustard-spiderman-hoodie,,,,,,,,,Small,,,olive-green,,,,,'10709855,700.0,,0,deny,manual,1599.00,0.00,true,false,,,,,'10709855,https://cdn.shopify.com/s/files/1/0618/2368/0740/files/42_e78458c9-fd52-48df-8268-2f4f9cf550fa.png?v=1730735948,7,Mustard Spiderman Hoodie - side view - unisex wear Pakistan,,,,,,,,,,,,,,,,,,,,,,,,,,,,,,,,,,,,,,,,,,,,https://cdn.shopify.com/s/files/1/0618/2368/0740/files/22_e095a32d-8361-4826-ac7c-91b01c32564f.png?v=1730735966,g,,0.00,,,,
mustard-spiderman-hoodie,,,,,,,,,Small,,,black,,,,,'10709856,700.0,,-1,deny,manual,1599.00,0.00,true,false,,,,,'10709856,https://cdn.shopify.com/s/files/1/0618/2368/0740/files/22_e095a32d-8361-4826-ac7c-91b01c32564f.png?v=1730735966,8,Mustard Spiderman Hoodie - detail shot - unisex wear Pakistan,,,,,,,,,,,,,,,,,,,,,,,,,,,,,,,,,,,,,,,,,,,,https://cdn.shopify.com/s/files/1/0618/2368/0740/files/4_d9b7da5e-6e31-4577-8b12-c4b8e3dada03.png?v=1730736044,g,,0.00,,,,
mustard-spiderman-hoodie,,,,,,,,,Small,,,blue,,,,,'10709857,700.0,,0,deny,manual,1599.00,0.00,true,false,,,,,'10709857,https://cdn.shopify.com/s/files/1/0618/2368/0740/files/4_d9b7da5e-6e31-4577-8b12-c4b8e3dada03.png?v=1730736044,9,Mustard Spiderman Hoodie - front view - unisex wear Pakistan,,,,,,,,,,,,,,,,,,,,,,,,,,,,,,,,,,,,,,,,,,,,https://cdn.shopify.com/s/files/1/0618/2368/0740/files/New_Design_Hoodies.png?v=1730736354,g,,0.00,,,,
mustard-spiderman-hoodie,,,,,,,,,Medium,,,bronze,,,,,'10709858,700.0,,0,deny,manual,1599.00,0.00,true,false,,,,,'10709858,https://cdn.shopify.com/s/files/1/0618/2368/0740/files/New_Design_Hoodies.png?v=1730736354,10,Mustard Spiderman Hoodie - back view - unisex wear Pakistan,,,,,,,,,,,,,,,,,,,,,,,,,,,,,,,,,,,,,,,,,,,,https://cdn.shopify.com/s/files/1/0618/2368/0740/files/27_b36bae54-60d2-4201-aa02-50c3e0caf08b.png?v=1704204655,g,,0.00,,,,
mustard-spiderman-hoodie,,,,,,,,,Medium,,,gray-1,,,,,'10709859,700.0,,0,deny,manual,1599.00,0.00,true,false,,,,,'10709859,,,,,,,,,,,,,,,,,,,,,,,,,,,,,,,,,,,,,,,,,,,,,,,https://cdn.shopify.com/s/files/1/0618/2368/0740/files/63_928d7862-7edc-41dc-8fa1-b5349a6bdd3f.png?v=1730735803,g,,0.00,,,,
mustard-spiderman-hoodie,,,,,,,,,Medium,,,yellow,,,,,'10709860,700.0,,0,deny,manual,1599.00,0.00,true,false,,,,,'10709860,,,,,,,,,,,,,,,,,,,,,,,,,,,,,,,,,,,,,,,,,,,,,,,https://cdn.shopify.com/s/files/1/0618/2368/0740/files/2_990451d7-51b9-4b38-b935-05e7e280b22d.png?v=1730735858,g,,0.00,,,,
mustard-spiderman-hoodie,,,,,,,,,Medium,,,rose-gold,,,,,'10709861,700.0,,0,deny,manual,1599.00,0.00,true,false,,,,,'10709861,,,,,,,,,,,,,,,,,,,,,,,,,,,,,,,,,,,,,,,,,,,,,,,https://cdn.shopify.com/s/files/1/0618/2368/0740/files/12_596425d9-c714-4362-ae77-991bb9afccfd.png?v=1730735881,g,,0.00,,,,
mustard-spiderman-hoodie,,,,,,,,,Medium,,,cream,,,,,'10709862,700.0,,0,deny,manual,1599.00,0.00,true,false,,,,,'10709862,,,,,,,,,,,,,,,,,,,,,,,,,,,,,,,,,,,,,,,,,,,,,,,https://cdn.shopify.com/s/files/1/0618/2368/0740/files/53_63a5dc16-20ef-4786-823a-06b89073e825.png?v=1730735895,g,,0.00,,,,
mustard-spiderman-hoodie,,,,,,,,,Medium,,,silver,,,,,'10709863,700.0,,0,deny,manual,1599.00,0.00,true,false,,,,,'10709863,,,,,,,,,,,,,,,,,,,,,,,,,,,,,,,,,,,,,,,,,,,,,,,https://cdn.shopify.com/s/files/1/0618/2368/0740/files/42_e78458c9-fd52-48df-8268-2f4f9cf550fa.png?v=1730735948,g,,0.00,,,,
mustard-spiderman-hoodie,,,,,,,,,Medium,,,olive-green,,,,,'10709864,700.0,,0,deny,manual,1599.00,0.00,true,false,,,,,'10709864,,,,,,,,,,,,,,,,,,,,,,,,,,,,,,,,,,,,,,,,,,,,,,,https://cdn.shopify.com/s/files/1/0618/2368/0740/files/22_e095a32d-8361-4826-ac7c-91b01c32564f.png?v=1730735966,g,,0.00,,,,
mustard-spiderman-hoodie,,,,,,,,,Medium,,,black,,,,,'10709865,700.0,,0,deny,manual,1599.00,0.00,true,false,,,,,'10709865,,,,,,,,,,,,,,,,,,,,,,,,,,,,,,,,,,,,,,,,,,,,,,,https://cdn.shopify.com/s/files/1/0618/2368/0740/files/4_d9b7da5e-6e31-4577-8b12-c4b8e3dada03.png?v=1730736044,g,,0.00,,,,
mustard-spiderman-hoodie,,,,,,,,,Medium,,,blue,,,,,'10709866,700.0,,0,deny,manual,1599.00,0.00,true,false,,,,,'10709866,,,,,,,,,,,,,,,,,,,,,,,,,,,,,,,,,,,,,,,,,,,,,,,https://cdn.shopify.com/s/files/1/0618/2368/0740/files/New_Design_Hoodies.png?v=1730736354,g,,0.00,,,,
mustard-spiderman-hoodie,,,,,,,,,Large,,,bronze,,,,,'10709867,700.0,,0,deny,manual,1599.00,0.00,true,false,,,,,'10709867,,,,,,,,,,,,,,,,,,,,,,,,,,,,,,,,,,,,,,,,,,,,,,,https://cdn.shopify.com/s/files/1/0618/2368/0740/files/27_b36bae54-60d2-4201-aa02-50c3e0caf08b.png?v=1704204655,g,,0.00,,,,
mustard-spiderman-hoodie,,,,,,,,,Large,,,gray-1,,,,,'10709868,700.0,,0,deny,manual,1599.00,0.00,true,false,,,,,'10709868,,,,,,,,,,,,,,,,,,,,,,,,,,,,,,,,,,,,,,,,,,,,,,,https://cdn.shopify.com/s/files/1/0618/2368/0740/files/63_928d7862-7edc-41dc-8fa1-b5349a6bdd3f.png?v=1730735803,g,,0.00,,,,
mustard-spiderman-hoodie,,,,,,,,,Large,,,yellow,,,,,'10709869,700.0,,0,deny,manual,1599.00,0.00,true,false,,,,,'10709869,,,,,,,,,,,,,,,,,,,,,,,,,,,,,,,,,,,,,,,,,,,,,,,https://cdn.shopify.com/s/files/1/0618/2368/0740/files/2_990451d7-51b9-4b38-b935-05e7e280b22d.png?v=1730735858,g,,0.00,,,,
mustard-spiderman-hoodie,,,,,,,,,Large,,,rose-gold,,,,,'10709870,700.0,,0,deny,manual,1599.00,0.00,true,false,,,,,'10709870,,,,,,,,,,,,,,,,,,,,,,,,,,,,,,,,,,,,,,,,,,,,,,,https://cdn.shopify.com/s/files/1/0618/2368/0740/files/12_596425d9-c714-4362-ae77-991bb9afccfd.png?v=1730735881,g,,0.00,,,,
mustard-spiderman-hoodie,,,,,,,,,Large,,,cream,,,,,'10709871,700.0,,0,deny,manual,1599.00,0.00,true,false,,,,,'10709871,,,,,,,,,,,,,,,,,,,,,,,,,,,,,,,,,,,,,,,,,,,,,,,https://cdn.shopify.com/s/files/1/0618/2368/0740/files/53_63a5dc16-20ef-4786-823a-06b89073e825.png?v=1730735895,g,,0.00,,,,
mustard-spiderman-hoodie,,,,,,,,,Large,,,silver,,,,,'10709872,700.0,,0,deny,manual,1599.00,0.00,true,false,,,,,'10709872,,,,,,,,,,,,,,,,,,,,,,,,,,,,,,,,,,,,,,,,,,,,,,,https://cdn.shopify.com/s/files/1/0618/2368/0740/files/42_e78458c9-fd52-48df-8268-2f4f9cf550fa.png?v=1730735948,g,,0.00,,,,
mustard-spiderman-hoodie,,,,,,,,,Large,,,olive-green,,,,,'10709873,700.0,,0,deny,manual,1599.00,0.00,true,false,,,,,'10709873,,,,,,,,,,,,,,,,,,,,,,,,,,,,,,,,,,,,,,,,,,,,,,,https://cdn.shopify.com/s/files/1/0618/2368/0740/files/22_e095a32d-8361-4826-ac7c-91b01c32564f.png?v=1730735966,g,,0.00,,,,
mustard-spiderman-hoodie,,,,,,,,,Large,,,black,,,,,'10709874,700.0,,0,deny,manual,1599.00,0.00,true,false,,,,,'10709874,,,,,,,,,,,,,,,,,,,,,,,,,,,,,,,,,,,,,,,,,,,,,,,https://cdn.shopify.com/s/files/1/0618/2368/0740/files/4_d9b7da5e-6e31-4577-8b12-c4b8e3dada03.png?v=1730736044,g,,0.00,,,,
mustard-spiderman-hoodie,,,,,,,,,Large,,,blue,,,,,'10709875,700.0,,-1,deny,manual,1599.00,0.00,true,false,,,,,'10709875,,,,,,,,,,,,,,,,,,,,,,,,,,,,,,,,,,,,,,,,,,,,,,,https://cdn.shopify.com/s/files/1/0618/2368/0740/files/New_Design_Hoodies.png?v=1730736354,g,,0.00,,,,
mustard-spiderman-hoodie,,,,,,,,,XL,,,bronze,,,,,'10709876,700.0,,0,deny,manual,1699.00,0.00,true,false,,,,,'10709876,,,,,,,,,,,,,,,,,,,,,,,,,,,,,,,,,,,,,,,,,,,,,,,https://cdn.shopify.com/s/files/1/0618/2368/0740/files/27_b36bae54-60d2-4201-aa02-50c3e0caf08b.png?v=1704204655,g,,0.00,,,,
mustard-spiderman-hoodie,,,,,,,,,XL,,,gray-1,,,,,'10709877,700.0,,0,deny,manual,1699.00,0.00,true,false,,,,,'10709877,,,,,,,,,,,,,,,,,,,,,,,,,,,,,,,,,,,,,,,,,,,,,,,https://cdn.shopify.com/s/files/1/0618/2368/0740/files/63_928d7862-7edc-41dc-8fa1-b5349a6bdd3f.png?v=1730735803,g,,0.00,,,,
mustard-spiderman-hoodie,,,,,,,,,XL,,,yellow,,,,,'10709878,700.0,,-1,deny,manual,1699.00,0.00,true,false,,,,,'10709878,,,,,,,,,,,,,,,,,,,,,,,,,,,,,,,,,,,,,,,,,,,,,,,https://cdn.shopify.com/s/files/1/0618/2368/0740/files/2_990451d7-51b9-4b38-b935-05e7e280b22d.png?v=1730735858,g,,0.00,,,,
mustard-spiderman-hoodie,,,,,,,,,XL,,,rose-gold,,,,,'10709879,700.0,,0,deny,manual,1699.00,0.00,true,false,,,,,'10709879,,,,,,,,,,,,,,,,,,,,,,,,,,,,,,,,,,,,,,,,,,,,,,,https://cdn.shopify.com/s/files/1/0618/2368/0740/files/12_596425d9-c714-4362-ae77-991bb9afccfd.png?v=1730735881,g,,0.00,,,,
mustard-spiderman-hoodie,,,,,,,,,XL,,,cream,,,,,'10709880,700.0,,0,deny,manual,1699.00,0.00,true,false,,,,,'10709880,,,,,,,,,,,,,,,,,,,,,,,,,,,,,,,,,,,,,,,,,,,,,,,https://cdn.shopify.com/s/files/1/0618/2368/0740/files/53_63a5dc16-20ef-4786-823a-06b89073e825.png?v=1730735895,g,,0.00,,,,
mustard-spiderman-hoodie,,,,,,,,,XL,,,silver,,,,,'10709881,700.0,,0,deny,manual,1699.00,0.00,true,false,,,,,'10709881,,,,,,,,,,,,,,,,,,,,,,,,,,,,,,,,,,,,,,,,,,,,,,,https://cdn.shopify.com/s/files/1/0618/2368/0740/files/42_e78458c9-fd52-48df-8268-2f4f9cf550fa.png?v=1730735948,g,,0.00,,,,
mustard-spiderman-hoodie,,,,,,,,,XL,,,olive-green,,,,,'10709882,700.0,,0,deny,manual,1699.00,0.00,true,false,,,,,'10709882,,,,,,,,,,,,,,,,,,,,,,,,,,,,,,,,,,,,,,,,,,,,,,,https://cdn.shopify.com/s/files/1/0618/2368/0740/files/22_e095a32d-8361-4826-ac7c-91b01c32564f.png?v=1730735966,g,,0.00,,,,
mustard-spiderman-hoodie,,,,,,,,,XL,,,black,,,,,'10709883,700.0,,0,deny,manual,1699.00,0.00,true,false,,,,,'10709883,,,,,,,,,,,,,,,,,,,,,,,,,,,,,,,,,,,,,,,,,,,,,,,https://cdn.shopify.com/s/files/1/0618/2368/0740/files/4_d9b7da5e-6e31-4577-8b12-c4b8e3dada03.png?v=1730736044,g,,0.00,,,,
mustard-spiderman-hoodie,,,,,,,,,XL,,,blue,,,,,'10709884,700.0,,0,deny,manual,1599.00,0.00,true,false,,,,,'10709884,,,,,,,,,,,,,,,,,,,,,,,,,,,,,,,,,,,,,,,,,,,,,,,https://cdn.shopify.com/s/files/1/0618/2368/0740/files/New_Design_Hoodies.png?v=1730736354,g,,0.00,,,,
mustard-spiderman-hoodie,,,,,,,,,XXL,,,bronze,,,,,'10709885,700.0,,-2,deny,manual,1799.00,0.00,true,false,,,,,'10709885,,,,,,,,,,,,,,,,,,,,,,,,,,,,,,,,,,,,,,,,,,,,,,,https://cdn.shopify.com/s/files/1/0618/2368/0740/files/27_b36bae54-60d2-4201-aa02-50c3e0caf08b.png?v=1704204655,g,,0.00,,,,
mustard-spiderman-hoodie,,,,,,,,,XXL,,,gray-1,,,,,'10709886,700.0,,0,deny,manual,1799.00,0.00,true,false,,,,,'10709886,,,,,,,,,,,,,,,,,,,,,,,,,,,,,,,,,,,,,,,,,,,,,,,https://cdn.shopify.com/s/files/1/0618/2368/0740/files/63_928d7862-7edc-41dc-8fa1-b5349a6bdd3f.png?v=1730735803,g,,0.00,,,,
mustard-spiderman-hoodie,,,,,,,,,XXL,,,yellow,,,,,'10709887,700.0,,0,deny,manual,1799.00,0.00,true,false,,,,,'10709887,,,,,,,,,,,,,,,,,,,,,,,,,,,,,,,,,,,,,,,,,,,,,,,https://cdn.shopify.com/s/files/1/0618/2368/0740/files/2_990451d7-51b9-4b38-b935-05e7e280b22d.png?v=1730735858,g,,0.00,,,,
mustard-spiderman-hoodie,,,,,,,,,XXL,,,rose-gold,,,,,'10709888,700.0,,0,deny,manual,1799.00,0.00,true,false,,,,,'10709888,,,,,,,,,,,,,,,,,,,,,,,,,,,,,,,,,,,,,,,,,,,,,,,https://cdn.shopify.com/s/files/1/0618/2368/0740/files/12_596425d9-c714-4362-ae77-991bb9afccfd.png?v=1730735881,g,,0.00,,,,
mustard-spiderman-hoodie,,,,,,,,,XXL,,,cream,,,,,'10709889,700.0,,0,deny,manual,1799.00,0.00,true,false,,,,,'10709889,,,,,,,,,,,,,,,,,,,,,,,,,,,,,,,,,,,,,,,,,,,,,,,https://cdn.shopify.com/s/files/1/0618/2368/0740/files/53_63a5dc16-20ef-4786-823a-06b89073e825.png?v=1730735895,g,,0.00,,,,
mustard-spiderman-hoodie,,,,,,,,,XXL,,,silver,,,,,'10709890,700.0,,0,deny,manual,1799.00,0.00,true,false,,,,,'10709890,,,,,,,,,,,,,,,,,,,,,,,,,,,,,,,,,,,,,,,,,,,,,,,https://cdn.shopify.com/s/files/1/0618/2368/0740/files/42_e78458c9-fd52-48df-8268-2f4f9cf550fa.png?v=1730735948,g,,0.00,,,,
mustard-spiderman-hoodie,,,,,,,,,XXL,,,olive-green,,,,,'10709891,700.0,,0,deny,manual,1799.00,0.00,true,false,,,,,'10709891,,,,,,,,,,,,,,,,,,,,,,,,,,,,,,,,,,,,,,,,,,,,,,,https://cdn.shopify.com/s/files/1/0618/2368/0740/files/22_e095a32d-8361-4826-ac7c-91b01c32564f.png?v=1730735966,g,,0.00,,,,
mustard-spiderman-hoodie,,,,,,,,,XXL,,,black,,,,,'10709892,700.0,,0,deny,manual,1799.00,0.00,true,false,,,,,'10709892,,,,,,,,,,,,,,,,,,,,,,,,,,,,,,,,,,,,,,,,,,,,,,,https://cdn.shopify.com/s/files/1/0618/2368/0740/files/4_d9b7da5e-6e31-4577-8b12-c4b8e3dada03.png?v=1730736044,g,,0.00,,,,
mustard-spiderman-hoodie,,,,,,,,,XXL,,,blue,,,,,'10706794,700.0,,0,deny,manual,1799.00,0.00,true,false,,,,,'10706794,,,,,,,,,,,,,,,,,,,,,,,,,,,,,,,,,,,,,,,,,,,,,,,https://cdn.shopify.com/s/files/1/0618/2368/0740/files/New_Design_Hoodies.png?v=1730736354,g,,0.00,,,,
black-leopard-hoodie,Leopard Hoodie,"<h4>Leopard Hoodie</h4>
<p>Elevate your winter wardrobe with our Black Leopard Hoodie! This bold and adventurous hoodie features a printed green Polo Bear on a sleek black background, perfect for making a statement. Stay warm and stylish with the added benefit of adjustable strings. Take a risk and stand out from the crowd in this must-have winter essential.</p>",BBG FASHION,Apparel & Accessories > Clothing > Outerwear > Coats & Jackets,Adult Hoodie,"wintercollection, woo",false,Size,Small,,Color,Blue,,,,,'10709805,700.0,,-10,deny,manual,1599.00,0.00,true,false,,,,,'10709805,https://cdn.shopify.com/s/files/1/0618/2368/0740/files/86.png?v=1704116962,1,Black Leopard Hoodie - front view - unisex wear Pakistan,false,,"Look no further for the perfect casual hoodie – Colorful Standard’s take on the modern classic is thoughtfully crafted for the best fit in soft organic cotton.
",,,,,,,,,,,,,'3,,,,,,,,,,,,,,,,,,,,,,,,,,,,https://cdn.shopify.com/s/files/1/0618/2368/0740/files/86.png?v=1704116962,g,,0.00,true,,,draft
black-leopard-hoodie,,,,,,,,,Small,,,Mustard,,,,,'10709806,700.0,,-1,deny,manual,1599.00,0.00,true,false,,,,,'10709806,https://cdn.shopify.com/s/files/1/0618/2368/0740/files/39_a4828fbd-1e3f-4a1a-85d9-eb84bd563db0.png?v=1704116944,2,Black Leopard Hoodie - back view - unisex wear Pakistan,,,,,,,,,,,,,,,,,,,,,,,,,,,,,,,,,,,,,,,,,,,,https://cdn.shopify.com/s/files/1/0618/2368/0740/files/39_a4828fbd-1e3f-4a1a-85d9-eb84bd563db0.png?v=1704116944,g,,0.00,,,,
black-leopard-hoodie,,,,,,,,,Small,,,Black,,,,,'10709807,700.0,,-5,deny,manual,1599.00,0.00,true,false,,,,,'10709807,https://cdn.shopify.com/s/files/1/0618/2368/0740/files/12_65fb6deb-b12f-49f5-8736-eee3ea8b78ec.png?v=1704116897,3,Black Leopard Hoodie - side view - unisex wear Pakistan,,,,,,,,,,,,,,,,,,,,,,,,,,,,,,,,,,,,,,,,,,,,https://cdn.shopify.com/s/files/1/0618/2368/0740/files/12_65fb6deb-b12f-49f5-8736-eee3ea8b78ec.png?v=1704116897,g,,0.00,,,,
black-leopard-hoodie,,,,,,,,,Small,,,Yellow,,,,,'10709808,700.0,,0,deny,manual,1599.00,0.00,true,false,,,,,'10709808,https://cdn.shopify.com/s/files/1/0618/2368/0740/files/Untitled_design_53.png?v=1730714240,4,Black Leopard Hoodie - detail shot - unisex wear Pakistan,,,,,,,,,,,,,,,,,,,,,,,,,,,,,,,,,,,,,,,,,,,,https://cdn.shopify.com/s/files/1/0618/2368/0740/files/Untitled_design_59.png?v=1730718155,g,,0.00,,,,
black-leopard-hoodie,,,,,,,,,Small,,,Rose Gold,,,,,'10709809,700.0,,-1,deny,manual,1599.00,0.00,true,false,,,,,'10709809,https://cdn.shopify.com/s/files/1/0618/2368/0740/files/Untitled_design_54.png?v=1730716196,5,Black Leopard Hoodie - front view - unisex wear Pakistan,,,,,,,,,,,,,,,,,,,,,,,,,,,,,,,,,,,,,,,,,,,,https://cdn.shopify.com/s/files/1/0618/2368/0740/files/9_44169053-61d2-4959-aecf-797a09754e9a.png?v=1730726721,g,,0.00,,,,
black-leopard-hoodie,,,,,,,,,Small,,,Olive Green,,,,,'10709810,700.0,,-1,deny,manual,1599.00,0.00,true,false,,,,,'10709810,https://cdn.shopify.com/s/files/1/0618/2368/0740/files/Untitled_design_57.png?v=1730717783,6,Black Leopard Hoodie - back view - unisex wear Pakistan,,,,,,,,,,,,,,,,,,,,,,,,,,,,,,,,,,,,,,,,,,,,https://cdn.shopify.com/s/files/1/0618/2368/0740/files/Untitled_design_54.png?v=1730716196,g,,0.00,,,,
black-leopard-hoodie,,,,,,,,,Small,,,Silver,,,,,'10709811,700.0,,0,deny,manual,1599.00,0.00,true,false,,,,,'10709811,https://cdn.shopify.com/s/files/1/0618/2368/0740/files/Untitled_design_59.png?v=1730718155,7,Black Leopard Hoodie - side view - unisex wear Pakistan,,,,,,,,,,,,,,,,,,,,,,,,,,,,,,,,,,,,,,,,,,,,https://cdn.shopify.com/s/files/1/0618/2368/0740/files/Untitled_design_57.png?v=1730717783,g,,0.00,,,,
black-leopard-hoodie,,,,,,,,,Small,,,Cream,,,,,'10709812,700.0,,-5,deny,manual,1599.00,0.00,true,false,,,,,'10709812,https://cdn.shopify.com/s/files/1/0618/2368/0740/files/Untitled_design_58.png?v=1730717974,8,Black Leopard Hoodie - detail shot - unisex wear Pakistan,,,,,,,,,,,,,,,,,,,,,,,,,,,,,,,,,,,,,,,,,,,,https://cdn.shopify.com/s/files/1/0618/2368/0740/files/Untitled_design_58.png?v=1730717974,g,,0.00,,,,
black-leopard-hoodie,,,,,,,,,Small,,,Grey,,,,,'10709813,700.0,,0,deny,manual,1599.00,0.00,true,false,,,,,'10709813,https://cdn.shopify.com/s/files/1/0618/2368/0740/files/Untitled_design_60.png?v=1730718491,9,Black Leopard Hoodie - front view - unisex wear Pakistan,,,,,,,,,,,,,,,,,,,,,,,,,,,,,,,,,,,,,,,,,,,,https://cdn.shopify.com/s/files/1/0618/2368/0740/files/Untitled_design_60.png?v=1730718491,g,,0.00,,,,
black-leopard-hoodie,,,,,,,,,Medium,,,Blue,,,,,'10709814,700.0,,-16,deny,manual,1599.00,0.00,true,false,,,,,'10709814,https://cdn.shopify.com/s/files/1/0618/2368/0740/files/hoodiesizechart_76271f9e-505e-44cc-9b6e-9cf17462b01d.webp?v=1704116913,10,Vegabond Hoodie size chart - measurements guide,,,,,,,,,,,,,,,,,,,,,,,,,,,,,,,,,,,,,,,,,,,,https://cdn.shopify.com/s/files/1/0618/2368/0740/files/86.png?v=1704116962,g,,0.00,,,,
black-leopard-hoodie,,,,,,,,,Medium,,,Mustard,,,,,'10709815,700.0,,-4,deny,manual,1599.00,0.00,true,false,,,,,'10709815,https://cdn.shopify.com/s/files/1/0618/2368/0740/files/9_44169053-61d2-4959-aecf-797a09754e9a.png?v=1730726721,11,Black Leopard Hoodie - side view - unisex wear Pakistan,,,,,,,,,,,,,,,,,,,,,,,,,,,,,,,,,,,,,,,,,,,,https://cdn.shopify.com/s/files/1/0618/2368/0740/files/39_a4828fbd-1e3f-4a1a-85d9-eb84bd563db0.png?v=1704116944,g,,0.00,,,,
black-leopard-hoodie,,,,,,,,,Medium,,,Black,,,,,'10709816,700.0,,-17,deny,manual,1599.00,0.00,true,false,,,,,'10709816,,,,,,,,,,,,,,,,,,,,,,,,,,,,,,,,,,,,,,,,,,,,,,,https://cdn.shopify.com/s/files/1/0618/2368/0740/files/12_65fb6deb-b12f-49f5-8736-eee3ea8b78ec.png?v=1704116897,g,,0.00,,,,
black-leopard-hoodie,,,,,,,,,Medium,,,Yellow,,,,,'10709817,700.0,,0,deny,manual,1599.00,0.00,true,false,,,,,'10709817,,,,,,,,,,,,,,,,,,,,,,,,,,,,,,,,,,,,,,,,,,,,,,,https://cdn.shopify.com/s/files/1/0618/2368/0740/files/Untitled_design_59.png?v=1730718155,g,,0.00,,,,
black-leopard-hoodie,,,,,,,,,Medium,,,Rose Gold,,,,,'10709818,700.0,,-3,deny,manual,1599.00,0.00,true,false,,,,,'10709818,,,,,,,,,,,,,,,,,,,,,,,,,,,,,,,,,,,,,,,,,,,,,,,https://cdn.shopify.com/s/files/1/0618/2368/0740/files/9_44169053-61d2-4959-aecf-797a09754e9a.png?v=1730726721,g,,0.00,,,,
black-leopard-hoodie,,,,,,,,,Medium,,,Olive Green,,,,,'10709819,700.0,,-1,deny,manual,1599.00,0.00,true,false,,,,,'10709819,,,,,,,,,,,,,,,,,,,,,,,,,,,,,,,,,,,,,,,,,,,,,,,https://cdn.shopify.com/s/files/1/0618/2368/0740/files/Untitled_design_54.png?v=1730716196,g,,0.00,,,,
black-leopard-hoodie,,,,,,,,,Medium,,,Silver,,,,,'10709820,700.0,,-2,deny,manual,1599.00,0.00,true,false,,,,,'10709820,,,,,,,,,,,,,,,,,,,,,,,,,,,,,,,,,,,,,,,,,,,,,,,https://cdn.shopify.com/s/files/1/0618/2368/0740/files/Untitled_design_57.png?v=1730717783,g,,0.00,,,,
black-leopard-hoodie,,,,,,,,,Medium,,,Cream,,,,,'10709821,700.0,,-8,deny,manual,1599.00,0.00,true,false,,,,,'10709821,,,,,,,,,,,,,,,,,,,,,,,,,,,,,,,,,,,,,,,,,,,,,,,https://cdn.shopify.com/s/files/1/0618/2368/0740/files/Untitled_design_58.png?v=1730717974,g,,0.00,,,,
black-leopard-hoodie,,,,,,,,,Medium,,,Grey,,,,,'10709822,700.0,,-4,deny,manual,1599.00,0.00,true,false,,,,,'10709822,,,,,,,,,,,,,,,,,,,,,,,,,,,,,,,,,,,,,,,,,,,,,,,https://cdn.shopify.com/s/files/1/0618/2368/0740/files/Untitled_design_60.png?v=1730718491,g,,0.00,,,,
black-leopard-hoodie,,,,,,,,,Large,,,Blue,,,,,'10709823,700.0,,-31,deny,manual,1599.00,0.00,true,false,,,,,'10709823,,,,,,,,,,,,,,,,,,,,,,,,,,,,,,,,,,,,,,,,,,,,,,,https://cdn.shopify.com/s/files/1/0618/2368/0740/files/86.png?v=1704116962,g,,0.00,,,,
black-leopard-hoodie,,,,,,,,,Large,,,Mustard,,,,,'10709824,700.0,,-7,deny,manual,1599.00,0.00,true,false,,,,,'10709824,,,,,,,,,,,,,,,,,,,,,,,,,,,,,,,,,,,,,,,,,,,,,,,https://cdn.shopify.com/s/files/1/0618/2368/0740/files/39_a4828fbd-1e3f-4a1a-85d9-eb84bd563db0.png?v=1704116944,g,,0.00,,,,
black-leopard-hoodie,,,,,,,,,Large,,,Black,,,,,'10709825,700.0,,-9,deny,manual,1599.00,0.00,true,false,,,,,'10709825,,,,,,,,,,,,,,,,,,,,,,,,,,,,,,,,,,,,,,,,,,,,,,,https://cdn.shopify.com/s/files/1/0618/2368/0740/files/39_a4828fbd-1e3f-4a1a-85d9-eb84bd563db0.png?v=1704116944,g,,0.00,,,,
black-leopard-hoodie,,,,,,,,,Large,,,Yellow,,,,,'10709826,700.0,,-1,deny,manual,1599.00,0.00,true,false,,,,,'10709826,,,,,,,,,,,,,,,,,,,,,,,,,,,,,,,,,,,,,,,,,,,,,,,https://cdn.shopify.com/s/files/1/0618/2368/0740/files/Untitled_design_59.png?v=1730718155,g,,0.00,,,,
black-leopard-hoodie,,,,,,,,,Large,,,Rose Gold,,,,,'10709827,700.0,,-1,deny,manual,1599.00,0.00,true,false,,,,,'10709827,,,,,,,,,,,,,,,,,,,,,,,,,,,,,,,,,,,,,,,,,,,,,,,https://cdn.shopify.com/s/files/1/0618/2368/0740/files/9_44169053-61d2-4959-aecf-797a09754e9a.png?v=1730726721,g,,0.00,,,,
black-leopard-hoodie,,,,,,,,,Large,,,Olive Green,,,,,'10709828,700.0,,-2,deny,manual,1599.00,0.00,true,false,,,,,'10709828,,,,,,,,,,,,,,,,,,,,,,,,,,,,,,,,,,,,,,,,,,,,,,,https://cdn.shopify.com/s/files/1/0618/2368/0740/files/Untitled_design_54.png?v=1730716196,g,,0.00,,,,
black-leopard-hoodie,,,,,,,,,Large,,,Silver,,,,,'10709829,700.0,,0,deny,manual,1599.00,0.00,true,false,,,,,'10709829,,,,,,,,,,,,,,,,,,,,,,,,,,,,,,,,,,,,,,,,,,,,,,,https://cdn.shopify.com/s/files/1/0618/2368/0740/files/Untitled_design_57.png?v=1730717783,g,,0.00,,,,
black-leopard-hoodie,,,,,,,,,Large,,,Cream,,,,,'10709830,700.0,,-13,deny,manual,1599.00,0.00,true,false,,,,,'10709830,,,,,,,,,,,,,,,,,,,,,,,,,,,,,,,,,,,,,,,,,,,,,,,https://cdn.shopify.com/s/files/1/0618/2368/0740/files/Untitled_design_58.png?v=1730717974,g,,0.00,,,,
black-leopard-hoodie,,,,,,,,,Large,,,Grey,,,,,'10709831,700.0,,-3,deny,manual,1599.00,0.00,true,false,,,,,'10709831,,,,,,,,,,,,,,,,,,,,,,,,,,,,,,,,,,,,,,,,,,,,,,,https://cdn.shopify.com/s/files/1/0618/2368/0740/files/Untitled_design_60.png?v=1730718491,g,,0.00,,,,
black-leopard-hoodie,,,,,,,,,XL,,,Blue,,,,,'10709832,700.0,,-14,deny,manual,1699.00,0.00,true,false,,,,,'10709832,,,,,,,,,,,,,,,,,,,,,,,,,,,,,,,,,,,,,,,,,,,,,,,https://cdn.shopify.com/s/files/1/0618/2368/0740/files/86.png?v=1704116962,g,,0.00,,,,
black-leopard-hoodie,,,,,,,,,XL,,,Mustard,,,,,'10709833,700.0,,-10,deny,manual,1699.00,0.00,true,false,,,,,'10709833,,,,,,,,,,,,,,,,,,,,,,,,,,,,,,,,,,,,,,,,,,,,,,,https://cdn.shopify.com/s/files/1/0618/2368/0740/files/39_a4828fbd-1e3f-4a1a-85d9-eb84bd563db0.png?v=1704116944,g,,0.00,,,,
black-leopard-hoodie,,,,,,,,,XL,,,Black,,,,,'10709834,700.0,,-6,deny,manual,1699.00,0.00,true,false,,,,,'10709834,,,,,,,,,,,,,,,,,,,,,,,,,,,,,,,,,,,,,,,,,,,,,,,https://cdn.shopify.com/s/files/1/0618/2368/0740/files/12_65fb6deb-b12f-49f5-8736-eee3ea8b78ec.png?v=1704116897,g,,0.00,,,,
black-leopard-hoodie,,,,,,,,,XL,,,Yellow,,,,,'10709835,700.0,,-1,deny,manual,1699.00,0.00,true,false,,,,,'10709835,,,,,,,,,,,,,,,,,,,,,,,,,,,,,,,,,,,,,,,,,,,,,,,https://cdn.shopify.com/s/files/1/0618/2368/0740/files/Untitled_design_59.png?v=1730718155,g,,0.00,,,,
black-leopard-hoodie,,,,,,,,,XL,,,Rose Gold,,,,,'10709836,700.0,,-2,deny,manual,1699.00,0.00,true,false,,,,,'10709836,,,,,,,,,,,,,,,,,,,,,,,,,,,,,,,,,,,,,,,,,,,,,,,https://cdn.shopify.com/s/files/1/0618/2368/0740/files/9_44169053-61d2-4959-aecf-797a09754e9a.png?v=1730726721,g,,0.00,,,,
black-leopard-hoodie,,,,,,,,,XL,,,Olive Green,,,,,'10709837,700.0,,0,deny,manual,1699.00,0.00,true,false,,,,,'10709837,,,,,,,,,,,,,,,,,,,,,,,,,,,,,,,,,,,,,,,,,,,,,,,https://cdn.shopify.com/s/files/1/0618/2368/0740/files/Untitled_design_54.png?v=1730716196,g,,0.00,,,,
black-leopard-hoodie,,,,,,,,,XL,,,Silver,,,,,'10709838,700.0,,-1,deny,manual,1699.00,0.00,true,false,,,,,'10709838,,,,,,,,,,,,,,,,,,,,,,,,,,,,,,,,,,,,,,,,,,,,,,,https://cdn.shopify.com/s/files/1/0618/2368/0740/files/Untitled_design_57.png?v=1730717783,g,,0.00,,,,
black-leopard-hoodie,,,,,,,,,XL,,,Cream,,,,,'10709839,700.0,,-4,deny,manual,1699.00,0.00,true,false,,,,,'10709839,,,,,,,,,,,,,,,,,,,,,,,,,,,,,,,,,,,,,,,,,,,,,,,https://cdn.shopify.com/s/files/1/0618/2368/0740/files/Untitled_design_58.png?v=1730717974,g,,0.00,,,,
black-leopard-hoodie,,,,,,,,,XL,,,Grey,,,,,'10709840,700.0,,-1,deny,manual,1699.00,0.00,true,false,,,,,'10709840,,,,,,,,,,,,,,,,,,,,,,,,,,,,,,,,,,,,,,,,,,,,,,,https://cdn.shopify.com/s/files/1/0618/2368/0740/files/Untitled_design_60.png?v=1730718491,g,,0.00,,,,
black-leopard-hoodie,,,,,,,,,XXL,,,Blue,,,,,'10709841,700.0,,-18,deny,manual,1799.00,0.00,true,false,,,,,'10709841,,,,,,,,,,,,,,,,,,,,,,,,,,,,,,,,,,,,,,,,,,,,,,,https://cdn.shopify.com/s/files/1/0618/2368/0740/files/86.png?v=1704116962,g,,0.00,,,,
black-leopard-hoodie,,,,,,,,,XXL,,,Mustard,,,,,'10709842,700.0,,-7,deny,manual,1799.00,0.00,true,false,,,,,'10709842,,,,,,,,,,,,,,,,,,,,,,,,,,,,,,,,,,,,,,,,,,,,,,,https://cdn.shopify.com/s/files/1/0618/2368/0740/files/39_a4828fbd-1e3f-4a1a-85d9-eb84bd563db0.png?v=1704116944,g,,0.00,,,,
black-leopard-hoodie,,,,,,,,,XXL,,,Black,,,,,'10709843,700.0,,-7,deny,manual,1799.00,0.00,true,false,,,,,'10709843,,,,,,,,,,,,,,,,,,,,,,,,,,,,,,,,,,,,,,,,,,,,,,,https://cdn.shopify.com/s/files/1/0618/2368/0740/files/12_65fb6deb-b12f-49f5-8736-eee3ea8b78ec.png?v=1704116897,g,,0.00,,,,
black-leopard-hoodie,,,,,,,,,XXL,,,Yellow,,,,,'10709844,700.0,,0,deny,manual,1799.00,0.00,true,false,,,,,'10709844,,,,,,,,,,,,,,,,,,,,,,,,,,,,,,,,,,,,,,,,,,,,,,,https://cdn.shopify.com/s/files/1/0618/2368/0740/files/Untitled_design_59.png?v=1730718155,g,,0.00,,,,
black-leopard-hoodie,,,,,,,,,XXL,,,Rose Gold,,,,,'10709845,700.0,,0,deny,manual,1799.00,0.00,true,false,,,,,'10709845,,,,,,,,,,,,,,,,,,,,,,,,,,,,,,,,,,,,,,,,,,,,,,,https://cdn.shopify.com/s/files/1/0618/2368/0740/files/9_44169053-61d2-4959-aecf-797a09754e9a.png?v=1730726721,g,,0.00,,,,
black-leopard-hoodie,,,,,,,,,XXL,,,Olive Green,,,,,'10709846,700.0,,-1,deny,manual,1799.00,0.00,true,false,,,,,'10709846,,,,,,,,,,,,,,,,,,,,,,,,,,,,,,,,,,,,,,,,,,,,,,,https://cdn.shopify.com/s/files/1/0618/2368/0740/files/Untitled_design_54.png?v=1730716196,g,,0.00,,,,
black-leopard-hoodie,,,,,,,,,XXL,,,Silver,,,,,'10709847,700.0,,-1,deny,manual,1799.00,0.00,true,false,,,,,'10709847,,,,,,,,,,,,,,,,,,,,,,,,,,,,,,,,,,,,,,,,,,,,,,,https://cdn.shopify.com/s/files/1/0618/2368/0740/files/Untitled_design_57.png?v=1730717783,g,,0.00,,,,
black-leopard-hoodie,,,,,,,,,XXL,,,Cream,,,,,'10709848,700.0,,-3,deny,manual,1799.00,0.00,true,false,,,,,'10709848,,,,,,,,,,,,,,,,,,,,,,,,,,,,,,,,,,,,,,,,,,,,,,,https://cdn.shopify.com/s/files/1/0618/2368/0740/files/Untitled_design_58.png?v=1730717974,g,,0.00,,,,
black-leopard-hoodie,,,,,,,,,XXL,,,Grey,,,,,'10706793,700.0,,-2,deny,manual,1799.00,0.00,true,false,,,,,'10706793,,,,,,,,,,,,,,,,,,,,,,,,,,,,,,,,,,,,,,,,,,,,,,,https://cdn.shopify.com/s/files/1/0618/2368/0740/files/Untitled_design_60.png?v=1730718491,g,,0.00,,,,
black-polo-bear-hoodie,Polo Bear Hoodie,"<h4>Polo Bear Hoodie</h4>
<p>Elevate your winter wardrobe with our Polo Bear Hoodie! This bold and adventurous hoodie features a printed green Polo Bear on a sleek black background, perfect for making a statement. Stay warm and stylish with the added benefit of adjustable strings. Take a risk and stand out from the crowd in this must-have winter essential.</p>",BBG FASHION,Apparel & Accessories > Clothing > Outerwear > Coats & Jackets,Adult Hoodie,"wintercollection, woo",false,Size,Small,,Color,Grey,,,,,'10709761,700.0,,0,deny,manual,1599.00,0.00,true,false,,,,,'10709761,https://cdn.shopify.com/s/files/1/0618/2368/0740/files/8_f0c29d24-1f70-48a8-aebe-bd40e03b27b4.png?v=1704116681,1,Black Polo Bear Hoodie - front view - unisex wear Pakistan,false,,"Look no further for the perfect casual hoodie – Colorful Standard’s take on the modern classic is thoughtfully crafted for the best fit in soft organic cotton.
",,,,,,,,,,,,,,,,,,,,,,,,,,,,,,,,,,,,,,,,,https://cdn.shopify.com/s/files/1/0618/2368/0740/files/56_8688deb1-ad72-46f5-a706-ec8ada80ff22.png?v=1730727002,g,,0.00,true,,,draft
black-polo-bear-hoodie,,,,,,,,,Small,,,Black,,,,,'10709762,700.0,,0,deny,manual,1599.00,0.00,true,false,,,,,'10709762,https://cdn.shopify.com/s/files/1/0618/2368/0740/files/23_f2d5db97-d530-4802-b44a-77253a5d592f.png?v=1704116729,2,Black Polo Bear Hoodie - back view - unisex wear Pakistan,,,,,,,,,,,,,,,,,,,,,,,,,,,,,,,,,,,,,,,,,,,,https://cdn.shopify.com/s/files/1/0618/2368/0740/files/8_f0c29d24-1f70-48a8-aebe-bd40e03b27b4.png?v=1704116681,g,,0.00,,,,
black-polo-bear-hoodie,,,,,,,,,Small,,,Mustard,,,,,'10709763,700.0,,-2,deny,manual,1599.00,0.00,true,false,,,,,'10709763,https://cdn.shopify.com/s/files/1/0618/2368/0740/files/78.png?v=1704116748,3,Black Polo Bear Hoodie - side view - unisex wear Pakistan,,,,,,,,,,,,,,,,,,,,,,,,,,,,,,,,,,,,,,,,,,,,https://cdn.shopify.com/s/files/1/0618/2368/0740/files/23_f2d5db97-d530-4802-b44a-77253a5d592f.png?v=1704116729,g,,0.00,,,,
black-polo-bear-hoodie,,,,,,,,,Small,,,Blue,,,,,'10709764,700.0,,0,deny,manual,1599.00,0.00,true,false,,,,,'10709764,https://cdn.shopify.com/s/files/1/0618/2368/0740/files/47_43fcb87d-b31e-4760-af2a-7370e62f5f59.png?v=1730726912,4,Black Polo Bear Hoodie - detail shot - unisex wear Pakistan,,,,,,,,,,,,,,,,,,,,,,,,,,,,,,,,,,,,,,,,,,,,https://cdn.shopify.com/s/files/1/0618/2368/0740/files/78.png?v=1704116748,g,,0.00,,,,
black-polo-bear-hoodie,,,,,,,,,Small,,,Cream,,,,,'10709765,700.0,,0,deny,manual,1599.00,0.00,true,false,,,,,'10709765,https://cdn.shopify.com/s/files/1/0618/2368/0740/files/6_13dc9172-cde1-4cb3-9d0b-6d240d56b310.png?v=1730726933,5,Black Polo Bear Hoodie - front view - unisex wear Pakistan,,,,,,,,,,,,,,,,,,,,,,,,,,,,,,,,,,,,,,,,,,,,https://cdn.shopify.com/s/files/1/0618/2368/0740/files/47_43fcb87d-b31e-4760-af2a-7370e62f5f59.png?v=1730726912,g,,0.00,,,,
black-polo-bear-hoodie,,,,,,,,,Small,,,Yellow,,,,,'10709766,700.0,,0,deny,manual,1599.00,0.00,true,false,,,,,'10709766,https://cdn.shopify.com/s/files/1/0618/2368/0740/files/14_610395bb-4c68-4251-a460-751c88220f54.png?v=1730726952,6,Black Polo Bear Hoodie - back view - unisex wear Pakistan,,,,,,,,,,,,,,,,,,,,,,,,,,,,,,,,,,,,,,,,,,,,https://cdn.shopify.com/s/files/1/0618/2368/0740/files/6_13dc9172-cde1-4cb3-9d0b-6d240d56b310.png?v=1730726933,g,,0.00,,,,
black-polo-bear-hoodie,,,,,,,,,Small,,,Rose Gold,,,,,'10709767,700.0,,0,deny,manual,1599.00,0.00,true,false,,,,,'10709767,https://cdn.shopify.com/s/files/1/0618/2368/0740/files/39_3811d18b-edc3-4c56-83b0-f2c9a243a18b.png?v=1730726970,7,Black Polo Bear Hoodie - side view - unisex wear Pakistan,,,,,,,,,,,,,,,,,,,,,,,,,,,,,,,,,,,,,,,,,,,,https://cdn.shopify.com/s/files/1/0618/2368/0740/files/14_610395bb-4c68-4251-a460-751c88220f54.png?v=1730726952,g,,0.00,,,,
black-polo-bear-hoodie,,,,,,,,,Small,,,Silver,,,,,'10709768,700.0,,0,deny,manual,1599.00,0.00,true,false,,,,,'10709768,https://cdn.shopify.com/s/files/1/0618/2368/0740/files/24_5c61c1ce-b7f2-4970-b0da-7b82e8a70f03.png?v=1730726986,8,Black Polo Bear Hoodie - detail shot - unisex wear Pakistan,,,,,,,,,,,,,,,,,,,,,,,,,,,,,,,,,,,,,,,,,,,,https://cdn.shopify.com/s/files/1/0618/2368/0740/files/39_3811d18b-edc3-4c56-83b0-f2c9a243a18b.png?v=1730726970,g,,0.00,,,,
black-polo-bear-hoodie,,,,,,,,,Small,,,Olive Green,,,,,'10709769,700.0,,0,deny,manual,1599.00,0.00,true,false,,,,,'10709769,https://cdn.shopify.com/s/files/1/0618/2368/0740/files/56_8688deb1-ad72-46f5-a706-ec8ada80ff22.png?v=1730727002,9,Black Polo Bear Hoodie - front view - unisex wear Pakistan,,,,,,,,,,,,,,,,,,,,,,,,,,,,,,,,,,,,,,,,,,,,https://cdn.shopify.com/s/files/1/0618/2368/0740/files/24_5c61c1ce-b7f2-4970-b0da-7b82e8a70f03.png?v=1730726986,g,,0.00,,,,
black-polo-bear-hoodie,,,,,,,,,Medium,,,Grey,,,,,'10709770,700.0,,0,deny,manual,1599.00,0.00,true,false,,,,,'10709770,https://cdn.shopify.com/s/files/1/0618/2368/0740/files/hoodiesizechart_503b9798-56b1-41ef-9899-f30a111af17c.webp?v=1704116697,10,Black Polo Bear Hoodie size chart - measurements guide,,,,,,,,,,,,,,,,,,,,,,,,,,,,,,,,,,,,,,,,,,,,https://cdn.shopify.com/s/files/1/0618/2368/0740/files/56_8688deb1-ad72-46f5-a706-ec8ada80ff22.png?v=1730727002,g,,0.00,,,,
black-polo-bear-hoodie,,,,,,,,,Medium,,,Black,,,,,'10709771,700.0,,-1,deny,manual,1599.00,0.00,true,false,,,,,'10709771,,,,,,,,,,,,,,,,,,,,,,,,,,,,,,,,,,,,,,,,,,,,,,,https://cdn.shopify.com/s/files/1/0618/2368/0740/files/8_f0c29d24-1f70-48a8-aebe-bd40e03b27b4.png?v=1704116681,g,,0.00,,,,
black-polo-bear-hoodie,,,,,,,,,Medium,,,Mustard,,,,,'10709772,700.0,,0,deny,manual,1599.00,0.00,true,false,,,,,'10709772,,,,,,,,,,,,,,,,,,,,,,,,,,,,,,,,,,,,,,,,,,,,,,,https://cdn.shopify.com/s/files/1/0618/2368/0740/files/23_f2d5db97-d530-4802-b44a-77253a5d592f.png?v=1704116729,g,,0.00,,,,
black-polo-bear-hoodie,,,,,,,,,Medium,,,Blue,,,,,'10709773,700.0,,0,deny,manual,1599.00,0.00,true,false,,,,,'10709773,,,,,,,,,,,,,,,,,,,,,,,,,,,,,,,,,,,,,,,,,,,,,,,https://cdn.shopify.com/s/files/1/0618/2368/0740/files/78.png?v=1704116748,g,,0.00,,,,
black-polo-bear-hoodie,,,,,,,,,Medium,,,Cream,,,,,'10709774,700.0,,0,deny,manual,1599.00,0.00,true,false,,,,,'10709774,,,,,,,,,,,,,,,,,,,,,,,,,,,,,,,,,,,,,,,,,,,,,,,https://cdn.shopify.com/s/files/1/0618/2368/0740/files/47_43fcb87d-b31e-4760-af2a-7370e62f5f59.png?v=1730726912,g,,0.00,,,,
black-polo-bear-hoodie,,,,,,,,,Medium,,,Yellow,,,,,'10709775,700.0,,0,deny,manual,1599.00,0.00,true,false,,,,,'10709775,,,,,,,,,,,,,,,,,,,,,,,,,,,,,,,,,,,,,,,,,,,,,,,https://cdn.shopify.com/s/files/1/0618/2368/0740/files/6_13dc9172-cde1-4cb3-9d0b-6d240d56b310.png?v=1730726933,g,,0.00,,,,
black-polo-bear-hoodie,,,,,,,,,Medium,,,Rose Gold,,,,,'10709776,700.0,,0,deny,manual,1599.00,0.00,true,false,,,,,'10709776,,,,,,,,,,,,,,,,,,,,,,,,,,,,,,,,,,,,,,,,,,,,,,,https://cdn.shopify.com/s/files/1/0618/2368/0740/files/14_610395bb-4c68-4251-a460-751c88220f54.png?v=1730726952,g,,0.00,,,,
black-polo-bear-hoodie,,,,,,,,,Medium,,,Silver,,,,,'10709777,700.0,,0,deny,manual,1599.00,0.00,true,false,,,,,'10709777,,,,,,,,,,,,,,,,,,,,,,,,,,,,,,,,,,,,,,,,,,,,,,,https://cdn.shopify.com/s/files/1/0618/2368/0740/files/39_3811d18b-edc3-4c56-83b0-f2c9a243a18b.png?v=1730726970,g,,0.00,,,,
black-polo-bear-hoodie,,,,,,,,,Medium,,,Olive Green,,,,,'10709778,700.0,,0,deny,manual,1599.00,0.00,true,false,,,,,'10709778,,,,,,,,,,,,,,,,,,,,,,,,,,,,,,,,,,,,,,,,,,,,,,,https://cdn.shopify.com/s/files/1/0618/2368/0740/files/24_5c61c1ce-b7f2-4970-b0da-7b82e8a70f03.png?v=1730726986,g,,0.00,,,,
black-polo-bear-hoodie,,,,,,,,,Large,,,Grey,,,,,'10709779,700.0,,0,deny,manual,1599.00,0.00,true,false,,,,,'10709779,,,,,,,,,,,,,,,,,,,,,,,,,,,,,,,,,,,,,,,,,,,,,,,https://cdn.shopify.com/s/files/1/0618/2368/0740/files/56_8688deb1-ad72-46f5-a706-ec8ada80ff22.png?v=1730727002,g,,0.00,,,,
black-polo-bear-hoodie,,,,,,,,,Large,,,Black,,,,,'10709780,700.0,,-4,deny,manual,1599.00,0.00,true,false,,,,,'10709780,,,,,,,,,,,,,,,,,,,,,,,,,,,,,,,,,,,,,,,,,,,,,,,https://cdn.shopify.com/s/files/1/0618/2368/0740/files/8_f0c29d24-1f70-48a8-aebe-bd40e03b27b4.png?v=1704116681,g,,0.00,,,,
black-polo-bear-hoodie,,,,,,,,,Large,,,Mustard,,,,,'10709781,700.0,,0,deny,manual,1599.00,0.00,true,false,,,,,'10709781,,,,,,,,,,,,,,,,,,,,,,,,,,,,,,,,,,,,,,,,,,,,,,,https://cdn.shopify.com/s/files/1/0618/2368/0740/files/23_f2d5db97-d530-4802-b44a-77253a5d592f.png?v=1704116729,g,,0.00,,,,
black-polo-bear-hoodie,,,,,,,,,Large,,,Blue,,,,,'10709782,700.0,,0,deny,manual,1599.00,0.00,true,false,,,,,'10709782,,,,,,,,,,,,,,,,,,,,,,,,,,,,,,,,,,,,,,,,,,,,,,,https://cdn.shopify.com/s/files/1/0618/2368/0740/files/78.png?v=1704116748,g,,0.00,,,,
black-polo-bear-hoodie,,,,,,,,,Large,,,Cream,,,,,'10709783,700.0,,-2,deny,manual,1599.00,0.00,true,false,,,,,'10709783,,,,,,,,,,,,,,,,,,,,,,,,,,,,,,,,,,,,,,,,,,,,,,,https://cdn.shopify.com/s/files/1/0618/2368/0740/files/47_43fcb87d-b31e-4760-af2a-7370e62f5f59.png?v=1730726912,g,,0.00,,,,
black-polo-bear-hoodie,,,,,,,,,Large,,,Yellow,,,,,'10709784,700.0,,0,deny,manual,1599.00,0.00,true,false,,,,,'10709784,,,,,,,,,,,,,,,,,,,,,,,,,,,,,,,,,,,,,,,,,,,,,,,https://cdn.shopify.com/s/files/1/0618/2368/0740/files/6_13dc9172-cde1-4cb3-9d0b-6d240d56b310.png?v=1730726933,g,,0.00,,,,
black-polo-bear-hoodie,,,,,,,,,Large,,,Rose Gold,,,,,'10709785,700.0,,-3,deny,manual,1599.00,0.00,true,false,,,,,'10709785,,,,,,,,,,,,,,,,,,,,,,,,,,,,,,,,,,,,,,,,,,,,,,,https://cdn.shopify.com/s/files/1/0618/2368/0740/files/14_610395bb-4c68-4251-a460-751c88220f54.png?v=1730726952,g,,0.00,,,,
black-polo-bear-hoodie,,,,,,,,,Large,,,Silver,,,,,'10709786,700.0,,-2,deny,manual,1599.00,0.00,true,false,,,,,'10709786,,,,,,,,,,,,,,,,,,,,,,,,,,,,,,,,,,,,,,,,,,,,,,,https://cdn.shopify.com/s/files/1/0618/2368/0740/files/39_3811d18b-edc3-4c56-83b0-f2c9a243a18b.png?v=1730726970,g,,0.00,,,,
black-polo-bear-hoodie,,,,,,,,,Large,,,Olive Green,,,,,'10709787,700.0,,0,deny,manual,1599.00,0.00,true,false,,,,,'10709787,,,,,,,,,,,,,,,,,,,,,,,,,,,,,,,,,,,,,,,,,,,,,,,https://cdn.shopify.com/s/files/1/0618/2368/0740/files/24_5c61c1ce-b7f2-4970-b0da-7b82e8a70f03.png?v=1730726986,g,,0.00,,,,
black-polo-bear-hoodie,,,,,,,,,XL,,,Grey,,,,,'10709788,700.0,,0,deny,manual,1699.00,0.00,true,false,,,,,'10709788,,,,,,,,,,,,,,,,,,,,,,,,,,,,,,,,,,,,,,,,,,,,,,,https://cdn.shopify.com/s/files/1/0618/2368/0740/files/56_8688deb1-ad72-46f5-a706-ec8ada80ff22.png?v=1730727002,g,,0.00,,,,
black-polo-bear-hoodie,,,,,,,,,XL,,,Black,,,,,'10709789,700.0,,-1,deny,manual,1699.00,0.00,true,false,,,,,'10709789,,,,,,,,,,,,,,,,,,,,,,,,,,,,,,,,,,,,,,,,,,,,,,,https://cdn.shopify.com/s/files/1/0618/2368/0740/files/8_f0c29d24-1f70-48a8-aebe-bd40e03b27b4.png?v=1704116681,g,,0.00,,,,
black-polo-bear-hoodie,,,,,,,,,XL,,,Mustard,,,,,'10709790,700.0,,0,deny,manual,1699.00,0.00,true,false,,,,,'10709790,,,,,,,,,,,,,,,,,,,,,,,,,,,,,,,,,,,,,,,,,,,,,,,https://cdn.shopify.com/s/files/1/0618/2368/0740/files/23_f2d5db97-d530-4802-b44a-77253a5d592f.png?v=1704116729,g,,0.00,,,,
black-polo-bear-hoodie,,,,,,,,,XL,,,Blue,,,,,'10709791,700.0,,0,deny,manual,1699.00,0.00,true,false,,,,,'10709791,,,,,,,,,,,,,,,,,,,,,,,,,,,,,,,,,,,,,,,,,,,,,,,https://cdn.shopify.com/s/files/1/0618/2368/0740/files/78.png?v=1704116748,g,,0.00,,,,
black-polo-bear-hoodie,,,,,,,,,XL,,,Cream,,,,,'10709792,700.0,,-1,deny,manual,1699.00,0.00,true,false,,,,,'10709792,,,,,,,,,,,,,,,,,,,,,,,,,,,,,,,,,,,,,,,,,,,,,,,https://cdn.shopify.com/s/files/1/0618/2368/0740/files/47_43fcb87d-b31e-4760-af2a-7370e62f5f59.png?v=1730726912,g,,0.00,,,,
black-polo-bear-hoodie,,,,,,,,,XL,,,Yellow,,,,,'10709793,700.0,,0,deny,manual,1699.00,0.00,true,false,,,,,'10709793,,,,,,,,,,,,,,,,,,,,,,,,,,,,,,,,,,,,,,,,,,,,,,,https://cdn.shopify.com/s/files/1/0618/2368/0740/files/6_13dc9172-cde1-4cb3-9d0b-6d240d56b310.png?v=1730726933,g,,0.00,,,,
black-polo-bear-hoodie,,,,,,,,,XL,,,Rose Gold,,,,,'10709794,700.0,,0,deny,manual,1699.00,0.00,true,false,,,,,'10709794,,,,,,,,,,,,,,,,,,,,,,,,,,,,,,,,,,,,,,,,,,,,,,,https://cdn.shopify.com/s/files/1/0618/2368/0740/files/14_610395bb-4c68-4251-a460-751c88220f54.png?v=1730726952,g,,0.00,,,,
black-polo-bear-hoodie,,,,,,,,,XL,,,Silver,,,,,'10709795,700.0,,0,deny,manual,1699.00,0.00,true,false,,,,,'10709795,,,,,,,,,,,,,,,,,,,,,,,,,,,,,,,,,,,,,,,,,,,,,,,https://cdn.shopify.com/s/files/1/0618/2368/0740/files/39_3811d18b-edc3-4c56-83b0-f2c9a243a18b.png?v=1730726970,g,,0.00,,,,
black-polo-bear-hoodie,,,,,,,,,XL,,,Olive Green,,,,,'10709796,700.0,,0,deny,manual,1699.00,0.00,true,false,,,,,'10709796,,,,,,,,,,,,,,,,,,,,,,,,,,,,,,,,,,,,,,,,,,,,,,,https://cdn.shopify.com/s/files/1/0618/2368/0740/files/24_5c61c1ce-b7f2-4970-b0da-7b82e8a70f03.png?v=1730726986,g,,0.00,,,,
black-polo-bear-hoodie,,,,,,,,,XXL,,,Grey,,,,,'10709797,700.0,,0,deny,manual,1799.00,0.00,true,false,,,,,'10709797,,,,,,,,,,,,,,,,,,,,,,,,,,,,,,,,,,,,,,,,,,,,,,,https://cdn.shopify.com/s/files/1/0618/2368/0740/files/56_8688deb1-ad72-46f5-a706-ec8ada80ff22.png?v=1730727002,g,,0.00,,,,
black-polo-bear-hoodie,,,,,,,,,XXL,,,Black,,,,,'10709798,700.0,,-4,deny,manual,1799.00,0.00,true,false,,,,,'10709798,,,,,,,,,,,,,,,,,,,,,,,,,,,,,,,,,,,,,,,,,,,,,,,https://cdn.shopify.com/s/files/1/0618/2368/0740/files/8_f0c29d24-1f70-48a8-aebe-bd40e03b27b4.png?v=1704116681,g,,0.00,,,,
black-polo-bear-hoodie,,,,,,,,,XXL,,,Mustard,,,,,'10709799,700.0,,0,deny,manual,1799.00,0.00,true,false,,,,,'10709799,,,,,,,,,,,,,,,,,,,,,,,,,,,,,,,,,,,,,,,,,,,,,,,https://cdn.shopify.com/s/files/1/0618/2368/0740/files/23_f2d5db97-d530-4802-b44a-77253a5d592f.png?v=1704116729,g,,0.00,,,,
black-polo-bear-hoodie,,,,,,,,,XXL,,,Blue,,,,,'10709800,700.0,,0,deny,manual,1799.00,0.00,true,false,,,,,'10709800,,,,,,,,,,,,,,,,,,,,,,,,,,,,,,,,,,,,,,,,,,,,,,,https://cdn.shopify.com/s/files/1/0618/2368/0740/files/78.png?v=1704116748,g,,0.00,,,,
black-polo-bear-hoodie,,,,,,,,,XXL,,,Cream,,,,,'10709801,700.0,,-2,deny,manual,1799.00,0.00,true,false,,,,,'10709801,,,,,,,,,,,,,,,,,,,,,,,,,,,,,,,,,,,,,,,,,,,,,,,https://cdn.shopify.com/s/files/1/0618/2368/0740/files/47_43fcb87d-b31e-4760-af2a-7370e62f5f59.png?v=1730726912,g,,0.00,,,,
black-polo-bear-hoodie,,,,,,,,,XXL,,,Yellow,,,,,'10709802,700.0,,0,deny,manual,1799.00,0.00,true,false,,,,,'10709802,,,,,,,,,,,,,,,,,,,,,,,,,,,,,,,,,,,,,,,,,,,,,,,https://cdn.shopify.com/s/files/1/0618/2368/0740/files/6_13dc9172-cde1-4cb3-9d0b-6d240d56b310.png?v=1730726933,g,,0.00,,,,
black-polo-bear-hoodie,,,,,,,,,XXL,,,Rose Gold,,,,,'10709803,700.0,,0,deny,manual,1799.00,0.00,true,false,,,,,'10709803,,,,,,,,,,,,,,,,,,,,,,,,,,,,,,,,,,,,,,,,,,,,,,,https://cdn.shopify.com/s/files/1/0618/2368/0740/files/14_610395bb-4c68-4251-a460-751c88220f54.png?v=1730726952,g,,0.00,,,,
black-polo-bear-hoodie,,,,,,,,,XXL,,,Silver,,,,,'10709804,700.0,,-1,deny,manual,1799.00,0.00,true,false,,,,,'10709804,,,,,,,,,,,,,,,,,,,,,,,,,,,,,,,,,,,,,,,,,,,,,,,https://cdn.shopify.com/s/files/1/0618/2368/0740/files/39_3811d18b-edc3-4c56-83b0-f2c9a243a18b.png?v=1730726970,g,,0.00,,,,
black-polo-bear-hoodie,,,,,,,,,XXL,,,Olive Green,,,,,'10706792,700.0,,-1,deny,manual,1799.00,0.00,true,false,,,,,'10706792,,,,,,,,,,,,,,,,,,,,,,,,,,,,,,,,,,,,,,,,,,,,,,,https://cdn.shopify.com/s/files/1/0618/2368/0740/files/24_5c61c1ce-b7f2-4970-b0da-7b82e8a70f03.png?v=1730726986,g,,0.00,,,,
black-versace-polo-bear-hoodie,Versace Polo Bear Hoodie,"<h4>Versace Polo Bear Hoodie</h4>
<p>Elevate your winter wardrobe with our Versace Polo Bear Hoodie! This bold and adventurous hoodie features a printed green Polo Bear on a sleek black background, perfect for making a statement. Stay warm and stylish with the added benefit of adjustable strings. Take a risk and stand out from the crowd in this must-have winter essential.</p>",BBG FASHION,Apparel & Accessories > Clothing > Clothing Tops > Hoodies,Adult Hoodie,"wintercollection, woo",false,Size,Small,,Color,Olive Green,,,,,'10709717,700.0,,0,deny,manual,1599.00,0.00,true,false,,,,,'10709717,https://cdn.shopify.com/s/files/1/0618/2368/0740/files/80.png?v=1775740508,1,Black Versace Polo Bear Hoodie - front view - unisex wear Pakistan,false,,"Look no further for the perfect casual hoodie – Colorful Standard’s take on the modern classic is thoughtfully crafted for the best fit in soft organic cotton.
",,,,,,,,,,,,,,,,,,,,,,,,,,,,,,,,,,,,,,,,,https://cdn.shopify.com/s/files/1/0618/2368/0740/files/20_44395224-0c7a-4700-a2f2-3879bde2000e.png?v=1775740508,g,,0.00,true,,,draft
black-versace-polo-bear-hoodie,,,,,,,,,Small,,,Black,,,,,'10709718,700.0,,0,deny,manual,1599.00,0.00,true,false,,,,,'10709718,https://cdn.shopify.com/s/files/1/0618/2368/0740/files/20_44395224-0c7a-4700-a2f2-3879bde2000e.png?v=1775740508,2,Black Versace Polo Bear Hoodie - back view - unisex wear Pakistan,,,,,,,,,,,,,,,,,,,,,,,,,,,,,,,,,,,,,,,,,,,,https://cdn.shopify.com/s/files/1/0618/2368/0740/files/7_442c010d-281a-4eda-82db-a9a454e6debe.png?v=1775740508,g,,0.00,,,,
black-versace-polo-bear-hoodie,,,,,,,,,Small,,,Mustard,,,,,'10709719,700.0,,0,deny,manual,1599.00,0.00,true,false,,,,,'10709719,https://cdn.shopify.com/s/files/1/0618/2368/0740/files/7_442c010d-281a-4eda-82db-a9a454e6debe.png?v=1775740508,3,Black Versace Polo Bear Hoodie - side view - unisex wear Pakistan,,,,,,,,,,,,,,,,,,,,,,,,,,,,,,,,,,,,,,,,,,,,https://cdn.shopify.com/s/files/1/0618/2368/0740/files/33_1ef9bd35-b333-4477-89ad-8dd08eee135b.png?v=1775740508,g,,0.00,,,,
black-versace-polo-bear-hoodie,,,,,,,,,Small,,,Blue,,,,,'10709720,700.0,,0,deny,manual,1599.00,0.00,true,false,,,,,'10709720,https://cdn.shopify.com/s/files/1/0618/2368/0740/files/33_1ef9bd35-b333-4477-89ad-8dd08eee135b.png?v=1775740508,4,Black Versace Polo Bear Hoodie - detail shot - unisex wear Pakistan,,,,,,,,,,,,,,,,,,,,,,,,,,,,,,,,,,,,,,,,,,,,https://cdn.shopify.com/s/files/1/0618/2368/0740/files/80.png?v=1775740508,g,,0.00,,,,
black-versace-polo-bear-hoodie,,,,,,,,,Small,,,Cream,,,,,'10709721,700.0,,0,deny,manual,1599.00,0.00,true,false,,,,,'10709721,https://cdn.shopify.com/s/files/1/0618/2368/0740/files/44_4ffc8e51-534b-4a31-8ec4-2a506f6e9c7f.png?v=1730730095,5,Black Versace Polo Bear Hoodie - front view - unisex wear Pakistan,,,,,,,,,,,,,,,,,,,,,,,,,,,,,,,,,,,,,,,,,,,,https://cdn.shopify.com/s/files/1/0618/2368/0740/files/44_4ffc8e51-534b-4a31-8ec4-2a506f6e9c7f.png?v=1730730095,g,,0.00,,,,
black-versace-polo-bear-hoodie,,,,,,,,,Small,,,Silver,,,,,'10709722,700.0,,0,deny,manual,1599.00,0.00,true,false,,,,,'10709722,https://cdn.shopify.com/s/files/1/0618/2368/0740/files/36_4a1a1bc1-e8c1-4874-be76-46ccf4bd89f4.png?v=1730730152,6,Black Versace Polo Bear Hoodie - back view - unisex wear Pakistan,,,,,,,,,,,,,,,,,,,,,,,,,,,,,,,,,,,,,,,,,,,,https://cdn.shopify.com/s/files/1/0618/2368/0740/files/36_4a1a1bc1-e8c1-4874-be76-46ccf4bd89f4.png?v=1730730152,g,,0.00,,,,
black-versace-polo-bear-hoodie,,,,,,,,,Small,,,Rose Gold,,,,,'10709723,700.0,,0,deny,manual,1599.00,0.00,true,false,,,,,'10709723,https://cdn.shopify.com/s/files/1/0618/2368/0740/files/12_4692211a-0eea-49a4-b8b3-35ff62a5813b.png?v=1730730193,7,Black Versace Polo Bear Hoodie - side view - unisex wear Pakistan,,,,,,,,,,,,,,,,,,,,,,,,,,,,,,,,,,,,,,,,,,,,https://cdn.shopify.com/s/files/1/0618/2368/0740/files/12_4692211a-0eea-49a4-b8b3-35ff62a5813b.png?v=1730730193,g,,0.00,,,,
black-versace-polo-bear-hoodie,,,,,,,,,Small,,,Grey,,,,,'10709724,700.0,,0,deny,manual,1599.00,0.00,true,false,,,,,'10709724,https://cdn.shopify.com/s/files/1/0618/2368/0740/files/51_61add557-47e0-4f8e-bf5d-a8699aae3adb.png?v=1730730219,8,Black Versace Polo Bear Hoodie - detail shot - unisex wear Pakistan,,,,,,,,,,,,,,,,,,,,,,,,,,,,,,,,,,,,,,,,,,,,https://cdn.shopify.com/s/files/1/0618/2368/0740/files/51_61add557-47e0-4f8e-bf5d-a8699aae3adb.png?v=1730730219,g,,0.00,,,,
black-versace-polo-bear-hoodie,,,,,,,,,Small,,,Yellow,,,,,'10709725,700.0,,0,deny,manual,1599.00,0.00,true,false,,,,,'10709725,https://cdn.shopify.com/s/files/1/0618/2368/0740/files/4_53a707c5-b158-4183-85b7-030180a48a99.png?v=1730730255,9,Black Versace Polo Bear Hoodie - front view - unisex wear Pakistan,,,,,,,,,,,,,,,,,,,,,,,,,,,,,,,,,,,,,,,,,,,,https://cdn.shopify.com/s/files/1/0618/2368/0740/files/4_53a707c5-b158-4183-85b7-030180a48a99.png?v=1730730255,g,,0.00,,,,
black-versace-polo-bear-hoodie,,,,,,,,,Medium,,,Olive Green,,,,,'10709726,700.0,,0,deny,manual,1599.00,0.00,true,false,,,,,'10709726,https://cdn.shopify.com/s/files/1/0618/2368/0740/files/hoodiesizechart_a45ac5bf-8071-40de-a228-2ba01dd8674a.webp?v=1704116491,10,Black Versace Polo Bear Hoodie size chart - measurements guide,,,,,,,,,,,,,,,,,,,,,,,,,,,,,,,,,,,,,,,,,,,,https://cdn.shopify.com/s/files/1/0618/2368/0740/files/20_44395224-0c7a-4700-a2f2-3879bde2000e.png?v=1775740508,g,,0.00,,,,
black-versace-polo-bear-hoodie,,,,,,,,,Medium,,,Black,,,,,'10709727,700.0,,0,deny,manual,1599.00,0.00,true,false,,,,,'10709727,,,,,,,,,,,,,,,,,,,,,,,,,,,,,,,,,,,,,,,,,,,,,,,https://cdn.shopify.com/s/files/1/0618/2368/0740/files/7_442c010d-281a-4eda-82db-a9a454e6debe.png?v=1775740508,g,,0.00,,,,
black-versace-polo-bear-hoodie,,,,,,,,,Medium,,,Mustard,,,,,'10709728,700.0,,0,deny,manual,1599.00,0.00,true,false,,,,,'10709728,,,,,,,,,,,,,,,,,,,,,,,,,,,,,,,,,,,,,,,,,,,,,,,https://cdn.shopify.com/s/files/1/0618/2368/0740/files/33_1ef9bd35-b333-4477-89ad-8dd08eee135b.png?v=1775740508,g,,0.00,,,,
black-versace-polo-bear-hoodie,,,,,,,,,Medium,,,Blue,,,,,'10709729,700.0,,-1,deny,manual,1599.00,0.00,true,false,,,,,'10709729,,,,,,,,,,,,,,,,,,,,,,,,,,,,,,,,,,,,,,,,,,,,,,,https://cdn.shopify.com/s/files/1/0618/2368/0740/files/80.png?v=1775740508,g,,0.00,,,,
black-versace-polo-bear-hoodie,,,,,,,,,Medium,,,Cream,,,,,'10709730,700.0,,-2,deny,manual,1599.00,0.00,true,false,,,,,'10709730,,,,,,,,,,,,,,,,,,,,,,,,,,,,,,,,,,,,,,,,,,,,,,,https://cdn.shopify.com/s/files/1/0618/2368/0740/files/44_4ffc8e51-534b-4a31-8ec4-2a506f6e9c7f.png?v=1730730095,g,,0.00,,,,
black-versace-polo-bear-hoodie,,,,,,,,,Medium,,,Silver,,,,,'10709731,700.0,,0,deny,manual,1599.00,0.00,true,false,,,,,'10709731,,,,,,,,,,,,,,,,,,,,,,,,,,,,,,,,,,,,,,,,,,,,,,,https://cdn.shopify.com/s/files/1/0618/2368/0740/files/36_4a1a1bc1-e8c1-4874-be76-46ccf4bd89f4.png?v=1730730152,g,,0.00,,,,
black-versace-polo-bear-hoodie,,,,,,,,,Medium,,,Rose Gold,,,,,'10709732,700.0,,-1,deny,manual,1599.00,0.00,true,false,,,,,'10709732,,,,,,,,,,,,,,,,,,,,,,,,,,,,,,,,,,,,,,,,,,,,,,,https://cdn.shopify.com/s/files/1/0618/2368/0740/files/12_4692211a-0eea-49a4-b8b3-35ff62a5813b.png?v=1730730193,g,,0.00,,,,
black-versace-polo-bear-hoodie,,,,,,,,,Medium,,,Grey,,,,,'10709733,700.0,,-1,deny,manual,1599.00,0.00,true,false,,,,,'10709733,,,,,,,,,,,,,,,,,,,,,,,,,,,,,,,,,,,,,,,,,,,,,,,https://cdn.shopify.com/s/files/1/0618/2368/0740/files/51_61add557-47e0-4f8e-bf5d-a8699aae3adb.png?v=1730730219,g,,0.00,,,,
black-versace-polo-bear-hoodie,,,,,,,,,Medium,,,Yellow,,,,,'10709734,700.0,,0,deny,manual,1599.00,0.00,true,false,,,,,'10709734,,,,,,,,,,,,,,,,,,,,,,,,,,,,,,,,,,,,,,,,,,,,,,,https://cdn.shopify.com/s/files/1/0618/2368/0740/files/4_53a707c5-b158-4183-85b7-030180a48a99.png?v=1730730255,g,,0.00,,,,
black-versace-polo-bear-hoodie,,,,,,,,,Large,,,Olive Green,,,,,'10709735,700.0,,0,deny,manual,1599.00,0.00,true,false,,,,,'10709735,,,,,,,,,,,,,,,,,,,,,,,,,,,,,,,,,,,,,,,,,,,,,,,https://cdn.shopify.com/s/files/1/0618/2368/0740/files/20_44395224-0c7a-4700-a2f2-3879bde2000e.png?v=1775740508,g,,0.00,,,,
black-versace-polo-bear-hoodie,,,,,,,,,Large,,,Black,,,,,'10709736,700.0,,-2,deny,manual,1599.00,0.00,true,false,,,,,'10709736,,,,,,,,,,,,,,,,,,,,,,,,,,,,,,,,,,,,,,,,,,,,,,,https://cdn.shopify.com/s/files/1/0618/2368/0740/files/7_442c010d-281a-4eda-82db-a9a454e6debe.png?v=1775740508,g,,0.00,,,,
black-versace-polo-bear-hoodie,,,,,,,,,Large,,,Mustard,,,,,'10709737,700.0,,0,deny,manual,1599.00,0.00,true,false,,,,,'10709737,,,,,,,,,,,,,,,,,,,,,,,,,,,,,,,,,,,,,,,,,,,,,,,https://cdn.shopify.com/s/files/1/0618/2368/0740/files/33_1ef9bd35-b333-4477-89ad-8dd08eee135b.png?v=1775740508,g,,0.00,,,,
black-versace-polo-bear-hoodie,,,,,,,,,Large,,,Blue,,,,,'10709738,700.0,,0,deny,manual,1599.00,0.00,true,false,,,,,'10709738,,,,,,,,,,,,,,,,,,,,,,,,,,,,,,,,,,,,,,,,,,,,,,,https://cdn.shopify.com/s/files/1/0618/2368/0740/files/80.png?v=1775740508,g,,0.00,,,,
black-versace-polo-bear-hoodie,,,,,,,,,Large,,,Cream,,,,,'10709739,700.0,,-2,deny,manual,1599.00,0.00,true,false,,,,,'10709739,,,,,,,,,,,,,,,,,,,,,,,,,,,,,,,,,,,,,,,,,,,,,,,https://cdn.shopify.com/s/files/1/0618/2368/0740/files/44_4ffc8e51-534b-4a31-8ec4-2a506f6e9c7f.png?v=1730730095,g,,0.00,,,,
black-versace-polo-bear-hoodie,,,,,,,,,Large,,,Silver,,,,,'10709740,700.0,,0,deny,manual,1599.00,0.00,true,false,,,,,'10709740,,,,,,,,,,,,,,,,,,,,,,,,,,,,,,,,,,,,,,,,,,,,,,,https://cdn.shopify.com/s/files/1/0618/2368/0740/files/36_4a1a1bc1-e8c1-4874-be76-46ccf4bd89f4.png?v=1730730152,g,,0.00,,,,
black-versace-polo-bear-hoodie,,,,,,,,,Large,,,Rose Gold,,,,,'10709741,700.0,,0,deny,manual,1599.00,0.00,true,false,,,,,'10709741,,,,,,,,,,,,,,,,,,,,,,,,,,,,,,,,,,,,,,,,,,,,,,,https://cdn.shopify.com/s/files/1/0618/2368/0740/files/12_4692211a-0eea-49a4-b8b3-35ff62a5813b.png?v=1730730193,g,,0.00,,,,
black-versace-polo-bear-hoodie,,,,,,,,,Large,,,Grey,,,,,'10709742,700.0,,0,deny,manual,1599.00,0.00,true,false,,,,,'10709742,,,,,,,,,,,,,,,,,,,,,,,,,,,,,,,,,,,,,,,,,,,,,,,https://cdn.shopify.com/s/files/1/0618/2368/0740/files/51_61add557-47e0-4f8e-bf5d-a8699aae3adb.png?v=1730730219,g,,0.00,,,,
black-versace-polo-bear-hoodie,,,,,,,,,Large,,,Yellow,,,,,'10709743,700.0,,0,deny,manual,1599.00,0.00,true,false,,,,,'10709743,,,,,,,,,,,,,,,,,,,,,,,,,,,,,,,,,,,,,,,,,,,,,,,https://cdn.shopify.com/s/files/1/0618/2368/0740/files/4_53a707c5-b158-4183-85b7-030180a48a99.png?v=1730730255,g,,0.00,,,,
black-versace-polo-bear-hoodie,,,,,,,,,XL,,,Olive Green,,,,,'10709744,700.0,,-2,deny,manual,1699.00,0.00,true,false,,,,,'10709744,,,,,,,,,,,,,,,,,,,,,,,,,,,,,,,,,,,,,,,,,,,,,,,https://cdn.shopify.com/s/files/1/0618/2368/0740/files/20_44395224-0c7a-4700-a2f2-3879bde2000e.png?v=1775740508,g,,0.00,,,,
black-versace-polo-bear-hoodie,,,,,,,,,XL,,,Black,,,,,'10709745,700.0,,0,deny,manual,1699.00,0.00,true,false,,,,,'10709745,,,,,,,,,,,,,,,,,,,,,,,,,,,,,,,,,,,,,,,,,,,,,,,https://cdn.shopify.com/s/files/1/0618/2368/0740/files/7_442c010d-281a-4eda-82db-a9a454e6debe.png?v=1775740508,g,,0.00,,,,
black-versace-polo-bear-hoodie,,,,,,,,,XL,,,Mustard,,,,,'10709746,700.0,,0,deny,manual,1699.00,0.00,true,false,,,,,'10709746,,,,,,,,,,,,,,,,,,,,,,,,,,,,,,,,,,,,,,,,,,,,,,,https://cdn.shopify.com/s/files/1/0618/2368/0740/files/33_1ef9bd35-b333-4477-89ad-8dd08eee135b.png?v=1775740508,g,,0.00,,,,
black-versace-polo-bear-hoodie,,,,,,,,,XL,,,Blue,,,,,'10709747,700.0,,0,deny,manual,1699.00,0.00,true,false,,,,,'10709747,,,,,,,,,,,,,,,,,,,,,,,,,,,,,,,,,,,,,,,,,,,,,,,https://cdn.shopify.com/s/files/1/0618/2368/0740/files/80.png?v=1775740508,g,,0.00,,,,
black-versace-polo-bear-hoodie,,,,,,,,,XL,,,Cream,,,,,'10709748,700.0,,0,deny,manual,1699.00,0.00,true,false,,,,,'10709748,,,,,,,,,,,,,,,,,,,,,,,,,,,,,,,,,,,,,,,,,,,,,,,https://cdn.shopify.com/s/files/1/0618/2368/0740/files/44_4ffc8e51-534b-4a31-8ec4-2a506f6e9c7f.png?v=1730730095,g,,0.00,,,,
black-versace-polo-bear-hoodie,,,,,,,,,XL,,,Silver,,,,,'10709749,700.0,,0,deny,manual,1699.00,0.00,true,false,,,,,'10709749,,,,,,,,,,,,,,,,,,,,,,,,,,,,,,,,,,,,,,,,,,,,,,,https://cdn.shopify.com/s/files/1/0618/2368/0740/files/36_4a1a1bc1-e8c1-4874-be76-46ccf4bd89f4.png?v=1730730152,g,,0.00,,,,
black-versace-polo-bear-hoodie,,,,,,,,,XL,,,Rose Gold,,,,,'10709750,700.0,,0,deny,manual,1699.00,0.00,true,false,,,,,'10709750,,,,,,,,,,,,,,,,,,,,,,,,,,,,,,,,,,,,,,,,,,,,,,,https://cdn.shopify.com/s/files/1/0618/2368/0740/files/12_4692211a-0eea-49a4-b8b3-35ff62a5813b.png?v=1730730193,g,,0.00,,,,
black-versace-polo-bear-hoodie,,,,,,,,,XL,,,Grey,,,,,'10709751,700.0,,0,deny,manual,1699.00,0.00,true,false,,,,,'10709751,,,,,,,,,,,,,,,,,,,,,,,,,,,,,,,,,,,,,,,,,,,,,,,https://cdn.shopify.com/s/files/1/0618/2368/0740/files/51_61add557-47e0-4f8e-bf5d-a8699aae3adb.png?v=1730730219,g,,0.00,,,,
black-versace-polo-bear-hoodie,,,,,,,,,XL,,,Yellow,,,,,'10709752,700.0,,0,deny,manual,1699.00,0.00,true,false,,,,,'10709752,,,,,,,,,,,,,,,,,,,,,,,,,,,,,,,,,,,,,,,,,,,,,,,https://cdn.shopify.com/s/files/1/0618/2368/0740/files/4_53a707c5-b158-4183-85b7-030180a48a99.png?v=1730730255,g,,0.00,,,,
black-versace-polo-bear-hoodie,,,,,,,,,XXL,,,Olive Green,,,,,'10709753,700.0,,0,deny,manual,1799.00,0.00,true,false,,,,,'10709753,,,,,,,,,,,,,,,,,,,,,,,,,,,,,,,,,,,,,,,,,,,,,,,https://cdn.shopify.com/s/files/1/0618/2368/0740/files/20_44395224-0c7a-4700-a2f2-3879bde2000e.png?v=1775740508,g,,0.00,,,,
black-versace-polo-bear-hoodie,,,,,,,,,XXL,,,Black,,,,,'10709754,700.0,,-1,deny,manual,1799.00,0.00,true,false,,,,,'10709754,,,,,,,,,,,,,,,,,,,,,,,,,,,,,,,,,,,,,,,,,,,,,,,https://cdn.shopify.com/s/files/1/0618/2368/0740/files/7_442c010d-281a-4eda-82db-a9a454e6debe.png?v=1775740508,g,,0.00,,,,
black-versace-polo-bear-hoodie,,,,,,,,,XXL,,,Mustard,,,,,'10709755,700.0,,0,deny,manual,1799.00,0.00,true,false,,,,,'10709755,,,,,,,,,,,,,,,,,,,,,,,,,,,,,,,,,,,,,,,,,,,,,,,https://cdn.shopify.com/s/files/1/0618/2368/0740/files/33_1ef9bd35-b333-4477-89ad-8dd08eee135b.png?v=1775740508,g,,0.00,,,,
black-versace-polo-bear-hoodie,,,,,,,,,XXL,,,Blue,,,,,'10709756,700.0,,0,deny,manual,1799.00,0.00,true,false,,,,,'10709756,,,,,,,,,,,,,,,,,,,,,,,,,,,,,,,,,,,,,,,,,,,,,,,https://cdn.shopify.com/s/files/1/0618/2368/0740/files/80.png?v=1775740508,g,,0.00,,,,
black-versace-polo-bear-hoodie,,,,,,,,,XXL,,,Cream,,,,,'10709757,700.0,,0,deny,manual,1799.00,0.00,true,false,,,,,'10709757,,,,,,,,,,,,,,,,,,,,,,,,,,,,,,,,,,,,,,,,,,,,,,,https://cdn.shopify.com/s/files/1/0618/2368/0740/files/44_4ffc8e51-534b-4a31-8ec4-2a506f6e9c7f.png?v=1730730095,g,,0.00,,,,
black-versace-polo-bear-hoodie,,,,,,,,,XXL,,,Silver,,,,,'10709758,700.0,,0,deny,manual,1799.00,0.00,true,false,,,,,'10709758,,,,,,,,,,,,,,,,,,,,,,,,,,,,,,,,,,,,,,,,,,,,,,,https://cdn.shopify.com/s/files/1/0618/2368/0740/files/36_4a1a1bc1-e8c1-4874-be76-46ccf4bd89f4.png?v=1730730152,g,,0.00,,,,
black-versace-polo-bear-hoodie,,,,,,,,,XXL,,,Rose Gold,,,,,'10709759,700.0,,0,deny,manual,1799.00,0.00,true,false,,,,,'10709759,,,,,,,,,,,,,,,,,,,,,,,,,,,,,,,,,,,,,,,,,,,,,,,https://cdn.shopify.com/s/files/1/0618/2368/0740/files/12_4692211a-0eea-49a4-b8b3-35ff62a5813b.png?v=1730730193,g,,0.00,,,,
black-versace-polo-bear-hoodie,,,,,,,,,XXL,,,Grey,,,,,'10709760,700.0,,0,deny,manual,1799.00,0.00,true,false,,,,,'10709760,,,,,,,,,,,,,,,,,,,,,,,,,,,,,,,,,,,,,,,,,,,,,,,https://cdn.shopify.com/s/files/1/0618/2368/0740/files/51_61add557-47e0-4f8e-bf5d-a8699aae3adb.png?v=1730730219,g,,0.00,,,,
black-versace-polo-bear-hoodie,,,,,,,,,XXL,,,Yellow,,,,,'10706791,700.0,,0,deny,manual,1799.00,0.00,true,false,,,,,'10706791,,,,,,,,,,,,,,,,,,,,,,,,,,,,,,,,,,,,,,,,,,,,,,,https://cdn.shopify.com/s/files/1/0618/2368/0740/files/4_53a707c5-b158-4183-85b7-030180a48a99.png?v=1730730255,g,,0.00,,,,
black-football-bear-hoodie,Football Bear Hoodie,"<h4>Football Bear Hoodie</h4>
<p>Elevate your winter wardrobe with our Football Bear Hoodie! This bold and adventurous hoodie features a printed green Polo Bear on a sleek black background, perfect for making a statement. Stay warm and stylish with the added benefit of adjustable strings. Take a risk and stand out from the crowd in this must-have winter essential.</p>",BBG FASHION,Apparel & Accessories > Clothing > Clothing Tops > Hoodies,Adult Hoodie,"wintercollection, woo",false,Size,Small,,Color,Yellow,,,,,'10709673,700.0,,0,deny,manual,1599.00,0.00,true,false,,,,,'10709673,https://cdn.shopify.com/s/files/1/0618/2368/0740/files/5_c3e1e5d7-8320-4b0b-81a7-13ef4b75813a.png?v=1730732212,1,Black Football Bear Hoodie - front view - unisex wear Pakistan,false,,"Look no further for the perfect casual hoodie – Colorful Standard’s take on the modern classic is thoughtfully crafted for the best fit in soft organic cotton.
",,,,,,,,,,,,,,,,,,,,,,,,,,,,,,,,,,,,,,,,,https://cdn.shopify.com/s/files/1/0618/2368/0740/files/5_c3e1e5d7-8320-4b0b-81a7-13ef4b75813a.png?v=1730732212,g,,0.00,true,,,draft
black-football-bear-hoodie,,,,,,,,,Small,,,Black,,,,,'10709674,700.0,,0,deny,manual,1599.00,0.00,true,false,,,,,'10709674,https://cdn.shopify.com/s/files/1/0618/2368/0740/files/6_5e5fe6c0-fbd7-413f-b641-fa6142944906.png?v=1704116226,2,Black Football Bear Hoodie - back view - unisex wear Pakistan,,,,,,,,,,,,,,,,,,,,,,,,,,,,,,,,,,,,,,,,,,,,https://cdn.shopify.com/s/files/1/0618/2368/0740/files/6_5e5fe6c0-fbd7-413f-b641-fa6142944906.png?v=1704116226,g,,0.00,,,,
black-football-bear-hoodie,,,,,,,,,Small,,,Blue,,,,,'10709675,700.0,,0,deny,manual,1599.00,0.00,true,false,,,,,'10709675,https://cdn.shopify.com/s/files/1/0618/2368/0740/files/82.png?v=1704116302,3,Black Football Bear Hoodie - side view - unisex wear Pakistan,,,,,,,,,,,,,,,,,,,,,,,,,,,,,,,,,,,,,,,,,,,,https://cdn.shopify.com/s/files/1/0618/2368/0740/files/82.png?v=1704116302,g,,0.00,,,,
black-football-bear-hoodie,,,,,,,,,Small,,,Mustard,,,,,'10709676,700.0,,0,deny,manual,1599.00,0.00,true,false,,,,,'10709676,https://cdn.shopify.com/s/files/1/0618/2368/0740/files/31_c8f3e15f-adab-47af-bc4b-5fb821a2cb11.png?v=1704116284,4,Black Football Bear Hoodie - detail shot - unisex wear Pakistan,,,,,,,,,,,,,,,,,,,,,,,,,,,,,,,,,,,,,,,,,,,,https://cdn.shopify.com/s/files/1/0618/2368/0740/files/31_c8f3e15f-adab-47af-bc4b-5fb821a2cb11.png?v=1704116284,g,,0.00,,,,
black-football-bear-hoodie,,,,,,,,,Small,,,Rose Gold,,,,,'10709677,700.0,,0,deny,manual,1599.00,0.00,true,false,,,,,'10709677,https://cdn.shopify.com/s/files/1/0618/2368/0740/files/13_f0462c4f-3a6c-454c-893d-b77f80d87411.png?v=1730732036,5,Black Football Bear Hoodie - front view - unisex wear Pakistan,,,,,,,,,,,,,,,,,,,,,,,,,,,,,,,,,,,,,,,,,,,,https://cdn.shopify.com/s/files/1/0618/2368/0740/files/13_f0462c4f-3a6c-454c-893d-b77f80d87411.png?v=1730732036,g,,0.00,,,,
