Handle,Title,Body (HTML),Vendor,Product Category,Type,Tags,Published,Option1 Name,Option1 Value,Option1 Linked To,Option2 Name,Option2 Value,Option2 Linked To,Option3 Name,Option3 Value,Option3 Linked To,Variant SKU,Variant Grams,Variant Inventory Tracker,Variant Inventory Qty,Variant Inventory Policy,Variant Fulfillment Service,Variant Price,Variant Compare At Price,Variant Requires Shipping,Variant Taxable,Unit Price Total Measure,Unit Price Total Measure Unit,Unit Price Base Measure,Unit Price Base Measure Unit,Variant Barcode,Image Src,Image Position,Image Alt Text,Gift Card,SEO Title,SEO Description,Google Shopping / Google Product Category,Google Shopping / Gender,Google Shopping / Age Group,Google Shopping / MPN,Google Shopping / Condition,Google Shopping / Custom Product,Google Shopping / Custom Label 0,Google Shopping / Custom Label 1,Google Shopping / Custom Label 2,Google Shopping / Custom Label 3,Google Shopping / Custom Label 4,Google: Custom Product (product.metafields.mm-google-shopping.custom_product),Product rating count (product.metafields.reviews.rating_count),Activewear clothing features (product.metafields.shopify.activewear-clothing-features),Activity (product.metafields.shopify.activity),Age group (product.metafields.shopify.age-group),Baby/Toddler clothing features (product.metafields.shopify.baby-toddler-clothing-features),Baby/Toddler sleepwear style (product.metafields.shopify.baby-toddler-sleepwear-style),Care instructions (product.metafields.shopify.care-instructions),Clothing features (product.metafields.shopify.clothing-features),Color (product.metafields.shopify.color-pattern),Dress occasion (product.metafields.shopify.dress-occasion),Dress style (product.metafields.shopify.dress-style),Fabric (product.metafields.shopify.fabric),Fit (product.metafields.shopify.fit),Intimate apparel features (product.metafields.shopify.intimate-apparel-features),Neckline (product.metafields.shopify.neckline),One-piece style (product.metafields.shopify.one-piece-style),Outerwear clothing features (product.metafields.shopify.outerwear-clothing-features),Pants length type (product.metafields.shopify.pants-length-type),Size (product.metafields.shopify.size),Skirt/Dress length type (product.metafields.shopify.skirt-dress-length-type),Sleeve length type (product.metafields.shopify.sleeve-length-type),Target gender (product.metafields.shopify.target-gender),Top length type (product.metafields.shopify.top-length-type),Waist rise (product.metafields.shopify.waist-rise),Complementary products (product.metafields.shopify--discovery--product_recommendation.complementary_products),Related products (product.metafields.shopify--discovery--product_recommendation.related_products),Related products settings (product.metafields.shopify--discovery--product_recommendation.related_products_display),Search product boosts (product.metafields.shopify--discovery--product_search_boost.queries),Variant Image,Variant Weight Unit,Variant Tax Code,Cost per item,Included / Pakistan,Price / Pakistan,Compare At Price / Pakistan,Status
just-do-it-kids-t-shirt-copy,,,,,,,,,3-4 YRS,,,Black,,,,,'10713221,200.0,shopify,50,continue,manual,799.00,,true,true,,,,,'10713221,,,,,,,,,,,,,,,,,,,,,,,,,,,,,,,,,,,,,,,,,,,,,,,https://cdn.shopify.com/s/files/1/0618/2368/0740/files/12_1a8cf577-ce7e-4876-9d76-90566fcec81f.png?v=1719673278,kg,,,,,,
just-do-it-kids-t-shirt-copy,,,,,,,,,3-4 YRS,,,Mahroon,,,,,'10713222,200.0,shopify,50,continue,manual,799.00,,true,true,,,,,'10713222,,,,,,,,,,,,,,,,,,,,,,,,,,,,,,,,,,,,,,,,,,,,,,,https://cdn.shopify.com/s/files/1/0618/2368/0740/files/27_5a18eb76-59ba-4ffe-83a5-ff8d7ab7949c.png?v=1719673278,kg,,,,,,
just-do-it-kids-t-shirt-copy,,,,,,,,,3-4 YRS,,,Green,,,,,'10713223,200.0,shopify,150,continue,manual,799.00,,true,true,,,,,'10713223,,,,,,,,,,,,,,,,,,,,,,,,,,,,,,,,,,,,,,,,,,,,,,,https://cdn.shopify.com/s/files/1/0618/2368/0740/files/24_0353d2c5-d173-42ef-a623-a594a83d878d.png?v=1719673278,kg,,,,,,
just-do-it-kids-t-shirt-copy,,,,,,,,,3-4 YRS,,,Navy Blue,,,,,'10713224,200.0,shopify,150,continue,manual,799.00,,true,true,,,,,'10713224,,,,,,,,,,,,,,,,,,,,,,,,,,,,,,,,,,,,,,,,,,,,,,,https://cdn.shopify.com/s/files/1/0618/2368/0740/files/22_0008d88d-84f9-4288-aa52-108c03b487b2.png?v=1719673278,kg,,,,,,
just-do-it-kids-t-shirt-copy,,,,,,,,,3-4 YRS,,,Purple,,,,,'10713225,200.0,shopify,128,continue,manual,799.00,,true,true,,,,,'10713225,,,,,,,,,,,,,,,,,,,,,,,,,,,,,,,,,,,,,,,,,,,,,,,https://cdn.shopify.com/s/files/1/0618/2368/0740/files/32_5c057d3f-eaed-41c2-878e-7c77b1b8deb6.png?v=1719673278,kg,,,,,,
just-do-it-kids-t-shirt-copy,,,,,,,,,5-6 YRS,,,Beige,,,,,'10713226,200.0,shopify,150,continue,manual,799.00,,true,true,,,,,'10713226,,,,,,,,,,,,,,,,,,,,,,,,,,,,,,,,,,,,,,,,,,,,,,,https://cdn.shopify.com/s/files/1/0618/2368/0740/files/25_0dd1e0a4-83c7-49ab-94be-280533e3268a.png?v=1719669231,kg,,,,,,
just-do-it-kids-t-shirt-copy,,,,,,,,,5-6 YRS,,,Red,,,,,'10713227,200.0,shopify,50,continue,manual,799.00,,true,true,,,,,'10713227,,,,,,,,,,,,,,,,,,,,,,,,,,,,,,,,,,,,,,,,,,,,,,,https://cdn.shopify.com/s/files/1/0618/2368/0740/files/28_969015eb-39c0-43c5-b460-5e13614c6b42.png?v=1719673278,kg,,,,,,
just-do-it-kids-t-shirt-copy,,,,,,,,,5-6 YRS,,,Yellow,,,,,'10713228,200.0,shopify,50,continue,manual,799.00,,true,true,,,,,'10713228,,,,,,,,,,,,,,,,,,,,,,,,,,,,,,,,,,,,,,,,,,,,,,,https://cdn.shopify.com/s/files/1/0618/2368/0740/files/20_e6b13813-eddc-41cd-8450-0c0de035127f.png?v=1719673278,kg,,,,,,
just-do-it-kids-t-shirt-copy,,,,,,,,,5-6 YRS,,,Light Blue,,,,,'10713229,200.0,shopify,50,continue,manual,799.00,,true,true,,,,,'10713229,,,,,,,,,,,,,,,,,,,,,,,,,,,,,,,,,,,,,,,,,,,,,,,https://cdn.shopify.com/s/files/1/0618/2368/0740/files/21_0560153e-d168-4904-b581-1bfb5bbe6342.png?v=1719673278,kg,,,,,,
just-do-it-kids-t-shirt-copy,,,,,,,,,5-6 YRS,,,Grey,,,,,'10713230,200.0,shopify,50,continue,manual,799.00,,true,true,,,,,'10713230,,,,,,,,,,,,,,,,,,,,,,,,,,,,,,,,,,,,,,,,,,,,,,,https://cdn.shopify.com/s/files/1/0618/2368/0740/files/19_a9d9c5aa-8e0c-4ed2-bc9d-4d748df115ff.png?v=1719673278,kg,,,,,,
just-do-it-kids-t-shirt-copy,,,,,,,,,5-6 YRS,,,White,,,,,'10713231,200.0,shopify,50,continue,manual,799.00,,true,true,,,,,'10713231,,,,,,,,,,,,,,,,,,,,,,,,,,,,,,,,,,,,,,,,,,,,,,,https://cdn.shopify.com/s/files/1/0618/2368/0740/files/26_7b844d60-449e-47ae-b597-84ca6648c1b8.png?v=1719673278,kg,,,,,,
just-do-it-kids-t-shirt-copy,,,,,,,,,5-6 YRS,,,Pink,,,,,'10713232,200.0,shopify,50,continue,manual,799.00,,true,true,,,,,'10713232,,,,,,,,,,,,,,,,,,,,,,,,,,,,,,,,,,,,,,,,,,,,,,,https://cdn.shopify.com/s/files/1/0618/2368/0740/files/29_1e31f7b2-6ce2-4e1e-938f-0bf4a8cce590.png?v=1719673278,kg,,,,,,
just-do-it-kids-t-shirt-copy,,,,,,,,,5-6 YRS,,,Bottle green,,,,,'10713233,200.0,shopify,50,continue,manual,799.00,,true,true,,,,,'10713233,,,,,,,,,,,,,,,,,,,,,,,,,,,,,,,,,,,,,,,,,,,,,,,https://cdn.shopify.com/s/files/1/0618/2368/0740/files/23_a92a3f2d-880a-43e5-bf4f-2e3408df0b67.png?v=1719673278,kg,,,,,,
just-do-it-kids-t-shirt-copy,,,,,,,,,5-6 YRS,,,Orange,,,,,'10713234,200.0,shopify,50,continue,manual,799.00,,true,true,,,,,'10713234,,,,,,,,,,,,,,,,,,,,,,,,,,,,,,,,,,,,,,,,,,,,,,,https://cdn.shopify.com/s/files/1/0618/2368/0740/files/30_269bf323-eae8-4f3b-b5c6-c01a4a77fae3.png?v=1719673278,kg,,,,,,
just-do-it-kids-t-shirt-copy,,,,,,,,,5-6 YRS,,,Black,,,,,'10713235,200.0,shopify,50,continue,manual,799.00,,true,true,,,,,'10713235,,,,,,,,,,,,,,,,,,,,,,,,,,,,,,,,,,,,,,,,,,,,,,,https://cdn.shopify.com/s/files/1/0618/2368/0740/files/12_1a8cf577-ce7e-4876-9d76-90566fcec81f.png?v=1719673278,kg,,,,,,
just-do-it-kids-t-shirt-copy,,,,,,,,,5-6 YRS,,,Mahroon,,,,,'10713236,200.0,shopify,50,continue,manual,799.00,,true,true,,,,,'10713236,,,,,,,,,,,,,,,,,,,,,,,,,,,,,,,,,,,,,,,,,,,,,,,https://cdn.shopify.com/s/files/1/0618/2368/0740/files/27_5a18eb76-59ba-4ffe-83a5-ff8d7ab7949c.png?v=1719673278,kg,,,,,,
just-do-it-kids-t-shirt-copy,,,,,,,,,5-6 YRS,,,Green,,,,,'10713237,200.0,shopify,150,continue,manual,799.00,,true,true,,,,,'10713237,,,,,,,,,,,,,,,,,,,,,,,,,,,,,,,,,,,,,,,,,,,,,,,https://cdn.shopify.com/s/files/1/0618/2368/0740/files/24_0353d2c5-d173-42ef-a623-a594a83d878d.png?v=1719673278,kg,,,,,,
just-do-it-kids-t-shirt-copy,,,,,,,,,5-6 YRS,,,Navy Blue,,,,,'10713238,200.0,shopify,150,continue,manual,799.00,,true,true,,,,,'10713238,,,,,,,,,,,,,,,,,,,,,,,,,,,,,,,,,,,,,,,,,,,,,,,https://cdn.shopify.com/s/files/1/0618/2368/0740/files/22_0008d88d-84f9-4288-aa52-108c03b487b2.png?v=1719673278,kg,,,,,,
just-do-it-kids-t-shirt-copy,,,,,,,,,5-6 YRS,,,Purple,,,,,'10713239,200.0,shopify,128,continue,manual,799.00,,true,true,,,,,'10713239,,,,,,,,,,,,,,,,,,,,,,,,,,,,,,,,,,,,,,,,,,,,,,,https://cdn.shopify.com/s/files/1/0618/2368/0740/files/32_5c057d3f-eaed-41c2-878e-7c77b1b8deb6.png?v=1719673278,kg,,,,,,
just-do-it-kids-t-shirt-copy,,,,,,,,,7-8 YRS,,,Beige,,,,,'10713240,200.0,shopify,149,continue,manual,799.00,,true,true,,,,,'10713240,,,,,,,,,,,,,,,,,,,,,,,,,,,,,,,,,,,,,,,,,,,,,,,https://cdn.shopify.com/s/files/1/0618/2368/0740/files/25_0dd1e0a4-83c7-49ab-94be-280533e3268a.png?v=1719669231,kg,,,,,,
just-do-it-kids-t-shirt-copy,,,,,,,,,7-8 YRS,,,Red,,,,,'10713241,200.0,shopify,50,continue,manual,799.00,,true,true,,,,,'10713241,,,,,,,,,,,,,,,,,,,,,,,,,,,,,,,,,,,,,,,,,,,,,,,https://cdn.shopify.com/s/files/1/0618/2368/0740/files/28_969015eb-39c0-43c5-b460-5e13614c6b42.png?v=1719673278,kg,,,,,,
just-do-it-kids-t-shirt-copy,,,,,,,,,7-8 YRS,,,Yellow,,,,,'10713242,200.0,shopify,50,continue,manual,799.00,,true,true,,,,,'10713242,,,,,,,,,,,,,,,,,,,,,,,,,,,,,,,,,,,,,,,,,,,,,,,https://cdn.shopify.com/s/files/1/0618/2368/0740/files/20_e6b13813-eddc-41cd-8450-0c0de035127f.png?v=1719673278,kg,,,,,,
just-do-it-kids-t-shirt-copy,,,,,,,,,7-8 YRS,,,Light Blue,,,,,'10713243,200.0,shopify,50,continue,manual,799.00,,true,true,,,,,'10713243,,,,,,,,,,,,,,,,,,,,,,,,,,,,,,,,,,,,,,,,,,,,,,,https://cdn.shopify.com/s/files/1/0618/2368/0740/files/21_0560153e-d168-4904-b581-1bfb5bbe6342.png?v=1719673278,kg,,,,,,
just-do-it-kids-t-shirt-copy,,,,,,,,,7-8 YRS,,,Grey,,,,,'10713244,200.0,shopify,50,continue,manual,799.00,,true,true,,,,,'10713244,,,,,,,,,,,,,,,,,,,,,,,,,,,,,,,,,,,,,,,,,,,,,,,https://cdn.shopify.com/s/files/1/0618/2368/0740/files/19_a9d9c5aa-8e0c-4ed2-bc9d-4d748df115ff.png?v=1719673278,kg,,,,,,
just-do-it-kids-t-shirt-copy,,,,,,,,,7-8 YRS,,,White,,,,,'10713245,200.0,shopify,50,continue,manual,799.00,,true,true,,,,,'10713245,,,,,,,,,,,,,,,,,,,,,,,,,,,,,,,,,,,,,,,,,,,,,,,https://cdn.shopify.com/s/files/1/0618/2368/0740/files/26_7b844d60-449e-47ae-b597-84ca6648c1b8.png?v=1719673278,kg,,,,,,
just-do-it-kids-t-shirt-copy,,,,,,,,,7-8 YRS,,,Pink,,,,,'10713246,200.0,shopify,49,continue,manual,799.00,,true,true,,,,,'10713246,,,,,,,,,,,,,,,,,,,,,,,,,,,,,,,,,,,,,,,,,,,,,,,https://cdn.shopify.com/s/files/1/0618/2368/0740/files/29_1e31f7b2-6ce2-4e1e-938f-0bf4a8cce590.png?v=1719673278,kg,,,,,,
just-do-it-kids-t-shirt-copy,,,,,,,,,7-8 YRS,,,Bottle green,,,,,'10713247,200.0,shopify,50,continue,manual,799.00,,true,true,,,,,'10713247,,,,,,,,,,,,,,,,,,,,,,,,,,,,,,,,,,,,,,,,,,,,,,,https://cdn.shopify.com/s/files/1/0618/2368/0740/files/23_a92a3f2d-880a-43e5-bf4f-2e3408df0b67.png?v=1719673278,kg,,,,,,
just-do-it-kids-t-shirt-copy,,,,,,,,,7-8 YRS,,,Orange,,,,,'10713248,200.0,shopify,50,continue,manual,799.00,,true,true,,,,,'10713248,,,,,,,,,,,,,,,,,,,,,,,,,,,,,,,,,,,,,,,,,,,,,,,https://cdn.shopify.com/s/files/1/0618/2368/0740/files/30_269bf323-eae8-4f3b-b5c6-c01a4a77fae3.png?v=1719673278,kg,,,,,,
just-do-it-kids-t-shirt-copy,,,,,,,,,7-8 YRS,,,Black,,,,,'10713249,200.0,shopify,50,continue,manual,799.00,,true,true,,,,,'10713249,,,,,,,,,,,,,,,,,,,,,,,,,,,,,,,,,,,,,,,,,,,,,,,https://cdn.shopify.com/s/files/1/0618/2368/0740/files/12_1a8cf577-ce7e-4876-9d76-90566fcec81f.png?v=1719673278,kg,,,,,,
just-do-it-kids-t-shirt-copy,,,,,,,,,7-8 YRS,,,Mahroon,,,,,'10713250,200.0,shopify,50,continue,manual,799.00,,true,true,,,,,'10713250,,,,,,,,,,,,,,,,,,,,,,,,,,,,,,,,,,,,,,,,,,,,,,,https://cdn.shopify.com/s/files/1/0618/2368/0740/files/27_5a18eb76-59ba-4ffe-83a5-ff8d7ab7949c.png?v=1719673278,kg,,,,,,
just-do-it-kids-t-shirt-copy,,,,,,,,,7-8 YRS,,,Green,,,,,'10713251,200.0,shopify,150,continue,manual,799.00,,true,true,,,,,'10713251,,,,,,,,,,,,,,,,,,,,,,,,,,,,,,,,,,,,,,,,,,,,,,,https://cdn.shopify.com/s/files/1/0618/2368/0740/files/24_0353d2c5-d173-42ef-a623-a594a83d878d.png?v=1719673278,kg,,,,,,
just-do-it-kids-t-shirt-copy,,,,,,,,,7-8 YRS,,,Navy Blue,,,,,'10713252,200.0,shopify,150,continue,manual,799.00,,true,true,,,,,'10713252,,,,,,,,,,,,,,,,,,,,,,,,,,,,,,,,,,,,,,,,,,,,,,,https://cdn.shopify.com/s/files/1/0618/2368/0740/files/22_0008d88d-84f9-4288-aa52-108c03b487b2.png?v=1719673278,kg,,,,,,
just-do-it-kids-t-shirt-copy,,,,,,,,,7-8 YRS,,,Purple,,,,,'10713253,200.0,shopify,128,continue,manual,799.00,,true,true,,,,,'10713253,,,,,,,,,,,,,,,,,,,,,,,,,,,,,,,,,,,,,,,,,,,,,,,https://cdn.shopify.com/s/files/1/0618/2368/0740/files/32_5c057d3f-eaed-41c2-878e-7c77b1b8deb6.png?v=1719673278,kg,,,,,,
just-do-it-kids-t-shirt-copy,,,,,,,,,9-10 YRS,,,Beige,,,,,'10713254,200.0,shopify,150,continue,manual,899.00,,true,true,,,,,'10713254,,,,,,,,,,,,,,,,,,,,,,,,,,,,,,,,,,,,,,,,,,,,,,,https://cdn.shopify.com/s/files/1/0618/2368/0740/files/25_0dd1e0a4-83c7-49ab-94be-280533e3268a.png?v=1719669231,kg,,,,,,
just-do-it-kids-t-shirt-copy,,,,,,,,,9-10 YRS,,,Red,,,,,'10713255,200.0,shopify,50,continue,manual,899.00,,true,true,,,,,'10713255,,,,,,,,,,,,,,,,,,,,,,,,,,,,,,,,,,,,,,,,,,,,,,,https://cdn.shopify.com/s/files/1/0618/2368/0740/files/28_969015eb-39c0-43c5-b460-5e13614c6b42.png?v=1719673278,kg,,,,,,
just-do-it-kids-t-shirt-copy,,,,,,,,,9-10 YRS,,,Yellow,,,,,'10713256,200.0,shopify,50,continue,manual,899.00,,true,true,,,,,'10713256,,,,,,,,,,,,,,,,,,,,,,,,,,,,,,,,,,,,,,,,,,,,,,,https://cdn.shopify.com/s/files/1/0618/2368/0740/files/20_e6b13813-eddc-41cd-8450-0c0de035127f.png?v=1719673278,kg,,,,,,
just-do-it-kids-t-shirt-copy,,,,,,,,,9-10 YRS,,,Light Blue,,,,,'10713257,200.0,shopify,48,continue,manual,899.00,,true,true,,,,,'10713257,,,,,,,,,,,,,,,,,,,,,,,,,,,,,,,,,,,,,,,,,,,,,,,https://cdn.shopify.com/s/files/1/0618/2368/0740/files/21_0560153e-d168-4904-b581-1bfb5bbe6342.png?v=1719673278,kg,,,,,,
just-do-it-kids-t-shirt-copy,,,,,,,,,9-10 YRS,,,Grey,,,,,'10713258,200.0,shopify,50,continue,manual,899.00,,true,true,,,,,'10713258,,,,,,,,,,,,,,,,,,,,,,,,,,,,,,,,,,,,,,,,,,,,,,,https://cdn.shopify.com/s/files/1/0618/2368/0740/files/19_a9d9c5aa-8e0c-4ed2-bc9d-4d748df115ff.png?v=1719673278,kg,,,,,,
just-do-it-kids-t-shirt-copy,,,,,,,,,9-10 YRS,,,White,,,,,'10713259,200.0,shopify,50,continue,manual,899.00,,true,true,,,,,'10713259,,,,,,,,,,,,,,,,,,,,,,,,,,,,,,,,,,,,,,,,,,,,,,,https://cdn.shopify.com/s/files/1/0618/2368/0740/files/26_7b844d60-449e-47ae-b597-84ca6648c1b8.png?v=1719673278,kg,,,,,,
just-do-it-kids-t-shirt-copy,,,,,,,,,9-10 YRS,,,Pink,,,,,'10713260,200.0,shopify,50,continue,manual,899.00,,true,true,,,,,'10713260,,,,,,,,,,,,,,,,,,,,,,,,,,,,,,,,,,,,,,,,,,,,,,,https://cdn.shopify.com/s/files/1/0618/2368/0740/files/29_1e31f7b2-6ce2-4e1e-938f-0bf4a8cce590.png?v=1719673278,kg,,,,,,
just-do-it-kids-t-shirt-copy,,,,,,,,,9-10 YRS,,,Bottle green,,,,,'10713261,200.0,shopify,50,continue,manual,899.00,,true,true,,,,,'10713261,,,,,,,,,,,,,,,,,,,,,,,,,,,,,,,,,,,,,,,,,,,,,,,https://cdn.shopify.com/s/files/1/0618/2368/0740/files/23_a92a3f2d-880a-43e5-bf4f-2e3408df0b67.png?v=1719673278,kg,,,,,,
just-do-it-kids-t-shirt-copy,,,,,,,,,9-10 YRS,,,Orange,,,,,'10713262,200.0,shopify,50,continue,manual,899.00,,true,true,,,,,'10713262,,,,,,,,,,,,,,,,,,,,,,,,,,,,,,,,,,,,,,,,,,,,,,,https://cdn.shopify.com/s/files/1/0618/2368/0740/files/30_269bf323-eae8-4f3b-b5c6-c01a4a77fae3.png?v=1719673278,kg,,,,,,
just-do-it-kids-t-shirt-copy,,,,,,,,,9-10 YRS,,,Black,,,,,'10713263,200.0,shopify,50,continue,manual,899.00,,true,true,,,,,'10713263,,,,,,,,,,,,,,,,,,,,,,,,,,,,,,,,,,,,,,,,,,,,,,,https://cdn.shopify.com/s/files/1/0618/2368/0740/files/12_1a8cf577-ce7e-4876-9d76-90566fcec81f.png?v=1719673278,kg,,,,,,
just-do-it-kids-t-shirt-copy,,,,,,,,,9-10 YRS,,,Mahroon,,,,,'10713264,200.0,shopify,50,continue,manual,899.00,,true,true,,,,,'10713264,,,,,,,,,,,,,,,,,,,,,,,,,,,,,,,,,,,,,,,,,,,,,,,https://cdn.shopify.com/s/files/1/0618/2368/0740/files/27_5a18eb76-59ba-4ffe-83a5-ff8d7ab7949c.png?v=1719673278,kg,,,,,,
just-do-it-kids-t-shirt-copy,,,,,,,,,9-10 YRS,,,Green,,,,,'10713265,200.0,shopify,150,continue,manual,899.00,,true,true,,,,,'10713265,,,,,,,,,,,,,,,,,,,,,,,,,,,,,,,,,,,,,,,,,,,,,,,https://cdn.shopify.com/s/files/1/0618/2368/0740/files/24_0353d2c5-d173-42ef-a623-a594a83d878d.png?v=1719673278,kg,,,,,,
just-do-it-kids-t-shirt-copy,,,,,,,,,9-10 YRS,,,Navy Blue,,,,,'10713266,200.0,shopify,150,continue,manual,899.00,,true,true,,,,,'10713266,,,,,,,,,,,,,,,,,,,,,,,,,,,,,,,,,,,,,,,,,,,,,,,https://cdn.shopify.com/s/files/1/0618/2368/0740/files/22_0008d88d-84f9-4288-aa52-108c03b487b2.png?v=1719673278,kg,,,,,,
just-do-it-kids-t-shirt-copy,,,,,,,,,9-10 YRS,,,Purple,,,,,'10713267,200.0,shopify,128,continue,manual,899.00,,true,true,,,,,'10713267,,,,,,,,,,,,,,,,,,,,,,,,,,,,,,,,,,,,,,,,,,,,,,,https://cdn.shopify.com/s/files/1/0618/2368/0740/files/32_5c057d3f-eaed-41c2-878e-7c77b1b8deb6.png?v=1719673278,kg,,,,,,
just-do-it-kids-t-shirt-copy,,,,,,,,,11-12 YRS,,,Beige,,,,,'10713268,200.0,shopify,150,continue,manual,899.00,,true,true,,,,,'10713268,,,,,,,,,,,,,,,,,,,,,,,,,,,,,,,,,,,,,,,,,,,,,,,https://cdn.shopify.com/s/files/1/0618/2368/0740/files/25_0dd1e0a4-83c7-49ab-94be-280533e3268a.png?v=1719669231,kg,,,,,,
just-do-it-kids-t-shirt-copy,,,,,,,,,11-12 YRS,,,Red,,,,,'10713269,200.0,shopify,50,continue,manual,899.00,,true,true,,,,,'10713269,,,,,,,,,,,,,,,,,,,,,,,,,,,,,,,,,,,,,,,,,,,,,,,https://cdn.shopify.com/s/files/1/0618/2368/0740/files/28_969015eb-39c0-43c5-b460-5e13614c6b42.png?v=1719673278,kg,,,,,,
just-do-it-kids-t-shirt-copy,,,,,,,,,11-12 YRS,,,Yellow,,,,,'10713270,200.0,shopify,50,continue,manual,899.00,,true,true,,,,,'10713270,,,,,,,,,,,,,,,,,,,,,,,,,,,,,,,,,,,,,,,,,,,,,,,https://cdn.shopify.com/s/files/1/0618/2368/0740/files/20_e6b13813-eddc-41cd-8450-0c0de035127f.png?v=1719673278,kg,,,,,,
just-do-it-kids-t-shirt-copy,,,,,,,,,11-12 YRS,,,Light Blue,,,,,'10713271,200.0,shopify,50,continue,manual,899.00,,true,true,,,,,'10713271,,,,,,,,,,,,,,,,,,,,,,,,,,,,,,,,,,,,,,,,,,,,,,,https://cdn.shopify.com/s/files/1/0618/2368/0740/files/21_0560153e-d168-4904-b581-1bfb5bbe6342.png?v=1719673278,kg,,,,,,
just-do-it-kids-t-shirt-copy,,,,,,,,,11-12 YRS,,,Grey,,,,,'10713272,200.0,shopify,50,continue,manual,899.00,,true,true,,,,,'10713272,,,,,,,,,,,,,,,,,,,,,,,,,,,,,,,,,,,,,,,,,,,,,,,https://cdn.shopify.com/s/files/1/0618/2368/0740/files/19_a9d9c5aa-8e0c-4ed2-bc9d-4d748df115ff.png?v=1719673278,kg,,,,,,
just-do-it-kids-t-shirt-copy,,,,,,,,,11-12 YRS,,,White,,,,,'10713273,200.0,shopify,50,continue,manual,899.00,,true,true,,,,,'10713273,,,,,,,,,,,,,,,,,,,,,,,,,,,,,,,,,,,,,,,,,,,,,,,https://cdn.shopify.com/s/files/1/0618/2368/0740/files/26_7b844d60-449e-47ae-b597-84ca6648c1b8.png?v=1719673278,kg,,,,,,
just-do-it-kids-t-shirt-copy,,,,,,,,,11-12 YRS,,,Pink,,,,,'10713274,200.0,shopify,50,continue,manual,899.00,0.00,true,true,,,,,'10713274,,,,,,,,,,,,,,,,,,,,,,,,,,,,,,,,,,,,,,,,,,,,,,,https://cdn.shopify.com/s/files/1/0618/2368/0740/files/29_1e31f7b2-6ce2-4e1e-938f-0bf4a8cce590.png?v=1719673278,kg,,,,,,
just-do-it-kids-t-shirt-copy,,,,,,,,,11-12 YRS,,,Bottle green,,,,,'10713275,200.0,shopify,50,continue,manual,899.00,,true,true,,,,,'10713275,,,,,,,,,,,,,,,,,,,,,,,,,,,,,,,,,,,,,,,,,,,,,,,https://cdn.shopify.com/s/files/1/0618/2368/0740/files/23_a92a3f2d-880a-43e5-bf4f-2e3408df0b67.png?v=1719673278,kg,,,,,,
just-do-it-kids-t-shirt-copy,,,,,,,,,11-12 YRS,,,Orange,,,,,'10713276,200.0,shopify,50,continue,manual,899.00,,true,true,,,,,'10713276,,,,,,,,,,,,,,,,,,,,,,,,,,,,,,,,,,,,,,,,,,,,,,,https://cdn.shopify.com/s/files/1/0618/2368/0740/files/30_269bf323-eae8-4f3b-b5c6-c01a4a77fae3.png?v=1719673278,kg,,,,,,
just-do-it-kids-t-shirt-copy,,,,,,,,,11-12 YRS,,,Black,,,,,'10713277,200.0,shopify,50,continue,manual,899.00,,true,true,,,,,'10713277,,,,,,,,,,,,,,,,,,,,,,,,,,,,,,,,,,,,,,,,,,,,,,,https://cdn.shopify.com/s/files/1/0618/2368/0740/files/12_1a8cf577-ce7e-4876-9d76-90566fcec81f.png?v=1719673278,kg,,,,,,
just-do-it-kids-t-shirt-copy,,,,,,,,,11-12 YRS,,,Mahroon,,,,,'10713278,200.0,shopify,50,continue,manual,899.00,,true,true,,,,,'10713278,,,,,,,,,,,,,,,,,,,,,,,,,,,,,,,,,,,,,,,,,,,,,,,https://cdn.shopify.com/s/files/1/0618/2368/0740/files/27_5a18eb76-59ba-4ffe-83a5-ff8d7ab7949c.png?v=1719673278,kg,,,,,,
just-do-it-kids-t-shirt-copy,,,,,,,,,11-12 YRS,,,Green,,,,,'10713279,200.0,shopify,150,continue,manual,899.00,,true,true,,,,,'10713279,,,,,,,,,,,,,,,,,,,,,,,,,,,,,,,,,,,,,,,,,,,,,,,https://cdn.shopify.com/s/files/1/0618/2368/0740/files/24_0353d2c5-d173-42ef-a623-a594a83d878d.png?v=1719673278,kg,,,,,,
just-do-it-kids-t-shirt-copy,,,,,,,,,11-12 YRS,,,Navy Blue,,,,,'10713280,200.0,shopify,150,continue,manual,899.00,,true,true,,,,,'10713280,,,,,,,,,,,,,,,,,,,,,,,,,,,,,,,,,,,,,,,,,,,,,,,https://cdn.shopify.com/s/files/1/0618/2368/0740/files/22_0008d88d-84f9-4288-aa52-108c03b487b2.png?v=1719673278,kg,,,,,,
just-do-it-kids-t-shirt-copy,,,,,,,,,11-12 YRS,,,Purple,,,,,'10713281,200.0,shopify,128,continue,manual,899.00,,true,true,,,,,'10713281,,,,,,,,,,,,,,,,,,,,,,,,,,,,,,,,,,,,,,,,,,,,,,,https://cdn.shopify.com/s/files/1/0618/2368/0740/files/32_5c057d3f-eaed-41c2-878e-7c77b1b8deb6.png?v=1719673278,kg,,,,,,
just-do-it-kids-t-shirt-copy,,,,,,,,,13-14 YRS,,,Beige,,,,,'10713282,200.0,shopify,100,continue,manual,999.00,,true,true,,,,,'10713282,,,,,,,,,,,,,,,,,,,,,,,,,,,,,,,,,,,,,,,,,,,,,,,https://cdn.shopify.com/s/files/1/0618/2368/0740/files/25_0dd1e0a4-83c7-49ab-94be-280533e3268a.png?v=1719669231,kg,,,,,,
just-do-it-kids-t-shirt-copy,,,,,,,,,13-14 YRS,,,Red,,,,,'10713283,200.0,shopify,100,continue,manual,999.00,,true,true,,,,,'10713283,,,,,,,,,,,,,,,,,,,,,,,,,,,,,,,,,,,,,,,,,,,,,,,https://cdn.shopify.com/s/files/1/0618/2368/0740/files/25_0dd1e0a4-83c7-49ab-94be-280533e3268a.png?v=1719669231,kg,,,,,,
just-do-it-kids-t-shirt-copy,,,,,,,,,13-14 YRS,,,Yellow,,,,,'10713284,200.0,shopify,100,continue,manual,999.00,,true,true,,,,,'10713284,,,,,,,,,,,,,,,,,,,,,,,,,,,,,,,,,,,,,,,,,,,,,,,https://cdn.shopify.com/s/files/1/0618/2368/0740/files/25_0dd1e0a4-83c7-49ab-94be-280533e3268a.png?v=1719669231,kg,,,,,,
just-do-it-kids-t-shirt-copy,,,,,,,,,13-14 YRS,,,Light Blue,,,,,'10713285,200.0,shopify,100,continue,manual,999.00,,true,true,,,,,'10713285,,,,,,,,,,,,,,,,,,,,,,,,,,,,,,,,,,,,,,,,,,,,,,,https://cdn.shopify.com/s/files/1/0618/2368/0740/files/25_0dd1e0a4-83c7-49ab-94be-280533e3268a.png?v=1719669231,kg,,,,,,
just-do-it-kids-t-shirt-copy,,,,,,,,,13-14 YRS,,,Grey,,,,,'10713286,200.0,shopify,100,continue,manual,999.00,,true,true,,,,,'10713286,,,,,,,,,,,,,,,,,,,,,,,,,,,,,,,,,,,,,,,,,,,,,,,https://cdn.shopify.com/s/files/1/0618/2368/0740/files/25_0dd1e0a4-83c7-49ab-94be-280533e3268a.png?v=1719669231,kg,,,,,,
just-do-it-kids-t-shirt-copy,,,,,,,,,13-14 YRS,,,White,,,,,'10713287,200.0,shopify,100,continue,manual,999.00,,true,true,,,,,'10713287,,,,,,,,,,,,,,,,,,,,,,,,,,,,,,,,,,,,,,,,,,,,,,,https://cdn.shopify.com/s/files/1/0618/2368/0740/files/25_0dd1e0a4-83c7-49ab-94be-280533e3268a.png?v=1719669231,kg,,,,,,
just-do-it-kids-t-shirt-copy,,,,,,,,,13-14 YRS,,,Pink,,,,,'10713288,200.0,shopify,100,continue,manual,999.00,,true,true,,,,,'10713288,,,,,,,,,,,,,,,,,,,,,,,,,,,,,,,,,,,,,,,,,,,,,,,https://cdn.shopify.com/s/files/1/0618/2368/0740/files/25_0dd1e0a4-83c7-49ab-94be-280533e3268a.png?v=1719669231,kg,,,,,,
just-do-it-kids-t-shirt-copy,,,,,,,,,13-14 YRS,,,Bottle green,,,,,'10713289,200.0,shopify,100,continue,manual,999.00,,true,true,,,,,'10713289,,,,,,,,,,,,,,,,,,,,,,,,,,,,,,,,,,,,,,,,,,,,,,,https://cdn.shopify.com/s/files/1/0618/2368/0740/files/25_0dd1e0a4-83c7-49ab-94be-280533e3268a.png?v=1719669231,kg,,,,,,
just-do-it-kids-t-shirt-copy,,,,,,,,,13-14 YRS,,,Orange,,,,,'10713290,200.0,shopify,100,continue,manual,999.00,,true,true,,,,,'10713290,,,,,,,,,,,,,,,,,,,,,,,,,,,,,,,,,,,,,,,,,,,,,,,https://cdn.shopify.com/s/files/1/0618/2368/0740/files/25_0dd1e0a4-83c7-49ab-94be-280533e3268a.png?v=1719669231,kg,,,,,,
just-do-it-kids-t-shirt-copy,,,,,,,,,13-14 YRS,,,Black,,,,,'10713291,200.0,shopify,100,continue,manual,999.00,,true,true,,,,,'10713291,,,,,,,,,,,,,,,,,,,,,,,,,,,,,,,,,,,,,,,,,,,,,,,https://cdn.shopify.com/s/files/1/0618/2368/0740/files/25_0dd1e0a4-83c7-49ab-94be-280533e3268a.png?v=1719669231,kg,,,,,,
just-do-it-kids-t-shirt-copy,,,,,,,,,13-14 YRS,,,Mahroon,,,,,'10713292,200.0,shopify,100,continue,manual,999.00,,true,true,,,,,'10713292,,,,,,,,,,,,,,,,,,,,,,,,,,,,,,,,,,,,,,,,,,,,,,,https://cdn.shopify.com/s/files/1/0618/2368/0740/files/25_0dd1e0a4-83c7-49ab-94be-280533e3268a.png?v=1719669231,kg,,,,,,
just-do-it-kids-t-shirt-copy,,,,,,,,,13-14 YRS,,,Green,,,,,'10713293,200.0,shopify,100,continue,manual,999.00,,true,true,,,,,'10713293,,,,,,,,,,,,,,,,,,,,,,,,,,,,,,,,,,,,,,,,,,,,,,,https://cdn.shopify.com/s/files/1/0618/2368/0740/files/25_0dd1e0a4-83c7-49ab-94be-280533e3268a.png?v=1719669231,kg,,,,,,
just-do-it-kids-t-shirt-copy,,,,,,,,,13-14 YRS,,,Navy Blue,,,,,'10713294,200.0,shopify,100,continue,manual,999.00,,true,true,,,,,'10713294,,,,,,,,,,,,,,,,,,,,,,,,,,,,,,,,,,,,,,,,,,,,,,,https://cdn.shopify.com/s/files/1/0618/2368/0740/files/25_0dd1e0a4-83c7-49ab-94be-280533e3268a.png?v=1719669231,kg,,,,,,
just-do-it-kids-t-shirt-copy,,,,,,,,,13-14 YRS,,,Purple,,,,,'10706877,200.0,shopify,100,continue,manual,999.00,,true,true,,,,,'10706877,,,,,,,,,,,,,,,,,,,,,,,,,,,,,,,,,,,,,,,,,,,,,,,https://cdn.shopify.com/s/files/1/0618/2368/0740/files/25_0dd1e0a4-83c7-49ab-94be-280533e3268a.png?v=1719669231,kg,,,,,,
jordan-23-kids-t-shirt-copy,JUST DO IT KIDS T SHIRT,"<h4>JUST DO IT KIDS T SHIRT</h4>
<div>Fabric: Soft High-Quality Jersey</div>
<div>Short Sleeve T-Shirt</div>
<div>Round Neck</div>
<div>High Quality DTF Printed </div>
<div>Soft and Comfortable Wear</div>
<div>Easy Wash &amp; Press</div>
<div>Sizes 1-14 years </div>
<div><span>Disclaimer: Colors may vary slightly due to studio lights. </span></div>",BBG FASHION,Apparel & Accessories > Clothing > Clothing Tops > T-Shirts,kids T-Shirts,kids T-Shirts,false,Size,1-2 YRS,,Color,Red,,,,,'10713101,200.0,shopify,50,continue,manual,799.00,,true,true,,,,,'10713101,https://cdn.shopify.com/s/files/1/0618/2368/0740/files/32_fdc20970-22b2-4c10-89a0-9ded74cbd5d5.png?v=1719669197,1,Jordan 23 Kids T Shirt Copy - front view - kids wear Pakistan,false,,,212,,,,,,,,,,,,,,,,,,,,,,,,,,,,,,,,,,,,,,,,https://cdn.shopify.com/s/files/1/0618/2368/0740/files/32_fdc20970-22b2-4c10-89a0-9ded74cbd5d5.png?v=1719669197,kg,,,true,,,draft
jordan-23-kids-t-shirt-copy,,,,,,,,,1-2 YRS,,,Yellow,,,,,'10713102,200.0,shopify,50,continue,manual,799.00,,true,true,,,,,'10713102,https://cdn.shopify.com/s/files/1/0618/2368/0740/files/bbg_52c11d4e-abc8-46fd-bf9e-e6c4bd11aaf9.png?v=1719669638,2,Unicorn T Shirt For Kids Copy - back view - kids wear Pakistan,,,,,,,,,,,,,,,,,,,,,,,,,,,,,,,,,,,,,,,,,,,,https://cdn.shopify.com/s/files/1/0618/2368/0740/files/24_268fe0b6-22a7-41a9-9745-157f3c3f4af4.png?v=1719670718,kg,,,,,,
jordan-23-kids-t-shirt-copy,,,,,,,,,1-2 YRS,,,Light Blue,,,,,'10713103,200.0,shopify,49,continue,manual,799.00,,true,true,,,,,'10713103,https://cdn.shopify.com/s/files/1/0618/2368/0740/files/16_e214fbb6-cd1a-4def-b05d-6e5bdaede281.png?v=1719670718,3,Jordan 23 Kids T Shirt Copy - side view - kids wear Pakistan,,,,,,,,,,,,,,,,,,,,,,,,,,,,,,,,,,,,,,,,,,,,https://cdn.shopify.com/s/files/1/0618/2368/0740/files/25_82e58584-3e00-448b-ad1a-8863acb5b596.png?v=1719670718,kg,,,,,,
jordan-23-kids-t-shirt-copy,,,,,,,,,1-2 YRS,,,Grey,,,,,'10713104,200.0,shopify,50,continue,manual,799.00,,true,true,,,,,'10713104,https://cdn.shopify.com/s/files/1/0618/2368/0740/files/23_0b0353f9-417c-41e3-a957-0a6ac37018c1.png?v=1719670718,4,Jordan 23 Kids T Shirt Copy - detail shot - kids wear Pakistan,,,,,,,,,,,,,,,,,,,,,,,,,,,,,,,,,,,,,,,,,,,,https://cdn.shopify.com/s/files/1/0618/2368/0740/files/23_185fcdc3-052e-47d7-88ae-28b75b2bf37b.png?v=1719670718,kg,,,,,,
jordan-23-kids-t-shirt-copy,,,,,,,,,1-2 YRS,,,Beige,,,,,'10713105,200.0,shopify,150,continue,manual,799.00,,true,true,,,,,'10713105,https://cdn.shopify.com/s/files/1/0618/2368/0740/files/24_5247a162-fcfd-4910-aab1-587986f48a2f.png?v=1719670718,5,Jordan 23 Kids T Shirt Copy - front view - kids wear Pakistan,,,,,,,,,,,,,,,,,,,,,,,,,,,,,,,,,,,,,,,,,,,,https://cdn.shopify.com/s/files/1/0618/2368/0740/files/29_c72767ea-c7f2-4bd7-87ee-704c0b361f50.png?v=1719670718,kg,,,,,,
jordan-23-kids-t-shirt-copy,,,,,,,,,1-2 YRS,,,White,,,,,'10713106,200.0,shopify,50,continue,manual,799.00,,true,true,,,,,'10713106,https://cdn.shopify.com/s/files/1/0618/2368/0740/files/25_82e58584-3e00-448b-ad1a-8863acb5b596.png?v=1719670718,6,Jordan 23 Kids T Shirt Copy - back view - kids wear Pakistan,,,,,,,,,,,,,,,,,,,,,,,,,,,,,,,,,,,,,,,,,,,,https://cdn.shopify.com/s/files/1/0618/2368/0740/files/30_e7d9cca6-1e07-48ed-a6dc-85546b15a265.png?v=1719670718,kg,,,,,,
jordan-23-kids-t-shirt-copy,,,,,,,,,1-2 YRS,,,Pink,,,,,'10713107,200.0,shopify,50,continue,manual,799.00,,true,true,,,,,'10713107,https://cdn.shopify.com/s/files/1/0618/2368/0740/files/26_c4b76f33-9c07-4c59-adab-44446634c8c8.png?v=1719670718,7,Jordan 23 Kids T Shirt Copy - side view - kids wear Pakistan,,,,,,,,,,,,,,,,,,,,,,,,,,,,,,,,,,,,,,,,,,,,https://cdn.shopify.com/s/files/1/0618/2368/0740/files/33_89e90e7b-e63b-4837-8fa6-4d73956870db.png?v=1719670718,kg,,,,,,
jordan-23-kids-t-shirt-copy,,,,,,,,,1-2 YRS,,,Bottle green,,,,,'10713108,200.0,shopify,50,continue,manual,799.00,,true,true,,,,,'10713108,https://cdn.shopify.com/s/files/1/0618/2368/0740/files/27_a1141e1a-3988-4776-9e61-f08c4def88cc.png?v=1719670718,8,Jordan 23 Kids T Shirt Copy - detail shot - kids wear Pakistan,,,,,,,,,,,,,,,,,,,,,,,,,,,,,,,,,,,,,,,,,,,,https://cdn.shopify.com/s/files/1/0618/2368/0740/files/27_a1141e1a-3988-4776-9e61-f08c4def88cc.png?v=1719670718,kg,,,,,,
jordan-23-kids-t-shirt-copy,,,,,,,,,1-2 YRS,,,Orange,,,,,'10713109,200.0,shopify,50,continue,manual,799.00,,true,true,,,,,'10713109,https://cdn.shopify.com/s/files/1/0618/2368/0740/files/28_b2f09546-bcda-4ce6-a993-3efa342c7fe9.png?v=1719670718,9,Jordan 23 Kids T Shirt Copy - front view - kids wear Pakistan,,,,,,,,,,,,,,,,,,,,,,,,,,,,,,,,,,,,,,,,,,,,https://cdn.shopify.com/s/files/1/0618/2368/0740/files/34_d5db8be8-d635-4152-b980-a824f0d4a73d.png?v=1719670718,kg,,,,,,
jordan-23-kids-t-shirt-copy,,,,,,,,,1-2 YRS,,,Black,,,,,'10713110,200.0,shopify,50,continue,manual,799.00,,true,true,,,,,'10713110,https://cdn.shopify.com/s/files/1/0618/2368/0740/files/29_c72767ea-c7f2-4bd7-87ee-704c0b361f50.png?v=1719670718,10,Jordan 23 Kids T Shirt Copy - back view - kids wear Pakistan,,,,,,,,,,,,,,,,,,,,,,,,,,,,,,,,,,,,,,,,,,,,https://cdn.shopify.com/s/files/1/0618/2368/0740/files/16_713cb5d8-fc60-4969-ba5a-15c7b5bd8399.png?v=1719670718,kg,,,,,,
jordan-23-kids-t-shirt-copy,,,,,,,,,1-2 YRS,,,Mahroon,,,,,'10713111,200.0,shopify,50,continue,manual,799.00,,true,true,,,,,'10713111,https://cdn.shopify.com/s/files/1/0618/2368/0740/files/30_e7d9cca6-1e07-48ed-a6dc-85546b15a265.png?v=1719670718,11,Jordan 23 Kids T Shirt Copy - side view - kids wear Pakistan,,,,,,,,,,,,,,,,,,,,,,,,,,,,,,,,,,,,,,,,,,,,https://cdn.shopify.com/s/files/1/0618/2368/0740/files/31_a52b3566-1a16-4aa6-8aba-10b153c7c632.png?v=1719670718,kg,,,,,,
jordan-23-kids-t-shirt-copy,,,,,,,,,1-2 YRS,,,Green,,,,,'10713112,200.0,shopify,150,continue,manual,799.00,,true,true,,,,,'10713112,https://cdn.shopify.com/s/files/1/0618/2368/0740/files/31_a52b3566-1a16-4aa6-8aba-10b153c7c632.png?v=1719670718,12,Jordan 23 Kids T Shirt Copy - detail shot - kids wear Pakistan,,,,,,,,,,,,,,,,,,,,,,,,,,,,,,,,,,,,,,,,,,,,https://cdn.shopify.com/s/files/1/0618/2368/0740/files/28_b2f09546-bcda-4ce6-a993-3efa342c7fe9.png?v=1719670718,kg,,,,,,
jordan-23-kids-t-shirt-copy,,,,,,,,,1-2 YRS,,,Navy Blue,,,,,'10713113,200.0,shopify,150,continue,manual,799.00,,true,true,,,,,'10713113,https://cdn.shopify.com/s/files/1/0618/2368/0740/files/33_89e90e7b-e63b-4837-8fa6-4d73956870db.png?v=1719670718,13,Jordan 23 Kids T Shirt Copy - front view - kids wear Pakistan,,,,,,,,,,,,,,,,,,,,,,,,,,,,,,,,,,,,,,,,,,,,https://cdn.shopify.com/s/files/1/0618/2368/0740/files/26_c4b76f33-9c07-4c59-adab-44446634c8c8.png?v=1719670718,kg,,,,,,
jordan-23-kids-t-shirt-copy,,,,,,,,,1-2 YRS,,,Purple,,,,,'10713114,200.0,shopify,128,continue,manual,799.00,,true,true,,,,,'10713114,https://cdn.shopify.com/s/files/1/0618/2368/0740/files/34_d5db8be8-d635-4152-b980-a824f0d4a73d.png?v=1719670718,14,Jordan 23 Kids T Shirt Copy - back view - kids wear Pakistan,,,,,,,,,,,,,,,,,,,,,,,,,,,,,,,,,,,,,,,,,,,,https://cdn.shopify.com/s/files/1/0618/2368/0740/files/36_b79b1bd4-30aa-413e-bc72-627b1ea132b6.png?v=1719670718,kg,,,,,,
jordan-23-kids-t-shirt-copy,,,,,,,,,3-4 YRS,,,Red,,,,,'10713115,200.0,shopify,50,continue,manual,799.00,,true,true,,,,,'10713115,https://cdn.shopify.com/s/files/1/0618/2368/0740/files/35_bfde5dc6-2dbb-41d8-bad6-9ba5446f38c3.png?v=1719670718,15,Jordan 23 Kids T Shirt Copy - side view - kids wear Pakistan,,,,,,,,,,,,,,,,,,,,,,,,,,,,,,,,,,,,,,,,,,,,https://cdn.shopify.com/s/files/1/0618/2368/0740/files/32_fdc20970-22b2-4c10-89a0-9ded74cbd5d5.png?v=1719669197,kg,,,,,,
jordan-23-kids-t-shirt-copy,,,,,,,,,3-4 YRS,,,Yellow,,,,,'10713116,200.0,shopify,50,continue,manual,799.00,,true,true,,,,,'10713116,https://cdn.shopify.com/s/files/1/0618/2368/0740/files/36_b79b1bd4-30aa-413e-bc72-627b1ea132b6.png?v=1719670718,16,Jordan 23 Kids T Shirt Copy - detail shot - kids wear Pakistan,,,,,,,,,,,,,,,,,,,,,,,,,,,,,,,,,,,,,,,,,,,,https://cdn.shopify.com/s/files/1/0618/2368/0740/files/24_268fe0b6-22a7-41a9-9745-157f3c3f4af4.png?v=1719670718,kg,,,,,,
jordan-23-kids-t-shirt-copy,,,,,,,,,3-4 YRS,,,Light Blue,,,,,'10713117,200.0,shopify,50,continue,manual,799.00,,true,true,,,,,'10713117,https://cdn.shopify.com/s/files/1/0618/2368/0740/files/24_268fe0b6-22a7-41a9-9745-157f3c3f4af4.png?v=1719670718,17,Jordan 23 Kids T Shirt Copy - front view - kids wear Pakistan,,,,,,,,,,,,,,,,,,,,,,,,,,,,,,,,,,,,,,,,,,,,https://cdn.shopify.com/s/files/1/0618/2368/0740/files/25_82e58584-3e00-448b-ad1a-8863acb5b596.png?v=1719670718,kg,,,,,,
jordan-23-kids-t-shirt-copy,,,,,,,,,3-4 YRS,,,Grey,,,,,'10713118,200.0,shopify,50,continue,manual,799.00,,true,true,,,,,'10713118,https://cdn.shopify.com/s/files/1/0618/2368/0740/files/23_185fcdc3-052e-47d7-88ae-28b75b2bf37b.png?v=1719670718,18,Jordan 23 Kids T Shirt Copy - back view - kids wear Pakistan,,,,,,,,,,,,,,,,,,,,,,,,,,,,,,,,,,,,,,,,,,,,https://cdn.shopify.com/s/files/1/0618/2368/0740/files/23_185fcdc3-052e-47d7-88ae-28b75b2bf37b.png?v=1719670718,kg,,,,,,
jordan-23-kids-t-shirt-copy,,,,,,,,,3-4 YRS,,,Beige,,,,,'10713119,200.0,shopify,150,continue,manual,799.00,,true,true,,,,,'10713119,https://cdn.shopify.com/s/files/1/0618/2368/0740/files/16_713cb5d8-fc60-4969-ba5a-15c7b5bd8399.png?v=1719670718,19,Jordan 23 Kids T Shirt Copy - side view - kids wear Pakistan,,,,,,,,,,,,,,,,,,,,,,,,,,,,,,,,,,,,,,,,,,,,https://cdn.shopify.com/s/files/1/0618/2368/0740/files/29_c72767ea-c7f2-4bd7-87ee-704c0b361f50.png?v=1719670718,kg,,,,,,
jordan-23-kids-t-shirt-copy,,,,,,,,,3-4 YRS,,,White,,,,,'10713120,200.0,shopify,50,continue,manual,799.00,,true,true,,,,,'10713120,,,,,,,,,,,,,,,,,,,,,,,,,,,,,,,,,,,,,,,,,,,,,,,https://cdn.shopify.com/s/files/1/0618/2368/0740/files/30_e7d9cca6-1e07-48ed-a6dc-85546b15a265.png?v=1719670718,kg,,,,,,
jordan-23-kids-t-shirt-copy,,,,,,,,,3-4 YRS,,,Pink,,,,,'10713121,200.0,shopify,50,continue,manual,799.00,,true,true,,,,,'10713121,,,,,,,,,,,,,,,,,,,,,,,,,,,,,,,,,,,,,,,,,,,,,,,https://cdn.shopify.com/s/files/1/0618/2368/0740/files/33_89e90e7b-e63b-4837-8fa6-4d73956870db.png?v=1719670718,kg,,,,,,
jordan-23-kids-t-shirt-copy,,,,,,,,,3-4 YRS,,,Bottle green,,,,,'10713122,200.0,shopify,50,continue,manual,799.00,,true,true,,,,,'10713122,,,,,,,,,,,,,,,,,,,,,,,,,,,,,,,,,,,,,,,,,,,,,,,https://cdn.shopify.com/s/files/1/0618/2368/0740/files/27_a1141e1a-3988-4776-9e61-f08c4def88cc.png?v=1719670718,kg,,,,,,
jordan-23-kids-t-shirt-copy,,,,,,,,,3-4 YRS,,,Orange,,,,,'10713123,200.0,shopify,50,continue,manual,799.00,,true,true,,,,,'10713123,,,,,,,,,,,,,,,,,,,,,,,,,,,,,,,,,,,,,,,,,,,,,,,https://cdn.shopify.com/s/files/1/0618/2368/0740/files/34_d5db8be8-d635-4152-b980-a824f0d4a73d.png?v=1719670718,kg,,,,,,
jordan-23-kids-t-shirt-copy,,,,,,,,,3-4 YRS,,,Black,,,,,'10713124,200.0,shopify,50,continue,manual,799.00,,true,true,,,,,'10713124,,,,,,,,,,,,,,,,,,,,,,,,,,,,,,,,,,,,,,,,,,,,,,,https://cdn.shopify.com/s/files/1/0618/2368/0740/files/16_713cb5d8-fc60-4969-ba5a-15c7b5bd8399.png?v=1719670718,kg,,,,,,
jordan-23-kids-t-shirt-copy,,,,,,,,,3-4 YRS,,,Mahroon,,,,,'10713125,200.0,shopify,50,continue,manual,799.00,,true,true,,,,,'10713125,,,,,,,,,,,,,,,,,,,,,,,,,,,,,,,,,,,,,,,,,,,,,,,https://cdn.shopify.com/s/files/1/0618/2368/0740/files/31_a52b3566-1a16-4aa6-8aba-10b153c7c632.png?v=1719670718,kg,,,,,,
jordan-23-kids-t-shirt-copy,,,,,,,,,3-4 YRS,,,Green,,,,,'10713126,200.0,shopify,150,continue,manual,799.00,,true,true,,,,,'10713126,,,,,,,,,,,,,,,,,,,,,,,,,,,,,,,,,,,,,,,,,,,,,,,https://cdn.shopify.com/s/files/1/0618/2368/0740/files/28_b2f09546-bcda-4ce6-a993-3efa342c7fe9.png?v=1719670718,kg,,,,,,
jordan-23-kids-t-shirt-copy,,,,,,,,,3-4 YRS,,,Navy Blue,,,,,'10713127,200.0,shopify,150,continue,manual,799.00,,true,true,,,,,'10713127,,,,,,,,,,,,,,,,,,,,,,,,,,,,,,,,,,,,,,,,,,,,,,,https://cdn.shopify.com/s/files/1/0618/2368/0740/files/26_c4b76f33-9c07-4c59-adab-44446634c8c8.png?v=1719670718,kg,,,,,,
jordan-23-kids-t-shirt-copy,,,,,,,,,3-4 YRS,,,Purple,,,,,'10713128,200.0,shopify,128,continue,manual,799.00,,true,true,,,,,'10713128,,,,,,,,,,,,,,,,,,,,,,,,,,,,,,,,,,,,,,,,,,,,,,,https://cdn.shopify.com/s/files/1/0618/2368/0740/files/36_b79b1bd4-30aa-413e-bc72-627b1ea132b6.png?v=1719670718,kg,,,,,,
jordan-23-kids-t-shirt-copy,,,,,,,,,5-6 YRS,,,Red,,,,,'10713129,200.0,shopify,50,continue,manual,799.00,,true,true,,,,,'10713129,,,,,,,,,,,,,,,,,,,,,,,,,,,,,,,,,,,,,,,,,,,,,,,https://cdn.shopify.com/s/files/1/0618/2368/0740/files/32_fdc20970-22b2-4c10-89a0-9ded74cbd5d5.png?v=1719669197,kg,,,,,,
jordan-23-kids-t-shirt-copy,,,,,,,,,5-6 YRS,,,Yellow,,,,,'10713130,200.0,shopify,50,continue,manual,799.00,,true,true,,,,,'10713130,,,,,,,,,,,,,,,,,,,,,,,,,,,,,,,,,,,,,,,,,,,,,,,https://cdn.shopify.com/s/files/1/0618/2368/0740/files/24_268fe0b6-22a7-41a9-9745-157f3c3f4af4.png?v=1719670718,kg,,,,,,
jordan-23-kids-t-shirt-copy,,,,,,,,,5-6 YRS,,,Light Blue,,,,,'10713131,200.0,shopify,50,continue,manual,799.00,,true,true,,,,,'10713131,,,,,,,,,,,,,,,,,,,,,,,,,,,,,,,,,,,,,,,,,,,,,,,https://cdn.shopify.com/s/files/1/0618/2368/0740/files/25_82e58584-3e00-448b-ad1a-8863acb5b596.png?v=1719670718,kg,,,,,,
jordan-23-kids-t-shirt-copy,,,,,,,,,5-6 YRS,,,Grey,,,,,'10713132,200.0,shopify,50,continue,manual,799.00,,true,true,,,,,'10713132,,,,,,,,,,,,,,,,,,,,,,,,,,,,,,,,,,,,,,,,,,,,,,,https://cdn.shopify.com/s/files/1/0618/2368/0740/files/23_185fcdc3-052e-47d7-88ae-28b75b2bf37b.png?v=1719670718,kg,,,,,,
jordan-23-kids-t-shirt-copy,,,,,,,,,5-6 YRS,,,Beige,,,,,'10713133,200.0,shopify,150,continue,manual,799.00,,true,true,,,,,'10713133,,,,,,,,,,,,,,,,,,,,,,,,,,,,,,,,,,,,,,,,,,,,,,,https://cdn.shopify.com/s/files/1/0618/2368/0740/files/29_c72767ea-c7f2-4bd7-87ee-704c0b361f50.png?v=1719670718,kg,,,,,,
jordan-23-kids-t-shirt-copy,,,,,,,,,5-6 YRS,,,White,,,,,'10713134,200.0,shopify,50,continue,manual,799.00,,true,true,,,,,'10713134,,,,,,,,,,,,,,,,,,,,,,,,,,,,,,,,,,,,,,,,,,,,,,,https://cdn.shopify.com/s/files/1/0618/2368/0740/files/30_e7d9cca6-1e07-48ed-a6dc-85546b15a265.png?v=1719670718,kg,,,,,,
jordan-23-kids-t-shirt-copy,,,,,,,,,5-6 YRS,,,Pink,,,,,'10713135,200.0,shopify,50,continue,manual,799.00,,true,true,,,,,'10713135,,,,,,,,,,,,,,,,,,,,,,,,,,,,,,,,,,,,,,,,,,,,,,,https://cdn.shopify.com/s/files/1/0618/2368/0740/files/33_89e90e7b-e63b-4837-8fa6-4d73956870db.png?v=1719670718,kg,,,,,,
jordan-23-kids-t-shirt-copy,,,,,,,,,5-6 YRS,,,Bottle green,,,,,'10713136,200.0,shopify,50,continue,manual,799.00,,true,true,,,,,'10713136,,,,,,,,,,,,,,,,,,,,,,,,,,,,,,,,,,,,,,,,,,,,,,,https://cdn.shopify.com/s/files/1/0618/2368/0740/files/27_a1141e1a-3988-4776-9e61-f08c4def88cc.png?v=1719670718,kg,,,,,,
jordan-23-kids-t-shirt-copy,,,,,,,,,5-6 YRS,,,Orange,,,,,'10713137,200.0,shopify,50,continue,manual,799.00,,true,true,,,,,'10713137,,,,,,,,,,,,,,,,,,,,,,,,,,,,,,,,,,,,,,,,,,,,,,,https://cdn.shopify.com/s/files/1/0618/2368/0740/files/34_d5db8be8-d635-4152-b980-a824f0d4a73d.png?v=1719670718,kg,,,,,,
jordan-23-kids-t-shirt-copy,,,,,,,,,5-6 YRS,,,Black,,,,,'10713138,200.0,shopify,50,continue,manual,799.00,,true,true,,,,,'10713138,,,,,,,,,,,,,,,,,,,,,,,,,,,,,,,,,,,,,,,,,,,,,,,https://cdn.shopify.com/s/files/1/0618/2368/0740/files/16_713cb5d8-fc60-4969-ba5a-15c7b5bd8399.png?v=1719670718,kg,,,,,,
jordan-23-kids-t-shirt-copy,,,,,,,,,5-6 YRS,,,Mahroon,,,,,'10713139,200.0,shopify,50,continue,manual,799.00,,true,true,,,,,'10713139,,,,,,,,,,,,,,,,,,,,,,,,,,,,,,,,,,,,,,,,,,,,,,,https://cdn.shopify.com/s/files/1/0618/2368/0740/files/31_a52b3566-1a16-4aa6-8aba-10b153c7c632.png?v=1719670718,kg,,,,,,
jordan-23-kids-t-shirt-copy,,,,,,,,,5-6 YRS,,,Green,,,,,'10713140,200.0,shopify,150,continue,manual,799.00,,true,true,,,,,'10713140,,,,,,,,,,,,,,,,,,,,,,,,,,,,,,,,,,,,,,,,,,,,,,,https://cdn.shopify.com/s/files/1/0618/2368/0740/files/28_b2f09546-bcda-4ce6-a993-3efa342c7fe9.png?v=1719670718,kg,,,,,,
jordan-23-kids-t-shirt-copy,,,,,,,,,5-6 YRS,,,Navy Blue,,,,,'10713141,200.0,shopify,150,continue,manual,799.00,,true,true,,,,,'10713141,,,,,,,,,,,,,,,,,,,,,,,,,,,,,,,,,,,,,,,,,,,,,,,https://cdn.shopify.com/s/files/1/0618/2368/0740/files/26_c4b76f33-9c07-4c59-adab-44446634c8c8.png?v=1719670718,kg,,,,,,
jordan-23-kids-t-shirt-copy,,,,,,,,,5-6 YRS,,,Purple,,,,,'10713142,200.0,shopify,128,continue,manual,799.00,,true,true,,,,,'10713142,,,,,,,,,,,,,,,,,,,,,,,,,,,,,,,,,,,,,,,,,,,,,,,https://cdn.shopify.com/s/files/1/0618/2368/0740/files/36_b79b1bd4-30aa-413e-bc72-627b1ea132b6.png?v=1719670718,kg,,,,,,
jordan-23-kids-t-shirt-copy,,,,,,,,,7-8 YRS,,,Red,,,,,'10713143,200.0,shopify,50,continue,manual,799.00,,true,true,,,,,'10713143,,,,,,,,,,,,,,,,,,,,,,,,,,,,,,,,,,,,,,,,,,,,,,,https://cdn.shopify.com/s/files/1/0618/2368/0740/files/32_fdc20970-22b2-4c10-89a0-9ded74cbd5d5.png?v=1719669197,kg,,,,,,
jordan-23-kids-t-shirt-copy,,,,,,,,,7-8 YRS,,,Yellow,,,,,'10713144,200.0,shopify,50,continue,manual,799.00,,true,true,,,,,'10713144,,,,,,,,,,,,,,,,,,,,,,,,,,,,,,,,,,,,,,,,,,,,,,,https://cdn.shopify.com/s/files/1/0618/2368/0740/files/24_268fe0b6-22a7-41a9-9745-157f3c3f4af4.png?v=1719670718,kg,,,,,,
jordan-23-kids-t-shirt-copy,,,,,,,,,7-8 YRS,,,Light Blue,,,,,'10713145,200.0,shopify,50,continue,manual,799.00,,true,true,,,,,'10713145,,,,,,,,,,,,,,,,,,,,,,,,,,,,,,,,,,,,,,,,,,,,,,,https://cdn.shopify.com/s/files/1/0618/2368/0740/files/25_82e58584-3e00-448b-ad1a-8863acb5b596.png?v=1719670718,kg,,,,,,
jordan-23-kids-t-shirt-copy,,,,,,,,,7-8 YRS,,,Grey,,,,,'10713146,200.0,shopify,50,continue,manual,799.00,,true,true,,,,,'10713146,,,,,,,,,,,,,,,,,,,,,,,,,,,,,,,,,,,,,,,,,,,,,,,https://cdn.shopify.com/s/files/1/0618/2368/0740/files/23_185fcdc3-052e-47d7-88ae-28b75b2bf37b.png?v=1719670718,kg,,,,,,
jordan-23-kids-t-shirt-copy,,,,,,,,,7-8 YRS,,,Beige,,,,,'10713147,200.0,shopify,150,continue,manual,799.00,,true,true,,,,,'10713147,,,,,,,,,,,,,,,,,,,,,,,,,,,,,,,,,,,,,,,,,,,,,,,https://cdn.shopify.com/s/files/1/0618/2368/0740/files/29_c72767ea-c7f2-4bd7-87ee-704c0b361f50.png?v=1719670718,kg,,,,,,
jordan-23-kids-t-shirt-copy,,,,,,,,,7-8 YRS,,,White,,,,,'10713148,200.0,shopify,50,continue,manual,799.00,,true,true,,,,,'10713148,,,,,,,,,,,,,,,,,,,,,,,,,,,,,,,,,,,,,,,,,,,,,,,https://cdn.shopify.com/s/files/1/0618/2368/0740/files/30_e7d9cca6-1e07-48ed-a6dc-85546b15a265.png?v=1719670718,kg,,,,,,
jordan-23-kids-t-shirt-copy,,,,,,,,,7-8 YRS,,,Pink,,,,,'10713149,200.0,shopify,49,continue,manual,799.00,,true,true,,,,,'10713149,,,,,,,,,,,,,,,,,,,,,,,,,,,,,,,,,,,,,,,,,,,,,,,https://cdn.shopify.com/s/files/1/0618/2368/0740/files/33_89e90e7b-e63b-4837-8fa6-4d73956870db.png?v=1719670718,kg,,,,,,
jordan-23-kids-t-shirt-copy,,,,,,,,,7-8 YRS,,,Bottle green,,,,,'10713150,200.0,shopify,50,continue,manual,799.00,,true,true,,,,,'10713150,,,,,,,,,,,,,,,,,,,,,,,,,,,,,,,,,,,,,,,,,,,,,,,https://cdn.shopify.com/s/files/1/0618/2368/0740/files/27_a1141e1a-3988-4776-9e61-f08c4def88cc.png?v=1719670718,kg,,,,,,
jordan-23-kids-t-shirt-copy,,,,,,,,,7-8 YRS,,,Orange,,,,,'10713151,200.0,shopify,50,continue,manual,799.00,,true,true,,,,,'10713151,,,,,,,,,,,,,,,,,,,,,,,,,,,,,,,,,,,,,,,,,,,,,,,https://cdn.shopify.com/s/files/1/0618/2368/0740/files/34_d5db8be8-d635-4152-b980-a824f0d4a73d.png?v=1719670718,kg,,,,,,
jordan-23-kids-t-shirt-copy,,,,,,,,,7-8 YRS,,,Black,,,,,'10713152,200.0,shopify,50,continue,manual,799.00,,true,true,,,,,'10713152,,,,,,,,,,,,,,,,,,,,,,,,,,,,,,,,,,,,,,,,,,,,,,,https://cdn.shopify.com/s/files/1/0618/2368/0740/files/16_713cb5d8-fc60-4969-ba5a-15c7b5bd8399.png?v=1719670718,kg,,,,,,
jordan-23-kids-t-shirt-copy,,,,,,,,,7-8 YRS,,,Mahroon,,,,,'10713153,200.0,shopify,50,continue,manual,799.00,,true,true,,,,,'10713153,,,,,,,,,,,,,,,,,,,,,,,,,,,,,,,,,,,,,,,,,,,,,,,https://cdn.shopify.com/s/files/1/0618/2368/0740/files/31_a52b3566-1a16-4aa6-8aba-10b153c7c632.png?v=1719670718,kg,,,,,,
jordan-23-kids-t-shirt-copy,,,,,,,,,7-8 YRS,,,Green,,,,,'10713154,200.0,shopify,150,continue,manual,799.00,,true,true,,,,,'10713154,,,,,,,,,,,,,,,,,,,,,,,,,,,,,,,,,,,,,,,,,,,,,,,https://cdn.shopify.com/s/files/1/0618/2368/0740/files/28_b2f09546-bcda-4ce6-a993-3efa342c7fe9.png?v=1719670718,kg,,,,,,
jordan-23-kids-t-shirt-copy,,,,,,,,,7-8 YRS,,,Navy Blue,,,,,'10713155,200.0,shopify,150,continue,manual,799.00,,true,true,,,,,'10713155,,,,,,,,,,,,,,,,,,,,,,,,,,,,,,,,,,,,,,,,,,,,,,,https://cdn.shopify.com/s/files/1/0618/2368/0740/files/26_c4b76f33-9c07-4c59-adab-44446634c8c8.png?v=1719670718,kg,,,,,,
jordan-23-kids-t-shirt-copy,,,,,,,,,7-8 YRS,,,Purple,,,,,'10713156,200.0,shopify,128,continue,manual,799.00,,true,true,,,,,'10713156,,,,,,,,,,,,,,,,,,,,,,,,,,,,,,,,,,,,,,,,,,,,,,,https://cdn.shopify.com/s/files/1/0618/2368/0740/files/36_b79b1bd4-30aa-413e-bc72-627b1ea132b6.png?v=1719670718,kg,,,,,,
jordan-23-kids-t-shirt-copy,,,,,,,,,9-10 YRS,,,Red,,,,,'10713157,200.0,shopify,50,continue,manual,899.00,,true,true,,,,,'10713157,,,,,,,,,,,,,,,,,,,,,,,,,,,,,,,,,,,,,,,,,,,,,,,https://cdn.shopify.com/s/files/1/0618/2368/0740/files/32_fdc20970-22b2-4c10-89a0-9ded74cbd5d5.png?v=1719669197,kg,,,,,,
jordan-23-kids-t-shirt-copy,,,,,,,,,9-10 YRS,,,Yellow,,,,,'10713158,200.0,shopify,50,continue,manual,899.00,,true,true,,,,,'10713158,,,,,,,,,,,,,,,,,,,,,,,,,,,,,,,,,,,,,,,,,,,,,,,https://cdn.shopify.com/s/files/1/0618/2368/0740/files/24_268fe0b6-22a7-41a9-9745-157f3c3f4af4.png?v=1719670718,kg,,,,,,
jordan-23-kids-t-shirt-copy,,,,,,,,,9-10 YRS,,,Light Blue,,,,,'10713159,200.0,shopify,49,continue,manual,899.00,,true,true,,,,,'10713159,,,,,,,,,,,,,,,,,,,,,,,,,,,,,,,,,,,,,,,,,,,,,,,https://cdn.shopify.com/s/files/1/0618/2368/0740/files/25_82e58584-3e00-448b-ad1a-8863acb5b596.png?v=1719670718,kg,,,,,,
jordan-23-kids-t-shirt-copy,,,,,,,,,9-10 YRS,,,Grey,,,,,'10713160,200.0,shopify,50,continue,manual,899.00,,true,true,,,,,'10713160,,,,,,,,,,,,,,,,,,,,,,,,,,,,,,,,,,,,,,,,,,,,,,,https://cdn.shopify.com/s/files/1/0618/2368/0740/files/23_185fcdc3-052e-47d7-88ae-28b75b2bf37b.png?v=1719670718,kg,,,,,,
jordan-23-kids-t-shirt-copy,,,,,,,,,9-10 YRS,,,Beige,,,,,'10713161,200.0,shopify,150,continue,manual,899.00,,true,true,,,,,'10713161,,,,,,,,,,,,,,,,,,,,,,,,,,,,,,,,,,,,,,,,,,,,,,,https://cdn.shopify.com/s/files/1/0618/2368/0740/files/29_c72767ea-c7f2-4bd7-87ee-704c0b361f50.png?v=1719670718,kg,,,,,,
jordan-23-kids-t-shirt-copy,,,,,,,,,9-10 YRS,,,White,,,,,'10713162,200.0,shopify,50,continue,manual,899.00,,true,true,,,,,'10713162,,,,,,,,,,,,,,,,,,,,,,,,,,,,,,,,,,,,,,,,,,,,,,,https://cdn.shopify.com/s/files/1/0618/2368/0740/files/30_e7d9cca6-1e07-48ed-a6dc-85546b15a265.png?v=1719670718,kg,,,,,,
jordan-23-kids-t-shirt-copy,,,,,,,,,9-10 YRS,,,Pink,,,,,'10713163,200.0,shopify,50,continue,manual,899.00,,true,true,,,,,'10713163,,,,,,,,,,,,,,,,,,,,,,,,,,,,,,,,,,,,,,,,,,,,,,,https://cdn.shopify.com/s/files/1/0618/2368/0740/files/33_89e90e7b-e63b-4837-8fa6-4d73956870db.png?v=1719670718,kg,,,,,,
jordan-23-kids-t-shirt-copy,,,,,,,,,9-10 YRS,,,Bottle green,,,,,'10713164,200.0,shopify,50,continue,manual,899.00,,true,true,,,,,'10713164,,,,,,,,,,,,,,,,,,,,,,,,,,,,,,,,,,,,,,,,,,,,,,,https://cdn.shopify.com/s/files/1/0618/2368/0740/files/27_a1141e1a-3988-4776-9e61-f08c4def88cc.png?v=1719670718,kg,,,,,,
jordan-23-kids-t-shirt-copy,,,,,,,,,9-10 YRS,,,Orange,,,,,'10713165,200.0,shopify,50,continue,manual,899.00,,true,true,,,,,'10713165,,,,,,,,,,,,,,,,,,,,,,,,,,,,,,,,,,,,,,,,,,,,,,,https://cdn.shopify.com/s/files/1/0618/2368/0740/files/34_d5db8be8-d635-4152-b980-a824f0d4a73d.png?v=1719670718,kg,,,,,,
jordan-23-kids-t-shirt-copy,,,,,,,,,9-10 YRS,,,Black,,,,,'10713166,200.0,shopify,50,continue,manual,899.00,,true,true,,,,,'10713166,,,,,,,,,,,,,,,,,,,,,,,,,,,,,,,,,,,,,,,,,,,,,,,https://cdn.shopify.com/s/files/1/0618/2368/0740/files/16_713cb5d8-fc60-4969-ba5a-15c7b5bd8399.png?v=1719670718,kg,,,,,,
jordan-23-kids-t-shirt-copy,,,,,,,,,9-10 YRS,,,Mahroon,,,,,'10713167,200.0,shopify,50,continue,manual,899.00,,true,true,,,,,'10713167,,,,,,,,,,,,,,,,,,,,,,,,,,,,,,,,,,,,,,,,,,,,,,,https://cdn.shopify.com/s/files/1/0618/2368/0740/files/31_a52b3566-1a16-4aa6-8aba-10b153c7c632.png?v=1719670718,kg,,,,,,
jordan-23-kids-t-shirt-copy,,,,,,,,,9-10 YRS,,,Green,,,,,'10713168,200.0,shopify,150,continue,manual,899.00,,true,true,,,,,'10713168,,,,,,,,,,,,,,,,,,,,,,,,,,,,,,,,,,,,,,,,,,,,,,,https://cdn.shopify.com/s/files/1/0618/2368/0740/files/28_b2f09546-bcda-4ce6-a993-3efa342c7fe9.png?v=1719670718,kg,,,,,,
jordan-23-kids-t-shirt-copy,,,,,,,,,9-10 YRS,,,Navy Blue,,,,,'10713169,200.0,shopify,150,continue,manual,899.00,,true,true,,,,,'10713169,,,,,,,,,,,,,,,,,,,,,,,,,,,,,,,,,,,,,,,,,,,,,,,https://cdn.shopify.com/s/files/1/0618/2368/0740/files/26_c4b76f33-9c07-4c59-adab-44446634c8c8.png?v=1719670718,kg,,,,,,
jordan-23-kids-t-shirt-copy,,,,,,,,,9-10 YRS,,,Purple,,,,,'10713170,200.0,shopify,128,continue,manual,899.00,,true,true,,,,,'10713170,,,,,,,,,,,,,,,,,,,,,,,,,,,,,,,,,,,,,,,,,,,,,,,https://cdn.shopify.com/s/files/1/0618/2368/0740/files/36_b79b1bd4-30aa-413e-bc72-627b1ea132b6.png?v=1719670718,kg,,,,,,
jordan-23-kids-t-shirt-copy,,,,,,,,,11-12 YRS,,,Red,,,,,'10713171,200.0,shopify,50,continue,manual,899.00,,true,true,,,,,'10713171,,,,,,,,,,,,,,,,,,,,,,,,,,,,,,,,,,,,,,,,,,,,,,,https://cdn.shopify.com/s/files/1/0618/2368/0740/files/32_fdc20970-22b2-4c10-89a0-9ded74cbd5d5.png?v=1719669197,kg,,,,,,
jordan-23-kids-t-shirt-copy,,,,,,,,,11-12 YRS,,,Yellow,,,,,'10713172,200.0,shopify,50,continue,manual,899.00,,true,true,,,,,'10713172,,,,,,,,,,,,,,,,,,,,,,,,,,,,,,,,,,,,,,,,,,,,,,,https://cdn.shopify.com/s/files/1/0618/2368/0740/files/24_268fe0b6-22a7-41a9-9745-157f3c3f4af4.png?v=1719670718,kg,,,,,,
jordan-23-kids-t-shirt-copy,,,,,,,,,11-12 YRS,,,Light Blue,,,,,'10713173,200.0,shopify,50,continue,manual,899.00,,true,true,,,,,'10713173,,,,,,,,,,,,,,,,,,,,,,,,,,,,,,,,,,,,,,,,,,,,,,,https://cdn.shopify.com/s/files/1/0618/2368/0740/files/25_82e58584-3e00-448b-ad1a-8863acb5b596.png?v=1719670718,kg,,,,,,
jordan-23-kids-t-shirt-copy,,,,,,,,,11-12 YRS,,,Grey,,,,,'10713174,200.0,shopify,50,continue,manual,899.00,,true,true,,,,,'10713174,,,,,,,,,,,,,,,,,,,,,,,,,,,,,,,,,,,,,,,,,,,,,,,https://cdn.shopify.com/s/files/1/0618/2368/0740/files/23_185fcdc3-052e-47d7-88ae-28b75b2bf37b.png?v=1719670718,kg,,,,,,
jordan-23-kids-t-shirt-copy,,,,,,,,,11-12 YRS,,,Beige,,,,,'10713175,200.0,shopify,150,continue,manual,899.00,,true,true,,,,,'10713175,,,,,,,,,,,,,,,,,,,,,,,,,,,,,,,,,,,,,,,,,,,,,,,https://cdn.shopify.com/s/files/1/0618/2368/0740/files/29_c72767ea-c7f2-4bd7-87ee-704c0b361f50.png?v=1719670718,kg,,,,,,
jordan-23-kids-t-shirt-copy,,,,,,,,,11-12 YRS,,,White,,,,,'10713176,200.0,shopify,50,continue,manual,899.00,,true,true,,,,,'10713176,,,,,,,,,,,,,,,,,,,,,,,,,,,,,,,,,,,,,,,,,,,,,,,https://cdn.shopify.com/s/files/1/0618/2368/0740/files/30_e7d9cca6-1e07-48ed-a6dc-85546b15a265.png?v=1719670718,kg,,,,,,
jordan-23-kids-t-shirt-copy,,,,,,,,,11-12 YRS,,,Pink,,,,,'10713177,200.0,shopify,50,continue,manual,899.00,,true,true,,,,,'10713177,,,,,,,,,,,,,,,,,,,,,,,,,,,,,,,,,,,,,,,,,,,,,,,https://cdn.shopify.com/s/files/1/0618/2368/0740/files/33_89e90e7b-e63b-4837-8fa6-4d73956870db.png?v=1719670718,kg,,,,,,
jordan-23-kids-t-shirt-copy,,,,,,,,,11-12 YRS,,,Bottle green,,,,,'10713178,200.0,shopify,50,continue,manual,899.00,,true,true,,,,,'10713178,,,,,,,,,,,,,,,,,,,,,,,,,,,,,,,,,,,,,,,,,,,,,,,https://cdn.shopify.com/s/files/1/0618/2368/0740/files/27_a1141e1a-3988-4776-9e61-f08c4def88cc.png?v=1719670718,kg,,,,,,
jordan-23-kids-t-shirt-copy,,,,,,,,,11-12 YRS,,,Orange,,,,,'10713179,200.0,shopify,50,continue,manual,899.00,,true,true,,,,,'10713179,,,,,,,,,,,,,,,,,,,,,,,,,,,,,,,,,,,,,,,,,,,,,,,https://cdn.shopify.com/s/files/1/0618/2368/0740/files/34_d5db8be8-d635-4152-b980-a824f0d4a73d.png?v=1719670718,kg,,,,,,
jordan-23-kids-t-shirt-copy,,,,,,,,,11-12 YRS,,,Black,,,,,'10713180,200.0,shopify,50,continue,manual,899.00,,true,true,,,,,'10713180,,,,,,,,,,,,,,,,,,,,,,,,,,,,,,,,,,,,,,,,,,,,,,,https://cdn.shopify.com/s/files/1/0618/2368/0740/files/16_713cb5d8-fc60-4969-ba5a-15c7b5bd8399.png?v=1719670718,kg,,,,,,
jordan-23-kids-t-shirt-copy,,,,,,,,,11-12 YRS,,,Mahroon,,,,,'10713181,200.0,shopify,50,continue,manual,899.00,,true,true,,,,,'10713181,,,,,,,,,,,,,,,,,,,,,,,,,,,,,,,,,,,,,,,,,,,,,,,https://cdn.shopify.com/s/files/1/0618/2368/0740/files/31_a52b3566-1a16-4aa6-8aba-10b153c7c632.png?v=1719670718,kg,,,,,,
jordan-23-kids-t-shirt-copy,,,,,,,,,11-12 YRS,,,Green,,,,,'10713182,200.0,shopify,150,continue,manual,899.00,,true,true,,,,,'10713182,,,,,,,,,,,,,,,,,,,,,,,,,,,,,,,,,,,,,,,,,,,,,,,https://cdn.shopify.com/s/files/1/0618/2368/0740/files/28_b2f09546-bcda-4ce6-a993-3efa342c7fe9.png?v=1719670718,kg,,,,,,
jordan-23-kids-t-shirt-copy,,,,,,,,,11-12 YRS,,,Navy Blue,,,,,'10713183,200.0,shopify,150,continue,manual,899.00,,true,true,,,,,'10713183,,,,,,,,,,,,,,,,,,,,,,,,,,,,,,,,,,,,,,,,,,,,,,,https://cdn.shopify.com/s/files/1/0618/2368/0740/files/26_c4b76f33-9c07-4c59-adab-44446634c8c8.png?v=1719670718,kg,,,,,,
jordan-23-kids-t-shirt-copy,,,,,,,,,11-12 YRS,,,Purple,,,,,'10713184,200.0,shopify,128,continue,manual,899.00,,true,true,,,,,'10713184,,,,,,,,,,,,,,,,,,,,,,,,,,,,,,,,,,,,,,,,,,,,,,,https://cdn.shopify.com/s/files/1/0618/2368/0740/files/36_b79b1bd4-30aa-413e-bc72-627b1ea132b6.png?v=1719670718,kg,,,,,,
jordan-23-kids-t-shirt-copy,,,,,,,,,13-14 YRS,,,Red,,,,,'10713185,200.0,shopify,50,continue,manual,999.00,,true,true,,,,,'10713185,,,,,,,,,,,,,,,,,,,,,,,,,,,,,,,,,,,,,,,,,,,,,,,https://cdn.shopify.com/s/files/1/0618/2368/0740/files/32_fdc20970-22b2-4c10-89a0-9ded74cbd5d5.png?v=1719669197,kg,,,,,,
jordan-23-kids-t-shirt-copy,,,,,,,,,13-14 YRS,,,Yellow,,,,,'10713186,200.0,shopify,50,continue,manual,999.00,,true,true,,,,,'10713186,,,,,,,,,,,,,,,,,,,,,,,,,,,,,,,,,,,,,,,,,,,,,,,https://cdn.shopify.com/s/files/1/0618/2368/0740/files/32_fdc20970-22b2-4c10-89a0-9ded74cbd5d5.png?v=1719669197,kg,,,,,,
jordan-23-kids-t-shirt-copy,,,,,,,,,13-14 YRS,,,Light Blue,,,,,'10713187,200.0,shopify,50,continue,manual,999.00,,true,true,,,,,'10713187,,,,,,,,,,,,,,,,,,,,,,,,,,,,,,,,,,,,,,,,,,,,,,,https://cdn.shopify.com/s/files/1/0618/2368/0740/files/32_fdc20970-22b2-4c10-89a0-9ded74cbd5d5.png?v=1719669197,kg,,,,,,
jordan-23-kids-t-shirt-copy,,,,,,,,,13-14 YRS,,,Grey,,,,,'10713188,200.0,shopify,50,continue,manual,999.00,,true,true,,,,,'10713188,,,,,,,,,,,,,,,,,,,,,,,,,,,,,,,,,,,,,,,,,,,,,,,https://cdn.shopify.com/s/files/1/0618/2368/0740/files/32_fdc20970-22b2-4c10-89a0-9ded74cbd5d5.png?v=1719669197,kg,,,,,,
jordan-23-kids-t-shirt-copy,,,,,,,,,13-14 YRS,,,Beige,,,,,'10713189,200.0,shopify,50,continue,manual,999.00,,true,true,,,,,'10713189,,,,,,,,,,,,,,,,,,,,,,,,,,,,,,,,,,,,,,,,,,,,,,,https://cdn.shopify.com/s/files/1/0618/2368/0740/files/32_fdc20970-22b2-4c10-89a0-9ded74cbd5d5.png?v=1719669197,kg,,,,,,
jordan-23-kids-t-shirt-copy,,,,,,,,,13-14 YRS,,,White,,,,,'10713190,200.0,shopify,50,continue,manual,999.00,,true,true,,,,,'10713190,,,,,,,,,,,,,,,,,,,,,,,,,,,,,,,,,,,,,,,,,,,,,,,https://cdn.shopify.com/s/files/1/0618/2368/0740/files/32_fdc20970-22b2-4c10-89a0-9ded74cbd5d5.png?v=1719669197,kg,,,,,,
jordan-23-kids-t-shirt-copy,,,,,,,,,13-14 YRS,,,Pink,,,,,'10713191,200.0,shopify,50,continue,manual,999.00,,true,true,,,,,'10713191,,,,,,,,,,,,,,,,,,,,,,,,,,,,,,,,,,,,,,,,,,,,,,,https://cdn.shopify.com/s/files/1/0618/2368/0740/files/32_fdc20970-22b2-4c10-89a0-9ded74cbd5d5.png?v=1719669197,kg,,,,,,
jordan-23-kids-t-shirt-copy,,,,,,,,,13-14 YRS,,,Bottle green,,,,,'10713192,200.0,shopify,50,continue,manual,999.00,,true,true,,,,,'10713192,,,,,,,,,,,,,,,,,,,,,,,,,,,,,,,,,,,,,,,,,,,,,,,https://cdn.shopify.com/s/files/1/0618/2368/0740/files/32_fdc20970-22b2-4c10-89a0-9ded74cbd5d5.png?v=1719669197,kg,,,,,,
jordan-23-kids-t-shirt-copy,,,,,,,,,13-14 YRS,,,Orange,,,,,'10713193,200.0,shopify,50,continue,manual,999.00,,true,true,,,,,'10713193,,,,,,,,,,,,,,,,,,,,,,,,,,,,,,,,,,,,,,,,,,,,,,,https://cdn.shopify.com/s/files/1/0618/2368/0740/files/32_fdc20970-22b2-4c10-89a0-9ded74cbd5d5.png?v=1719669197,kg,,,,,,
jordan-23-kids-t-shirt-copy,,,,,,,,,13-14 YRS,,,Black,,,,,'10713194,200.0,shopify,50,continue,manual,999.00,,true,true,,,,,'10713194,,,,,,,,,,,,,,,,,,,,,,,,,,,,,,,,,,,,,,,,,,,,,,,https://cdn.shopify.com/s/files/1/0618/2368/0740/files/32_fdc20970-22b2-4c10-89a0-9ded74cbd5d5.png?v=1719669197,kg,,,,,,
jordan-23-kids-t-shirt-copy,,,,,,,,,13-14 YRS,,,Mahroon,,,,,'10713195,200.0,shopify,50,continue,manual,999.00,,true,true,,,,,'10713195,,,,,,,,,,,,,,,,,,,,,,,,,,,,,,,,,,,,,,,,,,,,,,,https://cdn.shopify.com/s/files/1/0618/2368/0740/files/32_fdc20970-22b2-4c10-89a0-9ded74cbd5d5.png?v=1719669197,kg,,,,,,
jordan-23-kids-t-shirt-copy,,,,,,,,,13-14 YRS,,,Green,,,,,'10713196,200.0,shopify,50,continue,manual,999.00,,true,true,,,,,'10713196,,,,,,,,,,,,,,,,,,,,,,,,,,,,,,,,,,,,,,,,,,,,,,,https://cdn.shopify.com/s/files/1/0618/2368/0740/files/32_fdc20970-22b2-4c10-89a0-9ded74cbd5d5.png?v=1719669197,kg,,,,,,
jordan-23-kids-t-shirt-copy,,,,,,,,,13-14 YRS,,,Navy Blue,,,,,'10713197,200.0,shopify,50,continue,manual,999.00,,true,true,,,,,'10713197,,,,,,,,,,,,,,,,,,,,,,,,,,,,,,,,,,,,,,,,,,,,,,,https://cdn.shopify.com/s/files/1/0618/2368/0740/files/32_fdc20970-22b2-4c10-89a0-9ded74cbd5d5.png?v=1719669197,kg,,,,,,
jordan-23-kids-t-shirt-copy,,,,,,,,,13-14 YRS,,,Purple,,,,,'10706876,200.0,shopify,50,continue,manual,999.00,,true,true,,,,,'10706876,,,,,,,,,,,,,,,,,,,,,,,,,,,,,,,,,,,,,,,,,,,,,,,https://cdn.shopify.com/s/files/1/0618/2368/0740/files/32_fdc20970-22b2-4c10-89a0-9ded74cbd5d5.png?v=1719669197,kg,,,,,,
nice-to-meet-you-kids-t-shirt-copy,JORDAN 23 KIDS T SHIRT,"<h4>JORDAN 23 KIDS T SHIRT</h4>
<div>Fabric: Soft High-Quality Jersey</div>
<div>Short Sleeve T-Shirt</div>
<div>Round Neck</div>
<div>High Quality DTF Printed </div>
<div>Soft and Comfortable Wear</div>
<div>Easy Wash &amp; Press</div>
<div>Sizes 1-12 years </div>
<div><span>Disclaimer: Colors may vary slightly due to studio lights. </span></div>",BBG FASHION,Apparel & Accessories > Clothing > Clothing Tops > T-Shirts,kids T-Shirts,kids T-Shirts,false,Size,1-2 YRS,,Color,Yellow,,,,,'10713004,200.0,shopify,50,continue,manual,799.00,,true,true,,,,,'10713004,https://cdn.shopify.com/s/files/1/0618/2368/0740/files/21_5969379b-2a0d-4655-bbe1-9f3b737e7777.png?v=1719669165,1,Nice To Meet You Kids T Shirt Copy - front view - kids wear Pakistan,false,,,212,,,,,,,,,,,,,,,,,,,,,,,,,,,,,,,,,,,,,,,,https://cdn.shopify.com/s/files/1/0618/2368/0740/files/21_5969379b-2a0d-4655-bbe1-9f3b737e7777.png?v=1719669165,kg,,,true,,,draft
nice-to-meet-you-kids-t-shirt-copy,,,,,,,,,1-2 YRS,,,Light Blue,,,,,'10713005,200.0,shopify,50,continue,manual,799.00,,true,true,,,,,'10713005,https://cdn.shopify.com/s/files/1/0618/2368/0740/files/bbg_52c11d4e-abc8-46fd-bf9e-e6c4bd11aaf9.png?v=1719669638,2,Unicorn T Shirt For Kids Copy - back view - kids wear Pakistan,,,,,,,,,,,,,,,,,,,,,,,,,,,,,,,,,,,,,,,,,,,,https://cdn.shopify.com/s/files/1/0618/2368/0740/files/27_f508fc94-170f-4ce0-9796-eeb84d355849.png?v=1719670356,kg,,,,,,
nice-to-meet-you-kids-t-shirt-copy,,,,,,,,,1-2 YRS,,,Grey,,,,,'10713006,200.0,shopify,50,continue,manual,799.00,,true,true,,,,,'10713006,https://cdn.shopify.com/s/files/1/0618/2368/0740/files/15_a9a6a427-afa6-4413-8776-547e7b9f036a.png?v=1719670356,3,Nice To Meet You Kids T Shirt Copy - side view - kids wear Pakistan,,,,,,,,,,,,,,,,,,,,,,,,,,,,,,,,,,,,,,,,,,,,https://cdn.shopify.com/s/files/1/0618/2368/0740/files/26_f1aa1313-0e6a-4e20-aada-b95a235f9c49.png?v=1719670356,kg,,,,,,
nice-to-meet-you-kids-t-shirt-copy,,,,,,,,,1-2 YRS,,,Royal Blue,,,,,'10713007,200.0,shopify,50,continue,manual,799.00,,true,true,,,,,'10713007,https://cdn.shopify.com/s/files/1/0618/2368/0740/files/16_75751a87-14a8-4515-9aca-3325382d30f4.png?v=1719670356,4,Nice To Meet You Kids T Shirt Copy - detail shot - kids wear Pakistan,,,,,,,,,,,,,,,,,,,,,,,,,,,,,,,,,,,,,,,,,,,,https://cdn.shopify.com/s/files/1/0618/2368/0740/files/19_4e04bef2-be1a-4e31-88a3-bae7869fd3e8.png?v=1719670356,kg,,,,,,
nice-to-meet-you-kids-t-shirt-copy,,,,,,,,,1-2 YRS,,,Beige,,,,,'10713008,200.0,shopify,150,continue,manual,799.00,,true,true,,,,,'10713008,https://cdn.shopify.com/s/files/1/0618/2368/0740/files/17_df75ac86-c4aa-40a7-a44a-7da458fdccbf.png?v=1719670356,5,Nice To Meet You Kids T Shirt Copy - front view - kids wear Pakistan,,,,,,,,,,,,,,,,,,,,,,,,,,,,,,,,,,,,,,,,,,,,https://cdn.shopify.com/s/files/1/0618/2368/0740/files/28_55ae3476-7ec0-482d-8fa3-cbbe77dc7fd2.png?v=1719670356,kg,,,,,,
nice-to-meet-you-kids-t-shirt-copy,,,,,,,,,1-2 YRS,,,White,,,,,'10713009,200.0,shopify,50,continue,manual,799.00,,true,true,,,,,'10713009,https://cdn.shopify.com/s/files/1/0618/2368/0740/files/18_9eda5fe9-4f89-4b0d-a5ce-3ca4a135a0cd.png?v=1719670356,6,Nice To Meet You Kids T Shirt Copy - back view - kids wear Pakistan,,,,,,,,,,,,,,,,,,,,,,,,,,,,,,,,,,,,,,,,,,,,https://cdn.shopify.com/s/files/1/0618/2368/0740/files/15_ff913fb9-0667-49be-99c9-4f1b4223aa3c.png?v=1719670356,kg,,,,,,
nice-to-meet-you-kids-t-shirt-copy,,,,,,,,,1-2 YRS,,,Red,,,,,'10713010,200.0,shopify,50,continue,manual,799.00,,true,true,,,,,'10713010,https://cdn.shopify.com/s/files/1/0618/2368/0740/files/19_4e04bef2-be1a-4e31-88a3-bae7869fd3e8.png?v=1719670356,7,Nice To Meet You Kids T Shirt Copy - side view - kids wear Pakistan,,,,,,,,,,,,,,,,,,,,,,,,,,,,,,,,,,,,,,,,,,,,https://cdn.shopify.com/s/files/1/0618/2368/0740/files/17_df75ac86-c4aa-40a7-a44a-7da458fdccbf.png?v=1719670356,kg,,,,,,
nice-to-meet-you-kids-t-shirt-copy,,,,,,,,,1-2 YRS,,,Pink,,,,,'10713011,200.0,shopify,50,continue,manual,799.00,,true,true,,,,,'10713011,https://cdn.shopify.com/s/files/1/0618/2368/0740/files/20_cad9bfe1-84e3-41a6-aa7b-d77c622c139d.png?v=1719670356,8,Nice To Meet You Kids T Shirt Copy - detail shot - kids wear Pakistan,,,,,,,,,,,,,,,,,,,,,,,,,,,,,,,,,,,,,,,,,,,,https://cdn.shopify.com/s/files/1/0618/2368/0740/files/25_4c78c892-86b1-4d75-b89b-c91eac7d475a.png?v=1719670356,kg,,,,,,
nice-to-meet-you-kids-t-shirt-copy,,,,,,,,,1-2 YRS,,,Bottle green,,,,,'10713012,200.0,shopify,50,continue,manual,799.00,,true,true,,,,,'10713012,https://cdn.shopify.com/s/files/1/0618/2368/0740/files/22_d8ce60e9-b881-4d5c-b392-aee59e77beda.png?v=1719670356,9,Nice To Meet You Kids T Shirt Copy - front view - kids wear Pakistan,,,,,,,,,,,,,,,,,,,,,,,,,,,,,,,,,,,,,,,,,,,,https://cdn.shopify.com/s/files/1/0618/2368/0740/files/23_13d1271b-9914-428c-8969-f98849679810.png?v=1719670356,kg,,,,,,
nice-to-meet-you-kids-t-shirt-copy,,,,,,,,,1-2 YRS,,,Orange,,,,,'10713013,200.0,shopify,50,continue,manual,799.00,,true,true,,,,,'10713013,https://cdn.shopify.com/s/files/1/0618/2368/0740/files/23_13d1271b-9914-428c-8969-f98849679810.png?v=1719670356,10,Nice To Meet You Kids T Shirt Copy - back view - kids wear Pakistan,,,,,,,,,,,,,,,,,,,,,,,,,,,,,,,,,,,,,,,,,,,,https://cdn.shopify.com/s/files/1/0618/2368/0740/files/18_9eda5fe9-4f89-4b0d-a5ce-3ca4a135a0cd.png?v=1719670356,kg,,,,,,
nice-to-meet-you-kids-t-shirt-copy,,,,,,,,,1-2 YRS,,,Black,,,,,'10713014,200.0,shopify,50,continue,manual,799.00,,true,true,,,,,'10713014,https://cdn.shopify.com/s/files/1/0618/2368/0740/files/24_1c530243-ec1d-448e-b4d2-a5512708ab9d.png?v=1719670356,11,Nice To Meet You Kids T Shirt Copy - side view - kids wear Pakistan,,,,,,,,,,,,,,,,,,,,,,,,,,,,,,,,,,,,,,,,,,,,https://cdn.shopify.com/s/files/1/0618/2368/0740/files/16_8c923905-7c78-4d3a-a582-379abb279043.png?v=1719670356,kg,,,,,,
nice-to-meet-you-kids-t-shirt-copy,,,,,,,,,1-2 YRS,,,Mahroon,,,,,'10713015,200.0,shopify,50,continue,manual,799.00,,true,true,,,,,'10713015,https://cdn.shopify.com/s/files/1/0618/2368/0740/files/25_4c78c892-86b1-4d75-b89b-c91eac7d475a.png?v=1719670356,12,Nice To Meet You Kids T Shirt Copy - detail shot - kids wear Pakistan,,,,,,,,,,,,,,,,,,,,,,,,,,,,,,,,,,,,,,,,,,,,https://cdn.shopify.com/s/files/1/0618/2368/0740/files/20_cad9bfe1-84e3-41a6-aa7b-d77c622c139d.png?v=1719670356,kg,,,,,,
nice-to-meet-you-kids-t-shirt-copy,,,,,,,,,1-2 YRS,,,Green,,,,,'10713016,200.0,shopify,150,continue,manual,799.00,,true,true,,,,,'10713016,https://cdn.shopify.com/s/files/1/0618/2368/0740/files/26_f1aa1313-0e6a-4e20-aada-b95a235f9c49.png?v=1719670356,13,Nice To Meet You Kids T Shirt Copy - front view - kids wear Pakistan,,,,,,,,,,,,,,,,,,,,,,,,,,,,,,,,,,,,,,,,,,,,https://cdn.shopify.com/s/files/1/0618/2368/0740/files/24_1c530243-ec1d-448e-b4d2-a5512708ab9d.png?v=1719670356,kg,,,,,,
nice-to-meet-you-kids-t-shirt-copy,,,,,,,,,1-2 YRS,,,Navy Blue,,,,,'10713017,200.0,shopify,150,continue,manual,799.00,,true,true,,,,,'10713017,https://cdn.shopify.com/s/files/1/0618/2368/0740/files/27_f508fc94-170f-4ce0-9796-eeb84d355849.png?v=1719670356,14,Nice To Meet You Kids T Shirt Copy - back view - kids wear Pakistan,,,,,,,,,,,,,,,,,,,,,,,,,,,,,,,,,,,,,,,,,,,,https://cdn.shopify.com/s/files/1/0618/2368/0740/files/22_d8ce60e9-b881-4d5c-b392-aee59e77beda.png?v=1719670356,kg,,,,,,
nice-to-meet-you-kids-t-shirt-copy,,,,,,,,,3-4 YRS,,,Yellow,,,,,'10713018,200.0,shopify,49,continue,manual,799.00,,true,true,,,,,'10713018,https://cdn.shopify.com/s/files/1/0618/2368/0740/files/28_55ae3476-7ec0-482d-8fa3-cbbe77dc7fd2.png?v=1719670356,15,Nice To Meet You Kids T Shirt Copy - side view - kids wear Pakistan,,,,,,,,,,,,,,,,,,,,,,,,,,,,,,,,,,,,,,,,,,,,https://cdn.shopify.com/s/files/1/0618/2368/0740/files/21_5969379b-2a0d-4655-bbe1-9f3b737e7777.png?v=1719669165,kg,,,,,,
nice-to-meet-you-kids-t-shirt-copy,,,,,,,,,3-4 YRS,,,Light Blue,,,,,'10713019,200.0,shopify,50,continue,manual,799.00,,true,true,,,,,'10713019,https://cdn.shopify.com/s/files/1/0618/2368/0740/files/15_ff913fb9-0667-49be-99c9-4f1b4223aa3c.png?v=1719670356,16,Nice To Meet You Kids T Shirt Copy - detail shot - kids wear Pakistan,,,,,,,,,,,,,,,,,,,,,,,,,,,,,,,,,,,,,,,,,,,,https://cdn.shopify.com/s/files/1/0618/2368/0740/files/27_f508fc94-170f-4ce0-9796-eeb84d355849.png?v=1719670356,kg,,,,,,
nice-to-meet-you-kids-t-shirt-copy,,,,,,,,,3-4 YRS,,,Grey,,,,,'10713020,200.0,shopify,50,continue,manual,799.00,,true,true,,,,,'10713020,https://cdn.shopify.com/s/files/1/0618/2368/0740/files/16_8c923905-7c78-4d3a-a582-379abb279043.png?v=1719670356,17,Nice To Meet You Kids T Shirt Copy - front view - kids wear Pakistan,,,,,,,,,,,,,,,,,,,,,,,,,,,,,,,,,,,,,,,,,,,,https://cdn.shopify.com/s/files/1/0618/2368/0740/files/26_f1aa1313-0e6a-4e20-aada-b95a235f9c49.png?v=1719670356,kg,,,,,,
nice-to-meet-you-kids-t-shirt-copy,,,,,,,,,3-4 YRS,,,Royal Blue,,,,,'10713021,200.0,shopify,50,continue,manual,799.00,,true,true,,,,,'10713021,,,,,,,,,,,,,,,,,,,,,,,,,,,,,,,,,,,,,,,,,,,,,,,https://cdn.shopify.com/s/files/1/0618/2368/0740/files/19_4e04bef2-be1a-4e31-88a3-bae7869fd3e8.png?v=1719670356,kg,,,,,,
nice-to-meet-you-kids-t-shirt-copy,,,,,,,,,3-4 YRS,,,Beige,,,,,'10713022,200.0,shopify,150,continue,manual,799.00,,true,true,,,,,'10713022,,,,,,,,,,,,,,,,,,,,,,,,,,,,,,,,,,,,,,,,,,,,,,,https://cdn.shopify.com/s/files/1/0618/2368/0740/files/28_55ae3476-7ec0-482d-8fa3-cbbe77dc7fd2.png?v=1719670356,kg,,,,,,
nice-to-meet-you-kids-t-shirt-copy,,,,,,,,,3-4 YRS,,,White,,,,,'10713023,200.0,shopify,50,continue,manual,799.00,,true,true,,,,,'10713023,,,,,,,,,,,,,,,,,,,,,,,,,,,,,,,,,,,,,,,,,,,,,,,https://cdn.shopify.com/s/files/1/0618/2368/0740/files/15_ff913fb9-0667-49be-99c9-4f1b4223aa3c.png?v=1719670356,kg,,,,,,
nice-to-meet-you-kids-t-shirt-copy,,,,,,,,,3-4 YRS,,,Red,,,,,'10713024,200.0,shopify,50,continue,manual,799.00,,true,true,,,,,'10713024,,,,,,,,,,,,,,,,,,,,,,,,,,,,,,,,,,,,,,,,,,,,,,,https://cdn.shopify.com/s/files/1/0618/2368/0740/files/17_df75ac86-c4aa-40a7-a44a-7da458fdccbf.png?v=1719670356,kg,,,,,,
nice-to-meet-you-kids-t-shirt-copy,,,,,,,,,3-4 YRS,,,Pink,,,,,'10713025,200.0,shopify,50,continue,manual,799.00,,true,true,,,,,'10713025,,,,,,,,,,,,,,,,,,,,,,,,,,,,,,,,,,,,,,,,,,,,,,,https://cdn.shopify.com/s/files/1/0618/2368/0740/files/25_4c78c892-86b1-4d75-b89b-c91eac7d475a.png?v=1719670356,kg,,,,,,
nice-to-meet-you-kids-t-shirt-copy,,,,,,,,,3-4 YRS,,,Bottle green,,,,,'10713026,200.0,shopify,50,continue,manual,799.00,,true,true,,,,,'10713026,,,,,,,,,,,,,,,,,,,,,,,,,,,,,,,,,,,,,,,,,,,,,,,https://cdn.shopify.com/s/files/1/0618/2368/0740/files/23_13d1271b-9914-428c-8969-f98849679810.png?v=1719670356,kg,,,,,,
nice-to-meet-you-kids-t-shirt-copy,,,,,,,,,3-4 YRS,,,Orange,,,,,'10713027,200.0,shopify,50,continue,manual,799.00,,true,true,,,,,'10713027,,,,,,,,,,,,,,,,,,,,,,,,,,,,,,,,,,,,,,,,,,,,,,,https://cdn.shopify.com/s/files/1/0618/2368/0740/files/18_9eda5fe9-4f89-4b0d-a5ce-3ca4a135a0cd.png?v=1719670356,kg,,,,,,
nice-to-meet-you-kids-t-shirt-copy,,,,,,,,,3-4 YRS,,,Black,,,,,'10713028,200.0,shopify,50,continue,manual,799.00,,true,true,,,,,'10713028,,,,,,,,,,,,,,,,,,,,,,,,,,,,,,,,,,,,,,,,,,,,,,,https://cdn.shopify.com/s/files/1/0618/2368/0740/files/16_8c923905-7c78-4d3a-a582-379abb279043.png?v=1719670356,kg,,,,,,
nice-to-meet-you-kids-t-shirt-copy,,,,,,,,,3-4 YRS,,,Mahroon,,,,,'10713029,200.0,shopify,50,continue,manual,799.00,,true,true,,,,,'10713029,,,,,,,,,,,,,,,,,,,,,,,,,,,,,,,,,,,,,,,,,,,,,,,https://cdn.shopify.com/s/files/1/0618/2368/0740/files/20_cad9bfe1-84e3-41a6-aa7b-d77c622c139d.png?v=1719670356,kg,,,,,,
nice-to-meet-you-kids-t-shirt-copy,,,,,,,,,3-4 YRS,,,Green,,,,,'10713030,200.0,shopify,150,continue,manual,799.00,,true,true,,,,,'10713030,,,,,,,,,,,,,,,,,,,,,,,,,,,,,,,,,,,,,,,,,,,,,,,https://cdn.shopify.com/s/files/1/0618/2368/0740/files/24_1c530243-ec1d-448e-b4d2-a5512708ab9d.png?v=1719670356,kg,,,,,,
nice-to-meet-you-kids-t-shirt-copy,,,,,,,,,3-4 YRS,,,Navy Blue,,,,,'10713031,200.0,shopify,150,continue,manual,799.00,,true,true,,,,,'10713031,,,,,,,,,,,,,,,,,,,,,,,,,,,,,,,,,,,,,,,,,,,,,,,https://cdn.shopify.com/s/files/1/0618/2368/0740/files/22_d8ce60e9-b881-4d5c-b392-aee59e77beda.png?v=1719670356,kg,,,,,,
nice-to-meet-you-kids-t-shirt-copy,,,,,,,,,5-6 YRS,,,Yellow,,,,,'10713032,200.0,shopify,50,continue,manual,799.00,,true,true,,,,,'10713032,,,,,,,,,,,,,,,,,,,,,,,,,,,,,,,,,,,,,,,,,,,,,,,https://cdn.shopify.com/s/files/1/0618/2368/0740/files/21_5969379b-2a0d-4655-bbe1-9f3b737e7777.png?v=1719669165,kg,,,,,,
nice-to-meet-you-kids-t-shirt-copy,,,,,,,,,5-6 YRS,,,Light Blue,,,,,'10713033,200.0,shopify,50,continue,manual,799.00,,true,true,,,,,'10713033,,,,,,,,,,,,,,,,,,,,,,,,,,,,,,,,,,,,,,,,,,,,,,,https://cdn.shopify.com/s/files/1/0618/2368/0740/files/27_f508fc94-170f-4ce0-9796-eeb84d355849.png?v=1719670356,kg,,,,,,
nice-to-meet-you-kids-t-shirt-copy,,,,,,,,,5-6 YRS,,,Grey,,,,,'10713034,200.0,shopify,50,continue,manual,799.00,,true,true,,,,,'10713034,,,,,,,,,,,,,,,,,,,,,,,,,,,,,,,,,,,,,,,,,,,,,,,https://cdn.shopify.com/s/files/1/0618/2368/0740/files/26_f1aa1313-0e6a-4e20-aada-b95a235f9c49.png?v=1719670356,kg,,,,,,
nice-to-meet-you-kids-t-shirt-copy,,,,,,,,,5-6 YRS,,,Royal Blue,,,,,'10713035,200.0,shopify,50,continue,manual,799.00,,true,true,,,,,'10713035,,,,,,,,,,,,,,,,,,,,,,,,,,,,,,,,,,,,,,,,,,,,,,,https://cdn.shopify.com/s/files/1/0618/2368/0740/files/19_4e04bef2-be1a-4e31-88a3-bae7869fd3e8.png?v=1719670356,kg,,,,,,
nice-to-meet-you-kids-t-shirt-copy,,,,,,,,,5-6 YRS,,,Beige,,,,,'10713036,200.0,shopify,150,continue,manual,799.00,,true,true,,,,,'10713036,,,,,,,,,,,,,,,,,,,,,,,,,,,,,,,,,,,,,,,,,,,,,,,https://cdn.shopify.com/s/files/1/0618/2368/0740/files/28_55ae3476-7ec0-482d-8fa3-cbbe77dc7fd2.png?v=1719670356,kg,,,,,,
nice-to-meet-you-kids-t-shirt-copy,,,,,,,,,5-6 YRS,,,White,,,,,'10713037,200.0,shopify,50,continue,manual,799.00,,true,true,,,,,'10713037,,,,,,,,,,,,,,,,,,,,,,,,,,,,,,,,,,,,,,,,,,,,,,,https://cdn.shopify.com/s/files/1/0618/2368/0740/files/15_ff913fb9-0667-49be-99c9-4f1b4223aa3c.png?v=1719670356,kg,,,,,,
nice-to-meet-you-kids-t-shirt-copy,,,,,,,,,5-6 YRS,,,Red,,,,,'10713038,200.0,shopify,50,continue,manual,799.00,,true,true,,,,,'10713038,,,,,,,,,,,,,,,,,,,,,,,,,,,,,,,,,,,,,,,,,,,,,,,https://cdn.shopify.com/s/files/1/0618/2368/0740/files/17_df75ac86-c4aa-40a7-a44a-7da458fdccbf.png?v=1719670356,kg,,,,,,
nice-to-meet-you-kids-t-shirt-copy,,,,,,,,,5-6 YRS,,,Pink,,,,,'10713039,200.0,shopify,50,continue,manual,799.00,,true,true,,,,,'10713039,,,,,,,,,,,,,,,,,,,,,,,,,,,,,,,,,,,,,,,,,,,,,,,https://cdn.shopify.com/s/files/1/0618/2368/0740/files/25_4c78c892-86b1-4d75-b89b-c91eac7d475a.png?v=1719670356,kg,,,,,,
nice-to-meet-you-kids-t-shirt-copy,,,,,,,,,5-6 YRS,,,Bottle green,,,,,'10713040,200.0,shopify,50,continue,manual,799.00,,true,true,,,,,'10713040,,,,,,,,,,,,,,,,,,,,,,,,,,,,,,,,,,,,,,,,,,,,,,,https://cdn.shopify.com/s/files/1/0618/2368/0740/files/23_13d1271b-9914-428c-8969-f98849679810.png?v=1719670356,kg,,,,,,
nice-to-meet-you-kids-t-shirt-copy,,,,,,,,,5-6 YRS,,,Orange,,,,,'10713041,200.0,shopify,50,continue,manual,799.00,,true,true,,,,,'10713041,,,,,,,,,,,,,,,,,,,,,,,,,,,,,,,,,,,,,,,,,,,,,,,https://cdn.shopify.com/s/files/1/0618/2368/0740/files/18_9eda5fe9-4f89-4b0d-a5ce-3ca4a135a0cd.png?v=1719670356,kg,,,,,,
nice-to-meet-you-kids-t-shirt-copy,,,,,,,,,5-6 YRS,,,Black,,,,,'10713042,200.0,shopify,50,continue,manual,799.00,,true,true,,,,,'10713042,,,,,,,,,,,,,,,,,,,,,,,,,,,,,,,,,,,,,,,,,,,,,,,https://cdn.shopify.com/s/files/1/0618/2368/0740/files/16_8c923905-7c78-4d3a-a582-379abb279043.png?v=1719670356,kg,,,,,,
nice-to-meet-you-kids-t-shirt-copy,,,,,,,,,5-6 YRS,,,Mahroon,,,,,'10713043,200.0,shopify,50,continue,manual,799.00,,true,true,,,,,'10713043,,,,,,,,,,,,,,,,,,,,,,,,,,,,,,,,,,,,,,,,,,,,,,,https://cdn.shopify.com/s/files/1/0618/2368/0740/files/20_cad9bfe1-84e3-41a6-aa7b-d77c622c139d.png?v=1719670356,kg,,,,,,
nice-to-meet-you-kids-t-shirt-copy,,,,,,,,,5-6 YRS,,,Green,,,,,'10713044,200.0,shopify,150,continue,manual,799.00,,true,true,,,,,'10713044,,,,,,,,,,,,,,,,,,,,,,,,,,,,,,,,,,,,,,,,,,,,,,,https://cdn.shopify.com/s/files/1/0618/2368/0740/files/24_1c530243-ec1d-448e-b4d2-a5512708ab9d.png?v=1719670356,kg,,,,,,
nice-to-meet-you-kids-t-shirt-copy,,,,,,,,,5-6 YRS,,,Navy Blue,,,,,'10713045,200.0,shopify,150,continue,manual,799.00,,true,true,,,,,'10713045,,,,,,,,,,,,,,,,,,,,,,,,,,,,,,,,,,,,,,,,,,,,,,,https://cdn.shopify.com/s/files/1/0618/2368/0740/files/22_d8ce60e9-b881-4d5c-b392-aee59e77beda.png?v=1719670356,kg,,,,,,
nice-to-meet-you-kids-t-shirt-copy,,,,,,,,,7-8 YRS,,,Yellow,,,,,'10713046,200.0,shopify,50,continue,manual,799.00,,true,true,,,,,'10713046,,,,,,,,,,,,,,,,,,,,,,,,,,,,,,,,,,,,,,,,,,,,,,,https://cdn.shopify.com/s/files/1/0618/2368/0740/files/21_5969379b-2a0d-4655-bbe1-9f3b737e7777.png?v=1719669165,kg,,,,,,
nice-to-meet-you-kids-t-shirt-copy,,,,,,,,,7-8 YRS,,,Light Blue,,,,,'10713047,200.0,shopify,50,continue,manual,799.00,,true,true,,,,,'10713047,,,,,,,,,,,,,,,,,,,,,,,,,,,,,,,,,,,,,,,,,,,,,,,https://cdn.shopify.com/s/files/1/0618/2368/0740/files/27_f508fc94-170f-4ce0-9796-eeb84d355849.png?v=1719670356,kg,,,,,,
nice-to-meet-you-kids-t-shirt-copy,,,,,,,,,7-8 YRS,,,Grey,,,,,'10713048,200.0,shopify,50,continue,manual,799.00,,true,true,,,,,'10713048,,,,,,,,,,,,,,,,,,,,,,,,,,,,,,,,,,,,,,,,,,,,,,,https://cdn.shopify.com/s/files/1/0618/2368/0740/files/26_f1aa1313-0e6a-4e20-aada-b95a235f9c49.png?v=1719670356,kg,,,,,,
nice-to-meet-you-kids-t-shirt-copy,,,,,,,,,7-8 YRS,,,Royal Blue,,,,,'10713049,200.0,shopify,50,continue,manual,799.00,,true,true,,,,,'10713049,,,,,,,,,,,,,,,,,,,,,,,,,,,,,,,,,,,,,,,,,,,,,,,https://cdn.shopify.com/s/files/1/0618/2368/0740/files/19_4e04bef2-be1a-4e31-88a3-bae7869fd3e8.png?v=1719670356,kg,,,,,,
nice-to-meet-you-kids-t-shirt-copy,,,,,,,,,7-8 YRS,,,Beige,,,,,'10713050,200.0,shopify,150,continue,manual,799.00,,true,true,,,,,'10713050,,,,,,,,,,,,,,,,,,,,,,,,,,,,,,,,,,,,,,,,,,,,,,,https://cdn.shopify.com/s/files/1/0618/2368/0740/files/28_55ae3476-7ec0-482d-8fa3-cbbe77dc7fd2.png?v=1719670356,kg,,,,,,
nice-to-meet-you-kids-t-shirt-copy,,,,,,,,,7-8 YRS,,,White,,,,,'10713051,200.0,shopify,50,continue,manual,799.00,,true,true,,,,,'10713051,,,,,,,,,,,,,,,,,,,,,,,,,,,,,,,,,,,,,,,,,,,,,,,https://cdn.shopify.com/s/files/1/0618/2368/0740/files/15_ff913fb9-0667-49be-99c9-4f1b4223aa3c.png?v=1719670356,kg,,,,,,
nice-to-meet-you-kids-t-shirt-copy,,,,,,,,,7-8 YRS,,,Red,,,,,'10713052,200.0,shopify,50,continue,manual,799.00,,true,true,,,,,'10713052,,,,,,,,,,,,,,,,,,,,,,,,,,,,,,,,,,,,,,,,,,,,,,,https://cdn.shopify.com/s/files/1/0618/2368/0740/files/17_df75ac86-c4aa-40a7-a44a-7da458fdccbf.png?v=1719670356,kg,,,,,,
nice-to-meet-you-kids-t-shirt-copy,,,,,,,,,7-8 YRS,,,Pink,,,,,'10713053,200.0,shopify,49,continue,manual,799.00,,true,true,,,,,'10713053,,,,,,,,,,,,,,,,,,,,,,,,,,,,,,,,,,,,,,,,,,,,,,,https://cdn.shopify.com/s/files/1/0618/2368/0740/files/25_4c78c892-86b1-4d75-b89b-c91eac7d475a.png?v=1719670356,kg,,,,,,
nice-to-meet-you-kids-t-shirt-copy,,,,,,,,,7-8 YRS,,,Bottle green,,,,,'10713054,200.0,shopify,50,continue,manual,799.00,,true,true,,,,,'10713054,,,,,,,,,,,,,,,,,,,,,,,,,,,,,,,,,,,,,,,,,,,,,,,https://cdn.shopify.com/s/files/1/0618/2368/0740/files/23_13d1271b-9914-428c-8969-f98849679810.png?v=1719670356,kg,,,,,,
nice-to-meet-you-kids-t-shirt-copy,,,,,,,,,7-8 YRS,,,Orange,,,,,'10713055,200.0,shopify,50,continue,manual,799.00,,true,true,,,,,'10713055,,,,,,,,,,,,,,,,,,,,,,,,,,,,,,,,,,,,,,,,,,,,,,,https://cdn.shopify.com/s/files/1/0618/2368/0740/files/18_9eda5fe9-4f89-4b0d-a5ce-3ca4a135a0cd.png?v=1719670356,kg,,,,,,
nice-to-meet-you-kids-t-shirt-copy,,,,,,,,,7-8 YRS,,,Black,,,,,'10713056,200.0,shopify,50,continue,manual,799.00,,true,true,,,,,'10713056,,,,,,,,,,,,,,,,,,,,,,,,,,,,,,,,,,,,,,,,,,,,,,,https://cdn.shopify.com/s/files/1/0618/2368/0740/files/16_8c923905-7c78-4d3a-a582-379abb279043.png?v=1719670356,kg,,,,,,
nice-to-meet-you-kids-t-shirt-copy,,,,,,,,,7-8 YRS,,,Mahroon,,,,,'10713057,200.0,shopify,50,continue,manual,799.00,,true,true,,,,,'10713057,,,,,,,,,,,,,,,,,,,,,,,,,,,,,,,,,,,,,,,,,,,,,,,https://cdn.shopify.com/s/files/1/0618/2368/0740/files/20_cad9bfe1-84e3-41a6-aa7b-d77c622c139d.png?v=1719670356,kg,,,,,,
nice-to-meet-you-kids-t-shirt-copy,,,,,,,,,7-8 YRS,,,Green,,,,,'10713058,200.0,shopify,150,continue,manual,799.00,,true,true,,,,,'10713058,,,,,,,,,,,,,,,,,,,,,,,,,,,,,,,,,,,,,,,,,,,,,,,https://cdn.shopify.com/s/files/1/0618/2368/0740/files/24_1c530243-ec1d-448e-b4d2-a5512708ab9d.png?v=1719670356,kg,,,,,,
nice-to-meet-you-kids-t-shirt-copy,,,,,,,,,7-8 YRS,,,Navy Blue,,,,,'10713059,200.0,shopify,150,continue,manual,799.00,,true,true,,,,,'10713059,,,,,,,,,,,,,,,,,,,,,,,,,,,,,,,,,,,,,,,,,,,,,,,https://cdn.shopify.com/s/files/1/0618/2368/0740/files/22_d8ce60e9-b881-4d5c-b392-aee59e77beda.png?v=1719670356,kg,,,,,,
nice-to-meet-you-kids-t-shirt-copy,,,,,,,,,9-10 YRS,,,Yellow,,,,,'10713060,200.0,shopify,50,continue,manual,899.00,,true,true,,,,,'10713060,,,,,,,,,,,,,,,,,,,,,,,,,,,,,,,,,,,,,,,,,,,,,,,https://cdn.shopify.com/s/files/1/0618/2368/0740/files/21_5969379b-2a0d-4655-bbe1-9f3b737e7777.png?v=1719669165,kg,,,,,,
nice-to-meet-you-kids-t-shirt-copy,,,,,,,,,9-10 YRS,,,Light Blue,,,,,'10713061,200.0,shopify,49,continue,manual,899.00,,true,true,,,,,'10713061,,,,,,,,,,,,,,,,,,,,,,,,,,,,,,,,,,,,,,,,,,,,,,,https://cdn.shopify.com/s/files/1/0618/2368/0740/files/27_f508fc94-170f-4ce0-9796-eeb84d355849.png?v=1719670356,kg,,,,,,
nice-to-meet-you-kids-t-shirt-copy,,,,,,,,,9-10 YRS,,,Grey,,,,,'10713062,200.0,shopify,50,continue,manual,899.00,,true,true,,,,,'10713062,,,,,,,,,,,,,,,,,,,,,,,,,,,,,,,,,,,,,,,,,,,,,,,https://cdn.shopify.com/s/files/1/0618/2368/0740/files/26_f1aa1313-0e6a-4e20-aada-b95a235f9c49.png?v=1719670356,kg,,,,,,
nice-to-meet-you-kids-t-shirt-copy,,,,,,,,,9-10 YRS,,,Royal Blue,,,,,'10713063,200.0,shopify,50,continue,manual,899.00,,true,true,,,,,'10713063,,,,,,,,,,,,,,,,,,,,,,,,,,,,,,,,,,,,,,,,,,,,,,,https://cdn.shopify.com/s/files/1/0618/2368/0740/files/19_4e04bef2-be1a-4e31-88a3-bae7869fd3e8.png?v=1719670356,kg,,,,,,
nice-to-meet-you-kids-t-shirt-copy,,,,,,,,,9-10 YRS,,,Beige,,,,,'10713064,200.0,shopify,150,continue,manual,899.00,,true,true,,,,,'10713064,,,,,,,,,,,,,,,,,,,,,,,,,,,,,,,,,,,,,,,,,,,,,,,https://cdn.shopify.com/s/files/1/0618/2368/0740/files/28_55ae3476-7ec0-482d-8fa3-cbbe77dc7fd2.png?v=1719670356,kg,,,,,,
nice-to-meet-you-kids-t-shirt-copy,,,,,,,,,9-10 YRS,,,White,,,,,'10713065,200.0,shopify,50,continue,manual,899.00,,true,true,,,,,'10713065,,,,,,,,,,,,,,,,,,,,,,,,,,,,,,,,,,,,,,,,,,,,,,,https://cdn.shopify.com/s/files/1/0618/2368/0740/files/15_ff913fb9-0667-49be-99c9-4f1b4223aa3c.png?v=1719670356,kg,,,,,,
nice-to-meet-you-kids-t-shirt-copy,,,,,,,,,9-10 YRS,,,Red,,,,,'10713066,200.0,shopify,50,continue,manual,899.00,,true,true,,,,,'10713066,,,,,,,,,,,,,,,,,,,,,,,,,,,,,,,,,,,,,,,,,,,,,,,https://cdn.shopify.com/s/files/1/0618/2368/0740/files/17_df75ac86-c4aa-40a7-a44a-7da458fdccbf.png?v=1719670356,kg,,,,,,
nice-to-meet-you-kids-t-shirt-copy,,,,,,,,,9-10 YRS,,,Pink,,,,,'10713067,200.0,shopify,50,continue,manual,899.00,,true,true,,,,,'10713067,,,,,,,,,,,,,,,,,,,,,,,,,,,,,,,,,,,,,,,,,,,,,,,https://cdn.shopify.com/s/files/1/0618/2368/0740/files/25_4c78c892-86b1-4d75-b89b-c91eac7d475a.png?v=1719670356,kg,,,,,,
nice-to-meet-you-kids-t-shirt-copy,,,,,,,,,9-10 YRS,,,Bottle green,,,,,'10713068,200.0,shopify,50,continue,manual,899.00,,true,true,,,,,'10713068,,,,,,,,,,,,,,,,,,,,,,,,,,,,,,,,,,,,,,,,,,,,,,,https://cdn.shopify.com/s/files/1/0618/2368/0740/files/23_13d1271b-9914-428c-8969-f98849679810.png?v=1719670356,kg,,,,,,
nice-to-meet-you-kids-t-shirt-copy,,,,,,,,,9-10 YRS,,,Orange,,,,,'10713069,200.0,shopify,50,continue,manual,899.00,,true,true,,,,,'10713069,,,,,,,,,,,,,,,,,,,,,,,,,,,,,,,,,,,,,,,,,,,,,,,https://cdn.shopify.com/s/files/1/0618/2368/0740/files/18_9eda5fe9-4f89-4b0d-a5ce-3ca4a135a0cd.png?v=1719670356,kg,,,,,,
nice-to-meet-you-kids-t-shirt-copy,,,,,,,,,9-10 YRS,,,Black,,,,,'10713070,200.0,shopify,50,continue,manual,899.00,,true,true,,,,,'10713070,,,,,,,,,,,,,,,,,,,,,,,,,,,,,,,,,,,,,,,,,,,,,,,https://cdn.shopify.com/s/files/1/0618/2368/0740/files/16_8c923905-7c78-4d3a-a582-379abb279043.png?v=1719670356,kg,,,,,,
nice-to-meet-you-kids-t-shirt-copy,,,,,,,,,9-10 YRS,,,Mahroon,,,,,'10713071,200.0,shopify,50,continue,manual,899.00,,true,true,,,,,'10713071,,,,,,,,,,,,,,,,,,,,,,,,,,,,,,,,,,,,,,,,,,,,,,,https://cdn.shopify.com/s/files/1/0618/2368/0740/files/20_cad9bfe1-84e3-41a6-aa7b-d77c622c139d.png?v=1719670356,kg,,,,,,
nice-to-meet-you-kids-t-shirt-copy,,,,,,,,,9-10 YRS,,,Green,,,,,'10713072,200.0,shopify,150,continue,manual,899.00,,true,true,,,,,'10713072,,,,,,,,,,,,,,,,,,,,,,,,,,,,,,,,,,,,,,,,,,,,,,,https://cdn.shopify.com/s/files/1/0618/2368/0740/files/24_1c530243-ec1d-448e-b4d2-a5512708ab9d.png?v=1719670356,kg,,,,,,
nice-to-meet-you-kids-t-shirt-copy,,,,,,,,,9-10 YRS,,,Navy Blue,,,,,'10713073,200.0,shopify,150,continue,manual,899.00,,true,true,,,,,'10713073,,,,,,,,,,,,,,,,,,,,,,,,,,,,,,,,,,,,,,,,,,,,,,,https://cdn.shopify.com/s/files/1/0618/2368/0740/files/22_d8ce60e9-b881-4d5c-b392-aee59e77beda.png?v=1719670356,kg,,,,,,
nice-to-meet-you-kids-t-shirt-copy,,,,,,,,,11-12 YRS,,,Yellow,,,,,'10713074,200.0,shopify,50,continue,manual,899.00,,true,true,,,,,'10713074,,,,,,,,,,,,,,,,,,,,,,,,,,,,,,,,,,,,,,,,,,,,,,,https://cdn.shopify.com/s/files/1/0618/2368/0740/files/21_5969379b-2a0d-4655-bbe1-9f3b737e7777.png?v=1719669165,kg,,,,,,
nice-to-meet-you-kids-t-shirt-copy,,,,,,,,,11-12 YRS,,,Light Blue,,,,,'10713075,200.0,shopify,50,continue,manual,899.00,,true,true,,,,,'10713075,,,,,,,,,,,,,,,,,,,,,,,,,,,,,,,,,,,,,,,,,,,,,,,https://cdn.shopify.com/s/files/1/0618/2368/0740/files/27_f508fc94-170f-4ce0-9796-eeb84d355849.png?v=1719670356,kg,,,,,,
nice-to-meet-you-kids-t-shirt-copy,,,,,,,,,11-12 YRS,,,Grey,,,,,'10713076,200.0,shopify,50,continue,manual,899.00,,true,true,,,,,'10713076,,,,,,,,,,,,,,,,,,,,,,,,,,,,,,,,,,,,,,,,,,,,,,,https://cdn.shopify.com/s/files/1/0618/2368/0740/files/26_f1aa1313-0e6a-4e20-aada-b95a235f9c49.png?v=1719670356,kg,,,,,,
nice-to-meet-you-kids-t-shirt-copy,,,,,,,,,11-12 YRS,,,Royal Blue,,,,,'10713077,200.0,shopify,50,continue,manual,899.00,,true,true,,,,,'10713077,,,,,,,,,,,,,,,,,,,,,,,,,,,,,,,,,,,,,,,,,,,,,,,https://cdn.shopify.com/s/files/1/0618/2368/0740/files/19_4e04bef2-be1a-4e31-88a3-bae7869fd3e8.png?v=1719670356,kg,,,,,,
nice-to-meet-you-kids-t-shirt-copy,,,,,,,,,11-12 YRS,,,Beige,,,,,'10713078,200.0,shopify,150,continue,manual,899.00,,true,true,,,,,'10713078,,,,,,,,,,,,,,,,,,,,,,,,,,,,,,,,,,,,,,,,,,,,,,,https://cdn.shopify.com/s/files/1/0618/2368/0740/files/28_55ae3476-7ec0-482d-8fa3-cbbe77dc7fd2.png?v=1719670356,kg,,,,,,
nice-to-meet-you-kids-t-shirt-copy,,,,,,,,,11-12 YRS,,,White,,,,,'10713079,200.0,shopify,50,continue,manual,899.00,,true,true,,,,,'10713079,,,,,,,,,,,,,,,,,,,,,,,,,,,,,,,,,,,,,,,,,,,,,,,https://cdn.shopify.com/s/files/1/0618/2368/0740/files/15_ff913fb9-0667-49be-99c9-4f1b4223aa3c.png?v=1719670356,kg,,,,,,
nice-to-meet-you-kids-t-shirt-copy,,,,,,,,,11-12 YRS,,,Red,,,,,'10713080,200.0,shopify,50,continue,manual,899.00,,true,true,,,,,'10713080,,,,,,,,,,,,,,,,,,,,,,,,,,,,,,,,,,,,,,,,,,,,,,,https://cdn.shopify.com/s/files/1/0618/2368/0740/files/17_df75ac86-c4aa-40a7-a44a-7da458fdccbf.png?v=1719670356,kg,,,,,,
nice-to-meet-you-kids-t-shirt-copy,,,,,,,,,11-12 YRS,,,Pink,,,,,'10713081,200.0,shopify,50,continue,manual,899.00,,true,true,,,,,'10713081,,,,,,,,,,,,,,,,,,,,,,,,,,,,,,,,,,,,,,,,,,,,,,,https://cdn.shopify.com/s/files/1/0618/2368/0740/files/25_4c78c892-86b1-4d75-b89b-c91eac7d475a.png?v=1719670356,kg,,,,,,
nice-to-meet-you-kids-t-shirt-copy,,,,,,,,,11-12 YRS,,,Bottle green,,,,,'10713082,200.0,shopify,50,continue,manual,899.00,,true,true,,,,,'10713082,,,,,,,,,,,,,,,,,,,,,,,,,,,,,,,,,,,,,,,,,,,,,,,https://cdn.shopify.com/s/files/1/0618/2368/0740/files/23_13d1271b-9914-428c-8969-f98849679810.png?v=1719670356,kg,,,,,,
nice-to-meet-you-kids-t-shirt-copy,,,,,,,,,11-12 YRS,,,Orange,,,,,'10713083,200.0,shopify,50,continue,manual,899.00,,true,true,,,,,'10713083,,,,,,,,,,,,,,,,,,,,,,,,,,,,,,,,,,,,,,,,,,,,,,,https://cdn.shopify.com/s/files/1/0618/2368/0740/files/18_9eda5fe9-4f89-4b0d-a5ce-3ca4a135a0cd.png?v=1719670356,kg,,,,,,
nice-to-meet-you-kids-t-shirt-copy,,,,,,,,,11-12 YRS,,,Black,,,,,'10713084,200.0,shopify,50,continue,manual,899.00,,true,true,,,,,'10713084,,,,,,,,,,,,,,,,,,,,,,,,,,,,,,,,,,,,,,,,,,,,,,,https://cdn.shopify.com/s/files/1/0618/2368/0740/files/16_8c923905-7c78-4d3a-a582-379abb279043.png?v=1719670356,kg,,,,,,
nice-to-meet-you-kids-t-shirt-copy,,,,,,,,,11-12 YRS,,,Mahroon,,,,,'10713085,200.0,shopify,50,continue,manual,899.00,,true,true,,,,,'10713085,,,,,,,,,,,,,,,,,,,,,,,,,,,,,,,,,,,,,,,,,,,,,,,https://cdn.shopify.com/s/files/1/0618/2368/0740/files/20_cad9bfe1-84e3-41a6-aa7b-d77c622c139d.png?v=1719670356,kg,,,,,,
nice-to-meet-you-kids-t-shirt-copy,,,,,,,,,11-12 YRS,,,Green,,,,,'10713086,200.0,shopify,150,continue,manual,899.00,,true,true,,,,,'10713086,,,,,,,,,,,,,,,,,,,,,,,,,,,,,,,,,,,,,,,,,,,,,,,https://cdn.shopify.com/s/files/1/0618/2368/0740/files/24_1c530243-ec1d-448e-b4d2-a5512708ab9d.png?v=1719670356,kg,,,,,,
nice-to-meet-you-kids-t-shirt-copy,,,,,,,,,11-12 YRS,,,Navy Blue,,,,,'10713087,200.0,shopify,150,continue,manual,899.00,,true,true,,,,,'10713087,,,,,,,,,,,,,,,,,,,,,,,,,,,,,,,,,,,,,,,,,,,,,,,https://cdn.shopify.com/s/files/1/0618/2368/0740/files/22_d8ce60e9-b881-4d5c-b392-aee59e77beda.png?v=1719670356,kg,,,,,,
nice-to-meet-you-kids-t-shirt-copy,,,,,,,,,13-14 YRS,,,Yellow,,,,,'10713088,200.0,shopify,100,continue,manual,999.00,,true,true,,,,,'10713088,,,,,,,,,,,,,,,,,,,,,,,,,,,,,,,,,,,,,,,,,,,,,,,https://cdn.shopify.com/s/files/1/0618/2368/0740/files/21_5969379b-2a0d-4655-bbe1-9f3b737e7777.png?v=1719669165,kg,,,,,,
nice-to-meet-you-kids-t-shirt-copy,,,,,,,,,13-14 YRS,,,Light Blue,,,,,'10713089,200.0,shopify,100,continue,manual,999.00,,true,true,,,,,'10713089,,,,,,,,,,,,,,,,,,,,,,,,,,,,,,,,,,,,,,,,,,,,,,,https://cdn.shopify.com/s/files/1/0618/2368/0740/files/27_f508fc94-170f-4ce0-9796-eeb84d355849.png?v=1719670356,kg,,,,,,
nice-to-meet-you-kids-t-shirt-copy,,,,,,,,,13-14 YRS,,,Grey,,,,,'10713090,200.0,shopify,100,continue,manual,999.00,,true,true,,,,,'10713090,,,,,,,,,,,,,,,,,,,,,,,,,,,,,,,,,,,,,,,,,,,,,,,https://cdn.shopify.com/s/files/1/0618/2368/0740/files/26_f1aa1313-0e6a-4e20-aada-b95a235f9c49.png?v=1719670356,kg,,,,,,
nice-to-meet-you-kids-t-shirt-copy,,,,,,,,,13-14 YRS,,,Royal Blue,,,,,'10713091,200.0,shopify,100,continue,manual,999.00,,true,true,,,,,'10713091,,,,,,,,,,,,,,,,,,,,,,,,,,,,,,,,,,,,,,,,,,,,,,,https://cdn.shopify.com/s/files/1/0618/2368/0740/files/19_4e04bef2-be1a-4e31-88a3-bae7869fd3e8.png?v=1719670356,kg,,,,,,
nice-to-meet-you-kids-t-shirt-copy,,,,,,,,,13-14 YRS,,,Beige,,,,,'10713092,200.0,shopify,100,continue,manual,999.00,,true,true,,,,,'10713092,,,,,,,,,,,,,,,,,,,,,,,,,,,,,,,,,,,,,,,,,,,,,,,https://cdn.shopify.com/s/files/1/0618/2368/0740/files/28_55ae3476-7ec0-482d-8fa3-cbbe77dc7fd2.png?v=1719670356,kg,,,,,,
nice-to-meet-you-kids-t-shirt-copy,,,,,,,,,13-14 YRS,,,White,,,,,'10713093,200.0,shopify,100,continue,manual,999.00,,true,true,,,,,'10713093,,,,,,,,,,,,,,,,,,,,,,,,,,,,,,,,,,,,,,,,,,,,,,,https://cdn.shopify.com/s/files/1/0618/2368/0740/files/15_ff913fb9-0667-49be-99c9-4f1b4223aa3c.png?v=1719670356,kg,,,,,,
nice-to-meet-you-kids-t-shirt-copy,,,,,,,,,13-14 YRS,,,Red,,,,,'10713094,200.0,shopify,100,continue,manual,999.00,,true,true,,,,,'10713094,,,,,,,,,,,,,,,,,,,,,,,,,,,,,,,,,,,,,,,,,,,,,,,https://cdn.shopify.com/s/files/1/0618/2368/0740/files/17_df75ac86-c4aa-40a7-a44a-7da458fdccbf.png?v=1719670356,kg,,,,,,
nice-to-meet-you-kids-t-shirt-copy,,,,,,,,,13-14 YRS,,,Pink,,,,,'10713095,200.0,shopify,100,continue,manual,999.00,,true,true,,,,,'10713095,,,,,,,,,,,,,,,,,,,,,,,,,,,,,,,,,,,,,,,,,,,,,,,https://cdn.shopify.com/s/files/1/0618/2368/0740/files/25_4c78c892-86b1-4d75-b89b-c91eac7d475a.png?v=1719670356,kg,,,,,,
nice-to-meet-you-kids-t-shirt-copy,,,,,,,,,13-14 YRS,,,Bottle green,,,,,'10713096,200.0,shopify,100,continue,manual,999.00,,true,true,,,,,'10713096,,,,,,,,,,,,,,,,,,,,,,,,,,,,,,,,,,,,,,,,,,,,,,,https://cdn.shopify.com/s/files/1/0618/2368/0740/files/23_13d1271b-9914-428c-8969-f98849679810.png?v=1719670356,kg,,,,,,
nice-to-meet-you-kids-t-shirt-copy,,,,,,,,,13-14 YRS,,,Orange,,,,,'10713097,200.0,shopify,100,continue,manual,999.00,,true,true,,,,,'10713097,,,,,,,,,,,,,,,,,,,,,,,,,,,,,,,,,,,,,,,,,,,,,,,https://cdn.shopify.com/s/files/1/0618/2368/0740/files/18_9eda5fe9-4f89-4b0d-a5ce-3ca4a135a0cd.png?v=1719670356,kg,,,,,,
nice-to-meet-you-kids-t-shirt-copy,,,,,,,,,13-14 YRS,,,Black,,,,,'10713098,200.0,shopify,100,continue,manual,999.00,,true,true,,,,,'10713098,,,,,,,,,,,,,,,,,,,,,,,,,,,,,,,,,,,,,,,,,,,,,,,https://cdn.shopify.com/s/files/1/0618/2368/0740/files/16_8c923905-7c78-4d3a-a582-379abb279043.png?v=1719670356,kg,,,,,,
nice-to-meet-you-kids-t-shirt-copy,,,,,,,,,13-14 YRS,,,Mahroon,,,,,'10713099,200.0,shopify,100,continue,manual,999.00,,true,true,,,,,'10713099,,,,,,,,,,,,,,,,,,,,,,,,,,,,,,,,,,,,,,,,,,,,,,,https://cdn.shopify.com/s/files/1/0618/2368/0740/files/20_cad9bfe1-84e3-41a6-aa7b-d77c622c139d.png?v=1719670356,kg,,,,,,
nice-to-meet-you-kids-t-shirt-copy,,,,,,,,,13-14 YRS,,,Green,,,,,'10713100,200.0,shopify,100,continue,manual,999.00,,true,true,,,,,'10713100,,,,,,,,,,,,,,,,,,,,,,,,,,,,,,,,,,,,,,,,,,,,,,,https://cdn.shopify.com/s/files/1/0618/2368/0740/files/24_1c530243-ec1d-448e-b4d2-a5512708ab9d.png?v=1719670356,kg,,,,,,
nice-to-meet-you-kids-t-shirt-copy,,,,,,,,,13-14 YRS,,,Navy Blue,,,,,'10706875,200.0,shopify,100,continue,manual,999.00,,true,true,,,,,'10706875,,,,,,,,,,,,,,,,,,,,,,,,,,,,,,,,,,,,,,,,,,,,,,,https://cdn.shopify.com/s/files/1/0618/2368/0740/files/22_d8ce60e9-b881-4d5c-b392-aee59e77beda.png?v=1719670356,kg,,,,,,
do-what-makes-you-happy-kid-t-shirt-copy,NICE TO MEET YOU KIDS T SHIRT,"<h4>NICE TO MEET YOU KIDS T SHIRT</h4>
<div>Fabric: Soft High-Quality Jersey</div>
<div>Short Sleeve T-Shirt</div>
<div>Round Neck</div>
<div>High Quality DTF Printed </div>
<div>Soft and Comfortable Wear</div>
<div>Easy Wash &amp; Press</div>
<div>Sizes 1-12 years </div>
<div><span>Disclaimer: Colors may vary slightly due to studio lights. </span></div>",BBG FASHION,Apparel & Accessories > Clothing > Clothing Tops > T-Shirts,kids T-Shirts,kids T-Shirts,false,Size,1-2 YRS,,Color,White,,,,,'10712907,200.0,shopify,50,continue,manual,799.00,,true,true,,,,,'10712907,https://cdn.shopify.com/s/files/1/0618/2368/0740/files/26_5c24a1d4-6cf9-4461-9225-73edc41496a8.png?v=1719669135,1,Do What Makes You Happy Kid T Shirt Copy - front view - unisex wear Pakistan,false,,,212,,,,,,,,,,,,,,,,,,,,,,,,,,,,,,,,,,,,,,,,https://cdn.shopify.com/s/files/1/0618/2368/0740/files/26_5c24a1d4-6cf9-4461-9225-73edc41496a8.png?v=1719669135,kg,,,true,,,draft
do-what-makes-you-happy-kid-t-shirt-copy,,,,,,,,,1-2 YRS,,,Red,,,,,'10712908,200.0,shopify,50,continue,manual,799.00,,true,true,,,,,'10712908,https://cdn.shopify.com/s/files/1/0618/2368/0740/files/bbg_52c11d4e-abc8-46fd-bf9e-e6c4bd11aaf9.png?v=1719669638,2,Unicorn T Shirt For Kids Copy - back view - kids wear Pakistan,,,,,,,,,,,,,,,,,,,,,,,,,,,,,,,,,,,,,,,,,,,,https://cdn.shopify.com/s/files/1/0618/2368/0740/files/28_f86c7867-2f51-440d-b591-ee6d23328b84.png?v=1719672685,kg,,,,,,
do-what-makes-you-happy-kid-t-shirt-copy,,,,,,,,,1-2 YRS,,,Purple,,,,,'10712909,200.0,shopify,150,continue,manual,799.00,,true,true,,,,,'10712909,https://cdn.shopify.com/s/files/1/0618/2368/0740/files/28_f86c7867-2f51-440d-b591-ee6d23328b84.png?v=1719672685,3,Do What Makes You Happy Kid T Shirt Copy - side view - unisex wear Pakistan,,,,,,,,,,,,,,,,,,,,,,,,,,,,,,,,,,,,,,,,,,,,https://cdn.shopify.com/s/files/1/0618/2368/0740/files/32_2c9f8424-d5a2-4f0a-bb69-ae5ce8481d3b.png?v=1719672685,kg,,,,,,
do-what-makes-you-happy-kid-t-shirt-copy,,,,,,,,,1-2 YRS,,,Beige,,,,,'10712910,200.0,shopify,150,continue,manual,799.00,,true,true,,,,,'10712910,https://cdn.shopify.com/s/files/1/0618/2368/0740/files/12_e3301ec8-531b-4852-be20-79dd97996edd.png?v=1719672685,4,Do What Makes You Happy Kid T Shirt Copy - detail shot - unisex wear Pakistan,,,,,,,,,,,,,,,,,,,,,,,,,,,,,,,,,,,,,,,,,,,,https://cdn.shopify.com/s/files/1/0618/2368/0740/files/25_c995db1c-39d4-4ea2-9c81-b841c65f825d.png?v=1719672685,kg,,,,,,
do-what-makes-you-happy-kid-t-shirt-copy,,,,,,,,,1-2 YRS,,,Pink,,,,,'10712911,200.0,shopify,50,continue,manual,799.00,,true,true,,,,,'10712911,https://cdn.shopify.com/s/files/1/0618/2368/0740/files/19_a3e44474-1169-46be-90f3-80dcf7b7ba5a.png?v=1719672685,5,Do What Makes You Happy Kid T Shirt Copy - front view - unisex wear Pakistan,,,,,,,,,,,,,,,,,,,,,,,,,,,,,,,,,,,,,,,,,,,,https://cdn.shopify.com/s/files/1/0618/2368/0740/files/29_ee00bb5c-ff01-48ea-9846-9443ce95c69d.png?v=1719672685,kg,,,,,,
do-what-makes-you-happy-kid-t-shirt-copy,,,,,,,,,1-2 YRS,,,Bottle green,,,,,'10712912,200.0,shopify,50,continue,manual,799.00,,true,true,,,,,'10712912,https://cdn.shopify.com/s/files/1/0618/2368/0740/files/20_b4519d7b-89e6-4394-b82e-5f738332a602.png?v=1719672685,6,Do What Makes You Happy Kid T Shirt Copy - back view - unisex wear Pakistan,,,,,,,,,,,,,,,,,,,,,,,,,,,,,,,,,,,,,,,,,,,,https://cdn.shopify.com/s/files/1/0618/2368/0740/files/23_d9aca93d-9f58-404e-acf2-f0c3598a4471.png?v=1719672685,kg,,,,,,
do-what-makes-you-happy-kid-t-shirt-copy,,,,,,,,,1-2 YRS,,,Orange,,,,,'10712913,200.0,shopify,50,continue,manual,799.00,,true,true,,,,,'10712913,https://cdn.shopify.com/s/files/1/0618/2368/0740/files/21_7c1af5d2-f893-461c-82b2-f3c90e9f89b9.png?v=1719672685,7,Do What Makes You Happy Kid T Shirt Copy - side view - unisex wear Pakistan,,,,,,,,,,,,,,,,,,,,,,,,,,,,,,,,,,,,,,,,,,,,https://cdn.shopify.com/s/files/1/0618/2368/0740/files/30_c3ecb535-3bda-4071-ac6c-85e96f19516b.png?v=1719672685,kg,,,,,,
do-what-makes-you-happy-kid-t-shirt-copy,,,,,,,,,1-2 YRS,,,Grey,,,,,'10712914,200.0,shopify,50,continue,manual,799.00,,true,true,,,,,'10712914,https://cdn.shopify.com/s/files/1/0618/2368/0740/files/22_5927a645-664d-4723-a903-34cd2ffee763.png?v=1719672685,8,Do What Makes You Happy Kid T Shirt Copy - detail shot - unisex wear Pakistan,,,,,,,,,,,,,,,,,,,,,,,,,,,,,,,,,,,,,,,,,,,,https://cdn.shopify.com/s/files/1/0618/2368/0740/files/19_ceaac151-95d2-4f5c-a52c-cfb339a4b0ef.png?v=1719672685,kg,,,,,,
do-what-makes-you-happy-kid-t-shirt-copy,,,,,,,,,1-2 YRS,,,Black,,,,,'10712915,200.0,shopify,50,continue,manual,799.00,,true,true,,,,,'10712915,https://cdn.shopify.com/s/files/1/0618/2368/0740/files/23_d9aca93d-9f58-404e-acf2-f0c3598a4471.png?v=1719672685,9,Do What Makes You Happy Kid T Shirt Copy - front view - unisex wear Pakistan,,,,,,,,,,,,,,,,,,,,,,,,,,,,,,,,,,,,,,,,,,,,https://cdn.shopify.com/s/files/1/0618/2368/0740/files/12_b782ed0e-5938-4278-9dee-09aaed7f2d23.png?v=1719672685,kg,,,,,,
do-what-makes-you-happy-kid-t-shirt-copy,,,,,,,,,1-2 YRS,,,Yellow,,,,,'10712916,200.0,shopify,50,continue,manual,799.00,,true,true,,,,,'10712916,https://cdn.shopify.com/s/files/1/0618/2368/0740/files/24_0801bf99-500e-4e33-bb35-a3423f84165f.png?v=1719672685,10,Do What Makes You Happy Kid T Shirt Copy - back view - unisex wear Pakistan,,,,,,,,,,,,,,,,,,,,,,,,,,,,,,,,,,,,,,,,,,,,https://cdn.shopify.com/s/files/1/0618/2368/0740/files/20_4e24aaa0-abe7-4157-b7cb-e5f4c1c46165.png?v=1719672685,kg,,,,,,
do-what-makes-you-happy-kid-t-shirt-copy,,,,,,,,,1-2 YRS,,,Mahroon,,,,,'10712917,200.0,shopify,50,continue,manual,799.00,,true,true,,,,,'10712917,https://cdn.shopify.com/s/files/1/0618/2368/0740/files/25_c995db1c-39d4-4ea2-9c81-b841c65f825d.png?v=1719672685,11,Do What Makes You Happy Kid T Shirt Copy - side view - unisex wear Pakistan,,,,,,,,,,,,,,,,,,,,,,,,,,,,,,,,,,,,,,,,,,,,https://cdn.shopify.com/s/files/1/0618/2368/0740/files/27_98464f43-9e93-4dd4-9ea6-26e369576433.png?v=1719672685,kg,,,,,,
do-what-makes-you-happy-kid-t-shirt-copy,,,,,,,,,1-2 YRS,,,Light Blue,,,,,'10712918,200.0,shopify,50,continue,manual,799.00,,true,true,,,,,'10712918,https://cdn.shopify.com/s/files/1/0618/2368/0740/files/27_98464f43-9e93-4dd4-9ea6-26e369576433.png?v=1719672685,12,Do What Makes You Happy Kid T Shirt Copy - detail shot - unisex wear Pakistan,,,,,,,,,,,,,,,,,,,,,,,,,,,,,,,,,,,,,,,,,,,,https://cdn.shopify.com/s/files/1/0618/2368/0740/files/21_7c1af5d2-f893-461c-82b2-f3c90e9f89b9.png?v=1719672685,kg,,,,,,
do-what-makes-you-happy-kid-t-shirt-copy,,,,,,,,,1-2 YRS,,,Green,,,,,'10712919,200.0,shopify,150,continue,manual,799.00,,true,true,,,,,'10712919,https://cdn.shopify.com/s/files/1/0618/2368/0740/files/29_ee00bb5c-ff01-48ea-9846-9443ce95c69d.png?v=1719672685,13,Do What Makes You Happy Kid T Shirt Copy - front view - unisex wear Pakistan,,,,,,,,,,,,,,,,,,,,,,,,,,,,,,,,,,,,,,,,,,,,https://cdn.shopify.com/s/files/1/0618/2368/0740/files/24_0801bf99-500e-4e33-bb35-a3423f84165f.png?v=1719672685,kg,,,,,,
do-what-makes-you-happy-kid-t-shirt-copy,,,,,,,,,1-2 YRS,,,Navy Blue,,,,,'10712920,200.0,shopify,150,continue,manual,799.00,,true,true,,,,,'10712920,https://cdn.shopify.com/s/files/1/0618/2368/0740/files/30_c3ecb535-3bda-4071-ac6c-85e96f19516b.png?v=1719672685,14,Do What Makes You Happy Kid T Shirt Copy - back view - unisex wear Pakistan,,,,,,,,,,,,,,,,,,,,,,,,,,,,,,,,,,,,,,,,,,,,https://cdn.shopify.com/s/files/1/0618/2368/0740/files/22_5927a645-664d-4723-a903-34cd2ffee763.png?v=1719672685,kg,,,,,,
do-what-makes-you-happy-kid-t-shirt-copy,,,,,,,,,3-4 YRS,,,White,,,,,'10712921,200.0,shopify,50,continue,manual,799.00,,true,true,,,,,'10712921,https://cdn.shopify.com/s/files/1/0618/2368/0740/files/31_075dd3f8-653a-4391-8a4f-b752eabb24cf.png?v=1719672685,15,Do What Makes You Happy Kid T Shirt Copy - side view - unisex wear Pakistan,,,,,,,,,,,,,,,,,,,,,,,,,,,,,,,,,,,,,,,,,,,,https://cdn.shopify.com/s/files/1/0618/2368/0740/files/26_5c24a1d4-6cf9-4461-9225-73edc41496a8.png?v=1719669135,kg,,,,,,
do-what-makes-you-happy-kid-t-shirt-copy,,,,,,,,,3-4 YRS,,,Red,,,,,'10712922,200.0,shopify,50,continue,manual,799.00,,true,true,,,,,'10712922,https://cdn.shopify.com/s/files/1/0618/2368/0740/files/32_2c9f8424-d5a2-4f0a-bb69-ae5ce8481d3b.png?v=1719672685,16,Do What Makes You Happy Kid T Shirt Copy - detail shot - unisex wear Pakistan,,,,,,,,,,,,,,,,,,,,,,,,,,,,,,,,,,,,,,,,,,,,https://cdn.shopify.com/s/files/1/0618/2368/0740/files/28_f86c7867-2f51-440d-b591-ee6d23328b84.png?v=1719672685,kg,,,,,,
do-what-makes-you-happy-kid-t-shirt-copy,,,,,,,,,3-4 YRS,,,Purple,,,,,'10712923,200.0,shopify,150,continue,manual,799.00,,true,true,,,,,'10712923,https://cdn.shopify.com/s/files/1/0618/2368/0740/files/19_ceaac151-95d2-4f5c-a52c-cfb339a4b0ef.png?v=1719672685,17,Do What Makes You Happy Kid T Shirt Copy - front view - unisex wear Pakistan,,,,,,,,,,,,,,,,,,,,,,,,,,,,,,,,,,,,,,,,,,,,https://cdn.shopify.com/s/files/1/0618/2368/0740/files/32_2c9f8424-d5a2-4f0a-bb69-ae5ce8481d3b.png?v=1719672685,kg,,,,,,
do-what-makes-you-happy-kid-t-shirt-copy,,,,,,,,,3-4 YRS,,,Beige,,,,,'10712924,200.0,shopify,150,continue,manual,799.00,,true,true,,,,,'10712924,https://cdn.shopify.com/s/files/1/0618/2368/0740/files/12_b782ed0e-5938-4278-9dee-09aaed7f2d23.png?v=1719672685,18,Do What Makes You Happy Kid T Shirt Copy - back view - unisex wear Pakistan,,,,,,,,,,,,,,,,,,,,,,,,,,,,,,,,,,,,,,,,,,,,https://cdn.shopify.com/s/files/1/0618/2368/0740/files/25_c995db1c-39d4-4ea2-9c81-b841c65f825d.png?v=1719672685,kg,,,,,,
do-what-makes-you-happy-kid-t-shirt-copy,,,,,,,,,3-4 YRS,,,Pink,,,,,'10712925,200.0,shopify,50,continue,manual,799.00,,true,true,,,,,'10712925,https://cdn.shopify.com/s/files/1/0618/2368/0740/files/20_4e24aaa0-abe7-4157-b7cb-e5f4c1c46165.png?v=1719672685,19,Do What Makes You Happy Kid T Shirt Copy - side view - unisex wear Pakistan,,,,,,,,,,,,,,,,,,,,,,,,,,,,,,,,,,,,,,,,,,,,https://cdn.shopify.com/s/files/1/0618/2368/0740/files/29_ee00bb5c-ff01-48ea-9846-9443ce95c69d.png?v=1719672685,kg,,,,,,
do-what-makes-you-happy-kid-t-shirt-copy,,,,,,,,,3-4 YRS,,,Bottle green,,,,,'10712926,200.0,shopify,50,continue,manual,799.00,,true,true,,,,,'10712926,,,,,,,,,,,,,,,,,,,,,,,,,,,,,,,,,,,,,,,,,,,,,,,https://cdn.shopify.com/s/files/1/0618/2368/0740/files/23_d9aca93d-9f58-404e-acf2-f0c3598a4471.png?v=1719672685,kg,,,,,,
do-what-makes-you-happy-kid-t-shirt-copy,,,,,,,,,3-4 YRS,,,Orange,,,,,'10712927,200.0,shopify,50,continue,manual,799.00,,true,true,,,,,'10712927,,,,,,,,,,,,,,,,,,,,,,,,,,,,,,,,,,,,,,,,,,,,,,,https://cdn.shopify.com/s/files/1/0618/2368/0740/files/30_c3ecb535-3bda-4071-ac6c-85e96f19516b.png?v=1719672685,kg,,,,,,
do-what-makes-you-happy-kid-t-shirt-copy,,,,,,,,,3-4 YRS,,,Grey,,,,,'10712928,200.0,shopify,50,continue,manual,799.00,,true,true,,,,,'10712928,,,,,,,,,,,,,,,,,,,,,,,,,,,,,,,,,,,,,,,,,,,,,,,https://cdn.shopify.com/s/files/1/0618/2368/0740/files/19_ceaac151-95d2-4f5c-a52c-cfb339a4b0ef.png?v=1719672685,kg,,,,,,
do-what-makes-you-happy-kid-t-shirt-copy,,,,,,,,,3-4 YRS,,,Black,,,,,'10712929,200.0,shopify,50,continue,manual,799.00,,true,true,,,,,'10712929,,,,,,,,,,,,,,,,,,,,,,,,,,,,,,,,,,,,,,,,,,,,,,,https://cdn.shopify.com/s/files/1/0618/2368/0740/files/12_b782ed0e-5938-4278-9dee-09aaed7f2d23.png?v=1719672685,kg,,,,,,
do-what-makes-you-happy-kid-t-shirt-copy,,,,,,,,,3-4 YRS,,,Yellow,,,,,'10712930,200.0,shopify,50,continue,manual,799.00,,true,true,,,,,'10712930,,,,,,,,,,,,,,,,,,,,,,,,,,,,,,,,,,,,,,,,,,,,,,,https://cdn.shopify.com/s/files/1/0618/2368/0740/files/20_4e24aaa0-abe7-4157-b7cb-e5f4c1c46165.png?v=1719672685,kg,,,,,,
do-what-makes-you-happy-kid-t-shirt-copy,,,,,,,,,3-4 YRS,,,Mahroon,,,,,'10712931,200.0,shopify,50,continue,manual,799.00,,true,true,,,,,'10712931,,,,,,,,,,,,,,,,,,,,,,,,,,,,,,,,,,,,,,,,,,,,,,,https://cdn.shopify.com/s/files/1/0618/2368/0740/files/27_98464f43-9e93-4dd4-9ea6-26e369576433.png?v=1719672685,kg,,,,,,
do-what-makes-you-happy-kid-t-shirt-copy,,,,,,,,,3-4 YRS,,,Light Blue,,,,,'10712932,200.0,shopify,50,continue,manual,799.00,,true,true,,,,,'10712932,,,,,,,,,,,,,,,,,,,,,,,,,,,,,,,,,,,,,,,,,,,,,,,https://cdn.shopify.com/s/files/1/0618/2368/0740/files/21_7c1af5d2-f893-461c-82b2-f3c90e9f89b9.png?v=1719672685,kg,,,,,,
do-what-makes-you-happy-kid-t-shirt-copy,,,,,,,,,3-4 YRS,,,Green,,,,,'10712933,200.0,shopify,150,continue,manual,799.00,,true,true,,,,,'10712933,,,,,,,,,,,,,,,,,,,,,,,,,,,,,,,,,,,,,,,,,,,,,,,https://cdn.shopify.com/s/files/1/0618/2368/0740/files/24_0801bf99-500e-4e33-bb35-a3423f84165f.png?v=1719672685,kg,,,,,,
do-what-makes-you-happy-kid-t-shirt-copy,,,,,,,,,3-4 YRS,,,Navy Blue,,,,,'10712934,200.0,shopify,150,continue,manual,799.00,,true,true,,,,,'10712934,,,,,,,,,,,,,,,,,,,,,,,,,,,,,,,,,,,,,,,,,,,,,,,https://cdn.shopify.com/s/files/1/0618/2368/0740/files/22_5927a645-664d-4723-a903-34cd2ffee763.png?v=1719672685,kg,,,,,,
do-what-makes-you-happy-kid-t-shirt-copy,,,,,,,,,5-6 YRS,,,White,,,,,'10712935,200.0,shopify,49,continue,manual,799.00,,true,true,,,,,'10712935,,,,,,,,,,,,,,,,,,,,,,,,,,,,,,,,,,,,,,,,,,,,,,,https://cdn.shopify.com/s/files/1/0618/2368/0740/files/26_5c24a1d4-6cf9-4461-9225-73edc41496a8.png?v=1719669135,kg,,,,,,
do-what-makes-you-happy-kid-t-shirt-copy,,,,,,,,,5-6 YRS,,,Red,,,,,'10712936,200.0,shopify,50,continue,manual,799.00,,true,true,,,,,'10712936,,,,,,,,,,,,,,,,,,,,,,,,,,,,,,,,,,,,,,,,,,,,,,,https://cdn.shopify.com/s/files/1/0618/2368/0740/files/28_f86c7867-2f51-440d-b591-ee6d23328b84.png?v=1719672685,kg,,,,,,
do-what-makes-you-happy-kid-t-shirt-copy,,,,,,,,,5-6 YRS,,,Purple,,,,,'10712937,200.0,shopify,150,continue,manual,799.00,,true,true,,,,,'10712937,,,,,,,,,,,,,,,,,,,,,,,,,,,,,,,,,,,,,,,,,,,,,,,https://cdn.shopify.com/s/files/1/0618/2368/0740/files/32_2c9f8424-d5a2-4f0a-bb69-ae5ce8481d3b.png?v=1719672685,kg,,,,,,
do-what-makes-you-happy-kid-t-shirt-copy,,,,,,,,,5-6 YRS,,,Beige,,,,,'10712938,200.0,shopify,150,continue,manual,799.00,,true,true,,,,,'10712938,,,,,,,,,,,,,,,,,,,,,,,,,,,,,,,,,,,,,,,,,,,,,,,https://cdn.shopify.com/s/files/1/0618/2368/0740/files/25_c995db1c-39d4-4ea2-9c81-b841c65f825d.png?v=1719672685,kg,,,,,,
do-what-makes-you-happy-kid-t-shirt-copy,,,,,,,,,5-6 YRS,,,Pink,,,,,'10712939,200.0,shopify,50,continue,manual,799.00,,true,true,,,,,'10712939,,,,,,,,,,,,,,,,,,,,,,,,,,,,,,,,,,,,,,,,,,,,,,,https://cdn.shopify.com/s/files/1/0618/2368/0740/files/29_ee00bb5c-ff01-48ea-9846-9443ce95c69d.png?v=1719672685,kg,,,,,,
do-what-makes-you-happy-kid-t-shirt-copy,,,,,,,,,5-6 YRS,,,Bottle green,,,,,'10712940,200.0,shopify,50,continue,manual,799.00,,true,true,,,,,'10712940,,,,,,,,,,,,,,,,,,,,,,,,,,,,,,,,,,,,,,,,,,,,,,,https://cdn.shopify.com/s/files/1/0618/2368/0740/files/23_d9aca93d-9f58-404e-acf2-f0c3598a4471.png?v=1719672685,kg,,,,,,
do-what-makes-you-happy-kid-t-shirt-copy,,,,,,,,,5-6 YRS,,,Orange,,,,,'10712941,200.0,shopify,50,continue,manual,799.00,,true,true,,,,,'10712941,,,,,,,,,,,,,,,,,,,,,,,,,,,,,,,,,,,,,,,,,,,,,,,https://cdn.shopify.com/s/files/1/0618/2368/0740/files/30_c3ecb535-3bda-4071-ac6c-85e96f19516b.png?v=1719672685,kg,,,,,,
do-what-makes-you-happy-kid-t-shirt-copy,,,,,,,,,5-6 YRS,,,Grey,,,,,'10712942,200.0,shopify,50,continue,manual,799.00,,true,true,,,,,'10712942,,,,,,,,,,,,,,,,,,,,,,,,,,,,,,,,,,,,,,,,,,,,,,,https://cdn.shopify.com/s/files/1/0618/2368/0740/files/19_ceaac151-95d2-4f5c-a52c-cfb339a4b0ef.png?v=1719672685,kg,,,,,,
do-what-makes-you-happy-kid-t-shirt-copy,,,,,,,,,5-6 YRS,,,Black,,,,,'10712943,200.0,shopify,50,continue,manual,799.00,,true,true,,,,,'10712943,,,,,,,,,,,,,,,,,,,,,,,,,,,,,,,,,,,,,,,,,,,,,,,https://cdn.shopify.com/s/files/1/0618/2368/0740/files/12_b782ed0e-5938-4278-9dee-09aaed7f2d23.png?v=1719672685,kg,,,,,,
do-what-makes-you-happy-kid-t-shirt-copy,,,,,,,,,5-6 YRS,,,Yellow,,,,,'10712944,200.0,shopify,50,continue,manual,799.00,,true,true,,,,,'10712944,,,,,,,,,,,,,,,,,,,,,,,,,,,,,,,,,,,,,,,,,,,,,,,https://cdn.shopify.com/s/files/1/0618/2368/0740/files/20_4e24aaa0-abe7-4157-b7cb-e5f4c1c46165.png?v=1719672685,kg,,,,,,
do-what-makes-you-happy-kid-t-shirt-copy,,,,,,,,,5-6 YRS,,,Mahroon,,,,,'10712945,200.0,shopify,50,continue,manual,799.00,,true,true,,,,,'10712945,,,,,,,,,,,,,,,,,,,,,,,,,,,,,,,,,,,,,,,,,,,,,,,https://cdn.shopify.com/s/files/1/0618/2368/0740/files/27_98464f43-9e93-4dd4-9ea6-26e369576433.png?v=1719672685,kg,,,,,,
do-what-makes-you-happy-kid-t-shirt-copy,,,,,,,,,5-6 YRS,,,Light Blue,,,,,'10712946,200.0,shopify,50,continue,manual,799.00,,true,true,,,,,'10712946,,,,,,,,,,,,,,,,,,,,,,,,,,,,,,,,,,,,,,,,,,,,,,,https://cdn.shopify.com/s/files/1/0618/2368/0740/files/21_7c1af5d2-f893-461c-82b2-f3c90e9f89b9.png?v=1719672685,kg,,,,,,
do-what-makes-you-happy-kid-t-shirt-copy,,,,,,,,,5-6 YRS,,,Green,,,,,'10712947,200.0,shopify,150,continue,manual,799.00,,true,true,,,,,'10712947,,,,,,,,,,,,,,,,,,,,,,,,,,,,,,,,,,,,,,,,,,,,,,,https://cdn.shopify.com/s/files/1/0618/2368/0740/files/24_0801bf99-500e-4e33-bb35-a3423f84165f.png?v=1719672685,kg,,,,,,
do-what-makes-you-happy-kid-t-shirt-copy,,,,,,,,,5-6 YRS,,,Navy Blue,,,,,'10712948,200.0,shopify,150,continue,manual,799.00,,true,true,,,,,'10712948,,,,,,,,,,,,,,,,,,,,,,,,,,,,,,,,,,,,,,,,,,,,,,,https://cdn.shopify.com/s/files/1/0618/2368/0740/files/22_5927a645-664d-4723-a903-34cd2ffee763.png?v=1719672685,kg,,,,,,
do-what-makes-you-happy-kid-t-shirt-copy,,,,,,,,,7-8 YRS,,,White,,,,,'10712949,200.0,shopify,50,continue,manual,799.00,,true,true,,,,,'10712949,,,,,,,,,,,,,,,,,,,,,,,,,,,,,,,,,,,,,,,,,,,,,,,https://cdn.shopify.com/s/files/1/0618/2368/0740/files/26_5c24a1d4-6cf9-4461-9225-73edc41496a8.png?v=1719669135,kg,,,,,,
do-what-makes-you-happy-kid-t-shirt-copy,,,,,,,,,7-8 YRS,,,Red,,,,,'10712950,200.0,shopify,50,continue,manual,799.00,,true,true,,,,,'10712950,,,,,,,,,,,,,,,,,,,,,,,,,,,,,,,,,,,,,,,,,,,,,,,https://cdn.shopify.com/s/files/1/0618/2368/0740/files/28_f86c7867-2f51-440d-b591-ee6d23328b84.png?v=1719672685,kg,,,,,,
do-what-makes-you-happy-kid-t-shirt-copy,,,,,,,,,7-8 YRS,,,Purple,,,,,'10712951,200.0,shopify,150,continue,manual,799.00,,true,true,,,,,'10712951,,,,,,,,,,,,,,,,,,,,,,,,,,,,,,,,,,,,,,,,,,,,,,,https://cdn.shopify.com/s/files/1/0618/2368/0740/files/32_2c9f8424-d5a2-4f0a-bb69-ae5ce8481d3b.png?v=1719672685,kg,,,,,,
do-what-makes-you-happy-kid-t-shirt-copy,,,,,,,,,7-8 YRS,,,Beige,,,,,'10712952,200.0,shopify,150,continue,manual,799.00,,true,true,,,,,'10712952,,,,,,,,,,,,,,,,,,,,,,,,,,,,,,,,,,,,,,,,,,,,,,,https://cdn.shopify.com/s/files/1/0618/2368/0740/files/25_c995db1c-39d4-4ea2-9c81-b841c65f825d.png?v=1719672685,kg,,,,,,
do-what-makes-you-happy-kid-t-shirt-copy,,,,,,,,,7-8 YRS,,,Pink,,,,,'10712953,200.0,shopify,49,continue,manual,799.00,,true,true,,,,,'10712953,,,,,,,,,,,,,,,,,,,,,,,,,,,,,,,,,,,,,,,,,,,,,,,https://cdn.shopify.com/s/files/1/0618/2368/0740/files/29_ee00bb5c-ff01-48ea-9846-9443ce95c69d.png?v=1719672685,kg,,,,,,
do-what-makes-you-happy-kid-t-shirt-copy,,,,,,,,,7-8 YRS,,,Bottle green,,,,,'10712954,200.0,shopify,50,continue,manual,799.00,,true,true,,,,,'10712954,,,,,,,,,,,,,,,,,,,,,,,,,,,,,,,,,,,,,,,,,,,,,,,https://cdn.shopify.com/s/files/1/0618/2368/0740/files/23_d9aca93d-9f58-404e-acf2-f0c3598a4471.png?v=1719672685,kg,,,,,,
do-what-makes-you-happy-kid-t-shirt-copy,,,,,,,,,7-8 YRS,,,Orange,,,,,'10712955,200.0,shopify,50,continue,manual,799.00,,true,true,,,,,'10712955,,,,,,,,,,,,,,,,,,,,,,,,,,,,,,,,,,,,,,,,,,,,,,,https://cdn.shopify.com/s/files/1/0618/2368/0740/files/30_c3ecb535-3bda-4071-ac6c-85e96f19516b.png?v=1719672685,kg,,,,,,
do-what-makes-you-happy-kid-t-shirt-copy,,,,,,,,,7-8 YRS,,,Grey,,,,,'10712956,200.0,shopify,50,continue,manual,799.00,,true,true,,,,,'10712956,,,,,,,,,,,,,,,,,,,,,,,,,,,,,,,,,,,,,,,,,,,,,,,https://cdn.shopify.com/s/files/1/0618/2368/0740/files/19_ceaac151-95d2-4f5c-a52c-cfb339a4b0ef.png?v=1719672685,kg,,,,,,
do-what-makes-you-happy-kid-t-shirt-copy,,,,,,,,,7-8 YRS,,,Black,,,,,'10712957,200.0,shopify,50,continue,manual,799.00,,true,true,,,,,'10712957,,,,,,,,,,,,,,,,,,,,,,,,,,,,,,,,,,,,,,,,,,,,,,,https://cdn.shopify.com/s/files/1/0618/2368/0740/files/12_b782ed0e-5938-4278-9dee-09aaed7f2d23.png?v=1719672685,kg,,,,,,
do-what-makes-you-happy-kid-t-shirt-copy,,,,,,,,,7-8 YRS,,,Yellow,,,,,'10712958,200.0,shopify,50,continue,manual,799.00,,true,true,,,,,'10712958,,,,,,,,,,,,,,,,,,,,,,,,,,,,,,,,,,,,,,,,,,,,,,,https://cdn.shopify.com/s/files/1/0618/2368/0740/files/20_4e24aaa0-abe7-4157-b7cb-e5f4c1c46165.png?v=1719672685,kg,,,,,,
do-what-makes-you-happy-kid-t-shirt-copy,,,,,,,,,7-8 YRS,,,Mahroon,,,,,'10712959,200.0,shopify,50,continue,manual,799.00,,true,true,,,,,'10712959,,,,,,,,,,,,,,,,,,,,,,,,,,,,,,,,,,,,,,,,,,,,,,,https://cdn.shopify.com/s/files/1/0618/2368/0740/files/27_98464f43-9e93-4dd4-9ea6-26e369576433.png?v=1719672685,kg,,,,,,
do-what-makes-you-happy-kid-t-shirt-copy,,,,,,,,,7-8 YRS,,,Light Blue,,,,,'10712960,200.0,shopify,50,continue,manual,799.00,,true,true,,,,,'10712960,,,,,,,,,,,,,,,,,,,,,,,,,,,,,,,,,,,,,,,,,,,,,,,https://cdn.shopify.com/s/files/1/0618/2368/0740/files/21_7c1af5d2-f893-461c-82b2-f3c90e9f89b9.png?v=1719672685,kg,,,,,,
do-what-makes-you-happy-kid-t-shirt-copy,,,,,,,,,7-8 YRS,,,Green,,,,,'10712961,200.0,shopify,150,continue,manual,799.00,,true,true,,,,,'10712961,,,,,,,,,,,,,,,,,,,,,,,,,,,,,,,,,,,,,,,,,,,,,,,https://cdn.shopify.com/s/files/1/0618/2368/0740/files/24_0801bf99-500e-4e33-bb35-a3423f84165f.png?v=1719672685,kg,,,,,,
do-what-makes-you-happy-kid-t-shirt-copy,,,,,,,,,7-8 YRS,,,Navy Blue,,,,,'10712962,200.0,shopify,150,continue,manual,799.00,,true,true,,,,,'10712962,,,,,,,,,,,,,,,,,,,,,,,,,,,,,,,,,,,,,,,,,,,,,,,https://cdn.shopify.com/s/files/1/0618/2368/0740/files/22_5927a645-664d-4723-a903-34cd2ffee763.png?v=1719672685,kg,,,,,,
do-what-makes-you-happy-kid-t-shirt-copy,,,,,,,,,9-10 YRS,,,White,,,,,'10712963,200.0,shopify,49,continue,manual,899.00,,true,true,,,,,'10712963,,,,,,,,,,,,,,,,,,,,,,,,,,,,,,,,,,,,,,,,,,,,,,,https://cdn.shopify.com/s/files/1/0618/2368/0740/files/26_5c24a1d4-6cf9-4461-9225-73edc41496a8.png?v=1719669135,kg,,,,,,
do-what-makes-you-happy-kid-t-shirt-copy,,,,,,,,,9-10 YRS,,,Red,,,,,'10712964,200.0,shopify,50,continue,manual,899.00,,true,true,,,,,'10712964,,,,,,,,,,,,,,,,,,,,,,,,,,,,,,,,,,,,,,,,,,,,,,,https://cdn.shopify.com/s/files/1/0618/2368/0740/files/28_f86c7867-2f51-440d-b591-ee6d23328b84.png?v=1719672685,kg,,,,,,
do-what-makes-you-happy-kid-t-shirt-copy,,,,,,,,,9-10 YRS,,,Purple,,,,,'10712965,200.0,shopify,150,continue,manual,899.00,,true,true,,,,,'10712965,,,,,,,,,,,,,,,,,,,,,,,,,,,,,,,,,,,,,,,,,,,,,,,https://cdn.shopify.com/s/files/1/0618/2368/0740/files/32_2c9f8424-d5a2-4f0a-bb69-ae5ce8481d3b.png?v=1719672685,kg,,,,,,
do-what-makes-you-happy-kid-t-shirt-copy,,,,,,,,,9-10 YRS,,,Beige,,,,,'10712966,200.0,shopify,150,continue,manual,899.00,,true,true,,,,,'10712966,,,,,,,,,,,,,,,,,,,,,,,,,,,,,,,,,,,,,,,,,,,,,,,https://cdn.shopify.com/s/files/1/0618/2368/0740/files/25_c995db1c-39d4-4ea2-9c81-b841c65f825d.png?v=1719672685,kg,,,,,,
do-what-makes-you-happy-kid-t-shirt-copy,,,,,,,,,9-10 YRS,,,Pink,,,,,'10712967,200.0,shopify,49,continue,manual,899.00,,true,true,,,,,'10712967,,,,,,,,,,,,,,,,,,,,,,,,,,,,,,,,,,,,,,,,,,,,,,,https://cdn.shopify.com/s/files/1/0618/2368/0740/files/29_ee00bb5c-ff01-48ea-9846-9443ce95c69d.png?v=1719672685,kg,,,,,,
do-what-makes-you-happy-kid-t-shirt-copy,,,,,,,,,9-10 YRS,,,Bottle green,,,,,'10712968,200.0,shopify,50,continue,manual,899.00,,true,true,,,,,'10712968,,,,,,,,,,,,,,,,,,,,,,,,,,,,,,,,,,,,,,,,,,,,,,,https://cdn.shopify.com/s/files/1/0618/2368/0740/files/23_d9aca93d-9f58-404e-acf2-f0c3598a4471.png?v=1719672685,kg,,,,,,
do-what-makes-you-happy-kid-t-shirt-copy,,,,,,,,,9-10 YRS,,,Orange,,,,,'10712969,200.0,shopify,50,continue,manual,899.00,,true,true,,,,,'10712969,,,,,,,,,,,,,,,,,,,,,,,,,,,,,,,,,,,,,,,,,,,,,,,https://cdn.shopify.com/s/files/1/0618/2368/0740/files/30_c3ecb535-3bda-4071-ac6c-85e96f19516b.png?v=1719672685,kg,,,,,,
do-what-makes-you-happy-kid-t-shirt-copy,,,,,,,,,9-10 YRS,,,Grey,,,,,'10712970,200.0,shopify,50,continue,manual,899.00,,true,true,,,,,'10712970,,,,,,,,,,,,,,,,,,,,,,,,,,,,,,,,,,,,,,,,,,,,,,,https://cdn.shopify.com/s/files/1/0618/2368/0740/files/19_ceaac151-95d2-4f5c-a52c-cfb339a4b0ef.png?v=1719672685,kg,,,,,,
do-what-makes-you-happy-kid-t-shirt-copy,,,,,,,,,9-10 YRS,,,Black,,,,,'10712971,200.0,shopify,50,continue,manual,899.00,,true,true,,,,,'10712971,,,,,,,,,,,,,,,,,,,,,,,,,,,,,,,,,,,,,,,,,,,,,,,https://cdn.shopify.com/s/files/1/0618/2368/0740/files/12_b782ed0e-5938-4278-9dee-09aaed7f2d23.png?v=1719672685,kg,,,,,,
do-what-makes-you-happy-kid-t-shirt-copy,,,,,,,,,9-10 YRS,,,Yellow,,,,,'10712972,200.0,shopify,50,continue,manual,899.00,,true,true,,,,,'10712972,,,,,,,,,,,,,,,,,,,,,,,,,,,,,,,,,,,,,,,,,,,,,,,https://cdn.shopify.com/s/files/1/0618/2368/0740/files/20_4e24aaa0-abe7-4157-b7cb-e5f4c1c46165.png?v=1719672685,kg,,,,,,
do-what-makes-you-happy-kid-t-shirt-copy,,,,,,,,,9-10 YRS,,,Mahroon,,,,,'10712973,200.0,shopify,50,continue,manual,899.00,,true,true,,,,,'10712973,,,,,,,,,,,,,,,,,,,,,,,,,,,,,,,,,,,,,,,,,,,,,,,https://cdn.shopify.com/s/files/1/0618/2368/0740/files/27_98464f43-9e93-4dd4-9ea6-26e369576433.png?v=1719672685,kg,,,,,,
do-what-makes-you-happy-kid-t-shirt-copy,,,,,,,,,9-10 YRS,,,Light Blue,,,,,'10712974,200.0,shopify,49,continue,manual,899.00,,true,true,,,,,'10712974,,,,,,,,,,,,,,,,,,,,,,,,,,,,,,,,,,,,,,,,,,,,,,,https://cdn.shopify.com/s/files/1/0618/2368/0740/files/21_7c1af5d2-f893-461c-82b2-f3c90e9f89b9.png?v=1719672685,kg,,,,,,
do-what-makes-you-happy-kid-t-shirt-copy,,,,,,,,,9-10 YRS,,,Green,,,,,'10712975,200.0,shopify,150,continue,manual,899.00,,true,true,,,,,'10712975,,,,,,,,,,,,,,,,,,,,,,,,,,,,,,,,,,,,,,,,,,,,,,,https://cdn.shopify.com/s/files/1/0618/2368/0740/files/24_0801bf99-500e-4e33-bb35-a3423f84165f.png?v=1719672685,kg,,,,,,
do-what-makes-you-happy-kid-t-shirt-copy,,,,,,,,,9-10 YRS,,,Navy Blue,,,,,'10712976,200.0,shopify,150,continue,manual,899.00,,true,true,,,,,'10712976,,,,,,,,,,,,,,,,,,,,,,,,,,,,,,,,,,,,,,,,,,,,,,,https://cdn.shopify.com/s/files/1/0618/2368/0740/files/22_5927a645-664d-4723-a903-34cd2ffee763.png?v=1719672685,kg,,,,,,
do-what-makes-you-happy-kid-t-shirt-copy,,,,,,,,,11-12 YRS,,,White,,,,,'10712977,200.0,shopify,50,continue,manual,899.00,,true,true,,,,,'10712977,,,,,,,,,,,,,,,,,,,,,,,,,,,,,,,,,,,,,,,,,,,,,,,https://cdn.shopify.com/s/files/1/0618/2368/0740/files/26_5c24a1d4-6cf9-4461-9225-73edc41496a8.png?v=1719669135,kg,,,,,,
do-what-makes-you-happy-kid-t-shirt-copy,,,,,,,,,11-12 YRS,,,Red,,,,,'10712978,200.0,shopify,50,continue,manual,899.00,,true,true,,,,,'10712978,,,,,,,,,,,,,,,,,,,,,,,,,,,,,,,,,,,,,,,,,,,,,,,https://cdn.shopify.com/s/files/1/0618/2368/0740/files/28_f86c7867-2f51-440d-b591-ee6d23328b84.png?v=1719672685,kg,,,,,,
do-what-makes-you-happy-kid-t-shirt-copy,,,,,,,,,11-12 YRS,,,Purple,,,,,'10712979,200.0,shopify,150,continue,manual,899.00,,true,true,,,,,'10712979,,,,,,,,,,,,,,,,,,,,,,,,,,,,,,,,,,,,,,,,,,,,,,,https://cdn.shopify.com/s/files/1/0618/2368/0740/files/32_2c9f8424-d5a2-4f0a-bb69-ae5ce8481d3b.png?v=1719672685,kg,,,,,,
do-what-makes-you-happy-kid-t-shirt-copy,,,,,,,,,11-12 YRS,,,Beige,,,,,'10712980,200.0,shopify,150,continue,manual,899.00,,true,true,,,,,'10712980,,,,,,,,,,,,,,,,,,,,,,,,,,,,,,,,,,,,,,,,,,,,,,,https://cdn.shopify.com/s/files/1/0618/2368/0740/files/25_c995db1c-39d4-4ea2-9c81-b841c65f825d.png?v=1719672685,kg,,,,,,
do-what-makes-you-happy-kid-t-shirt-copy,,,,,,,,,11-12 YRS,,,Pink,,,,,'10712981,200.0,shopify,50,continue,manual,899.00,,true,true,,,,,'10712981,,,,,,,,,,,,,,,,,,,,,,,,,,,,,,,,,,,,,,,,,,,,,,,https://cdn.shopify.com/s/files/1/0618/2368/0740/files/29_ee00bb5c-ff01-48ea-9846-9443ce95c69d.png?v=1719672685,kg,,,,,,
do-what-makes-you-happy-kid-t-shirt-copy,,,,,,,,,11-12 YRS,,,Bottle green,,,,,'10712982,200.0,shopify,50,continue,manual,899.00,,true,true,,,,,'10712982,,,,,,,,,,,,,,,,,,,,,,,,,,,,,,,,,,,,,,,,,,,,,,,https://cdn.shopify.com/s/files/1/0618/2368/0740/files/23_d9aca93d-9f58-404e-acf2-f0c3598a4471.png?v=1719672685,kg,,,,,,
do-what-makes-you-happy-kid-t-shirt-copy,,,,,,,,,11-12 YRS,,,Orange,,,,,'10712983,200.0,shopify,50,continue,manual,899.00,,true,true,,,,,'10712983,,,,,,,,,,,,,,,,,,,,,,,,,,,,,,,,,,,,,,,,,,,,,,,https://cdn.shopify.com/s/files/1/0618/2368/0740/files/30_c3ecb535-3bda-4071-ac6c-85e96f19516b.png?v=1719672685,kg,,,,,,
do-what-makes-you-happy-kid-t-shirt-copy,,,,,,,,,11-12 YRS,,,Grey,,,,,'10712984,200.0,shopify,50,continue,manual,899.00,,true,true,,,,,'10712984,,,,,,,,,,,,,,,,,,,,,,,,,,,,,,,,,,,,,,,,,,,,,,,https://cdn.shopify.com/s/files/1/0618/2368/0740/files/19_ceaac151-95d2-4f5c-a52c-cfb339a4b0ef.png?v=1719672685,kg,,,,,,
do-what-makes-you-happy-kid-t-shirt-copy,,,,,,,,,11-12 YRS,,,Black,,,,,'10712985,200.0,shopify,50,continue,manual,899.00,,true,true,,,,,'10712985,,,,,,,,,,,,,,,,,,,,,,,,,,,,,,,,,,,,,,,,,,,,,,,https://cdn.shopify.com/s/files/1/0618/2368/0740/files/12_b782ed0e-5938-4278-9dee-09aaed7f2d23.png?v=1719672685,kg,,,,,,
do-what-makes-you-happy-kid-t-shirt-copy,,,,,,,,,11-12 YRS,,,Yellow,,,,,'10712986,200.0,shopify,50,continue,manual,899.00,,true,true,,,,,'10712986,,,,,,,,,,,,,,,,,,,,,,,,,,,,,,,,,,,,,,,,,,,,,,,https://cdn.shopify.com/s/files/1/0618/2368/0740/files/20_4e24aaa0-abe7-4157-b7cb-e5f4c1c46165.png?v=1719672685,kg,,,,,,
do-what-makes-you-happy-kid-t-shirt-copy,,,,,,,,,11-12 YRS,,,Mahroon,,,,,'10712987,200.0,shopify,50,continue,manual,899.00,,true,true,,,,,'10712987,,,,,,,,,,,,,,,,,,,,,,,,,,,,,,,,,,,,,,,,,,,,,,,https://cdn.shopify.com/s/files/1/0618/2368/0740/files/27_98464f43-9e93-4dd4-9ea6-26e369576433.png?v=1719672685,kg,,,,,,
do-what-makes-you-happy-kid-t-shirt-copy,,,,,,,,,11-12 YRS,,,Light Blue,,,,,'10712988,200.0,shopify,50,continue,manual,899.00,,true,true,,,,,'10712988,,,,,,,,,,,,,,,,,,,,,,,,,,,,,,,,,,,,,,,,,,,,,,,https://cdn.shopify.com/s/files/1/0618/2368/0740/files/21_7c1af5d2-f893-461c-82b2-f3c90e9f89b9.png?v=1719672685,kg,,,,,,
do-what-makes-you-happy-kid-t-shirt-copy,,,,,,,,,11-12 YRS,,,Green,,,,,'10712989,200.0,shopify,150,continue,manual,899.00,,true,true,,,,,'10712989,,,,,,,,,,,,,,,,,,,,,,,,,,,,,,,,,,,,,,,,,,,,,,,https://cdn.shopify.com/s/files/1/0618/2368/0740/files/24_0801bf99-500e-4e33-bb35-a3423f84165f.png?v=1719672685,kg,,,,,,
do-what-makes-you-happy-kid-t-shirt-copy,,,,,,,,,11-12 YRS,,,Navy Blue,,,,,'10712990,200.0,shopify,150,continue,manual,899.00,,true,true,,,,,'10712990,,,,,,,,,,,,,,,,,,,,,,,,,,,,,,,,,,,,,,,,,,,,,,,https://cdn.shopify.com/s/files/1/0618/2368/0740/files/22_5927a645-664d-4723-a903-34cd2ffee763.png?v=1719672685,kg,,,,,,
do-what-makes-you-happy-kid-t-shirt-copy,,,,,,,,,13-14 YRS,,,White,,,,,'10712991,200.0,shopify,100,continue,manual,999.00,,true,true,,,,,'10712991,,,,,,,,,,,,,,,,,,,,,,,,,,,,,,,,,,,,,,,,,,,,,,,https://cdn.shopify.com/s/files/1/0618/2368/0740/files/26_5c24a1d4-6cf9-4461-9225-73edc41496a8.png?v=1719669135,kg,,,,,,
do-what-makes-you-happy-kid-t-shirt-copy,,,,,,,,,13-14 YRS,,,Red,,,,,'10712992,200.0,shopify,100,continue,manual,999.00,,true,true,,,,,'10712992,,,,,,,,,,,,,,,,,,,,,,,,,,,,,,,,,,,,,,,,,,,,,,,https://cdn.shopify.com/s/files/1/0618/2368/0740/files/26_5c24a1d4-6cf9-4461-9225-73edc41496a8.png?v=1719669135,kg,,,,,,
do-what-makes-you-happy-kid-t-shirt-copy,,,,,,,,,13-14 YRS,,,Purple,,,,,'10712993,200.0,shopify,100,continue,manual,999.00,,true,true,,,,,'10712993,,,,,,,,,,,,,,,,,,,,,,,,,,,,,,,,,,,,,,,,,,,,,,,https://cdn.shopify.com/s/files/1/0618/2368/0740/files/26_5c24a1d4-6cf9-4461-9225-73edc41496a8.png?v=1719669135,kg,,,,,,
do-what-makes-you-happy-kid-t-shirt-copy,,,,,,,,,13-14 YRS,,,Beige,,,,,'10712994,200.0,shopify,100,continue,manual,999.00,,true,true,,,,,'10712994,,,,,,,,,,,,,,,,,,,,,,,,,,,,,,,,,,,,,,,,,,,,,,,https://cdn.shopify.com/s/files/1/0618/2368/0740/files/26_5c24a1d4-6cf9-4461-9225-73edc41496a8.png?v=1719669135,kg,,,,,,
do-what-makes-you-happy-kid-t-shirt-copy,,,,,,,,,13-14 YRS,,,Pink,,,,,'10712995,200.0,shopify,100,continue,manual,999.00,,true,true,,,,,'10712995,,,,,,,,,,,,,,,,,,,,,,,,,,,,,,,,,,,,,,,,,,,,,,,https://cdn.shopify.com/s/files/1/0618/2368/0740/files/26_5c24a1d4-6cf9-4461-9225-73edc41496a8.png?v=1719669135,kg,,,,,,
do-what-makes-you-happy-kid-t-shirt-copy,,,,,,,,,13-14 YRS,,,Bottle green,,,,,'10712996,200.0,shopify,100,continue,manual,999.00,,true,true,,,,,'10712996,,,,,,,,,,,,,,,,,,,,,,,,,,,,,,,,,,,,,,,,,,,,,,,https://cdn.shopify.com/s/files/1/0618/2368/0740/files/26_5c24a1d4-6cf9-4461-9225-73edc41496a8.png?v=1719669135,kg,,,,,,
do-what-makes-you-happy-kid-t-shirt-copy,,,,,,,,,13-14 YRS,,,Orange,,,,,'10712997,200.0,shopify,100,continue,manual,999.00,,true,true,,,,,'10712997,,,,,,,,,,,,,,,,,,,,,,,,,,,,,,,,,,,,,,,,,,,,,,,https://cdn.shopify.com/s/files/1/0618/2368/0740/files/26_5c24a1d4-6cf9-4461-9225-73edc41496a8.png?v=1719669135,kg,,,,,,
do-what-makes-you-happy-kid-t-shirt-copy,,,,,,,,,13-14 YRS,,,Grey,,,,,'10712998,200.0,shopify,100,continue,manual,999.00,,true,true,,,,,'10712998,,,,,,,,,,,,,,,,,,,,,,,,,,,,,,,,,,,,,,,,,,,,,,,https://cdn.shopify.com/s/files/1/0618/2368/0740/files/26_5c24a1d4-6cf9-4461-9225-73edc41496a8.png?v=1719669135,kg,,,,,,
do-what-makes-you-happy-kid-t-shirt-copy,,,,,,,,,13-14 YRS,,,Black,,,,,'10712999,200.0,shopify,99,continue,manual,999.00,,true,true,,,,,'10712999,,,,,,,,,,,,,,,,,,,,,,,,,,,,,,,,,,,,,,,,,,,,,,,https://cdn.shopify.com/s/files/1/0618/2368/0740/files/26_5c24a1d4-6cf9-4461-9225-73edc41496a8.png?v=1719669135,kg,,,,,,
do-what-makes-you-happy-kid-t-shirt-copy,,,,,,,,,13-14 YRS,,,Yellow,,,,,'10713000,200.0,shopify,100,continue,manual,999.00,,true,true,,,,,'10713000,,,,,,,,,,,,,,,,,,,,,,,,,,,,,,,,,,,,,,,,,,,,,,,https://cdn.shopify.com/s/files/1/0618/2368/0740/files/26_5c24a1d4-6cf9-4461-9225-73edc41496a8.png?v=1719669135,kg,,,,,,
do-what-makes-you-happy-kid-t-shirt-copy,,,,,,,,,13-14 YRS,,,Mahroon,,,,,'10713001,200.0,shopify,100,continue,manual,999.00,,true,true,,,,,'10713001,,,,,,,,,,,,,,,,,,,,,,,,,,,,,,,,,,,,,,,,,,,,,,,https://cdn.shopify.com/s/files/1/0618/2368/0740/files/26_5c24a1d4-6cf9-4461-9225-73edc41496a8.png?v=1719669135,kg,,,,,,
do-what-makes-you-happy-kid-t-shirt-copy,,,,,,,,,13-14 YRS,,,Light Blue,,,,,'10713002,200.0,shopify,100,continue,manual,999.00,,true,true,,,,,'10713002,,,,,,,,,,,,,,,,,,,,,,,,,,,,,,,,,,,,,,,,,,,,,,,https://cdn.shopify.com/s/files/1/0618/2368/0740/files/26_5c24a1d4-6cf9-4461-9225-73edc41496a8.png?v=1719669135,kg,,,,,,
do-what-makes-you-happy-kid-t-shirt-copy,,,,,,,,,13-14 YRS,,,Green,,,,,'10713003,200.0,shopify,100,continue,manual,999.00,,true,true,,,,,'10713003,,,,,,,,,,,,,,,,,,,,,,,,,,,,,,,,,,,,,,,,,,,,,,,https://cdn.shopify.com/s/files/1/0618/2368/0740/files/26_5c24a1d4-6cf9-4461-9225-73edc41496a8.png?v=1719669135,kg,,,,,,
do-what-makes-you-happy-kid-t-shirt-copy,,,,,,,,,13-14 YRS,,,Navy Blue,,,,,'10706874,200.0,shopify,100,continue,manual,999.00,,true,true,,,,,'10706874,,,,,,,,,,,,,,,,,,,,,,,,,,,,,,,,,,,,,,,,,,,,,,,https://cdn.shopify.com/s/files/1/0618/2368/0740/files/26_5c24a1d4-6cf9-4461-9225-73edc41496a8.png?v=1719669135,kg,,,,,,
avengers-kids-shirt-copy,DO WHAT MAKES YOU HAPPY KID T SHIRT,"<h4>DO WHAT MAKES YOU HAPPY KID T SHIRT</h4>
<div>Fabric: Soft High-Quality Jersey</div>
<div>Short Sleeve T-Shirt</div>
<div>Round Neck</div>
<div>High Quality DTF Printed </div>
<div>Soft and Comfortable Wear</div>
<div>Easy Wash &amp; Press</div>
<div>Sizes 1-12 years </div>
<div><span>Disclaimer: Colors may vary slightly due to studio lights. </span></div>",BBG FASHION,Apparel & Accessories > Clothing > Clothing Tops > T-Shirts,kids T-Shirts,kids T-Shirts,false,Size,1-2 YRS,,Color,Purple,,,,,'10712810,200.0,shopify,150,continue,manual,799.00,0.00,true,true,,,,,'10712810,https://cdn.shopify.com/s/files/1/0618/2368/0740/files/35_5ca9be1f-b005-474c-8778-12ad124a28ed.png?v=1719669102,1,Avengers Kids Shirt Copy - front view - kids wear Pakistan,false,,,212,,,,,,,,,,,,,,,,,,,,,,,,,,,,,,,,,,,,,,,,https://cdn.shopify.com/s/files/1/0618/2368/0740/files/35_5ca9be1f-b005-474c-8778-12ad124a28ed.png?v=1719669102,kg,,,true,,,draft
avengers-kids-shirt-copy,,,,,,,,,1-2 YRS,,,Beige,,,,,'10712811,200.0,shopify,150,continue,manual,799.00,,true,true,,,,,'10712811,https://cdn.shopify.com/s/files/1/0618/2368/0740/files/bbg_52c11d4e-abc8-46fd-bf9e-e6c4bd11aaf9.png?v=1719669638,2,Unicorn T Shirt For Kids Copy - back view - kids wear Pakistan,,,,,,,,,,,,,,,,,,,,,,,,,,,,,,,,,,,,,,,,,,,,https://cdn.shopify.com/s/files/1/0618/2368/0740/files/28_c68ad60a-e744-48e6-b46b-e0b1d4da17a0.png?v=1719671973,kg,,,,,,
avengers-kids-shirt-copy,,,,,,,,,1-2 YRS,,,White,,,,,'10712812,200.0,shopify,50,continue,manual,799.00,,true,true,,,,,'10712812,https://cdn.shopify.com/s/files/1/0618/2368/0740/files/22_ef27bed9-d7d0-454c-9d06-cd120432119c.png?v=1719671973,3,Avengers Kids Shirt Copy - side view - kids wear Pakistan,,,,,,,,,,,,,,,,,,,,,,,,,,,,,,,,,,,,,,,,,,,,https://cdn.shopify.com/s/files/1/0618/2368/0740/files/29_5b372599-614d-40f9-8e49-e0c6cde0daab.png?v=1719671973,kg,,,,,,
avengers-kids-shirt-copy,,,,,,,,,1-2 YRS,,,Pink,,,,,'10712813,200.0,shopify,50,continue,manual,799.00,,true,true,,,,,'10712813,https://cdn.shopify.com/s/files/1/0618/2368/0740/files/23_49aafe7b-73b8-4dff-80d4-d92d9934983e.png?v=1719671973,4,Avengers Kids Shirt Copy - detail shot - kids wear Pakistan,,,,,,,,,,,,,,,,,,,,,,,,,,,,,,,,,,,,,,,,,,,,https://cdn.shopify.com/s/files/1/0618/2368/0740/files/32_72dd6006-c922-4ecb-aeff-10d810e0d212.png?v=1719671973,kg,,,,,,
avengers-kids-shirt-copy,,,,,,,,,1-2 YRS,,,Bottle green,,,,,'10712814,200.0,shopify,50,continue,manual,799.00,,true,true,,,,,'10712814,https://cdn.shopify.com/s/files/1/0618/2368/0740/files/24_a37f649d-54ef-4961-97ae-8d14f4167ad8.png?v=1719671973,5,Avengers Kids Shirt Copy - front view - kids wear Pakistan,,,,,,,,,,,,,,,,,,,,,,,,,,,,,,,,,,,,,,,,,,,,https://cdn.shopify.com/s/files/1/0618/2368/0740/files/26_69e03382-d8c9-46e5-8528-8424c4613a23.png?v=1719671973,kg,,,,,,
avengers-kids-shirt-copy,,,,,,,,,1-2 YRS,,,Orange,,,,,'10712815,200.0,shopify,50,continue,manual,799.00,,true,true,,,,,'10712815,https://cdn.shopify.com/s/files/1/0618/2368/0740/files/25_a3b65b6e-c45f-4812-8523-41a3a6ee7104.png?v=1719671973,6,Avengers Kids Shirt Copy - back view - kids wear Pakistan,,,,,,,,,,,,,,,,,,,,,,,,,,,,,,,,,,,,,,,,,,,,https://cdn.shopify.com/s/files/1/0618/2368/0740/files/33_285c1dc4-9e81-402e-8e32-317ee0f79aa0.png?v=1719671973,kg,,,,,,
avengers-kids-shirt-copy,,,,,,,,,1-2 YRS,,,Grey,,,,,'10712816,200.0,shopify,50,continue,manual,799.00,,true,true,,,,,'10712816,https://cdn.shopify.com/s/files/1/0618/2368/0740/files/26_69e03382-d8c9-46e5-8528-8424c4613a23.png?v=1719671973,7,Avengers Kids Shirt Copy - side view - kids wear Pakistan,,,,,,,,,,,,,,,,,,,,,,,,,,,,,,,,,,,,,,,,,,,,https://cdn.shopify.com/s/files/1/0618/2368/0740/files/22_47af077b-dee4-47e3-ba63-045d11a58ee8.png?v=1719671973,kg,,,,,,
avengers-kids-shirt-copy,,,,,,,,,1-2 YRS,,,Black,,,,,'10712817,200.0,shopify,50,continue,manual,799.00,,true,true,,,,,'10712817,https://cdn.shopify.com/s/files/1/0618/2368/0740/files/27_08672607-2024-4602-8d02-c1e8ced91ed0.png?v=1719671973,8,Avengers Kids Shirt Copy - detail shot - kids wear Pakistan,,,,,,,,,,,,,,,,,,,,,,,,,,,,,,,,,,,,,,,,,,,,https://cdn.shopify.com/s/files/1/0618/2368/0740/files/15_671df7f8-1eb9-4505-9c90-cb60c69eaf6a.png?v=1719671973,kg,,,,,,
avengers-kids-shirt-copy,,,,,,,,,1-2 YRS,,,Red,,,,,'10712818,200.0,shopify,50,continue,manual,799.00,,true,true,,,,,'10712818,https://cdn.shopify.com/s/files/1/0618/2368/0740/files/28_c68ad60a-e744-48e6-b46b-e0b1d4da17a0.png?v=1719671973,9,Avengers Kids Shirt Copy - front view - kids wear Pakistan,,,,,,,,,,,,,,,,,,,,,,,,,,,,,,,,,,,,,,,,,,,,https://cdn.shopify.com/s/files/1/0618/2368/0740/files/31_93efba45-b5a7-4693-9189-cf45bf2169d1.png?v=1719671973,kg,,,,,,
avengers-kids-shirt-copy,,,,,,,,,1-2 YRS,,,Yellow,,,,,'10712819,200.0,shopify,50,continue,manual,799.00,,true,true,,,,,'10712819,https://cdn.shopify.com/s/files/1/0618/2368/0740/files/29_5b372599-614d-40f9-8e49-e0c6cde0daab.png?v=1719671973,10,Avengers Kids Shirt Copy - back view - kids wear Pakistan,,,,,,,,,,,,,,,,,,,,,,,,,,,,,,,,,,,,,,,,,,,,https://cdn.shopify.com/s/files/1/0618/2368/0740/files/23_b46955ba-6224-466d-ac2d-e2428529f949.png?v=1719671973,kg,,,,,,
avengers-kids-shirt-copy,,,,,,,,,1-2 YRS,,,Mahroon,,,,,'10712820,200.0,shopify,50,continue,manual,799.00,,true,true,,,,,'10712820,https://cdn.shopify.com/s/files/1/0618/2368/0740/files/30_d151c1c2-e087-4217-ac1d-d1ab3de5a0c6.png?v=1719671973,11,Avengers Kids Shirt Copy - side view - kids wear Pakistan,,,,,,,,,,,,,,,,,,,,,,,,,,,,,,,,,,,,,,,,,,,,https://cdn.shopify.com/s/files/1/0618/2368/0740/files/30_d151c1c2-e087-4217-ac1d-d1ab3de5a0c6.png?v=1719671973,kg,,,,,,
avengers-kids-shirt-copy,,,,,,,,,1-2 YRS,,,Light Blue,,,,,'10712821,200.0,shopify,50,continue,manual,799.00,,true,true,,,,,'10712821,https://cdn.shopify.com/s/files/1/0618/2368/0740/files/31_93efba45-b5a7-4693-9189-cf45bf2169d1.png?v=1719671973,12,Avengers Kids Shirt Copy - detail shot - kids wear Pakistan,,,,,,,,,,,,,,,,,,,,,,,,,,,,,,,,,,,,,,,,,,,,https://cdn.shopify.com/s/files/1/0618/2368/0740/files/24_a37f649d-54ef-4961-97ae-8d14f4167ad8.png?v=1719671973,kg,,,,,,
avengers-kids-shirt-copy,,,,,,,,,1-2 YRS,,,Green,,,,,'10712822,200.0,shopify,150,continue,manual,799.00,,true,true,,,,,'10712822,https://cdn.shopify.com/s/files/1/0618/2368/0740/files/32_72dd6006-c922-4ecb-aeff-10d810e0d212.png?v=1719671973,13,Avengers Kids Shirt Copy - front view - kids wear Pakistan,,,,,,,,,,,,,,,,,,,,,,,,,,,,,,,,,,,,,,,,,,,,https://cdn.shopify.com/s/files/1/0618/2368/0740/files/27_08672607-2024-4602-8d02-c1e8ced91ed0.png?v=1719671973,kg,,,,,,
avengers-kids-shirt-copy,,,,,,,,,1-2 YRS,,,Navy Blue,,,,,'10712823,200.0,shopify,150,continue,manual,799.00,,true,true,,,,,'10712823,https://cdn.shopify.com/s/files/1/0618/2368/0740/files/33_285c1dc4-9e81-402e-8e32-317ee0f79aa0.png?v=1719671973,14,Avengers Kids Shirt Copy - back view - kids wear Pakistan,,,,,,,,,,,,,,,,,,,,,,,,,,,,,,,,,,,,,,,,,,,,https://cdn.shopify.com/s/files/1/0618/2368/0740/files/25_a3b65b6e-c45f-4812-8523-41a3a6ee7104.png?v=1719671973,kg,,,,,,
avengers-kids-shirt-copy,,,,,,,,,3-4 YRS,,,Purple,,,,,'10712824,200.0,shopify,150,continue,manual,799.00,,true,true,,,,,'10712824,https://cdn.shopify.com/s/files/1/0618/2368/0740/files/34_f45d2919-10a0-44f7-b86a-3d32853a21ed.png?v=1719671973,15,Avengers Kids Shirt Copy - side view - kids wear Pakistan,,,,,,,,,,,,,,,,,,,,,,,,,,,,,,,,,,,,,,,,,,,,https://cdn.shopify.com/s/files/1/0618/2368/0740/files/35_5ca9be1f-b005-474c-8778-12ad124a28ed.png?v=1719669102,kg,,,,,,
avengers-kids-shirt-copy,,,,,,,,,3-4 YRS,,,Beige,,,,,'10712825,200.0,shopify,150,continue,manual,799.00,,true,true,,,,,'10712825,https://cdn.shopify.com/s/files/1/0618/2368/0740/files/22_47af077b-dee4-47e3-ba63-045d11a58ee8.png?v=1719671973,16,Avengers Kids Shirt Copy - detail shot - kids wear Pakistan,,,,,,,,,,,,,,,,,,,,,,,,,,,,,,,,,,,,,,,,,,,,https://cdn.shopify.com/s/files/1/0618/2368/0740/files/28_c68ad60a-e744-48e6-b46b-e0b1d4da17a0.png?v=1719671973,kg,,,,,,
avengers-kids-shirt-copy,,,,,,,,,3-4 YRS,,,White,,,,,'10712826,200.0,shopify,50,continue,manual,799.00,,true,true,,,,,'10712826,https://cdn.shopify.com/s/files/1/0618/2368/0740/files/15_671df7f8-1eb9-4505-9c90-cb60c69eaf6a.png?v=1719671973,17,Avengers Kids Shirt Copy - front view - kids wear Pakistan,,,,,,,,,,,,,,,,,,,,,,,,,,,,,,,,,,,,,,,,,,,,https://cdn.shopify.com/s/files/1/0618/2368/0740/files/29_5b372599-614d-40f9-8e49-e0c6cde0daab.png?v=1719671973,kg,,,,,,
avengers-kids-shirt-copy,,,,,,,,,3-4 YRS,,,Pink,,,,,'10712827,200.0,shopify,50,continue,manual,799.00,,true,true,,,,,'10712827,https://cdn.shopify.com/s/files/1/0618/2368/0740/files/23_b46955ba-6224-466d-ac2d-e2428529f949.png?v=1719671973,18,Avengers Kids Shirt Copy - back view - kids wear Pakistan,,,,,,,,,,,,,,,,,,,,,,,,,,,,,,,,,,,,,,,,,,,,https://cdn.shopify.com/s/files/1/0618/2368/0740/files/32_72dd6006-c922-4ecb-aeff-10d810e0d212.png?v=1719671973,kg,,,,,,
avengers-kids-shirt-copy,,,,,,,,,3-4 YRS,,,Bottle green,,,,,'10712828,200.0,shopify,50,continue,manual,799.00,,true,true,,,,,'10712828,,,,,,,,,,,,,,,,,,,,,,,,,,,,,,,,,,,,,,,,,,,,,,,https://cdn.shopify.com/s/files/1/0618/2368/0740/files/26_69e03382-d8c9-46e5-8528-8424c4613a23.png?v=1719671973,kg,,,,,,
avengers-kids-shirt-copy,,,,,,,,,3-4 YRS,,,Orange,,,,,'10712829,200.0,shopify,50,continue,manual,799.00,,true,true,,,,,'10712829,,,,,,,,,,,,,,,,,,,,,,,,,,,,,,,,,,,,,,,,,,,,,,,https://cdn.shopify.com/s/files/1/0618/2368/0740/files/33_285c1dc4-9e81-402e-8e32-317ee0f79aa0.png?v=1719671973,kg,,,,,,
avengers-kids-shirt-copy,,,,,,,,,3-4 YRS,,,Grey,,,,,'10712830,200.0,shopify,50,continue,manual,799.00,,true,true,,,,,'10712830,,,,,,,,,,,,,,,,,,,,,,,,,,,,,,,,,,,,,,,,,,,,,,,https://cdn.shopify.com/s/files/1/0618/2368/0740/files/22_47af077b-dee4-47e3-ba63-045d11a58ee8.png?v=1719671973,kg,,,,,,
avengers-kids-shirt-copy,,,,,,,,,3-4 YRS,,,Black,,,,,'10712831,200.0,shopify,50,continue,manual,799.00,,true,true,,,,,'10712831,,,,,,,,,,,,,,,,,,,,,,,,,,,,,,,,,,,,,,,,,,,,,,,https://cdn.shopify.com/s/files/1/0618/2368/0740/files/15_671df7f8-1eb9-4505-9c90-cb60c69eaf6a.png?v=1719671973,kg,,,,,,
avengers-kids-shirt-copy,,,,,,,,,3-4 YRS,,,Red,,,,,'10712832,200.0,shopify,50,continue,manual,799.00,,true,true,,,,,'10712832,,,,,,,,,,,,,,,,,,,,,,,,,,,,,,,,,,,,,,,,,,,,,,,https://cdn.shopify.com/s/files/1/0618/2368/0740/files/31_93efba45-b5a7-4693-9189-cf45bf2169d1.png?v=1719671973,kg,,,,,,
avengers-kids-shirt-copy,,,,,,,,,3-4 YRS,,,Yellow,,,,,'10712833,200.0,shopify,50,continue,manual,799.00,,true,true,,,,,'10712833,,,,,,,,,,,,,,,,,,,,,,,,,,,,,,,,,,,,,,,,,,,,,,,https://cdn.shopify.com/s/files/1/0618/2368/0740/files/23_b46955ba-6224-466d-ac2d-e2428529f949.png?v=1719671973,kg,,,,,,
avengers-kids-shirt-copy,,,,,,,,,3-4 YRS,,,Mahroon,,,,,'10712834,200.0,shopify,50,continue,manual,799.00,,true,true,,,,,'10712834,,,,,,,,,,,,,,,,,,,,,,,,,,,,,,,,,,,,,,,,,,,,,,,https://cdn.shopify.com/s/files/1/0618/2368/0740/files/30_d151c1c2-e087-4217-ac1d-d1ab3de5a0c6.png?v=1719671973,kg,,,,,,
avengers-kids-shirt-copy,,,,,,,,,3-4 YRS,,,Light Blue,,,,,'10712835,200.0,shopify,50,continue,manual,799.00,,true,true,,,,,'10712835,,,,,,,,,,,,,,,,,,,,,,,,,,,,,,,,,,,,,,,,,,,,,,,https://cdn.shopify.com/s/files/1/0618/2368/0740/files/24_a37f649d-54ef-4961-97ae-8d14f4167ad8.png?v=1719671973,kg,,,,,,
avengers-kids-shirt-copy,,,,,,,,,3-4 YRS,,,Green,,,,,'10712836,200.0,shopify,150,continue,manual,799.00,,true,true,,,,,'10712836,,,,,,,,,,,,,,,,,,,,,,,,,,,,,,,,,,,,,,,,,,,,,,,https://cdn.shopify.com/s/files/1/0618/2368/0740/files/27_08672607-2024-4602-8d02-c1e8ced91ed0.png?v=1719671973,kg,,,,,,
avengers-kids-shirt-copy,,,,,,,,,3-4 YRS,,,Navy Blue,,,,,'10712837,200.0,shopify,150,continue,manual,799.00,,true,true,,,,,'10712837,,,,,,,,,,,,,,,,,,,,,,,,,,,,,,,,,,,,,,,,,,,,,,,https://cdn.shopify.com/s/files/1/0618/2368/0740/files/25_a3b65b6e-c45f-4812-8523-41a3a6ee7104.png?v=1719671973,kg,,,,,,
avengers-kids-shirt-copy,,,,,,,,,5-6 YRS,,,Purple,,,,,'10712838,200.0,shopify,149,continue,manual,799.00,,true,true,,,,,'10712838,,,,,,,,,,,,,,,,,,,,,,,,,,,,,,,,,,,,,,,,,,,,,,,https://cdn.shopify.com/s/files/1/0618/2368/0740/files/35_5ca9be1f-b005-474c-8778-12ad124a28ed.png?v=1719669102,kg,,,,,,
avengers-kids-shirt-copy,,,,,,,,,5-6 YRS,,,Beige,,,,,'10712839,200.0,shopify,150,continue,manual,799.00,,true,true,,,,,'10712839,,,,,,,,,,,,,,,,,,,,,,,,,,,,,,,,,,,,,,,,,,,,,,,https://cdn.shopify.com/s/files/1/0618/2368/0740/files/28_c68ad60a-e744-48e6-b46b-e0b1d4da17a0.png?v=1719671973,kg,,,,,,
avengers-kids-shirt-copy,,,,,,,,,5-6 YRS,,,White,,,,,'10712840,200.0,shopify,50,continue,manual,799.00,,true,true,,,,,'10712840,,,,,,,,,,,,,,,,,,,,,,,,,,,,,,,,,,,,,,,,,,,,,,,https://cdn.shopify.com/s/files/1/0618/2368/0740/files/29_5b372599-614d-40f9-8e49-e0c6cde0daab.png?v=1719671973,kg,,,,,,
avengers-kids-shirt-copy,,,,,,,,,5-6 YRS,,,Pink,,,,,'10712841,200.0,shopify,50,continue,manual,799.00,,true,true,,,,,'10712841,,,,,,,,,,,,,,,,,,,,,,,,,,,,,,,,,,,,,,,,,,,,,,,https://cdn.shopify.com/s/files/1/0618/2368/0740/files/32_72dd6006-c922-4ecb-aeff-10d810e0d212.png?v=1719671973,kg,,,,,,
avengers-kids-shirt-copy,,,,,,,,,5-6 YRS,,,Bottle green,,,,,'10712842,200.0,shopify,50,continue,manual,799.00,,true,true,,,,,'10712842,,,,,,,,,,,,,,,,,,,,,,,,,,,,,,,,,,,,,,,,,,,,,,,https://cdn.shopify.com/s/files/1/0618/2368/0740/files/26_69e03382-d8c9-46e5-8528-8424c4613a23.png?v=1719671973,kg,,,,,,
avengers-kids-shirt-copy,,,,,,,,,5-6 YRS,,,Orange,,,,,'10712843,200.0,shopify,50,continue,manual,799.00,,true,true,,,,,'10712843,,,,,,,,,,,,,,,,,,,,,,,,,,,,,,,,,,,,,,,,,,,,,,,https://cdn.shopify.com/s/files/1/0618/2368/0740/files/33_285c1dc4-9e81-402e-8e32-317ee0f79aa0.png?v=1719671973,kg,,,,,,
avengers-kids-shirt-copy,,,,,,,,,5-6 YRS,,,Grey,,,,,'10712844,200.0,shopify,50,continue,manual,799.00,,true,true,,,,,'10712844,,,,,,,,,,,,,,,,,,,,,,,,,,,,,,,,,,,,,,,,,,,,,,,https://cdn.shopify.com/s/files/1/0618/2368/0740/files/22_47af077b-dee4-47e3-ba63-045d11a58ee8.png?v=1719671973,kg,,,,,,
avengers-kids-shirt-copy,,,,,,,,,5-6 YRS,,,Black,,,,,'10712845,200.0,shopify,50,continue,manual,799.00,,true,true,,,,,'10712845,,,,,,,,,,,,,,,,,,,,,,,,,,,,,,,,,,,,,,,,,,,,,,,https://cdn.shopify.com/s/files/1/0618/2368/0740/files/15_671df7f8-1eb9-4505-9c90-cb60c69eaf6a.png?v=1719671973,kg,,,,,,
avengers-kids-shirt-copy,,,,,,,,,5-6 YRS,,,Red,,,,,'10712846,200.0,shopify,50,continue,manual,799.00,,true,true,,,,,'10712846,,,,,,,,,,,,,,,,,,,,,,,,,,,,,,,,,,,,,,,,,,,,,,,https://cdn.shopify.com/s/files/1/0618/2368/0740/files/31_93efba45-b5a7-4693-9189-cf45bf2169d1.png?v=1719671973,kg,,,,,,
avengers-kids-shirt-copy,,,,,,,,,5-6 YRS,,,Yellow,,,,,'10712847,200.0,shopify,50,continue,manual,799.00,,true,true,,,,,'10712847,,,,,,,,,,,,,,,,,,,,,,,,,,,,,,,,,,,,,,,,,,,,,,,https://cdn.shopify.com/s/files/1/0618/2368/0740/files/23_b46955ba-6224-466d-ac2d-e2428529f949.png?v=1719671973,kg,,,,,,
avengers-kids-shirt-copy,,,,,,,,,5-6 YRS,,,Mahroon,,,,,'10712848,200.0,shopify,50,continue,manual,799.00,,true,true,,,,,'10712848,,,,,,,,,,,,,,,,,,,,,,,,,,,,,,,,,,,,,,,,,,,,,,,https://cdn.shopify.com/s/files/1/0618/2368/0740/files/30_d151c1c2-e087-4217-ac1d-d1ab3de5a0c6.png?v=1719671973,kg,,,,,,
avengers-kids-shirt-copy,,,,,,,,,5-6 YRS,,,Light Blue,,,,,'10712849,200.0,shopify,50,continue,manual,799.00,,true,true,,,,,'10712849,,,,,,,,,,,,,,,,,,,,,,,,,,,,,,,,,,,,,,,,,,,,,,,https://cdn.shopify.com/s/files/1/0618/2368/0740/files/24_a37f649d-54ef-4961-97ae-8d14f4167ad8.png?v=1719671973,kg,,,,,,
avengers-kids-shirt-copy,,,,,,,,,5-6 YRS,,,Green,,,,,'10712850,200.0,shopify,150,continue,manual,799.00,,true,true,,,,,'10712850,,,,,,,,,,,,,,,,,,,,,,,,,,,,,,,,,,,,,,,,,,,,,,,https://cdn.shopify.com/s/files/1/0618/2368/0740/files/27_08672607-2024-4602-8d02-c1e8ced91ed0.png?v=1719671973,kg,,,,,,
avengers-kids-shirt-copy,,,,,,,,,5-6 YRS,,,Navy Blue,,,,,'10712851,200.0,shopify,150,continue,manual,799.00,,true,true,,,,,'10712851,,,,,,,,,,,,,,,,,,,,,,,,,,,,,,,,,,,,,,,,,,,,,,,https://cdn.shopify.com/s/files/1/0618/2368/0740/files/25_a3b65b6e-c45f-4812-8523-41a3a6ee7104.png?v=1719671973,kg,,,,,,
avengers-kids-shirt-copy,,,,,,,,,7-8 YRS,,,Purple,,,,,'10712852,200.0,shopify,150,continue,manual,799.00,,true,true,,,,,'10712852,,,,,,,,,,,,,,,,,,,,,,,,,,,,,,,,,,,,,,,,,,,,,,,https://cdn.shopify.com/s/files/1/0618/2368/0740/files/35_5ca9be1f-b005-474c-8778-12ad124a28ed.png?v=1719669102,kg,,,,,,
avengers-kids-shirt-copy,,,,,,,,,7-8 YRS,,,Beige,,,,,'10712853,200.0,shopify,150,continue,manual,799.00,,true,true,,,,,'10712853,,,,,,,,,,,,,,,,,,,,,,,,,,,,,,,,,,,,,,,,,,,,,,,https://cdn.shopify.com/s/files/1/0618/2368/0740/files/28_c68ad60a-e744-48e6-b46b-e0b1d4da17a0.png?v=1719671973,kg,,,,,,
avengers-kids-shirt-copy,,,,,,,,,7-8 YRS,,,White,,,,,'10712854,200.0,shopify,50,continue,manual,799.00,,true,true,,,,,'10712854,,,,,,,,,,,,,,,,,,,,,,,,,,,,,,,,,,,,,,,,,,,,,,,https://cdn.shopify.com/s/files/1/0618/2368/0740/files/29_5b372599-614d-40f9-8e49-e0c6cde0daab.png?v=1719671973,kg,,,,,,
avengers-kids-shirt-copy,,,,,,,,,7-8 YRS,,,Pink,,,,,'10712855,200.0,shopify,49,continue,manual,799.00,,true,true,,,,,'10712855,,,,,,,,,,,,,,,,,,,,,,,,,,,,,,,,,,,,,,,,,,,,,,,https://cdn.shopify.com/s/files/1/0618/2368/0740/files/32_72dd6006-c922-4ecb-aeff-10d810e0d212.png?v=1719671973,kg,,,,,,
avengers-kids-shirt-copy,,,,,,,,,7-8 YRS,,,Bottle green,,,,,'10712856,200.0,shopify,50,continue,manual,799.00,,true,true,,,,,'10712856,,,,,,,,,,,,,,,,,,,,,,,,,,,,,,,,,,,,,,,,,,,,,,,https://cdn.shopify.com/s/files/1/0618/2368/0740/files/26_69e03382-d8c9-46e5-8528-8424c4613a23.png?v=1719671973,kg,,,,,,
avengers-kids-shirt-copy,,,,,,,,,7-8 YRS,,,Orange,,,,,'10712857,200.0,shopify,50,continue,manual,799.00,,true,true,,,,,'10712857,,,,,,,,,,,,,,,,,,,,,,,,,,,,,,,,,,,,,,,,,,,,,,,https://cdn.shopify.com/s/files/1/0618/2368/0740/files/33_285c1dc4-9e81-402e-8e32-317ee0f79aa0.png?v=1719671973,kg,,,,,,
avengers-kids-shirt-copy,,,,,,,,,7-8 YRS,,,Grey,,,,,'10712858,200.0,shopify,50,continue,manual,799.00,,true,true,,,,,'10712858,,,,,,,,,,,,,,,,,,,,,,,,,,,,,,,,,,,,,,,,,,,,,,,https://cdn.shopify.com/s/files/1/0618/2368/0740/files/22_47af077b-dee4-47e3-ba63-045d11a58ee8.png?v=1719671973,kg,,,,,,
avengers-kids-shirt-copy,,,,,,,,,7-8 YRS,,,Black,,,,,'10712859,200.0,shopify,50,continue,manual,799.00,,true,true,,,,,'10712859,,,,,,,,,,,,,,,,,,,,,,,,,,,,,,,,,,,,,,,,,,,,,,,https://cdn.shopify.com/s/files/1/0618/2368/0740/files/15_671df7f8-1eb9-4505-9c90-cb60c69eaf6a.png?v=1719671973,kg,,,,,,
avengers-kids-shirt-copy,,,,,,,,,7-8 YRS,,,Red,,,,,'10712860,200.0,shopify,50,continue,manual,799.00,,true,true,,,,,'10712860,,,,,,,,,,,,,,,,,,,,,,,,,,,,,,,,,,,,,,,,,,,,,,,https://cdn.shopify.com/s/files/1/0618/2368/0740/files/31_93efba45-b5a7-4693-9189-cf45bf2169d1.png?v=1719671973,kg,,,,,,
avengers-kids-shirt-copy,,,,,,,,,7-8 YRS,,,Yellow,,,,,'10712861,200.0,shopify,50,continue,manual,799.00,,true,true,,,,,'10712861,,,,,,,,,,,,,,,,,,,,,,,,,,,,,,,,,,,,,,,,,,,,,,,https://cdn.shopify.com/s/files/1/0618/2368/0740/files/23_b46955ba-6224-466d-ac2d-e2428529f949.png?v=1719671973,kg,,,,,,
avengers-kids-shirt-copy,,,,,,,,,7-8 YRS,,,Mahroon,,,,,'10712862,200.0,shopify,50,continue,manual,799.00,,true,true,,,,,'10712862,,,,,,,,,,,,,,,,,,,,,,,,,,,,,,,,,,,,,,,,,,,,,,,https://cdn.shopify.com/s/files/1/0618/2368/0740/files/30_d151c1c2-e087-4217-ac1d-d1ab3de5a0c6.png?v=1719671973,kg,,,,,,
avengers-kids-shirt-copy,,,,,,,,,7-8 YRS,,,Light Blue,,,,,'10712863,200.0,shopify,49,continue,manual,799.00,,true,true,,,,,'10712863,,,,,,,,,,,,,,,,,,,,,,,,,,,,,,,,,,,,,,,,,,,,,,,https://cdn.shopify.com/s/files/1/0618/2368/0740/files/24_a37f649d-54ef-4961-97ae-8d14f4167ad8.png?v=1719671973,kg,,,,,,
avengers-kids-shirt-copy,,,,,,,,,7-8 YRS,,,Green,,,,,'10712864,200.0,shopify,150,continue,manual,799.00,,true,true,,,,,'10712864,,,,,,,,,,,,,,,,,,,,,,,,,,,,,,,,,,,,,,,,,,,,,,,https://cdn.shopify.com/s/files/1/0618/2368/0740/files/27_08672607-2024-4602-8d02-c1e8ced91ed0.png?v=1719671973,kg,,,,,,
avengers-kids-shirt-copy,,,,,,,,,7-8 YRS,,,Navy Blue,,,,,'10712865,200.0,shopify,150,continue,manual,799.00,,true,true,,,,,'10712865,,,,,,,,,,,,,,,,,,,,,,,,,,,,,,,,,,,,,,,,,,,,,,,https://cdn.shopify.com/s/files/1/0618/2368/0740/files/25_a3b65b6e-c45f-4812-8523-41a3a6ee7104.png?v=1719671973,kg,,,,,,
avengers-kids-shirt-copy,,,,,,,,,9-10 YRS,,,Purple,,,,,'10712866,200.0,shopify,149,continue,manual,899.00,,true,true,,,,,'10712866,,,,,,,,,,,,,,,,,,,,,,,,,,,,,,,,,,,,,,,,,,,,,,,https://cdn.shopify.com/s/files/1/0618/2368/0740/files/35_5ca9be1f-b005-474c-8778-12ad124a28ed.png?v=1719669102,kg,,,,,,
avengers-kids-shirt-copy,,,,,,,,,9-10 YRS,,,Beige,,,,,'10712867,200.0,shopify,150,continue,manual,899.00,,true,true,,,,,'10712867,,,,,,,,,,,,,,,,,,,,,,,,,,,,,,,,,,,,,,,,,,,,,,,https://cdn.shopify.com/s/files/1/0618/2368/0740/files/28_c68ad60a-e744-48e6-b46b-e0b1d4da17a0.png?v=1719671973,kg,,,,,,
avengers-kids-shirt-copy,,,,,,,,,9-10 YRS,,,White,,,,,'10712868,200.0,shopify,50,continue,manual,899.00,,true,true,,,,,'10712868,,,,,,,,,,,,,,,,,,,,,,,,,,,,,,,,,,,,,,,,,,,,,,,https://cdn.shopify.com/s/files/1/0618/2368/0740/files/29_5b372599-614d-40f9-8e49-e0c6cde0daab.png?v=1719671973,kg,,,,,,
avengers-kids-shirt-copy,,,,,,,,,9-10 YRS,,,Pink,,,,,'10712869,200.0,shopify,50,continue,manual,899.00,,true,true,,,,,'10712869,,,,,,,,,,,,,,,,,,,,,,,,,,,,,,,,,,,,,,,,,,,,,,,https://cdn.shopify.com/s/files/1/0618/2368/0740/files/32_72dd6006-c922-4ecb-aeff-10d810e0d212.png?v=1719671973,kg,,,,,,
avengers-kids-shirt-copy,,,,,,,,,9-10 YRS,,,Bottle green,,,,,'10712870,200.0,shopify,50,continue,manual,899.00,,true,true,,,,,'10712870,,,,,,,,,,,,,,,,,,,,,,,,,,,,,,,,,,,,,,,,,,,,,,,https://cdn.shopify.com/s/files/1/0618/2368/0740/files/26_69e03382-d8c9-46e5-8528-8424c4613a23.png?v=1719671973,kg,,,,,,
avengers-kids-shirt-copy,,,,,,,,,9-10 YRS,,,Orange,,,,,'10712871,200.0,shopify,50,continue,manual,899.00,,true,true,,,,,'10712871,,,,,,,,,,,,,,,,,,,,,,,,,,,,,,,,,,,,,,,,,,,,,,,https://cdn.shopify.com/s/files/1/0618/2368/0740/files/33_285c1dc4-9e81-402e-8e32-317ee0f79aa0.png?v=1719671973,kg,,,,,,
avengers-kids-shirt-copy,,,,,,,,,9-10 YRS,,,Grey,,,,,'10712872,200.0,shopify,50,continue,manual,899.00,,true,true,,,,,'10712872,,,,,,,,,,,,,,,,,,,,,,,,,,,,,,,,,,,,,,,,,,,,,,,https://cdn.shopify.com/s/files/1/0618/2368/0740/files/22_47af077b-dee4-47e3-ba63-045d11a58ee8.png?v=1719671973,kg,,,,,,
avengers-kids-shirt-copy,,,,,,,,,9-10 YRS,,,Black,,,,,'10712873,200.0,shopify,50,continue,manual,899.00,,true,true,,,,,'10712873,,,,,,,,,,,,,,,,,,,,,,,,,,,,,,,,,,,,,,,,,,,,,,,https://cdn.shopify.com/s/files/1/0618/2368/0740/files/15_671df7f8-1eb9-4505-9c90-cb60c69eaf6a.png?v=1719671973,kg,,,,,,
avengers-kids-shirt-copy,,,,,,,,,9-10 YRS,,,Red,,,,,'10712874,200.0,shopify,50,continue,manual,899.00,,true,true,,,,,'10712874,,,,,,,,,,,,,,,,,,,,,,,,,,,,,,,,,,,,,,,,,,,,,,,https://cdn.shopify.com/s/files/1/0618/2368/0740/files/31_93efba45-b5a7-4693-9189-cf45bf2169d1.png?v=1719671973,kg,,,,,,
avengers-kids-shirt-copy,,,,,,,,,9-10 YRS,,,Yellow,,,,,'10712875,200.0,shopify,50,continue,manual,899.00,,true,true,,,,,'10712875,,,,,,,,,,,,,,,,,,,,,,,,,,,,,,,,,,,,,,,,,,,,,,,https://cdn.shopify.com/s/files/1/0618/2368/0740/files/23_b46955ba-6224-466d-ac2d-e2428529f949.png?v=1719671973,kg,,,,,,
avengers-kids-shirt-copy,,,,,,,,,9-10 YRS,,,Mahroon,,,,,'10712876,200.0,shopify,50,continue,manual,899.00,,true,true,,,,,'10712876,,,,,,,,,,,,,,,,,,,,,,,,,,,,,,,,,,,,,,,,,,,,,,,https://cdn.shopify.com/s/files/1/0618/2368/0740/files/30_d151c1c2-e087-4217-ac1d-d1ab3de5a0c6.png?v=1719671973,kg,,,,,,
avengers-kids-shirt-copy,,,,,,,,,9-10 YRS,,,Light Blue,,,,,'10712877,200.0,shopify,49,continue,manual,899.00,,true,true,,,,,'10712877,,,,,,,,,,,,,,,,,,,,,,,,,,,,,,,,,,,,,,,,,,,,,,,https://cdn.shopify.com/s/files/1/0618/2368/0740/files/24_a37f649d-54ef-4961-97ae-8d14f4167ad8.png?v=1719671973,kg,,,,,,
avengers-kids-shirt-copy,,,,,,,,,9-10 YRS,,,Green,,,,,'10712878,200.0,shopify,150,continue,manual,899.00,,true,true,,,,,'10712878,,,,,,,,,,,,,,,,,,,,,,,,,,,,,,,,,,,,,,,,,,,,,,,https://cdn.shopify.com/s/files/1/0618/2368/0740/files/27_08672607-2024-4602-8d02-c1e8ced91ed0.png?v=1719671973,kg,,,,,,
avengers-kids-shirt-copy,,,,,,,,,9-10 YRS,,,Navy Blue,,,,,'10712879,200.0,shopify,150,continue,manual,899.00,,true,true,,,,,'10712879,,,,,,,,,,,,,,,,,,,,,,,,,,,,,,,,,,,,,,,,,,,,,,,https://cdn.shopify.com/s/files/1/0618/2368/0740/files/25_a3b65b6e-c45f-4812-8523-41a3a6ee7104.png?v=1719671973,kg,,,,,,
avengers-kids-shirt-copy,,,,,,,,,11-12 YRS,,,Purple,,,,,'10712880,200.0,shopify,150,continue,manual,899.00,,true,true,,,,,'10712880,,,,,,,,,,,,,,,,,,,,,,,,,,,,,,,,,,,,,,,,,,,,,,,https://cdn.shopify.com/s/files/1/0618/2368/0740/files/35_5ca9be1f-b005-474c-8778-12ad124a28ed.png?v=1719669102,kg,,,,,,
avengers-kids-shirt-copy,,,,,,,,,11-12 YRS,,,Beige,,,,,'10712881,200.0,shopify,150,continue,manual,899.00,,true,true,,,,,'10712881,,,,,,,,,,,,,,,,,,,,,,,,,,,,,,,,,,,,,,,,,,,,,,,https://cdn.shopify.com/s/files/1/0618/2368/0740/files/28_c68ad60a-e744-48e6-b46b-e0b1d4da17a0.png?v=1719671973,kg,,,,,,
avengers-kids-shirt-copy,,,,,,,,,11-12 YRS,,,White,,,,,'10712882,200.0,shopify,49,continue,manual,899.00,,true,true,,,,,'10712882,,,,,,,,,,,,,,,,,,,,,,,,,,,,,,,,,,,,,,,,,,,,,,,https://cdn.shopify.com/s/files/1/0618/2368/0740/files/29_5b372599-614d-40f9-8e49-e0c6cde0daab.png?v=1719671973,kg,,,,,,
avengers-kids-shirt-copy,,,,,,,,,11-12 YRS,,,Pink,,,,,'10712883,200.0,shopify,50,continue,manual,899.00,,true,true,,,,,'10712883,,,,,,,,,,,,,,,,,,,,,,,,,,,,,,,,,,,,,,,,,,,,,,,https://cdn.shopify.com/s/files/1/0618/2368/0740/files/32_72dd6006-c922-4ecb-aeff-10d810e0d212.png?v=1719671973,kg,,,,,,
avengers-kids-shirt-copy,,,,,,,,,11-12 YRS,,,Bottle green,,,,,'10712884,200.0,shopify,50,continue,manual,899.00,,true,true,,,,,'10712884,,,,,,,,,,,,,,,,,,,,,,,,,,,,,,,,,,,,,,,,,,,,,,,https://cdn.shopify.com/s/files/1/0618/2368/0740/files/26_69e03382-d8c9-46e5-8528-8424c4613a23.png?v=1719671973,kg,,,,,,
avengers-kids-shirt-copy,,,,,,,,,11-12 YRS,,,Orange,,,,,'10712885,200.0,shopify,50,continue,manual,899.00,,true,true,,,,,'10712885,,,,,,,,,,,,,,,,,,,,,,,,,,,,,,,,,,,,,,,,,,,,,,,https://cdn.shopify.com/s/files/1/0618/2368/0740/files/33_285c1dc4-9e81-402e-8e32-317ee0f79aa0.png?v=1719671973,kg,,,,,,
avengers-kids-shirt-copy,,,,,,,,,11-12 YRS,,,Grey,,,,,'10712886,200.0,shopify,50,continue,manual,899.00,,true,true,,,,,'10712886,,,,,,,,,,,,,,,,,,,,,,,,,,,,,,,,,,,,,,,,,,,,,,,https://cdn.shopify.com/s/files/1/0618/2368/0740/files/22_47af077b-dee4-47e3-ba63-045d11a58ee8.png?v=1719671973,kg,,,,,,
avengers-kids-shirt-copy,,,,,,,,,11-12 YRS,,,Black,,,,,'10712887,200.0,shopify,50,continue,manual,899.00,,true,true,,,,,'10712887,,,,,,,,,,,,,,,,,,,,,,,,,,,,,,,,,,,,,,,,,,,,,,,https://cdn.shopify.com/s/files/1/0618/2368/0740/files/15_671df7f8-1eb9-4505-9c90-cb60c69eaf6a.png?v=1719671973,kg,,,,,,
avengers-kids-shirt-copy,,,,,,,,,11-12 YRS,,,Red,,,,,'10712888,200.0,shopify,50,continue,manual,899.00,,true,true,,,,,'10712888,,,,,,,,,,,,,,,,,,,,,,,,,,,,,,,,,,,,,,,,,,,,,,,https://cdn.shopify.com/s/files/1/0618/2368/0740/files/31_93efba45-b5a7-4693-9189-cf45bf2169d1.png?v=1719671973,kg,,,,,,
avengers-kids-shirt-copy,,,,,,,,,11-12 YRS,,,Yellow,,,,,'10712889,200.0,shopify,50,continue,manual,899.00,,true,true,,,,,'10712889,,,,,,,,,,,,,,,,,,,,,,,,,,,,,,,,,,,,,,,,,,,,,,,https://cdn.shopify.com/s/files/1/0618/2368/0740/files/23_b46955ba-6224-466d-ac2d-e2428529f949.png?v=1719671973,kg,,,,,,
avengers-kids-shirt-copy,,,,,,,,,11-12 YRS,,,Mahroon,,,,,'10712890,200.0,shopify,50,continue,manual,899.00,,true,true,,,,,'10712890,,,,,,,,,,,,,,,,,,,,,,,,,,,,,,,,,,,,,,,,,,,,,,,https://cdn.shopify.com/s/files/1/0618/2368/0740/files/30_d151c1c2-e087-4217-ac1d-d1ab3de5a0c6.png?v=1719671973,kg,,,,,,
avengers-kids-shirt-copy,,,,,,,,,11-12 YRS,,,Light Blue,,,,,'10712891,200.0,shopify,50,continue,manual,899.00,,true,true,,,,,'10712891,,,,,,,,,,,,,,,,,,,,,,,,,,,,,,,,,,,,,,,,,,,,,,,https://cdn.shopify.com/s/files/1/0618/2368/0740/files/24_a37f649d-54ef-4961-97ae-8d14f4167ad8.png?v=1719671973,kg,,,,,,
avengers-kids-shirt-copy,,,,,,,,,11-12 YRS,,,Green,,,,,'10712892,200.0,shopify,150,continue,manual,899.00,,true,true,,,,,'10712892,,,,,,,,,,,,,,,,,,,,,,,,,,,,,,,,,,,,,,,,,,,,,,,https://cdn.shopify.com/s/files/1/0618/2368/0740/files/27_08672607-2024-4602-8d02-c1e8ced91ed0.png?v=1719671973,kg,,,,,,
avengers-kids-shirt-copy,,,,,,,,,11-12 YRS,,,Navy Blue,,,,,'10712893,200.0,shopify,150,continue,manual,899.00,,true,true,,,,,'10712893,,,,,,,,,,,,,,,,,,,,,,,,,,,,,,,,,,,,,,,,,,,,,,,https://cdn.shopify.com/s/files/1/0618/2368/0740/files/25_a3b65b6e-c45f-4812-8523-41a3a6ee7104.png?v=1719671973,kg,,,,,,
avengers-kids-shirt-copy,,,,,,,,,13-14 YRS,,,Purple,,,,,'10712894,200.0,shopify,100,continue,manual,999.00,,true,true,,,,,'10712894,,,,,,,,,,,,,,,,,,,,,,,,,,,,,,,,,,,,,,,,,,,,,,,https://cdn.shopify.com/s/files/1/0618/2368/0740/files/35_5ca9be1f-b005-474c-8778-12ad124a28ed.png?v=1719669102,kg,,,,,,
avengers-kids-shirt-copy,,,,,,,,,13-14 YRS,,,Beige,,,,,'10712895,200.0,shopify,100,continue,manual,999.00,,true,true,,,,,'10712895,,,,,,,,,,,,,,,,,,,,,,,,,,,,,,,,,,,,,,,,,,,,,,,https://cdn.shopify.com/s/files/1/0618/2368/0740/files/35_5ca9be1f-b005-474c-8778-12ad124a28ed.png?v=1719669102,kg,,,,,,
avengers-kids-shirt-copy,,,,,,,,,13-14 YRS,,,White,,,,,'10712896,200.0,shopify,100,continue,manual,999.00,,true,true,,,,,'10712896,,,,,,,,,,,,,,,,,,,,,,,,,,,,,,,,,,,,,,,,,,,,,,,https://cdn.shopify.com/s/files/1/0618/2368/0740/files/35_5ca9be1f-b005-474c-8778-12ad124a28ed.png?v=1719669102,kg,,,,,,
avengers-kids-shirt-copy,,,,,,,,,13-14 YRS,,,Pink,,,,,'10712897,200.0,shopify,100,continue,manual,999.00,,true,true,,,,,'10712897,,,,,,,,,,,,,,,,,,,,,,,,,,,,,,,,,,,,,,,,,,,,,,,https://cdn.shopify.com/s/files/1/0618/2368/0740/files/35_5ca9be1f-b005-474c-8778-12ad124a28ed.png?v=1719669102,kg,,,,,,
avengers-kids-shirt-copy,,,,,,,,,13-14 YRS,,,Bottle green,,,,,'10712898,200.0,shopify,100,continue,manual,999.00,,true,true,,,,,'10712898,,,,,,,,,,,,,,,,,,,,,,,,,,,,,,,,,,,,,,,,,,,,,,,https://cdn.shopify.com/s/files/1/0618/2368/0740/files/35_5ca9be1f-b005-474c-8778-12ad124a28ed.png?v=1719669102,kg,,,,,,
avengers-kids-shirt-copy,,,,,,,,,13-14 YRS,,,Orange,,,,,'10712899,200.0,shopify,100,continue,manual,999.00,,true,true,,,,,'10712899,,,,,,,,,,,,,,,,,,,,,,,,,,,,,,,,,,,,,,,,,,,,,,,https://cdn.shopify.com/s/files/1/0618/2368/0740/files/35_5ca9be1f-b005-474c-8778-12ad124a28ed.png?v=1719669102,kg,,,,,,
avengers-kids-shirt-copy,,,,,,,,,13-14 YRS,,,Grey,,,,,'10712900,200.0,shopify,100,continue,manual,999.00,,true,true,,,,,'10712900,,,,,,,,,,,,,,,,,,,,,,,,,,,,,,,,,,,,,,,,,,,,,,,https://cdn.shopify.com/s/files/1/0618/2368/0740/files/35_5ca9be1f-b005-474c-8778-12ad124a28ed.png?v=1719669102,kg,,,,,,
avengers-kids-shirt-copy,,,,,,,,,13-14 YRS,,,Black,,,,,'10712901,200.0,shopify,100,continue,manual,999.00,,true,true,,,,,'10712901,,,,,,,,,,,,,,,,,,,,,,,,,,,,,,,,,,,,,,,,,,,,,,,https://cdn.shopify.com/s/files/1/0618/2368/0740/files/35_5ca9be1f-b005-474c-8778-12ad124a28ed.png?v=1719669102,kg,,,,,,
avengers-kids-shirt-copy,,,,,,,,,13-14 YRS,,,Red,,,,,'10712902,200.0,shopify,100,continue,manual,999.00,,true,true,,,,,'10712902,,,,,,,,,,,,,,,,,,,,,,,,,,,,,,,,,,,,,,,,,,,,,,,https://cdn.shopify.com/s/files/1/0618/2368/0740/files/35_5ca9be1f-b005-474c-8778-12ad124a28ed.png?v=1719669102,kg,,,,,,
avengers-kids-shirt-copy,,,,,,,,,13-14 YRS,,,Yellow,,,,,'10712903,200.0,shopify,100,continue,manual,999.00,,true,true,,,,,'10712903,,,,,,,,,,,,,,,,,,,,,,,,,,,,,,,,,,,,,,,,,,,,,,,https://cdn.shopify.com/s/files/1/0618/2368/0740/files/35_5ca9be1f-b005-474c-8778-12ad124a28ed.png?v=1719669102,kg,,,,,,
avengers-kids-shirt-copy,,,,,,,,,13-14 YRS,,,Mahroon,,,,,'10712904,200.0,shopify,100,continue,manual,999.00,,true,true,,,,,'10712904,,,,,,,,,,,,,,,,,,,,,,,,,,,,,,,,,,,,,,,,,,,,,,,https://cdn.shopify.com/s/files/1/0618/2368/0740/files/35_5ca9be1f-b005-474c-8778-12ad124a28ed.png?v=1719669102,kg,,,,,,
avengers-kids-shirt-copy,,,,,,,,,13-14 YRS,,,Light Blue,,,,,'10712905,200.0,shopify,100,continue,manual,999.00,,true,true,,,,,'10712905,,,,,,,,,,,,,,,,,,,,,,,,,,,,,,,,,,,,,,,,,,,,,,,https://cdn.shopify.com/s/files/1/0618/2368/0740/files/35_5ca9be1f-b005-474c-8778-12ad124a28ed.png?v=1719669102,kg,,,,,,
avengers-kids-shirt-copy,,,,,,,,,13-14 YRS,,,Green,,,,,'10712906,200.0,shopify,100,continue,manual,999.00,,true,true,,,,,'10712906,,,,,,,,,,,,,,,,,,,,,,,,,,,,,,,,,,,,,,,,,,,,,,,https://cdn.shopify.com/s/files/1/0618/2368/0740/files/35_5ca9be1f-b005-474c-8778-12ad124a28ed.png?v=1719669102,kg,,,,,,
avengers-kids-shirt-copy,,,,,,,,,13-14 YRS,,,Navy Blue,,,,,'10706873,200.0,shopify,100,continue,manual,999.00,,true,true,,,,,'10706873,,,,,,,,,,,,,,,,,,,,,,,,,,,,,,,,,,,,,,,,,,,,,,,https://cdn.shopify.com/s/files/1/0618/2368/0740/files/35_5ca9be1f-b005-474c-8778-12ad124a28ed.png?v=1719669102,kg,,,,,,
unicorn-t-shirt-for-kids-copy,AVENGERS KIDS SHIRT,"<h4>AVENGERS KIDS SHIRT</h4>
<div>Fabric: Soft High-Quality Jersey</div>
<div>Short Sleeve T-Shirt</div>
<div>Round Neck</div>
<div>High Quality DTF Printed </div>
<div>Soft and Comfortable Wear</div>
<div>Easy Wash &amp; Press</div>
<div>Sizes 1-14 years </div>
<div><span>Disclaimer: Colors may vary slightly due to studio lights. </span></div>",BBG FASHION,Apparel & Accessories > Clothing > Clothing Tops > T-Shirts,kids T-Shirts,kids T-Shirts,false,Size,1-2 YRS,,Color,Beige,,,,,'10712713,200.0,shopify,150,continue,manual,799.00,0.00,true,true,,,,,'10712713,https://cdn.shopify.com/s/files/1/0618/2368/0740/files/25_8078f6ff-e037-467c-bbfd-687be6ed2ca3.png?v=1719669070,1,Unicorn T Shirt For Kids Copy - front view - kids wear Pakistan,false,,,212,,,,,,,,,,,,,,,,,,,,,,,,,,,,,,,,,,,,,,,,https://cdn.shopify.com/s/files/1/0618/2368/0740/files/25_8078f6ff-e037-467c-bbfd-687be6ed2ca3.png?v=1719669070,kg,,,true,,,draft
unicorn-t-shirt-for-kids-copy,,,,,,,,,1-2 YRS,,,White,,,,,'10712714,200.0,shopify,50,continue,manual,799.00,0.00,true,true,,,,,'10712714,https://cdn.shopify.com/s/files/1/0618/2368/0740/files/bbg_52c11d4e-abc8-46fd-bf9e-e6c4bd11aaf9.png?v=1719669638,2,Unicorn T Shirt For Kids Copy - back view - kids wear Pakistan,,,,,,,,,,,,,,,,,,,,,,,,,,,,,,,,,,,,,,,,,,,,https://cdn.shopify.com/s/files/1/0618/2368/0740/files/13_0d5faabe-bfe2-4cc5-a019-8b9766a91657.png?v=1719669651,kg,,,,,,
unicorn-t-shirt-for-kids-copy,,,,,,,,,1-2 YRS,,,Pink,,,,,'10712715,200.0,shopify,50,continue,manual,799.00,0.00,true,true,,,,,'10712715,https://cdn.shopify.com/s/files/1/0618/2368/0740/files/22_7b53be92-f9e1-494b-b456-93f8cfae27c1.png?v=1719669651,3,Unicorn T Shirt For Kids Copy - side view - kids wear Pakistan,,,,,,,,,,,,,,,,,,,,,,,,,,,,,,,,,,,,,,,,,,,,https://cdn.shopify.com/s/files/1/0618/2368/0740/files/17_61ca7ea7-b245-428a-9acf-d05eb24f872d.png?v=1719669651,kg,,,,,,
unicorn-t-shirt-for-kids-copy,,,,,,,,,1-2 YRS,,,Bottle green,,,,,'10712716,200.0,shopify,50,continue,manual,799.00,0.00,true,true,,,,,'10712716,https://cdn.shopify.com/s/files/1/0618/2368/0740/files/21_28b845a4-cd7b-4fe7-b2eb-5ab556a77bd6.png?v=1719669651,4,Unicorn T Shirt For Kids Copy - detail shot - kids wear Pakistan,,,,,,,,,,,,,,,,,,,,,,,,,,,,,,,,,,,,,,,,,,,,https://cdn.shopify.com/s/files/1/0618/2368/0740/files/23_1669962e-a32c-414f-bb05-cdffe9e80325.png?v=1719669651,kg,,,,,,
unicorn-t-shirt-for-kids-copy,,,,,,,,,1-2 YRS,,,Orange,,,,,'10712717,200.0,shopify,50,continue,manual,799.00,0.00,true,true,,,,,'10712717,https://cdn.shopify.com/s/files/1/0618/2368/0740/files/13_672621fd-fd56-43ed-85de-604defcf963e.png?v=1719669651,5,Unicorn T Shirt For Kids Copy - front view - kids wear Pakistan,,,,,,,,,,,,,,,,,,,,,,,,,,,,,,,,,,,,,,,,,,,,https://cdn.shopify.com/s/files/1/0618/2368/0740/files/15_eb07b789-7f43-4026-beb8-76ad34c496d3.png?v=1719669651,kg,,,,,,
unicorn-t-shirt-for-kids-copy,,,,,,,,,1-2 YRS,,,Grey,,,,,'10712718,200.0,shopify,50,continue,manual,799.00,0.00,true,true,,,,,'10712718,https://cdn.shopify.com/s/files/1/0618/2368/0740/files/14_72f2be8a-921a-4fa6-a502-213acb03f692.png?v=1719669651,6,Unicorn T Shirt For Kids Copy - back view - kids wear Pakistan,,,,,,,,,,,,,,,,,,,,,,,,,,,,,,,,,,,,,,,,,,,,https://cdn.shopify.com/s/files/1/0618/2368/0740/files/19_e103b61e-dc21-4ee5-a2f8-9fbd6f14ac97.png?v=1719669651,kg,,,,,,
unicorn-t-shirt-for-kids-copy,,,,,,,,,1-2 YRS,,,Black,,,,,'10712719,200.0,shopify,49,continue,manual,799.00,0.00,true,true,,,,,'10712719,https://cdn.shopify.com/s/files/1/0618/2368/0740/files/15_eb07b789-7f43-4026-beb8-76ad34c496d3.png?v=1719669651,7,Unicorn T Shirt For Kids Copy - side view - kids wear Pakistan,,,,,,,,,,,,,,,,,,,,,,,,,,,,,,,,,,,,,,,,,,,,https://cdn.shopify.com/s/files/1/0618/2368/0740/files/12_160ee89d-aca7-44da-8065-0018e16a42ed.png?v=1719669651,kg,,,,,,
unicorn-t-shirt-for-kids-copy,,,,,,,,,1-2 YRS,,,Red,,,,,'10712720,200.0,shopify,50,continue,manual,799.00,0.00,true,true,,,,,'10712720,https://cdn.shopify.com/s/files/1/0618/2368/0740/files/16_d7ce679b-e5f7-44e4-a0ea-99829ae34637.png?v=1719669651,8,Unicorn T Shirt For Kids Copy - detail shot - kids wear Pakistan,,,,,,,,,,,,,,,,,,,,,,,,,,,,,,,,,,,,,,,,,,,,https://cdn.shopify.com/s/files/1/0618/2368/0740/files/14_72f2be8a-921a-4fa6-a502-213acb03f692.png?v=1719669651,kg,,,,,,
unicorn-t-shirt-for-kids-copy,,,,,,,,,1-2 YRS,,,Yellow,,,,,'10712721,200.0,shopify,50,continue,manual,799.00,0.00,true,true,,,,,'10712721,https://cdn.shopify.com/s/files/1/0618/2368/0740/files/17_61ca7ea7-b245-428a-9acf-d05eb24f872d.png?v=1719669651,9,Unicorn T Shirt For Kids Copy - front view - kids wear Pakistan,,,,,,,,,,,,,,,,,,,,,,,,,,,,,,,,,,,,,,,,,,,,https://cdn.shopify.com/s/files/1/0618/2368/0740/files/20_bd186fd7-751c-4e6a-9dd6-9f5688f6db03.png?v=1719669651,kg,,,,,,
unicorn-t-shirt-for-kids-copy,,,,,,,,,1-2 YRS,,,Mahroon,,,,,'10712722,200.0,shopify,50,continue,manual,799.00,0.00,true,true,,,,,'10712722,https://cdn.shopify.com/s/files/1/0618/2368/0740/files/18_bdcf80d6-50b9-4691-bd80-5b19570ccd27.png?v=1719669651,10,Unicorn T Shirt For Kids Copy - back view - kids wear Pakistan,,,,,,,,,,,,,,,,,,,,,,,,,,,,,,,,,,,,,,,,,,,,https://cdn.shopify.com/s/files/1/0618/2368/0740/files/18_bdcf80d6-50b9-4691-bd80-5b19570ccd27.png?v=1719669651,kg,,,,,,
unicorn-t-shirt-for-kids-copy,,,,,,,,,1-2 YRS,,,Light Blue,,,,,'10712723,200.0,shopify,50,continue,manual,799.00,0.00,true,true,,,,,'10712723,https://cdn.shopify.com/s/files/1/0618/2368/0740/files/19_e103b61e-dc21-4ee5-a2f8-9fbd6f14ac97.png?v=1719669651,11,Unicorn T Shirt For Kids Copy - side view - kids wear Pakistan,,,,,,,,,,,,,,,,,,,,,,,,,,,,,,,,,,,,,,,,,,,,https://cdn.shopify.com/s/files/1/0618/2368/0740/files/21_28b845a4-cd7b-4fe7-b2eb-5ab556a77bd6.png?v=1719669651,kg,,,,,,
unicorn-t-shirt-for-kids-copy,,,,,,,,,1-2 YRS,,,Purple,,,,,'10712724,200.0,shopify,150,continue,manual,799.00,0.00,true,true,,,,,'10712724,https://cdn.shopify.com/s/files/1/0618/2368/0740/files/20_bd186fd7-751c-4e6a-9dd6-9f5688f6db03.png?v=1719669651,12,Unicorn T Shirt For Kids Copy - detail shot - kids wear Pakistan,,,,,,,,,,,,,,,,,,,,,,,,,,,,,,,,,,,,,,,,,,,,https://cdn.shopify.com/s/files/1/0618/2368/0740/files/32_4f4380f4-263d-4765-910d-741d0b11ce62.png?v=1719669651,kg,,,,,,
unicorn-t-shirt-for-kids-copy,,,,,,,,,1-2 YRS,,,Green,,,,,'10712725,200.0,shopify,150,continue,manual,799.00,0.00,true,true,,,,,'10712725,https://cdn.shopify.com/s/files/1/0618/2368/0740/files/23_1669962e-a32c-414f-bb05-cdffe9e80325.png?v=1719669651,13,Unicorn T Shirt For Kids Copy - front view - kids wear Pakistan,,,,,,,,,,,,,,,,,,,,,,,,,,,,,,,,,,,,,,,,,,,,https://cdn.shopify.com/s/files/1/0618/2368/0740/files/24_e200ad61-ca62-4dd3-91ff-3ae93b31910d.png?v=1719669651,kg,,,,,,
unicorn-t-shirt-for-kids-copy,,,,,,,,,1-2 YRS,,,Navy Blue,,,,,'10712726,200.0,shopify,150,continue,manual,799.00,0.00,true,true,,,,,'10712726,https://cdn.shopify.com/s/files/1/0618/2368/0740/files/24_e200ad61-ca62-4dd3-91ff-3ae93b31910d.png?v=1719669651,14,Unicorn T Shirt For Kids Copy - back view - kids wear Pakistan,,,,,,,,,,,,,,,,,,,,,,,,,,,,,,,,,,,,,,,,,,,,https://cdn.shopify.com/s/files/1/0618/2368/0740/files/22_7b53be92-f9e1-494b-b456-93f8cfae27c1.png?v=1719669651,kg,,,,,,
unicorn-t-shirt-for-kids-copy,,,,,,,,,3-4 YRS,,,Beige,,,,,'10712727,200.0,shopify,150,continue,manual,799.00,0.00,true,true,,,,,'10712727,https://cdn.shopify.com/s/files/1/0618/2368/0740/files/13_0d5faabe-bfe2-4cc5-a019-8b9766a91657.png?v=1719669651,15,Unicorn T Shirt For Kids Copy - side view - kids wear Pakistan,,,,,,,,,,,,,,,,,,,,,,,,,,,,,,,,,,,,,,,,,,,,https://cdn.shopify.com/s/files/1/0618/2368/0740/files/25_8078f6ff-e037-467c-bbfd-687be6ed2ca3.png?v=1719669070,kg,,,,,,
unicorn-t-shirt-for-kids-copy,,,,,,,,,3-4 YRS,,,White,,,,,'10712728,200.0,shopify,50,continue,manual,799.00,0.00,true,true,,,,,'10712728,https://cdn.shopify.com/s/files/1/0618/2368/0740/files/12_160ee89d-aca7-44da-8065-0018e16a42ed.png?v=1719669651,16,Unicorn T Shirt For Kids Copy - detail shot - kids wear Pakistan,,,,,,,,,,,,,,,,,,,,,,,,,,,,,,,,,,,,,,,,,,,,https://cdn.shopify.com/s/files/1/0618/2368/0740/files/13_0d5faabe-bfe2-4cc5-a019-8b9766a91657.png?v=1719669651,kg,,,,,,
unicorn-t-shirt-for-kids-copy,,,,,,,,,3-4 YRS,,,Pink,,,,,'10712729,200.0,shopify,50,continue,manual,799.00,0.00,true,true,,,,,'10712729,https://cdn.shopify.com/s/files/1/0618/2368/0740/files/32_4f4380f4-263d-4765-910d-741d0b11ce62.png?v=1719669651,17,Unicorn T Shirt For Kids Copy - front view - kids wear Pakistan,,,,,,,,,,,,,,,,,,,,,,,,,,,,,,,,,,,,,,,,,,,,https://cdn.shopify.com/s/files/1/0618/2368/0740/files/17_61ca7ea7-b245-428a-9acf-d05eb24f872d.png?v=1719669651,kg,,,,,,
