Handle,Title,Body (HTML),Vendor,Product Category,Type,Tags,Published,Option1 Name,Option1 Value,Option1 Linked To,Option2 Name,Option2 Value,Option2 Linked To,Option3 Name,Option3 Value,Option3 Linked To,Variant SKU,Variant Grams,Variant Inventory Tracker,Variant Inventory Qty,Variant Inventory Policy,Variant Fulfillment Service,Variant Price,Variant Compare At Price,Variant Requires Shipping,Variant Taxable,Unit Price Total Measure,Unit Price Total Measure Unit,Unit Price Base Measure,Unit Price Base Measure Unit,Variant Barcode,Image Src,Image Position,Image Alt Text,Gift Card,SEO Title,SEO Description,Google Shopping / Google Product Category,Google Shopping / Gender,Google Shopping / Age Group,Google Shopping / MPN,Google Shopping / Condition,Google Shopping / Custom Product,Google Shopping / Custom Label 0,Google Shopping / Custom Label 1,Google Shopping / Custom Label 2,Google Shopping / Custom Label 3,Google Shopping / Custom Label 4,Google: Custom Product (product.metafields.mm-google-shopping.custom_product),Product rating count (product.metafields.reviews.rating_count),Activewear clothing features (product.metafields.shopify.activewear-clothing-features),Activity (product.metafields.shopify.activity),Age group (product.metafields.shopify.age-group),Baby/Toddler clothing features (product.metafields.shopify.baby-toddler-clothing-features),Baby/Toddler sleepwear style (product.metafields.shopify.baby-toddler-sleepwear-style),Care instructions (product.metafields.shopify.care-instructions),Clothing features (product.metafields.shopify.clothing-features),Color (product.metafields.shopify.color-pattern),Dress occasion (product.metafields.shopify.dress-occasion),Dress style (product.metafields.shopify.dress-style),Fabric (product.metafields.shopify.fabric),Fit (product.metafields.shopify.fit),Intimate apparel features (product.metafields.shopify.intimate-apparel-features),Neckline (product.metafields.shopify.neckline),One-piece style (product.metafields.shopify.one-piece-style),Outerwear clothing features (product.metafields.shopify.outerwear-clothing-features),Pants length type (product.metafields.shopify.pants-length-type),Size (product.metafields.shopify.size),Skirt/Dress length type (product.metafields.shopify.skirt-dress-length-type),Sleeve length type (product.metafields.shopify.sleeve-length-type),Target gender (product.metafields.shopify.target-gender),Top length type (product.metafields.shopify.top-length-type),Waist rise (product.metafields.shopify.waist-rise),Complementary products (product.metafields.shopify--discovery--product_recommendation.complementary_products),Related products (product.metafields.shopify--discovery--product_recommendation.related_products),Related products settings (product.metafields.shopify--discovery--product_recommendation.related_products_display),Search product boosts (product.metafields.shopify--discovery--product_search_boost.queries),Variant Image,Variant Weight Unit,Variant Tax Code,Cost per item,Included / Pakistan,Price / Pakistan,Compare At Price / Pakistan,Status
love-peace-joy-printed-kids-hoodie-set,,,,,,,,,9 - 10 Years,,,silver,,,,,'10715023,500.0,shopify,123,continue,manual,1399.00,0.00,true,false,,,,,'10715023,,,,,,,,,,,,,,,,,,,,,,,,,,,,,,,,,,,,,,,,,,,,,,,https://cdn.shopify.com/s/files/1/0618/2368/0740/files/4_f3b6b547-f61f-4a6e-96b3-fd6d4327b148.png?v=1730899784,kg,,,,,,
love-peace-joy-printed-kids-hoodie-set,,,,,,,,,9 - 10 Years,,,yellow-1,,,,,'10715024,500.0,shopify,123,continue,manual,1399.00,0.00,true,false,,,,,'10715024,,,,,,,,,,,,,,,,,,,,,,,,,,,,,,,,,,,,,,,,,,,,,,,https://cdn.shopify.com/s/files/1/0618/2368/0740/files/7_dd72b5a4-aeef-450c-b82b-3155dc993c4b.png?v=1730899799,kg,,,,,,
love-peace-joy-printed-kids-hoodie-set,,,,,,,,,9 - 10 Years,,,dark-grey,,,,,'10715025,500.0,shopify,123,continue,manual,1399.00,0.00,true,false,,,,,'10715025,,,,,,,,,,,,,,,,,,,,,,,,,,,,,,,,,,,,,,,,,,,,,,,https://cdn.shopify.com/s/files/1/0618/2368/0740/files/3_b8bcfdd5-97d4-4a9d-8e15-361dc937fbe6.png?v=1730899816,kg,,,,,,
love-peace-joy-printed-kids-hoodie-set,,,,,,,,,9 - 10 Years,,,navy-1,,,,,'10715026,500.0,shopify,123,continue,manual,1399.00,0.00,true,false,,,,,'10715026,,,,,,,,,,,,,,,,,,,,,,,,,,,,,,,,,,,,,,,,,,,,,,,https://cdn.shopify.com/s/files/1/0618/2368/0740/files/2_7cf3f76f-cefa-4bd4-bb74-11c853f8d2fb.png?v=1730899755,kg,,,,,,
love-peace-joy-printed-kids-hoodie-set,,,,,,,,,11 - 12 Years,,,red,,,,,'10715027,500.0,shopify,123,continue,manual,1399.00,0.00,true,false,,,,,'10715027,,,,,,,,,,,,,,,,,,,,,,,,,,,,,,,,,,,,,,,,,,,,,,,https://cdn.shopify.com/s/files/1/0618/2368/0740/files/6_f937c3d6-84d6-462c-a99a-52d98196eb6b.png?v=1730899738,kg,,,,,,
love-peace-joy-printed-kids-hoodie-set,,,,,,,,,11 - 12 Years,,,blue,,,,,'10715028,500.0,shopify,123,continue,manual,1399.00,0.00,true,false,,,,,'10715028,,,,,,,,,,,,,,,,,,,,,,,,,,,,,,,,,,,,,,,,,,,,,,,https://cdn.shopify.com/s/files/1/0618/2368/0740/files/1_102da667-ab16-474c-b328-31b20f095422.png?v=1730899830,kg,,,,,,
love-peace-joy-printed-kids-hoodie-set,,,,,,,,,11 - 12 Years,,,pink,,,,,'10715029,500.0,shopify,123,continue,manual,1399.00,0.00,true,false,,,,,'10715029,,,,,,,,,,,,,,,,,,,,,,,,,,,,,,,,,,,,,,,,,,,,,,,https://cdn.shopify.com/s/files/1/0618/2368/0740/files/5_cda31be4-d7bb-4251-b930-cba251d993a6.png?v=1730899768,kg,,,,,,
love-peace-joy-printed-kids-hoodie-set,,,,,,,,,11 - 12 Years,,,silver,,,,,'10715030,500.0,shopify,123,continue,manual,1399.00,0.00,true,false,,,,,'10715030,,,,,,,,,,,,,,,,,,,,,,,,,,,,,,,,,,,,,,,,,,,,,,,https://cdn.shopify.com/s/files/1/0618/2368/0740/files/4_f3b6b547-f61f-4a6e-96b3-fd6d4327b148.png?v=1730899784,kg,,,,,,
love-peace-joy-printed-kids-hoodie-set,,,,,,,,,11 - 12 Years,,,yellow-1,,,,,'10715031,500.0,shopify,123,continue,manual,1399.00,0.00,true,false,,,,,'10715031,,,,,,,,,,,,,,,,,,,,,,,,,,,,,,,,,,,,,,,,,,,,,,,https://cdn.shopify.com/s/files/1/0618/2368/0740/files/7_dd72b5a4-aeef-450c-b82b-3155dc993c4b.png?v=1730899799,kg,,,,,,
love-peace-joy-printed-kids-hoodie-set,,,,,,,,,11 - 12 Years,,,dark-grey,,,,,'10715032,500.0,shopify,123,continue,manual,1399.00,0.00,true,false,,,,,'10715032,,,,,,,,,,,,,,,,,,,,,,,,,,,,,,,,,,,,,,,,,,,,,,,https://cdn.shopify.com/s/files/1/0618/2368/0740/files/3_b8bcfdd5-97d4-4a9d-8e15-361dc937fbe6.png?v=1730899816,kg,,,,,,
love-peace-joy-printed-kids-hoodie-set,,,,,,,,,11 - 12 Years,,,navy-1,,,,,'10706933,500.0,shopify,123,continue,manual,1399.00,0.00,true,false,,,,,'10706933,,,,,,,,,,,,,,,,,,,,,,,,,,,,,,,,,,,,,,,,,,,,,,,https://cdn.shopify.com/s/files/1/0618/2368/0740/files/2_7cf3f76f-cefa-4bd4-bb74-11c853f8d2fb.png?v=1730899755,kg,,,,,,
picachu-printed-kids-hoodie-set,Kids Winter Hoodie Set | Pikachu Printed,"<h4>Kids Winter Hoodie Set | Pikachu Printed<br><br>
</h4>
<p data-start=""326"" data-end=""557"">Featuring a cute and energetic character-inspired design, this outfit brings joy, color, and excitement to your child’s everyday look.</p>
<p data-start=""559"" data-end=""820"">Made from soft, premium fleece fabric, the hoodie keeps your child warm and cozy during chilly days, while the matching jogger pants provide a relaxed fit for easy movement. Perfect for school, playtime, or outings, this set combines comfort with playful style.</p>
<p data-start=""822"" data-end=""923"">The adorable Pikachu-inspired print adds a cheerful vibe that kids will love wearing again and again.</p>
<p data-start=""925"" data-end=""940"">✨ <strong data-start=""927"" data-end=""940"">Features:</strong></p>
<ul data-start=""941"" data-end=""1156"">
<li data-section-id=""m2jogh"" data-start=""941"" data-end=""984"">Soft fleece fabric for warmth &amp; comfort</li>
<li data-section-id=""98t1wh"" data-start=""985"" data-end=""1018"">Cute Pikachu-inspired print ⚡</li>
<li data-section-id=""gklsta"" data-start=""1019"" data-end=""1057"">Cozy hoodie with soft inner lining</li>
<li data-section-id=""1qd8zxj"" data-start=""1058"" data-end=""1106"">Matching jogger pants with elastic waistband</li>
<li data-section-id=""9bnese"" data-start=""1107"" data-end=""1156"">Ideal for daily wear, school &amp; winter outings</li>
</ul>
<p data-start=""1158"" data-end=""1229"">Let your kids stay <strong data-start=""1177"" data-end=""1216"">warm, comfy, and full of fun energy</strong> this winter!</p>",BBG FASHION,Apparel & Accessories > Clothing > Baby & Toddler Clothing,Kids Hoodie Set,Kids Winter Collection,true,Size,1 - 2 Years,,Color,pink,product.metafields.shopify.color-pattern,,,,'10742814,500.0,shopify,200,continue,manual,1399.00,0.00,true,false,,,,,'10742814,https://cdn.shopify.com/s/files/1/0618/2368/0740/files/5_cb943412-a6b2-41e2-b7a4-c6713a283856.png?v=1730898824,1,Picachu Printed Kids Hoodie Set - front view - kids wear Pakistan,false,,"Shop Kids Winter Hoodie Set Pikachu Printed in soft fleece. Warm, cozy & fun winter outfit for kids. Perfect everyday wear in Pakistan. Order now!",182,,,,,,,,,,,,,,,,,,,,pink; silver; yellow-1; red; dark-grey; navy-1; blue,,,fleece,,,,,,,,,,,,,,,,,https://cdn.shopify.com/s/files/1/0618/2368/0740/files/5_cb943412-a6b2-41e2-b7a4-c6713a283856.png?v=1730898824,kg,,,true,,,active
picachu-printed-kids-hoodie-set,,,,,,,,,1 - 2 Years,,,silver,,,,,'10742815,500.0,shopify,200,continue,manual,1399.00,0.00,true,false,,,,,'10742815,https://cdn.shopify.com/s/files/1/0618/2368/0740/files/7_6209b40f-1f75-4e52-a450-ae1f06211aa2.png?v=1730898856,2,Picachu Printed Kids Hoodie Set - back view - kids wear Pakistan,,,,,,,,,,,,,,,,,,,,,,,,,,,,,,,,,,,,,,,,,,,,https://cdn.shopify.com/s/files/1/0618/2368/0740/files/4_2b30ee30-9810-4b4a-83ee-e72091175911.png?v=1730898842,kg,,,,,,
picachu-printed-kids-hoodie-set,,,,,,,,,1 - 2 Years,,,yellow-1,,,,,'10742816,500.0,shopify,200,continue,manual,1399.00,0.00,true,false,,,,,'10742816,https://cdn.shopify.com/s/files/1/0618/2368/0740/files/6_92b0de5a-9d14-460c-beb5-aa4ee89d7748.png?v=1730898870,3,Picachu Printed Kids Hoodie Set - side view - kids wear Pakistan,,,,,,,,,,,,,,,,,,,,,,,,,,,,,,,,,,,,,,,,,,,,https://cdn.shopify.com/s/files/1/0618/2368/0740/files/7_6209b40f-1f75-4e52-a450-ae1f06211aa2.png?v=1730898856,kg,,,,,,
picachu-printed-kids-hoodie-set,,,,,,,,,1 - 2 Years,,,red,,,,,'10742817,500.0,shopify,200,continue,manual,1399.00,0.00,true,false,,,,,'10742817,https://cdn.shopify.com/s/files/1/0618/2368/0740/files/3_2d04a71d-be3f-4884-a97e-0b465ae53e36.png?v=1730898887,4,Picachu Printed Kids Hoodie Set - detail shot - kids wear Pakistan,,,,,,,,,,,,,,,,,,,,,,,,,,,,,,,,,,,,,,,,,,,,https://cdn.shopify.com/s/files/1/0618/2368/0740/files/6_92b0de5a-9d14-460c-beb5-aa4ee89d7748.png?v=1730898870,kg,,,,,,
picachu-printed-kids-hoodie-set,,,,,,,,,1 - 2 Years,,,dark-grey,,,,,'10742818,500.0,shopify,200,continue,manual,1399.00,0.00,true,false,,,,,'10742818,https://cdn.shopify.com/s/files/1/0618/2368/0740/files/1_1f43714b-2972-407a-a963-7d85fddbda22.png?v=1730898904,5,Picachu Printed Kids Hoodie Set - close-up detail - kids wear Pakistan,,,,,,,,,,,,,,,,,,,,,,,,,,,,,,,,,,,,,,,,,,,,https://cdn.shopify.com/s/files/1/0618/2368/0740/files/3_2d04a71d-be3f-4884-a97e-0b465ae53e36.png?v=1730898887,kg,,,,,,
picachu-printed-kids-hoodie-set,,,,,,,,,1 - 2 Years,,,navy-1,,,,,'10742819,500.0,shopify,200,continue,manual,1399.00,0.00,true,false,,,,,'10742819,https://cdn.shopify.com/s/files/1/0618/2368/0740/files/4_2b30ee30-9810-4b4a-83ee-e72091175911.png?v=1730898842,6,Picachu Printed Kids Hoodie Set - flat lay - kids wear Pakistan,,,,,,,,,,,,,,,,,,,,,,,,,,,,,,,,,,,,,,,,,,,,https://cdn.shopify.com/s/files/1/0618/2368/0740/files/2_7668144c-260d-45e0-8f32-b2f78162a611.png?v=1730898920,kg,,,,,,
picachu-printed-kids-hoodie-set,,,,,,,,,1 - 2 Years,,,blue,,,,,'10742820,500.0,shopify,200,continue,manual,1399.00,0.00,true,false,,,,,'10742820,https://cdn.shopify.com/s/files/1/0618/2368/0740/files/2_7668144c-260d-45e0-8f32-b2f78162a611.png?v=1730898920,7,Picachu Printed Kids Hoodie Set - lifestyle view - kids wear Pakistan,,,,,,,,,,,,,,,,,,,,,,,,,,,,,,,,,,,,,,,,,,,,https://cdn.shopify.com/s/files/1/0618/2368/0740/files/1_1f43714b-2972-407a-a963-7d85fddbda22.png?v=1730898904,kg,,,,,,
picachu-printed-kids-hoodie-set,,,,,,,,,3 - 4 Years,,,pink,,,,,'10714965,500.0,shopify,200,continue,manual,1399.00,0.00,true,false,,,,,'10714965,https://cdn.shopify.com/s/files/1/0618/2368/0740/files/kidssizechart_e28feb53-900a-4966-81fe-20382accf994.jpg?v=1776761612,8,We Can Be Heroes Printed Kids Hoodie Set Copy size chart - measurements guide,,,,,,,,,,,,,,,,,,,,,,,,,,,,,,,,,,,,,,,,,,,,https://cdn.shopify.com/s/files/1/0618/2368/0740/files/5_cb943412-a6b2-41e2-b7a4-c6713a283856.png?v=1730898824,kg,,,,,,
picachu-printed-kids-hoodie-set,,,,,,,,,3 - 4 Years,,,silver,,,,,'10714966,500.0,shopify,200,continue,manual,1399.00,0.00,true,false,,,,,'10714966,,,,,,,,,,,,,,,,,,,,,,,,,,,,,,,,,,,,,,,,,,,,,,,https://cdn.shopify.com/s/files/1/0618/2368/0740/files/4_2b30ee30-9810-4b4a-83ee-e72091175911.png?v=1730898842,kg,,,,,,
picachu-printed-kids-hoodie-set,,,,,,,,,3 - 4 Years,,,yellow-1,,,,,'10714967,500.0,shopify,200,continue,manual,1399.00,0.00,true,false,,,,,'10714967,,,,,,,,,,,,,,,,,,,,,,,,,,,,,,,,,,,,,,,,,,,,,,,https://cdn.shopify.com/s/files/1/0618/2368/0740/files/7_6209b40f-1f75-4e52-a450-ae1f06211aa2.png?v=1730898856,kg,,,,,,
picachu-printed-kids-hoodie-set,,,,,,,,,3 - 4 Years,,,red,,,,,'10714968,500.0,shopify,200,continue,manual,1399.00,0.00,true,false,,,,,'10714968,,,,,,,,,,,,,,,,,,,,,,,,,,,,,,,,,,,,,,,,,,,,,,,https://cdn.shopify.com/s/files/1/0618/2368/0740/files/6_92b0de5a-9d14-460c-beb5-aa4ee89d7748.png?v=1730898870,kg,,,,,,
picachu-printed-kids-hoodie-set,,,,,,,,,3 - 4 Years,,,dark-grey,,,,,'10714969,500.0,shopify,200,continue,manual,1399.00,0.00,true,false,,,,,'10714969,,,,,,,,,,,,,,,,,,,,,,,,,,,,,,,,,,,,,,,,,,,,,,,https://cdn.shopify.com/s/files/1/0618/2368/0740/files/3_2d04a71d-be3f-4884-a97e-0b465ae53e36.png?v=1730898887,kg,,,,,,
picachu-printed-kids-hoodie-set,,,,,,,,,3 - 4 Years,,,navy-1,,,,,'10714970,500.0,shopify,200,continue,manual,1399.00,0.00,true,false,,,,,'10714970,,,,,,,,,,,,,,,,,,,,,,,,,,,,,,,,,,,,,,,,,,,,,,,https://cdn.shopify.com/s/files/1/0618/2368/0740/files/2_7668144c-260d-45e0-8f32-b2f78162a611.png?v=1730898920,kg,,,,,,
picachu-printed-kids-hoodie-set,,,,,,,,,3 - 4 Years,,,blue,,,,,'10714971,500.0,shopify,200,continue,manual,1399.00,0.00,true,false,,,,,'10714971,,,,,,,,,,,,,,,,,,,,,,,,,,,,,,,,,,,,,,,,,,,,,,,https://cdn.shopify.com/s/files/1/0618/2368/0740/files/1_1f43714b-2972-407a-a963-7d85fddbda22.png?v=1730898904,kg,,,,,,
picachu-printed-kids-hoodie-set,,,,,,,,,5 - 6 Years,,,pink,,,,,'10714972,500.0,shopify,200,continue,manual,1399.00,0.00,true,false,,,,,'10714972,,,,,,,,,,,,,,,,,,,,,,,,,,,,,,,,,,,,,,,,,,,,,,,https://cdn.shopify.com/s/files/1/0618/2368/0740/files/5_cb943412-a6b2-41e2-b7a4-c6713a283856.png?v=1730898824,kg,,,,,,
picachu-printed-kids-hoodie-set,,,,,,,,,5 - 6 Years,,,silver,,,,,'10714973,500.0,shopify,200,continue,manual,1399.00,0.00,true,false,,,,,'10714973,,,,,,,,,,,,,,,,,,,,,,,,,,,,,,,,,,,,,,,,,,,,,,,https://cdn.shopify.com/s/files/1/0618/2368/0740/files/4_2b30ee30-9810-4b4a-83ee-e72091175911.png?v=1730898842,kg,,,,,,
picachu-printed-kids-hoodie-set,,,,,,,,,5 - 6 Years,,,yellow-1,,,,,'10714974,500.0,shopify,200,continue,manual,1399.00,0.00,true,false,,,,,'10714974,,,,,,,,,,,,,,,,,,,,,,,,,,,,,,,,,,,,,,,,,,,,,,,https://cdn.shopify.com/s/files/1/0618/2368/0740/files/7_6209b40f-1f75-4e52-a450-ae1f06211aa2.png?v=1730898856,kg,,,,,,
picachu-printed-kids-hoodie-set,,,,,,,,,5 - 6 Years,,,red,,,,,'10714975,500.0,shopify,200,continue,manual,1399.00,0.00,true,false,,,,,'10714975,,,,,,,,,,,,,,,,,,,,,,,,,,,,,,,,,,,,,,,,,,,,,,,https://cdn.shopify.com/s/files/1/0618/2368/0740/files/6_92b0de5a-9d14-460c-beb5-aa4ee89d7748.png?v=1730898870,kg,,,,,,
picachu-printed-kids-hoodie-set,,,,,,,,,5 - 6 Years,,,dark-grey,,,,,'10714976,500.0,shopify,200,continue,manual,1399.00,0.00,true,false,,,,,'10714976,,,,,,,,,,,,,,,,,,,,,,,,,,,,,,,,,,,,,,,,,,,,,,,https://cdn.shopify.com/s/files/1/0618/2368/0740/files/3_2d04a71d-be3f-4884-a97e-0b465ae53e36.png?v=1730898887,kg,,,,,,
picachu-printed-kids-hoodie-set,,,,,,,,,5 - 6 Years,,,navy-1,,,,,'10714977,500.0,shopify,200,continue,manual,1399.00,0.00,true,false,,,,,'10714977,,,,,,,,,,,,,,,,,,,,,,,,,,,,,,,,,,,,,,,,,,,,,,,https://cdn.shopify.com/s/files/1/0618/2368/0740/files/2_7668144c-260d-45e0-8f32-b2f78162a611.png?v=1730898920,kg,,,,,,
picachu-printed-kids-hoodie-set,,,,,,,,,5 - 6 Years,,,blue,,,,,'10714978,500.0,shopify,200,continue,manual,1399.00,0.00,true,false,,,,,'10714978,,,,,,,,,,,,,,,,,,,,,,,,,,,,,,,,,,,,,,,,,,,,,,,https://cdn.shopify.com/s/files/1/0618/2368/0740/files/1_1f43714b-2972-407a-a963-7d85fddbda22.png?v=1730898904,kg,,,,,,
picachu-printed-kids-hoodie-set,,,,,,,,,7 - 8 Years,,,pink,,,,,'10714979,500.0,shopify,200,continue,manual,1399.00,0.00,true,false,,,,,'10714979,,,,,,,,,,,,,,,,,,,,,,,,,,,,,,,,,,,,,,,,,,,,,,,https://cdn.shopify.com/s/files/1/0618/2368/0740/files/5_cb943412-a6b2-41e2-b7a4-c6713a283856.png?v=1730898824,kg,,,,,,
picachu-printed-kids-hoodie-set,,,,,,,,,7 - 8 Years,,,silver,,,,,'10714980,500.0,shopify,200,continue,manual,1399.00,0.00,true,false,,,,,'10714980,,,,,,,,,,,,,,,,,,,,,,,,,,,,,,,,,,,,,,,,,,,,,,,https://cdn.shopify.com/s/files/1/0618/2368/0740/files/4_2b30ee30-9810-4b4a-83ee-e72091175911.png?v=1730898842,kg,,,,,,
picachu-printed-kids-hoodie-set,,,,,,,,,7 - 8 Years,,,yellow-1,,,,,'10714981,500.0,shopify,200,continue,manual,1399.00,0.00,true,false,,,,,'10714981,,,,,,,,,,,,,,,,,,,,,,,,,,,,,,,,,,,,,,,,,,,,,,,https://cdn.shopify.com/s/files/1/0618/2368/0740/files/7_6209b40f-1f75-4e52-a450-ae1f06211aa2.png?v=1730898856,kg,,,,,,
picachu-printed-kids-hoodie-set,,,,,,,,,7 - 8 Years,,,red,,,,,'10714982,500.0,shopify,200,continue,manual,1399.00,0.00,true,false,,,,,'10714982,,,,,,,,,,,,,,,,,,,,,,,,,,,,,,,,,,,,,,,,,,,,,,,https://cdn.shopify.com/s/files/1/0618/2368/0740/files/6_92b0de5a-9d14-460c-beb5-aa4ee89d7748.png?v=1730898870,kg,,,,,,
picachu-printed-kids-hoodie-set,,,,,,,,,7 - 8 Years,,,dark-grey,,,,,'10714983,500.0,shopify,200,continue,manual,1399.00,0.00,true,false,,,,,'10714983,,,,,,,,,,,,,,,,,,,,,,,,,,,,,,,,,,,,,,,,,,,,,,,https://cdn.shopify.com/s/files/1/0618/2368/0740/files/3_2d04a71d-be3f-4884-a97e-0b465ae53e36.png?v=1730898887,kg,,,,,,
picachu-printed-kids-hoodie-set,,,,,,,,,7 - 8 Years,,,navy-1,,,,,'10714984,500.0,shopify,200,continue,manual,1399.00,0.00,true,false,,,,,'10714984,,,,,,,,,,,,,,,,,,,,,,,,,,,,,,,,,,,,,,,,,,,,,,,https://cdn.shopify.com/s/files/1/0618/2368/0740/files/2_7668144c-260d-45e0-8f32-b2f78162a611.png?v=1730898920,kg,,,,,,
picachu-printed-kids-hoodie-set,,,,,,,,,7 - 8 Years,,,blue,,,,,'10714985,500.0,shopify,200,continue,manual,1399.00,0.00,true,false,,,,,'10714985,,,,,,,,,,,,,,,,,,,,,,,,,,,,,,,,,,,,,,,,,,,,,,,https://cdn.shopify.com/s/files/1/0618/2368/0740/files/1_1f43714b-2972-407a-a963-7d85fddbda22.png?v=1730898904,kg,,,,,,
picachu-printed-kids-hoodie-set,,,,,,,,,9 - 10 Years,,,pink,,,,,'10714986,500.0,shopify,200,continue,manual,1399.00,0.00,true,false,,,,,'10714986,,,,,,,,,,,,,,,,,,,,,,,,,,,,,,,,,,,,,,,,,,,,,,,https://cdn.shopify.com/s/files/1/0618/2368/0740/files/5_cb943412-a6b2-41e2-b7a4-c6713a283856.png?v=1730898824,kg,,,,,,
picachu-printed-kids-hoodie-set,,,,,,,,,9 - 10 Years,,,silver,,,,,'10714987,500.0,shopify,200,continue,manual,1399.00,0.00,true,false,,,,,'10714987,,,,,,,,,,,,,,,,,,,,,,,,,,,,,,,,,,,,,,,,,,,,,,,https://cdn.shopify.com/s/files/1/0618/2368/0740/files/4_2b30ee30-9810-4b4a-83ee-e72091175911.png?v=1730898842,kg,,,,,,
picachu-printed-kids-hoodie-set,,,,,,,,,9 - 10 Years,,,yellow-1,,,,,'10714988,500.0,shopify,200,continue,manual,1399.00,0.00,true,false,,,,,'10714988,,,,,,,,,,,,,,,,,,,,,,,,,,,,,,,,,,,,,,,,,,,,,,,https://cdn.shopify.com/s/files/1/0618/2368/0740/files/7_6209b40f-1f75-4e52-a450-ae1f06211aa2.png?v=1730898856,kg,,,,,,
picachu-printed-kids-hoodie-set,,,,,,,,,9 - 10 Years,,,red,,,,,'10714989,500.0,shopify,200,continue,manual,1399.00,0.00,true,false,,,,,'10714989,,,,,,,,,,,,,,,,,,,,,,,,,,,,,,,,,,,,,,,,,,,,,,,https://cdn.shopify.com/s/files/1/0618/2368/0740/files/6_92b0de5a-9d14-460c-beb5-aa4ee89d7748.png?v=1730898870,kg,,,,,,
picachu-printed-kids-hoodie-set,,,,,,,,,9 - 10 Years,,,dark-grey,,,,,'10714990,500.0,shopify,200,continue,manual,1399.00,0.00,true,false,,,,,'10714990,,,,,,,,,,,,,,,,,,,,,,,,,,,,,,,,,,,,,,,,,,,,,,,https://cdn.shopify.com/s/files/1/0618/2368/0740/files/3_2d04a71d-be3f-4884-a97e-0b465ae53e36.png?v=1730898887,kg,,,,,,
picachu-printed-kids-hoodie-set,,,,,,,,,9 - 10 Years,,,navy-1,,,,,'10714991,500.0,shopify,200,continue,manual,1399.00,0.00,true,false,,,,,'10714991,,,,,,,,,,,,,,,,,,,,,,,,,,,,,,,,,,,,,,,,,,,,,,,https://cdn.shopify.com/s/files/1/0618/2368/0740/files/2_7668144c-260d-45e0-8f32-b2f78162a611.png?v=1730898920,kg,,,,,,
picachu-printed-kids-hoodie-set,,,,,,,,,9 - 10 Years,,,blue,,,,,'10714992,500.0,shopify,200,continue,manual,1399.00,0.00,true,false,,,,,'10714992,,,,,,,,,,,,,,,,,,,,,,,,,,,,,,,,,,,,,,,,,,,,,,,https://cdn.shopify.com/s/files/1/0618/2368/0740/files/1_1f43714b-2972-407a-a963-7d85fddbda22.png?v=1730898904,kg,,,,,,
picachu-printed-kids-hoodie-set,,,,,,,,,11 - 12 Years,,,pink,,,,,'10714993,500.0,shopify,200,continue,manual,1399.00,0.00,true,false,,,,,'10714993,,,,,,,,,,,,,,,,,,,,,,,,,,,,,,,,,,,,,,,,,,,,,,,https://cdn.shopify.com/s/files/1/0618/2368/0740/files/5_cb943412-a6b2-41e2-b7a4-c6713a283856.png?v=1730898824,kg,,,,,,
picachu-printed-kids-hoodie-set,,,,,,,,,11 - 12 Years,,,silver,,,,,'10714994,500.0,shopify,200,continue,manual,1399.00,0.00,true,false,,,,,'10714994,,,,,,,,,,,,,,,,,,,,,,,,,,,,,,,,,,,,,,,,,,,,,,,https://cdn.shopify.com/s/files/1/0618/2368/0740/files/4_2b30ee30-9810-4b4a-83ee-e72091175911.png?v=1730898842,kg,,,,,,
picachu-printed-kids-hoodie-set,,,,,,,,,11 - 12 Years,,,yellow-1,,,,,'10714995,500.0,shopify,200,continue,manual,1399.00,0.00,true,false,,,,,'10714995,,,,,,,,,,,,,,,,,,,,,,,,,,,,,,,,,,,,,,,,,,,,,,,https://cdn.shopify.com/s/files/1/0618/2368/0740/files/7_6209b40f-1f75-4e52-a450-ae1f06211aa2.png?v=1730898856,kg,,,,,,
picachu-printed-kids-hoodie-set,,,,,,,,,11 - 12 Years,,,red,,,,,'10714996,500.0,shopify,200,continue,manual,1399.00,0.00,true,false,,,,,'10714996,,,,,,,,,,,,,,,,,,,,,,,,,,,,,,,,,,,,,,,,,,,,,,,https://cdn.shopify.com/s/files/1/0618/2368/0740/files/6_92b0de5a-9d14-460c-beb5-aa4ee89d7748.png?v=1730898870,kg,,,,,,
picachu-printed-kids-hoodie-set,,,,,,,,,11 - 12 Years,,,dark-grey,,,,,'10714997,500.0,shopify,200,continue,manual,1399.00,0.00,true,false,,,,,'10714997,,,,,,,,,,,,,,,,,,,,,,,,,,,,,,,,,,,,,,,,,,,,,,,https://cdn.shopify.com/s/files/1/0618/2368/0740/files/3_2d04a71d-be3f-4884-a97e-0b465ae53e36.png?v=1730898887,kg,,,,,,
picachu-printed-kids-hoodie-set,,,,,,,,,11 - 12 Years,,,navy-1,,,,,'10714998,500.0,shopify,200,continue,manual,1399.00,0.00,true,false,,,,,'10714998,,,,,,,,,,,,,,,,,,,,,,,,,,,,,,,,,,,,,,,,,,,,,,,https://cdn.shopify.com/s/files/1/0618/2368/0740/files/2_7668144c-260d-45e0-8f32-b2f78162a611.png?v=1730898920,kg,,,,,,
picachu-printed-kids-hoodie-set,,,,,,,,,11 - 12 Years,,,blue,,,,,'10706932,500.0,shopify,200,continue,manual,1399.00,0.00,true,false,,,,,'10706932,,,,,,,,,,,,,,,,,,,,,,,,,,,,,,,,,,,,,,,,,,,,,,,https://cdn.shopify.com/s/files/1/0618/2368/0740/files/1_1f43714b-2972-407a-a963-7d85fddbda22.png?v=1730898904,kg,,,,,,
vagabond-printed-kids-hoodie-set,Kids Winter Hoodie Set | Vagabond Printed,"<h4>Kids Winter Hoodie Set | Vagabond Printed</h4>
<p data-start=""263"" data-end=""526"">Let your little adventurer stay warm and stylish with the bold <strong data-start=""326"" data-end=""380"">Kids Winter Hoodie Set – Vagabond Printed </strong>. Designed for energetic kids who love comfort and cool fashion, this winter set features a trendy printed hoodie with a modern street-style vibe.</p>
<p data-start=""528"" data-end=""658"">Made from soft and cozy winter fabric, it keeps your child comfortable during chilly days, outdoor fun, travel, and everyday wear.</p>
<h3 data-section-id=""1to4s3t"" data-start=""660"" data-end=""674"">✨ Features</h3>
<ul data-start=""675"" data-end=""884"">
<li data-section-id=""1sxlist"" data-start=""675"" data-end=""713"">Soft &amp; warm winter-friendly fabric</li>
<li data-section-id=""1997p75"" data-start=""714"" data-end=""759"">Stylish “We Can Be Heroes Vagabond” print</li>
<li data-section-id=""387qny"" data-start=""760"" data-end=""789"">Comfortable hoodie design</li>
<li data-section-id=""1qtb6fa"" data-start=""790"" data-end=""823"">Relaxed fit for easy movement</li>
<li data-section-id=""jy07mw"" data-start=""824"" data-end=""854"">Cozy &amp; breathable material</li>
<li data-section-id=""vyzzs5"" data-start=""855"" data-end=""884"">Trendy casual winter look</li>
</ul>
<h3 data-section-id=""1mxmt05"" data-start=""886"" data-end=""904"">👦 Perfect For</h3>
<ul data-start=""905"" data-end=""995"">
<li data-section-id=""1997c12"" data-start=""905"" data-end=""923"">Winter outings</li>
<li data-section-id=""14ss5ez"" data-start=""924"" data-end=""945"">School &amp; playtime</li>
<li data-section-id=""1sjtehl"" data-start=""946"" data-end=""967"">Daily casual wear</li>
<li data-section-id=""1351rgp"" data-start=""968"" data-end=""995"">Travel &amp; indoor comfort</li>
</ul>
<h3 data-section-id=""2w2lzc"" data-start=""997"" data-end=""1020"">📦 Package Includes</h3>
<ul data-start=""1021"" data-end=""1064"">
<li data-section-id=""23xall"" data-start=""1021"" data-end=""1041"">1 Printed Hoodie</li>
<li data-section-id=""e2fv02"" data-start=""1042"" data-end=""1064"">1 Matching Trouser</li>
</ul>
<p data-start=""1066"" data-end=""1115"" data-is-last-node="""" data-is-only-node="""">Made for little explorers with fearless style ❄️✨</p>",BBG FASHION,Apparel & Accessories > Clothing > Baby & Toddler Clothing,Kids Hoodie Set,Kids Winter Collection,true,Size,1-2-years,product.metafields.shopify.size,Color,yellow-1,product.metafields.shopify.color-pattern,,,,'10740204,500.0,shopify,100,continue,manual,1399.00,0.00,true,false,,,,,'10740204,https://cdn.shopify.com/s/files/1/0618/2368/0740/files/7_45f1b2d9-723d-4f64-b4e4-b94c74997cff.png?v=1730897951,1,Vagabond Printed Kids Hoodie Set - front view - kids wear Pakistan,false,,"Upgrade your child’s winter style with the Kids Winter Hoodie Set – Vagabond Printed ❄️ Soft warm fabric, trendy printed hoodie & cozy fit for everyday winter comfort.",182,,,,,,,,,,,,,,,,,,,,yellow-1; red; dark-grey; navy-1; silver; pink; blue,,,fleece,,,,,,,1-2-years; 3-4-years; 5-6-years-1; 7-8-years; 9-10-years; 11-12-years,,,,,,,,,,https://cdn.shopify.com/s/files/1/0618/2368/0740/files/7_45f1b2d9-723d-4f64-b4e4-b94c74997cff.png?v=1730897951,kg,,,true,,,active
vagabond-printed-kids-hoodie-set,,,,,,,,,1-2-years,,,red,,,,,'10740205,500.0,shopify,100,continue,manual,1399.00,0.00,true,false,,,,,'10740205,https://cdn.shopify.com/s/files/1/0618/2368/0740/files/6_a0c6512f-f6b9-4d3d-b17b-3afa0ede43c0.png?v=1730897966,2,Vagabond Printed Kids Hoodie Set - back view - kids wear Pakistan,,,,,,,,,,,,,,,,,,,,,,,,,,,,,,,,,,,,,,,,,,,,https://cdn.shopify.com/s/files/1/0618/2368/0740/files/6_a0c6512f-f6b9-4d3d-b17b-3afa0ede43c0.png?v=1730897966,kg,,,,,,
vagabond-printed-kids-hoodie-set,,,,,,,,,1-2-years,,,dark-grey,,,,,'10740206,500.0,shopify,100,continue,manual,1399.00,0.00,true,false,,,,,'10740206,https://cdn.shopify.com/s/files/1/0618/2368/0740/files/3_ead34db2-37fc-4258-a6d2-69ea2156cb80.png?v=1730897983,3,Vagabond Printed Kids Hoodie Set - side view - kids wear Pakistan,,,,,,,,,,,,,,,,,,,,,,,,,,,,,,,,,,,,,,,,,,,,https://cdn.shopify.com/s/files/1/0618/2368/0740/files/3_ead34db2-37fc-4258-a6d2-69ea2156cb80.png?v=1730897983,kg,,,,,,
vagabond-printed-kids-hoodie-set,,,,,,,,,1-2-years,,,navy-1,,,,,'10740207,500.0,shopify,100,continue,manual,1399.00,0.00,true,false,,,,,'10740207,https://cdn.shopify.com/s/files/1/0618/2368/0740/files/1_d52a69a7-0ada-4318-ad5e-5d77a73fe314.png?v=1730897999,4,Vagabond Printed Kids Hoodie Set - detail shot - kids wear Pakistan,,,,,,,,,,,,,,,,,,,,,,,,,,,,,,,,,,,,,,,,,,,,https://cdn.shopify.com/s/files/1/0618/2368/0740/files/2_8d1751d8-a4c4-477a-95fa-ae456533eac7.png?v=1730898056,kg,,,,,,
vagabond-printed-kids-hoodie-set,,,,,,,,,1-2-years,,,silver,,,,,'10740208,500.0,shopify,100,continue,manual,1399.00,0.00,true,false,,,,,'10740208,https://cdn.shopify.com/s/files/1/0618/2368/0740/files/4_67455491-997f-4208-be6e-dad0e2872c76.png?v=1730898013,5,Vagabond Printed Kids Hoodie Set - close-up detail - kids wear Pakistan,,,,,,,,,,,,,,,,,,,,,,,,,,,,,,,,,,,,,,,,,,,,https://cdn.shopify.com/s/files/1/0618/2368/0740/files/4_67455491-997f-4208-be6e-dad0e2872c76.png?v=1730898013,kg,,,,,,
vagabond-printed-kids-hoodie-set,,,,,,,,,1-2-years,,,pink,,,,,'10740209,500.0,shopify,100,continue,manual,1399.00,0.00,true,false,,,,,'10740209,https://cdn.shopify.com/s/files/1/0618/2368/0740/files/5_9c9d0cdc-21de-486f-9823-434573320fa7.png?v=1730898030,6,Vagabond Printed Kids Hoodie Set - flat lay - kids wear Pakistan,,,,,,,,,,,,,,,,,,,,,,,,,,,,,,,,,,,,,,,,,,,,https://cdn.shopify.com/s/files/1/0618/2368/0740/files/5_9c9d0cdc-21de-486f-9823-434573320fa7.png?v=1730898030,kg,,,,,,
vagabond-printed-kids-hoodie-set,,,,,,,,,1-2-years,,,blue,,,,,'10740210,500.0,shopify,100,continue,manual,1399.00,0.00,true,false,,,,,'10740210,https://cdn.shopify.com/s/files/1/0618/2368/0740/files/2_8d1751d8-a4c4-477a-95fa-ae456533eac7.png?v=1730898056,7,Vagabond Printed Kids Hoodie Set - lifestyle view - kids wear Pakistan,,,,,,,,,,,,,,,,,,,,,,,,,,,,,,,,,,,,,,,,,,,,https://cdn.shopify.com/s/files/1/0618/2368/0740/files/1_d52a69a7-0ada-4318-ad5e-5d77a73fe314.png?v=1730897999,kg,,,,,,
vagabond-printed-kids-hoodie-set,,,,,,,,,3-4-years,,,yellow-1,,,,,'10714931,500.0,shopify,100,continue,manual,1399.00,0.00,true,false,,,,,'10714931,https://cdn.shopify.com/s/files/1/0618/2368/0740/files/kidssizechart_e28feb53-900a-4966-81fe-20382accf994.jpg?v=1776761612,8,We Can Be Heroes Printed Kids Hoodie Set Copy size chart - measurements guide,,,,,,,,,,,,,,,,,,,,,,,,,,,,,,,,,,,,,,,,,,,,https://cdn.shopify.com/s/files/1/0618/2368/0740/files/7_45f1b2d9-723d-4f64-b4e4-b94c74997cff.png?v=1730897951,kg,,,,,,
vagabond-printed-kids-hoodie-set,,,,,,,,,3-4-years,,,red,,,,,'10714932,500.0,shopify,100,continue,manual,1399.00,0.00,true,false,,,,,'10714932,,,,,,,,,,,,,,,,,,,,,,,,,,,,,,,,,,,,,,,,,,,,,,,https://cdn.shopify.com/s/files/1/0618/2368/0740/files/6_a0c6512f-f6b9-4d3d-b17b-3afa0ede43c0.png?v=1730897966,kg,,,,,,
vagabond-printed-kids-hoodie-set,,,,,,,,,3-4-years,,,dark-grey,,,,,'10714933,500.0,shopify,100,continue,manual,1399.00,0.00,true,false,,,,,'10714933,,,,,,,,,,,,,,,,,,,,,,,,,,,,,,,,,,,,,,,,,,,,,,,https://cdn.shopify.com/s/files/1/0618/2368/0740/files/3_ead34db2-37fc-4258-a6d2-69ea2156cb80.png?v=1730897983,kg,,,,,,
vagabond-printed-kids-hoodie-set,,,,,,,,,3-4-years,,,navy-1,,,,,'10714934,500.0,shopify,100,continue,manual,1399.00,0.00,true,false,,,,,'10714934,,,,,,,,,,,,,,,,,,,,,,,,,,,,,,,,,,,,,,,,,,,,,,,https://cdn.shopify.com/s/files/1/0618/2368/0740/files/1_d52a69a7-0ada-4318-ad5e-5d77a73fe314.png?v=1730897999,kg,,,,,,
vagabond-printed-kids-hoodie-set,,,,,,,,,3-4-years,,,silver,,,,,'10714935,500.0,shopify,100,continue,manual,1399.00,0.00,true,false,,,,,'10714935,,,,,,,,,,,,,,,,,,,,,,,,,,,,,,,,,,,,,,,,,,,,,,,https://cdn.shopify.com/s/files/1/0618/2368/0740/files/4_67455491-997f-4208-be6e-dad0e2872c76.png?v=1730898013,kg,,,,,,
vagabond-printed-kids-hoodie-set,,,,,,,,,3-4-years,,,pink,,,,,'10714936,500.0,shopify,100,continue,manual,1399.00,0.00,true,false,,,,,'10714936,,,,,,,,,,,,,,,,,,,,,,,,,,,,,,,,,,,,,,,,,,,,,,,https://cdn.shopify.com/s/files/1/0618/2368/0740/files/5_9c9d0cdc-21de-486f-9823-434573320fa7.png?v=1730898030,kg,,,,,,
vagabond-printed-kids-hoodie-set,,,,,,,,,3-4-years,,,blue,,,,,'10714937,500.0,shopify,100,continue,manual,1399.00,0.00,true,false,,,,,'10714937,,,,,,,,,,,,,,,,,,,,,,,,,,,,,,,,,,,,,,,,,,,,,,,https://cdn.shopify.com/s/files/1/0618/2368/0740/files/2_8d1751d8-a4c4-477a-95fa-ae456533eac7.png?v=1730898056,kg,,,,,,
vagabond-printed-kids-hoodie-set,,,,,,,,,5-6-years-1,,,yellow-1,,,,,'10714938,500.0,shopify,100,continue,manual,1399.00,0.00,true,false,,,,,'10714938,,,,,,,,,,,,,,,,,,,,,,,,,,,,,,,,,,,,,,,,,,,,,,,https://cdn.shopify.com/s/files/1/0618/2368/0740/files/7_45f1b2d9-723d-4f64-b4e4-b94c74997cff.png?v=1730897951,kg,,,,,,
vagabond-printed-kids-hoodie-set,,,,,,,,,5-6-years-1,,,red,,,,,'10714939,500.0,shopify,100,continue,manual,1399.00,0.00,true,false,,,,,'10714939,,,,,,,,,,,,,,,,,,,,,,,,,,,,,,,,,,,,,,,,,,,,,,,https://cdn.shopify.com/s/files/1/0618/2368/0740/files/6_a0c6512f-f6b9-4d3d-b17b-3afa0ede43c0.png?v=1730897966,kg,,,,,,
vagabond-printed-kids-hoodie-set,,,,,,,,,5-6-years-1,,,dark-grey,,,,,'10714940,500.0,shopify,100,continue,manual,1399.00,0.00,true,false,,,,,'10714940,,,,,,,,,,,,,,,,,,,,,,,,,,,,,,,,,,,,,,,,,,,,,,,https://cdn.shopify.com/s/files/1/0618/2368/0740/files/3_ead34db2-37fc-4258-a6d2-69ea2156cb80.png?v=1730897983,kg,,,,,,
vagabond-printed-kids-hoodie-set,,,,,,,,,5-6-years-1,,,navy-1,,,,,'10714941,500.0,shopify,100,continue,manual,1399.00,0.00,true,false,,,,,'10714941,,,,,,,,,,,,,,,,,,,,,,,,,,,,,,,,,,,,,,,,,,,,,,,https://cdn.shopify.com/s/files/1/0618/2368/0740/files/1_d52a69a7-0ada-4318-ad5e-5d77a73fe314.png?v=1730897999,kg,,,,,,
vagabond-printed-kids-hoodie-set,,,,,,,,,5-6-years-1,,,silver,,,,,'10714942,500.0,shopify,100,continue,manual,1399.00,0.00,true,false,,,,,'10714942,,,,,,,,,,,,,,,,,,,,,,,,,,,,,,,,,,,,,,,,,,,,,,,https://cdn.shopify.com/s/files/1/0618/2368/0740/files/4_67455491-997f-4208-be6e-dad0e2872c76.png?v=1730898013,kg,,,,,,
vagabond-printed-kids-hoodie-set,,,,,,,,,5-6-years-1,,,pink,,,,,'10714943,500.0,shopify,100,continue,manual,1399.00,0.00,true,false,,,,,'10714943,,,,,,,,,,,,,,,,,,,,,,,,,,,,,,,,,,,,,,,,,,,,,,,https://cdn.shopify.com/s/files/1/0618/2368/0740/files/5_9c9d0cdc-21de-486f-9823-434573320fa7.png?v=1730898030,kg,,,,,,
vagabond-printed-kids-hoodie-set,,,,,,,,,5-6-years-1,,,blue,,,,,'10714944,500.0,shopify,100,continue,manual,1399.00,0.00,true,false,,,,,'10714944,,,,,,,,,,,,,,,,,,,,,,,,,,,,,,,,,,,,,,,,,,,,,,,https://cdn.shopify.com/s/files/1/0618/2368/0740/files/2_8d1751d8-a4c4-477a-95fa-ae456533eac7.png?v=1730898056,kg,,,,,,
vagabond-printed-kids-hoodie-set,,,,,,,,,7-8-years,,,yellow-1,,,,,'10714945,500.0,shopify,100,continue,manual,1399.00,0.00,true,false,,,,,'10714945,,,,,,,,,,,,,,,,,,,,,,,,,,,,,,,,,,,,,,,,,,,,,,,https://cdn.shopify.com/s/files/1/0618/2368/0740/files/7_45f1b2d9-723d-4f64-b4e4-b94c74997cff.png?v=1730897951,kg,,,,,,
vagabond-printed-kids-hoodie-set,,,,,,,,,7-8-years,,,red,,,,,'10714946,500.0,shopify,100,continue,manual,1399.00,0.00,true,false,,,,,'10714946,,,,,,,,,,,,,,,,,,,,,,,,,,,,,,,,,,,,,,,,,,,,,,,https://cdn.shopify.com/s/files/1/0618/2368/0740/files/6_a0c6512f-f6b9-4d3d-b17b-3afa0ede43c0.png?v=1730897966,kg,,,,,,
vagabond-printed-kids-hoodie-set,,,,,,,,,7-8-years,,,dark-grey,,,,,'10714947,500.0,shopify,100,continue,manual,1399.00,0.00,true,false,,,,,'10714947,,,,,,,,,,,,,,,,,,,,,,,,,,,,,,,,,,,,,,,,,,,,,,,https://cdn.shopify.com/s/files/1/0618/2368/0740/files/3_ead34db2-37fc-4258-a6d2-69ea2156cb80.png?v=1730897983,kg,,,,,,
vagabond-printed-kids-hoodie-set,,,,,,,,,7-8-years,,,navy-1,,,,,'10714948,500.0,shopify,100,continue,manual,1399.00,0.00,true,false,,,,,'10714948,,,,,,,,,,,,,,,,,,,,,,,,,,,,,,,,,,,,,,,,,,,,,,,https://cdn.shopify.com/s/files/1/0618/2368/0740/files/1_d52a69a7-0ada-4318-ad5e-5d77a73fe314.png?v=1730897999,kg,,,,,,
vagabond-printed-kids-hoodie-set,,,,,,,,,7-8-years,,,silver,,,,,'10714949,500.0,shopify,100,continue,manual,1399.00,0.00,true,false,,,,,'10714949,,,,,,,,,,,,,,,,,,,,,,,,,,,,,,,,,,,,,,,,,,,,,,,https://cdn.shopify.com/s/files/1/0618/2368/0740/files/4_67455491-997f-4208-be6e-dad0e2872c76.png?v=1730898013,kg,,,,,,
vagabond-printed-kids-hoodie-set,,,,,,,,,7-8-years,,,pink,,,,,'10714950,500.0,shopify,100,continue,manual,1399.00,0.00,true,false,,,,,'10714950,,,,,,,,,,,,,,,,,,,,,,,,,,,,,,,,,,,,,,,,,,,,,,,https://cdn.shopify.com/s/files/1/0618/2368/0740/files/5_9c9d0cdc-21de-486f-9823-434573320fa7.png?v=1730898030,kg,,,,,,
vagabond-printed-kids-hoodie-set,,,,,,,,,7-8-years,,,blue,,,,,'10714951,500.0,shopify,100,continue,manual,1399.00,0.00,true,false,,,,,'10714951,,,,,,,,,,,,,,,,,,,,,,,,,,,,,,,,,,,,,,,,,,,,,,,https://cdn.shopify.com/s/files/1/0618/2368/0740/files/2_8d1751d8-a4c4-477a-95fa-ae456533eac7.png?v=1730898056,kg,,,,,,
vagabond-printed-kids-hoodie-set,,,,,,,,,9-10-years,,,yellow-1,,,,,'10714952,500.0,shopify,100,continue,manual,1399.00,0.00,true,false,,,,,'10714952,,,,,,,,,,,,,,,,,,,,,,,,,,,,,,,,,,,,,,,,,,,,,,,https://cdn.shopify.com/s/files/1/0618/2368/0740/files/7_45f1b2d9-723d-4f64-b4e4-b94c74997cff.png?v=1730897951,kg,,,,,,
vagabond-printed-kids-hoodie-set,,,,,,,,,9-10-years,,,red,,,,,'10714953,500.0,shopify,100,continue,manual,1399.00,0.00,true,false,,,,,'10714953,,,,,,,,,,,,,,,,,,,,,,,,,,,,,,,,,,,,,,,,,,,,,,,https://cdn.shopify.com/s/files/1/0618/2368/0740/files/6_a0c6512f-f6b9-4d3d-b17b-3afa0ede43c0.png?v=1730897966,kg,,,,,,
vagabond-printed-kids-hoodie-set,,,,,,,,,9-10-years,,,dark-grey,,,,,'10714954,500.0,shopify,100,continue,manual,1399.00,0.00,true,false,,,,,'10714954,,,,,,,,,,,,,,,,,,,,,,,,,,,,,,,,,,,,,,,,,,,,,,,https://cdn.shopify.com/s/files/1/0618/2368/0740/files/3_ead34db2-37fc-4258-a6d2-69ea2156cb80.png?v=1730897983,kg,,,,,,
vagabond-printed-kids-hoodie-set,,,,,,,,,9-10-years,,,navy-1,,,,,'10714955,500.0,shopify,100,continue,manual,1399.00,0.00,true,false,,,,,'10714955,,,,,,,,,,,,,,,,,,,,,,,,,,,,,,,,,,,,,,,,,,,,,,,https://cdn.shopify.com/s/files/1/0618/2368/0740/files/1_d52a69a7-0ada-4318-ad5e-5d77a73fe314.png?v=1730897999,kg,,,,,,
vagabond-printed-kids-hoodie-set,,,,,,,,,9-10-years,,,silver,,,,,'10714956,500.0,shopify,100,continue,manual,1399.00,0.00,true,false,,,,,'10714956,,,,,,,,,,,,,,,,,,,,,,,,,,,,,,,,,,,,,,,,,,,,,,,https://cdn.shopify.com/s/files/1/0618/2368/0740/files/4_67455491-997f-4208-be6e-dad0e2872c76.png?v=1730898013,kg,,,,,,
vagabond-printed-kids-hoodie-set,,,,,,,,,9-10-years,,,pink,,,,,'10714957,500.0,shopify,100,continue,manual,1399.00,0.00,true,false,,,,,'10714957,,,,,,,,,,,,,,,,,,,,,,,,,,,,,,,,,,,,,,,,,,,,,,,https://cdn.shopify.com/s/files/1/0618/2368/0740/files/5_9c9d0cdc-21de-486f-9823-434573320fa7.png?v=1730898030,kg,,,,,,
vagabond-printed-kids-hoodie-set,,,,,,,,,9-10-years,,,blue,,,,,'10714958,500.0,shopify,100,continue,manual,1399.00,0.00,true,false,,,,,'10714958,,,,,,,,,,,,,,,,,,,,,,,,,,,,,,,,,,,,,,,,,,,,,,,https://cdn.shopify.com/s/files/1/0618/2368/0740/files/2_8d1751d8-a4c4-477a-95fa-ae456533eac7.png?v=1730898056,kg,,,,,,
vagabond-printed-kids-hoodie-set,,,,,,,,,11-12-years,,,yellow-1,,,,,'10714959,500.0,shopify,100,continue,manual,1399.00,0.00,true,false,,,,,'10714959,,,,,,,,,,,,,,,,,,,,,,,,,,,,,,,,,,,,,,,,,,,,,,,https://cdn.shopify.com/s/files/1/0618/2368/0740/files/7_45f1b2d9-723d-4f64-b4e4-b94c74997cff.png?v=1730897951,kg,,,,,,
vagabond-printed-kids-hoodie-set,,,,,,,,,11-12-years,,,red,,,,,'10714960,500.0,shopify,100,continue,manual,1399.00,0.00,true,false,,,,,'10714960,,,,,,,,,,,,,,,,,,,,,,,,,,,,,,,,,,,,,,,,,,,,,,,https://cdn.shopify.com/s/files/1/0618/2368/0740/files/6_a0c6512f-f6b9-4d3d-b17b-3afa0ede43c0.png?v=1730897966,kg,,,,,,
vagabond-printed-kids-hoodie-set,,,,,,,,,11-12-years,,,dark-grey,,,,,'10714961,500.0,shopify,100,continue,manual,1399.00,0.00,true,false,,,,,'10714961,,,,,,,,,,,,,,,,,,,,,,,,,,,,,,,,,,,,,,,,,,,,,,,https://cdn.shopify.com/s/files/1/0618/2368/0740/files/3_ead34db2-37fc-4258-a6d2-69ea2156cb80.png?v=1730897983,kg,,,,,,
vagabond-printed-kids-hoodie-set,,,,,,,,,11-12-years,,,navy-1,,,,,'10714962,500.0,shopify,100,continue,manual,1399.00,0.00,true,false,,,,,'10714962,,,,,,,,,,,,,,,,,,,,,,,,,,,,,,,,,,,,,,,,,,,,,,,https://cdn.shopify.com/s/files/1/0618/2368/0740/files/1_d52a69a7-0ada-4318-ad5e-5d77a73fe314.png?v=1730897999,kg,,,,,,
vagabond-printed-kids-hoodie-set,,,,,,,,,11-12-years,,,silver,,,,,'10714963,500.0,shopify,100,continue,manual,1399.00,0.00,true,false,,,,,'10714963,,,,,,,,,,,,,,,,,,,,,,,,,,,,,,,,,,,,,,,,,,,,,,,https://cdn.shopify.com/s/files/1/0618/2368/0740/files/4_67455491-997f-4208-be6e-dad0e2872c76.png?v=1730898013,kg,,,,,,
vagabond-printed-kids-hoodie-set,,,,,,,,,11-12-years,,,pink,,,,,'10714964,500.0,shopify,100,continue,manual,1399.00,0.00,true,false,,,,,'10714964,,,,,,,,,,,,,,,,,,,,,,,,,,,,,,,,,,,,,,,,,,,,,,,https://cdn.shopify.com/s/files/1/0618/2368/0740/files/5_9c9d0cdc-21de-486f-9823-434573320fa7.png?v=1730898030,kg,,,,,,
vagabond-printed-kids-hoodie-set,,,,,,,,,11-12-years,,,blue,,,,,'10706931,500.0,shopify,100,continue,manual,1399.00,0.00,true,false,,,,,'10706931,,,,,,,,,,,,,,,,,,,,,,,,,,,,,,,,,,,,,,,,,,,,,,,https://cdn.shopify.com/s/files/1/0618/2368/0740/files/2_8d1751d8-a4c4-477a-95fa-ae456533eac7.png?v=1730898056,kg,,,,,,
kids-luffy-gear-printed-kids-hoodie-set,Kids Winter Hoodie Set | Luffy Gear Printed,"<h4><strong><span data-sheets-root=""1"">Kids Winter Hoodie Set | Luffy Gear Printed<br><br></span></strong></h4>
<p data-start=""305"" data-end=""544"">Inspired by a popular anime hero transformation, this outfit brings bold energy, adventure, and style to your little one’s everyday look.</p>
<p data-start=""546"" data-end=""840"">Made from soft, premium fleece fabric, the hoodie keeps your child warm and cozy during chilly days, while the matching jogger pants provide a comfortable and flexible fit for active play. Whether it’s school, outings, or fun time, this set delivers both comfort and a cool, action-packed vibe.</p>
<p data-start=""842"" data-end=""941"">The anime-inspired design makes it a perfect choice for kids who love heroes, power, and adventure.</p>
<p data-start=""943"" data-end=""958"">✨ <strong data-start=""945"" data-end=""958"">Features:</strong></p>
<ul data-start=""959"" data-end=""1174"">
<li data-section-id=""m2jogh"" data-start=""959"" data-end=""1002"">Soft fleece fabric for warmth &amp; comfort</li>
<li data-section-id=""1gakm7v"" data-start=""1003"" data-end=""1036"">Anime-inspired action print ⚡</li>
<li data-section-id=""gklsta"" data-start=""1037"" data-end=""1075"">Cozy hoodie with soft inner lining</li>
<li data-section-id=""1qd8zxj"" data-start=""1076"" data-end=""1124"">Matching jogger pants with elastic waistband</li>
<li data-section-id=""9bnese"" data-start=""1125"" data-end=""1174"">Ideal for daily wear, school &amp; winter outings</li>
</ul>
<p data-start=""1176"" data-end=""1247"">Let your kids stay <strong data-start=""1195"" data-end=""1234"">warm, confident, and full of energy</strong> this winter!</p>
<h4><strong><span data-sheets-root=""1""><br></span></strong></h4>",BBG FASHION,Apparel & Accessories > Clothing > Baby & Toddler Clothing,Kids Hoodie Set,Kids Winter Collection,true,Size,1 - 2 Years,,Color,red,product.metafields.shopify.color-pattern,,,,'10742939,500.0,shopify,0,continue,manual,1399.00,0.00,true,false,,,,,'10742939,https://cdn.shopify.com/s/files/1/0618/2368/0740/files/5_a72bc7ea-fb34-473e-a629-9350084c8240.png?v=1730897112,1,Kids Luffy Gear Printed Kids Hoodie Set - back view - kids wear Pakistan,false,,"Shop Kids Winter Hoodie Set Luffy Gear Style Printed in soft fleece. Warm, stylish & anime-inspired winter outfit for kids. Perfect everyday wear in Pakistan. Order now!",182,,,,,,,,,,,,,,,,,,,,red; dark-grey; navy-1; yellow-1; silver; pink; blue,,,fleece,,,,,,,,,,,,,,,,,https://cdn.shopify.com/s/files/1/0618/2368/0740/files/6_5262880c-cead-4bcf-8639-9b2c1c635f83.png?v=1730897030,kg,,,true,,,active
kids-luffy-gear-printed-kids-hoodie-set,,,,,,,,,1 - 2 Years,,,dark-grey,,,,,'10742940,500.0,shopify,0,continue,manual,1399.00,0.00,true,false,,,,,'10742940,https://cdn.shopify.com/s/files/1/0618/2368/0740/files/6_5262880c-cead-4bcf-8639-9b2c1c635f83.png?v=1730897030,2,Kids Luffy Gear Printed Kids Hoodie Set - front view - kids wear Pakistan,,,,,,,,,,,,,,,,,,,,,,,,,,,,,,,,,,,,,,,,,,,,https://cdn.shopify.com/s/files/1/0618/2368/0740/files/3_ecdf2313-c457-4013-ba3f-ce4024e1b65a.png?v=1730897047,kg,,,,,,
kids-luffy-gear-printed-kids-hoodie-set,,,,,,,,,1 - 2 Years,,,navy-1,,,,,'10742941,500.0,shopify,0,continue,manual,1399.00,0.00,true,false,,,,,'10742941,https://cdn.shopify.com/s/files/1/0618/2368/0740/files/3_ecdf2313-c457-4013-ba3f-ce4024e1b65a.png?v=1730897047,3,Kids Luffy Gear Printed Kids Hoodie Set - back view - kids wear Pakistan,,,,,,,,,,,,,,,,,,,,,,,,,,,,,,,,,,,,,,,,,,,,https://cdn.shopify.com/s/files/1/0618/2368/0740/files/2_7193bf2c-3430-4441-a925-c4efab18e4ae.png?v=1730897243,kg,,,,,,
kids-luffy-gear-printed-kids-hoodie-set,,,,,,,,,1 - 2 Years,,,yellow-1,,,,,'10742942,500.0,shopify,0,continue,manual,1399.00,0.00,true,false,,,,,'10742942,https://cdn.shopify.com/s/files/1/0618/2368/0740/files/1_83fbad9f-4522-485b-97df-d04285a9f1ef.png?v=1730897064,4,Kids Luffy Gear Printed Kids Hoodie Set - side view - kids wear Pakistan,,,,,,,,,,,,,,,,,,,,,,,,,,,,,,,,,,,,,,,,,,,,https://cdn.shopify.com/s/files/1/0618/2368/0740/files/7_01d4c5ae-6db9-465d-9c35-c2e3e12fdb5c.png?v=1730897076,kg,,,,,,
kids-luffy-gear-printed-kids-hoodie-set,,,,,,,,,1 - 2 Years,,,silver,,,,,'10742943,500.0,shopify,0,continue,manual,1399.00,0.00,true,false,,,,,'10742943,https://cdn.shopify.com/s/files/1/0618/2368/0740/files/2_7193bf2c-3430-4441-a925-c4efab18e4ae.png?v=1730897243,5,Kids Luffy Gear Printed Kids Hoodie Set - front view - kids wear Pakistan,,,,,,,,,,,,,,,,,,,,,,,,,,,,,,,,,,,,,,,,,,,,https://cdn.shopify.com/s/files/1/0618/2368/0740/files/4_5c53f5c8-9bff-4ef7-96cc-77c02511884f.png?v=1730897089,kg,,,,,,
kids-luffy-gear-printed-kids-hoodie-set,,,,,,,,,1 - 2 Years,,,pink,,,,,'10742944,500.0,shopify,0,continue,manual,1399.00,0.00,true,false,,,,,'10742944,https://cdn.shopify.com/s/files/1/0618/2368/0740/files/7_01d4c5ae-6db9-465d-9c35-c2e3e12fdb5c.png?v=1730897076,6,Kids Luffy Gear Printed Kids Hoodie Set - detail shot - kids wear Pakistan,,,,,,,,,,,,,,,,,,,,,,,,,,,,,,,,,,,,,,,,,,,,https://cdn.shopify.com/s/files/1/0618/2368/0740/files/5_a72bc7ea-fb34-473e-a629-9350084c8240.png?v=1730897112,kg,,,,,,
kids-luffy-gear-printed-kids-hoodie-set,,,,,,,,,1 - 2 Years,,,blue,,,,,'10742945,500.0,shopify,0,continue,manual,1399.00,0.00,true,false,,,,,'10742945,https://cdn.shopify.com/s/files/1/0618/2368/0740/files/4_5c53f5c8-9bff-4ef7-96cc-77c02511884f.png?v=1730897089,7,Kids Luffy Gear Printed Kids Hoodie Set - front view - kids wear Pakistan,,,,,,,,,,,,,,,,,,,,,,,,,,,,,,,,,,,,,,,,,,,,https://cdn.shopify.com/s/files/1/0618/2368/0740/files/1_83fbad9f-4522-485b-97df-d04285a9f1ef.png?v=1730897064,kg,,,,,,
kids-luffy-gear-printed-kids-hoodie-set,,,,,,,,,3 - 4 Years,,,red,,,,,'10714897,500.0,shopify,100,continue,manual,1399.00,0.00,true,false,,,,,'10714897,https://cdn.shopify.com/s/files/1/0618/2368/0740/files/kidssizechart_e28feb53-900a-4966-81fe-20382accf994.jpg?v=1776761612,8,We Can Be Heroes Printed Kids Hoodie Set Copy size chart - measurements guide,,,,,,,,,,,,,,,,,,,,,,,,,,,,,,,,,,,,,,,,,,,,https://cdn.shopify.com/s/files/1/0618/2368/0740/files/6_5262880c-cead-4bcf-8639-9b2c1c635f83.png?v=1730897030,kg,,,,,,
kids-luffy-gear-printed-kids-hoodie-set,,,,,,,,,3 - 4 Years,,,dark-grey,,,,,'10714898,500.0,shopify,100,continue,manual,1399.00,0.00,true,false,,,,,'10714898,,,,,,,,,,,,,,,,,,,,,,,,,,,,,,,,,,,,,,,,,,,,,,,https://cdn.shopify.com/s/files/1/0618/2368/0740/files/3_ecdf2313-c457-4013-ba3f-ce4024e1b65a.png?v=1730897047,kg,,,,,,
kids-luffy-gear-printed-kids-hoodie-set,,,,,,,,,3 - 4 Years,,,navy-1,,,,,'10714899,500.0,shopify,100,continue,manual,1399.00,0.00,true,false,,,,,'10714899,,,,,,,,,,,,,,,,,,,,,,,,,,,,,,,,,,,,,,,,,,,,,,,https://cdn.shopify.com/s/files/1/0618/2368/0740/files/2_7193bf2c-3430-4441-a925-c4efab18e4ae.png?v=1730897243,kg,,,,,,
kids-luffy-gear-printed-kids-hoodie-set,,,,,,,,,3 - 4 Years,,,yellow-1,,,,,'10714900,500.0,shopify,100,continue,manual,1399.00,0.00,true,false,,,,,'10714900,,,,,,,,,,,,,,,,,,,,,,,,,,,,,,,,,,,,,,,,,,,,,,,https://cdn.shopify.com/s/files/1/0618/2368/0740/files/7_01d4c5ae-6db9-465d-9c35-c2e3e12fdb5c.png?v=1730897076,kg,,,,,,
kids-luffy-gear-printed-kids-hoodie-set,,,,,,,,,3 - 4 Years,,,silver,,,,,'10714901,500.0,shopify,100,continue,manual,1399.00,0.00,true,false,,,,,'10714901,,,,,,,,,,,,,,,,,,,,,,,,,,,,,,,,,,,,,,,,,,,,,,,https://cdn.shopify.com/s/files/1/0618/2368/0740/files/4_5c53f5c8-9bff-4ef7-96cc-77c02511884f.png?v=1730897089,kg,,,,,,
kids-luffy-gear-printed-kids-hoodie-set,,,,,,,,,3 - 4 Years,,,pink,,,,,'10714902,500.0,shopify,98,continue,manual,1399.00,0.00,true,false,,,,,'10714902,,,,,,,,,,,,,,,,,,,,,,,,,,,,,,,,,,,,,,,,,,,,,,,https://cdn.shopify.com/s/files/1/0618/2368/0740/files/5_a72bc7ea-fb34-473e-a629-9350084c8240.png?v=1730897112,kg,,,,,,
kids-luffy-gear-printed-kids-hoodie-set,,,,,,,,,3 - 4 Years,,,blue,,,,,'10714903,500.0,shopify,100,continue,manual,1399.00,0.00,true,false,,,,,'10714903,,,,,,,,,,,,,,,,,,,,,,,,,,,,,,,,,,,,,,,,,,,,,,,https://cdn.shopify.com/s/files/1/0618/2368/0740/files/1_83fbad9f-4522-485b-97df-d04285a9f1ef.png?v=1730897064,kg,,,,,,
kids-luffy-gear-printed-kids-hoodie-set,,,,,,,,,5 - 6 Years,,,red,,,,,'10714904,500.0,shopify,99,continue,manual,1399.00,0.00,true,false,,,,,'10714904,,,,,,,,,,,,,,,,,,,,,,,,,,,,,,,,,,,,,,,,,,,,,,,https://cdn.shopify.com/s/files/1/0618/2368/0740/files/6_5262880c-cead-4bcf-8639-9b2c1c635f83.png?v=1730897030,kg,,,,,,
kids-luffy-gear-printed-kids-hoodie-set,,,,,,,,,5 - 6 Years,,,dark-grey,,,,,'10714905,500.0,shopify,100,continue,manual,1399.00,0.00,true,false,,,,,'10714905,,,,,,,,,,,,,,,,,,,,,,,,,,,,,,,,,,,,,,,,,,,,,,,https://cdn.shopify.com/s/files/1/0618/2368/0740/files/3_ecdf2313-c457-4013-ba3f-ce4024e1b65a.png?v=1730897047,kg,,,,,,
kids-luffy-gear-printed-kids-hoodie-set,,,,,,,,,5 - 6 Years,,,navy-1,,,,,'10714906,500.0,shopify,99,continue,manual,1399.00,0.00,true,false,,,,,'10714906,,,,,,,,,,,,,,,,,,,,,,,,,,,,,,,,,,,,,,,,,,,,,,,https://cdn.shopify.com/s/files/1/0618/2368/0740/files/2_7193bf2c-3430-4441-a925-c4efab18e4ae.png?v=1730897243,kg,,,,,,
kids-luffy-gear-printed-kids-hoodie-set,,,,,,,,,5 - 6 Years,,,yellow-1,,,,,'10714907,500.0,shopify,99,continue,manual,1399.00,0.00,true,false,,,,,'10714907,,,,,,,,,,,,,,,,,,,,,,,,,,,,,,,,,,,,,,,,,,,,,,,https://cdn.shopify.com/s/files/1/0618/2368/0740/files/7_01d4c5ae-6db9-465d-9c35-c2e3e12fdb5c.png?v=1730897076,kg,,,,,,
kids-luffy-gear-printed-kids-hoodie-set,,,,,,,,,5 - 6 Years,,,silver,,,,,'10714908,500.0,shopify,100,continue,manual,1399.00,0.00,true,false,,,,,'10714908,,,,,,,,,,,,,,,,,,,,,,,,,,,,,,,,,,,,,,,,,,,,,,,https://cdn.shopify.com/s/files/1/0618/2368/0740/files/4_5c53f5c8-9bff-4ef7-96cc-77c02511884f.png?v=1730897089,kg,,,,,,
kids-luffy-gear-printed-kids-hoodie-set,,,,,,,,,5 - 6 Years,,,pink,,,,,'10714909,500.0,shopify,96,continue,manual,1399.00,0.00,true,false,,,,,'10714909,,,,,,,,,,,,,,,,,,,,,,,,,,,,,,,,,,,,,,,,,,,,,,,https://cdn.shopify.com/s/files/1/0618/2368/0740/files/5_a72bc7ea-fb34-473e-a629-9350084c8240.png?v=1730897112,kg,,,,,,
kids-luffy-gear-printed-kids-hoodie-set,,,,,,,,,5 - 6 Years,,,blue,,,,,'10714910,500.0,shopify,100,continue,manual,1399.00,0.00,true,false,,,,,'10714910,,,,,,,,,,,,,,,,,,,,,,,,,,,,,,,,,,,,,,,,,,,,,,,https://cdn.shopify.com/s/files/1/0618/2368/0740/files/1_83fbad9f-4522-485b-97df-d04285a9f1ef.png?v=1730897064,kg,,,,,,
kids-luffy-gear-printed-kids-hoodie-set,,,,,,,,,7 - 8 Years,,,red,,,,,'10714911,500.0,shopify,99,continue,manual,1399.00,0.00,true,false,,,,,'10714911,,,,,,,,,,,,,,,,,,,,,,,,,,,,,,,,,,,,,,,,,,,,,,,https://cdn.shopify.com/s/files/1/0618/2368/0740/files/6_5262880c-cead-4bcf-8639-9b2c1c635f83.png?v=1730897030,kg,,,,,,
kids-luffy-gear-printed-kids-hoodie-set,,,,,,,,,7 - 8 Years,,,dark-grey,,,,,'10714912,500.0,shopify,100,continue,manual,1399.00,0.00,true,false,,,,,'10714912,,,,,,,,,,,,,,,,,,,,,,,,,,,,,,,,,,,,,,,,,,,,,,,https://cdn.shopify.com/s/files/1/0618/2368/0740/files/3_ecdf2313-c457-4013-ba3f-ce4024e1b65a.png?v=1730897047,kg,,,,,,
kids-luffy-gear-printed-kids-hoodie-set,,,,,,,,,7 - 8 Years,,,navy-1,,,,,'10714913,500.0,shopify,98,continue,manual,1399.00,0.00,true,false,,,,,'10714913,,,,,,,,,,,,,,,,,,,,,,,,,,,,,,,,,,,,,,,,,,,,,,,https://cdn.shopify.com/s/files/1/0618/2368/0740/files/2_7193bf2c-3430-4441-a925-c4efab18e4ae.png?v=1730897243,kg,,,,,,
kids-luffy-gear-printed-kids-hoodie-set,,,,,,,,,7 - 8 Years,,,yellow-1,,,,,'10714914,500.0,shopify,99,continue,manual,1399.00,0.00,true,false,,,,,'10714914,,,,,,,,,,,,,,,,,,,,,,,,,,,,,,,,,,,,,,,,,,,,,,,https://cdn.shopify.com/s/files/1/0618/2368/0740/files/7_01d4c5ae-6db9-465d-9c35-c2e3e12fdb5c.png?v=1730897076,kg,,,,,,
kids-luffy-gear-printed-kids-hoodie-set,,,,,,,,,7 - 8 Years,,,silver,,,,,'10714915,500.0,shopify,100,continue,manual,1399.00,0.00,true,false,,,,,'10714915,,,,,,,,,,,,,,,,,,,,,,,,,,,,,,,,,,,,,,,,,,,,,,,https://cdn.shopify.com/s/files/1/0618/2368/0740/files/4_5c53f5c8-9bff-4ef7-96cc-77c02511884f.png?v=1730897089,kg,,,,,,
kids-luffy-gear-printed-kids-hoodie-set,,,,,,,,,7 - 8 Years,,,pink,,,,,'10714916,500.0,shopify,99,continue,manual,1399.00,0.00,true,false,,,,,'10714916,,,,,,,,,,,,,,,,,,,,,,,,,,,,,,,,,,,,,,,,,,,,,,,https://cdn.shopify.com/s/files/1/0618/2368/0740/files/5_a72bc7ea-fb34-473e-a629-9350084c8240.png?v=1730897112,kg,,,,,,
kids-luffy-gear-printed-kids-hoodie-set,,,,,,,,,7 - 8 Years,,,blue,,,,,'10714917,500.0,shopify,100,continue,manual,1399.00,0.00,true,false,,,,,'10714917,,,,,,,,,,,,,,,,,,,,,,,,,,,,,,,,,,,,,,,,,,,,,,,https://cdn.shopify.com/s/files/1/0618/2368/0740/files/1_83fbad9f-4522-485b-97df-d04285a9f1ef.png?v=1730897064,kg,,,,,,
kids-luffy-gear-printed-kids-hoodie-set,,,,,,,,,9 - 10 Years,,,red,,,,,'10714918,500.0,shopify,99,continue,manual,1399.00,0.00,true,false,,,,,'10714918,,,,,,,,,,,,,,,,,,,,,,,,,,,,,,,,,,,,,,,,,,,,,,,https://cdn.shopify.com/s/files/1/0618/2368/0740/files/6_5262880c-cead-4bcf-8639-9b2c1c635f83.png?v=1730897030,kg,,,,,,
kids-luffy-gear-printed-kids-hoodie-set,,,,,,,,,9 - 10 Years,,,dark-grey,,,,,'10714919,500.0,shopify,100,continue,manual,1399.00,0.00,true,false,,,,,'10714919,,,,,,,,,,,,,,,,,,,,,,,,,,,,,,,,,,,,,,,,,,,,,,,https://cdn.shopify.com/s/files/1/0618/2368/0740/files/3_ecdf2313-c457-4013-ba3f-ce4024e1b65a.png?v=1730897047,kg,,,,,,
kids-luffy-gear-printed-kids-hoodie-set,,,,,,,,,9 - 10 Years,,,navy-1,,,,,'10714920,500.0,shopify,98,continue,manual,1399.00,0.00,true,false,,,,,'10714920,,,,,,,,,,,,,,,,,,,,,,,,,,,,,,,,,,,,,,,,,,,,,,,https://cdn.shopify.com/s/files/1/0618/2368/0740/files/2_7193bf2c-3430-4441-a925-c4efab18e4ae.png?v=1730897243,kg,,,,,,
kids-luffy-gear-printed-kids-hoodie-set,,,,,,,,,9 - 10 Years,,,yellow-1,,,,,'10714921,500.0,shopify,100,continue,manual,1399.00,0.00,true,false,,,,,'10714921,,,,,,,,,,,,,,,,,,,,,,,,,,,,,,,,,,,,,,,,,,,,,,,https://cdn.shopify.com/s/files/1/0618/2368/0740/files/7_01d4c5ae-6db9-465d-9c35-c2e3e12fdb5c.png?v=1730897076,kg,,,,,,
kids-luffy-gear-printed-kids-hoodie-set,,,,,,,,,9 - 10 Years,,,silver,,,,,'10714922,500.0,shopify,100,continue,manual,1399.00,0.00,true,false,,,,,'10714922,,,,,,,,,,,,,,,,,,,,,,,,,,,,,,,,,,,,,,,,,,,,,,,https://cdn.shopify.com/s/files/1/0618/2368/0740/files/4_5c53f5c8-9bff-4ef7-96cc-77c02511884f.png?v=1730897089,kg,,,,,,
kids-luffy-gear-printed-kids-hoodie-set,,,,,,,,,9 - 10 Years,,,pink,,,,,'10714923,500.0,shopify,97,continue,manual,1399.00,0.00,true,false,,,,,'10714923,,,,,,,,,,,,,,,,,,,,,,,,,,,,,,,,,,,,,,,,,,,,,,,https://cdn.shopify.com/s/files/1/0618/2368/0740/files/5_a72bc7ea-fb34-473e-a629-9350084c8240.png?v=1730897112,kg,,,,,,
kids-luffy-gear-printed-kids-hoodie-set,,,,,,,,,9 - 10 Years,,,blue,,,,,'10714924,500.0,shopify,100,continue,manual,1399.00,0.00,true,false,,,,,'10714924,,,,,,,,,,,,,,,,,,,,,,,,,,,,,,,,,,,,,,,,,,,,,,,https://cdn.shopify.com/s/files/1/0618/2368/0740/files/1_83fbad9f-4522-485b-97df-d04285a9f1ef.png?v=1730897064,kg,,,,,,
kids-luffy-gear-printed-kids-hoodie-set,,,,,,,,,11 - 12 Years,,,red,,,,,'10714925,500.0,shopify,99,continue,manual,1399.00,0.00,true,false,,,,,'10714925,,,,,,,,,,,,,,,,,,,,,,,,,,,,,,,,,,,,,,,,,,,,,,,https://cdn.shopify.com/s/files/1/0618/2368/0740/files/6_5262880c-cead-4bcf-8639-9b2c1c635f83.png?v=1730897030,kg,,,,,,
kids-luffy-gear-printed-kids-hoodie-set,,,,,,,,,11 - 12 Years,,,dark-grey,,,,,'10714926,500.0,shopify,97,continue,manual,1399.00,0.00,true,false,,,,,'10714926,,,,,,,,,,,,,,,,,,,,,,,,,,,,,,,,,,,,,,,,,,,,,,,https://cdn.shopify.com/s/files/1/0618/2368/0740/files/3_ecdf2313-c457-4013-ba3f-ce4024e1b65a.png?v=1730897047,kg,,,,,,
kids-luffy-gear-printed-kids-hoodie-set,,,,,,,,,11 - 12 Years,,,navy-1,,,,,'10714927,500.0,shopify,99,continue,manual,1399.00,0.00,true,false,,,,,'10714927,,,,,,,,,,,,,,,,,,,,,,,,,,,,,,,,,,,,,,,,,,,,,,,https://cdn.shopify.com/s/files/1/0618/2368/0740/files/2_7193bf2c-3430-4441-a925-c4efab18e4ae.png?v=1730897243,kg,,,,,,
kids-luffy-gear-printed-kids-hoodie-set,,,,,,,,,11 - 12 Years,,,yellow-1,,,,,'10714928,500.0,shopify,99,continue,manual,1399.00,0.00,true,false,,,,,'10714928,,,,,,,,,,,,,,,,,,,,,,,,,,,,,,,,,,,,,,,,,,,,,,,https://cdn.shopify.com/s/files/1/0618/2368/0740/files/7_01d4c5ae-6db9-465d-9c35-c2e3e12fdb5c.png?v=1730897076,kg,,,,,,
kids-luffy-gear-printed-kids-hoodie-set,,,,,,,,,11 - 12 Years,,,silver,,,,,'10714929,500.0,shopify,98,continue,manual,1399.00,0.00,true,false,,,,,'10714929,,,,,,,,,,,,,,,,,,,,,,,,,,,,,,,,,,,,,,,,,,,,,,,https://cdn.shopify.com/s/files/1/0618/2368/0740/files/4_5c53f5c8-9bff-4ef7-96cc-77c02511884f.png?v=1730897089,kg,,,,,,
kids-luffy-gear-printed-kids-hoodie-set,,,,,,,,,11 - 12 Years,,,pink,,,,,'10714930,500.0,shopify,99,continue,manual,1399.00,0.00,true,false,,,,,'10714930,,,,,,,,,,,,,,,,,,,,,,,,,,,,,,,,,,,,,,,,,,,,,,,https://cdn.shopify.com/s/files/1/0618/2368/0740/files/5_a72bc7ea-fb34-473e-a629-9350084c8240.png?v=1730897112,kg,,,,,,
kids-luffy-gear-printed-kids-hoodie-set,,,,,,,,,11 - 12 Years,,,blue,,,,,'10706930,500.0,shopify,100,continue,manual,1399.00,0.00,true,false,,,,,'10706930,,,,,,,,,,,,,,,,,,,,,,,,,,,,,,,,,,,,,,,,,,,,,,,https://cdn.shopify.com/s/files/1/0618/2368/0740/files/1_83fbad9f-4522-485b-97df-d04285a9f1ef.png?v=1730897064,kg,,,,,,
all-over-butterfly-woman-pajama-set-copy-5,Winter Pocket Style Tracksuit,"<h4>Winter Pocket Style Tracksuit</h4>
<p data-start=""250"" data-end=""455"">Upgrade your winter wardrobe with the stylish and comfortable <strong data-start=""312"" data-end=""345"">Winter Pocket Style Tracksuit</strong>. Designed for everyday wear, this cozy tracksuit combines warmth, fashion, and comfort in one perfect outfit.</p>
<p data-start=""457"" data-end=""699"">Made with soft premium fabric and a modern relaxed fit, it’s ideal for chilly days, casual outings, travel, or simply relaxing at home. The trendy pocket-style design adds a sporty and fashionable touch that keeps your look effortlessly cool.</p>
<h3 data-section-id=""1to4s3t"" data-start=""701"" data-end=""715"">✨ Features</h3>
<ul data-start=""716"" data-end=""911"">
<li data-section-id=""1sxlist"" data-start=""716"" data-end=""754"">Soft &amp; warm winter-friendly fabric</li>
<li data-section-id=""20m44c"" data-start=""755"" data-end=""780"">Stylish pocket design</li>
<li data-section-id=""1chc184"" data-start=""781"" data-end=""808"">Relaxed comfortable fit</li>
<li data-section-id=""1an5ez6"" data-start=""809"" data-end=""848"">Breathable &amp; skin-friendly material</li>
<li data-section-id=""19mujo4"" data-start=""849"" data-end=""888"">Perfect for casual wear &amp; daily use</li>
<li data-section-id=""yri10s"" data-start=""889"" data-end=""911"">Trendy sporty look</li>
</ul>
<h3 data-section-id=""a7hmet"" data-start=""913"" data-end=""931"">🧥 Perfect For</h3>
<ul data-start=""932"" data-end=""1011"">
<li data-section-id=""1997c12"" data-start=""932"" data-end=""950"">Winter outings</li>
<li data-section-id=""18e19sg"" data-start=""951"" data-end=""965"">Daily wear</li>
<li data-section-id=""1b3a5ex"" data-start=""966"" data-end=""987"">Travel &amp; lounging</li>
<li data-section-id=""32utco"" data-start=""988"" data-end=""1011"">Cozy indoor comfort</li>
</ul>
<h3 data-section-id=""2w2lzc"" data-start=""1013"" data-end=""1036"">📦 Package Includes</h3>
<ul data-start=""1037"" data-end=""1085"">
<li data-section-id=""11a0eye"" data-start=""1037"" data-end=""1062"">1 Sweatshirt / Hoodie</li>
<li data-section-id=""e2fv02"" data-start=""1063"" data-end=""1085"">1 Matching Trouser</li>
</ul>
<p data-start=""1087"" data-end=""1130"" data-is-last-node="""" data-is-only-node="""">Stay cozy. Stay stylish. Stay comfortable ✨</p>",BBG FASHION,Apparel & Accessories > Clothing > Sleepwear & Loungewear,winter loungewear,winter tracksuit,true,Size,free-size,product.metafields.shopify.size,Color,yellow-1,product.metafields.shopify.color-pattern,,,,'10714894,500.0,shopify,97,deny,manual,2599.00,,true,false,,,,,'10714894,https://cdn.shopify.com/s/files/1/0618/2368/0740/files/WhatsApp_Image_2024-11-02_at_8.37.11_PM.jpg?v=1730794269,1,All Over Butterfly Woman Pajama Set Copy 5 - front view - unisex wear Pakistan,false,,"Stay warm in style with the Winter Pocket Style Tracksuit ❄️ Premium soft fabric, trendy fit & cozy pocket design for everyday comfort. Perfect for winter lounging, travel & casual wear.",,,,,,,,,,,,,,,,,,,,,yellow-1; black,,,,,,,,,,free-size,,,,,,,,,,https://cdn.shopify.com/s/files/1/0618/2368/0740/files/WhatsApp_Image_2024-11-02_at_8.37.13_PM.jpg?v=1730794269,g,,,true,,,active
all-over-butterfly-woman-pajama-set-copy-5,,,,,,,,,free-size,,,black,,,,,'10758093,500.0,shopify,99,deny,manual,2599.00,,true,false,,,,,'10758093,https://cdn.shopify.com/s/files/1/0618/2368/0740/files/WhatsApp_Image_2024-11-02_at_8.37.13_PM.jpg?v=1730794269,2,All Over Butterfly Woman Pajama Set Copy 5 - back view - unisex wear Pakistan,,,,,,,,,,,,,,,,,,,,,,,,,,,,,,,,,,,,,,,,,,,,https://cdn.shopify.com/s/files/1/0618/2368/0740/files/WhatsApp_Image_2024-11-02_at_8.37.11_PM.jpg?v=1730794269,g,,,,,,
all-over-butterfly-woman-pajama-set-copy-5,,,,,,,,,,,,,,,,,,,,,,,,,,,,,,,,https://cdn.shopify.com/s/files/1/0618/2368/0740/products/Sizechart_845627d6-01fe-4306-9c59-97ce8268bd09.webp?v=1770983778,3,Yellow Heart Woman Pajama Set Copy size chart - measurements guide,,,,,,,,,,,,,,,,,,,,,,,,,,,,,,,,,,,,,,,,,,,,,,,,,,,
all-over-butterfly-woman-pajama-set-copy-4,Slit Full Sleeves With Palazzo,"<h4>Slit Full Sleeves With Palazzo</h4>
<p>5 different colours<br>2 different sizes<br>it's very comfortable soft and warm fleece stuff<br>Mostly suitable for wearing in winter</p>
<p>Round neck style</p>
<p>Best Quality of stitching</p>",BBG FASHION,Apparel & Accessories > Clothing > Sleepwear & Loungewear,Winter Loungewear,winter tracksuit,true,Size,Medium,,Color,beige,product.metafields.shopify.color-pattern,,,,'10719277,500.0,shopify,123,deny,manual,2399.00,,true,false,,,,,'10719277,https://cdn.shopify.com/s/files/1/0618/2368/0740/files/WhatsApp_Image_2024-11-02_at_8.37.17_PM_1.jpg?v=1730880422,1,All Over Butterfly Woman Pajama Set Copy 4 - front view - unisex wear Pakistan,false,,Sleepy Girl Woman Pajama Set Ladies Sleep Dress Night Wear With Shirt And Trouser for Women very attractive and trendy design Blended Cotton jersey stuff which will provide you most comfort zone at night. Washable Sleep wear Stuff for long lasting Night wear available at www.bbgfashion.pk,,,,,,,,,,,,,,,,,,,,,beige; green; pink; black; cream,,,,,,,,,,,,,,,,,,,,,g,,,true,,,active
all-over-butterfly-woman-pajama-set-copy-4,,,,,,,,,Medium,,,green,,,,,'10719278,500.0,shopify,102,deny,manual,2399.00,,true,false,,,,,'10719278,https://cdn.shopify.com/s/files/1/0618/2368/0740/files/WhatsApp_Image_2024-11-02_at_8.37.17_PM_2.jpg?v=1730880422,2,All Over Butterfly Woman Pajama Set Copy 4 - back view - unisex wear Pakistan,,,,,,,,,,,,,,,,,,,,,,,,,,,,,,,,,,,,,,,,,,,,,g,,,,,,
all-over-butterfly-woman-pajama-set-copy-4,,,,,,,,,Medium,,,pink,,,,,'10719279,500.0,shopify,100,deny,manual,2399.00,,true,false,,,,,'10719279,https://cdn.shopify.com/s/files/1/0618/2368/0740/files/WhatsApp_Image_2024-11-02_at_8.37.18_PM.jpg?v=1730880422,3,All Over Butterfly Woman Pajama Set Copy 4 - side view - unisex wear Pakistan,,,,,,,,,,,,,,,,,,,,,,,,,,,,,,,,,,,,,,,,,,,,,g,,,,,,
all-over-butterfly-woman-pajama-set-copy-4,,,,,,,,,Medium,,,black,,,,,'10719280,500.0,shopify,100,deny,manual,2399.00,,true,false,,,,,'10719280,https://cdn.shopify.com/s/files/1/0618/2368/0740/files/WhatsApp_Image_2024-11-02_at_8.37.17_PM.jpg?v=1730880423,4,All Over Butterfly Woman Pajama Set Copy 4 - detail shot - unisex wear Pakistan,,,,,,,,,,,,,,,,,,,,,,,,,,,,,,,,,,,,,,,,,,,,,g,,,,,,
all-over-butterfly-woman-pajama-set-copy-4,,,,,,,,,Medium,,,cream,,,,,'10759121,500.0,shopify,123,deny,manual,2399.00,,true,false,,,,,'10759121,https://cdn.shopify.com/s/files/1/0618/2368/0740/products/Sizechart_845627d6-01fe-4306-9c59-97ce8268bd09.webp?v=1770983778,5,Yellow Heart Woman Pajama Set Copy size chart - measurements guide,,,,,,,,,,,,,,,,,,,,,,,,,,,,,,,,,,,,,,,,,,,,,g,,,,,,
all-over-butterfly-woman-pajama-set-copy-4,,,,,,,,,Large,,,beige,,,,,'10714889,500.0,shopify,123,deny,manual,2399.00,,true,false,,,,,'10714889,https://cdn.shopify.com/s/files/1/0618/2368/0740/files/Stylish_black_lounge_set_arrangement_5b99afb6-e20c-4467-89f5-2601d4ae5faf.png?v=1769418833,6,All Over Butterfly Woman Pajama Set Copy 4 - back view - unisex wear Pakistan,,,,,,,,,,,,,,,,,,,,,,,,,,,,,,,,,,,,,,,,,,,,,g,,,,,,
all-over-butterfly-woman-pajama-set-copy-4,,,,,,,,,Large,,,green,,,,,'10714890,500.0,shopify,94,deny,manual,2399.00,,true,false,,,,,'10714890,,,,,,,,,,,,,,,,,,,,,,,,,,,,,,,,,,,,,,,,,,,,,,,,g,,,,,,
all-over-butterfly-woman-pajama-set-copy-4,,,,,,,,,Large,,,pink,,,,,'10714891,500.0,shopify,93,deny,manual,2399.00,,true,false,,,,,'10714891,,,,,,,,,,,,,,,,,,,,,,,,,,,,,,,,,,,,,,,,,,,,,,,,g,,,,,,
all-over-butterfly-woman-pajama-set-copy-4,,,,,,,,,Large,,,black,,,,,'10719281,500.0,shopify,100,deny,manual,2399.00,,true,false,,,,,'10719281,,,,,,,,,,,,,,,,,,,,,,,,,,,,,,,,,,,,,,,,,,,,,,,,g,,,,,,
all-over-butterfly-woman-pajama-set-copy-4,,,,,,,,,Large,,,cream,,,,,'10759122,500.0,shopify,123,deny,manual,2399.00,,true,false,,,,,'10759122,,,,,,,,,,,,,,,,,,,,,,,,,,,,,,,,,,,,,,,,,,,,,,,,g,,,,,,
all-over-butterfly-woman-pajama-set-copy-4,,,,,,,,,XL,,,beige,,,,,'10714892,500.0,shopify,123,deny,manual,2499.00,,true,false,,,,,'10714892,,,,,,,,,,,,,,,,,,,,,,,,,,,,,,,,,,,,,,,,,,,,,,,,g,,,,,,
all-over-butterfly-woman-pajama-set-copy-4,,,,,,,,,XL,,,green,,,,,'10714893,500.0,shopify,98,deny,manual,2499.00,,true,false,,,,,'10714893,,,,,,,,,,,,,,,,,,,,,,,,,,,,,,,,,,,,,,,,,,,,,,,,g,,,,,,
all-over-butterfly-woman-pajama-set-copy-4,,,,,,,,,XL,,,pink,,,,,'10706928,500.0,shopify,94,deny,manual,2499.00,,true,false,,,,,'10706928,,,,,,,,,,,,,,,,,,,,,,,,,,,,,,,,,,,,,,,,,,,,,,,,g,,,,,,
all-over-butterfly-woman-pajama-set-copy-4,,,,,,,,,XL,,,black,,,,,'10719282,500.0,shopify,100,deny,manual,2499.00,,true,false,,,,,'10719282,,,,,,,,,,,,,,,,,,,,,,,,,,,,,,,,,,,,,,,,,,,,,,,,g,,,,,,
all-over-butterfly-woman-pajama-set-copy-4,,,,,,,,,XL,,,cream,,,,,'10759123,500.0,shopify,123,deny,manual,2499.00,,true,false,,,,,'10759123,,,,,,,,,,,,,,,,,,,,,,,,,,,,,,,,,,,,,,,,,,,,,,,,g,,,,,,
all-over-butterfly-woman-pajama-set-copy-3,Polka Dot Butterfly Pajama Set - Purple,"<h4>Polka Dot Butterfly Pajama Set - Purple</h4>
<p>Relax in comfort and style with the Polka Dot Butterfly Pajama Set - Purple. Featuring a charming butterfly print top paired with matching purple polka dot pajamas, this cozy nightwear set is perfect for lounging, sleeping, and relaxing at home.</p>
<p>Crafted from soft, breathable fabric, this pajama set offers a lightweight feel and a comfortable fit for everyday wear. The playful butterfly design and classic polka dot pattern create a cute and stylish look you'll love wearing all year round.</p>
<p>✨ Features:<br>• Soft &amp; breathable fabric<br>• Beautiful butterfly graphic print<br>• Stylish purple polka dot pajama bottoms<br>• Comfortable round-neck T-shirt<br>• Relaxed fit for easy movement<br>• Lightweight and skin-friendly<br>• Perfect for sleeping, lounging, and home wear</p>
<p>Color: Purple<br>Style: 2-Piece Pajama Set<br>Fit: Regular Fit<br>Season: All Seasons</p>
<p>Enjoy cozy nights and relaxed mornings with the Polka Dot Butterfly Pajama Set - Purple.<br></p>",BBG FASHION,Apparel & Accessories > Clothing > Sleepwear & Loungewear,Pajama Set,casual wear twinset,true,Size,medium,product.metafields.shopify.size,,,,,,,'10714887,500.0,shopify,98,deny,manual,1499.00,,true,false,,,,,'10714887,https://cdn.shopify.com/s/files/1/0618/2368/0740/files/1_3_4438c17a-bd2c-4902-a170-6db98f81b429.webp?v=1780577414,1,"",false,,"Shop the Polka Dot Butterfly Pajama Set - Purple. Soft, breathable women's nightwear featuring a butterfly print top and stylish polka dot pajamas for all-day comfort and relaxation.
",,,,,,,,,,,,,'1,,,,,,,,,,,,,,,,,,medium; large; xl,,,,,,,,,,,g,,,true,,,active
all-over-butterfly-woman-pajama-set-copy-3,,,,,,,,,large,,,,,,,,'10714888,500.0,shopify,99,deny,manual,1499.00,,true,false,,,,,'10714888,https://cdn.shopify.com/s/files/1/0618/2368/0740/files/1_1_358bfd13-ad69-4739-9315-3b155a89103b.webp?v=1780577414,2,"",,,,,,,,,,,,,,,,,,,,,,,,,,,,,,,,,,,,,,,,,,,,,g,,,,,,
all-over-butterfly-woman-pajama-set-copy-3,,,,,,,,,xl,,,,,,,,'10706927,500.0,shopify,99,deny,manual,1499.00,,true,false,,,,,'10706927,https://cdn.shopify.com/s/files/1/0618/2368/0740/files/1_2_03855ebd-51a4-4f0a-8f90-7ce272cc9e44.webp?v=1780577414,3,"",,,,,,,,,,,,,,,,,,,,,,,,,,,,,,,,,,,,,,,,,,,,,g,,,,,,
all-over-butterfly-woman-pajama-set-copy-3,,,,,,,,,,,,,,,,,,,,,,,,,,,,,,,,https://cdn.shopify.com/s/files/1/0618/2368/0740/files/Screenshot_2026-02-03_155735_540x_360x_8102774f-0324-4033-9856-ab6c7e358cf3.webp?v=1780577414,4,"",,,,,,,,,,,,,,,,,,,,,,,,,,,,,,,,,,,,,,,,,,,,,,,,,,,
all-over-butterfly-woman-pajama-set-copy-2,Purple Love Sleep Printed Nightdress,"<h4>Purple Love Sleep Printed Nightdress</h4>
<ul class="""">
<li class="""">Night Suits for Women very attractive and trendy design</li>
<li class="""">Blended Cotton jersey stuff which will provide you most comfort zone at night</li>
<li class="""">washable Stuff but suitable for hand wash for long lasting of the night wear</li>
<li class="""">Not Suitable For Machine wash as this will reduce the durably of the night wear</li>
<li class="""">Export quality fabric use in the production of night suit</li>
<li class="""">Mostly suitable for wearing in summers</li>
<li class="""">premium and highly professional print work done on the night wear</li>
<li class="""">Round neck style night wear</li>
<li class="""">Long sleeves with round cuff</li>
<li class="""">Loose fitting trouser with extra stretchable material which will relax you more after wearing</li>
<li class="""">Trouser has no pockets</li>
<li class="""">Maximum durably of night wear is 7 months ( if you wash daily basis)</li>
<li class="""">Good Quality Elastic in trouser with maximum stretch</li>
<li class="""">Best Quality of stitching</li>
</ul>",BBG FASHION,Apparel & Accessories > Clothing > Sleepwear & Loungewear,Pajama Set,"casual wear twinset, NEW ARRIVAL, woo",false,Size,Medium,,Material,Soft Jersey,,,,,'10714885,500.0,shopify,8,deny,manual,1299.00,,true,false,,,,,'10714885,https://cdn.shopify.com/s/files/1/0618/2368/0740/files/WhatsApp_Image_2024-10-26_at_11.11.59_AM.jpg?v=1730280310,1,All Over Butterfly Woman Pajama Set Copy 2 - front view - unisex wear Pakistan,false,,Sleepy Girl Woman Pajama Set Ladies Sleep Dress Night Wear With Shirt And Trouser for Women very attractive and trendy design Blended Cotton jersey stuff which will provide you most comfort zone at night. Washable Sleep wear Stuff for long lasting Night wear available at www.bbgfashion.pk,,,,,,,,,,,,,,,,,,,,,,,,,,,,,,,,,,,,,,,,,https://cdn.shopify.com/s/files/1/0618/2368/0740/files/WhatsApp_Image_2024-10-26_at_11.11.59_AM.jpg?v=1730280310,g,,,true,,,draft
all-over-butterfly-woman-pajama-set-copy-2,,,,,,,,,Large,,,Soft Jersey,,,,,'10714886,500.0,shopify,14,deny,manual,1299.00,,true,false,,,,,'10714886,https://cdn.shopify.com/s/files/1/0618/2368/0740/products/Sizechart_845627d6-01fe-4306-9c59-97ce8268bd09.webp?v=1770983778,2,Yellow Heart Woman Pajama Set Copy size chart - measurements guide,,,,,,,,,,,,,,,,,,,,,,,,,,,,,,,,,,,,,,,,,,,,https://cdn.shopify.com/s/files/1/0618/2368/0740/files/WhatsApp_Image_2024-10-26_at_11.11.59_AM.jpg?v=1730280310,g,,,,,,
all-over-butterfly-woman-pajama-set-copy-2,,,,,,,,,XL,,,Soft Jersey,,,,,'10706926,500.0,shopify,25,deny,manual,1299.00,,true,false,,,,,'10706926,,,,,,,,,,,,,,,,,,,,,,,,,,,,,,,,,,,,,,,,,,,,,,,https://cdn.shopify.com/s/files/1/0618/2368/0740/files/WhatsApp_Image_2024-10-26_at_11.11.59_AM.jpg?v=1730280310,g,,,,,,
grey-heart-print-pajama-set-soft-lounge-sleepwear,Grey Double Heart Pajama Set,"<h4>Grey Double Heart Pajama Set </h4>
<p data-start=""186"" data-end=""441"">Stay effortlessly stylish and comfortable with this<span> <strong>Grey Double Heart Pajama Set</strong></span>. Designed for modern lounging, this set features a soft grey tee with a minimal dual-heart graphic paired with matching pajama bottoms detailed with subtle heart prints.</p>
<p data-start=""443"" data-end=""719"">Made from lightweight, breathable fabric, it offers all-day comfort whether you're relaxing at home or getting a good night’s sleep. The relaxed fit and stretchable feel make it perfect for everyday wear, while the monochrome heart design adds a touch of elegance and charm.</p>
<p data-start=""721"" data-end=""740""><strong data-start=""721"" data-end=""738"">Key Features:</strong></p>
<ul data-start=""741"" data-end=""937"">
<li data-section-id=""3pudom"" data-start=""741"" data-end=""784"">
<p data-start=""743"" data-end=""784"">Soft, breathable &amp; skin-friendly fabric</p>
</li>
<li data-section-id=""v1l3qp"" data-start=""785"" data-end=""815"">
<p data-start=""787"" data-end=""815"">Elegant heart print design</p>
</li>
<li data-section-id=""f46jwt"" data-start=""816"" data-end=""851"">
<p data-start=""818"" data-end=""851"">Relaxed fit for maximum comfort</p>
</li>
<li data-section-id=""1nduxfs"" data-start=""852"" data-end=""893"">
<p data-start=""854"" data-end=""893"">Ideal for sleepwear &amp; casual lounging</p>
</li>
<li data-section-id=""9pkecn"" data-start=""894"" data-end=""937"">
<p data-start=""896"" data-end=""937"">Durable stitching for long-lasting wear</p>
</li>
</ul>",BBG FASHION,Apparel & Accessories > Clothing > Sleepwear & Loungewear,Pajama Set,casual wear twinset,true,Size,medium,product.metafields.shopify.size,,,,,,,'10714883,500.0,shopify,123,deny,manual,1499.00,,true,false,,,,,'10714883,https://cdn.shopify.com/s/files/1/0618/2368/0740/files/4_a64eef82-e8a0-4a6d-8bd3-c0f999aa9771.png?v=1776928063,1,"",false,,"Shop the Grey Heart Print Pajama Set – soft, breathable nightwear with a stylish heart design. Perfect for comfortable sleep and everyday lounging.",,,,,,,,,,,,,'1,,,,,,,,,,,,,,,,,,medium; large; xl,,,,,,,,,,,g,,,true,,,active
grey-heart-print-pajama-set-soft-lounge-sleepwear,,,,,,,,,large,,,,,,,,'10714884,500.0,shopify,123,deny,manual,1499.00,,true,false,,,,,'10714884,https://cdn.shopify.com/s/files/1/0618/2368/0740/files/3_87e2ffa1-971a-40fa-b392-b3fa3beb4ab0.png?v=1776928063,2,"",,,,,,,,,,,,,,,,,,,,,,,,,,,,,,,,,,,,,,,,,,,,,g,,,,,,
grey-heart-print-pajama-set-soft-lounge-sleepwear,,,,,,,,,xl,,,,,,,,'10706925,500.0,shopify,123,deny,manual,1499.00,,true,false,,,,,'10706925,https://cdn.shopify.com/s/files/1/0618/2368/0740/files/1_c0fca0fc-4c84-40ab-90f5-cec57aa22c6f.png?v=1776928064,3,"",,,,,,,,,,,,,,,,,,,,,,,,,,,,,,,,,,,,,,,,,,,,,g,,,,,,
grey-heart-print-pajama-set-soft-lounge-sleepwear,,,,,,,,,,,,,,,,,,,,,,,,,,,,,,,,https://cdn.shopify.com/s/files/1/0618/2368/0740/files/2_0b525c86-369a-4dda-b4f3-1597af1a646c.png?v=1776928063,4,"",,,,,,,,,,,,,,,,,,,,,,,,,,,,,,,,,,,,,,,,,,,,,,,,,,,
grey-heart-print-pajama-set-soft-lounge-sleepwear,,,,,,,,,,,,,,,,,,,,,,,,,,,,,,,,https://cdn.shopify.com/s/files/1/0618/2368/0740/files/5_d798be2d-66f8-42c0-a1bc-f977725630e5.png?v=1776928063,5,"",,,,,,,,,,,,,,,,,,,,,,,,,,,,,,,,,,,,,,,,,,,,,,,,,,,
grey-heart-print-pajama-set-soft-lounge-sleepwear,,,,,,,,,,,,,,,,,,,,,,,,,,,,,,,,https://cdn.shopify.com/s/files/1/0618/2368/0740/products/Sizechart_845627d6-01fe-4306-9c59-97ce8268bd09.webp?v=1770983778,6,Yellow Heart Woman Pajama Set Copy size chart - measurements guide,,,,,,,,,,,,,,,,,,,,,,,,,,,,,,,,,,,,,,,,,,,,,,,,,,,
all-over-butterfly-woman-pajama-set-copy,Light Blue And White PJ Nightsuit,"<h4>Light Blue And White PJ Nightsuit</h4>
<ul class="""">
<li class="""">Night Suits for Women very attractive and trendy design</li>
<li class="""">Blended Cotton jersey stuff which will provide you most comfort zone at night</li>
<li class="""">washable Stuff but suitable for hand wash for long lasting of the night wear</li>
<li class="""">Not Suitable For Machine wash as this will reduce the durably of the night wear</li>
<li class="""">Export quality fabric use in the production of night suit</li>
<li class="""">Mostly suitable for wearing in summers</li>
<li class="""">premium and highly professional print work done on the night wear</li>
<li class="""">Round neck style night wear</li>
<li class="""">Long sleeves with round cuff</li>
<li class="""">Loose fitting trouser with extra stretchable material which will relax you more after wearing</li>
<li class="""">Trouser has no pockets</li>
<li class="""">Maximum durably of night wear is 7 months ( if you wash daily basis)</li>
<li class="""">Good Quality Elastic in trouser with maximum stretch</li>
<li class="""">Best Quality of stitching</li>
</ul>",BBG FASHION,Apparel & Accessories > Clothing > Sleepwear & Loungewear,Pajama Set,"casual wear twinset, NEW ARRIVAL, woo",false,Size,Medium,,Material,Soft Jersey,,,,,'10714881,500.0,shopify,4,deny,manual,1299.00,,true,false,,,,,'10714881,https://cdn.shopify.com/s/files/1/0618/2368/0740/files/WhatsApp_Image_2024-10-26_at_11.11.58_AM.jpg?v=1730279857,1,All Over Butterfly Woman Pajama Set Copy - front view - unisex wear Pakistan,false,,Sleepy Girl Woman Pajama Set Ladies Sleep Dress Night Wear With Shirt And Trouser for Women very attractive and trendy design Blended Cotton jersey stuff which will provide you most comfort zone at night. Washable Sleep wear Stuff for long lasting Night wear available at www.bbgfashion.pk,,,,,,,,,,,,,,,,,,,,,,,,,,,,,,,,,,,,,,,,,https://cdn.shopify.com/s/files/1/0618/2368/0740/files/WhatsApp_Image_2024-10-26_at_11.11.58_AM.jpg?v=1730279857,g,,,true,,,draft
all-over-butterfly-woman-pajama-set-copy,,,,,,,,,Large,,,Soft Jersey,,,,,'10714882,500.0,shopify,15,deny,manual,1299.00,,true,false,,,,,'10714882,https://cdn.shopify.com/s/files/1/0618/2368/0740/products/Sizechart_845627d6-01fe-4306-9c59-97ce8268bd09.webp?v=1770983778,2,Yellow Heart Woman Pajama Set Copy size chart - measurements guide,,,,,,,,,,,,,,,,,,,,,,,,,,,,,,,,,,,,,,,,,,,,https://cdn.shopify.com/s/files/1/0618/2368/0740/files/WhatsApp_Image_2024-10-26_at_11.11.58_AM.jpg?v=1730279857,g,,,,,,
all-over-butterfly-woman-pajama-set-copy,,,,,,,,,XL,,,Soft Jersey,,,,,'10706924,500.0,shopify,18,deny,manual,1299.00,,true,false,,,,,'10706924,,,,,,,,,,,,,,,,,,,,,,,,,,,,,,,,,,,,,,,,,,,,,,,https://cdn.shopify.com/s/files/1/0618/2368/0740/files/WhatsApp_Image_2024-10-26_at_11.11.58_AM.jpg?v=1730279857,g,,,,,,
black-thankyou-women-printed-pj-suit-1,Black Thankyou Women Printed PJ Suit,"<h4>Black Thankyou Women Printed PJ Suit</h4>
<ul class="""">
<li class="""">Night Suits for Women very attractive and trendy design</li>
<li class="""">Blended Cotton jersey stuff which will provide you most comfort zone at night</li>
<li class="""">washable Stuff but suitable for hand wash for long lasting of the night wear</li>
<li class="""">Not Suitable For Machine wash as this will reduce the durably of the night wear</li>
<li class="""">Export quality fabric use in the production of night suit</li>
<li class="""">Mostly suitable for wearing in summers</li>
<li class="""">premium and highly professional print work done on the night wear</li>
<li class="""">Round neck style night wear</li>
<li class="""">Long sleeves with round cuff</li>
<li class="""">Loose fitting trouser with extra stretchable material which will relax you more after wearing</li>
<li class="""">Trouser has no pockets</li>
<li class="""">Maximum durably of night wear is 7 months ( if you wash daily basis)</li>
<li class="""">Good Quality Elastic in trouser with maximum stretch</li>
<li class="""">Best Quality of stitching</li>
</ul>",BBG FASHION,Apparel & Accessories > Clothing > Sleepwear & Loungewear,Pajama Set,"casual wear twinset, NEW ARRIVAL, woo",false,Size,Medium,,Material,Soft Jersey,,,,,'10714879,500.0,shopify,8,deny,manual,1299.00,,true,false,,,,,'10714879,https://cdn.shopify.com/s/files/1/0618/2368/0740/files/WhatsApp_Image_2024-10-30_at_2.10.25_PM.jpg?v=1730279589,1,Black Thankyou Women Printed Pj Suit 1 - front view - women's wear Pakistan,false,,Sleepy Girl Woman Pajama Set Ladies Sleep Dress Night Wear With Shirt And Trouser for Women very attractive and trendy design Blended Cotton jersey stuff which will provide you most comfort zone at night. Washable Sleep wear Stuff for long lasting Night wear available at www.bbgfashion.pk,,,,,,,,,,,,,,,,,,,,,,,,,,,,,,,,,,,,,,,,,https://cdn.shopify.com/s/files/1/0618/2368/0740/files/WhatsApp_Image_2024-10-30_at_2.10.25_PM.jpg?v=1730279589,g,,,true,,,draft
black-thankyou-women-printed-pj-suit-1,,,,,,,,,Large,,,Soft Jersey,,,,,'10714880,500.0,shopify,18,deny,manual,1299.00,,true,false,,,,,'10714880,https://cdn.shopify.com/s/files/1/0618/2368/0740/products/Sizechart_845627d6-01fe-4306-9c59-97ce8268bd09.webp?v=1770983778,2,Yellow Heart Woman Pajama Set Copy size chart - measurements guide,,,,,,,,,,,,,,,,,,,,,,,,,,,,,,,,,,,,,,,,,,,,https://cdn.shopify.com/s/files/1/0618/2368/0740/files/WhatsApp_Image_2024-10-30_at_2.10.25_PM.jpg?v=1730279589,g,,,,,,
black-thankyou-women-printed-pj-suit-1,,,,,,,,,XL,,,Soft Jersey,,,,,'10706923,500.0,shopify,25,deny,manual,1299.00,,true,false,,,,,'10706923,,,,,,,,,,,,,,,,,,,,,,,,,,,,,,,,,,,,,,,,,,,,,,,https://cdn.shopify.com/s/files/1/0618/2368/0740/files/WhatsApp_Image_2024-10-30_at_2.10.25_PM.jpg?v=1730279589,g,,,,,,
black-stripe-kids-tracksuit-copy,Multicolor Kids Zipper Tracksuit,"<h4>Multicolor Kids Zipper Trackssuit</h4>
<p>Get your little ones ready for winter with our Multicolor Kids Zipper Tracksuit! Made from premium fleece, this tracksuit is perfect for staying warm and stylish. With a variety of colors to choose from, your kids will love this comfy and fun addition to their wardrobe. (Perfect for the cold and fashion-forward!)</p>
<p> </p>",BBG FASHION,Apparel & Accessories > Clothing,Kids Jacket,Kids Winter Collection,false,Size,1 -2 Years,,,,,,,,'10714875,500.0,shopify,97,deny,manual,1699.00,0.00,true,false,,,,,'10714875,https://cdn.shopify.com/s/files/1/0618/2368/0740/files/Kids_Printed_Zipper_Black_Trouser.png?v=1730122705,1,Black Stripe Kids Tracksuit Copy - front view - kids wear Pakistan,false,,Kidswear pair of Upper & Trouser. Fabric: Fleece with Full Sleeve T-Shirt with Round Neck and Contrast Trouser Printed Cartoon Children's Clothing comfortable to wear and Easy Wash. Available Kids collection wear size 1 - 10 Years with fresh fashions and Funny designs at www.bbgfashion.pk,,,,,,,,,,,,,,,,,,,,,,,,,,,,,,,,,,,,,,,,,https://cdn.shopify.com/s/files/1/0618/2368/0740/files/Kids_Printed_Zipper_Black_Trouser.png?v=1730122705,kg,,,true,,,draft
black-stripe-kids-tracksuit-copy,,,,,,,,,3 - 4 Years,,,,,,,,'10714876,500.0,shopify,99,deny,manual,1699.00,0.00,true,false,,,,,'10714876,https://cdn.shopify.com/s/files/1/0618/2368/0740/products/WhatsAppImage2022-06-06at1.24.37PM_78a32528-0ec4-4410-898c-1b8208c4d973.jpg?v=1776419495,2,Black Stripe Kids Tracksuit Copy - back view - kids wear Pakistan,,,,,,,,,,,,,,,,,,,,,,,,,,,,,,,,,,,,,,,,,,,,https://cdn.shopify.com/s/files/1/0618/2368/0740/files/Kids_Printed_Zipper_Black_Trouser.png?v=1730122705,kg,,,,,,
black-stripe-kids-tracksuit-copy,,,,,,,,,5 - 6 Years,,,,,,,,'10714877,500.0,shopify,95,deny,manual,1699.00,0.00,true,false,,,,,'10714877,,,,,,,,,,,,,,,,,,,,,,,,,,,,,,,,,,,,,,,,,,,,,,,https://cdn.shopify.com/s/files/1/0618/2368/0740/files/Kids_Printed_Zipper_Black_Trouser.png?v=1730122705,kg,,,,,,
black-stripe-kids-tracksuit-copy,,,,,,,,,7 - 8 Years,,,,,,,,'10714878,500.0,shopify,95,deny,manual,1799.00,0.00,true,false,,,,,'10714878,,,,,,,,,,,,,,,,,,,,,,,,,,,,,,,,,,,,,,,,,,,,,,,https://cdn.shopify.com/s/files/1/0618/2368/0740/files/Kids_Printed_Zipper_Black_Trouser.png?v=1730122705,kg,,,,,,
black-stripe-kids-tracksuit-copy,,,,,,,,,9 - 10 Years,,,,,,,,'10706922,500.0,shopify,96,deny,manual,1799.00,0.00,true,false,,,,,'10706922,,,,,,,,,,,,,,,,,,,,,,,,,,,,,,,,,,,,,,,,,,,,,,,https://cdn.shopify.com/s/files/1/0618/2368/0740/files/Kids_Printed_Zipper_Black_Trouser.png?v=1730122705,kg,,,,,,
vegabond-hoodie,VAGABOND Hoodie,"<h4>VAGABOND HOODIE</h4>
<p>Stay warm and stylish with our VAGABOND Hoodie! Inspired by the beloved manga series, this comfy hoodie is perfect for any fan. Show off your love for the wandering samurai with this quirky and playful addition to your wardrobe. (Plus, it's great for those chilly adventures!)</p>",BBG FASHION,Apparel & Accessories > Clothing > Outerwear > Coats & Jackets,Adult Hoodie,"wintercollection, woo",false,Size,Small,,Color,Black,,,,,'10714871,700.0,,0,deny,manual,1999.00,0.00,true,false,,,,,'10714871,https://cdn.shopify.com/s/files/1/0618/2368/0740/files/4D4F2A_2.png?v=1730124146,1,Vegabond Hoodie - front view - unisex wear Pakistan,false,,"Look no further for the perfect casual hoodie – Colorful Standard’s take on the modern classic is thoughtfully crafted for the best fit in soft organic cotton.
",,,,,,,,,,,,,,,,,,,,,,,,,,,,,,,,,,,,,,,,,,g,,0.00,true,,,draft
vegabond-hoodie,,,,,,,,,Medium,,,Black,,,,,'10714872,700.0,,0,deny,manual,1999.00,0.00,true,false,,,,,'10714872,https://cdn.shopify.com/s/files/1/0618/2368/0740/files/4_f86be064-8579-4453-894d-65a2d62dd8ea.png?v=1730058553,2,Vegabond Hoodie - back view - unisex wear Pakistan,,,,,,,,,,,,,,,,,,,,,,,,,,,,,,,,,,,,,,,,,,,,,g,,0.00,,,,
vegabond-hoodie,,,,,,,,,Large,,,Black,,,,,'10714873,700.0,,0,deny,manual,2099.00,0.00,true,false,,,,,'10714873,https://cdn.shopify.com/s/files/1/0618/2368/0740/files/hoodiesizechart_76271f9e-505e-44cc-9b6e-9cf17462b01d.webp?v=1704116913,3,Vegabond Hoodie size chart - measurements guide,,,,,,,,,,,,,,,,,,,,,,,,,,,,,,,,,,,,,,,,,,,,,g,,0.00,,,,
vegabond-hoodie,,,,,,,,,XL,,,Black,,,,,'10714874,700.0,,-1,deny,manual,2199.00,0.00,true,false,,,,,'10714874,,,,,,,,,,,,,,,,,,,,,,,,,,,,,,,,,,,,,,,,,,,,,,,,g,,0.00,,,,
vegabond-hoodie,,,,,,,,,XXL,,,Black,,,,,'10706921,700.0,,0,deny,manual,2299.00,0.00,true,false,,,,,'10706921,,,,,,,,,,,,,,,,,,,,,,,,,,,,,,,,,,,,,,,,,,,,,,,,g,,0.00,,,,
luffy-gear5-hoodie,LUFFY GEAR5 Hoodie,"<h4>LUFFY GEAR5 Hoodie</h4>
<p>Transform into the powerful Luffy Gear 5 form with this One Piece anime hoodie! Featuring bold artwork of the iconic transformation, this hoodie is perfect for any fan looking to show their love for the series. Stay warm and stylish with this must-have addition to your anime wardrobe.</p>
<p>.</p>",BBG FASHION,Apparel & Accessories > Clothing > Outerwear > Coats & Jackets,Adult Hoodie,"Coats and Hoodies, wintercollection, woo",false,Size,Small,,Color,Black,,,,,'10714867,700.0,,0,deny,manual,1999.00,0.00,true,false,,,,,'10714867,https://cdn.shopify.com/s/files/1/0618/2368/0740/files/17_4ca5b146-f9e9-4371-bdd8-8c7d7112460a.png?v=1730055964,1,Luffy Gear5 Hoodie - front view - unisex wear Pakistan,false,,"Look no further for the perfect casual hoodie – Colorful Standard’s take on the modern classic is thoughtfully crafted for the best fit in soft organic cotton.
",,,,,,,,,,,,,,,,,,,,,,,,,,,,,,,,,,,,,,,,,https://cdn.shopify.com/s/files/1/0618/2368/0740/files/17_4ca5b146-f9e9-4371-bdd8-8c7d7112460a.png?v=1730055964,g,,0.00,true,,,draft
luffy-gear5-hoodie,,,,,,,,,Medium,,,Black,,,,,'10714868,700.0,,-5,deny,manual,1999.00,0.00,true,false,,,,,'10714868,https://cdn.shopify.com/s/files/1/0618/2368/0740/files/4_b2a450f0-4a05-4ca6-8832-0ac8f758bf34.png?v=1730055964,2,Luffy Gear5 Hoodie - back view - unisex wear Pakistan,,,,,,,,,,,,,,,,,,,,,,,,,,,,,,,,,,,,,,,,,,,,https://cdn.shopify.com/s/files/1/0618/2368/0740/files/17_4ca5b146-f9e9-4371-bdd8-8c7d7112460a.png?v=1730055964,g,,0.00,,,,
luffy-gear5-hoodie,,,,,,,,,Large,,,Black,,,,,'10714869,700.0,,-2,deny,manual,2099.00,0.00,true,false,,,,,'10714869,https://cdn.shopify.com/s/files/1/0618/2368/0740/files/hoodiesizechart_76271f9e-505e-44cc-9b6e-9cf17462b01d.webp?v=1704116913,3,Vegabond Hoodie size chart - measurements guide,,,,,,,,,,,,,,,,,,,,,,,,,,,,,,,,,,,,,,,,,,,,https://cdn.shopify.com/s/files/1/0618/2368/0740/files/17_4ca5b146-f9e9-4371-bdd8-8c7d7112460a.png?v=1730055964,g,,0.00,,,,
luffy-gear5-hoodie,,,,,,,,,XL,,,Black,,,,,'10714870,700.0,,-4,deny,manual,2199.00,0.00,true,false,,,,,'10714870,,,,,,,,,,,,,,,,,,,,,,,,,,,,,,,,,,,,,,,,,,,,,,,https://cdn.shopify.com/s/files/1/0618/2368/0740/files/17_4ca5b146-f9e9-4371-bdd8-8c7d7112460a.png?v=1730055964,g,,0.00,,,,
luffy-gear5-hoodie,,,,,,,,,XXL,,,Black,,,,,'10706920,700.0,,-3,deny,manual,2299.00,0.00,true,false,,,,,'10706920,,,,,,,,,,,,,,,,,,,,,,,,,,,,,,,,,,,,,,,,,,,,,,,https://cdn.shopify.com/s/files/1/0618/2368/0740/files/17_4ca5b146-f9e9-4371-bdd8-8c7d7112460a.png?v=1730055964,g,,0.00,,,,
angel-mickey-printed-sweatshirt-set,ANGEL MICKEY PRINTED SWEATSHIRT SET,"<h4>ANGEL MICKEY Printed Kids Sweatshirt &amp; Pants</h4>
<p>This Kids Sweatshirt &amp; Pant is perfect for your little one's winter wardrobe! Crafted from breathable knitted Fleece Fabric, this two-piece set features a ""<b> ANGEL MICKEY </b>"" print on the front of the sweatshirt, and the trousers feature a print on the left leg. Soft and stretchy, this outfit is perfect for everyday wear, keeping your little one warm and comfortable all winter long.</p>
<h4><br></h4>",BBG FASHION CLOTHING STORE,Apparel & Accessories > Clothing > Baby & Toddler Clothing,Kids Sweatshirt & Pant,"Kids Winter Collection, kidssweatshirtandpant",false,Size,3 - 4 Years,,Color,white,product.metafields.shopify.color-pattern,,,,'10714838,500.0,,-2,deny,manual,1399.00,,true,true,,,,,'10714838,https://cdn.shopify.com/s/files/1/0618/2368/0740/files/BBG_White_Sweatshirt_Pant_28400ff3-b906-4b25-a2a1-6f9f6e35766e.png?v=1729866708,1,Angel Mickey Printed Sweatshirt Set - front view - unisex wear Pakistan,false,,,,,,,,,,,,,,,,,,,,,,,white; navy; red; yellow; silver; orange,,,,,,,,,,,,,,,,,,,,https://cdn.shopify.com/s/files/1/0618/2368/0740/files/BBG_White_Sweatshirt_Pant_28400ff3-b906-4b25-a2a1-6f9f6e35766e.png?v=1729866708,g,,,true,,,draft
angel-mickey-printed-sweatshirt-set,,,,,,,,,3 - 4 Years,,,navy,,,,,'10714839,500.0,,0,deny,manual,1399.00,,true,true,,,,,'10714839,https://cdn.shopify.com/s/files/1/0618/2368/0740/files/BBG_Blue_Lion_Sweatshirt_Pant_9aaef302-e808-48f0-aaab-6f61661883dd.png?v=1729866727,2,Angel Mickey Printed Sweatshirt Set - back view - unisex wear Pakistan,,,,,,,,,,,,,,,,,,,,,,,,,,,,,,,,,,,,,,,,,,,,https://cdn.shopify.com/s/files/1/0618/2368/0740/files/BBG_Blue_Lion_Sweatshirt_Pant_9aaef302-e808-48f0-aaab-6f61661883dd.png?v=1729866727,g,,,,,,
angel-mickey-printed-sweatshirt-set,,,,,,,,,3 - 4 Years,,,red,,,,,'10714840,500.0,,-2,deny,manual,1399.00,,true,true,,,,,'10714840,https://cdn.shopify.com/s/files/1/0618/2368/0740/files/BBG_Red_Lion_Sweatshirt_Pant_da385bb3-5d0f-48d9-ac36-75205c992a2b.png?v=1729866742,3,Angel Mickey Printed Sweatshirt Set - side view - unisex wear Pakistan,,,,,,,,,,,,,,,,,,,,,,,,,,,,,,,,,,,,,,,,,,,,https://cdn.shopify.com/s/files/1/0618/2368/0740/files/BBG_Red_Lion_Sweatshirt_Pant_da385bb3-5d0f-48d9-ac36-75205c992a2b.png?v=1729866742,g,,,,,,
angel-mickey-printed-sweatshirt-set,,,,,,,,,3 - 4 Years,,,yellow,,,,,'10714841,500.0,,-1,deny,manual,1399.00,,true,true,,,,,'10714841,https://cdn.shopify.com/s/files/1/0618/2368/0740/files/Yellow_lion_Sweatshirt_PantKids_Silk_Pajamas_Set_fa952b99-ce15-4cac-960d-d92f76361481.png?v=1729866757,4,Angel Mickey Printed Sweatshirt Set - detail shot - unisex wear Pakistan,,,,,,,,,,,,,,,,,,,,,,,,,,,,,,,,,,,,,,,,,,,,https://cdn.shopify.com/s/files/1/0618/2368/0740/files/Yellow_lion_Sweatshirt_PantKids_Silk_Pajamas_Set_fa952b99-ce15-4cac-960d-d92f76361481.png?v=1729866757,g,,,,,,
angel-mickey-printed-sweatshirt-set,,,,,,,,,3 - 4 Years,,,silver,,,,,'10714842,500.0,,0,deny,manual,1399.00,,true,true,,,,,'10714842,https://cdn.shopify.com/s/files/1/0618/2368/0740/files/BBG_Grey_Lion_Sweatshirt_Pant_add8edfa-3f2d-4f33-a542-fcb9d3d92b1b.png?v=1729866771,5,Angel Mickey Printed Sweatshirt Set - front view - unisex wear Pakistan,,,,,,,,,,,,,,,,,,,,,,,,,,,,,,,,,,,,,,,,,,,,https://cdn.shopify.com/s/files/1/0618/2368/0740/files/BBG_Grey_Lion_Sweatshirt_Pant_add8edfa-3f2d-4f33-a542-fcb9d3d92b1b.png?v=1729866771,g,,,,,,
angel-mickey-printed-sweatshirt-set,,,,,,,,,3 - 4 Years,,,orange,,,,,'10714843,500.0,,0,deny,manual,1399.00,,true,true,,,,,'10714843,https://cdn.shopify.com/s/files/1/0618/2368/0740/files/BBG_Orange_Lion_Sweatshirt_PantKids_Silk_Pajamas_Set_f509611b-3f9c-4c5d-818c-b11b651d9a6b.png?v=1729866786,6,Angel Mickey Printed Sweatshirt Set - back view - unisex wear Pakistan,,,,,,,,,,,,,,,,,,,,,,,,,,,,,,,,,,,,,,,,,,,,https://cdn.shopify.com/s/files/1/0618/2368/0740/files/BBG_Orange_Lion_Sweatshirt_PantKids_Silk_Pajamas_Set_f509611b-3f9c-4c5d-818c-b11b651d9a6b.png?v=1729866786,g,,,,,,
angel-mickey-printed-sweatshirt-set,,,,,,,,,5 - 6 Years,,,white,,,,,'10714844,500.0,,-1,deny,manual,1399.00,,true,true,,,,,'10714844,https://cdn.shopify.com/s/files/1/0618/2368/0740/files/kidssizechart_02fa9cf1-6924-4d86-8c13-35c6ba7eeeb5.webp?v=1776676217,7,Unicorn Printed Sweatshirt Set size chart - measurements guide,,,,,,,,,,,,,,,,,,,,,,,,,,,,,,,,,,,,,,,,,,,,https://cdn.shopify.com/s/files/1/0618/2368/0740/files/BBG_White_Sweatshirt_Pant_28400ff3-b906-4b25-a2a1-6f9f6e35766e.png?v=1729866708,g,,,,,,
angel-mickey-printed-sweatshirt-set,,,,,,,,,5 - 6 Years,,,navy,,,,,'10714845,500.0,,-1,deny,manual,1399.00,,true,true,,,,,'10714845,,,,,,,,,,,,,,,,,,,,,,,,,,,,,,,,,,,,,,,,,,,,,,,https://cdn.shopify.com/s/files/1/0618/2368/0740/files/BBG_Blue_Lion_Sweatshirt_Pant_9aaef302-e808-48f0-aaab-6f61661883dd.png?v=1729866727,g,,,,,,
angel-mickey-printed-sweatshirt-set,,,,,,,,,5 - 6 Years,,,red,,,,,'10714846,500.0,,0,deny,manual,1399.00,,true,true,,,,,'10714846,,,,,,,,,,,,,,,,,,,,,,,,,,,,,,,,,,,,,,,,,,,,,,,https://cdn.shopify.com/s/files/1/0618/2368/0740/files/BBG_Red_Lion_Sweatshirt_Pant_da385bb3-5d0f-48d9-ac36-75205c992a2b.png?v=1729866742,g,,,,,,
angel-mickey-printed-sweatshirt-set,,,,,,,,,5 - 6 Years,,,yellow,,,,,'10714847,500.0,,-2,deny,manual,1399.00,,true,true,,,,,'10714847,,,,,,,,,,,,,,,,,,,,,,,,,,,,,,,,,,,,,,,,,,,,,,,https://cdn.shopify.com/s/files/1/0618/2368/0740/files/Yellow_lion_Sweatshirt_PantKids_Silk_Pajamas_Set_fa952b99-ce15-4cac-960d-d92f76361481.png?v=1729866757,g,,,,,,
angel-mickey-printed-sweatshirt-set,,,,,,,,,5 - 6 Years,,,silver,,,,,'10714848,500.0,,-1,deny,manual,1399.00,,true,true,,,,,'10714848,,,,,,,,,,,,,,,,,,,,,,,,,,,,,,,,,,,,,,,,,,,,,,,https://cdn.shopify.com/s/files/1/0618/2368/0740/files/BBG_Grey_Lion_Sweatshirt_Pant_add8edfa-3f2d-4f33-a542-fcb9d3d92b1b.png?v=1729866771,g,,,,,,
angel-mickey-printed-sweatshirt-set,,,,,,,,,5 - 6 Years,,,orange,,,,,'10714849,500.0,,0,deny,manual,1399.00,,true,true,,,,,'10714849,,,,,,,,,,,,,,,,,,,,,,,,,,,,,,,,,,,,,,,,,,,,,,,https://cdn.shopify.com/s/files/1/0618/2368/0740/files/BBG_Orange_Lion_Sweatshirt_PantKids_Silk_Pajamas_Set_f509611b-3f9c-4c5d-818c-b11b651d9a6b.png?v=1729866786,g,,,,,,
angel-mickey-printed-sweatshirt-set,,,,,,,,,7 - 8 Years,,,white,,,,,'10714850,500.0,,-4,deny,manual,1499.00,,true,true,,,,,'10714850,,,,,,,,,,,,,,,,,,,,,,,,,,,,,,,,,,,,,,,,,,,,,,,https://cdn.shopify.com/s/files/1/0618/2368/0740/files/BBG_White_Sweatshirt_Pant_28400ff3-b906-4b25-a2a1-6f9f6e35766e.png?v=1729866708,g,,,,,,
angel-mickey-printed-sweatshirt-set,,,,,,,,,7 - 8 Years,,,navy,,,,,'10714851,500.0,,0,deny,manual,1499.00,,true,true,,,,,'10714851,,,,,,,,,,,,,,,,,,,,,,,,,,,,,,,,,,,,,,,,,,,,,,,https://cdn.shopify.com/s/files/1/0618/2368/0740/files/BBG_Blue_Lion_Sweatshirt_Pant_9aaef302-e808-48f0-aaab-6f61661883dd.png?v=1729866727,g,,,,,,
angel-mickey-printed-sweatshirt-set,,,,,,,,,7 - 8 Years,,,red,,,,,'10714852,500.0,,0,deny,manual,1499.00,,true,true,,,,,'10714852,,,,,,,,,,,,,,,,,,,,,,,,,,,,,,,,,,,,,,,,,,,,,,,https://cdn.shopify.com/s/files/1/0618/2368/0740/files/BBG_Red_Lion_Sweatshirt_Pant_da385bb3-5d0f-48d9-ac36-75205c992a2b.png?v=1729866742,g,,,,,,
angel-mickey-printed-sweatshirt-set,,,,,,,,,7 - 8 Years,,,yellow,,,,,'10714853,500.0,,-1,deny,manual,1499.00,,true,true,,,,,'10714853,,,,,,,,,,,,,,,,,,,,,,,,,,,,,,,,,,,,,,,,,,,,,,,https://cdn.shopify.com/s/files/1/0618/2368/0740/files/Yellow_lion_Sweatshirt_PantKids_Silk_Pajamas_Set_fa952b99-ce15-4cac-960d-d92f76361481.png?v=1729866757,g,,,,,,
angel-mickey-printed-sweatshirt-set,,,,,,,,,7 - 8 Years,,,silver,,,,,'10714854,500.0,,0,deny,manual,1499.00,,true,true,,,,,'10714854,,,,,,,,,,,,,,,,,,,,,,,,,,,,,,,,,,,,,,,,,,,,,,,https://cdn.shopify.com/s/files/1/0618/2368/0740/files/BBG_Grey_Lion_Sweatshirt_Pant_add8edfa-3f2d-4f33-a542-fcb9d3d92b1b.png?v=1729866771,g,,,,,,
angel-mickey-printed-sweatshirt-set,,,,,,,,,7 - 8 Years,,,orange,,,,,'10714855,500.0,,0,deny,manual,1499.00,,true,true,,,,,'10714855,,,,,,,,,,,,,,,,,,,,,,,,,,,,,,,,,,,,,,,,,,,,,,,https://cdn.shopify.com/s/files/1/0618/2368/0740/files/BBG_Orange_Lion_Sweatshirt_PantKids_Silk_Pajamas_Set_f509611b-3f9c-4c5d-818c-b11b651d9a6b.png?v=1729866786,g,,,,,,
angel-mickey-printed-sweatshirt-set,,,,,,,,,9 - 10 Years,,,white,,,,,'10714856,500.0,,0,deny,manual,1499.00,,true,true,,,,,'10714856,,,,,,,,,,,,,,,,,,,,,,,,,,,,,,,,,,,,,,,,,,,,,,,https://cdn.shopify.com/s/files/1/0618/2368/0740/files/BBG_White_Sweatshirt_Pant_28400ff3-b906-4b25-a2a1-6f9f6e35766e.png?v=1729866708,g,,,,,,
angel-mickey-printed-sweatshirt-set,,,,,,,,,9 - 10 Years,,,navy,,,,,'10714857,500.0,,0,deny,manual,1499.00,,true,true,,,,,'10714857,,,,,,,,,,,,,,,,,,,,,,,,,,,,,,,,,,,,,,,,,,,,,,,https://cdn.shopify.com/s/files/1/0618/2368/0740/files/BBG_Blue_Lion_Sweatshirt_Pant_9aaef302-e808-48f0-aaab-6f61661883dd.png?v=1729866727,g,,,,,,
angel-mickey-printed-sweatshirt-set,,,,,,,,,9 - 10 Years,,,red,,,,,'10714858,500.0,,0,deny,manual,1499.00,,true,true,,,,,'10714858,,,,,,,,,,,,,,,,,,,,,,,,,,,,,,,,,,,,,,,,,,,,,,,https://cdn.shopify.com/s/files/1/0618/2368/0740/files/BBG_Red_Lion_Sweatshirt_Pant_da385bb3-5d0f-48d9-ac36-75205c992a2b.png?v=1729866742,g,,,,,,
angel-mickey-printed-sweatshirt-set,,,,,,,,,9 - 10 Years,,,yellow,,,,,'10714859,500.0,,0,deny,manual,1499.00,,true,true,,,,,'10714859,,,,,,,,,,,,,,,,,,,,,,,,,,,,,,,,,,,,,,,,,,,,,,,https://cdn.shopify.com/s/files/1/0618/2368/0740/files/Yellow_lion_Sweatshirt_PantKids_Silk_Pajamas_Set_fa952b99-ce15-4cac-960d-d92f76361481.png?v=1729866757,g,,,,,,
angel-mickey-printed-sweatshirt-set,,,,,,,,,9 - 10 Years,,,silver,,,,,'10714860,500.0,,0,deny,manual,1499.00,,true,true,,,,,'10714860,,,,,,,,,,,,,,,,,,,,,,,,,,,,,,,,,,,,,,,,,,,,,,,https://cdn.shopify.com/s/files/1/0618/2368/0740/files/BBG_Grey_Lion_Sweatshirt_Pant_add8edfa-3f2d-4f33-a542-fcb9d3d92b1b.png?v=1729866771,g,,,,,,
angel-mickey-printed-sweatshirt-set,,,,,,,,,9 - 10 Years,,,orange,,,,,'10714861,500.0,,0,deny,manual,1499.00,,true,true,,,,,'10714861,,,,,,,,,,,,,,,,,,,,,,,,,,,,,,,,,,,,,,,,,,,,,,,https://cdn.shopify.com/s/files/1/0618/2368/0740/files/BBG_Orange_Lion_Sweatshirt_PantKids_Silk_Pajamas_Set_f509611b-3f9c-4c5d-818c-b11b651d9a6b.png?v=1729866786,g,,,,,,
angel-mickey-printed-sweatshirt-set,,,,,,,,,11 -12 Years,,,white,,,,,'10714862,500.0,,0,deny,manual,1599.00,,true,true,,,,,'10714862,,,,,,,,,,,,,,,,,,,,,,,,,,,,,,,,,,,,,,,,,,,,,,,https://cdn.shopify.com/s/files/1/0618/2368/0740/files/BBG_White_Sweatshirt_Pant_28400ff3-b906-4b25-a2a1-6f9f6e35766e.png?v=1729866708,g,,,,,,
angel-mickey-printed-sweatshirt-set,,,,,,,,,11 -12 Years,,,navy,,,,,'10714863,500.0,,-1,deny,manual,1599.00,,true,true,,,,,'10714863,,,,,,,,,,,,,,,,,,,,,,,,,,,,,,,,,,,,,,,,,,,,,,,https://cdn.shopify.com/s/files/1/0618/2368/0740/files/BBG_Blue_Lion_Sweatshirt_Pant_9aaef302-e808-48f0-aaab-6f61661883dd.png?v=1729866727,g,,,,,,
angel-mickey-printed-sweatshirt-set,,,,,,,,,11 -12 Years,,,red,,,,,'10714864,500.0,,0,deny,manual,1599.00,,true,true,,,,,'10714864,,,,,,,,,,,,,,,,,,,,,,,,,,,,,,,,,,,,,,,,,,,,,,,https://cdn.shopify.com/s/files/1/0618/2368/0740/files/BBG_Red_Lion_Sweatshirt_Pant_da385bb3-5d0f-48d9-ac36-75205c992a2b.png?v=1729866742,g,,,,,,
angel-mickey-printed-sweatshirt-set,,,,,,,,,11 -12 Years,,,yellow,,,,,'10714865,500.0,,0,deny,manual,1599.00,,true,true,,,,,'10714865,,,,,,,,,,,,,,,,,,,,,,,,,,,,,,,,,,,,,,,,,,,,,,,https://cdn.shopify.com/s/files/1/0618/2368/0740/files/Yellow_lion_Sweatshirt_PantKids_Silk_Pajamas_Set_fa952b99-ce15-4cac-960d-d92f76361481.png?v=1729866757,g,,,,,,
angel-mickey-printed-sweatshirt-set,,,,,,,,,11 -12 Years,,,silver,,,,,'10714866,500.0,,0,deny,manual,1599.00,,true,true,,,,,'10714866,,,,,,,,,,,,,,,,,,,,,,,,,,,,,,,,,,,,,,,,,,,,,,,https://cdn.shopify.com/s/files/1/0618/2368/0740/files/BBG_Grey_Lion_Sweatshirt_Pant_add8edfa-3f2d-4f33-a542-fcb9d3d92b1b.png?v=1729866771,g,,,,,,
angel-mickey-printed-sweatshirt-set,,,,,,,,,11 -12 Years,,,orange,,,,,'10706919,500.0,,-1,deny,manual,1599.00,,true,true,,,,,'10706919,,,,,,,,,,,,,,,,,,,,,,,,,,,,,,,,,,,,,,,,,,,,,,,https://cdn.shopify.com/s/files/1/0618/2368/0740/files/BBG_Orange_Lion_Sweatshirt_PantKids_Silk_Pajamas_Set_f509611b-3f9c-4c5d-818c-b11b651d9a6b.png?v=1729866786,g,,,,,,
pica-chu-printed-sweatshirt-set,Kids Winter Sweat Shirt Set | Pikachu Printed,"<h4><strong><span data-sheets-root=""1"">Kids Winter Sweat Shirt Set | Pikachu Printed<br><br></span></strong></h4>
<p data-start=""194"" data-end=""416"">Featuring a bright and playful Pikachu design, this outfit adds a cheerful and lively touch to everyday wear.</p>
<p data-start=""418"" data-end=""684"">Made from soft, premium fleece fabric, it keeps your little one warm and cozy during chilly days while remaining breathable and gentle on the skin. The sweatshirt pairs perfectly with matching trousers, creating a complete outfit that’s both comfortable and stylish.</p>
<p data-start=""686"" data-end=""816"">Perfect for school, playtime, or outings, this set delivers comfort, durability, and a fun character-inspired look kids will love.</p>
<p data-start=""818"" data-end=""837""><strong data-start=""818"" data-end=""837"">✨ Key Features:</strong></p>
<ul data-start=""838"" data-end=""1075"">
<li data-section-id=""cre33n"" data-start=""838"" data-end=""870"">Soft &amp; warm fleece fabric ❄️</li>
<li data-section-id=""17f14b7"" data-start=""871"" data-end=""901"">Cute Pikachu front print ⚡</li>
<li data-section-id=""iguxb9"" data-start=""902"" data-end=""929"">Bright &amp; playful design</li>
<li data-section-id=""1dd02rc"" data-start=""930"" data-end=""963"">Comfortable elastic waistband</li>
<li data-section-id=""1blepg9"" data-start=""964"" data-end=""995"">Ribbed cuffs for a snug fit</li>
<li data-section-id=""95i0z6"" data-start=""996"" data-end=""1035"">Skin-friendly &amp; breathable material</li>
<li data-section-id=""1wtwtt7"" data-start=""1036"" data-end=""1075"">Durable stitching for everyday wear</li>
</ul>
<h4><strong><span data-sheets-root=""1""><br></span></strong></h4>",BBG FASHION CLOTHING STORE,Apparel & Accessories > Clothing > Baby & Toddler Clothing,Kids Sweatshirt & Pant,"Kids Winter Collection, kidssweatshirtandpant",true,Size,1 - 2 Years,,Color,yellow-1,product.metafields.shopify.color-pattern,,,,'10742669,500.0,,0,deny,manual,1399.00,,true,true,,,,,'10742669,https://cdn.shopify.com/s/files/1/0618/2368/0740/files/Yellow_lion_Sweatshirt_PantKids_Silk_Pajamas_Set_ae8edf35-3b69-44ed-bb55-272715613c61.png?v=1776677386,1,Pica Chu Printed Sweatshirt Set - back view - unisex wear Pakistan,false,,"Shop Kids Winter Sweat Shirt Set with Pikachu print. Soft fleece, warm & comfortable outfit for kids. Perfect winter wear in Pakistan.",,,,,,,,,,,,,,,,,,,,,yellow-1; white; navy-1; red; silver; orange,,,,,,,,,,,,,,,,,,,,https://cdn.shopify.com/s/files/1/0618/2368/0740/files/Yellow_lion_Sweatshirt_PantKids_Silk_Pajamas_Set_ae8edf35-3b69-44ed-bb55-272715613c61.png?v=1776677386,g,,,true,,,active
pica-chu-printed-sweatshirt-set,,,,,,,,,1 - 2 Years,,,white,,,,,'10742670,500.0,,0,deny,manual,1399.00,,true,true,,,,,'10742670,https://cdn.shopify.com/s/files/1/0618/2368/0740/files/BBG_White_Sweatshirt_Pant_e8135e90-aca0-4d4d-8feb-ec87fda07341.png?v=1776677386,2,Pica Chu Printed Sweatshirt Set - front view - unisex wear Pakistan,,,,,,,,,,,,,,,,,,,,,,,,,,,,,,,,,,,,,,,,,,,,https://cdn.shopify.com/s/files/1/0618/2368/0740/files/BBG_White_Sweatshirt_Pant_e8135e90-aca0-4d4d-8feb-ec87fda07341.png?v=1776677386,g,,,,,,
pica-chu-printed-sweatshirt-set,,,,,,,,,1 - 2 Years,,,navy-1,,,,,'10742671,500.0,,0,deny,manual,1399.00,,true,true,,,,,'10742671,https://cdn.shopify.com/s/files/1/0618/2368/0740/files/BBG_Red_Lion_Sweatshirt_Pant_2ed79259-e03a-4813-b070-0f95aa68a415.png?v=1729859526,3,Pica Chu Printed Sweatshirt Set - side view - unisex wear Pakistan,,,,,,,,,,,,,,,,,,,,,,,,,,,,,,,,,,,,,,,,,,,,https://cdn.shopify.com/s/files/1/0618/2368/0740/files/BBG_Blue_Lion_Sweatshirt_Pant_8b8197c9-37ae-4fb1-bded-36e6ece76061.png?v=1729859510,g,,,,,,
pica-chu-printed-sweatshirt-set,,,,,,,,,1 - 2 Years,,,red,,,,,'10742672,500.0,,0,deny,manual,1399.00,,true,true,,,,,'10742672,https://cdn.shopify.com/s/files/1/0618/2368/0740/files/BBG_Grey_Lion_Sweatshirt_Pant_700bcc92-7dcb-4b63-a257-8ac9200fcd9c.png?v=1729859556,4,Pica Chu Printed Sweatshirt Set - detail shot - unisex wear Pakistan,,,,,,,,,,,,,,,,,,,,,,,,,,,,,,,,,,,,,,,,,,,,https://cdn.shopify.com/s/files/1/0618/2368/0740/files/BBG_Red_Lion_Sweatshirt_Pant_2ed79259-e03a-4813-b070-0f95aa68a415.png?v=1729859526,g,,,,,,
pica-chu-printed-sweatshirt-set,,,,,,,,,1 - 2 Years,,,silver,,,,,'10742673,500.0,,0,deny,manual,1399.00,,true,true,,,,,'10742673,https://cdn.shopify.com/s/files/1/0618/2368/0740/files/BBG_Orange_Lion_Sweatshirt_PantKids_Silk_Pajamas_Set_1fa03608-a78c-40d7-9996-3207541a6a29.png?v=1729859572,5,Pica Chu Printed Sweatshirt Set - front view - unisex wear Pakistan,,,,,,,,,,,,,,,,,,,,,,,,,,,,,,,,,,,,,,,,,,,,https://cdn.shopify.com/s/files/1/0618/2368/0740/files/BBG_Grey_Lion_Sweatshirt_Pant_700bcc92-7dcb-4b63-a257-8ac9200fcd9c.png?v=1729859556,g,,,,,,
pica-chu-printed-sweatshirt-set,,,,,,,,,1 - 2 Years,,,orange,,,,,'10742674,500.0,,0,deny,manual,1399.00,,true,true,,,,,'10742674,https://cdn.shopify.com/s/files/1/0618/2368/0740/files/BBG_Blue_Lion_Sweatshirt_Pant_8b8197c9-37ae-4fb1-bded-36e6ece76061.png?v=1729859510,6,Pica Chu Printed Sweatshirt Set - back view - unisex wear Pakistan,,,,,,,,,,,,,,,,,,,,,,,,,,,,,,,,,,,,,,,,,,,,https://cdn.shopify.com/s/files/1/0618/2368/0740/files/BBG_Orange_Lion_Sweatshirt_PantKids_Silk_Pajamas_Set_1fa03608-a78c-40d7-9996-3207541a6a29.png?v=1729859572,g,,,,,,
pica-chu-printed-sweatshirt-set,,,,,,,,,3 - 4 Years,,,yellow-1,,,,,'10714812,500.0,,-1,deny,manual,1399.00,,true,true,,,,,'10714812,https://cdn.shopify.com/s/files/1/0618/2368/0740/files/kidssizechart_02fa9cf1-6924-4d86-8c13-35c6ba7eeeb5.webp?v=1776676217,7,Unicorn Printed Sweatshirt Set size chart - measurements guide,,,,,,,,,,,,,,,,,,,,,,,,,,,,,,,,,,,,,,,,,,,,https://cdn.shopify.com/s/files/1/0618/2368/0740/files/Yellow_lion_Sweatshirt_PantKids_Silk_Pajamas_Set_ae8edf35-3b69-44ed-bb55-272715613c61.png?v=1776677386,g,,,,,,
pica-chu-printed-sweatshirt-set,,,,,,,,,3 - 4 Years,,,white,,,,,'10714809,500.0,,-1,deny,manual,1399.00,,true,true,,,,,'10714809,,,,,,,,,,,,,,,,,,,,,,,,,,,,,,,,,,,,,,,,,,,,,,,https://cdn.shopify.com/s/files/1/0618/2368/0740/files/BBG_White_Sweatshirt_Pant_e8135e90-aca0-4d4d-8feb-ec87fda07341.png?v=1776677386,g,,,,,,
pica-chu-printed-sweatshirt-set,,,,,,,,,3 - 4 Years,,,navy-1,,,,,'10714810,500.0,,0,deny,manual,1399.00,,true,true,,,,,'10714810,,,,,,,,,,,,,,,,,,,,,,,,,,,,,,,,,,,,,,,,,,,,,,,https://cdn.shopify.com/s/files/1/0618/2368/0740/files/BBG_Blue_Lion_Sweatshirt_Pant_8b8197c9-37ae-4fb1-bded-36e6ece76061.png?v=1729859510,g,,,,,,
pica-chu-printed-sweatshirt-set,,,,,,,,,3 - 4 Years,,,red,,,,,'10714811,500.0,,-1,deny,manual,1399.00,,true,true,,,,,'10714811,,,,,,,,,,,,,,,,,,,,,,,,,,,,,,,,,,,,,,,,,,,,,,,https://cdn.shopify.com/s/files/1/0618/2368/0740/files/BBG_Red_Lion_Sweatshirt_Pant_2ed79259-e03a-4813-b070-0f95aa68a415.png?v=1729859526,g,,,,,,
pica-chu-printed-sweatshirt-set,,,,,,,,,3 - 4 Years,,,silver,,,,,'10714813,500.0,,0,deny,manual,1399.00,,true,true,,,,,'10714813,,,,,,,,,,,,,,,,,,,,,,,,,,,,,,,,,,,,,,,,,,,,,,,https://cdn.shopify.com/s/files/1/0618/2368/0740/files/BBG_Grey_Lion_Sweatshirt_Pant_700bcc92-7dcb-4b63-a257-8ac9200fcd9c.png?v=1729859556,g,,,,,,
pica-chu-printed-sweatshirt-set,,,,,,,,,3 - 4 Years,,,orange,,,,,'10714814,500.0,,0,deny,manual,1399.00,,true,true,,,,,'10714814,,,,,,,,,,,,,,,,,,,,,,,,,,,,,,,,,,,,,,,,,,,,,,,https://cdn.shopify.com/s/files/1/0618/2368/0740/files/BBG_Orange_Lion_Sweatshirt_PantKids_Silk_Pajamas_Set_1fa03608-a78c-40d7-9996-3207541a6a29.png?v=1729859572,g,,,,,,
pica-chu-printed-sweatshirt-set,,,,,,,,,5 - 6 Years,,,yellow-1,,,,,'10714818,500.0,,-1,deny,manual,1399.00,,true,true,,,,,'10714818,,,,,,,,,,,,,,,,,,,,,,,,,,,,,,,,,,,,,,,,,,,,,,,https://cdn.shopify.com/s/files/1/0618/2368/0740/files/Yellow_lion_Sweatshirt_PantKids_Silk_Pajamas_Set_ae8edf35-3b69-44ed-bb55-272715613c61.png?v=1776677386,g,,,,,,
pica-chu-printed-sweatshirt-set,,,,,,,,,5 - 6 Years,,,white,,,,,'10714815,500.0,,-2,deny,manual,1399.00,,true,true,,,,,'10714815,,,,,,,,,,,,,,,,,,,,,,,,,,,,,,,,,,,,,,,,,,,,,,,https://cdn.shopify.com/s/files/1/0618/2368/0740/files/BBG_White_Sweatshirt_Pant_e8135e90-aca0-4d4d-8feb-ec87fda07341.png?v=1776677386,g,,,,,,
pica-chu-printed-sweatshirt-set,,,,,,,,,5 - 6 Years,,,navy-1,,,,,'10714816,500.0,,0,deny,manual,1399.00,,true,true,,,,,'10714816,,,,,,,,,,,,,,,,,,,,,,,,,,,,,,,,,,,,,,,,,,,,,,,https://cdn.shopify.com/s/files/1/0618/2368/0740/files/BBG_Blue_Lion_Sweatshirt_Pant_8b8197c9-37ae-4fb1-bded-36e6ece76061.png?v=1729859510,g,,,,,,
pica-chu-printed-sweatshirt-set,,,,,,,,,5 - 6 Years,,,red,,,,,'10714817,500.0,,-1,deny,manual,1399.00,,true,true,,,,,'10714817,,,,,,,,,,,,,,,,,,,,,,,,,,,,,,,,,,,,,,,,,,,,,,,https://cdn.shopify.com/s/files/1/0618/2368/0740/files/BBG_Red_Lion_Sweatshirt_Pant_2ed79259-e03a-4813-b070-0f95aa68a415.png?v=1729859526,g,,,,,,
pica-chu-printed-sweatshirt-set,,,,,,,,,5 - 6 Years,,,silver,,,,,'10714819,500.0,,0,deny,manual,1399.00,,true,true,,,,,'10714819,,,,,,,,,,,,,,,,,,,,,,,,,,,,,,,,,,,,,,,,,,,,,,,https://cdn.shopify.com/s/files/1/0618/2368/0740/files/BBG_Grey_Lion_Sweatshirt_Pant_700bcc92-7dcb-4b63-a257-8ac9200fcd9c.png?v=1729859556,g,,,,,,
pica-chu-printed-sweatshirt-set,,,,,,,,,5 - 6 Years,,,orange,,,,,'10714820,500.0,,-1,deny,manual,1399.00,,true,true,,,,,'10714820,,,,,,,,,,,,,,,,,,,,,,,,,,,,,,,,,,,,,,,,,,,,,,,https://cdn.shopify.com/s/files/1/0618/2368/0740/files/BBG_Orange_Lion_Sweatshirt_PantKids_Silk_Pajamas_Set_1fa03608-a78c-40d7-9996-3207541a6a29.png?v=1729859572,g,,,,,,
pica-chu-printed-sweatshirt-set,,,,,,,,,7 - 8 Years,,,yellow-1,,,,,'10714824,500.0,,0,deny,manual,1399.00,,true,true,,,,,'10714824,,,,,,,,,,,,,,,,,,,,,,,,,,,,,,,,,,,,,,,,,,,,,,,https://cdn.shopify.com/s/files/1/0618/2368/0740/files/Yellow_lion_Sweatshirt_PantKids_Silk_Pajamas_Set_ae8edf35-3b69-44ed-bb55-272715613c61.png?v=1776677386,g,,,,,,
pica-chu-printed-sweatshirt-set,,,,,,,,,7 - 8 Years,,,white,,,,,'10714821,500.0,,-2,deny,manual,1399.00,,true,true,,,,,'10714821,,,,,,,,,,,,,,,,,,,,,,,,,,,,,,,,,,,,,,,,,,,,,,,https://cdn.shopify.com/s/files/1/0618/2368/0740/files/BBG_White_Sweatshirt_Pant_e8135e90-aca0-4d4d-8feb-ec87fda07341.png?v=1776677386,g,,,,,,
pica-chu-printed-sweatshirt-set,,,,,,,,,7 - 8 Years,,,navy-1,,,,,'10714822,500.0,,-1,deny,manual,1399.00,,true,true,,,,,'10714822,,,,,,,,,,,,,,,,,,,,,,,,,,,,,,,,,,,,,,,,,,,,,,,https://cdn.shopify.com/s/files/1/0618/2368/0740/files/BBG_Blue_Lion_Sweatshirt_Pant_8b8197c9-37ae-4fb1-bded-36e6ece76061.png?v=1729859510,g,,,,,,
pica-chu-printed-sweatshirt-set,,,,,,,,,7 - 8 Years,,,red,,,,,'10714823,500.0,,0,deny,manual,1399.00,,true,true,,,,,'10714823,,,,,,,,,,,,,,,,,,,,,,,,,,,,,,,,,,,,,,,,,,,,,,,https://cdn.shopify.com/s/files/1/0618/2368/0740/files/BBG_Red_Lion_Sweatshirt_Pant_2ed79259-e03a-4813-b070-0f95aa68a415.png?v=1729859526,g,,,,,,
pica-chu-printed-sweatshirt-set,,,,,,,,,7 - 8 Years,,,silver,,,,,'10714825,500.0,,0,deny,manual,1399.00,,true,true,,,,,'10714825,,,,,,,,,,,,,,,,,,,,,,,,,,,,,,,,,,,,,,,,,,,,,,,https://cdn.shopify.com/s/files/1/0618/2368/0740/files/BBG_Grey_Lion_Sweatshirt_Pant_700bcc92-7dcb-4b63-a257-8ac9200fcd9c.png?v=1729859556,g,,,,,,
pica-chu-printed-sweatshirt-set,,,,,,,,,7 - 8 Years,,,orange,,,,,'10714826,500.0,,-1,deny,manual,1399.00,,true,true,,,,,'10714826,,,,,,,,,,,,,,,,,,,,,,,,,,,,,,,,,,,,,,,,,,,,,,,https://cdn.shopify.com/s/files/1/0618/2368/0740/files/BBG_Orange_Lion_Sweatshirt_PantKids_Silk_Pajamas_Set_1fa03608-a78c-40d7-9996-3207541a6a29.png?v=1729859572,g,,,,,,
pica-chu-printed-sweatshirt-set,,,,,,,,,9 - 10 Years,,,yellow-1,,,,,'10714830,500.0,,-1,deny,manual,1399.00,,true,true,,,,,'10714830,,,,,,,,,,,,,,,,,,,,,,,,,,,,,,,,,,,,,,,,,,,,,,,https://cdn.shopify.com/s/files/1/0618/2368/0740/files/Yellow_lion_Sweatshirt_PantKids_Silk_Pajamas_Set_ae8edf35-3b69-44ed-bb55-272715613c61.png?v=1776677386,g,,,,,,
pica-chu-printed-sweatshirt-set,,,,,,,,,9 - 10 Years,,,white,,,,,'10714827,500.0,,0,deny,manual,1399.00,,true,true,,,,,'10714827,,,,,,,,,,,,,,,,,,,,,,,,,,,,,,,,,,,,,,,,,,,,,,,https://cdn.shopify.com/s/files/1/0618/2368/0740/files/BBG_White_Sweatshirt_Pant_e8135e90-aca0-4d4d-8feb-ec87fda07341.png?v=1776677386,g,,,,,,
pica-chu-printed-sweatshirt-set,,,,,,,,,9 - 10 Years,,,navy-1,,,,,'10714828,500.0,,0,deny,manual,1399.00,,true,true,,,,,'10714828,,,,,,,,,,,,,,,,,,,,,,,,,,,,,,,,,,,,,,,,,,,,,,,https://cdn.shopify.com/s/files/1/0618/2368/0740/files/BBG_Blue_Lion_Sweatshirt_Pant_8b8197c9-37ae-4fb1-bded-36e6ece76061.png?v=1729859510,g,,,,,,
pica-chu-printed-sweatshirt-set,,,,,,,,,9 - 10 Years,,,red,,,,,'10714829,500.0,,0,deny,manual,1399.00,,true,true,,,,,'10714829,,,,,,,,,,,,,,,,,,,,,,,,,,,,,,,,,,,,,,,,,,,,,,,https://cdn.shopify.com/s/files/1/0618/2368/0740/files/BBG_Red_Lion_Sweatshirt_Pant_2ed79259-e03a-4813-b070-0f95aa68a415.png?v=1729859526,g,,,,,,
pica-chu-printed-sweatshirt-set,,,,,,,,,9 - 10 Years,,,silver,,,,,'10714831,500.0,,0,deny,manual,1399.00,,true,true,,,,,'10714831,,,,,,,,,,,,,,,,,,,,,,,,,,,,,,,,,,,,,,,,,,,,,,,https://cdn.shopify.com/s/files/1/0618/2368/0740/files/BBG_Grey_Lion_Sweatshirt_Pant_700bcc92-7dcb-4b63-a257-8ac9200fcd9c.png?v=1729859556,g,,,,,,
pica-chu-printed-sweatshirt-set,,,,,,,,,9 - 10 Years,,,orange,,,,,'10714832,500.0,,0,deny,manual,1399.00,,true,true,,,,,'10714832,,,,,,,,,,,,,,,,,,,,,,,,,,,,,,,,,,,,,,,,,,,,,,,https://cdn.shopify.com/s/files/1/0618/2368/0740/files/BBG_Orange_Lion_Sweatshirt_PantKids_Silk_Pajamas_Set_1fa03608-a78c-40d7-9996-3207541a6a29.png?v=1729859572,g,,,,,,
pica-chu-printed-sweatshirt-set,,,,,,,,,11 - 12 Years,,,yellow-1,,,,,'10714836,500.0,,-2,deny,manual,1399.00,,true,true,,,,,'10714836,,,,,,,,,,,,,,,,,,,,,,,,,,,,,,,,,,,,,,,,,,,,,,,https://cdn.shopify.com/s/files/1/0618/2368/0740/files/Yellow_lion_Sweatshirt_PantKids_Silk_Pajamas_Set_ae8edf35-3b69-44ed-bb55-272715613c61.png?v=1776677386,g,,,,,,
pica-chu-printed-sweatshirt-set,,,,,,,,,11 - 12 Years,,,white,,,,,'10714833,500.0,,0,deny,manual,1399.00,,true,true,,,,,'10714833,,,,,,,,,,,,,,,,,,,,,,,,,,,,,,,,,,,,,,,,,,,,,,,https://cdn.shopify.com/s/files/1/0618/2368/0740/files/BBG_White_Sweatshirt_Pant_e8135e90-aca0-4d4d-8feb-ec87fda07341.png?v=1776677386,g,,,,,,
pica-chu-printed-sweatshirt-set,,,,,,,,,11 - 12 Years,,,navy-1,,,,,'10714834,500.0,,-1,deny,manual,1399.00,,true,true,,,,,'10714834,,,,,,,,,,,,,,,,,,,,,,,,,,,,,,,,,,,,,,,,,,,,,,,https://cdn.shopify.com/s/files/1/0618/2368/0740/files/BBG_Blue_Lion_Sweatshirt_Pant_8b8197c9-37ae-4fb1-bded-36e6ece76061.png?v=1729859510,g,,,,,,
pica-chu-printed-sweatshirt-set,,,,,,,,,11 - 12 Years,,,red,,,,,'10714835,500.0,,-1,deny,manual,1399.00,,true,true,,,,,'10714835,,,,,,,,,,,,,,,,,,,,,,,,,,,,,,,,,,,,,,,,,,,,,,,https://cdn.shopify.com/s/files/1/0618/2368/0740/files/BBG_Red_Lion_Sweatshirt_Pant_2ed79259-e03a-4813-b070-0f95aa68a415.png?v=1729859526,g,,,,,,
pica-chu-printed-sweatshirt-set,,,,,,,,,11 - 12 Years,,,silver,,,,,'10714837,500.0,,0,deny,manual,1399.00,,true,true,,,,,'10714837,,,,,,,,,,,,,,,,,,,,,,,,,,,,,,,,,,,,,,,,,,,,,,,https://cdn.shopify.com/s/files/1/0618/2368/0740/files/BBG_Grey_Lion_Sweatshirt_Pant_700bcc92-7dcb-4b63-a257-8ac9200fcd9c.png?v=1729859556,g,,,,,,
pica-chu-printed-sweatshirt-set,,,,,,,,,11 - 12 Years,,,orange,,,,,'10706918,500.0,,0,deny,manual,1399.00,,true,true,,,,,'10706918,,,,,,,,,,,,,,,,,,,,,,,,,,,,,,,,,,,,,,,,,,,,,,,https://cdn.shopify.com/s/files/1/0618/2368/0740/files/BBG_Orange_Lion_Sweatshirt_PantKids_Silk_Pajamas_Set_1fa03608-a78c-40d7-9996-3207541a6a29.png?v=1729859572,g,,,,,,
love-peace-joy-printed-sweatshirt-set,Kids Winter Sweat Shirt Set | Love Peace Joy Printed,"<h4 data-start=""132"" data-end=""246""><strong data-start=""187"" data-end=""243"">Kids Winter Sweat Shirt Set | Love Peace Joy Printed</strong></h4>
<p data-start=""248"" data-end=""513"">Designed to spread cheerful vibes, this cozy winter set features a colorful “Love Peace Joy” print that adds a fun and uplifting touch to your child’s outfit. Made from soft, warm fabric, it ensures all-day comfort while keeping your kid snug during chilly weather.</p>
<p data-start=""515"" data-end=""759"">The set includes a stylish sweatshirt paired with matching trousers featuring an elastic waistband for a secure and flexible fit. Perfect for casual outings, playtime, or relaxing at home, this outfit blends comfort with a playful, trendy look.</p>
<p data-start=""761"" data-end=""880"">Durable stitching and breathable material make it ideal for active kids who need comfort without compromising on style.</p>
<p data-start=""882"" data-end=""895""><strong data-start=""882"" data-end=""895"">Features:</strong></p>
<ul data-start=""896"" data-end=""1092"">
<li data-section-id=""17tiup3"" data-start=""896"" data-end=""925"">Soft &amp; warm winter fabric</li>
<li data-section-id=""tnedia"" data-start=""926"" data-end=""967"">Bright “Love Peace Joy” graphic print</li>
<li data-section-id=""63crlm"" data-start=""968"" data-end=""1006"">Comfortable elastic waist trousers</li>
<li data-section-id=""125b1da"" data-start=""1007"" data-end=""1040"">Durable &amp; breathable material</li>
<li data-section-id=""14zswfv"" data-start=""1041"" data-end=""1092"">Ideal for daily wear, playtime &amp; winter outings</li>
</ul>",BBG FASHION CLOTHING STORE,Apparel & Accessories > Clothing > Baby & Toddler Clothing,Kids Sweatshirt & Pant,"Kids Winter Collection, kidssweatshirtandpant",true,Size,1 - 2 Years,,Color,yellow-1,product.metafields.shopify.color-pattern,,,,'10742296,500.0,,0,deny,manual,1399.00,,true,true,,,,,'10742296,https://cdn.shopify.com/s/files/1/0618/2368/0740/files/Yellow_lion_Sweatshirt_PantKids_Silk_Pajamas_Set_00a1c3a6-9720-4ab6-9a8a-81b5d2a96a92.png?v=1729859012,1,Love Peace Joy Printed Sweatshirt Set - front view - unisex wear Pakistan,false,,"Shop Kids Winter Sweat Shirt Set with Love Peace Joy print. Warm, comfortable & stylish outfit for kids. Perfect for winter wear, playtime & daily use.",,,,,,,,,,,,,,,,,,,,,yellow-1; red; silver; orange; white; navy-1,,,,,,,,,,,,,,,,,,,,https://cdn.shopify.com/s/files/1/0618/2368/0740/files/Yellow_lion_Sweatshirt_PantKids_Silk_Pajamas_Set_00a1c3a6-9720-4ab6-9a8a-81b5d2a96a92.png?v=1729859012,g,,,true,,,active
love-peace-joy-printed-sweatshirt-set,,,,,,,,,1 - 2 Years,,,red,,,,,'10742297,500.0,,0,deny,manual,1399.00,,true,true,,,,,'10742297,https://cdn.shopify.com/s/files/1/0618/2368/0740/files/BBG_Grey_Lion_Sweatshirt_Pant_33b98cfa-9648-4ced-9701-713e54a2d6df.png?v=1729858964,2,Love Peace Joy Printed Sweatshirt Set - back view - unisex wear Pakistan,,,,,,,,,,,,,,,,,,,,,,,,,,,,,,,,,,,,,,,,,,,,https://cdn.shopify.com/s/files/1/0618/2368/0740/files/BBG_Red_Lion_Sweatshirt_Pant_751b20be-4a69-424c-8ad9-1652b6cfe0d2.png?v=1729858981,g,,,,,,
love-peace-joy-printed-sweatshirt-set,,,,,,,,,1 - 2 Years,,,silver,,,,,'10742298,500.0,,0,deny,manual,1399.00,,true,true,,,,,'10742298,https://cdn.shopify.com/s/files/1/0618/2368/0740/files/BBG_Red_Lion_Sweatshirt_Pant_751b20be-4a69-424c-8ad9-1652b6cfe0d2.png?v=1729858981,3,Love Peace Joy Printed Sweatshirt Set - side view - unisex wear Pakistan,,,,,,,,,,,,,,,,,,,,,,,,,,,,,,,,,,,,,,,,,,,,https://cdn.shopify.com/s/files/1/0618/2368/0740/files/BBG_Grey_Lion_Sweatshirt_Pant_33b98cfa-9648-4ced-9701-713e54a2d6df.png?v=1729858964,g,,,,,,
love-peace-joy-printed-sweatshirt-set,,,,,,,,,1 - 2 Years,,,orange,,,,,'10742299,500.0,,0,deny,manual,1399.00,,true,true,,,,,'10742299,https://cdn.shopify.com/s/files/1/0618/2368/0740/files/BBG_Orange_Lion_Sweatshirt_PantKids_Silk_Pajamas_Set_783e59ae-17f9-458e-a3f1-164cf892ab08.png?v=1729858998,4,Love Peace Joy Printed Sweatshirt Set - detail shot - unisex wear Pakistan,,,,,,,,,,,,,,,,,,,,,,,,,,,,,,,,,,,,,,,,,,,,https://cdn.shopify.com/s/files/1/0618/2368/0740/files/BBG_Orange_Lion_Sweatshirt_PantKids_Silk_Pajamas_Set_783e59ae-17f9-458e-a3f1-164cf892ab08.png?v=1729858998,g,,,,,,
love-peace-joy-printed-sweatshirt-set,,,,,,,,,1 - 2 Years,,,white,,,,,'10742300,500.0,,0,deny,manual,1399.00,,true,true,,,,,'10742300,https://cdn.shopify.com/s/files/1/0618/2368/0740/files/BBG_White_Sweatshirt_Pant_6ac790d9-0e73-43d8-aa3a-bf0efd9a827d.png?v=1729859027,5,Love Peace Joy Printed Sweatshirt Set - front view - unisex wear Pakistan,,,,,,,,,,,,,,,,,,,,,,,,,,,,,,,,,,,,,,,,,,,,https://cdn.shopify.com/s/files/1/0618/2368/0740/files/BBG_White_Sweatshirt_Pant_6ac790d9-0e73-43d8-aa3a-bf0efd9a827d.png?v=1729859027,g,,,,,,
love-peace-joy-printed-sweatshirt-set,,,,,,,,,1 - 2 Years,,,navy-1,,,,,'10742301,500.0,,0,deny,manual,1399.00,,true,true,,,,,'10742301,https://cdn.shopify.com/s/files/1/0618/2368/0740/files/BBG_Blue_Lion_Sweatshirt_Pant_9caaaa89-47c8-44b9-ad5e-30de732a39b3.png?v=1729859043,6,Love Peace Joy Printed Sweatshirt Set - back view - unisex wear Pakistan,,,,,,,,,,,,,,,,,,,,,,,,,,,,,,,,,,,,,,,,,,,,https://cdn.shopify.com/s/files/1/0618/2368/0740/files/BBG_Blue_Lion_Sweatshirt_Pant_9caaaa89-47c8-44b9-ad5e-30de732a39b3.png?v=1729859043,g,,,,,,
love-peace-joy-printed-sweatshirt-set,,,,,,,,,3 - 4 Years,,,yellow-1,,,,,'10714780,500.0,,-3,deny,manual,1399.00,,true,true,,,,,'10714780,https://cdn.shopify.com/s/files/1/0618/2368/0740/files/kidssizechart_02fa9cf1-6924-4d86-8c13-35c6ba7eeeb5.webp?v=1776676217,7,Unicorn Printed Sweatshirt Set size chart - measurements guide,,,,,,,,,,,,,,,,,,,,,,,,,,,,,,,,,,,,,,,,,,,,https://cdn.shopify.com/s/files/1/0618/2368/0740/files/Yellow_lion_Sweatshirt_PantKids_Silk_Pajamas_Set_00a1c3a6-9720-4ab6-9a8a-81b5d2a96a92.png?v=1729859012,g,,,,,,
love-peace-joy-printed-sweatshirt-set,,,,,,,,,3 - 4 Years,,,red,,,,,'10714781,500.0,,-1,deny,manual,1399.00,,true,true,,,,,'10714781,,,,,,,,,,,,,,,,,,,,,,,,,,,,,,,,,,,,,,,,,,,,,,,https://cdn.shopify.com/s/files/1/0618/2368/0740/files/BBG_Red_Lion_Sweatshirt_Pant_751b20be-4a69-424c-8ad9-1652b6cfe0d2.png?v=1729858981,g,,,,,,
love-peace-joy-printed-sweatshirt-set,,,,,,,,,3 - 4 Years,,,silver,,,,,'10714782,500.0,,0,deny,manual,1399.00,,true,true,,,,,'10714782,,,,,,,,,,,,,,,,,,,,,,,,,,,,,,,,,,,,,,,,,,,,,,,https://cdn.shopify.com/s/files/1/0618/2368/0740/files/BBG_Grey_Lion_Sweatshirt_Pant_33b98cfa-9648-4ced-9701-713e54a2d6df.png?v=1729858964,g,,,,,,
love-peace-joy-printed-sweatshirt-set,,,,,,,,,3 - 4 Years,,,orange,,,,,'10714783,500.0,,-3,deny,manual,1399.00,,true,true,,,,,'10714783,,,,,,,,,,,,,,,,,,,,,,,,,,,,,,,,,,,,,,,,,,,,,,,https://cdn.shopify.com/s/files/1/0618/2368/0740/files/BBG_Orange_Lion_Sweatshirt_PantKids_Silk_Pajamas_Set_783e59ae-17f9-458e-a3f1-164cf892ab08.png?v=1729858998,g,,,,,,
love-peace-joy-printed-sweatshirt-set,,,,,,,,,3 - 4 Years,,,white,,,,,'10714784,500.0,,0,deny,manual,1399.00,,true,true,,,,,'10714784,,,,,,,,,,,,,,,,,,,,,,,,,,,,,,,,,,,,,,,,,,,,,,,https://cdn.shopify.com/s/files/1/0618/2368/0740/files/BBG_White_Sweatshirt_Pant_6ac790d9-0e73-43d8-aa3a-bf0efd9a827d.png?v=1729859027,g,,,,,,
love-peace-joy-printed-sweatshirt-set,,,,,,,,,3 - 4 Years,,,navy-1,,,,,'10714785,500.0,,-1,deny,manual,1399.00,,true,true,,,,,'10714785,,,,,,,,,,,,,,,,,,,,,,,,,,,,,,,,,,,,,,,,,,,,,,,https://cdn.shopify.com/s/files/1/0618/2368/0740/files/BBG_Blue_Lion_Sweatshirt_Pant_9caaaa89-47c8-44b9-ad5e-30de732a39b3.png?v=1729859043,g,,,,,,
love-peace-joy-printed-sweatshirt-set,,,,,,,,,5 - 6 Years,,,yellow-1,,,,,'10714786,500.0,,-1,deny,manual,1399.00,,true,true,,,,,'10714786,,,,,,,,,,,,,,,,,,,,,,,,,,,,,,,,,,,,,,,,,,,,,,,https://cdn.shopify.com/s/files/1/0618/2368/0740/files/Yellow_lion_Sweatshirt_PantKids_Silk_Pajamas_Set_00a1c3a6-9720-4ab6-9a8a-81b5d2a96a92.png?v=1729859012,g,,,,,,
love-peace-joy-printed-sweatshirt-set,,,,,,,,,5 - 6 Years,,,red,,,,,'10714787,500.0,,-1,deny,manual,1399.00,,true,true,,,,,'10714787,,,,,,,,,,,,,,,,,,,,,,,,,,,,,,,,,,,,,,,,,,,,,,,https://cdn.shopify.com/s/files/1/0618/2368/0740/files/BBG_Red_Lion_Sweatshirt_Pant_751b20be-4a69-424c-8ad9-1652b6cfe0d2.png?v=1729858981,g,,,,,,
love-peace-joy-printed-sweatshirt-set,,,,,,,,,5 - 6 Years,,,silver,,,,,'10714788,500.0,,0,deny,manual,1399.00,,true,true,,,,,'10714788,,,,,,,,,,,,,,,,,,,,,,,,,,,,,,,,,,,,,,,,,,,,,,,https://cdn.shopify.com/s/files/1/0618/2368/0740/files/BBG_Grey_Lion_Sweatshirt_Pant_33b98cfa-9648-4ced-9701-713e54a2d6df.png?v=1729858964,g,,,,,,
love-peace-joy-printed-sweatshirt-set,,,,,,,,,5 - 6 Years,,,orange,,,,,'10714789,500.0,,0,deny,manual,1399.00,,true,true,,,,,'10714789,,,,,,,,,,,,,,,,,,,,,,,,,,,,,,,,,,,,,,,,,,,,,,,https://cdn.shopify.com/s/files/1/0618/2368/0740/files/BBG_Orange_Lion_Sweatshirt_PantKids_Silk_Pajamas_Set_783e59ae-17f9-458e-a3f1-164cf892ab08.png?v=1729858998,g,,,,,,
love-peace-joy-printed-sweatshirt-set,,,,,,,,,5 - 6 Years,,,white,,,,,'10714790,500.0,,0,deny,manual,1399.00,,true,true,,,,,'10714790,,,,,,,,,,,,,,,,,,,,,,,,,,,,,,,,,,,,,,,,,,,,,,,https://cdn.shopify.com/s/files/1/0618/2368/0740/files/BBG_White_Sweatshirt_Pant_6ac790d9-0e73-43d8-aa3a-bf0efd9a827d.png?v=1729859027,g,,,,,,
love-peace-joy-printed-sweatshirt-set,,,,,,,,,5 - 6 Years,,,navy-1,,,,,'10714791,500.0,,0,deny,manual,1399.00,,true,true,,,,,'10714791,,,,,,,,,,,,,,,,,,,,,,,,,,,,,,,,,,,,,,,,,,,,,,,https://cdn.shopify.com/s/files/1/0618/2368/0740/files/BBG_Blue_Lion_Sweatshirt_Pant_9caaaa89-47c8-44b9-ad5e-30de732a39b3.png?v=1729859043,g,,,,,,
love-peace-joy-printed-sweatshirt-set,,,,,,,,,7 - 8 Years,,,yellow-1,,,,,'10714792,500.0,,-1,deny,manual,1399.00,,true,true,,,,,'10714792,,,,,,,,,,,,,,,,,,,,,,,,,,,,,,,,,,,,,,,,,,,,,,,https://cdn.shopify.com/s/files/1/0618/2368/0740/files/Yellow_lion_Sweatshirt_PantKids_Silk_Pajamas_Set_00a1c3a6-9720-4ab6-9a8a-81b5d2a96a92.png?v=1729859012,g,,,,,,
love-peace-joy-printed-sweatshirt-set,,,,,,,,,7 - 8 Years,,,red,,,,,'10714793,500.0,,0,deny,manual,1399.00,,true,true,,,,,'10714793,,,,,,,,,,,,,,,,,,,,,,,,,,,,,,,,,,,,,,,,,,,,,,,https://cdn.shopify.com/s/files/1/0618/2368/0740/files/BBG_Red_Lion_Sweatshirt_Pant_751b20be-4a69-424c-8ad9-1652b6cfe0d2.png?v=1729858981,g,,,,,,
love-peace-joy-printed-sweatshirt-set,,,,,,,,,7 - 8 Years,,,silver,,,,,'10714794,500.0,,0,deny,manual,1399.00,,true,true,,,,,'10714794,,,,,,,,,,,,,,,,,,,,,,,,,,,,,,,,,,,,,,,,,,,,,,,https://cdn.shopify.com/s/files/1/0618/2368/0740/files/BBG_Grey_Lion_Sweatshirt_Pant_33b98cfa-9648-4ced-9701-713e54a2d6df.png?v=1729858964,g,,,,,,
love-peace-joy-printed-sweatshirt-set,,,,,,,,,7 - 8 Years,,,orange,,,,,'10714795,500.0,,0,deny,manual,1399.00,,true,true,,,,,'10714795,,,,,,,,,,,,,,,,,,,,,,,,,,,,,,,,,,,,,,,,,,,,,,,https://cdn.shopify.com/s/files/1/0618/2368/0740/files/BBG_Orange_Lion_Sweatshirt_PantKids_Silk_Pajamas_Set_783e59ae-17f9-458e-a3f1-164cf892ab08.png?v=1729858998,g,,,,,,
love-peace-joy-printed-sweatshirt-set,,,,,,,,,7 - 8 Years,,,white,,,,,'10714796,500.0,,0,deny,manual,1399.00,,true,true,,,,,'10714796,,,,,,,,,,,,,,,,,,,,,,,,,,,,,,,,,,,,,,,,,,,,,,,https://cdn.shopify.com/s/files/1/0618/2368/0740/files/BBG_White_Sweatshirt_Pant_6ac790d9-0e73-43d8-aa3a-bf0efd9a827d.png?v=1729859027,g,,,,,,
love-peace-joy-printed-sweatshirt-set,,,,,,,,,7 - 8 Years,,,navy-1,,,,,'10714797,500.0,,0,deny,manual,1399.00,,true,true,,,,,'10714797,,,,,,,,,,,,,,,,,,,,,,,,,,,,,,,,,,,,,,,,,,,,,,,https://cdn.shopify.com/s/files/1/0618/2368/0740/files/BBG_Blue_Lion_Sweatshirt_Pant_9caaaa89-47c8-44b9-ad5e-30de732a39b3.png?v=1729859043,g,,,,,,
love-peace-joy-printed-sweatshirt-set,,,,,,,,,9 - 10 Years,,,yellow-1,,,,,'10714798,500.0,,-2,deny,manual,1399.00,,true,true,,,,,'10714798,,,,,,,,,,,,,,,,,,,,,,,,,,,,,,,,,,,,,,,,,,,,,,,https://cdn.shopify.com/s/files/1/0618/2368/0740/files/Yellow_lion_Sweatshirt_PantKids_Silk_Pajamas_Set_00a1c3a6-9720-4ab6-9a8a-81b5d2a96a92.png?v=1729859012,g,,,,,,
love-peace-joy-printed-sweatshirt-set,,,,,,,,,9 - 10 Years,,,red,,,,,'10714799,500.0,,-1,deny,manual,1399.00,,true,true,,,,,'10714799,,,,,,,,,,,,,,,,,,,,,,,,,,,,,,,,,,,,,,,,,,,,,,,https://cdn.shopify.com/s/files/1/0618/2368/0740/files/BBG_Red_Lion_Sweatshirt_Pant_751b20be-4a69-424c-8ad9-1652b6cfe0d2.png?v=1729858981,g,,,,,,
love-peace-joy-printed-sweatshirt-set,,,,,,,,,9 - 10 Years,,,silver,,,,,'10714800,500.0,,0,deny,manual,1399.00,,true,true,,,,,'10714800,,,,,,,,,,,,,,,,,,,,,,,,,,,,,,,,,,,,,,,,,,,,,,,https://cdn.shopify.com/s/files/1/0618/2368/0740/files/BBG_Grey_Lion_Sweatshirt_Pant_33b98cfa-9648-4ced-9701-713e54a2d6df.png?v=1729858964,g,,,,,,
love-peace-joy-printed-sweatshirt-set,,,,,,,,,9 - 10 Years,,,orange,,,,,'10714801,500.0,,0,deny,manual,1399.00,,true,true,,,,,'10714801,,,,,,,,,,,,,,,,,,,,,,,,,,,,,,,,,,,,,,,,,,,,,,,https://cdn.shopify.com/s/files/1/0618/2368/0740/files/BBG_Orange_Lion_Sweatshirt_PantKids_Silk_Pajamas_Set_783e59ae-17f9-458e-a3f1-164cf892ab08.png?v=1729858998,g,,,,,,
love-peace-joy-printed-sweatshirt-set,,,,,,,,,9 - 10 Years,,,white,,,,,'10714802,500.0,,0,deny,manual,1399.00,,true,true,,,,,'10714802,,,,,,,,,,,,,,,,,,,,,,,,,,,,,,,,,,,,,,,,,,,,,,,https://cdn.shopify.com/s/files/1/0618/2368/0740/files/BBG_White_Sweatshirt_Pant_6ac790d9-0e73-43d8-aa3a-bf0efd9a827d.png?v=1729859027,g,,,,,,
love-peace-joy-printed-sweatshirt-set,,,,,,,,,9 - 10 Years,,,navy-1,,,,,'10714803,500.0,,0,deny,manual,1399.00,,true,true,,,,,'10714803,,,,,,,,,,,,,,,,,,,,,,,,,,,,,,,,,,,,,,,,,,,,,,,https://cdn.shopify.com/s/files/1/0618/2368/0740/files/BBG_Blue_Lion_Sweatshirt_Pant_9caaaa89-47c8-44b9-ad5e-30de732a39b3.png?v=1729859043,g,,,,,,
love-peace-joy-printed-sweatshirt-set,,,,,,,,,11 - 12 Years,,,yellow-1,,,,,'10714804,500.0,,0,deny,manual,1399.00,,true,true,,,,,'10714804,,,,,,,,,,,,,,,,,,,,,,,,,,,,,,,,,,,,,,,,,,,,,,,https://cdn.shopify.com/s/files/1/0618/2368/0740/files/Yellow_lion_Sweatshirt_PantKids_Silk_Pajamas_Set_00a1c3a6-9720-4ab6-9a8a-81b5d2a96a92.png?v=1729859012,g,,,,,,
love-peace-joy-printed-sweatshirt-set,,,,,,,,,11 - 12 Years,,,red,,,,,'10714805,500.0,,0,deny,manual,1399.00,,true,true,,,,,'10714805,,,,,,,,,,,,,,,,,,,,,,,,,,,,,,,,,,,,,,,,,,,,,,,https://cdn.shopify.com/s/files/1/0618/2368/0740/files/BBG_Red_Lion_Sweatshirt_Pant_751b20be-4a69-424c-8ad9-1652b6cfe0d2.png?v=1729858981,g,,,,,,
love-peace-joy-printed-sweatshirt-set,,,,,,,,,11 - 12 Years,,,silver,,,,,'10714806,500.0,,0,deny,manual,1399.00,,true,true,,,,,'10714806,,,,,,,,,,,,,,,,,,,,,,,,,,,,,,,,,,,,,,,,,,,,,,,https://cdn.shopify.com/s/files/1/0618/2368/0740/files/BBG_Grey_Lion_Sweatshirt_Pant_33b98cfa-9648-4ced-9701-713e54a2d6df.png?v=1729858964,g,,,,,,
love-peace-joy-printed-sweatshirt-set,,,,,,,,,11 - 12 Years,,,orange,,,,,'10714807,500.0,,0,deny,manual,1399.00,,true,true,,,,,'10714807,,,,,,,,,,,,,,,,,,,,,,,,,,,,,,,,,,,,,,,,,,,,,,,https://cdn.shopify.com/s/files/1/0618/2368/0740/files/BBG_Orange_Lion_Sweatshirt_PantKids_Silk_Pajamas_Set_783e59ae-17f9-458e-a3f1-164cf892ab08.png?v=1729858998,g,,,,,,
love-peace-joy-printed-sweatshirt-set,,,,,,,,,11 - 12 Years,,,white,,,,,'10714808,500.0,,0,deny,manual,1399.00,,true,true,,,,,'10714808,,,,,,,,,,,,,,,,,,,,,,,,,,,,,,,,,,,,,,,,,,,,,,,https://cdn.shopify.com/s/files/1/0618/2368/0740/files/BBG_White_Sweatshirt_Pant_6ac790d9-0e73-43d8-aa3a-bf0efd9a827d.png?v=1729859027,g,,,,,,
love-peace-joy-printed-sweatshirt-set,,,,,,,,,11 - 12 Years,,,navy-1,,,,,'10706917,500.0,,-1,deny,manual,1399.00,,true,true,,,,,'10706917,,,,,,,,,,,,,,,,,,,,,,,,,,,,,,,,,,,,,,,,,,,,,,,https://cdn.shopify.com/s/files/1/0618/2368/0740/files/BBG_Blue_Lion_Sweatshirt_Pant_9caaaa89-47c8-44b9-ad5e-30de732a39b3.png?v=1729859043,g,,,,,,
maple-leaf-loungewear-set-copy,Multicolor Drop Shoulder Loungewear,"<h4>Multicolor Drop Shoulder Loungewear</h4>
<p>Experience effortless refinement and timeless elegance with our Multicolor Drop Shoulder Loungewear. Featuring clean lines, sophisticated style, and high-quality materials, it's perfect for any occasion. The soft and refined color palette adds a touch of distinction, making you stand out with effortless taste and refinement.</p>",BBG FASHION,Apparel & Accessories > Clothing > Sleepwear & Loungewear,"","NEW ARRIVAL, winter tracksuit, wintercollection, woo",false,Size,Medium,,Color,brown,product.metafields.shopify.color-pattern,,,,'10714772,800.0,shopify,95,deny,manual,2499.00,,true,true,,,,,'10714772,https://cdn.shopify.com/s/files/1/0618/2368/0740/files/4_900x_d4131459-4e4c-49b0-8c5e-a58a2ee60b4e.jpg?v=1729522233,1,Maple Leaf Loungewear Set Copy - front view - unisex wear Pakistan,false,,,,,,,,,,,,,,,'1,,,,,,,,brown; pink; black,,,,,,,,,,,,,girls,,,,,,,https://cdn.shopify.com/s/files/1/0618/2368/0740/files/4_900x_d4131459-4e4c-49b0-8c5e-a58a2ee60b4e.jpg?v=1729522233,g,,1000.00,true,,,draft
maple-leaf-loungewear-set-copy,,,,,,,,,Medium,,,pink,,,,,'10714773,800.0,shopify,0,deny,manual,2499.00,,true,true,,,,,'10714773,https://cdn.shopify.com/s/files/1/0618/2368/0740/files/3_900x_e779c956-be25-4565-98ff-cdebbdfad3e2.jpg?v=1729522221,2,Maple Leaf Loungewear Set Copy - back view - unisex wear Pakistan,,,,,,,,,,,,,,,,,,,,,,,,,,,,,,,,,,,,,,,,,,,,https://cdn.shopify.com/s/files/1/0618/2368/0740/files/3_900x_e779c956-be25-4565-98ff-cdebbdfad3e2.jpg?v=1729522221,g,,1000.00,,,,
maple-leaf-loungewear-set-copy,,,,,,,,,Medium,,,black,,,,,'10714774,800.0,shopify,93,deny,manual,2499.00,,true,true,,,,,'10714774,https://cdn.shopify.com/s/files/1/0618/2368/0740/files/2_900x_6a93f7d6-379a-4a75-a8e4-c297657217b8_2_-Photoroom.jpg?v=1729522207,3,Maple Leaf Loungewear Set Copy - side view - unisex wear Pakistan,,,,,,,,,,,,,,,,,,,,,,,,,,,,,,,,,,,,,,,,,,,,https://cdn.shopify.com/s/files/1/0618/2368/0740/files/2_900x_6a93f7d6-379a-4a75-a8e4-c297657217b8_2_-Photoroom.jpg?v=1729522207,g,,1000.00,,,,
maple-leaf-loungewear-set-copy,,,,,,,,,Large,,,brown,,,,,'10714775,800.0,shopify,98,deny,manual,2599.00,,true,true,,,,,'10714775,https://cdn.shopify.com/s/files/1/0618/2368/0740/files/Sizechart_205f37fb-9097-4136-b68a-af5c137403a3.jpg?v=1766064547,4,White Tie Dye Loungewear Set size chart - measurements guide,,,,,,,,,,,,,,,,,,,,,,,,,,,,,,,,,,,,,,,,,,,,https://cdn.shopify.com/s/files/1/0618/2368/0740/files/4_900x_d4131459-4e4c-49b0-8c5e-a58a2ee60b4e.jpg?v=1729522233,g,,1000.00,,,,
maple-leaf-loungewear-set-copy,,,,,,,,,Large,,,pink,,,,,'10714776,800.0,shopify,0,deny,manual,2599.00,,true,true,,,,,'10714776,,,,,,,,,,,,,,,,,,,,,,,,,,,,,,,,,,,,,,,,,,,,,,,https://cdn.shopify.com/s/files/1/0618/2368/0740/files/3_900x_e779c956-be25-4565-98ff-cdebbdfad3e2.jpg?v=1729522221,g,,1000.00,,,,
maple-leaf-loungewear-set-copy,,,,,,,,,Large,,,black,,,,,'10714777,800.0,shopify,96,deny,manual,2599.00,,true,true,,,,,'10714777,,,,,,,,,,,,,,,,,,,,,,,,,,,,,,,,,,,,,,,,,,,,,,,https://cdn.shopify.com/s/files/1/0618/2368/0740/files/2_900x_6a93f7d6-379a-4a75-a8e4-c297657217b8_2_-Photoroom.jpg?v=1729522207,g,,1000.00,,,,
maple-leaf-loungewear-set-copy,,,,,,,,,XL,,,brown,,,,,'10714778,800.0,shopify,95,deny,manual,2699.00,,true,true,,,,,'10714778,,,,,,,,,,,,,,,,,,,,,,,,,,,,,,,,,,,,,,,,,,,,,,,https://cdn.shopify.com/s/files/1/0618/2368/0740/files/4_900x_d4131459-4e4c-49b0-8c5e-a58a2ee60b4e.jpg?v=1729522233,g,,1000.00,,,,
maple-leaf-loungewear-set-copy,,,,,,,,,XL,,,pink,,,,,'10714779,800.0,shopify,0,deny,manual,2699.00,,true,true,,,,,'10714779,,,,,,,,,,,,,,,,,,,,,,,,,,,,,,,,,,,,,,,,,,,,,,,https://cdn.shopify.com/s/files/1/0618/2368/0740/files/3_900x_e779c956-be25-4565-98ff-cdebbdfad3e2.jpg?v=1729522221,g,,1000.00,,,,
maple-leaf-loungewear-set-copy,,,,,,,,,XL,,,black,,,,,'10706916,800.0,shopify,95,deny,manual,2699.00,,true,true,,,,,'10706916,,,,,,,,,,,,,,,,,,,,,,,,,,,,,,,,,,,,,,,,,,,,,,,https://cdn.shopify.com/s/files/1/0618/2368/0740/files/2_900x_6a93f7d6-379a-4a75-a8e4-c297657217b8_2_-Photoroom.jpg?v=1729522207,g,,1000.00,,,,
hulk-printed-kids-hoodie-set,Kids Winter Hoodie Set | Hulk Printed,"<h4>Kids Winter Hoodie Set | Hulk Printed</h4>
<p><strong></strong>Inspired by a strong superhero look, this outfit brings bold energy and fun to your child’s everyday wear.</p>
<p data-end=""754"" data-start=""473"">Made from soft, premium fleece fabric, the hoodie keeps your little one warm and cozy during chilly days, while the matching jogger pants provide a relaxed and flexible fit for active play. Whether it’s school, playtime, or outings, this set is designed for comfort and confidence.</p>
<p data-end=""885"" data-start=""756"">The powerful green-themed superhero print adds an action-packed vibe, making it perfect for kids who love strength and adventure.</p>
<p data-end=""902"" data-start=""887"">✨ <strong data-end=""902"" data-start=""889"">Features:</strong></p>
<ul data-end=""1134"" data-start=""903"">
<li data-end=""946"" data-start=""903"" data-section-id=""m2jogh"">Soft fleece fabric for warmth &amp; comfort</li>
<li data-end=""996"" data-start=""947"" data-section-id=""y4fo1b"">Superhero-inspired powerful printed design 💚</li>
<li data-end=""1035"" data-start=""997"" data-section-id=""gklsta"">Cozy hoodie with soft inner lining</li>
<li data-end=""1084"" data-start=""1036"" data-section-id=""1qd8zxj"">Matching jogger pants with elastic waistband</li>
<li data-end=""1134"" data-start=""1085"" data-section-id=""9bnese"">Ideal for daily wear, school &amp; winter outings</li>
</ul>
<p data-end=""1204"" data-start=""1136"">Let your kids stay <strong data-end=""1191"" data-start=""1155"">warm, strong, and full of energy</strong> this winter!</p>
<h4><strong><br></strong></h4>",BBG FASHION,Apparel & Accessories > Clothing > Baby & Toddler Clothing,Kids Hoodie Set,Kids Winter Collection,true,Size,1-2-years,product.metafields.shopify.size,Color,dark-grey,product.metafields.shopify.color-pattern,,,,'10742969,500.0,shopify,200,continue,manual,1399.00,0.00,true,false,,,,,'10742969,https://cdn.shopify.com/s/files/1/0618/2368/0740/files/5_1_5fea2e82-4f73-4f1e-96ea-b062f5c703f8.png?v=1729002213,1,Hulk Printed Kids Hoodie Set - flat lay - kids wear Pakistan,false,,"Shop Kids Winter Hoodie Set Hulk Style Printed in soft fleece. Warm, stylish & superhero-inspired winter outfit for kids. Perfect everyday wear in Pakistan. Order now!",182,,,,,,,,,,,,,,,,,,,,dark-grey; navy-1; yellow-1; red; silver; pink; blue,,,fleece,,,,,,,1-2-years; 3-4-years; 6-years; 7-8-years; 9-10-years; 11-12-years,,,,,,,,,,https://cdn.shopify.com/s/files/1/0618/2368/0740/files/3_1_29c1659e-916b-4b1a-bc84-55b1ec08f7fc.png?v=1729002126,kg,,,true,,,active
hulk-printed-kids-hoodie-set,,,,,,,,,1-2-years,,,navy-1,,,,,'10742970,500.0,shopify,200,continue,manual,1399.00,0.00,true,false,,,,,'10742970,https://cdn.shopify.com/s/files/1/0618/2368/0740/files/3_1_29c1659e-916b-4b1a-bc84-55b1ec08f7fc.png?v=1729002126,2,Hulk Printed Kids Hoodie Set - front view - kids wear Pakistan,,,,,,,,,,,,,,,,,,,,,,,,,,,,,,,,,,,,,,,,,,,,https://cdn.shopify.com/s/files/1/0618/2368/0740/files/2_1_83de8aee-ec4f-4b0a-b5a9-1193947b435f.png?v=1729002239,kg,,,,,,
hulk-printed-kids-hoodie-set,,,,,,,,,1-2-years,,,yellow-1,,,,,'10742971,500.0,shopify,200,continue,manual,1399.00,0.00,true,false,,,,,'10742971,https://cdn.shopify.com/s/files/1/0618/2368/0740/files/1_1_90be48d7-77b2-4071-950a-de8c65506b7c.png?v=1729002143,3,Hulk Printed Kids Hoodie Set - back view - kids wear Pakistan,,,,,,,,,,,,,,,,,,,,,,,,,,,,,,,,,,,,,,,,,,,,https://cdn.shopify.com/s/files/1/0618/2368/0740/files/7_1_b4538f9a-feee-4f1f-a53b-714c7a5a8bb6.png?v=1729002165,kg,,,,,,
hulk-printed-kids-hoodie-set,,,,,,,,,1-2-years,,,red,,,,,'10742972,500.0,shopify,200,continue,manual,1399.00,0.00,true,false,,,,,'10742972,https://cdn.shopify.com/s/files/1/0618/2368/0740/files/7_1_b4538f9a-feee-4f1f-a53b-714c7a5a8bb6.png?v=1729002165,4,Hulk Printed Kids Hoodie Set - side view - kids wear Pakistan,,,,,,,,,,,,,,,,,,,,,,,,,,,,,,,,,,,,,,,,,,,,https://cdn.shopify.com/s/files/1/0618/2368/0740/files/6_1_35983b2a-2176-41d6-be77-4ebcb3d33889.png?v=1729002185,kg,,,,,,
hulk-printed-kids-hoodie-set,,,,,,,,,1-2-years,,,silver,,,,,'10742973,500.0,shopify,200,continue,manual,1399.00,0.00,true,false,,,,,'10742973,https://cdn.shopify.com/s/files/1/0618/2368/0740/files/6_1_35983b2a-2176-41d6-be77-4ebcb3d33889.png?v=1729002185,5,Hulk Printed Kids Hoodie Set - detail shot - kids wear Pakistan,,,,,,,,,,,,,,,,,,,,,,,,,,,,,,,,,,,,,,,,,,,,https://cdn.shopify.com/s/files/1/0618/2368/0740/files/4_1_223e5afb-72ac-444d-a572-4c543bafa679.png?v=1729002198,kg,,,,,,
hulk-printed-kids-hoodie-set,,,,,,,,,1-2-years,,,pink,,,,,'10742974,500.0,shopify,200,continue,manual,1399.00,0.00,true,false,,,,,'10742974,https://cdn.shopify.com/s/files/1/0618/2368/0740/files/4_1_223e5afb-72ac-444d-a572-4c543bafa679.png?v=1729002198,6,Hulk Printed Kids Hoodie Set - close-up detail - kids wear Pakistan,,,,,,,,,,,,,,,,,,,,,,,,,,,,,,,,,,,,,,,,,,,,https://cdn.shopify.com/s/files/1/0618/2368/0740/files/5_1_5fea2e82-4f73-4f1e-96ea-b062f5c703f8.png?v=1729002213,kg,,,,,,
hulk-printed-kids-hoodie-set,,,,,,,,,1-2-years,,,blue,,,,,'10742975,500.0,shopify,200,continue,manual,1399.00,0.00,true,false,,,,,'10742975,https://cdn.shopify.com/s/files/1/0618/2368/0740/files/2_1_83de8aee-ec4f-4b0a-b5a9-1193947b435f.png?v=1729002239,7,Hulk Printed Kids Hoodie Set - lifestyle view - kids wear Pakistan,,,,,,,,,,,,,,,,,,,,,,,,,,,,,,,,,,,,,,,,,,,,https://cdn.shopify.com/s/files/1/0618/2368/0740/files/1_1_90be48d7-77b2-4071-950a-de8c65506b7c.png?v=1729002143,kg,,,,,,
hulk-printed-kids-hoodie-set,,,,,,,,,3-4-years,,,dark-grey,,,,,'10714738,500.0,shopify,200,continue,manual,1399.00,0.00,true,false,,,,,'10714738,https://cdn.shopify.com/s/files/1/0618/2368/0740/files/kidssizechart_e28feb53-900a-4966-81fe-20382accf994.jpg?v=1776761612,8,We Can Be Heroes Printed Kids Hoodie Set Copy size chart - measurements guide,,,,,,,,,,,,,,,,,,,,,,,,,,,,,,,,,,,,,,,,,,,,https://cdn.shopify.com/s/files/1/0618/2368/0740/files/3_1_29c1659e-916b-4b1a-bc84-55b1ec08f7fc.png?v=1729002126,kg,,,,,,
hulk-printed-kids-hoodie-set,,,,,,,,,3-4-years,,,navy-1,,,,,'10714739,500.0,shopify,200,continue,manual,1399.00,0.00,true,false,,,,,'10714739,,,,,,,,,,,,,,,,,,,,,,,,,,,,,,,,,,,,,,,,,,,,,,,https://cdn.shopify.com/s/files/1/0618/2368/0740/files/2_1_83de8aee-ec4f-4b0a-b5a9-1193947b435f.png?v=1729002239,kg,,,,,,
hulk-printed-kids-hoodie-set,,,,,,,,,3-4-years,,,yellow-1,,,,,'10714740,500.0,shopify,200,continue,manual,1399.00,0.00,true,false,,,,,'10714740,,,,,,,,,,,,,,,,,,,,,,,,,,,,,,,,,,,,,,,,,,,,,,,https://cdn.shopify.com/s/files/1/0618/2368/0740/files/7_1_b4538f9a-feee-4f1f-a53b-714c7a5a8bb6.png?v=1729002165,kg,,,,,,
hulk-printed-kids-hoodie-set,,,,,,,,,3-4-years,,,red,,,,,'10714741,500.0,shopify,200,continue,manual,1399.00,0.00,true,false,,,,,'10714741,,,,,,,,,,,,,,,,,,,,,,,,,,,,,,,,,,,,,,,,,,,,,,,https://cdn.shopify.com/s/files/1/0618/2368/0740/files/6_1_35983b2a-2176-41d6-be77-4ebcb3d33889.png?v=1729002185,kg,,,,,,
hulk-printed-kids-hoodie-set,,,,,,,,,3-4-years,,,silver,,,,,'10714742,500.0,shopify,200,continue,manual,1399.00,0.00,true,false,,,,,'10714742,,,,,,,,,,,,,,,,,,,,,,,,,,,,,,,,,,,,,,,,,,,,,,,https://cdn.shopify.com/s/files/1/0618/2368/0740/files/4_1_223e5afb-72ac-444d-a572-4c543bafa679.png?v=1729002198,kg,,,,,,
hulk-printed-kids-hoodie-set,,,,,,,,,3-4-years,,,pink,,,,,'10714743,500.0,shopify,200,continue,manual,1399.00,0.00,true,false,,,,,'10714743,,,,,,,,,,,,,,,,,,,,,,,,,,,,,,,,,,,,,,,,,,,,,,,https://cdn.shopify.com/s/files/1/0618/2368/0740/files/5_1_5fea2e82-4f73-4f1e-96ea-b062f5c703f8.png?v=1729002213,kg,,,,,,
hulk-printed-kids-hoodie-set,,,,,,,,,3-4-years,,,blue,,,,,'10714744,500.0,shopify,200,continue,manual,1399.00,0.00,true,false,,,,,'10714744,,,,,,,,,,,,,,,,,,,,,,,,,,,,,,,,,,,,,,,,,,,,,,,https://cdn.shopify.com/s/files/1/0618/2368/0740/files/1_1_90be48d7-77b2-4071-950a-de8c65506b7c.png?v=1729002143,kg,,,,,,
hulk-printed-kids-hoodie-set,,,,,,,,,6-years,,,dark-grey,,,,,'10714745,500.0,shopify,200,continue,manual,1399.00,0.00,true,false,,,,,'10714745,,,,,,,,,,,,,,,,,,,,,,,,,,,,,,,,,,,,,,,,,,,,,,,https://cdn.shopify.com/s/files/1/0618/2368/0740/files/3_1_29c1659e-916b-4b1a-bc84-55b1ec08f7fc.png?v=1729002126,kg,,,,,,
hulk-printed-kids-hoodie-set,,,,,,,,,6-years,,,navy-1,,,,,'10714746,500.0,shopify,200,continue,manual,1399.00,0.00,true,false,,,,,'10714746,,,,,,,,,,,,,,,,,,,,,,,,,,,,,,,,,,,,,,,,,,,,,,,https://cdn.shopify.com/s/files/1/0618/2368/0740/files/2_1_83de8aee-ec4f-4b0a-b5a9-1193947b435f.png?v=1729002239,kg,,,,,,
hulk-printed-kids-hoodie-set,,,,,,,,,6-years,,,yellow-1,,,,,'10714747,500.0,shopify,200,continue,manual,1399.00,0.00,true,false,,,,,'10714747,,,,,,,,,,,,,,,,,,,,,,,,,,,,,,,,,,,,,,,,,,,,,,,https://cdn.shopify.com/s/files/1/0618/2368/0740/files/7_1_b4538f9a-feee-4f1f-a53b-714c7a5a8bb6.png?v=1729002165,kg,,,,,,
hulk-printed-kids-hoodie-set,,,,,,,,,6-years,,,red,,,,,'10714748,500.0,shopify,200,continue,manual,1399.00,0.00,true,false,,,,,'10714748,,,,,,,,,,,,,,,,,,,,,,,,,,,,,,,,,,,,,,,,,,,,,,,https://cdn.shopify.com/s/files/1/0618/2368/0740/files/6_1_35983b2a-2176-41d6-be77-4ebcb3d33889.png?v=1729002185,kg,,,,,,
hulk-printed-kids-hoodie-set,,,,,,,,,6-years,,,silver,,,,,'10714749,500.0,shopify,200,continue,manual,1399.00,0.00,true,false,,,,,'10714749,,,,,,,,,,,,,,,,,,,,,,,,,,,,,,,,,,,,,,,,,,,,,,,https://cdn.shopify.com/s/files/1/0618/2368/0740/files/4_1_223e5afb-72ac-444d-a572-4c543bafa679.png?v=1729002198,kg,,,,,,
hulk-printed-kids-hoodie-set,,,,,,,,,6-years,,,pink,,,,,'10714750,500.0,shopify,200,continue,manual,1399.00,0.00,true,false,,,,,'10714750,,,,,,,,,,,,,,,,,,,,,,,,,,,,,,,,,,,,,,,,,,,,,,,https://cdn.shopify.com/s/files/1/0618/2368/0740/files/5_1_5fea2e82-4f73-4f1e-96ea-b062f5c703f8.png?v=1729002213,kg,,,,,,
hulk-printed-kids-hoodie-set,,,,,,,,,6-years,,,blue,,,,,'10714751,500.0,shopify,200,continue,manual,1399.00,0.00,true,false,,,,,'10714751,,,,,,,,,,,,,,,,,,,,,,,,,,,,,,,,,,,,,,,,,,,,,,,https://cdn.shopify.com/s/files/1/0618/2368/0740/files/1_1_90be48d7-77b2-4071-950a-de8c65506b7c.png?v=1729002143,kg,,,,,,
hulk-printed-kids-hoodie-set,,,,,,,,,7-8-years,,,dark-grey,,,,,'10714752,500.0,shopify,200,continue,manual,1399.00,0.00,true,false,,,,,'10714752,,,,,,,,,,,,,,,,,,,,,,,,,,,,,,,,,,,,,,,,,,,,,,,https://cdn.shopify.com/s/files/1/0618/2368/0740/files/3_1_29c1659e-916b-4b1a-bc84-55b1ec08f7fc.png?v=1729002126,kg,,,,,,
hulk-printed-kids-hoodie-set,,,,,,,,,7-8-years,,,navy-1,,,,,'10714753,500.0,shopify,200,continue,manual,1399.00,0.00,true,false,,,,,'10714753,,,,,,,,,,,,,,,,,,,,,,,,,,,,,,,,,,,,,,,,,,,,,,,https://cdn.shopify.com/s/files/1/0618/2368/0740/files/2_1_83de8aee-ec4f-4b0a-b5a9-1193947b435f.png?v=1729002239,kg,,,,,,
hulk-printed-kids-hoodie-set,,,,,,,,,7-8-years,,,yellow-1,,,,,'10714754,500.0,shopify,200,continue,manual,1399.00,0.00,true,false,,,,,'10714754,,,,,,,,,,,,,,,,,,,,,,,,,,,,,,,,,,,,,,,,,,,,,,,https://cdn.shopify.com/s/files/1/0618/2368/0740/files/7_1_b4538f9a-feee-4f1f-a53b-714c7a5a8bb6.png?v=1729002165,kg,,,,,,
hulk-printed-kids-hoodie-set,,,,,,,,,7-8-years,,,red,,,,,'10714755,500.0,shopify,200,continue,manual,1399.00,0.00,true,false,,,,,'10714755,,,,,,,,,,,,,,,,,,,,,,,,,,,,,,,,,,,,,,,,,,,,,,,https://cdn.shopify.com/s/files/1/0618/2368/0740/files/6_1_35983b2a-2176-41d6-be77-4ebcb3d33889.png?v=1729002185,kg,,,,,,
hulk-printed-kids-hoodie-set,,,,,,,,,7-8-years,,,silver,,,,,'10714756,500.0,shopify,200,continue,manual,1399.00,0.00,true,false,,,,,'10714756,,,,,,,,,,,,,,,,,,,,,,,,,,,,,,,,,,,,,,,,,,,,,,,https://cdn.shopify.com/s/files/1/0618/2368/0740/files/4_1_223e5afb-72ac-444d-a572-4c543bafa679.png?v=1729002198,kg,,,,,,
hulk-printed-kids-hoodie-set,,,,,,,,,7-8-years,,,pink,,,,,'10714757,500.0,shopify,200,continue,manual,1399.00,0.00,true,false,,,,,'10714757,,,,,,,,,,,,,,,,,,,,,,,,,,,,,,,,,,,,,,,,,,,,,,,https://cdn.shopify.com/s/files/1/0618/2368/0740/files/5_1_5fea2e82-4f73-4f1e-96ea-b062f5c703f8.png?v=1729002213,kg,,,,,,
hulk-printed-kids-hoodie-set,,,,,,,,,7-8-years,,,blue,,,,,'10714758,500.0,shopify,200,continue,manual,1399.00,0.00,true,false,,,,,'10714758,,,,,,,,,,,,,,,,,,,,,,,,,,,,,,,,,,,,,,,,,,,,,,,https://cdn.shopify.com/s/files/1/0618/2368/0740/files/1_1_90be48d7-77b2-4071-950a-de8c65506b7c.png?v=1729002143,kg,,,,,,
hulk-printed-kids-hoodie-set,,,,,,,,,9-10-years,,,dark-grey,,,,,'10714759,500.0,shopify,200,continue,manual,1399.00,0.00,true,false,,,,,'10714759,,,,,,,,,,,,,,,,,,,,,,,,,,,,,,,,,,,,,,,,,,,,,,,https://cdn.shopify.com/s/files/1/0618/2368/0740/files/3_1_29c1659e-916b-4b1a-bc84-55b1ec08f7fc.png?v=1729002126,kg,,,,,,
hulk-printed-kids-hoodie-set,,,,,,,,,9-10-years,,,navy-1,,,,,'10714760,500.0,shopify,200,continue,manual,1399.00,0.00,true,false,,,,,'10714760,,,,,,,,,,,,,,,,,,,,,,,,,,,,,,,,,,,,,,,,,,,,,,,https://cdn.shopify.com/s/files/1/0618/2368/0740/files/2_1_83de8aee-ec4f-4b0a-b5a9-1193947b435f.png?v=1729002239,kg,,,,,,
hulk-printed-kids-hoodie-set,,,,,,,,,9-10-years,,,yellow-1,,,,,'10714761,500.0,shopify,200,continue,manual,1399.00,0.00,true,false,,,,,'10714761,,,,,,,,,,,,,,,,,,,,,,,,,,,,,,,,,,,,,,,,,,,,,,,https://cdn.shopify.com/s/files/1/0618/2368/0740/files/7_1_b4538f9a-feee-4f1f-a53b-714c7a5a8bb6.png?v=1729002165,kg,,,,,,
hulk-printed-kids-hoodie-set,,,,,,,,,9-10-years,,,red,,,,,'10714762,500.0,shopify,200,continue,manual,1399.00,0.00,true,false,,,,,'10714762,,,,,,,,,,,,,,,,,,,,,,,,,,,,,,,,,,,,,,,,,,,,,,,https://cdn.shopify.com/s/files/1/0618/2368/0740/files/6_1_35983b2a-2176-41d6-be77-4ebcb3d33889.png?v=1729002185,kg,,,,,,
hulk-printed-kids-hoodie-set,,,,,,,,,9-10-years,,,silver,,,,,'10714763,500.0,shopify,200,continue,manual,1399.00,0.00,true,false,,,,,'10714763,,,,,,,,,,,,,,,,,,,,,,,,,,,,,,,,,,,,,,,,,,,,,,,https://cdn.shopify.com/s/files/1/0618/2368/0740/files/4_1_223e5afb-72ac-444d-a572-4c543bafa679.png?v=1729002198,kg,,,,,,
hulk-printed-kids-hoodie-set,,,,,,,,,9-10-years,,,pink,,,,,'10714764,500.0,shopify,200,continue,manual,1399.00,0.00,true,false,,,,,'10714764,,,,,,,,,,,,,,,,,,,,,,,,,,,,,,,,,,,,,,,,,,,,,,,https://cdn.shopify.com/s/files/1/0618/2368/0740/files/5_1_5fea2e82-4f73-4f1e-96ea-b062f5c703f8.png?v=1729002213,kg,,,,,,
hulk-printed-kids-hoodie-set,,,,,,,,,9-10-years,,,blue,,,,,'10714765,500.0,shopify,200,continue,manual,1399.00,0.00,true,false,,,,,'10714765,,,,,,,,,,,,,,,,,,,,,,,,,,,,,,,,,,,,,,,,,,,,,,,https://cdn.shopify.com/s/files/1/0618/2368/0740/files/1_1_90be48d7-77b2-4071-950a-de8c65506b7c.png?v=1729002143,kg,,,,,,
hulk-printed-kids-hoodie-set,,,,,,,,,11-12-years,,,dark-grey,,,,,'10714766,500.0,shopify,200,continue,manual,1399.00,0.00,true,false,,,,,'10714766,,,,,,,,,,,,,,,,,,,,,,,,,,,,,,,,,,,,,,,,,,,,,,,https://cdn.shopify.com/s/files/1/0618/2368/0740/files/3_1_29c1659e-916b-4b1a-bc84-55b1ec08f7fc.png?v=1729002126,kg,,,,,,
hulk-printed-kids-hoodie-set,,,,,,,,,11-12-years,,,navy-1,,,,,'10714767,500.0,shopify,200,continue,manual,1399.00,0.00,true,false,,,,,'10714767,,,,,,,,,,,,,,,,,,,,,,,,,,,,,,,,,,,,,,,,,,,,,,,https://cdn.shopify.com/s/files/1/0618/2368/0740/files/2_1_83de8aee-ec4f-4b0a-b5a9-1193947b435f.png?v=1729002239,kg,,,,,,
hulk-printed-kids-hoodie-set,,,,,,,,,11-12-years,,,yellow-1,,,,,'10714768,500.0,shopify,200,continue,manual,1399.00,0.00,true,false,,,,,'10714768,,,,,,,,,,,,,,,,,,,,,,,,,,,,,,,,,,,,,,,,,,,,,,,https://cdn.shopify.com/s/files/1/0618/2368/0740/files/7_1_b4538f9a-feee-4f1f-a53b-714c7a5a8bb6.png?v=1729002165,kg,,,,,,
hulk-printed-kids-hoodie-set,,,,,,,,,11-12-years,,,red,,,,,'10714769,500.0,shopify,200,continue,manual,1399.00,0.00,true,false,,,,,'10714769,,,,,,,,,,,,,,,,,,,,,,,,,,,,,,,,,,,,,,,,,,,,,,,https://cdn.shopify.com/s/files/1/0618/2368/0740/files/6_1_35983b2a-2176-41d6-be77-4ebcb3d33889.png?v=1729002185,kg,,,,,,
hulk-printed-kids-hoodie-set,,,,,,,,,11-12-years,,,silver,,,,,'10714770,500.0,shopify,200,continue,manual,1399.00,0.00,true,false,,,,,'10714770,,,,,,,,,,,,,,,,,,,,,,,,,,,,,,,,,,,,,,,,,,,,,,,https://cdn.shopify.com/s/files/1/0618/2368/0740/files/4_1_223e5afb-72ac-444d-a572-4c543bafa679.png?v=1729002198,kg,,,,,,
hulk-printed-kids-hoodie-set,,,,,,,,,11-12-years,,,pink,,,,,'10714771,500.0,shopify,200,continue,manual,1399.00,0.00,true,false,,,,,'10714771,,,,,,,,,,,,,,,,,,,,,,,,,,,,,,,,,,,,,,,,,,,,,,,https://cdn.shopify.com/s/files/1/0618/2368/0740/files/5_1_5fea2e82-4f73-4f1e-96ea-b062f5c703f8.png?v=1729002213,kg,,,,,,
hulk-printed-kids-hoodie-set,,,,,,,,,11-12-years,,,blue,,,,,'10706915,500.0,shopify,200,continue,manual,1399.00,0.00,true,false,,,,,'10706915,,,,,,,,,,,,,,,,,,,,,,,,,,,,,,,,,,,,,,,,,,,,,,,https://cdn.shopify.com/s/files/1/0618/2368/0740/files/1_1_90be48d7-77b2-4071-950a-de8c65506b7c.png?v=1729002143,kg,,,,,,
cute-panda-printed-kids-hoodie-set,Kids Winter Hoodie Set | Cute Panda Printed,"<h4><strong><span data-sheets-root=""1"">Kids Winter Hoodie Set | Cute Panda Printed<br><br></span></strong></h4>
<p data-start=""216"" data-end=""428"">Featuring an adorable panda design, this outfit brings a fun and lovable vibe to your child’s winter wardrobe.</p>
<p data-start=""430"" data-end=""716"">Crafted from soft, premium fleece fabric, the hoodie keeps your child warm and comfortable during chilly days, while the matching jogger pants offer a relaxed fit for easy movement. Perfect for school, playtime, or casual outings, this set combines everyday comfort with charming style.</p>
<p data-start=""718"" data-end=""809"">The cute panda print makes it a favorite choice for kids who love playful and cozy outfits.</p>
<p data-start=""811"" data-end=""826"">✨ <strong data-start=""813"" data-end=""826"">Features:</strong></p>
<ul data-start=""827"" data-end=""1041"">
<li data-section-id=""m2jogh"" data-start=""827"" data-end=""870"">Soft fleece fabric for warmth &amp; comfort</li>
<li data-section-id=""113mpqv"" data-start=""871"" data-end=""903"">Adorable cute panda print 🐼</li>
<li data-section-id=""gklsta"" data-start=""904"" data-end=""942"">Cozy hoodie with soft inner lining</li>
<li data-section-id=""1qd8zxj"" data-start=""943"" data-end=""991"">Matching jogger pants with elastic waistband</li>
<li data-section-id=""9bnese"" data-start=""992"" data-end=""1041"">Ideal for daily wear, school &amp; winter outings</li>
</ul>
<p data-start=""1043"" data-end=""1106"">Let your kids stay <strong data-start=""1062"" data-end=""1093"">warm, comfy, and extra cute</strong> this winter!</p>
<h4><strong><span data-sheets-root=""1""><br></span></strong></h4>",BBG FASHION,Apparel & Accessories > Clothing > Baby & Toddler Clothing,Kids Hoodie Set,Kids Winter Collection,true,Size,1 - 2 Years,,Color,pink,product.metafields.shopify.color-pattern,,,,'10742868,500.0,shopify,200,continue,manual,1399.00,0.00,true,false,,,,,'10742868,https://cdn.shopify.com/s/files/1/0618/2368/0740/files/4_1.png?v=1729000319,1,Cute Panda Printed Kids Hoodie Set - side view - kids wear Pakistan,false,,"Shop Kids Winter Hoodie Set Cute Panda Printed in soft fleece. Warm, cozy & adorable winter outfit for kids. Perfect everyday wear in Pakistan. Order now!",182,,,,,,,,,,,,,,,,,,,,pink; yellow-1; red; silver; blue; navy-1; dark-grey,,,fleece,,,,,,,,,,,,,,,,,https://cdn.shopify.com/s/files/1/0618/2368/0740/files/4_1.png?v=1729000319,kg,,,true,,,active
cute-panda-printed-kids-hoodie-set,,,,,,,,,1 - 2 Years,,,yellow-1,,,,,'10742869,500.0,shopify,200,continue,manual,1399.00,0.00,true,false,,,,,'10742869,https://cdn.shopify.com/s/files/1/0618/2368/0740/files/2_1.png?v=1729000263,2,Cute Panda Printed Kids Hoodie Set - front view - kids wear Pakistan,,,,,,,,,,,,,,,,,,,,,,,,,,,,,,,,,,,,,,,,,,,,https://cdn.shopify.com/s/files/1/0618/2368/0740/files/2_1.png?v=1729000263,kg,,,,,,
cute-panda-printed-kids-hoodie-set,,,,,,,,,1 - 2 Years,,,red,,,,,'10742870,500.0,shopify,200,continue,manual,1399.00,0.00,true,false,,,,,'10742870,https://cdn.shopify.com/s/files/1/0618/2368/0740/files/3_1.png?v=1729000283,3,Cute Panda Printed Kids Hoodie Set - back view - kids wear Pakistan,,,,,,,,,,,,,,,,,,,,,,,,,,,,,,,,,,,,,,,,,,,,https://cdn.shopify.com/s/files/1/0618/2368/0740/files/3_1.png?v=1729000283,kg,,,,,,
cute-panda-printed-kids-hoodie-set,,,,,,,,,1 - 2 Years,,,silver,,,,,'10742871,500.0,shopify,200,continue,manual,1399.00,0.00,true,false,,,,,'10742871,https://cdn.shopify.com/s/files/1/0618/2368/0740/files/1_1.png?v=1729000302,4,Cute Panda Printed Kids Hoodie Set - detail shot - kids wear Pakistan,,,,,,,,,,,,,,,,,,,,,,,,,,,,,,,,,,,,,,,,,,,,https://cdn.shopify.com/s/files/1/0618/2368/0740/files/1_1.png?v=1729000302,kg,,,,,,
cute-panda-printed-kids-hoodie-set,,,,,,,,,1 - 2 Years,,,blue,,,,,'10742872,500.0,shopify,200,continue,manual,1399.00,0.00,true,false,,,,,'10742872,https://cdn.shopify.com/s/files/1/0618/2368/0740/files/7_1.png?v=1729000345,5,Cute Panda Printed Kids Hoodie Set - close-up detail - kids wear Pakistan,,,,,,,,,,,,,,,,,,,,,,,,,,,,,,,,,,,,,,,,,,,,https://cdn.shopify.com/s/files/1/0618/2368/0740/files/7_1.png?v=1729000345,kg,,,,,,
cute-panda-printed-kids-hoodie-set,,,,,,,,,1 - 2 Years,,,navy-1,,,,,'10742873,500.0,shopify,200,continue,manual,1399.00,0.00,true,false,,,,,'10742873,https://cdn.shopify.com/s/files/1/0618/2368/0740/files/6_1.png?v=1729000389,6,Cute Panda Printed Kids Hoodie Set - flat lay - kids wear Pakistan,,,,,,,,,,,,,,,,,,,,,,,,,,,,,,,,,,,,,,,,,,,,https://cdn.shopify.com/s/files/1/0618/2368/0740/files/6_1.png?v=1729000389,kg,,,,,,
cute-panda-printed-kids-hoodie-set,,,,,,,,,1 - 2 Years,,,dark-grey,,,,,'10742874,500.0,shopify,200,continue,manual,1399.00,0.00,true,false,,,,,'10742874,https://cdn.shopify.com/s/files/1/0618/2368/0740/files/5_1.png?v=1729000407,7,Cute Panda Printed Kids Hoodie Set - lifestyle view - kids wear Pakistan,,,,,,,,,,,,,,,,,,,,,,,,,,,,,,,,,,,,,,,,,,,,https://cdn.shopify.com/s/files/1/0618/2368/0740/files/5_1.png?v=1729000407,kg,,,,,,
cute-panda-printed-kids-hoodie-set,,,,,,,,,3 - 4 Years,,,pink,,,,,'10714707,500.0,shopify,200,continue,manual,1399.00,0.00,true,false,,,,,'10714707,https://cdn.shopify.com/s/files/1/0618/2368/0740/files/kidssizechart_e28feb53-900a-4966-81fe-20382accf994.jpg?v=1776761612,8,We Can Be Heroes Printed Kids Hoodie Set Copy size chart - measurements guide,,,,,,,,,,,,,,,,,,,,,,,,,,,,,,,,,,,,,,,,,,,,https://cdn.shopify.com/s/files/1/0618/2368/0740/files/4_1.png?v=1729000319,kg,,,,,,
cute-panda-printed-kids-hoodie-set,,,,,,,,,3 - 4 Years,,,yellow-1,,,,,'10714704,500.0,shopify,200,continue,manual,1399.00,0.00,true,false,,,,,'10714704,,,,,,,,,,,,,,,,,,,,,,,,,,,,,,,,,,,,,,,,,,,,,,,https://cdn.shopify.com/s/files/1/0618/2368/0740/files/2_1.png?v=1729000263,kg,,,,,,
cute-panda-printed-kids-hoodie-set,,,,,,,,,3 - 4 Years,,,red,,,,,'10714705,500.0,shopify,200,continue,manual,1399.00,0.00,true,false,,,,,'10714705,,,,,,,,,,,,,,,,,,,,,,,,,,,,,,,,,,,,,,,,,,,,,,,https://cdn.shopify.com/s/files/1/0618/2368/0740/files/3_1.png?v=1729000283,kg,,,,,,
cute-panda-printed-kids-hoodie-set,,,,,,,,,3 - 4 Years,,,silver,,,,,'10714706,500.0,shopify,200,continue,manual,1399.00,0.00,true,false,,,,,'10714706,,,,,,,,,,,,,,,,,,,,,,,,,,,,,,,,,,,,,,,,,,,,,,,https://cdn.shopify.com/s/files/1/0618/2368/0740/files/1_1.png?v=1729000302,kg,,,,,,
cute-panda-printed-kids-hoodie-set,,,,,,,,,3 - 4 Years,,,blue,,,,,'10714708,500.0,shopify,200,continue,manual,1399.00,0.00,true,false,,,,,'10714708,,,,,,,,,,,,,,,,,,,,,,,,,,,,,,,,,,,,,,,,,,,,,,,https://cdn.shopify.com/s/files/1/0618/2368/0740/files/7_1.png?v=1729000345,kg,,,,,,
cute-panda-printed-kids-hoodie-set,,,,,,,,,3 - 4 Years,,,navy-1,,,,,'10714709,500.0,shopify,200,continue,manual,1399.00,0.00,true,false,,,,,'10714709,,,,,,,,,,,,,,,,,,,,,,,,,,,,,,,,,,,,,,,,,,,,,,,https://cdn.shopify.com/s/files/1/0618/2368/0740/files/6_1.png?v=1729000389,kg,,,,,,
cute-panda-printed-kids-hoodie-set,,,,,,,,,3 - 4 Years,,,dark-grey,,,,,'10714710,500.0,shopify,200,continue,manual,1399.00,0.00,true,false,,,,,'10714710,,,,,,,,,,,,,,,,,,,,,,,,,,,,,,,,,,,,,,,,,,,,,,,https://cdn.shopify.com/s/files/1/0618/2368/0740/files/5_1.png?v=1729000407,kg,,,,,,
cute-panda-printed-kids-hoodie-set,,,,,,,,,5 - 6 Years,,,pink,,,,,'10714714,500.0,shopify,200,continue,manual,1399.00,0.00,true,false,,,,,'10714714,,,,,,,,,,,,,,,,,,,,,,,,,,,,,,,,,,,,,,,,,,,,,,,https://cdn.shopify.com/s/files/1/0618/2368/0740/files/4_1.png?v=1729000319,kg,,,,,,
cute-panda-printed-kids-hoodie-set,,,,,,,,,5 - 6 Years,,,yellow-1,,,,,'10714711,500.0,shopify,200,continue,manual,1399.00,0.00,true,false,,,,,'10714711,,,,,,,,,,,,,,,,,,,,,,,,,,,,,,,,,,,,,,,,,,,,,,,https://cdn.shopify.com/s/files/1/0618/2368/0740/files/2_1.png?v=1729000263,kg,,,,,,
cute-panda-printed-kids-hoodie-set,,,,,,,,,5 - 6 Years,,,red,,,,,'10714712,500.0,shopify,200,continue,manual,1399.00,0.00,true,false,,,,,'10714712,,,,,,,,,,,,,,,,,,,,,,,,,,,,,,,,,,,,,,,,,,,,,,,https://cdn.shopify.com/s/files/1/0618/2368/0740/files/3_1.png?v=1729000283,kg,,,,,,
cute-panda-printed-kids-hoodie-set,,,,,,,,,5 - 6 Years,,,silver,,,,,'10714713,500.0,shopify,200,continue,manual,1399.00,0.00,true,false,,,,,'10714713,,,,,,,,,,,,,,,,,,,,,,,,,,,,,,,,,,,,,,,,,,,,,,,https://cdn.shopify.com/s/files/1/0618/2368/0740/files/1_1.png?v=1729000302,kg,,,,,,
cute-panda-printed-kids-hoodie-set,,,,,,,,,5 - 6 Years,,,blue,,,,,'10714715,500.0,shopify,200,continue,manual,1399.00,0.00,true,false,,,,,'10714715,,,,,,,,,,,,,,,,,,,,,,,,,,,,,,,,,,,,,,,,,,,,,,,https://cdn.shopify.com/s/files/1/0618/2368/0740/files/7_1.png?v=1729000345,kg,,,,,,
cute-panda-printed-kids-hoodie-set,,,,,,,,,5 - 6 Years,,,navy-1,,,,,'10714716,500.0,shopify,200,continue,manual,1399.00,0.00,true,false,,,,,'10714716,,,,,,,,,,,,,,,,,,,,,,,,,,,,,,,,,,,,,,,,,,,,,,,https://cdn.shopify.com/s/files/1/0618/2368/0740/files/6_1.png?v=1729000389,kg,,,,,,
cute-panda-printed-kids-hoodie-set,,,,,,,,,5 - 6 Years,,,dark-grey,,,,,'10714717,500.0,shopify,200,continue,manual,1399.00,0.00,true,false,,,,,'10714717,,,,,,,,,,,,,,,,,,,,,,,,,,,,,,,,,,,,,,,,,,,,,,,https://cdn.shopify.com/s/files/1/0618/2368/0740/files/5_1.png?v=1729000407,kg,,,,,,
cute-panda-printed-kids-hoodie-set,,,,,,,,,7 - 8 Years,,,pink,,,,,'10714721,500.0,shopify,200,continue,manual,1399.00,0.00,true,false,,,,,'10714721,,,,,,,,,,,,,,,,,,,,,,,,,,,,,,,,,,,,,,,,,,,,,,,https://cdn.shopify.com/s/files/1/0618/2368/0740/files/4_1.png?v=1729000319,kg,,,,,,
cute-panda-printed-kids-hoodie-set,,,,,,,,,7 - 8 Years,,,yellow-1,,,,,'10714718,500.0,shopify,200,continue,manual,1399.00,0.00,true,false,,,,,'10714718,,,,,,,,,,,,,,,,,,,,,,,,,,,,,,,,,,,,,,,,,,,,,,,https://cdn.shopify.com/s/files/1/0618/2368/0740/files/2_1.png?v=1729000263,kg,,,,,,
cute-panda-printed-kids-hoodie-set,,,,,,,,,7 - 8 Years,,,red,,,,,'10714719,500.0,shopify,200,continue,manual,1399.00,0.00,true,false,,,,,'10714719,,,,,,,,,,,,,,,,,,,,,,,,,,,,,,,,,,,,,,,,,,,,,,,https://cdn.shopify.com/s/files/1/0618/2368/0740/files/3_1.png?v=1729000283,kg,,,,,,
cute-panda-printed-kids-hoodie-set,,,,,,,,,7 - 8 Years,,,silver,,,,,'10714720,500.0,shopify,200,continue,manual,1399.00,0.00,true,false,,,,,'10714720,,,,,,,,,,,,,,,,,,,,,,,,,,,,,,,,,,,,,,,,,,,,,,,https://cdn.shopify.com/s/files/1/0618/2368/0740/files/1_1.png?v=1729000302,kg,,,,,,
cute-panda-printed-kids-hoodie-set,,,,,,,,,7 - 8 Years,,,blue,,,,,'10714722,500.0,shopify,200,continue,manual,1399.00,0.00,true,false,,,,,'10714722,,,,,,,,,,,,,,,,,,,,,,,,,,,,,,,,,,,,,,,,,,,,,,,https://cdn.shopify.com/s/files/1/0618/2368/0740/files/7_1.png?v=1729000345,kg,,,,,,
cute-panda-printed-kids-hoodie-set,,,,,,,,,7 - 8 Years,,,navy-1,,,,,'10714723,500.0,shopify,200,continue,manual,1399.00,0.00,true,false,,,,,'10714723,,,,,,,,,,,,,,,,,,,,,,,,,,,,,,,,,,,,,,,,,,,,,,,https://cdn.shopify.com/s/files/1/0618/2368/0740/files/6_1.png?v=1729000389,kg,,,,,,
cute-panda-printed-kids-hoodie-set,,,,,,,,,7 - 8 Years,,,dark-grey,,,,,'10714724,500.0,shopify,200,continue,manual,1399.00,0.00,true,false,,,,,'10714724,,,,,,,,,,,,,,,,,,,,,,,,,,,,,,,,,,,,,,,,,,,,,,,https://cdn.shopify.com/s/files/1/0618/2368/0740/files/5_1.png?v=1729000407,kg,,,,,,
cute-panda-printed-kids-hoodie-set,,,,,,,,,9 - 10 Years,,,pink,,,,,'10714728,500.0,shopify,200,continue,manual,1399.00,0.00,true,false,,,,,'10714728,,,,,,,,,,,,,,,,,,,,,,,,,,,,,,,,,,,,,,,,,,,,,,,https://cdn.shopify.com/s/files/1/0618/2368/0740/files/4_1.png?v=1729000319,kg,,,,,,
cute-panda-printed-kids-hoodie-set,,,,,,,,,9 - 10 Years,,,yellow-1,,,,,'10714725,500.0,shopify,200,continue,manual,1399.00,0.00,true,false,,,,,'10714725,,,,,,,,,,,,,,,,,,,,,,,,,,,,,,,,,,,,,,,,,,,,,,,https://cdn.shopify.com/s/files/1/0618/2368/0740/files/2_1.png?v=1729000263,kg,,,,,,
cute-panda-printed-kids-hoodie-set,,,,,,,,,9 - 10 Years,,,red,,,,,'10714726,500.0,shopify,200,continue,manual,1399.00,0.00,true,false,,,,,'10714726,,,,,,,,,,,,,,,,,,,,,,,,,,,,,,,,,,,,,,,,,,,,,,,https://cdn.shopify.com/s/files/1/0618/2368/0740/files/3_1.png?v=1729000283,kg,,,,,,
cute-panda-printed-kids-hoodie-set,,,,,,,,,9 - 10 Years,,,silver,,,,,'10714727,500.0,shopify,200,continue,manual,1399.00,0.00,true,false,,,,,'10714727,,,,,,,,,,,,,,,,,,,,,,,,,,,,,,,,,,,,,,,,,,,,,,,https://cdn.shopify.com/s/files/1/0618/2368/0740/files/1_1.png?v=1729000302,kg,,,,,,
cute-panda-printed-kids-hoodie-set,,,,,,,,,9 - 10 Years,,,blue,,,,,'10714729,500.0,shopify,200,continue,manual,1399.00,0.00,true,false,,,,,'10714729,,,,,,,,,,,,,,,,,,,,,,,,,,,,,,,,,,,,,,,,,,,,,,,https://cdn.shopify.com/s/files/1/0618/2368/0740/files/7_1.png?v=1729000345,kg,,,,,,
cute-panda-printed-kids-hoodie-set,,,,,,,,,9 - 10 Years,,,navy-1,,,,,'10714730,500.0,shopify,200,continue,manual,1399.00,0.00,true,false,,,,,'10714730,,,,,,,,,,,,,,,,,,,,,,,,,,,,,,,,,,,,,,,,,,,,,,,https://cdn.shopify.com/s/files/1/0618/2368/0740/files/6_1.png?v=1729000389,kg,,,,,,
cute-panda-printed-kids-hoodie-set,,,,,,,,,9 - 10 Years,,,dark-grey,,,,,'10714731,500.0,shopify,200,continue,manual,1399.00,0.00,true,false,,,,,'10714731,,,,,,,,,,,,,,,,,,,,,,,,,,,,,,,,,,,,,,,,,,,,,,,https://cdn.shopify.com/s/files/1/0618/2368/0740/files/5_1.png?v=1729000407,kg,,,,,,
cute-panda-printed-kids-hoodie-set,,,,,,,,,11 - 12 Years,,,pink,,,,,'10714735,500.0,shopify,200,continue,manual,1399.00,0.00,true,false,,,,,'10714735,,,,,,,,,,,,,,,,,,,,,,,,,,,,,,,,,,,,,,,,,,,,,,,https://cdn.shopify.com/s/files/1/0618/2368/0740/files/4_1.png?v=1729000319,kg,,,,,,
cute-panda-printed-kids-hoodie-set,,,,,,,,,11 - 12 Years,,,yellow-1,,,,,'10714732,500.0,shopify,200,continue,manual,1399.00,0.00,true,false,,,,,'10714732,,,,,,,,,,,,,,,,,,,,,,,,,,,,,,,,,,,,,,,,,,,,,,,https://cdn.shopify.com/s/files/1/0618/2368/0740/files/2_1.png?v=1729000263,kg,,,,,,
cute-panda-printed-kids-hoodie-set,,,,,,,,,11 - 12 Years,,,red,,,,,'10714733,500.0,shopify,200,continue,manual,1399.00,0.00,true,false,,,,,'10714733,,,,,,,,,,,,,,,,,,,,,,,,,,,,,,,,,,,,,,,,,,,,,,,https://cdn.shopify.com/s/files/1/0618/2368/0740/files/3_1.png?v=1729000283,kg,,,,,,
cute-panda-printed-kids-hoodie-set,,,,,,,,,11 - 12 Years,,,silver,,,,,'10714734,500.0,shopify,200,continue,manual,1399.00,0.00,true,false,,,,,'10714734,,,,,,,,,,,,,,,,,,,,,,,,,,,,,,,,,,,,,,,,,,,,,,,https://cdn.shopify.com/s/files/1/0618/2368/0740/files/1_1.png?v=1729000302,kg,,,,,,
cute-panda-printed-kids-hoodie-set,,,,,,,,,11 - 12 Years,,,blue,,,,,'10714736,500.0,shopify,200,continue,manual,1399.00,0.00,true,false,,,,,'10714736,,,,,,,,,,,,,,,,,,,,,,,,,,,,,,,,,,,,,,,,,,,,,,,https://cdn.shopify.com/s/files/1/0618/2368/0740/files/7_1.png?v=1729000345,kg,,,,,,
cute-panda-printed-kids-hoodie-set,,,,,,,,,11 - 12 Years,,,navy-1,,,,,'10714737,500.0,shopify,200,continue,manual,1399.00,0.00,true,false,,,,,'10714737,,,,,,,,,,,,,,,,,,,,,,,,,,,,,,,,,,,,,,,,,,,,,,,https://cdn.shopify.com/s/files/1/0618/2368/0740/files/6_1.png?v=1729000389,kg,,,,,,
cute-panda-printed-kids-hoodie-set,,,,,,,,,11 - 12 Years,,,dark-grey,,,,,'10706914,500.0,shopify,200,continue,manual,1399.00,0.00,true,false,,,,,'10706914,,,,,,,,,,,,,,,,,,,,,,,,,,,,,,,,,,,,,,,,,,,,,,,https://cdn.shopify.com/s/files/1/0618/2368/0740/files/5_1.png?v=1729000407,kg,,,,,,
awesome-printed-sweatshirt-set-copy,Kids Winter Sweat Shirt Set | Awesome Printed,"<h4>Kids Winter Sweat Shirt Set | Awesome Printed<br><br>
</h4>
<p data-end=""405"" data-start=""156"">Designed for everyday comfort, this cozy outfit features a trendy “Awesome” print that adds a fun and confident touch to your child’s look.</p>
<p data-end=""677"" data-start=""407"">Made from soft, high-quality fleece fabric, it provides excellent warmth during chilly days while remaining breathable and gentle on the skin. The sweatshirt pairs perfectly with matching trousers, offering a complete winter outfit that’s both practical and fashionable.</p>
<p data-end=""791"" data-start=""679"">Perfect for school, playtime, or casual outings—this set is all about comfort, durability, and effortless style.</p>
<p data-end=""812"" data-start=""793""><strong data-end=""812"" data-start=""793"">✨ Key Features:</strong></p>
<ul data-end=""1071"" data-start=""813"">
<li data-end=""845"" data-start=""813"" data-section-id=""cre33n"">Soft &amp; warm fleece fabric ❄️</li>
<li data-end=""881"" data-start=""846"" data-section-id=""kznmbh"">Trendy “Awesome” front print 😎</li>
<li data-end=""915"" data-start=""882"" data-section-id=""1dd02rc"">Comfortable elastic waistband</li>
<li data-end=""950"" data-start=""916"" data-section-id=""b7vxol"">Ribbed cuffs for a perfect fit</li>
<li data-end=""990"" data-start=""951"" data-section-id=""95i0z6"">Skin-friendly &amp; breathable material</li>
<li data-end=""1030"" data-start=""991"" data-section-id=""1wtwtt7"">Durable stitching for everyday wear</li>
<li data-end=""1071"" data-start=""1031"" data-section-id=""a9wbs4"">Ideal for winter outings &amp; daily use</li>
</ul>",BBG FASHION CLOTHING STORE,Apparel & Accessories > Clothing > Baby & Toddler Clothing,Kids Sweatshirt & Pant,"Kids Winter Collection, kidssweatshirtandpant",true,Size,1 - 2 Years,,Color,yellow-1,product.metafields.shopify.color-pattern,,,,'10742555,500.0,,0,deny,manual,1399.00,,true,true,,,,,'10742555,https://cdn.shopify.com/s/files/1/0618/2368/0740/files/Yellow_lion_Sweatshirt_PantKids_Silk_Pajamas_Set_6c0b4ff2-bd47-44ef-8b1a-eafe4ac322ed.png?v=1776506370,1,Awesome Printed Sweatshirt Set Copy - front view - unisex wear Pakistan,false,,"Shop Kids Winter Sweat Shirt Set with awesome print. Soft fleece, warm & comfortable outfit for kids. Perfect winter wear for everyday use in Pakistan.",,,,,,,,,,,,,,,,,,,,,yellow-1; silver; red; orange; white; navy-1,,,,,,,,,,,,,,,,,,,,https://cdn.shopify.com/s/files/1/0618/2368/0740/files/Yellow_lion_Sweatshirt_PantKids_Silk_Pajamas_Set_6c0b4ff2-bd47-44ef-8b1a-eafe4ac322ed.png?v=1776506370,g,,,true,,,active
awesome-printed-sweatshirt-set-copy,,,,,,,,,1 - 2 Years,,,silver,,,,,'10742556,500.0,,0,deny,manual,1399.00,,true,true,,,,,'10742556,https://cdn.shopify.com/s/files/1/0618/2368/0740/files/BBG_Grey_Lion_Sweatshirt_Pant_57139066-e948-4ced-ac2d-76dad68b63f9.png?v=1776506370,2,Awesome Printed Sweatshirt Set Copy - front view - unisex wear Pakistan,,,,,,,,,,,,,,,,,,,,,,,,,,,,,,,,,,,,,,,,,,,,https://cdn.shopify.com/s/files/1/0618/2368/0740/files/BBG_Grey_Lion_Sweatshirt_Pant_57139066-e948-4ced-ac2d-76dad68b63f9.png?v=1776506370,g,,,,,,
awesome-printed-sweatshirt-set-copy,,,,,,,,,1 - 2 Years,,,red,,,,,'10742557,500.0,,0,deny,manual,1399.00,,true,true,,,,,'10742557,https://cdn.shopify.com/s/files/1/0618/2368/0740/files/BBG_Orange_Lion_Sweatshirt_PantKids_Silk_Pajamas_Set_f08299bc-30f3-4f4e-8bfb-3174978b1532.png?v=1776506370,3,Awesome Printed Sweatshirt Set Copy - back view - unisex wear Pakistan,,,,,,,,,,,,,,,,,,,,,,,,,,,,,,,,,,,,,,,,,,,,https://cdn.shopify.com/s/files/1/0618/2368/0740/files/BBG_Red_Lion_Sweatshirt_Pant_89135df6-9153-4b9d-9192-d17ec3180282.png?v=1728310128,g,,,,,,
awesome-printed-sweatshirt-set-copy,,,,,,,,,1 - 2 Years,,,orange,,,,,'10742558,500.0,,0,deny,manual,1399.00,,true,true,,,,,'10742558,https://cdn.shopify.com/s/files/1/0618/2368/0740/files/BBG_White_Sweatshirt_Pant_5aa0f233-ad2b-48cd-9a3a-c784520c963a.png?v=1776506370,4,Awesome Printed Sweatshirt Set Copy - side view - unisex wear Pakistan,,,,,,,,,,,,,,,,,,,,,,,,,,,,,,,,,,,,,,,,,,,,https://cdn.shopify.com/s/files/1/0618/2368/0740/files/BBG_Orange_Lion_Sweatshirt_PantKids_Silk_Pajamas_Set_f08299bc-30f3-4f4e-8bfb-3174978b1532.png?v=1776506370,g,,,,,,
awesome-printed-sweatshirt-set-copy,,,,,,,,,1 - 2 Years,,,white,,,,,'10742559,500.0,,0,deny,manual,1399.00,,true,true,,,,,'10742559,https://cdn.shopify.com/s/files/1/0618/2368/0740/files/BBG_Blue_Lion_Sweatshirt_Pant_26539e41-0f32-47fa-b1cd-9da47c9a119d.png?v=1776506370,5,Awesome Printed Sweatshirt Set Copy - detail shot - unisex wear Pakistan,,,,,,,,,,,,,,,,,,,,,,,,,,,,,,,,,,,,,,,,,,,,https://cdn.shopify.com/s/files/1/0618/2368/0740/files/BBG_White_Sweatshirt_Pant_5aa0f233-ad2b-48cd-9a3a-c784520c963a.png?v=1776506370,g,,,,,,
awesome-printed-sweatshirt-set-copy,,,,,,,,,1 - 2 Years,,,navy-1,,,,,'10742560,500.0,,0,deny,manual,1399.00,,true,true,,,,,'10742560,https://cdn.shopify.com/s/files/1/0618/2368/0740/files/BBG_Red_Lion_Sweatshirt_Pant_89135df6-9153-4b9d-9192-d17ec3180282.png?v=1728310128,6,Awesome Printed Sweatshirt Set Copy - back view - unisex wear Pakistan,,,,,,,,,,,,,,,,,,,,,,,,,,,,,,,,,,,,,,,,,,,,https://cdn.shopify.com/s/files/1/0618/2368/0740/files/BBG_Blue_Lion_Sweatshirt_Pant_26539e41-0f32-47fa-b1cd-9da47c9a119d.png?v=1776506370,g,,,,,,
awesome-printed-sweatshirt-set-copy,,,,,,,,,3 - 4 Years,,,yellow-1,,,,,'10714678,500.0,,-2,deny,manual,1399.00,,true,true,,,,,'10714678,https://cdn.shopify.com/s/files/1/0618/2368/0740/files/kidssizechart_02fa9cf1-6924-4d86-8c13-35c6ba7eeeb5.webp?v=1776676217,7,Unicorn Printed Sweatshirt Set size chart - measurements guide,,,,,,,,,,,,,,,,,,,,,,,,,,,,,,,,,,,,,,,,,,,,https://cdn.shopify.com/s/files/1/0618/2368/0740/files/Yellow_lion_Sweatshirt_PantKids_Silk_Pajamas_Set_6c0b4ff2-bd47-44ef-8b1a-eafe4ac322ed.png?v=1776506370,g,,,,,,
awesome-printed-sweatshirt-set-copy,,,,,,,,,3 - 4 Years,,,silver,,,,,'10714675,500.0,,-5,deny,manual,1399.00,,true,true,,,,,'10714675,,,,,,,,,,,,,,,,,,,,,,,,,,,,,,,,,,,,,,,,,,,,,,,https://cdn.shopify.com/s/files/1/0618/2368/0740/files/BBG_Grey_Lion_Sweatshirt_Pant_57139066-e948-4ced-ac2d-76dad68b63f9.png?v=1776506370,g,,,,,,
awesome-printed-sweatshirt-set-copy,,,,,,,,,3 - 4 Years,,,red,,,,,'10714676,500.0,,-1,deny,manual,1399.00,,true,true,,,,,'10714676,,,,,,,,,,,,,,,,,,,,,,,,,,,,,,,,,,,,,,,,,,,,,,,https://cdn.shopify.com/s/files/1/0618/2368/0740/files/BBG_Red_Lion_Sweatshirt_Pant_89135df6-9153-4b9d-9192-d17ec3180282.png?v=1728310128,g,,,,,,
awesome-printed-sweatshirt-set-copy,,,,,,,,,3 - 4 Years,,,orange,,,,,'10714677,500.0,,-5,deny,manual,1399.00,,true,true,,,,,'10714677,,,,,,,,,,,,,,,,,,,,,,,,,,,,,,,,,,,,,,,,,,,,,,,https://cdn.shopify.com/s/files/1/0618/2368/0740/files/BBG_Orange_Lion_Sweatshirt_PantKids_Silk_Pajamas_Set_f08299bc-30f3-4f4e-8bfb-3174978b1532.png?v=1776506370,g,,,,,,
awesome-printed-sweatshirt-set-copy,,,,,,,,,3 - 4 Years,,,white,,,,,'10714679,500.0,,-1,deny,manual,1399.00,,true,true,,,,,'10714679,,,,,,,,,,,,,,,,,,,,,,,,,,,,,,,,,,,,,,,,,,,,,,,https://cdn.shopify.com/s/files/1/0618/2368/0740/files/BBG_White_Sweatshirt_Pant_5aa0f233-ad2b-48cd-9a3a-c784520c963a.png?v=1776506370,g,,,,,,
awesome-printed-sweatshirt-set-copy,,,,,,,,,3 - 4 Years,,,navy-1,,,,,'10714680,500.0,,-2,deny,manual,1399.00,,true,true,,,,,'10714680,,,,,,,,,,,,,,,,,,,,,,,,,,,,,,,,,,,,,,,,,,,,,,,https://cdn.shopify.com/s/files/1/0618/2368/0740/files/BBG_Blue_Lion_Sweatshirt_Pant_26539e41-0f32-47fa-b1cd-9da47c9a119d.png?v=1776506370,g,,,,,,
awesome-printed-sweatshirt-set-copy,,,,,,,,,5 - 6 Years,,,yellow-1,,,,,'10714684,500.0,,-1,deny,manual,1399.00,,true,true,,,,,'10714684,,,,,,,,,,,,,,,,,,,,,,,,,,,,,,,,,,,,,,,,,,,,,,,https://cdn.shopify.com/s/files/1/0618/2368/0740/files/Yellow_lion_Sweatshirt_PantKids_Silk_Pajamas_Set_6c0b4ff2-bd47-44ef-8b1a-eafe4ac322ed.png?v=1776506370,g,,,,,,
awesome-printed-sweatshirt-set-copy,,,,,,,,,5 - 6 Years,,,silver,,,,,'10714681,500.0,,-5,deny,manual,1399.00,,true,true,,,,,'10714681,,,,,,,,,,,,,,,,,,,,,,,,,,,,,,,,,,,,,,,,,,,,,,,https://cdn.shopify.com/s/files/1/0618/2368/0740/files/BBG_Grey_Lion_Sweatshirt_Pant_57139066-e948-4ced-ac2d-76dad68b63f9.png?v=1776506370,g,,,,,,
awesome-printed-sweatshirt-set-copy,,,,,,,,,5 - 6 Years,,,red,,,,,'10714682,500.0,,-2,deny,manual,1399.00,,true,true,,,,,'10714682,,,,,,,,,,,,,,,,,,,,,,,,,,,,,,,,,,,,,,,,,,,,,,,https://cdn.shopify.com/s/files/1/0618/2368/0740/files/BBG_Red_Lion_Sweatshirt_Pant_89135df6-9153-4b9d-9192-d17ec3180282.png?v=1728310128,g,,,,,,
awesome-printed-sweatshirt-set-copy,,,,,,,,,5 - 6 Years,,,orange,,,,,'10714683,500.0,,-1,deny,manual,1399.00,,true,true,,,,,'10714683,,,,,,,,,,,,,,,,,,,,,,,,,,,,,,,,,,,,,,,,,,,,,,,https://cdn.shopify.com/s/files/1/0618/2368/0740/files/BBG_Orange_Lion_Sweatshirt_PantKids_Silk_Pajamas_Set_f08299bc-30f3-4f4e-8bfb-3174978b1532.png?v=1776506370,g,,,,,,
awesome-printed-sweatshirt-set-copy,,,,,,,,,5 - 6 Years,,,white,,,,,'10714685,500.0,,-1,deny,manual,1399.00,,true,true,,,,,'10714685,,,,,,,,,,,,,,,,,,,,,,,,,,,,,,,,,,,,,,,,,,,,,,,https://cdn.shopify.com/s/files/1/0618/2368/0740/files/BBG_White_Sweatshirt_Pant_5aa0f233-ad2b-48cd-9a3a-c784520c963a.png?v=1776506370,g,,,,,,
awesome-printed-sweatshirt-set-copy,,,,,,,,,5 - 6 Years,,,navy-1,,,,,'10714686,500.0,,-4,deny,manual,1399.00,,true,true,,,,,'10714686,,,,,,,,,,,,,,,,,,,,,,,,,,,,,,,,,,,,,,,,,,,,,,,https://cdn.shopify.com/s/files/1/0618/2368/0740/files/BBG_Blue_Lion_Sweatshirt_Pant_26539e41-0f32-47fa-b1cd-9da47c9a119d.png?v=1776506370,g,,,,,,
awesome-printed-sweatshirt-set-copy,,,,,,,,,7 - 8 Years,,,yellow-1,,,,,'10714690,500.0,,0,deny,manual,1399.00,,true,true,,,,,'10714690,,,,,,,,,,,,,,,,,,,,,,,,,,,,,,,,,,,,,,,,,,,,,,,https://cdn.shopify.com/s/files/1/0618/2368/0740/files/Yellow_lion_Sweatshirt_PantKids_Silk_Pajamas_Set_6c0b4ff2-bd47-44ef-8b1a-eafe4ac322ed.png?v=1776506370,g,,,,,,
awesome-printed-sweatshirt-set-copy,,,,,,,,,7 - 8 Years,,,silver,,,,,'10714687,500.0,,-4,deny,manual,1399.00,,true,true,,,,,'10714687,,,,,,,,,,,,,,,,,,,,,,,,,,,,,,,,,,,,,,,,,,,,,,,https://cdn.shopify.com/s/files/1/0618/2368/0740/files/BBG_Grey_Lion_Sweatshirt_Pant_57139066-e948-4ced-ac2d-76dad68b63f9.png?v=1776506370,g,,,,,,
awesome-printed-sweatshirt-set-copy,,,,,,,,,7 - 8 Years,,,red,,,,,'10714688,500.0,,-2,deny,manual,1399.00,,true,true,,,,,'10714688,,,,,,,,,,,,,,,,,,,,,,,,,,,,,,,,,,,,,,,,,,,,,,,https://cdn.shopify.com/s/files/1/0618/2368/0740/files/BBG_Red_Lion_Sweatshirt_Pant_89135df6-9153-4b9d-9192-d17ec3180282.png?v=1728310128,g,,,,,,
awesome-printed-sweatshirt-set-copy,,,,,,,,,7 - 8 Years,,,orange,,,,,'10714689,500.0,,-2,deny,manual,1399.00,,true,true,,,,,'10714689,,,,,,,,,,,,,,,,,,,,,,,,,,,,,,,,,,,,,,,,,,,,,,,https://cdn.shopify.com/s/files/1/0618/2368/0740/files/BBG_Orange_Lion_Sweatshirt_PantKids_Silk_Pajamas_Set_f08299bc-30f3-4f4e-8bfb-3174978b1532.png?v=1776506370,g,,,,,,
awesome-printed-sweatshirt-set-copy,,,,,,,,,7 - 8 Years,,,white,,,,,'10714691,500.0,,0,deny,manual,1399.00,,true,true,,,,,'10714691,,,,,,,,,,,,,,,,,,,,,,,,,,,,,,,,,,,,,,,,,,,,,,,https://cdn.shopify.com/s/files/1/0618/2368/0740/files/BBG_White_Sweatshirt_Pant_5aa0f233-ad2b-48cd-9a3a-c784520c963a.png?v=1776506370,g,,,,,,
awesome-printed-sweatshirt-set-copy,,,,,,,,,7 - 8 Years,,,navy-1,,,,,'10714692,500.0,,-2,deny,manual,1399.00,,true,true,,,,,'10714692,,,,,,,,,,,,,,,,,,,,,,,,,,,,,,,,,,,,,,,,,,,,,,,https://cdn.shopify.com/s/files/1/0618/2368/0740/files/BBG_Blue_Lion_Sweatshirt_Pant_26539e41-0f32-47fa-b1cd-9da47c9a119d.png?v=1776506370,g,,,,,,
awesome-printed-sweatshirt-set-copy,,,,,,,,,9 - 10 Years,,,yellow-1,,,,,'10714696,500.0,,0,deny,manual,1399.00,,true,true,,,,,'10714696,,,,,,,,,,,,,,,,,,,,,,,,,,,,,,,,,,,,,,,,,,,,,,,https://cdn.shopify.com/s/files/1/0618/2368/0740/files/Yellow_lion_Sweatshirt_PantKids_Silk_Pajamas_Set_6c0b4ff2-bd47-44ef-8b1a-eafe4ac322ed.png?v=1776506370,g,,,,,,
awesome-printed-sweatshirt-set-copy,,,,,,,,,9 - 10 Years,,,silver,,,,,'10714693,500.0,,-4,deny,manual,1399.00,,true,true,,,,,'10714693,,,,,,,,,,,,,,,,,,,,,,,,,,,,,,,,,,,,,,,,,,,,,,,https://cdn.shopify.com/s/files/1/0618/2368/0740/files/BBG_Grey_Lion_Sweatshirt_Pant_57139066-e948-4ced-ac2d-76dad68b63f9.png?v=1776506370,g,,,,,,
awesome-printed-sweatshirt-set-copy,,,,,,,,,9 - 10 Years,,,red,,,,,'10714694,500.0,,-1,deny,manual,1399.00,,true,true,,,,,'10714694,,,,,,,,,,,,,,,,,,,,,,,,,,,,,,,,,,,,,,,,,,,,,,,https://cdn.shopify.com/s/files/1/0618/2368/0740/files/BBG_Red_Lion_Sweatshirt_Pant_89135df6-9153-4b9d-9192-d17ec3180282.png?v=1728310128,g,,,,,,
awesome-printed-sweatshirt-set-copy,,,,,,,,,9 - 10 Years,,,orange,,,,,'10714695,500.0,,-1,deny,manual,1399.00,,true,true,,,,,'10714695,,,,,,,,,,,,,,,,,,,,,,,,,,,,,,,,,,,,,,,,,,,,,,,https://cdn.shopify.com/s/files/1/0618/2368/0740/files/BBG_Orange_Lion_Sweatshirt_PantKids_Silk_Pajamas_Set_f08299bc-30f3-4f4e-8bfb-3174978b1532.png?v=1776506370,g,,,,,,
awesome-printed-sweatshirt-set-copy,,,,,,,,,9 - 10 Years,,,white,,,,,'10714697,500.0,,0,deny,manual,1399.00,,true,true,,,,,'10714697,,,,,,,,,,,,,,,,,,,,,,,,,,,,,,,,,,,,,,,,,,,,,,,https://cdn.shopify.com/s/files/1/0618/2368/0740/files/BBG_White_Sweatshirt_Pant_5aa0f233-ad2b-48cd-9a3a-c784520c963a.png?v=1776506370,g,,,,,,
awesome-printed-sweatshirt-set-copy,,,,,,,,,9 - 10 Years,,,navy-1,,,,,'10714698,500.0,,-1,deny,manual,1399.00,,true,true,,,,,'10714698,,,,,,,,,,,,,,,,,,,,,,,,,,,,,,,,,,,,,,,,,,,,,,,https://cdn.shopify.com/s/files/1/0618/2368/0740/files/BBG_Blue_Lion_Sweatshirt_Pant_26539e41-0f32-47fa-b1cd-9da47c9a119d.png?v=1776506370,g,,,,,,
awesome-printed-sweatshirt-set-copy,,,,,,,,,11 - 12 Years,,,yellow-1,,,,,'10714702,500.0,,0,deny,manual,1399.00,,true,true,,,,,'10714702,,,,,,,,,,,,,,,,,,,,,,,,,,,,,,,,,,,,,,,,,,,,,,,https://cdn.shopify.com/s/files/1/0618/2368/0740/files/Yellow_lion_Sweatshirt_PantKids_Silk_Pajamas_Set_6c0b4ff2-bd47-44ef-8b1a-eafe4ac322ed.png?v=1776506370,g,,,,,,
awesome-printed-sweatshirt-set-copy,,,,,,,,,11 - 12 Years,,,silver,,,,,'10714699,500.0,,-4,deny,manual,1399.00,,true,true,,,,,'10714699,,,,,,,,,,,,,,,,,,,,,,,,,,,,,,,,,,,,,,,,,,,,,,,https://cdn.shopify.com/s/files/1/0618/2368/0740/files/BBG_Grey_Lion_Sweatshirt_Pant_57139066-e948-4ced-ac2d-76dad68b63f9.png?v=1776506370,g,,,,,,
awesome-printed-sweatshirt-set-copy,,,,,,,,,11 - 12 Years,,,red,,,,,'10714700,500.0,,0,deny,manual,1399.00,,true,true,,,,,'10714700,,,,,,,,,,,,,,,,,,,,,,,,,,,,,,,,,,,,,,,,,,,,,,,https://cdn.shopify.com/s/files/1/0618/2368/0740/files/BBG_Red_Lion_Sweatshirt_Pant_89135df6-9153-4b9d-9192-d17ec3180282.png?v=1728310128,g,,,,,,
awesome-printed-sweatshirt-set-copy,,,,,,,,,11 - 12 Years,,,orange,,,,,'10714701,500.0,,0,deny,manual,1399.00,,true,true,,,,,'10714701,,,,,,,,,,,,,,,,,,,,,,,,,,,,,,,,,,,,,,,,,,,,,,,https://cdn.shopify.com/s/files/1/0618/2368/0740/files/BBG_Orange_Lion_Sweatshirt_PantKids_Silk_Pajamas_Set_f08299bc-30f3-4f4e-8bfb-3174978b1532.png?v=1776506370,g,,,,,,
awesome-printed-sweatshirt-set-copy,,,,,,,,,11 - 12 Years,,,white,,,,,'10714703,500.0,,0,deny,manual,1399.00,,true,true,,,,,'10714703,,,,,,,,,,,,,,,,,,,,,,,,,,,,,,,,,,,,,,,,,,,,,,,https://cdn.shopify.com/s/files/1/0618/2368/0740/files/BBG_White_Sweatshirt_Pant_5aa0f233-ad2b-48cd-9a3a-c784520c963a.png?v=1776506370,g,,,,,,
awesome-printed-sweatshirt-set-copy,,,,,,,,,11 - 12 Years,,,navy-1,,,,,'10706913,500.0,,-1,deny,manual,1399.00,,true,true,,,,,'10706913,,,,,,,,,,,,,,,,,,,,,,,,,,,,,,,,,,,,,,,,,,,,,,,https://cdn.shopify.com/s/files/1/0618/2368/0740/files/BBG_Blue_Lion_Sweatshirt_Pant_26539e41-0f32-47fa-b1cd-9da47c9a119d.png?v=1776506370,g,,,,,,
golden-king-printed-sweatshirt-set,Kids Winter Sweat Shirt Set | Golden King Printed,"<h4><strong>Kids Winter Sweat Shirt Set | Golden King Printed<br><br></strong></h4>
<p data-start=""192"" data-end=""435"">Designed with a bold and stylish “Golden King” graphic, this outfit brings confidence, charm, and a premium feel to your child’s everyday wear.</p>
<p data-start=""437"" data-end=""701"">Made from soft, high-quality fleece fabric, it provides excellent warmth during cold days while remaining breathable and gentle on the skin. The sweatshirt pairs seamlessly with matching trousers, creating a complete outfit that’s both comfortable and fashionable.</p>
<p data-start=""703"" data-end=""828"">Perfect for school, outings, or casual wear, this set keeps your little one cozy while standing out with a king-worthy style.</p>
<p data-start=""830"" data-end=""849""><strong data-start=""830"" data-end=""849"">✨ Key Features:</strong></p>
<ul data-start=""850"" data-end=""1105"">
<li data-section-id=""cre33n"" data-start=""850"" data-end=""882"">Soft &amp; warm fleece fabric ❄️</li>
<li data-section-id=""73xc2d"" data-start=""883"" data-end=""923"">Stylish “Golden King” front print 👑</li>
<li data-section-id=""doc0vk"" data-start=""924"" data-end=""956"">Premium look &amp; trendy design</li>
<li data-section-id=""1dd02rc"" data-start=""957"" data-end=""990"">Comfortable elastic waistband</li>
<li data-section-id=""1blepg9"" data-start=""991"" data-end=""1022"">Ribbed cuffs for a snug fit</li>
<li data-section-id=""95i0z6"" data-start=""1023"" data-end=""1062"">Skin-friendly &amp; breathable material</li>
<li data-section-id=""6pcig5"" data-start=""1063"" data-end=""1105"">Durable stitching for long-lasting use</li>
</ul>",BBG FASHION CLOTHING STORE,Apparel & Accessories > Clothing > Baby & Toddler Clothing,Kids Sweatshirt & Pant,"Kids Winter Collection, kidssweatshirtandpant",true,Color,yellow-1,product.metafields.shopify.color-pattern,Size,1-2-years,product.metafields.shopify.size,,,,'10742548,500.0,shopify,100,deny,manual,1399.00,,true,true,,,,,'10742548,https://cdn.shopify.com/s/files/1/0618/2368/0740/files/Yellow_lion_Sweatshirt_PantKids_Silk_Pajamas_Set_8a9b352f-5992-41d0-b297-28f49c469e5c.png?v=1728309785,1,Golden King Printed Sweatshirt Set - front view - unisex wear Pakistan,false,,"Shop Kids Winter Sweat Shirt Set with Golden King print. Soft fleece, warm & stylish outfit for kids. Perfect winter wear for everyday use in Pakistan.",,,,,,,,,,,,,'2,,,,,,,,yellow-1; red; orange; white; silver; navy-1,,,,,,,,,,1-2-years; 3-4-years; 5-6-years; 7-8-years; 9-10-years; 11-12-years,,,,,,,,,,https://cdn.shopify.com/s/files/1/0618/2368/0740/files/Yellow_lion_Sweatshirt_PantKids_Silk_Pajamas_Set_8a9b352f-5992-41d0-b297-28f49c469e5c.png?v=1728309785,g,,,true,,,active
golden-king-printed-sweatshirt-set,,,,,,,,,yellow-1,,,3-4-years,,,,,'10714646,500.0,shopify,100,deny,manual,1399.00,,true,true,,,,,'10714646,https://cdn.shopify.com/s/files/1/0618/2368/0740/files/BBG_Red_Lion_Sweatshirt_Pant_fe099c30-c74a-4abe-86fb-3e71f843f5e2.png?v=1728309798,2,Golden King Printed Sweatshirt Set - back view - unisex wear Pakistan,,,,,,,,,,,,,,,,,,,,,,,,,,,,,,,,,,,,,,,,,,,,https://cdn.shopify.com/s/files/1/0618/2368/0740/files/Yellow_lion_Sweatshirt_PantKids_Silk_Pajamas_Set_8a9b352f-5992-41d0-b297-28f49c469e5c.png?v=1728309785,g,,,,,,
golden-king-printed-sweatshirt-set,,,,,,,,,yellow-1,,,5-6-years,,,,,'10714652,500.0,shopify,100,deny,manual,1399.00,,true,true,,,,,'10714652,https://cdn.shopify.com/s/files/1/0618/2368/0740/files/BBG_Orange_Lion_Sweatshirt_PantKids_Silk_Pajamas_Set_09a49eca-2439-4cf3-97eb-f69dd8084af4.png?v=1728309814,3,Golden King Printed Sweatshirt Set - side view - unisex wear Pakistan,,,,,,,,,,,,,,,,,,,,,,,,,,,,,,,,,,,,,,,,,,,,https://cdn.shopify.com/s/files/1/0618/2368/0740/files/Yellow_lion_Sweatshirt_PantKids_Silk_Pajamas_Set_8a9b352f-5992-41d0-b297-28f49c469e5c.png?v=1728309785,g,,,,,,
golden-king-printed-sweatshirt-set,,,,,,,,,yellow-1,,,7-8-years,,,,,'10714658,500.0,shopify,100,deny,manual,1399.00,,true,true,,,,,'10714658,https://cdn.shopify.com/s/files/1/0618/2368/0740/files/BBG_White_Sweatshirt_Pant_76fd94c9-5c49-44aa-ac63-4f21801efd57.png?v=1728309831,4,Golden King Printed Sweatshirt Set - detail shot - unisex wear Pakistan,,,,,,,,,,,,,,,,,,,,,,,,,,,,,,,,,,,,,,,,,,,,https://cdn.shopify.com/s/files/1/0618/2368/0740/files/Yellow_lion_Sweatshirt_PantKids_Silk_Pajamas_Set_8a9b352f-5992-41d0-b297-28f49c469e5c.png?v=1728309785,g,,,,,,
golden-king-printed-sweatshirt-set,,,,,,,,,yellow-1,,,9-10-years,,,,,'10714664,500.0,shopify,100,deny,manual,1399.00,,true,true,,,,,'10714664,https://cdn.shopify.com/s/files/1/0618/2368/0740/files/BBG_Grey_Lion_Sweatshirt_Pant_bc1e8f68-5580-4cac-b946-65846ba47a00.png?v=1728309847,5,Golden King Printed Sweatshirt Set - front view - unisex wear Pakistan,,,,,,,,,,,,,,,,,,,,,,,,,,,,,,,,,,,,,,,,,,,,https://cdn.shopify.com/s/files/1/0618/2368/0740/files/Yellow_lion_Sweatshirt_PantKids_Silk_Pajamas_Set_8a9b352f-5992-41d0-b297-28f49c469e5c.png?v=1728309785,g,,,,,,
golden-king-printed-sweatshirt-set,,,,,,,,,yellow-1,,,11-12-years,,,,,'10714670,500.0,shopify,100,deny,manual,1399.00,,true,true,,,,,'10714670,https://cdn.shopify.com/s/files/1/0618/2368/0740/files/BBG_Blue_Lion_Sweatshirt_Pant_5d4cd4ce-6a80-4915-86f9-86ad6102a482.png?v=1728309860,6,Golden King Printed Sweatshirt Set - back view - unisex wear Pakistan,,,,,,,,,,,,,,,,,,,,,,,,,,,,,,,,,,,,,,,,,,,,https://cdn.shopify.com/s/files/1/0618/2368/0740/files/Yellow_lion_Sweatshirt_PantKids_Silk_Pajamas_Set_8a9b352f-5992-41d0-b297-28f49c469e5c.png?v=1728309785,g,,,,,,
golden-king-printed-sweatshirt-set,,,,,,,,,red,,,1-2-years,,,,,'10742549,500.0,shopify,100,deny,manual,1399.00,,true,true,,,,,'10742549,https://cdn.shopify.com/s/files/1/0618/2368/0740/files/kidssizechart_02fa9cf1-6924-4d86-8c13-35c6ba7eeeb5.webp?v=1776676217,7,Unicorn Printed Sweatshirt Set size chart - measurements guide,,,,,,,,,,,,,,,,,,,,,,,,,,,,,,,,,,,,,,,,,,,,https://cdn.shopify.com/s/files/1/0618/2368/0740/files/BBG_Red_Lion_Sweatshirt_Pant_fe099c30-c74a-4abe-86fb-3e71f843f5e2.png?v=1728309798,g,,,,,,
golden-king-printed-sweatshirt-set,,,,,,,,,red,,,3-4-years,,,,,'10714647,500.0,shopify,100,deny,manual,1399.00,,true,true,,,,,'10714647,,,,,,,,,,,,,,,,,,,,,,,,,,,,,,,,,,,,,,,,,,,,,,,https://cdn.shopify.com/s/files/1/0618/2368/0740/files/BBG_Red_Lion_Sweatshirt_Pant_fe099c30-c74a-4abe-86fb-3e71f843f5e2.png?v=1728309798,g,,,,,,
golden-king-printed-sweatshirt-set,,,,,,,,,red,,,5-6-years,,,,,'10714653,500.0,shopify,100,deny,manual,1399.00,,true,true,,,,,'10714653,,,,,,,,,,,,,,,,,,,,,,,,,,,,,,,,,,,,,,,,,,,,,,,https://cdn.shopify.com/s/files/1/0618/2368/0740/files/BBG_Red_Lion_Sweatshirt_Pant_fe099c30-c74a-4abe-86fb-3e71f843f5e2.png?v=1728309798,g,,,,,,
golden-king-printed-sweatshirt-set,,,,,,,,,red,,,7-8-years,,,,,'10714659,500.0,shopify,100,deny,manual,1399.00,,true,true,,,,,'10714659,,,,,,,,,,,,,,,,,,,,,,,,,,,,,,,,,,,,,,,,,,,,,,,https://cdn.shopify.com/s/files/1/0618/2368/0740/files/BBG_Red_Lion_Sweatshirt_Pant_fe099c30-c74a-4abe-86fb-3e71f843f5e2.png?v=1728309798,g,,,,,,
golden-king-printed-sweatshirt-set,,,,,,,,,red,,,9-10-years,,,,,'10714665,500.0,shopify,100,deny,manual,1399.00,,true,true,,,,,'10714665,,,,,,,,,,,,,,,,,,,,,,,,,,,,,,,,,,,,,,,,,,,,,,,https://cdn.shopify.com/s/files/1/0618/2368/0740/files/BBG_Red_Lion_Sweatshirt_Pant_fe099c30-c74a-4abe-86fb-3e71f843f5e2.png?v=1728309798,g,,,,,,
golden-king-printed-sweatshirt-set,,,,,,,,,red,,,11-12-years,,,,,'10714671,500.0,shopify,100,deny,manual,1399.00,,true,true,,,,,'10714671,,,,,,,,,,,,,,,,,,,,,,,,,,,,,,,,,,,,,,,,,,,,,,,https://cdn.shopify.com/s/files/1/0618/2368/0740/files/BBG_Red_Lion_Sweatshirt_Pant_fe099c30-c74a-4abe-86fb-3e71f843f5e2.png?v=1728309798,g,,,,,,
golden-king-printed-sweatshirt-set,,,,,,,,,orange,,,1-2-years,,,,,'10742550,500.0,shopify,100,deny,manual,1399.00,,true,true,,,,,'10742550,,,,,,,,,,,,,,,,,,,,,,,,,,,,,,,,,,,,,,,,,,,,,,,https://cdn.shopify.com/s/files/1/0618/2368/0740/files/BBG_Orange_Lion_Sweatshirt_PantKids_Silk_Pajamas_Set_09a49eca-2439-4cf3-97eb-f69dd8084af4.png?v=1728309814,g,,,,,,
golden-king-printed-sweatshirt-set,,,,,,,,,orange,,,3-4-years,,,,,'10714648,500.0,shopify,100,deny,manual,1399.00,,true,true,,,,,'10714648,,,,,,,,,,,,,,,,,,,,,,,,,,,,,,,,,,,,,,,,,,,,,,,https://cdn.shopify.com/s/files/1/0618/2368/0740/files/BBG_Orange_Lion_Sweatshirt_PantKids_Silk_Pajamas_Set_09a49eca-2439-4cf3-97eb-f69dd8084af4.png?v=1728309814,g,,,,,,
golden-king-printed-sweatshirt-set,,,,,,,,,orange,,,5-6-years,,,,,'10714654,500.0,shopify,100,deny,manual,1399.00,,true,true,,,,,'10714654,,,,,,,,,,,,,,,,,,,,,,,,,,,,,,,,,,,,,,,,,,,,,,,https://cdn.shopify.com/s/files/1/0618/2368/0740/files/BBG_Orange_Lion_Sweatshirt_PantKids_Silk_Pajamas_Set_09a49eca-2439-4cf3-97eb-f69dd8084af4.png?v=1728309814,g,,,,,,
golden-king-printed-sweatshirt-set,,,,,,,,,orange,,,7-8-years,,,,,'10714660,500.0,shopify,100,deny,manual,1399.00,,true,true,,,,,'10714660,,,,,,,,,,,,,,,,,,,,,,,,,,,,,,,,,,,,,,,,,,,,,,,https://cdn.shopify.com/s/files/1/0618/2368/0740/files/BBG_Orange_Lion_Sweatshirt_PantKids_Silk_Pajamas_Set_09a49eca-2439-4cf3-97eb-f69dd8084af4.png?v=1728309814,g,,,,,,
golden-king-printed-sweatshirt-set,,,,,,,,,orange,,,9-10-years,,,,,'10714666,500.0,shopify,100,deny,manual,1399.00,,true,true,,,,,'10714666,,,,,,,,,,,,,,,,,,,,,,,,,,,,,,,,,,,,,,,,,,,,,,,https://cdn.shopify.com/s/files/1/0618/2368/0740/files/BBG_Orange_Lion_Sweatshirt_PantKids_Silk_Pajamas_Set_09a49eca-2439-4cf3-97eb-f69dd8084af4.png?v=1728309814,g,,,,,,
golden-king-printed-sweatshirt-set,,,,,,,,,orange,,,11-12-years,,,,,'10714672,500.0,shopify,100,deny,manual,1399.00,,true,true,,,,,'10714672,,,,,,,,,,,,,,,,,,,,,,,,,,,,,,,,,,,,,,,,,,,,,,,https://cdn.shopify.com/s/files/1/0618/2368/0740/files/BBG_Orange_Lion_Sweatshirt_PantKids_Silk_Pajamas_Set_09a49eca-2439-4cf3-97eb-f69dd8084af4.png?v=1728309814,g,,,,,,
golden-king-printed-sweatshirt-set,,,,,,,,,white,,,1-2-years,,,,,'10742551,500.0,shopify,100,deny,manual,1399.00,,true,true,,,,,'10742551,,,,,,,,,,,,,,,,,,,,,,,,,,,,,,,,,,,,,,,,,,,,,,,https://cdn.shopify.com/s/files/1/0618/2368/0740/files/BBG_White_Sweatshirt_Pant_76fd94c9-5c49-44aa-ac63-4f21801efd57.png?v=1728309831,g,,,,,,
golden-king-printed-sweatshirt-set,,,,,,,,,white,,,3-4-years,,,,,'10714649,500.0,shopify,100,deny,manual,1399.00,,true,true,,,,,'10714649,,,,,,,,,,,,,,,,,,,,,,,,,,,,,,,,,,,,,,,,,,,,,,,https://cdn.shopify.com/s/files/1/0618/2368/0740/files/BBG_White_Sweatshirt_Pant_76fd94c9-5c49-44aa-ac63-4f21801efd57.png?v=1728309831,g,,,,,,
golden-king-printed-sweatshirt-set,,,,,,,,,white,,,5-6-years,,,,,'10714655,500.0,shopify,100,deny,manual,1399.00,,true,true,,,,,'10714655,,,,,,,,,,,,,,,,,,,,,,,,,,,,,,,,,,,,,,,,,,,,,,,https://cdn.shopify.com/s/files/1/0618/2368/0740/files/BBG_White_Sweatshirt_Pant_76fd94c9-5c49-44aa-ac63-4f21801efd57.png?v=1728309831,g,,,,,,
golden-king-printed-sweatshirt-set,,,,,,,,,white,,,7-8-years,,,,,'10714661,500.0,shopify,100,deny,manual,1399.00,,true,true,,,,,'10714661,,,,,,,,,,,,,,,,,,,,,,,,,,,,,,,,,,,,,,,,,,,,,,,https://cdn.shopify.com/s/files/1/0618/2368/0740/files/BBG_White_Sweatshirt_Pant_76fd94c9-5c49-44aa-ac63-4f21801efd57.png?v=1728309831,g,,,,,,
golden-king-printed-sweatshirt-set,,,,,,,,,white,,,9-10-years,,,,,'10714667,500.0,shopify,100,deny,manual,1399.00,,true,true,,,,,'10714667,,,,,,,,,,,,,,,,,,,,,,,,,,,,,,,,,,,,,,,,,,,,,,,https://cdn.shopify.com/s/files/1/0618/2368/0740/files/BBG_White_Sweatshirt_Pant_76fd94c9-5c49-44aa-ac63-4f21801efd57.png?v=1728309831,g,,,,,,
golden-king-printed-sweatshirt-set,,,,,,,,,white,,,11-12-years,,,,,'10714673,500.0,shopify,100,deny,manual,1399.00,,true,true,,,,,'10714673,,,,,,,,,,,,,,,,,,,,,,,,,,,,,,,,,,,,,,,,,,,,,,,https://cdn.shopify.com/s/files/1/0618/2368/0740/files/BBG_White_Sweatshirt_Pant_76fd94c9-5c49-44aa-ac63-4f21801efd57.png?v=1728309831,g,,,,,,
golden-king-printed-sweatshirt-set,,,,,,,,,silver,,,1-2-years,,,,,'10742552,500.0,shopify,100,deny,manual,1399.00,,true,true,,,,,'10742552,,,,,,,,,,,,,,,,,,,,,,,,,,,,,,,,,,,,,,,,,,,,,,,https://cdn.shopify.com/s/files/1/0618/2368/0740/files/BBG_Grey_Lion_Sweatshirt_Pant_bc1e8f68-5580-4cac-b946-65846ba47a00.png?v=1728309847,g,,,,,,
golden-king-printed-sweatshirt-set,,,,,,,,,silver,,,3-4-years,,,,,'10714650,500.0,shopify,100,deny,manual,1399.00,,true,true,,,,,'10714650,,,,,,,,,,,,,,,,,,,,,,,,,,,,,,,,,,,,,,,,,,,,,,,https://cdn.shopify.com/s/files/1/0618/2368/0740/files/BBG_Grey_Lion_Sweatshirt_Pant_bc1e8f68-5580-4cac-b946-65846ba47a00.png?v=1728309847,g,,,,,,
golden-king-printed-sweatshirt-set,,,,,,,,,silver,,,5-6-years,,,,,'10714656,500.0,shopify,100,deny,manual,1399.00,,true,true,,,,,'10714656,,,,,,,,,,,,,,,,,,,,,,,,,,,,,,,,,,,,,,,,,,,,,,,https://cdn.shopify.com/s/files/1/0618/2368/0740/files/BBG_Grey_Lion_Sweatshirt_Pant_bc1e8f68-5580-4cac-b946-65846ba47a00.png?v=1728309847,g,,,,,,
golden-king-printed-sweatshirt-set,,,,,,,,,silver,,,7-8-years,,,,,'10714662,500.0,shopify,100,deny,manual,1399.00,,true,true,,,,,'10714662,,,,,,,,,,,,,,,,,,,,,,,,,,,,,,,,,,,,,,,,,,,,,,,https://cdn.shopify.com/s/files/1/0618/2368/0740/files/BBG_Grey_Lion_Sweatshirt_Pant_bc1e8f68-5580-4cac-b946-65846ba47a00.png?v=1728309847,g,,,,,,
golden-king-printed-sweatshirt-set,,,,,,,,,silver,,,9-10-years,,,,,'10714668,500.0,shopify,100,deny,manual,1399.00,,true,true,,,,,'10714668,,,,,,,,,,,,,,,,,,,,,,,,,,,,,,,,,,,,,,,,,,,,,,,https://cdn.shopify.com/s/files/1/0618/2368/0740/files/BBG_Grey_Lion_Sweatshirt_Pant_bc1e8f68-5580-4cac-b946-65846ba47a00.png?v=1728309847,g,,,,,,
golden-king-printed-sweatshirt-set,,,,,,,,,silver,,,11-12-years,,,,,'10714674,500.0,shopify,100,deny,manual,1399.00,,true,true,,,,,'10714674,,,,,,,,,,,,,,,,,,,,,,,,,,,,,,,,,,,,,,,,,,,,,,,https://cdn.shopify.com/s/files/1/0618/2368/0740/files/BBG_Grey_Lion_Sweatshirt_Pant_bc1e8f68-5580-4cac-b946-65846ba47a00.png?v=1728309847,g,,,,,,
golden-king-printed-sweatshirt-set,,,,,,,,,navy-1,,,1-2-years,,,,,'10742553,500.0,shopify,100,deny,manual,1399.00,,true,true,,,,,'10742553,,,,,,,,,,,,,,,,,,,,,,,,,,,,,,,,,,,,,,,,,,,,,,,https://cdn.shopify.com/s/files/1/0618/2368/0740/files/BBG_Blue_Lion_Sweatshirt_Pant_5d4cd4ce-6a80-4915-86f9-86ad6102a482.png?v=1728309860,g,,,,,,
golden-king-printed-sweatshirt-set,,,,,,,,,navy-1,,,3-4-years,,,,,'10714651,500.0,shopify,100,deny,manual,1399.00,,true,true,,,,,'10714651,,,,,,,,,,,,,,,,,,,,,,,,,,,,,,,,,,,,,,,,,,,,,,,https://cdn.shopify.com/s/files/1/0618/2368/0740/files/BBG_Blue_Lion_Sweatshirt_Pant_5d4cd4ce-6a80-4915-86f9-86ad6102a482.png?v=1728309860,g,,,,,,
golden-king-printed-sweatshirt-set,,,,,,,,,navy-1,,,5-6-years,,,,,'10714657,500.0,shopify,100,deny,manual,1399.00,,true,true,,,,,'10714657,,,,,,,,,,,,,,,,,,,,,,,,,,,,,,,,,,,,,,,,,,,,,,,https://cdn.shopify.com/s/files/1/0618/2368/0740/files/BBG_Blue_Lion_Sweatshirt_Pant_5d4cd4ce-6a80-4915-86f9-86ad6102a482.png?v=1728309860,g,,,,,,
golden-king-printed-sweatshirt-set,,,,,,,,,navy-1,,,7-8-years,,,,,'10714663,500.0,shopify,100,deny,manual,1399.00,,true,true,,,,,'10714663,,,,,,,,,,,,,,,,,,,,,,,,,,,,,,,,,,,,,,,,,,,,,,,https://cdn.shopify.com/s/files/1/0618/2368/0740/files/BBG_Blue_Lion_Sweatshirt_Pant_5d4cd4ce-6a80-4915-86f9-86ad6102a482.png?v=1728309860,g,,,,,,
golden-king-printed-sweatshirt-set,,,,,,,,,navy-1,,,9-10-years,,,,,'10714669,500.0,shopify,100,deny,manual,1399.00,,true,true,,,,,'10714669,,,,,,,,,,,,,,,,,,,,,,,,,,,,,,,,,,,,,,,,,,,,,,,https://cdn.shopify.com/s/files/1/0618/2368/0740/files/BBG_Blue_Lion_Sweatshirt_Pant_5d4cd4ce-6a80-4915-86f9-86ad6102a482.png?v=1728309860,g,,,,,,
golden-king-printed-sweatshirt-set,,,,,,,,,navy-1,,,11-12-years,,,,,'10706912,500.0,shopify,100,deny,manual,1399.00,,true,true,,,,,'10706912,,,,,,,,,,,,,,,,,,,,,,,,,,,,,,,,,,,,,,,,,,,,,,,https://cdn.shopify.com/s/files/1/0618/2368/0740/files/BBG_Blue_Lion_Sweatshirt_Pant_5d4cd4ce-6a80-4915-86f9-86ad6102a482.png?v=1728309860,g,,,,,,
hulk-printed-sweatshirt-set-copy-copy,Kids Winter Sweat Shirt Set | Hulk Printed,"<h4 data-start=""106"" data-end=""203""><strong>Kids Winter Sweat Shirt Set | Hulk Printed 💚</strong></h4>
<p data-start=""205"" data-end=""434"">Designed for comfort and fun, this cozy winter set features a bold Hulk-inspired print that kids absolutely love. Made from soft, warm fabric, it keeps your child snug during chilly days while allowing easy movement for playtime.</p>
<p data-start=""436"" data-end=""649"">The set includes a comfortable sweatshirt paired with matching trousers, making it perfect for everyday wear, lounging, or outings. Durable stitching and a relaxed fit ensure long-lasting use—even for active kids.</p>
<p data-start=""651"" data-end=""782"">Whether it's a casual day at home or a fun day out, this superhero set brings both comfort and excitement to your child’s wardrobe.</p>
<p data-start=""784"" data-end=""797""><strong data-start=""784"" data-end=""797"">Features:</strong></p>
<ul data-start=""798"" data-end=""975"">
<li data-section-id=""17tiup3"" data-start=""798"" data-end=""827"">Soft &amp; warm winter fabric</li>
<li data-section-id=""1kn6k5m"" data-start=""828"" data-end=""855"">Eye-catching Hulk print</li>
<li data-section-id=""63crlm"" data-start=""856"" data-end=""894"">Comfortable elastic waist trousers</li>
<li data-section-id=""18zgd8a"" data-start=""895"" data-end=""931"">Durable &amp; kid-friendly stitching</li>
<li data-section-id=""ey1sds"" data-start=""932"" data-end=""975"">Perfect for daily wear &amp; winter outings</li>
</ul>",BBG FASHION CLOTHING STORE,Apparel & Accessories > Clothing > Baby & Toddler Clothing,Kids Sweatshirt & Pant,"Kids Winter Collection, kidssweatshirtandpant",true,Size,1-2-years,product.metafields.shopify.size,Color,yellow-1,product.metafields.shopify.color-pattern,,,,'10742187,500.0,,0,deny,manual,1399.00,,true,true,,,,,'10742187,https://cdn.shopify.com/s/files/1/0618/2368/0740/files/Yellow_lion_Sweatshirt_PantKids_Silk_Pajamas_Set.png?v=1728309270,1,Hulk Printed Sweatshirt Set Copy Copy - front view - unisex wear Pakistan,false,,"Shop Kids Winter Sweat Shirt Set with Hulk print. Soft, warm & comfortable outfit for boys. Perfect for winter wear, playtime & casual outings.",,,,,,,,,,,,,,,,,,,,,yellow-1; red; orange; white; silver; navy-1,,,,,,,,,,1-2-years; 3-4-years; 5-6-years-1; 7-8-years; 9-10-years; 11-12-years,,,,,,,,,,https://cdn.shopify.com/s/files/1/0618/2368/0740/files/Yellow_lion_Sweatshirt_PantKids_Silk_Pajamas_Set.png?v=1728309270,g,,,true,,,active
hulk-printed-sweatshirt-set-copy-copy,,,,,,,,,1-2-years,,,red,,,,,'10742188,500.0,,0,deny,manual,1399.00,,true,true,,,,,'10742188,https://cdn.shopify.com/s/files/1/0618/2368/0740/files/BBG_Orange_Lion_Sweatshirt_PantKids_Silk_Pajamas_Set_d22427af-2e95-4a60-baf3-dc0b45a821d4.png?v=1728309099,2,Hulk Printed Sweatshirt Set Copy Copy - back view - unisex wear Pakistan,,,,,,,,,,,,,,,,,,,,,,,,,,,,,,,,,,,,,,,,,,,,https://cdn.shopify.com/s/files/1/0618/2368/0740/files/BBG_Red_Lion_Sweatshirt_Pant_ed6ec798-784b-440d-ac4b-7d2b34068775.png?v=1728309144,g,,,,,,
hulk-printed-sweatshirt-set-copy-copy,,,,,,,,,1-2-years,,,orange,,,,,'10742189,500.0,,0,deny,manual,1399.00,,true,true,,,,,'10742189,https://cdn.shopify.com/s/files/1/0618/2368/0740/files/BBG_Red_Lion_Sweatshirt_Pant_ed6ec798-784b-440d-ac4b-7d2b34068775.png?v=1728309144,3,Hulk Printed Sweatshirt Set Copy Copy - side view - unisex wear Pakistan,,,,,,,,,,,,,,,,,,,,,,,,,,,,,,,,,,,,,,,,,,,,https://cdn.shopify.com/s/files/1/0618/2368/0740/files/BBG_Orange_Lion_Sweatshirt_PantKids_Silk_Pajamas_Set_d22427af-2e95-4a60-baf3-dc0b45a821d4.png?v=1728309099,g,,,,,,
hulk-printed-sweatshirt-set-copy-copy,,,,,,,,,1-2-years,,,white,,,,,'10742190,500.0,,0,deny,manual,1399.00,,true,true,,,,,'10742190,https://cdn.shopify.com/s/files/1/0618/2368/0740/files/BBG_White_Sweatshirt_Pant_de88ddda-a2a5-4b82-b0ab-ac081cbc7f38.png?v=1728309119,4,Hulk Printed Sweatshirt Set Copy Copy - detail shot - unisex wear Pakistan,,,,,,,,,,,,,,,,,,,,,,,,,,,,,,,,,,,,,,,,,,,,https://cdn.shopify.com/s/files/1/0618/2368/0740/files/BBG_White_Sweatshirt_Pant_de88ddda-a2a5-4b82-b0ab-ac081cbc7f38.png?v=1728309119,g,,,,,,
hulk-printed-sweatshirt-set-copy-copy,,,,,,,,,1-2-years,,,silver,,,,,'10742191,500.0,,0,deny,manual,1399.00,,true,true,,,,,'10742191,https://cdn.shopify.com/s/files/1/0618/2368/0740/files/BBG_Grey_Lion_Sweatshirt_Pant_4811375b-9a51-4636-b740-03e367d0ad8f.png?v=1728309286,5,Hulk Printed Sweatshirt Set Copy Copy - front view - unisex wear Pakistan,,,,,,,,,,,,,,,,,,,,,,,,,,,,,,,,,,,,,,,,,,,,https://cdn.shopify.com/s/files/1/0618/2368/0740/files/BBG_Grey_Lion_Sweatshirt_Pant_4811375b-9a51-4636-b740-03e367d0ad8f.png?v=1728309286,g,,,,,,
hulk-printed-sweatshirt-set-copy-copy,,,,,,,,,1-2-years,,,navy-1,,,,,'10742192,500.0,,0,deny,manual,1399.00,,true,true,,,,,'10742192,https://cdn.shopify.com/s/files/1/0618/2368/0740/files/BBG_Blue_Lion_Sweatshirt_Pant_89e6cf6d-9b99-45ed-9a8c-26805f51c58e.png?v=1728309303,6,Hulk Printed Sweatshirt Set Copy Copy - back view - unisex wear Pakistan,,,,,,,,,,,,,,,,,,,,,,,,,,,,,,,,,,,,,,,,,,,,https://cdn.shopify.com/s/files/1/0618/2368/0740/files/BBG_Blue_Lion_Sweatshirt_Pant_89e6cf6d-9b99-45ed-9a8c-26805f51c58e.png?v=1728309303,g,,,,,,
hulk-printed-sweatshirt-set-copy-copy,,,,,,,,,3-4-years,,,yellow-1,,,,,'10714617,500.0,,-2,deny,manual,1399.00,,true,true,,,,,'10714617,https://cdn.shopify.com/s/files/1/0618/2368/0740/files/1-14.webp?v=1776411092,7,"",,,,,,,,,,,,,,,,,,,,,,,,,,,,,,,,,,,,,,,,,,,,https://cdn.shopify.com/s/files/1/0618/2368/0740/files/Yellow_lion_Sweatshirt_PantKids_Silk_Pajamas_Set.png?v=1728309270,g,,,,,,
hulk-printed-sweatshirt-set-copy-copy,,,,,,,,,3-4-years,,,red,,,,,'10714618,500.0,,-2,deny,manual,1399.00,,true,true,,,,,'10714618,,,,,,,,,,,,,,,,,,,,,,,,,,,,,,,,,,,,,,,,,,,,,,,https://cdn.shopify.com/s/files/1/0618/2368/0740/files/BBG_Red_Lion_Sweatshirt_Pant_ed6ec798-784b-440d-ac4b-7d2b34068775.png?v=1728309144,g,,,,,,
hulk-printed-sweatshirt-set-copy-copy,,,,,,,,,3-4-years,,,orange,,,,,'10714619,500.0,,-1,deny,manual,1399.00,,true,true,,,,,'10714619,,,,,,,,,,,,,,,,,,,,,,,,,,,,,,,,,,,,,,,,,,,,,,,https://cdn.shopify.com/s/files/1/0618/2368/0740/files/BBG_Orange_Lion_Sweatshirt_PantKids_Silk_Pajamas_Set_d22427af-2e95-4a60-baf3-dc0b45a821d4.png?v=1728309099,g,,,,,,
hulk-printed-sweatshirt-set-copy-copy,,,,,,,,,3-4-years,,,white,,,,,'10714620,500.0,,-1,deny,manual,1399.00,,true,true,,,,,'10714620,,,,,,,,,,,,,,,,,,,,,,,,,,,,,,,,,,,,,,,,,,,,,,,https://cdn.shopify.com/s/files/1/0618/2368/0740/files/BBG_White_Sweatshirt_Pant_de88ddda-a2a5-4b82-b0ab-ac081cbc7f38.png?v=1728309119,g,,,,,,
hulk-printed-sweatshirt-set-copy-copy,,,,,,,,,3-4-years,,,silver,,,,,'10714621,500.0,,-1,deny,manual,1399.00,,true,true,,,,,'10714621,,,,,,,,,,,,,,,,,,,,,,,,,,,,,,,,,,,,,,,,,,,,,,,https://cdn.shopify.com/s/files/1/0618/2368/0740/files/BBG_Grey_Lion_Sweatshirt_Pant_4811375b-9a51-4636-b740-03e367d0ad8f.png?v=1728309286,g,,,,,,
hulk-printed-sweatshirt-set-copy-copy,,,,,,,,,3-4-years,,,navy-1,,,,,'10714622,500.0,,-1,deny,manual,1399.00,,true,true,,,,,'10714622,,,,,,,,,,,,,,,,,,,,,,,,,,,,,,,,,,,,,,,,,,,,,,,https://cdn.shopify.com/s/files/1/0618/2368/0740/files/BBG_Blue_Lion_Sweatshirt_Pant_89e6cf6d-9b99-45ed-9a8c-26805f51c58e.png?v=1728309303,g,,,,,,
hulk-printed-sweatshirt-set-copy-copy,,,,,,,,,5-6-years-1,,,yellow-1,,,,,'10714623,500.0,,-3,deny,manual,1399.00,,true,true,,,,,'10714623,,,,,,,,,,,,,,,,,,,,,,,,,,,,,,,,,,,,,,,,,,,,,,,https://cdn.shopify.com/s/files/1/0618/2368/0740/files/Yellow_lion_Sweatshirt_PantKids_Silk_Pajamas_Set.png?v=1728309270,g,,,,,,
hulk-printed-sweatshirt-set-copy-copy,,,,,,,,,5-6-years-1,,,red,,,,,'10714624,500.0,,-1,deny,manual,1399.00,,true,true,,,,,'10714624,,,,,,,,,,,,,,,,,,,,,,,,,,,,,,,,,,,,,,,,,,,,,,,https://cdn.shopify.com/s/files/1/0618/2368/0740/files/BBG_Red_Lion_Sweatshirt_Pant_ed6ec798-784b-440d-ac4b-7d2b34068775.png?v=1728309144,g,,,,,,
hulk-printed-sweatshirt-set-copy-copy,,,,,,,,,5-6-years-1,,,orange,,,,,'10714625,500.0,,0,deny,manual,1399.00,,true,true,,,,,'10714625,,,,,,,,,,,,,,,,,,,,,,,,,,,,,,,,,,,,,,,,,,,,,,,https://cdn.shopify.com/s/files/1/0618/2368/0740/files/BBG_Orange_Lion_Sweatshirt_PantKids_Silk_Pajamas_Set_d22427af-2e95-4a60-baf3-dc0b45a821d4.png?v=1728309099,g,,,,,,
hulk-printed-sweatshirt-set-copy-copy,,,,,,,,,5-6-years-1,,,white,,,,,'10714626,500.0,,0,deny,manual,1399.00,,true,true,,,,,'10714626,,,,,,,,,,,,,,,,,,,,,,,,,,,,,,,,,,,,,,,,,,,,,,,https://cdn.shopify.com/s/files/1/0618/2368/0740/files/BBG_White_Sweatshirt_Pant_de88ddda-a2a5-4b82-b0ab-ac081cbc7f38.png?v=1728309119,g,,,,,,
hulk-printed-sweatshirt-set-copy-copy,,,,,,,,,5-6-years-1,,,silver,,,,,'10714627,500.0,,0,deny,manual,1399.00,,true,true,,,,,'10714627,,,,,,,,,,,,,,,,,,,,,,,,,,,,,,,,,,,,,,,,,,,,,,,https://cdn.shopify.com/s/files/1/0618/2368/0740/files/BBG_Grey_Lion_Sweatshirt_Pant_4811375b-9a51-4636-b740-03e367d0ad8f.png?v=1728309286,g,,,,,,
hulk-printed-sweatshirt-set-copy-copy,,,,,,,,,5-6-years-1,,,navy-1,,,,,'10714628,500.0,,0,deny,manual,1399.00,,true,true,,,,,'10714628,,,,,,,,,,,,,,,,,,,,,,,,,,,,,,,,,,,,,,,,,,,,,,,https://cdn.shopify.com/s/files/1/0618/2368/0740/files/BBG_Blue_Lion_Sweatshirt_Pant_89e6cf6d-9b99-45ed-9a8c-26805f51c58e.png?v=1728309303,g,,,,,,
hulk-printed-sweatshirt-set-copy-copy,,,,,,,,,7-8-years,,,yellow-1,,,,,'10714629,500.0,,0,deny,manual,1399.00,,true,true,,,,,'10714629,,,,,,,,,,,,,,,,,,,,,,,,,,,,,,,,,,,,,,,,,,,,,,,https://cdn.shopify.com/s/files/1/0618/2368/0740/files/Yellow_lion_Sweatshirt_PantKids_Silk_Pajamas_Set.png?v=1728309270,g,,,,,,
hulk-printed-sweatshirt-set-copy-copy,,,,,,,,,7-8-years,,,red,,,,,'10714630,500.0,,-2,deny,manual,1399.00,,true,true,,,,,'10714630,,,,,,,,,,,,,,,,,,,,,,,,,,,,,,,,,,,,,,,,,,,,,,,https://cdn.shopify.com/s/files/1/0618/2368/0740/files/BBG_Red_Lion_Sweatshirt_Pant_ed6ec798-784b-440d-ac4b-7d2b34068775.png?v=1728309144,g,,,,,,
hulk-printed-sweatshirt-set-copy-copy,,,,,,,,,7-8-years,,,orange,,,,,'10714631,500.0,,0,deny,manual,1399.00,,true,true,,,,,'10714631,,,,,,,,,,,,,,,,,,,,,,,,,,,,,,,,,,,,,,,,,,,,,,,https://cdn.shopify.com/s/files/1/0618/2368/0740/files/BBG_Orange_Lion_Sweatshirt_PantKids_Silk_Pajamas_Set_d22427af-2e95-4a60-baf3-dc0b45a821d4.png?v=1728309099,g,,,,,,
hulk-printed-sweatshirt-set-copy-copy,,,,,,,,,7-8-years,,,white,,,,,'10714632,500.0,,0,deny,manual,1399.00,,true,true,,,,,'10714632,,,,,,,,,,,,,,,,,,,,,,,,,,,,,,,,,,,,,,,,,,,,,,,https://cdn.shopify.com/s/files/1/0618/2368/0740/files/BBG_White_Sweatshirt_Pant_de88ddda-a2a5-4b82-b0ab-ac081cbc7f38.png?v=1728309119,g,,,,,,
hulk-printed-sweatshirt-set-copy-copy,,,,,,,,,7-8-years,,,silver,,,,,'10714633,500.0,,0,deny,manual,1399.00,,true,true,,,,,'10714633,,,,,,,,,,,,,,,,,,,,,,,,,,,,,,,,,,,,,,,,,,,,,,,https://cdn.shopify.com/s/files/1/0618/2368/0740/files/BBG_Grey_Lion_Sweatshirt_Pant_4811375b-9a51-4636-b740-03e367d0ad8f.png?v=1728309286,g,,,,,,
hulk-printed-sweatshirt-set-copy-copy,,,,,,,,,7-8-years,,,navy-1,,,,,'10714634,500.0,,0,deny,manual,1399.00,,true,true,,,,,'10714634,,,,,,,,,,,,,,,,,,,,,,,,,,,,,,,,,,,,,,,,,,,,,,,https://cdn.shopify.com/s/files/1/0618/2368/0740/files/BBG_Blue_Lion_Sweatshirt_Pant_89e6cf6d-9b99-45ed-9a8c-26805f51c58e.png?v=1728309303,g,,,,,,
hulk-printed-sweatshirt-set-copy-copy,,,,,,,,,9-10-years,,,yellow-1,,,,,'10714635,500.0,,0,deny,manual,1399.00,,true,true,,,,,'10714635,,,,,,,,,,,,,,,,,,,,,,,,,,,,,,,,,,,,,,,,,,,,,,,https://cdn.shopify.com/s/files/1/0618/2368/0740/files/Yellow_lion_Sweatshirt_PantKids_Silk_Pajamas_Set.png?v=1728309270,g,,,,,,
hulk-printed-sweatshirt-set-copy-copy,,,,,,,,,9-10-years,,,red,,,,,'10714636,500.0,,0,deny,manual,1399.00,,true,true,,,,,'10714636,,,,,,,,,,,,,,,,,,,,,,,,,,,,,,,,,,,,,,,,,,,,,,,https://cdn.shopify.com/s/files/1/0618/2368/0740/files/BBG_Red_Lion_Sweatshirt_Pant_ed6ec798-784b-440d-ac4b-7d2b34068775.png?v=1728309144,g,,,,,,
hulk-printed-sweatshirt-set-copy-copy,,,,,,,,,9-10-years,,,orange,,,,,'10714637,500.0,,-1,deny,manual,1399.00,,true,true,,,,,'10714637,,,,,,,,,,,,,,,,,,,,,,,,,,,,,,,,,,,,,,,,,,,,,,,https://cdn.shopify.com/s/files/1/0618/2368/0740/files/BBG_Orange_Lion_Sweatshirt_PantKids_Silk_Pajamas_Set_d22427af-2e95-4a60-baf3-dc0b45a821d4.png?v=1728309099,g,,,,,,
hulk-printed-sweatshirt-set-copy-copy,,,,,,,,,9-10-years,,,white,,,,,'10714638,500.0,,0,deny,manual,1399.00,,true,true,,,,,'10714638,,,,,,,,,,,,,,,,,,,,,,,,,,,,,,,,,,,,,,,,,,,,,,,https://cdn.shopify.com/s/files/1/0618/2368/0740/files/BBG_White_Sweatshirt_Pant_de88ddda-a2a5-4b82-b0ab-ac081cbc7f38.png?v=1728309119,g,,,,,,
