Handle,Title,Body (HTML),Vendor,Product Category,Type,Tags,Published,Option1 Name,Option1 Value,Option1 Linked To,Option2 Name,Option2 Value,Option2 Linked To,Option3 Name,Option3 Value,Option3 Linked To,Variant SKU,Variant Grams,Variant Inventory Tracker,Variant Inventory Qty,Variant Inventory Policy,Variant Fulfillment Service,Variant Price,Variant Compare At Price,Variant Requires Shipping,Variant Taxable,Unit Price Total Measure,Unit Price Total Measure Unit,Unit Price Base Measure,Unit Price Base Measure Unit,Variant Barcode,Image Src,Image Position,Image Alt Text,Gift Card,SEO Title,SEO Description,Google Shopping / Google Product Category,Google Shopping / Gender,Google Shopping / Age Group,Google Shopping / MPN,Google Shopping / Condition,Google Shopping / Custom Product,Google Shopping / Custom Label 0,Google Shopping / Custom Label 1,Google Shopping / Custom Label 2,Google Shopping / Custom Label 3,Google Shopping / Custom Label 4,Google: Custom Product (product.metafields.mm-google-shopping.custom_product),Product rating count (product.metafields.reviews.rating_count),Activewear clothing features (product.metafields.shopify.activewear-clothing-features),Activity (product.metafields.shopify.activity),Age group (product.metafields.shopify.age-group),Baby/Toddler clothing features (product.metafields.shopify.baby-toddler-clothing-features),Baby/Toddler sleepwear style (product.metafields.shopify.baby-toddler-sleepwear-style),Care instructions (product.metafields.shopify.care-instructions),Clothing features (product.metafields.shopify.clothing-features),Color (product.metafields.shopify.color-pattern),Dress occasion (product.metafields.shopify.dress-occasion),Dress style (product.metafields.shopify.dress-style),Fabric (product.metafields.shopify.fabric),Fit (product.metafields.shopify.fit),Intimate apparel features (product.metafields.shopify.intimate-apparel-features),Neckline (product.metafields.shopify.neckline),One-piece style (product.metafields.shopify.one-piece-style),Outerwear clothing features (product.metafields.shopify.outerwear-clothing-features),Pants length type (product.metafields.shopify.pants-length-type),Size (product.metafields.shopify.size),Skirt/Dress length type (product.metafields.shopify.skirt-dress-length-type),Sleeve length type (product.metafields.shopify.sleeve-length-type),Target gender (product.metafields.shopify.target-gender),Top length type (product.metafields.shopify.top-length-type),Waist rise (product.metafields.shopify.waist-rise),Complementary products (product.metafields.shopify--discovery--product_recommendation.complementary_products),Related products (product.metafields.shopify--discovery--product_recommendation.related_products),Related products settings (product.metafields.shopify--discovery--product_recommendation.related_products_display),Search product boosts (product.metafields.shopify--discovery--product_search_boost.queries),Variant Image,Variant Weight Unit,Variant Tax Code,Cost per item,Included / Pakistan,Price / Pakistan,Compare At Price / Pakistan,Status
hulk-printed-sweatshirt-set-copy-copy,,,,,,,,,9-10-years,,,silver,,,,,'10714639,500.0,,0,deny,manual,1399.00,,true,true,,,,,'10714639,,,,,,,,,,,,,,,,,,,,,,,,,,,,,,,,,,,,,,,,,,,,,,,https://cdn.shopify.com/s/files/1/0618/2368/0740/files/BBG_Grey_Lion_Sweatshirt_Pant_4811375b-9a51-4636-b740-03e367d0ad8f.png?v=1728309286,g,,,,,,
hulk-printed-sweatshirt-set-copy-copy,,,,,,,,,9-10-years,,,navy-1,,,,,'10714640,500.0,,0,deny,manual,1399.00,,true,true,,,,,'10714640,,,,,,,,,,,,,,,,,,,,,,,,,,,,,,,,,,,,,,,,,,,,,,,https://cdn.shopify.com/s/files/1/0618/2368/0740/files/BBG_Blue_Lion_Sweatshirt_Pant_89e6cf6d-9b99-45ed-9a8c-26805f51c58e.png?v=1728309303,g,,,,,,
hulk-printed-sweatshirt-set-copy-copy,,,,,,,,,11-12-years,,,yellow-1,,,,,'10714641,500.0,,0,deny,manual,1399.00,,true,true,,,,,'10714641,,,,,,,,,,,,,,,,,,,,,,,,,,,,,,,,,,,,,,,,,,,,,,,https://cdn.shopify.com/s/files/1/0618/2368/0740/files/Yellow_lion_Sweatshirt_PantKids_Silk_Pajamas_Set.png?v=1728309270,g,,,,,,
hulk-printed-sweatshirt-set-copy-copy,,,,,,,,,11-12-years,,,red,,,,,'10714642,500.0,,-1,deny,manual,1399.00,,true,true,,,,,'10714642,,,,,,,,,,,,,,,,,,,,,,,,,,,,,,,,,,,,,,,,,,,,,,,https://cdn.shopify.com/s/files/1/0618/2368/0740/files/BBG_Red_Lion_Sweatshirt_Pant_ed6ec798-784b-440d-ac4b-7d2b34068775.png?v=1728309144,g,,,,,,
hulk-printed-sweatshirt-set-copy-copy,,,,,,,,,11-12-years,,,orange,,,,,'10714643,500.0,,0,deny,manual,1399.00,,true,true,,,,,'10714643,,,,,,,,,,,,,,,,,,,,,,,,,,,,,,,,,,,,,,,,,,,,,,,https://cdn.shopify.com/s/files/1/0618/2368/0740/files/BBG_Orange_Lion_Sweatshirt_PantKids_Silk_Pajamas_Set_d22427af-2e95-4a60-baf3-dc0b45a821d4.png?v=1728309099,g,,,,,,
hulk-printed-sweatshirt-set-copy-copy,,,,,,,,,11-12-years,,,white,,,,,'10714644,500.0,,0,deny,manual,1399.00,,true,true,,,,,'10714644,,,,,,,,,,,,,,,,,,,,,,,,,,,,,,,,,,,,,,,,,,,,,,,https://cdn.shopify.com/s/files/1/0618/2368/0740/files/BBG_White_Sweatshirt_Pant_de88ddda-a2a5-4b82-b0ab-ac081cbc7f38.png?v=1728309119,g,,,,,,
hulk-printed-sweatshirt-set-copy-copy,,,,,,,,,11-12-years,,,silver,,,,,'10714645,500.0,,0,deny,manual,1399.00,,true,true,,,,,'10714645,,,,,,,,,,,,,,,,,,,,,,,,,,,,,,,,,,,,,,,,,,,,,,,https://cdn.shopify.com/s/files/1/0618/2368/0740/files/BBG_Grey_Lion_Sweatshirt_Pant_4811375b-9a51-4636-b740-03e367d0ad8f.png?v=1728309286,g,,,,,,
hulk-printed-sweatshirt-set-copy-copy,,,,,,,,,11-12-years,,,navy-1,,,,,'10706911,500.0,,0,deny,manual,1399.00,,true,true,,,,,'10706911,,,,,,,,,,,,,,,,,,,,,,,,,,,,,,,,,,,,,,,,,,,,,,,https://cdn.shopify.com/s/files/1/0618/2368/0740/files/BBG_Blue_Lion_Sweatshirt_Pant_89e6cf6d-9b99-45ed-9a8c-26805f51c58e.png?v=1728309303,g,,,,,,
dragon-ball-z-printed-sweatshirt-set-copy,Kids Winter Sweat Shirt Set | Dragon Ball Z Printed,"<h4>Kids Winter Sweat Shirt Set | Dragon Ball Z Printed<br><br>
</h4>
<p data-start=""273"" data-end=""504"">Inspired by iconic anime energy, this outfit features a bold and dynamic print that brings action and excitement to everyday wear.</p>
<p data-start=""506"" data-end=""748"">Crafted from soft, premium fleece fabric, it provides warmth and comfort during cold days while remaining breathable and gentle on the skin. The sweatshirt pairs perfectly with matching trousers, creating a complete and stylish winter outfit.</p>
<p data-start=""750"" data-end=""888"">Perfect for school, playtime, or casual outings, this set keeps your little one cozy while showing off their favorite anime-inspired look.</p>
<p data-start=""890"" data-end=""909""><strong data-start=""890"" data-end=""909"">✨ Key Features:</strong></p>
<ul data-start=""910"" data-end=""1166"">
<li data-section-id=""cre33n"" data-start=""910"" data-end=""942"">Soft &amp; warm fleece fabric ❄️</li>
<li data-section-id=""r3wm3k"" data-start=""943"" data-end=""974"">Bold anime-inspired print ⚡</li>
<li data-section-id=""1dd02rc"" data-start=""975"" data-end=""1008"">Comfortable elastic waistband</li>
<li data-section-id=""1blepg9"" data-start=""1009"" data-end=""1040"">Ribbed cuffs for a snug fit</li>
<li data-section-id=""95i0z6"" data-start=""1041"" data-end=""1080"">Skin-friendly &amp; breathable material</li>
<li data-section-id=""9pkecn"" data-start=""1081"" data-end=""1124"">Durable stitching for long-lasting wear</li>
<li data-section-id=""aya9xi"" data-start=""1125"" data-end=""1166"">Ideal for winter wear &amp; daily outings</li>
</ul>",BBG FASHION CLOTHING STORE,Apparel & Accessories > Clothing > Baby & Toddler Clothing,Kids Sweatshirt & Pant,"Kids Winter Collection, kidssweatshirtandpant",true,Color,orange,product.metafields.shopify.color-pattern,Size,1-2-years,product.metafields.shopify.size,,,,'10742494,500.0,shopify,123123,deny,manual,1399.00,,true,true,,,,,'10742494,https://cdn.shopify.com/s/files/1/0618/2368/0740/files/BBG_Yellow_lion_Sweatshirt_PantKids_Silk_Pajamas_Set_6497e62c-f78e-400a-be6e-ecf16bb181b2.png?v=1776517934,1,Dragon Ball Z Printed Sweatshirt Set Copy - detail shot - unisex wear Pakistan,false,,"Shop Kids Winter Sweat Shirt Set with Dragon Ball Z print. Soft fleece, warm & comfortable outfit for kids. Perfect winter wear in Pakistan.",,,,,,,,,,,,,'1,,,,,,,,orange; white; red; yellow-1; silver; navy-1,,,,,,,,,,1-2-years; 3-4-years; 5-6-years-1; 7-8-years; 9-10-years; 11-12-years,,,,,,,,,,https://cdn.shopify.com/s/files/1/0618/2368/0740/files/BBG_Orange_Lion_Sweatshirt_PantKids_Silk_Pajamas_Set_cbf4f0cb-b27d-4943-811a-1bd70becacc7.png?v=1776517934,g,,,true,,,active
dragon-ball-z-printed-sweatshirt-set-copy,,,,,,,,,orange,,,3-4-years,,,,,'10714588,500.0,shopify,123123,deny,manual,1399.00,,true,true,,,,,'10714588,https://cdn.shopify.com/s/files/1/0618/2368/0740/files/BBG_Orange_Lion_Sweatshirt_PantKids_Silk_Pajamas_Set_cbf4f0cb-b27d-4943-811a-1bd70becacc7.png?v=1776517934,2,Dragon Ball Z Printed Sweatshirt Set Copy - front view - unisex wear Pakistan,,,,,,,,,,,,,,,,,,,,,,,,,,,,,,,,,,,,,,,,,,,,https://cdn.shopify.com/s/files/1/0618/2368/0740/files/BBG_Orange_Lion_Sweatshirt_PantKids_Silk_Pajamas_Set_cbf4f0cb-b27d-4943-811a-1bd70becacc7.png?v=1776517934,g,,,,,,
dragon-ball-z-printed-sweatshirt-set-copy,,,,,,,,,orange,,,5-6-years-1,,,,,'10714594,500.0,shopify,123123,deny,manual,1399.00,,true,true,,,,,'10714594,https://cdn.shopify.com/s/files/1/0618/2368/0740/files/BBG_White_Sweatshirt_Pant_35e93f3b-5220-4dfc-9eb9-ea10658edb3e.png?v=1776517934,3,Dragon Ball Z Printed Sweatshirt Set Copy - back view - unisex wear Pakistan,,,,,,,,,,,,,,,,,,,,,,,,,,,,,,,,,,,,,,,,,,,,https://cdn.shopify.com/s/files/1/0618/2368/0740/files/BBG_Orange_Lion_Sweatshirt_PantKids_Silk_Pajamas_Set_cbf4f0cb-b27d-4943-811a-1bd70becacc7.png?v=1776517934,g,,,,,,
dragon-ball-z-printed-sweatshirt-set-copy,,,,,,,,,orange,,,7-8-years,,,,,'10714600,500.0,shopify,123123,deny,manual,1399.00,,true,true,,,,,'10714600,https://cdn.shopify.com/s/files/1/0618/2368/0740/files/BBG_Red_Lion_Sweatshirt_Pant_8c9a62e0-6bfb-45fa-ba34-2e43382716f0.png?v=1776517934,4,Dragon Ball Z Printed Sweatshirt Set Copy - side view - unisex wear Pakistan,,,,,,,,,,,,,,,,,,,,,,,,,,,,,,,,,,,,,,,,,,,,https://cdn.shopify.com/s/files/1/0618/2368/0740/files/BBG_Orange_Lion_Sweatshirt_PantKids_Silk_Pajamas_Set_cbf4f0cb-b27d-4943-811a-1bd70becacc7.png?v=1776517934,g,,,,,,
dragon-ball-z-printed-sweatshirt-set-copy,,,,,,,,,orange,,,9-10-years,,,,,'10714606,500.0,shopify,123123,deny,manual,1399.00,,true,true,,,,,'10714606,https://cdn.shopify.com/s/files/1/0618/2368/0740/files/BBG_Grey_Lion_Sweatshirt_Pant_e35b10a3-7ce1-492c-aadf-b0862c6b925a.png?v=1728308686,5,Dragon Ball Z Printed Sweatshirt Set Copy - front view - unisex wear Pakistan,,,,,,,,,,,,,,,,,,,,,,,,,,,,,,,,,,,,,,,,,,,,https://cdn.shopify.com/s/files/1/0618/2368/0740/files/BBG_Orange_Lion_Sweatshirt_PantKids_Silk_Pajamas_Set_cbf4f0cb-b27d-4943-811a-1bd70becacc7.png?v=1776517934,g,,,,,,
dragon-ball-z-printed-sweatshirt-set-copy,,,,,,,,,orange,,,11-12-years,,,,,'10714612,500.0,shopify,123123,deny,manual,1399.00,,true,true,,,,,'10714612,https://cdn.shopify.com/s/files/1/0618/2368/0740/files/BBG_Blue_Lion_Sweatshirt_Pant_74a21bf2-6d70-42d4-9ab5-6b348201010d.png?v=1728308738,6,Dragon Ball Z Printed Sweatshirt Set Copy - back view - unisex wear Pakistan,,,,,,,,,,,,,,,,,,,,,,,,,,,,,,,,,,,,,,,,,,,,https://cdn.shopify.com/s/files/1/0618/2368/0740/files/BBG_Orange_Lion_Sweatshirt_PantKids_Silk_Pajamas_Set_cbf4f0cb-b27d-4943-811a-1bd70becacc7.png?v=1776517934,g,,,,,,
dragon-ball-z-printed-sweatshirt-set-copy,,,,,,,,,white,,,1-2-years,,,,,'10742495,500.0,shopify,123123,deny,manual,1399.00,,true,true,,,,,'10742495,https://cdn.shopify.com/s/files/1/0618/2368/0740/files/kidssizechart_02fa9cf1-6924-4d86-8c13-35c6ba7eeeb5.webp?v=1776676217,7,Unicorn Printed Sweatshirt Set size chart - measurements guide,,,,,,,,,,,,,,,,,,,,,,,,,,,,,,,,,,,,,,,,,,,,https://cdn.shopify.com/s/files/1/0618/2368/0740/files/BBG_White_Sweatshirt_Pant_35e93f3b-5220-4dfc-9eb9-ea10658edb3e.png?v=1776517934,g,,,,,,
dragon-ball-z-printed-sweatshirt-set-copy,,,,,,,,,white,,,3-4-years,,,,,'10714589,500.0,shopify,123123,deny,manual,1399.00,,true,true,,,,,'10714589,,,,,,,,,,,,,,,,,,,,,,,,,,,,,,,,,,,,,,,,,,,,,,,https://cdn.shopify.com/s/files/1/0618/2368/0740/files/BBG_White_Sweatshirt_Pant_35e93f3b-5220-4dfc-9eb9-ea10658edb3e.png?v=1776517934,g,,,,,,
dragon-ball-z-printed-sweatshirt-set-copy,,,,,,,,,white,,,5-6-years-1,,,,,'10714595,500.0,shopify,123123,deny,manual,1399.00,,true,true,,,,,'10714595,,,,,,,,,,,,,,,,,,,,,,,,,,,,,,,,,,,,,,,,,,,,,,,https://cdn.shopify.com/s/files/1/0618/2368/0740/files/BBG_White_Sweatshirt_Pant_35e93f3b-5220-4dfc-9eb9-ea10658edb3e.png?v=1776517934,g,,,,,,
dragon-ball-z-printed-sweatshirt-set-copy,,,,,,,,,white,,,7-8-years,,,,,'10714601,500.0,shopify,123123,deny,manual,1399.00,,true,true,,,,,'10714601,,,,,,,,,,,,,,,,,,,,,,,,,,,,,,,,,,,,,,,,,,,,,,,https://cdn.shopify.com/s/files/1/0618/2368/0740/files/BBG_White_Sweatshirt_Pant_35e93f3b-5220-4dfc-9eb9-ea10658edb3e.png?v=1776517934,g,,,,,,
dragon-ball-z-printed-sweatshirt-set-copy,,,,,,,,,white,,,9-10-years,,,,,'10714607,500.0,shopify,123123,deny,manual,1399.00,,true,true,,,,,'10714607,,,,,,,,,,,,,,,,,,,,,,,,,,,,,,,,,,,,,,,,,,,,,,,https://cdn.shopify.com/s/files/1/0618/2368/0740/files/BBG_White_Sweatshirt_Pant_35e93f3b-5220-4dfc-9eb9-ea10658edb3e.png?v=1776517934,g,,,,,,
dragon-ball-z-printed-sweatshirt-set-copy,,,,,,,,,white,,,11-12-years,,,,,'10714613,500.0,shopify,123123,deny,manual,1399.00,,true,true,,,,,'10714613,,,,,,,,,,,,,,,,,,,,,,,,,,,,,,,,,,,,,,,,,,,,,,,https://cdn.shopify.com/s/files/1/0618/2368/0740/files/BBG_White_Sweatshirt_Pant_35e93f3b-5220-4dfc-9eb9-ea10658edb3e.png?v=1776517934,g,,,,,,
dragon-ball-z-printed-sweatshirt-set-copy,,,,,,,,,red,,,1-2-years,,,,,'10742496,500.0,shopify,123123,deny,manual,1399.00,,true,true,,,,,'10742496,,,,,,,,,,,,,,,,,,,,,,,,,,,,,,,,,,,,,,,,,,,,,,,https://cdn.shopify.com/s/files/1/0618/2368/0740/files/BBG_Red_Lion_Sweatshirt_Pant_8c9a62e0-6bfb-45fa-ba34-2e43382716f0.png?v=1776517934,g,,,,,,
dragon-ball-z-printed-sweatshirt-set-copy,,,,,,,,,red,,,3-4-years,,,,,'10714590,500.0,shopify,123123,deny,manual,1399.00,,true,true,,,,,'10714590,,,,,,,,,,,,,,,,,,,,,,,,,,,,,,,,,,,,,,,,,,,,,,,https://cdn.shopify.com/s/files/1/0618/2368/0740/files/BBG_Red_Lion_Sweatshirt_Pant_8c9a62e0-6bfb-45fa-ba34-2e43382716f0.png?v=1776517934,g,,,,,,
dragon-ball-z-printed-sweatshirt-set-copy,,,,,,,,,red,,,5-6-years-1,,,,,'10714596,500.0,shopify,123123,deny,manual,1399.00,,true,true,,,,,'10714596,,,,,,,,,,,,,,,,,,,,,,,,,,,,,,,,,,,,,,,,,,,,,,,https://cdn.shopify.com/s/files/1/0618/2368/0740/files/BBG_Red_Lion_Sweatshirt_Pant_8c9a62e0-6bfb-45fa-ba34-2e43382716f0.png?v=1776517934,g,,,,,,
dragon-ball-z-printed-sweatshirt-set-copy,,,,,,,,,red,,,7-8-years,,,,,'10714602,500.0,shopify,123123,deny,manual,1399.00,,true,true,,,,,'10714602,,,,,,,,,,,,,,,,,,,,,,,,,,,,,,,,,,,,,,,,,,,,,,,https://cdn.shopify.com/s/files/1/0618/2368/0740/files/BBG_Red_Lion_Sweatshirt_Pant_8c9a62e0-6bfb-45fa-ba34-2e43382716f0.png?v=1776517934,g,,,,,,
dragon-ball-z-printed-sweatshirt-set-copy,,,,,,,,,red,,,9-10-years,,,,,'10714608,500.0,shopify,123123,deny,manual,1399.00,,true,true,,,,,'10714608,,,,,,,,,,,,,,,,,,,,,,,,,,,,,,,,,,,,,,,,,,,,,,,https://cdn.shopify.com/s/files/1/0618/2368/0740/files/BBG_Red_Lion_Sweatshirt_Pant_8c9a62e0-6bfb-45fa-ba34-2e43382716f0.png?v=1776517934,g,,,,,,
dragon-ball-z-printed-sweatshirt-set-copy,,,,,,,,,red,,,11-12-years,,,,,'10714614,500.0,shopify,123123,deny,manual,1399.00,,true,true,,,,,'10714614,,,,,,,,,,,,,,,,,,,,,,,,,,,,,,,,,,,,,,,,,,,,,,,https://cdn.shopify.com/s/files/1/0618/2368/0740/files/BBG_Red_Lion_Sweatshirt_Pant_8c9a62e0-6bfb-45fa-ba34-2e43382716f0.png?v=1776517934,g,,,,,,
dragon-ball-z-printed-sweatshirt-set-copy,,,,,,,,,yellow-1,,,1-2-years,,,,,'10742497,500.0,shopify,123123,deny,manual,1399.00,,true,true,,,,,'10742497,,,,,,,,,,,,,,,,,,,,,,,,,,,,,,,,,,,,,,,,,,,,,,,https://cdn.shopify.com/s/files/1/0618/2368/0740/files/BBG_Yellow_lion_Sweatshirt_PantKids_Silk_Pajamas_Set_6497e62c-f78e-400a-be6e-ecf16bb181b2.png?v=1776517934,g,,,,,,
dragon-ball-z-printed-sweatshirt-set-copy,,,,,,,,,yellow-1,,,3-4-years,,,,,'10714591,500.0,shopify,123123,deny,manual,1399.00,,true,true,,,,,'10714591,,,,,,,,,,,,,,,,,,,,,,,,,,,,,,,,,,,,,,,,,,,,,,,https://cdn.shopify.com/s/files/1/0618/2368/0740/files/BBG_Yellow_lion_Sweatshirt_PantKids_Silk_Pajamas_Set_6497e62c-f78e-400a-be6e-ecf16bb181b2.png?v=1776517934,g,,,,,,
dragon-ball-z-printed-sweatshirt-set-copy,,,,,,,,,yellow-1,,,5-6-years-1,,,,,'10714597,500.0,shopify,123123,deny,manual,1399.00,,true,true,,,,,'10714597,,,,,,,,,,,,,,,,,,,,,,,,,,,,,,,,,,,,,,,,,,,,,,,https://cdn.shopify.com/s/files/1/0618/2368/0740/files/BBG_Yellow_lion_Sweatshirt_PantKids_Silk_Pajamas_Set_6497e62c-f78e-400a-be6e-ecf16bb181b2.png?v=1776517934,g,,,,,,
dragon-ball-z-printed-sweatshirt-set-copy,,,,,,,,,yellow-1,,,7-8-years,,,,,'10714603,500.0,shopify,123123,deny,manual,1399.00,,true,true,,,,,'10714603,,,,,,,,,,,,,,,,,,,,,,,,,,,,,,,,,,,,,,,,,,,,,,,https://cdn.shopify.com/s/files/1/0618/2368/0740/files/BBG_Yellow_lion_Sweatshirt_PantKids_Silk_Pajamas_Set_6497e62c-f78e-400a-be6e-ecf16bb181b2.png?v=1776517934,g,,,,,,
dragon-ball-z-printed-sweatshirt-set-copy,,,,,,,,,yellow-1,,,9-10-years,,,,,'10714609,500.0,shopify,123123,deny,manual,1399.00,,true,true,,,,,'10714609,,,,,,,,,,,,,,,,,,,,,,,,,,,,,,,,,,,,,,,,,,,,,,,https://cdn.shopify.com/s/files/1/0618/2368/0740/files/BBG_Yellow_lion_Sweatshirt_PantKids_Silk_Pajamas_Set_6497e62c-f78e-400a-be6e-ecf16bb181b2.png?v=1776517934,g,,,,,,
dragon-ball-z-printed-sweatshirt-set-copy,,,,,,,,,yellow-1,,,11-12-years,,,,,'10714615,500.0,shopify,123123,deny,manual,1399.00,,true,true,,,,,'10714615,,,,,,,,,,,,,,,,,,,,,,,,,,,,,,,,,,,,,,,,,,,,,,,https://cdn.shopify.com/s/files/1/0618/2368/0740/files/BBG_Yellow_lion_Sweatshirt_PantKids_Silk_Pajamas_Set_6497e62c-f78e-400a-be6e-ecf16bb181b2.png?v=1776517934,g,,,,,,
dragon-ball-z-printed-sweatshirt-set-copy,,,,,,,,,silver,,,1-2-years,,,,,'10742498,500.0,shopify,123123,deny,manual,1399.00,,true,true,,,,,'10742498,,,,,,,,,,,,,,,,,,,,,,,,,,,,,,,,,,,,,,,,,,,,,,,https://cdn.shopify.com/s/files/1/0618/2368/0740/files/BBG_Grey_Lion_Sweatshirt_Pant_e35b10a3-7ce1-492c-aadf-b0862c6b925a.png?v=1728308686,g,,,,,,
dragon-ball-z-printed-sweatshirt-set-copy,,,,,,,,,silver,,,3-4-years,,,,,'10714592,500.0,shopify,123123,deny,manual,1399.00,,true,true,,,,,'10714592,,,,,,,,,,,,,,,,,,,,,,,,,,,,,,,,,,,,,,,,,,,,,,,https://cdn.shopify.com/s/files/1/0618/2368/0740/files/BBG_Grey_Lion_Sweatshirt_Pant_e35b10a3-7ce1-492c-aadf-b0862c6b925a.png?v=1728308686,g,,,,,,
dragon-ball-z-printed-sweatshirt-set-copy,,,,,,,,,silver,,,5-6-years-1,,,,,'10714598,500.0,shopify,123123,deny,manual,1399.00,,true,true,,,,,'10714598,,,,,,,,,,,,,,,,,,,,,,,,,,,,,,,,,,,,,,,,,,,,,,,https://cdn.shopify.com/s/files/1/0618/2368/0740/files/BBG_Grey_Lion_Sweatshirt_Pant_e35b10a3-7ce1-492c-aadf-b0862c6b925a.png?v=1728308686,g,,,,,,
dragon-ball-z-printed-sweatshirt-set-copy,,,,,,,,,silver,,,7-8-years,,,,,'10714604,500.0,shopify,123123,deny,manual,1399.00,,true,true,,,,,'10714604,,,,,,,,,,,,,,,,,,,,,,,,,,,,,,,,,,,,,,,,,,,,,,,https://cdn.shopify.com/s/files/1/0618/2368/0740/files/BBG_Grey_Lion_Sweatshirt_Pant_e35b10a3-7ce1-492c-aadf-b0862c6b925a.png?v=1728308686,g,,,,,,
dragon-ball-z-printed-sweatshirt-set-copy,,,,,,,,,silver,,,9-10-years,,,,,'10714610,500.0,shopify,123123,deny,manual,1399.00,,true,true,,,,,'10714610,,,,,,,,,,,,,,,,,,,,,,,,,,,,,,,,,,,,,,,,,,,,,,,https://cdn.shopify.com/s/files/1/0618/2368/0740/files/BBG_Grey_Lion_Sweatshirt_Pant_e35b10a3-7ce1-492c-aadf-b0862c6b925a.png?v=1728308686,g,,,,,,
dragon-ball-z-printed-sweatshirt-set-copy,,,,,,,,,silver,,,11-12-years,,,,,'10714616,500.0,shopify,123123,deny,manual,1399.00,,true,true,,,,,'10714616,,,,,,,,,,,,,,,,,,,,,,,,,,,,,,,,,,,,,,,,,,,,,,,https://cdn.shopify.com/s/files/1/0618/2368/0740/files/BBG_Grey_Lion_Sweatshirt_Pant_e35b10a3-7ce1-492c-aadf-b0862c6b925a.png?v=1728308686,g,,,,,,
dragon-ball-z-printed-sweatshirt-set-copy,,,,,,,,,navy-1,,,1-2-years,,,,,'10742499,500.0,shopify,123123,deny,manual,1399.00,,true,true,,,,,'10742499,,,,,,,,,,,,,,,,,,,,,,,,,,,,,,,,,,,,,,,,,,,,,,,https://cdn.shopify.com/s/files/1/0618/2368/0740/files/BBG_Blue_Lion_Sweatshirt_Pant_74a21bf2-6d70-42d4-9ab5-6b348201010d.png?v=1728308738,g,,,,,,
dragon-ball-z-printed-sweatshirt-set-copy,,,,,,,,,navy-1,,,3-4-years,,,,,'10714593,500.0,shopify,123123,deny,manual,1399.00,,true,true,,,,,'10714593,,,,,,,,,,,,,,,,,,,,,,,,,,,,,,,,,,,,,,,,,,,,,,,https://cdn.shopify.com/s/files/1/0618/2368/0740/files/BBG_Blue_Lion_Sweatshirt_Pant_74a21bf2-6d70-42d4-9ab5-6b348201010d.png?v=1728308738,g,,,,,,
dragon-ball-z-printed-sweatshirt-set-copy,,,,,,,,,navy-1,,,5-6-years-1,,,,,'10714599,500.0,shopify,123123,deny,manual,1399.00,,true,true,,,,,'10714599,,,,,,,,,,,,,,,,,,,,,,,,,,,,,,,,,,,,,,,,,,,,,,,https://cdn.shopify.com/s/files/1/0618/2368/0740/files/BBG_Blue_Lion_Sweatshirt_Pant_74a21bf2-6d70-42d4-9ab5-6b348201010d.png?v=1728308738,g,,,,,,
dragon-ball-z-printed-sweatshirt-set-copy,,,,,,,,,navy-1,,,7-8-years,,,,,'10714605,500.0,shopify,123123,deny,manual,1399.00,,true,true,,,,,'10714605,,,,,,,,,,,,,,,,,,,,,,,,,,,,,,,,,,,,,,,,,,,,,,,https://cdn.shopify.com/s/files/1/0618/2368/0740/files/BBG_Blue_Lion_Sweatshirt_Pant_74a21bf2-6d70-42d4-9ab5-6b348201010d.png?v=1728308738,g,,,,,,
dragon-ball-z-printed-sweatshirt-set-copy,,,,,,,,,navy-1,,,9-10-years,,,,,'10714611,500.0,shopify,123123,deny,manual,1399.00,,true,true,,,,,'10714611,,,,,,,,,,,,,,,,,,,,,,,,,,,,,,,,,,,,,,,,,,,,,,,https://cdn.shopify.com/s/files/1/0618/2368/0740/files/BBG_Blue_Lion_Sweatshirt_Pant_74a21bf2-6d70-42d4-9ab5-6b348201010d.png?v=1728308738,g,,,,,,
dragon-ball-z-printed-sweatshirt-set-copy,,,,,,,,,navy-1,,,11-12-years,,,,,'10706910,500.0,shopify,123123,deny,manual,1399.00,,true,true,,,,,'10706910,,,,,,,,,,,,,,,,,,,,,,,,,,,,,,,,,,,,,,,,,,,,,,,https://cdn.shopify.com/s/files/1/0618/2368/0740/files/BBG_Blue_Lion_Sweatshirt_Pant_74a21bf2-6d70-42d4-9ab5-6b348201010d.png?v=1728308738,g,,,,,,
be-good-printed-sweatshirt-set,Kids Winter Sweat Shirt Set | Be Good Printed,"<h4 data-start=""307"" data-end=""571""><span data-sheets-root=""1""><strong>Kids Winter Sweat Shirt Set | Be Good Printed<br><br></strong></span></h4>
<p data-start=""181"" data-end=""426"">Keep your child warm, comfy, and full of positive vibes with our <strong data-start=""246"" data-end=""295"">Kids Winter Sweat Shirt Set | Be Good Printed</strong>. Featuring a simple yet meaningful “Be Good” print, this outfit adds a cheerful and stylish touch to your child’s winter wardrobe.</p>
<p data-start=""428"" data-end=""668"">Made from soft, premium fleece fabric, it provides excellent warmth while staying breathable and gentle on delicate skin. The matching sweatshirt and trousers offer a relaxed fit, perfect for active kids who love to move, play, and explore.</p>
<p data-start=""670"" data-end=""780"">Ideal for everyday wear, school, or outings—this set combines comfort, durability, and a message parents love.</p>
<p data-start=""782"" data-end=""801""><strong data-start=""782"" data-end=""801"">✨ Key Features:</strong></p>
<ul data-start=""802"" data-end=""1061"">
<li data-section-id=""cre33n"" data-start=""802"" data-end=""834"">Soft &amp; warm fleece fabric ❄️</li>
<li data-section-id=""1o731up"" data-start=""835"" data-end=""872"">Positive “Be Good” front print 😊</li>
<li data-section-id=""1dd02rc"" data-start=""873"" data-end=""906"">Comfortable elastic waistband</li>
<li data-section-id=""1blepg9"" data-start=""907"" data-end=""938"">Ribbed cuffs for a snug fit</li>
<li data-section-id=""95i0z6"" data-start=""939"" data-end=""978"">Skin-friendly &amp; breathable material</li>
<li data-section-id=""4cca7d"" data-start=""979"" data-end=""1017"">Durable stitching for everyday use</li>
<li data-section-id=""11bcots"" data-start=""1018"" data-end=""1061"">Perfect for winter wear &amp; daily outings</li>
</ul>",BBG FASHION CLOTHING STORE,Apparel & Accessories > Clothing > Baby & Toddler Clothing,Kids Sweatshirt & Pant,"Kids Winter Collection, kidssweatshirtandpant",true,Color,yellow-1,product.metafields.shopify.color-pattern,Size,1-2-years,product.metafields.shopify.size,,,,'10739404,500.0,shopify,100,deny,manual,1399.00,,true,true,,,,,'10739404,https://cdn.shopify.com/s/files/1/0618/2368/0740/files/BBG_Yellow_lion_Sweatshirt_PantKids_Silk_Pajamas_Set_7c3f9416-1159-41c8-997e-4ba8fe4f164d.png?v=1776510753,1,Be Good Printed Sweatshirt Set - side view - unisex wear Pakistan,false,,"Shop Kids Winter Sweat Shirt Set with “Be Good” print. Soft fleece, warm & comfortable outfit for kids. Perfect winter wear for daily use in Pakistan.",,,,,,,,,,,,,'1,,,,,,,,yellow-1; white; red; silver; orange; navy-1,,,,,,,,,,1-2-years; 3-4-years; 5-6-years; 7-8-years; 9-10-years; 11-12-years,,,,,,,,,,,g,,,true,,,active
be-good-printed-sweatshirt-set,,,,,,,,,yellow-1,,,3-4-years,,,,,'10714561,500.0,shopify,100,deny,manual,1399.00,,true,true,,,,,'10714561,https://cdn.shopify.com/s/files/1/0618/2368/0740/files/BBG_White_Sweatshirt_Pant_5c9e8242-5830-4197-b4d0-af51fff1bc00.png?v=1776510753,2,Be Good Printed Sweatshirt Set - front view - unisex wear Pakistan,,,,,,,,,,,,,,,,,,,,,,,,,,,,,,,,,,,,,,,,,,,,,g,,,,,,
be-good-printed-sweatshirt-set,,,,,,,,,yellow-1,,,5-6-years,,,,,'10714567,500.0,shopify,100,deny,manual,1399.00,,true,true,,,,,'10714567,https://cdn.shopify.com/s/files/1/0618/2368/0740/files/BBG_Red_Lion_Sweatshirt_Pant_617f672a-16b5-4ea3-870c-fc7bb41a2197.png?v=1776510753,3,Be Good Printed Sweatshirt Set - back view - unisex wear Pakistan,,,,,,,,,,,,,,,,,,,,,,,,,,,,,,,,,,,,,,,,,,,,,g,,,,,,
be-good-printed-sweatshirt-set,,,,,,,,,yellow-1,,,7-8-years,,,,,'10714573,500.0,shopify,100,deny,manual,1399.00,,true,true,,,,,'10714573,https://cdn.shopify.com/s/files/1/0618/2368/0740/files/BBG_Grey_Lion_Sweatshirt_Pant_6f13cb1a-90ad-4c7d-857a-bf0e1e74e3cb.png?v=1728308049,4,Be Good Printed Sweatshirt Set - detail shot - unisex wear Pakistan,,,,,,,,,,,,,,,,,,,,,,,,,,,,,,,,,,,,,,,,,,,,,g,,,,,,
be-good-printed-sweatshirt-set,,,,,,,,,yellow-1,,,9-10-years,,,,,'10714579,500.0,shopify,100,deny,manual,1399.00,,true,true,,,,,'10714579,https://cdn.shopify.com/s/files/1/0618/2368/0740/files/BBG_Orange_Lion_Sweatshirt_PantKids_Silk_Pajamas_Set_9889a46a-d58a-4356-8c5a-9ee1c6db4f2f.png?v=1728308097,5,Be Good Printed Sweatshirt Set - front view - unisex wear Pakistan,,,,,,,,,,,,,,,,,,,,,,,,,,,,,,,,,,,,,,,,,,,,,g,,,,,,
be-good-printed-sweatshirt-set,,,,,,,,,yellow-1,,,11-12-years,,,,,'10714585,500.0,shopify,100,deny,manual,1399.00,,true,true,,,,,'10714585,https://cdn.shopify.com/s/files/1/0618/2368/0740/files/BBG_Blue_Lion_Sweatshirt_Pant_402769a2-9b04-4131-aa37-74a9b77d64a2.png?v=1728308120,6,Be Good Printed Sweatshirt Set - back view - unisex wear Pakistan,,,,,,,,,,,,,,,,,,,,,,,,,,,,,,,,,,,,,,,,,,,,,g,,,,,,
be-good-printed-sweatshirt-set,,,,,,,,,white,,,1-2-years,,,,,'10739402,500.0,shopify,100,deny,manual,1399.00,,true,true,,,,,'10739402,https://cdn.shopify.com/s/files/1/0618/2368/0740/files/kidssizechart_02fa9cf1-6924-4d86-8c13-35c6ba7eeeb5.webp?v=1776676217,7,Unicorn Printed Sweatshirt Set size chart - measurements guide,,,,,,,,,,,,,,,,,,,,,,,,,,,,,,,,,,,,,,,,,,,,,g,,,,,,
be-good-printed-sweatshirt-set,,,,,,,,,white,,,3-4-years,,,,,'10714559,500.0,shopify,100,deny,manual,1399.00,,true,true,,,,,'10714559,,,,,,,,,,,,,,,,,,,,,,,,,,,,,,,,,,,,,,,,,,,,,,,,g,,,,,,
be-good-printed-sweatshirt-set,,,,,,,,,white,,,5-6-years,,,,,'10714565,500.0,shopify,100,deny,manual,1399.00,,true,true,,,,,'10714565,,,,,,,,,,,,,,,,,,,,,,,,,,,,,,,,,,,,,,,,,,,,,,,,g,,,,,,
be-good-printed-sweatshirt-set,,,,,,,,,white,,,7-8-years,,,,,'10714571,500.0,shopify,100,deny,manual,1399.00,,true,true,,,,,'10714571,,,,,,,,,,,,,,,,,,,,,,,,,,,,,,,,,,,,,,,,,,,,,,,,g,,,,,,
be-good-printed-sweatshirt-set,,,,,,,,,white,,,9-10-years,,,,,'10714577,500.0,shopify,100,deny,manual,1399.00,,true,true,,,,,'10714577,,,,,,,,,,,,,,,,,,,,,,,,,,,,,,,,,,,,,,,,,,,,,,,,g,,,,,,
be-good-printed-sweatshirt-set,,,,,,,,,white,,,11-12-years,,,,,'10714583,500.0,shopify,100,deny,manual,1399.00,,true,true,,,,,'10714583,,,,,,,,,,,,,,,,,,,,,,,,,,,,,,,,,,,,,,,,,,,,,,,,g,,,,,,
be-good-printed-sweatshirt-set,,,,,,,,,red,,,1-2-years,,,,,'10739403,500.0,shopify,100,deny,manual,1399.00,,true,true,,,,,'10739403,,,,,,,,,,,,,,,,,,,,,,,,,,,,,,,,,,,,,,,,,,,,,,,,g,,,,,,
be-good-printed-sweatshirt-set,,,,,,,,,red,,,3-4-years,,,,,'10714560,500.0,shopify,100,deny,manual,1399.00,,true,true,,,,,'10714560,,,,,,,,,,,,,,,,,,,,,,,,,,,,,,,,,,,,,,,,,,,,,,,,g,,,,,,
be-good-printed-sweatshirt-set,,,,,,,,,red,,,5-6-years,,,,,'10714566,500.0,shopify,100,deny,manual,1399.00,,true,true,,,,,'10714566,,,,,,,,,,,,,,,,,,,,,,,,,,,,,,,,,,,,,,,,,,,,,,,,g,,,,,,
be-good-printed-sweatshirt-set,,,,,,,,,red,,,7-8-years,,,,,'10714572,500.0,shopify,100,deny,manual,1399.00,,true,true,,,,,'10714572,,,,,,,,,,,,,,,,,,,,,,,,,,,,,,,,,,,,,,,,,,,,,,,,g,,,,,,
be-good-printed-sweatshirt-set,,,,,,,,,red,,,9-10-years,,,,,'10714578,500.0,shopify,100,deny,manual,1399.00,,true,true,,,,,'10714578,,,,,,,,,,,,,,,,,,,,,,,,,,,,,,,,,,,,,,,,,,,,,,,,g,,,,,,
be-good-printed-sweatshirt-set,,,,,,,,,red,,,11-12-years,,,,,'10714584,500.0,shopify,100,deny,manual,1399.00,,true,true,,,,,'10714584,,,,,,,,,,,,,,,,,,,,,,,,,,,,,,,,,,,,,,,,,,,,,,,,g,,,,,,
be-good-printed-sweatshirt-set,,,,,,,,,silver,,,1-2-years,,,,,'10739405,500.0,shopify,100,deny,manual,1399.00,,true,true,,,,,'10739405,,,,,,,,,,,,,,,,,,,,,,,,,,,,,,,,,,,,,,,,,,,,,,,,g,,,,,,
be-good-printed-sweatshirt-set,,,,,,,,,silver,,,3-4-years,,,,,'10714562,500.0,shopify,100,deny,manual,1399.00,,true,true,,,,,'10714562,,,,,,,,,,,,,,,,,,,,,,,,,,,,,,,,,,,,,,,,,,,,,,,,g,,,,,,
be-good-printed-sweatshirt-set,,,,,,,,,silver,,,5-6-years,,,,,'10714568,500.0,shopify,100,deny,manual,1399.00,,true,true,,,,,'10714568,,,,,,,,,,,,,,,,,,,,,,,,,,,,,,,,,,,,,,,,,,,,,,,,g,,,,,,
be-good-printed-sweatshirt-set,,,,,,,,,silver,,,7-8-years,,,,,'10714574,500.0,shopify,100,deny,manual,1399.00,,true,true,,,,,'10714574,,,,,,,,,,,,,,,,,,,,,,,,,,,,,,,,,,,,,,,,,,,,,,,,g,,,,,,
be-good-printed-sweatshirt-set,,,,,,,,,silver,,,9-10-years,,,,,'10714580,500.0,shopify,100,deny,manual,1399.00,,true,true,,,,,'10714580,,,,,,,,,,,,,,,,,,,,,,,,,,,,,,,,,,,,,,,,,,,,,,,,g,,,,,,
be-good-printed-sweatshirt-set,,,,,,,,,silver,,,11-12-years,,,,,'10714586,500.0,shopify,100,deny,manual,1399.00,,true,true,,,,,'10714586,,,,,,,,,,,,,,,,,,,,,,,,,,,,,,,,,,,,,,,,,,,,,,,,g,,,,,,
be-good-printed-sweatshirt-set,,,,,,,,,orange,,,1-2-years,,,,,'10739406,500.0,shopify,100,deny,manual,1399.00,,true,true,,,,,'10739406,,,,,,,,,,,,,,,,,,,,,,,,,,,,,,,,,,,,,,,,,,,,,,,,g,,,,,,
be-good-printed-sweatshirt-set,,,,,,,,,orange,,,3-4-years,,,,,'10714563,500.0,shopify,100,deny,manual,1399.00,,true,true,,,,,'10714563,,,,,,,,,,,,,,,,,,,,,,,,,,,,,,,,,,,,,,,,,,,,,,,,g,,,,,,
be-good-printed-sweatshirt-set,,,,,,,,,orange,,,5-6-years,,,,,'10714569,500.0,shopify,100,deny,manual,1399.00,,true,true,,,,,'10714569,,,,,,,,,,,,,,,,,,,,,,,,,,,,,,,,,,,,,,,,,,,,,,,,g,,,,,,
be-good-printed-sweatshirt-set,,,,,,,,,orange,,,7-8-years,,,,,'10714575,500.0,shopify,100,deny,manual,1399.00,,true,true,,,,,'10714575,,,,,,,,,,,,,,,,,,,,,,,,,,,,,,,,,,,,,,,,,,,,,,,,g,,,,,,
be-good-printed-sweatshirt-set,,,,,,,,,orange,,,9-10-years,,,,,'10714581,500.0,shopify,100,deny,manual,1399.00,,true,true,,,,,'10714581,,,,,,,,,,,,,,,,,,,,,,,,,,,,,,,,,,,,,,,,,,,,,,,,g,,,,,,
be-good-printed-sweatshirt-set,,,,,,,,,orange,,,11-12-years,,,,,'10714587,500.0,shopify,100,deny,manual,1399.00,,true,true,,,,,'10714587,,,,,,,,,,,,,,,,,,,,,,,,,,,,,,,,,,,,,,,,,,,,,,,,g,,,,,,
be-good-printed-sweatshirt-set,,,,,,,,,navy-1,,,1-2-years,,,,,'10739407,500.0,shopify,100,deny,manual,1399.00,,true,true,,,,,'10739407,,,,,,,,,,,,,,,,,,,,,,,,,,,,,,,,,,,,,,,,,,,,,,,,g,,,,,,
be-good-printed-sweatshirt-set,,,,,,,,,navy-1,,,3-4-years,,,,,'10714564,500.0,shopify,100,deny,manual,1399.00,,true,true,,,,,'10714564,,,,,,,,,,,,,,,,,,,,,,,,,,,,,,,,,,,,,,,,,,,,,,,,g,,,,,,
be-good-printed-sweatshirt-set,,,,,,,,,navy-1,,,5-6-years,,,,,'10714570,500.0,shopify,100,deny,manual,1399.00,,true,true,,,,,'10714570,,,,,,,,,,,,,,,,,,,,,,,,,,,,,,,,,,,,,,,,,,,,,,,,g,,,,,,
be-good-printed-sweatshirt-set,,,,,,,,,navy-1,,,7-8-years,,,,,'10714576,500.0,shopify,100,deny,manual,1399.00,,true,true,,,,,'10714576,,,,,,,,,,,,,,,,,,,,,,,,,,,,,,,,,,,,,,,,,,,,,,,,g,,,,,,
be-good-printed-sweatshirt-set,,,,,,,,,navy-1,,,9-10-years,,,,,'10714582,500.0,shopify,100,deny,manual,1399.00,,true,true,,,,,'10714582,,,,,,,,,,,,,,,,,,,,,,,,,,,,,,,,,,,,,,,,,,,,,,,,g,,,,,,
be-good-printed-sweatshirt-set,,,,,,,,,navy-1,,,11-12-years,,,,,'10706909,500.0,shopify,100,deny,manual,1399.00,,true,true,,,,,'10706909,,,,,,,,,,,,,,,,,,,,,,,,,,,,,,,,,,,,,,,,,,,,,,,,g,,,,,,
capt-america-printed-sweatshirt-set,Kids Winter Sweat Shirt Set | Captain America Printed,"<h4><strong>Kids Winter Sweat Shirt Set | Captain America Printed<br><br></strong></h4>
<p data-start=""133"" data-end=""381"">Let your little hero gear up for winter with our <strong data-start=""182"" data-end=""239"">Kids Winter Sweat Shirt Set | Captain America Printed</strong>. Featuring a bold Captain America-inspired design, this outfit brings action, confidence, and superhero vibes to your child’s everyday style.</p>
<p data-start=""383"" data-end=""632"">Made from soft, premium fleece fabric, it provides excellent warmth while remaining breathable and gentle on the skin. The cozy sweatshirt pairs perfectly with matching trousers, creating a complete winter outfit that’s both comfortable and stylish.</p>
<p data-start=""634"" data-end=""765"">Perfect for school, playtime, or outings, this set keeps your child warm while letting them show off their favorite superhero look.</p>
<p data-start=""767"" data-end=""786""><strong data-start=""767"" data-end=""786"">✨ Key Features:</strong></p>
<ul data-start=""787"" data-end=""1055"">
<li data-section-id=""cre33n"" data-start=""787"" data-end=""819"">Soft &amp; warm fleece fabric ❄️</li>
<li data-section-id=""1gfk0ko"" data-start=""820"" data-end=""864"">Captain America-inspired front print 🛡️</li>
<li data-section-id=""1dd02rc"" data-start=""865"" data-end=""898"">Comfortable elastic waistband</li>
<li data-section-id=""1blepg9"" data-start=""899"" data-end=""930"">Ribbed cuffs for a snug fit</li>
<li data-section-id=""95i0z6"" data-start=""931"" data-end=""970"">Skin-friendly &amp; breathable material</li>
<li data-section-id=""6pcig5"" data-start=""971"" data-end=""1013"">Durable stitching for long-lasting use</li>
<li data-section-id=""aya9xi"" data-start=""1014"" data-end=""1055"">Ideal for winter wear &amp; daily outings</li>
</ul>",BBG FASHION CLOTHING STORE,Apparel & Accessories > Clothing > Baby & Toddler Clothing,Kids Sweatshirt & Pant,"Kids Winter Collection, kidssweatshirtandpant",true,Color,yellow-1,product.metafields.shopify.color-pattern,Size,1-2-years,product.metafields.shopify.size,,,,'10742472,500.0,shopify,100,deny,manual,1399.00,,true,true,,,,,'10742472,https://cdn.shopify.com/s/files/1/0618/2368/0740/files/BBG_Yellow_lion_Sweatshirt_PantKids_Silk_Pajamas_Set_a91bbbad-8f97-4b38-b402-9dc6d9863789.png?v=1776512864,1,Capt America Printed Sweatshirt Set - back view - unisex wear Pakistan,false,,"Shop Kids Winter Sweat Shirt Set with Captain America print. Soft fleece, warm & comfortable outfit for kids. Perfect winter wear in Pakistan.",,,,,,,,,,,,,'1,,,,,,,,yellow-1; red; silver; white; orange; navy-1,,,,,,,,,,1-2-years; 3-4-years; 5-6-years; 7-8-years; 9-10-years; 11-12-years,,,,,,,,,,,g,,,true,,,active
capt-america-printed-sweatshirt-set,,,,,,,,,yellow-1,,,3-4-years,,,,,'10714531,500.0,shopify,100,deny,manual,1399.00,,true,true,,,,,'10714531,https://cdn.shopify.com/s/files/1/0618/2368/0740/files/BBG_Red_Lion_Sweatshirt_Pant_d53a3f37-e3ef-484a-86b5-5ea4139cd4d6.png?v=1776512864,2,Capt America Printed Sweatshirt Set - front view - unisex wear Pakistan,,,,,,,,,,,,,,,,,,,,,,,,,,,,,,,,,,,,,,,,,,,,,g,,,,,,
capt-america-printed-sweatshirt-set,,,,,,,,,yellow-1,,,5-6-years,,,,,'10714537,500.0,shopify,100,deny,manual,1399.00,,true,true,,,,,'10714537,https://cdn.shopify.com/s/files/1/0618/2368/0740/files/BBG_Grey_Lion_Sweatshirt_Pant_d48adf03-1eeb-4689-ac66-5c6189e5867d.png?v=1728301860,3,Capt America Printed Sweatshirt Set - side view - unisex wear Pakistan,,,,,,,,,,,,,,,,,,,,,,,,,,,,,,,,,,,,,,,,,,,,,g,,,,,,
capt-america-printed-sweatshirt-set,,,,,,,,,yellow-1,,,7-8-years,,,,,'10714543,500.0,shopify,100,deny,manual,1399.00,,true,true,,,,,'10714543,https://cdn.shopify.com/s/files/1/0618/2368/0740/files/BBG_White_Sweatshirt_Pant_6a4260b5-a17a-4bf1-8c43-d085185c5507.png?v=1728301883,4,Capt America Printed Sweatshirt Set - detail shot - unisex wear Pakistan,,,,,,,,,,,,,,,,,,,,,,,,,,,,,,,,,,,,,,,,,,,,,g,,,,,,
capt-america-printed-sweatshirt-set,,,,,,,,,yellow-1,,,9-10-years,,,,,'10714549,500.0,shopify,100,deny,manual,1399.00,,true,true,,,,,'10714549,https://cdn.shopify.com/s/files/1/0618/2368/0740/files/BBG_Orange_Lion_Sweatshirt_PantKids_Silk_Pajamas_Set_b6804c71-efef-46f4-aa92-b4765be801e8.png?v=1728301916,5,Capt America Printed Sweatshirt Set - front view - unisex wear Pakistan,,,,,,,,,,,,,,,,,,,,,,,,,,,,,,,,,,,,,,,,,,,,,g,,,,,,
capt-america-printed-sweatshirt-set,,,,,,,,,yellow-1,,,11-12-years,,,,,'10714555,500.0,shopify,100,deny,manual,1399.00,,true,true,,,,,'10714555,https://cdn.shopify.com/s/files/1/0618/2368/0740/files/BBG_Blue_Lion_Sweatshirt_Pant_a84697fd-f6dc-42e7-af2c-1c0ce5f3ff38.png?v=1728301947,6,Capt America Printed Sweatshirt Set - back view - unisex wear Pakistan,,,,,,,,,,,,,,,,,,,,,,,,,,,,,,,,,,,,,,,,,,,,,g,,,,,,
capt-america-printed-sweatshirt-set,,,,,,,,,red,,,1-2-years,,,,,'10742473,500.0,shopify,100,deny,manual,1399.00,,true,true,,,,,'10742473,https://cdn.shopify.com/s/files/1/0618/2368/0740/files/kidssizechart_02fa9cf1-6924-4d86-8c13-35c6ba7eeeb5.webp?v=1776676217,7,Unicorn Printed Sweatshirt Set size chart - measurements guide,,,,,,,,,,,,,,,,,,,,,,,,,,,,,,,,,,,,,,,,,,,,,g,,,,,,
capt-america-printed-sweatshirt-set,,,,,,,,,red,,,3-4-years,,,,,'10714530,500.0,shopify,100,deny,manual,1399.00,,true,true,,,,,'10714530,,,,,,,,,,,,,,,,,,,,,,,,,,,,,,,,,,,,,,,,,,,,,,,,g,,,,,,
capt-america-printed-sweatshirt-set,,,,,,,,,red,,,5-6-years,,,,,'10714536,500.0,shopify,100,deny,manual,1399.00,,true,true,,,,,'10714536,,,,,,,,,,,,,,,,,,,,,,,,,,,,,,,,,,,,,,,,,,,,,,,,g,,,,,,
capt-america-printed-sweatshirt-set,,,,,,,,,red,,,7-8-years,,,,,'10714542,500.0,shopify,100,deny,manual,1399.00,,true,true,,,,,'10714542,,,,,,,,,,,,,,,,,,,,,,,,,,,,,,,,,,,,,,,,,,,,,,,,g,,,,,,
capt-america-printed-sweatshirt-set,,,,,,,,,red,,,9-10-years,,,,,'10714548,500.0,shopify,100,deny,manual,1399.00,,true,true,,,,,'10714548,,,,,,,,,,,,,,,,,,,,,,,,,,,,,,,,,,,,,,,,,,,,,,,,g,,,,,,
capt-america-printed-sweatshirt-set,,,,,,,,,red,,,11-12-years,,,,,'10714554,500.0,shopify,100,deny,manual,1399.00,,true,true,,,,,'10714554,,,,,,,,,,,,,,,,,,,,,,,,,,,,,,,,,,,,,,,,,,,,,,,,g,,,,,,
capt-america-printed-sweatshirt-set,,,,,,,,,silver,,,1-2-years,,,,,'10742474,500.0,shopify,100,deny,manual,1399.00,,true,true,,,,,'10742474,,,,,,,,,,,,,,,,,,,,,,,,,,,,,,,,,,,,,,,,,,,,,,,,g,,,,,,
capt-america-printed-sweatshirt-set,,,,,,,,,silver,,,3-4-years,,,,,'10714532,500.0,shopify,100,deny,manual,1399.00,,true,true,,,,,'10714532,,,,,,,,,,,,,,,,,,,,,,,,,,,,,,,,,,,,,,,,,,,,,,,,g,,,,,,
capt-america-printed-sweatshirt-set,,,,,,,,,silver,,,5-6-years,,,,,'10714538,500.0,shopify,100,deny,manual,1399.00,,true,true,,,,,'10714538,,,,,,,,,,,,,,,,,,,,,,,,,,,,,,,,,,,,,,,,,,,,,,,,g,,,,,,
capt-america-printed-sweatshirt-set,,,,,,,,,silver,,,7-8-years,,,,,'10714544,500.0,shopify,100,deny,manual,1399.00,,true,true,,,,,'10714544,,,,,,,,,,,,,,,,,,,,,,,,,,,,,,,,,,,,,,,,,,,,,,,,g,,,,,,
capt-america-printed-sweatshirt-set,,,,,,,,,silver,,,9-10-years,,,,,'10714550,500.0,shopify,100,deny,manual,1399.00,,true,true,,,,,'10714550,,,,,,,,,,,,,,,,,,,,,,,,,,,,,,,,,,,,,,,,,,,,,,,,g,,,,,,
capt-america-printed-sweatshirt-set,,,,,,,,,silver,,,11-12-years,,,,,'10714556,500.0,shopify,100,deny,manual,1399.00,,true,true,,,,,'10714556,,,,,,,,,,,,,,,,,,,,,,,,,,,,,,,,,,,,,,,,,,,,,,,,g,,,,,,
capt-america-printed-sweatshirt-set,,,,,,,,,white,,,1-2-years,,,,,'10742475,500.0,shopify,100,deny,manual,1399.00,,true,true,,,,,'10742475,,,,,,,,,,,,,,,,,,,,,,,,,,,,,,,,,,,,,,,,,,,,,,,,g,,,,,,
capt-america-printed-sweatshirt-set,,,,,,,,,white,,,3-4-years,,,,,'10714533,500.0,shopify,100,deny,manual,1399.00,,true,true,,,,,'10714533,,,,,,,,,,,,,,,,,,,,,,,,,,,,,,,,,,,,,,,,,,,,,,,,g,,,,,,
capt-america-printed-sweatshirt-set,,,,,,,,,white,,,5-6-years,,,,,'10714539,500.0,shopify,100,deny,manual,1399.00,,true,true,,,,,'10714539,,,,,,,,,,,,,,,,,,,,,,,,,,,,,,,,,,,,,,,,,,,,,,,,g,,,,,,
capt-america-printed-sweatshirt-set,,,,,,,,,white,,,7-8-years,,,,,'10714545,500.0,shopify,100,deny,manual,1399.00,,true,true,,,,,'10714545,,,,,,,,,,,,,,,,,,,,,,,,,,,,,,,,,,,,,,,,,,,,,,,,g,,,,,,
capt-america-printed-sweatshirt-set,,,,,,,,,white,,,9-10-years,,,,,'10714551,500.0,shopify,100,deny,manual,1399.00,,true,true,,,,,'10714551,,,,,,,,,,,,,,,,,,,,,,,,,,,,,,,,,,,,,,,,,,,,,,,,g,,,,,,
capt-america-printed-sweatshirt-set,,,,,,,,,white,,,11-12-years,,,,,'10714557,500.0,shopify,100,deny,manual,1399.00,,true,true,,,,,'10714557,,,,,,,,,,,,,,,,,,,,,,,,,,,,,,,,,,,,,,,,,,,,,,,,g,,,,,,
capt-america-printed-sweatshirt-set,,,,,,,,,orange,,,1-2-years,,,,,'10742476,500.0,shopify,100,deny,manual,1399.00,,true,true,,,,,'10742476,,,,,,,,,,,,,,,,,,,,,,,,,,,,,,,,,,,,,,,,,,,,,,,,g,,,,,,
capt-america-printed-sweatshirt-set,,,,,,,,,orange,,,3-4-years,,,,,'10714534,500.0,shopify,100,deny,manual,1399.00,,true,true,,,,,'10714534,,,,,,,,,,,,,,,,,,,,,,,,,,,,,,,,,,,,,,,,,,,,,,,,g,,,,,,
capt-america-printed-sweatshirt-set,,,,,,,,,orange,,,5-6-years,,,,,'10714540,500.0,shopify,100,deny,manual,1399.00,,true,true,,,,,'10714540,,,,,,,,,,,,,,,,,,,,,,,,,,,,,,,,,,,,,,,,,,,,,,,,g,,,,,,
capt-america-printed-sweatshirt-set,,,,,,,,,orange,,,7-8-years,,,,,'10714546,500.0,shopify,100,deny,manual,1399.00,,true,true,,,,,'10714546,,,,,,,,,,,,,,,,,,,,,,,,,,,,,,,,,,,,,,,,,,,,,,,,g,,,,,,
capt-america-printed-sweatshirt-set,,,,,,,,,orange,,,9-10-years,,,,,'10714552,500.0,shopify,100,deny,manual,1399.00,,true,true,,,,,'10714552,,,,,,,,,,,,,,,,,,,,,,,,,,,,,,,,,,,,,,,,,,,,,,,,g,,,,,,
capt-america-printed-sweatshirt-set,,,,,,,,,orange,,,11-12-years,,,,,'10714558,500.0,shopify,100,deny,manual,1399.00,,true,true,,,,,'10714558,,,,,,,,,,,,,,,,,,,,,,,,,,,,,,,,,,,,,,,,,,,,,,,,g,,,,,,
capt-america-printed-sweatshirt-set,,,,,,,,,navy-1,,,1-2-years,,,,,'10742477,500.0,shopify,100,deny,manual,1399.00,,true,true,,,,,'10742477,,,,,,,,,,,,,,,,,,,,,,,,,,,,,,,,,,,,,,,,,,,,,,,,g,,,,,,
capt-america-printed-sweatshirt-set,,,,,,,,,navy-1,,,3-4-years,,,,,'10714535,500.0,shopify,100,deny,manual,1399.00,,true,true,,,,,'10714535,,,,,,,,,,,,,,,,,,,,,,,,,,,,,,,,,,,,,,,,,,,,,,,,g,,,,,,
capt-america-printed-sweatshirt-set,,,,,,,,,navy-1,,,5-6-years,,,,,'10714541,500.0,shopify,100,deny,manual,1399.00,,true,true,,,,,'10714541,,,,,,,,,,,,,,,,,,,,,,,,,,,,,,,,,,,,,,,,,,,,,,,,g,,,,,,
capt-america-printed-sweatshirt-set,,,,,,,,,navy-1,,,7-8-years,,,,,'10714547,500.0,shopify,100,deny,manual,1399.00,,true,true,,,,,'10714547,,,,,,,,,,,,,,,,,,,,,,,,,,,,,,,,,,,,,,,,,,,,,,,,g,,,,,,
capt-america-printed-sweatshirt-set,,,,,,,,,navy-1,,,9-10-years,,,,,'10714553,500.0,shopify,100,deny,manual,1399.00,,true,true,,,,,'10714553,,,,,,,,,,,,,,,,,,,,,,,,,,,,,,,,,,,,,,,,,,,,,,,,g,,,,,,
capt-america-printed-sweatshirt-set,,,,,,,,,navy-1,,,11-12-years,,,,,'10706908,500.0,shopify,100,deny,manual,1399.00,,true,true,,,,,'10706908,,,,,,,,,,,,,,,,,,,,,,,,,,,,,,,,,,,,,,,,,,,,,,,,g,,,,,,
cute-panda-printed-sweatshirt-set-copy,Kids Winter Sweat Shirt Set | Cute Panda Printed,"<h4><strong>Kids Winter Sweat Shirt Set | Cute Panda Printed<br><br></strong></h4>
<p data-start=""165"" data-end=""391"">Featuring a charming panda graphic, this outfit adds a playful and lovable touch to your child’s everyday style.</p>
<p data-start=""393"" data-end=""673"">Crafted from soft, premium fleece fabric, it provides cozy warmth during chilly days while staying breathable and gentle on delicate skin. The comfortable sweatshirt paired with matching trousers ensures easy movement, making it perfect for playtime, outings, or relaxing at home.</p>
<p data-start=""675"" data-end=""755"">Cute, comfy, and winter-ready—this set is a must-have for your child’s wardrobe.</p>
<p data-start=""757"" data-end=""776""><strong data-start=""757"" data-end=""776"">✨ Key Features:</strong></p>
<ul data-start=""777"" data-end=""1034"">
<li data-section-id=""cre33n"" data-start=""777"" data-end=""809"">Soft &amp; warm fleece fabric ❄️</li>
<li data-section-id=""113mpqv"" data-start=""810"" data-end=""842"">Adorable cute panda print 🐼</li>
<li data-section-id=""1dd02rc"" data-start=""843"" data-end=""876"">Comfortable elastic waistband</li>
<li data-section-id=""1blepg9"" data-start=""877"" data-end=""908"">Ribbed cuffs for a snug fit</li>
<li data-section-id=""95i0z6"" data-start=""909"" data-end=""948"">Skin-friendly &amp; breathable material</li>
<li data-section-id=""9pkecn"" data-start=""949"" data-end=""992"">Durable stitching for long-lasting wear</li>
<li data-section-id=""1d3qqrq"" data-start=""993"" data-end=""1034"">Ideal for daily wear &amp; winter outings</li>
</ul>",BBG FASHION CLOTHING STORE,Apparel & Accessories > Clothing > Baby & Toddler Clothing,Kids Sweatshirt & Pant,"Kids Winter Collection, kidssweatshirtandpant",true,Color,yellow-1,product.metafields.shopify.color-pattern,Size,1-2-years,product.metafields.shopify.size,,,,'10742478,500.0,shopify,1000,deny,manual,1399.00,,true,true,,,,,'10742478,https://cdn.shopify.com/s/files/1/0618/2368/0740/files/BBG_Yellow_lion_Sweatshirt_PantKids_Silk_Pajamas_Set.png?v=1776515518,1,Cute Panda Printed Sweatshirt Set Copy - front view - unisex wear Pakistan,false,,"Shop Kids Winter Sweat Shirt Set with cute panda print. Soft fleece, warm & comfortable outfit for kids. Perfect winter wear in Pakistan.",,,,,,,,,,,,,'1,,,,,,,,yellow-1; silver; white; red; orange; navy-1,,,,,,,,,,1-2-years; 3-4-years; 5-6-years; 7-8-years; 9-10-years; 11-12-years,,,,,,,,,,,g,,,true,,,active
cute-panda-printed-sweatshirt-set-copy,,,,,,,,,yellow-1,,,3-4-years,,,,,'10714505,500.0,shopify,1000,deny,manual,1399.00,,true,true,,,,,'10714505,https://cdn.shopify.com/s/files/1/0618/2368/0740/files/BBG_Grey_Lion_Sweatshirt_Pant.png?v=1776515518,2,Cute Panda Printed Sweatshirt Set Copy - front view - unisex wear Pakistan,,,,,,,,,,,,,,,,,,,,,,,,,,,,,,,,,,,,,,,,,,,,,g,,,,,,
cute-panda-printed-sweatshirt-set-copy,,,,,,,,,yellow-1,,,5-6-years,,,,,'10714511,500.0,shopify,1000,deny,manual,1399.00,,true,true,,,,,'10714511,https://cdn.shopify.com/s/files/1/0618/2368/0740/files/BBG_White_Sweatshirt_Pant.png?v=1776515518,3,Cute Panda Printed Sweatshirt Set Copy - back view - unisex wear Pakistan,,,,,,,,,,,,,,,,,,,,,,,,,,,,,,,,,,,,,,,,,,,,,g,,,,,,
cute-panda-printed-sweatshirt-set-copy,,,,,,,,,yellow-1,,,7-8-years,,,,,'10714517,500.0,shopify,1000,deny,manual,1399.00,,true,true,,,,,'10714517,https://cdn.shopify.com/s/files/1/0618/2368/0740/files/BBG_Red_Lion_Sweatshirt_Pant.png?v=1776515518,4,Cute Panda Printed Sweatshirt Set Copy - side view - unisex wear Pakistan,,,,,,,,,,,,,,,,,,,,,,,,,,,,,,,,,,,,,,,,,,,,,g,,,,,,
cute-panda-printed-sweatshirt-set-copy,,,,,,,,,yellow-1,,,9-10-years,,,,,'10714523,500.0,shopify,1000,deny,manual,1399.00,,true,true,,,,,'10714523,https://cdn.shopify.com/s/files/1/0618/2368/0740/files/BBG_Orange_Lion_Sweatshirt_PantKids_Silk_Pajamas_Set.png?v=1776515518,5,Cute Panda Printed Sweatshirt Set Copy - detail shot - unisex wear Pakistan,,,,,,,,,,,,,,,,,,,,,,,,,,,,,,,,,,,,,,,,,,,,,g,,,,,,
cute-panda-printed-sweatshirt-set-copy,,,,,,,,,yellow-1,,,11-12-years,,,,,'10714529,500.0,shopify,1000,deny,manual,1399.00,,true,true,,,,,'10714529,https://cdn.shopify.com/s/files/1/0618/2368/0740/files/BBG_Blue_Lion_Sweatshirt_Pant.png?v=1728301522,6,Cute Panda Printed Sweatshirt Set Copy - back view - unisex wear Pakistan,,,,,,,,,,,,,,,,,,,,,,,,,,,,,,,,,,,,,,,,,,,,,g,,,,,,
cute-panda-printed-sweatshirt-set-copy,,,,,,,,,silver,,,1-2-years,,,,,'10742479,500.0,shopify,1000,deny,manual,1399.00,,true,true,,,,,'10742479,https://cdn.shopify.com/s/files/1/0618/2368/0740/files/BBg_Kids_Size_chart_2b336c6e-f810-47dc-bc9a-69fea9e3b06b.webp?v=1767096499,7,Yellow White Bunny Kids Sweatshirt Pant size chart - measurements guide,,,,,,,,,,,,,,,,,,,,,,,,,,,,,,,,,,,,,,,,,,,,,g,,,,,,
cute-panda-printed-sweatshirt-set-copy,,,,,,,,,silver,,,3-4-years,,,,,'10714501,500.0,shopify,1000,deny,manual,1399.00,,true,true,,,,,'10714501,,,,,,,,,,,,,,,,,,,,,,,,,,,,,,,,,,,,,,,,,,,,,,,,g,,,,,,
cute-panda-printed-sweatshirt-set-copy,,,,,,,,,silver,,,5-6-years,,,,,'10714507,500.0,shopify,1000,deny,manual,1399.00,,true,true,,,,,'10714507,,,,,,,,,,,,,,,,,,,,,,,,,,,,,,,,,,,,,,,,,,,,,,,,g,,,,,,
cute-panda-printed-sweatshirt-set-copy,,,,,,,,,silver,,,7-8-years,,,,,'10714513,500.0,shopify,1000,deny,manual,1399.00,,true,true,,,,,'10714513,,,,,,,,,,,,,,,,,,,,,,,,,,,,,,,,,,,,,,,,,,,,,,,,g,,,,,,
cute-panda-printed-sweatshirt-set-copy,,,,,,,,,silver,,,9-10-years,,,,,'10714519,500.0,shopify,1000,deny,manual,1399.00,,true,true,,,,,'10714519,,,,,,,,,,,,,,,,,,,,,,,,,,,,,,,,,,,,,,,,,,,,,,,,g,,,,,,
cute-panda-printed-sweatshirt-set-copy,,,,,,,,,silver,,,11-12-years,,,,,'10714525,500.0,shopify,1000,deny,manual,1399.00,,true,true,,,,,'10714525,,,,,,,,,,,,,,,,,,,,,,,,,,,,,,,,,,,,,,,,,,,,,,,,g,,,,,,
cute-panda-printed-sweatshirt-set-copy,,,,,,,,,white,,,1-2-years,,,,,'10742480,500.0,shopify,1000,deny,manual,1399.00,,true,true,,,,,'10742480,,,,,,,,,,,,,,,,,,,,,,,,,,,,,,,,,,,,,,,,,,,,,,,,g,,,,,,
cute-panda-printed-sweatshirt-set-copy,,,,,,,,,white,,,3-4-years,,,,,'10714502,500.0,shopify,1000,deny,manual,1399.00,,true,true,,,,,'10714502,,,,,,,,,,,,,,,,,,,,,,,,,,,,,,,,,,,,,,,,,,,,,,,,g,,,,,,
cute-panda-printed-sweatshirt-set-copy,,,,,,,,,white,,,5-6-years,,,,,'10714508,500.0,shopify,1000,deny,manual,1399.00,,true,true,,,,,'10714508,,,,,,,,,,,,,,,,,,,,,,,,,,,,,,,,,,,,,,,,,,,,,,,,g,,,,,,
cute-panda-printed-sweatshirt-set-copy,,,,,,,,,white,,,7-8-years,,,,,'10714514,500.0,shopify,1000,deny,manual,1399.00,,true,true,,,,,'10714514,,,,,,,,,,,,,,,,,,,,,,,,,,,,,,,,,,,,,,,,,,,,,,,,g,,,,,,
cute-panda-printed-sweatshirt-set-copy,,,,,,,,,white,,,9-10-years,,,,,'10714520,500.0,shopify,1000,deny,manual,1399.00,,true,true,,,,,'10714520,,,,,,,,,,,,,,,,,,,,,,,,,,,,,,,,,,,,,,,,,,,,,,,,g,,,,,,
cute-panda-printed-sweatshirt-set-copy,,,,,,,,,white,,,11-12-years,,,,,'10714526,500.0,shopify,1000,deny,manual,1399.00,,true,true,,,,,'10714526,,,,,,,,,,,,,,,,,,,,,,,,,,,,,,,,,,,,,,,,,,,,,,,,g,,,,,,
cute-panda-printed-sweatshirt-set-copy,,,,,,,,,red,,,1-2-years,,,,,'10742481,500.0,shopify,1000,deny,manual,1399.00,,true,true,,,,,'10742481,,,,,,,,,,,,,,,,,,,,,,,,,,,,,,,,,,,,,,,,,,,,,,,,g,,,,,,
cute-panda-printed-sweatshirt-set-copy,,,,,,,,,red,,,3-4-years,,,,,'10714503,500.0,shopify,1000,deny,manual,1399.00,,true,true,,,,,'10714503,,,,,,,,,,,,,,,,,,,,,,,,,,,,,,,,,,,,,,,,,,,,,,,,g,,,,,,
cute-panda-printed-sweatshirt-set-copy,,,,,,,,,red,,,5-6-years,,,,,'10714509,500.0,shopify,1000,deny,manual,1399.00,,true,true,,,,,'10714509,,,,,,,,,,,,,,,,,,,,,,,,,,,,,,,,,,,,,,,,,,,,,,,,g,,,,,,
cute-panda-printed-sweatshirt-set-copy,,,,,,,,,red,,,7-8-years,,,,,'10714515,500.0,shopify,1000,deny,manual,1399.00,,true,true,,,,,'10714515,,,,,,,,,,,,,,,,,,,,,,,,,,,,,,,,,,,,,,,,,,,,,,,,g,,,,,,
cute-panda-printed-sweatshirt-set-copy,,,,,,,,,red,,,9-10-years,,,,,'10714521,500.0,shopify,1000,deny,manual,1399.00,,true,true,,,,,'10714521,,,,,,,,,,,,,,,,,,,,,,,,,,,,,,,,,,,,,,,,,,,,,,,,g,,,,,,
cute-panda-printed-sweatshirt-set-copy,,,,,,,,,red,,,11-12-years,,,,,'10714527,500.0,shopify,1000,deny,manual,1399.00,,true,true,,,,,'10714527,,,,,,,,,,,,,,,,,,,,,,,,,,,,,,,,,,,,,,,,,,,,,,,,g,,,,,,
cute-panda-printed-sweatshirt-set-copy,,,,,,,,,orange,,,1-2-years,,,,,'10742482,500.0,shopify,1000,deny,manual,1399.00,,true,true,,,,,'10742482,,,,,,,,,,,,,,,,,,,,,,,,,,,,,,,,,,,,,,,,,,,,,,,,g,,,,,,
cute-panda-printed-sweatshirt-set-copy,,,,,,,,,orange,,,3-4-years,,,,,'10714504,500.0,shopify,1000,deny,manual,1399.00,,true,true,,,,,'10714504,,,,,,,,,,,,,,,,,,,,,,,,,,,,,,,,,,,,,,,,,,,,,,,,g,,,,,,
cute-panda-printed-sweatshirt-set-copy,,,,,,,,,orange,,,5-6-years,,,,,'10714510,500.0,shopify,1000,deny,manual,1399.00,,true,true,,,,,'10714510,,,,,,,,,,,,,,,,,,,,,,,,,,,,,,,,,,,,,,,,,,,,,,,,g,,,,,,
cute-panda-printed-sweatshirt-set-copy,,,,,,,,,orange,,,7-8-years,,,,,'10714516,500.0,shopify,1000,deny,manual,1399.00,,true,true,,,,,'10714516,,,,,,,,,,,,,,,,,,,,,,,,,,,,,,,,,,,,,,,,,,,,,,,,g,,,,,,
cute-panda-printed-sweatshirt-set-copy,,,,,,,,,orange,,,9-10-years,,,,,'10714522,500.0,shopify,1000,deny,manual,1399.00,,true,true,,,,,'10714522,,,,,,,,,,,,,,,,,,,,,,,,,,,,,,,,,,,,,,,,,,,,,,,,g,,,,,,
cute-panda-printed-sweatshirt-set-copy,,,,,,,,,orange,,,11-12-years,,,,,'10714528,500.0,shopify,1000,deny,manual,1399.00,,true,true,,,,,'10714528,,,,,,,,,,,,,,,,,,,,,,,,,,,,,,,,,,,,,,,,,,,,,,,,g,,,,,,
cute-panda-printed-sweatshirt-set-copy,,,,,,,,,navy-1,,,1-2-years,,,,,'10742483,500.0,shopify,1000,deny,manual,1399.00,,true,true,,,,,'10742483,,,,,,,,,,,,,,,,,,,,,,,,,,,,,,,,,,,,,,,,,,,,,,,,g,,,,,,
cute-panda-printed-sweatshirt-set-copy,,,,,,,,,navy-1,,,3-4-years,,,,,'10714506,500.0,shopify,1000,deny,manual,1399.00,,true,true,,,,,'10714506,,,,,,,,,,,,,,,,,,,,,,,,,,,,,,,,,,,,,,,,,,,,,,,,g,,,,,,
cute-panda-printed-sweatshirt-set-copy,,,,,,,,,navy-1,,,5-6-years,,,,,'10714512,500.0,shopify,1000,deny,manual,1399.00,,true,true,,,,,'10714512,,,,,,,,,,,,,,,,,,,,,,,,,,,,,,,,,,,,,,,,,,,,,,,,g,,,,,,
cute-panda-printed-sweatshirt-set-copy,,,,,,,,,navy-1,,,7-8-years,,,,,'10714518,500.0,shopify,1000,deny,manual,1399.00,,true,true,,,,,'10714518,,,,,,,,,,,,,,,,,,,,,,,,,,,,,,,,,,,,,,,,,,,,,,,,g,,,,,,
cute-panda-printed-sweatshirt-set-copy,,,,,,,,,navy-1,,,9-10-years,,,,,'10714524,500.0,shopify,1000,deny,manual,1399.00,,true,true,,,,,'10714524,,,,,,,,,,,,,,,,,,,,,,,,,,,,,,,,,,,,,,,,,,,,,,,,g,,,,,,
cute-panda-printed-sweatshirt-set-copy,,,,,,,,,navy-1,,,11-12-years,,,,,'10706907,500.0,shopify,1000,deny,manual,1399.00,,true,true,,,,,'10706907,,,,,,,,,,,,,,,,,,,,,,,,,,,,,,,,,,,,,,,,,,,,,,,,g,,,,,,
baby-cute-cat-printed-sweatshirt-set,Kids Winter Sweat Shirt Set | Baby Cute Cat Printed,"<h4>Kids Winter Sweat Shirt Set | Baby Cute Cat Printed<br><br>
</h4>
<p data-end=""391"" data-start=""148"">Featuring an adorable baby cat print, this cozy outfit is designed to bring smiles while keeping your child comfortable all day long.</p>
<p data-end=""639"" data-start=""393"">Made from soft, premium fleece fabric, it provides excellent warmth during winter without feeling heavy. The snug-fit sweatshirt paired with matching trousers ensures ease of movement, making it perfect for playtime, outings, or relaxing at home.</p>
<p data-end=""727"" data-start=""641"">Cute, comfy, and perfect for winter—this set is a must-have for your child’s wardrobe.</p>
<p data-end=""748"" data-start=""729""><strong data-end=""748"" data-start=""729"">✨ Key Features:</strong></p>
<ul data-end=""1001"" data-start=""749"">
<li data-end=""781"" data-start=""749"" data-section-id=""cre33n"">Soft &amp; warm fleece fabric ❄️</li>
<li data-end=""817"" data-start=""782"" data-section-id=""11fa71q"">Adorable baby cute cat print 🐱</li>
<li data-end=""851"" data-start=""818"" data-section-id=""1dd02rc"">Comfortable elastic waistband</li>
<li data-end=""883"" data-start=""852"" data-section-id=""1blepg9"">Ribbed cuffs for a snug fit</li>
<li data-end=""915"" data-start=""884"" data-section-id=""tz2d43"">Gentle on skin &amp; breathable</li>
<li data-end=""959"" data-start=""916"" data-section-id=""9pkecn"">Durable stitching for long-lasting wear</li>
<li data-end=""1001"" data-start=""960"" data-section-id=""1d3qqrq"">Ideal for daily wear &amp; winter outings</li>
</ul>",BBG FASHION CLOTHING STORE,Apparel & Accessories > Clothing > Baby & Toddler Clothing,Kids Sweatshirt & Pant,"Kids Winter Collection, kidssweatshirtandpant",true,Size,1 - 2 Years,,Color,yellow-1,product.metafields.shopify.color-pattern,,,,'10742452,500.0,,0,deny,manual,1399.00,,true,true,,,,,'10742452,https://cdn.shopify.com/s/files/1/0618/2368/0740/files/10_600x_0e3590ec-b313-49dd-ad77-2314a2dc89d9.png?v=1776507115,1,Baby Cute Cat Printed Sweatshirt Set - front view - unisex wear Pakistan,false,,"Shop Kids Winter Sweat Shirt Set with baby cute cat print. Soft fleece, warm & comfortable outfit for kids. Perfect winter wear in Pakistan.",,,,,,,,,,,,,'1,,,,,,,,yellow-1; white; red; orange; silver; navy-1,,,,,,,,,,,,,,,,,,,,https://cdn.shopify.com/s/files/1/0618/2368/0740/files/10_600x_0e3590ec-b313-49dd-ad77-2314a2dc89d9.png?v=1776507115,g,,,true,,,active
baby-cute-cat-printed-sweatshirt-set,,,,,,,,,1 - 2 Years,,,white,,,,,'10742453,500.0,,0,deny,manual,1399.00,,true,true,,,,,'10742453,https://cdn.shopify.com/s/files/1/0618/2368/0740/files/11_600x_072e95c5-8ce9-480a-a5c3-baa21a2d2464.png?v=1776507115,2,Baby Cute Cat Printed Sweatshirt Set - front view - unisex wear Pakistan,,,,,,,,,,,,,,,,,,,,,,,,,,,,,,,,,,,,,,,,,,,,https://cdn.shopify.com/s/files/1/0618/2368/0740/files/11_600x_072e95c5-8ce9-480a-a5c3-baa21a2d2464.png?v=1776507115,g,,,,,,
baby-cute-cat-printed-sweatshirt-set,,,,,,,,,1 - 2 Years,,,red,,,,,'10742454,500.0,,0,deny,manual,1399.00,,true,true,,,,,'10742454,https://cdn.shopify.com/s/files/1/0618/2368/0740/files/8_1024x1024_984c53de-51de-492f-b5e1-09dcab2b93c5.png?v=1776507115,3,Baby Cute Cat Printed Sweatshirt Set - back view - unisex wear Pakistan,,,,,,,,,,,,,,,,,,,,,,,,,,,,,,,,,,,,,,,,,,,,https://cdn.shopify.com/s/files/1/0618/2368/0740/files/9_600x_d854a64b-9105-4faa-85d7-e7ee4286c3c9.png?v=1776507115,g,,,,,,
baby-cute-cat-printed-sweatshirt-set,,,,,,,,,1 - 2 Years,,,orange,,,,,'10742455,500.0,,0,deny,manual,1399.00,,true,true,,,,,'10742455,https://cdn.shopify.com/s/files/1/0618/2368/0740/files/7_600x_5c94a979-6242-4a77-9075-4fd8f004e7ed.png?v=1776507115,4,Baby Cute Cat Printed Sweatshirt Set - side view - unisex wear Pakistan,,,,,,,,,,,,,,,,,,,,,,,,,,,,,,,,,,,,,,,,,,,,https://cdn.shopify.com/s/files/1/0618/2368/0740/files/8_1024x1024_984c53de-51de-492f-b5e1-09dcab2b93c5.png?v=1776507115,g,,,,,,
baby-cute-cat-printed-sweatshirt-set,,,,,,,,,1 - 2 Years,,,silver,,,,,'10742456,500.0,,0,deny,manual,1399.00,,true,true,,,,,'10742456,https://cdn.shopify.com/s/files/1/0618/2368/0740/files/9_600x_d854a64b-9105-4faa-85d7-e7ee4286c3c9.png?v=1776507115,5,Baby Cute Cat Printed Sweatshirt Set - detail shot - unisex wear Pakistan,,,,,,,,,,,,,,,,,,,,,,,,,,,,,,,,,,,,,,,,,,,,https://cdn.shopify.com/s/files/1/0618/2368/0740/files/7_600x_5c94a979-6242-4a77-9075-4fd8f004e7ed.png?v=1776507115,g,,,,,,
baby-cute-cat-printed-sweatshirt-set,,,,,,,,,1 - 2 Years,,,navy-1,,,,,'10742457,500.0,,0,deny,manual,1399.00,,true,true,,,,,'10742457,https://cdn.shopify.com/s/files/1/0618/2368/0740/files/6_600x_02326df5-dd32-4a4a-8a95-592eca868c14.png?v=1727948565,6,Baby Cute Cat Printed Sweatshirt Set - back view - unisex wear Pakistan,,,,,,,,,,,,,,,,,,,,,,,,,,,,,,,,,,,,,,,,,,,,https://cdn.shopify.com/s/files/1/0618/2368/0740/files/6_600x_02326df5-dd32-4a4a-8a95-592eca868c14.png?v=1727948565,g,,,,,,
baby-cute-cat-printed-sweatshirt-set,,,,,,,,,3 - 4 Years,,,yellow-1,,,,,'10714476,500.0,,-5,deny,manual,1399.00,,true,true,,,,,'10714476,https://cdn.shopify.com/s/files/1/0618/2368/0740/files/BBg_Kids_Size_chart_2b336c6e-f810-47dc-bc9a-69fea9e3b06b.webp?v=1767096499,7,Yellow White Bunny Kids Sweatshirt Pant size chart - measurements guide,,,,,,,,,,,,,,,,,,,,,,,,,,,,,,,,,,,,,,,,,,,,https://cdn.shopify.com/s/files/1/0618/2368/0740/files/10_600x_0e3590ec-b313-49dd-ad77-2314a2dc89d9.png?v=1776507115,g,,,,,,
baby-cute-cat-printed-sweatshirt-set,,,,,,,,,3 - 4 Years,,,white,,,,,'10714472,500.0,,-8,deny,manual,1399.00,,true,true,,,,,'10714472,,,,,,,,,,,,,,,,,,,,,,,,,,,,,,,,,,,,,,,,,,,,,,,https://cdn.shopify.com/s/files/1/0618/2368/0740/files/11_600x_072e95c5-8ce9-480a-a5c3-baa21a2d2464.png?v=1776507115,g,,,,,,
baby-cute-cat-printed-sweatshirt-set,,,,,,,,,3 - 4 Years,,,red,,,,,'10714473,500.0,,-13,deny,manual,1399.00,,true,true,,,,,'10714473,,,,,,,,,,,,,,,,,,,,,,,,,,,,,,,,,,,,,,,,,,,,,,,https://cdn.shopify.com/s/files/1/0618/2368/0740/files/9_600x_d854a64b-9105-4faa-85d7-e7ee4286c3c9.png?v=1776507115,g,,,,,,
baby-cute-cat-printed-sweatshirt-set,,,,,,,,,3 - 4 Years,,,orange,,,,,'10714474,500.0,,-5,deny,manual,1399.00,,true,true,,,,,'10714474,,,,,,,,,,,,,,,,,,,,,,,,,,,,,,,,,,,,,,,,,,,,,,,https://cdn.shopify.com/s/files/1/0618/2368/0740/files/8_1024x1024_984c53de-51de-492f-b5e1-09dcab2b93c5.png?v=1776507115,g,,,,,,
baby-cute-cat-printed-sweatshirt-set,,,,,,,,,3 - 4 Years,,,silver,,,,,'10714475,500.0,,-4,deny,manual,1399.00,,true,true,,,,,'10714475,,,,,,,,,,,,,,,,,,,,,,,,,,,,,,,,,,,,,,,,,,,,,,,https://cdn.shopify.com/s/files/1/0618/2368/0740/files/7_600x_5c94a979-6242-4a77-9075-4fd8f004e7ed.png?v=1776507115,g,,,,,,
baby-cute-cat-printed-sweatshirt-set,,,,,,,,,3 - 4 Years,,,navy-1,,,,,'10714477,500.0,,-8,deny,manual,1399.00,,true,true,,,,,'10714477,,,,,,,,,,,,,,,,,,,,,,,,,,,,,,,,,,,,,,,,,,,,,,,https://cdn.shopify.com/s/files/1/0618/2368/0740/files/6_600x_02326df5-dd32-4a4a-8a95-592eca868c14.png?v=1727948565,g,,,,,,
baby-cute-cat-printed-sweatshirt-set,,,,,,,,,5 - 6 Years,,,yellow-1,,,,,'10714482,500.0,,-2,deny,manual,1399.00,,true,true,,,,,'10714482,,,,,,,,,,,,,,,,,,,,,,,,,,,,,,,,,,,,,,,,,,,,,,,https://cdn.shopify.com/s/files/1/0618/2368/0740/files/10_600x_0e3590ec-b313-49dd-ad77-2314a2dc89d9.png?v=1776507115,g,,,,,,
baby-cute-cat-printed-sweatshirt-set,,,,,,,,,5 - 6 Years,,,white,,,,,'10714478,500.0,,-3,deny,manual,1399.00,,true,true,,,,,'10714478,,,,,,,,,,,,,,,,,,,,,,,,,,,,,,,,,,,,,,,,,,,,,,,https://cdn.shopify.com/s/files/1/0618/2368/0740/files/11_600x_072e95c5-8ce9-480a-a5c3-baa21a2d2464.png?v=1776507115,g,,,,,,
baby-cute-cat-printed-sweatshirt-set,,,,,,,,,5 - 6 Years,,,red,,,,,'10714479,500.0,,-9,deny,manual,1399.00,,true,true,,,,,'10714479,,,,,,,,,,,,,,,,,,,,,,,,,,,,,,,,,,,,,,,,,,,,,,,https://cdn.shopify.com/s/files/1/0618/2368/0740/files/9_600x_d854a64b-9105-4faa-85d7-e7ee4286c3c9.png?v=1776507115,g,,,,,,
baby-cute-cat-printed-sweatshirt-set,,,,,,,,,5 - 6 Years,,,orange,,,,,'10714480,500.0,,-2,deny,manual,1399.00,,true,true,,,,,'10714480,,,,,,,,,,,,,,,,,,,,,,,,,,,,,,,,,,,,,,,,,,,,,,,https://cdn.shopify.com/s/files/1/0618/2368/0740/files/8_1024x1024_984c53de-51de-492f-b5e1-09dcab2b93c5.png?v=1776507115,g,,,,,,
baby-cute-cat-printed-sweatshirt-set,,,,,,,,,5 - 6 Years,,,silver,,,,,'10714481,500.0,,-2,deny,manual,1399.00,,true,true,,,,,'10714481,,,,,,,,,,,,,,,,,,,,,,,,,,,,,,,,,,,,,,,,,,,,,,,https://cdn.shopify.com/s/files/1/0618/2368/0740/files/7_600x_5c94a979-6242-4a77-9075-4fd8f004e7ed.png?v=1776507115,g,,,,,,
baby-cute-cat-printed-sweatshirt-set,,,,,,,,,5 - 6 Years,,,navy-1,,,,,'10714483,500.0,,-2,deny,manual,1399.00,,true,true,,,,,'10714483,,,,,,,,,,,,,,,,,,,,,,,,,,,,,,,,,,,,,,,,,,,,,,,https://cdn.shopify.com/s/files/1/0618/2368/0740/files/6_600x_02326df5-dd32-4a4a-8a95-592eca868c14.png?v=1727948565,g,,,,,,
baby-cute-cat-printed-sweatshirt-set,,,,,,,,,7 - 8 Years,,,yellow-1,,,,,'10714488,500.0,,-2,deny,manual,1399.00,,true,true,,,,,'10714488,,,,,,,,,,,,,,,,,,,,,,,,,,,,,,,,,,,,,,,,,,,,,,,https://cdn.shopify.com/s/files/1/0618/2368/0740/files/10_600x_0e3590ec-b313-49dd-ad77-2314a2dc89d9.png?v=1776507115,g,,,,,,
baby-cute-cat-printed-sweatshirt-set,,,,,,,,,7 - 8 Years,,,white,,,,,'10714484,500.0,,-4,deny,manual,1399.00,,true,true,,,,,'10714484,,,,,,,,,,,,,,,,,,,,,,,,,,,,,,,,,,,,,,,,,,,,,,,https://cdn.shopify.com/s/files/1/0618/2368/0740/files/11_600x_072e95c5-8ce9-480a-a5c3-baa21a2d2464.png?v=1776507115,g,,,,,,
baby-cute-cat-printed-sweatshirt-set,,,,,,,,,7 - 8 Years,,,red,,,,,'10714485,500.0,,-7,deny,manual,1399.00,,true,true,,,,,'10714485,,,,,,,,,,,,,,,,,,,,,,,,,,,,,,,,,,,,,,,,,,,,,,,https://cdn.shopify.com/s/files/1/0618/2368/0740/files/9_600x_d854a64b-9105-4faa-85d7-e7ee4286c3c9.png?v=1776507115,g,,,,,,
baby-cute-cat-printed-sweatshirt-set,,,,,,,,,7 - 8 Years,,,orange,,,,,'10714486,500.0,,-1,deny,manual,1399.00,,true,true,,,,,'10714486,,,,,,,,,,,,,,,,,,,,,,,,,,,,,,,,,,,,,,,,,,,,,,,https://cdn.shopify.com/s/files/1/0618/2368/0740/files/8_1024x1024_984c53de-51de-492f-b5e1-09dcab2b93c5.png?v=1776507115,g,,,,,,
baby-cute-cat-printed-sweatshirt-set,,,,,,,,,7 - 8 Years,,,silver,,,,,'10714487,500.0,,-2,deny,manual,1399.00,,true,true,,,,,'10714487,,,,,,,,,,,,,,,,,,,,,,,,,,,,,,,,,,,,,,,,,,,,,,,https://cdn.shopify.com/s/files/1/0618/2368/0740/files/7_600x_5c94a979-6242-4a77-9075-4fd8f004e7ed.png?v=1776507115,g,,,,,,
baby-cute-cat-printed-sweatshirt-set,,,,,,,,,7 - 8 Years,,,navy-1,,,,,'10714489,500.0,,-3,deny,manual,1399.00,,true,true,,,,,'10714489,,,,,,,,,,,,,,,,,,,,,,,,,,,,,,,,,,,,,,,,,,,,,,,https://cdn.shopify.com/s/files/1/0618/2368/0740/files/6_600x_02326df5-dd32-4a4a-8a95-592eca868c14.png?v=1727948565,g,,,,,,
baby-cute-cat-printed-sweatshirt-set,,,,,,,,,9 - 10 Years,,,yellow-1,,,,,'10714494,500.0,,-2,deny,manual,1399.00,,true,true,,,,,'10714494,,,,,,,,,,,,,,,,,,,,,,,,,,,,,,,,,,,,,,,,,,,,,,,https://cdn.shopify.com/s/files/1/0618/2368/0740/files/10_600x_0e3590ec-b313-49dd-ad77-2314a2dc89d9.png?v=1776507115,g,,,,,,
baby-cute-cat-printed-sweatshirt-set,,,,,,,,,9 - 10 Years,,,white,,,,,'10714490,500.0,,-4,deny,manual,1399.00,,true,true,,,,,'10714490,,,,,,,,,,,,,,,,,,,,,,,,,,,,,,,,,,,,,,,,,,,,,,,https://cdn.shopify.com/s/files/1/0618/2368/0740/files/11_600x_072e95c5-8ce9-480a-a5c3-baa21a2d2464.png?v=1776507115,g,,,,,,
baby-cute-cat-printed-sweatshirt-set,,,,,,,,,9 - 10 Years,,,red,,,,,'10714491,500.0,,-4,deny,manual,1399.00,,true,true,,,,,'10714491,,,,,,,,,,,,,,,,,,,,,,,,,,,,,,,,,,,,,,,,,,,,,,,https://cdn.shopify.com/s/files/1/0618/2368/0740/files/9_600x_d854a64b-9105-4faa-85d7-e7ee4286c3c9.png?v=1776507115,g,,,,,,
baby-cute-cat-printed-sweatshirt-set,,,,,,,,,9 - 10 Years,,,orange,,,,,'10714492,500.0,,0,deny,manual,1399.00,,true,true,,,,,'10714492,,,,,,,,,,,,,,,,,,,,,,,,,,,,,,,,,,,,,,,,,,,,,,,https://cdn.shopify.com/s/files/1/0618/2368/0740/files/8_1024x1024_984c53de-51de-492f-b5e1-09dcab2b93c5.png?v=1776507115,g,,,,,,
baby-cute-cat-printed-sweatshirt-set,,,,,,,,,9 - 10 Years,,,silver,,,,,'10714493,500.0,,0,deny,manual,1399.00,,true,true,,,,,'10714493,,,,,,,,,,,,,,,,,,,,,,,,,,,,,,,,,,,,,,,,,,,,,,,https://cdn.shopify.com/s/files/1/0618/2368/0740/files/7_600x_5c94a979-6242-4a77-9075-4fd8f004e7ed.png?v=1776507115,g,,,,,,
baby-cute-cat-printed-sweatshirt-set,,,,,,,,,9 - 10 Years,,,navy-1,,,,,'10714495,500.0,,-1,deny,manual,1399.00,,true,true,,,,,'10714495,,,,,,,,,,,,,,,,,,,,,,,,,,,,,,,,,,,,,,,,,,,,,,,https://cdn.shopify.com/s/files/1/0618/2368/0740/files/6_600x_02326df5-dd32-4a4a-8a95-592eca868c14.png?v=1727948565,g,,,,,,
baby-cute-cat-printed-sweatshirt-set,,,,,,,,,11 - 12 Years,,,yellow-1,,,,,'10714500,500.0,,-2,deny,manual,1399.00,,true,true,,,,,'10714500,,,,,,,,,,,,,,,,,,,,,,,,,,,,,,,,,,,,,,,,,,,,,,,https://cdn.shopify.com/s/files/1/0618/2368/0740/files/10_600x_0e3590ec-b313-49dd-ad77-2314a2dc89d9.png?v=1776507115,g,,,,,,
baby-cute-cat-printed-sweatshirt-set,,,,,,,,,11 - 12 Years,,,white,,,,,'10714496,500.0,,-2,deny,manual,1399.00,,true,true,,,,,'10714496,,,,,,,,,,,,,,,,,,,,,,,,,,,,,,,,,,,,,,,,,,,,,,,https://cdn.shopify.com/s/files/1/0618/2368/0740/files/11_600x_072e95c5-8ce9-480a-a5c3-baa21a2d2464.png?v=1776507115,g,,,,,,
baby-cute-cat-printed-sweatshirt-set,,,,,,,,,11 - 12 Years,,,red,,,,,'10714497,500.0,,-5,deny,manual,1399.00,,true,true,,,,,'10714497,,,,,,,,,,,,,,,,,,,,,,,,,,,,,,,,,,,,,,,,,,,,,,,https://cdn.shopify.com/s/files/1/0618/2368/0740/files/9_600x_d854a64b-9105-4faa-85d7-e7ee4286c3c9.png?v=1776507115,g,,,,,,
baby-cute-cat-printed-sweatshirt-set,,,,,,,,,11 - 12 Years,,,orange,,,,,'10714498,500.0,,-1,deny,manual,1399.00,,true,true,,,,,'10714498,,,,,,,,,,,,,,,,,,,,,,,,,,,,,,,,,,,,,,,,,,,,,,,https://cdn.shopify.com/s/files/1/0618/2368/0740/files/8_1024x1024_984c53de-51de-492f-b5e1-09dcab2b93c5.png?v=1776507115,g,,,,,,
baby-cute-cat-printed-sweatshirt-set,,,,,,,,,11 - 12 Years,,,silver,,,,,'10714499,500.0,,-1,deny,manual,1399.00,,true,true,,,,,'10714499,,,,,,,,,,,,,,,,,,,,,,,,,,,,,,,,,,,,,,,,,,,,,,,https://cdn.shopify.com/s/files/1/0618/2368/0740/files/7_600x_5c94a979-6242-4a77-9075-4fd8f004e7ed.png?v=1776507115,g,,,,,,
baby-cute-cat-printed-sweatshirt-set,,,,,,,,,11 - 12 Years,,,navy-1,,,,,'10706906,500.0,,0,deny,manual,1399.00,,true,true,,,,,'10706906,,,,,,,,,,,,,,,,,,,,,,,,,,,,,,,,,,,,,,,,,,,,,,,https://cdn.shopify.com/s/files/1/0618/2368/0740/files/6_600x_02326df5-dd32-4a4a-8a95-592eca868c14.png?v=1727948565,g,,,,,,
panda-ride-on-bike-printed-sweatshirt-set,Kids Winter Sweat Shirt Set | Panda Ride On Bike Printed,"<h4><strong>Kids Winter Sweat Shirt Set | Panda Ride On Bike Printed<br><br></strong></h4>
<p data-start=""166"" data-end=""398"">Featuring an adorable panda riding a bike, this playful design brings smiles and charm to everyday outfits.</p>
<p data-start=""400"" data-end=""678"">Crafted from soft, premium fleece fabric, it keeps your little one warm and cozy during chilly days while remaining breathable and gentle on the skin. The sweatshirt pairs perfectly with matching trousers, offering a comfortable fit for active kids who love to play and explore.</p>
<p data-start=""680"" data-end=""808"">Perfect for school, outings, or casual wear, this set combines cuteness, comfort, and durability in one must-have winter outfit.</p>
<p data-start=""810"" data-end=""829""><strong data-start=""810"" data-end=""829"">✨ Key Features:</strong></p>
<ul data-start=""830"" data-end=""1071"">
<li data-section-id=""cre33n"" data-start=""830"" data-end=""862"">Soft &amp; warm fleece fabric ❄️</li>
<li data-section-id=""1dhgieo"" data-start=""863"" data-end=""900"">Cute panda riding bike print 🐼🚲</li>
<li data-section-id=""1jzyoai"" data-start=""901"" data-end=""925"">Fun &amp; playful design</li>
<li data-section-id=""1dd02rc"" data-start=""926"" data-end=""959"">Comfortable elastic waistband</li>
<li data-section-id=""1blepg9"" data-start=""960"" data-end=""991"">Ribbed cuffs for a snug fit</li>
<li data-section-id=""95i0z6"" data-start=""992"" data-end=""1031"">Skin-friendly &amp; breathable material</li>
<li data-section-id=""1wtwtt7"" data-start=""1032"" data-end=""1071"">Durable stitching for everyday wear</li>
</ul>
<p data-start=""1073"" data-end=""1118""> </p>
<h4><strong><br></strong></h4>",BBG FASHION CLOTHING STORE,Apparel & Accessories > Clothing > Baby & Toddler Clothing,Kids Sweatshirt & Pant,"Kids Winter Collection, kidssweatshirtandpant",true,Size,1 - 2 Years,,Color,yellow-1,product.metafields.shopify.color-pattern,,,,'10742675,500.0,,0,deny,manual,1399.00,,true,true,,,,,'10742675,https://cdn.shopify.com/s/files/1/0618/2368/0740/files/10_600x_3ecccc1e-eb18-48e6-b0b7-77ff06ad6d02.png?v=1776678746,1,Panda Ride On Bike Printed Sweatshirt Set - detail shot - unisex wear Pakistan,false,,"Shop Kids Winter Sweat Shirt Set with panda bike print. Soft fleece, warm & comfortable outfit for kids. Perfect winter wear in Pakistan.",,,,,,,,,,,,,,,,,,,,,yellow-1; orange; silver; red; navy-1; white,,,,,,,,,,,,,,,,,,,,https://cdn.shopify.com/s/files/1/0618/2368/0740/files/10_600x_3ecccc1e-eb18-48e6-b0b7-77ff06ad6d02.png?v=1776678746,g,,,true,,,active
panda-ride-on-bike-printed-sweatshirt-set,,,,,,,,,1 - 2 Years,,,orange,,,,,'10742676,500.0,,0,deny,manual,1399.00,,true,true,,,,,'10742676,https://cdn.shopify.com/s/files/1/0618/2368/0740/files/8_600x_458c2ecd-8f69-42b9-bc9b-c5466607e589.png?v=1776678746,2,Panda Ride On Bike Printed Sweatshirt Set - front view - unisex wear Pakistan,,,,,,,,,,,,,,,,,,,,,,,,,,,,,,,,,,,,,,,,,,,,https://cdn.shopify.com/s/files/1/0618/2368/0740/files/8_600x_458c2ecd-8f69-42b9-bc9b-c5466607e589.png?v=1776678746,g,,,,,,
panda-ride-on-bike-printed-sweatshirt-set,,,,,,,,,1 - 2 Years,,,silver,,,,,'10742677,500.0,,0,deny,manual,1399.00,,true,true,,,,,'10742677,https://cdn.shopify.com/s/files/1/0618/2368/0740/files/7_600x_fdf171e4-d4bf-4a8c-acc8-6ca2df26ee61.png?v=1776678746,3,Panda Ride On Bike Printed Sweatshirt Set - back view - unisex wear Pakistan,,,,,,,,,,,,,,,,,,,,,,,,,,,,,,,,,,,,,,,,,,,,https://cdn.shopify.com/s/files/1/0618/2368/0740/files/7_600x_fdf171e4-d4bf-4a8c-acc8-6ca2df26ee61.png?v=1776678746,g,,,,,,
panda-ride-on-bike-printed-sweatshirt-set,,,,,,,,,1 - 2 Years,,,red,,,,,'10742678,500.0,,0,deny,manual,1399.00,,true,true,,,,,'10742678,https://cdn.shopify.com/s/files/1/0618/2368/0740/files/9_600x_62edd7fc-57b9-4d32-9b81-1ee7353096a3.png?v=1776678746,4,Panda Ride On Bike Printed Sweatshirt Set - side view - unisex wear Pakistan,,,,,,,,,,,,,,,,,,,,,,,,,,,,,,,,,,,,,,,,,,,,https://cdn.shopify.com/s/files/1/0618/2368/0740/files/9_600x_62edd7fc-57b9-4d32-9b81-1ee7353096a3.png?v=1776678746,g,,,,,,
panda-ride-on-bike-printed-sweatshirt-set,,,,,,,,,1 - 2 Years,,,navy-1,,,,,'10742679,500.0,,0,deny,manual,1399.00,,true,true,,,,,'10742679,https://cdn.shopify.com/s/files/1/0618/2368/0740/files/6_600x_576f1045-fbe9-4e2e-b3d9-f7f71d111ea3.png?v=1727948367,5,Panda Ride On Bike Printed Sweatshirt Set - front view - unisex wear Pakistan,,,,,,,,,,,,,,,,,,,,,,,,,,,,,,,,,,,,,,,,,,,,https://cdn.shopify.com/s/files/1/0618/2368/0740/files/6_600x_576f1045-fbe9-4e2e-b3d9-f7f71d111ea3.png?v=1727948367,g,,,,,,
panda-ride-on-bike-printed-sweatshirt-set,,,,,,,,,1 - 2 Years,,,white,,,,,'10742680,500.0,,0,deny,manual,1399.00,,true,true,,,,,'10742680,https://cdn.shopify.com/s/files/1/0618/2368/0740/files/11_600x_e0d5cc94-2724-413d-9b78-f7beea0ff2a3.png?v=1727948382,6,Panda Ride On Bike Printed Sweatshirt Set - back view - unisex wear Pakistan,,,,,,,,,,,,,,,,,,,,,,,,,,,,,,,,,,,,,,,,,,,,https://cdn.shopify.com/s/files/1/0618/2368/0740/files/11_600x_e0d5cc94-2724-413d-9b78-f7beea0ff2a3.png?v=1727948382,g,,,,,,
panda-ride-on-bike-printed-sweatshirt-set,,,,,,,,,3 - 4 Years,,,yellow-1,,,,,'10714446,500.0,,0,deny,manual,1399.00,,true,true,,,,,'10714446,https://cdn.shopify.com/s/files/1/0618/2368/0740/files/BBg_Kids_Size_chart_2b336c6e-f810-47dc-bc9a-69fea9e3b06b.webp?v=1767096499,7,Yellow White Bunny Kids Sweatshirt Pant size chart - measurements guide,,,,,,,,,,,,,,,,,,,,,,,,,,,,,,,,,,,,,,,,,,,,https://cdn.shopify.com/s/files/1/0618/2368/0740/files/10_600x_3ecccc1e-eb18-48e6-b0b7-77ff06ad6d02.png?v=1776678746,g,,,,,,
panda-ride-on-bike-printed-sweatshirt-set,,,,,,,,,3 - 4 Years,,,orange,,,,,'10714443,500.0,,-14,deny,manual,1399.00,,true,true,,,,,'10714443,,,,,,,,,,,,,,,,,,,,,,,,,,,,,,,,,,,,,,,,,,,,,,,https://cdn.shopify.com/s/files/1/0618/2368/0740/files/8_600x_458c2ecd-8f69-42b9-bc9b-c5466607e589.png?v=1776678746,g,,,,,,
panda-ride-on-bike-printed-sweatshirt-set,,,,,,,,,3 - 4 Years,,,silver,,,,,'10714444,500.0,,-2,deny,manual,1399.00,,true,true,,,,,'10714444,,,,,,,,,,,,,,,,,,,,,,,,,,,,,,,,,,,,,,,,,,,,,,,https://cdn.shopify.com/s/files/1/0618/2368/0740/files/7_600x_fdf171e4-d4bf-4a8c-acc8-6ca2df26ee61.png?v=1776678746,g,,,,,,
panda-ride-on-bike-printed-sweatshirt-set,,,,,,,,,3 - 4 Years,,,red,,,,,'10714445,500.0,,-4,deny,manual,1399.00,,true,true,,,,,'10714445,,,,,,,,,,,,,,,,,,,,,,,,,,,,,,,,,,,,,,,,,,,,,,,https://cdn.shopify.com/s/files/1/0618/2368/0740/files/9_600x_62edd7fc-57b9-4d32-9b81-1ee7353096a3.png?v=1776678746,g,,,,,,
panda-ride-on-bike-printed-sweatshirt-set,,,,,,,,,3 - 4 Years,,,navy-1,,,,,'10714447,500.0,,-3,deny,manual,1399.00,,true,true,,,,,'10714447,,,,,,,,,,,,,,,,,,,,,,,,,,,,,,,,,,,,,,,,,,,,,,,https://cdn.shopify.com/s/files/1/0618/2368/0740/files/6_600x_576f1045-fbe9-4e2e-b3d9-f7f71d111ea3.png?v=1727948367,g,,,,,,
panda-ride-on-bike-printed-sweatshirt-set,,,,,,,,,3 - 4 Years,,,white,,,,,'10714448,500.0,,0,deny,manual,1399.00,,true,true,,,,,'10714448,,,,,,,,,,,,,,,,,,,,,,,,,,,,,,,,,,,,,,,,,,,,,,,https://cdn.shopify.com/s/files/1/0618/2368/0740/files/11_600x_e0d5cc94-2724-413d-9b78-f7beea0ff2a3.png?v=1727948382,g,,,,,,
panda-ride-on-bike-printed-sweatshirt-set,,,,,,,,,5 - 6 Years,,,yellow-1,,,,,'10714452,500.0,,0,deny,manual,1399.00,,true,true,,,,,'10714452,,,,,,,,,,,,,,,,,,,,,,,,,,,,,,,,,,,,,,,,,,,,,,,https://cdn.shopify.com/s/files/1/0618/2368/0740/files/10_600x_3ecccc1e-eb18-48e6-b0b7-77ff06ad6d02.png?v=1776678746,g,,,,,,
panda-ride-on-bike-printed-sweatshirt-set,,,,,,,,,5 - 6 Years,,,orange,,,,,'10714449,500.0,,-14,deny,manual,1399.00,,true,true,,,,,'10714449,,,,,,,,,,,,,,,,,,,,,,,,,,,,,,,,,,,,,,,,,,,,,,,https://cdn.shopify.com/s/files/1/0618/2368/0740/files/8_600x_458c2ecd-8f69-42b9-bc9b-c5466607e589.png?v=1776678746,g,,,,,,
panda-ride-on-bike-printed-sweatshirt-set,,,,,,,,,5 - 6 Years,,,silver,,,,,'10714450,500.0,,-2,deny,manual,1399.00,,true,true,,,,,'10714450,,,,,,,,,,,,,,,,,,,,,,,,,,,,,,,,,,,,,,,,,,,,,,,https://cdn.shopify.com/s/files/1/0618/2368/0740/files/7_600x_fdf171e4-d4bf-4a8c-acc8-6ca2df26ee61.png?v=1776678746,g,,,,,,
panda-ride-on-bike-printed-sweatshirt-set,,,,,,,,,5 - 6 Years,,,red,,,,,'10714451,500.0,,-3,deny,manual,1399.00,,true,true,,,,,'10714451,,,,,,,,,,,,,,,,,,,,,,,,,,,,,,,,,,,,,,,,,,,,,,,https://cdn.shopify.com/s/files/1/0618/2368/0740/files/9_600x_62edd7fc-57b9-4d32-9b81-1ee7353096a3.png?v=1776678746,g,,,,,,
panda-ride-on-bike-printed-sweatshirt-set,,,,,,,,,5 - 6 Years,,,navy-1,,,,,'10714453,500.0,,0,deny,manual,1399.00,,true,true,,,,,'10714453,,,,,,,,,,,,,,,,,,,,,,,,,,,,,,,,,,,,,,,,,,,,,,,https://cdn.shopify.com/s/files/1/0618/2368/0740/files/6_600x_576f1045-fbe9-4e2e-b3d9-f7f71d111ea3.png?v=1727948367,g,,,,,,
panda-ride-on-bike-printed-sweatshirt-set,,,,,,,,,5 - 6 Years,,,white,,,,,'10714454,500.0,,-1,deny,manual,1399.00,,true,true,,,,,'10714454,,,,,,,,,,,,,,,,,,,,,,,,,,,,,,,,,,,,,,,,,,,,,,,https://cdn.shopify.com/s/files/1/0618/2368/0740/files/11_600x_e0d5cc94-2724-413d-9b78-f7beea0ff2a3.png?v=1727948382,g,,,,,,
panda-ride-on-bike-printed-sweatshirt-set,,,,,,,,,7 - 8 Years,,,yellow-1,,,,,'10714458,500.0,,-2,deny,manual,1399.00,,true,true,,,,,'10714458,,,,,,,,,,,,,,,,,,,,,,,,,,,,,,,,,,,,,,,,,,,,,,,https://cdn.shopify.com/s/files/1/0618/2368/0740/files/10_600x_3ecccc1e-eb18-48e6-b0b7-77ff06ad6d02.png?v=1776678746,g,,,,,,
panda-ride-on-bike-printed-sweatshirt-set,,,,,,,,,7 - 8 Years,,,orange,,,,,'10714455,500.0,,-4,deny,manual,1399.00,,true,true,,,,,'10714455,,,,,,,,,,,,,,,,,,,,,,,,,,,,,,,,,,,,,,,,,,,,,,,https://cdn.shopify.com/s/files/1/0618/2368/0740/files/8_600x_458c2ecd-8f69-42b9-bc9b-c5466607e589.png?v=1776678746,g,,,,,,
panda-ride-on-bike-printed-sweatshirt-set,,,,,,,,,7 - 8 Years,,,silver,,,,,'10714456,500.0,,0,deny,manual,1399.00,,true,true,,,,,'10714456,,,,,,,,,,,,,,,,,,,,,,,,,,,,,,,,,,,,,,,,,,,,,,,https://cdn.shopify.com/s/files/1/0618/2368/0740/files/7_600x_fdf171e4-d4bf-4a8c-acc8-6ca2df26ee61.png?v=1776678746,g,,,,,,
panda-ride-on-bike-printed-sweatshirt-set,,,,,,,,,7 - 8 Years,,,red,,,,,'10714457,500.0,,-1,deny,manual,1399.00,,true,true,,,,,'10714457,,,,,,,,,,,,,,,,,,,,,,,,,,,,,,,,,,,,,,,,,,,,,,,https://cdn.shopify.com/s/files/1/0618/2368/0740/files/9_600x_62edd7fc-57b9-4d32-9b81-1ee7353096a3.png?v=1776678746,g,,,,,,
panda-ride-on-bike-printed-sweatshirt-set,,,,,,,,,7 - 8 Years,,,navy-1,,,,,'10714459,500.0,,-1,deny,manual,1399.00,,true,true,,,,,'10714459,,,,,,,,,,,,,,,,,,,,,,,,,,,,,,,,,,,,,,,,,,,,,,,https://cdn.shopify.com/s/files/1/0618/2368/0740/files/6_600x_576f1045-fbe9-4e2e-b3d9-f7f71d111ea3.png?v=1727948367,g,,,,,,
panda-ride-on-bike-printed-sweatshirt-set,,,,,,,,,7 - 8 Years,,,white,,,,,'10714460,500.0,,0,deny,manual,1399.00,,true,true,,,,,'10714460,,,,,,,,,,,,,,,,,,,,,,,,,,,,,,,,,,,,,,,,,,,,,,,https://cdn.shopify.com/s/files/1/0618/2368/0740/files/11_600x_e0d5cc94-2724-413d-9b78-f7beea0ff2a3.png?v=1727948382,g,,,,,,
panda-ride-on-bike-printed-sweatshirt-set,,,,,,,,,9 - 10 Years,,,yellow-1,,,,,'10714464,500.0,,-1,deny,manual,1399.00,,true,true,,,,,'10714464,,,,,,,,,,,,,,,,,,,,,,,,,,,,,,,,,,,,,,,,,,,,,,,https://cdn.shopify.com/s/files/1/0618/2368/0740/files/10_600x_3ecccc1e-eb18-48e6-b0b7-77ff06ad6d02.png?v=1776678746,g,,,,,,
panda-ride-on-bike-printed-sweatshirt-set,,,,,,,,,9 - 10 Years,,,orange,,,,,'10714461,500.0,,-1,deny,manual,1399.00,,true,true,,,,,'10714461,,,,,,,,,,,,,,,,,,,,,,,,,,,,,,,,,,,,,,,,,,,,,,,https://cdn.shopify.com/s/files/1/0618/2368/0740/files/8_600x_458c2ecd-8f69-42b9-bc9b-c5466607e589.png?v=1776678746,g,,,,,,
panda-ride-on-bike-printed-sweatshirt-set,,,,,,,,,9 - 10 Years,,,silver,,,,,'10714462,500.0,,0,deny,manual,1399.00,,true,true,,,,,'10714462,,,,,,,,,,,,,,,,,,,,,,,,,,,,,,,,,,,,,,,,,,,,,,,https://cdn.shopify.com/s/files/1/0618/2368/0740/files/7_600x_fdf171e4-d4bf-4a8c-acc8-6ca2df26ee61.png?v=1776678746,g,,,,,,
panda-ride-on-bike-printed-sweatshirt-set,,,,,,,,,9 - 10 Years,,,red,,,,,'10714463,500.0,,-1,deny,manual,1399.00,,true,true,,,,,'10714463,,,,,,,,,,,,,,,,,,,,,,,,,,,,,,,,,,,,,,,,,,,,,,,https://cdn.shopify.com/s/files/1/0618/2368/0740/files/9_600x_62edd7fc-57b9-4d32-9b81-1ee7353096a3.png?v=1776678746,g,,,,,,
panda-ride-on-bike-printed-sweatshirt-set,,,,,,,,,9 - 10 Years,,,navy-1,,,,,'10714465,500.0,,-1,deny,manual,1399.00,,true,true,,,,,'10714465,,,,,,,,,,,,,,,,,,,,,,,,,,,,,,,,,,,,,,,,,,,,,,,https://cdn.shopify.com/s/files/1/0618/2368/0740/files/6_600x_576f1045-fbe9-4e2e-b3d9-f7f71d111ea3.png?v=1727948367,g,,,,,,
panda-ride-on-bike-printed-sweatshirt-set,,,,,,,,,9 - 10 Years,,,white,,,,,'10714466,500.0,,0,deny,manual,1399.00,,true,true,,,,,'10714466,,,,,,,,,,,,,,,,,,,,,,,,,,,,,,,,,,,,,,,,,,,,,,,https://cdn.shopify.com/s/files/1/0618/2368/0740/files/11_600x_e0d5cc94-2724-413d-9b78-f7beea0ff2a3.png?v=1727948382,g,,,,,,
panda-ride-on-bike-printed-sweatshirt-set,,,,,,,,,11 - 12 Years,,,yellow-1,,,,,'10714470,500.0,,0,deny,manual,1399.00,,true,true,,,,,'10714470,,,,,,,,,,,,,,,,,,,,,,,,,,,,,,,,,,,,,,,,,,,,,,,https://cdn.shopify.com/s/files/1/0618/2368/0740/files/10_600x_3ecccc1e-eb18-48e6-b0b7-77ff06ad6d02.png?v=1776678746,g,,,,,,
panda-ride-on-bike-printed-sweatshirt-set,,,,,,,,,11 - 12 Years,,,orange,,,,,'10714467,500.0,,-1,deny,manual,1399.00,,true,true,,,,,'10714467,,,,,,,,,,,,,,,,,,,,,,,,,,,,,,,,,,,,,,,,,,,,,,,https://cdn.shopify.com/s/files/1/0618/2368/0740/files/8_600x_458c2ecd-8f69-42b9-bc9b-c5466607e589.png?v=1776678746,g,,,,,,
panda-ride-on-bike-printed-sweatshirt-set,,,,,,,,,11 - 12 Years,,,silver,,,,,'10714468,500.0,,0,deny,manual,1399.00,,true,true,,,,,'10714468,,,,,,,,,,,,,,,,,,,,,,,,,,,,,,,,,,,,,,,,,,,,,,,https://cdn.shopify.com/s/files/1/0618/2368/0740/files/7_600x_fdf171e4-d4bf-4a8c-acc8-6ca2df26ee61.png?v=1776678746,g,,,,,,
panda-ride-on-bike-printed-sweatshirt-set,,,,,,,,,11 - 12 Years,,,red,,,,,'10714469,500.0,,0,deny,manual,1399.00,,true,true,,,,,'10714469,,,,,,,,,,,,,,,,,,,,,,,,,,,,,,,,,,,,,,,,,,,,,,,https://cdn.shopify.com/s/files/1/0618/2368/0740/files/9_600x_62edd7fc-57b9-4d32-9b81-1ee7353096a3.png?v=1776678746,g,,,,,,
panda-ride-on-bike-printed-sweatshirt-set,,,,,,,,,11 - 12 Years,,,navy-1,,,,,'10714471,500.0,,-1,deny,manual,1399.00,,true,true,,,,,'10714471,,,,,,,,,,,,,,,,,,,,,,,,,,,,,,,,,,,,,,,,,,,,,,,https://cdn.shopify.com/s/files/1/0618/2368/0740/files/6_600x_576f1045-fbe9-4e2e-b3d9-f7f71d111ea3.png?v=1727948367,g,,,,,,
panda-ride-on-bike-printed-sweatshirt-set,,,,,,,,,11 - 12 Years,,,white,,,,,'10706905,500.0,,0,deny,manual,1399.00,,true,true,,,,,'10706905,,,,,,,,,,,,,,,,,,,,,,,,,,,,,,,,,,,,,,,,,,,,,,,https://cdn.shopify.com/s/files/1/0618/2368/0740/files/11_600x_e0d5cc94-2724-413d-9b78-f7beea0ff2a3.png?v=1727948382,g,,,,,,
adidas-printed-sweatshirt-set,Kids Winter Sweat Shirt Set | Mario + Adidas Printed,"<h4><strong>Kids Winter Sweat Shirt Set | Mario + Adidas Printed<br><br></strong></h4>
<p data-end=""533"" data-start=""290"">Featuring a fun, game-inspired character design with sporty elements, this outfit is perfect for kids who love playful and energetic styles.</p>
<p data-end=""752"" data-start=""535"">Crafted from premium fleece fabric, the set offers warmth, softness, and all-day comfort during chilly weather. The sweatshirt pairs perfectly with matching trousers, creating a trendy and cozy look for everyday wear.</p>
<p data-end=""901"" data-start=""754"">Whether it’s playtime, outings, or relaxing at home, this set keeps your little one comfortable while adding a fun, sporty touch to their wardrobe.</p>
<p data-end=""922"" data-start=""903""><strong data-end=""922"" data-start=""903"">✨ Key Features:</strong></p>
<ul data-end=""1184"" data-start=""923"">
<li data-end=""955"" data-start=""923"" data-section-id=""cre33n"">Soft &amp; warm fleece fabric ❄️</li>
<li data-end=""997"" data-start=""956"" data-section-id=""gnivog"">Fun gamer-inspired character print 🎮</li>
<li data-end=""1033"" data-start=""998"" data-section-id=""1yhgl0k"">Sporty design for a trendy look</li>
<li data-end=""1069"" data-start=""1034"" data-section-id=""1bktu6g"">Elastic waistband for easy wear</li>
<li data-end=""1101"" data-start=""1070"" data-section-id=""1blepg9"">Ribbed cuffs for a snug fit</li>
<li data-end=""1141"" data-start=""1102"" data-section-id=""95i0z6"">Skin-friendly &amp; breathable material</li>
<li data-end=""1184"" data-start=""1142"" data-section-id=""6pcig5"">Durable stitching for long-lasting use</li>
</ul>",BBG FASHION CLOTHING STORE,Apparel & Accessories > Clothing > Baby & Toddler Clothing,Kids Sweatshirt & Pant,"Kids Winter Collection, kidssweatshirtandpant",true,Size,1 - 2 Years,,Color,yellow-1,product.metafields.shopify.color-pattern,,,,'10742366,500.0,,0,deny,manual,1399.00,,true,true,,,,,'10742366,https://cdn.shopify.com/s/files/1/0618/2368/0740/files/10_600x_d2c5a303-4fe5-40bc-a532-f0641feaf67b.png?v=1776500631,1,Adidas Printed Sweatshirt Set - side view - unisex wear Pakistan,false,,"Shop Kids Winter Sweat Shirt Set with mario + Adidas print. Warm fleece fabric, stylish & comfortable outfit for kids. Perfect winter wear in Pakistan.",,,,,,,,,,,,,'1,,,,,,,,yellow-1; silver; orange; red; navy-1; white,,,fleece,,,,,,,,,,,,,,,,,https://cdn.shopify.com/s/files/1/0618/2368/0740/files/10_600x_d2c5a303-4fe5-40bc-a532-f0641feaf67b.png?v=1776500631,g,,,true,,,active
adidas-printed-sweatshirt-set,,,,,,,,,1 - 2 Years,,,silver,,,,,'10742367,500.0,,0,deny,manual,1399.00,,true,true,,,,,'10742367,https://cdn.shopify.com/s/files/1/0618/2368/0740/files/7_600x_45b9e970-4ccc-4dba-a991-2f9ecf03b314.png?v=1776500631,2,Adidas Printed Sweatshirt Set - front view - unisex wear Pakistan,,,,,,,,,,,,,,,,,,,,,,,,,,,,,,,,,,,,,,,,,,,,https://cdn.shopify.com/s/files/1/0618/2368/0740/files/7_600x_45b9e970-4ccc-4dba-a991-2f9ecf03b314.png?v=1776500631,g,,,,,,
adidas-printed-sweatshirt-set,,,,,,,,,1 - 2 Years,,,orange,,,,,'10742368,500.0,,0,deny,manual,1399.00,,true,true,,,,,'10742368,https://cdn.shopify.com/s/files/1/0618/2368/0740/files/8_600x_b5bc2171-88c7-4630-b7a8-a648041f3b58.png?v=1776500631,3,Adidas Printed Sweatshirt Set - back view - unisex wear Pakistan,,,,,,,,,,,,,,,,,,,,,,,,,,,,,,,,,,,,,,,,,,,,https://cdn.shopify.com/s/files/1/0618/2368/0740/files/8_600x_b5bc2171-88c7-4630-b7a8-a648041f3b58.png?v=1776500631,g,,,,,,
adidas-printed-sweatshirt-set,,,,,,,,,1 - 2 Years,,,red,,,,,'10742369,500.0,,0,deny,manual,1399.00,,true,true,,,,,'10742369,https://cdn.shopify.com/s/files/1/0618/2368/0740/files/9_600x_d62f2b99-b4cd-42af-8564-9929c038bd55.png?v=1733922579,4,Adidas Printed Sweatshirt Set - detail shot - unisex wear Pakistan,,,,,,,,,,,,,,,,,,,,,,,,,,,,,,,,,,,,,,,,,,,,https://cdn.shopify.com/s/files/1/0618/2368/0740/files/9_600x_d62f2b99-b4cd-42af-8564-9929c038bd55.png?v=1733922579,g,,,,,,
adidas-printed-sweatshirt-set,,,,,,,,,1 - 2 Years,,,navy-1,,,,,'10742370,500.0,,0,deny,manual,1399.00,,true,true,,,,,'10742370,https://cdn.shopify.com/s/files/1/0618/2368/0740/files/6_600x_51c1fc6e-978c-4353-bd74-32634599016d.png?v=1733922579,5,Adidas Printed Sweatshirt Set - front view - unisex wear Pakistan,,,,,,,,,,,,,,,,,,,,,,,,,,,,,,,,,,,,,,,,,,,,https://cdn.shopify.com/s/files/1/0618/2368/0740/files/6_600x_51c1fc6e-978c-4353-bd74-32634599016d.png?v=1733922579,g,,,,,,
adidas-printed-sweatshirt-set,,,,,,,,,1 - 2 Years,,,white,,,,,'10742371,500.0,,0,deny,manual,1399.00,,true,true,,,,,'10742371,https://cdn.shopify.com/s/files/1/0618/2368/0740/files/11_1024x1024_ce08cc86-8dad-4e7a-99b2-8545c1201160.png?v=1733922579,6,Adidas Printed Sweatshirt Set - back view - unisex wear Pakistan,,,,,,,,,,,,,,,,,,,,,,,,,,,,,,,,,,,,,,,,,,,,https://cdn.shopify.com/s/files/1/0618/2368/0740/files/11_1024x1024_ce08cc86-8dad-4e7a-99b2-8545c1201160.png?v=1733922579,g,,,,,,
adidas-printed-sweatshirt-set,,,,,,,,,3 - 4 Years,,,yellow-1,,,,,'10714417,500.0,,-1,deny,manual,1399.00,,true,true,,,,,'10714417,https://cdn.shopify.com/s/files/1/0618/2368/0740/files/BBg_Kids_Size_chart_2b336c6e-f810-47dc-bc9a-69fea9e3b06b.webp?v=1767096499,7,Yellow White Bunny Kids Sweatshirt Pant size chart - measurements guide,,,,,,,,,,,,,,,,,,,,,,,,,,,,,,,,,,,,,,,,,,,,https://cdn.shopify.com/s/files/1/0618/2368/0740/files/10_600x_d2c5a303-4fe5-40bc-a532-f0641feaf67b.png?v=1776500631,g,,,,,,
adidas-printed-sweatshirt-set,,,,,,,,,3 - 4 Years,,,silver,,,,,'10714414,500.0,,-5,deny,manual,1399.00,,true,true,,,,,'10714414,,,,,,,,,,,,,,,,,,,,,,,,,,,,,,,,,,,,,,,,,,,,,,,https://cdn.shopify.com/s/files/1/0618/2368/0740/files/7_600x_45b9e970-4ccc-4dba-a991-2f9ecf03b314.png?v=1776500631,g,,,,,,
adidas-printed-sweatshirt-set,,,,,,,,,3 - 4 Years,,,orange,,,,,'10714415,500.0,,-1,deny,manual,1399.00,,true,true,,,,,'10714415,,,,,,,,,,,,,,,,,,,,,,,,,,,,,,,,,,,,,,,,,,,,,,,https://cdn.shopify.com/s/files/1/0618/2368/0740/files/8_600x_b5bc2171-88c7-4630-b7a8-a648041f3b58.png?v=1776500631,g,,,,,,
adidas-printed-sweatshirt-set,,,,,,,,,3 - 4 Years,,,red,,,,,'10714416,500.0,,-1,deny,manual,1399.00,,true,true,,,,,'10714416,,,,,,,,,,,,,,,,,,,,,,,,,,,,,,,,,,,,,,,,,,,,,,,https://cdn.shopify.com/s/files/1/0618/2368/0740/files/9_600x_d62f2b99-b4cd-42af-8564-9929c038bd55.png?v=1733922579,g,,,,,,
adidas-printed-sweatshirt-set,,,,,,,,,3 - 4 Years,,,navy-1,,,,,'10714418,500.0,,0,deny,manual,1399.00,,true,true,,,,,'10714418,,,,,,,,,,,,,,,,,,,,,,,,,,,,,,,,,,,,,,,,,,,,,,,https://cdn.shopify.com/s/files/1/0618/2368/0740/files/6_600x_51c1fc6e-978c-4353-bd74-32634599016d.png?v=1733922579,g,,,,,,
adidas-printed-sweatshirt-set,,,,,,,,,3 - 4 Years,,,white,,,,,'10714419,500.0,,-1,deny,manual,1399.00,,true,true,,,,,'10714419,,,,,,,,,,,,,,,,,,,,,,,,,,,,,,,,,,,,,,,,,,,,,,,https://cdn.shopify.com/s/files/1/0618/2368/0740/files/11_1024x1024_ce08cc86-8dad-4e7a-99b2-8545c1201160.png?v=1733922579,g,,,,,,
adidas-printed-sweatshirt-set,,,,,,,,,5 - 6 Years,,,yellow-1,,,,,'10714423,500.0,,-1,deny,manual,1399.00,,true,true,,,,,'10714423,,,,,,,,,,,,,,,,,,,,,,,,,,,,,,,,,,,,,,,,,,,,,,,https://cdn.shopify.com/s/files/1/0618/2368/0740/files/10_600x_d2c5a303-4fe5-40bc-a532-f0641feaf67b.png?v=1776500631,g,,,,,,
adidas-printed-sweatshirt-set,,,,,,,,,5 - 6 Years,,,silver,,,,,'10714420,500.0,,-3,deny,manual,1399.00,,true,true,,,,,'10714420,,,,,,,,,,,,,,,,,,,,,,,,,,,,,,,,,,,,,,,,,,,,,,,https://cdn.shopify.com/s/files/1/0618/2368/0740/files/7_600x_45b9e970-4ccc-4dba-a991-2f9ecf03b314.png?v=1776500631,g,,,,,,
adidas-printed-sweatshirt-set,,,,,,,,,5 - 6 Years,,,orange,,,,,'10714421,500.0,,-1,deny,manual,1399.00,,true,true,,,,,'10714421,,,,,,,,,,,,,,,,,,,,,,,,,,,,,,,,,,,,,,,,,,,,,,,https://cdn.shopify.com/s/files/1/0618/2368/0740/files/8_600x_b5bc2171-88c7-4630-b7a8-a648041f3b58.png?v=1776500631,g,,,,,,
adidas-printed-sweatshirt-set,,,,,,,,,5 - 6 Years,,,red,,,,,'10714422,500.0,,-1,deny,manual,1399.00,,true,true,,,,,'10714422,,,,,,,,,,,,,,,,,,,,,,,,,,,,,,,,,,,,,,,,,,,,,,,https://cdn.shopify.com/s/files/1/0618/2368/0740/files/9_600x_d62f2b99-b4cd-42af-8564-9929c038bd55.png?v=1733922579,g,,,,,,
adidas-printed-sweatshirt-set,,,,,,,,,5 - 6 Years,,,navy-1,,,,,'10714424,500.0,,-2,deny,manual,1399.00,,true,true,,,,,'10714424,,,,,,,,,,,,,,,,,,,,,,,,,,,,,,,,,,,,,,,,,,,,,,,https://cdn.shopify.com/s/files/1/0618/2368/0740/files/6_600x_51c1fc6e-978c-4353-bd74-32634599016d.png?v=1733922579,g,,,,,,
adidas-printed-sweatshirt-set,,,,,,,,,5 - 6 Years,,,white,,,,,'10714425,500.0,,-1,deny,manual,1399.00,,true,true,,,,,'10714425,,,,,,,,,,,,,,,,,,,,,,,,,,,,,,,,,,,,,,,,,,,,,,,https://cdn.shopify.com/s/files/1/0618/2368/0740/files/11_1024x1024_ce08cc86-8dad-4e7a-99b2-8545c1201160.png?v=1733922579,g,,,,,,
adidas-printed-sweatshirt-set,,,,,,,,,7 - 8 Years,,,yellow-1,,,,,'10714429,500.0,,0,deny,manual,1399.00,,true,true,,,,,'10714429,,,,,,,,,,,,,,,,,,,,,,,,,,,,,,,,,,,,,,,,,,,,,,,https://cdn.shopify.com/s/files/1/0618/2368/0740/files/10_600x_d2c5a303-4fe5-40bc-a532-f0641feaf67b.png?v=1776500631,g,,,,,,
adidas-printed-sweatshirt-set,,,,,,,,,7 - 8 Years,,,silver,,,,,'10714426,500.0,,-4,deny,manual,1399.00,,true,true,,,,,'10714426,,,,,,,,,,,,,,,,,,,,,,,,,,,,,,,,,,,,,,,,,,,,,,,https://cdn.shopify.com/s/files/1/0618/2368/0740/files/7_600x_45b9e970-4ccc-4dba-a991-2f9ecf03b314.png?v=1776500631,g,,,,,,
adidas-printed-sweatshirt-set,,,,,,,,,7 - 8 Years,,,orange,,,,,'10714427,500.0,,0,deny,manual,1399.00,,true,true,,,,,'10714427,,,,,,,,,,,,,,,,,,,,,,,,,,,,,,,,,,,,,,,,,,,,,,,https://cdn.shopify.com/s/files/1/0618/2368/0740/files/8_600x_b5bc2171-88c7-4630-b7a8-a648041f3b58.png?v=1776500631,g,,,,,,
adidas-printed-sweatshirt-set,,,,,,,,,7 - 8 Years,,,red,,,,,'10714428,500.0,,-3,deny,manual,1399.00,,true,true,,,,,'10714428,,,,,,,,,,,,,,,,,,,,,,,,,,,,,,,,,,,,,,,,,,,,,,,https://cdn.shopify.com/s/files/1/0618/2368/0740/files/9_600x_d62f2b99-b4cd-42af-8564-9929c038bd55.png?v=1733922579,g,,,,,,
adidas-printed-sweatshirt-set,,,,,,,,,7 - 8 Years,,,navy-1,,,,,'10714430,500.0,,0,deny,manual,1399.00,,true,true,,,,,'10714430,,,,,,,,,,,,,,,,,,,,,,,,,,,,,,,,,,,,,,,,,,,,,,,https://cdn.shopify.com/s/files/1/0618/2368/0740/files/6_600x_51c1fc6e-978c-4353-bd74-32634599016d.png?v=1733922579,g,,,,,,
adidas-printed-sweatshirt-set,,,,,,,,,7 - 8 Years,,,white,,,,,'10714431,500.0,,0,deny,manual,1399.00,,true,true,,,,,'10714431,,,,,,,,,,,,,,,,,,,,,,,,,,,,,,,,,,,,,,,,,,,,,,,https://cdn.shopify.com/s/files/1/0618/2368/0740/files/11_1024x1024_ce08cc86-8dad-4e7a-99b2-8545c1201160.png?v=1733922579,g,,,,,,
adidas-printed-sweatshirt-set,,,,,,,,,9 - 10 Years,,,yellow-1,,,,,'10714435,500.0,,0,deny,manual,1399.00,,true,true,,,,,'10714435,,,,,,,,,,,,,,,,,,,,,,,,,,,,,,,,,,,,,,,,,,,,,,,https://cdn.shopify.com/s/files/1/0618/2368/0740/files/10_600x_d2c5a303-4fe5-40bc-a532-f0641feaf67b.png?v=1776500631,g,,,,,,
adidas-printed-sweatshirt-set,,,,,,,,,9 - 10 Years,,,silver,,,,,'10714432,500.0,,-4,deny,manual,1399.00,,true,true,,,,,'10714432,,,,,,,,,,,,,,,,,,,,,,,,,,,,,,,,,,,,,,,,,,,,,,,https://cdn.shopify.com/s/files/1/0618/2368/0740/files/7_600x_45b9e970-4ccc-4dba-a991-2f9ecf03b314.png?v=1776500631,g,,,,,,
adidas-printed-sweatshirt-set,,,,,,,,,9 - 10 Years,,,orange,,,,,'10714433,500.0,,-1,deny,manual,1399.00,,true,true,,,,,'10714433,,,,,,,,,,,,,,,,,,,,,,,,,,,,,,,,,,,,,,,,,,,,,,,https://cdn.shopify.com/s/files/1/0618/2368/0740/files/8_600x_b5bc2171-88c7-4630-b7a8-a648041f3b58.png?v=1776500631,g,,,,,,
adidas-printed-sweatshirt-set,,,,,,,,,9 - 10 Years,,,red,,,,,'10714434,500.0,,-2,deny,manual,1399.00,,true,true,,,,,'10714434,,,,,,,,,,,,,,,,,,,,,,,,,,,,,,,,,,,,,,,,,,,,,,,https://cdn.shopify.com/s/files/1/0618/2368/0740/files/9_600x_d62f2b99-b4cd-42af-8564-9929c038bd55.png?v=1733922579,g,,,,,,
adidas-printed-sweatshirt-set,,,,,,,,,9 - 10 Years,,,navy-1,,,,,'10714436,500.0,,-1,deny,manual,1399.00,,true,true,,,,,'10714436,,,,,,,,,,,,,,,,,,,,,,,,,,,,,,,,,,,,,,,,,,,,,,,https://cdn.shopify.com/s/files/1/0618/2368/0740/files/6_600x_51c1fc6e-978c-4353-bd74-32634599016d.png?v=1733922579,g,,,,,,
adidas-printed-sweatshirt-set,,,,,,,,,9 - 10 Years,,,white,,,,,'10714437,500.0,,0,deny,manual,1399.00,,true,true,,,,,'10714437,,,,,,,,,,,,,,,,,,,,,,,,,,,,,,,,,,,,,,,,,,,,,,,https://cdn.shopify.com/s/files/1/0618/2368/0740/files/11_1024x1024_ce08cc86-8dad-4e7a-99b2-8545c1201160.png?v=1733922579,g,,,,,,
adidas-printed-sweatshirt-set,,,,,,,,,11 - 12 Years,,,yellow-1,,,,,'10714441,500.0,,0,deny,manual,1399.00,,true,true,,,,,'10714441,,,,,,,,,,,,,,,,,,,,,,,,,,,,,,,,,,,,,,,,,,,,,,,https://cdn.shopify.com/s/files/1/0618/2368/0740/files/10_600x_d2c5a303-4fe5-40bc-a532-f0641feaf67b.png?v=1776500631,g,,,,,,
adidas-printed-sweatshirt-set,,,,,,,,,11 - 12 Years,,,silver,,,,,'10714438,500.0,,0,deny,manual,1399.00,,true,true,,,,,'10714438,,,,,,,,,,,,,,,,,,,,,,,,,,,,,,,,,,,,,,,,,,,,,,,https://cdn.shopify.com/s/files/1/0618/2368/0740/files/7_600x_45b9e970-4ccc-4dba-a991-2f9ecf03b314.png?v=1776500631,g,,,,,,
adidas-printed-sweatshirt-set,,,,,,,,,11 - 12 Years,,,orange,,,,,'10714439,500.0,,-1,deny,manual,1399.00,,true,true,,,,,'10714439,,,,,,,,,,,,,,,,,,,,,,,,,,,,,,,,,,,,,,,,,,,,,,,https://cdn.shopify.com/s/files/1/0618/2368/0740/files/8_600x_b5bc2171-88c7-4630-b7a8-a648041f3b58.png?v=1776500631,g,,,,,,
adidas-printed-sweatshirt-set,,,,,,,,,11 - 12 Years,,,red,,,,,'10714440,500.0,,0,deny,manual,1399.00,,true,true,,,,,'10714440,,,,,,,,,,,,,,,,,,,,,,,,,,,,,,,,,,,,,,,,,,,,,,,https://cdn.shopify.com/s/files/1/0618/2368/0740/files/9_600x_d62f2b99-b4cd-42af-8564-9929c038bd55.png?v=1733922579,g,,,,,,
adidas-printed-sweatshirt-set,,,,,,,,,11 - 12 Years,,,navy-1,,,,,'10714442,500.0,,0,deny,manual,1399.00,,true,true,,,,,'10714442,,,,,,,,,,,,,,,,,,,,,,,,,,,,,,,,,,,,,,,,,,,,,,,https://cdn.shopify.com/s/files/1/0618/2368/0740/files/6_600x_51c1fc6e-978c-4353-bd74-32634599016d.png?v=1733922579,g,,,,,,
adidas-printed-sweatshirt-set,,,,,,,,,11 - 12 Years,,,white,,,,,'10706904,500.0,,0,deny,manual,1399.00,,true,true,,,,,'10706904,,,,,,,,,,,,,,,,,,,,,,,,,,,,,,,,,,,,,,,,,,,,,,,https://cdn.shopify.com/s/files/1/0618/2368/0740/files/11_1024x1024_ce08cc86-8dad-4e7a-99b2-8545c1201160.png?v=1733922579,g,,,,,,
street-racing-printed-sweatshirt-set,Kids Winter Sweat Shirt Set | Street Racing Printed,"<h4>Kids Winter Sweat Shirt Set | Street Racing Printed</h4>
<p><br>Designed with a dynamic racing-inspired graphic, this outfit brings speed, energy, and a cool street vibe to your child’s winter wardrobe.</p>
<p data-start=""399"" data-end=""683"">Crafted from soft, premium fleece fabric, it keeps your little one warm and cozy during chilly days while remaining breathable and gentle on the skin. The sweatshirt pairs with matching trousers to create a complete outfit that’s perfect for active kids who love adventure and action.</p>
<p data-start=""685"" data-end=""787"">Ideal for school, playtime, or outings, this set delivers comfort, durability, and a bold sporty look.</p>
<p data-start=""789"" data-end=""808""><strong data-start=""789"" data-end=""808"">✨ Key Features:</strong></p>
<ul data-start=""809"" data-end=""1055"">
<li data-section-id=""cre33n"" data-start=""809"" data-end=""841"">Soft &amp; warm fleece fabric ❄️</li>
<li data-section-id=""9v0nng"" data-start=""842"" data-end=""882"">Eye-catching street racing print 🏎️</li>
<li data-section-id=""1kyt5mn"" data-start=""883"" data-end=""909"">Sporty &amp; trendy design</li>
<li data-section-id=""1dd02rc"" data-start=""910"" data-end=""943"">Comfortable elastic waistband</li>
<li data-section-id=""1blepg9"" data-start=""944"" data-end=""975"">Ribbed cuffs for a snug fit</li>
<li data-section-id=""95i0z6"" data-start=""976"" data-end=""1015"">Skin-friendly &amp; breathable material</li>
<li data-section-id=""1wtwtt7"" data-start=""1016"" data-end=""1055"">Durable stitching for everyday wear</li>
</ul>",BBG FASHION CLOTHING STORE,Apparel & Accessories > Clothing > Baby & Toddler Clothing,Kids Sweatshirt & Pant,"Kids Winter Collection, kidssweatshirtandpant",true,Size,1-2-years,product.metafields.shopify.size,Color,yellow-1,product.metafields.shopify.color-pattern,,,,'10758129,500.0,,0,deny,manual,1399.00,,true,true,,,,,'10758129,https://cdn.shopify.com/s/files/1/0618/2368/0740/files/10_600x_95bbb689-283a-4142-8483-0571b6ef9f01.png?v=1727947797,1,Street Racing Printed Sweatshirt Set - front view - unisex wear Pakistan,false,,"Shop Kids Winter Sweat Shirt Set with street racing print. Soft fleece, warm & comfortable outfit for kids. Perfect winter wear in Pakistan.",,,,,,,,,,,,,'1,,,,,,,,yellow-1; silver; orange; red; navy-1; white,,,,,,,,,,1-2-years; 3-4-years; 5-6-years-1; 7-8-years; 9-10-years; 11-12-years,,,,,,,,,,https://cdn.shopify.com/s/files/1/0618/2368/0740/files/10_600x_95bbb689-283a-4142-8483-0571b6ef9f01.png?v=1727947797,g,,,true,,,active
street-racing-printed-sweatshirt-set,,,,,,,,,1-2-years,,,silver,,,,,'10758130,500.0,,0,deny,manual,1399.00,,true,true,,,,,'10758130,https://cdn.shopify.com/s/files/1/0618/2368/0740/files/7_600x_0743b857-d40d-461f-9919-2fdaccda74f1.png?v=1727947813,2,Street Racing Printed Sweatshirt Set - back view - unisex wear Pakistan,,,,,,,,,,,,,,,,,,,,,,,,,,,,,,,,,,,,,,,,,,,,https://cdn.shopify.com/s/files/1/0618/2368/0740/files/7_600x_0743b857-d40d-461f-9919-2fdaccda74f1.png?v=1727947813,g,,,,,,
street-racing-printed-sweatshirt-set,,,,,,,,,1-2-years,,,orange,,,,,'10758131,500.0,,0,deny,manual,1399.00,,true,true,,,,,'10758131,https://cdn.shopify.com/s/files/1/0618/2368/0740/files/8_600x_96a3e74f-345b-4dc4-be8f-806f3d1d11f6.png?v=1727947827,3,Street Racing Printed Sweatshirt Set - side view - unisex wear Pakistan,,,,,,,,,,,,,,,,,,,,,,,,,,,,,,,,,,,,,,,,,,,,https://cdn.shopify.com/s/files/1/0618/2368/0740/files/8_600x_96a3e74f-345b-4dc4-be8f-806f3d1d11f6.png?v=1727947827,g,,,,,,
street-racing-printed-sweatshirt-set,,,,,,,,,1-2-years,,,red,,,,,'10758132,500.0,,0,deny,manual,1399.00,,true,true,,,,,'10758132,https://cdn.shopify.com/s/files/1/0618/2368/0740/files/9_600x_ec91c065-2080-407d-9d94-454714e61b54.png?v=1727947840,4,Street Racing Printed Sweatshirt Set - detail shot - unisex wear Pakistan,,,,,,,,,,,,,,,,,,,,,,,,,,,,,,,,,,,,,,,,,,,,https://cdn.shopify.com/s/files/1/0618/2368/0740/files/9_600x_ec91c065-2080-407d-9d94-454714e61b54.png?v=1727947840,g,,,,,,
street-racing-printed-sweatshirt-set,,,,,,,,,1-2-years,,,navy-1,,,,,'10758133,500.0,,0,deny,manual,1399.00,,true,true,,,,,'10758133,https://cdn.shopify.com/s/files/1/0618/2368/0740/files/6_600x_79381486-6128-4ff4-9ad7-c6d4a63833f8.png?v=1727947853,5,Street Racing Printed Sweatshirt Set - front view - unisex wear Pakistan,,,,,,,,,,,,,,,,,,,,,,,,,,,,,,,,,,,,,,,,,,,,https://cdn.shopify.com/s/files/1/0618/2368/0740/files/6_600x_79381486-6128-4ff4-9ad7-c6d4a63833f8.png?v=1727947853,g,,,,,,
street-racing-printed-sweatshirt-set,,,,,,,,,1-2-years,,,white,,,,,'10758134,500.0,,0,deny,manual,1399.00,,true,true,,,,,'10758134,https://cdn.shopify.com/s/files/1/0618/2368/0740/files/11_600x_13c44cfe-df07-4026-93a6-37d91de62171.png?v=1727947867,6,Street Racing Printed Sweatshirt Set - back view - unisex wear Pakistan,,,,,,,,,,,,,,,,,,,,,,,,,,,,,,,,,,,,,,,,,,,,https://cdn.shopify.com/s/files/1/0618/2368/0740/files/11_600x_13c44cfe-df07-4026-93a6-37d91de62171.png?v=1727947867,g,,,,,,
street-racing-printed-sweatshirt-set,,,,,,,,,3-4-years,,,yellow-1,,,,,'10714385,500.0,,-7,deny,manual,1399.00,,true,true,,,,,'10714385,https://cdn.shopify.com/s/files/1/0618/2368/0740/files/BBg_Kids_Size_chart_2b336c6e-f810-47dc-bc9a-69fea9e3b06b.webp?v=1767096499,7,Yellow White Bunny Kids Sweatshirt Pant size chart - measurements guide,,,,,,,,,,,,,,,,,,,,,,,,,,,,,,,,,,,,,,,,,,,,https://cdn.shopify.com/s/files/1/0618/2368/0740/files/10_600x_95bbb689-283a-4142-8483-0571b6ef9f01.png?v=1727947797,g,,,,,,
street-racing-printed-sweatshirt-set,,,,,,,,,3-4-years,,,silver,,,,,'10714386,500.0,,0,deny,manual,1399.00,,true,true,,,,,'10714386,,,,,,,,,,,,,,,,,,,,,,,,,,,,,,,,,,,,,,,,,,,,,,,https://cdn.shopify.com/s/files/1/0618/2368/0740/files/7_600x_0743b857-d40d-461f-9919-2fdaccda74f1.png?v=1727947813,g,,,,,,
street-racing-printed-sweatshirt-set,,,,,,,,,3-4-years,,,orange,,,,,'10714387,500.0,,-3,deny,manual,1399.00,,true,true,,,,,'10714387,,,,,,,,,,,,,,,,,,,,,,,,,,,,,,,,,,,,,,,,,,,,,,,https://cdn.shopify.com/s/files/1/0618/2368/0740/files/8_600x_96a3e74f-345b-4dc4-be8f-806f3d1d11f6.png?v=1727947827,g,,,,,,
street-racing-printed-sweatshirt-set,,,,,,,,,3-4-years,,,red,,,,,'10714388,500.0,,-3,deny,manual,1399.00,,true,true,,,,,'10714388,,,,,,,,,,,,,,,,,,,,,,,,,,,,,,,,,,,,,,,,,,,,,,,https://cdn.shopify.com/s/files/1/0618/2368/0740/files/9_600x_ec91c065-2080-407d-9d94-454714e61b54.png?v=1727947840,g,,,,,,
street-racing-printed-sweatshirt-set,,,,,,,,,3-4-years,,,navy-1,,,,,'10714389,500.0,,-3,deny,manual,1399.00,,true,true,,,,,'10714389,,,,,,,,,,,,,,,,,,,,,,,,,,,,,,,,,,,,,,,,,,,,,,,https://cdn.shopify.com/s/files/1/0618/2368/0740/files/6_600x_79381486-6128-4ff4-9ad7-c6d4a63833f8.png?v=1727947853,g,,,,,,
street-racing-printed-sweatshirt-set,,,,,,,,,3-4-years,,,white,,,,,'10714390,500.0,,-2,deny,manual,1399.00,,true,true,,,,,'10714390,,,,,,,,,,,,,,,,,,,,,,,,,,,,,,,,,,,,,,,,,,,,,,,https://cdn.shopify.com/s/files/1/0618/2368/0740/files/11_600x_13c44cfe-df07-4026-93a6-37d91de62171.png?v=1727947867,g,,,,,,
street-racing-printed-sweatshirt-set,,,,,,,,,5-6-years-1,,,yellow-1,,,,,'10714391,500.0,,-2,deny,manual,1399.00,,true,true,,,,,'10714391,,,,,,,,,,,,,,,,,,,,,,,,,,,,,,,,,,,,,,,,,,,,,,,https://cdn.shopify.com/s/files/1/0618/2368/0740/files/10_600x_95bbb689-283a-4142-8483-0571b6ef9f01.png?v=1727947797,g,,,,,,
street-racing-printed-sweatshirt-set,,,,,,,,,5-6-years-1,,,silver,,,,,'10714392,500.0,,-2,deny,manual,1399.00,,true,true,,,,,'10714392,,,,,,,,,,,,,,,,,,,,,,,,,,,,,,,,,,,,,,,,,,,,,,,https://cdn.shopify.com/s/files/1/0618/2368/0740/files/7_600x_0743b857-d40d-461f-9919-2fdaccda74f1.png?v=1727947813,g,,,,,,
street-racing-printed-sweatshirt-set,,,,,,,,,5-6-years-1,,,orange,,,,,'10714393,500.0,,-3,deny,manual,1399.00,,true,true,,,,,'10714393,,,,,,,,,,,,,,,,,,,,,,,,,,,,,,,,,,,,,,,,,,,,,,,https://cdn.shopify.com/s/files/1/0618/2368/0740/files/8_600x_96a3e74f-345b-4dc4-be8f-806f3d1d11f6.png?v=1727947827,g,,,,,,
street-racing-printed-sweatshirt-set,,,,,,,,,5-6-years-1,,,red,,,,,'10714394,500.0,,-5,deny,manual,1399.00,,true,true,,,,,'10714394,,,,,,,,,,,,,,,,,,,,,,,,,,,,,,,,,,,,,,,,,,,,,,,https://cdn.shopify.com/s/files/1/0618/2368/0740/files/9_600x_ec91c065-2080-407d-9d94-454714e61b54.png?v=1727947840,g,,,,,,
street-racing-printed-sweatshirt-set,,,,,,,,,5-6-years-1,,,navy-1,,,,,'10714395,500.0,,-4,deny,manual,1399.00,,true,true,,,,,'10714395,,,,,,,,,,,,,,,,,,,,,,,,,,,,,,,,,,,,,,,,,,,,,,,https://cdn.shopify.com/s/files/1/0618/2368/0740/files/6_600x_79381486-6128-4ff4-9ad7-c6d4a63833f8.png?v=1727947853,g,,,,,,
street-racing-printed-sweatshirt-set,,,,,,,,,5-6-years-1,,,white,,,,,'10714396,500.0,,-2,deny,manual,1399.00,,true,true,,,,,'10714396,,,,,,,,,,,,,,,,,,,,,,,,,,,,,,,,,,,,,,,,,,,,,,,https://cdn.shopify.com/s/files/1/0618/2368/0740/files/11_600x_13c44cfe-df07-4026-93a6-37d91de62171.png?v=1727947867,g,,,,,,
street-racing-printed-sweatshirt-set,,,,,,,,,7-8-years,,,yellow-1,,,,,'10714397,500.0,,-9,deny,manual,1399.00,,true,true,,,,,'10714397,,,,,,,,,,,,,,,,,,,,,,,,,,,,,,,,,,,,,,,,,,,,,,,https://cdn.shopify.com/s/files/1/0618/2368/0740/files/10_600x_95bbb689-283a-4142-8483-0571b6ef9f01.png?v=1727947797,g,,,,,,
street-racing-printed-sweatshirt-set,,,,,,,,,7-8-years,,,silver,,,,,'10714398,500.0,,-2,deny,manual,1399.00,,true,true,,,,,'10714398,,,,,,,,,,,,,,,,,,,,,,,,,,,,,,,,,,,,,,,,,,,,,,,https://cdn.shopify.com/s/files/1/0618/2368/0740/files/7_600x_0743b857-d40d-461f-9919-2fdaccda74f1.png?v=1727947813,g,,,,,,
street-racing-printed-sweatshirt-set,,,,,,,,,7-8-years,,,orange,,,,,'10714399,500.0,,-2,deny,manual,1399.00,,true,true,,,,,'10714399,,,,,,,,,,,,,,,,,,,,,,,,,,,,,,,,,,,,,,,,,,,,,,,https://cdn.shopify.com/s/files/1/0618/2368/0740/files/8_600x_96a3e74f-345b-4dc4-be8f-806f3d1d11f6.png?v=1727947827,g,,,,,,
street-racing-printed-sweatshirt-set,,,,,,,,,7-8-years,,,red,,,,,'10714400,500.0,,0,deny,manual,1399.00,,true,true,,,,,'10714400,,,,,,,,,,,,,,,,,,,,,,,,,,,,,,,,,,,,,,,,,,,,,,,https://cdn.shopify.com/s/files/1/0618/2368/0740/files/9_600x_ec91c065-2080-407d-9d94-454714e61b54.png?v=1727947840,g,,,,,,
street-racing-printed-sweatshirt-set,,,,,,,,,7-8-years,,,navy-1,,,,,'10714401,500.0,,-3,deny,manual,1399.00,,true,true,,,,,'10714401,,,,,,,,,,,,,,,,,,,,,,,,,,,,,,,,,,,,,,,,,,,,,,,https://cdn.shopify.com/s/files/1/0618/2368/0740/files/6_600x_79381486-6128-4ff4-9ad7-c6d4a63833f8.png?v=1727947853,g,,,,,,
street-racing-printed-sweatshirt-set,,,,,,,,,7-8-years,,,white,,,,,'10714402,500.0,,-1,deny,manual,1399.00,,true,true,,,,,'10714402,,,,,,,,,,,,,,,,,,,,,,,,,,,,,,,,,,,,,,,,,,,,,,,https://cdn.shopify.com/s/files/1/0618/2368/0740/files/11_600x_13c44cfe-df07-4026-93a6-37d91de62171.png?v=1727947867,g,,,,,,
street-racing-printed-sweatshirt-set,,,,,,,,,9-10-years,,,yellow-1,,,,,'10714403,500.0,,-4,deny,manual,1399.00,,true,true,,,,,'10714403,,,,,,,,,,,,,,,,,,,,,,,,,,,,,,,,,,,,,,,,,,,,,,,https://cdn.shopify.com/s/files/1/0618/2368/0740/files/10_600x_95bbb689-283a-4142-8483-0571b6ef9f01.png?v=1727947797,g,,,,,,
street-racing-printed-sweatshirt-set,,,,,,,,,9-10-years,,,silver,,,,,'10714404,500.0,,0,deny,manual,1399.00,,true,true,,,,,'10714404,,,,,,,,,,,,,,,,,,,,,,,,,,,,,,,,,,,,,,,,,,,,,,,https://cdn.shopify.com/s/files/1/0618/2368/0740/files/7_600x_0743b857-d40d-461f-9919-2fdaccda74f1.png?v=1727947813,g,,,,,,
street-racing-printed-sweatshirt-set,,,,,,,,,9-10-years,,,orange,,,,,'10714405,500.0,,-2,deny,manual,1399.00,,true,true,,,,,'10714405,,,,,,,,,,,,,,,,,,,,,,,,,,,,,,,,,,,,,,,,,,,,,,,https://cdn.shopify.com/s/files/1/0618/2368/0740/files/8_600x_96a3e74f-345b-4dc4-be8f-806f3d1d11f6.png?v=1727947827,g,,,,,,
street-racing-printed-sweatshirt-set,,,,,,,,,9-10-years,,,red,,,,,'10714406,500.0,,-1,deny,manual,1399.00,,true,true,,,,,'10714406,,,,,,,,,,,,,,,,,,,,,,,,,,,,,,,,,,,,,,,,,,,,,,,https://cdn.shopify.com/s/files/1/0618/2368/0740/files/9_600x_ec91c065-2080-407d-9d94-454714e61b54.png?v=1727947840,g,,,,,,
street-racing-printed-sweatshirt-set,,,,,,,,,9-10-years,,,navy-1,,,,,'10714407,500.0,,-1,deny,manual,1399.00,,true,true,,,,,'10714407,,,,,,,,,,,,,,,,,,,,,,,,,,,,,,,,,,,,,,,,,,,,,,,https://cdn.shopify.com/s/files/1/0618/2368/0740/files/6_600x_79381486-6128-4ff4-9ad7-c6d4a63833f8.png?v=1727947853,g,,,,,,
street-racing-printed-sweatshirt-set,,,,,,,,,9-10-years,,,white,,,,,'10714408,500.0,,-3,deny,manual,1399.00,,true,true,,,,,'10714408,,,,,,,,,,,,,,,,,,,,,,,,,,,,,,,,,,,,,,,,,,,,,,,https://cdn.shopify.com/s/files/1/0618/2368/0740/files/11_600x_13c44cfe-df07-4026-93a6-37d91de62171.png?v=1727947867,g,,,,,,
street-racing-printed-sweatshirt-set,,,,,,,,,11-12-years,,,yellow-1,,,,,'10714409,500.0,,-3,deny,manual,1399.00,,true,true,,,,,'10714409,,,,,,,,,,,,,,,,,,,,,,,,,,,,,,,,,,,,,,,,,,,,,,,https://cdn.shopify.com/s/files/1/0618/2368/0740/files/10_600x_95bbb689-283a-4142-8483-0571b6ef9f01.png?v=1727947797,g,,,,,,
street-racing-printed-sweatshirt-set,,,,,,,,,11-12-years,,,silver,,,,,'10714410,500.0,,-2,deny,manual,1399.00,,true,true,,,,,'10714410,,,,,,,,,,,,,,,,,,,,,,,,,,,,,,,,,,,,,,,,,,,,,,,https://cdn.shopify.com/s/files/1/0618/2368/0740/files/7_600x_0743b857-d40d-461f-9919-2fdaccda74f1.png?v=1727947813,g,,,,,,
street-racing-printed-sweatshirt-set,,,,,,,,,11-12-years,,,orange,,,,,'10714411,500.0,,-3,deny,manual,1399.00,,true,true,,,,,'10714411,,,,,,,,,,,,,,,,,,,,,,,,,,,,,,,,,,,,,,,,,,,,,,,https://cdn.shopify.com/s/files/1/0618/2368/0740/files/8_600x_96a3e74f-345b-4dc4-be8f-806f3d1d11f6.png?v=1727947827,g,,,,,,
street-racing-printed-sweatshirt-set,,,,,,,,,11-12-years,,,red,,,,,'10714412,500.0,,-2,deny,manual,1399.00,,true,true,,,,,'10714412,,,,,,,,,,,,,,,,,,,,,,,,,,,,,,,,,,,,,,,,,,,,,,,https://cdn.shopify.com/s/files/1/0618/2368/0740/files/9_600x_ec91c065-2080-407d-9d94-454714e61b54.png?v=1727947840,g,,,,,,
street-racing-printed-sweatshirt-set,,,,,,,,,11-12-years,,,navy-1,,,,,'10714413,500.0,,-1,deny,manual,1399.00,,true,true,,,,,'10714413,,,,,,,,,,,,,,,,,,,,,,,,,,,,,,,,,,,,,,,,,,,,,,,https://cdn.shopify.com/s/files/1/0618/2368/0740/files/6_600x_79381486-6128-4ff4-9ad7-c6d4a63833f8.png?v=1727947853,g,,,,,,
street-racing-printed-sweatshirt-set,,,,,,,,,11-12-years,,,white,,,,,'10706903,500.0,,-2,deny,manual,1399.00,,true,true,,,,,'10706903,,,,,,,,,,,,,,,,,,,,,,,,,,,,,,,,,,,,,,,,,,,,,,,https://cdn.shopify.com/s/files/1/0618/2368/0740/files/11_600x_13c44cfe-df07-4026-93a6-37d91de62171.png?v=1727947867,g,,,,,,
unicorn-printed-sweatshirt-set,Kids Winter Sweat Shirt Set | Unicorn Printed,"<div class=""flex flex-col text-sm pb-25"">
<section data-turn=""assistant"" data-scroll-anchor=""true"" data-testid=""conversation-turn-16"" data-turn-id=""request-69d9f238-f980-8322-b039-2ff2f1fb9bd8-3"" dir=""auto"" class=""text-token-text-primary w-full focus:outline-none [--shadow-height:45px] has-data-writing-block:pointer-events-none has-data-writing-block:-mt-(--shadow-height) has-data-writing-block:pt-(--shadow-height) [&amp;:has([data-writing-block])&gt;*]:pointer-events-auto scroll-mt-[calc(var(--header-height)+min(200px,max(70px,20svh)))]"">
<div class=""text-base my-auto mx-auto pb-10 [--thread-content-margin:var(--thread-content-margin-xs,calc(var(--spacing)*4))] @w-sm/main:[--thread-content-margin:var(--thread-content-margin-sm,calc(var(--spacing)*6))] @w-lg/main:[--thread-content-margin:var(--thread-content-margin-lg,calc(var(--spacing)*16))] px-(--thread-content-margin)"">
<div class=""[--thread-content-max-width:40rem] @w-lg/main:[--thread-content-max-width:48rem] mx-auto max-w-(--thread-content-max-width) flex-1 group/turn-messages focus-visible:outline-hidden relative flex w-full min-w-0 flex-col agent-turn"">
<div class=""flex max-w-full flex-col gap-4 grow"">
<div data-turn-start-message=""true"" class=""min-h-8 text-message relative flex w-full flex-col items-end gap-2 text-start break-words whitespace-normal outline-none keyboard-focused:focus-ring [.text-message+&amp;]:mt-1"" data-message-model-slug=""gpt-5-3"" dir=""auto"" data-message-id=""0ce4ff3a-870f-4d6a-886b-f0c6ccfb9fa2"" data-message-author-role=""assistant"" tabindex=""0"">
<div class=""flex w-full flex-col gap-1 empty:hidden"">
<div class=""markdown prose dark:prose-invert w-full wrap-break-word light markdown-new-styling"">
<h4 data-end=""416"" data-start=""137"">
<strong>Kids Winter Sweat Shirt Set | Unicorn Printed</strong><br><br>
</h4>
<p data-start=""137"" data-end=""416"">This adorable outfit features a cozy sweatshirt with a charming unicorn print paired with matching warm trousers—perfect for keeping your little one stylish and snug.</p>
<p data-start=""418"" data-end=""683"">Crafted from soft, high-quality fleece fabric, this set provides excellent warmth while remaining lightweight and breathable. The elastic waistband and ribbed cuffs ensure a comfortable fit, making it ideal for all-day wear—whether at home, school, or outdoor play.</p>
<p data-start=""685"" data-end=""765"">Cute, comfy, and full of charm—this unicorn set is made to brighten chilly days.</p>
<p data-start=""767"" data-end=""786""><strong data-start=""767"" data-end=""786"">✨ Key Features:</strong></p>
<ul data-start=""787"" data-end=""1032"">
<li data-section-id=""sqd2ca"" data-start=""787"" data-end=""833"">Soft fleece fabric for warmth &amp; comfort ❄️</li>
<li data-section-id=""1tagmre"" data-start=""834"" data-end=""874"">Eye-catching unicorn print design 🦄</li>
<li data-section-id=""1bktu6g"" data-start=""875"" data-end=""910"">Elastic waistband for easy wear</li>
<li data-section-id=""1sci16p"" data-start=""911"" data-end=""944"">Ribbed cuffs for a secure fit</li>
<li data-section-id=""95i0z6"" data-start=""945"" data-end=""984"">Skin-friendly &amp; breathable material</li>
<li data-section-id=""miiw00"" data-start=""985"" data-end=""1032"">Perfect for casual wear, outings &amp; lounging</li>
</ul>
</div>
</div>
</div>
</div>
</div>
</div>
</section>
</div>",BBG FASHION CLOTHING STORE,Apparel & Accessories > Clothing > Baby & Toddler Clothing,Kids Sweatshirt & Pant,"Kids Winter Collection, kidssweatshirtandpant",true,Size,1 - 2 Years,,Color,yellow-1,product.metafields.shopify.color-pattern,,,,'10742312,500.0,,0,deny,manual,1399.00,,true,true,,,,,'10742312,https://cdn.shopify.com/s/files/1/0618/2368/0740/files/10_1024x1024_016484e3-97ba-4ed5-bf4b-467ea465140d.png?v=1727947398,1,Unicorn Printed Sweatshirt Set - front view - unisex wear Pakistan,false,,"Shop Kids Winter Sweat Shirt Set with unicorn print. Soft fleece, warm & comfortable outfit for kids. Perfect winter wear for everyday use in Pakistan.",,,,,,,,,,,,,'2,,,,,,,,yellow-1; silver; orange; red; navy-1; white,,,,,,,,,,,,,,,,,,,,https://cdn.shopify.com/s/files/1/0618/2368/0740/files/10_1024x1024_016484e3-97ba-4ed5-bf4b-467ea465140d.png?v=1727947398,g,,,true,,,active
unicorn-printed-sweatshirt-set,,,,,,,,,1 - 2 Years,,,silver,,,,,'10742313,500.0,,0,deny,manual,1399.00,,true,true,,,,,'10742313,https://cdn.shopify.com/s/files/1/0618/2368/0740/files/7_600x_5b2ba140-dde7-4d5c-96a1-e83104f3035e.png?v=1727947413,2,Unicorn Printed Sweatshirt Set - back view - unisex wear Pakistan,,,,,,,,,,,,,,,,,,,,,,,,,,,,,,,,,,,,,,,,,,,,https://cdn.shopify.com/s/files/1/0618/2368/0740/files/7_600x_5b2ba140-dde7-4d5c-96a1-e83104f3035e.png?v=1727947413,g,,,,,,
unicorn-printed-sweatshirt-set,,,,,,,,,1 - 2 Years,,,orange,,,,,'10742314,500.0,,0,deny,manual,1399.00,,true,true,,,,,'10742314,https://cdn.shopify.com/s/files/1/0618/2368/0740/files/8_600x_ead82f03-5205-4b58-a8f6-9813e22d83cd.png?v=1727947428,3,Unicorn Printed Sweatshirt Set - side view - unisex wear Pakistan,,,,,,,,,,,,,,,,,,,,,,,,,,,,,,,,,,,,,,,,,,,,https://cdn.shopify.com/s/files/1/0618/2368/0740/files/8_600x_ead82f03-5205-4b58-a8f6-9813e22d83cd.png?v=1727947428,g,,,,,,
unicorn-printed-sweatshirt-set,,,,,,,,,1 - 2 Years,,,red,,,,,'10742315,500.0,,0,deny,manual,1399.00,,true,true,,,,,'10742315,https://cdn.shopify.com/s/files/1/0618/2368/0740/files/9_600x_9a83fadb-a36e-4c07-ad2d-b0b5f0967f8e.png?v=1727947443,4,Unicorn Printed Sweatshirt Set - detail shot - unisex wear Pakistan,,,,,,,,,,,,,,,,,,,,,,,,,,,,,,,,,,,,,,,,,,,,https://cdn.shopify.com/s/files/1/0618/2368/0740/files/9_600x_9a83fadb-a36e-4c07-ad2d-b0b5f0967f8e.png?v=1727947443,g,,,,,,
unicorn-printed-sweatshirt-set,,,,,,,,,1 - 2 Years,,,navy-1,,,,,'10742316,500.0,,0,deny,manual,1399.00,,true,true,,,,,'10742316,https://cdn.shopify.com/s/files/1/0618/2368/0740/files/6_600x_1af4fcc3-1d51-4bd0-932b-ad0ebc5952e2.png?v=1727947461,5,Unicorn Printed Sweatshirt Set - front view - unisex wear Pakistan,,,,,,,,,,,,,,,,,,,,,,,,,,,,,,,,,,,,,,,,,,,,https://cdn.shopify.com/s/files/1/0618/2368/0740/files/6_600x_1af4fcc3-1d51-4bd0-932b-ad0ebc5952e2.png?v=1727947461,g,,,,,,
unicorn-printed-sweatshirt-set,,,,,,,,,1 - 2 Years,,,white,,,,,'10742317,500.0,,0,deny,manual,1399.00,,true,true,,,,,'10742317,https://cdn.shopify.com/s/files/1/0618/2368/0740/files/11_103ab4cd-599a-490f-8c71-fe87a5de5561.png?v=1727947480,6,Unicorn Printed Sweatshirt Set - back view - unisex wear Pakistan,,,,,,,,,,,,,,,,,,,,,,,,,,,,,,,,,,,,,,,,,,,,https://cdn.shopify.com/s/files/1/0618/2368/0740/files/11_103ab4cd-599a-490f-8c71-fe87a5de5561.png?v=1727947480,g,,,,,,
unicorn-printed-sweatshirt-set,,,,,,,,,3 - 4 Years,,,yellow-1,,,,,'10714356,500.0,,-7,deny,manual,1399.00,,true,true,,,,,'10714356,https://cdn.shopify.com/s/files/1/0618/2368/0740/files/kidssizechart_02fa9cf1-6924-4d86-8c13-35c6ba7eeeb5.webp?v=1776676217,7,Unicorn Printed Sweatshirt Set size chart - measurements guide,,,,,,,,,,,,,,,,,,,,,,,,,,,,,,,,,,,,,,,,,,,,https://cdn.shopify.com/s/files/1/0618/2368/0740/files/10_1024x1024_016484e3-97ba-4ed5-bf4b-467ea465140d.png?v=1727947398,g,,,,,,
unicorn-printed-sweatshirt-set,,,,,,,,,3 - 4 Years,,,silver,,,,,'10714357,500.0,,-7,deny,manual,1399.00,,true,true,,,,,'10714357,,,,,,,,,,,,,,,,,,,,,,,,,,,,,,,,,,,,,,,,,,,,,,,https://cdn.shopify.com/s/files/1/0618/2368/0740/files/7_600x_5b2ba140-dde7-4d5c-96a1-e83104f3035e.png?v=1727947413,g,,,,,,
unicorn-printed-sweatshirt-set,,,,,,,,,3 - 4 Years,,,orange,,,,,'10714358,500.0,,-2,deny,manual,1399.00,,true,true,,,,,'10714358,,,,,,,,,,,,,,,,,,,,,,,,,,,,,,,,,,,,,,,,,,,,,,,https://cdn.shopify.com/s/files/1/0618/2368/0740/files/8_600x_ead82f03-5205-4b58-a8f6-9813e22d83cd.png?v=1727947428,g,,,,,,
unicorn-printed-sweatshirt-set,,,,,,,,,3 - 4 Years,,,red,,,,,'10714359,500.0,,-8,deny,manual,1399.00,,true,true,,,,,'10714359,,,,,,,,,,,,,,,,,,,,,,,,,,,,,,,,,,,,,,,,,,,,,,,https://cdn.shopify.com/s/files/1/0618/2368/0740/files/9_600x_9a83fadb-a36e-4c07-ad2d-b0b5f0967f8e.png?v=1727947443,g,,,,,,
unicorn-printed-sweatshirt-set,,,,,,,,,3 - 4 Years,,,navy-1,,,,,'10714360,500.0,,-4,deny,manual,1399.00,,true,true,,,,,'10714360,,,,,,,,,,,,,,,,,,,,,,,,,,,,,,,,,,,,,,,,,,,,,,,https://cdn.shopify.com/s/files/1/0618/2368/0740/files/6_600x_1af4fcc3-1d51-4bd0-932b-ad0ebc5952e2.png?v=1727947461,g,,,,,,
unicorn-printed-sweatshirt-set,,,,,,,,,3 - 4 Years,,,white,,,,,'10714361,500.0,,-4,deny,manual,1399.00,,true,true,,,,,'10714361,,,,,,,,,,,,,,,,,,,,,,,,,,,,,,,,,,,,,,,,,,,,,,,https://cdn.shopify.com/s/files/1/0618/2368/0740/files/11_103ab4cd-599a-490f-8c71-fe87a5de5561.png?v=1727947480,g,,,,,,
unicorn-printed-sweatshirt-set,,,,,,,,,5 - 6 Years,,,yellow-1,,,,,'10714362,500.0,,-8,deny,manual,1399.00,,true,true,,,,,'10714362,,,,,,,,,,,,,,,,,,,,,,,,,,,,,,,,,,,,,,,,,,,,,,,https://cdn.shopify.com/s/files/1/0618/2368/0740/files/10_1024x1024_016484e3-97ba-4ed5-bf4b-467ea465140d.png?v=1727947398,g,,,,,,
unicorn-printed-sweatshirt-set,,,,,,,,,5 - 6 Years,,,silver,,,,,'10714363,500.0,,-4,deny,manual,1399.00,,true,true,,,,,'10714363,,,,,,,,,,,,,,,,,,,,,,,,,,,,,,,,,,,,,,,,,,,,,,,https://cdn.shopify.com/s/files/1/0618/2368/0740/files/7_600x_5b2ba140-dde7-4d5c-96a1-e83104f3035e.png?v=1727947413,g,,,,,,
unicorn-printed-sweatshirt-set,,,,,,,,,5 - 6 Years,,,orange,,,,,'10714364,500.0,,-5,deny,manual,1399.00,,true,true,,,,,'10714364,,,,,,,,,,,,,,,,,,,,,,,,,,,,,,,,,,,,,,,,,,,,,,,https://cdn.shopify.com/s/files/1/0618/2368/0740/files/8_600x_ead82f03-5205-4b58-a8f6-9813e22d83cd.png?v=1727947428,g,,,,,,
unicorn-printed-sweatshirt-set,,,,,,,,,5 - 6 Years,,,red,,,,,'10714365,500.0,,-6,deny,manual,1399.00,,true,true,,,,,'10714365,,,,,,,,,,,,,,,,,,,,,,,,,,,,,,,,,,,,,,,,,,,,,,,https://cdn.shopify.com/s/files/1/0618/2368/0740/files/9_600x_9a83fadb-a36e-4c07-ad2d-b0b5f0967f8e.png?v=1727947443,g,,,,,,
unicorn-printed-sweatshirt-set,,,,,,,,,5 - 6 Years,,,navy-1,,,,,'10714366,500.0,,-3,deny,manual,1399.00,,true,true,,,,,'10714366,,,,,,,,,,,,,,,,,,,,,,,,,,,,,,,,,,,,,,,,,,,,,,,https://cdn.shopify.com/s/files/1/0618/2368/0740/files/6_600x_1af4fcc3-1d51-4bd0-932b-ad0ebc5952e2.png?v=1727947461,g,,,,,,
unicorn-printed-sweatshirt-set,,,,,,,,,5 - 6 Years,,,white,,,,,'10714367,500.0,,-2,deny,manual,1399.00,,true,true,,,,,'10714367,,,,,,,,,,,,,,,,,,,,,,,,,,,,,,,,,,,,,,,,,,,,,,,https://cdn.shopify.com/s/files/1/0618/2368/0740/files/11_103ab4cd-599a-490f-8c71-fe87a5de5561.png?v=1727947480,g,,,,,,
unicorn-printed-sweatshirt-set,,,,,,,,,7 - 8 Years,,,yellow-1,,,,,'10714368,500.0,,-8,deny,manual,1399.00,,true,true,,,,,'10714368,,,,,,,,,,,,,,,,,,,,,,,,,,,,,,,,,,,,,,,,,,,,,,,https://cdn.shopify.com/s/files/1/0618/2368/0740/files/10_1024x1024_016484e3-97ba-4ed5-bf4b-467ea465140d.png?v=1727947398,g,,,,,,
unicorn-printed-sweatshirt-set,,,,,,,,,7 - 8 Years,,,silver,,,,,'10714369,500.0,,-6,deny,manual,1399.00,,true,true,,,,,'10714369,,,,,,,,,,,,,,,,,,,,,,,,,,,,,,,,,,,,,,,,,,,,,,,https://cdn.shopify.com/s/files/1/0618/2368/0740/files/7_600x_5b2ba140-dde7-4d5c-96a1-e83104f3035e.png?v=1727947413,g,,,,,,
unicorn-printed-sweatshirt-set,,,,,,,,,7 - 8 Years,,,orange,,,,,'10714370,500.0,,-4,deny,manual,1399.00,,true,true,,,,,'10714370,,,,,,,,,,,,,,,,,,,,,,,,,,,,,,,,,,,,,,,,,,,,,,,https://cdn.shopify.com/s/files/1/0618/2368/0740/files/8_600x_ead82f03-5205-4b58-a8f6-9813e22d83cd.png?v=1727947428,g,,,,,,
unicorn-printed-sweatshirt-set,,,,,,,,,7 - 8 Years,,,red,,,,,'10714371,500.0,,-5,deny,manual,1399.00,,true,true,,,,,'10714371,,,,,,,,,,,,,,,,,,,,,,,,,,,,,,,,,,,,,,,,,,,,,,,https://cdn.shopify.com/s/files/1/0618/2368/0740/files/9_600x_9a83fadb-a36e-4c07-ad2d-b0b5f0967f8e.png?v=1727947443,g,,,,,,
unicorn-printed-sweatshirt-set,,,,,,,,,7 - 8 Years,,,navy-1,,,,,'10714372,500.0,,-1,deny,manual,1399.00,,true,true,,,,,'10714372,,,,,,,,,,,,,,,,,,,,,,,,,,,,,,,,,,,,,,,,,,,,,,,https://cdn.shopify.com/s/files/1/0618/2368/0740/files/6_600x_1af4fcc3-1d51-4bd0-932b-ad0ebc5952e2.png?v=1727947461,g,,,,,,
unicorn-printed-sweatshirt-set,,,,,,,,,7 - 8 Years,,,white,,,,,'10714373,500.0,,0,deny,manual,1399.00,,true,true,,,,,'10714373,,,,,,,,,,,,,,,,,,,,,,,,,,,,,,,,,,,,,,,,,,,,,,,https://cdn.shopify.com/s/files/1/0618/2368/0740/files/11_103ab4cd-599a-490f-8c71-fe87a5de5561.png?v=1727947480,g,,,,,,
unicorn-printed-sweatshirt-set,,,,,,,,,9 - 10 Years,,,yellow-1,,,,,'10714374,500.0,,-6,deny,manual,1399.00,,true,true,,,,,'10714374,,,,,,,,,,,,,,,,,,,,,,,,,,,,,,,,,,,,,,,,,,,,,,,https://cdn.shopify.com/s/files/1/0618/2368/0740/files/10_1024x1024_016484e3-97ba-4ed5-bf4b-467ea465140d.png?v=1727947398,g,,,,,,
unicorn-printed-sweatshirt-set,,,,,,,,,9 - 10 Years,,,silver,,,,,'10714375,500.0,,-6,deny,manual,1399.00,,true,true,,,,,'10714375,,,,,,,,,,,,,,,,,,,,,,,,,,,,,,,,,,,,,,,,,,,,,,,https://cdn.shopify.com/s/files/1/0618/2368/0740/files/7_600x_5b2ba140-dde7-4d5c-96a1-e83104f3035e.png?v=1727947413,g,,,,,,
unicorn-printed-sweatshirt-set,,,,,,,,,9 - 10 Years,,,orange,,,,,'10714376,500.0,,-3,deny,manual,1399.00,,true,true,,,,,'10714376,,,,,,,,,,,,,,,,,,,,,,,,,,,,,,,,,,,,,,,,,,,,,,,https://cdn.shopify.com/s/files/1/0618/2368/0740/files/8_600x_ead82f03-5205-4b58-a8f6-9813e22d83cd.png?v=1727947428,g,,,,,,
unicorn-printed-sweatshirt-set,,,,,,,,,9 - 10 Years,,,red,,,,,'10714377,500.0,,-3,deny,manual,1399.00,,true,true,,,,,'10714377,,,,,,,,,,,,,,,,,,,,,,,,,,,,,,,,,,,,,,,,,,,,,,,https://cdn.shopify.com/s/files/1/0618/2368/0740/files/9_600x_9a83fadb-a36e-4c07-ad2d-b0b5f0967f8e.png?v=1727947443,g,,,,,,
unicorn-printed-sweatshirt-set,,,,,,,,,9 - 10 Years,,,navy-1,,,,,'10714378,500.0,,0,deny,manual,1399.00,,true,true,,,,,'10714378,,,,,,,,,,,,,,,,,,,,,,,,,,,,,,,,,,,,,,,,,,,,,,,https://cdn.shopify.com/s/files/1/0618/2368/0740/files/6_600x_1af4fcc3-1d51-4bd0-932b-ad0ebc5952e2.png?v=1727947461,g,,,,,,
unicorn-printed-sweatshirt-set,,,,,,,,,9 - 10 Years,,,white,,,,,'10714379,500.0,,-2,deny,manual,1399.00,,true,true,,,,,'10714379,,,,,,,,,,,,,,,,,,,,,,,,,,,,,,,,,,,,,,,,,,,,,,,https://cdn.shopify.com/s/files/1/0618/2368/0740/files/11_103ab4cd-599a-490f-8c71-fe87a5de5561.png?v=1727947480,g,,,,,,
unicorn-printed-sweatshirt-set,,,,,,,,,11 - 12 Years,,,yellow-1,,,,,'10714380,500.0,,-1,deny,manual,1399.00,,true,true,,,,,'10714380,,,,,,,,,,,,,,,,,,,,,,,,,,,,,,,,,,,,,,,,,,,,,,,https://cdn.shopify.com/s/files/1/0618/2368/0740/files/10_1024x1024_016484e3-97ba-4ed5-bf4b-467ea465140d.png?v=1727947398,g,,,,,,
unicorn-printed-sweatshirt-set,,,,,,,,,11 - 12 Years,,,silver,,,,,'10714381,500.0,,0,deny,manual,1399.00,,true,true,,,,,'10714381,,,,,,,,,,,,,,,,,,,,,,,,,,,,,,,,,,,,,,,,,,,,,,,https://cdn.shopify.com/s/files/1/0618/2368/0740/files/7_600x_5b2ba140-dde7-4d5c-96a1-e83104f3035e.png?v=1727947413,g,,,,,,
unicorn-printed-sweatshirt-set,,,,,,,,,11 - 12 Years,,,orange,,,,,'10714382,500.0,,0,deny,manual,1399.00,,true,true,,,,,'10714382,,,,,,,,,,,,,,,,,,,,,,,,,,,,,,,,,,,,,,,,,,,,,,,https://cdn.shopify.com/s/files/1/0618/2368/0740/files/8_600x_ead82f03-5205-4b58-a8f6-9813e22d83cd.png?v=1727947428,g,,,,,,
unicorn-printed-sweatshirt-set,,,,,,,,,11 - 12 Years,,,red,,,,,'10714383,500.0,,-2,deny,manual,1399.00,,true,true,,,,,'10714383,,,,,,,,,,,,,,,,,,,,,,,,,,,,,,,,,,,,,,,,,,,,,,,https://cdn.shopify.com/s/files/1/0618/2368/0740/files/9_600x_9a83fadb-a36e-4c07-ad2d-b0b5f0967f8e.png?v=1727947443,g,,,,,,
unicorn-printed-sweatshirt-set,,,,,,,,,11 - 12 Years,,,navy-1,,,,,'10714384,500.0,,-1,deny,manual,1399.00,,true,true,,,,,'10714384,,,,,,,,,,,,,,,,,,,,,,,,,,,,,,,,,,,,,,,,,,,,,,,https://cdn.shopify.com/s/files/1/0618/2368/0740/files/6_600x_1af4fcc3-1d51-4bd0-932b-ad0ebc5952e2.png?v=1727947461,g,,,,,,
unicorn-printed-sweatshirt-set,,,,,,,,,11 - 12 Years,,,white,,,,,'10706902,500.0,,-1,deny,manual,1399.00,,true,true,,,,,'10706902,,,,,,,,,,,,,,,,,,,,,,,,,,,,,,,,,,,,,,,,,,,,,,,https://cdn.shopify.com/s/files/1/0618/2368/0740/files/11_103ab4cd-599a-490f-8c71-fe87a5de5561.png?v=1727947480,g,,,,,,
unicorn-printed-kids-hoodie-set,Kids Winter Hoodie Set | Unicorn Printed,"<h4><strong><span data-sheets-root=""1"">Kids Winter Hoodie Set | Unicorn Printed<br><br></span></strong></h4>
<p data-start=""221"" data-end=""438"">Featuring a beautiful unicorn design, this outfit brings a dreamy and playful vibe that kids absolutely love.</p>
<p data-start=""440"" data-end=""725"">Made from soft, premium fleece fabric, the hoodie keeps your little one warm and cozy during chilly days, while the matching jogger pants provide a relaxed and comfortable fit for all-day wear. Whether it’s school, playtime, or outings, this set combines comfort with enchanting style.</p>
<p data-start=""727"" data-end=""839"">The unicorn print adds a colorful and magical touch, making it a perfect choice for your little one this winter.</p>
<p data-start=""841"" data-end=""856"">✨ <strong data-start=""843"" data-end=""856"">Features:</strong></p>
<ul data-start=""857"" data-end=""1076"">
<li data-section-id=""m2jogh"" data-start=""857"" data-end=""900"">Soft fleece fabric for warmth &amp; comfort</li>
<li data-section-id=""1d4qjni"" data-start=""901"" data-end=""938"">Magical unicorn printed design 🦄</li>
<li data-section-id=""gklsta"" data-start=""939"" data-end=""977"">Cozy hoodie with soft inner lining</li>
<li data-section-id=""1qd8zxj"" data-start=""978"" data-end=""1026"">Matching jogger pants with elastic waistband</li>
<li data-section-id=""9bnese"" data-start=""1027"" data-end=""1076"">Ideal for daily wear, school &amp; winter outings</li>
</ul>
<p data-start=""1078"" data-end=""1144"">Let your kids stay <strong data-start=""1097"" data-end=""1131"">warm, comfy, and full of magic</strong> this winter!</p>
<h4><strong><span data-sheets-root=""1""><br></span></strong></h4>",BBG FASHION,Apparel & Accessories > Clothing > Baby & Toddler Clothing,Kids Hoodie Set,Kids Winter Collection,true,Size,1 - 2 Years,,Color,pink,product.metafields.shopify.color-pattern,,,,'10742922,500.0,shopify,1233,continue,manual,1399.00,0.00,true,false,,,,,'10742922,https://cdn.shopify.com/s/files/1/0618/2368/0740/files/45_37588cc0-57b6-4e69-bd16-4b77b0cc78b5.png?v=1727260420,1,Unicorn Printed Kids Hoodie Set - front view - kids wear Pakistan,false,,"Shop Kids Winter Hoodie Set Unicorn Printed in soft fleece. Warm, cozy & magical winter outfit for kids. Perfect everyday wear in Pakistan. Order now!",182,,,,,,,,,,,,,,,,,,,,pink; red; silver; blue; yellow-1; navy-1; dark-grey,,,fleece,,,,,,,,,,,,,,,,,https://cdn.shopify.com/s/files/1/0618/2368/0740/files/45_37588cc0-57b6-4e69-bd16-4b77b0cc78b5.png?v=1727260420,kg,,,true,,,active
unicorn-printed-kids-hoodie-set,,,,,,,,,1 - 2 Years,,,red,,,,,'10742923,500.0,shopify,1233,continue,manual,1399.00,0.00,true,false,,,,,'10742923,https://cdn.shopify.com/s/files/1/0618/2368/0740/files/44_520cd0f0-6621-4e8c-8c64-ec6d10e3af14.png?v=1727260476,2,Unicorn Printed Kids Hoodie Set - side view - kids wear Pakistan,,,,,,,,,,,,,,,,,,,,,,,,,,,,,,,,,,,,,,,,,,,,https://cdn.shopify.com/s/files/1/0618/2368/0740/files/44_520cd0f0-6621-4e8c-8c64-ec6d10e3af14.png?v=1727260476,kg,,,,,,
unicorn-printed-kids-hoodie-set,,,,,,,,,1 - 2 Years,,,silver,,,,,'10742924,500.0,shopify,1233,continue,manual,1399.00,0.00,true,false,,,,,'10742924,https://cdn.shopify.com/s/files/1/0618/2368/0740/files/46_39affaf1-16e5-4ccd-ba28-eeb77b3398cb.png?v=1727260493,3,Unicorn Printed Kids Hoodie Set - detail shot - kids wear Pakistan,,,,,,,,,,,,,,,,,,,,,,,,,,,,,,,,,,,,,,,,,,,,https://cdn.shopify.com/s/files/1/0618/2368/0740/files/46_39affaf1-16e5-4ccd-ba28-eeb77b3398cb.png?v=1727260493,kg,,,,,,
unicorn-printed-kids-hoodie-set,,,,,,,,,1 - 2 Years,,,blue,,,,,'10742925,500.0,shopify,1233,continue,manual,1399.00,0.00,true,false,,,,,'10742925,https://cdn.shopify.com/s/files/1/0618/2368/0740/files/49_e76a5795-4c41-41c4-8125-832f820fc52e.png?v=1727260569,4,Unicorn Printed Kids Hoodie Set - front view - kids wear Pakistan,,,,,,,,,,,,,,,,,,,,,,,,,,,,,,,,,,,,,,,,,,,,https://cdn.shopify.com/s/files/1/0618/2368/0740/files/49_e76a5795-4c41-41c4-8125-832f820fc52e.png?v=1727260569,kg,,,,,,
unicorn-printed-kids-hoodie-set,,,,,,,,,1 - 2 Years,,,yellow-1,,,,,'10742926,500.0,shopify,1233,continue,manual,1399.00,0.00,true,false,,,,,'10742926,https://cdn.shopify.com/s/files/1/0618/2368/0740/files/43_c3009a8c-4710-4c41-a63a-d100926a8474.png?v=1727260591,5,Unicorn Printed Kids Hoodie Set - back view - kids wear Pakistan,,,,,,,,,,,,,,,,,,,,,,,,,,,,,,,,,,,,,,,,,,,,https://cdn.shopify.com/s/files/1/0618/2368/0740/files/43_c3009a8c-4710-4c41-a63a-d100926a8474.png?v=1727260591,kg,,,,,,
unicorn-printed-kids-hoodie-set,,,,,,,,,1 - 2 Years,,,navy-1,,,,,'10742927,500.0,shopify,1233,continue,manual,1399.00,0.00,true,false,,,,,'10742927,https://cdn.shopify.com/s/files/1/0618/2368/0740/files/48_afbd94de-1d6a-42e1-90dd-6b35414d28ee.png?v=1727260606,6,Unicorn Printed Kids Hoodie Set - side view - kids wear Pakistan,,,,,,,,,,,,,,,,,,,,,,,,,,,,,,,,,,,,,,,,,,,,https://cdn.shopify.com/s/files/1/0618/2368/0740/files/48_afbd94de-1d6a-42e1-90dd-6b35414d28ee.png?v=1727260606,kg,,,,,,
unicorn-printed-kids-hoodie-set,,,,,,,,,1 - 2 Years,,,dark-grey,,,,,'10742928,500.0,shopify,1233,continue,manual,1399.00,0.00,true,false,,,,,'10742928,https://cdn.shopify.com/s/files/1/0618/2368/0740/files/47_7abe771a-0f9f-4eba-aaa4-4319ec5a1d9d.png?v=1727260621,7,Unicorn Printed Kids Hoodie Set - detail shot - kids wear Pakistan,,,,,,,,,,,,,,,,,,,,,,,,,,,,,,,,,,,,,,,,,,,,https://cdn.shopify.com/s/files/1/0618/2368/0740/files/47_7abe771a-0f9f-4eba-aaa4-4319ec5a1d9d.png?v=1727260621,kg,,,,,,
unicorn-printed-kids-hoodie-set,,,,,,,,,3 - 4 Years,,,pink,,,,,'10714322,500.0,shopify,1233,continue,manual,1399.00,0.00,true,false,,,,,'10714322,https://cdn.shopify.com/s/files/1/0618/2368/0740/files/kidssizechart_e28feb53-900a-4966-81fe-20382accf994.jpg?v=1776761612,8,We Can Be Heroes Printed Kids Hoodie Set Copy size chart - measurements guide,,,,,,,,,,,,,,,,,,,,,,,,,,,,,,,,,,,,,,,,,,,,https://cdn.shopify.com/s/files/1/0618/2368/0740/files/45_37588cc0-57b6-4e69-bd16-4b77b0cc78b5.png?v=1727260420,kg,,,,,,
unicorn-printed-kids-hoodie-set,,,,,,,,,3 - 4 Years,,,red,,,,,'10714323,500.0,shopify,1233,continue,manual,1399.00,0.00,true,false,,,,,'10714323,,,,,,,,,,,,,,,,,,,,,,,,,,,,,,,,,,,,,,,,,,,,,,,https://cdn.shopify.com/s/files/1/0618/2368/0740/files/44_520cd0f0-6621-4e8c-8c64-ec6d10e3af14.png?v=1727260476,kg,,,,,,
unicorn-printed-kids-hoodie-set,,,,,,,,,3 - 4 Years,,,silver,,,,,'10714324,500.0,shopify,1233,continue,manual,1399.00,0.00,true,false,,,,,'10714324,,,,,,,,,,,,,,,,,,,,,,,,,,,,,,,,,,,,,,,,,,,,,,,https://cdn.shopify.com/s/files/1/0618/2368/0740/files/46_39affaf1-16e5-4ccd-ba28-eeb77b3398cb.png?v=1727260493,kg,,,,,,
unicorn-printed-kids-hoodie-set,,,,,,,,,3 - 4 Years,,,blue,,,,,'10714325,500.0,shopify,1233,continue,manual,1399.00,0.00,true,false,,,,,'10714325,,,,,,,,,,,,,,,,,,,,,,,,,,,,,,,,,,,,,,,,,,,,,,,https://cdn.shopify.com/s/files/1/0618/2368/0740/files/49_e76a5795-4c41-41c4-8125-832f820fc52e.png?v=1727260569,kg,,,,,,
unicorn-printed-kids-hoodie-set,,,,,,,,,3 - 4 Years,,,yellow-1,,,,,'10714326,500.0,shopify,1233,continue,manual,1399.00,0.00,true,false,,,,,'10714326,,,,,,,,,,,,,,,,,,,,,,,,,,,,,,,,,,,,,,,,,,,,,,,https://cdn.shopify.com/s/files/1/0618/2368/0740/files/43_c3009a8c-4710-4c41-a63a-d100926a8474.png?v=1727260591,kg,,,,,,
unicorn-printed-kids-hoodie-set,,,,,,,,,3 - 4 Years,,,navy-1,,,,,'10714327,500.0,shopify,1233,continue,manual,1399.00,0.00,true,false,,,,,'10714327,,,,,,,,,,,,,,,,,,,,,,,,,,,,,,,,,,,,,,,,,,,,,,,https://cdn.shopify.com/s/files/1/0618/2368/0740/files/48_afbd94de-1d6a-42e1-90dd-6b35414d28ee.png?v=1727260606,kg,,,,,,
unicorn-printed-kids-hoodie-set,,,,,,,,,3 - 4 Years,,,dark-grey,,,,,'10714328,500.0,shopify,1233,continue,manual,1399.00,0.00,true,false,,,,,'10714328,,,,,,,,,,,,,,,,,,,,,,,,,,,,,,,,,,,,,,,,,,,,,,,https://cdn.shopify.com/s/files/1/0618/2368/0740/files/47_7abe771a-0f9f-4eba-aaa4-4319ec5a1d9d.png?v=1727260621,kg,,,,,,
unicorn-printed-kids-hoodie-set,,,,,,,,,5 - 6 Years,,,pink,,,,,'10714329,500.0,shopify,1233,continue,manual,1399.00,0.00,true,false,,,,,'10714329,,,,,,,,,,,,,,,,,,,,,,,,,,,,,,,,,,,,,,,,,,,,,,,https://cdn.shopify.com/s/files/1/0618/2368/0740/files/45_37588cc0-57b6-4e69-bd16-4b77b0cc78b5.png?v=1727260420,kg,,,,,,
unicorn-printed-kids-hoodie-set,,,,,,,,,5 - 6 Years,,,red,,,,,'10714330,500.0,shopify,1233,continue,manual,1399.00,0.00,true,false,,,,,'10714330,,,,,,,,,,,,,,,,,,,,,,,,,,,,,,,,,,,,,,,,,,,,,,,https://cdn.shopify.com/s/files/1/0618/2368/0740/files/44_520cd0f0-6621-4e8c-8c64-ec6d10e3af14.png?v=1727260476,kg,,,,,,
unicorn-printed-kids-hoodie-set,,,,,,,,,5 - 6 Years,,,silver,,,,,'10714331,500.0,shopify,1233,continue,manual,1399.00,0.00,true,false,,,,,'10714331,,,,,,,,,,,,,,,,,,,,,,,,,,,,,,,,,,,,,,,,,,,,,,,https://cdn.shopify.com/s/files/1/0618/2368/0740/files/46_39affaf1-16e5-4ccd-ba28-eeb77b3398cb.png?v=1727260493,kg,,,,,,
unicorn-printed-kids-hoodie-set,,,,,,,,,5 - 6 Years,,,blue,,,,,'10714332,500.0,shopify,1233,continue,manual,1399.00,0.00,true,false,,,,,'10714332,,,,,,,,,,,,,,,,,,,,,,,,,,,,,,,,,,,,,,,,,,,,,,,https://cdn.shopify.com/s/files/1/0618/2368/0740/files/49_e76a5795-4c41-41c4-8125-832f820fc52e.png?v=1727260569,kg,,,,,,
unicorn-printed-kids-hoodie-set,,,,,,,,,5 - 6 Years,,,yellow-1,,,,,'10714333,500.0,shopify,1233,continue,manual,1399.00,0.00,true,false,,,,,'10714333,,,,,,,,,,,,,,,,,,,,,,,,,,,,,,,,,,,,,,,,,,,,,,,https://cdn.shopify.com/s/files/1/0618/2368/0740/files/43_c3009a8c-4710-4c41-a63a-d100926a8474.png?v=1727260591,kg,,,,,,
unicorn-printed-kids-hoodie-set,,,,,,,,,5 - 6 Years,,,navy-1,,,,,'10714334,500.0,shopify,1233,continue,manual,1399.00,0.00,true,false,,,,,'10714334,,,,,,,,,,,,,,,,,,,,,,,,,,,,,,,,,,,,,,,,,,,,,,,https://cdn.shopify.com/s/files/1/0618/2368/0740/files/48_afbd94de-1d6a-42e1-90dd-6b35414d28ee.png?v=1727260606,kg,,,,,,
unicorn-printed-kids-hoodie-set,,,,,,,,,5 - 6 Years,,,dark-grey,,,,,'10714335,500.0,shopify,1233,continue,manual,1399.00,0.00,true,false,,,,,'10714335,,,,,,,,,,,,,,,,,,,,,,,,,,,,,,,,,,,,,,,,,,,,,,,https://cdn.shopify.com/s/files/1/0618/2368/0740/files/47_7abe771a-0f9f-4eba-aaa4-4319ec5a1d9d.png?v=1727260621,kg,,,,,,
unicorn-printed-kids-hoodie-set,,,,,,,,,7 - 8 Years,,,pink,,,,,'10714336,500.0,shopify,1233,continue,manual,1399.00,0.00,true,false,,,,,'10714336,,,,,,,,,,,,,,,,,,,,,,,,,,,,,,,,,,,,,,,,,,,,,,,https://cdn.shopify.com/s/files/1/0618/2368/0740/files/45_37588cc0-57b6-4e69-bd16-4b77b0cc78b5.png?v=1727260420,kg,,,,,,
unicorn-printed-kids-hoodie-set,,,,,,,,,7 - 8 Years,,,red,,,,,'10714337,500.0,shopify,1233,continue,manual,1399.00,0.00,true,false,,,,,'10714337,,,,,,,,,,,,,,,,,,,,,,,,,,,,,,,,,,,,,,,,,,,,,,,https://cdn.shopify.com/s/files/1/0618/2368/0740/files/44_520cd0f0-6621-4e8c-8c64-ec6d10e3af14.png?v=1727260476,kg,,,,,,
unicorn-printed-kids-hoodie-set,,,,,,,,,7 - 8 Years,,,silver,,,,,'10714338,500.0,shopify,1233,continue,manual,1399.00,0.00,true,false,,,,,'10714338,,,,,,,,,,,,,,,,,,,,,,,,,,,,,,,,,,,,,,,,,,,,,,,https://cdn.shopify.com/s/files/1/0618/2368/0740/files/46_39affaf1-16e5-4ccd-ba28-eeb77b3398cb.png?v=1727260493,kg,,,,,,
unicorn-printed-kids-hoodie-set,,,,,,,,,7 - 8 Years,,,blue,,,,,'10714339,500.0,shopify,1233,continue,manual,1399.00,0.00,true,false,,,,,'10714339,,,,,,,,,,,,,,,,,,,,,,,,,,,,,,,,,,,,,,,,,,,,,,,https://cdn.shopify.com/s/files/1/0618/2368/0740/files/49_e76a5795-4c41-41c4-8125-832f820fc52e.png?v=1727260569,kg,,,,,,
unicorn-printed-kids-hoodie-set,,,,,,,,,7 - 8 Years,,,yellow-1,,,,,'10714340,500.0,shopify,1233,continue,manual,1399.00,0.00,true,false,,,,,'10714340,,,,,,,,,,,,,,,,,,,,,,,,,,,,,,,,,,,,,,,,,,,,,,,https://cdn.shopify.com/s/files/1/0618/2368/0740/files/43_c3009a8c-4710-4c41-a63a-d100926a8474.png?v=1727260591,kg,,,,,,
unicorn-printed-kids-hoodie-set,,,,,,,,,7 - 8 Years,,,navy-1,,,,,'10714341,500.0,shopify,1233,continue,manual,1399.00,0.00,true,false,,,,,'10714341,,,,,,,,,,,,,,,,,,,,,,,,,,,,,,,,,,,,,,,,,,,,,,,https://cdn.shopify.com/s/files/1/0618/2368/0740/files/48_afbd94de-1d6a-42e1-90dd-6b35414d28ee.png?v=1727260606,kg,,,,,,
unicorn-printed-kids-hoodie-set,,,,,,,,,7 - 8 Years,,,dark-grey,,,,,'10714342,500.0,shopify,1233,continue,manual,1399.00,0.00,true,false,,,,,'10714342,,,,,,,,,,,,,,,,,,,,,,,,,,,,,,,,,,,,,,,,,,,,,,,https://cdn.shopify.com/s/files/1/0618/2368/0740/files/47_7abe771a-0f9f-4eba-aaa4-4319ec5a1d9d.png?v=1727260621,kg,,,,,,
unicorn-printed-kids-hoodie-set,,,,,,,,,9 - 10 Years,,,pink,,,,,'10714343,500.0,shopify,1233,continue,manual,1399.00,0.00,true,false,,,,,'10714343,,,,,,,,,,,,,,,,,,,,,,,,,,,,,,,,,,,,,,,,,,,,,,,https://cdn.shopify.com/s/files/1/0618/2368/0740/files/45_37588cc0-57b6-4e69-bd16-4b77b0cc78b5.png?v=1727260420,kg,,,,,,
unicorn-printed-kids-hoodie-set,,,,,,,,,9 - 10 Years,,,red,,,,,'10714344,500.0,shopify,1233,continue,manual,1399.00,0.00,true,false,,,,,'10714344,,,,,,,,,,,,,,,,,,,,,,,,,,,,,,,,,,,,,,,,,,,,,,,https://cdn.shopify.com/s/files/1/0618/2368/0740/files/44_520cd0f0-6621-4e8c-8c64-ec6d10e3af14.png?v=1727260476,kg,,,,,,
unicorn-printed-kids-hoodie-set,,,,,,,,,9 - 10 Years,,,silver,,,,,'10714345,500.0,shopify,1233,continue,manual,1399.00,0.00,true,false,,,,,'10714345,,,,,,,,,,,,,,,,,,,,,,,,,,,,,,,,,,,,,,,,,,,,,,,https://cdn.shopify.com/s/files/1/0618/2368/0740/files/46_39affaf1-16e5-4ccd-ba28-eeb77b3398cb.png?v=1727260493,kg,,,,,,
unicorn-printed-kids-hoodie-set,,,,,,,,,9 - 10 Years,,,blue,,,,,'10714346,500.0,shopify,1233,continue,manual,1399.00,0.00,true,false,,,,,'10714346,,,,,,,,,,,,,,,,,,,,,,,,,,,,,,,,,,,,,,,,,,,,,,,https://cdn.shopify.com/s/files/1/0618/2368/0740/files/49_e76a5795-4c41-41c4-8125-832f820fc52e.png?v=1727260569,kg,,,,,,
unicorn-printed-kids-hoodie-set,,,,,,,,,9 - 10 Years,,,yellow-1,,,,,'10714347,500.0,shopify,1233,continue,manual,1399.00,0.00,true,false,,,,,'10714347,,,,,,,,,,,,,,,,,,,,,,,,,,,,,,,,,,,,,,,,,,,,,,,https://cdn.shopify.com/s/files/1/0618/2368/0740/files/43_c3009a8c-4710-4c41-a63a-d100926a8474.png?v=1727260591,kg,,,,,,
unicorn-printed-kids-hoodie-set,,,,,,,,,9 - 10 Years,,,navy-1,,,,,'10714348,500.0,shopify,1233,continue,manual,1399.00,0.00,true,false,,,,,'10714348,,,,,,,,,,,,,,,,,,,,,,,,,,,,,,,,,,,,,,,,,,,,,,,https://cdn.shopify.com/s/files/1/0618/2368/0740/files/48_afbd94de-1d6a-42e1-90dd-6b35414d28ee.png?v=1727260606,kg,,,,,,
unicorn-printed-kids-hoodie-set,,,,,,,,,9 - 10 Years,,,dark-grey,,,,,'10714349,500.0,shopify,1233,continue,manual,1399.00,0.00,true,false,,,,,'10714349,,,,,,,,,,,,,,,,,,,,,,,,,,,,,,,,,,,,,,,,,,,,,,,https://cdn.shopify.com/s/files/1/0618/2368/0740/files/47_7abe771a-0f9f-4eba-aaa4-4319ec5a1d9d.png?v=1727260621,kg,,,,,,
unicorn-printed-kids-hoodie-set,,,,,,,,,11 - 12 Years,,,pink,,,,,'10714350,500.0,shopify,1233,continue,manual,1399.00,0.00,true,false,,,,,'10714350,,,,,,,,,,,,,,,,,,,,,,,,,,,,,,,,,,,,,,,,,,,,,,,https://cdn.shopify.com/s/files/1/0618/2368/0740/files/45_37588cc0-57b6-4e69-bd16-4b77b0cc78b5.png?v=1727260420,kg,,,,,,
unicorn-printed-kids-hoodie-set,,,,,,,,,11 - 12 Years,,,red,,,,,'10714351,500.0,shopify,1233,continue,manual,1399.00,0.00,true,false,,,,,'10714351,,,,,,,,,,,,,,,,,,,,,,,,,,,,,,,,,,,,,,,,,,,,,,,https://cdn.shopify.com/s/files/1/0618/2368/0740/files/44_520cd0f0-6621-4e8c-8c64-ec6d10e3af14.png?v=1727260476,kg,,,,,,
unicorn-printed-kids-hoodie-set,,,,,,,,,11 - 12 Years,,,silver,,,,,'10714352,500.0,shopify,1233,continue,manual,1399.00,0.00,true,false,,,,,'10714352,,,,,,,,,,,,,,,,,,,,,,,,,,,,,,,,,,,,,,,,,,,,,,,https://cdn.shopify.com/s/files/1/0618/2368/0740/files/46_39affaf1-16e5-4ccd-ba28-eeb77b3398cb.png?v=1727260493,kg,,,,,,
unicorn-printed-kids-hoodie-set,,,,,,,,,11 - 12 Years,,,blue,,,,,'10714353,500.0,shopify,1233,continue,manual,1399.00,0.00,true,false,,,,,'10714353,,,,,,,,,,,,,,,,,,,,,,,,,,,,,,,,,,,,,,,,,,,,,,,https://cdn.shopify.com/s/files/1/0618/2368/0740/files/49_e76a5795-4c41-41c4-8125-832f820fc52e.png?v=1727260569,kg,,,,,,
unicorn-printed-kids-hoodie-set,,,,,,,,,11 - 12 Years,,,yellow-1,,,,,'10714354,500.0,shopify,1233,continue,manual,1399.00,0.00,true,false,,,,,'10714354,,,,,,,,,,,,,,,,,,,,,,,,,,,,,,,,,,,,,,,,,,,,,,,https://cdn.shopify.com/s/files/1/0618/2368/0740/files/43_c3009a8c-4710-4c41-a63a-d100926a8474.png?v=1727260591,kg,,,,,,
unicorn-printed-kids-hoodie-set,,,,,,,,,11 - 12 Years,,,navy-1,,,,,'10714355,500.0,shopify,1233,continue,manual,1399.00,0.00,true,false,,,,,'10714355,,,,,,,,,,,,,,,,,,,,,,,,,,,,,,,,,,,,,,,,,,,,,,,https://cdn.shopify.com/s/files/1/0618/2368/0740/files/48_afbd94de-1d6a-42e1-90dd-6b35414d28ee.png?v=1727260606,kg,,,,,,
unicorn-printed-kids-hoodie-set,,,,,,,,,11 - 12 Years,,,dark-grey,,,,,'10706901,500.0,shopify,1233,continue,manual,1399.00,0.00,true,false,,,,,'10706901,,,,,,,,,,,,,,,,,,,,,,,,,,,,,,,,,,,,,,,,,,,,,,,https://cdn.shopify.com/s/files/1/0618/2368/0740/files/47_7abe771a-0f9f-4eba-aaa4-4319ec5a1d9d.png?v=1727260621,kg,,,,,,
cool-cat-printed-kids-hoodie-set,Kids Winter Hoodie Set | Cool Cat Printed,"<h4><span data-sheets-root=""1"">Kids Winter Hoodie Set | Cool Cat Printed<br><br></span></h4>
<p data-start=""184"" data-end=""395"">Featuring a trendy and playful cool cat design, this outfit is perfect for kids who love to stand out.</p>
<p data-start=""397"" data-end=""693"">Made from soft, premium fleece fabric, the hoodie provides cozy warmth during chilly days, while the matching jogger pants ensure a comfortable and flexible fit for all-day wear. Whether it’s school, playtime, or a casual outing, this set keeps your child looking stylish and feeling super comfy.</p>
<p data-start=""695"" data-end=""793"">The cool cat print adds a fun, confident vibe—making it a must-have for kids with big personality.</p>
<p data-start=""795"" data-end=""810"">✨ <strong data-start=""797"" data-end=""810"">Features:</strong></p>
<ul data-start=""811"" data-end=""1028"">
<li data-section-id=""m2jogh"" data-start=""811"" data-end=""854"">Soft fleece fabric for warmth &amp; comfort</li>
<li data-section-id=""9irflb"" data-start=""855"" data-end=""885"">Trendy cool cat print 🐱😎</li>
<li data-section-id=""gklsta"" data-start=""886"" data-end=""924"">Cozy hoodie with soft inner lining</li>
<li data-section-id=""1qd8zxj"" data-start=""925"" data-end=""973"">Matching jogger pants with elastic waistband</li>
<li data-section-id=""1udwwy8"" data-start=""974"" data-end=""1028"">Perfect for school, outings &amp; everyday winter wear</li>
</ul>
<p data-start=""1030"" data-end=""1104"">Let your kids stay <strong data-start=""1049"" data-end=""1087"">warm, comfy, and effortlessly cool</strong> all winter long!</p>
<h4>
<span data-sheets-root=""1""></span><br>
</h4>",BBG FASHION,Apparel & Accessories > Clothing > Baby & Toddler Clothing,Kids Hoodie Set,Kids Winter Collection,true,Size,1 - 2 Years,,Color,navy-1,product.metafields.shopify.color-pattern,,,,'10742788,500.0,shopify,200,continue,manual,1399.00,0.00,true,false,,,,,'10742788,https://cdn.shopify.com/s/files/1/0618/2368/0740/files/38.png?v=1776763459,1,Cool Cat Printed Kids Hoodie Set - detail shot - kids wear Pakistan,false,,"Shop Kids Winter Hoodie Set Cool Cat Printed in soft fleece. Warm, stylish & fun winter outfit for kids. Perfect everyday wear in Pakistan. Order now!",182,,,,,,,,,,,,,,,,,,,,navy-1; red; pink; silver; blue; yellow-1; dark-grey,,,fleece,,,,,,,,,,,,,,,,,https://cdn.shopify.com/s/files/1/0618/2368/0740/files/41_85d13823-78b3-4df0-a239-895d2055240c.png?v=1776763459,kg,,,true,,,active
cool-cat-printed-kids-hoodie-set,,,,,,,,,1 - 2 Years,,,red,,,,,'10742789,500.0,shopify,200,continue,manual,1399.00,0.00,true,false,,,,,'10742789,https://cdn.shopify.com/s/files/1/0618/2368/0740/files/41_85d13823-78b3-4df0-a239-895d2055240c.png?v=1776763459,2,Cool Cat Printed Kids Hoodie Set - front view - kids wear Pakistan,,,,,,,,,,,,,,,,,,,,,,,,,,,,,,,,,,,,,,,,,,,,https://cdn.shopify.com/s/files/1/0618/2368/0740/files/37.png?v=1776763459,kg,,,,,,
cool-cat-printed-kids-hoodie-set,,,,,,,,,1 - 2 Years,,,pink,,,,,'10742790,500.0,shopify,200,continue,manual,1399.00,0.00,true,false,,,,,'10742790,https://cdn.shopify.com/s/files/1/0618/2368/0740/files/37.png?v=1776763459,3,Cool Cat Printed Kids Hoodie Set - side view - kids wear Pakistan,,,,,,,,,,,,,,,,,,,,,,,,,,,,,,,,,,,,,,,,,,,,https://cdn.shopify.com/s/files/1/0618/2368/0740/files/38.png?v=1776763459,kg,,,,,,
cool-cat-printed-kids-hoodie-set,,,,,,,,,1 - 2 Years,,,silver,,,,,'10742791,500.0,shopify,200,continue,manual,1399.00,0.00,true,false,,,,,'10742791,https://cdn.shopify.com/s/files/1/0618/2368/0740/files/39.png?v=1727259854,4,Cool Cat Printed Kids Hoodie Set - front view - kids wear Pakistan,,,,,,,,,,,,,,,,,,,,,,,,,,,,,,,,,,,,,,,,,,,,https://cdn.shopify.com/s/files/1/0618/2368/0740/files/39.png?v=1727259854,kg,,,,,,
cool-cat-printed-kids-hoodie-set,,,,,,,,,1 - 2 Years,,,blue,,,,,'10742792,500.0,shopify,200,continue,manual,1399.00,0.00,true,false,,,,,'10742792,https://cdn.shopify.com/s/files/1/0618/2368/0740/files/42_b0842fe0-30eb-491a-97f9-7356bd6eb317.png?v=1727259870,5,Cool Cat Printed Kids Hoodie Set - back view - kids wear Pakistan,,,,,,,,,,,,,,,,,,,,,,,,,,,,,,,,,,,,,,,,,,,,https://cdn.shopify.com/s/files/1/0618/2368/0740/files/42_b0842fe0-30eb-491a-97f9-7356bd6eb317.png?v=1727259870,kg,,,,,,
cool-cat-printed-kids-hoodie-set,,,,,,,,,1 - 2 Years,,,yellow-1,,,,,'10742793,500.0,shopify,200,continue,manual,1399.00,0.00,true,false,,,,,'10742793,https://cdn.shopify.com/s/files/1/0618/2368/0740/files/36_ef33740f-29a3-4789-98bc-3a3edc3a5de8.png?v=1727259886,6,Cool Cat Printed Kids Hoodie Set - side view - kids wear Pakistan,,,,,,,,,,,,,,,,,,,,,,,,,,,,,,,,,,,,,,,,,,,,https://cdn.shopify.com/s/files/1/0618/2368/0740/files/36_ef33740f-29a3-4789-98bc-3a3edc3a5de8.png?v=1727259886,kg,,,,,,
cool-cat-printed-kids-hoodie-set,,,,,,,,,1 - 2 Years,,,dark-grey,,,,,'10742794,500.0,shopify,200,continue,manual,1399.00,0.00,true,false,,,,,'10742794,https://cdn.shopify.com/s/files/1/0618/2368/0740/files/40.png?v=1727259901,7,Cool Cat Printed Kids Hoodie Set - detail shot - kids wear Pakistan,,,,,,,,,,,,,,,,,,,,,,,,,,,,,,,,,,,,,,,,,,,,https://cdn.shopify.com/s/files/1/0618/2368/0740/files/40.png?v=1727259901,kg,,,,,,
cool-cat-printed-kids-hoodie-set,,,,,,,,,3 - 4 Years,,,navy-1,,,,,'10714288,500.0,shopify,200,continue,manual,1399.00,0.00,true,false,,,,,'10714288,https://cdn.shopify.com/s/files/1/0618/2368/0740/files/kidssizechart_e28feb53-900a-4966-81fe-20382accf994.jpg?v=1776761612,8,We Can Be Heroes Printed Kids Hoodie Set Copy size chart - measurements guide,,,,,,,,,,,,,,,,,,,,,,,,,,,,,,,,,,,,,,,,,,,,https://cdn.shopify.com/s/files/1/0618/2368/0740/files/41_85d13823-78b3-4df0-a239-895d2055240c.png?v=1776763459,kg,,,,,,
cool-cat-printed-kids-hoodie-set,,,,,,,,,3 - 4 Years,,,red,,,,,'10714289,500.0,shopify,200,continue,manual,1399.00,0.00,true,false,,,,,'10714289,,,,,,,,,,,,,,,,,,,,,,,,,,,,,,,,,,,,,,,,,,,,,,,https://cdn.shopify.com/s/files/1/0618/2368/0740/files/37.png?v=1776763459,kg,,,,,,
cool-cat-printed-kids-hoodie-set,,,,,,,,,3 - 4 Years,,,pink,,,,,'10714290,500.0,shopify,200,continue,manual,1399.00,0.00,true,false,,,,,'10714290,,,,,,,,,,,,,,,,,,,,,,,,,,,,,,,,,,,,,,,,,,,,,,,https://cdn.shopify.com/s/files/1/0618/2368/0740/files/38.png?v=1776763459,kg,,,,,,
cool-cat-printed-kids-hoodie-set,,,,,,,,,3 - 4 Years,,,silver,,,,,'10714291,500.0,shopify,200,continue,manual,1399.00,0.00,true,false,,,,,'10714291,,,,,,,,,,,,,,,,,,,,,,,,,,,,,,,,,,,,,,,,,,,,,,,https://cdn.shopify.com/s/files/1/0618/2368/0740/files/39.png?v=1727259854,kg,,,,,,
cool-cat-printed-kids-hoodie-set,,,,,,,,,3 - 4 Years,,,blue,,,,,'10714292,500.0,shopify,200,continue,manual,1399.00,0.00,true,false,,,,,'10714292,,,,,,,,,,,,,,,,,,,,,,,,,,,,,,,,,,,,,,,,,,,,,,,https://cdn.shopify.com/s/files/1/0618/2368/0740/files/42_b0842fe0-30eb-491a-97f9-7356bd6eb317.png?v=1727259870,kg,,,,,,
cool-cat-printed-kids-hoodie-set,,,,,,,,,3 - 4 Years,,,yellow-1,,,,,'10714293,500.0,shopify,200,continue,manual,1399.00,0.00,true,false,,,,,'10714293,,,,,,,,,,,,,,,,,,,,,,,,,,,,,,,,,,,,,,,,,,,,,,,https://cdn.shopify.com/s/files/1/0618/2368/0740/files/36_ef33740f-29a3-4789-98bc-3a3edc3a5de8.png?v=1727259886,kg,,,,,,
cool-cat-printed-kids-hoodie-set,,,,,,,,,3 - 4 Years,,,dark-grey,,,,,'10714294,500.0,shopify,200,continue,manual,1399.00,0.00,true,false,,,,,'10714294,,,,,,,,,,,,,,,,,,,,,,,,,,,,,,,,,,,,,,,,,,,,,,,https://cdn.shopify.com/s/files/1/0618/2368/0740/files/40.png?v=1727259901,kg,,,,,,
cool-cat-printed-kids-hoodie-set,,,,,,,,,5 - 6 Years,,,navy-1,,,,,'10714295,500.0,shopify,200,continue,manual,1399.00,0.00,true,false,,,,,'10714295,,,,,,,,,,,,,,,,,,,,,,,,,,,,,,,,,,,,,,,,,,,,,,,https://cdn.shopify.com/s/files/1/0618/2368/0740/files/41_85d13823-78b3-4df0-a239-895d2055240c.png?v=1776763459,kg,,,,,,
cool-cat-printed-kids-hoodie-set,,,,,,,,,5 - 6 Years,,,red,,,,,'10714296,500.0,shopify,200,continue,manual,1399.00,0.00,true,false,,,,,'10714296,,,,,,,,,,,,,,,,,,,,,,,,,,,,,,,,,,,,,,,,,,,,,,,https://cdn.shopify.com/s/files/1/0618/2368/0740/files/37.png?v=1776763459,kg,,,,,,
cool-cat-printed-kids-hoodie-set,,,,,,,,,5 - 6 Years,,,pink,,,,,'10714297,500.0,shopify,200,continue,manual,1399.00,0.00,true,false,,,,,'10714297,,,,,,,,,,,,,,,,,,,,,,,,,,,,,,,,,,,,,,,,,,,,,,,https://cdn.shopify.com/s/files/1/0618/2368/0740/files/38.png?v=1776763459,kg,,,,,,
cool-cat-printed-kids-hoodie-set,,,,,,,,,5 - 6 Years,,,silver,,,,,'10714298,500.0,shopify,200,continue,manual,1399.00,0.00,true,false,,,,,'10714298,,,,,,,,,,,,,,,,,,,,,,,,,,,,,,,,,,,,,,,,,,,,,,,https://cdn.shopify.com/s/files/1/0618/2368/0740/files/39.png?v=1727259854,kg,,,,,,
cool-cat-printed-kids-hoodie-set,,,,,,,,,5 - 6 Years,,,blue,,,,,'10714299,500.0,shopify,200,continue,manual,1399.00,0.00,true,false,,,,,'10714299,,,,,,,,,,,,,,,,,,,,,,,,,,,,,,,,,,,,,,,,,,,,,,,https://cdn.shopify.com/s/files/1/0618/2368/0740/files/42_b0842fe0-30eb-491a-97f9-7356bd6eb317.png?v=1727259870,kg,,,,,,
cool-cat-printed-kids-hoodie-set,,,,,,,,,5 - 6 Years,,,yellow-1,,,,,'10714300,500.0,shopify,200,continue,manual,1399.00,0.00,true,false,,,,,'10714300,,,,,,,,,,,,,,,,,,,,,,,,,,,,,,,,,,,,,,,,,,,,,,,https://cdn.shopify.com/s/files/1/0618/2368/0740/files/36_ef33740f-29a3-4789-98bc-3a3edc3a5de8.png?v=1727259886,kg,,,,,,
cool-cat-printed-kids-hoodie-set,,,,,,,,,5 - 6 Years,,,dark-grey,,,,,'10714301,500.0,shopify,200,continue,manual,1399.00,0.00,true,false,,,,,'10714301,,,,,,,,,,,,,,,,,,,,,,,,,,,,,,,,,,,,,,,,,,,,,,,https://cdn.shopify.com/s/files/1/0618/2368/0740/files/40.png?v=1727259901,kg,,,,,,
cool-cat-printed-kids-hoodie-set,,,,,,,,,7 - 8 Years,,,navy-1,,,,,'10714302,500.0,shopify,200,continue,manual,1399.00,0.00,true,false,,,,,'10714302,,,,,,,,,,,,,,,,,,,,,,,,,,,,,,,,,,,,,,,,,,,,,,,https://cdn.shopify.com/s/files/1/0618/2368/0740/files/41_85d13823-78b3-4df0-a239-895d2055240c.png?v=1776763459,kg,,,,,,
cool-cat-printed-kids-hoodie-set,,,,,,,,,7 - 8 Years,,,red,,,,,'10714303,500.0,shopify,200,continue,manual,1399.00,0.00,true,false,,,,,'10714303,,,,,,,,,,,,,,,,,,,,,,,,,,,,,,,,,,,,,,,,,,,,,,,https://cdn.shopify.com/s/files/1/0618/2368/0740/files/37.png?v=1776763459,kg,,,,,,
cool-cat-printed-kids-hoodie-set,,,,,,,,,7 - 8 Years,,,pink,,,,,'10714304,500.0,shopify,200,continue,manual,1399.00,0.00,true,false,,,,,'10714304,,,,,,,,,,,,,,,,,,,,,,,,,,,,,,,,,,,,,,,,,,,,,,,https://cdn.shopify.com/s/files/1/0618/2368/0740/files/38.png?v=1776763459,kg,,,,,,
cool-cat-printed-kids-hoodie-set,,,,,,,,,7 - 8 Years,,,silver,,,,,'10714305,500.0,shopify,200,continue,manual,1399.00,0.00,true,false,,,,,'10714305,,,,,,,,,,,,,,,,,,,,,,,,,,,,,,,,,,,,,,,,,,,,,,,https://cdn.shopify.com/s/files/1/0618/2368/0740/files/39.png?v=1727259854,kg,,,,,,
cool-cat-printed-kids-hoodie-set,,,,,,,,,7 - 8 Years,,,blue,,,,,'10714306,500.0,shopify,200,continue,manual,1399.00,0.00,true,false,,,,,'10714306,,,,,,,,,,,,,,,,,,,,,,,,,,,,,,,,,,,,,,,,,,,,,,,https://cdn.shopify.com/s/files/1/0618/2368/0740/files/42_b0842fe0-30eb-491a-97f9-7356bd6eb317.png?v=1727259870,kg,,,,,,
cool-cat-printed-kids-hoodie-set,,,,,,,,,7 - 8 Years,,,yellow-1,,,,,'10714307,500.0,shopify,200,continue,manual,1399.00,0.00,true,false,,,,,'10714307,,,,,,,,,,,,,,,,,,,,,,,,,,,,,,,,,,,,,,,,,,,,,,,https://cdn.shopify.com/s/files/1/0618/2368/0740/files/36_ef33740f-29a3-4789-98bc-3a3edc3a5de8.png?v=1727259886,kg,,,,,,
cool-cat-printed-kids-hoodie-set,,,,,,,,,7 - 8 Years,,,dark-grey,,,,,'10714308,500.0,shopify,200,continue,manual,1399.00,0.00,true,false,,,,,'10714308,,,,,,,,,,,,,,,,,,,,,,,,,,,,,,,,,,,,,,,,,,,,,,,https://cdn.shopify.com/s/files/1/0618/2368/0740/files/40.png?v=1727259901,kg,,,,,,
cool-cat-printed-kids-hoodie-set,,,,,,,,,9 - 10 Years,,,navy-1,,,,,'10714309,500.0,shopify,200,continue,manual,1399.00,0.00,true,false,,,,,'10714309,,,,,,,,,,,,,,,,,,,,,,,,,,,,,,,,,,,,,,,,,,,,,,,https://cdn.shopify.com/s/files/1/0618/2368/0740/files/41_85d13823-78b3-4df0-a239-895d2055240c.png?v=1776763459,kg,,,,,,
cool-cat-printed-kids-hoodie-set,,,,,,,,,9 - 10 Years,,,red,,,,,'10714310,500.0,shopify,200,continue,manual,1399.00,0.00,true,false,,,,,'10714310,,,,,,,,,,,,,,,,,,,,,,,,,,,,,,,,,,,,,,,,,,,,,,,https://cdn.shopify.com/s/files/1/0618/2368/0740/files/37.png?v=1776763459,kg,,,,,,
cool-cat-printed-kids-hoodie-set,,,,,,,,,9 - 10 Years,,,pink,,,,,'10714311,500.0,shopify,200,continue,manual,1399.00,0.00,true,false,,,,,'10714311,,,,,,,,,,,,,,,,,,,,,,,,,,,,,,,,,,,,,,,,,,,,,,,https://cdn.shopify.com/s/files/1/0618/2368/0740/files/38.png?v=1776763459,kg,,,,,,
cool-cat-printed-kids-hoodie-set,,,,,,,,,9 - 10 Years,,,silver,,,,,'10714312,500.0,shopify,200,continue,manual,1399.00,0.00,true,false,,,,,'10714312,,,,,,,,,,,,,,,,,,,,,,,,,,,,,,,,,,,,,,,,,,,,,,,https://cdn.shopify.com/s/files/1/0618/2368/0740/files/39.png?v=1727259854,kg,,,,,,
cool-cat-printed-kids-hoodie-set,,,,,,,,,9 - 10 Years,,,blue,,,,,'10714313,500.0,shopify,200,continue,manual,1399.00,0.00,true,false,,,,,'10714313,,,,,,,,,,,,,,,,,,,,,,,,,,,,,,,,,,,,,,,,,,,,,,,https://cdn.shopify.com/s/files/1/0618/2368/0740/files/42_b0842fe0-30eb-491a-97f9-7356bd6eb317.png?v=1727259870,kg,,,,,,
cool-cat-printed-kids-hoodie-set,,,,,,,,,9 - 10 Years,,,yellow-1,,,,,'10714314,500.0,shopify,200,continue,manual,1399.00,0.00,true,false,,,,,'10714314,,,,,,,,,,,,,,,,,,,,,,,,,,,,,,,,,,,,,,,,,,,,,,,https://cdn.shopify.com/s/files/1/0618/2368/0740/files/36_ef33740f-29a3-4789-98bc-3a3edc3a5de8.png?v=1727259886,kg,,,,,,
cool-cat-printed-kids-hoodie-set,,,,,,,,,9 - 10 Years,,,dark-grey,,,,,'10714315,500.0,shopify,200,continue,manual,1399.00,0.00,true,false,,,,,'10714315,,,,,,,,,,,,,,,,,,,,,,,,,,,,,,,,,,,,,,,,,,,,,,,https://cdn.shopify.com/s/files/1/0618/2368/0740/files/40.png?v=1727259901,kg,,,,,,
cool-cat-printed-kids-hoodie-set,,,,,,,,,11 - 12 Years,,,navy-1,,,,,'10714316,500.0,shopify,200,continue,manual,1399.00,0.00,true,false,,,,,'10714316,,,,,,,,,,,,,,,,,,,,,,,,,,,,,,,,,,,,,,,,,,,,,,,https://cdn.shopify.com/s/files/1/0618/2368/0740/files/41_85d13823-78b3-4df0-a239-895d2055240c.png?v=1776763459,kg,,,,,,
cool-cat-printed-kids-hoodie-set,,,,,,,,,11 - 12 Years,,,red,,,,,'10714317,500.0,shopify,200,continue,manual,1399.00,0.00,true,false,,,,,'10714317,,,,,,,,,,,,,,,,,,,,,,,,,,,,,,,,,,,,,,,,,,,,,,,https://cdn.shopify.com/s/files/1/0618/2368/0740/files/37.png?v=1776763459,kg,,,,,,
cool-cat-printed-kids-hoodie-set,,,,,,,,,11 - 12 Years,,,pink,,,,,'10714318,500.0,shopify,200,continue,manual,1399.00,0.00,true,false,,,,,'10714318,,,,,,,,,,,,,,,,,,,,,,,,,,,,,,,,,,,,,,,,,,,,,,,https://cdn.shopify.com/s/files/1/0618/2368/0740/files/38.png?v=1776763459,kg,,,,,,
cool-cat-printed-kids-hoodie-set,,,,,,,,,11 - 12 Years,,,silver,,,,,'10714319,500.0,shopify,200,continue,manual,1399.00,0.00,true,false,,,,,'10714319,,,,,,,,,,,,,,,,,,,,,,,,,,,,,,,,,,,,,,,,,,,,,,,https://cdn.shopify.com/s/files/1/0618/2368/0740/files/39.png?v=1727259854,kg,,,,,,
cool-cat-printed-kids-hoodie-set,,,,,,,,,11 - 12 Years,,,blue,,,,,'10714320,500.0,shopify,200,continue,manual,1399.00,0.00,true,false,,,,,'10714320,,,,,,,,,,,,,,,,,,,,,,,,,,,,,,,,,,,,,,,,,,,,,,,https://cdn.shopify.com/s/files/1/0618/2368/0740/files/42_b0842fe0-30eb-491a-97f9-7356bd6eb317.png?v=1727259870,kg,,,,,,
cool-cat-printed-kids-hoodie-set,,,,,,,,,11 - 12 Years,,,yellow-1,,,,,'10714321,500.0,shopify,200,continue,manual,1399.00,0.00,true,false,,,,,'10714321,,,,,,,,,,,,,,,,,,,,,,,,,,,,,,,,,,,,,,,,,,,,,,,https://cdn.shopify.com/s/files/1/0618/2368/0740/files/36_ef33740f-29a3-4789-98bc-3a3edc3a5de8.png?v=1727259886,kg,,,,,,
cool-cat-printed-kids-hoodie-set,,,,,,,,,11 - 12 Years,,,dark-grey,,,,,'10706900,500.0,shopify,200,continue,manual,1399.00,0.00,true,false,,,,,'10706900,,,,,,,,,,,,,,,,,,,,,,,,,,,,,,,,,,,,,,,,,,,,,,,https://cdn.shopify.com/s/files/1/0618/2368/0740/files/40.png?v=1727259901,kg,,,,,,
awesome-dino-printed-kids-hoodie-set,Kids Winter Hoodie Set | Awesome Dino Printed,"<h4><span data-sheets-root=""1""><strong>Kids Winter Hoodie Set | Awesome Dino Printed</strong><br><br></span></h4>
<p data-start=""193"" data-end=""400"">Featuring a bold and playful dinosaur design, this outfit is perfect for kids who love adventure and fun.</p>
<p data-start=""402"" data-end=""693"">Crafted from soft, premium fleece fabric, the hoodie keeps your child warm and cozy during chilly days, while the matching jogger pants provide a comfortable and flexible fit for all-day activities. Whether it’s school, playtime, or outdoor fun, this set is built for both comfort and style.</p>
<p data-start=""695"" data-end=""792"">The awesome dino print adds an exciting and energetic vibe that kids will love wearing every day.</p>
<p data-start=""794"" data-end=""809"">✨ <strong data-start=""796"" data-end=""809"">Features:</strong></p>
<ul data-start=""810"" data-end=""1030"">
<li data-section-id=""m2jogh"" data-start=""810"" data-end=""853"">Soft fleece fabric for warmth &amp; comfort</li>
<li data-section-id=""r3auhf"" data-start=""854"" data-end=""892"">Eye-catching awesome dino print 🦖</li>
<li data-section-id=""gklsta"" data-start=""893"" data-end=""931"">Cozy hoodie with soft inner lining</li>
<li data-section-id=""1qd8zxj"" data-start=""932"" data-end=""980"">Matching jogger pants with elastic waistband</li>
<li data-section-id=""yd59s1"" data-start=""981"" data-end=""1030"">Perfect for school, playtime &amp; winter outings</li>
</ul>
<p data-start=""1032"" data-end=""1104"">Let your kids stay <strong data-start=""1051"" data-end=""1087"">warm, comfy, and adventure-ready</strong> all winter long!</p>
<h4><span data-sheets-root=""1""><br></span></h4>",BBG FASHION,Apparel & Accessories > Clothing > Baby & Toddler Clothing,Kids Hoodie Set,Kids Winter Collection,true,Color,pink,product.metafields.shopify.color-pattern,Size,1-2-years,product.metafields.shopify.size,,,,'10723190,500.0,shopify,100,continue,manual,1399.00,0.00,true,false,,,,,'10723190,https://cdn.shopify.com/s/files/1/0618/2368/0740/files/31_75484846-5942-4b02-abca-17cfab663f7c.png?v=1776771091,1,Awesome Dino Printed Kids Hoodie Set - detail shot - kids wear Pakistan,false,,"Shop Kids Winter Hoodie Set Awesome Dino Printed in soft fleece. Warm, cozy & fun winter outfit for kids. Perfect everyday wear in Pakistan. Order now!",182,,,,,,,,,,,,,,,,,,,,pink; blue; red; silver; yellow-1; navy-1; dark-grey,,,fleece,,,,,,,1-2-years; 3-4-years; 5-6-years; 7-8-years; 9-10-years; 11-12-years,,,,,,,,,,https://cdn.shopify.com/s/files/1/0618/2368/0740/files/31_75484846-5942-4b02-abca-17cfab663f7c.png?v=1776771091,kg,,,true,,,active
awesome-dino-printed-kids-hoodie-set,,,,,,,,,pink,,,3-4-years,,,,,'10714256,500.0,shopify,100,continue,manual,1399.00,0.00,true,false,,,,,'10714256,https://cdn.shopify.com/s/files/1/0618/2368/0740/files/35_329e9a78-9e5e-427e-8699-1ddfa5fedb31.png?v=1776771091,2,Awesome Dino Printed Kids Hoodie Set - front view - kids wear Pakistan,,,,,,,,,,,,,,,,,,,,,,,,,,,,,,,,,,,,,,,,,,,,https://cdn.shopify.com/s/files/1/0618/2368/0740/files/31_75484846-5942-4b02-abca-17cfab663f7c.png?v=1776771091,kg,,,,,,
awesome-dino-printed-kids-hoodie-set,,,,,,,,,pink,,,5-6-years,,,,,'10714263,500.0,shopify,100,continue,manual,1399.00,0.00,true,false,,,,,'10714263,https://cdn.shopify.com/s/files/1/0618/2368/0740/files/33_d4738818-b25e-4396-9b0e-0105a3a8a768.png?v=1776771091,3,Awesome Dino Printed Kids Hoodie Set - detail shot - kids wear Pakistan,,,,,,,,,,,,,,,,,,,,,,,,,,,,,,,,,,,,,,,,,,,,https://cdn.shopify.com/s/files/1/0618/2368/0740/files/31_75484846-5942-4b02-abca-17cfab663f7c.png?v=1776771091,kg,,,,,,
awesome-dino-printed-kids-hoodie-set,,,,,,,,,pink,,,7-8-years,,,,,'10714270,500.0,shopify,100,continue,manual,1399.00,0.00,true,false,,,,,'10714270,https://cdn.shopify.com/s/files/1/0618/2368/0740/files/30.png?v=1776771091,4,Awesome Dino Printed Kids Hoodie Set - side view - kids wear Pakistan,,,,,,,,,,,,,,,,,,,,,,,,,,,,,,,,,,,,,,,,,,,,https://cdn.shopify.com/s/files/1/0618/2368/0740/files/31_75484846-5942-4b02-abca-17cfab663f7c.png?v=1776771091,kg,,,,,,
awesome-dino-printed-kids-hoodie-set,,,,,,,,,pink,,,9-10-years,,,,,'10714277,500.0,shopify,100,continue,manual,1399.00,0.00,true,false,,,,,'10714277,https://cdn.shopify.com/s/files/1/0618/2368/0740/files/32.png?v=1776771091,5,Awesome Dino Printed Kids Hoodie Set - front view - kids wear Pakistan,,,,,,,,,,,,,,,,,,,,,,,,,,,,,,,,,,,,,,,,,,,,https://cdn.shopify.com/s/files/1/0618/2368/0740/files/31_75484846-5942-4b02-abca-17cfab663f7c.png?v=1776771091,kg,,,,,,
awesome-dino-printed-kids-hoodie-set,,,,,,,,,pink,,,11-12-years,,,,,'10714284,500.0,shopify,100,continue,manual,1399.00,0.00,true,false,,,,,'10714284,https://cdn.shopify.com/s/files/1/0618/2368/0740/files/29.png?v=1776771091,6,Awesome Dino Printed Kids Hoodie Set - back view - kids wear Pakistan,,,,,,,,,,,,,,,,,,,,,,,,,,,,,,,,,,,,,,,,,,,,https://cdn.shopify.com/s/files/1/0618/2368/0740/files/31_75484846-5942-4b02-abca-17cfab663f7c.png?v=1776771091,kg,,,,,,
awesome-dino-printed-kids-hoodie-set,,,,,,,,,blue,,,1-2-years,,,,,'10723188,500.0,shopify,100,continue,manual,1399.00,0.00,true,false,,,,,'10723188,https://cdn.shopify.com/s/files/1/0618/2368/0740/files/34_40dd82e6-7c64-43f9-9959-4d18682327b4.png?v=1776771091,7,Awesome Dino Printed Kids Hoodie Set - side view - kids wear Pakistan,,,,,,,,,,,,,,,,,,,,,,,,,,,,,,,,,,,,,,,,,,,,https://cdn.shopify.com/s/files/1/0618/2368/0740/files/35_329e9a78-9e5e-427e-8699-1ddfa5fedb31.png?v=1776771091,kg,,,,,,
awesome-dino-printed-kids-hoodie-set,,,,,,,,,blue,,,3-4-years,,,,,'10714254,500.0,shopify,100,continue,manual,1399.00,0.00,true,false,,,,,'10714254,https://cdn.shopify.com/s/files/1/0618/2368/0740/files/kidssizechart_e28feb53-900a-4966-81fe-20382accf994.jpg?v=1776761612,8,We Can Be Heroes Printed Kids Hoodie Set Copy size chart - measurements guide,,,,,,,,,,,,,,,,,,,,,,,,,,,,,,,,,,,,,,,,,,,,https://cdn.shopify.com/s/files/1/0618/2368/0740/files/35_329e9a78-9e5e-427e-8699-1ddfa5fedb31.png?v=1776771091,kg,,,,,,
awesome-dino-printed-kids-hoodie-set,,,,,,,,,blue,,,5-6-years,,,,,'10714261,500.0,shopify,100,continue,manual,1399.00,0.00,true,false,,,,,'10714261,,,,,,,,,,,,,,,,,,,,,,,,,,,,,,,,,,,,,,,,,,,,,,,https://cdn.shopify.com/s/files/1/0618/2368/0740/files/35_329e9a78-9e5e-427e-8699-1ddfa5fedb31.png?v=1776771091,kg,,,,,,
awesome-dino-printed-kids-hoodie-set,,,,,,,,,blue,,,7-8-years,,,,,'10714268,500.0,shopify,100,continue,manual,1399.00,0.00,true,false,,,,,'10714268,,,,,,,,,,,,,,,,,,,,,,,,,,,,,,,,,,,,,,,,,,,,,,,https://cdn.shopify.com/s/files/1/0618/2368/0740/files/35_329e9a78-9e5e-427e-8699-1ddfa5fedb31.png?v=1776771091,kg,,,,,,
awesome-dino-printed-kids-hoodie-set,,,,,,,,,blue,,,9-10-years,,,,,'10714275,500.0,shopify,100,continue,manual,1399.00,0.00,true,false,,,,,'10714275,,,,,,,,,,,,,,,,,,,,,,,,,,,,,,,,,,,,,,,,,,,,,,,https://cdn.shopify.com/s/files/1/0618/2368/0740/files/35_329e9a78-9e5e-427e-8699-1ddfa5fedb31.png?v=1776771091,kg,,,,,,
awesome-dino-printed-kids-hoodie-set,,,,,,,,,blue,,,11-12-years,,,,,'10714282,500.0,shopify,100,continue,manual,1399.00,0.00,true,false,,,,,'10714282,,,,,,,,,,,,,,,,,,,,,,,,,,,,,,,,,,,,,,,,,,,,,,,https://cdn.shopify.com/s/files/1/0618/2368/0740/files/35_329e9a78-9e5e-427e-8699-1ddfa5fedb31.png?v=1776771091,kg,,,,,,
awesome-dino-printed-kids-hoodie-set,,,,,,,,,red,,,1-2-years,,,,,'10723189,500.0,shopify,100,continue,manual,1399.00,0.00,true,false,,,,,'10723189,,,,,,,,,,,,,,,,,,,,,,,,,,,,,,,,,,,,,,,,,,,,,,,https://cdn.shopify.com/s/files/1/0618/2368/0740/files/30.png?v=1776771091,kg,,,,,,
awesome-dino-printed-kids-hoodie-set,,,,,,,,,red,,,3-4-years,,,,,'10714255,500.0,shopify,100,continue,manual,1399.00,0.00,true,false,,,,,'10714255,,,,,,,,,,,,,,,,,,,,,,,,,,,,,,,,,,,,,,,,,,,,,,,https://cdn.shopify.com/s/files/1/0618/2368/0740/files/30.png?v=1776771091,kg,,,,,,
awesome-dino-printed-kids-hoodie-set,,,,,,,,,red,,,5-6-years,,,,,'10714262,500.0,shopify,100,continue,manual,1399.00,0.00,true,false,,,,,'10714262,,,,,,,,,,,,,,,,,,,,,,,,,,,,,,,,,,,,,,,,,,,,,,,https://cdn.shopify.com/s/files/1/0618/2368/0740/files/30.png?v=1776771091,kg,,,,,,
awesome-dino-printed-kids-hoodie-set,,,,,,,,,red,,,7-8-years,,,,,'10714269,500.0,shopify,100,continue,manual,1399.00,0.00,true,false,,,,,'10714269,,,,,,,,,,,,,,,,,,,,,,,,,,,,,,,,,,,,,,,,,,,,,,,https://cdn.shopify.com/s/files/1/0618/2368/0740/files/30.png?v=1776771091,kg,,,,,,
awesome-dino-printed-kids-hoodie-set,,,,,,,,,red,,,9-10-years,,,,,'10714276,500.0,shopify,100,continue,manual,1399.00,0.00,true,false,,,,,'10714276,,,,,,,,,,,,,,,,,,,,,,,,,,,,,,,,,,,,,,,,,,,,,,,https://cdn.shopify.com/s/files/1/0618/2368/0740/files/30.png?v=1776771091,kg,,,,,,
awesome-dino-printed-kids-hoodie-set,,,,,,,,,red,,,11-12-years,,,,,'10714283,500.0,shopify,100,continue,manual,1399.00,0.00,true,false,,,,,'10714283,,,,,,,,,,,,,,,,,,,,,,,,,,,,,,,,,,,,,,,,,,,,,,,https://cdn.shopify.com/s/files/1/0618/2368/0740/files/30.png?v=1776771091,kg,,,,,,
awesome-dino-printed-kids-hoodie-set,,,,,,,,,silver,,,1-2-years,,,,,'10723191,500.0,shopify,100,continue,manual,1399.00,0.00,true,false,,,,,'10723191,,,,,,,,,,,,,,,,,,,,,,,,,,,,,,,,,,,,,,,,,,,,,,,https://cdn.shopify.com/s/files/1/0618/2368/0740/files/32.png?v=1776771091,kg,,,,,,
awesome-dino-printed-kids-hoodie-set,,,,,,,,,silver,,,3-4-years,,,,,'10714257,500.0,shopify,100,continue,manual,1399.00,0.00,true,false,,,,,'10714257,,,,,,,,,,,,,,,,,,,,,,,,,,,,,,,,,,,,,,,,,,,,,,,https://cdn.shopify.com/s/files/1/0618/2368/0740/files/32.png?v=1776771091,kg,,,,,,
awesome-dino-printed-kids-hoodie-set,,,,,,,,,silver,,,5-6-years,,,,,'10714264,500.0,shopify,100,continue,manual,1399.00,0.00,true,false,,,,,'10714264,,,,,,,,,,,,,,,,,,,,,,,,,,,,,,,,,,,,,,,,,,,,,,,https://cdn.shopify.com/s/files/1/0618/2368/0740/files/32.png?v=1776771091,kg,,,,,,
awesome-dino-printed-kids-hoodie-set,,,,,,,,,silver,,,7-8-years,,,,,'10714271,500.0,shopify,100,continue,manual,1399.00,0.00,true,false,,,,,'10714271,,,,,,,,,,,,,,,,,,,,,,,,,,,,,,,,,,,,,,,,,,,,,,,https://cdn.shopify.com/s/files/1/0618/2368/0740/files/32.png?v=1776771091,kg,,,,,,
awesome-dino-printed-kids-hoodie-set,,,,,,,,,silver,,,9-10-years,,,,,'10714278,500.0,shopify,100,continue,manual,1399.00,0.00,true,false,,,,,'10714278,,,,,,,,,,,,,,,,,,,,,,,,,,,,,,,,,,,,,,,,,,,,,,,https://cdn.shopify.com/s/files/1/0618/2368/0740/files/32.png?v=1776771091,kg,,,,,,
awesome-dino-printed-kids-hoodie-set,,,,,,,,,silver,,,11-12-years,,,,,'10714285,500.0,shopify,100,continue,manual,1399.00,0.00,true,false,,,,,'10714285,,,,,,,,,,,,,,,,,,,,,,,,,,,,,,,,,,,,,,,,,,,,,,,https://cdn.shopify.com/s/files/1/0618/2368/0740/files/32.png?v=1776771091,kg,,,,,,
awesome-dino-printed-kids-hoodie-set,,,,,,,,,yellow-1,,,1-2-years,,,,,'10723192,500.0,shopify,100,continue,manual,1399.00,0.00,true,false,,,,,'10723192,,,,,,,,,,,,,,,,,,,,,,,,,,,,,,,,,,,,,,,,,,,,,,,https://cdn.shopify.com/s/files/1/0618/2368/0740/files/29.png?v=1776771091,kg,,,,,,
awesome-dino-printed-kids-hoodie-set,,,,,,,,,yellow-1,,,3-4-years,,,,,'10714258,500.0,shopify,100,continue,manual,1399.00,0.00,true,false,,,,,'10714258,,,,,,,,,,,,,,,,,,,,,,,,,,,,,,,,,,,,,,,,,,,,,,,https://cdn.shopify.com/s/files/1/0618/2368/0740/files/29.png?v=1776771091,kg,,,,,,
awesome-dino-printed-kids-hoodie-set,,,,,,,,,yellow-1,,,5-6-years,,,,,'10714265,500.0,shopify,100,continue,manual,1399.00,0.00,true,false,,,,,'10714265,,,,,,,,,,,,,,,,,,,,,,,,,,,,,,,,,,,,,,,,,,,,,,,https://cdn.shopify.com/s/files/1/0618/2368/0740/files/29.png?v=1776771091,kg,,,,,,
awesome-dino-printed-kids-hoodie-set,,,,,,,,,yellow-1,,,7-8-years,,,,,'10714272,500.0,shopify,100,continue,manual,1399.00,0.00,true,false,,,,,'10714272,,,,,,,,,,,,,,,,,,,,,,,,,,,,,,,,,,,,,,,,,,,,,,,https://cdn.shopify.com/s/files/1/0618/2368/0740/files/29.png?v=1776771091,kg,,,,,,
awesome-dino-printed-kids-hoodie-set,,,,,,,,,yellow-1,,,9-10-years,,,,,'10714279,500.0,shopify,100,continue,manual,1399.00,0.00,true,false,,,,,'10714279,,,,,,,,,,,,,,,,,,,,,,,,,,,,,,,,,,,,,,,,,,,,,,,https://cdn.shopify.com/s/files/1/0618/2368/0740/files/29.png?v=1776771091,kg,,,,,,
awesome-dino-printed-kids-hoodie-set,,,,,,,,,yellow-1,,,11-12-years,,,,,'10714286,500.0,shopify,100,continue,manual,1399.00,0.00,true,false,,,,,'10714286,,,,,,,,,,,,,,,,,,,,,,,,,,,,,,,,,,,,,,,,,,,,,,,https://cdn.shopify.com/s/files/1/0618/2368/0740/files/29.png?v=1776771091,kg,,,,,,
awesome-dino-printed-kids-hoodie-set,,,,,,,,,navy-1,,,1-2-years,,,,,'10723193,500.0,shopify,100,continue,manual,1399.00,0.00,true,false,,,,,'10723193,,,,,,,,,,,,,,,,,,,,,,,,,,,,,,,,,,,,,,,,,,,,,,,https://cdn.shopify.com/s/files/1/0618/2368/0740/files/34_40dd82e6-7c64-43f9-9959-4d18682327b4.png?v=1776771091,kg,,,,,,
awesome-dino-printed-kids-hoodie-set,,,,,,,,,navy-1,,,3-4-years,,,,,'10714259,500.0,shopify,100,continue,manual,1399.00,0.00,true,false,,,,,'10714259,,,,,,,,,,,,,,,,,,,,,,,,,,,,,,,,,,,,,,,,,,,,,,,https://cdn.shopify.com/s/files/1/0618/2368/0740/files/34_40dd82e6-7c64-43f9-9959-4d18682327b4.png?v=1776771091,kg,,,,,,
awesome-dino-printed-kids-hoodie-set,,,,,,,,,navy-1,,,5-6-years,,,,,'10714266,500.0,shopify,100,continue,manual,1399.00,0.00,true,false,,,,,'10714266,,,,,,,,,,,,,,,,,,,,,,,,,,,,,,,,,,,,,,,,,,,,,,,https://cdn.shopify.com/s/files/1/0618/2368/0740/files/34_40dd82e6-7c64-43f9-9959-4d18682327b4.png?v=1776771091,kg,,,,,,
awesome-dino-printed-kids-hoodie-set,,,,,,,,,navy-1,,,7-8-years,,,,,'10714273,500.0,shopify,100,continue,manual,1399.00,0.00,true,false,,,,,'10714273,,,,,,,,,,,,,,,,,,,,,,,,,,,,,,,,,,,,,,,,,,,,,,,https://cdn.shopify.com/s/files/1/0618/2368/0740/files/34_40dd82e6-7c64-43f9-9959-4d18682327b4.png?v=1776771091,kg,,,,,,
awesome-dino-printed-kids-hoodie-set,,,,,,,,,navy-1,,,9-10-years,,,,,'10714280,500.0,shopify,100,continue,manual,1399.00,0.00,true,false,,,,,'10714280,,,,,,,,,,,,,,,,,,,,,,,,,,,,,,,,,,,,,,,,,,,,,,,https://cdn.shopify.com/s/files/1/0618/2368/0740/files/34_40dd82e6-7c64-43f9-9959-4d18682327b4.png?v=1776771091,kg,,,,,,
awesome-dino-printed-kids-hoodie-set,,,,,,,,,navy-1,,,11-12-years,,,,,'10714287,500.0,shopify,100,continue,manual,1399.00,0.00,true,false,,,,,'10714287,,,,,,,,,,,,,,,,,,,,,,,,,,,,,,,,,,,,,,,,,,,,,,,https://cdn.shopify.com/s/files/1/0618/2368/0740/files/34_40dd82e6-7c64-43f9-9959-4d18682327b4.png?v=1776771091,kg,,,,,,
awesome-dino-printed-kids-hoodie-set,,,,,,,,,dark-grey,,,1-2-years,,,,,'10723194,500.0,shopify,100,continue,manual,1399.00,0.00,true,false,,,,,'10723194,,,,,,,,,,,,,,,,,,,,,,,,,,,,,,,,,,,,,,,,,,,,,,,https://cdn.shopify.com/s/files/1/0618/2368/0740/files/33_d4738818-b25e-4396-9b0e-0105a3a8a768.png?v=1776771091,kg,,,,,,
awesome-dino-printed-kids-hoodie-set,,,,,,,,,dark-grey,,,3-4-years,,,,,'10714260,500.0,shopify,100,continue,manual,1399.00,0.00,true,false,,,,,'10714260,,,,,,,,,,,,,,,,,,,,,,,,,,,,,,,,,,,,,,,,,,,,,,,https://cdn.shopify.com/s/files/1/0618/2368/0740/files/33_d4738818-b25e-4396-9b0e-0105a3a8a768.png?v=1776771091,kg,,,,,,
awesome-dino-printed-kids-hoodie-set,,,,,,,,,dark-grey,,,5-6-years,,,,,'10714267,500.0,shopify,100,continue,manual,1399.00,0.00,true,false,,,,,'10714267,,,,,,,,,,,,,,,,,,,,,,,,,,,,,,,,,,,,,,,,,,,,,,,https://cdn.shopify.com/s/files/1/0618/2368/0740/files/33_d4738818-b25e-4396-9b0e-0105a3a8a768.png?v=1776771091,kg,,,,,,
awesome-dino-printed-kids-hoodie-set,,,,,,,,,dark-grey,,,7-8-years,,,,,'10714274,500.0,shopify,100,continue,manual,1399.00,0.00,true,false,,,,,'10714274,,,,,,,,,,,,,,,,,,,,,,,,,,,,,,,,,,,,,,,,,,,,,,,https://cdn.shopify.com/s/files/1/0618/2368/0740/files/33_d4738818-b25e-4396-9b0e-0105a3a8a768.png?v=1776771091,kg,,,,,,
awesome-dino-printed-kids-hoodie-set,,,,,,,,,dark-grey,,,9-10-years,,,,,'10714281,500.0,shopify,100,continue,manual,1399.00,0.00,true,false,,,,,'10714281,,,,,,,,,,,,,,,,,,,,,,,,,,,,,,,,,,,,,,,,,,,,,,,https://cdn.shopify.com/s/files/1/0618/2368/0740/files/33_d4738818-b25e-4396-9b0e-0105a3a8a768.png?v=1776771091,kg,,,,,,
awesome-dino-printed-kids-hoodie-set,,,,,,,,,dark-grey,,,11-12-years,,,,,'10706899,500.0,shopify,100,continue,manual,1399.00,0.00,true,false,,,,,'10706899,,,,,,,,,,,,,,,,,,,,,,,,,,,,,,,,,,,,,,,,,,,,,,,https://cdn.shopify.com/s/files/1/0618/2368/0740/files/33_d4738818-b25e-4396-9b0e-0105a3a8a768.png?v=1776771091,kg,,,,,,
be-good-printed-kids-hoodie-set,Kids Winter Hoodie Set | Be Good Printed,"<h4 data-start=""312"" data-end=""572""><strong><span data-sheets-root=""1"">Kids Winter Hoodie Set | Be Good Printed</span></strong></h4>
<p data-start=""312"" data-end=""572""><strong><span data-sheets-root=""1""><br></span></strong>a perfect blend of comfort and positivity for the winter season.</p>
<p data-start=""374"" data-end=""610"">Featuring a simple yet uplifting “Be Good” print, this hoodie set adds a meaningful touch to your child’s everyday outfit. Made from soft, premium fleece fabric, it provides cozy warmth during chilly days while ensuring all-day comfort.</p>
<p data-start=""612"" data-end=""762"">The hoodie comes with a snug, relaxed fit, paired with matching jogger pants that allow easy movement—perfect for school, playtime, or casual outings.</p>
<p data-start=""764"" data-end=""779"">✨ <strong data-start=""766"" data-end=""779"">Features:</strong></p>
<ul data-start=""780"" data-end=""1018"">
<li data-section-id=""m2jogh"" data-start=""780"" data-end=""823"">Soft fleece fabric for warmth &amp; comfort</li>
<li data-section-id=""1liusmg"" data-start=""824"" data-end=""880"">Minimal “Be Good” print for a clean, positive look ✨</li>
<li data-section-id=""gklsta"" data-start=""881"" data-end=""919"">Cozy hoodie with soft inner lining</li>
<li data-section-id=""1qd8zxj"" data-start=""920"" data-end=""968"">Matching jogger pants with elastic waistband</li>
<li data-section-id=""9bnese"" data-start=""969"" data-end=""1018"">Ideal for daily wear, school &amp; winter outings</li>
</ul>
<p data-start=""1020"" data-end=""1111"">A perfect winter outfit that keeps your kids <strong data-start=""1065"" data-end=""1110"">warm, comfortable, and positively stylish</strong>.</p>
<p data-start=""312"" data-end=""572""><strong><span data-sheets-root=""1""><br></span></strong></p>",BBG FASHION,Apparel & Accessories > Clothing > Baby & Toddler Clothing,Kids Hoodie Set,Kids Winter Collection,true,Size,1 - 2 Years,,Color,pink,product.metafields.shopify.color-pattern,,,,'10742780,500.0,shopify,200,continue,manual,1399.00,0.00,true,false,,,,,'10742780,https://cdn.shopify.com/s/files/1/0618/2368/0740/files/24.png?v=1776756720,1,Be Good Printed Kids Hoodie Set - back view - kids wear Pakistan,false,,"Shop Kids Winter Hoodie Set Be Good Printed in soft fleece. Warm, comfortable & stylish winter outfit for kids. Perfect for everyday wear in Pakistan. Order now!",182,,,,,,,,,,,,,,,,,,,,pink; silver; navy-1; yellow-1; red; blue; dark-grey,,,fleece,,,,,,,,,,,,,,,,,https://cdn.shopify.com/s/files/1/0618/2368/0740/files/24.png?v=1776756720,kg,,,true,,,active
be-good-printed-kids-hoodie-set,,,,,,,,,1 - 2 Years,,,silver,,,,,'10742781,500.0,shopify,200,continue,manual,1399.00,0.00,true,false,,,,,'10742781,https://cdn.shopify.com/s/files/1/0618/2368/0740/files/25.png?v=1776756720,2,Be Good Printed Kids Hoodie Set - front view - kids wear Pakistan,,,,,,,,,,,,,,,,,,,,,,,,,,,,,,,,,,,,,,,,,,,,https://cdn.shopify.com/s/files/1/0618/2368/0740/files/25.png?v=1776756720,kg,,,,,,
be-good-printed-kids-hoodie-set,,,,,,,,,1 - 2 Years,,,navy-1,,,,,'10742782,500.0,shopify,200,continue,manual,1399.00,0.00,true,false,,,,,'10742782,https://cdn.shopify.com/s/files/1/0618/2368/0740/files/27_41e92c26-7cf2-4273-8b0b-d19d91d1a47b.png?v=1776756720,3,Be Good Printed Kids Hoodie Set - side view - kids wear Pakistan,,,,,,,,,,,,,,,,,,,,,,,,,,,,,,,,,,,,,,,,,,,,https://cdn.shopify.com/s/files/1/0618/2368/0740/files/27_41e92c26-7cf2-4273-8b0b-d19d91d1a47b.png?v=1776756720,kg,,,,,,
be-good-printed-kids-hoodie-set,,,,,,,,,1 - 2 Years,,,yellow-1,,,,,'10742783,500.0,shopify,200,continue,manual,1399.00,0.00,true,false,,,,,'10742783,https://cdn.shopify.com/s/files/1/0618/2368/0740/files/22_69a0fb08-b63b-4c37-bc37-b3d5cbb9d10f.png?v=1776756720,4,Be Good Printed Kids Hoodie Set - front view - kids wear Pakistan,,,,,,,,,,,,,,,,,,,,,,,,,,,,,,,,,,,,,,,,,,,,https://cdn.shopify.com/s/files/1/0618/2368/0740/files/22_69a0fb08-b63b-4c37-bc37-b3d5cbb9d10f.png?v=1776756720,kg,,,,,,
be-good-printed-kids-hoodie-set,,,,,,,,,1 - 2 Years,,,red,,,,,'10742784,500.0,shopify,200,continue,manual,1399.00,0.00,true,false,,,,,'10742784,https://cdn.shopify.com/s/files/1/0618/2368/0740/files/23_fac2cca8-29a7-4404-897b-869631f253e0.png?v=1776756720,5,Be Good Printed Kids Hoodie Set - side view - kids wear Pakistan,,,,,,,,,,,,,,,,,,,,,,,,,,,,,,,,,,,,,,,,,,,,https://cdn.shopify.com/s/files/1/0618/2368/0740/files/23_fac2cca8-29a7-4404-897b-869631f253e0.png?v=1776756720,kg,,,,,,
be-good-printed-kids-hoodie-set,,,,,,,,,1 - 2 Years,,,blue,,,,,'10742785,500.0,shopify,200,continue,manual,1399.00,0.00,true,false,,,,,'10742785,https://cdn.shopify.com/s/files/1/0618/2368/0740/files/28_a2ada310-bb14-40c9-8e1d-564c5bb44fcc.png?v=1776756720,6,Be Good Printed Kids Hoodie Set - detail shot - kids wear Pakistan,,,,,,,,,,,,,,,,,,,,,,,,,,,,,,,,,,,,,,,,,,,,https://cdn.shopify.com/s/files/1/0618/2368/0740/files/28_a2ada310-bb14-40c9-8e1d-564c5bb44fcc.png?v=1776756720,kg,,,,,,
be-good-printed-kids-hoodie-set,,,,,,,,,1 - 2 Years,,,dark-grey,,,,,'10742786,500.0,shopify,200,continue,manual,1399.00,0.00,true,false,,,,,'10742786,https://cdn.shopify.com/s/files/1/0618/2368/0740/files/26_a062e816-e92c-4460-90ae-67bff1a7f597.png?v=1776756720,7,Be Good Printed Kids Hoodie Set - front view - kids wear Pakistan,,,,,,,,,,,,,,,,,,,,,,,,,,,,,,,,,,,,,,,,,,,,https://cdn.shopify.com/s/files/1/0618/2368/0740/files/26_a062e816-e92c-4460-90ae-67bff1a7f597.png?v=1776756720,kg,,,,,,
be-good-printed-kids-hoodie-set,,,,,,,,,3 - 4 Years,,,pink,,,,,'10714223,500.0,shopify,200,continue,manual,1399.00,0.00,true,false,,,,,'10714223,https://cdn.shopify.com/s/files/1/0618/2368/0740/files/kidssizechart_e28feb53-900a-4966-81fe-20382accf994.jpg?v=1776761612,8,We Can Be Heroes Printed Kids Hoodie Set Copy size chart - measurements guide,,,,,,,,,,,,,,,,,,,,,,,,,,,,,,,,,,,,,,,,,,,,https://cdn.shopify.com/s/files/1/0618/2368/0740/files/24.png?v=1776756720,kg,,,,,,
be-good-printed-kids-hoodie-set,,,,,,,,,3 - 4 Years,,,silver,,,,,'10714220,500.0,shopify,200,continue,manual,1399.00,0.00,true,false,,,,,'10714220,,,,,,,,,,,,,,,,,,,,,,,,,,,,,,,,,,,,,,,,,,,,,,,https://cdn.shopify.com/s/files/1/0618/2368/0740/files/25.png?v=1776756720,kg,,,,,,
be-good-printed-kids-hoodie-set,,,,,,,,,3 - 4 Years,,,navy-1,,,,,'10714221,500.0,shopify,200,continue,manual,1399.00,0.00,true,false,,,,,'10714221,,,,,,,,,,,,,,,,,,,,,,,,,,,,,,,,,,,,,,,,,,,,,,,https://cdn.shopify.com/s/files/1/0618/2368/0740/files/27_41e92c26-7cf2-4273-8b0b-d19d91d1a47b.png?v=1776756720,kg,,,,,,
be-good-printed-kids-hoodie-set,,,,,,,,,3 - 4 Years,,,yellow-1,,,,,'10714222,500.0,shopify,200,continue,manual,1399.00,0.00,true,false,,,,,'10714222,,,,,,,,,,,,,,,,,,,,,,,,,,,,,,,,,,,,,,,,,,,,,,,https://cdn.shopify.com/s/files/1/0618/2368/0740/files/22_69a0fb08-b63b-4c37-bc37-b3d5cbb9d10f.png?v=1776756720,kg,,,,,,
be-good-printed-kids-hoodie-set,,,,,,,,,3 - 4 Years,,,red,,,,,'10714224,500.0,shopify,200,continue,manual,1399.00,0.00,true,false,,,,,'10714224,,,,,,,,,,,,,,,,,,,,,,,,,,,,,,,,,,,,,,,,,,,,,,,https://cdn.shopify.com/s/files/1/0618/2368/0740/files/23_fac2cca8-29a7-4404-897b-869631f253e0.png?v=1776756720,kg,,,,,,
be-good-printed-kids-hoodie-set,,,,,,,,,3 - 4 Years,,,blue,,,,,'10714225,500.0,shopify,200,continue,manual,1399.00,0.00,true,false,,,,,'10714225,,,,,,,,,,,,,,,,,,,,,,,,,,,,,,,,,,,,,,,,,,,,,,,https://cdn.shopify.com/s/files/1/0618/2368/0740/files/28_a2ada310-bb14-40c9-8e1d-564c5bb44fcc.png?v=1776756720,kg,,,,,,
be-good-printed-kids-hoodie-set,,,,,,,,,3 - 4 Years,,,dark-grey,,,,,'10714226,500.0,shopify,200,continue,manual,1399.00,0.00,true,false,,,,,'10714226,,,,,,,,,,,,,,,,,,,,,,,,,,,,,,,,,,,,,,,,,,,,,,,https://cdn.shopify.com/s/files/1/0618/2368/0740/files/26_a062e816-e92c-4460-90ae-67bff1a7f597.png?v=1776756720,kg,,,,,,
be-good-printed-kids-hoodie-set,,,,,,,,,5 - 6 Years,,,pink,,,,,'10714230,500.0,shopify,200,continue,manual,1399.00,0.00,true,false,,,,,'10714230,,,,,,,,,,,,,,,,,,,,,,,,,,,,,,,,,,,,,,,,,,,,,,,https://cdn.shopify.com/s/files/1/0618/2368/0740/files/24.png?v=1776756720,kg,,,,,,
be-good-printed-kids-hoodie-set,,,,,,,,,5 - 6 Years,,,silver,,,,,'10714227,500.0,shopify,200,continue,manual,1399.00,0.00,true,false,,,,,'10714227,,,,,,,,,,,,,,,,,,,,,,,,,,,,,,,,,,,,,,,,,,,,,,,https://cdn.shopify.com/s/files/1/0618/2368/0740/files/25.png?v=1776756720,kg,,,,,,
be-good-printed-kids-hoodie-set,,,,,,,,,5 - 6 Years,,,navy-1,,,,,'10714228,500.0,shopify,200,continue,manual,1399.00,0.00,true,false,,,,,'10714228,,,,,,,,,,,,,,,,,,,,,,,,,,,,,,,,,,,,,,,,,,,,,,,https://cdn.shopify.com/s/files/1/0618/2368/0740/files/27_41e92c26-7cf2-4273-8b0b-d19d91d1a47b.png?v=1776756720,kg,,,,,,
be-good-printed-kids-hoodie-set,,,,,,,,,5 - 6 Years,,,yellow-1,,,,,'10714229,500.0,shopify,200,continue,manual,1399.00,0.00,true,false,,,,,'10714229,,,,,,,,,,,,,,,,,,,,,,,,,,,,,,,,,,,,,,,,,,,,,,,https://cdn.shopify.com/s/files/1/0618/2368/0740/files/22_69a0fb08-b63b-4c37-bc37-b3d5cbb9d10f.png?v=1776756720,kg,,,,,,
be-good-printed-kids-hoodie-set,,,,,,,,,5 - 6 Years,,,red,,,,,'10714231,500.0,shopify,200,continue,manual,1399.00,0.00,true,false,,,,,'10714231,,,,,,,,,,,,,,,,,,,,,,,,,,,,,,,,,,,,,,,,,,,,,,,https://cdn.shopify.com/s/files/1/0618/2368/0740/files/23_fac2cca8-29a7-4404-897b-869631f253e0.png?v=1776756720,kg,,,,,,
be-good-printed-kids-hoodie-set,,,,,,,,,5 - 6 Years,,,blue,,,,,'10714232,500.0,shopify,200,continue,manual,1399.00,0.00,true,false,,,,,'10714232,,,,,,,,,,,,,,,,,,,,,,,,,,,,,,,,,,,,,,,,,,,,,,,https://cdn.shopify.com/s/files/1/0618/2368/0740/files/28_a2ada310-bb14-40c9-8e1d-564c5bb44fcc.png?v=1776756720,kg,,,,,,
be-good-printed-kids-hoodie-set,,,,,,,,,5 - 6 Years,,,dark-grey,,,,,'10714233,500.0,shopify,200,continue,manual,1399.00,0.00,true,false,,,,,'10714233,,,,,,,,,,,,,,,,,,,,,,,,,,,,,,,,,,,,,,,,,,,,,,,https://cdn.shopify.com/s/files/1/0618/2368/0740/files/26_a062e816-e92c-4460-90ae-67bff1a7f597.png?v=1776756720,kg,,,,,,
be-good-printed-kids-hoodie-set,,,,,,,,,7 - 8 Years,,,pink,,,,,'10714237,500.0,shopify,200,continue,manual,1399.00,0.00,true,false,,,,,'10714237,,,,,,,,,,,,,,,,,,,,,,,,,,,,,,,,,,,,,,,,,,,,,,,https://cdn.shopify.com/s/files/1/0618/2368/0740/files/24.png?v=1776756720,kg,,,,,,
be-good-printed-kids-hoodie-set,,,,,,,,,7 - 8 Years,,,silver,,,,,'10714234,500.0,shopify,200,continue,manual,1399.00,0.00,true,false,,,,,'10714234,,,,,,,,,,,,,,,,,,,,,,,,,,,,,,,,,,,,,,,,,,,,,,,https://cdn.shopify.com/s/files/1/0618/2368/0740/files/25.png?v=1776756720,kg,,,,,,
be-good-printed-kids-hoodie-set,,,,,,,,,7 - 8 Years,,,navy-1,,,,,'10714235,500.0,shopify,200,continue,manual,1399.00,0.00,true,false,,,,,'10714235,,,,,,,,,,,,,,,,,,,,,,,,,,,,,,,,,,,,,,,,,,,,,,,https://cdn.shopify.com/s/files/1/0618/2368/0740/files/27_41e92c26-7cf2-4273-8b0b-d19d91d1a47b.png?v=1776756720,kg,,,,,,
be-good-printed-kids-hoodie-set,,,,,,,,,7 - 8 Years,,,yellow-1,,,,,'10714236,500.0,shopify,200,continue,manual,1399.00,0.00,true,false,,,,,'10714236,,,,,,,,,,,,,,,,,,,,,,,,,,,,,,,,,,,,,,,,,,,,,,,https://cdn.shopify.com/s/files/1/0618/2368/0740/files/22_69a0fb08-b63b-4c37-bc37-b3d5cbb9d10f.png?v=1776756720,kg,,,,,,
be-good-printed-kids-hoodie-set,,,,,,,,,7 - 8 Years,,,red,,,,,'10714238,500.0,shopify,200,continue,manual,1399.00,0.00,true,false,,,,,'10714238,,,,,,,,,,,,,,,,,,,,,,,,,,,,,,,,,,,,,,,,,,,,,,,https://cdn.shopify.com/s/files/1/0618/2368/0740/files/23_fac2cca8-29a7-4404-897b-869631f253e0.png?v=1776756720,kg,,,,,,
